1,0,112,0,1000,1000,0,0,0,0,0,0,0,0,0,0,-70,1,0,0,0,0,0,0,0,0,0,0,0
2,0,113,0,1000,1000,0,0,0,0,0,0,0,0,0,0,-70,1,0,0,0,0,0,0,0,0,0,0,0
3,0,114,0,1000,1000,0,0,0,0,0,0,0,0,0,0,-70,1,0,0,0,0,0,0,0,0,0,0,0
4,0,115,0,1000,1000,0,0,0,0,0,0,0,0,0,0,-70,1,0,0,0,0,0,0,0,0,0,0,0
5,0,116,0,1000,1000,0,0,0,0,0,0,0,0,0,0,-70,1,0,0,0,0,0,0,0,0,0,0,0
6,0,117,0,1000,1000,0,0,0,0,0,0,0,0,0,0,-70,1,0,0,0,0,0,0,0,0,0,0,0
7,0,118,0,1000,1000,0,0,0,0,0,0,0,0,0,0,-70,1,0,0,0,0,0,0,0,0,0,0,0
8,0,119,0,1000,1000,0,0,0,0,0,0,0,0,0,0,-70,1,0,0,0,0,0,0,0,0,0,0,0
9,0,120,0,1000,1000,0,0,0,0,0,0,0,0,0,0,-70,1,0,0,0,0,0,0,0,0,0,0,0
10,0,1,3000,500,1000,0,0,0,0,0,0,0,0,0,0,-25,1,0,0,0,0,0,0,0,0,0,0,1000
11,0,2,3000,500,1000,0,0,0,0,0,0,0,0,0,0,-25,1,0,0,0,0,0,0,0,0,0,0,1000
12,0,3,3000,500,1000,0,0,0,0,0,0,0,0,0,0,-25,1,0,0,0,0,0,0,0,0,0,0,1000
13,0,4,3000,500,1000,0,0,0,0,0,0,0,0,0,0,-25,1,0,0,0,0,0,0,0,0,0,0,1000
14,0,5,3000,500,1000,0,0,0,0,0,0,0,0,0,0,-25,1,0,0,0,0,0,0,0,0,0,0,1000
15,0,6,3000,500,1000,0,0,0,0,0,0,0,0,0,0,-25,1,0,0,0,0,0,0,0,0,0,0,1000
16,0,7,3000,500,1000,0,0,0,0,0,0,0,0,0,0,-25,1,0,0,0,0,0,0,0,0,0,0,1000
17,0,8,3000,500,1000,0,0,0,0,0,0,0,0,0,0,-25,1,0,0,0,0,0,0,0,0,0,0,1000
18,0,9,3000,500,1000,0,0,0,0,0,0,0,0,0,0,-25,1,0,0,0,0,0,0,0,0,0,0,1000
19,10,1,3000,500,1000,0,0,0,0,0,0,0,0,0,0,-25,1,0,0,0,0,0,0,0,0,0,0,1000
20,10,2,3000,500,1000,0,0,0,0,0,0,0,0,0,0,-25,1,0,0,0,0,0,0,0,0,0,0,1000
21,10,3,3000,500,1000,0,0,0,0,0,0,0,0,0,0,-25,1,0,0,0,0,0,0,0,0,0,0,1000
22,10,4,3000,500,1000,0,0,0,0,0,0,0,0,0,0,-25,1,0,0,0,0,0,0,0,0,0,0,1000
23,10,5,3000,500,1000,0,0,0,0,0,0,0,0,0,0,-25,1,0,0,0,0,0,0,0,0,0,0,1000
24,10,6,3000,500,1000,0,0,0,0,0,0,0,0,0,0,-25,1,0,0,0,0,0,0,0,0,0,0,1000
25,1000,1,3000,500,1000,0,0,0,0,0,0,0,0,0,0,-25,1,0,0,0,0,0,0,0,0,0,0,1000
26,1000,2,3000,500,1000,0,0,0,0,0,0,0,0,0,0,-25,1,0,0,0,0,0,0,0,0,0,0,1000
27,1000,3,3000,500,1000,0,0,0,0,0,0,0,0,0,0,-25,1,0,0,0,0,0,0,0,0,0,0,1000
28,1000,4,3000,500,1000,0,0,0,0,0,0,0,0,0,0,-25,1,0,0,0,0,0,0,0,0,0,0,1000
29,1000,5,3000,500,1000,0,0,0,0,0,0,0,0,0,0,-25,1,0,0,0,0,0,0,0,0,0,0,1000
30,1000,6,3000,500,1000,0,0,0,0,0,0,0,0,0,0,-25,1,0,0,0,0,0,0,0,0,0,0,1000
31,1000,7,3000,500,1000,0,0,0,0,0,0,0,0,0,0,-25,1,0,0,0,0,0,0,0,0,0,0,1000
32,1000,8,3000,500,1000,0,0,0,0,0,0,0,0,0,0,-25,1,0,0,0,0,0,0,0,0,0,0,1000
33,1000,9,3000,500,1000,0,0,0,1,0,0,0,0,0,0,-25,1,0,0,0,0,0,0,0,0,0,0,1000
34,1000,10,3000,500,948,0,0,0,1,0,0,0,5.199999809265137,-58.720001220703125,0,-25,1,0,0,0,0,0,0,0,0,0,0,2018
35,1000,11,3000,500,948,0,0,0,1,0,0,0,0,-58.720001220703125,0,-25,1,0,0,0,0,0,0,0,0,0,0,2018
36,1000,12,3000,500,948,0,0,0,1,0,0,0,0,-58.720001220703125,0,-25,1,0,0,0,0,0,0,0,0,0,0,2018
37,1000,13,3000,500,948,0,0,0,1,0,0,0,0,-58.720001220703125,0,-25,1,0,0,0,0,0,0,0,0,0,0,2018
38,1000,14,3000,500,948,0,0,0,1,0,0,0,0,-58.720001220703125,0,-25,1,0,0,0,0,0,0,0,0,0,0,2018
39,1000,15,3000,500,948,0,0,0,1,0,0,0,0,-58.720001220703125,0,-25,1,0,0,0,0,0,0,0,0,0,0,2018
40,1000,16,3000,500,948,0,0,0,1,0,0,0,0,-58.720001220703125,0,-25,1,0,0,0,0,0,0,0,0,0,0,2018
41,1000,17,3000,500,948,0,0,0,1,0,0,0,0,-58.720001220703125,0,-25,1,0,0,0,0,0,0,0,0,0,0,2018
42,1000,18,3000,500,948,0,0,0,1,0,0,0,0,-58.720001220703125,0,-25,1,0,0,0,0,0,0,0,0,0,0,2018
43,1000,19,3000,500,948,0,0,0,1,0,0,0,0,-58.720001220703125,0,-25,1,0,0,0,0,0,0,0,0,0,0,2018
44,1000,20,3000,500,948,0,0,0,1,0,0,0,0,-58.720001220703125,0,-25,1,0,0,0,0,0,0,0,0,0,0,2018
45,1000,21,3000,500,948,0,0,0,1,0,0,0,0,-58.720001220703125,0,-25,1,0,0,0,0,0,0,0,0,0,0,2018
46,1000,22,3000,500,948,0,0,0,0,0,0,0,0,-58.720001220703125,0,-25,1,0,0,0,0,0,0,0,0,0,0,2018
47,1000,23,3000,500,948,0,0,0,0,0,0,0,0,0,0,-25,1,0,0,0,0,0,0,0,0,0,0,2018
48,1000,24,3000,500,948,0,0,0,0,0,0,0,0,0,0,-25,1,0,0,0,0,0,0,0,0,0,0,2018
49,1000,25,3000,500,948,0,0,0,0,0,0,0,0,0,0,-25,1,0,0,0,0,0,0,0,0,0,0,2018
50,1000,26,3000,500,948,0,0,0,0,0,0,0,0,0,0,-25,1,0,0,0,0,0,0,0,0,0,0,2018
51,1000,27,3000,500,948,0,0,0,0,0,0,0,0,0,0,-25,1,0,0,0,0,0,0,0,0,0,0,2018
52,1000,28,3000,500,948,0,0,0,0,0,0,0,0,0,0,-25,1,0,0,0,0,0,0,0,0,0,0,2018
53,1000,29,3000,500,948,0,0,0,0,0,0,0,0,0,0,-25,1,0,0,0,0,0,0,0,0,0,0,2018
54,1000,30,3000,500,948,0,0,0,0,0,0,0,0,0,0,-25,1,0,0,0,0,0,0,0,0,0,0,2018
55,0,1,3000,500,948,0,0,0,0,0,0,0,0,0,0,-25,1,0,0,0,0,0,0,0,0,0,0,2018
56,0,2,3000,500,948,0,0,0,0,0,0,0,0,0,0,-25,1,0,0,0,0,0,0,0,0,0,0,2018
57,0,3,3000,500,948,0,0,0,0,0,0,0,0,0,0,-25,1,0,0,0,0,0,0,0,0,0,0,2018
58,0,4,3000,500,948,0,0,0,0,0,0,0,0,0,0,-25,1,0,0,0,0,0,0,0,0,0,0,2018
59,0,5,3000,500,948,0,0,0,0,0,0,0,0,0,0,-25,1,0,0,0,0,0,0,0,0,0,0,2018
60,0,6,3000,500,948,0,0,0,0,0,0,0,0,0,0,-25,1,0,0,0,0,0,0,0,0,0,0,2018
61,0,7,3000,500,948,0,0,0,0,0,0,0,0,0,0,-25,1,0,0,0,0,0,0,0,0,0,0,2018
62,0,8,3000,500,948,0,0,0,0,0,0,0,0,0,0,-25,1,0,0,0,0,0,0,0,0,0,0,2018
63,0,9,3000,500,948,0,0,0,0,0,0,0,0,0,0,-25,1,0,0,0,0,0,0,0,0,0,0,2018
64,0,10,3000,500,948,0,0,0,0,0,0,0,0,0,0,-25,1,0,0,0,0,0,0,0,0,0,0,2018
65,0,11,3000,500,948,0,0,0,0,0,0,0,0,0,0,-25,1,0,0,0,0,0,0,0,0,0,0,2018
66,0,12,3000,500,948,0,0,0,0,0,0,0,0,0,0,-25,1,0,0,0,0,0,0,0,0,0,0,2018
67,0,13,3000,500,948,0,0,0,0,0,0,0,0,0,0,-25,1,0,0,0,0,0,0,0,0,0,0,2018
68,0,14,3000,500,948,0,0,0,0,0,0,0,0,0,0,-25,1,0,0,0,0,0,0,0,0,0,0,2018
69,0,15,3000,500,948,0,0,0,0,0,0,0,0,0,0,-25,1,0,0,0,0,0,0,0,0,0,0,2018
70,0,16,3000,500,948,0,0,0,0,0,0,0,0,0,0,-25,1,0,0,0,0,0,0,0,0,0,0,2018
71,0,17,3000,500,948,0,0,0,0,0,0,0,0,0,0,-25,1,0,0,0,0,0,0,0,0,0,0,2018
72,0,18,3000,500,948,0,0,0,0,0,0,0,0,0,0,-25,1,0,0,0,0,0,0,0,0,0,0,2018
73,0,19,3000,500,948,0,0,0,0,0,0,0,0,0,0,-25,1,0,0,0,0,0,0,0,0,0,0,2018
74,0,20,3000,500,948,0,0,0,0,0,0,0,0,0,0,-25,1,0,0,0,0,0,0,0,0,0,0,2018
75,0,21,3000,500,948,0,0,0,0,0,0,0,0,0,0,-25,1,0,0,0,0,0,0,0,0,0,0,2018
76,0,22,3000,500,948,0,0,0,0,0,0,0,0,0,0,-25,1,0,0,0,0,0,0,0,0,0,0,2018
77,0,23,3000,500,948,0,0,0,0,0,0,0,0,0,0,-25,1,0,0,0,0,0,0,0,0,0,0,2018
78,0,24,3000,500,948,0,0,0,0,0,0,0,0,0,0,-25,1,0,0,0,0,0,0,0,0,0,0,2018
79,0,25,3000,500,948,0,0,0,0,0,0,0,0,0,0,-25,1,0,0,0,0,0,0,0,0,0,0,2018
80,0,26,3000,500,948,0,0,0,0,0,0,0,0,0,0,-25,1,0,0,0,0,0,0,0,0,0,0,2018
81,0,27,3000,500,948,0,0,0,0,0,0,0,0,0,0,-25,1,0,0,0,0,0,0,0,0,0,0,2018
82,0,28,3000,500,948,0,0,0,0,0,0,0,0,0,0,-25,1,0,0,0,0,0,0,0,0,0,0,2018
83,0,29,3000,500,948,0,0,0,0,0,0,0,0,0,0,-25,1,0,0,0,0,0,0,0,0,0,0,2018
84,0,30,3000,500,948,0,0,0,0,0,0,0,0,0,0,-25,1,0,0,0,0,0,0,0,0,0,0,2018
85,0,31,3000,500,948,0,0,0,0,0,0,0,0,0,0,-25,1,0,0,0,0,0,0,0,0,0,0,2018
86,0,32,3000,500,948,0,0,0,0,0,0,0,0,0,0,-25,1,0,0,0,0,0,0,0,0,0,0,2018
87,0,33,3000,500,948,0,0,0,0,0,0,0,0,0,0,-25,1,0,0,0,0,0,0,0,0,0,0,2018
88,0,34,3000,500,948,0,0,0,0,0,0,0,0,0,0,-25,1,0,0,0,0,0,0,0,0,0,0,2018
89,0,35,3000,500,948,0,0,0,0,0,0,0,0,0,0,-25,1,0,0,0,0,0,0,0,0,0,0,2018
90,0,36,3000,500,948,0,0,0,0,0,0,0,0,0,0,-25,1,0,0,0,0,0,0,0,0,0,0,2018
91,0,37,3000,500,948,0,0,0,0,0,0,0,0,0,0,-25,1,0,0,0,0,0,0,0,0,0,0,2018
92,0,38,3000,500,948,0,0,0,0,0,0,0,0,0,0,-25,1,0,0,0,0,0,0,0,0,0,0,2018
93,0,39,3000,500,948,0,0,0,0,0,0,0,0,0,0,-25,1,0,0,0,0,0,0,0,0,0,0,2018
94,0,40,3000,500,948,0,0,0,0,0,0,0,0,0,0,-25,1,0,0,0,0,0,0,0,0,0,0,2018
95,0,41,3000,500,948,0,0,0,0,0,0,0,0,0,0,-25,1,0,0,0,0,0,0,0,0,0,0,2018
96,0,42,3000,500,948,0,0,0,0,0,0,0,0,0,0,-25,1,0,0,0,0,0,0,0,0,0,0,2018
97,0,43,3000,500,948,0,0,0,0,0,0,0,0,0,0,-25,1,0,0,0,0,0,0,0,0,0,0,2018
98,0,44,3000,500,948,0,0,0,0,0,0,0,0,0,0,-25,1,0,0,0,0,0,0,0,0,0,0,2018
99,0,45,3000,500,948,0,0,0,0,0,0,0,0,0,0,-25,1,0,0,0,0,0,0,0,0,0,0,2018
100,0,46,3000,500,948,0,0,0,0,0,0,0,0,0,0,-25,1,0,0,0,0,0,0,0,0,0,0,2018
101,0,47,3000,500,948,0,0,0,0,0,0,0,0,0,0,-25,1,0,0,0,0,0,0,0,0,0,0,2018
102,0,48,3000,500,948,0,0,0,0,0,0,0,0,0,0,-25,1,0,0,0,0,0,0,0,0,0,0,2018
103,0,49,3000,500,948,0,0,0,0,0,0,0,0,0,0,-25,1,0,0,0,0,0,0,0,0,0,0,2018
104,0,50,3000,500,948,0,0,0,0,0,0,0,0,0,0,-25,1,0,0,0,0,0,0,0,0,0,0,2018
105,0,51,3000,500,948,0,0,0,0,0,0,0,0,0,0,-25,1,0,0,0,0,0,0,0,0,0,0,2018
106,0,52,3000,500,948,0,0,0,0,0,0,0,0,0,0,-25,1,0,0,0,0,0,0,0,0,0,0,2018
107,0,53,3000,500,948,0,0,0,0,0,0,0,0,0,0,-25,1,0,0,0,0,0,0,0,0,0,0,2018
108,0,54,3000,500,948,0,0,0,0,0,0,0,0,0,0,-25,1,0,0,0,0,0,0,0,0,0,0,2018
109,0,55,3000,500,948,0,0,0,0,0,0,0,0,0,0,-25,1,0,0,0,0,0,0,0,0,0,0,2018
110,0,56,3000,500,948,0,0,0,0,0,0,0,0,0,0,-25,1,0,0,0,0,0,0,0,0,0,0,2018
111,0,57,3000,500,948,0,0,0,0,0,0,0,0,0,0,-25,1,0,0,0,0,0,0,0,0,0,0,2018
112,0,58,3000,500,948,0,0,0,0,0,0,0,0,0,0,-25,1,0,0,0,0,0,0,0,0,0,0,2018
113,0,59,3000,500,948,0,0,0,0,0,0,0,0,0,0,-25,1,0,0,0,0,0,0,0,0,0,0,2018
114,0,60,3000,500,948,0,0,0,0,0,0,0,0,0,0,-25,1,0,0,0,0,0,0,0,0,0,0,2018
115,0,61,3000,500,948,0,0,0,0,0,0,0,0,0,0,-25,1,0,0,0,0,0,0,0,0,0,0,2018
116,0,62,3000,500,948,0,0,0,0,0,0,0,0,0,0,-25,1,0,0,0,0,0,0,0,0,0,0,2018
117,0,63,3000,500,948,0,0,0,0,0,0,0,0,0,0,-25,1,0,0,0,0,0,0,0,0,0,0,2018
118,0,64,3000,500,948,0,0,0,0,0,0,0,0,0,0,-25,1,0,0,0,0,0,0,0,0,0,0,2018
119,0,65,3000,500,948,0,0,0,0,0,0,0,0,0,0,-25,1,0,0,0,0,0,0,0,0,0,0,2018
120,0,66,3000,500,948,0,0,0,0,0,0,0,0,0,0,-25,1,0,0,0,0,0,0,0,0,0,0,2018
121,0,67,3000,500,948,0,0,0,0,0,0,0,0,0,0,-25,1,0,0,0,0,0,0,0,0,0,0,2018
122,0,68,3000,500,948,0,0,0,0,0,0,0,0,0,0,-25,1,0,0,0,0,0,0,0,0,0,0,2018
123,0,69,3000,500,948,0,0,0,0,0,0,0,0,0,0,-25,1,0,0,0,0,0,0,0,0,0,0,2018
124,0,70,3000,500,948,0,0,0,0,0,0,0,0,0,0,-25,1,0,0,0,0,0,0,0,0,0,0,2018
125,0,71,3000,500,948,0,0,0,0,0,0,0,0,0,0,-25,1,0,0,0,0,0,0,0,0,0,0,2018
126,0,72,3000,500,948,0,0,0,0,0,0,0,0,0,0,-25,1,0,0,0,0,0,0,0,0,0,0,2018
127,0,73,3000,500,948,0,0,0,0,0,0,0,0,0,0,-25,1,0,0,0,0,0,0,0,0,0,0,2018
128,0,74,3000,500,948,0,0,0,0,0,0,0,0,0,0,-25,1,0,0,0,0,0,0,0,0,0,0,2018
129,0,75,3000,500,948,0,0,0,0,0,0,0,0,0,0,-25,1,0,0,0,0,0,0,0,0,0,0,2018
130,0,76,3000,500,948,0,0,0,0,0,0,0,0,0,0,-25,1,0,0,0,0,0,0,0,0,0,0,2018
131,0,77,3000,500,948,0,0,0,0,0,0,0,0,0,0,-25,1,0,0,0,0,0,0,0,0,0,0,2018
132,0,78,3000,500,948,0,0,0,0,0,0,0,0,0,0,-25,1,0,0,0,0,0,0,0,0,0,0,2018
133,0,79,3000,500,948,0,0,0,0,0,0,0,0,0,0,-25,1,0,0,0,0,0,0,0,0,0,0,2018
134,0,80,3000,500,948,0,0,0,0,0,0,0,0,0,0,-25,1,0,0,0,0,0,0,0,0,0,0,2018
135,0,81,3000,500,948,0,0,0,0,0,0,0,0,0,0,-25,1,0,0,0,0,0,0,0,0,0,0,2018
136,0,82,3000,500,948,0,0,0,0,0,0,0,0,0,0,-25,1,0,0,0,0,0,0,0,0,0,0,2018
137,0,83,3000,500,948,0,0,0,0,0,0,0,0,0,0,-25,1,0,0,0,0,0,0,0,0,0,0,2018
138,0,84,3000,500,948,0,0,0,0,0,0,0,0,0,0,-25,1,0,0,0,0,0,0,0,0,0,0,2018
139,0,85,3000,500,948,0,0,0,0,0,0,0,0,0,0,-25,1,0,0,0,0,0,0,0,0,0,0,2018
140,0,86,3000,500,948,0,0,0,0,0,0,0,0,0,0,-25,1,0,0,0,0,0,0,0,0,0,0,2018
141,0,87,3000,500,948,0,0,0,0,0,0,0,0,0,0,-25,1,0,0,0,0,0,0,0,0,0,0,2018
142,0,88,3000,500,948,0,0,0,0,0,0,0,0,0,0,-25,1,0,0,0,0,0,0,0,0,0,0,2018
143,0,89,3000,500,948,0,0,0,0,0,0,0,0,0,0,-25,1,0,0,0,0,0,0,0,0,0,0,2018
144,0,90,3000,500,948,0,0,0,0,0,0,0,0,0,0,-25,1,0,0,0,0,0,0,0,0,0,0,2018
145,0,91,3000,500,948,0,0,0,0,0,0,0,0,0,0,-25,1,0,0,0,0,0,0,0,0,0,0,2018
146,0,92,3000,500,948,0,0,0,0,0,0,0,0,0,0,-25,1,0,0,0,0,0,0,0,0,0,0,2018
147,0,93,3000,500,948,0,0,0,0,0,0,0,0,0,0,-25,1,0,0,0,0,0,0,0,0,0,0,2018
148,0,94,3000,500,948,0,0,0,0,0,0,0,0,0,0,-25,1,0,0,0,0,0,0,0,0,0,0,2018
149,0,95,3000,500,948,0,0,0,0,0,0,0,0,0,0,-25,1,0,0,0,0,0,0,0,0,0,0,2018
150,0,96,3000,500,948,0,0,0,0,0,0,0,0,0,0,-25,1,0,0,0,0,0,0,0,0,0,0,2018
151,0,97,3000,500,948,0,0,0,0,0,0,0,0,0,0,-25,1,0,0,0,0,0,0,0,0,0,0,2018
152,0,98,3000,500,948,0,0,0,0,0,0,0,0,0,0,-25,1,0,0,0,0,0,0,0,0,0,0,2018
153,0,99,3000,500,948,0,0,0,0,0,0,0,0,0,0,-25,1,0,0,0,0,0,0,0,0,0,0,2018
154,0,100,3000,500,948,0,0,0,0,0,0,0,0,0,0,-25,1,0,0,0,0,0,0,0,0,0,0,2018
155,0,101,3000,500,948,0,0,0,0,0,0,0,0,0,0,-25,1,0,0,0,0,0,0,0,0,0,0,2018
156,0,102,3000,500,948,0,0,0,0,0,0,0,0,0,0,-25,1,0,0,0,0,0,0,0,0,0,0,2018
157,0,103,3000,500,948,0,0,0,0,0,0,0,0,0,0,-25,1,0,0,0,0,0,0,0,0,0,0,2018
158,0,104,3000,500,948,0,0,0,0,0,0,0,0,0,0,-25,1,0,0,0,0,0,0,0,0,0,0,2018
159,0,105,3000,500,948,0,0,0,0,0,0,0,0,0,0,-25,1,0,0,0,0,0,0,0,0,0,0,2018
160,0,106,3000,500,948,0,0,0,0,0,0,0,0,0,0,-25,1,0,0,0,0,0,0,0,0,0,0,2018
161,0,107,3000,500,948,0,0,0,0,0,0,0,0,0,0,-25,1,0,0,0,0,0,0,0,0,0,0,2018
162,0,108,3000,500,948,0,0,0,0,0,0,0,0,0,0,-25,1,0,0,0,0,0,0,0,0,0,0,2018
163,0,109,3000,500,948,0,0,0,0,0,0,0,0,0,0,-25,1,0,0,0,0,0,0,0,0,0,0,2018
164,0,110,3000,500,948,0,0,0,0,0,0,0,0,0,0,-25,1,0,0,0,0,0,0,0,0,0,0,2018
165,0,111,3000,500,948,0,0,0,0,0,0,0,0,0,0,-25,1,0,0,0,0,0,0,0,0,0,0,2018
166,0,112,3000,500,948,0,0,0,0,0,0,0,0,0,0,-25,1,0,0,0,0,0,0,0,0,0,0,2018
167,0,113,3000,500,948,0,0,0,0,0,0,0,0,0,0,-25,1,0,0,0,0,0,0,0,0,0,0,2018
168,0,114,3000,500,948,0,0,0,0,0,0,0,0,0,0,-25,1,0,0,0,0,0,0,0,0,0,0,2018
169,0,115,3000,500,948,0,0,0,0,0,0,0,0,0,0,-25,1,0,0,0,0,0,0,0,0,0,0,2018
170,0,116,3000,500,948,0,0,0,0,0,0,0,0,0,0,-25,1,0,0,0,0,0,0,0,0,0,0,2018
171,0,117,3000,500,948,0,0,0,0,0,0,0,0,0,0,-25,1,0,0,0,0,0,0,0,0,0,0,2018
172,0,118,3000,500,948,0,0,0,0,0,0,0,0,0,0,-25,1,0,0,0,0,0,0,0,0,0,0,2018
173,0,119,3000,500,948,0,0,0,0,0,0,0,0,0,0,-25,1,0,0,0,0,0,0,0,0,0,0,2018
174,0,120,3000,500,948,0,0,0,0,0,0,0,0,0,0,-25,1,0,0,0,0,0,0,0,0,0,0,2018
175,0,121,3000,500,948,0,0,0,0,0,0,0,0,0,0,-25,1,0,0,0,0,0,0,0,0,0,0,2018
176,0,122,3000,500,948,0,0,0,0,0,0,0,0,0,0,-25,1,0,0,0,0,0,0,0,0,0,0,2018
177,0,123,3000,500,948,0,0,0,0,0,0,0,0,0,0,-25,1,0,0,0,0,0,0,0,0,0,0,2018
178,0,124,3000,500,948,0,0,0,0,0,0,0,0,0,0,-25,1,0,0,0,0,0,0,0,0,0,0,2018
179,0,125,3000,500,948,0,0,0,0,0,0,0,0,0,0,-25,1,0,0,0,0,0,0,0,0,0,0,2018
180,0,126,3000,500,948,0,0,0,0,0,0,0,0,0,0,-25,1,0,0,0,0,0,0,0,0,0,0,2018
181,0,127,3000,500,948,0,0,0,0,0,0,0,0,0,0,-25,1,0,0,0,0,0,0,0,0,0,0,2018
182,0,128,3000,500,948,0,0,0,0,0,0,0,0,0,0,-25,1,0,0,0,0,0,0,0,0,0,0,2018
183,0,129,3000,500,948,0,0,0,0,0,0,0,0,0,0,-25,1,0,0,0,0,0,0,0,0,0,0,2018
184,0,130,3000,500,948,0,0,0,0,0,0,0,0,0,0,-25,1,0,0,0,0,0,0,0,0,0,0,2018
185,0,131,3000,500,948,0,0,0,0,0,0,0,0,0,0,-25,1,0,0,0,0,0,0,0,0,0,0,2018
186,0,132,3000,500,948,0,0,0,0,0,0,0,0,0,0,-25,1,0,0,0,0,0,0,0,0,0,0,2018
187,0,133,3000,500,948,0,0,0,0,0,0,0,0,0,0,-25,1,0,0,0,0,0,0,0,0,0,0,2018
188,0,134,3000,500,948,0,0,0,0,0,0,0,0,0,0,-25,1,0,0,0,0,0,0,0,0,0,0,2018
189,0,135,3000,500,948,0,0,0,0,0,0,0,0,0,0,-25,1,0,0,0,0,0,0,0,0,0,0,2018
190,0,136,3000,500,948,0,0,0,0,0,0,0,0,0,0,-25,1,0,0,0,0,0,0,0,0,0,0,2018
191,0,137,3000,500,948,0,0,0,0,0,0,0,0,0,0,-25,1,0,0,0,0,0,0,0,0,0,0,2018
192,0,138,3000,500,948,0,0,0,0,0,0,0,0,0,0,-25,1,0,0,0,0,0,0,0,0,0,0,2018
193,0,139,3000,500,948,0,0,0,0,0,0,0,0,0,0,-25,1,0,0,0,0,0,0,0,0,0,0,2018
194,0,140,3000,500,948,0,0,0,0,0,0,0,0,0,0,-25,1,0,0,0,0,0,0,0,0,0,0,2018
195,0,141,3000,500,948,0,0,0,0,0,0,0,0,0,0,-25,1,0,0,0,0,0,0,0,0,0,0,2018
196,0,142,3000,500,948,0,0,0,0,0,0,0,0,0,0,-25,1,0,0,0,0,0,0,0,0,0,0,2018
197,0,143,3000,500,948,0,0,0,0,0,0,0,0,0,0,-25,1,0,0,0,0,0,0,0,0,0,0,2018
198,0,144,3000,500,948,0,0,0,0,0,0,0,0,0,0,-25,1,0,0,0,0,0,0,0,0,0,0,2018
199,0,145,3000,500,948,0,0,0,0,0,0,0,0,0,0,-25,1,0,0,0,0,0,0,0,0,0,0,2018
200,0,146,3000,500,948,0,0,0,0,0,0,0,0,0,0,-25,1,0,0,0,0,0,0,0,0,0,0,2018
201,0,147,3000,500,948,0,0,0,0,0,0,0,0,0,0,-25,1,0,0,0,0,0,0,0,0,0,0,2018
202,0,148,3000,500,948,0,0,0,0,0,0,0,0,0,0,-25,1,0,0,0,0,0,0,0,0,0,0,2018
203,0,149,3000,500,948,0,0,0,0,0,0,0,0,0,0,-25,1,0,0,0,0,0,0,0,0,0,0,2018
204,0,150,3000,500,948,0,0,0,0,0,0,0,0,0,0,-25,1,0,0,0,0,0,0,0,0,0,0,2018
205,0,151,3000,500,948,0,0,0,0,0,0,0,0,0,0,-25,1,0,0,0,0,0,0,0,0,0,0,2018
206,0,152,3000,500,948,0,0,0,0,0,0,0,0,0,0,-25,1,0,0,0,0,0,0,0,0,0,0,2018
207,0,153,3000,500,948,0,0,0,0,0,0,0,0,0,0,-25,1,0,0,0,0,0,0,0,0,0,0,2018
208,0,154,3000,500,948,0,0,0,0,0,0,0,0,0,0,-25,1,0,0,0,0,0,0,0,0,0,0,2018
209,0,155,3000,500,948,0,0,0,0,0,0,0,0,0,0,-25,1,0,0,0,0,0,0,0,0,0,0,2018
210,0,156,3000,500,948,0,0,0,0,0,0,0,0,0,0,-25,1,0,0,0,0,0,0,0,0,0,0,2018
211,0,157,3000,500,948,0,0,0,0,0,0,0,0,0,0,-25,1,0,0,0,0,0,0,0,0,0,0,2018
212,0,158,3000,500,948,0,0,0,0,0,0,0,0,0,0,-25,1,0,0,0,0,0,0,0,0,0,0,2018
213,0,159,3000,500,948,0,0,0,0,0,0,0,0,0,0,-25,1,0,0,0,0,0,0,0,0,0,0,2018
214,0,160,3000,500,948,0,0,0,0,0,0,0,0,0,0,-25,1,0,0,0,0,0,0,0,0,0,0,2018
215,0,161,3000,500,948,0,0,0,0,0,0,0,0,0,0,-25,1,0,0,0,0,0,0,0,0,0,0,2018
216,0,162,3000,500,948,0,0,0,0,0,0,0,0,0,0,-25,1,0,0,0,0,0,0,0,0,0,0,2018
217,0,163,3000,500,948,0,0,0,0,0,0,0,0,0,0,-25,1,0,0,0,0,0,0,0,0,0,0,2018
218,0,164,3000,500,948,0,0,0,0,0,0,0,0,0,0,-25,1,0,0,0,0,0,0,0,0,0,0,2018
219,0,165,3000,500,948,0,0,0,0,0,0,0,0,0,0,-25,1,0,0,0,0,0,0,0,0,0,0,2018
220,0,166,3000,500,948,0,0,0,0,0,0,0,0,0,0,-25,1,0,0,0,0,0,0,0,0,0,0,2018
221,0,167,3000,500,948,0,0,0,0,0,0,0,0,0,0,-25,1,0,0,0,0,0,0,0,0,0,0,2018
222,0,168,3000,500,948,0,0,0,0,0,0,0,0,0,0,-25,1,0,0,0,0,0,0,0,0,0,0,2018
223,0,169,3000,500,948,0,0,0,0,0,0,0,0,0,0,-25,1,0,0,0,0,0,0,0,0,0,0,2018
224,0,170,3000,500,948,0,0,0,0,0,0,0,0,0,0,-25,1,0,0,0,0,0,0,0,0,0,0,2018
225,0,171,3000,500,948,0,0,0,0,0,0,0,0,0,0,-25,1,0,0,0,0,0,0,0,0,0,0,2018
226,0,172,3000,500,948,0,0,0,0,0,0,0,0,0,0,-25,1,0,0,0,0,0,0,0,0,0,0,2018
227,0,173,3000,500,948,0,0,0,0,0,0,0,0,0,0,-25,1,0,0,0,0,0,0,0,0,0,0,2018
228,0,174,3000,500,948,0,0,0,0,0,0,0,0,0,0,-25,1,0,0,0,0,0,0,0,0,0,0,2018
229,0,175,3000,500,948,0,0,0,0,0,0,0,0,0,0,-25,1,0,0,0,0,0,0,0,0,0,0,2018
230,0,176,3000,500,948,0,0,0,0,0,0,0,0,0,0,-25,1,0,0,0,0,0,0,0,0,0,0,2018
231,0,177,3000,500,948,0,0,0,0,0,0,0,0,0,0,-25,1,0,0,0,0,0,0,0,0,0,0,2018
232,0,178,3000,500,948,0,0,0,0,0,0,0,0,0,0,-25,1,0,0,0,0,0,0,0,0,0,0,2018
233,0,179,3000,500,948,0,0,0,0,0,0,0,0,0,0,-25,1,0,0,0,0,0,0,0,0,0,0,2018
234,0,180,3000,500,948,0,0,0,0,0,0,0,0,0,0,-25,1,0,0,0,0,0,0,0,0,0,0,2018
235,0,181,3000,500,948,0,0,0,0,0,0,0,0,0,0,-25,1,0,0,0,0,0,0,0,0,0,0,2018
236,0,182,3000,500,948,0,0,0,0,0,0,0,0,0,0,-25,1,0,0,0,0,0,0,0,0,0,0,2018
237,0,183,3000,500,948,0,0,0,0,0,0,0,0,0,0,-25,1,0,0,0,0,0,0,0,0,0,0,2018
238,0,184,3000,500,948,0,0,0,0,0,0,0,0,0,0,-25,1,0,0,0,0,0,0,0,0,0,0,2018
239,0,185,3000,500,948,0,0,0,0,0,0,0,0,0,0,-25,1,0,0,0,0,0,0,0,0,0,0,2018
240,0,186,3000,500,948,0,0,0,0,0,0,0,0,0,0,-25,1,0,0,0,0,0,0,0,0,0,0,2018
241,0,187,3000,500,948,0,0,0,0,0,0,0,0,0,0,-25,1,0,0,0,0,0,0,0,0,0,0,2018
242,0,188,3000,500,948,0,0,0,0,0,0,0,0,0,0,-25,1,0,0,0,0,0,0,0,0,0,0,2018
243,0,189,3000,500,948,0,0,0,0,0,0,0,0,0,0,-25,1,0,0,0,0,0,0,0,0,0,0,2018
244,0,190,3000,500,948,0,0,0,0,0,0,0,0,0,0,-25,1,0,0,0,0,0,0,0,0,0,0,2018
245,0,191,3000,500,948,0,0,0,0,0,0,0,0,0,0,-25,1,0,0,0,0,0,0,0,0,0,0,2018
246,0,192,3000,500,948,0,0,0,0,0,0,0,0,0,0,-25,1,0,0,0,0,0,0,0,0,0,0,2018
247,0,193,3000,500,948,0,0,0,0,0,0,0,0,0,0,-25,1,0,0,0,0,0,0,0,0,0,0,2018
248,0,194,3000,500,948,0,0,0,0,0,0,0,0,0,0,-25,1,0,0,0,0,0,0,0,0,0,0,2018
249,0,195,3000,500,948,0,0,0,0,0,0,0,0,0,0,-25,1,0,0,0,0,0,0,0,0,0,0,2018
250,0,196,3000,500,948,0,0,0,0,0,0,0,0,0,0,-25,1,0,0,0,0,0,0,0,0,0,0,2018
251,0,197,3000,500,948,0,0,0,0,0,0,0,0,0,0,-25,1,0,0,0,0,0,0,0,0,0,0,2018
252,0,198,3000,500,948,0,0,0,0,0,0,0,0,0,0,-25,1,0,0,0,0,0,0,0,0,0,0,2018
253,0,199,3000,500,948,0,0,0,0,0,0,0,0,0,0,-25,1,0,0,0,0,0,0,0,0,0,0,2018
254,0,200,3000,500,948,0,0,0,0,0,0,0,0,0,0,-25,1,0,0,0,0,0,0,0,0,0,0,2018
255,0,201,3000,500,948,0,0,0,0,0,0,0,0,0,0,-25,1,0,0,0,0,0,0,0,0,0,0,2018
256,0,202,3000,500,948,0,0,0,0,0,0,0,0,0,0,-25,1,0,0,0,0,0,0,0,0,0,0,2018
257,0,203,3000,500,948,0,0,0,0,0,0,0,0,0,0,-25,1,0,0,0,0,0,0,0,0,0,0,2018
258,0,204,3000,500,948,0,0,0,0,0,0,0,0,0,0,-25,1,0,0,0,0,0,0,0,0,0,0,2018
259,0,205,3000,500,948,0,0,0,0,0,0,0,0,0,0,-25,1,0,0,0,0,0,0,0,0,0,0,2018
260,0,206,3000,500,948,0,0,0,0,0,0,0,0,0,0,-25,1,0,0,0,0,0,0,0,0,0,0,2018
261,0,207,3000,500,948,0,0,0,0,0,0,0,0,0,0,-25,1,0,0,0,0,0,0,0,0,0,0,2018
262,0,208,3000,500,948,0,0,0,0,0,0,0,0,0,0,-25,1,0,0,0,0,0,0,0,0,0,0,2018
263,0,209,3000,500,948,0,0,0,0,0,0,0,0,0,0,-25,1,0,0,0,0,0,0,0,0,0,0,2018
264,0,210,3000,500,948,0,0,0,0,0,0,0,0,0,0,-25,1,0,0,0,0,0,0,0,0,0,0,2018
265,0,211,3000,500,948,0,0,0,0,0,0,0,0,0,0,-25,1,0,0,0,0,0,0,0,0,0,0,2018
266,0,212,3000,500,948,0,0,0,0,0,0,0,0,0,0,-25,1,0,0,0,0,0,0,0,0,0,0,2018
267,0,213,3000,500,948,0,0,0,0,0,0,0,0,0,0,-25,1,0,0,0,0,0,0,0,0,0,0,2018
268,0,214,3000,500,948,0,0,0,0,0,0,0,0,0,0,-25,1,0,0,0,0,0,0,0,0,0,0,2018
269,0,215,3000,500,948,0,0,0,0,0,0,0,0,0,0,-25,1,0,0,0,0,0,0,0,0,0,0,2018
270,0,216,3000,500,948,0,0,0,0,0,0,0,0,0,0,-25,1,0,0,0,0,0,0,0,0,0,0,2018
271,0,217,3000,500,948,0,0,0,0,0,0,0,0,0,0,-25,1,0,0,0,0,0,0,0,0,0,0,2018
272,0,218,3000,500,948,0,0,0,0,0,0,0,0,0,0,-25,1,0,0,0,0,0,0,0,0,0,0,2018
273,0,219,3000,500,948,0,0,0,0,0,0,0,0,0,0,-25,1,0,0,0,0,0,0,0,0,0,0,2018
274,0,220,3000,500,948,0,0,0,0,0,0,0,0,0,0,-25,1,0,0,0,0,0,0,0,0,0,0,2018
275,0,221,3000,500,948,0,0,0,0,0,0,0,0,0,0,-25,1,0,0,0,0,0,0,0,0,0,0,2018
276,0,222,3000,500,948,0,0,0,0,0,0,0,0,0,0,-25,1,0,0,0,0,0,0,0,0,0,0,2018
277,0,223,3000,500,948,0,0,0,0,0,0,0,0,0,0,-25,1,0,0,0,0,0,0,0,0,0,0,2018
278,0,224,3000,500,948,0,0,0,0,0,0,0,0,0,0,-25,1,0,0,0,0,0,0,0,0,0,0,2018
279,0,225,3000,500,948,0,0,0,0,0,0,0,0,0,0,-25,1,0,0,0,0,0,0,0,0,0,0,2018
280,0,226,3000,500,948,0,0,0,0,0,0,0,0,0,0,-25,1,0,0,0,0,0,0,0,0,0,0,2018
281,0,227,3000,500,948,0,0,0,0,0,0,0,0,0,0,-25,1,0,0,0,0,0,0,0,0,0,0,2018
282,0,228,3000,500,948,0,0,0,0,0,0,0,0,0,0,-25,1,0,0,0,0,0,0,0,0,0,0,2018
283,0,229,3000,500,948,0,0,0,0,0,0,0,0,0,0,-25,1,0,0,0,0,0,0,0,0,0,0,2018
284,0,230,3000,500,948,0,0,0,0,0,0,0,0,0,0,-25,1,0,0,0,0,0,0,0,0,0,0,2018
285,0,231,3000,500,948,0,0,0,0,0,0,0,0,0,0,-25,1,0,0,0,0,0,0,0,0,0,0,2018
286,0,232,3000,500,948,0,0,0,0,0,0,0,0,0,0,-25,1,0,0,0,0,0,0,0,0,0,0,2018
287,0,233,3000,500,948,0,0,0,0,0,0,0,0,0,0,-25,1,0,0,0,0,0,0,0,0,0,0,2018
288,0,234,3000,500,948,0,0,0,0,0,0,0,0,0,0,-25,1,0,0,0,0,0,0,0,0,0,0,2018
289,0,235,3000,500,948,0,0,0,0,0,0,0,0,0,0,-25,1,0,0,0,0,0,0,0,0,0,0,2018
290,0,236,3000,500,948,0,0,0,0,0,0,0,0,0,0,-25,1,0,0,0,0,0,0,0,0,0,0,2018
291,0,237,3000,500,948,0,0,0,0,0,0,0,0,0,0,-25,1,0,0,0,0,0,0,0,0,0,0,2018
292,0,238,3000,500,948,0,0,0,0,0,0,0,0,0,0,-25,1,0,0,0,0,0,0,0,0,0,0,2018
293,0,239,3000,500,948,0,0,0,0,0,0,0,0,0,0,-25,1,0,0,0,0,0,0,0,0,0,0,2018
294,0,240,3000,500,948,0,0,0,0,0,0,0,0,0,0,-25,1,0,0,0,0,0,0,0,0,0,0,2018
295,0,241,3000,500,948,0,0,0,0,0,0,0,0,0,0,-25,1,0,0,0,0,0,0,0,0,0,0,2018
296,0,242,3000,500,948,0,0,0,0,0,0,0,0,0,0,-25,1,0,0,0,0,0,0,0,0,0,0,2018
297,0,243,3000,500,948,0,0,0,0,0,0,0,0,0,0,-25,1,0,0,0,0,0,0,0,0,0,0,2018
298,0,244,3000,500,948,0,0,0,0,0,0,0,0,0,0,-25,1,0,0,0,0,0,0,0,0,0,0,2018
299,0,245,3000,500,948,0,0,0,0,0,0,0,0,0,0,-25,1,0,0,0,0,0,0,0,0,0,0,2018
300,0,246,3000,500,948,0,0,0,0,0,0,0,0,0,0,-25,1,0,0,0,0,0,0,0,0,0,0,2018
301,0,247,3000,500,948,0,0,0,0,0,0,0,0,0,0,-25,1,0,0,0,0,0,0,0,0,0,0,2018
302,0,248,3000,500,948,0,0,0,0,0,0,0,0,0,0,-25,1,0,0,0,0,0,0,0,0,0,0,2018
303,0,249,3000,500,948,0,0,0,0,0,0,0,0,0,0,-25,1,0,0,0,0,0,0,0,0,0,0,2018
304,0,250,3000,500,948,0,0,0,0,0,0,0,0,0,0,-25,1,0,0,0,0,0,0,0,0,0,0,2018
305,0,251,3000,500,948,0,0,0,0,0,0,0,0,0,0,-25,1,0,0,0,0,0,0,0,0,0,0,2018
306,0,252,3000,500,948,0,0,0,0,0,0,0,0,0,0,-25,1,0,0,0,0,0,0,0,0,0,0,2018
307,0,253,3000,500,948,0,0,0,0,0,0,0,0,0,0,-25,1,0,0,0,0,0,0,0,0,0,0,2018
308,0,254,3000,500,948,0,0,0,0,0,0,0,0,0,0,-25,1,0,0,0,0,0,0,0,0,0,0,2018
309,0,255,3000,500,948,0,0,0,0,0,0,0,0,0,0,-25,1,0,0,0,0,0,0,0,0,0,0,2018
310,0,1,3000,500,1000,0,0,0,0,0,0,0,0,0,0,-25,1,0,0,0,0,0,0,0,0,0,0,1000
311,0,2,3000,500,1000,0,0,0,0,0,0,0,0,0,0,-25,1,0,0,0,0,0,0,0,0,0,0,1000
312,0,3,3000,500,1000,0,0,0,0,0,0,0,0,0,0,-25,1,0,0,0,0,0,0,0,0,0,0,1000
313,0,4,3000,500,1000,0,0,0,0,0,0,0,0,0,0,-25,1,0,0,0,0,0,0,0,0,0,0,1000
314,0,5,3000,500,1000,0,0,0,0,0,0,0,0,0,0,-25,1,0,0,0,0,0,0,0,0,0,0,1000
315,0,6,3000,500,1000,0,0,0,0,0,0,0,0,0,0,-25,1,0,0,0,0,0,0,0,0,0,0,1000
316,0,7,3000,500,1000,0,0,0,0,0,0,0,0,0,0,-25,1,0,0,0,0,0,0,0,0,0,0,1000
317,0,8,3000,500,1000,0,0,0,0,0,0,0,0,0,0,-25,1,0,0,0,0,0,0,0,0,0,0,1000
318,0,9,3000,500,1000,0,0,0,0,0,0,0,0,0,0,-25,1,0,0,0,0,0,0,0,0,0,0,1000
319,20,1,3000,500,1000,0,0,0,0,0,0,0,0,0,0,-23.25,1,0,0,0,0,0,0,0,0,0,0,1000
320,20,2,3000,500,1000,0,0,0,0,0,0,0,0,0,0,-21.5,1,0,0,0,0,0,0,0,0,0,0,1000
321,20,3,3000,500,1000,0,0,0,0,0,0,0,0,0,0,-19.75,1,0,0,0,0,0,0,0,0,0,0,1000
322,10,1,3000,500,1000,0,0,0,0,0,0,0,0,0,0,-19.75,1,0,0,0,0,0,0,0,0,0,0,1000
323,10,2,3000,500,1000,0,0,0,0,0,0,0,0,0,0,-19.75,1,0,0,0,0,0,0,0,0,0,0,1000
324,10,3,3000,500,1000,0,0,0,0,0,0,0,0,0,0,-19.75,1,0,0,0,0,0,0,0,0,0,0,1000
325,1010,1,3000,500,1000,0,0,0,0,0,0,0,0,0,0,-19.75,1,0,0,0,0,0,0,0,0,0,0,1000
326,1010,2,3000,500,1000,0,0,0,0,0,0,0,0,0,0,-19.75,1,0,0,0,0,0,0,0,0,0,0,1000
327,1010,3,3000,500,1000,0,0,0,0,0,0,0,0,0,0,-19.75,1,0,0,0,0,0,0,0,0,0,0,1000
328,1010,4,3000,500,1000,0,0,0,0,0,0,0,0,0,0,-17.25,1,0,0,0,0,0,0,0,0,-6,0,1000
329,1010,5,3000,500,1000,0,0,0,0,0,0,0,0,0,0,-14.75,1,0,0,0,0,0,0,0,0,-11.5,0,1000
330,1010,6,3000,500,1000,0,0,0,0,0,0,0,0,0,0,-12.25,1,0,0,0,0,0,0,0,0,-16.5,0,1000
331,1010,7,3000,500,1000,0,0,0,0,0,0,0,0,0,0,-9.75,1,0,0,0,0,0,0,0,0,-21,0,1000
332,1010,8,3000,500,1000,0,0,0,0,0,0,0,0,0,0,-7.25,1,0,0,0,0,0,0,0,0,-25,0,1000
333,1010,9,3000,500,1000,0,0,0,0,0,0,0,0,0,0,-4.75,1,0,0,0,0,0,0,0,0,-28.5,0,1000
334,1010,10,3000,500,1000,0,0,0,0,0,0,0,0,0,0,-2.25,1,0,0,0,0,0,0,0,0,-31.5,0,1000
335,1010,11,3000,500,1000,0,0,0,0,0,0,0,0,0,0,0.125,1,0,0,0,0,0,0,0,0,-34,0,1000
336,1010,11,4030,500,958,0,0,0,0,0,0,0,0,0,0,0.125,1,0,0,0,0,0,0,0,0,-34,0,2018
337,1010,11,4030,500,958,0,0,0,0,0,0,0,0,0,0,0.125,1,0,0,0,0,0,0,0,0,-34,0,2018
338,1010,11,4030,500,958,0,0,0,0,0,0,0,0,0,0,0.125,1,0,0,0,0,0,0,0,0,-34,0,2018
339,1010,11,4030,500,958,0,0,0,0,0,0,0,0,0,0,0.125,1,0,0,0,0,0,0,0,0,-34,0,2018
340,1010,11,4030,500,958,0,0,0,0,0,0,0,0,0,0,0.125,1,0,0,0,0,0,0,0,0,-34,0,2018
341,1010,11,4030,500,958,0,0,0,0,0,0,0,0,0,0,0.125,1,0,0,0,0,0,0,0,0,-34,0,2018
342,1010,12,4030,500,958,0,0,0,0,0,0,0,0,0,0,1.375,1,0,0,0,0,0,0,0,0,-36,0,2018
343,1010,13,4030,500,958,0,0,0,0,0,0,0,0,0,0,2.625,1,0,0,0,0,0,0,0,0,-37.5,0,2018
344,1010,14,4030,500,958,0,0,0,0,0,0,0,0,0,0,3.875,1,0,0,0,0,0,0,0,0,-38.5,0,2018
345,1010,15,4030,500,958,0,0,0,0,0,0,0,0,0,0,5.375,1,0,0,0,0,0,0,0,0,-39,0,2018
346,1010,16,4030,500,958,0,0,0,0,0,0,0,0,0,0,6.625,1,0,0,0,0,0,0,0,0,-39,0,2018
347,1010,17,4030,500,958,0,0,0,0,0,0,0,0,0,0,7.875,1,0,0,0,0,0,0,0,0,-38.5,0,2018
348,1010,18,4030,500,958,0,0,0,0,0,0,0,0,0,0,9.125,1,0,0,0,0,0,0,0,0,-37.5,0,2018
349,1010,19,4030,500,958,0,0,0,0,0,0,0,0,0,0,10.375,1,0,0,0,0,0,0,0,0,-36,0,2018
350,1010,20,4030,500,958,0,0,0,0,0,0,0,0,0,0,11.625,1,0,0,0,0,0,0,0,0,-34,0,2018
351,1010,21,4030,500,958,0,0,0,0,0,0,0,0,0,0,12.875,1,0,0,0,0,0,0,0,0,-31.5,0,2018
352,1010,22,4030,500,958,0,0,0,0,0,0,0,0,0,0,14.125,1,0,0,0,0,0,0,0,0,-28.5,0,2018
353,1010,23,4030,500,958,0,0,0,0,0,0,0,0,0,0,15.375,1,0,0,0,0,0,0,0,0,-25,0,2018
354,1010,24,4030,500,958,0,0,0,0,0,0,0,0,0,0,16.625,1,0,0,0,0,0,0,0,0,-21,0,2018
355,1010,25,4030,500,958,0,0,0,0,0,0,0,0,0,0,17.875,1,0,0,0,0,0,0,0,0,-16.5,0,2018
356,1010,26,4030,500,958,0,0,0,0,0,0,0,0,0,0,19.125,1,0,0,0,0,0,0,0,0,-11.5,0,2018
357,1010,27,4030,500,958,0,0,0,0,0,0,0,0,0,0,20.375,1,0,0,0,0,0,0,0,0,-6,0,2018
358,1010,28,4030,500,958,0,0,0,0,0,0,0,0,0,0,18.875,1,0,0,0,0,0,0,0,0,0,0,2018
359,1010,28,5000,500,893,0,0,0,0,0,0,0,0,0,0,18.875,1,0,0,0,0,0,0,0,0,0,0,3036
360,1010,28,5000,500,893,0,0,0,0,0,0,0,0,0,0,18.875,1,0,0,0,0,0,0,0,0,0,0,3036
361,1010,28,5000,500,893,0,0,0,0,0,0,0,0,0,0,18.875,1,0,0,0,0,0,0,0,0,0,0,3036
362,1010,28,5000,500,893,0,0,0,0,0,0,0,0,0,0,18.875,1,0,0,0,0,0,0,0,0,0,0,3036
363,1010,28,5000,500,893,0,0,0,0,0,0,0,0,0,0,18.875,1,0,0,0,0,0,0,0,0,0,0,3036
364,1010,28,5000,500,893,0,0,0,0,0,0,0,0,0,0,18.875,1,0,0,0,0,0,0,0,0,0,0,3036
365,1010,29,5000,500,893,0,0,0,0,0,0,0,0,0,0,18.875,1,0,0,0,0,0,0,0,0,0,0,3036
366,1010,30,5000,500,893,0,0,0,0,0,0,0,0,0,0,18.875,1,0,0,0,0,0,0,0,0,0,0,3036
367,1010,31,5000,500,893,0,0,0,0,0,0,0,0,0,0,18.875,1,0,0,0,0,0,0,0,0,0,0,3036
368,1010,32,5000,500,893,0,0,0,0,0,0,0,0,0,0,18.875,1,0,0,0,0,0,0,0,0,0,0,3036
369,1010,33,5000,500,893,0,0,0,0,0,0,0,0,0,0,18.875,1,0,0,0,0,0,0,0,0,0,0,3036
370,1010,34,5000,500,893,0,0,0,0,0,0,0,0,0,0,18.875,1,0,0,0,0,0,0,0,0,0,0,3036
371,1010,35,5000,500,893,0,0,0,0,0,0,0,0,0,0,18.875,1,0,0,0,0,0,0,0,0,0,0,3036
372,1010,36,5000,500,893,0,0,0,0,0,0,0,0,0,0,18.875,1,0,0,0,0,0,0,0,0,0,0,3036
373,1010,37,5000,500,893,0,0,0,0,0,0,0,0,0,0,18.875,1,0,0,0,0,0,0,0,0,0,0,3036
374,1010,38,5000,500,893,0,0,0,0,0,0,0,0,0,0,18.875,1,0,0,0,0,0,0,0,0,0,0,3036
375,1010,39,5000,500,893,0,0,0,0,0,0,0,0,0,0,18.875,1,0,0,0,0,0,0,0,0,0,0,3036
376,1010,40,5000,500,893,0,0,0,0,0,0,0,0,0,0,18.875,1,0,0,0,0,0,0,0,0,0,0,3036
377,1010,41,5000,500,893,0,0,0,0,0,0,0,0,0,0,18.875,1,0,0,0,0,0,0,0,0,0,0,3036
378,1010,42,5000,500,893,0,0,0,0,0,0,0,0,0,0,18.875,1,0,0,0,0,0,0,0,0,0,0,3036
379,1010,43,5000,500,893,0,0,0,0,0,0,0,0,0,0,18.875,1,0,0,0,0,0,0,0,0,0,0,3036
380,1010,44,5000,500,893,0,0,0,0,0,0,0,0,0,0,18.875,1,0,0,0,0,0,0,0,0,0,0,3036
381,0,1,5000,500,893,0,0,0,0,0,0,0,0,0,0,18.875,1,0,0,0,0,0,0,0,0,0,0,3036
382,0,2,5000,500,893,0,0,0,0,0,0,0,0,0,0,18.875,1,0,0,0,0,0,0,0,0,0,0,3036
383,0,3,5000,500,893,0,0,0,0,0,0,0,0,0,0,18.125,1,0,0,0,0,0,0,0,0,0,0,3036
384,0,4,5000,500,893,0,0,0,0,0,0,0,0,0,0,14.125,1,0,0,0,0.75,0,0,0,0,0,0,3036
385,0,5,5000,500,893,0,0,0,0,0,0,0,0,0,0,10.125,1,0,0,0,4.75,0,0,0,0,0,0,3036
386,0,6,5000,500,893,0,0,0,0,0,0,0,0,0,0,6.125,1,0,0,0,8.75,0,0,0,0,0,0,3036
387,0,7,5000,500,893,0,0,0,0,0,0,0,0,0,0,2.125,1,0,0,0,12.75,0,0,0,0,0,0,3036
388,0,8,5000,500,893,0,0,0,0,0,0,0,0,0,0,-1.875,1,0,0,0,16.75,0,0,0,0,0,0,3036
389,0,9,5000,500,893,0,0,0,0,0,0,0,0,0,0,-5.875,1,0,0,0,20.75,0,0,0,0,0,0,3036
390,0,10,5000,500,893,0,0,0,0,0,0,0,0,0,0,-9.875,1,0,0,0,24.75,0,0,0,0,0,0,3036
391,0,11,5000,500,893,0,0,0,0,0,0,0,0,0,0,-13.875,1,0,0,0,28.75,0,0,0,0,0,0,3036
392,0,12,5000,500,893,0,0,0,0,0,0,0,0,0,0,-17.875,1,0,0,0,32.75,0,0,0,0,0,0,3036
393,0,13,5000,500,893,0,0,0,0,0,0,0,0,0,0,-21.875,1,0,0,0,36.75,0,0,0,0,0,0,3036
394,0,14,5000,500,893,0,0,0,0,0,0,0,0,0,0,-25.875,1,0,0,0,40.75,0,0,0,0,0,0,3036
395,0,15,5000,500,893,0,0,0,0,0,0,0,0,0,0,-29.875,1,0,0,0,44.75,0,0,0,0,0,0,3036
396,0,16,5000,500,893,0,0,0,0,0,0,0,0,0,0,-33.875,1,0,0,0,48.75,0,0,0,0,0,0,3036
397,0,17,5000,500,893,0,0,0,0,0,0,0,0,0,0,-37.875,1,0,0,0,52.75,0,0,0,0,0,0,3036
398,0,18,5000,500,893,0,0,0,0,0,0,0,0,0,0,-41.875,1,0,0,0,56.75,0,0,0,0,0,0,3036
399,0,19,5000,500,893,0,0,0,0,0,0,0,0,0,0,-45.875,1,0,0,0,60.75,0,0,0,0,0,0,3036
400,0,20,5000,500,893,0,0,0,0,0,0,0,0,0,0,-49.875,1,0,0,0,64.75,0,0,0,0,0,0,3036
401,0,21,5000,500,893,0,0,0,0,0,0,0,0,0,0,-53.875,1,0,0,0,68.75,0,0,0,0,0,0,3036
402,0,22,5000,500,893,0,0,0,0,0,0,0,0,0,0,-57.875,1,0,0,0,72.75,0,0,0,0,0,0,3036
403,0,23,5000,500,893,0,0,0,0,0,0,0,0,0,0,-61.875,1,0,0,0,76.75,0,0,0,0,0,0,3036
404,0,24,5000,500,893,0,0,0,0,0,0,0,0,0,0,-65.875,1,0,0,0,80.75,0,0,0,0,0,0,3036
405,0,25,5000,500,893,0,0,0,0,0,0,0,0,0,0,-69.875,1,0,0,0,84.75,0,0,0,0,0,0,3036
406,0,26,5000,500,893,0,0,0,0,0,0,0,0,0,0,-73.875,1,0,0,0,88.75,0,0,0,0,0,0,3036
407,0,27,5000,500,893,0,0,0,0,0,0,0,0,0,0,-77.875,1,0,0,0,92.75,0,0,0,0,0,0,3036
408,0,28,5000,500,893,0,0,0,0,0,0,0,0,0,0,-81.875,1,0,0,0,96.75,0,0,0,0,0,0,3036
409,0,29,5000,500,893,0,0,0,0,0,0,0,0,0,0,-85.875,1,0,0,0,100.75,0,0,0,0,0,0,3036
410,0,30,5000,500,893,0,0,0,0,0,0,0,0,0,0,-89.875,1,0,0,0,104.75,0,0,0,0,0,0,3036
411,0,31,5000,500,893,0,0,0,0,0,0,0,0,0,0,-93.875,1,0,0,0,108.75,0,0,0,0,0,0,3036
412,0,32,5000,500,893,0,0,0,0,0,0,0,0,0,0,-97.875,1,0,0,0,112.75,0,0,0,0,0,0,3036
413,0,33,5000,500,893,0,0,0,0,0,0,0,0,0,0,-97.875,1,0,0,0,116.75,0,0,0,0,0,0,3036
414,0,34,5000,500,893,0,0,0,0,0,0,0,0,0,0,-97.875,1,0,0,0,116.75,0,0,0,0,0,0,3036
415,0,35,5000,500,893,0,0,0,0,0,0,0,0,0,0,-97.875,1,0,0,0,116.75,0,0,0,0,0,0,3036
416,0,36,5000,500,893,0,0,0,0,0,0,0,0,0,0,-97.875,1,0,0,0,116.75,0,0,0,0,0,0,3036
417,0,37,5000,500,893,0,0,0,0,0,0,0,0,0,0,-97.875,1,0,0,0,116.75,0,0,0,0,0,0,3036
418,0,38,5000,500,893,0,0,0,0,0,0,0,0,0,0,-97.875,1,0,0,0,116.75,0,0,0,0,0,0,3036
419,0,39,5000,500,893,0,0,0,0,0,0,0,0,0,0,-97.875,1,0,0,0,116.75,0,0,0,0,0,0,3036
420,0,40,5000,500,893,0,0,0,0,0,0,0,0,0,0,-97.875,1,0,0,0,116.75,0,0,0,0,0,0,3036
421,0,41,5000,500,893,0,0,0,0,0,0,0,0,0,0,-100.875,1,0,0,0,116.75,0,0,0,0,0,0,3036
422,0,42,5000,500,893,0,0,0,0,0,0,0,0,0,0,-103.875,1,0,0,0,119.75,0,0,0,0,0,0,3036
423,0,43,5000,500,893,0,0,0,0,0,0,0,0,0,0,-106.875,1,0,0,0,122.75,0,0,0,0,0,0,3036
424,0,44,5000,500,893,0,0,0,0,0,0,0,0,0,0,-109.875,1,0,0,0,125.75,0,0,0,0,0,0,3036
425,0,45,5000,500,893,0,0,0,0,0,0,0,0,0,0,-111.375,1,0,0,0,128.75,0,0,0,0,0,0,3036
426,0,46,5000,500,893,0,0,0,0,0,0,0,0,0,0,-112.875,1,0,0,0,130.25,0,0,0,0,0,0,3036
427,0,47,5000,500,893,0,0,0,0,0,0,0,0,0,0,-114.375,1,0,0,0,131.75,0,0,0,0,0,0,3036
428,0,48,5000,500,893,0,0,0,0,0,0,0,0,0,0,-115.875,1,0,0,0,133.25,0,0,0,0,0,0,3036
429,0,49,5000,500,893,0,0,0,0,0,0,0,0,0,0,-117.375,1,0,0,0,134.75,0,0,0,0,0,0,3036
430,0,50,5000,500,893,0,0,0,0,0,0,0,0,0,0,-118.875,1,0,0,0,136.25,0,0,0,0,0,0,3036
431,0,51,5000,500,893,0,0,0,0,0,0,0,0,0,0,-120.375,1,0,0,0,137.75,0,0,0,0,0,0,3036
432,0,52,5000,500,893,0,0,0,0,0,0,0,0,0,0,-121.875,1,0,0,0,139.25,0,0,0,0,0,0,3036
433,0,53,5000,500,893,0,0,0,0,0,0,0,0,0,0,-123.375,1,0,0,0,140.75,0,0,0,0,0,0,3036
434,0,54,5000,500,893,0,0,0,0,0,0,0,0,0,0,-124.875,1,0,0,0,142.25,0,0,0,0,0,0,3036
435,0,55,5000,500,893,0,0,0,0,0,0,0,0,0,0,-126.375,1,0,0,0,143.75,0,0,0,0,0,0,3036
436,0,56,5000,500,893,0,0,0,0,0,0,0,0,0,0,-127.875,1,0,0,0,145.25,0,0,0,0,0,0,3036
437,0,57,5000,500,893,0,0,0,0,0,0,0,0,0,0,-129.375,1,0,0,0,146.75,0,0,0,0,0,0,3036
438,0,58,5000,500,893,0,0,0,0,0,0,0,0,0,0,-130.875,1,0,0,0,148.25,0,0,0,0,0,0,3036
439,0,59,5000,500,893,0,0,0,0,0,0,0,0,0,0,-132.375,1,0,0,0,149.75,0,0,0,0,0,0,3036
440,0,60,5000,500,893,0,0,0,0,0,0,0,0,0,0,-133.875,1,0,0,0,151.25,0,0,0,0,0,0,3036
441,0,61,5000,500,893,0,0,0,0,0,0,0,0,0,0,-135.375,1,0,0,0,152.75,0,0,0,0,0,0,3036
442,0,62,5000,500,893,0,0,0,0,0,0,0,0,0,0,-136.375,1,0,0,0,154.25,0,0,0,0,0,0,3036
443,0,63,5000,500,893,0,0,0,0,0,0,0,0,0,0,-137.375,1,0,0,0,155.25,0,0,0,0,0,0,3036
444,0,64,5000,500,893,0,0,0,0,0,0,0,0,0,0,-138.125,1,0,0,0,156.25,0,0,0,0,0,0,3036
445,0,65,5000,500,893,0,0,0,0,0,0,0,0,0,0,-138.625,1,0,0,0,157,0,0,0,0,0,0,3036
446,0,66,5000,500,893,0,0,0,0,0,0,0,0,0,0,-139.375,1,0,0,0,157.5,0,0,0,0,0,0,3036
447,0,67,5000,500,893,0,0,0,0,0,0,0,0,0,0,-139.875,1,0,0,0,158.25,0,0,0,0,0,0,3036
448,0,68,5000,500,893,0,0,0,0,0,0,0,0,0,0,-140.125,1,0,0,0,158.75,0,0,0,0,0,0,3036
449,0,69,5000,500,893,0,0,0,0,0,0,0,0,0,0,-140.625,1,0,0,0,159,0,0,0,0,0,0,3036
450,0,70,5000,500,893,0,0,0,0,0,0,0,0,0,0,-140.875,1,0,0,0,159.5,0,0,0,0,0,0,3036
451,0,71,5000,500,893,0,0,0,0,0,0,0,0,0,0,-141.125,1,0,0,0,159.75,0,0,0,0,0,0,3036
452,0,72,5000,500,893,0,0,0,0,0,0,0,0,0,0,-141.125,1,0,0,0,160,0,0,0,0,0,0,3036
453,0,73,5000,500,893,0,0,0,0,0,0,0,0,0,0,-141.125,1,0,0,0,160,0,0,0,0,0,0,3036
454,0,74,5000,500,893,0,0,0,0,0,0,0,0,0,0,-141.125,1,0,0,0,160,0,0,0,0,0,0,3036
455,0,75,5000,500,893,0,0,0,0,0,0,0,0,0,0,-141.125,1,0,0,0,160,0,0,0,0,0,0,3036
456,0,76,5000,500,893,0,0,0,0,0,0,0,0,0,0,-141.125,1,0,0,0,160,0,0,0,0,0,0,3036
457,0,77,5000,500,893,0,0,0,0,0,0,0,0,0,0,-141.125,1,0,0,0,160,0,0,0,0,0,0,3036
458,0,78,5000,500,893,0,0,0,0,0,0,0,0,0,0,-141.125,1,0,0,0,160,0,0,0,0,0,0,3036
459,0,79,5000,500,893,0,0,0,0,0,0,0,0,0,0,-141.125,1,0,0,0,160,0,0,0,0,0,0,3036
460,0,80,5000,500,893,0,0,0,0,0,0,0,0,0,0,-141.125,1,0,0,0,160,0,0,0,0,0,0,3036
461,0,81,5000,500,893,0,0,0,0,0,0,0,0,0,0,-141.125,1,0,0,0,160,0,0,0,0,0,0,3036
462,0,82,5000,500,893,0,0,0,0,0,0,0,0,0,0,-141.125,1,0,0,0,160,0,0,0,0,0,0,3036
463,0,83,5000,500,893,0,0,0,0,0,0,0,0,0,0,-141.125,1,0,0,0,160,0,0,0,0,0,0,3036
464,0,84,5000,500,893,0,0,0,0,0,0,0,0,0,0,-141.125,1,0,0,0,160,0,0,0,0,0,0,3036
465,0,85,5000,500,893,0,0,0,0,0,0,0,0,0,0,-141.125,1,0,0,0,160,0,0,0,0,0,0,3036
466,0,86,5000,500,893,0,0,0,0,0,0,0,0,0,0,-141.125,1,0,0,0,160,0,0,0,0,0,0,3036
467,0,87,5000,500,893,0,0,0,0,0,0,0,0,0,0,-141.125,1,0,0,0,160,0,0,0,0,0,0,3036
468,0,88,5000,500,893,0,0,0,0,0,0,0,0,0,0,-141.125,1,0,0,0,160,0,0,0,0,0,0,3036
469,0,89,5000,500,893,0,0,0,0,0,0,0,0,0,0,-141.125,1,0,0,0,160,0,0,0,0,0,0,3036
470,0,90,5000,500,893,0,0,0,0,0,0,0,0,0,0,-141.125,1,0,0,0,160,0,0,0,0,0,0,3036
471,0,91,5000,500,893,0,0,0,0,0,0,0,0,0,0,-141.125,1,0,0,0,160,0,0,0,0,0,0,3036
472,0,92,5000,500,893,0,0,0,0,0,0,0,0,0,0,-141.125,1,0,0,0,160,0,0,0,0,0,0,3036
473,0,93,5000,500,893,0,0,0,0,0,0,0,0,0,0,-141.125,1,0,0,0,160,0,0,0,0,0,0,3036
474,0,94,5000,500,893,0,0,0,0,0,0,0,0,0,0,-141.125,1,0,0,0,160,0,0,0,0,0,0,3036
475,0,95,5000,500,893,0,0,0,0,0,0,0,0,0,0,-141.125,1,0,0,0,160,0,0,0,0,0,0,3036
476,0,96,5000,500,893,0,0,0,0,0,0,0,0,0,0,-141.125,1,0,0,0,160,0,0,0,0,0,0,3036
477,0,97,5000,500,893,0,0,0,0,0,0,0,0,0,0,-141.125,1,0,0,0,160,0,0,0,0,0,0,3036
478,0,98,5000,500,893,0,0,0,0,0,0,0,0,0,0,-141.125,1,0,0,0,160,0,0,0,0,0,0,3036
479,0,99,5000,500,893,0,0,0,0,0,0,0,0,0,0,-141.125,1,0,0,0,160,0,0,0,0,0,0,3036
480,0,100,5000,500,893,0,0,0,0,0,0,0,0,0,0,-141.125,1,0,0,0,160,0,0,0,0,0,0,3036
481,0,101,5000,500,893,0,0,0,0,0,0,0,0,0,0,-141.125,1,0,0,0,160,0,0,0,0,0,0,3036
482,0,102,5000,500,893,0,0,0,0,0,0,0,0,0,0,-141.125,1,0,0,0,160,0,0,0,0,0,0,3036
483,0,103,5000,500,893,0,0,0,0,0,0,0,0,0,0,-141.125,1,0,0,0,160,0,0,0,0,0,0,3036
484,0,104,5000,500,893,0,0,0,0,0,0,0,0,0,0,-141.125,1,0,0,0,160,0,0,0,0,0,0,3036
485,0,105,5000,500,893,0,0,0,0,0,0,0,0,0,0,-141.125,1,0,0,0,160,0,0,0,0,0,0,3036
486,0,106,5000,500,893,0,0,0,0,0,0,0,0,0,0,-141.125,1,0,0,0,160,0,0,0,0,0,0,3036
487,0,107,5000,500,893,0,0,0,0,0,0,0,0,0,0,-141.125,1,0,0,0,160,0,0,0,0,0,0,3036
488,0,108,5000,500,893,0,0,0,0,0,0,0,0,0,0,-141.125,1,0,0,0,160,0,0,0,0,0,0,3036
489,0,109,5000,500,893,0,0,0,0,0,0,0,0,0,0,-141.125,1,0,0,0,160,0,0,0,0,0,0,3036
490,0,110,5000,500,893,0,0,0,0,0,0,0,0,0,0,-141.125,1,0,0,0,160,0,0,0,0,0,0,3036
491,0,111,5000,500,893,0,0,0,0,0,0,0,0,0,0,-141.125,1,0,0,0,160,0,0,0,0,0,0,3036
492,0,112,5000,500,893,0,0,0,0,0,0,0,0,0,0,-141.125,1,0,0,0,160,0,0,0,0,0,0,3036
493,0,113,5000,500,893,0,0,0,0,0,0,0,0,0,0,-141.125,1,0,0,0,160,0,0,0,0,0,0,3036
494,0,114,5000,500,893,0,0,0,0,0,0,0,0,0,0,-141.125,1,0,0,0,160,0,0,0,0,0,0,3036
495,0,115,5000,500,893,0,0,0,0,0,0,0,0,0,0,-141.125,1,0,0,0,160,0,0,0,0,0,0,3036
496,0,116,5000,500,893,0,0,0,0,0,0,0,0,0,0,-141.125,1,0,0,0,160,0,0,0,0,0,0,3036
497,0,117,5000,500,893,0,0,0,0,0,0,0,0,0,0,-141.125,1,0,0,0,160,0,0,0,0,0,0,3036
498,0,118,5000,500,893,0,0,0,0,0,0,0,0,0,0,-141.125,1,0,0,0,160,0,0,0,0,0,0,3036
499,0,119,5000,500,893,0,0,0,0,0,0,0,0,0,0,-141.125,1,0,0,0,160,0,0,0,0,0,0,3036
500,0,120,5000,500,893,0,0,0,0,0,0,0,0,0,0,-141.125,1,0,0,0,160,0,0,0,0,0,0,3036
501,0,121,5000,500,893,0,0,0,0,0,0,0,0,0,0,-141.125,1,0,0,0,160,0,0,0,0,0,0,3036
502,0,122,5000,500,893,0,0,0,0,0,0,0,0,0,0,-141.125,1,0,0,0,160,0,0,0,0,0,0,3036
503,0,123,5000,500,893,0,0,0,0,0,0,0,0,0,0,-141.125,1,0,0,0,160,0,0,0,0,0,0,3036
504,0,124,5000,500,893,0,0,0,0,0,0,0,0,0,0,-141.125,1,0,0,0,160,0,0,0,0,0,0,3036
505,0,125,5000,500,893,0,0,0,0,0,0,0,0,0,0,-141.125,1,0,0,0,160,0,0,0,0,0,0,3036
506,0,126,5000,500,893,0,0,0,0,0,0,0,0,0,0,-141.125,1,0,0,0,160,0,0,0,0,0,0,3036
507,0,127,5000,500,893,0,0,0,0,0,0,0,0,0,0,-141.125,1,0,0,0,160,0,0,0,0,0,0,3036
508,0,128,5000,500,893,0,0,0,0,0,0,0,0,0,0,-141.125,1,0,0,0,160,0,0,0,0,0,0,3036
509,0,129,5000,500,893,0,0,0,0,0,0,0,0,0,0,-141.125,1,0,0,0,160,0,0,0,0,0,0,3036
510,0,130,5000,500,893,0,0,0,0,0,0,0,0,0,0,-141.125,1,0,0,0,160,0,0,0,0,0,0,3036
511,0,131,5000,500,893,0,0,0,0,0,0,0,0,0,0,-141.125,1,0,0,0,160,0,0,0,0,0,0,3036
512,0,132,5000,500,893,0,0,0,0,0,0,0,0,0,0,-141.125,1,0,0,0,160,0,0,0,0,0,0,3036
513,0,133,5000,500,893,0,0,0,0,0,0,0,0,0,0,-141.125,1,0,0,0,160,0,0,0,0,0,0,3036
514,0,134,5000,500,893,0,0,0,0,0,0,0,0,0,0,-141.125,1,0,0,0,160,0,0,0,0,0,0,3036
515,0,135,5000,500,893,0,0,0,0,0,0,0,0,0,0,-141.125,1,0,0,0,160,0,0,0,0,0,0,3036
516,0,136,5000,500,893,0,0,0,0,0,0,0,0,0,0,-141.125,1,0,0,0,160,0,0,0,0,0,0,3036
517,0,137,5000,500,893,0,0,0,0,0,0,0,0,0,0,-141.125,1,0,0,0,160,0,0,0,0,0,0,3036
518,0,138,5000,500,893,0,0,0,0,0,0,0,0,0,0,-141.125,1,0,0,0,160,0,0,0,0,0,0,3036
519,0,139,5000,500,893,0,0,0,0,0,0,0,0,0,0,-141.125,1,0,0,0,160,0,0,0,0,0,0,3036
520,0,140,5000,500,893,0,0,0,0,0,0,0,0,0,0,-141.125,1,0,0,0,160,0,0,0,0,0,0,3036
521,0,141,5000,500,893,0,0,0,0,0,0,0,0,0,0,-141.125,1,0,0,0,160,0,0,0,0,0,0,3036
522,0,142,5000,500,893,0,0,0,0,0,0,0,0,0,0,-141.125,1,0,0,0,160,0,0,0,0,0,0,3036
523,0,143,5000,500,893,0,0,0,0,0,0,0,0,0,0,-141.125,1,0,0,0,160,0,0,0,0,0,0,3036
524,0,144,5000,500,893,0,0,0,0,0,0,0,0,0,0,-141.125,1,0,0,0,160,0,0,0,0,0,0,3036
525,0,145,5000,500,893,0,0,0,0,0,0,0,0,0,0,-141.125,1,0,0,0,160,0,0,0,0,0,0,3036
526,0,146,5000,500,893,0,0,0,0,0,0,0,0,0,0,-141.125,1,0,0,0,160,0,0,0,0,0,0,3036
527,0,147,5000,500,893,0,0,0,0,0,0,0,0,0,0,-141.125,1,0,0,0,160,0,0,0,0,0,0,3036
528,0,148,5000,500,893,0,0,0,0,0,0,0,0,0,0,-141.125,1,0,0,0,160,0,0,0,0,0,0,3036
529,0,149,5000,500,893,0,0,0,0,0,0,0,0,0,0,-141.125,1,0,0,0,160,0,0,0,0,0,0,3036
530,0,150,5000,500,893,0,0,0,0,0,0,0,0,0,0,-141.125,1,0,0,0,160,0,0,0,0,0,0,3036
531,0,151,5000,500,893,0,0,0,0,0,0,0,0,0,0,-141.125,1,0,0,0,160,0,0,0,0,0,0,3036
532,0,152,5000,500,893,0,0,0,0,0,0,0,0,0,0,-141.125,1,0,0,0,160,0,0,0,0,0,0,3036
533,0,153,5000,500,893,0,0,0,0,0,0,0,0,0,0,-141.125,1,0,0,0,160,0,0,0,0,0,0,3036
534,0,154,5000,500,893,0,0,0,0,0,0,0,0,0,0,-141.125,1,0,0,0,160,0,0,0,0,0,0,3036
535,0,155,5000,500,893,0,0,0,0,0,0,0,0,0,0,-141.125,1,0,0,0,160,0,0,0,0,0,0,3036
536,0,156,5000,500,893,0,0,0,0,0,0,0,0,0,0,-141.125,1,0,0,0,160,0,0,0,0,0,0,3036
537,0,157,5000,500,893,0,0,0,0,0,0,0,0,0,0,-141.125,1,0,0,0,160,0,0,0,0,0,0,3036
538,0,158,5000,500,893,0,0,0,0,0,0,0,0,0,0,-141.125,1,0,0,0,160,0,0,0,0,0,0,3036
539,0,159,5000,500,893,0,0,0,0,0,0,0,0,0,0,-141.125,1,0,0,0,160,0,0,0,0,0,0,3036
540,0,160,5000,500,893,0,0,0,0,0,0,0,0,0,0,-141.125,1,0,0,0,160,0,0,0,0,0,0,3036
541,0,161,5000,500,893,0,0,0,0,0,0,0,0,0,0,-141.125,1,0,0,0,160,0,0,0,0,0,0,3036
542,0,162,5000,500,893,0,0,0,0,0,0,0,0,0,0,-141.125,1,0,0,0,160,0,0,0,0,0,0,3036
543,0,163,5000,500,893,0,0,0,0,0,0,0,0,0,0,-141.125,1,0,0,0,160,0,0,0,0,0,0,3036
544,0,164,5000,500,893,0,0,0,0,0,0,0,0,0,0,-141.125,1,0,0,0,160,0,0,0,0,0,0,3036
545,0,165,5000,500,893,0,0,0,0,0,0,0,0,0,0,-141.125,1,0,0,0,160,0,0,0,0,0,0,3036
546,0,166,5000,500,893,0,0,0,0,0,0,0,0,0,0,-141.125,1,0,0,0,160,0,0,0,0,0,0,3036
547,0,167,5000,500,893,0,0,0,0,0,0,0,0,0,0,-141.125,1,0,0,0,160,0,0,0,0,0,0,3036
548,0,168,5000,500,893,0,0,0,0,0,0,0,0,0,0,-141.125,1,0,0,0,160,0,0,0,0,0,0,3036
549,0,169,5000,500,893,0,0,0,0,0,0,0,0,0,0,-141.125,1,0,0,0,160,0,0,0,0,0,0,3036
550,0,170,5000,500,893,0,0,0,0,0,0,0,0,0,0,-141.125,1,0,0,0,160,0,0,0,0,0,0,3036
551,0,171,5000,500,893,0,0,0,0,0,0,0,0,0,0,-141.125,1,0,0,0,160,0,0,0,0,0,0,3036
552,0,172,5000,500,893,0,0,0,0,0,0,0,0,0,0,-141.125,1,0,0,0,160,0,0,0,0,0,0,3036
553,0,173,5000,500,893,0,0,0,0,0,0,0,0,0,0,-141.125,1,0,0,0,160,0,0,0,0,0,0,3036
554,0,174,5000,500,893,0,0,0,0,0,0,0,0,0,0,-141.125,1,0,0,0,160,0,0,0,0,0,0,3036
555,0,175,5000,500,893,0,0,0,0,0,0,0,0,0,0,-141.125,1,0,0,0,160,0,0,0,0,0,0,3036
556,0,176,5000,500,893,0,0,0,0,0,0,0,0,0,0,-141.125,1,0,0,0,160,0,0,0,0,0,0,3036
557,0,177,5000,500,893,0,0,0,0,0,0,0,0,0,0,-141.125,1,0,0,0,160,0,0,0,0,0,0,3036
558,0,178,5000,500,893,0,0,0,0,0,0,0,0,0,0,-141.125,1,0,0,0,160,0,0,0,0,0,0,3036
559,0,179,5000,500,893,0,0,0,0,0,0,0,0,0,0,-141.125,1,0,0,0,160,0,0,0,0,0,0,3036
560,0,180,5000,500,893,0,0,0,0,0,0,0,0,0,0,-141.125,1,0,0,0,160,0,0,0,0,0,0,3036
561,0,181,5000,500,893,0,0,0,0,0,0,0,0,0,0,-141.125,1,0,0,0,160,0,0,0,0,0,0,3036
562,0,182,5000,500,893,0,0,0,0,0,0,0,0,0,0,-141.125,1,0,0,0,160,0,0,0,0,0,0,3036
563,0,183,5000,500,893,0,0,0,0,0,0,0,0,0,0,-141.125,1,0,0,0,160,0,0,0,0,0,0,3036
564,0,184,5000,500,893,0,0,0,0,0,0,0,0,0,0,-141.125,1,0,0,0,160,0,0,0,0,0,0,3036
565,0,185,5000,500,893,0,0,0,0,0,0,0,0,0,0,-141.125,1,0,0,0,160,0,0,0,0,0,0,3036
566,0,186,5000,500,893,0,0,0,0,0,0,0,0,0,0,-141.125,1,0,0,0,160,0,0,0,0,0,0,3036
567,0,187,5000,500,893,0,0,0,0,0,0,0,0,0,0,-141.125,1,0,0,0,160,0,0,0,0,0,0,3036
568,0,188,5000,500,893,0,0,0,0,0,0,0,0,0,0,-141.125,1,0,0,0,160,0,0,0,0,0,0,3036
569,0,189,5000,500,893,0,0,0,0,0,0,0,0,0,0,-141.125,1,0,0,0,160,0,0,0,0,0,0,3036
570,0,190,5000,500,893,0,0,0,0,0,0,0,0,0,0,-141.125,1,0,0,0,160,0,0,0,0,0,0,3036
571,0,191,5000,500,893,0,0,0,0,0,0,0,0,0,0,-141.125,1,0,0,0,160,0,0,0,0,0,0,3036
572,0,192,5000,500,893,0,0,0,0,0,0,0,0,0,0,-141.125,1,0,0,0,160,0,0,0,0,0,0,3036
573,0,193,5000,500,893,0,0,0,0,0,0,0,0,0,0,-141.125,1,0,0,0,160,0,0,0,0,0,0,3036
574,0,194,5000,500,893,0,0,0,0,0,0,0,0,0,0,-141.125,1,0,0,0,160,0,0,0,0,0,0,3036
575,0,195,5000,500,893,0,0,0,0,0,0,0,0,0,0,-141.125,1,0,0,0,160,0,0,0,0,0,0,3036
576,0,196,5000,500,893,0,0,0,0,0,0,0,0,0,0,-141.125,1,0,0,0,160,0,0,0,0,0,0,3036
577,0,197,5000,500,893,0,0,0,0,0,0,0,0,0,0,-141.125,1,0,0,0,160,0,0,0,0,0,0,3036
578,0,198,5000,500,893,0,0,0,0,0,0,0,0,0,0,-141.125,1,0,0,0,160,0,0,0,0,0,0,3036
579,0,199,5000,500,893,0,0,0,0,0,0,0,0,0,0,-141.125,1,0,0,0,160,0,0,0,0,0,0,3036
580,0,200,5000,500,893,0,0,0,0,0,0,0,0,0,0,-141.125,1,0,0,0,160,0,0,0,0,0,0,3036
581,0,201,5000,500,893,0,0,0,0,0,0,0,0,0,0,-141.125,1,0,0,0,160,0,0,0,0,0,0,3036
582,0,202,5000,500,893,0,0,0,0,0,0,0,0,0,0,-141.125,1,0,0,0,160,0,0,0,0,0,0,3036
583,0,203,5000,500,893,0,0,0,0,0,0,0,0,0,0,-141.125,1,0,0,0,160,0,0,0,0,0,0,3036
584,0,204,5000,500,893,0,0,0,0,0,0,0,0,0,0,-141.125,1,0,0,0,160,0,0,0,0,0,0,3036
585,0,205,5000,500,893,0,0,0,0,0,0,0,0,0,0,-141.125,1,0,0,0,160,0,0,0,0,0,0,3036
586,0,206,5000,500,893,0,0,0,0,0,0,0,0,0,0,-141.125,1,0,0,0,160,0,0,0,0,0,0,3036
587,0,207,5000,500,893,0,0,0,0,0,0,0,0,0,0,-141.125,1,0,0,0,160,0,0,0,0,0,0,3036
588,0,208,5000,500,893,0,0,0,0,0,0,0,0,0,0,-141.125,1,0,0,0,160,0,0,0,0,0,0,3036
589,0,209,5000,500,893,0,0,0,0,0,0,0,0,0,0,-141.125,1,0,0,0,160,0,0,0,0,0,0,3036
590,0,210,5000,500,893,0,0,0,0,0,0,0,0,0,0,-141.125,1,0,0,0,160,0,0,0,0,0,0,3036
591,0,211,5000,500,893,0,0,0,0,0,0,0,0,0,0,-141.125,1,0,0,0,160,0,0,0,0,0,0,3036
592,0,212,5000,500,893,0,0,0,0,0,0,0,0,0,0,-141.125,1,0,0,0,160,0,0,0,0,0,0,3036
593,0,213,5000,500,893,0,0,0,0,0,0,0,0,0,0,-141.125,1,0,0,0,160,0,0,0,0,0,0,3036
594,0,214,5000,500,893,0,0,0,0,0,0,0,0,0,0,-141.125,1,0,0,0,160,0,0,0,0,0,0,3036
595,0,215,5000,500,893,0,0,0,0,0,0,0,0,0,0,-141.125,1,0,0,0,160,0,0,0,0,0,0,3036
596,0,216,5000,500,893,0,0,0,0,0,0,0,0,0,0,-141.125,1,0,0,0,160,0,0,0,0,0,0,3036
597,0,217,5000,500,893,0,0,0,0,0,0,0,0,0,0,-141.125,1,0,0,0,160,0,0,0,0,0,0,3036
598,0,218,5000,500,893,0,0,0,0,0,0,0,0,0,0,-141.125,1,0,0,0,160,0,0,0,0,0,0,3036
599,0,219,5000,500,893,0,0,0,0,0,0,0,0,0,0,-141.125,1,0,0,0,160,0,0,0,0,0,0,3036
600,0,220,5000,500,893,0,0,0,0,0,0,0,0,0,0,-141.125,1,0,0,0,160,0,0,0,0,0,0,3036
601,0,221,5000,500,893,0,0,0,0,0,0,0,0,0,0,-141.125,1,0,0,0,160,0,0,0,0,0,0,3036
602,0,222,5000,500,893,0,0,0,0,0,0,0,0,0,0,-141.125,1,0,0,0,160,0,0,0,0,0,0,3036
603,0,223,5000,500,893,0,0,0,0,0,0,0,0,0,0,-141.125,1,0,0,0,160,0,0,0,0,0,0,3036
604,0,224,5000,500,893,0,0,0,0,0,0,0,0,0,0,-141.125,1,0,0,0,160,0,0,0,0,0,0,3036
605,0,225,5000,500,893,0,0,0,0,0,0,0,0,0,0,-141.125,1,0,0,0,160,0,0,0,0,0,0,3036
606,0,226,5000,500,893,0,0,0,0,0,0,0,0,0,0,-141.125,1,0,0,0,160,0,0,0,0,0,0,3036
607,0,227,5000,500,893,0,0,0,0,0,0,0,0,0,0,-141.125,1,0,0,0,160,0,0,0,0,0,0,3036
608,0,228,5000,500,893,0,0,0,0,0,0,0,0,0,0,-141.125,1,0,0,0,160,0,0,0,0,0,0,3036
609,0,229,5000,500,893,0,0,0,0,0,0,0,0,0,0,-141.125,1,0,0,0,160,0,0,0,0,0,0,3036
610,0,1,3000,500,1000,0,0,0,0,0,0,0,0,0,0,-145,1,0,0,0,160,0,0,0,0,0,0,1000
611,0,2,3000,500,1000,0,0,0,0,0,0,0,0,0,0,-145,1,0,0,0,160,0,0,0,0,0,0,1000
612,0,3,3000,500,1000,0,0,0,0,0,0,0,0,0,0,-145,1,0,0,0,160,0,0,0,0,0,0,1000
613,0,4,3000,500,1000,0,0,0,0,0,0,0,0,0,0,-145,1,0,0,0,160,0,0,0,0,0,0,1000
614,0,5,3000,500,1000,0,0,0,0,0,0,0,0,0,0,-145,1,0,0,0,160,0,0,0,0,0,0,1000
615,0,6,3000,500,1000,0,0,0,0,0,0,0,0,0,0,-145,1,0,0,0,160,0,0,0,0,0,0,1000
616,0,7,3000,500,1000,0,0,0,0,0,0,0,0,0,0,-145,1,0,0,0,160,0,0,0,0,0,0,1000
617,0,8,3000,500,1000,0,0,0,0,0,0,0,0,0,0,-145,1,0,0,0,160,0,0,0,0,0,0,1000
618,0,9,3000,500,1000,0,0,0,0,0,0,0,0,0,0,-145,1,0,0,0,160,0,0,0,0,0,0,1000
619,10,1,3000,500,1000,0,0,0,0,0,0,0,0,0,0,-145,1,0,0,0,160,0,0,0,0,0,0,1000
620,10,2,3000,500,1000,0,0,0,0,0,0,0,0,0,0,-145,1,0,0,0,160,0,0,0,0,0,0,1000
621,10,3,3000,500,1000,0,0,0,0,0,0,0,0,0,0,-145,1,0,0,0,160,0,0,0,0,0,0,1000
622,10,4,3000,500,1000,0,0,0,0,0,0,0,0,0,0,-145,1,0,0,0,160,0,0,0,0,0,0,1000
623,10,5,3000,500,1000,0,0,0,0,0,0,0,0,0,0,-145,1,0,0,0,160,0,0,0,0,0,0,1000
624,10,6,3000,500,1000,0,0,0,0,0,0,0,0,0,0,-145,1,0,0,0,160,0,0,0,0,0,0,1000
625,1020,1,3000,500,1000,0,0,0,0,0,0,0,0,0,0,-145,1,0,0,0,160,0,0,0,0,0,0,1000
626,1020,2,3000,500,1000,0,0,0,0,0,0,0,0,0,0,-145,1,0,0,0,160,0,0,0,0,0,0,1000
627,1020,3,3000,500,1000,0,0,0,0,0,0,0,0,0,0,-145,1,0,0,0,160,0,0,0,0,0,0,1000
628,1020,4,3000,500,1000,0,0,0,0,0,0,0,0,0,0,-145,1,0,0,0,160,0,0,0,0,0,0,1000
629,1020,5,3000,500,1000,0,0,0,0,0,0,0,0,0,0,-145,1,0,0,0,160,0,0,0,0,0,0,1000
630,1020,6,3000,500,1000,0,0,0,0,0,0,0,0,0,0,-145,1,0,0,0,160,0,0,0,0,0,0,1000
631,1020,7,3000,500,1000,0,0,0,0,0,0,0,0,0,0,-145,1,0,0,0,160,0,0,0,0,0,0,1000
632,1020,8,3000,500,1000,0,0,0,0,0,0,0,0,0,0,-145,1,0,0,0,160,0,0,0,0,0,0,1000
633,1020,9,3000,500,1000,0,0,0,0,0,0,0,0,0,0,-145,1,0,0,0,160,0,0,0,0,0,1,1000
634,1020,10,3000,500,945,0,0,0,0,0,0,0,0,0,0,-145,1,0,0,0,160,0,0,0,0,0,1,2018
635,1020,11,3000,500,945,0,0,0,0,0,0,0,0,0,0,-145,1,0,0,0,160,0,0,0,0,0,1,2018
636,1020,12,3000,500,945,0,0,0,0,0,0,0,0,0,0,-145,1,0,0,0,160,0,0,0,0,0,1,2018
637,1020,13,3000,500,945,0,0,0,0,0,0,0,0,0,0,-145,1,0,0,0,160,0,0,0,0,0,1,2018
638,1020,14,3000,500,945,0,0,0,0,0,0,0,0,0,0,-145,1,0,0,0,160,0,0,0,0,0,1,2018
639,1020,15,3000,500,945,0,0,0,0,0,0,0,0,0,0,-145,1,0,0,0,160,0,0,0,0,0,1,2018
640,1020,16,3000,500,945,0,0,0,0,0,0,0,0,0,0,-145,1,0,0,0,160,0,0,0,0,0,1,2018
641,1020,17,3000,500,945,0,0,0,0,0,0,0,0,0,0,-145,1,0,0,0,160,0,0,0,0,0,1,2018
642,1020,18,3000,500,945,0,0,0,0,0,0,0,0,0,0,-145,1,0,0,0,160,0,0,0,0,0,1,2018
643,1020,19,3000,500,945,0,0,0,0,0,0,0,0,0,0,-145,1,0,0,0,160,0,0,0,0,0,1,2018
644,1020,20,3000,500,945,0,0,0,0,0,0,0,0,0,0,-145,1,0,0,0,160,0,0,0,0,0,1,2018
645,1020,21,3000,500,945,0,0,0,0,0,0,0,0,0,0,-145,1,0,0,0,160,0,0,0,0,0,1,2018
646,1020,22,3000,500,945,0,0,0,0,0,0,0,0,0,0,-145,1,0,0,0,160,0,0,0,0,0,0,2018
647,1020,23,3000,500,945,0,0,0,0,0,0,0,0,0,0,-145,1,0,0,0,160,0,0,0,0,0,0,2018
648,1020,24,3000,500,945,0,0,0,0,0,0,0,0,0,0,-145,1,0,0,0,160,0,0,0,0,0,0,2018
649,1020,25,3000,500,945,0,0,0,0,0,0,0,0,0,0,-145,1,0,0,0,160,0,0,0,0,0,0,2018
650,1020,26,3000,500,945,0,0,0,0,0,0,0,0,0,0,-145,1,0,0,0,160,0,0,0,0,0,0,2018
651,1020,27,3000,500,945,0,0,0,0,0,0,0,0,0,0,-145,1,0,0,0,160,0,0,0,0,0,0,2018
652,1020,28,3000,500,945,0,0,0,0,0,0,0,0,0,0,-145,1,0,0,0,160,0,0,0,0,0,0,2018
653,1020,29,3000,500,945,0,0,0,0,0,0,0,0,0,0,-145,1,0,0,0,160,0,0,0,0,0,0,2018
654,1020,30,3000,500,945,0,0,0,0,0,0,0,0,0,0,-145,1,0,0,0,160,0,0,0,0,0,0,2018
655,1020,31,3000,500,945,0,0,0,0,0,0,0,0,0,0,-145,1,0,0,0,160,0,0,0,0,0,0,2018
656,1020,32,3000,500,945,0,0,0,0,0,0,0,0,0,0,-145,1,0,0,0,160,0,0,0,0,0,0,2018
657,0,1,3000,500,945,0,0,0,0,0,0,0,0,0,0,-145,1,0,0,0,160,0,0,0,0,0,0,2018
658,0,2,3000,500,945,0,0,0,0,0,0,0,0,0,0,-145,1,0,0,0,160,0,0,0,0,0,0,2018
659,0,3,3000,500,945,0,0,0,0,0,0,0,0,0,0,-145,1,0,0,0,160,0,0,0,0,0,0,2018
660,0,4,3000,500,945,0,0,0,0,0,0,0,0,0,0,-145,1,0,0,0,160,0,0,0,0,0,0,2018
661,0,5,3000,500,945,0,0,0,0,0,0,0,0,0,0,-145,1,0,0,0,160,0,0,0,0,0,0,2018
662,0,6,3000,500,945,0,0,0,0,0,0,0,0,0,0,-145,1,0,0,0,160,0,0,0,0,0,0,2018
663,0,7,3000,500,945,0,0,0,0,0,0,0,0,0,0,-145,1,0,0,0,160,0,0,0,0,0,0,2018
664,0,8,3000,500,945,0,0,0,0,0,0,0,0,0,0,-145,1,0,0,0,160,0,0,0,0,0,0,2018
665,0,9,3000,500,945,0,0,0,0,0,0,0,0,0,0,-145,1,0,0,0,160,0,0,0,0,0,0,2018
666,0,10,3000,500,945,0,0,0,0,0,0,0,0,0,0,-145,1,0,0,0,160,0,0,0,0,0,0,2018
667,0,11,3000,500,945,0,0,0,0,0,0,0,0,0,0,-145,1,0,0,0,160,0,0,0,0,0,0,2018
668,0,12,3000,500,945,0,0,0,0,0,0,0,0,0,0,-145,1,0,0,0,160,0,0,0,0,0,0,2018
669,0,13,3000,500,945,0,0,0,0,0,0,0,0,0,0,-145,1,0,0,0,160,0,0,0,0,0,0,2018
670,0,14,3000,500,945,0,0,0,0,0,0,0,0,0,0,-145,1,0,0,0,160,0,0,0,0,0,0,2018
671,0,15,3000,500,945,0,0,0,0,0,0,0,0,0,0,-145,1,0,0,0,160,0,0,0,0,0,0,2018
672,0,16,3000,500,945,0,0,0,0,0,0,0,0,0,0,-145,1,0,0,0,160,0,0,0,0,0,0,2018
673,0,17,3000,500,945,0,0,0,0,0,0,0,0,0,0,-145,1,0,0,0,160,0,0,0,0,0,0,2018
674,0,18,3000,500,945,0,0,0,0,0,0,0,0,0,0,-145,1,0,0,0,160,0,0,0,0,0,0,2018
675,0,19,3000,500,945,0,0,0,0,0,0,0,0,0,0,-145,1,0,0,0,160,0,0,0,0,0,0,2018
676,0,20,3000,500,945,0,0,0,0,0,0,0,0,0,0,-145,1,0,0,0,160,0,0,0,0,0,0,2018
677,0,21,3000,500,945,0,0,0,0,0,0,0,0,0,0,-145,1,0,0,0,160,0,0,0,0,0,0,2018
678,0,22,3000,500,945,0,0,0,0,0,0,0,0,0,0,-145,1,0,0,0,160,0,0,0,0,0,0,2018
679,0,23,3000,500,945,0,0,0,0,0,0,0,0,0,0,-145,1,0,0,0,160,0,0,0,0,0,0,2018
680,0,24,3000,500,945,0,0,0,0,0,0,0,0,0,0,-145,1,0,0,0,160,0,0,0,0,0,0,2018
681,0,25,3000,500,945,0,0,0,0,0,0,0,0,0,0,-145,1,0,0,0,160,0,0,0,0,0,0,2018
682,0,26,3000,500,945,0,0,0,0,0,0,0,0,0,0,-145,1,0,0,0,160,0,0,0,0,0,0,2018
683,0,27,3000,500,945,0,0,0,0,0,0,0,0,0,0,-145,1,0,0,0,160,0,0,0,0,0,0,2018
684,0,28,3000,500,945,0,0,0,0,0,0,0,0,0,0,-145,1,0,0,0,160,0,0,0,0,0,0,2018
685,0,29,3000,500,945,0,0,0,0,0,0,0,0,0,0,-145,1,0,0,0,160,0,0,0,0,0,0,2018
686,0,30,3000,500,945,0,0,0,0,0,0,0,0,0,0,-145,1,0,0,0,160,0,0,0,0,0,0,2018
687,0,31,3000,500,945,0,0,0,0,0,0,0,0,0,0,-145,1,0,0,0,160,0,0,0,0,0,0,2018
688,0,32,3000,500,945,0,0,0,0,0,0,0,0,0,0,-145,1,0,0,0,160,0,0,0,0,0,0,2018
689,0,33,3000,500,945,0,0,0,0,0,0,0,0,0,0,-145,1,0,0,0,160,0,0,0,0,0,0,2018
690,0,34,3000,500,945,0,0,0,0,0,0,0,0,0,0,-145,1,0,0,0,160,0,0,0,0,0,0,2018
691,0,35,3000,500,945,0,0,0,0,0,0,0,0,0,0,-145,1,0,0,0,160,0,0,0,0,0,0,2018
692,0,36,3000,500,945,0,0,0,0,0,0,0,0,0,0,-145,1,0,0,0,160,0,0,0,0,0,0,2018
693,0,37,3000,500,945,0,0,0,0,0,0,0,0,0,0,-145,1,0,0,0,160,0,0,0,0,0,0,2018
694,0,38,3000,500,945,0,0,0,0,0,0,0,0,0,0,-145,1,0,0,0,160,0,0,0,0,0,0,2018
695,0,39,3000,500,945,0,0,0,0,0,0,0,0,0,0,-145,1,0,0,0,160,0,0,0,0,0,0,2018
696,0,40,3000,500,945,0,0,0,0,0,0,0,0,0,0,-145,1,0,0,0,160,0,0,0,0,0,0,2018
697,0,41,3000,500,945,0,0,0,0,0,0,0,0,0,0,-145,1,0,0,0,160,0,0,0,0,0,0,2018
698,0,42,3000,500,945,0,0,0,0,0,0,0,0,0,0,-145,1,0,0,0,160,0,0,0,0,0,0,2018
699,0,43,3000,500,945,0,0,0,0,0,0,0,0,0,0,-145,1,0,0,0,160,0,0,0,0,0,0,2018
700,0,44,3000,500,945,0,0,0,0,0,0,0,0,0,0,-145,1,0,0,0,160,0,0,0,0,0,0,2018
701,0,45,3000,500,945,0,0,0,0,0,0,0,0,0,0,-145,1,0,0,0,160,0,0,0,0,0,0,2018
702,0,46,3000,500,945,0,0,0,0,0,0,0,0,0,0,-145,1,0,0,0,160,0,0,0,0,0,0,2018
703,0,47,3000,500,945,0,0,0,0,0,0,0,0,0,0,-145,1,0,0,0,160,0,0,0,0,0,0,2018
704,0,48,3000,500,945,0,0,0,0,0,0,0,0,0,0,-145,1,0,0,0,160,0,0,0,0,0,0,2018
705,0,49,3000,500,945,0,0,0,0,0,0,0,0,0,0,-145,1,0,0,0,160,0,0,0,0,0,0,2018
706,0,50,3000,500,945,0,0,0,0,0,0,0,0,0,0,-145,1,0,0,0,160,0,0,0,0,0,0,2018
707,0,51,3000,500,945,0,0,0,0,0,0,0,0,0,0,-145,1,0,0,0,160,0,0,0,0,0,0,2018
708,0,52,3000,500,945,0,0,0,0,0,0,0,0,0,0,-145,1,0,0,0,160,0,0,0,0,0,0,2018
709,0,53,3000,500,945,0,0,0,0,0,0,0,0,0,0,-145,1,0,0,0,160,0,0,0,0,0,0,2018
710,0,54,3000,500,945,0,0,0,0,0,0,0,0,0,0,-145,1,0,0,0,160,0,0,0,0,0,0,2018
711,0,55,3000,500,945,0,0,0,0,0,0,0,0,0,0,-145,1,0,0,0,160,0,0,0,0,0,0,2018
712,0,56,3000,500,945,0,0,0,0,0,0,0,0,0,0,-145,1,0,0,0,160,0,0,0,0,0,0,2018
713,0,57,3000,500,945,0,0,0,0,0,0,0,0,0,0,-145,1,0,0,0,160,0,0,0,0,0,0,2018
714,0,58,3000,500,945,0,0,0,0,0,0,0,0,0,0,-145,1,0,0,0,160,0,0,0,0,0,0,2018
715,0,59,3000,500,945,0,0,0,0,0,0,0,0,0,0,-145,1,0,0,0,160,0,0,0,0,0,0,2018
716,0,60,3000,500,945,0,0,0,0,0,0,0,0,0,0,-145,1,0,0,0,160,0,0,0,0,0,0,2018
717,0,61,3000,500,945,0,0,0,0,0,0,0,0,0,0,-145,1,0,0,0,160,0,0,0,0,0,0,2018
718,0,62,3000,500,945,0,0,0,0,0,0,0,0,0,0,-145,1,0,0,0,160,0,0,0,0,0,0,2018
719,0,63,3000,500,945,0,0,0,0,0,0,0,0,0,0,-145,1,0,0,0,160,0,0,0,0,0,0,2018
720,0,64,3000,500,945,0,0,0,0,0,0,0,0,0,0,-145,1,0,0,0,160,0,0,0,0,0,0,2018
721,0,65,3000,500,945,0,0,0,0,0,0,0,0,0,0,-145,1,0,0,0,160,0,0,0,0,0,0,2018
722,0,66,3000,500,945,0,0,0,0,0,0,0,0,0,0,-145,1,0,0,0,160,0,0,0,0,0,0,2018
723,0,67,3000,500,945,0,0,0,0,0,0,0,0,0,0,-145,1,0,0,0,160,0,0,0,0,0,0,2018
724,0,68,3000,500,945,0,0,0,0,0,0,0,0,0,0,-145,1,0,0,0,160,0,0,0,0,0,0,2018
725,0,69,3000,500,945,0,0,0,0,0,0,0,0,0,0,-145,1,0,0,0,160,0,0,0,0,0,0,2018
726,0,70,3000,500,945,0,0,0,0,0,0,0,0,0,0,-145,1,0,0,0,160,0,0,0,0,0,0,2018
727,0,71,3000,500,945,0,0,0,0,0,0,0,0,0,0,-145,1,0,0,0,160,0,0,0,0,0,0,2018
728,0,72,3000,500,945,0,0,0,0,0,0,0,0,0,0,-145,1,0,0,0,160,0,0,0,0,0,0,2018
729,0,73,3000,500,945,0,0,0,0,0,0,0,0,0,0,-145,1,0,0,0,160,0,0,0,0,0,0,2018
730,0,74,3000,500,945,0,0,0,0,0,0,0,0,0,0,-145,1,0,0,0,160,0,0,0,0,0,0,2018
731,0,75,3000,500,945,0,0,0,0,0,0,0,0,0,0,-145,1,0,0,0,160,0,0,0,0,0,0,2018
732,0,76,3000,500,945,0,0,0,0,0,0,0,0,0,0,-145,1,0,0,0,160,0,0,0,0,0,0,2018
733,0,77,3000,500,945,0,0,0,0,0,0,0,0,0,0,-145,1,0,0,0,160,0,0,0,0,0,0,2018
734,0,78,3000,500,945,0,0,0,0,0,0,0,0,0,0,-145,1,0,0,0,160,0,0,0,0,0,0,2018
735,0,79,3000,500,945,0,0,0,0,0,0,0,0,0,0,-145,1,0,0,0,160,0,0,0,0,0,0,2018
736,0,80,3000,500,945,0,0,0,0,0,0,0,0,0,0,-145,1,0,0,0,160,0,0,0,0,0,0,2018
737,0,81,3000,500,945,0,0,0,0,0,0,0,0,0,0,-145,1,0,0,0,160,0,0,0,0,0,0,2018
738,0,82,3000,500,945,0,0,0,0,0,0,0,0,0,0,-145,1,0,0,0,160,0,0,0,0,0,0,2018
739,0,83,3000,500,945,0,0,0,0,0,0,0,0,0,0,-145,1,0,0,0,160,0,0,0,0,0,0,2018
740,0,84,3000,500,945,0,0,0,0,0,0,0,0,0,0,-145,1,0,0,0,160,0,0,0,0,0,0,2018
741,0,85,3000,500,945,0,0,0,0,0,0,0,0,0,0,-145,1,0,0,0,160,0,0,0,0,0,0,2018
742,0,86,3000,500,945,0,0,0,0,0,0,0,0,0,0,-145,1,0,0,0,160,0,0,0,0,0,0,2018
743,0,87,3000,500,945,0,0,0,0,0,0,0,0,0,0,-145,1,0,0,0,160,0,0,0,0,0,0,2018
744,0,88,3000,500,945,0,0,0,0,0,0,0,0,0,0,-145,1,0,0,0,160,0,0,0,0,0,0,2018
745,0,89,3000,500,945,0,0,0,0,0,0,0,0,0,0,-145,1,0,0,0,160,0,0,0,0,0,0,2018
746,0,90,3000,500,945,0,0,0,0,0,0,0,0,0,0,-145,1,0,0,0,160,0,0,0,0,0,0,2018
747,0,91,3000,500,945,0,0,0,0,0,0,0,0,0,0,-145,1,0,0,0,160,0,0,0,0,0,0,2018
748,0,92,3000,500,945,0,0,0,0,0,0,0,0,0,0,-145,1,0,0,0,160,0,0,0,0,0,0,2018
749,0,93,3000,500,945,0,0,0,0,0,0,0,0,0,0,-145,1,0,0,0,160,0,0,0,0,0,0,2018
750,0,94,3000,500,945,0,0,0,0,0,0,0,0,0,0,-145,1,0,0,0,160,0,0,0,0,0,0,2018
751,0,95,3000,500,945,0,0,0,0,0,0,0,0,0,0,-145,1,0,0,0,160,0,0,0,0,0,0,2018
752,0,96,3000,500,945,0,0,0,0,0,0,0,0,0,0,-145,1,0,0,0,160,0,0,0,0,0,0,2018
753,0,97,3000,500,945,0,0,0,0,0,0,0,0,0,0,-145,1,0,0,0,160,0,0,0,0,0,0,2018
754,0,98,3000,500,945,0,0,0,0,0,0,0,0,0,0,-145,1,0,0,0,160,0,0,0,0,0,0,2018
755,0,99,3000,500,945,0,0,0,0,0,0,0,0,0,0,-145,1,0,0,0,160,0,0,0,0,0,0,2018
756,0,100,3000,500,945,0,0,0,0,0,0,0,0,0,0,-145,1,0,0,0,160,0,0,0,0,0,0,2018
757,0,101,3000,500,945,0,0,0,0,0,0,0,0,0,0,-145,1,0,0,0,160,0,0,0,0,0,0,2018
758,0,102,3000,500,945,0,0,0,0,0,0,0,0,0,0,-145,1,0,0,0,160,0,0,0,0,0,0,2018
759,0,103,3000,500,945,0,0,0,0,0,0,0,0,0,0,-145,1,0,0,0,160,0,0,0,0,0,0,2018
760,0,104,3000,500,945,0,0,0,0,0,0,0,0,0,0,-145,1,0,0,0,160,0,0,0,0,0,0,2018
761,0,105,3000,500,945,0,0,0,0,0,0,0,0,0,0,-145,1,0,0,0,160,0,0,0,0,0,0,2018
762,0,106,3000,500,945,0,0,0,0,0,0,0,0,0,0,-145,1,0,0,0,160,0,0,0,0,0,0,2018
763,0,107,3000,500,945,0,0,0,0,0,0,0,0,0,0,-145,1,0,0,0,160,0,0,0,0,0,0,2018
764,0,108,3000,500,945,0,0,0,0,0,0,0,0,0,0,-145,1,0,0,0,160,0,0,0,0,0,0,2018
765,0,109,3000,500,945,0,0,0,0,0,0,0,0,0,0,-145,1,0,0,0,160,0,0,0,0,0,0,2018
766,0,110,3000,500,945,0,0,0,0,0,0,0,0,0,0,-145,1,0,0,0,160,0,0,0,0,0,0,2018
767,0,111,3000,500,945,0,0,0,0,0,0,0,0,0,0,-145,1,0,0,0,160,0,0,0,0,0,0,2018
768,0,112,3000,500,945,0,0,0,0,0,0,0,0,0,0,-145,1,0,0,0,160,0,0,0,0,0,0,2018
769,0,113,3000,500,945,0,0,0,0,0,0,0,0,0,0,-145,1,0,0,0,160,0,0,0,0,0,0,2018
770,0,114,3000,500,945,0,0,0,0,0,0,0,0,0,0,-145,1,0,0,0,160,0,0,0,0,0,0,2018
771,0,115,3000,500,945,0,0,0,0,0,0,0,0,0,0,-145,1,0,0,0,160,0,0,0,0,0,0,2018
772,0,116,3000,500,945,0,0,0,0,0,0,0,0,0,0,-145,1,0,0,0,160,0,0,0,0,0,0,2018
773,0,117,3000,500,945,0,0,0,0,0,0,0,0,0,0,-145,1,0,0,0,160,0,0,0,0,0,0,2018
774,0,118,3000,500,945,0,0,0,0,0,0,0,0,0,0,-145,1,0,0,0,160,0,0,0,0,0,0,2018
775,0,119,3000,500,945,0,0,0,0,0,0,0,0,0,0,-145,1,0,0,0,160,0,0,0,0,0,0,2018
776,0,120,3000,500,945,0,0,0,0,0,0,0,0,0,0,-145,1,0,0,0,160,0,0,0,0,0,0,2018
777,0,121,3000,500,945,0,0,0,0,0,0,0,0,0,0,-145,1,0,0,0,160,0,0,0,0,0,0,2018
778,0,122,3000,500,945,0,0,0,0,0,0,0,0,0,0,-145,1,0,0,0,160,0,0,0,0,0,0,2018
779,0,123,3000,500,945,0,0,0,0,0,0,0,0,0,0,-145,1,0,0,0,160,0,0,0,0,0,0,2018
780,0,124,3000,500,945,0,0,0,0,0,0,0,0,0,0,-145,1,0,0,0,160,0,0,0,0,0,0,2018
781,0,125,3000,500,945,0,0,0,0,0,0,0,0,0,0,-145,1,0,0,0,160,0,0,0,0,0,0,2018
782,0,126,3000,500,945,0,0,0,0,0,0,0,0,0,0,-145,1,0,0,0,160,0,0,0,0,0,0,2018
783,0,127,3000,500,945,0,0,0,0,0,0,0,0,0,0,-145,1,0,0,0,160,0,0,0,0,0,0,2018
784,0,128,3000,500,945,0,0,0,0,0,0,0,0,0,0,-145,1,0,0,0,160,0,0,0,0,0,0,2018
785,0,129,3000,500,945,0,0,0,0,0,0,0,0,0,0,-145,1,0,0,0,160,0,0,0,0,0,0,2018
786,0,130,3000,500,945,0,0,0,0,0,0,0,0,0,0,-145,1,0,0,0,160,0,0,0,0,0,0,2018
787,0,131,3000,500,945,0,0,0,0,0,0,0,0,0,0,-145,1,0,0,0,160,0,0,0,0,0,0,2018
788,0,132,3000,500,945,0,0,0,0,0,0,0,0,0,0,-145,1,0,0,0,160,0,0,0,0,0,0,2018
789,0,133,3000,500,945,0,0,0,0,0,0,0,0,0,0,-145,1,0,0,0,160,0,0,0,0,0,0,2018
790,0,134,3000,500,945,0,0,0,0,0,0,0,0,0,0,-145,1,0,0,0,160,0,0,0,0,0,0,2018
791,0,135,3000,500,945,0,0,0,0,0,0,0,0,0,0,-145,1,0,0,0,160,0,0,0,0,0,0,2018
792,0,136,3000,500,945,0,0,0,0,0,0,0,0,0,0,-145,1,0,0,0,160,0,0,0,0,0,0,2018
793,0,137,3000,500,945,0,0,0,0,0,0,0,0,0,0,-145,1,0,0,0,160,0,0,0,0,0,0,2018
794,0,138,3000,500,945,0,0,0,0,0,0,0,0,0,0,-145,1,0,0,0,160,0,0,0,0,0,0,2018
795,0,139,3000,500,945,0,0,0,0,0,0,0,0,0,0,-145,1,0,0,0,160,0,0,0,0,0,0,2018
796,0,140,3000,500,945,0,0,0,0,0,0,0,0,0,0,-145,1,0,0,0,160,0,0,0,0,0,0,2018
797,0,141,3000,500,945,0,0,0,0,0,0,0,0,0,0,-145,1,0,0,0,160,0,0,0,0,0,0,2018
798,0,142,3000,500,945,0,0,0,0,0,0,0,0,0,0,-145,1,0,0,0,160,0,0,0,0,0,0,2018
799,0,143,3000,500,945,0,0,0,0,0,0,0,0,0,0,-145,1,0,0,0,160,0,0,0,0,0,0,2018
800,0,144,3000,500,945,0,0,0,0,0,0,0,0,0,0,-145,1,0,0,0,160,0,0,0,0,0,0,2018
801,0,145,3000,500,945,0,0,0,0,0,0,0,0,0,0,-145,1,0,0,0,160,0,0,0,0,0,0,2018
802,0,146,3000,500,945,0,0,0,0,0,0,0,0,0,0,-145,1,0,0,0,160,0,0,0,0,0,0,2018
803,0,147,3000,500,945,0,0,0,0,0,0,0,0,0,0,-145,1,0,0,0,160,0,0,0,0,0,0,2018
804,0,148,3000,500,945,0,0,0,0,0,0,0,0,0,0,-145,1,0,0,0,160,0,0,0,0,0,0,2018
805,0,149,3000,500,945,0,0,0,0,0,0,0,0,0,0,-145,1,0,0,0,160,0,0,0,0,0,0,2018
806,0,150,3000,500,945,0,0,0,0,0,0,0,0,0,0,-145,1,0,0,0,160,0,0,0,0,0,0,2018
807,0,151,3000,500,945,0,0,0,0,0,0,0,0,0,0,-145,1,0,0,0,160,0,0,0,0,0,0,2018
808,0,152,3000,500,945,0,0,0,0,0,0,0,0,0,0,-145,1,0,0,0,160,0,0,0,0,0,0,2018
809,0,153,3000,500,945,0,0,0,0,0,0,0,0,0,0,-145,1,0,0,0,160,0,0,0,0,0,0,2018
810,0,154,3000,500,945,0,0,0,0,0,0,0,0,0,0,-145,1,0,0,0,160,0,0,0,0,0,0,2018
811,0,155,3000,500,945,0,0,0,0,0,0,0,0,0,0,-145,1,0,0,0,160,0,0,0,0,0,0,2018
812,0,156,3000,500,945,0,0,0,0,0,0,0,0,0,0,-145,1,0,0,0,160,0,0,0,0,0,0,2018
813,0,157,3000,500,945,0,0,0,0,0,0,0,0,0,0,-145,1,0,0,0,160,0,0,0,0,0,0,2018
814,0,158,3000,500,945,0,0,0,0,0,0,0,0,0,0,-145,1,0,0,0,160,0,0,0,0,0,0,2018
815,0,159,3000,500,945,0,0,0,0,0,0,0,0,0,0,-145,1,0,0,0,160,0,0,0,0,0,0,2018
816,0,160,3000,500,945,0,0,0,0,0,0,0,0,0,0,-145,1,0,0,0,160,0,0,0,0,0,0,2018
817,0,161,3000,500,945,0,0,0,0,0,0,0,0,0,0,-145,1,0,0,0,160,0,0,0,0,0,0,2018
818,0,162,3000,500,945,0,0,0,0,0,0,0,0,0,0,-145,1,0,0,0,160,0,0,0,0,0,0,2018
819,0,163,3000,500,945,0,0,0,0,0,0,0,0,0,0,-145,1,0,0,0,160,0,0,0,0,0,0,2018
820,0,164,3000,500,945,0,0,0,0,0,0,0,0,0,0,-145,1,0,0,0,160,0,0,0,0,0,0,2018
821,0,165,3000,500,945,0,0,0,0,0,0,0,0,0,0,-145,1,0,0,0,160,0,0,0,0,0,0,2018
822,0,166,3000,500,945,0,0,0,0,0,0,0,0,0,0,-145,1,0,0,0,160,0,0,0,0,0,0,2018
823,0,167,3000,500,945,0,0,0,0,0,0,0,0,0,0,-145,1,0,0,0,160,0,0,0,0,0,0,2018
824,0,168,3000,500,945,0,0,0,0,0,0,0,0,0,0,-145,1,0,0,0,160,0,0,0,0,0,0,2018
825,0,169,3000,500,945,0,0,0,0,0,0,0,0,0,0,-145,1,0,0,0,160,0,0,0,0,0,0,2018
826,0,170,3000,500,945,0,0,0,0,0,0,0,0,0,0,-145,1,0,0,0,160,0,0,0,0,0,0,2018
827,0,171,3000,500,945,0,0,0,0,0,0,0,0,0,0,-145,1,0,0,0,160,0,0,0,0,0,0,2018
828,0,172,3000,500,945,0,0,0,0,0,0,0,0,0,0,-145,1,0,0,0,160,0,0,0,0,0,0,2018
829,0,173,3000,500,945,0,0,0,0,0,0,0,0,0,0,-145,1,0,0,0,160,0,0,0,0,0,0,2018
830,0,174,3000,500,945,0,0,0,0,0,0,0,0,0,0,-145,1,0,0,0,160,0,0,0,0,0,0,2018
831,0,175,3000,500,945,0,0,0,0,0,0,0,0,0,0,-145,1,0,0,0,160,0,0,0,0,0,0,2018
832,0,176,3000,500,945,0,0,0,0,0,0,0,0,0,0,-145,1,0,0,0,160,0,0,0,0,0,0,2018
833,0,177,3000,500,945,0,0,0,0,0,0,0,0,0,0,-145,1,0,0,0,160,0,0,0,0,0,0,2018
834,0,178,3000,500,945,0,0,0,0,0,0,0,0,0,0,-145,1,0,0,0,160,0,0,0,0,0,0,2018
835,0,179,3000,500,945,0,0,0,0,0,0,0,0,0,0,-145,1,0,0,0,160,0,0,0,0,0,0,2018
836,0,180,3000,500,945,0,0,0,0,0,0,0,0,0,0,-145,1,0,0,0,160,0,0,0,0,0,0,2018
837,0,181,3000,500,945,0,0,0,0,0,0,0,0,0,0,-145,1,0,0,0,160,0,0,0,0,0,0,2018
838,0,182,3000,500,945,0,0,0,0,0,0,0,0,0,0,-145,1,0,0,0,160,0,0,0,0,0,0,2018
839,0,183,3000,500,945,0,0,0,0,0,0,0,0,0,0,-145,1,0,0,0,160,0,0,0,0,0,0,2018
840,0,184,3000,500,945,0,0,0,0,0,0,0,0,0,0,-145,1,0,0,0,160,0,0,0,0,0,0,2018
841,0,185,3000,500,945,0,0,0,0,0,0,0,0,0,0,-145,1,0,0,0,160,0,0,0,0,0,0,2018
842,0,186,3000,500,945,0,0,0,0,0,0,0,0,0,0,-145,1,0,0,0,160,0,0,0,0,0,0,2018
843,0,187,3000,500,945,0,0,0,0,0,0,0,0,0,0,-145,1,0,0,0,160,0,0,0,0,0,0,2018
844,0,188,3000,500,945,0,0,0,0,0,0,0,0,0,0,-145,1,0,0,0,160,0,0,0,0,0,0,2018
845,0,189,3000,500,945,0,0,0,0,0,0,0,0,0,0,-145,1,0,0,0,160,0,0,0,0,0,0,2018
846,0,190,3000,500,945,0,0,0,0,0,0,0,0,0,0,-145,1,0,0,0,160,0,0,0,0,0,0,2018
847,0,191,3000,500,945,0,0,0,0,0,0,0,0,0,0,-145,1,0,0,0,160,0,0,0,0,0,0,2018
848,0,192,3000,500,945,0,0,0,0,0,0,0,0,0,0,-145,1,0,0,0,160,0,0,0,0,0,0,2018
849,0,193,3000,500,945,0,0,0,0,0,0,0,0,0,0,-145,1,0,0,0,160,0,0,0,0,0,0,2018
850,0,194,3000,500,945,0,0,0,0,0,0,0,0,0,0,-145,1,0,0,0,160,0,0,0,0,0,0,2018
851,0,195,3000,500,945,0,0,0,0,0,0,0,0,0,0,-145,1,0,0,0,160,0,0,0,0,0,0,2018
852,0,196,3000,500,945,0,0,0,0,0,0,0,0,0,0,-145,1,0,0,0,160,0,0,0,0,0,0,2018
853,0,197,3000,500,945,0,0,0,0,0,0,0,0,0,0,-145,1,0,0,0,160,0,0,0,0,0,0,2018
854,0,198,3000,500,945,0,0,0,0,0,0,0,0,0,0,-145,1,0,0,0,160,0,0,0,0,0,0,2018
855,0,199,3000,500,945,0,0,0,0,0,0,0,0,0,0,-145,1,0,0,0,160,0,0,0,0,0,0,2018
856,0,200,3000,500,945,0,0,0,0,0,0,0,0,0,0,-145,1,0,0,0,160,0,0,0,0,0,0,2018
857,0,201,3000,500,945,0,0,0,0,0,0,0,0,0,0,-145,1,0,0,0,160,0,0,0,0,0,0,2018
858,0,202,3000,500,945,0,0,0,0,0,0,0,0,0,0,-145,1,0,0,0,160,0,0,0,0,0,0,2018
859,0,203,3000,500,945,0,0,0,0,0,0,0,0,0,0,-145,1,0,0,0,160,0,0,0,0,0,0,2018
860,0,204,3000,500,945,0,0,0,0,0,0,0,0,0,0,-145,1,0,0,0,160,0,0,0,0,0,0,2018
861,0,205,3000,500,945,0,0,0,0,0,0,0,0,0,0,-145,1,0,0,0,160,0,0,0,0,0,0,2018
862,0,206,3000,500,945,0,0,0,0,0,0,0,0,0,0,-145,1,0,0,0,160,0,0,0,0,0,0,2018
863,0,207,3000,500,945,0,0,0,0,0,0,0,0,0,0,-145,1,0,0,0,160,0,0,0,0,0,0,2018
864,0,208,3000,500,945,0,0,0,0,0,0,0,0,0,0,-145,1,0,0,0,160,0,0,0,0,0,0,2018
865,0,209,3000,500,945,0,0,0,0,0,0,0,0,0,0,-145,1,0,0,0,160,0,0,0,0,0,0,2018
866,0,210,3000,500,945,0,0,0,0,0,0,0,0,0,0,-145,1,0,0,0,160,0,0,0,0,0,0,2018
867,0,211,3000,500,945,0,0,0,0,0,0,0,0,0,0,-145,1,0,0,0,160,0,0,0,0,0,0,2018
868,0,212,3000,500,945,0,0,0,0,0,0,0,0,0,0,-145,1,0,0,0,160,0,0,0,0,0,0,2018
869,0,213,3000,500,945,0,0,0,0,0,0,0,0,0,0,-145,1,0,0,0,160,0,0,0,0,0,0,2018
870,0,214,3000,500,945,0,0,0,0,0,0,0,0,0,0,-145,1,0,0,0,160,0,0,0,0,0,0,2018
871,0,215,3000,500,945,0,0,0,0,0,0,0,0,0,0,-145,1,0,0,0,160,0,0,0,0,0,0,2018
872,0,216,3000,500,945,0,0,0,0,0,0,0,0,0,0,-145,1,0,0,0,160,0,0,0,0,0,0,2018
873,0,217,3000,500,945,0,0,0,0,0,0,0,0,0,0,-145,1,0,0,0,160,0,0,0,0,0,0,2018
874,0,218,3000,500,945,0,0,0,0,0,0,0,0,0,0,-145,1,0,0,0,160,0,0,0,0,0,0,2018
875,0,219,3000,500,945,0,0,0,0,0,0,0,0,0,0,-145,1,0,0,0,160,0,0,0,0,0,0,2018
876,0,220,3000,500,945,0,0,0,0,0,0,0,0,0,0,-145,1,0,0,0,160,0,0,0,0,0,0,2018
877,0,221,3000,500,945,0,0,0,0,0,0,0,0,0,0,-145,1,0,0,0,160,0,0,0,0,0,0,2018
878,0,222,3000,500,945,0,0,0,0,0,0,0,0,0,0,-145,1,0,0,0,160,0,0,0,0,0,0,2018
879,0,223,3000,500,945,0,0,0,0,0,0,0,0,0,0,-145,1,0,0,0,160,0,0,0,0,0,0,2018
880,0,224,3000,500,945,0,0,0,0,0,0,0,0,0,0,-145,1,0,0,0,160,0,0,0,0,0,0,2018
881,0,225,3000,500,945,0,0,0,0,0,0,0,0,0,0,-145,1,0,0,0,160,0,0,0,0,0,0,2018
882,0,226,3000,500,945,0,0,0,0,0,0,0,0,0,0,-145,1,0,0,0,160,0,0,0,0,0,0,2018
883,0,227,3000,500,945,0,0,0,0,0,0,0,0,0,0,-145,1,0,0,0,160,0,0,0,0,0,0,2018
884,0,228,3000,500,945,0,0,0,0,0,0,0,0,0,0,-145,1,0,0,0,160,0,0,0,0,0,0,2018
885,0,229,3000,500,945,0,0,0,0,0,0,0,0,0,0,-145,1,0,0,0,160,0,0,0,0,0,0,2018
886,0,230,3000,500,945,0,0,0,0,0,0,0,0,0,0,-145,1,0,0,0,160,0,0,0,0,0,0,2018
887,0,231,3000,500,945,0,0,0,0,0,0,0,0,0,0,-145,1,0,0,0,160,0,0,0,0,0,0,2018
888,0,232,3000,500,945,0,0,0,0,0,0,0,0,0,0,-145,1,0,0,0,160,0,0,0,0,0,0,2018
889,0,233,3000,500,945,0,0,0,0,0,0,0,0,0,0,-145,1,0,0,0,160,0,0,0,0,0,0,2018
890,0,234,3000,500,945,0,0,0,0,0,0,0,0,0,0,-145,1,0,0,0,160,0,0,0,0,0,0,2018
891,0,235,3000,500,945,0,0,0,0,0,0,0,0,0,0,-145,1,0,0,0,160,0,0,0,0,0,0,2018
892,0,236,3000,500,945,0,0,0,0,0,0,0,0,0,0,-145,1,0,0,0,160,0,0,0,0,0,0,2018
893,0,237,3000,500,945,0,0,0,0,0,0,0,0,0,0,-145,1,0,0,0,160,0,0,0,0,0,0,2018
894,0,238,3000,500,945,0,0,0,0,0,0,0,0,0,0,-145,1,0,0,0,160,0,0,0,0,0,0,2018
895,0,239,3000,500,945,0,0,0,0,0,0,0,0,0,0,-145,1,0,0,0,160,0,0,0,0,0,0,2018
896,0,240,3000,500,945,0,0,0,0,0,0,0,0,0,0,-145,1,0,0,0,160,0,0,0,0,0,0,2018
897,0,241,3000,500,945,0,0,0,0,0,0,0,0,0,0,-145,1,0,0,0,160,0,0,0,0,0,0,2018
898,0,242,3000,500,945,0,0,0,0,0,0,0,0,0,0,-145,1,0,0,0,160,0,0,0,0,0,0,2018
899,0,243,3000,500,945,0,0,0,0,0,0,0,0,0,0,-145,1,0,0,0,160,0,0,0,0,0,0,2018
900,0,244,3000,500,945,0,0,0,0,0,0,0,0,0,0,-145,1,0,0,0,160,0,0,0,0,0,0,2018
901,0,245,3000,500,945,0,0,0,0,0,0,0,0,0,0,-145,1,0,0,0,160,0,0,0,0,0,0,2018
902,0,246,3000,500,945,0,0,0,0,0,0,0,0,0,0,-145,1,0,0,0,160,0,0,0,0,0,0,2018
903,0,247,3000,500,945,0,0,0,0,0,0,0,0,0,0,-145,1,0,0,0,160,0,0,0,0,0,0,2018
904,0,248,3000,500,945,0,0,0,0,0,0,0,0,0,0,-145,1,0,0,0,160,0,0,0,0,0,0,2018
905,0,249,3000,500,945,0,0,0,0,0,0,0,0,0,0,-145,1,0,0,0,160,0,0,0,0,0,0,2018
906,0,250,3000,500,945,0,0,0,0,0,0,0,0,0,0,-145,1,0,0,0,160,0,0,0,0,0,0,2018
907,0,251,3000,500,945,0,0,0,0,0,0,0,0,0,0,-145,1,0,0,0,160,0,0,0,0,0,0,2018
908,0,252,3000,500,945,0,0,0,0,0,0,0,0,0,0,-145,1,0,0,0,160,0,0,0,0,0,0,2018
909,0,253,3000,500,945,0,0,0,0,0,0,0,0,0,0,-145,1,0,0,0,160,0,0,0,0,0,0,2018
910,0,1,3000,500,1000,0,0,0,0,0,0,0,0,0,0,-145,1,0,0,0,160,0,0,0,0,0,0,1000
911,0,2,3000,500,1000,0,0,0,0,0,0,0,0,0,0,-145,1,0,0,0,160,0,0,0,0,0,0,1000
912,0,3,3000,500,1000,0,0,0,0,0,0,0,0,0,0,-145,1,0,0,0,160,0,0,0,0,0,0,1000
913,0,4,3000,500,1000,0,0,0,0,0,0,0,0,0,0,-145,1,0,0,0,160,0,0,0,0,0,0,1000
914,0,5,3000,500,1000,0,0,0,0,0,0,0,0,0,0,-145,1,0,0,0,160,0,0,0,0,0,0,1000
915,0,6,3000,500,1000,0,0,0,0,0,0,0,0,0,0,-145,1,0,0,0,160,0,0,0,0,0,0,1000
916,0,7,3000,500,1000,0,0,0,0,0,0,0,0,0,0,-145,1,0,0,0,160,0,0,0,0,0,0,1000
917,0,8,3000,500,1000,0,0,0,0,0,0,0,0,0,0,-145,1,0,0,0,160,0,0,0,0,0,0,1000
918,0,9,3000,500,1000,0,0,0,0,0,0,0,0,0,0,-145,1,0,0,0,160,0,0,0,0,0,0,1000
919,20,1,3000,500,1000,0,0,0,0,0,0,0,0,0,0,-143.75,1,0,0,0,160,0,0,0,0,0,0,1000
920,20,2,3000,500,1000,0,0,0,0,0,0,0,0,0,0,-143.75,1,0,0,0,158.75,0,0,0,0,0,0,1000
921,20,3,3000,500,1000,0,0,0,0,0,0,0,0,0,0,-143.75,1,0,0,0,157.5,0,0,0,0,0,0,1000
922,10,1,3000,500,1000,0,0,0,0,0,0,0,0,0,0,-143.75,1,0,0,0,156.25,0,0,0,0,0,0,1000
923,10,2,3000,500,1000,0,0,0,0,0,0,0,0,0,0,-143.75,1,0,0,0,156.25,0,0,0,0,0,0,1000
924,10,3,3000,500,1000,0,0,0,0,0,0,0,0,0,0,-143.75,1,0,0,0,156.25,0,0,0,0,0,0,1000
925,10,4,3000,500,1000,0,0,0,0,0,0,0,0,0,0,-143.75,1,0,0,0,156.25,0,0,0,0,0,0,1000
926,10,5,3000,500,1000,0,0,0,0,0,0,0,0,0,0,-143.75,1,0,0,0,156.25,0,0,0,0,0,0,1000
927,10,6,3000,500,1000,0,0,0,0,0,0,0,0,0,0,-143.75,1,0,0,0,156.25,0,0,0,0,0,0,1000
928,10,7,3000,500,1000,0,0,0,0,0,0,0,0,0,0,-143.75,1,0,0,0,156.25,0,0,0,0,0,0,1000
929,10,8,3000,500,1000,0,0,0,0,0,0,0,0,0,0,-143.75,1,0,0,0,156.25,0,0,0,0,0,0,1000
930,10,9,3000,500,1000,0,0,0,0,0,0,0,0,0,0,-143.75,1,0,0,0,156.25,0,0,0,0,0,0,1000
931,1030,1,3000,500,1000,0,0,0,0,0,0,0,0,0,0,-143.75,1,0,0,0,156.25,0,0,0,0,0,0,1000
932,1030,2,3000,500,1000,0,0,0,0,0,0,0,0,0,0,-143.75,1,0,0,0,156.25,0,0,0,0,0,0,1000
933,1030,3,3000,500,1000,0,0,0,0,0,0,0,0,0,0,-143.75,1,0,0,0,156.25,0,0,0,0,0,0,1000
934,1030,4,3000,500,1000,0,0,0,0,0,0,0,0,0,0,-141.25,1,0,0,0,156.25,0,0,0,0,0,0,1000
935,1030,5,3000,500,1000,0,0,0,0,0,0,0,0,0,0,-140,1,0,0,0,156.25,0,0,0,0,0,0,1000
936,1030,6,3000,500,1000,0,0,0,0,0,0,0,0,0,0,-138.75,1,0,0,0,156.25,0,0,0,0,0,0,1000
937,1030,7,3000,500,1000,0,0,0,0,0,0,0,0,0,0,-137.5,1,0,0,0,156.25,0,0,0,0,0,0,1000
938,1030,8,3000,500,1000,0,0,0,0,0,0,0,0,0,0,-136.25,1,0,0,0,156.25,0,0,0,0,0,0,1000
939,1030,9,3000,500,1000,0,0,0,0,0,0,0,0,0,0,-135,1,0,0,0,156.25,0,0,0,0,0,0,1000
940,1030,9,4030,500,965,0,0,0,0,0,0,0,0,0,0,-135,1,0,0,0,156.25,0,0,0,0,0,0,2018
941,1030,9,4030,500,965,0,0,0,0,0,0,0,0,0,0,-135,1,0,0,0,156.25,0,0,0,0,0,0,2018
942,1030,9,4030,500,965,0,0,0,0,0,0,0,0,0,0,-135,1,0,0,0,156.25,0,0,0,0,0,0,2018
943,1030,9,4030,500,965,0,0,0,0,0,0,0,0,0,0,-135,1,0,0,0,156.25,0,0,0,0,0,0,2018
944,1030,9,4030,500,965,0,0,0,0,0,0,0,0,0,0,-135,1,0,0,0,156.25,0,0,0,0,0,0,2018
945,1030,9,4030,500,965,0,0,0,0,0,0,0,0,0,0,-135,1,0,0,0,156.25,0,0,0,0,0,0,2018
946,1030,10,4030,500,965,0,0,0,0,0,0,0,0,0,0,-133.75,1,0,0,0,156.25,0,0,0,0,0,0,2018
947,1030,11,4030,500,965,0,0,0,0,0,0,0,0,0,0,-132.5,1,0,0,0,156.25,0,0,0,0,0,0,2018
948,1030,12,4030,500,965,0,0,0,0,0,0,0,0,0,0,-131.25,1,0,0,0,156.25,0,0,0,0,0,0,2018
949,1030,13,4030,500,965,0,0,0,0,0,0,0,0,0,0,-129.75,1,0,0,0,156.25,0,0,0,0,0,0,2018
950,1030,14,4030,500,965,0,0,0,0,0,0,0,0,0,0,-128.5,1,0,0,0,156.25,0,0,0,0,0,0,2018
951,1030,15,4030,500,965,0,0,0,0,0,0,0,0,0,0,-127.25000762939453,1,0,0,0,156.25,0,0,0,0,0,0,2018
952,1030,16,4030,500,965,0,0,0,0,0,0,0,0,0,0,-126.00000762939453,1,0,0,0,156.25,0,0,0,0,0,0,2018
953,1030,17,4030,500,965,0,0,0,0,0,0,0,0,0,0,-124.75000762939453,1,0,0,0,156.25,0,0,0,0,0,0,2018
954,1030,18,4030,500,965,0,0,0,0,0,0,0,0,0,0,-123.50000762939453,1,0,0,0,156.25,0,0,0,0,0,0,2018
955,1030,19,4030,500,965,0,0,0,0,0,0,0,0,0,0,-122.25000762939453,1,0,0,0,156.25,0,0,0,0,0,0,2018
956,1030,20,4030,500,965,0,0,0,0,0,0,0,0,0,0,-122.25000762939453,1,0,0,0,156.25,0,0,0,0,0,0,2018
957,1030,21,4030,500,965,0,0,0,0,0,0,0,0,0,0,-122.25000762939453,1,0,0,0,156.25,0,0,0,0,0,0,2018
958,1030,21,5000,500,925,0,0,0,0,0,0,0,0,0,0,-122.25000762939453,1,0,0,0,156.25,0,0,0,0,0,0,3036
959,1030,21,5000,500,925,0,0,0,0,0,0,0,0,0,0,-122.25000762939453,1,0,0,0,156.25,0,0,0,0,0,0,3036
960,1030,21,5000,500,925,0,0,0,0,0,0,0,0,0,0,-122.25000762939453,1,0,0,0,156.25,0,0,0,0,0,0,3036
961,1030,21,5000,500,925,0,0,0,0,0,0,0,0,0,0,-122.25000762939453,1,0,0,0,156.25,0,0,0,0,0,0,3036
962,1030,21,5000,500,925,0,0,0,0,0,0,0,0,0,0,-122.25000762939453,1,0,0,0,156.25,0,0,0,0,0,0,3036
963,1030,21,5000,500,925,0,0,0,0,0,0,0,0,0,0,-122.25000762939453,1,0,0,0,156.25,0,0,0,0,0,0,3036
964,1030,22,5000,500,925,0,0,0,0,0,0,0,0,0,0,-122.25000762939453,1,0,0,0,156.25,0,0,0,0,0,0,3036
965,1030,23,5000,500,925,0,0,0,0,0,0,0,0,0,0,-122.25000762939453,1,0,0,0,156.25,0,0,0,0,0,0,3036
966,1030,24,5000,500,925,0,0,0,0,0,0,0,0,0,0,-122.25000762939453,1,0,0,0,156.25,0,0,0,0,0,0,3036
967,1030,25,5000,500,925,0,0,0,0,0,0,0,0,0,0,-122.25000762939453,1,0,0,0,156.25,0,0,0,0,0,0,3036
968,1030,26,5000,500,925,0,0,0,0,0,0,0,0,0,0,-122.25000762939453,1,0,0,0,156.25,0,0,0,0,0,0,3036
969,1030,27,5000,500,925,0,0,0,0,0,0,0,0,0,0,-122.25000762939453,1,0,0,0,156.25,0,0,0,0,0,0,3036
970,1030,28,5000,500,925,0,0,0,0,0,0,0,0,0,0,-122.25000762939453,1,0,0,0,156.25,0,0,0,0,0,0,3036
971,1030,29,5000,500,925,0,0,0,0,0,0,0,0,0,0,-122.25000762939453,1,0,0,0,156.25,0,0,0,0,0,0,3036
972,1030,30,5000,500,925,0,0,0,0,0,0,0,0,0,0,-122.25000762939453,1,0,0,0,156.25,0,0,0,0,0,0,3036
973,1030,31,5000,500,925,0,0,0,0,0,0,0,0,0,0,-122.25000762939453,1,0,0,0,156.25,0,0,0,0,0,0,3036
974,1030,32,5000,500,925,0,0,0,0,0,0,0,0,0,0,-122.25000762939453,1,0,0,0,156.25,0,0,0,0,0,0,3036
975,1030,33,5000,500,925,0,0,0,0,0,0,0,0,0,0,-122.25000762939453,1,0,0,0,156.25,0,0,0,0,0,0,3036
976,1030,34,5000,500,925,0,0,0,0,0,0,0,0,0,0,-122.25000762939453,1,0,0,0,156.25,0,0,0,0,0,0,3036
977,1030,35,5000,500,925,0,0,0,0,0,0,0,0,0,0,-122.25000762939453,1,0,0,0,156.25,0,0,0,0,0,0,3036
978,0,1,5000,500,925,0,0,0,0,0,0,0,0,0,0,-122.25000762939453,1,0,0,0,156.25,0,0,0,0,0,0,3036
979,0,2,5000,500,925,0,0,0,0,0,0,0,0,0,0,-122.25000762939453,1,0,0,0,156.25,0,0,0,0,0,0,3036
980,0,3,5000,500,925,0,0,0,0,0,0,0,0,0,0,-122.25000762939453,1,0,0,0,156.25,0,0,0,0,0,0,3036
981,0,4,5000,500,925,0,0,0,0,0,0,0,0,0,0,-122.25000762939453,1,0,0,0,156.25,0,0,0,0,0,0,3036
982,0,5,5000,500,925,0,0,0,0,0,0,0,0,0,0,-122.25000762939453,1,0,0,0,156.25,0,0,0,0,0,0,3036
983,0,6,5000,500,925,0,0,0,0,0,0,0,0,0,0,-122.25000762939453,1,0,0,0,156.25,0,0,0,0,0,0,3036
984,0,7,5000,500,925,0,0,0,0,0,0,0,0,0,0,-122.25000762939453,1,0,0,0,156.25,0,0,0,0,0,0,3036
985,0,8,5000,500,925,0,0,0,0,0,0,0,0,0,0,-122.25000762939453,1,0,0,0,156.25,0,0,0,0,0,0,3036
986,0,9,5000,500,925,0,0,0,0,0,0,0,0,0,0,-122.25000762939453,1,0,0,0,156.25,0,0,0,0,0,0,3036
987,0,10,5000,500,925,0,0,0,0,0,0,0,0,0,0,-122.25000762939453,1,0,0,0,156.25,0,0,0,0,0,0,3036
988,0,11,5000,500,925,0,0,0,0,0,0,0,0,0,0,-122.25000762939453,1,0,0,0,156.25,0,0,0,0,0,0,3036
989,0,12,5000,500,925,0,0,0,0,0,0,0,0,0,0,-122.25000762939453,1,0,0,0,156.25,0,0,0,0,0,0,3036
990,0,13,5000,500,925,0,0,0,0,0,0,0,0,0,0,-122.25000762939453,1,0,0,0,156.25,0,0,0,0,0,0,3036
991,0,14,5000,500,925,0,0,0,0,0,0,0,0,0,0,-122.25000762939453,1,0,0,0,156.25,0,0,0,0,0,0,3036
992,0,15,5000,500,925,0,0,0,0,0,0,0,0,0,0,-122.25000762939453,1,0,0,0,156.25,0,0,0,0,0,0,3036
993,0,16,5000,500,925,0,0,0,0,0,0,0,0,0,0,-122.25000762939453,1,0,0,0,156.25,0,0,0,0,0,0,3036
994,0,17,5000,500,925,0,0,0,0,0,0,0,0,0,0,-122.25000762939453,1,0,0,0,156.25,0,0,0,0,0,0,3036
995,0,18,5000,500,925,0,0,0,0,0,0,0,0,0,0,-122.25000762939453,1,0,0,0,156.25,0,0,0,0,0,0,3036
996,0,19,5000,500,925,0,0,0,0,0,0,0,0,0,0,-122.25000762939453,1,0,0,0,156.25,0,0,0,0,0,0,3036
997,0,20,5000,500,925,0,0,0,0,0,0,0,0,0,0,-122.25000762939453,1,0,0,0,156.25,0,0,0,0,0,0,3036
998,0,21,5000,500,925,0,0,0,0,0,0,0,0,0,0,-122.25000762939453,1,0,0,0,156.25,0,0,0,0,0,0,3036
999,0,22,5000,500,925,0,0,0,0,0,0,0,0,0,0,-122.25000762939453,1,0,0,0,156.25,0,0,0,0,0,0,3036
1000,0,23,5000,500,925,0,0,0,0,0,0,0,0,0,0,-122.25000762939453,1,0,0,0,156.25,0,0,0,0,0,0,3036
1001,0,24,5000,500,925,0,0,0,0,0,0,0,0,0,0,-122.25000762939453,1,0,0,0,156.25,0,0,0,0,0,0,3036
1002,0,25,5000,500,925,0,0,0,0,0,0,0,0,0,0,-122.25000762939453,1,0,0,0,156.25,0,0,0,0,0,0,3036
1003,0,26,5000,500,925,0,0,0,0,0,0,0,0,0,0,-122.25000762939453,1,0,0,0,156.25,0,0,0,0,0,0,3036
1004,0,27,5000,500,925,0,0,0,0,0,0,0,0,0,0,-122.25000762939453,1,0,0,0,156.25,0,0,0,0,0,0,3036
1005,0,28,5000,500,925,0,0,0,0,0,0,0,0,0,0,-122.25000762939453,1,0,0,0,156.25,0,0,0,0,0,0,3036
1006,0,29,5000,500,925,0,0,0,0,0,0,0,0,0,0,-122.25000762939453,1,0,0,0,156.25,0,0,0,0,0,0,3036
1007,0,30,5000,500,925,0,0,0,0,0,0,0,0,0,0,-122.25000762939453,1,0,0,0,156.25,0,0,0,0,0,0,3036
1008,0,31,5000,500,925,0,0,0,0,0,0,0,0,0,0,-122.25000762939453,1,0,0,0,156.25,0,0,0,0,0,0,3036
1009,0,32,5000,500,925,0,0,0,0,0,0,0,0,0,0,-122.25000762939453,1,0,0,0,156.25,0,0,0,0,0,0,3036
1010,0,33,5000,500,925,0,0,0,0,0,0,0,0,0,0,-122.25000762939453,1,0,0,0,156.25,0,0,0,0,0,0,3036
1011,0,34,5000,500,925,0,0,0,0,0,0,0,0,0,0,-122.25000762939453,1,0,0,0,156.25,0,0,0,0,0,0,3036
1012,0,35,5000,500,925,0,0,0,0,0,0,0,0,0,0,-122.25000762939453,1,0,0,0,156.25,0,0,0,0,0,0,3036
1013,0,36,5000,500,925,0,0,0,0,0,0,0,0,0,0,-122.25000762939453,1,0,0,0,156.25,0,0,0,0,0,0,3036
1014,0,37,5000,500,925,0,0,0,0,0,0,0,0,0,0,-122.25000762939453,1,0,0,0,156.25,0,0,0,0,0,0,3036
1015,0,38,5000,500,925,0,0,0,0,0,0,0,0,0,0,-122.25000762939453,1,0,0,0,156.25,0,0,0,0,0,0,3036
1016,0,39,5000,500,925,0,0,0,0,0,0,0,0,0,0,-122.25000762939453,1,0,0,0,156.25,0,0,0,0,0,0,3036
1017,0,40,5000,500,925,0,0,0,0,0,0,0,0,0,0,-122.25000762939453,1,0,0,0,156.25,0,0,0,0,0,0,3036
1018,0,41,5000,500,925,0,0,0,0,0,0,0,0,0,0,-122.25000762939453,1,0,0,0,156.25,0,0,0,0,0,0,3036
1019,0,42,5000,500,925,0,0,0,0,0,0,0,0,0,0,-122.25000762939453,1,0,0,0,156.25,0,0,0,0,0,0,3036
1020,0,43,5000,500,925,0,0,0,0,0,0,0,0,0,0,-122.25000762939453,1,0,0,0,156.25,0,0,0,0,0,0,3036
1021,0,44,5000,500,925,0,0,0,0,0,0,0,0,0,0,-122.25000762939453,1,0,0,0,156.25,0,0,0,0,0,0,3036
1022,0,45,5000,500,925,0,0,0,0,0,0,0,0,0,0,-122.25000762939453,1,0,0,0,156.25,0,0,0,0,0,0,3036
1023,0,46,5000,500,925,0,0,0,0,0,0,0,0,0,0,-122.25000762939453,1,0,0,0,156.25,0,0,0,0,0,0,3036
1024,0,47,5000,500,925,0,0,0,0,0,0,0,0,0,0,-122.25000762939453,1,0,0,0,156.25,0,0,0,0,0,0,3036
1025,0,48,5000,500,925,0,0,0,0,0,0,0,0,0,0,-122.25000762939453,1,0,0,0,156.25,0,0,0,0,0,0,3036
1026,0,49,5000,500,925,0,0,0,0,0,0,0,0,0,0,-122.25000762939453,1,0,0,0,156.25,0,0,0,0,0,0,3036
1027,0,50,5000,500,925,0,0,0,0,0,0,0,0,0,0,-122.25000762939453,1,0,0,0,156.25,0,0,0,0,0,0,3036
1028,0,51,5000,500,925,0,0,0,0,0,0,0,0,0,0,-122.25000762939453,1,0,0,0,156.25,0,0,0,0,0,0,3036
1029,0,52,5000,500,925,0,0,0,0,0,0,0,0,0,0,-122.25000762939453,1,0,0,0,156.25,0,0,0,0,0,0,3036
1030,0,53,5000,500,925,0,0,0,0,0,0,0,0,0,0,-122.25000762939453,1,0,0,0,156.25,0,0,0,0,0,0,3036
1031,0,54,5000,500,925,0,0,0,0,0,0,0,0,0,0,-122.25000762939453,1,0,0,0,156.25,0,0,0,0,0,0,3036
1032,0,55,5000,500,925,0,0,0,0,0,0,0,0,0,0,-122.25000762939453,1,0,0,0,156.25,0,0,0,0,0,0,3036
1033,0,56,5000,500,925,0,0,0,0,0,0,0,0,0,0,-122.25000762939453,1,0,0,0,156.25,0,0,0,0,0,0,3036
1034,0,57,5000,500,925,0,0,0,0,0,0,0,0,0,0,-122.25000762939453,1,0,0,0,156.25,0,0,0,0,0,0,3036
1035,0,58,5000,500,925,0,0,0,0,0,0,0,0,0,0,-122.25000762939453,1,0,0,0,156.25,0,0,0,0,0,0,3036
1036,0,59,5000,500,925,0,0,0,0,0,0,0,0,0,0,-122.25000762939453,1,0,0,0,156.25,0,0,0,0,0,0,3036
1037,0,60,5000,500,925,0,0,0,0,0,0,0,0,0,0,-122.25000762939453,1,0,0,0,156.25,0,0,0,0,0,0,3036
1038,0,61,5000,500,925,0,0,0,0,0,0,0,0,0,0,-122.25000762939453,1,0,0,0,156.25,0,0,0,0,0,0,3036
1039,0,62,5000,500,925,0,0,0,0,0,0,0,0,0,0,-122.25000762939453,1,0,0,0,156.25,0,0,0,0,0,0,3036
1040,0,63,5000,500,925,0,0,0,0,0,0,0,0,0,0,-122.25000762939453,1,0,0,0,156.25,0,0,0,0,0,0,3036
1041,0,64,5000,500,925,0,0,0,0,0,0,0,0,0,0,-122.25000762939453,1,0,0,0,156.25,0,0,0,0,0,0,3036
1042,0,65,5000,500,925,0,0,0,0,0,0,0,0,0,0,-122.25000762939453,1,0,0,0,156.25,0,0,0,0,0,0,3036
1043,0,66,5000,500,925,0,0,0,0,0,0,0,0,0,0,-122.25000762939453,1,0,0,0,156.25,0,0,0,0,0,0,3036
1044,0,67,5000,500,925,0,0,0,0,0,0,0,0,0,0,-122.25000762939453,1,0,0,0,156.25,0,0,0,0,0,0,3036
1045,0,68,5000,500,925,0,0,0,0,0,0,0,0,0,0,-122.25000762939453,1,0,0,0,156.25,0,0,0,0,0,0,3036
1046,0,69,5000,500,925,0,0,0,0,0,0,0,0,0,0,-122.25000762939453,1,0,0,0,156.25,0,0,0,0,0,0,3036
1047,0,70,5000,500,925,0,0,0,0,0,0,0,0,0,0,-122.25000762939453,1,0,0,0,156.25,0,0,0,0,0,0,3036
1048,0,71,5000,500,925,0,0,0,0,0,0,0,0,0,0,-122.25000762939453,1,0,0,0,156.25,0,0,0,0,0,0,3036
1049,0,72,5000,500,925,0,0,0,0,0,0,0,0,0,0,-122.25000762939453,1,0,0,0,156.25,0,0,0,0,0,0,3036
1050,0,73,5000,500,925,0,0,0,0,0,0,0,0,0,0,-122.25000762939453,1,0,0,0,156.25,0,0,0,0,0,0,3036
1051,0,74,5000,500,925,0,0,0,0,0,0,0,0,0,0,-122.25000762939453,1,0,0,0,156.25,0,0,0,0,0,0,3036
1052,0,75,5000,500,925,0,0,0,0,0,0,0,0,0,0,-122.25000762939453,1,0,0,0,156.25,0,0,0,0,0,0,3036
1053,0,76,5000,500,925,0,0,0,0,0,0,0,0,0,0,-122.25000762939453,1,0,0,0,156.25,0,0,0,0,0,0,3036
1054,0,77,5000,500,925,0,0,0,0,0,0,0,0,0,0,-122.25000762939453,1,0,0,0,156.25,0,0,0,0,0,0,3036
1055,0,78,5000,500,925,0,0,0,0,0,0,0,0,0,0,-122.25000762939453,1,0,0,0,156.25,0,0,0,0,0,0,3036
1056,0,79,5000,500,925,0,0,0,0,0,0,0,0,0,0,-122.25000762939453,1,0,0,0,156.25,0,0,0,0,0,0,3036
1057,0,80,5000,500,925,0,0,0,0,0,0,0,0,0,0,-122.25000762939453,1,0,0,0,156.25,0,0,0,0,0,0,3036
1058,0,81,5000,500,925,0,0,0,0,0,0,0,0,0,0,-122.25000762939453,1,0,0,0,156.25,0,0,0,0,0,0,3036
1059,0,82,5000,500,925,0,0,0,0,0,0,0,0,0,0,-122.25000762939453,1,0,0,0,156.25,0,0,0,0,0,0,3036
1060,0,83,5000,500,925,0,0,0,0,0,0,0,0,0,0,-122.25000762939453,1,0,0,0,156.25,0,0,0,0,0,0,3036
1061,0,84,5000,500,925,0,0,0,0,0,0,0,0,0,0,-122.25000762939453,1,0,0,0,156.25,0,0,0,0,0,0,3036
1062,0,85,5000,500,925,0,0,0,0,0,0,0,0,0,0,-122.25000762939453,1,0,0,0,156.25,0,0,0,0,0,0,3036
1063,0,86,5000,500,925,0,0,0,0,0,0,0,0,0,0,-122.25000762939453,1,0,0,0,156.25,0,0,0,0,0,0,3036
1064,0,87,5000,500,925,0,0,0,0,0,0,0,0,0,0,-122.25000762939453,1,0,0,0,156.25,0,0,0,0,0,0,3036
1065,0,88,5000,500,925,0,0,0,0,0,0,0,0,0,0,-122.25000762939453,1,0,0,0,156.25,0,0,0,0,0,0,3036
1066,0,89,5000,500,925,0,0,0,0,0,0,0,0,0,0,-122.25000762939453,1,0,0,0,156.25,0,0,0,0,0,0,3036
1067,0,90,5000,500,925,0,0,0,0,0,0,0,0,0,0,-122.25000762939453,1,0,0,0,156.25,0,0,0,0,0,0,3036
1068,0,91,5000,500,925,0,0,0,0,0,0,0,0,0,0,-122.25000762939453,1,0,0,0,156.25,0,0,0,0,0,0,3036
1069,0,92,5000,500,925,0,0,0,0,0,0,0,0,0,0,-122.25000762939453,1,0,0,0,156.25,0,0,0,0,0,0,3036
1070,0,93,5000,500,925,0,0,0,0,0,0,0,0,0,0,-122.25000762939453,1,0,0,0,156.25,0,0,0,0,0,0,3036
1071,0,94,5000,500,925,0,0,0,0,0,0,0,0,0,0,-122.25000762939453,1,0,0,0,156.25,0,0,0,0,0,0,3036
1072,0,95,5000,500,925,0,0,0,0,0,0,0,0,0,0,-122.25000762939453,1,0,0,0,156.25,0,0,0,0,0,0,3036
1073,0,96,5000,500,925,0,0,0,0,0,0,0,0,0,0,-122.25000762939453,1,0,0,0,156.25,0,0,0,0,0,0,3036
1074,0,97,5000,500,925,0,0,0,0,0,0,0,0,0,0,-122.25000762939453,1,0,0,0,156.25,0,0,0,0,0,0,3036
1075,0,98,5000,500,925,0,0,0,0,0,0,0,0,0,0,-122.25000762939453,1,0,0,0,156.25,0,0,0,0,0,0,3036
1076,0,99,5000,500,925,0,0,0,0,0,0,0,0,0,0,-122.25000762939453,1,0,0,0,156.25,0,0,0,0,0,0,3036
1077,0,100,5000,500,925,0,0,0,0,0,0,0,0,0,0,-122.25000762939453,1,0,0,0,156.25,0,0,0,0,0,0,3036
1078,0,101,5000,500,925,0,0,0,0,0,0,0,0,0,0,-122.25000762939453,1,0,0,0,156.25,0,0,0,0,0,0,3036
1079,0,102,5000,500,925,0,0,0,0,0,0,0,0,0,0,-122.25000762939453,1,0,0,0,156.25,0,0,0,0,0,0,3036
1080,0,103,5000,500,925,0,0,0,0,0,0,0,0,0,0,-122.25000762939453,1,0,0,0,156.25,0,0,0,0,0,0,3036
1081,0,104,5000,500,925,0,0,0,0,0,0,0,0,0,0,-122.25000762939453,1,0,0,0,156.25,0,0,0,0,0,0,3036
1082,0,105,5000,500,925,0,0,0,0,0,0,0,0,0,0,-122.25000762939453,1,0,0,0,156.25,0,0,0,0,0,0,3036
1083,0,106,5000,500,925,0,0,0,0,0,0,0,0,0,0,-122.25000762939453,1,0,0,0,156.25,0,0,0,0,0,0,3036
1084,0,107,5000,500,925,0,0,0,0,0,0,0,0,0,0,-122.25000762939453,1,0,0,0,156.25,0,0,0,0,0,0,3036
1085,0,108,5000,500,925,0,0,0,0,0,0,0,0,0,0,-122.25000762939453,1,0,0,0,156.25,0,0,0,0,0,0,3036
1086,0,109,5000,500,925,0,0,0,0,0,0,0,0,0,0,-122.25000762939453,1,0,0,0,156.25,0,0,0,0,0,0,3036
1087,0,110,5000,500,925,0,0,0,0,0,0,0,0,0,0,-122.25000762939453,1,0,0,0,156.25,0,0,0,0,0,0,3036
1088,0,111,5000,500,925,0,0,0,0,0,0,0,0,0,0,-122.25000762939453,1,0,0,0,156.25,0,0,0,0,0,0,3036
1089,0,112,5000,500,925,0,0,0,0,0,0,0,0,0,0,-122.25000762939453,1,0,0,0,156.25,0,0,0,0,0,0,3036
1090,0,113,5000,500,925,0,0,0,0,0,0,0,0,0,0,-122.25000762939453,1,0,0,0,156.25,0,0,0,0,0,0,3036
1091,0,114,5000,500,925,0,0,0,0,0,0,0,0,0,0,-122.25000762939453,1,0,0,0,156.25,0,0,0,0,0,0,3036
1092,0,115,5000,500,925,0,0,0,0,0,0,0,0,0,0,-122.25000762939453,1,0,0,0,156.25,0,0,0,0,0,0,3036
1093,0,116,5000,500,925,0,0,0,0,0,0,0,0,0,0,-122.25000762939453,1,0,0,0,156.25,0,0,0,0,0,0,3036
1094,0,117,5000,500,925,0,0,0,0,0,0,0,0,0,0,-122.25000762939453,1,0,0,0,156.25,0,0,0,0,0,0,3036
1095,0,118,5000,500,925,0,0,0,0,0,0,0,0,0,0,-122.25000762939453,1,0,0,0,156.25,0,0,0,0,0,0,3036
1096,0,119,5000,500,925,0,0,0,0,0,0,0,0,0,0,-122.25000762939453,1,0,0,0,156.25,0,0,0,0,0,0,3036
1097,0,120,5000,500,925,0,0,0,0,0,0,0,0,0,0,-122.25000762939453,1,0,0,0,156.25,0,0,0,0,0,0,3036
1098,0,121,5000,500,925,0,0,0,0,0,0,0,0,0,0,-122.25000762939453,1,0,0,0,156.25,0,0,0,0,0,0,3036
1099,0,122,5000,500,925,0,0,0,0,0,0,0,0,0,0,-122.25000762939453,1,0,0,0,156.25,0,0,0,0,0,0,3036
1100,0,123,5000,500,925,0,0,0,0,0,0,0,0,0,0,-122.25000762939453,1,0,0,0,156.25,0,0,0,0,0,0,3036
1101,0,124,5000,500,925,0,0,0,0,0,0,0,0,0,0,-122.25000762939453,1,0,0,0,156.25,0,0,0,0,0,0,3036
1102,0,125,5000,500,925,0,0,0,0,0,0,0,0,0,0,-122.25000762939453,1,0,0,0,156.25,0,0,0,0,0,0,3036
1103,0,126,5000,500,925,0,0,0,0,0,0,0,0,0,0,-122.25000762939453,1,0,0,0,156.25,0,0,0,0,0,0,3036
1104,0,127,5000,500,925,0,0,0,0,0,0,0,0,0,0,-122.25000762939453,1,0,0,0,156.25,0,0,0,0,0,0,3036
1105,0,128,5000,500,925,0,0,0,0,0,0,0,0,0,0,-122.25000762939453,1,0,0,0,156.25,0,0,0,0,0,0,3036
1106,0,129,5000,500,925,0,0,0,0,0,0,0,0,0,0,-122.25000762939453,1,0,0,0,156.25,0,0,0,0,0,0,3036
1107,0,130,5000,500,925,0,0,0,0,0,0,0,0,0,0,-122.25000762939453,1,0,0,0,156.25,0,0,0,0,0,0,3036
1108,0,131,5000,500,925,0,0,0,0,0,0,0,0,0,0,-122.25000762939453,1,0,0,0,156.25,0,0,0,0,0,0,3036
1109,0,132,5000,500,925,0,0,0,0,0,0,0,0,0,0,-122.25000762939453,1,0,0,0,156.25,0,0,0,0,0,0,3036
1110,0,133,5000,500,925,0,0,0,0,0,0,0,0,0,0,-122.25000762939453,1,0,0,0,156.25,0,0,0,0,0,0,3036
1111,0,134,5000,500,925,0,0,0,0,0,0,0,0,0,0,-122.25000762939453,1,0,0,0,156.25,0,0,0,0,0,0,3036
1112,0,135,5000,500,925,0,0,0,0,0,0,0,0,0,0,-122.25000762939453,1,0,0,0,156.25,0,0,0,0,0,0,3036
1113,0,136,5000,500,925,0,0,0,0,0,0,0,0,0,0,-122.25000762939453,1,0,0,0,156.25,0,0,0,0,0,0,3036
1114,0,137,5000,500,925,0,0,0,0,0,0,0,0,0,0,-122.25000762939453,1,0,0,0,156.25,0,0,0,0,0,0,3036
1115,0,138,5000,500,925,0,0,0,0,0,0,0,0,0,0,-122.25000762939453,1,0,0,0,156.25,0,0,0,0,0,0,3036
1116,0,139,5000,500,925,0,0,0,0,0,0,0,0,0,0,-122.25000762939453,1,0,0,0,156.25,0,0,0,0,0,0,3036
1117,0,140,5000,500,925,0,0,0,0,0,0,0,0,0,0,-122.25000762939453,1,0,0,0,156.25,0,0,0,0,0,0,3036
1118,0,141,5000,500,925,0,0,0,0,0,0,0,0,0,0,-122.25000762939453,1,0,0,0,156.25,0,0,0,0,0,0,3036
1119,0,142,5000,500,925,0,0,0,0,0,0,0,0,0,0,-122.25000762939453,1,0,0,0,156.25,0,0,0,0,0,0,3036
1120,0,143,5000,500,925,0,0,0,0,0,0,0,0,0,0,-122.25000762939453,1,0,0,0,156.25,0,0,0,0,0,0,3036
1121,0,144,5000,500,925,0,0,0,0,0,0,0,0,0,0,-122.25000762939453,1,0,0,0,156.25,0,0,0,0,0,0,3036
1122,0,145,5000,500,925,0,0,0,0,0,0,0,0,0,0,-122.25000762939453,1,0,0,0,156.25,0,0,0,0,0,0,3036
1123,0,146,5000,500,925,0,0,0,0,0,0,0,0,0,0,-122.25000762939453,1,0,0,0,156.25,0,0,0,0,0,0,3036
1124,0,147,5000,500,925,0,0,0,0,0,0,0,0,0,0,-122.25000762939453,1,0,0,0,156.25,0,0,0,0,0,0,3036
1125,0,148,5000,500,925,0,0,0,0,0,0,0,0,0,0,-122.25000762939453,1,0,0,0,156.25,0,0,0,0,0,0,3036
1126,0,149,5000,500,925,0,0,0,0,0,0,0,0,0,0,-122.25000762939453,1,0,0,0,156.25,0,0,0,0,0,0,3036
1127,0,150,5000,500,925,0,0,0,0,0,0,0,0,0,0,-122.25000762939453,1,0,0,0,156.25,0,0,0,0,0,0,3036
1128,0,151,5000,500,925,0,0,0,0,0,0,0,0,0,0,-122.25000762939453,1,0,0,0,156.25,0,0,0,0,0,0,3036
1129,0,152,5000,500,925,0,0,0,0,0,0,0,0,0,0,-122.25000762939453,1,0,0,0,156.25,0,0,0,0,0,0,3036
1130,0,153,5000,500,925,0,0,0,0,0,0,0,0,0,0,-122.25000762939453,1,0,0,0,156.25,0,0,0,0,0,0,3036
1131,0,154,5000,500,925,0,0,0,0,0,0,0,0,0,0,-122.25000762939453,1,0,0,0,156.25,0,0,0,0,0,0,3036
1132,0,155,5000,500,925,0,0,0,0,0,0,0,0,0,0,-122.25000762939453,1,0,0,0,156.25,0,0,0,0,0,0,3036
1133,0,156,5000,500,925,0,0,0,0,0,0,0,0,0,0,-122.25000762939453,1,0,0,0,156.25,0,0,0,0,0,0,3036
1134,0,157,5000,500,925,0,0,0,0,0,0,0,0,0,0,-122.25000762939453,1,0,0,0,156.25,0,0,0,0,0,0,3036
1135,0,158,5000,500,925,0,0,0,0,0,0,0,0,0,0,-122.25000762939453,1,0,0,0,156.25,0,0,0,0,0,0,3036
1136,0,159,5000,500,925,0,0,0,0,0,0,0,0,0,0,-122.25000762939453,1,0,0,0,156.25,0,0,0,0,0,0,3036
1137,0,160,5000,500,925,0,0,0,0,0,0,0,0,0,0,-122.25000762939453,1,0,0,0,156.25,0,0,0,0,0,0,3036
1138,0,161,5000,500,925,0,0,0,0,0,0,0,0,0,0,-122.25000762939453,1,0,0,0,156.25,0,0,0,0,0,0,3036
1139,0,162,5000,500,925,0,0,0,0,0,0,0,0,0,0,-122.25000762939453,1,0,0,0,156.25,0,0,0,0,0,0,3036
1140,0,163,5000,500,925,0,0,0,0,0,0,0,0,0,0,-122.25000762939453,1,0,0,0,156.25,0,0,0,0,0,0,3036
1141,0,164,5000,500,925,0,0,0,0,0,0,0,0,0,0,-122.25000762939453,1,0,0,0,156.25,0,0,0,0,0,0,3036
1142,0,165,5000,500,925,0,0,0,0,0,0,0,0,0,0,-122.25000762939453,1,0,0,0,156.25,0,0,0,0,0,0,3036
1143,0,166,5000,500,925,0,0,0,0,0,0,0,0,0,0,-122.25000762939453,1,0,0,0,156.25,0,0,0,0,0,0,3036
1144,0,167,5000,500,925,0,0,0,0,0,0,0,0,0,0,-122.25000762939453,1,0,0,0,156.25,0,0,0,0,0,0,3036
1145,0,168,5000,500,925,0,0,0,0,0,0,0,0,0,0,-122.25000762939453,1,0,0,0,156.25,0,0,0,0,0,0,3036
1146,0,169,5000,500,925,0,0,0,0,0,0,0,0,0,0,-122.25000762939453,1,0,0,0,156.25,0,0,0,0,0,0,3036
1147,0,170,5000,500,925,0,0,0,0,0,0,0,0,0,0,-122.25000762939453,1,0,0,0,156.25,0,0,0,0,0,0,3036
1148,0,171,5000,500,925,0,0,0,0,0,0,0,0,0,0,-122.25000762939453,1,0,0,0,156.25,0,0,0,0,0,0,3036
1149,0,172,5000,500,925,0,0,0,0,0,0,0,0,0,0,-122.25000762939453,1,0,0,0,156.25,0,0,0,0,0,0,3036
1150,0,173,5000,500,925,0,0,0,0,0,0,0,0,0,0,-122.25000762939453,1,0,0,0,156.25,0,0,0,0,0,0,3036
1151,0,174,5000,500,925,0,0,0,0,0,0,0,0,0,0,-122.25000762939453,1,0,0,0,156.25,0,0,0,0,0,0,3036
1152,0,175,5000,500,925,0,0,0,0,0,0,0,0,0,0,-122.25000762939453,1,0,0,0,156.25,0,0,0,0,0,0,3036
1153,0,176,5000,500,925,0,0,0,0,0,0,0,0,0,0,-122.25000762939453,1,0,0,0,156.25,0,0,0,0,0,0,3036
1154,0,177,5000,500,925,0,0,0,0,0,0,0,0,0,0,-122.25000762939453,1,0,0,0,156.25,0,0,0,0,0,0,3036
1155,0,178,5000,500,925,0,0,0,0,0,0,0,0,0,0,-122.25000762939453,1,0,0,0,156.25,0,0,0,0,0,0,3036
1156,0,179,5000,500,925,0,0,0,0,0,0,0,0,0,0,-122.25000762939453,1,0,0,0,156.25,0,0,0,0,0,0,3036
1157,0,180,5000,500,925,0,0,0,0,0,0,0,0,0,0,-122.25000762939453,1,0,0,0,156.25,0,0,0,0,0,0,3036
1158,0,181,5000,500,925,0,0,0,0,0,0,0,0,0,0,-122.25000762939453,1,0,0,0,156.25,0,0,0,0,0,0,3036
1159,0,182,5000,500,925,0,0,0,0,0,0,0,0,0,0,-122.25000762939453,1,0,0,0,156.25,0,0,0,0,0,0,3036
1160,0,183,5000,500,925,0,0,0,0,0,0,0,0,0,0,-122.25000762939453,1,0,0,0,156.25,0,0,0,0,0,0,3036
1161,0,184,5000,500,925,0,0,0,0,0,0,0,0,0,0,-122.25000762939453,1,0,0,0,156.25,0,0,0,0,0,0,3036
1162,0,185,5000,500,925,0,0,0,0,0,0,0,0,0,0,-122.25000762939453,1,0,0,0,156.25,0,0,0,0,0,0,3036
1163,0,186,5000,500,925,0,0,0,0,0,0,0,0,0,0,-122.25000762939453,1,0,0,0,156.25,0,0,0,0,0,0,3036
1164,0,187,5000,500,925,0,0,0,0,0,0,0,0,0,0,-122.25000762939453,1,0,0,0,156.25,0,0,0,0,0,0,3036
1165,0,188,5000,500,925,0,0,0,0,0,0,0,0,0,0,-122.25000762939453,1,0,0,0,156.25,0,0,0,0,0,0,3036
1166,0,189,5000,500,925,0,0,0,0,0,0,0,0,0,0,-122.25000762939453,1,0,0,0,156.25,0,0,0,0,0,0,3036
1167,0,190,5000,500,925,0,0,0,0,0,0,0,0,0,0,-122.25000762939453,1,0,0,0,156.25,0,0,0,0,0,0,3036
1168,0,191,5000,500,925,0,0,0,0,0,0,0,0,0,0,-122.25000762939453,1,0,0,0,156.25,0,0,0,0,0,0,3036
1169,0,192,5000,500,925,0,0,0,0,0,0,0,0,0,0,-122.25000762939453,1,0,0,0,156.25,0,0,0,0,0,0,3036
1170,0,193,5000,500,925,0,0,0,0,0,0,0,0,0,0,-122.25000762939453,1,0,0,0,156.25,0,0,0,0,0,0,3036
1171,0,194,5000,500,925,0,0,0,0,0,0,0,0,0,0,-122.25000762939453,1,0,0,0,156.25,0,0,0,0,0,0,3036
1172,0,195,5000,500,925,0,0,0,0,0,0,0,0,0,0,-122.25000762939453,1,0,0,0,156.25,0,0,0,0,0,0,3036
1173,0,196,5000,500,925,0,0,0,0,0,0,0,0,0,0,-122.25000762939453,1,0,0,0,156.25,0,0,0,0,0,0,3036
1174,0,197,5000,500,925,0,0,0,0,0,0,0,0,0,0,-122.25000762939453,1,0,0,0,156.25,0,0,0,0,0,0,3036
1175,0,198,5000,500,925,0,0,0,0,0,0,0,0,0,0,-122.25000762939453,1,0,0,0,156.25,0,0,0,0,0,0,3036
1176,0,199,5000,500,925,0,0,0,0,0,0,0,0,0,0,-122.25000762939453,1,0,0,0,156.25,0,0,0,0,0,0,3036
1177,0,200,5000,500,925,0,0,0,0,0,0,0,0,0,0,-122.25000762939453,1,0,0,0,156.25,0,0,0,0,0,0,3036
1178,0,201,5000,500,925,0,0,0,0,0,0,0,0,0,0,-122.25000762939453,1,0,0,0,156.25,0,0,0,0,0,0,3036
1179,0,202,5000,500,925,0,0,0,0,0,0,0,0,0,0,-122.25000762939453,1,0,0,0,156.25,0,0,0,0,0,0,3036
1180,0,203,5000,500,925,0,0,0,0,0,0,0,0,0,0,-122.25000762939453,1,0,0,0,156.25,0,0,0,0,0,0,3036
1181,0,204,5000,500,925,0,0,0,0,0,0,0,0,0,0,-122.25000762939453,1,0,0,0,156.25,0,0,0,0,0,0,3036
1182,0,205,5000,500,925,0,0,0,0,0,0,0,0,0,0,-122.25000762939453,1,0,0,0,156.25,0,0,0,0,0,0,3036
1183,0,206,5000,500,925,0,0,0,0,0,0,0,0,0,0,-122.25000762939453,1,0,0,0,156.25,0,0,0,0,0,0,3036
1184,0,207,5000,500,925,0,0,0,0,0,0,0,0,0,0,-122.25000762939453,1,0,0,0,156.25,0,0,0,0,0,0,3036
1185,0,208,5000,500,925,0,0,0,0,0,0,0,0,0,0,-122.25000762939453,1,0,0,0,156.25,0,0,0,0,0,0,3036
1186,0,209,5000,500,925,0,0,0,0,0,0,0,0,0,0,-122.25000762939453,1,0,0,0,156.25,0,0,0,0,0,0,3036
1187,0,210,5000,500,925,0,0,0,0,0,0,0,0,0,0,-122.25000762939453,1,0,0,0,156.25,0,0,0,0,0,0,3036
1188,0,211,5000,500,925,0,0,0,0,0,0,0,0,0,0,-122.25000762939453,1,0,0,0,156.25,0,0,0,0,0,0,3036
1189,0,212,5000,500,925,0,0,0,0,0,0,0,0,0,0,-122.25000762939453,1,0,0,0,156.25,0,0,0,0,0,0,3036
1190,0,213,5000,500,925,0,0,0,0,0,0,0,0,0,0,-122.25000762939453,1,0,0,0,156.25,0,0,0,0,0,0,3036
1191,0,214,5000,500,925,0,0,0,0,0,0,0,0,0,0,-122.25000762939453,1,0,0,0,156.25,0,0,0,0,0,0,3036
1192,0,215,5000,500,925,0,0,0,0,0,0,0,0,0,0,-122.25000762939453,1,0,0,0,156.25,0,0,0,0,0,0,3036
1193,0,216,5000,500,925,0,0,0,0,0,0,0,0,0,0,-122.25000762939453,1,0,0,0,156.25,0,0,0,0,0,0,3036
1194,0,217,5000,500,925,0,0,0,0,0,0,0,0,0,0,-122.25000762939453,1,0,0,0,156.25,0,0,0,0,0,0,3036
1195,0,218,5000,500,925,0,0,0,0,0,0,0,0,0,0,-122.25000762939453,1,0,0,0,156.25,0,0,0,0,0,0,3036
1196,0,219,5000,500,925,0,0,0,0,0,0,0,0,0,0,-122.25000762939453,1,0,0,0,156.25,0,0,0,0,0,0,3036
1197,0,220,5000,500,925,0,0,0,0,0,0,0,0,0,0,-122.25000762939453,1,0,0,0,156.25,0,0,0,0,0,0,3036
1198,0,221,5000,500,925,0,0,0,0,0,0,0,0,0,0,-122.25000762939453,1,0,0,0,156.25,0,0,0,0,0,0,3036
1199,0,222,5000,500,925,0,0,0,0,0,0,0,0,0,0,-122.25000762939453,1,0,0,0,156.25,0,0,0,0,0,0,3036
1200,0,223,5000,500,925,0,0,0,0,0,0,0,0,0,0,-122.25000762939453,1,0,0,0,156.25,0,0,0,0,0,0,3036
1201,0,224,5000,500,925,0,0,0,0,0,0,0,0,0,0,-122.25000762939453,1,0,0,0,156.25,0,0,0,0,0,0,3036
1202,0,225,5000,500,925,0,0,0,0,0,0,0,0,0,0,-122.25000762939453,1,0,0,0,156.25,0,0,0,0,0,0,3036
1203,0,226,5000,500,925,0,0,0,0,0,0,0,0,0,0,-122.25000762939453,1,0,0,0,156.25,0,0,0,0,0,0,3036
1204,0,227,5000,500,925,0,0,0,0,0,0,0,0,0,0,-122.25000762939453,1,0,0,0,156.25,0,0,0,0,0,0,3036
1205,0,228,5000,500,925,0,0,0,0,0,0,0,0,0,0,-122.25000762939453,1,0,0,0,156.25,0,0,0,0,0,0,3036
1206,0,229,5000,500,925,0,0,0,0,0,0,0,0,0,0,-122.25000762939453,1,0,0,0,156.25,0,0,0,0,0,0,3036
1207,0,230,5000,500,925,0,0,0,0,0,0,0,0,0,0,-122.25000762939453,1,0,0,0,156.25,0,0,0,0,0,0,3036
1208,0,231,5000,500,925,0,0,0,0,0,0,0,0,0,0,-122.25000762939453,1,0,0,0,156.25,0,0,0,0,0,0,3036
1209,0,232,5000,500,925,0,0,0,0,0,0,0,0,0,0,-122.25000762939453,1,0,0,0,156.25,0,0,0,0,0,0,3036
1210,0,1,3000,500,1000,0,0,0,0,0,0,0,0,0,0,-145,1,0,0,0,156.25,0,0,0,0,0,0,1000
1211,0,2,3000,500,1000,0,0,0,0,0,0,0,0,0,0,-145,1,0,0,0,156.25,0,0,0,0,0,0,1000
1212,0,3,3000,500,1000,0,0,0,0,0,0,0,0,0,0,-145,1,0,0,0,156.25,0,0,0,0,0,0,1000
1213,0,4,3000,500,1000,0,0,0,0,0,0,0,0,0,0,-145,1,0,0,0,156.25,0,0,0,0,0,0,1000
1214,0,5,3000,500,1000,0,0,0,0,0,0,0,0,0,0,-145,1,0,0,0,156.25,0,0,0,0,0,0,1000
1215,0,6,3000,500,1000,0,0,0,0,0,0,0,0,0,0,-145,1,0,0,0,156.25,0,0,0,0,0,0,1000
1216,0,7,3000,500,1000,0,0,0,0,0,0,0,0,0,0,-145,1,0,0,0,156.25,0,0,0,0,0,0,1000
1217,0,8,3000,500,1000,0,0,0,0,0,0,0,0,0,0,-145,1,0,0,0,156.25,0,0,0,0,0,0,1000
1218,0,9,3000,500,1000,0,0,0,0,0,0,0,0,0,0,-145,1,0,0,0,156.25,0,0,0,0,0,0,1000
1219,10,1,3000,500,1000,0,0,0,0,0,0,0,0,0,0,-145,1,0,0,0,156.25,0,0,0,0,0,0,1000
1220,10,2,3000,500,1000,0,0,0,0,0,0,0,0,0,0,-145,1,0,0,0,156.25,0,0,0,0,0,0,1000
1221,10,3,3000,500,1000,0,0,0,0,0,0,0,0,0,0,-145,1,0,0,0,156.25,0,0,0,0,0,0,1000
1222,10,4,3000,500,1000,0,0,0,0,0,0,0,0,0,0,-145,1,0,0,0,156.25,0,0,0,0,0,0,1000
1223,10,5,3000,500,1000,0,0,0,0,0,0,0,0,0,0,-145,1,0,0,0,156.25,0,0,0,0,0,0,1000
1224,10,6,3000,500,1000,0,0,0,0,0,0,0,0,0,0,-145,1,0,0,0,156.25,0,0,0,0,0,0,1000
1225,1040,1,3000,500,1000,0,0,120,0,0,0,0,0,0,0,-145,1,0,0,0,156.25,0,0,0,0,0,0,1000
1226,1040,2,3000,500,1000,0,0,119,0,0,0,0,0,0,0,-145,1,0,0,0,156.25,0,0,0,0,0,0,1000
1227,1040,3,3000,500,1000,0,0,118,0,0,0,0,0,0,0,-145,1,0,0,0,156.25,0,0,0,0,0,0,1000
1228,1040,4,3000,500,1000,0,0,117,0,0,0,0,0,0,0,-145,1,0,0,0,156.25,0,0,0,0,0,0,1000
1229,1040,5,3000,500,1000,0,0,116,0,0,0,0,0,0,0,-145,1,0,0,0,156.25,0,0,0,0,0,0,1000
1230,1040,6,3000,500,1000,0,0,115,0,0,0,0,0,0,0,-145,1,0,0,0,156.25,0,0,0,0,0,0,1000
1231,1040,7,3000,500,1000,0,0,114,0,0,0,0,0,0,0,-145,1,0,0,0,156.25,0,0,0,0,0,0,1000
1232,1040,8,3000,500,1000,0,0,113,0,0,0,0,0,0,0,-145,1,0,0,0,156.25,0,0,0,0,0,0,1000
1233,1040,9,3000,500,1000,0,0,112,0,0,0,0,0,0,0,-145,1,0,0,0,156.25,0,0,0,0,0,0,1000
1234,1040,10,3000,500,1000,0,0,111,0,0,0,0,0,0,0,-145,1,0,0,0,156.25,0,0,0,0,0,0,1000
1235,1040,11,3000,500,1000,0,0,110,0,0,0,0,0,0,0,-145,1,0,0,0,156.25,0,0,0,0,0,0,1000
1236,1040,12,3000,500,1000,0,0,109,0,0,0,0,0,0,0,-145,1,0,0,0,156.25,0,0,0,0,0,0,1000
1237,1040,13,3000,500,1000,0,0,108,0,0,0,0,0,0,0,-145,1,0,0,0,156.25,0,0,0,0,0,0,1000
1238,1040,14,3000,500,1000,0,0,107,0,0,0,0,0,0,0,-145,1,0,0,0,156.25,0,0,0,0,0,0,1000
1239,1040,15,3000,500,1000,0,0,106,0,0,0,0,0,0,0,-145,1,0,0,0,156.25,0,0,0,0,0,0,1000
1240,1040,16,3000,500,1000,0,0,105,0,0,0,0,0,0,0,-145,1,0,0,0,156.25,0,0,0,0,0,0,1000
1241,1040,17,3000,500,1000,0,0,104,0,0,0,0,0,0,0,-145,1,0,0,0,156.25,0,0,0,0,0,0,1000
1242,1040,18,3000,500,1000,0,0,103,0,0,0,0,0,0,0,-145,1,0,0,0,156.25,0,0,0,0,0,0,1000
1243,1040,19,3000,500,1000,0,0,102,0,0,0,0,0,0,0,-145,1,0,0,0,156.25,0,0,0,0,0,0,1000
1244,1040,20,3000,500,1000,0,0,101,0,0,0,0,0,0,0,-145,1,0,0,0,156.25,0,0,0,0,0,0,1000
1245,1040,21,3000,500,1000,0,0,100,0,0,0,0,0,0,0,-145,1,0,0,0,156.25,0,0,0,0,0,0,1000
1246,1040,22,3000,500,1000,0,0,99,0,0,0,0,0,0,0,-145,1,0,0,0,156.25,0,0,0,0,0,0,1000
1247,1040,23,3000,500,1000,0,0,98,0,0,0,0,0,0,0,-145,1,0,0,0,156.25,0,0,0,0,0,0,1000
1248,1040,24,3000,500,1000,0,0,97,0,0,0,0,0,0,0,-145,1,0,0,0,156.25,0,0,0,0,0,0,1000
1249,1040,25,3000,500,1000,0,240,96,0,0,0,0,0,0,0,-145,1,0,0,0,156.25,0,0,1,0,0,0,1000
1250,1040,26,3000,500,1000,0,239,95,0,0,0,0,0,0,0,-145,1,0,0,0,156.25,0,0,1,0,0,0,1000
1251,1040,27,3000,500,1000,0,238,94,0,0,0,0,0,0,0,-145,1,0,0,0,156.25,0,0,1,0,0,0,1000
1252,1040,28,3000,500,1000,0,237,93,0,0,0,0,0,0,0,-145,1,0,0,0,156.25,0,0,1,0,0,0,1000
1253,1040,29,3000,500,1000,0,236,92,0,0,0,0,0,0,0,-145,1,0,0,0,156.25,0,0,1,0,0,0,1000
1254,1040,30,3000,500,1000,0,235,91,0,0,0,0,0,0,0,-145,1,0,0,0,156.25,0,0,1,0,0,0,1000
1255,1040,31,3000,500,1000,0,234,90,0,0,0,0,0,0,0,-145,1,0,0,0,156.25,0,0,1,0,0,0,1000
1256,1040,32,3000,500,1000,0,233,89,0,0,0,0,0,0,0,-145,1,0,0,0,156.25,0,0,1,0,0,0,1000
1257,1040,33,3000,500,1000,0,232,88,0,0,0,0,0,0,0,-145,1,0,0,0,156.25,0,0,1,0,0,0,1000
1258,1040,34,3000,500,1000,0,231,87,0,0,0,0,0,0,0,-145,1,0,0,0,156.25,0,0,1,0,0,0,1000
1259,1040,35,3000,500,1000,0,230,86,0,0,0,0,0,0,0,-145,1,0,0,0,156.25,0,0,1,0,0,0,1000
1260,1040,36,3000,500,1000,0,229,85,0,0,0,0,0,0,0,-145,1,0,0,0,156.25,0,0,1,0,0,0,1000
1261,1040,37,3000,500,1000,0,228,84,0,0,0,0,0,0,0,-145,1,0,0,0,156.25,0,0,1,0,0,0,1000
1262,1040,38,3000,500,1000,0,227,83,0,0,0,0,0,0,0,-145,1,0,0,0,156.25,0,0,1,0,0,0,1000
1263,1040,39,3000,500,1000,0,226,82,0,0,0,0,0,0,0,-145,1,0,0,0,156.25,0,0,1,0,0,0,1000
1264,1040,40,3000,500,1000,0,225,81,0,0,0,0,0,0,0,-145,1,0,0,0,156.25,0,0,1,0,0,0,1000
1265,1040,41,3000,500,1000,0,224,80,0,0,0,0,0,0,0,-145,1,0,0,0,156.25,0,0,1,0,0,0,1000
1266,1040,42,3000,500,1000,0,223,79,0,0,0,0,0,0,0,-145,1,0,0,0,156.25,0,0,1,0,0,0,1000
1267,0,1,3000,500,1000,0,222,78,0,0,0,0,0,0,0,-145,1,0,0,0,156.25,0,0,1,0,0,0,1000
1268,0,2,3000,500,1000,0,221,77,0,0,0,0,0,0,0,-145,1,0,0,0,156.25,0,0,1,0,0,0,1000
1269,0,3,3000,500,1000,0,220,76,0,0,0,0,0,0,0,-145,1,0,0,0,156.25,0,0,1,0,0,0,1000
1270,0,4,3000,500,1000,0,219,75,0,0,0,0,0,0,0,-145,1,0,0,0,156.25,0,0,1,0,0,0,1000
1271,0,5,3000,500,1000,0,218,74,0,0,0,0,0,0,0,-145,1,0,0,0,156.25,0,0,1,0,0,0,1000
1272,0,6,3000,500,1000,0,217,73,0,0,0,0,0,0,0,-145,1,0,0,0,156.25,0,0,1,0,0,0,1000
1273,0,7,3000,500,1000,0,216,72,0,0,0,0,0,0,0,-145,1,0,0,0,156.25,0,0,1,0,0,0,1000
1274,0,8,3000,500,1000,0,215,71,0,0,0,0,0,0,0,-145,1,0,0,0,156.25,0,0,1,0,0,0,1000
1275,0,9,3000,500,1000,0,214,70,0,0,0,0,0,0,0,-145,1,0,0,0,156.25,0,0,1,0,0,0,1000
1276,0,10,3000,500,1000,0,213,69,0,0,0,0,0,0,0,-145,1,0,0,0,156.25,0,0,1,0,0,0,1000
1277,0,11,3000,500,1000,0,212,68,0,0,0,0,0,0,0,-145,1,0,0,0,156.25,0,0,1,0,0,0,1000
1278,0,12,3000,500,1000,0,211,67,0,0,0,0,0,0,0,-145,1,0,0,0,156.25,0,0,1,0,0,0,1000
1279,0,13,3000,500,1000,0,210,66,0,0,0,0,0,0,0,-145,1,0,0,0,156.25,0,0,1,0,0,0,1000
1280,0,14,3000,500,1000,0,209,65,0,0,0,0,0,0,0,-145,1,0,0,0,156.25,0,0,1,0,0,0,1000
1281,0,15,3000,500,1000,0,208,64,0,0,0,0,0,0,0,-145,1,0,0,0,156.25,0,0,1,0,0,0,1000
1282,0,16,3000,500,1000,0,207,63,0,0,0,0,0,0,0,-145,1,0,0,0,156.25,0,0,1,0,0,0,1000
1283,0,17,3000,500,1000,0,206,62,0,0,0,0,0,0,0,-145,1,0,0,0,156.25,0,0,1,0,0,0,1000
1284,0,18,3000,500,1000,0,205,61,0,0,0,0,0,0,0,-145,1,0,0,0,156.25,0,0,1,0,0,0,1000
1285,0,19,3000,500,1000,0,204,60,0,0,0,0,0,0,0,-145,1,0,0,0,156.25,0,0,1,0,0,0,1000
1286,0,20,3000,500,1000,0,203,59,0,0,0,0,0,0,0,-145,1,0,0,0,156.25,0,0,1,0,0,0,1000
1287,0,21,3000,500,1000,0,202,58,0,0,0,0,0,0,0,-145,1,0,0,0,156.25,0,0,1,0,0,0,1000
1288,0,22,3000,500,1000,0,201,57,0,0,0,0,0,0,0,-145,1,0,0,0,156.25,0,0,1,0,0,0,1000
1289,0,23,3000,500,1000,0,200,56,0,0,0,0,0,0,0,-145,1,0,0,0,156.25,0,0,1,0,0,0,1000
1290,0,24,3000,500,1000,0,199,55,0,0,0,0,0,0,0,-145,1,0,0,0,156.25,0,0,1,0,0,0,1000
1291,0,25,3000,500,1000,0,198,54,0,0,0,0,0,0,0,-145,1,0,0,0,156.25,0,0,1,0,0,0,1000
1292,0,26,3000,500,1000,0,197,53,0,0,0,0,0,0,0,-145,1,0,0,0,156.25,0,0,1,0,0,0,1000
1293,0,27,3000,500,1000,0,196,52,0,0,0,0,0,0,0,-145,1,0,0,0,156.25,0,0,1,0,0,0,1000
1294,0,28,3000,500,1000,0,195,51,0,0,0,0,0,0,0,-145,1,0,0,0,156.25,0,0,1,0,0,0,1000
1295,0,29,3000,500,1000,0,194,50,0,0,0,0,0,0,0,-145,1,0,0,0,156.25,0,0,1,0,0,0,1000
1296,0,30,3000,500,1000,0,193,49,0,0,0,0,0,0,0,-145,1,0,0,0,156.25,0,0,1,0,0,0,1000
1297,0,31,3000,500,1000,0,192,48,0,0,0,0,0,0,0,-145,1,0,0,0,156.25,0,0,1,0,0,0,1000
1298,0,32,3000,500,1000,0,191,47,0,0,0,0,0,0,0,-145,1,0,0,0,156.25,0,0,1,0,0,0,1000
1299,0,33,3000,500,1000,0,190,46,0,0,0,0,0,0,0,-145,1,0,0,0,156.25,0,0,1,0,0,0,1000
1300,0,34,3000,500,1000,0,189,45,0,0,0,0,0,0,0,-145,1,0,0,0,156.25,0,0,1,0,0,0,1000
1301,0,35,3000,500,1000,0,188,44,0,0,0,0,0,0,0,-145,1,0,0,0,156.25,0,0,1,0,0,0,1000
1302,0,36,3000,500,1000,0,187,43,0,0,0,0,0,0,0,-145,1,0,0,0,156.25,0,0,1,0,0,0,1000
1303,0,37,3000,500,1000,0,186,42,0,0,0,0,0,0,0,-145,1,0,0,0,156.25,0,0,1,0,0,0,1000
1304,0,38,3000,500,1000,0,185,41,0,0,0,0,0,0,0,-145,1,0,0,0,156.25,0,0,1,0,0,0,1000
1305,0,39,3000,500,1000,0,184,40,0,0,0,0,0,0,0,-145,1,0,0,0,156.25,0,0,1,0,0,0,1000
1306,0,40,3000,500,1000,0,183,39,0,0,0,0,0,0,0,-145,1,0,0,0,156.25,0,0,1,0,0,0,1000
1307,0,41,3000,500,1000,0,182,38,0,0,0,0,0,0,0,-145,1,0,0,0,156.25,0,0,1,0,0,0,1000
1308,0,42,3000,500,1000,0,181,37,0,0,0,0,0,0,0,-145,1,0,0,0,156.25,0,0,1,0,0,0,1000
1309,0,43,3000,500,1000,0,180,36,0,0,0,0,0,0,0,-145,1,0,0,0,156.25,0,0,1,0,0,0,1000
1310,0,44,3000,500,1000,0,179,35,0,0,0,0,0,0,0,-145,1,0,0,0,156.25,0,0,1,0,0,0,1000
1311,0,45,3000,500,1000,0,178,34,0,0,0,0,0,0,0,-145,1,0,0,0,156.25,0,0,1,0,0,0,1000
1312,0,46,3000,500,1000,0,177,33,0,0,0,0,0,0,0,-145,1,0,0,0,156.25,0,0,1,0,0,0,1000
1313,0,47,3000,500,1000,0,176,32,0,0,0,0,0,0,0,-145,1,0,0,0,156.25,0,0,1,0,0,0,1000
1314,0,48,3000,500,1000,0,175,31,0,0,0,0,0,0,0,-145,1,0,0,0,156.25,0,0,1,0,0,0,1000
1315,0,49,3000,500,1000,0,174,30,0,0,0,0,0,0,0,-145,1,0,0,0,156.25,0,0,1,0,0,0,1000
1316,0,50,3000,500,1000,0,173,29,0,0,0,0,0,0,0,-145,1,0,0,0,156.25,0,0,1,0,0,0,1000
1317,0,51,3000,500,1000,0,172,28,0,0,0,0,0,0,0,-145,1,0,0,0,156.25,0,0,1,0,0,0,1000
1318,0,52,3000,500,1000,0,171,27,0,0,0,0,0,0,0,-145,1,0,0,0,156.25,0,0,1,0,0,0,1000
1319,0,53,3000,500,1000,0,170,26,0,0,0,0,0,0,0,-145,1,0,0,0,156.25,0,0,1,0,0,0,1000
1320,0,54,3000,500,1000,0,169,25,0,0,0,0,0,0,0,-145,1,0,0,0,156.25,0,0,1,0,0,0,1000
1321,0,55,3000,500,1000,0,168,24,0,0,0,0,0,0,0,-145,1,0,0,0,156.25,0,0,1,0,0,0,1000
1322,0,56,3000,500,1000,0,167,23,0,0,0,0,0,0,0,-145,1,0,0,0,156.25,0,0,1,0,0,0,1000
1323,0,57,3000,500,1000,0,166,22,0,0,0,0,0,0,0,-145,1,0,0,0,156.25,0,0,1,0,0,0,1000
1324,0,58,3000,500,1000,0,165,21,0,0,0,0,0,0,0,-145,1,0,0,0,156.25,0,0,1,0,0,0,1000
1325,0,59,3000,500,1000,0,164,20,0,0,0,0,0,0,0,-145,1,0,0,0,156.25,0,0,1,0,0,0,1000
1326,0,60,3000,500,1000,0,163,19,0,0,0,0,0,0,0,-145,1,0,0,0,156.25,0,0,1,0,0,0,1000
1327,0,61,3000,500,1000,0,162,18,0,0,0,0,0,0,0,-145,1,0,0,0,156.25,0,0,1,0,0,0,1000
1328,0,62,3000,500,1000,0,161,17,0,0,0,0,0,0,0,-145,1,0,0,0,156.25,0,0,1,0,0,0,1000
1329,0,63,3000,500,1000,0,160,16,0,0,0,0,0,0,0,-145,1,0,0,0,156.25,0,0,1,0,0,0,1000
1330,0,64,3000,500,1000,0,159,15,0,0,0,0,0,0,0,-145,1,0,0,0,156.25,0,0,1,0,0,0,1000
1331,0,65,3000,500,1000,0,158,14,0,0,0,0,0,0,0,-145,1,0,0,0,156.25,0,0,1,0,0,0,1000
1332,0,66,3000,500,1000,0,157,13,0,0,0,0,0,0,0,-145,1,0,0,0,156.25,0,0,1,0,0,0,1000
1333,0,67,3000,500,1000,0,156,12,0,0,0,0,0,0,0,-145,1,0,0,0,156.25,0,0,1,0,0,0,1000
1334,0,68,3000,500,1000,0,155,11,0,0,0,0,0,0,0,-145,1,0,0,0,156.25,0,0,1,0,0,0,1000
1335,0,69,3000,500,1000,0,154,10,0,0,0,0,0,0,0,-145,1,0,0,0,156.25,0,0,1,0,0,0,1000
1336,0,70,3000,500,1000,0,153,9,0,0,0,0,0,0,0,-145,1,0,0,0,156.25,0,0,1,0,0,0,1000
1337,0,71,3000,500,1000,0,152,8,0,0,0,0,0,0,0,-145,1,0,0,0,156.25,0,0,1,0,0,0,1000
1338,0,72,3000,500,1000,0,151,7,0,0,0,0,0,0,0,-145,1,0,0,0,156.25,0,0,1,0,0,0,1000
1339,0,73,3000,500,1000,0,150,6,0,0,0,0,0,0,0,-145,1,0,0,0,156.25,0,0,1,0,0,0,1000
1340,0,74,3000,500,1000,0,149,5,0,0,0,0,0,0,0,-145,1,0,0,0,156.25,0,0,1,0,0,0,1000
1341,0,75,3000,500,1000,0,148,4,0,0,0,0,0,0,0,-145,1,0,0,0,156.25,0,0,1,0,0,0,1000
1342,0,76,3000,500,1000,0,147,3,0,0,0,0,0,0,0,-145,1,0,0,0,156.25,0,0,1,0,0,0,1000
1343,0,77,3000,500,1000,0,146,2,0,0,0,0,0,0,0,-145,1,0,0,0,156.25,0,0,1,0,0,0,1000
1344,0,78,3000,500,1000,0,145,1,0,0,0,0,0,0,0,-145,1,0,0,0,156.25,0,0,1,0,0,0,1000
1345,0,79,3000,500,1000,0,144,0,0,0,0,0,0,0,0,-145,1,0,0,0,156.25,0,0,1,0,0,0,1000
1346,0,80,3000,500,1000,0,143,0,0,0,0,0,0,0,0,-145,1,0,0,0,156.25,0,0,1,0,0,0,1000
1347,0,81,3000,500,1000,0,142,0,0,0,0,0,0,0,0,-145,1,0,0,0,156.25,0,0,1,0,0,0,1000
1348,0,82,3000,500,1000,0,141,0,0,0,0,0,0,0,0,-145,1,0,0,0,156.25,0,0,1,0,0,0,1000
1349,0,83,3000,500,1000,0,140,0,0,0,0,0,0,0,0,-145,1,0,0,0,156.25,0,0,1,0,0,0,1000
1350,0,84,3000,500,1000,0,139,0,0,0,0,0,0,0,0,-145,1,0,0,0,156.25,0,0,1,0,0,0,1000
1351,0,85,3000,500,1000,0,138,0,0,0,0,0,0,0,0,-145,1,0,0,0,156.25,0,0,1,0,0,0,1000
1352,0,86,3000,500,1000,0,137,0,0,0,0,0,0,0,0,-145,1,0,0,0,156.25,0,0,1,0,0,0,1000
1353,0,87,3000,500,1000,0,136,0,0,0,0,0,0,0,0,-145,1,0,0,0,156.25,0,0,1,0,0,0,1000
1354,0,88,3000,500,1000,0,135,0,0,0,0,0,0,0,0,-145,1,0,0,0,156.25,0,0,1,0,0,0,1000
1355,0,89,3000,500,1000,0,134,0,0,0,0,0,0,0,0,-145,1,0,0,0,156.25,0,0,1,0,0,0,1000
1356,0,90,3000,500,1000,0,133,0,0,0,0,0,0,0,0,-145,1,0,0,0,156.25,0,0,1,0,0,0,1000
1357,0,91,3000,500,1000,0,132,0,0,0,0,0,0,0,0,-145,1,0,0,0,156.25,0,0,1,0,0,0,1000
1358,0,92,3000,500,1000,0,131,0,0,0,0,0,0,0,0,-145,1,0,0,0,156.25,0,0,1,0,0,0,1000
1359,0,93,3000,500,1000,0,130,0,0,0,0,0,0,0,0,-145,1,0,0,0,156.25,0,0,1,0,0,0,1000
1360,0,94,3000,500,1000,0,129,0,0,0,0,0,0,0,0,-145,1,0,0,0,156.25,0,0,1,0,0,0,1000
1361,0,95,3000,500,1000,0,128,0,0,0,0,0,0,0,0,-145,1,0,0,0,156.25,0,0,1,0,0,0,1000
1362,0,96,3000,500,1000,0,127,0,0,0,0,0,0,0,0,-145,1,0,0,0,156.25,0,0,1,0,0,0,1000
1363,0,97,3000,500,1000,0,126,0,0,0,0,0,0,0,0,-145,1,0,0,0,156.25,0,0,1,0,0,0,1000
1364,0,98,3000,500,1000,0,125,0,0,0,0,0,0,0,0,-145,1,0,0,0,156.25,0,0,1,0,0,0,1000
1365,0,99,3000,500,1000,0,124,0,0,0,0,0,0,0,0,-145,1,0,0,0,156.25,0,0,1,0,0,0,1000
1366,0,100,3000,500,1000,0,123,0,0,0,0,0,0,0,0,-145,1,0,0,0,156.25,0,0,1,0,0,0,1000
1367,0,101,3000,500,1000,0,122,0,0,0,0,0,0,0,0,-145,1,0,0,0,156.25,0,0,1,0,0,0,1000
1368,0,102,3000,500,1000,0,121,0,0,0,0,0,0,0,0,-145,1,0,0,0,156.25,0,0,1,0,0,0,1000
1369,0,103,3000,500,1000,0,120,0,0,0,0,0,0,0,0,-145,1,0,0,0,156.25,0,0,1,0,0,0,1000
1370,0,104,3000,500,1000,0,119,0,0,0,0,0,0,0,0,-145,1,0,0,0,156.25,0,0,1,0,0,0,1000
1371,0,105,3000,500,1000,0,118,0,0,0,0,0,0,0,0,-145,1,0,0,0,156.25,0,0,1,0,0,0,1000
1372,0,106,3000,500,1000,0,117,0,0,0,0,0,0,0,0,-145,1,0,0,0,156.25,0,0,1,0,0,0,1000
1373,0,107,3000,500,1000,0,116,0,0,0,0,0,0,0,0,-145,1,0,0,0,156.25,0,0,1,0,0,0,1000
1374,0,108,3000,500,1000,0,115,0,0,0,0,0,0,0,0,-145,1,0,0,0,156.25,0,0,1,0,0,0,1000
1375,0,109,3000,500,1000,0,114,0,0,0,0,0,0,0,0,-145,1,0,0,0,156.25,0,0,1,0,0,0,1000
1376,0,110,3000,500,1000,0,113,0,0,0,0,0,0,0,0,-145,1,0,0,0,156.25,0,0,1,0,0,0,1000
1377,0,111,3000,500,1000,0,112,0,0,0,0,0,0,0,0,-145,1,0,0,0,156.25,0,0,1,0,0,0,1000
1378,0,112,3000,500,1000,0,111,0,0,0,0,0,0,0,0,-145,1,0,0,0,156.25,0,0,1,0,0,0,1000
1379,0,113,3000,500,1000,0,110,0,0,0,0,0,0,0,0,-145,1,0,0,0,156.25,0,0,1,0,0,0,1000
1380,0,114,3000,500,1000,0,109,0,0,0,0,0,0,0,0,-145,1,0,0,0,156.25,0,0,1,0,0,0,1000
1381,0,115,3000,500,1000,0,108,0,0,0,0,0,0,0,0,-145,1,0,0,0,156.25,0,0,1,0,0,0,1000
1382,0,116,3000,500,1000,0,107,0,0,0,0,0,0,0,0,-145,1,0,0,0,156.25,0,0,1,0,0,0,1000
1383,0,117,3000,500,1000,0,106,0,0,0,0,0,0,0,0,-145,1,0,0,0,156.25,0,0,1,0,0,0,1000
1384,0,118,3000,500,1000,0,105,0,0,0,0,0,0,0,0,-145,1,0,0,0,156.25,0,0,1,0,0,0,1000
1385,0,119,3000,500,1000,0,104,0,0,0,0,0,0,0,0,-145,1,0,0,0,156.25,0,0,1,0,0,0,1000
1386,0,120,3000,500,1000,0,103,0,0,0,0,0,0,0,0,-145,1,0,0,0,156.25,0,0,1,0,0,0,1000
1387,0,121,3000,500,1000,0,102,0,0,0,0,0,0,0,0,-145,1,0,0,0,156.25,0,0,1,0,0,0,1000
1388,0,122,3000,500,1000,0,101,0,0,0,0,0,0,0,0,-145,1,0,0,0,156.25,0,0,1,0,0,0,1000
1389,0,123,3000,500,1000,0,100,0,0,0,0,0,0,0,0,-145,1,0,0,0,156.25,0,0,1,0,0,0,1000
1390,0,124,3000,500,1000,0,99,0,0,0,0,0,0,0,0,-145,1,0,0,0,156.25,0,0,1,0,0,0,1000
1391,0,125,3000,500,1000,0,98,0,0,0,0,0,0,0,0,-145,1,0,0,0,156.25,0,0,1,0,0,0,1000
1392,0,126,3000,500,1000,0,97,0,0,0,0,0,0,0,0,-145,1,0,0,0,156.25,0,0,1,0,0,0,1000
1393,0,127,3000,500,1000,0,96,0,0,0,0,0,0,0,0,-145,1,0,0,0,156.25,0,0,1,0,0,0,1000
1394,0,128,3000,500,1000,0,95,0,0,0,0,0,0,0,0,-145,1,0,0,0,156.25,0,0,1,0,0,0,1000
1395,0,129,3000,500,1000,0,94,0,0,0,0,0,0,0,0,-145,1,0,0,0,156.25,0,0,1,0,0,0,1000
1396,0,130,3000,500,1000,0,93,0,0,0,0,0,0,0,0,-145,1,0,0,0,156.25,0,0,1,0,0,0,1000
1397,0,131,3000,500,1000,0,92,0,0,0,0,0,0,0,0,-145,1,0,0,0,156.25,0,0,1,0,0,0,1000
1398,0,132,3000,500,1000,0,91,0,0,0,0,0,0,0,0,-145,1,0,0,0,156.25,0,0,1,0,0,0,1000
1399,0,133,3000,500,1000,0,90,0,0,0,0,0,0,0,0,-145,1,0,0,0,156.25,0,0,1,0,0,0,1000
1400,0,134,3000,500,1000,0,89,0,0,0,0,0,0,0,0,-145,1,0,0,0,156.25,0,0,1,0,0,0,1000
1401,0,135,3000,500,1000,0,88,0,0,0,0,0,0,0,0,-145,1,0,0,0,156.25,0,0,1,0,0,0,1000
1402,0,136,3000,500,1000,0,87,0,0,0,0,0,0,0,0,-145,1,0,0,0,156.25,0,0,1,0,0,0,1000
1403,0,137,3000,500,1000,0,86,0,0,0,0,0,0,0,0,-145,1,0,0,0,156.25,0,0,1,0,0,0,1000
1404,0,138,3000,500,1000,0,85,0,0,0,0,0,0,0,0,-145,1,0,0,0,156.25,0,0,1,0,0,0,1000
1405,0,139,3000,500,1000,0,84,0,0,0,0,0,0,0,0,-145,1,0,0,0,156.25,0,0,1,0,0,0,1000
1406,0,140,3000,500,1000,0,83,0,0,0,0,0,0,0,0,-145,1,0,0,0,156.25,0,0,1,0,0,0,1000
1407,0,141,3000,500,1000,0,82,0,0,0,0,0,0,0,0,-145,1,0,0,0,156.25,0,0,1,0,0,0,1000
1408,0,142,3000,500,1000,0,81,0,0,0,0,0,0,0,0,-145,1,0,0,0,156.25,0,0,1,0,0,0,1000
1409,0,143,3000,500,1000,0,80,0,0,0,0,0,0,0,0,-145,1,0,0,0,156.25,0,0,1,0,0,0,1000
1410,0,144,3000,500,1000,0,79,0,0,0,0,0,0,0,0,-145,1,0,0,0,156.25,0,0,1,0,0,0,1000
1411,0,145,3000,500,1000,0,78,0,0,0,0,0,0,0,0,-145,1,0,0,0,156.25,0,0,1,0,0,0,1000
1412,0,146,3000,500,1000,0,77,0,0,0,0,0,0,0,0,-145,1,0,0,0,156.25,0,0,1,0,0,0,1000
1413,0,147,3000,500,1000,0,76,0,0,0,0,0,0,0,0,-145,1,0,0,0,156.25,0,0,1,0,0,0,1000
1414,0,148,3000,500,1000,0,75,0,0,0,0,0,0,0,0,-145,1,0,0,0,156.25,0,0,1,0,0,0,1000
1415,0,149,3000,500,1000,0,74,0,0,0,0,0,0,0,0,-145,1,0,0,0,156.25,0,0,1,0,0,0,1000
1416,0,150,3000,500,1000,0,73,0,0,0,0,0,0,0,0,-145,1,0,0,0,156.25,0,0,1,0,0,0,1000
1417,0,151,3000,500,1000,0,72,0,0,0,0,0,0,0,0,-145,1,0,0,0,156.25,0,0,1,0,0,0,1000
1418,0,152,3000,500,1000,0,71,0,0,0,0,0,0,0,0,-145,1,0,0,0,156.25,0,0,1,0,0,0,1000
1419,0,153,3000,500,1000,0,70,0,0,0,0,0,0,0,0,-145,1,0,0,0,156.25,0,0,1,0,0,0,1000
1420,0,154,3000,500,1000,0,69,0,0,0,0,0,0,0,0,-145,1,0,0,0,156.25,0,0,1,0,0,0,1000
1421,0,155,3000,500,1000,0,68,0,0,0,0,0,0,0,0,-145,1,0,0,0,156.25,0,0,1,0,0,0,1000
1422,0,156,3000,500,1000,0,67,0,0,0,0,0,0,0,0,-145,1,0,0,0,156.25,0,0,1,0,0,0,1000
1423,0,157,3000,500,1000,0,66,0,0,0,0,0,0,0,0,-145,1,0,0,0,156.25,0,0,1,0,0,0,1000
1424,0,158,3000,500,1000,0,65,0,0,0,0,0,0,0,0,-145,1,0,0,0,156.25,0,0,1,0,0,0,1000
1425,0,159,3000,500,1000,0,64,0,0,0,0,0,0,0,0,-145,1,0,0,0,156.25,0,0,1,0,0,0,1000
1426,0,160,3000,500,1000,0,63,0,0,0,0,0,0,0,0,-145,1,0,0,0,156.25,0,0,1,0,0,0,1000
1427,0,161,3000,500,1000,0,62,0,0,0,0,0,0,0,0,-145,1,0,0,0,156.25,0,0,1,0,0,0,1000
1428,0,162,3000,500,1000,0,61,0,0,0,0,0,0,0,0,-145,1,0,0,0,156.25,0,0,1,0,0,0,1000
1429,0,163,3000,500,1000,0,60,0,0,0,0,0,0,0,0,-145,1,0,0,0,156.25,0,0,1,0,0,0,1000
1430,0,164,3000,500,1000,0,59,0,0,0,0,0,0,0,0,-145,1,0,0,0,156.25,0,0,1,0,0,0,1000
1431,0,165,3000,500,1000,0,58,0,0,0,0,0,0,0,0,-145,1,0,0,0,156.25,0,0,1,0,0,0,1000
1432,0,166,3000,500,1000,0,57,0,0,0,0,0,0,0,0,-145,1,0,0,0,156.25,0,0,1,0,0,0,1000
1433,0,167,3000,500,1000,0,56,0,0,0,0,0,0,0,0,-145,1,0,0,0,156.25,0,0,1,0,0,0,1000
1434,0,168,3000,500,1000,0,55,0,0,0,0,0,0,0,0,-145,1,0,0,0,156.25,0,0,1,0,0,0,1000
1435,0,169,3000,500,1000,0,54,0,0,0,0,0,0,0,0,-145,1,0,0,0,156.25,0,0,1,0,0,0,1000
1436,0,170,3000,500,1000,0,53,0,0,0,0,0,0,0,0,-145,1,0,0,0,156.25,0,0,1,0,0,0,1000
1437,0,171,3000,500,1000,0,52,0,0,0,0,0,0,0,0,-145,1,0,0,0,156.25,0,0,1,0,0,0,1000
1438,0,172,3000,500,1000,0,51,0,0,0,0,0,0,0,0,-145,1,0,0,0,156.25,0,0,1,0,0,0,1000
1439,0,173,3000,500,1000,0,50,0,0,0,0,0,0,0,0,-145,1,0,0,0,156.25,0,0,1,0,0,0,1000
1440,0,174,3000,500,1000,0,49,0,0,0,0,0,0,0,0,-145,1,0,0,0,156.25,0,0,1,0,0,0,1000
1441,0,175,3000,500,1000,0,48,0,0,0,0,0,0,0,0,-145,1,0,0,0,156.25,0,0,1,0,0,0,1000
1442,0,176,3000,500,1000,0,47,0,0,0,0,0,0,0,0,-145,1,0,0,0,156.25,0,0,1,0,0,0,1000
1443,0,177,3000,500,1000,0,46,0,0,0,0,0,0,0,0,-145,1,0,0,0,156.25,0,0,1,0,0,0,1000
1444,0,178,3000,500,1000,0,45,0,0,0,0,0,0,0,0,-145,1,0,0,0,156.25,0,0,1,0,0,0,1000
1445,0,179,3000,500,1000,0,44,0,0,0,0,0,0,0,0,-145,1,0,0,0,156.25,0,0,1,0,0,0,1000
1446,0,180,3000,500,1000,0,43,0,0,0,0,0,0,0,0,-145,1,0,0,0,156.25,0,0,1,0,0,0,1000
1447,0,181,3000,500,1000,0,42,0,0,0,0,0,0,0,0,-145,1,0,0,0,156.25,0,0,1,0,0,0,1000
1448,0,182,3000,500,1000,0,41,0,0,0,0,0,0,0,0,-145,1,0,0,0,156.25,0,0,1,0,0,0,1000
1449,0,183,3000,500,1000,0,40,0,0,0,0,0,0,0,0,-145,1,0,0,0,156.25,0,0,1,0,0,0,1000
1450,0,184,3000,500,1000,0,39,0,0,0,0,0,0,0,0,-145,1,0,0,0,156.25,0,0,1,0,0,0,1000
1451,0,185,3000,500,1000,0,38,0,0,0,0,0,0,0,0,-145,1,0,0,0,156.25,0,0,1,0,0,0,1000
1452,0,186,3000,500,1000,0,37,0,0,0,0,0,0,0,0,-145,1,0,0,0,156.25,0,0,1,0,0,0,1000
1453,0,187,3000,500,1000,0,36,0,0,0,0,0,0,0,0,-145,1,0,0,0,156.25,0,0,1,0,0,0,1000
1454,0,188,3000,500,1000,0,35,0,0,0,0,0,0,0,0,-145,1,0,0,0,156.25,0,0,1,0,0,0,1000
1455,0,189,3000,500,1000,0,34,0,0,0,0,0,0,0,0,-145,1,0,0,0,156.25,0,0,1,0,0,0,1000
1456,0,190,3000,500,1000,0,33,0,0,0,0,0,0,0,0,-145,1,0,0,0,156.25,0,0,1,0,0,0,1000
1457,0,191,3000,500,1000,0,32,0,0,0,0,0,0,0,0,-145,1,0,0,0,156.25,0,0,1,0,0,0,1000
1458,0,192,3000,500,1000,0,31,0,0,0,0,0,0,0,0,-145,1,0,0,0,156.25,0,0,1,0,0,0,1000
1459,0,193,3000,500,1000,0,30,0,0,0,0,0,0,0,0,-145,1,0,0,0,156.25,0,0,1,0,0,0,1000
1460,0,194,3000,500,1000,0,29,0,0,0,0,0,0,0,0,-145,1,0,0,0,156.25,0,0,1,0,0,0,1000
1461,0,195,3000,500,1000,0,28,0,0,0,0,0,0,0,0,-145,1,0,0,0,156.25,0,0,1,0,0,0,1000
1462,0,196,3000,500,1000,0,27,0,0,0,0,0,0,0,0,-145,1,0,0,0,156.25,0,0,1,0,0,0,1000
1463,0,197,3000,500,1000,0,26,0,0,0,0,0,0,0,0,-145,1,0,0,0,156.25,0,0,1,0,0,0,1000
1464,0,198,3000,500,1000,0,25,0,0,0,0,0,0,0,0,-145,1,0,0,0,156.25,0,0,1,0,0,0,1000
1465,0,199,3000,500,1000,0,24,0,0,0,0,0,0,0,0,-145,1,0,0,0,156.25,0,0,1,0,0,0,1000
1466,0,200,3000,500,1000,0,23,0,0,0,0,0,0,0,0,-145,1,0,0,0,156.25,0,0,1,0,0,0,1000
1467,0,201,3000,500,1000,0,22,0,0,0,0,0,0,0,0,-145,1,0,0,0,156.25,0,0,1,0,0,0,1000
1468,0,202,3000,500,1000,0,21,0,0,0,0,0,0,0,0,-145,1,0,0,0,156.25,0,0,1,0,0,0,1000
1469,0,203,3000,500,1000,0,20,0,0,0,0,0,0,0,0,-145,1,0,0,0,156.25,0,0,1,0,0,0,1000
1470,0,204,3000,500,1000,0,19,0,0,0,0,0,0,0,0,-145,1,0,0,0,156.25,0,0,1,0,0,0,1000
1471,0,205,3000,500,1000,0,18,0,0,0,0,0,0,0,0,-145,1,0,0,0,156.25,0,0,1,0,0,0,1000
1472,0,206,3000,500,1000,0,17,0,0,0,0,0,0,0,0,-145,1,0,0,0,156.25,0,0,1,0,0,0,1000
1473,0,207,3000,500,1000,0,16,0,0,0,0,0,0,0,0,-145,1,0,0,0,156.25,0,0,1,0,0,0,1000
1474,0,208,3000,500,1000,0,15,0,0,0,0,0,0,0,0,-145,1,0,0,0,156.25,0,0,1,0,0,0,1000
1475,0,209,3000,500,1000,0,14,0,0,0,0,0,0,0,0,-145,1,0,0,0,156.25,0,0,1,0,0,0,1000
1476,0,210,3000,500,1000,0,13,0,0,0,0,0,0,0,0,-145,1,0,0,0,156.25,0,0,1,0,0,0,1000
1477,0,211,3000,500,1000,0,12,0,0,0,0,0,0,0,0,-145,1,0,0,0,156.25,0,0,1,0,0,0,1000
1478,0,212,3000,500,1000,0,11,0,0,0,0,0,0,0,0,-145,1,0,0,0,156.25,0,0,1,0,0,0,1000
1479,0,213,3000,500,1000,0,10,0,0,0,0,0,0,0,0,-145,1,0,0,0,156.25,0,0,1,0,0,0,1000
1480,0,214,3000,500,1000,0,9,0,0,0,0,0,0,0,0,-145,1,0,0,0,156.25,0,0,1,0,0,0,1000
1481,0,215,3000,500,1000,0,8,0,0,0,0,0,0,0,0,-145,1,0,0,0,156.25,0,0,1,0,0,0,1000
1482,0,216,3000,500,1000,0,7,0,0,0,0,0,0,0,0,-145,1,0,0,0,156.25,0,0,1,0,0,0,1000
1483,0,217,3000,500,1000,0,6,0,0,0,0,0,0,0,0,-145,1,0,0,0,156.25,0,0,1,0,0,0,1000
1484,0,218,3000,500,1000,0,5,0,0,0,0,0,0,0,0,-145,1,0,0,0,156.25,0,0,1,0,0,0,1000
1485,0,219,3000,500,1000,0,4,0,0,0,0,0,0,0,0,-145,1,0,0,0,156.25,0,0,1,0,0,0,1000
1486,0,220,3000,500,1000,0,3,0,0,0,0,0,0,0,0,-145,1,0,0,0,156.25,0,0,1,0,0,0,1000
1487,0,221,3000,500,1000,0,2,0,0,0,0,0,0,0,0,-145,1,0,0,0,156.25,0,0,1,0,0,0,1000
1488,0,222,3000,500,1000,0,1,0,0,0,0,0,0,0,0,-145,1,0,0,0,156.25,0,0,0,0,0,0,1000
1489,0,223,3000,500,1000,0,0,0,0,0,0,0,0,0,0,-145,1,0,0,0,156.25,0,0,0,0,0,0,1000
1490,0,224,3000,500,1000,0,0,0,0,0,0,0,0,0,0,-145,1,0,0,0,156.25,0,0,0,0,0,0,1000
1491,0,225,3000,500,1000,0,0,0,0,0,0,0,0,0,0,-145,1,0,0,0,156.25,0,0,0,0,0,0,1000
1492,0,226,3000,500,1000,0,0,0,0,0,0,0,0,0,0,-145,1,0,0,0,156.25,0,0,0,0,0,0,1000
1493,0,227,3000,500,1000,0,0,0,0,0,0,0,0,0,0,-145,1,0,0,0,156.25,0,0,0,0,0,0,1000
1494,0,228,3000,500,1000,0,0,0,0,0,0,0,0,0,0,-145,1,0,0,0,156.25,0,0,0,0,0,0,1000
1495,0,229,3000,500,1000,0,0,0,0,0,0,0,0,0,0,-145,1,0,0,0,156.25,0,0,0,0,0,0,1000
1496,0,230,3000,500,1000,0,0,0,0,0,0,0,0,0,0,-145,1,0,0,0,156.25,0,0,0,0,0,0,1000
1497,0,231,3000,500,1000,0,0,0,0,0,0,0,0,0,0,-145,1,0,0,0,156.25,0,0,0,0,0,0,1000
1498,0,232,3000,500,1000,0,0,0,0,0,0,0,0,0,0,-145,1,0,0,0,156.25,0,0,0,0,0,0,1000
1499,0,233,3000,500,1000,0,0,0,0,0,0,0,0,0,0,-145,1,0,0,0,156.25,0,0,0,0,0,0,1000
1500,0,234,3000,500,1000,0,0,0,0,0,0,0,0,0,0,-145,1,0,0,0,156.25,0,0,0,0,0,0,1000
1501,0,235,3000,500,1000,0,0,0,0,0,0,0,0,0,0,-145,1,0,0,0,156.25,0,0,0,0,0,0,1000
1502,0,236,3000,500,1000,0,0,0,0,0,0,0,0,0,0,-145,1,0,0,0,156.25,0,0,0,0,0,0,1000
1503,0,237,3000,500,1000,0,0,0,0,0,0,0,0,0,0,-145,1,0,0,0,156.25,0,0,0,0,0,0,1000
1504,0,238,3000,500,1000,0,0,0,0,0,0,0,0,0,0,-145,1,0,0,0,156.25,0,0,0,0,0,0,1000
1505,0,239,3000,500,1000,0,0,0,0,0,0,0,0,0,0,-145,1,0,0,0,156.25,0,0,0,0,0,0,1000
1506,0,240,3000,500,1000,0,0,0,0,0,0,0,0,0,0,-145,1,0,0,0,156.25,0,0,0,0,0,0,1000
1507,0,241,3000,500,1000,0,0,0,0,0,0,0,0,0,0,-145,1,0,0,0,156.25,0,0,0,0,0,0,1000
1508,0,242,3000,500,1000,0,0,0,0,0,0,0,0,0,0,-145,1,0,0,0,156.25,0,0,0,0,0,0,1000
1509,0,243,3000,500,1000,0,0,0,0,0,0,0,0,0,0,-145,1,0,0,0,156.25,0,0,0,0,0,0,1000
1510,0,1,3000,500,1000,0,0,0,0,0,0,0,0,0,0,-145,1,0,0,0,156.25,0,0,0,0,0,0,1000
1511,0,2,3000,500,1000,0,0,0,0,0,0,0,0,0,0,-145,1,0,0,0,156.25,0,0,0,0,0,0,1000
1512,0,3,3000,500,1000,0,0,0,0,0,0,0,0,0,0,-145,1,0,0,0,156.25,0,0,0,0,0,0,1000
1513,0,4,3000,500,1000,0,0,0,0,0,0,0,0,0,0,-145,1,0,0,0,156.25,0,0,0,0,0,0,1000
1514,0,5,3000,500,1000,0,0,0,0,0,0,0,0,0,0,-145,1,0,0,0,156.25,0,0,0,0,0,0,1000
1515,0,6,3000,500,1000,0,0,0,0,0,0,0,0,0,0,-145,1,0,0,0,156.25,0,0,0,0,0,0,1000
1516,0,7,3000,500,1000,0,0,0,0,0,0,0,0,0,0,-145,1,0,0,0,156.25,0,0,0,0,0,0,1000
1517,0,8,3000,500,1000,0,0,0,0,0,0,0,0,0,0,-145,1,0,0,0,156.25,0,0,0,0,0,0,1000
1518,0,9,3000,500,1000,0,0,0,0,0,0,0,0,0,0,-145,1,0,0,0,156.25,0,0,0,0,0,0,1000
1519,10,1,3000,500,1000,0,0,0,0,0,0,0,0,0,0,-145,1,0,0,0,156.25,0,0,0,0,0,0,1000
1520,10,2,3000,500,1000,0,0,0,0,0,0,0,0,0,0,-145,1,0,0,0,156.25,0,0,0,0,0,0,1000
1521,10,3,3000,500,1000,0,0,0,0,0,0,0,0,0,0,-145,1,0,0,0,156.25,0,0,0,0,0,0,1000
1522,10,4,3000,500,1000,0,0,0,0,0,0,0,0,0,0,-145,1,0,0,0,156.25,0,0,0,0,0,0,1000
1523,10,5,3000,500,1000,0,0,0,0,0,0,0,0,0,0,-145,1,0,0,0,156.25,0,0,0,0,0,0,1000
1524,10,6,3000,500,1000,0,0,0,0,0,0,0,0,0,0,-145,1,0,0,0,156.25,0,0,0,0,0,0,1000
1525,12,1,3000,500,1000,0,0,0,0,0,0,0,0,0,0,-145,1,0,0,0,156.25,0,0,0,0,0,0,1000
1526,20,1,3000,500,1000,0,0,0,0,0,0,0,0,0,0,-144.125,1,0,0,0,156.25,0,0,0,0,0,0,1000
1527,20,2,3000,500,1000,0,0,0,0,0,0,0,0,0,0,-143.25,1,0,0,0,156.25,0,0,0,0,0,0,1000
1528,10,1,3000,500,1000,0,0,0,0,0,0,0,0,0,0,-143.25,1,0,0,0,156.25,0,0,0,0,0,0,1000
1529,10,2,3000,500,1000,0,0,0,0,0,0,0,0,0,0,-143.25,1,0,0,0,156.25,0,0,0,0,0,0,1000
1530,10,3,3000,500,1000,0,0,0,0,0,0,0,0,0,0,-143.25,1,0,0,0,156.25,0,0,0,0,0,0,1000
1531,10,4,3000,500,1000,0,0,0,0,0,0,0,0,0,0,-143.25,1,0,0,0,156.25,0,0,0,0,0,0,1000
1532,10,5,3000,500,1000,0,0,0,0,0,0,0,0,0,0,-143.25,1,0,0,0,156.25,0,0,0,0,0,0,1000
1533,10,6,3000,500,1000,0,0,0,0,0,0,0,0,0,0,-143.25,1,0,0,0,156.25,0,0,0,0,0,0,1000
1534,3000,1,2000,500,1000,0,0,0,0,0,0,0,0,0,0,-143.25,1,0,0,0,156.25,0,0,0,0,0,0,1000
1535,3000,2,2000,500,1000,0,0,0,0,0,0,0,0,0,0,-143.25,1,0,0,0,156.25,0,0,0,0,0,0,1000
1536,3000,3,2000,500,1000,0,0,0,0,0,0,0,0,0,0,-143.25,1,0,0,0,156.25,0,0,0,0,0,0,1000
1537,3000,4,2000,500,1000,0,0,0,0,0,0,0,0,0,0,-141.35000610351562,1,0,0,0,156.25,0,0,0,0,-5.5,0,1000
1538,3000,5,2000,500,1000,0,0,0,0,0,0,0,0,0,0,-139.4499969482422,1,0,0,0,156.25,0,0,0,0,-10.619999885559082,0,1000
1539,3000,6,2000,500,1000,0,0,0,0,0,0,0,0,0,0,-137.5500030517578,1,0,0,0,156.25,0,0,0,0,-15.359999656677246,0,1000
1540,3000,7,2000,500,1000,0,0,0,0,0,0,0,0,0,0,-135.65000915527344,1,0,0,0,156.25,0,0,0,0,-19.719999313354492,0,1000
1541,3000,8,2000,500,1000,0,0,0,0,0,0,0,0,0,0,-133.75,1,0,0,0,156.25,0,0,0,0,-23.69999885559082,0,1000
1542,3000,9,2000,500,1000,0,0,0,0,0,0,0,0,0,0,-131.85000610351562,1,0,0,0,156.25,0,0,0,0,-27.299999237060547,0,1000
1543,3000,10,2000,500,1000,0,0,0,0,0,0,0,0,0,0,-129.9499969482422,1,0,0,0,156.25,0,0,0,0,-30.51999855041504,0,1000
1544,3000,11,2000,500,1000,0,0,0,0,0,0,0,0,0,0,-128.0500030517578,1,0,0,0,156.25,0,0,0,0,-33.3599967956543,0,1000
1545,3000,12,2000,500,1000,0,0,0,0,0,0,0,0,0,0,-126.15000915527344,1,0,0,0,156.25,0,0,0,0,-35.81999588012695,0,1000
1546,3000,13,2000,500,1000,0,0,0,0,0,0,0,0,0,0,-124.25,1,0,0,0,156.25,0,0,0,0,-37.899993896484375,0,1000
1547,3000,14,2000,500,1000,0,0,0,0,0,0,0,0,0,0,-122.35000610351562,1,0,0,0,156.25,0,0,0,0,-39.59999465942383,0,1000
1548,3000,15,2000,500,1000,0,0,0,0,0,0,0,0,0,0,-120.45000457763672,1,0,0,0,156.25,0,0,0,0,-40.91999435424805,0,1000
1549,3000,16,2000,500,1000,0,0,0,0,0,0,0,0,0,0,-118.55000305175781,1,0,0,0,156.25,0,0,0,0,-41.85999298095703,0,1000
1550,3000,17,2000,500,1000,0,0,0,0,0,0,0,0,0,0,-116.6500015258789,1,0,0,0,156.25,0,0,0,0,-42.41999053955078,0,1000
1551,3000,18,2000,500,1000,0,0,0,0,0,0,0,0,0,0,-114.75,1,0,0,0,156.25,0,0,0,0,-42.59999084472656,0,1000
1552,3000,19,2000,500,1000,0,0,0,0,0,0,0,0,0,0,-113.44999694824219,1,0,0,0,156.25,0,0,0,0,-35.59999084472656,0,1000
1553,3000,19,2000,500,935,0,0,0,0,0,0,0,0,0,0,-113.44999694824219,1,0,0,0,156.25,0,0,0,0,-35.59999084472656,0,2018
1554,3000,19,2000,500,935,0,0,0,0,0,0,0,0,0,0,-113.44999694824219,1,0,0,0,156.25,0,0,0,0,-35.59999084472656,0,2018
1555,3000,19,2000,500,935,0,0,0,0,0,0,0,0,0,0,-113.44999694824219,1,0,0,0,156.25,0,0,0,0,-35.59999084472656,0,2018
1556,3000,19,2000,500,935,0,0,0,0,0,0,0,0,0,0,-113.44999694824219,1,0,0,0,156.25,0,0,0,0,-35.59999084472656,0,2018
1557,3000,19,2000,500,935,0,0,0,0,0,0,0,0,0,0,-113.44999694824219,1,0,0,0,156.25,0,0,0,0,-35.59999084472656,0,2018
1558,3000,19,2000,500,935,0,0,0,0,0,0,0,0,0,0,-113.44999694824219,1,0,0,0,156.25,0,0,0,0,-35.59999084472656,0,2018
1559,3000,20,2000,500,935,0,0,0,0,0,0,0,0,0,0,-112.1500015258789,1,0,0,0,156.25,0,0,0,0,-28.599990844726562,0,2018
1560,3000,21,2000,500,935,0,0,0,0,0,0,0,0,0,0,-110.85000610351562,1,0,0,0,156.25,0,0,0,0,-21.599990844726562,0,2018
1561,3000,22,2000,500,935,0,0,0,0,0,0,0,0,0,0,-109.55000305175781,1,0,0,0,156.25,0,0,0,0,-14.599990844726562,0,2018
1562,3000,23,2000,500,935,0,0,0,0,0,0,0,0,0,0,-107.75000762939453,1,0,0,0,156.25,0,0,0,0,-7.5999908447265625,0,2018
1563,3000,24,2000,500,935,0,0,0,0,0,0,0,0,0,0,-106.45001220703125,1,0,0,0,156.25,0,0,0,0,-0.5999908447265625,0,2018
1564,3000,25,2000,500,935,0,0,0,0,0,0,0,0,0,0,-105.15000915527344,1,0,0,0,156.25,0,0,0,0,6.4000091552734375,0,2018
1565,3000,26,2000,500,935,0,0,0,0,0,0,0,0,0,0,-103.85001373291016,1,0,0,0,156.25,0,0,0,0,13.400009155273438,0,2018
1566,3000,27,2000,500,935,0,0,0,0,0,0,0,0,0,0,-102.55001068115234,1,0,0,0,156.25,0,0,0,0,20.400009155273438,0,2018
1567,3000,28,2000,500,935,0,0,0,0,0,0,0,0,0,0,-101.25001525878906,1,0,0,0,156.25,0,0,0,0,27.400009155273438,0,2018
1568,3000,29,2000,500,935,0,0,0,0,0,0,0,0,0,0,-99.95001220703125,1,0,0,0,156.25,0,0,0,0,34.40000915527344,0,2018
1569,3000,30,2000,500,935,0,0,0,0,0,0,0,0,0,0,-99.95001220703125,1,0,0,0,156.25,0,0,0,0,0,0,2018
1570,3000,30,2000,500,830,0,0,0,0,0,0,0,0,0,0,-99.95001220703125,1,0,0,0,156.25,0,0,0,0,0,0,3036
1571,3000,30,2000,500,830,0,0,0,0,0,0,0,0,0,0,-99.95001220703125,1,0,0,0,156.25,0,0,0,0,0,0,3036
1572,3000,30,2000,500,830,0,0,0,0,0,0,0,0,0,0,-99.95001220703125,1,0,0,0,156.25,0,0,0,0,0,0,3036
1573,3000,30,2000,500,830,0,0,0,0,0,0,0,0,0,0,-99.95001220703125,1,0,0,0,156.25,0,0,0,0,0,0,3036
1574,3000,30,2000,500,830,0,0,0,0,0,0,0,0,0,0,-99.95001220703125,1,0,0,0,156.25,0,0,0,0,0,0,3036
1575,3000,30,2000,500,830,0,0,0,0,0,0,0,0,0,0,-99.95001220703125,1,0,0,0,156.25,0,0,0,0,0,0,3036
1576,3000,31,2000,500,830,0,0,0,0,0,0,0,0,0,0,-99.95001220703125,1,0,0,0,156.25,0,0,0,0,0,0,3036
1577,3000,32,2000,500,830,0,0,0,0,0,0,0,0,0,0,-99.95001220703125,1,0,0,0,156.25,0,0,0,0,0,0,3036
1578,3000,33,2000,500,830,0,0,0,0,0,0,0,0,0,0,-99.95001220703125,1,0,0,0,156.25,0,0,0,0,0,0,3036
1579,3000,34,2000,500,830,0,0,0,0,0,0,0,0,0,0,-99.95001220703125,1,0,0,0,156.25,0,0,0,0,0,0,3036
1580,3000,35,2000,500,830,0,0,0,0,0,0,0,0,0,0,-99.95001220703125,1,0,0,0,156.25,0,0,0,0,0,0,3036
1581,3000,36,2000,500,830,0,0,0,0,0,0,0,0,0,0,-99.95001220703125,1,0,0,0,156.25,0,0,0,0,0,0,3036
1582,3000,37,2000,500,830,0,0,0,0,0,0,0,0,0,0,-99.95001220703125,1,0,0,0,156.25,0,0,0,0,0,0,3036
1583,3000,38,2000,500,830,0,0,0,0,0,0,0,0,0,0,-99.95001220703125,1,0,0,0,156.25,0,0,0,0,0,0,3036
1584,3000,39,2000,500,830,0,0,0,0,0,0,0,0,0,0,-99.95001220703125,1,0,0,0,156.25,0,0,0,0,0,0,3036
1585,3000,40,2000,500,830,0,0,0,0,0,0,0,0,0,0,-99.95001220703125,1,0,0,0,156.25,0,0,0,0,0,0,3036
1586,3000,41,2000,500,830,0,0,0,0,0,0,0,0,0,0,-99.95001220703125,1,0,0,0,156.25,0,0,0,0,0,0,3036
1587,3000,42,2000,500,830,0,0,0,0,0,0,0,0,0,0,-99.95001220703125,1,0,0,0,156.25,0,0,0,0,0,0,3036
1588,3000,43,2000,500,830,0,0,0,0,0,0,0,0,0,0,-99.95001220703125,1,0,0,0,156.25,0,0,0,0,0,0,3036
1589,3000,44,2000,500,830,0,0,0,0,0,0,0,0,0,0,-99.95001220703125,1,0,0,0,156.25,0,0,0,0,0,0,3036
1590,3000,45,2000,500,830,0,0,0,0,0,0,0,0,0,0,-99.95001220703125,1,0,0,0,156.25,0,0,0,0,0,0,3036
1591,3000,46,2000,500,830,0,0,0,0,0,0,0,0,0,0,-99.95001220703125,1,0,0,0,156.25,0,0,0,0,0,0,3036
1592,3000,47,2000,500,830,0,0,0,0,0,0,0,0,0,0,-99.95001220703125,1,0,0,0,156.25,0,0,0,0,0,0,3036
1593,3000,48,2000,500,830,0,0,0,0,0,0,0,0,0,0,-99.95001220703125,1,0,0,0,156.25,0,0,0,0,0,0,3036
1594,3000,49,2000,500,830,0,0,0,0,0,0,0,0,0,0,-99.95001220703125,1,0,0,0,156.25,0,0,0,0,0,0,3036
1595,3000,50,2000,500,830,0,0,0,0,0,0,0,0,0,0,-99.95001220703125,1,0,0,0,156.25,0,0,0,0,0,0,3036
1596,0,1,2000,500,830,0,0,0,0,0,0,0,0,0,0,-99.95001220703125,1,0,0,0,156.25,0,0,0,0,0,0,3036
1597,0,2,2000,500,830,0,0,0,0,0,0,0,0,0,0,-99.95001220703125,1,0,0,0,156.25,0,0,0,0,0,0,3036
1598,0,3,2000,500,830,0,0,0,0,0,0,0,0,0,0,-99.95001220703125,1,0,0,0,156.25,0,0,0,0,0,0,3036
1599,0,4,2000,500,830,0,0,0,0,0,0,0,0,0,0,-99.95001220703125,1,0,0,0,156.25,0,0,0,0,0,0,3036
1600,0,5,2000,500,830,0,0,0,0,0,0,0,0,0,0,-99.95001220703125,1,0,0,0,156.25,0,0,0,0,0,0,3036
1601,0,6,2000,500,830,0,0,0,0,0,0,0,0,0,0,-99.95001220703125,1,0,0,0,156.25,0,0,0,0,0,0,3036
1602,0,7,2000,500,830,0,0,0,0,0,0,0,0,0,0,-99.95001220703125,1,0,0,0,156.25,0,0,0,0,0,0,3036
1603,0,8,2000,500,830,0,0,0,0,0,0,0,0,0,0,-99.95001220703125,1,0,0,0,156.25,0,0,0,0,0,0,3036
1604,0,9,2000,500,830,0,0,0,0,0,0,0,0,0,0,-99.95001220703125,1,0,0,0,156.25,0,0,0,0,0,0,3036
1605,0,10,2000,500,830,0,0,0,0,0,0,0,0,0,0,-99.95001220703125,1,0,0,0,156.25,0,0,0,0,0,0,3036
1606,0,11,2000,500,830,0,0,0,0,0,0,0,0,0,0,-99.95001220703125,1,0,0,0,156.25,0,0,0,0,0,0,3036
1607,0,12,2000,500,830,0,0,0,0,0,0,0,0,0,0,-99.95001220703125,1,0,0,0,156.25,0,0,0,0,0,0,3036
1608,0,13,2000,500,830,0,0,0,0,0,0,0,0,0,0,-99.95001220703125,1,0,0,0,156.25,0,0,0,0,0,0,3036
1609,0,14,2000,500,830,0,0,0,0,0,0,0,0,0,0,-99.95001220703125,1,0,0,0,156.25,0,0,0,0,0,0,3036
1610,0,15,2000,500,830,0,0,0,0,0,0,0,0,0,0,-99.95001220703125,1,0,0,0,156.25,0,0,0,0,0,0,3036
1611,0,16,2000,500,830,0,0,0,0,0,0,0,0,0,0,-99.95001220703125,1,0,0,0,156.25,0,0,0,0,0,0,3036
1612,0,17,2000,500,830,0,0,0,0,0,0,0,0,0,0,-99.95001220703125,1,0,0,0,156.25,0,0,0,0,0,0,3036
1613,0,18,2000,500,830,0,0,0,0,0,0,0,0,0,0,-99.95001220703125,1,0,0,0,156.25,0,0,0,0,0,0,3036
1614,0,19,2000,500,830,0,0,0,0,0,0,0,0,0,0,-99.95001220703125,1,0,0,0,156.25,0,0,0,0,0,0,3036
1615,0,20,2000,500,830,0,0,0,0,0,0,0,0,0,0,-99.95001220703125,1,0,0,0,156.25,0,0,0,0,0,0,3036
1616,0,21,2000,500,830,0,0,0,0,0,0,0,0,0,0,-99.95001220703125,1,0,0,0,156.25,0,0,0,0,0,0,3036
1617,0,22,2000,500,830,0,0,0,0,0,0,0,0,0,0,-99.95001220703125,1,0,0,0,156.25,0,0,0,0,0,0,3036
1618,0,23,2000,500,830,0,0,0,0,0,0,0,0,0,0,-99.95001220703125,1,0,0,0,156.25,0,0,0,0,0,0,3036
1619,0,24,2000,500,830,0,0,0,0,0,0,0,0,0,0,-99.95001220703125,1,0,0,0,156.25,0,0,0,0,0,0,3036
1620,0,25,2000,500,830,0,0,0,0,0,0,0,0,0,0,-99.95001220703125,1,0,0,0,156.25,0,0,0,0,0,0,3036
1621,0,26,2000,500,830,0,0,0,0,0,0,0,0,0,0,-99.95001220703125,1,0,0,0,156.25,0,0,0,0,0,0,3036
1622,0,27,2000,500,830,0,0,0,0,0,0,0,0,0,0,-99.95001220703125,1,0,0,0,156.25,0,0,0,0,0,0,3036
1623,0,28,2000,500,830,0,0,0,0,0,0,0,0,0,0,-99.95001220703125,1,0,0,0,156.25,0,0,0,0,0,0,3036
1624,0,29,2000,500,830,0,0,0,0,0,0,0,0,0,0,-99.95001220703125,1,0,0,0,156.25,0,0,0,0,0,0,3036
1625,0,30,2000,500,830,0,0,0,0,0,0,0,0,0,0,-99.95001220703125,1,0,0,0,156.25,0,0,0,0,0,0,3036
1626,0,31,2000,500,830,0,0,0,0,0,0,0,0,0,0,-99.95001220703125,1,0,0,0,156.25,0,0,0,0,0,0,3036
1627,0,32,2000,500,830,0,0,0,0,0,0,0,0,0,0,-99.95001220703125,1,0,0,0,156.25,0,0,0,0,0,0,3036
1628,0,33,2000,500,830,0,0,0,0,0,0,0,0,0,0,-99.95001220703125,1,0,0,0,156.25,0,0,0,0,0,0,3036
1629,0,34,2000,500,830,0,0,0,0,0,0,0,0,0,0,-99.95001220703125,1,0,0,0,156.25,0,0,0,0,0,0,3036
1630,0,35,2000,500,830,0,0,0,0,0,0,0,0,0,0,-99.95001220703125,1,0,0,0,156.25,0,0,0,0,0,0,3036
1631,0,36,2000,500,830,0,0,0,0,0,0,0,0,0,0,-99.95001220703125,1,0,0,0,156.25,0,0,0,0,0,0,3036
1632,0,37,2000,500,830,0,0,0,0,0,0,0,0,0,0,-100.95001220703125,1,0,0,0,156.25,0,0,0,0,0,0,3036
1633,0,38,2000,500,830,0,0,0,0,0,0,0,0,0,0,-103.70001220703125,1,0,0,0,157.25,0,0,0,0,0,0,3036
1634,0,39,2000,500,830,0,0,0,0,0,0,0,0,0,0,-103.70001220703125,1,0,0,0,160,0,0,0,0,0,0,3036
1635,0,40,2000,500,830,0,0,0,0,0,0,0,0,0,0,-103.70001220703125,1,0,0,0,160,0,0,0,0,0,0,3036
1636,0,41,2000,500,830,0,0,0,0,0,0,0,0,0,0,-103.70001220703125,1,0,0,0,160,0,0,0,0,0,0,3036
1637,0,42,2000,500,830,0,0,0,0,0,0,0,0,0,0,-103.70001220703125,1,0,0,0,160,0,0,0,0,0,0,3036
1638,0,43,2000,500,830,0,0,0,0,0,0,0,0,0,0,-103.70001220703125,1,0,0,0,160,0,0,0,0,0,0,3036
1639,0,44,2000,500,830,0,0,0,0,0,0,0,0,0,0,-103.70001220703125,1,0,0,0,160,0,0,0,0,0,0,3036
1640,0,45,2000,500,830,0,0,0,0,0,0,0,0,0,0,-103.70001220703125,1,0,0,0,160,0,0,0,0,0,0,3036
1641,0,46,2000,500,830,0,0,0,0,0,0,0,0,0,0,-103.70001220703125,1,0,0,0,160,0,0,0,0,0,0,3036
1642,0,47,2000,500,830,0,0,0,0,0,0,0,0,0,0,-103.70001220703125,1,0,0,0,160,0,0,0,0,0,0,3036
1643,0,48,2000,500,830,0,0,0,0,0,0,0,0,0,0,-103.70001220703125,1,0,0,0,160,0,0,0,0,0,0,3036
1644,0,49,2000,500,830,0,0,0,0,0,0,0,0,0,0,-103.70001220703125,1,0,0,0,160,0,0,0,0,0,0,3036
1645,0,50,2000,500,830,0,0,0,0,0,0,0,0,0,0,-103.70001220703125,1,0,0,0,160,0,0,0,0,0,0,3036
1646,0,51,2000,500,830,0,0,0,0,0,0,0,0,0,0,-103.70001220703125,1,0,0,0,160,0,0,0,0,0,0,3036
1647,0,52,2000,500,830,0,0,0,0,0,0,0,0,0,0,-103.70001220703125,1,0,0,0,160,0,0,0,0,0,0,3036
1648,0,53,2000,500,830,0,0,0,0,0,0,0,0,0,0,-103.70001220703125,1,0,0,0,160,0,0,0,0,0,0,3036
1649,0,54,2000,500,830,0,0,0,0,0,0,0,0,0,0,-103.70001220703125,1,0,0,0,160,0,0,0,0,0,0,3036
1650,0,55,2000,500,830,0,0,0,0,0,0,0,0,0,0,-103.70001220703125,1,0,0,0,160,0,0,0,0,0,0,3036
1651,0,56,2000,500,830,0,0,0,0,0,0,0,0,0,0,-103.70001220703125,1,0,0,0,160,0,0,0,0,0,0,3036
1652,0,57,2000,500,830,0,0,0,0,0,0,0,0,0,0,-103.70001220703125,1,0,0,0,160,0,0,0,0,0,0,3036
1653,0,58,2000,500,830,0,0,0,0,0,0,0,0,0,0,-103.70001220703125,1,0,0,0,160,0,0,0,0,0,0,3036
1654,0,59,2000,500,830,0,0,0,0,0,0,0,0,0,0,-103.70001220703125,1,0,0,0,160,0,0,0,0,0,0,3036
1655,0,60,2000,500,830,0,0,0,0,0,0,0,0,0,0,-103.70001220703125,1,0,0,0,160,0,0,0,0,0,0,3036
1656,0,61,2000,500,830,0,0,0,0,0,0,0,0,0,0,-103.70001220703125,1,0,0,0,160,0,0,0,0,0,0,3036
1657,0,62,2000,500,830,0,0,0,0,0,0,0,0,0,0,-103.70001220703125,1,0,0,0,160,0,0,0,0,0,0,3036
1658,0,63,2000,500,830,0,0,0,0,0,0,0,0,0,0,-103.70001220703125,1,0,0,0,160,0,0,0,0,0,0,3036
1659,0,64,2000,500,830,0,0,0,0,0,0,0,0,0,0,-103.70001220703125,1,0,0,0,160,0,0,0,0,0,0,3036
1660,0,65,2000,500,830,0,0,0,0,0,0,0,0,0,0,-103.70001220703125,1,0,0,0,160,0,0,0,0,0,0,3036
1661,0,66,2000,500,830,0,0,0,0,0,0,0,0,0,0,-103.70001220703125,1,0,0,0,160,0,0,0,0,0,0,3036
1662,0,67,2000,500,830,0,0,0,0,0,0,0,0,0,0,-103.70001220703125,1,0,0,0,160,0,0,0,0,0,0,3036
1663,0,68,2000,500,830,0,0,0,0,0,0,0,0,0,0,-103.70001220703125,1,0,0,0,160,0,0,0,0,0,0,3036
1664,0,69,2000,500,830,0,0,0,0,0,0,0,0,0,0,-103.70001220703125,1,0,0,0,160,0,0,0,0,0,0,3036
1665,0,70,2000,500,830,0,0,0,0,0,0,0,0,0,0,-103.70001220703125,1,0,0,0,160,0,0,0,0,0,0,3036
1666,0,71,2000,500,830,0,0,0,0,0,0,0,0,0,0,-103.70001220703125,1,0,0,0,160,0,0,0,0,0,0,3036
1667,0,72,2000,500,830,0,0,0,0,0,0,0,0,0,0,-103.70001220703125,1,0,0,0,160,0,0,0,0,0,0,3036
1668,0,73,2000,500,830,0,0,0,0,0,0,0,0,0,0,-103.70001220703125,1,0,0,0,160,0,0,0,0,0,0,3036
1669,0,74,2000,500,830,0,0,0,0,0,0,0,0,0,0,-103.70001220703125,1,0,0,0,160,0,0,0,0,0,0,3036
1670,0,75,2000,500,830,0,0,0,0,0,0,0,0,0,0,-103.70001220703125,1,0,0,0,160,0,0,0,0,0,0,3036
1671,0,76,2000,500,830,0,0,0,0,0,0,0,0,0,0,-103.70001220703125,1,0,0,0,160,0,0,0,0,0,0,3036
1672,0,77,2000,500,830,0,0,0,0,0,0,0,0,0,0,-103.70001220703125,1,0,0,0,160,0,0,0,0,0,0,3036
1673,0,78,2000,500,830,0,0,0,0,0,0,0,0,0,0,-103.70001220703125,1,0,0,0,160,0,0,0,0,0,0,3036
1674,0,79,2000,500,830,0,0,0,0,0,0,0,0,0,0,-103.70001220703125,1,0,0,0,160,0,0,0,0,0,0,3036
1675,0,80,2000,500,830,0,0,0,0,0,0,0,0,0,0,-103.70001220703125,1,0,0,0,160,0,0,0,0,0,0,3036
1676,0,81,2000,500,830,0,0,0,0,0,0,0,0,0,0,-103.70001220703125,1,0,0,0,160,0,0,0,0,0,0,3036
1677,0,82,2000,500,830,0,0,0,0,0,0,0,0,0,0,-103.70001220703125,1,0,0,0,160,0,0,0,0,0,0,3036
1678,0,83,2000,500,830,0,0,0,0,0,0,0,0,0,0,-103.70001220703125,1,0,0,0,160,0,0,0,0,0,0,3036
1679,0,84,2000,500,830,0,0,0,0,0,0,0,0,0,0,-103.70001220703125,1,0,0,0,160,0,0,0,0,0,0,3036
1680,0,85,2000,500,830,0,0,0,0,0,0,0,0,0,0,-103.70001220703125,1,0,0,0,160,0,0,0,0,0,0,3036
1681,0,86,2000,500,830,0,0,0,0,0,0,0,0,0,0,-103.70001220703125,1,0,0,0,160,0,0,0,0,0,0,3036
1682,0,87,2000,500,830,0,0,0,0,0,0,0,0,0,0,-103.70001220703125,1,0,0,0,160,0,0,0,0,0,0,3036
1683,0,88,2000,500,830,0,0,0,0,0,0,0,0,0,0,-103.70001220703125,1,0,0,0,160,0,0,0,0,0,0,3036
1684,0,89,2000,500,830,0,0,0,0,0,0,0,0,0,0,-103.70001220703125,1,0,0,0,160,0,0,0,0,0,0,3036
1685,0,90,2000,500,830,0,0,0,0,0,0,0,0,0,0,-103.70001220703125,1,0,0,0,160,0,0,0,0,0,0,3036
1686,0,91,2000,500,830,0,0,0,0,0,0,0,0,0,0,-103.70001220703125,1,0,0,0,160,0,0,0,0,0,0,3036
1687,0,92,2000,500,830,0,0,0,0,0,0,0,0,0,0,-103.70001220703125,1,0,0,0,160,0,0,0,0,0,0,3036
1688,0,93,2000,500,830,0,0,0,0,0,0,0,0,0,0,-103.70001220703125,1,0,0,0,160,0,0,0,0,0,0,3036
1689,0,94,2000,500,830,0,0,0,0,0,0,0,0,0,0,-103.70001220703125,1,0,0,0,160,0,0,0,0,0,0,3036
1690,0,95,2000,500,830,0,0,0,0,0,0,0,0,0,0,-103.70001220703125,1,0,0,0,160,0,0,0,0,0,0,3036
1691,0,96,2000,500,830,0,0,0,0,0,0,0,0,0,0,-103.70001220703125,1,0,0,0,160,0,0,0,0,0,0,3036
1692,0,97,2000,500,830,0,0,0,0,0,0,0,0,0,0,-103.70001220703125,1,0,0,0,160,0,0,0,0,0,0,3036
1693,0,98,2000,500,830,0,0,0,0,0,0,0,0,0,0,-103.70001220703125,1,0,0,0,160,0,0,0,0,0,0,3036
1694,0,99,2000,500,830,0,0,0,0,0,0,0,0,0,0,-103.70001220703125,1,0,0,0,160,0,0,0,0,0,0,3036
1695,0,100,2000,500,830,0,0,0,0,0,0,0,0,0,0,-103.70001220703125,1,0,0,0,160,0,0,0,0,0,0,3036
1696,0,101,2000,500,830,0,0,0,0,0,0,0,0,0,0,-103.70001220703125,1,0,0,0,160,0,0,0,0,0,0,3036
1697,0,102,2000,500,830,0,0,0,0,0,0,0,0,0,0,-103.70001220703125,1,0,0,0,160,0,0,0,0,0,0,3036
1698,0,103,2000,500,830,0,0,0,0,0,0,0,0,0,0,-103.70001220703125,1,0,0,0,160,0,0,0,0,0,0,3036
1699,0,104,2000,500,830,0,0,0,0,0,0,0,0,0,0,-103.70001220703125,1,0,0,0,160,0,0,0,0,0,0,3036
1700,0,105,2000,500,830,0,0,0,0,0,0,0,0,0,0,-103.70001220703125,1,0,0,0,160,0,0,0,0,0,0,3036
1701,0,106,2000,500,830,0,0,0,0,0,0,0,0,0,0,-103.70001220703125,1,0,0,0,160,0,0,0,0,0,0,3036
1702,0,107,2000,500,830,0,0,0,0,0,0,0,0,0,0,-103.70001220703125,1,0,0,0,160,0,0,0,0,0,0,3036
1703,0,108,2000,500,830,0,0,0,0,0,0,0,0,0,0,-103.70001220703125,1,0,0,0,160,0,0,0,0,0,0,3036
1704,0,109,2000,500,830,0,0,0,0,0,0,0,0,0,0,-103.70001220703125,1,0,0,0,160,0,0,0,0,0,0,3036
1705,0,110,2000,500,830,0,0,0,0,0,0,0,0,0,0,-103.70001220703125,1,0,0,0,160,0,0,0,0,0,0,3036
1706,0,111,2000,500,830,0,0,0,0,0,0,0,0,0,0,-103.70001220703125,1,0,0,0,160,0,0,0,0,0,0,3036
1707,0,112,2000,500,830,0,0,0,0,0,0,0,0,0,0,-103.70001220703125,1,0,0,0,160,0,0,0,0,0,0,3036
1708,0,113,2000,500,830,0,0,0,0,0,0,0,0,0,0,-103.70001220703125,1,0,0,0,160,0,0,0,0,0,0,3036
1709,0,114,2000,500,830,0,0,0,0,0,0,0,0,0,0,-103.70001220703125,1,0,0,0,160,0,0,0,0,0,0,3036
1710,0,115,2000,500,830,0,0,0,0,0,0,0,0,0,0,-103.70001220703125,1,0,0,0,160,0,0,0,0,0,0,3036
1711,0,116,2000,500,830,0,0,0,0,0,0,0,0,0,0,-103.70001220703125,1,0,0,0,160,0,0,0,0,0,0,3036
1712,0,117,2000,500,830,0,0,0,0,0,0,0,0,0,0,-103.70001220703125,1,0,0,0,160,0,0,0,0,0,0,3036
1713,0,118,2000,500,830,0,0,0,0,0,0,0,0,0,0,-103.70001220703125,1,0,0,0,160,0,0,0,0,0,0,3036
1714,0,119,2000,500,830,0,0,0,0,0,0,0,0,0,0,-103.70001220703125,1,0,0,0,160,0,0,0,0,0,0,3036
1715,0,120,2000,500,830,0,0,0,0,0,0,0,0,0,0,-103.70001220703125,1,0,0,0,160,0,0,0,0,0,0,3036
