1,0,112,0,1000,1000,0,0,0,0,0,0,1,0,0,0,-70,1,120,8200,0,0,120,13,0,0,0,0,0
2,0,113,0,1000,1000,0,0,0,0,0,0,1,0,0,0,-70,1,120,8200,0,0,120,13,0,0,0,0,0
3,0,114,0,1000,1000,0,0,0,0,0,0,1,0,0,0,-70,1,120,8200,0,0,120,13,0,0,0,0,0
4,0,115,0,1000,1000,0,0,0,0,0,0,1,0,0,0,-70,1,120,8200,0,0,120,13,0,0,0,0,0
5,0,116,0,1000,1000,0,0,0,0,0,0,1,0,0,0,-70,1,120,8200,0,0,120,13,0,0,0,0,0
6,0,117,0,1000,1000,0,0,0,0,0,0,1,0,0,0,-70,1,120,8200,0,0,120,13,0,0,0,0,0
7,0,118,0,1000,1000,0,0,0,0,0,0,1,0,0,0,-70,1,120,8200,0,0,120,13,0,0,0,0,0
8,0,119,0,1000,1000,0,0,0,0,0,0,1,0,0,0,-70,1,120,8200,0,0,120,13,0,0,0,0,0
9,0,120,0,1000,1000,0,0,0,0,0,0,1,0,0,0,-70,1,120,8200,0,0,120,13,0,0,0,0,0
10,0,1,3000,500,1000,0,0,0,0,0,0,1,0,0,0,-25,1,120,8200,0,0,120,13,0,0,0,0,1000
11,0,2,3000,500,1000,0,0,0,0,0,0,1,0,0,0,-25,1,120,8200,0,0,120,14,0,0,0,0,1000
12,0,3,3000,500,1000,0,0,0,0,0,0,1,0,0,0,-25,1,120,8200,0,0,120,14,0,0,0,0,1000
13,0,4,3000,500,1000,0,0,0,0,0,0,1,0,0,0,-25,1,120,8200,0,0,120,14,0,0,0,0,1000
14,0,5,3000,500,1000,0,0,0,0,0,0,1,0,0,0,-25,1,120,8200,0,0,120,14,0,0,0,0,1000
15,0,6,3000,500,1000,0,0,0,0,0,0,1,0,0,0,-25,1,120,8200,0,0,120,14,0,0,0,0,1000
16,0,7,3000,500,1000,0,0,0,0,0,0,1,0,0,0,-25,1,120,8200,0,0,120,14,0,0,0,0,1000
17,0,8,3000,500,1000,0,0,0,0,0,0,1,0,0,0,-25,1,120,8200,0,0,120,14,0,0,0,0,1000
18,0,9,3000,500,1000,0,0,0,0,0,0,1,0,0,0,-25,1,120,8200,0,0,120,14,0,0,0,0,1000
19,10,1,3000,500,1000,0,0,0,0,0,0,1,0,0,0,-25,1,120,8200,0,0,120,14,0,0,0,0,1000
20,10,2,3000,500,1000,0,0,0,0,0,0,1,0,0,0,-25,1,120,8200,0,0,120,14,0,0,0,0,1000
21,10,3,3000,500,1000,0,0,0,0,0,0,1,0,0,0,-25,1,120,8200,0,0,120,14,0,0,0,0,1000
22,10,4,3000,500,1000,0,0,0,0,0,0,1,0,0,0,-25,1,120,8200,0,0,120,15,0,0,0,0,1000
23,10,5,3000,500,1000,0,0,0,0,0,0,1,0,0,0,-25,1,120,8200,0,0,120,15,0,0,0,0,1000
24,10,6,3000,500,1000,0,0,0,0,0,0,1,0,0,0,-25,1,120,8200,0,0,120,15,0,0,0,0,1000
25,1000,1,3000,500,1000,0,0,0,0,0,0,1,0,0,0,-25,1,120,8200,0,0,120,15,0,0,0,0,1000
26,1000,2,3000,500,1000,0,0,0,0,0,0,1,0,0,0,-25,1,120,8200,0,0,120,15,0,0,0,0,1000
27,1000,3,3000,500,1000,0,0,0,0,0,0,1,0,0,0,-25,1,120,8200,0,0,120,15,0,0,0,0,1000
28,1000,4,3000,500,1000,0,0,0,0,0,0,1,0,0,0,-25,1,120,8200,0,0,120,15,0,0,0,0,1000
29,1000,5,3000,500,1000,0,0,0,0,0,0,1,0,0,0,-25,1,120,8200,0,0,120,15,0,0,0,0,1000
30,1000,6,3000,500,1000,0,0,0,0,0,0,1,0,0,0,-25,1,120,8200,0,0,120,15,0,0,0,0,1000
31,1000,7,3000,500,1000,0,0,0,0,0,0,1,0,0,0,-25,1,120,8200,0,0,120,15,0,0,0,0,1000
32,1000,8,3000,500,1000,0,0,0,0,0,0,1,0,0,0,-25,1,120,8200,0,0,120,15,0,0,0,0,1000
33,1000,8,4030,500,977,0,0,0,0,0,0,1,0,0,0,-25,1,120,8200,0,0,120,15,0,0,0,0,2018
34,1000,8,4030,500,977,0,0,0,0,0,0,1,0,0,0,-25,1,120,8200,0,0,120,15,0,0,0,0,2018
35,1000,8,4030,500,977,0,0,0,0,0,0,1,0,0,0,-25,1,120,8200,0,0,120,15,0,0,0,0,2018
36,1000,8,4030,500,977,0,0,0,0,0,0,1,0,0,0,-25,1,120,8200,0,0,120,15,0,0,0,0,2018
37,1000,8,4030,500,977,0,0,0,0,0,0,1,0,0,0,-25,1,120,8200,0,0,120,15,0,0,0,0,2018
38,1000,8,4030,500,977,0,0,0,0,0,0,1,0,0,0,-25,1,120,8200,0,0,120,15,0,0,0,0,2018
39,1000,9,4030,500,977,0,0,0,0,0,0,1,0,0,0,-25,1,120,8200,0,0,120,16,1,0,0,0,2018
40,1000,10,4030,500,977,0,0,0,0,0,0,1,0,0,0,-25,1,120,8200,0,0,120,16,1,0,0,0,2018
41,1000,11,4030,500,977,0,0,0,0,0,0,1,0,0,0,-25,1,120,8200,0,0,120,16,1,0,0,0,2018
42,1000,12,4030,500,977,0,0,0,0,0,0,1,0,0,0,-25,1,120,8200,0,0,120,16,1,0,0,0,2018
43,1000,13,4030,500,977,0,0,0,0,0,0,1,0,0,0,-25,1,120,8200,0,0,120,16,1,0,0,0,2018
44,1000,14,4030,500,977,0,0,0,0,0,0,1,0,0,0,-25,1,120,8200,0,0,120,16,1,0,0,0,2018
45,1000,15,4030,500,977,0,0,0,0,0,0,1,0,0,0,-25,1,120,8200,0,0,120,16,1,0,0,0,2018
46,1000,16,4030,500,977,0,0,0,0,0,0,1,0,0,0,-25,1,120,8200,0,0,120,17,1,0,0,0,2018
47,1000,16,5000,500,954,0,0,0,0,0,0,1,0,0,0,-25,1,120,8200,0,0,120,17,1,0,0,0,3036
48,1000,16,5000,500,954,0,0,0,0,0,0,1,0,0,0,-25,1,120,8200,0,0,120,17,1,0,0,0,3036
49,1000,16,5000,500,954,0,0,0,0,0,0,1,0,0,0,-25,1,120,8200,0,0,120,17,1,0,0,0,3036
50,1000,16,5000,500,954,0,0,0,0,0,0,1,0,0,0,-25,1,120,8200,0,0,120,17,1,0,0,0,3036
51,1000,16,5000,500,954,0,0,0,0,0,0,1,0,0,0,-25,1,120,8200,0,0,120,17,1,0,0,0,3036
52,1000,16,5000,500,954,0,0,0,0,0,0,1,0,0,0,-25,1,120,8200,0,0,120,17,1,0,0,0,3036
53,1000,17,5000,500,954,0,0,0,0,0,0,1,0,0,0,-25,1,120,8200,0,0,120,17,1,0,0,0,3036
54,1000,18,5000,500,954,0,0,0,0,0,0,1,0,0,0,-25,1,120,8200,0,0,120,17,1,0,0,0,3036
55,1000,19,5000,500,954,0,0,0,0,0,0,1,0,0,0,-25,1,120,8200,0,0,120,17,1,0,0,0,3036
56,1000,20,5000,500,954,0,0,0,0,0,0,1,0,0,0,-25,1,120,8200,0,0,120,17,1,0,0,0,3036
57,1000,21,5000,500,954,0,0,0,0,0,0,1,0,0,0,-25,1,120,8200,0,0,120,17,1,0,0,0,3036
58,1000,22,5000,500,954,0,0,0,0,0,0,1,0,0,0,-25,1,120,8200,0,0,120,18,1,0,0,0,3036
59,1000,23,5000,500,954,0,0,0,0,0,0,1,0,0,0,-25,1,120,8200,0,0,120,18,1,0,0,0,3036
60,1000,24,5000,500,954,0,0,0,0,0,0,1,0,0,0,-25,1,120,8200,0,0,120,18,1,0,0,0,3036
61,1000,24,5000,500,931,0,0,0,0,0,0,1,0,0,0,-25,1,120,8200,0,0,120,18,1,0,0,0,4054
62,1000,24,5000,500,931,0,0,0,0,0,0,1,0,0,0,-25,1,120,8200,0,0,120,18,1,0,0,0,4054
63,1000,24,5000,500,931,0,0,0,0,0,0,1,0,0,0,-25,1,120,8200,0,0,120,18,1,0,0,0,4054
64,1000,24,5000,500,931,0,0,0,0,0,0,1,0,0,0,-25,1,120,8200,0,0,120,18,1,0,0,0,4054
65,1000,24,5000,500,931,0,0,0,0,0,0,1,0,0,0,-25,1,120,8200,0,0,120,18,1,0,0,0,4054
66,1000,24,5000,500,931,0,0,0,0,0,0,1,0,0,0,-25,1,120,8200,0,0,120,18,1,0,0,0,4054
67,1000,25,5000,500,931,0,0,0,0,0,0,1,0,0,0,-25,1,120,8200,0,0,120,18,1,0,0,0,4054
68,1000,26,5000,500,931,0,0,0,0,0,0,1,0,0,0,-25,1,120,8200,0,0,120,18,1,0,0,0,4054
69,1000,27,5000,500,931,0,0,0,0,0,0,1,0,0,0,-25,1,120,8200,0,0,120,18,1,0,0,0,4054
70,1000,28,5000,500,931,0,0,0,0,0,0,1,0,0,0,-25,1,120,8200,0,0,120,19,1,0,0,0,4054
71,1000,29,5000,500,931,0,0,0,0,0,0,1,0,0,0,-25,1,120,8200,0,0,120,19,1,0,0,0,4054
72,1000,30,5000,500,931,0,0,0,0,0,0,1,0,0,0,-25,1,120,8200,0,0,120,19,1,0,0,0,4054
73,1000,31,5000,500,931,0,0,0,0,0,0,1,0,0,0,-25,1,120,8200,0,0,120,19,1,0,0,0,4054
74,1000,32,5000,500,931,0,0,0,0,0,0,1,0,0,0,-25,1,120,8200,0,0,120,19,1,0,0,0,4054
75,1000,33,5000,500,931,0,0,0,0,0,0,1,0,0,0,-25,1,120,8200,0,0,120,19,1,0,0,0,4054
76,1000,34,5000,500,931,0,0,0,0,0,0,1,0,0,0,-25,1,120,8200,0,0,120,19,1,0,0,0,4054
77,0,1,5000,500,931,0,0,0,0,0,0,1,0,0,0,-25,1,120,8200,0,0,120,19,1,0,0,0,4054
78,0,2,5000,500,931,0,0,0,0,0,0,1,0,0,0,-25,1,120,8200,0,0,120,19,1,0,0,0,4054
79,0,3,5000,500,931,0,0,0,0,0,0,1,0,0,0,-25,1,120,8200,0,0,120,19,1,0,0,0,4054
80,0,4,5000,500,931,0,0,0,0,0,0,1,0,0,0,-25,1,120,8200,0,0,120,19,1,0,0,0,4054
81,0,5,5000,500,931,0,0,0,0,0,0,1,0,0,0,-25,1,120,8200,0,0,120,19,1,0,0,0,4054
82,0,6,5000,500,931,0,0,0,0,0,0,1,0,0,0,-25,1,120,8200,0,0,120,19,1,0,0,0,4054
83,0,7,5000,500,931,0,0,0,0,0,0,1,0,0,0,-25,1,120,8200,0,0,120,19,1,0,0,0,4054
84,0,8,5000,500,931,0,0,0,0,0,0,1,0,0,0,-25,1,120,8200,0,0,120,19,1,0,0,0,4054
85,0,9,5000,500,931,0,0,0,0,0,0,1,0,0,0,-25,1,120,8200,0,0,120,19,1,0,0,0,4054
86,0,10,5000,500,931,0,0,0,0,0,0,1,0,0,0,-25,1,120,8200,0,0,120,19,1,0,0,0,4054
87,0,11,5000,500,931,0,0,0,0,0,0,1,0,0,0,-25,1,120,8200,0,0,120,19,1,0,0,0,4054
88,0,12,5000,500,931,0,0,0,0,0,0,1,0,0,0,-25,1,120,8200,0,0,120,20,1,0,0,0,4054
89,0,13,5000,500,931,0,0,0,0,0,0,1,0,0,0,-25,1,120,8200,0,0,120,20,1,0,0,0,4054
90,0,14,5000,500,931,0,0,0,0,0,0,1,0,0,0,-25,1,120,8200,0,0,120,20,1,0,0,0,4054
91,0,15,5000,500,931,0,0,0,0,0,0,1,0,0,0,-25,1,120,8200,0,0,120,20,1,0,0,0,4054
92,0,16,5000,500,931,0,0,0,0,0,0,1,0,0,0,-25,1,120,8200,0,0,120,20,1,0,0,0,4054
93,0,17,5000,500,931,0,0,0,0,0,0,1,0,0,0,-25,1,120,8200,0,0,120,20,1,0,0,0,4054
94,0,18,5000,500,931,0,0,0,0,0,0,1,0,0,0,-25,1,120,8200,0,0,120,20,1,0,0,0,4054
95,0,19,5000,500,931,0,0,0,0,0,0,1,0,0,0,-25,1,120,8200,0,0,120,20,1,0,0,0,4054
96,0,20,5000,500,931,0,0,0,0,0,0,1,0,0,0,-25,1,120,8200,0,0,120,20,1,0,0,0,4054
97,0,21,5000,500,931,0,0,0,0,0,0,1,0,0,0,-25,1,120,8200,0,0,120,20,1,0,0,0,4054
98,0,22,5000,500,931,0,0,0,0,0,0,1,0,0,0,-25,1,120,8200,0,0,120,20,1,0,0,0,4054
99,0,23,5000,500,931,0,0,0,0,0,0,1,0,0,0,-25,1,120,8200,0,0,120,20,1,0,0,0,4054
100,0,24,5000,500,931,0,0,0,0,0,0,1,0,0,0,-25,1,120,8200,0,0,120,20,1,0,0,0,4054
101,0,25,5000,500,931,0,0,0,0,0,0,1,0,0,0,-25,1,120,8200,0,0,120,20,1,0,0,0,4054
102,0,26,5000,500,931,0,0,0,0,0,0,1,0,0,0,-25,1,120,8200,0,0,120,20,1,0,0,0,4054
103,0,27,5000,500,931,0,0,0,0,0,0,1,0,0,0,-25,1,120,8200,0,0,120,20,1,0,0,0,4054
104,0,28,5000,500,931,0,0,0,0,0,0,1,0,0,0,-25,1,120,8200,0,0,120,20,1,0,0,0,4054
105,0,29,5000,500,931,0,0,0,0,0,0,1,0,0,0,-25,1,120,8200,0,0,120,20,1,0,0,0,4054
106,0,30,5000,500,931,0,0,0,0,0,0,1,0,0,0,-25,1,120,8200,0,0,120,21,1,0,0,0,4054
107,0,31,5000,500,931,0,0,0,0,0,0,1,0,0,0,-25,1,120,8200,0,0,120,21,1,0,0,0,4054
108,0,32,5000,500,931,0,0,0,0,0,0,1,0,0,0,-25,1,120,8200,0,0,120,21,1,0,0,0,4054
109,0,33,5000,500,931,0,0,0,0,0,0,1,0,0,0,-25,1,120,8200,0,0,120,21,1,0,0,0,4054
110,0,34,5000,500,931,0,0,0,0,0,0,1,0,0,0,-25,1,120,8200,0,0,120,21,1,0,0,0,4054
111,0,35,5000,500,931,0,0,0,0,0,0,1,0,0,0,-25,1,120,8200,0,0,120,21,1,0,0,0,4054
112,0,36,5000,500,931,0,0,0,0,0,0,1,0,0,0,-25,1,120,8200,0,0,120,21,1,0,0,0,4054
113,0,37,5000,500,931,0,0,0,0,0,0,1,0,0,0,-25,1,120,8200,0,0,120,21,1,0,0,0,4054
114,0,38,5000,500,931,0,0,0,0,0,0,1,0,0,0,-25,1,120,8200,0,0,120,21,1,0,0,0,4054
115,0,39,5000,500,931,0,0,0,0,0,0,1,0,0,0,-25,1,120,8200,0,0,120,21,1,0,0,0,4054
116,0,40,5000,500,931,0,0,0,0,0,0,1,0,0,0,-25,1,120,8200,0,0,120,21,1,0,0,0,4054
117,0,41,5000,500,931,0,0,0,0,0,0,1,0,0,0,-25,1,120,8200,0,0,120,21,1,0,0,0,4054
118,0,42,5000,500,931,0,0,0,0,0,0,1,0,0,0,-25,1,120,8200,0,0,120,21,1,0,0,0,4054
119,0,43,5000,500,931,0,0,0,0,0,0,1,0,0,0,-25,1,120,8200,0,0,120,21,1,0,0,0,4054
120,0,44,5000,500,931,0,0,0,0,0,0,1,0,0,0,-25,1,120,8200,0,0,120,21,1,0,0,0,4054
121,0,45,5000,500,931,0,0,0,0,0,0,1,0,0,0,-25,1,120,8200,0,0,120,21,1,0,0,0,4054
122,0,46,5000,500,931,0,0,0,0,0,0,1,0,0,0,-25,1,120,8200,0,0,120,21,1,0,0,0,4054
123,0,47,5000,500,931,0,0,0,0,0,0,1,0,0,0,-25,1,120,8200,0,0,120,21,1,0,0,0,4054
124,0,48,5000,500,931,0,0,0,0,0,0,1,0,0,0,-25,1,120,8200,0,0,120,21,1,0,0,0,4054
125,0,49,5000,500,931,0,0,0,0,0,0,1,0,0,0,-25,1,120,8200,0,0,120,21,1,0,0,0,4054
126,0,50,5000,500,931,0,0,0,0,0,0,1,0,0,0,-25,1,120,8200,0,0,120,21,1,0,0,0,4054
127,0,51,5000,500,931,0,0,0,0,0,0,1,0,0,0,-25,1,120,8200,0,0,120,21,1,0,0,0,4054
128,0,52,5000,500,931,0,0,0,0,0,0,1,0,0,0,-25,1,120,8200,0,0,120,21,1,0,0,0,4054
129,0,53,5000,500,931,0,0,0,0,0,0,1,0,0,0,-25,1,120,8200,0,0,120,21,1,0,0,0,4054
130,0,54,5000,500,931,0,0,0,0,0,0,1,0,0,0,-25,1,120,8200,0,0,120,21,1,0,0,0,4054
131,0,55,5000,500,931,0,0,0,0,0,0,1,0,0,0,-25,1,120,8200,0,0,120,21,1,0,0,0,4054
132,0,56,5000,500,931,0,0,0,0,0,0,1,0,0,0,-25,1,120,8200,0,0,120,21,1,0,0,0,4054
133,0,57,5000,500,931,0,0,0,0,0,0,1,0,0,0,-25,1,120,8200,0,0,120,21,1,0,0,0,4054
134,0,58,5000,500,931,0,0,0,0,0,0,1,0,0,0,-25,1,120,8200,0,0,120,21,1,0,0,0,4054
135,0,59,5000,500,931,0,0,0,0,0,0,1,0,0,0,-25,1,120,8200,0,0,120,21,1,0,0,0,4054
136,0,60,5000,500,931,0,0,0,0,0,0,1,0,0,0,-25,1,120,8200,0,0,120,21,1,0,0,0,4054
137,0,61,5000,500,931,0,0,0,0,0,0,1,0,0,0,-25,1,120,8200,0,0,120,21,1,0,0,0,4054
138,0,62,5000,500,931,0,0,0,0,0,0,1,0,0,0,-25,1,120,8200,0,0,120,21,1,0,0,0,4054
139,0,63,5000,500,931,0,0,0,0,0,0,1,0,0,0,-25,1,120,8200,0,0,120,21,1,0,0,0,4054
140,0,64,5000,500,931,0,0,0,0,0,0,1,0,0,0,-25,1,120,8200,0,0,120,21,1,0,0,0,4054
141,0,65,5000,500,931,0,0,0,0,0,0,1,0,0,0,-25,1,120,8200,0,0,120,21,1,0,0,0,4054
142,0,66,5000,500,931,0,0,0,0,0,0,1,0,0,0,-25,1,120,8200,0,0,120,22,1,0,0,0,4054
143,0,67,5000,500,931,0,0,0,0,0,0,1,0,0,0,-25,1,120,8200,0,0,120,22,1,0,0,0,4054
144,0,68,5000,500,931,0,0,0,0,0,0,1,0,0,0,-25,1,120,8200,0,0,120,22,1,0,0,0,4054
145,0,69,5000,500,931,0,0,0,0,0,0,1,0,0,0,-25,1,120,8200,0,0,120,22,1,0,0,0,4054
146,0,70,5000,500,931,0,0,0,0,0,0,1,0,0,0,-25,1,120,8200,0,0,120,22,1,0,0,0,4054
147,0,71,5000,500,931,0,0,0,0,0,0,1,0,0,0,-25,1,120,8200,0,0,120,22,1,0,0,0,4054
148,0,72,5000,500,931,0,0,0,0,0,0,1,0,0,0,-25,1,120,8200,0,0,120,22,1,0,0,0,4054
149,0,73,5000,500,931,0,0,0,0,0,0,1,0,0,0,-25,1,120,8200,0,0,120,22,1,0,0,0,4054
150,0,74,5000,500,931,0,0,0,0,0,0,1,0,0,0,-25,1,120,8200,0,0,120,22,1,0,0,0,4054
151,0,75,5000,500,931,0,0,0,0,0,0,1,0,0,0,-25,1,120,8200,0,0,120,22,1,0,0,0,4054
152,0,76,5000,500,931,0,0,0,0,0,0,1,0,0,0,-25,1,120,8200,0,0,120,22,1,0,0,0,4054
153,0,77,5000,500,931,0,0,0,0,0,0,1,0,0,0,-25,1,120,8200,0,0,120,22,1,0,0,0,4054
154,0,78,5000,500,931,0,0,0,0,0,0,1,0,0,0,-25,1,120,8200,0,0,120,22,1,0,0,0,4054
155,0,79,5000,500,931,0,0,0,0,0,0,1,0,0,0,-25,1,120,8200,0,0,120,22,1,0,0,0,4054
156,0,80,5000,500,931,0,0,0,0,0,0,1,0,0,0,-25,1,120,8200,0,0,120,22,1,0,0,0,4054
157,0,81,5000,500,931,0,0,0,0,0,0,1,0,0,0,-25,1,120,8200,0,0,120,22,1,0,0,0,4054
158,0,82,5000,500,931,0,0,0,0,0,0,1,0,0,0,-25,1,120,8200,0,0,120,22,1,0,0,0,4054
159,0,83,5000,500,931,0,0,0,0,0,0,1,0,0,0,-25,1,120,8200,0,0,120,22,1,0,0,0,4054
160,0,84,5000,500,931,0,0,0,0,0,0,1,0,0,0,-25,1,120,8200,0,0,120,22,1,0,0,0,4054
161,0,85,5000,500,931,0,0,0,0,0,0,1,0,0,0,-25,1,120,8200,0,0,120,22,1,0,0,0,4054
162,0,86,5000,500,931,0,0,0,0,0,0,1,0,0,0,-25,1,120,8200,0,0,120,22,1,0,0,0,4054
163,0,87,5000,500,931,0,0,0,0,0,0,1,0,0,0,-25,1,120,8200,0,0,120,22,1,0,0,0,4054
164,0,88,5000,500,931,0,0,0,0,0,0,1,0,0,0,-25,1,120,8200,0,0,120,22,1,0,0,0,4054
165,0,89,5000,500,931,0,0,0,0,0,0,1,0,0,0,-25,1,120,8200,0,0,120,22,1,0,0,0,4054
166,0,90,5000,500,931,0,0,0,0,0,0,1,0,0,0,-25,1,120,8200,0,0,120,22,1,0,0,0,4054
167,0,91,5000,500,931,0,0,0,0,0,0,1,0,0,0,-25,1,120,8200,0,0,120,22,1,0,0,0,4054
168,0,92,5000,500,931,0,0,0,0,0,0,1,0,0,0,-25,1,120,8200,0,0,120,22,1,0,0,0,4054
169,0,93,5000,500,931,0,0,0,0,0,0,1,0,0,0,-25,1,120,8200,0,0,120,22,1,0,0,0,4054
170,0,94,5000,500,931,0,0,0,0,0,0,1,0,0,0,-25,1,120,8200,0,0,120,22,1,0,0,0,4054
171,0,95,5000,500,931,0,0,0,0,0,0,1,0,0,0,-25,1,120,8200,0,0,120,22,1,0,0,0,4054
172,0,96,5000,500,931,0,0,0,0,0,0,1,0,0,0,-25,1,120,8200,0,0,120,22,1,0,0,0,4054
173,0,97,5000,500,931,0,0,0,0,0,0,1,0,0,0,-25,1,120,8200,0,0,120,22,1,0,0,0,4054
174,0,98,5000,500,931,0,0,0,0,0,0,1,0,0,0,-25,1,120,8200,0,0,120,22,1,0,0,0,4054
175,0,99,5000,500,931,0,0,0,0,0,0,1,0,0,0,-25,1,120,8200,0,0,120,22,1,0,0,0,4054
176,0,100,5000,500,931,0,0,0,0,0,0,1,0,0,0,-25,1,120,8200,0,0,120,22,1,0,0,0,4054
177,0,101,5000,500,931,0,0,0,0,0,0,1,0,0,0,-25,1,120,8200,0,0,120,22,1,0,0,0,4054
178,0,102,5000,500,931,0,0,0,0,0,0,1,0,0,0,-25,1,120,8200,0,0,120,23,1,0,0,0,4054
179,0,103,5000,500,931,0,0,0,0,0,0,1,0,0,0,-25,1,120,8200,0,0,120,23,1,0,0,0,4054
180,0,104,5000,500,931,0,0,0,0,0,0,1,0,0,0,-25,1,120,8200,0,0,120,23,1,0,0,0,4054
181,0,105,5000,500,931,0,0,0,0,0,0,1,0,0,0,-25,1,120,8200,0,0,120,23,1,0,0,0,4054
182,0,106,5000,500,931,0,0,0,0,0,0,1,0,0,0,-25,1,120,8200,0,0,120,23,1,0,0,0,4054
183,0,107,5000,500,931,0,0,0,0,0,0,1,0,0,0,-25,1,120,8200,0,0,120,23,1,0,0,0,4054
184,0,108,5000,500,931,0,0,0,0,0,0,1,0,0,0,-25,1,120,8200,0,0,120,23,1,0,0,0,4054
185,0,109,5000,500,931,0,0,0,0,0,0,1,0,0,0,-25,1,120,8200,0,0,120,23,1,0,0,0,4054
186,0,110,5000,500,931,0,0,0,0,0,0,1,0,0,0,-25,1,120,8200,0,0,120,23,1,0,0,0,4054
187,0,111,5000,500,931,0,0,0,0,0,0,1,0,0,0,-25,1,120,8200,0,0,120,23,1,0,0,0,4054
188,0,112,5000,500,931,0,0,0,0,0,0,1,0,0,0,-25,1,120,8200,0,0,120,23,1,0,0,0,4054
189,0,113,5000,500,931,0,0,0,0,0,0,1,0,0,0,-25,1,120,8200,0,0,120,23,1,0,0,0,4054
190,0,114,5000,500,931,0,0,0,0,0,0,1,0,0,0,-25,1,120,8200,0,0,120,23,1,0,0,0,4054
191,0,115,5000,500,931,0,0,0,0,0,0,1,0,0,0,-25,1,120,8200,0,0,120,23,1,0,0,0,4054
192,0,116,5000,500,931,0,0,0,0,0,0,1,0,0,0,-25,1,120,8200,0,0,120,23,1,0,0,0,4054
193,0,117,5000,500,931,0,0,0,0,0,0,1,0,0,0,-25,1,120,8200,0,0,120,23,1,0,0,0,4054
194,0,118,5000,500,931,0,0,0,0,0,0,1,0,0,0,-25,1,120,8200,0,0,120,23,1,0,0,0,4054
195,0,119,5000,500,931,0,0,0,0,0,0,1,0,0,0,-25,1,120,8200,0,0,120,23,1,0,0,0,4054
196,0,120,5000,500,931,0,0,0,0,0,0,1,0,0,0,-25,1,120,8200,0,0,120,23,1,0,0,0,4054
197,0,121,5000,500,931,0,0,0,0,0,0,1,0,0,0,-25,1,120,8200,0,0,120,23,1,0,0,0,4054
198,0,122,5000,500,931,0,0,0,0,0,0,1,0,0,0,-25,1,120,8200,0,0,120,23,1,0,0,0,4054
199,0,123,5000,500,931,0,0,0,0,0,0,1,0,0,0,-25,1,120,8200,0,0,120,23,1,0,0,0,4054
200,0,124,5000,500,931,0,0,0,0,0,0,1,0,0,0,-25,1,120,8200,0,0,120,23,1,0,0,0,4054
201,0,125,5000,500,931,0,0,0,0,0,0,1,0,0,0,-25,1,120,8200,0,0,120,23,1,0,0,0,4054
202,0,126,5000,500,931,0,0,0,0,0,0,1,0,0,0,-25,1,120,8200,0,0,120,23,1,0,0,0,4054
203,0,127,5000,500,931,0,0,0,0,0,0,1,0,0,0,-25,1,120,8200,0,0,120,23,1,0,0,0,4054
204,0,128,5000,500,931,0,0,0,0,0,0,1,0,0,0,-25,1,120,8200,0,0,120,23,1,0,0,0,4054
205,0,129,5000,500,931,0,0,0,0,0,0,1,0,0,0,-25,1,120,8200,0,0,120,23,1,0,0,0,4054
206,0,130,5000,500,931,0,0,0,0,0,0,1,0,0,0,-25,1,120,8200,0,0,120,23,1,0,0,0,4054
207,0,131,5000,500,931,0,0,0,0,0,0,1,0,0,0,-25,1,120,8200,0,0,120,23,1,0,0,0,4054
208,0,132,5000,500,931,0,0,0,0,0,0,1,0,0,0,-25,1,120,8200,0,0,120,23,1,0,0,0,4054
209,0,133,5000,500,931,0,0,0,0,0,0,1,0,0,0,-25,1,120,8200,0,0,120,23,1,0,0,0,4054
210,0,134,5000,500,931,0,0,0,0,0,0,1,0,0,0,-25,1,120,8200,0,0,120,23,1,0,0,0,4054
211,0,135,5000,500,931,0,0,0,0,0,0,1,0,0,0,-25,1,120,8200,0,0,120,23,1,0,0,0,4054
212,0,136,5000,500,931,0,0,0,0,0,0,1,0,0,0,-25,1,120,8200,0,0,120,23,1,0,0,0,4054
213,0,137,5000,500,931,0,0,0,0,0,0,1,0,0,0,-25,1,120,8200,0,0,120,23,1,0,0,0,4054
214,0,138,5000,500,931,0,0,0,0,0,0,1,0,0,0,-25,1,120,8200,0,0,120,24,1,0,0,0,4054
215,0,139,5000,500,931,0,0,0,0,0,0,1,0,0,0,-25,1,120,8200,0,0,120,24,1,0,0,0,4054
216,0,140,5000,500,931,0,0,0,0,0,0,1,0,0,0,-25,1,120,8200,0,0,120,24,1,0,0,0,4054
217,0,141,5000,500,931,0,0,0,0,0,0,1,0,0,0,-25,1,120,8200,0,0,120,24,1,0,0,0,4054
218,0,142,5000,500,931,0,0,0,0,0,0,1,0,0,0,-25,1,120,8200,0,0,120,24,1,0,0,0,4054
219,0,143,5000,500,931,0,0,0,0,0,0,1,0,0,0,-25,1,120,8200,0,0,120,24,1,0,0,0,4054
220,0,144,5000,500,931,0,0,0,0,0,0,1,0,0,0,-25,1,120,8200,0,0,120,24,1,0,0,0,4054
221,0,145,5000,500,931,0,0,0,0,0,0,1,0,0,0,-25,1,120,8200,0,0,120,24,1,0,0,0,4054
222,0,146,5000,500,931,0,0,0,0,0,0,1,0,0,0,-25,1,120,8200,0,0,120,24,1,0,0,0,4054
223,0,147,5000,500,931,0,0,0,0,0,0,1,0,0,0,-25,1,120,8200,0,0,120,24,1,0,0,0,4054
224,0,148,5000,500,931,0,0,0,0,0,0,1,0,0,0,-25,1,120,8200,0,0,120,24,1,0,0,0,4054
225,0,149,5000,500,931,0,0,0,0,0,0,1,0,0,0,-25,1,120,8200,0,0,120,24,1,0,0,0,4054
226,0,150,5000,500,931,0,0,0,0,0,0,1,0,0,0,-25,1,120,8200,0,0,120,24,1,0,0,0,4054
227,0,151,5000,500,931,0,0,0,0,0,0,1,0,0,0,-25,1,120,8200,0,0,120,24,1,0,0,0,4054
228,0,152,5000,500,931,0,0,0,0,0,0,1,0,0,0,-25,1,120,8200,0,0,120,24,1,0,0,0,4054
229,0,153,5000,500,931,0,0,0,0,0,0,1,0,0,0,-25,1,120,8200,0,0,120,24,1,0,0,0,4054
230,0,154,5000,500,931,0,0,0,0,0,0,1,0,0,0,-25,1,120,8200,0,0,120,24,1,0,0,0,4054
231,0,155,5000,500,931,0,0,0,0,0,0,1,0,0,0,-25,1,120,8200,0,0,120,24,1,0,0,0,4054
232,0,156,5000,500,931,0,0,0,0,0,0,1,0,0,0,-25,1,120,8200,0,0,120,1,1,0,0,0,4054
233,0,157,5000,500,931,0,0,0,0,0,0,1,0,0,0,-25,1,120,8200,0,0,120,1,1,0,0,0,4054
234,0,158,5000,500,931,0,0,0,0,0,0,1,0,0,0,-25,1,120,8200,0,0,120,1,1,0,0,0,4054
235,0,159,5000,500,931,0,0,0,0,0,0,1,0,0,0,-25,1,120,8200,0,0,120,1,1,0,0,0,4054
236,0,160,5000,500,931,0,0,0,0,0,0,1,0,0,0,-25,1,120,8200,0,0,120,1,1,0,0,0,4054
237,0,161,5000,500,931,0,0,0,0,0,0,1,0,0,0,-25,1,120,8200,0,0,120,1,1,0,0,0,4054
238,0,162,5000,500,931,0,0,0,0,0,0,1,0,0,0,-25,1,120,8200,0,0,120,1,1,0,0,0,4054
239,0,163,5000,500,931,0,0,0,0,0,0,1,0,0,0,-25,1,120,8200,0,0,120,1,1,0,0,0,4054
240,0,164,5000,500,931,0,0,0,0,0,0,1,0,0,0,-25,1,120,8200,0,0,120,1,1,0,0,0,4054
241,0,165,5000,500,931,0,0,0,0,0,0,1,0,0,0,-25,1,120,8200,0,0,120,1,1,0,0,0,4054
242,0,166,5000,500,931,0,0,0,0,0,0,1,0,0,0,-25,1,120,8200,0,0,120,1,1,0,0,0,4054
243,0,167,5000,500,931,0,0,0,0,0,0,1,0,0,0,-25,1,120,8200,0,0,120,1,1,0,0,0,4054
244,0,168,5000,500,931,0,0,0,0,0,0,1,0,0,0,-25,1,120,8200,0,0,120,2,1,0,0,0,4054
245,0,169,5000,500,931,0,0,0,0,0,0,1,0,0,0,-25,1,120,8200,0,0,120,2,1,0,0,0,4054
246,0,170,5000,500,931,0,0,0,0,0,0,1,0,0,0,-25,1,120,8200,0,0,120,2,1,0,0,0,4054
247,0,171,5000,500,931,0,0,0,0,0,0,1,0,0,0,-25,1,120,8200,0,0,120,2,1,0,0,0,4054
248,0,172,5000,500,931,0,0,0,0,0,0,1,0,0,0,-25,1,120,8200,0,0,120,2,1,0,0,0,4054
249,0,173,5000,500,931,0,0,0,0,0,0,1,0,0,0,-25,1,120,8200,0,0,120,2,1,0,0,0,4054
250,0,174,5000,500,931,0,0,0,0,0,0,1,0,0,0,-25,1,120,8200,0,0,120,2,1,0,0,0,4054
251,0,175,5000,500,931,0,0,0,0,0,0,1,0,0,0,-25,1,120,8200,0,0,120,2,1,0,0,0,4054
252,0,176,5000,500,931,0,0,0,0,0,0,1,0,0,0,-25,1,120,8200,0,0,120,2,1,0,0,0,4054
253,0,177,5000,500,931,0,0,0,0,0,0,1,0,0,0,-25,1,120,8200,0,0,120,2,1,0,0,0,4054
254,0,178,5000,500,931,0,0,0,0,0,0,1,0,0,0,-25,1,120,8200,0,0,120,2,1,0,0,0,4054
255,0,179,5000,500,931,0,0,0,0,0,0,1,0,0,0,-25,1,120,8200,0,0,120,2,1,0,0,0,4054
256,0,180,5000,500,931,0,0,0,0,0,0,1,0,0,0,-25,1,120,8200,0,0,120,3,1,0,0,0,4054
257,0,181,5000,500,931,0,0,0,0,0,0,1,0,0,0,-25,1,120,8200,0,0,120,3,1,0,0,0,4054
258,0,182,5000,500,931,0,0,0,0,0,0,1,0,0,0,-25,1,120,8200,0,0,120,3,1,0,0,0,4054
259,0,183,5000,500,931,0,0,0,0,0,0,1,0,0,0,-25,1,120,8200,0,0,120,3,1,0,0,0,4054
260,0,184,5000,500,931,0,0,0,0,0,0,1,0,0,0,-25,1,120,8200,0,0,120,3,1,0,0,0,4054
261,0,185,5000,500,931,0,0,0,0,0,0,1,0,0,0,-25,1,120,8200,0,0,120,3,1,0,0,0,4054
262,0,186,5000,500,931,0,0,0,0,0,0,1,0,0,0,-25,1,120,8200,0,0,120,3,1,0,0,0,4054
263,0,187,5000,500,931,0,0,0,0,0,0,1,0,0,0,-25,1,120,8200,0,0,120,3,1,0,0,0,4054
264,0,188,5000,500,931,0,0,0,0,0,0,1,0,0,0,-25,1,120,8200,0,0,120,3,1,0,0,0,4054
265,0,189,5000,500,931,0,0,0,0,0,0,1,0,0,0,-25,1,120,8200,0,0,120,3,1,0,0,0,4054
266,0,190,5000,500,931,0,0,0,0,0,0,1,0,0,0,-25,1,120,8200,0,0,120,3,1,0,0,0,4054
267,0,191,5000,500,931,0,0,0,0,0,0,1,0,0,0,-25,1,120,8200,0,0,120,3,1,0,0,0,4054
268,0,192,5000,500,931,0,0,0,0,0,0,1,0,0,0,-25,1,120,8200,0,0,120,4,1,0,0,0,4054
269,0,193,5000,500,931,0,0,0,0,0,0,1,0,0,0,-25,1,120,8200,0,0,120,4,1,0,0,0,4054
270,0,194,5000,500,931,0,0,0,0,0,0,1,0,0,0,-25,1,120,8200,0,0,120,4,1,0,0,0,4054
271,0,195,5000,500,931,0,0,0,0,0,0,1,0,0,0,-25,1,120,8200,0,0,120,4,1,0,0,0,4054
272,0,196,5000,500,931,0,0,0,0,0,0,1,0,0,0,-25,1,120,8200,0,0,120,4,1,0,0,0,4054
273,0,197,5000,500,931,0,0,0,0,0,0,1,0,0,0,-25,1,120,8200,0,0,120,4,1,0,0,0,4054
274,0,198,5000,500,931,0,0,0,0,0,0,1,0,0,0,-25,1,120,8200,0,0,120,4,1,0,0,0,4054
275,0,199,5000,500,931,0,0,0,0,0,0,1,0,0,0,-25,1,120,8200,0,0,120,4,1,0,0,0,4054
276,0,200,5000,500,931,0,0,0,0,0,0,1,0,0,0,-25,1,120,8200,0,0,120,4,1,0,0,0,4054
277,0,201,5000,500,931,0,0,0,0,0,0,1,0,0,0,-25,1,120,8200,0,0,120,4,1,0,0,0,4054
278,0,202,5000,500,931,0,0,0,0,0,0,1,0,0,0,-25,1,120,8200,0,0,120,4,1,0,0,0,4054
279,0,203,5000,500,931,0,0,0,0,0,0,1,0,0,0,-25,1,120,8200,0,0,120,4,1,0,0,0,4054
280,0,204,5000,500,931,0,0,0,0,0,0,1,0,0,0,-25,1,120,8200,0,0,120,5,1,0,0,0,4054
281,0,205,5000,500,931,0,0,0,0,0,0,1,0,0,0,-25,1,120,8200,0,0,120,5,1,0,0,0,4054
282,0,206,5000,500,931,0,0,0,0,0,0,1,0,0,0,-25,1,120,8200,0,0,120,5,1,0,0,0,4054
283,0,207,5000,500,931,0,0,0,0,0,0,1,0,0,0,-25,1,120,8200,0,0,120,5,1,0,0,0,4054
284,0,208,5000,500,931,0,0,0,0,0,0,1,0,0,0,-25,1,120,8200,0,0,120,5,1,0,0,0,4054
285,0,209,5000,500,931,0,0,0,0,0,0,1,0,0,0,-25,1,120,8200,0,0,120,5,1,0,0,0,4054
286,0,210,5000,500,931,0,0,0,0,0,0,1,0,0,0,-25,1,120,8200,0,0,120,5,1,0,0,0,4054
287,0,211,5000,500,931,0,0,0,0,0,0,1,0,0,0,-25,1,120,8200,0,0,120,5,1,0,0,0,4054
288,0,212,5000,500,931,0,0,0,0,0,0,1,0,0,0,-25,1,120,8200,0,0,120,5,1,0,0,0,4054
289,0,213,5000,500,931,0,0,0,0,0,0,1,0,0,0,-25,1,120,8200,0,0,120,5,1,0,0,0,4054
290,0,214,5000,500,931,0,0,0,0,0,0,1,0,0,0,-25,1,120,8200,0,0,120,5,1,0,0,0,4054
291,0,215,5000,500,931,0,0,0,0,0,0,1,0,0,0,-25,1,120,8200,0,0,120,5,1,0,0,0,4054
292,0,216,5000,500,931,0,0,0,0,0,0,1,0,0,0,-25,1,120,8200,0,0,120,6,1,0,0,0,4054
293,0,217,5000,500,931,0,0,0,0,0,0,1,0,0,0,-25,1,120,8200,0,0,120,6,1,0,0,0,4054
294,0,218,5000,500,931,0,0,0,0,0,0,1,0,0,0,-25,1,120,8200,0,0,120,6,1,0,0,0,4054
295,0,219,5000,500,931,0,0,0,0,0,0,1,0,0,0,-25,1,120,8200,0,0,120,6,1,0,0,0,4054
296,0,220,5000,500,931,0,0,0,0,0,0,1,0,0,0,-25,1,120,8200,0,0,120,6,1,0,0,0,4054
297,0,221,5000,500,931,0,0,0,0,0,0,1,0,0,0,-25,1,120,8200,0,0,120,6,1,0,0,0,4054
298,0,222,5000,500,931,0,0,0,0,0,0,1,0,0,0,-25,1,120,8200,0,0,120,6,1,0,0,0,4054
299,0,223,5000,500,931,0,0,0,0,0,0,1,0,0,0,-25,1,120,8200,0,0,120,6,1,0,0,0,4054
300,0,224,5000,500,931,0,0,0,0,0,0,1,0,0,0,-25,1,120,8200,0,0,120,6,1,0,0,0,4054
301,0,225,5000,500,931,0,0,0,0,0,0,1,0,0,0,-25,1,120,8200,0,0,120,6,1,0,0,0,4054
302,0,226,5000,500,931,0,0,0,0,0,0,1,0,0,0,-25,1,120,8200,0,0,120,6,1,0,0,0,4054
303,0,227,5000,500,931,0,0,0,0,0,0,1,0,0,0,-25,1,120,8200,0,0,120,6,1,0,0,0,4054
304,0,228,5000,500,931,0,0,0,0,0,0,1,0,0,0,-25,1,120,8200,0,0,120,7,1,0,0,0,4054
305,0,229,5000,500,931,0,0,0,0,0,0,1,0,0,0,-25,1,120,8200,0,0,120,7,1,0,0,0,4054
306,0,230,5000,500,931,0,0,0,0,0,0,1,0,0,0,-25,1,120,8200,0,0,120,7,1,0,0,0,4054
307,0,231,5000,500,931,0,0,0,0,0,0,1,0,0,0,-25,1,120,8200,0,0,120,7,1,0,0,0,4054
308,0,232,5000,500,931,0,0,0,0,0,0,1,0,0,0,-25,1,120,8200,0,0,120,7,1,0,0,0,4054
309,0,233,5000,500,931,0,0,0,0,0,0,1,0,0,0,-25,1,120,8200,0,0,120,7,1,0,0,0,4054
310,0,1,3000,500,1000,0,0,0,0,0,0,1,0,0,0,-25,1,120,8200,0,0,120,7,0,0,0,0,1000
311,0,2,3000,500,1000,0,0,0,0,0,0,1,0,0,0,-25,1,120,8200,0,0,120,7,0,0,0,0,1000
312,0,3,3000,500,1000,0,0,0,0,0,0,1,0,0,0,-25,1,120,8200,0,0,120,7,0,0,0,0,1000
313,0,4,3000,500,1000,0,0,0,0,0,0,1,0,0,0,-25,1,120,8200,0,0,120,7,0,0,0,0,1000
314,0,5,3000,500,1000,0,0,0,0,0,0,1,0,0,0,-25,1,120,8200,0,0,120,7,0,0,0,0,1000
315,0,6,3000,500,1000,0,0,0,0,0,0,1,0,0,0,-25,1,120,8200,0,0,120,7,0,0,0,0,1000
316,0,7,3000,500,1000,0,0,0,0,0,0,1,0,0,0,-25,1,120,8200,0,0,120,8,0,0,0,0,1000
317,0,8,3000,500,1000,0,0,0,0,0,0,1,0,0,0,-25,1,120,8200,0,0,120,8,0,0,0,0,1000
318,0,9,3000,500,1000,0,0,0,0,0,0,1,0,0,0,-25,1,120,8200,0,0,120,8,0,0,0,0,1000
319,20,1,3000,500,1000,0,0,0,0,0,0,1,0,0,0,-23.299999237060547,1,120,8200,0,0,120,8,0,0,0,0,1000
320,20,2,3000,500,1000,0,0,0,0,0,0,1,0,0,0,-21.599998474121094,1,120,8200,0,0,120,8,0,0,0,0,1000
321,20,3,3000,500,1000,0,0,0,0,0,0,1,0,0,0,-19.89999771118164,1,120,8200,0,0,120,8,0,0,0,0,1000
322,10,1,3000,500,1000,0,0,0,0,0,0,1,0,0,0,-19.89999771118164,1,120,8200,0,0,120,8,0,0,0,0,1000
323,10,2,3000,500,1000,0,0,0,0,0,0,1,0,0,0,-19.89999771118164,1,120,8200,0,0,120,8,0,0,0,0,1000
324,10,3,3000,500,1000,0,0,0,0,0,0,1,0,0,0,-19.89999771118164,1,120,8200,0,0,120,8,0,0,0,0,1000
325,1010,1,3000,500,1000,0,0,0,0,0,0,1,0,0,0,-19.89999771118164,1,120,8200,0,0,120,8,0,0,0,0,1000
326,1010,2,3000,500,1000,0,0,0,0,0,0,1,0,0,0,-19.89999771118164,1,120,8200,0,0,120,8,0,0,0,0,1000
327,1010,3,3000,500,1000,0,0,0,0,0,0,1,0,0,0,-19.89999771118164,1,120,8200,0,0,120,8,0,0,0,0,1000
328,1010,4,3000,500,1000,0,0,0,0,0,0,1,0,0,0,-19.89999771118164,1,120,8200,0,0,120,9,0,0,0,0,1000
329,1010,5,3000,500,1000,0,0,0,0,0,0,1,0,0,0,-19.89999771118164,1,120,8200,0,0,120,9,0,0,0,0,1000
330,1010,6,3000,500,1000,0,0,0,0,0,0,1,0,0,0,-19.89999771118164,1,120,8200,0,0,120,9,0,0,0,0,1000
331,1010,7,3000,500,1000,0,0,0,0,0,0,1,0,0,0,-19.89999771118164,1,120,8200,0,0,120,9,0,0,0,0,1000
332,1010,8,3000,500,1000,0,0,0,0,0,0,1,0,0,0,-19.89999771118164,1,120,8200,0,0,120,9,0,0,0,0,1000
333,1010,9,3000,500,1000,0,0,0,0,0,0,1,0,0,0,-19.89999771118164,1,120,8200,0,0,120,9,0,0,0,0,1000
334,1010,10,3000,500,1000,0,0,0,0,0,0,1,0,0,0,-19.89999771118164,1,120,8200,0,0,120,9,0,0,0,0,1000
335,1010,11,3000,500,1000,0,0,0,0,0,0,1,0,0,0,-19.89999771118164,1,120,8200,0,0,120,9,0,0,0,0,1012
336,1010,12,3000,500,1000,0,0,0,0,0,0,1,0,0,0,-19.89999771118164,1,120,8200,0,0,120,9,0,0,0,0,1012
337,1010,13,3000,500,1000,0,0,0,0,0,0,1,0,0,0,-19.89999771118164,1,120,8200,0,0,120,9,0,0,0,0,1012
338,1010,14,3000,500,1000,0,0,0,0,0,0,1,0,0,0,-19.89999771118164,1,120,8200,0,0,120,9,0,0,0,0,1012
339,1010,15,3000,500,1000,0,0,0,0,0,0,1,0,0,0,-19.89999771118164,1,120,8200,0,0,120,9,0,0,0,0,1012
340,1010,16,3000,500,1000,0,0,0,0,0,0,1,0,0,0,-19.89999771118164,1,120,8200,0,0,120,10,0,0,0,0,1012
341,1070,0,3000,500,1000,0,0,0,0,0,0,1,0,0,0,-19.89999771118164,1,120,8200,0,0,120,10,0,0,0,0,1012
342,1070,1,4016,500,1000,0,0,0,0,0,0,1,0,0,0,-19.89999771118164,1,120,8200,0,0,120,10,0,0,0,0,2031
343,1070,2,4016,500,1000,0,0,0,0,0,0,1,0,0,0,-19.89999771118164,1,120,8200,0,0,120,10,0,0,0,0,2031
344,1070,3,4016,500,1000,0,0,0,0,0,0,1,0,0,0,-19.89999771118164,1,120,8200,0,0,120,10,0,0,0,0,2031
345,1070,4,4016,500,1000,0,0,0,0,0,0,1,0,0,0,-19.89999771118164,1,120,8200,0,0,120,10,0,0,0,0,2031
346,1070,5,4016,500,1000,0,0,0,0,0,0,1,0,0,0,-19.89999771118164,1,120,8200,0,0,120,10,0,0,0,0,2031
347,1070,6,4016,500,1000,0,0,0,0,0,0,1,0,0,0,-19.89999771118164,1,120,8200,0,0,120,10,0,0,0,0,2031
348,1070,7,4016,500,1000,0,0,0,0,0,0,1,0,0,0,-19.89999771118164,1,120,8200,0,0,120,10,0,0,0,0,2031
349,1070,8,4016,500,1000,0,0,0,0,0,0,1,0,0,0,-19.89999771118164,1,120,8200,0,0,120,10,0,0,0,0,2031
350,1070,9,4016,500,1000,0,0,0,0,0,0,1,0,0,0,-19.89999771118164,1,120,8200,0,0,120,10,0,0,0,0,2031
351,1070,10,4016,500,1000,0,0,0,0,0,0,1,0,0,0,-19.89999771118164,1,120,8200,0,0,120,10,0,0,0,0,2031
352,1070,11,4016,500,1000,0,0,0,0,0,0,1,0,0,0,-19.89999771118164,1,120,8200,0,0,120,11,0,0,0,0,2031
353,1070,12,4016,500,1000,0,0,0,0,0,0,1,0,0,0,-19.89999771118164,1,120,8200,0,0,120,11,0,0,0,0,2031
354,1070,13,4016,500,1000,0,0,0,0,0,0,1,0,0,0,-19.89999771118164,1,120,8200,0,0,120,11,0,0,0,0,2031
355,1070,13,5000,500,910,0,0,0,0,0,0,1,0,0,0,-19.89999771118164,1,120,8200,0,0,120,11,0,0,0,0,3049
356,1070,13,5000,500,910,0,0,0,0,0,0,1,0,0,0,-19.89999771118164,1,120,8200,0,0,120,11,0,0,0,0,3049
357,1070,13,5000,500,910,0,0,0,0,0,0,1,0,0,0,-19.89999771118164,1,120,8200,0,0,120,11,0,0,0,0,3049
358,1070,13,5000,500,910,0,0,0,0,0,0,1,0,0,0,-19.89999771118164,1,120,8200,0,0,120,11,0,0,0,0,3049
359,1070,13,5000,500,910,0,0,0,0,0,0,1,0,0,0,-19.89999771118164,1,120,8200,0,0,120,11,0,0,0,0,3049
360,1070,13,5000,500,910,0,0,0,0,0,0,1,0,0,0,-19.89999771118164,1,120,8200,0,0,120,11,0,0,0,0,3049
361,1070,14,5000,500,910,0,0,0,0,0,0,1,0,0,0,-19.89999771118164,1,120,8200,0,0,120,11,0,0,0,0,3049
362,1070,15,5000,500,910,0,0,0,0,0,0,1,0,0,0,-19.89999771118164,1,120,8200,0,0,120,11,0,0,0,0,3049
363,1070,16,5000,500,910,0,0,0,0,0,0,1,0,0,0,-19.89999771118164,1,120,8200,0,0,120,11,0,0,0,0,3049
364,1070,17,5000,500,910,0,0,0,0,0,0,1,0,0,0,-19.89999771118164,1,120,8200,0,0,120,12,0,0,0,0,3049
365,1070,18,5000,500,910,0,0,0,0,0,0,1,0,0,0,-19.89999771118164,1,120,8200,0,0,120,12,0,0,0,0,3049
366,1070,19,5000,500,910,0,0,0,0,0,0,1,0,0,0,-19.89999771118164,1,120,8200,0,0,120,12,1,0,0,0,3049
367,1070,20,5000,500,910,0,0,0,0,0,0,1,0,0,0,-19.89999771118164,1,120,8200,0,0,120,12,1,0,0,0,3049
368,1070,21,5000,500,910,0,0,0,0,0,0,1,0,0,0,-19.89999771118164,1,120,8200,0,0,120,12,1,0,0,0,3049
369,1070,22,5000,500,910,0,0,0,0,0,0,1,0,0,0,-19.89999771118164,1,120,8200,0,0,120,12,1,0,0,0,3049
370,1070,23,5000,500,910,0,0,0,0,0,0,1,0,0,0,-19.89999771118164,1,120,8200,0,0,120,12,1,0,0,0,3049
371,1070,24,5000,500,910,0,0,0,0,0,0,1,0,0,0,-19.89999771118164,1,120,8200,0,0,120,12,1,0,0,0,3049
372,1070,25,5000,500,910,0,0,0,0,0,0,1,0,0,0,-19.89999771118164,1,120,8200,0,0,120,12,1,0,0,0,3049
373,1070,26,5000,500,910,0,0,0,0,0,0,1,0,0,0,-19.89999771118164,1,120,8200,0,0,120,12,1,0,0,0,3049
374,1070,27,5000,500,910,0,0,0,0,0,0,1,0,0,0,-19.89999771118164,1,120,8200,0,0,120,12,1,0,0,0,3049
375,1070,28,5000,500,910,0,0,0,0,0,0,1,0,0,0,-19.89999771118164,1,120,8200,0,0,120,12,1,0,0,0,3049
376,1070,29,5000,500,910,0,0,0,0,0,0,1,0,0,0,-19.89999771118164,1,120,8200,0,0,120,13,1,0,0,0,3049
377,1070,30,5000,500,910,0,0,0,0,0,0,1,0,0,0,-19.89999771118164,1,120,8200,0,0,120,13,1,0,0,0,3049
378,1070,31,5000,500,910,0,0,0,0,0,0,1,0,0,0,-19.89999771118164,1,120,8200,0,0,120,13,1,0,0,0,3049
379,1070,32,5000,500,910,0,0,0,0,0,0,1,0,0,0,-19.89999771118164,1,120,8200,0,0,120,13,1,0,0,0,3049
380,1070,33,5000,500,910,0,0,0,0,0,0,1,0,0,0,-19.89999771118164,1,120,8200,0,0,120,13,1,0,0,0,3049
381,1070,34,5000,500,910,0,0,0,0,0,0,1,0,0,0,-19.89999771118164,1,120,8200,0,0,120,13,1,0,0,0,3049
382,1070,35,5000,500,910,0,0,0,0,0,0,1,0,0,0,-19.89999771118164,1,120,8200,0,0,120,13,1,0,0,0,3049
383,0,1,5000,500,910,0,0,0,0,0,0,1,0,0,0,-19.89999771118164,1,120,8200,0,0,120,13,1,0,0,0,3049
384,0,2,5000,500,910,0,0,0,0,0,0,1,0,0,0,-19.89999771118164,1,120,8200,0,0,120,13,1,0,0,0,3049
385,0,3,5000,500,910,0,0,0,0,0,0,1,0,0,0,-22.89999771118164,1,120,8200,0,0,120,13,1,0,0,0,3049
386,0,4,5000,500,910,0,0,0,0,0,0,1,0,0,0,-26.89999771118164,1,120,8200,0,3,117,13,1,0,0,0,3049
387,0,5,5000,500,910,0,0,0,0,0,0,1,0,0,0,-30.89999771118164,1,120,8200,0,7,113,13,1,0,0,0,3049
388,0,6,5000,500,910,0,0,0,0,0,0,1,0,0,0,-34.89999771118164,1,120,8200,0,11,109,14,1,0,0,0,3049
389,0,7,5000,500,910,0,0,0,0,0,0,1,0,0,0,-38.89999771118164,1,120,8200,0,15,105,14,1,0,0,0,3049
390,0,8,5000,500,910,0,0,0,0,0,0,1,0,0,0,-42.89999771118164,1,120,8200,0,19,101,14,1,0,0,0,3049
391,0,9,5000,500,910,0,0,0,0,0,0,1,0,0,0,-46.89999771118164,1,120,8200,0,23,97,14,1,0,0,0,3049
392,0,10,5000,500,910,0,0,0,0,0,0,1,0,0,0,-50.89999771118164,1,120,8200,0,27,93,14,1,0,0,0,3049
393,0,11,5000,500,910,0,0,0,0,0,0,1,0,0,0,-54.89999771118164,1,120,8200,0,31,89,14,1,0,0,0,3049
394,0,12,5000,500,910,0,0,0,0,0,0,1,0,0,0,-58.89999771118164,1,120,8200,0,35,85,14,1,0,0,0,3049
395,0,13,5000,500,910,0,0,0,0,0,0,1,0,0,0,-62.89999771118164,1,120,8200,0,39,81,14,1,0,0,0,3049
396,0,14,5000,500,910,0,0,0,0,0,0,1,0,0,0,-66.89999389648438,1,120,8200,0,43,77,14,1,0,0,0,3049
397,0,15,5000,500,910,0,0,0,0,0,0,1,0,0,0,-70.89999389648438,1,120,8200,0,47,73,14,1,0,0,0,3049
398,0,16,5000,500,910,0,0,0,0,0,0,1,0,0,0,-74.89999389648438,1,120,8200,0,51,69,14,1,0,0,0,3049
399,0,17,5000,500,910,0,0,0,0,0,0,1,0,0,0,-78.89999389648438,1,120,8200,0,55,65,14,1,0,0,0,3049
400,0,18,5000,500,910,0,0,0,0,0,0,1,0,0,0,-82.89999389648438,1,120,8200,0,59,61,15,1,0,0,0,3049
401,0,19,5000,500,910,0,0,0,0,0,0,1,0,0,0,-86.89999389648438,1,120,8200,0,63,57,15,1,0,0,0,3049
402,0,20,5000,500,910,0,0,0,0,0,0,1,0,0,0,-90.89999389648438,1,120,8200,0,67,53,15,1,0,0,0,3049
403,0,21,5000,500,910,0,0,0,0,0,0,1,0,0,0,-94.89999389648438,1,120,8200,0,71,49,15,1,0,0,0,3049
404,0,22,5000,500,910,0,0,0,0,0,0,1,0,0,0,-98.89999389648438,1,120,8200,0,75,45,15,1,0,0,0,3049
405,0,23,5000,500,910,0,0,0,0,0,0,1,0,0,0,-102.89999389648438,1,120,8200,0,79,41,15,1,0,0,0,3049
406,0,24,5000,500,910,0,0,0,0,0,0,1,0,0,0,-106.89999389648438,1,120,8200,0,83,37,15,1,0,0,0,3049
407,0,25,5000,500,910,0,0,0,0,0,0,1,0,0,0,-110.39999389648438,1,120,8200,0,87,33,15,1,0,0,0,3049
408,0,26,5000,500,910,0,0,0,0,0,0,1,0,0,0,-112.39999389648438,1,120,8200,0,90.5,29.5,15,1,0,0,0,3049
409,0,27,5000,500,910,0,0,0,0,0,0,1,0,0,0,-112.39999389648438,1,120,8200,0,92.5,27.5,15,1,0,0,0,3049
410,0,28,5000,500,910,0,0,0,0,0,0,1,0,0,0,-112.39999389648438,1,120,8200,0,92.5,27.5,15,1,0,0,0,3049
411,0,29,5000,500,910,0,0,0,0,0,0,1,0,0,0,-112.39999389648438,1,120,8200,0,92.5,27.5,15,1,0,0,0,3049
412,0,30,5000,500,910,0,0,0,0,0,0,1,0,0,0,-112.39999389648438,1,120,8200,0,92.5,27.5,16,1,0,0,0,3049
413,0,31,5000,500,910,0,0,0,0,0,0,1,0,0,0,-112.39999389648438,1,120,8200,0,92.5,27.5,16,1,0,0,0,3049
414,0,32,5000,500,910,0,0,0,0,0,0,1,0,0,0,-112.39999389648438,1,120,8200,0,92.5,27.5,16,1,0,0,0,3049
415,0,33,5000,500,910,0,0,0,0,0,0,1,0,0,0,-112.39999389648438,1,120,8200,0,92.5,27.5,16,1,0,0,0,3049
416,0,34,5000,500,910,0,0,0,0,0,0,1,0,0,0,-112.39999389648438,1,120,8200,0,92.5,27.5,16,1,0,0,0,3049
417,0,35,5000,500,910,0,0,0,0,0,0,1,0,0,0,-113.89999389648438,1,120,8200,0,92.5,27.5,16,1,0,0,0,3049
418,0,36,5000,500,910,0,0,0,0,0,0,1,0,0,0,-115.39999389648438,1,120,8200,0,94,26,16,1,0,0,0,3049
419,0,37,5000,500,910,0,0,0,0,0,0,1,0,0,0,-116.89999389648438,1,120,8200,0,95.5,24.5,16,1,0,0,0,3049
420,0,38,5000,500,910,0,0,0,0,0,0,1,0,0,0,-118.39999389648438,1,120,8200,0,97,23,16,1,0,0,0,3049
421,0,39,5000,500,910,0,0,0,0,0,0,1,0,0,0,-119.89999389648438,1,120,8200,0,98.5,21.5,16,1,0,0,0,3049
422,0,40,5000,500,910,0,0,0,0,0,0,1,0,0,0,-121.39999389648438,1,120,8200,0,100,20,16,1,0,0,0,3049
423,0,41,5000,500,910,0,0,0,0,0,0,1,0,0,0,-122.89999389648438,1,120,8200,0,101.5,18.5,16,1,0,0,0,3049
424,0,42,5000,500,910,0,0,0,0,0,0,1,0,0,0,-124.39999389648438,1,120,8200,0,103,17,17,1,0,0,0,3049
425,0,43,5000,500,910,0,0,0,0,0,0,1,0,0,0,-125.89999389648438,1,120,8200,0,104.5,15.5,17,1,0,0,0,3049
426,0,44,5000,500,910,0,0,0,0,0,0,1,0,0,0,-127.39999389648438,1,120,8200,0,106,14,17,1,0,0,0,3049
427,0,45,5000,500,910,0,0,0,0,0,0,1,0,0,0,-128.89999389648438,1,120,8200,0,107.5,12.5,17,1,0,0,0,3049
428,0,46,5000,500,910,0,0,0,0,0,0,1,0,0,0,-130.39999389648438,1,120,8200,0,109,11,17,1,0,0,0,3049
429,0,47,5000,500,910,0,0,0,0,0,0,1,0,0,0,-131.89999389648438,1,120,8200,0,110.5,9.5,17,1,0,0,0,3049
430,0,48,5000,500,910,0,0,0,0,0,0,1,0,0,0,-133.39999389648438,1,120,8200,0,112,8,17,1,0,0,0,3049
431,0,49,5000,500,910,0,0,0,0,0,0,1,0,0,0,-134.89999389648438,1,120,8200,0,113.5,6.5,17,1,0,0,0,3049
432,0,50,5000,500,910,0,0,0,0,0,0,1,0,0,0,-136.39999389648438,1,120,8200,0,115,5,17,1,0,0,0,3049
433,0,51,5000,500,910,0,0,0,0,0,0,1,0,0,0,-137.89999389648438,1,120,8200,0,116.5,3.5,17,1,0,0,0,3049
434,0,52,5000,500,910,0,0,0,0,0,0,1,0,0,0,-139.39999389648438,1,120,8200,0,118,2,17,1,0,0,0,3049
435,0,53,5000,500,910,0,0,0,0,0,0,1,0,0,0,-140.89999389648438,1,120,8200,0,119.5,0.5,17,1,0,0,0,3049
436,0,54,5000,500,910,0,0,0,0,0,0,1,0,0,0,-142.39999389648438,1,120,8200,0,121,-1,18,1,0,0,0,3049
437,0,55,5000,500,910,0,0,0,0,0,0,1,0,0,0,-143.64999389648438,1,120,8200,0,122.5,-2.5,18,1,0,0,0,3049
438,0,56,5000,500,910,0,0,0,0,0,0,1,0,0,0,-144.39999389648438,1,120,8200,0,123.75,-3.75,18,1,0,0,0,3049
439,0,57,5000,500,910,0,0,0,0,0,0,1,0,0,0,-144.64999389648438,1,120,8200,0,124.5,-4.5,18,1,0,0,0,3049
440,0,58,5000,500,910,0,0,0,0,0,0,1,0,0,0,-144.89999389648438,1,120,8200,0,124.75,-4.75,18,1,0,0,0,3049
441,0,59,5000,500,910,0,0,0,0,0,0,1,0,0,0,-144.89999389648438,1,120,8200,0,125,-5,18,1,0,0,0,3049
442,0,60,5000,500,910,0,0,0,0,0,0,1,0,0,0,-144.89999389648438,1,120,8200,0,125,-5,18,1,0,0,0,3049
443,0,61,5000,500,910,0,0,0,0,0,0,1,0,0,0,-144.89999389648438,1,120,8200,0,125,-5,18,1,0,0,0,3049
444,0,62,5000,500,910,0,0,0,0,0,0,1,0,0,0,-144.89999389648438,1,120,8200,0,125,-5,18,1,0,0,0,3049
445,0,63,5000,500,910,0,0,0,0,0,0,1,0,0,0,-144.89999389648438,1,120,8200,0,125,-5,18,1,0,0,0,3049
446,0,64,5000,500,910,0,0,0,0,0,0,1,0,0,0,-144.89999389648438,1,120,8200,0,125,-5,18,1,0,0,0,3049
447,0,65,5000,500,910,0,0,0,0,0,0,1,0,0,0,-144.89999389648438,1,120,8200,0,125,-5,18,1,0,0,0,3049
448,0,66,5000,500,910,0,0,0,0,0,0,1,0,0,0,-144.89999389648438,1,120,8200,0,125,-5,19,1,0,0,0,3049
449,0,67,5000,500,910,0,0,0,0,0,0,1,0,0,0,-144.89999389648438,1,120,8200,0,125,-5,19,1,0,0,0,3049
450,0,68,5000,500,910,0,0,0,0,0,0,1,0,0,0,-144.89999389648438,1,120,8200,0,125,-5,19,1,0,0,0,3049
451,0,69,5000,500,910,0,0,0,0,0,0,1,0,0,0,-144.89999389648438,1,120,8200,0,125,-5,19,1,0,0,0,3049
452,0,70,5000,500,910,0,0,0,0,0,0,1,0,0,0,-144.89999389648438,1,120,8200,0,125,-5,19,1,0,0,0,3049
453,0,71,5000,500,910,0,0,0,0,0,0,1,0,0,0,-144.89999389648438,1,120,8200,0,125,-5,19,1,0,0,0,3049
454,0,72,5000,500,910,0,0,0,0,0,0,1,0,0,0,-144.89999389648438,1,120,8200,0,125,-5,19,1,0,0,0,3049
455,0,73,5000,500,910,0,0,0,0,0,0,1,0,0,0,-144.89999389648438,1,120,8200,0,125,-5,19,1,0,0,0,3049
456,0,74,5000,500,910,0,0,0,0,0,0,1,0,0,0,-144.89999389648438,1,120,8200,0,125,-5,19,1,0,0,0,3049
457,0,75,5000,500,910,0,0,0,0,0,0,1,0,0,0,-144.89999389648438,1,120,8200,0,125,-5,19,1,0,0,0,3049
458,0,76,5000,500,910,0,0,0,0,0,0,1,0,0,0,-144.89999389648438,1,120,8200,0,125,-5,19,1,0,0,0,3049
459,0,77,5000,500,910,0,0,0,0,0,0,1,0,0,0,-144.89999389648438,1,120,8200,0,125,-5,19,1,0,0,0,3049
460,0,78,5000,500,910,0,0,0,0,0,0,1,0,0,0,-144.89999389648438,1,120,8200,0,125,-5,19,1,0,0,0,3049
461,0,79,5000,500,910,0,0,0,0,0,0,1,0,0,0,-144.89999389648438,1,120,8200,0,125,-5,19,1,0,0,0,3049
462,0,80,5000,500,910,0,0,0,0,0,0,1,0,0,0,-144.89999389648438,1,120,8200,0,125,-5,19,1,0,0,0,3049
463,0,81,5000,500,910,0,0,0,0,0,0,1,0,0,0,-144.89999389648438,1,120,8200,0,125,-5,19,1,0,0,0,3049
464,0,82,5000,500,910,0,0,0,0,0,0,1,0,0,0,-144.89999389648438,1,120,8200,0,125,-5,19,1,0,0,0,3049
465,0,83,5000,500,910,0,0,0,0,0,0,1,0,0,0,-144.89999389648438,1,120,8200,0,125,-5,19,1,0,0,0,3049
466,0,84,5000,500,910,0,0,0,0,0,0,1,0,0,0,-144.89999389648438,1,120,8200,0,125,-5,20,1,0,0,0,3049
467,0,85,5000,500,910,0,0,0,0,0,0,1,0,0,0,-144.89999389648438,1,120,8200,0,125,-5,20,1,0,0,0,3049
468,0,86,5000,500,910,0,0,0,0,0,0,1,0,0,0,-144.89999389648438,1,120,8200,0,125,-5,20,1,0,0,0,3049
469,0,87,5000,500,910,0,0,0,0,0,0,1,0,0,0,-144.89999389648438,1,120,8200,0,125,-5,20,1,0,0,0,3049
470,0,88,5000,500,910,0,0,0,0,0,0,1,0,0,0,-144.89999389648438,1,120,8200,0,125,-5,20,1,0,0,0,3049
471,0,89,5000,500,910,0,0,0,0,0,0,1,0,0,0,-144.89999389648438,1,120,8200,0,125,-5,20,1,0,0,0,3049
472,0,90,5000,500,910,0,0,0,0,0,0,1,0,0,0,-144.89999389648438,1,120,8200,0,125,-5,20,1,0,0,0,3049
473,0,91,5000,500,910,0,0,0,0,0,0,1,0,0,0,-144.89999389648438,1,120,8200,0,125,-5,20,1,0,0,0,3049
474,0,92,5000,500,910,0,0,0,0,0,0,1,0,0,0,-144.89999389648438,1,120,8200,0,125,-5,20,1,0,0,0,3049
475,0,93,5000,500,910,0,0,0,0,0,0,1,0,0,0,-144.89999389648438,1,120,8200,0,125,-5,20,1,0,0,0,3049
476,0,94,5000,500,910,0,0,0,0,0,0,1,0,0,0,-144.89999389648438,1,120,8200,0,125,-5,20,1,0,0,0,3049
477,0,95,5000,500,910,0,0,0,0,0,0,1,0,0,0,-144.89999389648438,1,120,8200,0,125,-5,20,1,0,0,0,3049
478,0,96,5000,500,910,0,0,0,0,0,0,1,0,0,0,-144.89999389648438,1,120,8200,0,125,-5,20,1,0,0,0,3049
479,0,97,5000,500,910,0,0,0,0,0,0,1,0,0,0,-144.89999389648438,1,120,8200,0,125,-5,20,1,0,0,0,3049
480,0,98,5000,500,910,0,0,0,0,0,0,1,0,0,0,-144.89999389648438,1,120,8200,0,125,-5,20,1,0,0,0,3049
481,0,99,5000,500,910,0,0,0,0,0,0,1,0,0,0,-144.89999389648438,1,120,8200,0,125,-5,20,1,0,0,0,3049
482,0,100,5000,500,910,0,0,0,0,0,0,1,0,0,0,-144.89999389648438,1,120,8200,0,125,-5,20,1,0,0,0,3049
483,0,101,5000,500,910,0,0,0,0,0,0,1,0,0,0,-144.89999389648438,1,120,8200,0,125,-5,20,1,0,0,0,3049
484,0,102,5000,500,910,0,0,0,0,0,0,1,0,0,0,-144.89999389648438,1,120,8200,0,125,-5,21,1,0,0,0,3049
485,0,103,5000,500,910,0,0,0,0,0,0,1,0,0,0,-144.89999389648438,1,120,8200,0,125,-5,21,1,0,0,0,3049
486,0,104,5000,500,910,0,0,0,0,0,0,1,0,0,0,-144.89999389648438,1,120,8200,0,125,-5,21,1,0,0,0,3049
487,0,105,5000,500,910,0,0,0,0,0,0,1,0,0,0,-144.89999389648438,1,120,8200,0,125,-5,21,1,0,0,0,3049
488,0,106,5000,500,910,0,0,0,0,0,0,1,0,0,0,-144.89999389648438,1,120,8200,0,125,-5,21,1,0,0,0,3049
489,0,107,5000,500,910,0,0,0,0,0,0,1,0,0,0,-144.89999389648438,1,120,8200,0,125,-5,21,1,0,0,0,3049
490,0,108,5000,500,910,0,0,0,0,0,0,1,0,0,0,-144.89999389648438,1,120,8200,0,125,-5,21,1,0,0,0,3049
491,0,109,5000,500,910,0,0,0,0,0,0,1,0,0,0,-144.89999389648438,1,120,8200,0,125,-5,21,1,0,0,0,3049
492,0,110,5000,500,910,0,0,0,0,0,0,1,0,0,0,-144.89999389648438,1,120,8200,0,125,-5,21,1,0,0,0,3049
493,0,111,5000,500,910,0,0,0,0,0,0,1,0,0,0,-144.89999389648438,1,120,8200,0,125,-5,21,1,0,0,0,3049
494,0,112,5000,500,910,0,0,0,0,0,0,1,0,0,0,-144.89999389648438,1,120,8200,0,125,-5,21,1,0,0,0,3049
495,0,113,5000,500,910,0,0,0,0,0,0,1,0,0,0,-144.89999389648438,1,120,8200,0,125,-5,21,1,0,0,0,3049
496,0,114,5000,500,910,0,0,0,0,0,0,1,0,0,0,-144.89999389648438,1,120,8200,0,125,-5,21,1,0,0,0,3049
497,0,115,5000,500,910,0,0,0,0,0,0,1,0,0,0,-144.89999389648438,1,120,8200,0,125,-5,21,1,0,0,0,3049
498,0,116,5000,500,910,0,0,0,0,0,0,1,0,0,0,-144.89999389648438,1,120,8200,0,125,-5,21,1,0,0,0,3049
499,0,117,5000,500,910,0,0,0,0,0,0,1,0,0,0,-144.89999389648438,1,120,8200,0,125,-5,21,1,0,0,0,3049
500,0,118,5000,500,910,0,0,0,0,0,0,1,0,0,0,-144.89999389648438,1,120,8200,0,125,-5,21,1,0,0,0,3049
501,0,119,5000,500,910,0,0,0,0,0,0,1,0,0,0,-144.89999389648438,1,120,8200,0,125,-5,21,1,0,0,0,3049
502,0,120,5000,500,910,0,0,0,0,0,0,1,0,0,0,-144.89999389648438,1,120,8200,0,125,-5,21,1,0,0,0,3049
503,0,121,5000,500,910,0,0,0,0,0,0,1,0,0,0,-144.89999389648438,1,120,8200,0,125,-5,21,1,0,0,0,3049
504,0,122,5000,500,910,0,0,0,0,0,0,1,0,0,0,-144.89999389648438,1,120,8200,0,125,-5,21,1,0,0,0,3049
505,0,123,5000,500,910,0,0,0,0,0,0,1,0,0,0,-144.89999389648438,1,120,8200,0,125,-5,21,1,0,0,0,3049
506,0,124,5000,500,910,0,0,0,0,0,0,1,0,0,0,-144.89999389648438,1,120,8200,0,125,-5,21,1,0,0,0,3049
507,0,125,5000,500,910,0,0,0,0,0,0,1,0,0,0,-144.89999389648438,1,120,8200,0,125,-5,21,1,0,0,0,3049
508,0,126,5000,500,910,0,0,0,0,0,0,1,0,0,0,-144.89999389648438,1,120,8200,0,125,-5,21,1,0,0,0,3049
509,0,127,5000,500,910,0,0,0,0,0,0,1,0,0,0,-144.89999389648438,1,120,8200,0,125,-5,21,1,0,0,0,3049
510,0,128,5000,500,910,0,0,0,0,0,0,1,0,0,0,-144.89999389648438,1,120,8200,0,125,-5,21,1,0,0,0,3049
511,0,129,5000,500,910,0,0,0,0,0,0,1,0,0,0,-144.89999389648438,1,120,8200,0,125,-5,21,1,0,0,0,3049
512,0,130,5000,500,910,0,0,0,0,0,0,1,0,0,0,-144.89999389648438,1,120,8200,0,125,-5,21,1,0,0,0,3049
513,0,131,5000,500,910,0,0,0,0,0,0,1,0,0,0,-144.89999389648438,1,120,8200,0,125,-5,21,1,0,0,0,3049
514,0,132,5000,500,910,0,0,0,0,0,0,1,0,0,0,-144.89999389648438,1,120,8200,0,125,-5,21,1,0,0,0,3049
515,0,133,5000,500,910,0,0,0,0,0,0,1,0,0,0,-144.89999389648438,1,120,8200,0,125,-5,21,1,0,0,0,3049
516,0,134,5000,500,910,0,0,0,0,0,0,1,0,0,0,-144.89999389648438,1,120,8200,0,125,-5,21,1,0,0,0,3049
517,0,135,5000,500,910,0,0,0,0,0,0,1,0,0,0,-144.89999389648438,1,120,8200,0,125,-5,21,1,0,0,0,3049
518,0,136,5000,500,910,0,0,0,0,0,0,1,0,0,0,-144.89999389648438,1,120,8200,0,125,-5,21,1,0,0,0,3049
519,0,137,5000,500,910,0,0,0,0,0,0,1,0,0,0,-144.89999389648438,1,120,8200,0,125,-5,21,1,0,0,0,3049
520,0,138,5000,500,910,0,0,0,0,0,0,1,0,0,0,-144.89999389648438,1,120,8200,0,125,-5,22,1,0,0,0,3049
521,0,139,5000,500,910,0,0,0,0,0,0,1,0,0,0,-144.89999389648438,1,120,8200,0,125,-5,22,1,0,0,0,3049
522,0,140,5000,500,910,0,0,0,0,0,0,1,0,0,0,-144.89999389648438,1,120,8200,0,125,-5,22,1,0,0,0,3049
523,0,141,5000,500,910,0,0,0,0,0,0,1,0,0,0,-144.89999389648438,1,120,8200,0,125,-5,22,1,0,0,0,3049
524,0,142,5000,500,910,0,0,0,0,0,0,1,0,0,0,-144.89999389648438,1,120,8200,0,125,-5,22,1,0,0,0,3049
525,0,143,5000,500,910,0,0,0,0,0,0,1,0,0,0,-144.89999389648438,1,120,8200,0,125,-5,22,1,0,0,0,3049
526,0,144,5000,500,910,0,0,0,0,0,0,1,0,0,0,-144.89999389648438,1,120,8200,0,125,-5,22,1,0,0,0,3049
527,0,145,5000,500,910,0,0,0,0,0,0,1,0,0,0,-144.89999389648438,1,120,8200,0,125,-5,22,1,0,0,0,3049
528,0,146,5000,500,910,0,0,0,0,0,0,1,0,0,0,-144.89999389648438,1,120,8200,0,125,-5,22,1,0,0,0,3049
529,0,147,5000,500,910,0,0,0,0,0,0,1,0,0,0,-144.89999389648438,1,120,8200,0,125,-5,22,1,0,0,0,3049
530,0,148,5000,500,910,0,0,0,0,0,0,1,0,0,0,-144.89999389648438,1,120,8200,0,125,-5,22,1,0,0,0,3049
531,0,149,5000,500,910,0,0,0,0,0,0,1,0,0,0,-144.89999389648438,1,120,8200,0,125,-5,22,1,0,0,0,3049
532,0,150,5000,500,910,0,0,0,0,0,0,1,0,0,0,-144.89999389648438,1,120,8200,0,125,-5,22,1,0,0,0,3049
533,0,151,5000,500,910,0,0,0,0,0,0,1,0,0,0,-144.89999389648438,1,120,8200,0,125,-5,22,1,0,0,0,3049
534,0,152,5000,500,910,0,0,0,0,0,0,1,0,0,0,-144.89999389648438,1,120,8200,0,125,-5,22,1,0,0,0,3049
535,0,153,5000,500,910,0,0,0,0,0,0,1,0,0,0,-144.89999389648438,1,120,8200,0,125,-5,22,1,0,0,0,3049
536,0,154,5000,500,910,0,0,0,0,0,0,1,0,0,0,-144.89999389648438,1,120,8200,0,125,-5,22,1,0,0,0,3049
537,0,155,5000,500,910,0,0,0,0,0,0,1,0,0,0,-144.89999389648438,1,120,8200,0,125,-5,22,1,0,0,0,3049
538,0,156,5000,500,910,0,0,0,0,0,0,1,0,0,0,-144.89999389648438,1,120,8200,0,125,-5,22,1,0,0,0,3049
539,0,157,5000,500,910,0,0,0,0,0,0,1,0,0,0,-144.89999389648438,1,120,8200,0,125,-5,22,1,0,0,0,3049
540,0,158,5000,500,910,0,0,0,0,0,0,1,0,0,0,-144.89999389648438,1,120,8200,0,125,-5,22,1,0,0,0,3049
541,0,159,5000,500,910,0,0,0,0,0,0,1,0,0,0,-144.89999389648438,1,120,8200,0,125,-5,22,1,0,0,0,3049
542,0,160,5000,500,910,0,0,0,0,0,0,1,0,0,0,-144.89999389648438,1,120,8200,0,125,-5,22,1,0,0,0,3049
543,0,161,5000,500,910,0,0,0,0,0,0,1,0,0,0,-144.89999389648438,1,120,8200,0,125,-5,22,1,0,0,0,3049
544,0,162,5000,500,910,0,0,0,0,0,0,1,0,0,0,-144.89999389648438,1,120,8200,0,125,-5,22,1,0,0,0,3049
545,0,163,5000,500,910,0,0,0,0,0,0,1,0,0,0,-144.89999389648438,1,120,8200,0,125,-5,22,1,0,0,0,3049
546,0,164,5000,500,910,0,0,0,0,0,0,1,0,0,0,-144.89999389648438,1,120,8200,0,125,-5,22,1,0,0,0,3049
547,0,165,5000,500,910,0,0,0,0,0,0,1,0,0,0,-144.89999389648438,1,120,8200,0,125,-5,22,1,0,0,0,3049
548,0,166,5000,500,910,0,0,0,0,0,0,1,0,0,0,-144.89999389648438,1,120,8200,0,125,-5,22,1,0,0,0,3049
549,0,167,5000,500,910,0,0,0,0,0,0,1,0,0,0,-144.89999389648438,1,120,8200,0,125,-5,22,1,0,0,0,3049
550,0,168,5000,500,910,0,0,0,0,0,0,1,0,0,0,-144.89999389648438,1,120,8200,0,125,-5,22,1,0,0,0,3049
551,0,169,5000,500,910,0,0,0,0,0,0,1,0,0,0,-144.89999389648438,1,120,8200,0,125,-5,22,1,0,0,0,3049
552,0,170,5000,500,910,0,0,0,0,0,0,1,0,0,0,-144.89999389648438,1,120,8200,0,125,-5,22,1,0,0,0,3049
553,0,171,5000,500,910,0,0,0,0,0,0,1,0,0,0,-144.89999389648438,1,120,8200,0,125,-5,22,1,0,0,0,3049
554,0,172,5000,500,910,0,0,0,0,0,0,1,0,0,0,-144.89999389648438,1,120,8200,0,125,-5,22,1,0,0,0,3049
555,0,173,5000,500,910,0,0,0,0,0,0,1,0,0,0,-144.89999389648438,1,120,8200,0,125,-5,22,1,0,0,0,3049
556,0,174,5000,500,910,0,0,0,0,0,0,1,0,0,0,-144.89999389648438,1,120,8200,0,125,-5,23,1,0,0,0,3049
557,0,175,5000,500,910,0,0,0,0,0,0,1,0,0,0,-144.89999389648438,1,120,8200,0,125,-5,23,1,0,0,0,3049
558,0,176,5000,500,910,0,0,0,0,0,0,1,0,0,0,-144.89999389648438,1,120,8200,0,125,-5,23,1,0,0,0,3049
559,0,177,5000,500,910,0,0,0,0,0,0,1,0,0,0,-144.89999389648438,1,120,8200,0,125,-5,23,1,0,0,0,3049
560,0,178,5000,500,910,0,0,0,0,0,0,1,0,0,0,-144.89999389648438,1,120,8200,0,125,-5,23,1,0,0,0,3049
561,0,179,5000,500,910,0,0,0,0,0,0,1,0,0,0,-144.89999389648438,1,120,8200,0,125,-5,23,1,0,0,0,3049
562,0,180,5000,500,910,0,0,0,0,0,0,1,0,0,0,-144.89999389648438,1,120,8200,0,125,-5,23,1,0,0,0,3049
563,0,181,5000,500,910,0,0,0,0,0,0,1,0,0,0,-144.89999389648438,1,120,8200,0,125,-5,23,1,0,0,0,3049
564,0,182,5000,500,910,0,0,0,0,0,0,1,0,0,0,-144.89999389648438,1,120,8200,0,125,-5,23,1,0,0,0,3049
565,0,183,5000,500,910,0,0,0,0,0,0,1,0,0,0,-144.89999389648438,1,120,8200,0,125,-5,23,1,0,0,0,3049
566,0,184,5000,500,910,0,0,0,0,0,0,1,0,0,0,-144.89999389648438,1,120,8200,0,125,-5,23,1,0,0,0,3049
567,0,185,5000,500,910,0,0,0,0,0,0,1,0,0,0,-144.89999389648438,1,120,8200,0,125,-5,23,1,0,0,0,3049
568,0,186,5000,500,910,0,0,0,0,0,0,1,0,0,0,-144.89999389648438,1,120,8200,0,125,-5,23,1,0,0,0,3049
569,0,187,5000,500,910,0,0,0,0,0,0,1,0,0,0,-144.89999389648438,1,120,8200,0,125,-5,23,1,0,0,0,3049
570,0,188,5000,500,910,0,0,0,0,0,0,1,0,0,0,-144.89999389648438,1,120,8200,0,125,-5,23,1,0,0,0,3049
571,0,189,5000,500,910,0,0,0,0,0,0,1,0,0,0,-144.89999389648438,1,120,8200,0,125,-5,23,1,0,0,0,3049
572,0,190,5000,500,910,0,0,0,0,0,0,1,0,0,0,-144.89999389648438,1,120,8200,0,125,-5,23,1,0,0,0,3049
573,0,191,5000,500,910,0,0,0,0,0,0,1,0,0,0,-144.89999389648438,1,120,8200,0,125,-5,23,1,0,0,0,3049
574,0,192,5000,500,910,0,0,0,0,0,0,1,0,0,0,-144.89999389648438,1,120,8200,0,125,-5,23,1,0,0,0,3049
575,0,193,5000,500,910,0,0,0,0,0,0,1,0,0,0,-144.89999389648438,1,120,8200,0,125,-5,23,1,0,0,0,3049
576,0,194,5000,500,910,0,0,0,0,0,0,1,0,0,0,-144.89999389648438,1,120,8200,0,125,-5,23,1,0,0,0,3049
577,0,195,5000,500,910,0,0,0,0,0,0,1,0,0,0,-144.89999389648438,1,120,8200,0,125,-5,23,1,0,0,0,3049
578,0,196,5000,500,910,0,0,0,0,0,0,1,0,0,0,-144.89999389648438,1,120,8200,0,125,-5,23,1,0,0,0,3049
579,0,197,5000,500,910,0,0,0,0,0,0,1,0,0,0,-144.89999389648438,1,120,8200,0,125,-5,23,1,0,0,0,3049
580,0,198,5000,500,910,0,0,0,0,0,0,1,0,0,0,-144.89999389648438,1,120,8200,0,125,-5,23,1,0,0,0,3049
581,0,199,5000,500,910,0,0,0,0,0,0,1,0,0,0,-144.89999389648438,1,120,8200,0,125,-5,23,1,0,0,0,3049
582,0,200,5000,500,910,0,0,0,0,0,0,1,0,0,0,-144.89999389648438,1,120,8200,0,125,-5,23,1,0,0,0,3049
583,0,201,5000,500,910,0,0,0,0,0,0,1,0,0,0,-144.89999389648438,1,120,8200,0,125,-5,23,1,0,0,0,3049
584,0,202,5000,500,910,0,0,0,0,0,0,1,0,0,0,-144.89999389648438,1,120,8200,0,125,-5,23,1,0,0,0,3049
585,0,203,5000,500,910,0,0,0,0,0,0,1,0,0,0,-144.89999389648438,1,120,8200,0,125,-5,23,1,0,0,0,3049
586,0,204,5000,500,910,0,0,0,0,0,0,1,0,0,0,-144.89999389648438,1,120,8200,0,125,-5,23,1,0,0,0,3049
587,0,205,5000,500,910,0,0,0,0,0,0,1,0,0,0,-144.89999389648438,1,120,8200,0,125,-5,23,1,0,0,0,3049
588,0,206,5000,500,910,0,0,0,0,0,0,1,0,0,0,-144.89999389648438,1,120,8200,0,125,-5,23,1,0,0,0,3049
589,0,207,5000,500,910,0,0,0,0,0,0,1,0,0,0,-144.89999389648438,1,120,8200,0,125,-5,23,1,0,0,0,3049
590,0,208,5000,500,910,0,0,0,0,0,0,1,0,0,0,-144.89999389648438,1,120,8200,0,125,-5,23,1,0,0,0,3049
591,0,209,5000,500,910,0,0,0,0,0,0,1,0,0,0,-144.89999389648438,1,120,8200,0,125,-5,23,1,0,0,0,3049
592,0,210,5000,500,910,0,0,0,0,0,0,1,0,0,0,-144.89999389648438,1,120,8200,0,125,-5,24,1,0,0,0,3049
593,0,211,5000,500,910,0,0,0,0,0,0,1,0,0,0,-144.89999389648438,1,120,8200,0,125,-5,24,1,0,0,0,3049
594,0,212,5000,500,910,0,0,0,0,0,0,1,0,0,0,-144.89999389648438,1,120,8200,0,125,-5,24,1,0,0,0,3049
595,0,213,5000,500,910,0,0,0,0,0,0,1,0,0,0,-144.89999389648438,1,120,8200,0,125,-5,24,1,0,0,0,3049
596,0,214,5000,500,910,0,0,0,0,0,0,1,0,0,0,-144.89999389648438,1,120,8200,0,125,-5,24,1,0,0,0,3049
597,0,215,5000,500,910,0,0,0,0,0,0,1,0,0,0,-144.89999389648438,1,120,8200,0,125,-5,24,1,0,0,0,3049
598,0,216,5000,500,910,0,0,0,0,0,0,1,0,0,0,-144.89999389648438,1,120,8200,0,125,-5,24,1,0,0,0,3049
599,0,217,5000,500,910,0,0,0,0,0,0,1,0,0,0,-144.89999389648438,1,120,8200,0,125,-5,24,1,0,0,0,3049
600,0,218,5000,500,910,0,0,0,0,0,0,1,0,0,0,-144.89999389648438,1,120,8200,0,125,-5,24,1,0,0,0,3049
601,0,219,5000,500,910,0,0,0,0,0,0,1,0,0,0,-144.89999389648438,1,120,8200,0,125,-5,24,1,0,0,0,3049
602,0,220,5000,500,910,0,0,0,0,0,0,1,0,0,0,-144.89999389648438,1,120,8200,0,125,-5,24,1,0,0,0,3049
603,0,221,5000,500,910,0,0,0,0,0,0,1,0,0,0,-144.89999389648438,1,120,8200,0,125,-5,24,1,0,0,0,3049
604,0,222,5000,500,910,0,0,0,0,0,0,1,0,0,0,-144.89999389648438,1,120,8200,0,125,-5,24,1,0,0,0,3049
605,0,223,5000,500,910,0,0,0,0,0,0,1,0,0,0,-144.89999389648438,1,120,8200,0,125,-5,24,1,0,0,0,3049
606,0,224,5000,500,910,0,0,0,0,0,0,1,0,0,0,-144.89999389648438,1,120,8200,0,125,-5,24,1,0,0,0,3049
607,0,225,5000,500,910,0,0,0,0,0,0,1,0,0,0,-144.89999389648438,1,120,8200,0,125,-5,24,1,0,0,0,3049
608,0,226,5000,500,910,0,0,0,0,0,0,1,0,0,0,-144.89999389648438,1,120,8200,0,125,-5,24,1,0,0,0,3049
609,0,227,5000,500,910,0,0,0,0,0,0,1,0,0,0,-144.89999389648438,1,120,8200,0,125,-5,24,1,0,0,0,3049
610,0,1,3000,500,1000,0,0,0,0,0,0,1,0,0,0,-145.00299072265625,1,120,8200,0,125,-5,24,0,0,0,0,1000
611,0,2,3000,500,1000,0,0,0,0,0,0,1,0,0,0,-145.00299072265625,1,120,8200,0,125,-5,1,0,0,0,0,1000
612,0,3,3000,500,1000,0,0,0,0,0,0,1,0,0,0,-145.00299072265625,1,120,8200,0,125,-5,1,0,0,0,0,1000
613,0,4,3000,500,1000,0,0,0,0,0,0,1,0,0,0,-145.00299072265625,1,120,8200,0,125,-5,1,0,0,0,0,1000
614,0,5,3000,500,1000,0,0,0,0,0,0,1,0,0,0,-145.00299072265625,1,120,8200,0,125,-5,1,0,0,0,0,1000
615,0,6,3000,500,1000,0,0,0,0,0,0,1,0,0,0,-145.00299072265625,1,120,8200,0,125,-5,1,0,0,0,0,1000
616,0,7,3000,500,1000,0,0,0,0,0,0,1,0,0,0,-145.00299072265625,1,120,8200,0,125,-5,1,0,0,0,0,1000
617,0,8,3000,500,1000,0,0,0,0,0,0,1,0,0,0,-145.00299072265625,1,120,8200,0,125,-5,1,0,0,0,0,1000
618,0,9,3000,500,1000,0,0,0,0,0,0,1,0,0,0,-145.00299072265625,1,120,8200,0,125,-5,1,0,0,0,0,1000
619,10,1,3000,500,1000,0,0,0,0,0,0,1,0,0,0,-145.00299072265625,1,120,8200,0,125,-5,1,0,0,0,0,1000
620,10,2,3000,500,1000,0,0,0,0,0,0,1,0,0,0,-145.00299072265625,1,120,8200,0,125,-5,1,0,0,0,0,1000
621,10,3,3000,500,1000,0,0,0,0,0,0,1,0,0,0,-145.00299072265625,1,120,8200,0,125,-5,1,0,0,0,0,1000
622,10,4,3000,500,1000,0,0,0,0,0,0,1,0,0,0,-145.00299072265625,1,120,8200,0,125,-5,2,0,0,0,0,1000
623,10,5,3000,500,1000,0,0,0,0,0,0,1,0,0,0,-145.00299072265625,1,120,8200,0,125,-5,2,0,0,0,0,1000
624,10,6,3000,500,1000,0,0,0,0,0,0,1,0,0,0,-145.00299072265625,1,120,8200,0,125,-5,2,0,0,0,0,1000
625,1020,1,3000,500,1000,0,0,0,0,0,0,1,0,0,0,-145.00299072265625,1,120,8200,0,125,-5,2,0,0,0,0,1000
626,1020,2,3000,500,1000,0,0,0,0,0,0,1,0,0,0,-145.00299072265625,1,120,8200,0,125,-5,2,0,0,0,0,1000
627,1020,3,3000,500,1000,0,0,0,0,0,0,1,0,0,0,-145.00299072265625,1,120,8200,0,125,-5,2,0,0,0,0,1000
628,1020,4,3000,500,1000,0,0,0,0,0,0,1,0,0,0,-145.00299072265625,1,120,8200,0,125,-5,2,0,0,0,0,1000
629,1020,5,3000,500,1000,0,0,0,0,0,0,1,0,0,0,-140.80299377441406,1,120,8200,0,125,-5,2,0,0,0,0,1000
630,1020,6,3000,500,1000,0,0,0,0,0,0,1,0,0,0,-136.60299682617188,1,120,8200,0,125,-5,2,0,0,0,0,1000
631,1020,7,3000,500,1000,0,0,0,0,0,0,1,0,0,0,-132.40298461914062,1,120,8200,0,125,-5,2,0,0,0,0,1000
632,1020,8,3000,500,1000,0,0,0,0,0,0,1,0,0,0,-128.20298767089844,1,120,8200,0,125,-5,2,0,0,0,0,1000
633,1020,9,3000,500,1000,0,0,0,0,0,0,1,0,0,0,-126.00149536132812,1,120,8200,0,125,-5,2,0,0,0,0,1000
634,1020,10,3000,500,1000,0,0,0,0,0,0,1,0,0,0,-123.90149688720703,1,120,8200,0,125,-5,3,0,0,0,0,1000
635,1020,11,3000,500,1000,0,0,0,0,0,0,1,0,0,0,-121.80149841308594,1,120,8200,0,125,-5,3,0,0,0,0,1000
636,1020,12,3000,500,1000,0,0,0,0,0,0,1,0,0,0,-119.70149993896484,1,120,8200,0,125,-5,3,0,0,0,0,1000
637,1020,13,3000,500,1000,0,0,0,0,0,0,1,0,0,0,-117.60149383544922,1,120,8200,0,125,-5,3,0,0,0,0,1000
638,1020,13,4030,500,918,0,0,0,0,0,0,1,0,0,0,-117.60149383544922,1,120,8200,0,125,-5,3,0,0,0,0,2018
639,1020,13,4030,500,918,0,0,0,0,0,0,1,0,0,0,-117.60149383544922,1,120,8200,0,125,-5,3,0,0,0,0,2018
640,1020,13,4030,500,918,0,0,0,0,0,0,1,0,0,0,-117.60149383544922,1,120,8200,0,125,-5,3,0,0,0,0,2018
641,1020,13,4030,500,918,0,0,0,0,0,0,1,0,0,0,-117.60149383544922,1,120,8200,0,125,-5,3,0,0,0,0,2018
642,1020,13,4030,500,918,0,0,0,0,0,0,1,0,0,0,-117.60149383544922,1,120,8200,0,125,-5,3,0,0,0,0,2018
643,1020,13,4030,500,918,0,0,0,0,0,0,1,0,0,0,-117.60149383544922,1,120,8200,0,125,-5,3,0,0,0,0,2018
644,1020,14,4030,500,918,0,0,0,0,0,0,1,0,0,0,-114.00149536132812,1,120,8200,0,125,-5,3,0,0,0,0,2018
645,1020,15,4030,500,918,0,0,0,0,0,0,1,0,0,0,-111.90149688720703,1,120,8200,0,125,-5,3,0,0,0,0,2018
646,1020,16,4030,500,918,0,0,0,0,0,0,1,0,0,0,-109.80149841308594,1,120,8200,0,125,-5,4,0,0,0,0,2018
647,1020,17,4030,500,918,0,0,0,0,0,0,1,0,0,0,-105.70149993896484,1,120,8200,0,125,-5,4,0,0,0,0,2018
648,1020,18,4030,500,918,0,0,0,0,0,0,1,0,0,0,-105.70149993896484,1,120,8200,0,125,-5,4,0,0,0,0,2018
649,1020,19,4030,500,918,0,0,0,0,0,0,1,0,0,0,-105.70149993896484,1,120,8200,0,125,-5,4,0,0,0,0,2018
650,1020,20,4030,500,918,0,0,0,0,0,0,1,0,0,0,-105.70149993896484,1,120,8200,0,125,-5,4,0,0,0,0,2018
651,1020,21,4030,500,918,0,0,0,0,0,0,1,0,0,0,-105.70149993896484,1,120,8200,0,125,-5,4,0,0,0,0,2018
652,1020,22,4030,500,918,0,0,0,0,0,0,1,0,0,0,-105.70149993896484,1,120,8200,0,125,-5,4,0,0,0,0,2018
653,1020,23,4030,500,918,0,0,0,0,0,0,1,0,0,0,-105.70149993896484,1,120,8200,0,125,-5,4,0,0,0,0,2018
654,1020,24,4030,500,918,0,0,0,0,0,0,1,0,0,0,-105.70149993896484,1,120,8200,0,125,-5,4,0,0,0,0,2018
655,1020,25,4030,500,918,0,0,0,0,0,0,1,0,0,0,-105.70149993896484,1,120,8200,0,125,-5,4,0,0,0,0,2018
656,1020,26,4030,500,918,0,0,0,0,0,0,1,0,0,0,-105.70149993896484,1,120,8200,0,125,-5,4,0,0,0,0,2018
657,1020,27,4030,500,918,0,0,0,0,0,0,1,0,0,0,-105.70149993896484,1,120,8200,0,125,-5,4,0,0,0,0,2018
658,1020,28,4030,500,918,0,0,0,0,0,0,1,0,0,0,-105.70149993896484,1,120,8200,0,125,-5,5,0,0,0,0,2018
659,1020,29,4030,500,918,0,0,0,0,0,0,1,0,0,0,-105.70149993896484,1,120,8200,0,125,-5,5,0,0,0,0,2018
660,1020,30,4030,500,918,0,0,0,0,0,0,1,0,0,0,-105.70149993896484,1,120,8200,0,125,-5,5,0,0,0,0,2018
661,1020,31,4030,500,918,0,0,0,0,0,0,1,0,0,0,-105.70149993896484,1,120,8200,0,125,-5,5,0,0,0,0,2018
662,1020,32,4030,500,918,0,0,0,0,0,0,1,0,0,0,-105.70149993896484,1,120,8200,0,125,-5,5,0,0,0,0,2018
663,1020,33,4030,500,918,0,0,0,0,0,0,1,0,0,0,-105.70149993896484,1,120,8200,0,125,-5,5,0,0,0,0,2018
664,1020,34,4030,500,918,0,0,0,0,0,0,1,0,0,0,-105.70149993896484,1,120,8200,0,125,-5,5,0,0,0,0,2018
665,1020,35,4030,500,918,0,0,0,0,0,0,1,0,0,0,-105.70149993896484,1,120,8200,0,125,-5,5,0,0,0,0,2018
666,1020,36,4030,500,918,0,0,0,0,0,0,1,0,0,0,-105.70149993896484,1,120,8200,0,125,-5,5,0,0,0,0,2018
667,1020,37,4030,500,918,0,0,0,0,0,0,1,0,0,0,-105.70149993896484,1,120,8200,0,125,-5,5,0,0,0,0,2018
668,1020,38,4030,500,918,0,0,0,0,0,0,1,0,0,0,-105.70149993896484,1,120,8200,0,125,-5,5,0,0,0,0,2018
669,1020,39,4030,500,918,0,0,0,0,0,0,1,0,0,0,-105.70149993896484,1,120,8200,0,125,-5,5,0,0,0,0,2018
670,1020,40,4030,500,918,0,0,0,0,0,0,1,0,0,0,-105.70149993896484,1,120,8200,0,125,-5,6,0,0,0,0,2018
671,0,1,4030,500,918,0,0,0,0,0,0,1,0,0,0,-105.70149993896484,1,120,8200,0,125,-5,6,0,0,0,0,2018
672,0,2,4030,500,918,0,0,0,0,0,0,1,0,0,0,-105.70149993896484,1,120,8200,0,125,-5,6,0,0,0,0,2018
673,0,3,4030,500,918,0,0,0,0,0,0,1,0,0,0,-105.70149993896484,1,120,8200,0,125,-5,6,0,0,0,0,2018
674,0,4,4030,500,918,0,0,0,0,0,0,1,0,0,0,-105.70149993896484,1,120,8200,0,125,-5,6,0,0,0,0,2018
675,0,5,4030,500,918,0,0,0,0,0,0,1,0,0,0,-105.70149993896484,1,120,8200,0,125,-5,6,0,0,0,0,2018
676,0,6,4030,500,918,0,0,0,0,0,0,1,0,0,0,-105.70149993896484,1,120,8200,0,125,-5,6,0,0,0,0,2018
677,0,7,4030,500,918,0,0,0,0,0,0,1,0,0,0,-105.70149993896484,1,120,8200,0,125,-5,6,0,0,0,0,2018
678,0,8,4030,500,918,0,0,0,0,0,0,1,0,0,0,-105.70149993896484,1,120,8200,0,125,-5,6,0,0,0,0,2018
679,0,9,4030,500,918,0,0,0,0,0,0,1,0,0,0,-105.70149993896484,1,120,8200,0,125,-5,6,0,0,0,0,2018
680,0,10,4030,500,918,0,0,0,0,0,0,1,0,0,0,-105.70149993896484,1,120,8200,0,125,-5,6,0,0,0,0,2018
681,0,11,4030,500,918,0,0,0,0,0,0,1,0,0,0,-105.70149993896484,1,120,8200,0,125,-5,6,0,0,0,0,2018
682,0,12,4030,500,918,0,0,0,0,0,0,1,0,0,0,-105.70149993896484,1,120,8200,0,125,-5,7,0,0,0,0,2018
683,0,13,4030,500,918,0,0,0,0,0,0,1,0,0,0,-105.70149993896484,1,120,8200,0,125,-5,7,0,0,0,0,2018
684,0,14,4030,500,918,0,0,0,0,0,0,1,0,0,0,-105.70149993896484,1,120,8200,0,125,-5,7,0,0,0,0,2018
685,0,15,4030,500,918,0,0,0,0,0,0,1,0,0,0,-105.70149993896484,1,120,8200,0,125,-5,7,0,0,0,0,2018
686,0,16,4030,500,918,0,0,0,0,0,0,1,0,0,0,-105.70149993896484,1,120,8200,0,125,-5,7,0,0,0,0,2018
687,0,17,4030,500,918,0,0,0,0,0,0,1,0,0,0,-105.70149993896484,1,120,8200,0,125,-5,7,0,0,0,0,2018
688,0,18,4030,500,918,0,0,0,0,0,0,1,0,0,0,-105.70149993896484,1,120,8200,0,125,-5,7,0,0,0,0,2018
689,0,19,4030,500,918,0,0,0,0,0,0,1,0,0,0,-105.70149993896484,1,120,8200,0,125,-5,7,0,0,0,0,2018
690,0,20,4030,500,918,0,0,0,0,0,0,1,0,0,0,-105.70149993896484,1,120,8200,0,125,-5,7,0,0,0,0,2018
691,0,21,4030,500,918,0,0,0,0,0,0,1,0,0,0,-105.70149993896484,1,120,8200,0,125,-5,7,0,0,0,0,2018
692,0,22,4030,500,918,0,0,0,0,0,0,1,0,0,0,-105.70149993896484,1,120,8200,0,125,-5,7,0,0,0,0,2018
693,0,23,4030,500,918,0,0,0,0,0,0,1,0,0,0,-105.70149993896484,1,120,8200,0,125,-5,7,0,0,0,0,2018
694,0,24,4030,500,918,0,0,0,0,0,0,1,0,0,0,-105.70149993896484,1,120,8200,0,125,-5,8,0,0,0,0,2018
695,0,25,4030,500,918,0,0,0,0,0,0,1,0,0,0,-105.70149993896484,1,120,8200,0,125,-5,8,0,0,0,0,2018
696,0,26,4030,500,918,0,0,0,0,0,0,1,0,0,0,-105.70149993896484,1,120,8200,0,125,-5,8,0,0,0,0,2018
697,0,27,4030,500,918,0,0,0,0,0,0,1,0,0,0,-105.70149993896484,1,120,8200,0,125,-5,8,0,0,0,0,2018
698,0,28,4030,500,918,0,0,0,0,0,0,1,0,0,0,-105.70149993896484,1,120,8200,0,125,-5,8,0,0,0,0,2018
699,0,29,4030,500,918,0,0,0,0,0,0,1,0,0,0,-105.70149993896484,1,120,8200,0,125,-5,8,0,0,0,0,2018
700,0,30,4030,500,918,0,0,0,0,0,0,1,0,0,0,-105.70149993896484,1,120,8200,0,125,-5,8,0,0,0,0,2018
701,0,31,4030,500,918,0,0,0,0,0,0,1,0,0,0,-105.70149993896484,1,120,8200,0,125,-5,8,0,0,0,0,2018
702,0,32,4030,500,918,0,0,0,0,0,0,1,0,0,0,-105.70149993896484,1,120,8200,0,125,-5,8,0,0,0,0,2018
703,0,33,4030,500,918,0,0,0,0,0,0,1,0,0,0,-105.70149993896484,1,120,8200,0,125,-5,8,0,0,0,0,2018
704,0,34,4030,500,918,0,0,0,0,0,0,1,0,0,0,-105.70149993896484,1,120,8200,0,125,-5,8,0,0,0,0,2018
705,0,35,4030,500,918,0,0,0,0,0,0,1,0,0,0,-105.70149993896484,1,120,8200,0,125,-5,8,0,0,0,0,2018
706,0,36,4030,500,918,0,0,0,0,0,0,1,0,0,0,-105.70149993896484,1,120,8200,0,125,-5,9,0,0,0,0,2018
707,0,37,4030,500,918,0,0,0,0,0,0,1,0,0,0,-105.70149993896484,1,120,8200,0,125,-5,9,0,0,0,0,2018
708,0,38,4030,500,918,0,0,0,0,0,0,1,0,0,0,-105.70149993896484,1,120,8200,0,125,-5,9,0,0,0,0,2018
709,0,39,4030,500,918,0,0,0,0,0,0,1,0,0,0,-105.70149993896484,1,120,8200,0,125,-5,9,0,0,0,0,2018
710,0,40,4030,500,918,0,0,0,0,0,0,1,0,0,0,-105.70149993896484,1,120,8200,0,125,-5,9,0,0,0,0,2018
711,0,41,4030,500,918,0,0,0,0,0,0,1,0,0,0,-105.70149993896484,1,120,8200,0,125,-5,9,0,0,0,0,2018
712,0,42,4030,500,918,0,0,0,0,0,0,1,0,0,0,-105.70149993896484,1,120,8200,0,125,-5,9,0,0,0,0,2018
713,0,43,4030,500,918,0,0,0,0,0,0,1,0,0,0,-105.70149993896484,1,120,8200,0,125,-5,9,0,0,0,0,2018
714,0,44,4030,500,918,0,0,0,0,0,0,1,0,0,0,-105.70149993896484,1,120,8200,0,125,-5,9,0,0,0,0,2018
715,0,45,4030,500,918,0,0,0,0,0,0,1,0,0,0,-105.70149993896484,1,120,8200,0,125,-5,9,0,0,0,0,2018
716,0,46,4030,500,918,0,0,0,0,0,0,1,0,0,0,-105.70149993896484,1,120,8200,0,125,-5,9,0,0,0,0,2018
717,0,47,4030,500,918,0,0,0,0,0,0,1,0,0,0,-105.70149993896484,1,120,8200,0,125,-5,9,0,0,0,0,2018
718,0,48,4030,500,918,0,0,0,0,0,0,1,0,0,0,-105.70149993896484,1,120,8200,0,125,-5,10,0,0,0,0,2018
719,0,49,4030,500,918,0,0,0,0,0,0,1,0,0,0,-105.70149993896484,1,120,8200,0,125,-5,10,0,0,0,0,2018
720,0,50,4030,500,918,0,0,0,0,0,0,1,0,0,0,-105.70149993896484,1,120,8200,0,125,-5,10,0,0,0,0,2018
721,0,51,4030,500,918,0,0,0,0,0,0,1,0,0,0,-105.70149993896484,1,120,8200,0,125,-5,10,0,0,0,0,2018
722,0,52,4030,500,918,0,0,0,0,0,0,1,0,0,0,-105.70149993896484,1,120,8200,0,125,-5,10,0,0,0,0,2018
723,0,53,4030,500,918,0,0,0,0,0,0,1,0,0,0,-105.70149993896484,1,120,8200,0,125,-5,10,0,0,0,0,2018
724,0,54,4030,500,918,0,0,0,0,0,0,1,0,0,0,-105.70149993896484,1,120,8200,0,125,-5,10,0,0,0,0,2018
725,0,55,4030,500,918,0,0,0,0,0,0,1,0,0,0,-105.70149993896484,1,120,8200,0,125,-5,10,0,0,0,0,2018
726,0,56,4030,500,918,0,0,0,0,0,0,1,0,0,0,-105.70149993896484,1,120,8200,0,125,-5,10,0,0,0,0,2018
727,0,57,4030,500,918,0,0,0,0,0,0,1,0,0,0,-105.70149993896484,1,120,8200,0,125,-5,10,0,0,0,0,2018
728,0,58,4030,500,918,0,0,0,0,0,0,1,0,0,0,-105.70149993896484,1,120,8200,0,125,-5,10,0,0,0,0,2018
729,0,59,4030,500,918,0,0,0,0,0,0,1,0,0,0,-105.70149993896484,1,120,8200,0,125,-5,10,0,0,0,0,2018
730,0,60,4030,500,918,0,0,0,0,0,0,1,0,0,0,-105.70149993896484,1,120,8200,0,125,-5,11,0,0,0,0,2018
731,0,61,4030,500,918,0,0,0,0,0,0,1,0,0,0,-105.70149993896484,1,120,8200,0,125,-5,11,0,0,0,0,2018
732,0,62,4030,500,918,0,0,0,0,0,0,1,0,0,0,-105.70149993896484,1,120,8200,0,125,-5,11,0,0,0,0,2018
733,0,63,4030,500,918,0,0,0,0,0,0,1,0,0,0,-105.70149993896484,1,120,8200,0,125,-5,11,0,0,0,0,2018
734,0,64,4030,500,918,0,0,0,0,0,0,1,0,0,0,-105.70149993896484,1,120,8200,0,125,-5,11,0,0,0,0,2018
735,0,65,4030,500,918,0,0,0,0,0,0,1,0,0,0,-105.70149993896484,1,120,8200,0,125,-5,11,0,0,0,0,2018
736,0,66,4030,500,918,0,0,0,0,0,0,1,0,0,0,-105.70149993896484,1,120,8200,0,125,-5,11,0,0,0,0,2018
737,0,67,4030,500,918,0,0,0,0,0,0,1,0,0,0,-105.70149993896484,1,120,8200,0,125,-5,11,0,0,0,0,2018
738,0,68,4030,500,918,0,0,0,0,0,0,1,0,0,0,-105.70149993896484,1,120,8200,0,125,-5,11,0,0,0,0,2018
739,0,69,4030,500,918,0,0,0,0,0,0,1,0,0,0,-105.70149993896484,1,120,8200,0,125,-5,11,0,0,0,0,2018
740,0,70,4030,500,918,0,0,0,0,0,0,1,0,0,0,-105.70149993896484,1,120,8200,0,125,-5,11,0,0,0,0,2018
741,0,71,4030,500,918,0,0,0,0,0,0,1,0,0,0,-105.70149993896484,1,120,8200,0,125,-5,11,0,0,0,0,2018
742,0,72,4030,500,918,0,0,0,0,0,0,1,0,0,0,-105.70149993896484,1,120,8200,0,125,-5,12,0,0,0,0,2018
743,0,73,4030,500,918,0,0,0,0,0,0,1,0,0,0,-105.70149993896484,1,120,8200,0,125,-5,12,0,0,0,0,2018
744,0,74,4030,500,918,0,0,0,0,0,0,1,0,0,0,-105.70149993896484,1,120,8200,0,125,-5,12,0,0,0,0,2018
745,0,75,4030,500,918,0,0,0,0,0,0,1,0,0,0,-105.70149993896484,1,120,8200,0,125,-5,12,0,0,0,0,2018
746,0,76,4030,500,918,0,0,0,0,0,0,1,0,0,0,-105.70149993896484,1,120,8200,0,125,-5,12,0,0,0,0,2018
747,0,77,4030,500,918,0,0,0,0,0,0,1,0,0,0,-105.70149993896484,1,120,8200,0,125,-5,12,0,0,0,0,2018
748,0,78,4030,500,918,0,0,0,0,0,0,1,0,0,0,-105.70149993896484,1,120,8200,0,125,-5,12,0,0,0,0,2018
749,0,79,4030,500,918,0,0,0,0,0,0,1,0,0,0,-105.70149993896484,1,120,8200,0,125,-5,12,0,0,0,0,2018
750,0,80,4030,500,918,0,0,0,0,0,0,1,0,0,0,-105.70149993896484,1,120,8200,0,125,-5,12,0,0,0,0,2018
751,0,81,4030,500,918,0,0,0,0,0,0,1,0,0,0,-105.70149993896484,1,120,8200,0,125,-5,12,0,0,0,0,2018
752,0,82,4030,500,918,0,0,0,0,0,0,1,0,0,0,-105.70149993896484,1,120,8200,0,125,-5,12,0,0,0,0,2018
753,0,83,4030,500,918,0,0,0,0,0,0,1,0,0,0,-105.70149993896484,1,120,8200,0,125,-5,12,0,0,0,0,2018
754,0,84,4030,500,918,0,0,0,0,0,0,1,0,0,0,-105.70149993896484,1,120,8200,0,125,-5,13,0,0,0,0,2018
755,0,85,4030,500,918,0,0,0,0,0,0,1,0,0,0,-105.70149993896484,1,120,8200,0,125,-5,13,0,0,0,0,2018
756,0,86,4030,500,918,0,0,0,0,0,0,1,0,0,0,-105.70149993896484,1,120,8200,0,125,-5,13,0,0,0,0,2018
757,0,87,4030,500,918,0,0,0,0,0,0,1,0,0,0,-105.70149993896484,1,120,8200,0,125,-5,13,0,0,0,0,2018
758,0,88,4030,500,918,0,0,0,0,0,0,1,0,0,0,-105.70149993896484,1,120,8200,0,125,-5,13,0,0,0,0,2018
759,0,89,4030,500,918,0,0,0,0,0,0,1,0,0,0,-105.70149993896484,1,120,8200,0,125,-5,13,0,0,0,0,2018
760,0,90,4030,500,918,0,0,0,0,0,0,1,0,0,0,-105.70149993896484,1,120,8200,0,125,-5,13,0,0,0,0,2018
761,0,91,4030,500,918,0,0,0,0,0,0,1,0,0,0,-105.70149993896484,1,120,8200,0,125,-5,13,0,0,0,0,2018
762,0,92,4030,500,918,0,0,0,0,0,0,1,0,0,0,-105.70149993896484,1,120,8200,0,125,-5,13,0,0,0,0,2018
763,0,93,4030,500,918,0,0,0,0,0,0,1,0,0,0,-105.70149993896484,1,120,8200,0,125,-5,13,0,0,0,0,2018
764,0,94,4030,500,918,0,0,0,0,0,0,1,0,0,0,-105.70149993896484,1,120,8200,0,125,-5,13,0,0,0,0,2018
765,0,95,4030,500,918,0,0,0,0,0,0,1,0,0,0,-105.70149993896484,1,120,8200,0,125,-5,13,0,0,0,0,2018
766,0,96,4030,500,918,0,0,0,0,0,0,1,0,0,0,-105.70149993896484,1,120,8200,0,125,-5,14,0,0,0,0,2018
767,0,97,4030,500,918,0,0,0,0,0,0,1,0,0,0,-105.70149993896484,1,120,8200,0,125,-5,14,0,0,0,0,2018
768,0,98,4030,500,918,0,0,0,0,0,0,1,0,0,0,-105.70149993896484,1,120,8200,0,125,-5,14,0,0,0,0,2018
769,0,99,4030,500,918,0,0,0,0,0,0,1,0,0,0,-105.70149993896484,1,120,8200,0,125,-5,14,0,0,0,0,2018
770,0,100,4030,500,918,0,0,0,0,0,0,1,0,0,0,-105.70149993896484,1,120,8200,0,125,-5,14,0,0,0,0,2018
771,0,101,4030,500,918,0,0,0,0,0,0,1,0,0,0,-105.70149993896484,1,120,8200,0,125,-5,14,0,0,0,0,2018
772,0,102,4030,500,918,0,0,0,0,0,0,1,0,0,0,-105.70149993896484,1,120,8200,0,125,-5,14,0,0,0,0,2018
773,0,103,4030,500,918,0,0,0,0,0,0,1,0,0,0,-105.70149993896484,1,120,8200,0,125,-5,14,0,0,0,0,2018
774,0,104,4030,500,918,0,0,0,0,0,0,1,0,0,0,-105.70149993896484,1,120,8200,0,125,-5,14,0,0,0,0,2018
775,0,105,4030,500,918,0,0,0,0,0,0,1,0,0,0,-105.70149993896484,1,120,8200,0,125,-5,14,0,0,0,0,2018
776,0,106,4030,500,918,0,0,0,0,0,0,1,0,0,0,-105.70149993896484,1,120,8200,0,125,-5,14,0,0,0,0,2018
777,0,107,4030,500,918,0,0,0,0,0,0,1,0,0,0,-105.70149993896484,1,120,8200,0,125,-5,14,0,0,0,0,2018
778,0,108,4030,500,918,0,0,0,0,0,0,1,0,0,0,-105.70149993896484,1,120,8200,0,125,-5,15,0,0,0,0,2018
779,0,109,4030,500,918,0,0,0,0,0,0,1,0,0,0,-105.70149993896484,1,120,8200,0,125,-5,15,0,0,0,0,2018
780,0,110,4030,500,918,0,0,0,0,0,0,1,0,0,0,-105.70149993896484,1,120,8200,0,125,-5,15,0,0,0,0,2018
781,0,111,4030,500,918,0,0,0,0,0,0,1,0,0,0,-105.70149993896484,1,120,8200,0,125,-5,15,0,0,0,0,2018
782,0,112,4030,500,918,0,0,0,0,0,0,1,0,0,0,-105.70149993896484,1,120,8200,0,125,-5,15,0,0,0,0,2018
783,0,113,4030,500,918,0,0,0,0,0,0,1,0,0,0,-105.70149993896484,1,120,8200,0,125,-5,15,0,0,0,0,2018
784,0,114,4030,500,918,0,0,0,0,0,0,1,0,0,0,-105.70149993896484,1,120,8200,0,125,-5,15,0,0,0,0,2018
785,0,115,4030,500,918,0,0,0,0,0,0,1,0,0,0,-105.70149993896484,1,120,8200,0,125,-5,15,0,0,0,0,2018
786,0,116,4030,500,918,0,0,0,0,0,0,1,0,0,0,-105.70149993896484,1,120,8200,0,125,-5,15,0,0,0,0,2018
787,0,117,4030,500,918,0,0,0,0,0,0,1,0,0,0,-105.70149993896484,1,120,8200,0,125,-5,15,0,0,0,0,2018
788,0,118,4030,500,918,0,0,0,0,0,0,1,0,0,0,-105.70149993896484,1,120,8200,0,125,-5,15,0,0,0,0,2018
789,0,119,4030,500,918,0,0,0,0,0,0,1,0,0,0,-105.70149993896484,1,120,8200,0,125,-5,15,0,0,0,0,2018
790,0,120,4030,500,918,0,0,0,0,0,0,1,0,0,0,-105.70149993896484,1,120,8200,0,125,-5,16,0,0,0,0,2018
791,0,121,4030,500,918,0,0,0,0,0,0,1,0,0,0,-105.70149993896484,1,120,8200,0,125,-5,16,0,0,0,0,2018
792,0,122,4030,500,918,0,0,0,0,0,0,1,0,0,0,-105.70149993896484,1,120,8200,0,125,-5,16,0,0,0,0,2018
793,0,123,4030,500,918,0,0,0,0,0,0,1,0,0,0,-105.70149993896484,1,120,8200,0,125,-5,16,0,0,0,0,2018
794,0,124,4030,500,918,0,0,0,0,0,0,1,0,0,0,-105.70149993896484,1,120,8200,0,125,-5,16,0,0,0,0,2018
795,0,125,4030,500,918,0,0,0,0,0,0,1,0,0,0,-105.70149993896484,1,120,8200,0,125,-5,16,0,0,0,0,2018
796,0,126,4030,500,918,0,0,0,0,0,0,1,0,0,0,-105.70149993896484,1,120,8200,0,125,-5,16,0,0,0,0,2018
797,0,127,4030,500,918,0,0,0,0,0,0,1,0,0,0,-105.70149993896484,1,120,8200,0,125,-5,16,0,0,0,0,2018
798,0,128,4030,500,918,0,0,0,0,0,0,1,0,0,0,-105.70149993896484,1,120,8200,0,125,-5,16,0,0,0,0,2018
799,0,129,4030,500,918,0,0,0,0,0,0,1,0,0,0,-105.70149993896484,1,120,8200,0,125,-5,16,0,0,0,0,2018
800,0,130,4030,500,918,0,0,0,0,0,0,1,0,0,0,-105.70149993896484,1,120,8200,0,125,-5,16,0,0,0,0,2018
801,0,131,4030,500,918,0,0,0,0,0,0,1,0,0,0,-105.70149993896484,1,120,8200,0,125,-5,16,0,0,0,0,2018
802,0,132,4030,500,918,0,0,0,0,0,0,1,0,0,0,-105.70149993896484,1,120,8200,0,125,-5,17,0,0,0,0,2018
803,0,133,4030,500,918,0,0,0,0,0,0,1,0,0,0,-105.70149993896484,1,120,8200,0,125,-5,17,0,0,0,0,2018
804,0,134,4030,500,918,0,0,0,0,0,0,1,0,0,0,-105.70149993896484,1,120,8200,0,125,-5,17,0,0,0,0,2018
805,0,135,4030,500,918,0,0,0,0,0,0,1,0,0,0,-105.70149993896484,1,120,8200,0,125,-5,17,0,0,0,0,2018
806,0,136,4030,500,918,0,0,0,0,0,0,1,0,0,0,-105.70149993896484,1,120,8200,0,125,-5,17,0,0,0,0,2018
807,0,137,4030,500,918,0,0,0,0,0,0,1,0,0,0,-105.70149993896484,1,120,8200,0,125,-5,17,0,0,0,0,2018
808,0,138,4030,500,918,0,0,0,0,0,0,1,0,0,0,-105.70149993896484,1,120,8200,0,125,-5,17,0,0,0,0,2018
809,0,139,4030,500,918,0,0,0,0,0,0,1,0,0,0,-105.70149993896484,1,120,8200,0,125,-5,17,0,0,0,0,2018
810,0,140,4030,500,918,0,0,0,0,0,0,1,0,0,0,-105.70149993896484,1,120,8200,0,125,-5,17,0,0,0,0,2018
811,0,141,4030,500,918,0,0,0,0,0,0,1,0,0,0,-105.70149993896484,1,120,8200,0,125,-5,17,0,0,0,0,2018
812,0,142,4030,500,918,0,0,0,0,0,0,1,0,0,0,-105.70149993896484,1,120,8200,0,125,-5,17,0,0,0,0,2018
813,0,143,4030,500,918,0,0,0,0,0,0,1,0,0,0,-105.70149993896484,1,120,8200,0,125,-5,17,0,0,0,0,2018
814,0,144,4030,500,918,0,0,0,0,0,0,1,0,0,0,-105.70149993896484,1,120,8200,0,125,-5,18,0,0,0,0,2018
815,0,145,4030,500,918,0,0,0,0,0,0,1,0,0,0,-105.70149993896484,1,120,8200,0,125,-5,18,0,0,0,0,2018
816,0,146,4030,500,918,0,0,0,0,0,0,1,0,0,0,-105.70149993896484,1,120,8200,0,125,-5,18,0,0,0,0,2018
817,0,147,4030,500,918,0,0,0,0,0,0,1,0,0,0,-105.70149993896484,1,120,8200,0,125,-5,18,0,0,0,0,2018
818,0,148,4030,500,918,0,0,0,0,0,0,1,0,0,0,-105.70149993896484,1,120,8200,0,125,-5,18,0,0,0,0,2018
819,0,149,4030,500,918,0,0,0,0,0,0,1,0,0,0,-105.70149993896484,1,120,8200,0,125,-5,18,0,0,0,0,2018
820,0,150,4030,500,918,0,0,0,0,0,0,1,0,0,0,-105.70149993896484,1,120,8200,0,125,-5,18,0,0,0,0,2018
821,0,151,4030,500,918,0,0,0,0,0,0,1,0,0,0,-105.70149993896484,1,120,8200,0,125,-5,18,0,0,0,0,2018
822,0,152,4030,500,918,0,0,0,0,0,0,1,0,0,0,-105.70149993896484,1,120,8200,0,125,-5,18,0,0,0,0,2018
823,0,153,4030,500,918,0,0,0,0,0,0,1,0,0,0,-105.70149993896484,1,120,8200,0,125,-5,18,0,0,0,0,2018
824,0,154,4030,500,918,0,0,0,0,0,0,1,0,0,0,-105.70149993896484,1,120,8200,0,125,-5,18,0,0,0,0,2018
825,0,155,4030,500,918,0,0,0,0,0,0,1,0,0,0,-105.70149993896484,1,120,8200,0,125,-5,18,0,0,0,0,2018
826,0,156,4030,500,918,0,0,0,0,0,0,1,0,0,0,-105.70149993896484,1,120,8200,0,125,-5,19,0,0,0,0,2018
827,0,157,4030,500,918,0,0,0,0,0,0,1,0,0,0,-105.70149993896484,1,120,8200,0,125,-5,19,0,0,0,0,2018
828,0,158,4030,500,918,0,0,0,0,0,0,1,0,0,0,-105.70149993896484,1,120,8200,0,125,-5,19,0,0,0,0,2018
829,0,159,4030,500,918,0,0,0,0,0,0,1,0,0,0,-105.70149993896484,1,120,8200,0,125,-5,19,0,0,0,0,2018
830,0,160,4030,500,918,0,0,0,0,0,0,1,0,0,0,-105.70149993896484,1,120,8200,0,125,-5,19,0,0,0,0,2018
831,0,161,4030,500,918,0,0,0,0,0,0,1,0,0,0,-105.70149993896484,1,120,8200,0,125,-5,19,0,0,0,0,2018
832,0,162,4030,500,918,0,0,0,0,0,0,1,0,0,0,-105.70149993896484,1,120,8200,0,125,-5,19,0,0,0,0,2018
833,0,163,4030,500,918,0,0,0,0,0,0,1,0,0,0,-105.70149993896484,1,120,8200,0,125,-5,19,0,0,0,0,2018
834,0,164,4030,500,918,0,0,0,0,0,0,1,0,0,0,-105.70149993896484,1,120,8200,0,125,-5,19,0,0,0,0,2018
835,0,165,4030,500,918,0,0,0,0,0,0,1,0,0,0,-105.70149993896484,1,120,8200,0,125,-5,19,0,0,0,0,2018
836,0,166,4030,500,918,0,0,0,0,0,0,1,0,0,0,-105.70149993896484,1,120,8200,0,125,-5,19,0,0,0,0,2018
837,0,167,4030,500,918,0,0,0,0,0,0,1,0,0,0,-105.70149993896484,1,120,8200,0,125,-5,19,0,0,0,0,2018
838,0,168,4030,500,918,0,0,0,0,0,0,1,0,0,0,-105.70149993896484,1,120,8200,0,125,-5,19,0,0,0,0,2018
839,0,169,4030,500,918,0,0,0,0,0,0,1,0,0,0,-105.70149993896484,1,120,8200,0,125,-5,19,0,0,0,0,2018
840,0,170,4030,500,918,0,0,0,0,0,0,1,0,0,0,-105.70149993896484,1,120,8200,0,125,-5,19,0,0,0,0,2018
841,0,171,4030,500,918,0,0,0,0,0,0,1,0,0,0,-105.70149993896484,1,120,8200,0,125,-5,19,0,0,0,0,2018
842,0,172,4030,500,918,0,0,0,0,0,0,1,0,0,0,-105.70149993896484,1,120,8200,0,125,-5,19,0,0,0,0,2018
843,0,173,4030,500,918,0,0,0,0,0,0,1,0,0,0,-105.70149993896484,1,120,8200,0,125,-5,19,0,0,0,0,2018
844,0,174,4030,500,918,0,0,0,0,0,0,1,0,0,0,-105.70149993896484,1,120,8200,0,125,-5,20,0,0,0,0,2018
845,0,175,4030,500,918,0,0,0,0,0,0,1,0,0,0,-105.70149993896484,1,120,8200,0,125,-5,20,0,0,0,0,2018
846,0,176,4030,500,918,0,0,0,0,0,0,1,0,0,0,-105.70149993896484,1,120,8200,0,125,-5,20,0,0,0,0,2018
847,0,177,4030,500,918,0,0,0,0,0,0,1,0,0,0,-105.70149993896484,1,120,8200,0,125,-5,20,0,0,0,0,2018
848,0,178,4030,500,918,0,0,0,0,0,0,1,0,0,0,-105.70149993896484,1,120,8200,0,125,-5,20,0,0,0,0,2018
849,0,179,4030,500,918,0,0,0,0,0,0,1,0,0,0,-105.70149993896484,1,120,8200,0,125,-5,20,0,0,0,0,2018
850,0,180,4030,500,918,0,0,0,0,0,0,1,0,0,0,-105.70149993896484,1,120,8200,0,125,-5,20,0,0,0,0,2018
851,0,181,4030,500,918,0,0,0,0,0,0,1,0,0,0,-105.70149993896484,1,120,8200,0,125,-5,20,0,0,0,0,2018
852,0,182,4030,500,918,0,0,0,0,0,0,1,0,0,0,-105.70149993896484,1,120,8200,0,125,-5,20,0,0,0,0,2018
853,0,183,4030,500,918,0,0,0,0,0,0,1,0,0,0,-105.70149993896484,1,120,8200,0,125,-5,20,0,0,0,0,2018
854,0,184,4030,500,918,0,0,0,0,0,0,1,0,0,0,-105.70149993896484,1,120,8200,0,125,-5,20,0,0,0,0,2018
855,0,185,4030,500,918,0,0,0,0,0,0,1,0,0,0,-105.70149993896484,1,120,8200,0,125,-5,20,0,0,0,0,2018
856,0,186,4030,500,918,0,0,0,0,0,0,1,0,0,0,-105.70149993896484,1,120,8200,0,125,-5,20,0,0,0,0,2018
857,0,187,4030,500,918,0,0,0,0,0,0,1,0,0,0,-105.70149993896484,1,120,8200,0,125,-5,20,0,0,0,0,2018
858,0,188,4030,500,918,0,0,0,0,0,0,1,0,0,0,-105.70149993896484,1,120,8200,0,125,-5,20,0,0,0,0,2018
859,0,189,4030,500,918,0,0,0,0,0,0,1,0,0,0,-105.70149993896484,1,120,8200,0,125,-5,20,0,0,0,0,2018
860,0,190,4030,500,918,0,0,0,0,0,0,1,0,0,0,-105.70149993896484,1,120,8200,0,125,-5,20,0,0,0,0,2018
861,0,191,4030,500,918,0,0,0,0,0,0,1,0,0,0,-105.70149993896484,1,120,8200,0,125,-5,20,0,0,0,0,2018
862,0,192,4030,500,918,0,0,0,0,0,0,1,0,0,0,-105.70149993896484,1,120,8200,0,125,-5,21,0,0,0,0,2018
863,0,193,4030,500,918,0,0,0,0,0,0,1,0,0,0,-105.70149993896484,1,120,8200,0,125,-5,21,0,0,0,0,2018
864,0,194,4030,500,918,0,0,0,0,0,0,1,0,0,0,-105.70149993896484,1,120,8200,0,125,-5,21,0,0,0,0,2018
865,0,195,4030,500,918,0,0,0,0,0,0,1,0,0,0,-105.70149993896484,1,120,8200,0,125,-5,21,0,0,0,0,2018
866,0,196,4030,500,918,0,0,0,0,0,0,1,0,0,0,-105.70149993896484,1,120,8200,0,125,-5,21,0,0,0,0,2018
867,0,197,4030,500,918,0,0,0,0,0,0,1,0,0,0,-105.70149993896484,1,120,8200,0,125,-5,21,0,0,0,0,2018
868,0,198,4030,500,918,0,0,0,0,0,0,1,0,0,0,-105.70149993896484,1,120,8200,0,125,-5,21,0,0,0,0,2018
869,0,199,4030,500,918,0,0,0,0,0,0,1,0,0,0,-105.70149993896484,1,120,8200,0,125,-5,21,0,0,0,0,2018
870,0,200,4030,500,918,0,0,0,0,0,0,1,0,0,0,-105.70149993896484,1,120,8200,0,125,-5,21,0,0,0,0,2018
871,0,201,4030,500,918,0,0,0,0,0,0,1,0,0,0,-105.70149993896484,1,120,8200,0,125,-5,21,0,0,0,0,2018
872,0,202,4030,500,918,0,0,0,0,0,0,1,0,0,0,-105.70149993896484,1,120,8200,0,125,-5,21,0,0,0,0,2018
873,0,203,4030,500,918,0,0,0,0,0,0,1,0,0,0,-105.70149993896484,1,120,8200,0,125,-5,21,0,0,0,0,2018
874,0,204,4030,500,918,0,0,0,0,0,0,1,0,0,0,-105.70149993896484,1,120,8200,0,125,-5,21,0,0,0,0,2018
875,0,205,4030,500,918,0,0,0,0,0,0,1,0,0,0,-105.70149993896484,1,120,8200,0,125,-5,21,0,0,0,0,2018
876,0,206,4030,500,918,0,0,0,0,0,0,1,0,0,0,-105.70149993896484,1,120,8200,0,125,-5,21,0,0,0,0,2018
877,0,207,4030,500,918,0,0,0,0,0,0,1,0,0,0,-105.70149993896484,1,120,8200,0,125,-5,21,0,0,0,0,2018
878,0,208,4030,500,918,0,0,0,0,0,0,1,0,0,0,-105.70149993896484,1,120,8200,0,125,-5,21,0,0,0,0,2018
879,0,209,4030,500,918,0,0,0,0,0,0,1,0,0,0,-105.70149993896484,1,120,8200,0,125,-5,21,0,0,0,0,2018
880,0,210,4030,500,918,0,0,0,0,0,0,1,0,0,0,-105.70149993896484,1,120,8200,0,125,-5,21,0,0,0,0,2018
881,0,211,4030,500,918,0,0,0,0,0,0,1,0,0,0,-105.70149993896484,1,120,8200,0,125,-5,21,0,0,0,0,2018
882,0,212,4030,500,918,0,0,0,0,0,0,1,0,0,0,-105.70149993896484,1,120,8200,0,125,-5,21,0,0,0,0,2018
883,0,213,4030,500,918,0,0,0,0,0,0,1,0,0,0,-105.70149993896484,1,120,8200,0,125,-5,21,0,0,0,0,2018
884,0,214,4030,500,918,0,0,0,0,0,0,1,0,0,0,-105.70149993896484,1,120,8200,0,125,-5,21,0,0,0,0,2018
885,0,215,4030,500,918,0,0,0,0,0,0,1,0,0,0,-105.70149993896484,1,120,8200,0,125,-5,21,0,0,0,0,2018
886,0,216,4030,500,918,0,0,0,0,0,0,1,0,0,0,-105.70149993896484,1,120,8200,0,125,-5,21,0,0,0,0,2018
887,0,217,4030,500,918,0,0,0,0,0,0,1,0,0,0,-105.70149993896484,1,120,8200,0,125,-5,21,0,0,0,0,2018
888,0,218,4030,500,918,0,0,0,0,0,0,1,0,0,0,-105.70149993896484,1,120,8200,0,125,-5,21,0,0,0,0,2018
889,0,219,4030,500,918,0,0,0,0,0,0,1,0,0,0,-105.70149993896484,1,120,8200,0,125,-5,21,0,0,0,0,2018
890,0,220,4030,500,918,0,0,0,0,0,0,1,0,0,0,-105.70149993896484,1,120,8200,0,125,-5,21,0,0,0,0,2018
891,0,221,4030,500,918,0,0,0,0,0,0,1,0,0,0,-105.70149993896484,1,120,8200,0,125,-5,21,0,0,0,0,2018
892,0,222,4030,500,918,0,0,0,0,0,0,1,0,0,0,-105.70149993896484,1,120,8200,0,125,-5,21,0,0,0,0,2018
893,0,223,4030,500,918,0,0,0,0,0,0,1,0,0,0,-105.70149993896484,1,120,8200,0,125,-5,21,0,0,0,0,2018
894,0,224,4030,500,918,0,0,0,0,0,0,1,0,0,0,-105.70149993896484,1,120,8200,0,125,-5,21,0,0,0,0,2018
895,0,225,4030,500,918,0,0,0,0,0,0,1,0,0,0,-105.70149993896484,1,120,8200,0,125,-5,21,0,0,0,0,2018
896,0,226,4030,500,918,0,0,0,0,0,0,1,0,0,0,-105.70149993896484,1,120,8200,0,125,-5,21,0,0,0,0,2018
897,0,227,4030,500,918,0,0,0,0,0,0,1,0,0,0,-105.70149993896484,1,120,8200,0,125,-5,21,0,0,0,0,2018
898,0,228,4030,500,918,0,0,0,0,0,0,1,0,0,0,-105.70149993896484,1,120,8200,0,125,-5,22,0,0,0,0,2018
899,0,229,4030,500,918,0,0,0,0,0,0,1,0,0,0,-105.70149993896484,1,120,8200,0,125,-5,22,0,0,0,0,2018
900,0,230,4030,500,918,0,0,0,0,0,0,1,0,0,0,-105.70149993896484,1,120,8200,0,125,-5,22,0,0,0,0,2018
901,0,231,4030,500,918,0,0,0,0,0,0,1,0,0,0,-105.70149993896484,1,120,8200,0,125,-5,22,0,0,0,0,2018
902,0,232,4030,500,918,0,0,0,0,0,0,1,0,0,0,-105.70149993896484,1,120,8200,0,125,-5,22,0,0,0,0,2018
903,0,233,4030,500,918,0,0,0,0,0,0,1,0,0,0,-105.70149993896484,1,120,8200,0,125,-5,22,0,0,0,0,2018
904,0,234,4030,500,918,0,0,0,0,0,0,1,0,0,0,-105.70149993896484,1,120,8200,0,125,-5,22,0,0,0,0,2018
905,0,235,4030,500,918,0,0,0,0,0,0,1,0,0,0,-105.70149993896484,1,120,8200,0,125,-5,22,0,0,0,0,2018
906,0,236,4030,500,918,0,0,0,0,0,0,1,0,0,0,-105.70149993896484,1,120,8200,0,125,-5,22,0,0,0,0,2018
907,0,237,4030,500,918,0,0,0,0,0,0,1,0,0,0,-105.70149993896484,1,120,8200,0,125,-5,22,0,0,0,0,2018
908,0,238,4030,500,918,0,0,0,0,0,0,1,0,0,0,-105.70149993896484,1,120,8200,0,125,-5,22,0,0,0,0,2018
909,0,239,4030,500,918,0,0,0,0,0,0,1,0,0,0,-105.70149993896484,1,120,8200,0,125,-5,22,0,0,0,0,2018
910,0,1,3000,500,1000,0,0,0,0,0,0,1,0,0,0,-145,1,120,8200,0,125,-5,22,0,0,0,0,1000
911,0,2,3000,500,1000,0,0,0,0,0,0,1,0,0,0,-145,1,120,8200,0,125,-5,22,0,0,0,0,1000
912,0,3,3000,500,1000,0,0,0,0,0,0,1,0,0,0,-145,1,120,8200,0,125,-5,22,0,0,0,0,1000
913,0,4,3000,500,1000,0,0,0,0,0,0,1,0,0,0,-145,1,120,8200,0,125,-5,22,0,0,0,0,1000
914,0,5,3000,500,1000,0,0,0,0,0,0,1,0,0,0,-145,1,120,8200,0,125,-5,22,0,0,0,0,1000
915,0,6,3000,500,1000,0,0,0,0,0,0,1,0,0,0,-145,1,120,8200,0,125,-5,22,0,0,0,0,1000
916,0,7,3000,500,1000,0,0,0,0,0,0,1,0,0,0,-145,1,120,8200,0,125,-5,22,0,0,0,0,1000
917,0,8,3000,500,1000,0,0,0,0,0,0,1,0,0,0,-145,1,120,8200,0,125,-5,22,0,0,0,0,1000
918,0,9,3000,500,1000,0,0,0,0,0,0,1,0,0,0,-145,1,120,8200,0,125,-5,22,0,0,0,0,1000
919,20,1,3000,500,1000,0,0,0,0,0,0,1,0,0,0,-143.75,1,120,8200,0,125,-5,22,0,0,0,0,1000
920,20,2,3000,500,1000,0,0,0,0,0,0,1,0,0,0,-143.75,1,120,8200,0,123.75,-3.75,22,0,0,0,0,1000
921,20,3,3000,500,1000,0,0,0,0,0,0,1,0,0,0,-143.75,1,120,8200,0,122.5,-2.5,22,0,0,0,0,1000
922,10,1,3000,500,1000,0,0,0,0,0,0,1,0,0,0,-143.75,1,120,8200,0,121.25,-1.25,22,0,0,0,0,1000
923,10,2,3000,500,1000,0,0,0,0,0,0,1,0,0,0,-143.75,1,120,8200,0,121.25,-1.25,22,0,0,0,0,1000
924,10,3,3000,500,1000,0,0,0,0,0,0,1,0,0,0,-143.75,1,120,8200,0,121.25,-1.25,22,0,0,0,0,1000
925,10,4,3000,500,1000,0,0,0,0,0,0,1,0,0,0,-143.75,1,120,8200,0,121.25,-1.25,22,0,0,0,0,1000
926,10,5,3000,500,1000,0,0,0,0,0,0,1,0,0,0,-143.75,1,120,8200,0,121.25,-1.25,22,0,0,0,0,1000
927,10,6,3000,500,1000,0,0,0,0,0,0,1,0,0,0,-143.75,1,120,8200,0,121.25,-1.25,22,0,0,0,0,1000
928,10,7,3000,500,1000,0,0,0,0,0,0,1,0,0,0,-143.75,1,120,8200,0,121.25,-1.25,22,0,0,0,0,1000
929,10,8,3000,500,1000,0,0,0,0,0,0,1,0,0,0,-143.75,1,120,8200,0,121.25,-1.25,22,0,0,0,0,1000
930,10,9,3000,500,1000,0,0,0,0,0,0,1,0,0,0,-143.75,1,120,8200,0,121.25,-1.25,22,0,0,0,0,1000
931,1030,1,3000,500,1000,0,0,0,0,0,0,1,0,0,0,-143.75,1,120,8200,0,121.25,-1.25,22,0,0,0,0,1000
932,1030,2,3000,500,1000,0,0,0,0,0,0,1,0,0,0,-143.75,1,120,8200,0,121.25,-1.25,22,0,0,0,0,1000
933,1030,3,3000,500,1000,0,0,0,0,0,0,1,0,0,0,-141.75,1,120,8200,0,121.25,-1.25,22,0,0,0,0,1000
934,1030,4,3000,500,1000,0,0,0,0,0,0,1,0,0,0,-139.75,1,120,8200,0,121.25,-1.25,23,0,0,0,0,1000
935,1030,5,3000,500,1000,0,0,0,0,0,0,1,0,0,0,-137.75,1,120,8200,0,121.25,-1.25,23,0,0,0,0,1000
936,1030,6,3000,500,1000,0,0,0,0,0,0,1,0,0,0,-135.75,1,120,8200,0,121.25,-1.25,23,0,0,0,0,1000
937,1030,7,3000,500,1000,0,0,0,0,0,0,1,0,0,0,-133.75,1,120,8200,0,121.25,-1.25,23,0,0,0,0,1000
938,1030,8,3000,500,1000,0,0,0,0,0,0,1,0,0,0,-131.75,1,120,8200,0,121.25,-1.25,23,0,0,0,0,1000
939,1030,9,3000,500,1000,0,0,0,0,0,0,1,0,0,0,-131.75,1,120,8200,0,121.25,-1.25,23,0,0,0,0,1000
940,1030,10,4030,500,920,0,0,0,0,0,0,1,0,0,0,-131.75,1,120,8200,0,121.25,-1.25,23,0,0,0,0,2048
941,1030,11,4030,500,920,0,0,0,0,0,0,1,0,0,0,-131.75,1,120,8200,0,121.25,-1.25,23,0,0,0,0,2048
942,1030,12,4030,500,920,0,0,0,0,0,0,1,0,0,0,-131.75,1,120,8200,0,121.25,-1.25,23,0,0,0,0,2048
943,1030,13,4030,500,920,0,0,0,0,0,0,1,0,0,0,-131.75,1,120,8200,0,121.25,-1.25,23,0,0,0,0,2048
944,1030,14,4030,500,920,0,0,0,0,0,0,1,0,0,0,-131.75,1,120,8200,0,121.25,-1.25,23,0,0,0,0,2048
945,1030,15,4030,500,920,0,0,0,0,0,0,1,0,0,0,-131.75,1,120,8200,0,121.25,-1.25,23,0,0,0,0,2048
946,1030,16,4030,500,920,0,0,0,0,0,0,1,0,0,0,-131.75,1,120,8200,0,121.25,-1.25,23,0,0,0,0,2048
947,1030,17,4030,500,920,0,0,0,0,0,0,1,0,0,0,-131.75,1,120,8200,0,121.25,-1.25,23,0,0,0,0,2048
948,1030,18,4030,500,920,0,0,0,0,0,0,1,0,0,0,-131.75,1,120,8200,0,121.25,-1.25,23,0,0,0,0,2048
949,1030,19,4030,500,920,0,0,0,0,0,0,1,0,0,0,-131.75,1,120,8200,0,121.25,-1.25,23,0,0,0,0,2048
950,1030,20,4030,500,920,0,0,0,0,0,0,1,0,0,0,-131.75,1,120,8200,0,121.25,-1.25,23,0,0,0,0,2048
951,1030,21,4030,500,920,0,0,0,0,0,0,1,0,0,0,-131.75,1,120,8200,0,121.25,-1.25,23,0,0,0,0,2048
952,1030,22,4030,500,920,0,0,0,0,0,0,1,0,0,0,-131.75,1,120,8200,0,121.25,-1.25,23,0,0,0,0,2048
953,1030,23,4030,500,920,0,0,0,0,0,0,1,0,0,0,-131.75,1,120,8200,0,121.25,-1.25,23,0,0,0,0,2048
954,1030,24,4030,500,920,0,0,0,0,0,0,1,0,0,0,-131.75,1,120,8200,0,121.25,-1.25,23,0,0,0,0,2048
955,1030,25,4030,500,920,0,0,0,0,0,0,1,0,0,0,-131.75,1,120,8200,0,121.25,-1.25,23,0,0,0,0,2048
956,1030,26,4030,500,920,0,0,0,0,0,0,1,0,0,0,-131.75,1,120,8200,0,121.25,-1.25,23,0,0,0,0,2048
957,1030,27,4030,500,920,0,0,0,0,0,0,1,0,0,0,-131.75,1,120,8200,0,121.25,-1.25,23,0,0,0,0,2048
958,1030,28,4030,500,920,0,0,0,0,0,0,1,0,0,0,-131.75,1,120,8200,0,121.25,-1.25,23,0,0,0,0,2048
959,1030,29,4030,500,920,0,0,0,0,0,0,1,0,0,0,-131.75,1,120,8200,0,121.25,-1.25,23,0,0,0,0,2048
960,1030,30,4030,500,920,0,0,0,0,0,0,1,0,0,0,-131.75,1,120,8200,0,121.25,-1.25,23,0,0,0,0,2048
961,1030,31,4030,500,920,0,0,0,0,0,0,1,0,0,0,-131.75,1,120,8200,0,121.25,-1.25,23,0,0,0,0,2048
962,1030,32,4030,500,920,0,0,0,0,0,0,1,0,0,0,-131.75,1,120,8200,0,121.25,-1.25,23,0,0,0,0,2048
963,1030,33,4030,500,920,0,0,0,0,0,0,1,0,0,0,-131.75,1,120,8200,0,121.25,-1.25,23,0,0,0,0,2048
964,1030,34,4030,500,920,0,0,0,0,0,0,1,0,0,0,-131.75,1,120,8200,0,121.25,-1.25,23,0,0,0,0,2048
965,0,1,4030,500,920,0,0,0,0,0,0,1,0,0,0,-131.75,1,120,8200,0,121.25,-1.25,23,0,0,0,0,2048
966,0,2,4030,500,920,0,0,0,0,0,0,1,0,0,0,-131.75,1,120,8200,0,121.25,-1.25,23,0,0,0,0,2048
967,0,3,4030,500,920,0,0,0,0,0,0,1,0,0,0,-131.75,1,120,8200,0,121.25,-1.25,23,0,0,0,0,2048
968,0,4,4030,500,920,0,0,0,0,0,0,1,0,0,0,-131.75,1,120,8200,0,121.25,-1.25,23,0,0,0,0,2048
969,0,5,4030,500,920,0,0,0,0,0,0,1,0,0,0,-131.75,1,120,8200,0,121.25,-1.25,23,0,0,0,0,2048
970,0,6,4030,500,920,0,0,0,0,0,0,1,0,0,0,-131.75,1,120,8200,0,121.25,-1.25,24,0,0,0,0,2048
971,0,7,4030,500,920,0,0,0,0,0,0,1,0,0,0,-131.75,1,120,8200,0,121.25,-1.25,24,0,0,0,0,2048
972,0,8,4030,500,920,0,0,0,0,0,0,1,0,0,0,-131.75,1,120,8200,0,121.25,-1.25,24,0,0,0,0,2048
973,0,9,4030,500,920,0,0,0,0,0,0,1,0,0,0,-131.75,1,120,8200,0,121.25,-1.25,24,0,0,0,0,2048
974,0,10,4030,500,920,0,0,0,0,0,0,1,0,0,0,-131.75,1,120,8200,0,121.25,-1.25,24,0,0,0,0,2048
975,0,11,4030,500,920,0,0,0,0,0,0,1,0,0,0,-131.75,1,120,8200,0,121.25,-1.25,24,0,0,0,0,2048
976,0,12,4030,500,920,0,0,0,0,0,0,1,0,0,0,-131.75,1,120,8200,0,121.25,-1.25,24,0,0,0,0,2048
977,0,13,4030,500,920,0,0,0,0,0,0,1,0,0,0,-131.75,1,120,8200,0,121.25,-1.25,24,0,0,0,0,2048
978,0,14,4030,500,920,0,0,0,0,0,0,1,0,0,0,-131.75,1,120,8200,0,121.25,-1.25,24,0,0,0,0,2048
979,0,15,4030,500,920,0,0,0,0,0,0,1,0,0,0,-131.75,1,120,8200,0,121.25,-1.25,24,0,0,0,0,2048
980,0,16,4030,500,920,0,0,0,0,0,0,1,0,0,0,-131.75,1,120,8200,0,121.25,-1.25,24,0,0,0,0,2048
981,0,17,4030,500,920,0,0,0,0,0,0,1,0,0,0,-131.75,1,120,8200,0,121.25,-1.25,24,0,0,0,0,2048
982,0,18,4030,500,920,0,0,0,0,0,0,1,0,0,0,-131.75,1,120,8200,0,121.25,-1.25,24,0,0,0,0,2048
983,0,19,4030,500,920,0,0,0,0,0,0,1,0,0,0,-131.75,1,120,8200,0,121.25,-1.25,24,0,0,0,0,2048
984,0,20,4030,500,920,0,0,0,0,0,0,1,0,0,0,-131.75,1,120,8200,0,121.25,-1.25,24,0,0,0,0,2048
985,0,21,4030,500,920,0,0,0,0,0,0,1,0,0,0,-131.75,1,120,8200,0,121.25,-1.25,24,0,0,0,0,2048
986,0,22,4030,500,920,0,0,0,0,0,0,1,0,0,0,-131.75,1,120,8200,0,121.25,-1.25,24,0,0,0,0,2048
987,0,23,4030,500,920,0,0,0,0,0,0,1,0,0,0,-131.75,1,120,8200,0,121.25,-1.25,24,0,0,0,0,2048
988,0,24,4030,500,920,0,0,0,0,0,0,1,0,0,0,-131.75,1,120,8200,0,121.25,-1.25,1,0,0,0,0,2048
989,0,25,4030,500,920,0,0,0,0,0,0,1,0,0,0,-131.75,1,120,8200,0,121.25,-1.25,1,0,0,0,0,2048
990,0,26,4030,500,920,0,0,0,0,0,0,1,0,0,0,-131.75,1,120,8200,0,121.25,-1.25,1,0,0,0,0,2048
991,0,27,4030,500,920,0,0,0,0,0,0,1,0,0,0,-131.75,1,120,8200,0,121.25,-1.25,1,0,0,0,0,2048
992,0,28,4030,500,920,0,0,0,0,0,0,1,0,0,0,-131.75,1,120,8200,0,121.25,-1.25,1,0,0,0,0,2048
993,0,29,4030,500,920,0,0,0,0,0,0,1,0,0,0,-131.75,1,120,8200,0,121.25,-1.25,1,0,0,0,0,2048
994,0,30,4030,500,920,0,0,0,0,0,0,1,0,0,0,-131.75,1,120,8200,0,121.25,-1.25,1,0,0,0,0,2048
995,0,31,4030,500,920,0,0,0,0,0,0,1,0,0,0,-131.75,1,120,8200,0,121.25,-1.25,1,0,0,0,0,2048
996,0,32,4030,500,920,0,0,0,0,0,0,1,0,0,0,-131.75,1,120,8200,0,121.25,-1.25,1,0,0,0,0,2048
997,0,33,4030,500,920,0,0,0,0,0,0,1,0,0,0,-131.75,1,120,8200,0,121.25,-1.25,1,0,0,0,0,2048
998,0,34,4030,500,920,0,0,0,0,0,0,1,0,0,0,-131.75,1,120,8200,0,121.25,-1.25,1,0,0,0,0,2048
999,0,35,4030,500,920,0,0,0,0,0,0,1,0,0,0,-131.75,1,120,8200,0,121.25,-1.25,1,0,0,0,0,2048
1000,0,36,4030,500,920,0,0,0,0,0,0,1,0,0,0,-131.75,1,120,8200,0,121.25,-1.25,2,0,0,0,0,2048
1001,0,37,4030,500,920,0,0,0,0,0,0,1,0,0,0,-131.75,1,120,8200,0,121.25,-1.25,2,0,0,0,0,2048
1002,0,38,4030,500,920,0,0,0,0,0,0,1,0,0,0,-131.75,1,120,8200,0,121.25,-1.25,2,0,0,0,0,2048
1003,0,39,4030,500,920,0,0,0,0,0,0,1,0,0,0,-131.75,1,120,8200,0,121.25,-1.25,2,0,0,0,0,2048
1004,0,40,4030,500,920,0,0,0,0,0,0,1,0,0,0,-131.75,1,120,8200,0,121.25,-1.25,2,0,0,0,0,2048
1005,0,41,4030,500,920,0,0,0,0,0,0,1,0,0,0,-131.75,1,120,8200,0,121.25,-1.25,2,0,0,0,0,2048
1006,0,42,4030,500,920,0,0,0,0,0,0,1,0,0,0,-131.75,1,120,8200,0,121.25,-1.25,2,0,0,0,0,2048
1007,0,43,4030,500,920,0,0,0,0,0,0,1,0,0,0,-131.75,1,120,8200,0,121.25,-1.25,2,0,0,0,0,2048
1008,0,44,4030,500,920,0,0,0,0,0,0,1,0,0,0,-131.75,1,120,8200,0,121.25,-1.25,2,0,0,0,0,2048
1009,0,45,4030,500,920,0,0,0,0,0,0,1,0,0,0,-131.75,1,120,8200,0,121.25,-1.25,2,0,0,0,0,2048
1010,0,46,4030,500,920,0,0,0,0,0,0,1,0,0,0,-131.75,1,120,8200,0,121.25,-1.25,2,0,0,0,0,2048
1011,0,47,4030,500,920,0,0,0,0,0,0,1,0,0,0,-131.75,1,120,8200,0,121.25,-1.25,2,0,0,0,0,2048
1012,0,48,4030,500,920,0,0,0,0,0,0,1,0,0,0,-131.75,1,120,8200,0,121.25,-1.25,3,0,0,0,0,2048
1013,0,49,4030,500,920,0,0,0,0,0,0,1,0,0,0,-131.75,1,120,8200,0,121.25,-1.25,3,0,0,0,0,2048
1014,0,50,4030,500,920,0,0,0,0,0,0,1,0,0,0,-131.75,1,120,8200,0,121.25,-1.25,3,0,0,0,0,2048
1015,0,51,4030,500,920,0,0,0,0,0,0,1,0,0,0,-131.75,1,120,8200,0,121.25,-1.25,3,0,0,0,0,2048
1016,0,52,4030,500,920,0,0,0,0,0,0,1,0,0,0,-131.75,1,120,8200,0,121.25,-1.25,3,0,0,0,0,2048
1017,0,53,4030,500,920,0,0,0,0,0,0,1,0,0,0,-131.75,1,120,8200,0,121.25,-1.25,3,0,0,0,0,2048
1018,0,54,4030,500,920,0,0,0,0,0,0,1,0,0,0,-131.75,1,120,8200,0,121.25,-1.25,3,0,0,0,0,2048
1019,0,55,4030,500,920,0,0,0,0,0,0,1,0,0,0,-131.75,1,120,8200,0,121.25,-1.25,3,0,0,0,0,2048
1020,0,56,4030,500,920,0,0,0,0,0,0,1,0,0,0,-131.75,1,120,8200,0,121.25,-1.25,3,0,0,0,0,2048
1021,0,57,4030,500,920,0,0,0,0,0,0,1,0,0,0,-131.75,1,120,8200,0,121.25,-1.25,3,0,0,0,0,2048
1022,0,58,4030,500,920,0,0,0,0,0,0,1,0,0,0,-131.75,1,120,8200,0,121.25,-1.25,3,0,0,0,0,2048
1023,0,59,4030,500,920,0,0,0,0,0,0,1,0,0,0,-131.75,1,120,8200,0,121.25,-1.25,3,0,0,0,0,2048
1024,0,60,4030,500,920,0,0,0,0,0,0,1,0,0,0,-131.75,1,120,8200,0,121.25,-1.25,4,0,0,0,0,2048
1025,0,61,4030,500,920,0,0,0,0,0,0,1,0,0,0,-131.75,1,120,8200,0,121.25,-1.25,4,0,0,0,0,2048
1026,0,62,4030,500,920,0,0,0,0,0,0,1,0,0,0,-131.75,1,120,8200,0,121.25,-1.25,4,0,0,0,0,2048
1027,0,63,4030,500,920,0,0,0,0,0,0,1,0,0,0,-131.75,1,120,8200,0,121.25,-1.25,4,0,0,0,0,2048
1028,0,64,4030,500,920,0,0,0,0,0,0,1,0,0,0,-131.75,1,120,8200,0,121.25,-1.25,4,0,0,0,0,2048
1029,0,65,4030,500,920,0,0,0,0,0,0,1,0,0,0,-131.75,1,120,8200,0,121.25,-1.25,4,0,0,0,0,2048
1030,0,66,4030,500,920,0,0,0,0,0,0,1,0,0,0,-131.75,1,120,8200,0,121.25,-1.25,4,0,0,0,0,2048
1031,0,67,4030,500,920,0,0,0,0,0,0,1,0,0,0,-131.75,1,120,8200,0,121.25,-1.25,4,0,0,0,0,2048
1032,0,68,4030,500,920,0,0,0,0,0,0,1,0,0,0,-131.75,1,120,8200,0,121.25,-1.25,4,0,0,0,0,2048
1033,0,69,4030,500,920,0,0,0,0,0,0,1,0,0,0,-131.75,1,120,8200,0,121.25,-1.25,4,0,0,0,0,2048
1034,0,70,4030,500,920,0,0,0,0,0,0,1,0,0,0,-131.75,1,120,8200,0,121.25,-1.25,4,0,0,0,0,2048
1035,0,71,4030,500,920,0,0,0,0,0,0,1,0,0,0,-131.75,1,120,8200,0,121.25,-1.25,4,0,0,0,0,2048
1036,0,72,4030,500,920,0,0,0,0,0,0,1,0,0,0,-131.75,1,120,8200,0,121.25,-1.25,5,0,0,0,0,2048
1037,0,73,4030,500,920,0,0,0,0,0,0,1,0,0,0,-131.75,1,120,8200,0,121.25,-1.25,5,0,0,0,0,2048
1038,0,74,4030,500,920,0,0,0,0,0,0,1,0,0,0,-131.75,1,120,8200,0,121.25,-1.25,5,0,0,0,0,2048
1039,0,75,4030,500,920,0,0,0,0,0,0,1,0,0,0,-131.75,1,120,8200,0,121.25,-1.25,5,0,0,0,0,2048
1040,0,76,4030,500,920,0,0,0,0,0,0,1,0,0,0,-131.75,1,120,8200,0,121.25,-1.25,5,0,0,0,0,2048
1041,0,77,4030,500,920,0,0,0,0,0,0,1,0,0,0,-131.75,1,120,8200,0,121.25,-1.25,5,0,0,0,0,2048
1042,0,78,4030,500,920,0,0,0,0,0,0,1,0,0,0,-131.75,1,120,8200,0,121.25,-1.25,5,0,0,0,0,2048
1043,0,79,4030,500,920,0,0,0,0,0,0,1,0,0,0,-131.75,1,120,8200,0,121.25,-1.25,5,0,0,0,0,2048
1044,0,80,4030,500,920,0,0,0,0,0,0,1,0,0,0,-131.75,1,120,8200,0,121.25,-1.25,5,0,0,0,0,2048
1045,0,81,4030,500,920,0,0,0,0,0,0,1,0,0,0,-131.75,1,120,8200,0,121.25,-1.25,5,0,0,0,0,2048
1046,0,82,4030,500,920,0,0,0,0,0,0,1,0,0,0,-131.75,1,120,8200,0,121.25,-1.25,5,0,0,0,0,2048
1047,0,83,4030,500,920,0,0,0,0,0,0,1,0,0,0,-131.75,1,120,8200,0,121.25,-1.25,5,0,0,0,0,2048
1048,0,84,4030,500,920,0,0,0,0,0,0,1,0,0,0,-131.75,1,120,8200,0,121.25,-1.25,6,0,0,0,0,2048
1049,0,85,4030,500,920,0,0,0,0,0,0,1,0,0,0,-131.75,1,120,8200,0,121.25,-1.25,6,0,0,0,0,2048
1050,0,86,4030,500,920,0,0,0,0,0,0,1,0,0,0,-131.75,1,120,8200,0,121.25,-1.25,6,0,0,0,0,2048
1051,0,87,4030,500,920,0,0,0,0,0,0,1,0,0,0,-131.75,1,120,8200,0,121.25,-1.25,6,0,0,0,0,2048
1052,0,88,4030,500,920,0,0,0,0,0,0,1,0,0,0,-131.75,1,120,8200,0,121.25,-1.25,6,0,0,0,0,2048
1053,0,89,4030,500,920,0,0,0,0,0,0,1,0,0,0,-131.75,1,120,8200,0,121.25,-1.25,6,0,0,0,0,2048
1054,0,90,4030,500,920,0,0,0,0,0,0,1,0,0,0,-131.75,1,120,8200,0,121.25,-1.25,6,0,0,0,0,2048
1055,0,91,4030,500,920,0,0,0,0,0,0,1,0,0,0,-131.75,1,120,8200,0,121.25,-1.25,6,0,0,0,0,2048
1056,0,92,4030,500,920,0,0,0,0,0,0,1,0,0,0,-131.75,1,120,8200,0,121.25,-1.25,6,0,0,0,0,2048
1057,0,93,4030,500,920,0,0,0,0,0,0,1,0,0,0,-131.75,1,120,8200,0,121.25,-1.25,6,0,0,0,0,2048
1058,0,94,4030,500,920,0,0,0,0,0,0,1,0,0,0,-131.75,1,120,8200,0,121.25,-1.25,6,0,0,0,0,2048
1059,0,95,4030,500,920,0,0,0,0,0,0,1,0,0,0,-131.75,1,120,8200,0,121.25,-1.25,6,0,0,0,0,2048
1060,0,96,4030,500,920,0,0,0,0,0,0,1,0,0,0,-131.75,1,120,8200,0,121.25,-1.25,7,0,0,0,0,2048
1061,0,97,4030,500,920,0,0,0,0,0,0,1,0,0,0,-131.75,1,120,8200,0,121.25,-1.25,7,0,0,0,0,2048
1062,0,98,4030,500,920,0,0,0,0,0,0,1,0,0,0,-131.75,1,120,8200,0,121.25,-1.25,7,0,0,0,0,2048
1063,0,99,4030,500,920,0,0,0,0,0,0,1,0,0,0,-131.75,1,120,8200,0,121.25,-1.25,7,0,0,0,0,2048
1064,0,100,4030,500,920,0,0,0,0,0,0,1,0,0,0,-131.75,1,120,8200,0,121.25,-1.25,7,0,0,0,0,2048
1065,0,101,4030,500,920,0,0,0,0,0,0,1,0,0,0,-131.75,1,120,8200,0,121.25,-1.25,7,0,0,0,0,2048
1066,0,102,4030,500,920,0,0,0,0,0,0,1,0,0,0,-131.75,1,120,8200,0,121.25,-1.25,7,0,0,0,0,2048
1067,0,103,4030,500,920,0,0,0,0,0,0,1,0,0,0,-131.75,1,120,8200,0,121.25,-1.25,7,0,0,0,0,2048
1068,0,104,4030,500,920,0,0,0,0,0,0,1,0,0,0,-131.75,1,120,8200,0,121.25,-1.25,7,0,0,0,0,2048
1069,0,105,4030,500,920,0,0,0,0,0,0,1,0,0,0,-131.75,1,120,8200,0,121.25,-1.25,7,0,0,0,0,2048
1070,0,106,4030,500,920,0,0,0,0,0,0,1,0,0,0,-131.75,1,120,8200,0,121.25,-1.25,7,0,0,0,0,2048
1071,0,107,4030,500,920,0,0,0,0,0,0,1,0,0,0,-131.75,1,120,8200,0,121.25,-1.25,7,0,0,0,0,2048
1072,0,108,4030,500,920,0,0,0,0,0,0,1,0,0,0,-131.75,1,120,8200,0,121.25,-1.25,8,0,0,0,0,2048
1073,0,109,4030,500,920,0,0,0,0,0,0,1,0,0,0,-131.75,1,120,8200,0,121.25,-1.25,8,0,0,0,0,2048
1074,0,110,4030,500,920,0,0,0,0,0,0,1,0,0,0,-131.75,1,120,8200,0,121.25,-1.25,8,0,0,0,0,2048
1075,0,111,4030,500,920,0,0,0,0,0,0,1,0,0,0,-131.75,1,120,8200,0,121.25,-1.25,8,0,0,0,0,2048
1076,0,112,4030,500,920,0,0,0,0,0,0,1,0,0,0,-131.75,1,120,8200,0,121.25,-1.25,8,0,0,0,0,2048
1077,0,113,4030,500,920,0,0,0,0,0,0,1,0,0,0,-131.75,1,120,8200,0,121.25,-1.25,8,0,0,0,0,2048
1078,0,114,4030,500,920,0,0,0,0,0,0,1,0,0,0,-131.75,1,120,8200,0,121.25,-1.25,8,0,0,0,0,2048
1079,0,115,4030,500,920,0,0,0,0,0,0,1,0,0,0,-131.75,1,120,8200,0,121.25,-1.25,8,0,0,0,0,2048
1080,0,116,4030,500,920,0,0,0,0,0,0,1,0,0,0,-131.75,1,120,8200,0,121.25,-1.25,8,0,0,0,0,2048
1081,0,117,4030,500,920,0,0,0,0,0,0,1,0,0,0,-131.75,1,120,8200,0,121.25,-1.25,8,0,0,0,0,2048
1082,0,118,4030,500,920,0,0,0,0,0,0,1,0,0,0,-131.75,1,120,8200,0,121.25,-1.25,8,0,0,0,0,2048
1083,0,119,4030,500,920,0,0,0,0,0,0,1,0,0,0,-131.75,1,120,8200,0,121.25,-1.25,8,0,0,0,0,2048
1084,0,120,4030,500,920,0,0,0,0,0,0,1,0,0,0,-131.75,1,120,8200,0,121.25,-1.25,9,0,0,0,0,2048
1085,0,121,4030,500,920,0,0,0,0,0,0,1,0,0,0,-131.75,1,120,8200,0,121.25,-1.25,9,0,0,0,0,2048
1086,0,122,4030,500,920,0,0,0,0,0,0,1,0,0,0,-131.75,1,120,8200,0,121.25,-1.25,9,0,0,0,0,2048
1087,0,123,4030,500,920,0,0,0,0,0,0,1,0,0,0,-131.75,1,120,8200,0,121.25,-1.25,9,0,0,0,0,2048
1088,0,124,4030,500,920,0,0,0,0,0,0,1,0,0,0,-131.75,1,120,8200,0,121.25,-1.25,9,0,0,0,0,2048
1089,0,125,4030,500,920,0,0,0,0,0,0,1,0,0,0,-131.75,1,120,8200,0,121.25,-1.25,9,0,0,0,0,2048
1090,0,126,4030,500,920,0,0,0,0,0,0,1,0,0,0,-131.75,1,120,8200,0,121.25,-1.25,9,0,0,0,0,2048
1091,0,127,4030,500,920,0,0,0,0,0,0,1,0,0,0,-131.75,1,120,8200,0,121.25,-1.25,9,0,0,0,0,2048
1092,0,128,4030,500,920,0,0,0,0,0,0,1,0,0,0,-131.75,1,120,8200,0,121.25,-1.25,9,0,0,0,0,2048
1093,0,129,4030,500,920,0,0,0,0,0,0,1,0,0,0,-131.75,1,120,8200,0,121.25,-1.25,9,0,0,0,0,2048
1094,0,130,4030,500,920,0,0,0,0,0,0,1,0,0,0,-131.75,1,120,8200,0,121.25,-1.25,9,0,0,0,0,2048
1095,0,131,4030,500,920,0,0,0,0,0,0,1,0,0,0,-131.75,1,120,8200,0,121.25,-1.25,9,0,0,0,0,2048
1096,0,132,4030,500,920,0,0,0,0,0,0,1,0,0,0,-131.75,1,120,8200,0,121.25,-1.25,10,0,0,0,0,2048
1097,0,133,4030,500,920,0,0,0,0,0,0,1,0,0,0,-131.75,1,120,8200,0,121.25,-1.25,10,0,0,0,0,2048
1098,0,134,4030,500,920,0,0,0,0,0,0,1,0,0,0,-131.75,1,120,8200,0,121.25,-1.25,10,0,0,0,0,2048
1099,0,135,4030,500,920,0,0,0,0,0,0,1,0,0,0,-131.75,1,120,8200,0,121.25,-1.25,10,0,0,0,0,2048
1100,0,136,4030,500,920,0,0,0,0,0,0,1,0,0,0,-131.75,1,120,8200,0,121.25,-1.25,10,0,0,0,0,2048
1101,0,137,4030,500,920,0,0,0,0,0,0,1,0,0,0,-131.75,1,120,8200,0,121.25,-1.25,10,0,0,0,0,2048
1102,0,138,4030,500,920,0,0,0,0,0,0,1,0,0,0,-131.75,1,120,8200,0,121.25,-1.25,10,0,0,0,0,2048
1103,0,139,4030,500,920,0,0,0,0,0,0,1,0,0,0,-131.75,1,120,8200,0,121.25,-1.25,10,0,0,0,0,2048
1104,0,140,4030,500,920,0,0,0,0,0,0,1,0,0,0,-131.75,1,120,8200,0,121.25,-1.25,10,0,0,0,0,2048
1105,0,141,4030,500,920,0,0,0,0,0,0,1,0,0,0,-131.75,1,120,8200,0,121.25,-1.25,10,0,0,0,0,2048
1106,0,142,4030,500,920,0,0,0,0,0,0,1,0,0,0,-131.75,1,120,8200,0,121.25,-1.25,10,0,0,0,0,2048
1107,0,143,4030,500,920,0,0,0,0,0,0,1,0,0,0,-131.75,1,120,8200,0,121.25,-1.25,10,0,0,0,0,2048
1108,0,144,4030,500,920,0,0,0,0,0,0,1,0,0,0,-131.75,1,120,8200,0,121.25,-1.25,11,0,0,0,0,2048
1109,0,145,4030,500,920,0,0,0,0,0,0,1,0,0,0,-131.75,1,120,8200,0,121.25,-1.25,11,0,0,0,0,2048
1110,0,146,4030,500,920,0,0,0,0,0,0,1,0,0,0,-131.75,1,120,8200,0,121.25,-1.25,11,0,0,0,0,2048
1111,0,147,4030,500,920,0,0,0,0,0,0,1,0,0,0,-131.75,1,120,8200,0,121.25,-1.25,11,0,0,0,0,2048
1112,0,148,4030,500,920,0,0,0,0,0,0,1,0,0,0,-131.75,1,120,8200,0,121.25,-1.25,11,0,0,0,0,2048
1113,0,149,4030,500,920,0,0,0,0,0,0,1,0,0,0,-131.75,1,120,8200,0,121.25,-1.25,11,0,0,0,0,2048
1114,0,150,4030,500,920,0,0,0,0,0,0,1,0,0,0,-131.75,1,120,8200,0,121.25,-1.25,11,0,0,0,0,2048
1115,0,151,4030,500,920,0,0,0,0,0,0,1,0,0,0,-131.75,1,120,8200,0,121.25,-1.25,11,0,0,0,0,2048
1116,0,152,4030,500,920,0,0,0,0,0,0,1,0,0,0,-131.75,1,120,8200,0,121.25,-1.25,11,0,0,0,0,2048
1117,0,153,4030,500,920,0,0,0,0,0,0,1,0,0,0,-131.75,1,120,8200,0,121.25,-1.25,11,0,0,0,0,2048
1118,0,154,4030,500,920,0,0,0,0,0,0,1,0,0,0,-131.75,1,120,8200,0,121.25,-1.25,11,0,0,0,0,2048
1119,0,155,4030,500,920,0,0,0,0,0,0,1,0,0,0,-131.75,1,120,8200,0,121.25,-1.25,11,0,0,0,0,2048
1120,0,156,4030,500,920,0,0,0,0,0,0,1,0,0,0,-131.75,1,120,8200,0,121.25,-1.25,12,0,0,0,0,2048
1121,0,157,4030,500,920,0,0,0,0,0,0,1,0,0,0,-131.75,1,120,8200,0,121.25,-1.25,12,0,0,0,0,2048
1122,0,158,4030,500,920,0,0,0,0,0,0,1,0,0,0,-131.75,1,120,8200,0,121.25,-1.25,12,0,0,0,0,2048
1123,0,159,4030,500,920,0,0,0,0,0,0,1,0,0,0,-131.75,1,120,8200,0,121.25,-1.25,12,0,0,0,0,2048
1124,0,160,4030,500,920,0,0,0,0,0,0,1,0,0,0,-131.75,1,120,8200,0,121.25,-1.25,12,0,0,0,0,2048
1125,0,161,4030,500,920,0,0,0,0,0,0,1,0,0,0,-131.75,1,120,8200,0,121.25,-1.25,12,0,0,0,0,2048
1126,0,162,4030,500,920,0,0,0,0,0,0,1,0,0,0,-131.75,1,120,8200,0,121.25,-1.25,12,0,0,0,0,2048
1127,0,163,4030,500,920,0,0,0,0,0,0,1,0,0,0,-131.75,1,120,8200,0,121.25,-1.25,12,0,0,0,0,2048
1128,0,164,4030,500,920,0,0,0,0,0,0,1,0,0,0,-131.75,1,120,8200,0,121.25,-1.25,12,0,0,0,0,2048
1129,0,165,4030,500,920,0,0,0,0,0,0,1,0,0,0,-131.75,1,120,8200,0,121.25,-1.25,12,0,0,0,0,2048
1130,0,166,4030,500,920,0,0,0,0,0,0,1,0,0,0,-131.75,1,120,8200,0,121.25,-1.25,12,0,0,0,0,2048
1131,0,167,4030,500,920,0,0,0,0,0,0,1,0,0,0,-131.75,1,120,8200,0,121.25,-1.25,12,0,0,0,0,2048
1132,0,168,4030,500,920,0,0,0,0,0,0,1,0,0,0,-131.75,1,120,8200,0,121.25,-1.25,13,0,0,0,0,2048
1133,0,169,4030,500,920,0,0,0,0,0,0,1,0,0,0,-131.75,1,120,8200,0,121.25,-1.25,13,0,0,0,0,2048
1134,0,170,4030,500,920,0,0,0,0,0,0,1,0,0,0,-131.75,1,120,8200,0,121.25,-1.25,13,0,0,0,0,2048
1135,0,171,4030,500,920,0,0,0,0,0,0,1,0,0,0,-131.75,1,120,8200,0,121.25,-1.25,13,0,0,0,0,2048
1136,0,172,4030,500,920,0,0,0,0,0,0,1,0,0,0,-131.75,1,120,8200,0,121.25,-1.25,13,0,0,0,0,2048
1137,0,173,4030,500,920,0,0,0,0,0,0,1,0,0,0,-131.75,1,120,8200,0,121.25,-1.25,13,0,0,0,0,2048
1138,0,174,4030,500,920,0,0,0,0,0,0,1,0,0,0,-131.75,1,120,8200,0,121.25,-1.25,13,0,0,0,0,2048
1139,0,175,4030,500,920,0,0,0,0,0,0,1,0,0,0,-131.75,1,120,8200,0,121.25,-1.25,13,0,0,0,0,2048
1140,0,176,4030,500,920,0,0,0,0,0,0,1,0,0,0,-131.75,1,120,8200,0,121.25,-1.25,13,0,0,0,0,2048
1141,0,177,4030,500,920,0,0,0,0,0,0,1,0,0,0,-131.75,1,120,8200,0,121.25,-1.25,13,0,0,0,0,2048
1142,0,178,4030,500,920,0,0,0,0,0,0,1,0,0,0,-131.75,1,120,8200,0,121.25,-1.25,13,0,0,0,0,2048
1143,0,179,4030,500,920,0,0,0,0,0,0,1,0,0,0,-131.75,1,120,8200,0,121.25,-1.25,13,0,0,0,0,2048
1144,0,180,4030,500,920,0,0,0,0,0,0,1,0,0,0,-131.75,1,120,8200,0,121.25,-1.25,14,0,0,0,0,2048
1145,0,181,4030,500,920,0,0,0,0,0,0,1,0,0,0,-131.75,1,120,8200,0,121.25,-1.25,14,0,0,0,0,2048
1146,0,182,4030,500,920,0,0,0,0,0,0,1,0,0,0,-131.75,1,120,8200,0,121.25,-1.25,14,0,0,0,0,2048
1147,0,183,4030,500,920,0,0,0,0,0,0,1,0,0,0,-131.75,1,120,8200,0,121.25,-1.25,14,0,0,0,0,2048
1148,0,184,4030,500,920,0,0,0,0,0,0,1,0,0,0,-131.75,1,120,8200,0,121.25,-1.25,14,0,0,0,0,2048
1149,0,185,4030,500,920,0,0,0,0,0,0,1,0,0,0,-131.75,1,120,8200,0,121.25,-1.25,14,0,0,0,0,2048
1150,0,186,4030,500,920,0,0,0,0,0,0,1,0,0,0,-131.75,1,120,8200,0,121.25,-1.25,14,0,0,0,0,2048
1151,0,187,4030,500,920,0,0,0,0,0,0,1,0,0,0,-131.75,1,120,8200,0,121.25,-1.25,14,0,0,0,0,2048
1152,0,188,4030,500,920,0,0,0,0,0,0,1,0,0,0,-131.75,1,120,8200,0,121.25,-1.25,14,0,0,0,0,2048
1153,0,189,4030,500,920,0,0,0,0,0,0,1,0,0,0,-131.75,1,120,8200,0,121.25,-1.25,14,0,0,0,0,2048
1154,0,190,4030,500,920,0,0,0,0,0,0,1,0,0,0,-131.75,1,120,8200,0,121.25,-1.25,14,0,0,0,0,2048
1155,0,191,4030,500,920,0,0,0,0,0,0,1,0,0,0,-131.75,1,120,8200,0,121.25,-1.25,14,0,0,0,0,2048
1156,0,192,4030,500,920,0,0,0,0,0,0,1,0,0,0,-131.75,1,120,8200,0,121.25,-1.25,15,0,0,0,0,2048
1157,0,193,4030,500,920,0,0,0,0,0,0,1,0,0,0,-131.75,1,120,8200,0,121.25,-1.25,15,0,0,0,0,2048
1158,0,194,4030,500,920,0,0,0,0,0,0,1,0,0,0,-131.75,1,120,8200,0,121.25,-1.25,15,0,0,0,0,2048
1159,0,195,4030,500,920,0,0,0,0,0,0,1,0,0,0,-131.75,1,120,8200,0,121.25,-1.25,15,0,0,0,0,2048
1160,0,196,4030,500,920,0,0,0,0,0,0,1,0,0,0,-131.75,1,120,8200,0,121.25,-1.25,15,0,0,0,0,2048
1161,0,197,4030,500,920,0,0,0,0,0,0,1,0,0,0,-131.75,1,120,8200,0,121.25,-1.25,15,0,0,0,0,2048
1162,0,198,4030,500,920,0,0,0,0,0,0,1,0,0,0,-131.75,1,120,8200,0,121.25,-1.25,15,0,0,0,0,2048
1163,0,199,4030,500,920,0,0,0,0,0,0,1,0,0,0,-131.75,1,120,8200,0,121.25,-1.25,15,0,0,0,0,2048
1164,0,200,4030,500,920,0,0,0,0,0,0,1,0,0,0,-131.75,1,120,8200,0,121.25,-1.25,15,0,0,0,0,2048
1165,0,201,4030,500,920,0,0,0,0,0,0,1,0,0,0,-131.75,1,120,8200,0,121.25,-1.25,15,0,0,0,0,2048
1166,0,202,4030,500,920,0,0,0,0,0,0,1,0,0,0,-131.75,1,120,8200,0,121.25,-1.25,15,0,0,0,0,2048
1167,0,203,4030,500,920,0,0,0,0,0,0,1,0,0,0,-131.75,1,120,8200,0,121.25,-1.25,15,0,0,0,0,2048
1168,0,204,4030,500,920,0,0,0,0,0,0,1,0,0,0,-131.75,1,120,8200,0,121.25,-1.25,16,0,0,0,0,2048
1169,0,205,4030,500,920,0,0,0,0,0,0,1,0,0,0,-131.75,1,120,8200,0,121.25,-1.25,16,0,0,0,0,2048
1170,0,206,4030,500,920,0,0,0,0,0,0,1,0,0,0,-131.75,1,120,8200,0,121.25,-1.25,16,0,0,0,0,2048
1171,0,207,4030,500,920,0,0,0,0,0,0,1,0,0,0,-131.75,1,120,8200,0,121.25,-1.25,16,0,0,0,0,2048
1172,0,208,4030,500,920,0,0,0,0,0,0,1,0,0,0,-131.75,1,120,8200,0,121.25,-1.25,16,0,0,0,0,2048
1173,0,209,4030,500,920,0,0,0,0,0,0,1,0,0,0,-131.75,1,120,8200,0,121.25,-1.25,16,0,0,0,0,2048
1174,0,210,4030,500,920,0,0,0,0,0,0,1,0,0,0,-131.75,1,120,8200,0,121.25,-1.25,16,0,0,0,0,2048
1175,0,211,4030,500,920,0,0,0,0,0,0,1,0,0,0,-131.75,1,120,8200,0,121.25,-1.25,16,0,0,0,0,2048
1176,0,212,4030,500,920,0,0,0,0,0,0,1,0,0,0,-131.75,1,120,8200,0,121.25,-1.25,16,0,0,0,0,2048
1177,0,213,4030,500,920,0,0,0,0,0,0,1,0,0,0,-131.75,1,120,8200,0,121.25,-1.25,16,0,0,0,0,2048
1178,0,214,4030,500,920,0,0,0,0,0,0,1,0,0,0,-131.75,1,120,8200,0,121.25,-1.25,16,0,0,0,0,2048
1179,0,215,4030,500,920,0,0,0,0,0,0,1,0,0,0,-131.75,1,120,8200,0,121.25,-1.25,16,0,0,0,0,2048
1180,0,216,4030,500,920,0,0,0,0,0,0,1,0,0,0,-131.75,1,120,8200,0,121.25,-1.25,17,0,0,0,0,2048
1181,0,217,4030,500,920,0,0,0,0,0,0,1,0,0,0,-131.75,1,120,8200,0,121.25,-1.25,17,0,0,0,0,2048
1182,0,218,4030,500,920,0,0,0,0,0,0,1,0,0,0,-131.75,1,120,8200,0,121.25,-1.25,17,0,0,0,0,2048
1183,0,219,4030,500,920,0,0,0,0,0,0,1,0,0,0,-131.75,1,120,8200,0,121.25,-1.25,17,0,0,0,0,2048
1184,0,220,4030,500,920,0,0,0,0,0,0,1,0,0,0,-131.75,1,120,8200,0,121.25,-1.25,17,0,0,0,0,2048
1185,0,221,4030,500,920,0,0,0,0,0,0,1,0,0,0,-131.75,1,120,8200,0,121.25,-1.25,17,0,0,0,0,2048
1186,0,222,4030,500,920,0,0,0,0,0,0,1,0,0,0,-131.75,1,120,8200,0,121.25,-1.25,17,0,0,0,0,2048
1187,0,223,4030,500,920,0,0,0,0,0,0,1,0,0,0,-131.75,1,120,8200,0,121.25,-1.25,17,0,0,0,0,2048
1188,0,224,4030,500,920,0,0,0,0,0,0,1,0,0,0,-131.75,1,120,8200,0,121.25,-1.25,17,0,0,0,0,2048
1189,0,225,4030,500,920,0,0,0,0,0,0,1,0,0,0,-131.75,1,120,8200,0,121.25,-1.25,17,0,0,0,0,2048
1190,0,226,4030,500,920,0,0,0,0,0,0,1,0,0,0,-131.75,1,120,8200,0,121.25,-1.25,17,0,0,0,0,2048
1191,0,227,4030,500,920,0,0,0,0,0,0,1,0,0,0,-131.75,1,120,8200,0,121.25,-1.25,17,0,0,0,0,2048
1192,0,228,4030,500,920,0,0,0,0,0,0,1,0,0,0,-131.75,1,120,8200,0,121.25,-1.25,18,0,0,0,0,2048
1193,0,229,4030,500,920,0,0,0,0,0,0,1,0,0,0,-131.75,1,120,8200,0,121.25,-1.25,18,0,0,0,0,2048
1194,0,230,4030,500,920,0,0,0,0,0,0,1,0,0,0,-131.75,1,120,8200,0,121.25,-1.25,18,0,0,0,0,2048
1195,0,231,4030,500,920,0,0,0,0,0,0,1,0,0,0,-131.75,1,120,8200,0,121.25,-1.25,18,0,0,0,0,2048
1196,0,232,4030,500,920,0,0,0,0,0,0,1,0,0,0,-131.75,1,120,8200,0,121.25,-1.25,18,0,0,0,0,2048
1197,0,233,4030,500,920,0,0,0,0,0,0,1,0,0,0,-131.75,1,120,8200,0,121.25,-1.25,18,0,0,0,0,2048
1198,0,234,4030,500,920,0,0,0,0,0,0,1,0,0,0,-131.75,1,120,8200,0,121.25,-1.25,18,0,0,0,0,2048
1199,0,235,4030,500,920,0,0,0,0,0,0,1,0,0,0,-131.75,1,120,8200,0,121.25,-1.25,18,0,0,0,0,2048
1200,0,236,4030,500,920,0,0,0,0,0,0,1,0,0,0,-131.75,1,120,8200,0,121.25,-1.25,18,0,0,0,0,2048
1201,0,237,4030,500,920,0,0,0,0,0,0,1,0,0,0,-131.75,1,120,8200,0,121.25,-1.25,18,0,0,0,0,2048
1202,0,238,4030,500,920,0,0,0,0,0,0,1,0,0,0,-131.75,1,120,8200,0,121.25,-1.25,18,0,0,0,0,2048
1203,0,239,4030,500,920,0,0,0,0,0,0,1,0,0,0,-131.75,1,120,8200,0,121.25,-1.25,18,0,0,0,0,2048
1204,0,240,4030,500,920,0,0,0,0,0,0,1,0,0,0,-131.75,1,120,8200,0,121.25,-1.25,19,0,0,0,0,2048
1205,0,241,4030,500,920,0,0,0,0,0,0,1,0,0,0,-131.75,1,120,8200,0,121.25,-1.25,19,0,0,0,0,2048
1206,0,242,4030,500,920,0,0,0,0,0,0,1,0,0,0,-131.75,1,120,8200,0,121.25,-1.25,19,0,0,0,0,2048
1207,0,243,4030,500,920,0,0,0,0,0,0,1,0,0,0,-131.75,1,120,8200,0,121.25,-1.25,19,0,0,0,0,2048
1208,0,244,4030,500,920,0,0,0,0,0,0,1,0,0,0,-131.75,1,120,8200,0,121.25,-1.25,19,0,0,0,0,2048
1209,0,245,4030,500,920,0,0,0,0,0,0,1,0,0,0,-131.75,1,120,8200,0,121.25,-1.25,19,0,0,0,0,2048
1210,0,1,3000,500,1000,0,0,0,0,0,0,1,0,0,0,-145,1,120,8200,0,121.25,-1.25,19,0,0,0,0,1000
1211,0,2,3000,500,1000,0,0,0,0,0,0,1,0,0,0,-145,1,120,8200,0,121.25,-1.25,19,0,0,0,0,1000
1212,0,3,3000,500,1000,0,0,0,0,0,0,1,0,0,0,-145,1,120,8200,0,121.25,-1.25,19,0,0,0,0,1000
1213,0,4,3000,500,1000,0,0,0,0,0,0,1,0,0,0,-145,1,120,8200,0,121.25,-1.25,19,0,0,0,0,1000
1214,0,5,3000,500,1000,0,0,0,0,0,0,1,0,0,0,-145,1,120,8200,0,121.25,-1.25,19,0,0,0,0,1000
1215,0,6,3000,500,1000,0,0,0,0,0,0,1,0,0,0,-145,1,120,8200,0,121.25,-1.25,19,0,0,0,0,1000
1216,0,7,3000,500,1000,0,0,0,0,0,0,1,0,0,0,-145,1,120,8200,0,121.25,-1.25,19,0,0,0,0,1000
1217,0,8,3000,500,1000,0,0,0,0,0,0,1,0,0,0,-145,1,120,8200,0,121.25,-1.25,19,0,0,0,0,1000
1218,0,9,3000,500,1000,0,0,0,0,0,0,1,0,0,0,-145,1,120,8200,0,121.25,-1.25,19,0,0,0,0,1000
1219,10,1,3000,500,1000,0,0,0,0,0,0,1,0,0,0,-145,1,120,8200,0,121.25,-1.25,19,0,0,0,0,1000
1220,10,2,3000,500,1000,0,0,0,0,0,0,1,0,0,0,-145,1,120,8200,0,121.25,-1.25,19,0,0,0,0,1000
1221,10,3,3000,500,1000,0,0,0,0,0,0,1,0,0,0,-145,1,120,8200,0,121.25,-1.25,19,0,0,0,0,1000
1222,10,4,3000,500,1000,0,0,0,0,0,0,1,0,0,0,-145,1,120,8200,0,121.25,-1.25,20,0,0,0,0,1000
1223,10,5,3000,500,1000,0,0,0,0,0,0,1,0,0,0,-145,1,120,8200,0,121.25,-1.25,20,0,0,0,0,1000
1224,10,6,3000,500,1000,0,0,0,0,0,0,1,0,0,0,-145,1,120,8200,0,121.25,-1.25,20,0,0,0,0,1000
1225,1040,1,3000,500,1000,0,0,210,0,0,0,1,0,0,0,-145,1,120,8200,0,121.25,-1.25,20,0,0,0,0,1000
1226,1040,2,3000,500,1000,0,0,209,0,0,0,1,0,0,0,-145,1,120,8200,0,121.25,-1.25,20,0,0,0,0,1000
1227,1040,3,3000,500,1000,0,0,208,0,0,0,1,0,0,0,-145,1,120,8200,0,121.25,-1.25,20,0,0,0,0,1000
1228,1040,4,3000,500,1000,0,0,207,0,0,0,1,0,0,0,-145,1,120,8200,0,121.25,-1.25,20,0,0,0,0,1000
1229,1040,5,3000,500,1000,0,0,206,0,0,0,1,0,0,0,-145,1,120,8200,0,121.25,-1.25,20,0,0,0,0,1000
1230,1040,6,3000,500,1000,0,0,205,0,0,0,1,0,0,0,-145,1,120,8200,0,121.25,-1.25,20,0,0,0,0,1000
1231,1040,7,3000,500,1000,0,0,204,0,0,0,1,0,0,0,-145,1,120,8200,0,121.25,-1.25,20,0,0,0,0,1000
1232,1040,8,3000,500,1000,0,0,203,0,0,0,1,0,0,0,-145,1,120,8200,0,121.25,-1.25,20,0,0,0,0,1000
1233,1040,9,3000,500,1000,0,0,202,0,0,0,1,0,0,0,-145,1,120,8200,0,121.25,-1.25,20,0,0,0,0,1000
1234,1040,10,3000,500,1000,0,0,201,0,0,0,1,0,0,0,-145,1,120,8200,0,121.25,-1.25,20,0,0,0,0,1000
1235,1040,11,3000,500,1000,0,0,200,0,0,0,1,0,0,0,-145,1,120,8200,0,121.25,-1.25,20,0,0,0,0,1000
1236,1040,12,3000,500,1000,0,0,199,0,0,0,1,0,0,0,-145,1,120,8200,0,121.25,-1.25,20,0,0,0,0,1000
1237,1040,13,3000,500,1000,0,0,198,0,0,0,1,0,0,0,-145,1,120,8200,0,121.25,-1.25,20,0,0,0,0,1000
1238,1040,14,3000,500,1000,0,0,197,0,0,0,1,0,0,0,-145,1,120,8200,0,121.25,-1.25,20,0,0,0,0,1000
1239,1040,15,3000,500,1000,0,0,196,0,0,0,1,0,0,0,-145,1,120,8200,0,121.25,-1.25,20,0,0,0,0,1000
1240,1040,16,3000,500,1000,0,0,195,0,0,0,1,0,0,0,-145,1,120,8200,0,121.25,-1.25,21,0,0,0,0,1000
1241,1040,17,3000,500,1000,0,0,194,0,0,0,1,0,0,0,-145,1,120,8200,0,121.25,-1.25,21,0,0,0,0,1000
1242,1040,18,3000,500,1000,0,0,193,0,0,0,1,0,0,0,-145,1,120,8200,0,121.25,-1.25,21,0,0,0,0,1000
1243,1040,19,3000,500,1000,0,0,192,0,0,0,1,0,0,0,-145,1,120,8200,0,121.25,-1.25,21,0,0,0,0,1000
1244,1040,20,3000,500,1000,0,0,191,0,0,0,1,0,0,0,-145,1,120,8200,0,121.25,-1.25,21,0,0,0,0,1000
1245,1040,21,3000,500,1000,0,0,190,0,0,0,1,0,0,0,-145,1,120,8200,0,121.25,-1.25,21,0,0,0,0,1000
1246,1040,22,3000,500,1000,0,0,189,0,0,0,1,0,0,0,-145,1,120,8200,0,121.25,-1.25,21,0,0,0,0,1000
1247,1040,23,3000,500,1000,0,0,188,0,0,0,1,0,0,0,-145,1,120,8200,0,121.25,-1.25,21,0,0,0,0,1000
1248,1040,24,3000,500,1000,0,0,187,0,0,0,1,0,0,0,-145,1,120,8200,0,121.25,-1.25,21,0,0,0,0,1000
1249,1040,25,3000,500,1000,0,0,186,0,0,0,1,0,0,0,-145,1,120,8200,0,121.25,-1.25,21,0,0,0,0,1000
1250,1040,26,3000,500,1000,0,0,185,0,0,0,1,0,0,0,-145,1,120,8200,0,121.25,-1.25,21,0,0,0,0,1000
1251,1040,27,3180,500,1000,0,0,184,0,0,0,1,0,0,0,-145,1,120,8200,0,121.25,-1.25,21,1,0,0,0,1000
1252,1040,28,3180,500,1000,0,0,183,0,0,0,1,0,0,0,-145,1,120,8200,0,121.25,-1.25,21,1,0,0,0,1000
1253,1040,29,3180,500,1000,0,0,182,0,0,0,1,0,0,0,-145,1,120,8200,0,121.25,-1.25,21,1,0,0,0,1000
1254,1040,30,3180,500,1000,0,0,181,0,0,0,1,0,0,0,-145,1,120,8200,0,121.25,-1.25,21,1,0,0,0,1000
1255,1040,31,3180,500,1000,0,0,180,0,0,0,1,0,0,0,-145,1,120,8200,0,121.25,-1.25,21,1,0,0,0,1000
1256,1040,32,3180,500,1000,0,0,179,0,0,0,1,0,0,0,-145,1,120,8200,0,121.25,-1.25,21,1,0,0,0,1000
1257,1040,33,3180,500,1000,0,0,178,0,0,0,1,0,0,0,-145,1,120,8200,0,121.25,-1.25,21,1,0,0,0,1000
1258,1040,34,3180,500,1000,0,0,177,0,0,0,1,0,0,0,-145,1,120,8200,0,121.25,-1.25,21,1,0,0,0,1000
1259,1040,35,3180,500,1000,0,0,176,0,0,0,1,0,0,0,-145,1,120,8200,0,121.25,-1.25,21,1,0,0,0,1000
1260,1040,36,3180,500,1000,0,0,175,0,0,0,1,0,0,0,-145,1,120,8200,0,121.25,-1.25,21,1,0,0,0,1000
1261,1040,37,3180,500,1000,0,0,174,0,0,0,1,0,0,0,-145,1,120,8200,0,121.25,-1.25,21,1,0,0,0,1000
1262,1040,38,3180,500,1000,0,0,173,0,0,0,1,0,0,0,-145,1,120,8200,0,121.25,-1.25,21,1,0,0,0,1000
1263,1040,39,3180,500,1000,0,0,172,0,0,0,1,0,0,0,-145,1,120,8200,0,121.25,-1.25,21,1,0,0,0,1000
1264,1040,40,3180,500,1000,0,0,171,0,0,0,1,0,0,0,-145,1,120,8200,0,121.25,-1.25,21,1,0,0,0,1000
1265,1040,41,3180,500,1000,0,0,170,0,0,0,1,0,0,0,-145,1,120,8200,0,121.25,-1.25,21,1,0,0,0,1000
1266,1040,42,3180,500,1000,0,0,169,0,0,0,1,0,0,0,-145,1,120,8200,0,121.25,-1.25,21,1,0,0,0,1000
1267,0,1,3180,500,1000,0,0,168,0,0,0,1,0,0,0,-145,1,120,8200,0,121.25,-1.25,21,1,0,0,0,1000
1268,0,2,3180,500,1000,0,0,167,0,0,0,1,0,0,0,-145,1,120,8200,0,121.25,-1.25,21,1,0,0,0,1000
1269,0,3,3180,500,1000,0,0,166,0,0,0,1,0,0,0,-145,1,120,8200,0,121.25,-1.25,21,1,0,0,0,1000
1270,0,4,3180,500,1000,0,0,165,0,0,0,1,0,0,0,-145,1,120,8200,0,121.25,-1.25,21,1,0,0,0,1000
1271,0,5,3180,500,1000,0,0,164,0,0,0,1,0,0,0,-145,1,120,8200,0,121.25,-1.25,21,1,0,0,0,1000
1272,0,6,3180,500,1000,0,0,163,0,0,0,1,0,0,0,-145,1,120,8200,0,121.25,-1.25,21,1,0,0,0,1000
1273,0,7,3180,500,1000,0,0,162,0,0,0,1,0,0,0,-145,1,120,8200,0,121.25,-1.25,21,1,0,0,0,1000
1274,0,8,3180,500,1000,0,0,161,0,0,0,1,0,0,0,-145,1,120,8200,0,121.25,-1.25,21,1,0,0,0,1000
1275,0,9,3180,500,1000,0,0,160,0,0,0,1,0,0,0,-145,1,120,8200,0,121.25,-1.25,21,1,0,0,0,1000
1276,0,10,3180,500,1000,0,0,159,0,0,0,1,0,0,0,-145,1,120,8200,0,121.25,-1.25,22,1,0,0,0,1000
1277,0,11,3180,500,1000,0,0,158,0,0,0,1,0,0,0,-145,1,120,8200,0,121.25,-1.25,22,1,0,0,0,1000
1278,0,12,3180,500,1000,0,0,157,0,0,0,1,0,0,0,-145,1,120,8200,0,121.25,-1.25,22,1,0,0,0,1000
1279,0,13,3180,500,1000,0,0,156,0,0,0,1,0,0,0,-145,1,120,8200,0,121.25,-1.25,22,1,0,0,0,1000
1280,0,14,3180,500,1000,0,0,155,0,0,0,1,0,0,0,-145,1,120,8200,0,121.25,-1.25,22,1,0,0,0,1000
1281,0,15,3180,500,1000,0,0,154,0,0,0,1,0,0,0,-145,1,120,8200,0,121.25,-1.25,22,1,0,0,0,1000
1282,0,16,3180,500,1000,0,0,153,0,0,0,1,0,0,0,-145,1,120,8200,0,121.25,-1.25,22,1,0,0,0,1000
1283,0,17,3180,500,1000,0,0,152,0,0,0,1,0,0,0,-145,1,120,8200,0,121.25,-1.25,22,1,0,0,0,1000
1284,0,18,3180,500,1000,0,0,151,0,0,0,1,0,0,0,-145,1,120,8200,0,121.25,-1.25,22,1,0,0,0,1000
1285,0,19,3180,500,1000,0,0,150,0,0,0,1,0,0,0,-145,1,120,8200,0,121.25,-1.25,22,1,0,0,0,1000
1286,0,20,3180,500,1000,0,0,149,0,0,0,1,0,0,0,-145,1,120,8200,0,121.25,-1.25,22,1,0,0,0,1000
1287,0,21,3180,500,1000,0,0,148,0,0,0,1,0,0,0,-145,1,120,8200,0,121.25,-1.25,22,1,0,0,0,1000
1288,0,22,3180,500,1000,0,0,147,0,0,0,1,0,0,0,-145,1,120,8200,0,121.25,-1.25,22,1,0,0,0,1000
1289,0,23,3180,500,1000,0,0,146,0,0,0,1,0,0,0,-145,1,120,8200,0,121.25,-1.25,22,1,0,0,0,1000
1290,0,24,3180,500,1000,0,0,145,0,0,0,1,0,0,0,-145,1,120,8200,0,121.25,-1.25,22,1,0,0,0,1000
1291,0,25,3180,500,1000,0,0,144,0,0,0,1,0,0,0,-145,1,120,8200,0,121.25,-1.25,22,1,0,0,0,1000
1292,0,26,3180,500,1000,0,0,143,0,0,0,1,0,0,0,-145,1,120,8200,0,121.25,-1.25,22,1,0,0,0,1000
1293,0,27,3180,500,1000,0,0,142,0,0,0,1,0,0,0,-145,1,120,8200,0,121.25,-1.25,22,1,0,0,0,1000
1294,0,28,3180,500,1000,0,0,141,0,0,0,1,0,0,0,-145,1,120,8200,0,121.25,-1.25,22,1,0,0,0,1000
1295,0,29,3180,500,1000,0,0,140,0,0,0,1,0,0,0,-145,1,120,8200,0,121.25,-1.25,22,1,0,0,0,1000
1296,0,30,3180,500,1000,0,0,139,0,0,0,1,0,0,0,-145,1,120,8200,0,121.25,-1.25,22,1,0,0,0,1000
1297,0,31,3180,500,1000,0,0,138,0,0,0,1,0,0,0,-145,1,120,8200,0,121.25,-1.25,22,1,0,0,0,1000
1298,0,32,3180,500,1000,0,0,137,0,0,0,1,0,0,0,-145,1,120,8200,0,121.25,-1.25,22,1,0,0,0,1000
1299,0,33,3180,500,1000,0,0,136,0,0,0,1,0,0,0,-145,1,120,8200,0,121.25,-1.25,22,1,0,0,0,1000
1300,0,34,3180,500,1000,0,0,135,0,0,0,1,0,0,0,-145,1,120,8200,0,121.25,-1.25,22,1,0,0,0,1000
1301,0,35,3180,500,1000,0,0,134,0,0,0,1,0,0,0,-145,1,120,8200,0,121.25,-1.25,22,1,0,0,0,1000
1302,0,36,3180,500,1000,0,0,133,0,0,0,1,0,0,0,-145,1,120,8200,0,121.25,-1.25,22,1,0,0,0,1000
1303,0,37,3180,500,1000,0,0,132,0,0,0,1,0,0,0,-145,1,120,8200,0,121.25,-1.25,22,1,0,0,0,1000
1304,0,38,3180,500,1000,0,0,131,0,0,0,1,0,0,0,-145,1,120,8200,0,121.25,-1.25,22,1,0,0,0,1000
1305,0,39,3180,500,1000,0,0,130,0,0,0,1,0,0,0,-145,1,120,8200,0,121.25,-1.25,22,1,0,0,0,1000
1306,0,40,3180,500,1000,0,0,129,0,0,0,1,0,0,0,-145,1,120,8200,0,121.25,-1.25,22,1,0,0,0,1000
1307,0,41,3180,500,1000,0,0,128,0,0,0,1,0,0,0,-145,1,120,8200,0,121.25,-1.25,22,1,0,0,0,1000
1308,0,42,3180,500,1000,0,0,127,0,0,0,1,0,0,0,-145,1,120,8200,0,121.25,-1.25,22,1,0,0,0,1000
1309,0,43,3180,500,1000,0,0,126,0,0,0,1,0,0,0,-145,1,120,8200,0,121.25,-1.25,22,1,0,0,0,1000
1310,0,44,3180,500,1000,0,0,125,0,0,0,1,0,0,0,-145,1,120,8200,0,121.25,-1.25,22,1,0,0,0,1000
1311,0,45,3180,500,1000,0,0,124,0,0,0,1,0,0,0,-145,1,120,8200,0,121.25,-1.25,22,1,0,0,0,1000
1312,0,46,3180,500,1000,0,0,123,0,0,0,1,0,0,0,-145,1,120,8200,0,121.25,-1.25,23,1,0,0,0,1000
1313,0,47,3180,500,1000,0,0,122,0,0,0,1,0,0,0,-145,1,120,8200,0,121.25,-1.25,23,1,0,0,0,1000
1314,0,48,3180,500,1000,0,0,121,0,0,0,1,0,0,0,-145,1,120,8200,0,121.25,-1.25,23,1,0,0,0,1000
1315,0,49,3180,500,1000,0,0,120,0,0,0,1,0,0,0,-145,1,120,8200,0,121.25,-1.25,23,1,0,0,0,1000
1316,0,50,3180,500,1000,0,0,119,0,0,0,1,0,0,0,-145,1,120,8200,0,121.25,-1.25,23,1,0,0,0,1000
1317,0,51,3180,500,1000,0,0,118,0,0,0,1,0,0,0,-145,1,120,8200,0,121.25,-1.25,23,1,0,0,0,1000
1318,0,52,3180,500,1000,0,0,117,0,0,0,1,0,0,0,-145,1,120,8200,0,121.25,-1.25,23,1,0,0,0,1000
1319,0,53,3180,500,1000,0,0,116,0,0,0,1,0,0,0,-145,1,120,8200,0,121.25,-1.25,23,1,0,0,0,1000
1320,0,54,3180,500,1000,0,0,115,0,0,0,1,0,0,0,-145,1,120,8200,0,121.25,-1.25,23,1,0,0,0,1000
1321,0,55,3180,500,1000,0,0,114,0,0,0,1,0,0,0,-145,1,120,8200,0,121.25,-1.25,23,1,0,0,0,1000
1322,0,56,3180,500,1000,0,0,113,0,0,0,1,0,0,0,-145,1,120,8200,0,121.25,-1.25,23,1,0,0,0,1000
1323,0,57,3180,500,1000,0,0,112,0,0,0,1,0,0,0,-145,1,120,8200,0,121.25,-1.25,23,1,0,0,0,1000
1324,0,58,3180,500,1000,0,0,111,0,0,0,1,0,0,0,-145,1,120,8200,0,121.25,-1.25,23,1,0,0,0,1000
1325,0,59,3180,500,1000,0,0,110,0,0,0,1,0,0,0,-145,1,120,8200,0,121.25,-1.25,23,1,0,0,0,1000
1326,0,60,3180,500,1000,0,0,109,0,0,0,1,0,0,0,-145,1,120,8200,0,121.25,-1.25,23,1,0,0,0,1000
1327,0,61,3180,500,1000,0,0,108,0,0,0,1,0,0,0,-145,1,120,8200,0,121.25,-1.25,23,1,0,0,0,1000
1328,0,62,3180,500,1000,0,0,107,0,0,0,1,0,0,0,-145,1,120,8200,0,121.25,-1.25,23,1,0,0,0,1000
1329,0,63,3180,500,1000,0,0,106,0,0,0,1,0,0,0,-145,1,120,8200,0,121.25,-1.25,23,1,0,0,0,1000
1330,0,64,3180,500,1000,0,0,105,0,0,0,1,0,0,0,-145,1,120,8200,0,121.25,-1.25,23,1,0,0,0,1000
1331,0,65,3180,500,1000,0,0,104,0,0,0,1,0,0,0,-145,1,120,8200,0,121.25,-1.25,23,1,0,0,0,1000
1332,0,66,3180,500,1000,0,0,103,0,0,0,1,0,0,0,-145,1,120,8200,0,121.25,-1.25,23,1,0,0,0,1000
1333,0,67,3180,500,1000,0,0,102,0,0,0,1,0,0,0,-145,1,120,8200,0,121.25,-1.25,23,1,0,0,0,1000
1334,0,68,3180,500,1000,0,0,101,0,0,0,1,0,0,0,-145,1,120,8200,0,121.25,-1.25,23,1,0,0,0,1000
1335,0,69,3180,500,1000,0,0,100,0,0,0,1,0,0,0,-145,1,120,8200,0,121.25,-1.25,23,1,0,0,0,1000
1336,0,70,3180,500,1000,0,0,99,0,0,0,1,0,0,0,-145,1,120,8200,0,121.25,-1.25,23,1,0,0,0,1000
1337,0,71,3180,500,1000,0,0,98,0,0,0,1,0,0,0,-145,1,120,8200,0,121.25,-1.25,23,1,0,0,0,1000
1338,0,72,3180,500,1000,0,0,97,0,0,0,1,0,0,0,-145,1,120,8200,0,121.25,-1.25,23,1,0,0,0,1000
1339,0,73,3180,500,1000,0,0,96,0,0,0,1,0,0,0,-145,1,120,8200,0,121.25,-1.25,23,1,0,0,0,1000
1340,0,74,3180,500,1000,0,0,95,0,0,0,1,0,0,0,-145,1,120,8200,0,121.25,-1.25,23,1,0,0,0,1000
1341,0,75,3180,500,1000,0,0,94,0,0,0,1,0,0,0,-145,1,120,8200,0,121.25,-1.25,23,1,0,0,0,1000
1342,0,76,3180,500,1000,0,0,93,0,0,0,1,0,0,0,-145,1,120,8200,0,121.25,-1.25,23,1,0,0,0,1000
1343,0,77,3180,500,1000,0,0,92,0,0,0,1,0,0,0,-145,1,120,8200,0,121.25,-1.25,23,1,0,0,0,1000
1344,0,78,3180,500,1000,0,0,91,0,0,0,1,0,0,0,-145,1,120,8200,0,121.25,-1.25,23,1,0,0,0,1000
1345,0,79,3180,500,1000,0,0,90,0,0,0,1,0,0,0,-145,1,120,8200,0,121.25,-1.25,23,1,0,0,0,1000
1346,0,80,3180,500,1000,0,0,89,0,0,0,1,0,0,0,-145,1,120,8200,0,121.25,-1.25,23,1,0,0,0,1000
1347,0,81,3180,500,1000,0,0,88,0,0,0,1,0,0,0,-145,1,120,8200,0,121.25,-1.25,23,1,0,0,0,1000
1348,0,82,3180,500,1000,0,0,87,0,0,0,1,0,0,0,-145,1,120,8200,0,121.25,-1.25,24,1,0,0,0,1000
1349,0,83,3180,500,1000,0,0,86,0,0,0,1,0,0,0,-145,1,120,8200,0,121.25,-1.25,24,1,0,0,0,1000
1350,0,84,3180,500,1000,0,0,85,0,0,0,1,0,0,0,-145,1,120,8200,0,121.25,-1.25,24,1,0,0,0,1000
1351,0,85,3180,500,1000,0,0,84,0,0,0,1,0,0,0,-145,1,120,8200,0,121.25,-1.25,24,1,0,0,0,1000
1352,0,86,3180,500,1000,0,0,83,0,0,0,1,0,0,0,-145,1,120,8200,0,121.25,-1.25,24,1,0,0,0,1000
1353,0,87,3180,500,1000,0,0,82,0,0,0,1,0,0,0,-145,1,120,8200,0,121.25,-1.25,24,1,0,0,0,1000
1354,0,88,3180,500,1000,0,0,81,0,0,0,1,0,0,0,-145,1,120,8200,0,121.25,-1.25,24,1,0,0,0,1000
1355,0,89,3180,500,1000,0,0,80,0,0,0,1,0,0,0,-145,1,120,8200,0,121.25,-1.25,24,1,0,0,0,1000
1356,0,90,3180,500,1000,0,0,79,0,0,0,1,0,0,0,-145,1,120,8200,0,121.25,-1.25,24,1,0,0,0,1000
1357,0,91,3180,500,1000,0,0,78,0,0,0,1,0,0,0,-145,1,120,8200,0,121.25,-1.25,24,1,0,0,0,1000
1358,0,92,3180,500,1000,0,0,77,0,0,0,1,0,0,0,-145,1,120,8200,0,121.25,-1.25,24,1,0,0,0,1000
1359,0,93,3180,500,1000,0,0,76,0,0,0,1,0,0,0,-145,1,120,8200,0,121.25,-1.25,24,1,0,0,0,1000
1360,0,94,3180,500,1000,0,0,75,0,0,0,1,0,0,0,-145,1,120,8200,0,121.25,-1.25,24,1,0,0,0,1000
1361,0,95,3180,500,1000,0,0,74,0,0,0,1,0,0,0,-145,1,120,8200,0,121.25,-1.25,24,1,0,0,0,1000
1362,0,96,3180,500,1000,0,0,73,0,0,0,1,0,0,0,-145,1,120,8200,0,121.25,-1.25,24,1,0,0,0,1000
1363,0,97,3180,500,1000,0,0,72,0,0,0,1,0,0,0,-145,1,120,8200,0,121.25,-1.25,24,1,0,0,0,1000
1364,0,98,3180,500,1000,0,0,71,0,0,0,1,0,0,0,-145,1,120,8200,0,121.25,-1.25,24,1,0,0,0,1000
1365,0,99,3180,500,1000,0,0,70,0,0,0,1,0,0,0,-145,1,120,8200,0,121.25,-1.25,24,1,0,0,0,1000
1366,0,100,3180,500,1000,0,0,69,0,0,0,1,0,0,0,-145,1,120,8200,0,121.25,-1.25,1,1,0,0,0,1000
1367,0,101,3180,500,1000,0,0,68,0,0,0,1,0,0,0,-145,1,120,8200,0,121.25,-1.25,1,1,0,0,0,1000
1368,0,102,3180,500,1000,0,0,67,0,0,0,1,0,0,0,-145,1,120,8200,0,121.25,-1.25,1,1,0,0,0,1000
1369,0,103,3180,500,1000,0,0,66,0,0,0,1,0,0,0,-145,1,120,8200,0,121.25,-1.25,1,1,0,0,0,1000
1370,0,104,3180,500,1000,0,0,65,0,0,0,1,0,0,0,-145,1,120,8200,0,121.25,-1.25,1,1,0,0,0,1000
1371,0,105,3180,500,1000,0,0,64,0,0,0,1,0,0,0,-145,1,120,8200,0,121.25,-1.25,1,1,0,0,0,1000
1372,0,106,3180,500,1000,0,0,63,0,0,0,1,0,0,0,-145,1,120,8200,0,121.25,-1.25,1,1,0,0,0,1000
1373,0,107,3180,500,1000,0,0,62,0,0,0,1,0,0,0,-145,1,120,8200,0,121.25,-1.25,1,1,0,0,0,1000
1374,0,108,3180,500,1000,0,0,61,0,0,0,1,0,0,0,-145,1,120,8200,0,121.25,-1.25,1,1,0,0,0,1000
1375,0,109,3180,500,1000,0,0,60,0,0,0,1,0,0,0,-145,1,120,8200,0,121.25,-1.25,1,1,0,0,0,1000
1376,0,110,3180,500,1000,0,0,59,0,0,0,1,0,0,0,-145,1,120,8200,0,121.25,-1.25,1,1,0,0,0,1000
1377,0,111,3180,500,1000,0,0,58,0,0,0,1,0,0,0,-145,1,120,8200,0,121.25,-1.25,1,1,0,0,0,1000
1378,0,112,3180,500,1000,0,0,57,0,0,0,1,0,0,0,-145,1,120,8200,0,121.25,-1.25,2,1,0,0,0,1000
1379,0,113,3180,500,1000,0,0,56,0,0,0,1,0,0,0,-145,1,120,8200,0,121.25,-1.25,2,1,0,0,0,1000
1380,0,114,3180,500,1000,0,0,55,0,0,0,1,0,0,0,-145,1,120,8200,0,121.25,-1.25,2,1,0,0,0,1000
1381,0,115,3180,500,1000,0,0,54,0,0,0,1,0,0,0,-145,1,120,8200,0,121.25,-1.25,2,1,0,0,0,1000
1382,0,116,3180,500,1000,0,0,53,0,0,0,1,0,0,0,-145,1,120,8200,0,121.25,-1.25,2,1,0,0,0,1000
1383,0,117,3180,500,1000,0,0,52,0,0,0,1,0,0,0,-145,1,120,8200,0,121.25,-1.25,2,1,0,0,0,1000
1384,0,118,3180,500,1000,0,0,51,0,0,0,1,0,0,0,-145,1,120,8200,0,121.25,-1.25,2,1,0,0,0,1000
1385,0,119,3180,500,1000,0,0,50,0,0,0,1,0,0,0,-145,1,120,8200,0,121.25,-1.25,2,1,0,0,0,1000
1386,0,120,3180,500,1000,0,0,49,0,0,0,1,0,0,0,-145,1,120,8200,0,121.25,-1.25,2,1,0,0,0,1000
1387,0,121,3180,500,1000,0,0,48,0,0,0,1,0,0,0,-145,1,120,8200,0,121.25,-1.25,2,1,0,0,0,1000
1388,0,122,3180,500,1000,0,0,47,0,0,0,1,0,0,0,-145,1,120,8200,0,121.25,-1.25,2,1,0,0,0,1000
1389,0,123,3180,500,1000,0,0,46,0,0,0,1,0,0,0,-145,1,120,8200,0,121.25,-1.25,2,1,0,0,0,1000
1390,0,124,3180,500,1000,0,0,45,0,0,0,1,0,0,0,-145,1,120,8200,0,121.25,-1.25,3,1,0,0,0,1000
1391,0,125,3180,500,1000,0,0,44,0,0,0,1,0,0,0,-145,1,120,8200,0,121.25,-1.25,3,1,0,0,0,1000
1392,0,126,3180,500,1000,0,0,43,0,0,0,1,0,0,0,-145,1,120,8200,0,121.25,-1.25,3,1,0,0,0,1000
1393,0,127,3180,500,1000,0,0,42,0,0,0,1,0,0,0,-145,1,120,8200,0,121.25,-1.25,3,1,0,0,0,1000
1394,0,128,3180,500,1000,0,0,41,0,0,0,1,0,0,0,-145,1,120,8200,0,121.25,-1.25,3,1,0,0,0,1000
1395,0,129,3180,500,1000,0,0,40,0,0,0,1,0,0,0,-145,1,120,8200,0,121.25,-1.25,3,1,0,0,0,1000
1396,0,130,3180,500,1000,0,0,39,0,0,0,1,0,0,0,-145,1,120,8200,0,121.25,-1.25,3,1,0,0,0,1000
1397,0,131,3180,500,1000,0,0,38,0,0,0,1,0,0,0,-145,1,120,8200,0,121.25,-1.25,3,1,0,0,0,1000
1398,0,132,3180,500,1000,0,0,37,0,0,0,1,0,0,0,-145,1,120,8200,0,121.25,-1.25,3,1,0,0,0,1000
1399,0,133,3180,500,1000,0,0,36,0,0,0,1,0,0,0,-145,1,120,8200,0,121.25,-1.25,3,1,0,0,0,1000
1400,0,134,3180,500,1000,0,0,35,0,0,0,1,0,0,0,-145,1,120,8200,0,121.25,-1.25,3,1,0,0,0,1000
1401,0,135,3180,500,1000,0,0,34,0,0,0,1,0,0,0,-145,1,120,8200,0,121.25,-1.25,3,1,0,0,0,1000
1402,0,136,3180,500,1000,0,0,33,0,0,0,1,0,0,0,-145,1,120,8200,0,121.25,-1.25,4,1,0,0,0,1000
1403,0,137,3180,500,1000,0,0,32,0,0,0,1,0,0,0,-145,1,120,8200,0,121.25,-1.25,4,1,0,0,0,1000
1404,0,138,3180,500,1000,0,0,31,0,0,0,1,0,0,0,-145,1,120,8200,0,121.25,-1.25,4,1,0,0,0,1000
1405,0,139,3180,500,1000,0,0,30,0,0,0,1,0,0,0,-145,1,120,8200,0,121.25,-1.25,4,1,0,0,0,1000
1406,0,140,3180,500,1000,0,0,29,0,0,0,1,0,0,0,-145,1,120,8200,0,121.25,-1.25,4,1,0,0,0,1000
1407,0,141,3180,500,1000,0,0,28,0,0,0,1,0,0,0,-145,1,120,8200,0,121.25,-1.25,4,1,0,0,0,1000
1408,0,142,3180,500,1000,0,0,27,0,0,0,1,0,0,0,-145,1,120,8200,0,121.25,-1.25,4,1,0,0,0,1000
1409,0,143,3180,500,1000,0,0,26,0,0,0,1,0,0,0,-145,1,120,8200,0,121.25,-1.25,4,1,0,0,0,1000
1410,0,144,3180,500,1000,0,0,25,0,0,0,1,0,0,0,-145,1,120,8200,0,121.25,-1.25,4,1,0,0,0,1000
1411,0,145,3180,500,1000,0,0,24,0,0,0,1,0,0,0,-145,1,120,8200,0,121.25,-1.25,4,1,0,0,0,1000
1412,0,146,3180,500,1000,0,0,23,0,0,0,1,0,0,0,-145,1,120,8200,0,121.25,-1.25,4,1,0,0,0,1000
1413,0,147,3180,500,1000,0,0,22,0,0,0,1,0,0,0,-145,1,120,8200,0,121.25,-1.25,4,1,0,0,0,1000
1414,0,148,3180,500,1000,0,0,21,0,0,0,1,0,0,0,-145,1,120,8200,0,121.25,-1.25,5,1,0,0,0,1000
1415,0,149,3180,500,1000,0,0,20,0,0,0,1,0,0,0,-145,1,120,8200,0,121.25,-1.25,5,1,0,0,0,1000
1416,0,150,3180,500,1000,0,0,19,0,0,0,1,0,0,0,-145,1,120,8200,0,121.25,-1.25,5,1,0,0,0,1000
1417,0,151,3180,500,1000,0,0,18,0,0,0,1,0,0,0,-145,1,120,8200,0,121.25,-1.25,5,1,0,0,0,1000
1418,0,152,3180,500,1000,0,0,17,0,0,0,1,0,0,0,-145,1,120,8200,0,121.25,-1.25,5,1,0,0,0,1000
1419,0,153,3180,500,1000,0,0,16,0,0,0,1,0,0,0,-145,1,120,8200,0,121.25,-1.25,5,1,0,0,0,1000
1420,0,154,3180,500,1000,0,0,15,0,0,0,1,0,0,0,-145,1,120,8200,0,121.25,-1.25,5,1,0,0,0,1000
1421,0,155,3180,500,1000,0,0,14,0,0,0,1,0,0,0,-145,1,120,8200,0,121.25,-1.25,5,1,0,0,0,1000
1422,0,156,3180,500,1000,0,0,13,0,0,0,1,0,0,0,-145,1,120,8200,0,121.25,-1.25,5,1,0,0,0,1000
1423,0,157,3180,500,1000,0,0,12,0,0,0,1,0,0,0,-145,1,120,8200,0,121.25,-1.25,5,1,0,0,0,1000
1424,0,158,3180,500,1000,0,0,11,0,0,0,1,0,0,0,-145,1,120,8200,0,121.25,-1.25,5,1,0,0,0,1000
1425,0,159,3180,500,1000,0,0,10,0,0,0,1,0,0,0,-145,1,120,8200,0,121.25,-1.25,5,1,0,0,0,1000
1426,0,160,3180,500,1000,0,0,9,0,0,0,1,0,0,0,-145,1,120,8200,0,121.25,-1.25,6,1,0,0,0,1000
1427,0,161,3180,500,1000,0,0,8,0,0,0,1,0,0,0,-145,1,120,8200,0,121.25,-1.25,6,1,0,0,0,1000
1428,0,162,3180,500,1000,0,0,7,0,0,0,1,0,0,0,-145,1,120,8200,0,121.25,-1.25,6,1,0,0,0,1000
1429,0,163,3180,500,1000,0,0,6,0,0,0,1,0,0,0,-145,1,120,8200,0,121.25,-1.25,6,1,0,0,0,1000
1430,0,164,3180,500,1000,0,0,5,0,0,0,1,0,0,0,-145,1,120,8200,0,121.25,-1.25,6,1,0,0,0,1000
1431,0,165,3180,500,1000,0,0,4,0,0,0,1,0,0,0,-145,1,120,8200,0,121.25,-1.25,6,1,0,0,0,1000
1432,0,166,3180,500,1000,0,0,3,0,0,0,1,0,0,0,-145,1,120,8200,0,121.25,-1.25,6,1,0,0,0,1000
1433,0,167,3180,500,1000,0,0,2,0,0,0,1,0,0,0,-145,1,120,8200,0,121.25,-1.25,6,1,0,0,0,1000
1434,0,168,3180,500,1000,0,0,1,0,0,0,1,0,0,0,-145,1,120,8200,0,121.25,-1.25,6,1,0,0,0,1000
1435,0,169,3180,500,1000,0,0,0,0,0,0,1,0,0,0,-145,1,120,8200,0,121.25,-1.25,6,1,0,0,0,1000
1436,0,170,3180,500,1000,0,0,0,0,0,0,1,0,0,0,-145,1,120,8200,0,121.25,-1.25,6,1,0,0,0,1000
1437,0,171,3180,500,1000,0,0,0,0,0,0,1,0,0,0,-145,1,120,8200,0,121.25,-1.25,6,1,0,0,0,1000
1438,0,172,3180,500,1000,0,0,0,0,0,0,1,0,0,0,-145,1,120,8200,0,121.25,-1.25,7,1,0,0,0,1000
1439,0,173,3180,500,1000,0,0,0,0,0,0,1,0,0,0,-145,1,120,8200,0,121.25,-1.25,7,1,0,0,0,1000
1440,0,174,3180,500,1000,0,0,0,0,0,0,1,0,0,0,-145,1,120,8200,0,121.25,-1.25,7,1,0,0,0,1000
1441,0,175,3180,500,1000,0,0,0,0,0,0,1,0,0,0,-145,1,120,8200,0,121.25,-1.25,7,1,0,0,0,1000
1442,0,176,3180,500,1000,0,0,0,0,0,0,1,0,0,0,-145,1,120,8200,0,121.25,-1.25,7,1,0,0,0,1000
1443,0,177,3180,500,1000,0,0,0,0,0,0,1,0,0,0,-145,1,120,8200,0,121.25,-1.25,7,1,0,0,0,1000
1444,0,178,3180,500,1000,0,0,0,0,0,0,1,0,0,0,-145,1,120,8200,0,121.25,-1.25,7,1,0,0,0,1000
1445,0,179,3180,500,1000,0,0,0,0,0,0,1,0,0,0,-145,1,120,8200,0,121.25,-1.25,7,1,0,0,0,1000
1446,0,180,3180,500,1000,0,0,0,0,0,0,1,0,0,0,-145,1,120,8200,0,121.25,-1.25,7,1,0,0,0,1000
1447,0,181,3180,500,1000,0,0,0,0,0,0,1,0,0,0,-145,1,120,8200,0,121.25,-1.25,7,1,0,0,0,1000
1448,0,182,3180,500,1000,0,0,0,0,0,0,1,0,0,0,-145,1,120,8200,0,121.25,-1.25,7,1,0,0,0,1000
1449,0,183,3180,500,1000,0,0,0,0,0,0,1,0,0,0,-145,1,120,8200,0,121.25,-1.25,7,1,0,0,0,1000
1450,0,184,3180,500,1000,0,0,0,0,0,0,1,0,0,0,-145,1,120,8200,0,121.25,-1.25,8,1,0,0,0,1000
1451,0,185,3180,500,1000,0,0,0,0,0,0,1,0,0,0,-145,1,120,8200,0,121.25,-1.25,8,1,0,0,0,1000
1452,0,186,3180,500,1000,0,0,0,0,0,0,1,0,0,0,-145,1,120,8200,0,121.25,-1.25,8,1,0,0,0,1000
1453,0,187,3180,500,1000,0,0,0,0,0,0,1,0,0,0,-145,1,120,8200,0,121.25,-1.25,8,1,0,0,0,1000
1454,0,188,3180,500,1000,0,0,0,0,0,0,1,0,0,0,-145,1,120,8200,0,121.25,-1.25,8,1,0,0,0,1000
1455,0,189,3180,500,1000,0,0,0,0,0,0,1,0,0,0,-145,1,120,8200,0,121.25,-1.25,8,1,0,0,0,1000
1456,0,190,3180,500,1000,0,0,0,0,0,0,1,0,0,0,-145,1,120,8200,0,121.25,-1.25,8,1,0,0,0,1000
1457,0,191,3180,500,1000,0,0,0,0,0,0,1,0,0,0,-145,1,120,8200,0,121.25,-1.25,8,1,0,0,0,1000
1458,0,192,3180,500,1000,0,0,0,0,0,0,1,0,0,0,-145,1,120,8200,0,121.25,-1.25,8,1,0,0,0,1000
1459,0,193,3180,500,1000,0,0,0,0,0,0,1,0,0,0,-145,1,120,8200,0,121.25,-1.25,8,1,0,0,0,1000
1460,0,194,3180,500,1000,0,0,0,0,0,0,1,0,0,0,-145,1,120,8200,0,121.25,-1.25,8,1,0,0,0,1000
1461,0,195,3180,500,1000,0,0,0,0,0,0,1,0,0,0,-145,1,120,8200,0,121.25,-1.25,8,1,0,0,0,1000
1462,0,196,3180,500,1000,0,0,0,0,0,0,1,0,0,0,-145,1,120,8200,0,121.25,-1.25,9,1,0,0,0,1000
1463,0,197,3180,500,1000,0,0,0,0,0,0,1,0,0,0,-145,1,120,8200,0,121.25,-1.25,9,1,0,0,0,1000
1464,0,198,3180,500,1000,0,0,0,0,0,0,1,0,0,0,-145,1,120,8200,0,121.25,-1.25,9,1,0,0,0,1000
1465,0,199,3180,500,1000,0,0,0,0,0,0,1,0,0,0,-145,1,120,8200,0,121.25,-1.25,9,1,0,0,0,1000
1466,0,200,3180,500,1000,0,0,0,0,0,0,1,0,0,0,-145,1,120,8200,0,121.25,-1.25,9,1,0,0,0,1000
1467,0,201,3180,500,1000,0,0,0,0,0,0,1,0,0,0,-145,1,120,8200,0,121.25,-1.25,9,1,0,0,0,1000
1468,0,202,3180,500,1000,0,0,0,0,0,0,1,0,0,0,-145,1,120,8200,0,121.25,-1.25,9,1,0,0,0,1000
1469,0,203,3180,500,1000,0,0,0,0,0,0,1,0,0,0,-145,1,120,8200,0,121.25,-1.25,9,1,0,0,0,1000
1470,0,204,3180,500,1000,0,0,0,0,0,0,1,0,0,0,-145,1,120,8200,0,121.25,-1.25,9,1,0,0,0,1000
1471,0,205,3180,500,1000,0,0,0,0,0,0,1,0,0,0,-145,1,120,8200,0,121.25,-1.25,9,1,0,0,0,1000
1472,0,206,3180,500,1000,0,0,0,0,0,0,1,0,0,0,-145,1,120,8200,0,121.25,-1.25,9,1,0,0,0,1000
1473,0,207,3180,500,1000,0,0,0,0,0,0,1,0,0,0,-145,1,120,8200,0,121.25,-1.25,9,1,0,0,0,1000
1474,0,208,3180,500,1000,0,0,0,0,0,0,1,0,0,0,-145,1,120,8200,0,121.25,-1.25,10,1,0,0,0,1000
1475,0,209,3180,500,1000,0,0,0,0,0,0,1,0,0,0,-145,1,120,8200,0,121.25,-1.25,10,1,0,0,0,1000
1476,0,210,3180,500,1000,0,0,0,0,0,0,1,0,0,0,-145,1,120,8200,0,121.25,-1.25,10,1,0,0,0,1000
1477,0,211,3180,500,1000,0,0,0,0,0,0,1,0,0,0,-145,1,120,8200,0,121.25,-1.25,10,1,0,0,0,1000
1478,0,212,3180,500,1000,0,0,0,0,0,0,1,0,0,0,-145,1,120,8200,0,121.25,-1.25,10,1,0,0,0,1000
1479,0,213,3180,500,1000,0,0,0,0,0,0,1,0,0,0,-145,1,120,8200,0,121.25,-1.25,10,1,0,0,0,1000
1480,0,214,3180,500,1000,0,0,0,0,0,0,1,0,0,0,-145,1,120,8200,0,121.25,-1.25,10,1,0,0,0,1000
1481,0,215,3180,500,1000,0,0,0,0,0,0,1,0,0,0,-145,1,120,8200,0,121.25,-1.25,10,1,0,0,0,1000
1482,0,216,3180,500,1000,0,0,0,0,0,0,1,0,0,0,-145,1,120,8200,0,121.25,-1.25,10,1,0,0,0,1000
1483,0,217,3180,500,1000,0,0,0,0,0,0,1,0,0,0,-145,1,120,8200,0,121.25,-1.25,10,1,0,0,0,1000
1484,0,218,3180,500,1000,0,0,0,0,0,0,1,0,0,0,-145,1,120,8200,0,121.25,-1.25,10,1,0,0,0,1000
1485,0,219,3180,500,1000,0,0,0,0,0,0,1,0,0,0,-145,1,120,8200,0,121.25,-1.25,10,1,0,0,0,1000
1486,0,220,3180,500,1000,0,0,0,0,0,0,1,0,0,0,-145,1,120,8200,0,121.25,-1.25,11,1,0,0,0,1000
1487,0,221,3180,500,1000,0,0,0,0,0,0,1,0,0,0,-145,1,120,8200,0,121.25,-1.25,11,1,0,0,0,1000
1488,0,222,3180,500,1000,0,0,0,0,0,0,1,0,0,0,-145,1,120,8200,0,121.25,-1.25,11,1,0,0,0,1000
1489,0,223,3180,500,1000,0,0,0,0,0,0,1,0,0,0,-145,1,120,8200,0,121.25,-1.25,11,1,0,0,0,1000
1490,0,224,3180,500,1000,0,0,0,0,0,0,1,0,0,0,-145,1,120,8200,0,121.25,-1.25,11,1,0,0,0,1000
1491,0,225,3180,500,1000,0,0,0,0,0,0,1,0,0,0,-145,1,120,8200,0,121.25,-1.25,11,1,0,0,0,1000
1492,0,226,3180,500,1000,0,0,0,0,0,0,1,0,0,0,-145,1,120,8200,0,121.25,-1.25,11,1,0,0,0,1000
1493,0,227,3180,500,1000,0,0,0,0,0,0,1,0,0,0,-145,1,120,8200,0,121.25,-1.25,11,1,0,0,0,1000
1494,0,228,3180,500,1000,0,0,0,0,0,0,1,0,0,0,-145,1,120,8200,0,121.25,-1.25,11,1,0,0,0,1000
1495,0,229,3180,500,1000,0,0,0,0,0,0,1,0,0,0,-145,1,120,8200,0,121.25,-1.25,11,1,0,0,0,1000
1496,0,230,3180,500,1000,0,0,0,0,0,0,1,0,0,0,-145,1,120,8200,0,121.25,-1.25,11,1,0,0,0,1000
1497,0,231,3180,500,1000,0,0,0,0,0,0,1,0,0,0,-145,1,120,8200,0,121.25,-1.25,11,1,0,0,0,1000
1498,0,232,3180,500,1000,0,0,0,0,0,0,1,0,0,0,-145,1,120,8200,0,121.25,-1.25,12,1,0,0,0,1000
1499,0,233,3180,500,1000,0,0,0,0,0,0,1,0,0,0,-145,1,120,8200,0,121.25,-1.25,12,1,0,0,0,1000
1500,0,234,3180,500,1000,0,0,0,0,0,0,1,0,0,0,-145,1,120,8200,0,121.25,-1.25,12,1,0,0,0,1000
1501,0,235,3180,500,1000,0,0,0,0,0,0,1,0,0,0,-145,1,120,8200,0,121.25,-1.25,12,1,0,0,0,1000
1502,0,236,3180,500,1000,0,0,0,0,0,0,1,0,0,0,-145,1,120,8200,0,121.25,-1.25,12,1,0,0,0,1000
1503,0,237,3180,500,1000,0,0,0,0,0,0,1,0,0,0,-145,1,120,8200,0,121.25,-1.25,12,1,0,0,0,1000
1504,0,238,3180,500,1000,0,0,0,0,0,0,1,0,0,0,-145,1,120,8200,0,121.25,-1.25,12,1,0,0,0,1000
1505,0,239,3180,500,1000,0,0,0,0,0,0,1,0,0,0,-145,1,120,8200,0,121.25,-1.25,12,1,0,0,0,1000
1506,0,240,3180,500,1000,0,0,0,0,0,0,1,0,0,0,-145,1,120,8200,0,121.25,-1.25,12,1,0,0,0,1000
1507,0,241,3180,500,1000,0,0,0,0,0,0,1,0,0,0,-145,1,120,8200,0,121.25,-1.25,12,1,0,0,0,1000
1508,0,242,3180,500,1000,0,0,0,0,0,0,1,0,0,0,-145,1,120,8200,0,121.25,-1.25,12,1,0,0,0,1000
1509,0,243,3180,500,1000,0,0,0,0,0,0,1,0,0,0,-145,1,120,8200,0,121.25,-1.25,12,1,0,0,0,1000
1510,0,1,3000,500,1000,0,0,0,0,0,0,1,0,0,0,-145,1,120,8200,0,121.25,-1.25,12,0,0,0,0,1000
1511,0,2,3000,500,1000,0,0,0,0,0,0,1,0,0,0,-145,1,120,8200,0,121.25,-1.25,13,0,0,0,0,1000
1512,0,3,3000,500,1000,0,0,0,0,0,0,1,0,0,0,-145,1,120,8200,0,121.25,-1.25,13,0,0,0,0,1000
1513,0,4,3000,500,1000,0,0,0,0,0,0,1,0,0,0,-145,1,120,8200,0,121.25,-1.25,13,0,0,0,0,1000
1514,0,5,3000,500,1000,0,0,0,0,0,0,1,0,0,0,-145,1,120,8200,0,121.25,-1.25,13,0,0,0,0,1000
1515,0,6,3000,500,1000,0,0,0,0,0,0,1,0,0,0,-145,1,120,8200,0,121.25,-1.25,13,0,0,0,0,1000
1516,0,7,3000,500,1000,0,0,0,0,0,0,1,0,0,0,-145,1,120,8200,0,121.25,-1.25,13,0,0,0,0,1000
1517,0,8,3000,500,1000,0,0,0,0,0,0,1,0,0,0,-145,1,120,8200,0,121.25,-1.25,13,0,0,0,0,1000
1518,0,9,3000,500,1000,0,0,0,0,0,0,1,0,0,0,-145,1,120,8200,0,121.25,-1.25,13,0,0,0,0,1000
1519,10,1,3000,500,1000,0,0,0,0,0,0,1,0,0,0,-145,1,120,8200,0,121.25,-1.25,13,0,0,0,0,1000
1520,10,2,3000,500,1000,0,0,0,0,0,0,1,0,0,0,-145,1,120,8200,0,121.25,-1.25,13,0,0,0,0,1000
1521,10,3,3000,500,1000,0,0,0,0,0,0,1,0,0,0,-145,1,120,8200,0,121.25,-1.25,13,0,0,0,0,1000
1522,10,4,3000,500,1000,0,0,0,0,0,0,1,0,0,0,-145,1,120,8200,0,121.25,-1.25,14,0,0,0,0,1000
1523,10,5,3000,500,1000,0,0,0,0,0,0,1,0,0,0,-145,1,120,8200,0,121.25,-1.25,14,0,0,0,0,1000
1524,10,6,3000,500,1000,0,0,0,0,0,0,1,0,0,0,-145,1,120,8200,0,121.25,-1.25,14,0,0,0,0,1000
1525,12,1,3000,500,1000,0,0,0,0,0,0,1,0,0,0,-145,1,120,8200,0,121.25,-1.25,14,0,0,0,0,1000
1526,20,1,3000,500,1000,0,0,0,0,0,0,1,0,0,0,-143.3000030517578,1,120,8200,0,121.25,-1.25,14,0,0,0,0,1000
1527,20,2,3000,500,1000,0,0,0,0,0,0,1,0,0,0,-141.60000610351562,1,120,8200,0,121.25,-1.25,14,0,0,0,0,1000
1528,10,1,3000,500,1000,0,0,0,0,0,0,1,0,0,0,-141.60000610351562,1,120,8200,0,121.25,-1.25,14,0,0,0,0,1000
1529,10,2,3000,500,1000,0,0,0,0,0,0,1,0,0,0,-141.60000610351562,1,120,8200,0,121.25,-1.25,14,0,0,0,0,1000
1530,10,3,3000,500,1000,0,0,0,0,0,0,1,0,0,0,-141.60000610351562,1,120,8200,0,121.25,-1.25,14,0,0,0,0,1000
1531,10,4,3000,500,1000,0,0,0,0,0,0,1,0,0,0,-141.60000610351562,1,120,8200,0,121.25,-1.25,14,0,0,0,0,1000
1532,10,5,3000,500,1000,0,0,0,0,0,0,1,0,0,0,-141.60000610351562,1,120,8200,0,121.25,-1.25,14,0,0,0,0,1000
1533,10,6,3000,500,1000,0,0,0,0,0,0,1,0,0,0,-141.60000610351562,1,120,8200,0,121.25,-1.25,14,0,0,0,0,1000
1534,3000,1,2000,500,1000,0,0,0,0,0,0,1,0,0,0,-141.60000610351562,1,120,8200,0,121.25,-1.25,15,0,0,0,0,1000
1535,3000,2,2000,500,1000,0,0,0,0,0,0,1,0,0,0,-141.60000610351562,1,120,8200,0,121.25,-1.25,15,0,0,0,0,1000
1536,3000,3,2000,500,1000,0,0,0,0,0,0,1,0,0,0,-141.60000610351562,1,120,8200,0,121.25,-1.25,15,0,0,0,0,1000
1537,3000,4,2000,500,1000,0,0,0,0,0,0,1,0,0,0,-141.60000610351562,1,120,8200,0,121.25,-1.25,15,0,0,0,0,1000
1538,3000,5,2000,500,1000,0,0,0,0,0,0,1,0,0,0,-141.60000610351562,1,120,8200,0,121.25,-1.25,15,0,0,0,0,1000
1539,3000,6,2000,500,1000,0,0,0,0,0,0,1,0,0,0,-141.60000610351562,1,120,8200,0,121.25,-1.25,15,0,0,0,0,1000
1540,3000,7,2000,500,1000,0,0,0,0,0,0,1,0,0,0,-141.60000610351562,1,120,8200,0,121.25,-1.25,15,0,0,0,0,1000
1541,3000,8,2000,500,1000,0,0,0,0,0,0,1,0,0,0,-141.60000610351562,1,120,8200,0,121.25,-1.25,15,0,0,0,0,1000
1542,3000,9,2000,500,1000,0,0,0,0,0,0,1,0,0,0,-141.60000610351562,1,120,8200,0,121.25,-1.25,15,0,0,0,0,1000
1543,3000,10,2000,500,1000,0,0,0,0,0,0,1,0,0,0,-141.60000610351562,1,120,8210,0,121.25,-1.25,1,0,0,0,0,1000
1544,3000,11,2000,500,1000,0,0,0,0,0,0,1,0,0,0,-141.60000610351562,1,120,8210,0,121.25,-1.25,1,0,0,0,0,1000
1545,3000,12,2000,500,1000,0,0,0,0,0,0,1,0,0,0,-141.60000610351562,1,120,8210,0,121.25,-1.25,1,0,0,0,0,1000
1546,3000,13,2000,500,1000,0,0,0,0,0,0,1,0,0,0,-141.60000610351562,1,120,8210,0,121.25,-1.25,1,0,0,0,0,1000
1547,3000,14,2000,500,1000,0,0,0,0,0,0,1,0,0,0,-141.60000610351562,1,120,8210,0,121.25,-1.25,2,0,0,0,0,1000
1548,3000,15,2000,500,1000,0,0,0,0,0,0,1,0,0,0,-141.60000610351562,1,120,8210,0,121.25,-1.25,2,0,0,0,0,1000
1549,3000,16,2000,500,1000,0,0,0,0,0,0,1,0,0,0,-141.60000610351562,1,120,8210,0,121.25,-1.25,2,0,0,0,0,1000
1550,3000,17,2000,500,1000,0,0,0,0,0,0,1,0,0,0,-141.60000610351562,1,120,8210,0,121.25,-1.25,2,0,0,0,0,1000
1551,3000,18,2000,500,1000,0,0,0,0,0,0,1,0,0,0,-141.60000610351562,1,120,8210,0,121.25,-1.25,2,0,0,0,0,1000
1552,3000,19,2000,500,1000,0,0,0,0,0,0,1,0,0,0,-141.60000610351562,1,120,8210,0,121.25,-1.25,3,0,0,0,0,1000
1553,3000,20,2000,500,1000,0,0,0,0,0,0,1,0,0,0,-141.60000610351562,1,120,8210,0,121.25,-1.25,3,0,0,0,0,1000
1554,3000,21,2000,500,1000,0,0,0,0,0,0,1,0,0,0,-141.60000610351562,1,120,8210,0,121.25,-1.25,3,0,0,0,0,1000
1555,3000,22,2000,500,1000,0,0,0,0,0,0,1,0,0,0,-141.60000610351562,1,120,8210,0,121.25,-1.25,3,0,0,0,0,1000
1556,3000,23,2000,500,1000,0,0,0,0,0,0,1,0,0,0,-141.60000610351562,1,120,8210,0,121.25,-1.25,3,0,0,0,0,1000
1557,3000,24,2000,500,1000,0,0,0,0,0,0,1,0,0,0,-141.60000610351562,1,120,8210,0,121.25,-1.25,4,0,0,0,0,1000
1558,3000,25,2000,500,1000,0,0,0,0,0,0,1,0,0,0,-141.60000610351562,1,120,8210,0,121.25,-1.25,4,0,0,0,0,1000
1559,3000,26,2000,500,1000,0,0,0,0,0,0,1,0,0,0,-141.60000610351562,1,120,8210,0,121.25,-1.25,4,0,0,0,0,1000
1560,3000,27,2000,500,1000,0,0,0,0,0,0,1,0,0,0,-141.60000610351562,1,120,8210,0,121.25,-1.25,4,0,0,0,0,1000
1561,3000,28,2000,500,1000,0,0,0,0,0,0,1,0,0,0,-141.60000610351562,1,120,8210,0,121.25,-1.25,4,0,0,0,0,1000
1562,3000,29,2000,500,1000,0,0,0,0,0,0,1,0,0,0,-141.60000610351562,1,120,8210,0,121.25,-1.25,5,0,0,0,0,1000
1563,3000,30,2000,500,1000,0,0,0,0,0,0,1,0,0,0,-141.60000610351562,1,120,8210,0,121.25,-1.25,5,0,0,0,0,1000
1564,3000,31,2000,500,1000,0,0,0,0,0,0,1,0,0,0,-141.60000610351562,1,120,8210,0,121.25,-1.25,5,0,0,0,0,1000
1565,3000,32,2000,500,1000,0,0,0,0,0,0,1,0,0,0,-141.60000610351562,1,120,8210,0,121.25,-1.25,5,0,0,0,0,1000
1566,3000,33,2000,500,1000,0,0,0,0,0,0,1,0,0,0,-141.60000610351562,1,120,8210,0,121.25,-1.25,5,0,0,0,0,1000
1567,3000,34,2000,500,1000,0,0,0,0,0,0,1,0,0,0,-141.60000610351562,1,120,8210,0,121.25,-1.25,6,0,0,0,0,1000
1568,3000,35,2000,500,1000,0,0,0,0,0,0,1,0,0,0,-141.60000610351562,1,120,8210,0,121.25,-1.25,6,0,0,0,0,1000
1569,3000,36,2000,500,1000,0,0,0,0,0,0,1,0,0,0,-141.60000610351562,1,120,8210,0,121.25,-1.25,6,0,0,0,0,1000
1570,3000,37,2000,500,1000,0,0,0,0,0,0,1,0,0,0,-141.60000610351562,1,120,8210,0,121.25,-1.25,6,0,0,0,0,1000
1571,3000,38,2000,500,1000,0,0,0,0,0,0,1,0,0,0,-141.60000610351562,1,120,8210,0,121.25,-1.25,6,0,0,0,0,1000
1572,3000,39,2000,500,1000,0,0,0,0,0,0,1,0,0,0,-141.60000610351562,1,120,8210,0,121.25,-1.25,1,0,0,0,0,1000
1573,3000,40,2000,500,1000,0,0,0,0,0,0,1,0,0,0,-141.60000610351562,1,113.80000305175781,8211,1,121.25,-7.4499969482421875,1,0,0,0,0,1000
1574,3000,41,2000,500,1000,0,0,0,0,0,0,1,0,0,0,-141.60000610351562,1,107.60000610351562,8211,1,121.25,-13.649993896484375,1,0,0,0,0,1000
1575,3000,42,2000,500,1000,0,0,0,0,0,0,1,0,0,0,-141.60000610351562,1,101.40000915527344,8211,1,121.25,-19.849990844726562,1,0,0,0,0,1000
1576,3000,43,2000,500,1000,0,0,0,0,0,0,1,0,0,0,-141.60000610351562,1,95.20001220703125,8211,1,121.25,-26.04998779296875,2,0,0,0,0,1000
1577,3000,44,2000,500,1000,0,0,0,0,0,0,1,0,0,0,-141.60000610351562,1,89.00001525878906,8211,1,121.25,-32.24998474121094,2,0,0,0,0,1000
1578,3000,45,2000,500,1000,0,0,0,0,0,0,1,0,0,0,-141.60000610351562,1,89.00001525878906,8212,1,121.25,-32.24998474121094,1,0,0,0,0,1000
1579,3000,46,2000,500,1000,0,0,0,0,0,0,1,0,0,0,-141.60000610351562,1,89.00001525878906,8212,1,121.25,-32.24998474121094,1,0,0,0,0,1000
1580,3000,47,2000,500,1000,0,0,0,0,0,0,1,0,0,0,-141.60000610351562,1,89.00001525878906,8212,1,121.25,-32.24998474121094,1,0,0,0,0,1000
1581,3000,48,2000,500,1000,0,0,0,0,0,0,1,0,0,0,-141.60000610351562,1,89.00001525878906,8212,1,121.25,-32.24998474121094,1,0,0,0,0,1000
1582,3000,49,2000,500,1000,0,0,0,0,0,0,1,0,0,0,-141.60000610351562,1,89.00001525878906,8212,1,121.25,-32.24998474121094,1,0,0,0,0,1000
1583,3000,50,2000,500,1000,0,0,0,0,0,0,1,0,0,0,-141.60000610351562,1,89.00001525878906,8212,1,121.25,-32.24998474121094,2,0,0,0,0,1000
1584,3000,51,2000,500,962,0,0,0,0,0,0,1,0,0,0,-141.60000610351562,1,89.00001525878906,8212,1,121.25,-32.24998474121094,2,0,0,0,0,2018
1585,3000,52,2000,500,962,0,0,0,0,0,0,1,0,0,0,-141.60000610351562,1,89.00001525878906,8212,1,121.25,-32.24998474121094,2,0,0,0,0,2018
1586,3000,53,2000,500,962,0,0,0,0,0,0,1,0,0,0,-141.60000610351562,1,89.00001525878906,8212,1,121.25,-32.24998474121094,2,0,0,0,0,2018
1587,3000,54,2000,500,962,0,0,0,0,0,0,1,0,0,0,-141.60000610351562,1,89.00001525878906,8212,1,121.25,-32.24998474121094,2,0,0,0,0,2018
1588,0,1,2000,500,962,0,0,0,0,0,0,1,0,0,0,-141.60000610351562,1,89.00001525878906,8212,1,121.25,-32.24998474121094,2,0,0,0,0,2018
1589,0,2,2000,500,962,0,0,0,0,0,0,1,0,0,0,-141.60000610351562,1,89.00001525878906,8212,1,121.25,-32.24998474121094,2,0,0,0,0,2018
1590,0,3,2000,500,962,0,0,0,0,0,0,1,0,0,0,-141.60000610351562,1,89.00001525878906,8212,1,121.25,-32.24998474121094,2,0,0,0,0,2018
1591,0,4,2000,500,962,0,0,0,0,0,0,1,0,0,0,-141.60000610351562,1,89.00001525878906,8212,1,121.25,-32.24998474121094,2,0,0,0,0,2018
1592,0,5,2000,500,962,0,0,0,0,0,0,1,0,0,0,-141.60000610351562,1,89.00001525878906,8212,1,121.25,-32.24998474121094,2,0,0,0,0,2018
1593,0,6,2000,500,962,0,0,0,0,0,0,1,0,0,0,-141.60000610351562,1,89.00001525878906,8212,1,121.25,-32.24998474121094,2,0,0,0,0,2018
1594,0,7,2000,500,962,0,0,0,0,0,0,1,0,0,0,-141.60000610351562,1,89.00001525878906,8212,1,121.25,-32.24998474121094,2,0,0,0,0,2018
1595,0,8,2000,500,962,0,0,0,0,0,0,1,0,0,0,-141.60000610351562,1,89.00001525878906,8212,1,121.25,-32.24998474121094,3,0,0,0,0,2018
1596,0,9,2000,500,962,0,0,0,0,0,0,1,0,0,0,-141.60000610351562,1,89.00001525878906,8212,1,121.25,-32.24998474121094,3,0,0,0,0,2018
1597,0,10,2000,500,962,0,0,0,0,0,0,1,0,0,0,-141.60000610351562,1,89.00001525878906,8212,1,121.25,-32.24998474121094,3,0,0,0,0,2018
1598,0,11,2000,500,962,0,0,0,0,0,0,1,0,0,0,-141.60000610351562,1,89.00001525878906,8212,1,121.25,-32.24998474121094,3,0,0,0,0,2018
1599,0,12,2000,500,962,0,0,0,0,0,0,1,0,0,0,-141.60000610351562,1,89.00001525878906,8212,1,121.25,-32.24998474121094,3,0,0,0,0,2018
1600,0,13,2000,500,962,0,0,0,0,0,0,1,0,0,0,-141.60000610351562,1,89.00001525878906,8212,1,121.25,-32.24998474121094,3,0,0,0,0,2018
1601,0,14,2000,500,962,0,0,0,0,0,0,1,0,0,0,-141.60000610351562,1,89.00001525878906,8212,1,121.25,-32.24998474121094,4,0,0,0,0,2018
1602,0,15,2000,500,924,0,0,0,0,0,0,1,0,0,0,-141.60000610351562,1,89.00001525878906,8212,1,121.25,-32.24998474121094,4,0,0,0,0,3036
1603,0,16,2000,500,924,0,0,0,0,0,0,1,0,0,0,-141.60000610351562,1,89.00001525878906,8212,1,121.25,-32.24998474121094,4,0,0,0,0,3036
1604,0,17,2000,500,924,0,0,0,0,0,0,1,0,0,0,-141.60000610351562,1,89.00001525878906,8212,1,121.25,-32.24998474121094,4,0,0,0,0,3036
1605,0,18,2000,500,924,0,0,0,0,0,0,1,0,0,0,-141.60000610351562,1,89.00001525878906,8212,1,121.25,-32.24998474121094,4,0,0,0,0,3036
1606,0,19,2000,500,924,0,0,0,0,0,0,1,0,0,0,-141.60000610351562,1,89.00001525878906,8212,1,121.25,-32.24998474121094,4,0,0,0,0,3036
1607,0,20,2000,500,924,0,0,0,0,0,0,1,0,0,0,-141.60000610351562,1,89.00001525878906,8212,1,121.25,-32.24998474121094,4,0,0,0,0,3036
1608,0,21,2000,500,924,0,0,0,0,0,0,1,0,0,0,-141.60000610351562,1,89.00001525878906,8212,1,121.25,-32.24998474121094,4,0,0,0,0,3036
1609,0,22,2000,500,924,0,0,0,0,0,0,1,0,0,0,-141.60000610351562,1,89.00001525878906,8212,1,121.25,-32.24998474121094,4,0,0,0,0,3036
1610,0,23,2000,500,924,0,0,0,0,0,0,1,0,0,0,-141.60000610351562,1,89.00001525878906,8212,1,121.25,-32.24998474121094,4,0,0,0,0,3036
1611,0,24,2000,500,924,0,0,0,0,0,0,1,0,0,0,-141.60000610351562,1,89.00001525878906,8212,1,121.25,-32.24998474121094,4,0,0,0,0,3036
1612,0,25,2000,500,924,0,0,0,0,0,0,1,0,0,0,-141.60000610351562,1,89.00001525878906,8212,1,121.25,-32.24998474121094,4,0,0,0,0,3036
1613,0,26,2000,500,924,0,0,0,0,0,0,1,0,0,0,-141.60000610351562,1,89.00001525878906,8212,1,121.25,-32.24998474121094,5,0,0,0,0,3036
1614,0,27,2000,500,924,0,0,0,0,0,0,1,0,0,0,-141.60000610351562,1,89.00001525878906,8212,1,121.25,-32.24998474121094,5,0,0,0,0,3036
1615,0,28,2000,500,924,0,0,0,0,0,0,1,0,0,0,-141.60000610351562,1,89.00001525878906,8212,1,121.25,-32.24998474121094,5,0,0,0,0,3036
1616,0,29,2000,500,860,0,0,0,0,0,0,1,0,0,0,-141.60000610351562,1,89.00001525878906,8212,1,121.25,-32.24998474121094,5,0,0,0,0,4054
1617,0,30,2000,500,860,0,0,0,0,0,0,1,0,0,0,-141.60000610351562,1,89.00001525878906,8212,1,121.25,-32.24998474121094,5,0,0,0,0,4054
1618,0,31,2000,500,860,0,0,0,0,0,0,1,0,0,0,-141.60000610351562,1,89.00001525878906,8212,1,121.25,-32.24998474121094,5,0,0,0,0,4054
1619,0,32,2000,500,860,0,0,0,0,0,0,1,0,0,0,-141.60000610351562,1,89.00001525878906,8212,1,121.25,-32.24998474121094,5,0,0,0,0,4054
1620,0,33,2000,500,860,0,0,0,0,0,0,1,0,0,0,-141.60000610351562,1,89.00001525878906,8212,1,121.25,-32.24998474121094,5,0,0,0,0,4054
1621,0,34,2000,500,860,0,0,0,0,0,0,1,0,0,0,-141.60000610351562,1,89.00001525878906,8212,1,121.25,-32.24998474121094,5,0,0,0,0,4054
1622,0,35,2000,500,860,0,0,0,0,0,0,1,0,0,0,-141.60000610351562,1,89.00001525878906,8212,1,121.25,-32.24998474121094,5,0,0,0,0,4054
1623,0,36,2000,500,860,0,0,0,0,0,0,1,0,0,0,-141.60000610351562,1,89.00001525878906,8212,1,121.25,-32.24998474121094,5,0,0,0,0,4054
1624,0,37,2000,500,860,0,0,0,0,0,0,1,0,0,0,-141.60000610351562,1,89.00001525878906,8212,1,121.25,-32.24998474121094,5,0,0,0,0,4054
1625,0,38,2000,500,860,0,0,0,0,0,0,1,0,0,0,-141.60000610351562,1,89.00001525878906,8212,1,121.25,-32.24998474121094,6,0,0,0,0,4054
1626,0,39,2000,500,860,0,0,0,0,0,0,1,0,0,0,-141.60000610351562,1,89.00001525878906,8212,1,121.25,-32.24998474121094,6,0,0,0,0,4054
1627,0,40,2000,500,860,0,0,0,0,0,0,1,0,0,0,-141.60000610351562,1,89.00001525878906,8212,1,121.25,-32.24998474121094,6,0,0,0,0,4054
1628,0,41,2000,500,860,0,0,0,0,0,0,1,0,0,0,-141.60000610351562,1,89.00001525878906,8212,1,121.25,-32.24998474121094,6,0,0,0,0,4054
1629,0,42,2000,500,860,0,0,0,0,0,0,1,0,0,0,-142.4250030517578,1,89.00001525878906,8212,1,121.25,-32.24998474121094,6,0,0,0,0,4054
1630,0,43,2000,500,860,0,0,0,0,0,0,1,0,0,0,-144.4250030517578,1,89.00001525878906,8212,1,121.25,-32.24998474121094,6,0,0,0,0,4054
1631,0,44,2000,500,860,0,0,0,0,0,0,1,0,0,0,-145,1,89.00001525878906,8212,1,121.25,-32.24998474121094,1,0,0,0,0,4054
1632,0,45,2000,500,860,0,0,0,0,0,0,1,0,0,0,-145,1,89.00001525878906,8212,1,121.25,-32.24998474121094,1,0,0,0,0,4054
1633,0,46,2000,500,860,0,0,0,0,0,0,1,0,0,0,-145,1,95.20001220703125,8213,1,121.25,-26.04998779296875,1,0,0,0,0,4054
1634,0,47,2000,500,860,0,0,0,0,0,0,1,0,0,0,-145,1,95.20001220703125,8213,1,121.25,-26.04998779296875,1,0,0,0,0,4054
1635,0,48,2000,500,860,0,0,0,0,0,0,1,0,0,0,-145,1,101.40000915527344,8213,1,121.25,-19.849990844726562,1,0,0,0,0,4054
1636,0,49,2000,500,860,0,0,0,0,0,0,1,0,0,0,-145,1,107.60000610351562,8213,1,121.25,-13.649993896484375,1,0,0,0,0,4054
1637,0,50,2000,500,860,0,0,0,0,0,0,1,0,0,0,-145,1,113.80000305175781,8213,0,121.25,-7.4499969482421875,2,0,0,0,0,4054
1638,0,51,2000,500,860,0,0,0,0,0,0,1,0,0,0,-145,1,120,8214,0,121.25,-1.25,1,0,0,0,0,4054
1639,0,52,2000,500,860,0,0,0,0,0,0,1,0,0,0,-145,1,120,8214,0,121.25,-1.25,1,0,0,0,0,4054
1640,0,53,2000,500,860,0,0,0,0,0,0,1,0,0,0,-145,1,120,8214,0,121.25,-1.25,1,0,0,0,0,4054
1641,0,54,2000,500,860,0,0,0,0,0,0,1,0,0,0,-145,1,120,8214,0,121.25,-1.25,1,0,0,0,0,4054
1642,0,55,2000,500,860,0,0,0,0,0,0,1,0,0,0,-145,1,120,8214,0,121.25,-1.25,2,0,0,0,0,4054
1643,0,56,2000,500,860,0,0,0,0,0,0,1,0,0,0,-145,1,120,8214,0,121.25,-1.25,2,0,0,0,0,4054
1644,0,57,2000,500,860,0,0,0,0,0,0,1,0,0,0,-145,1,120,8214,0,121.25,-1.25,2,0,0,0,0,4054
1645,0,58,2000,500,860,0,0,0,0,0,0,1,0,0,0,-145,1,120,8214,0,121.25,-1.25,2,0,0,0,0,4054
1646,0,59,2000,500,860,0,0,0,0,0,0,1,0,0,0,-145,1,120,8214,0,121.25,-1.25,2,0,0,0,0,4054
1647,0,60,2000,500,860,0,0,0,0,0,0,1,0,0,0,-145,1,120,8214,0,121.25,-1.25,3,0,0,0,0,4054
1648,0,61,2000,500,860,0,0,0,0,0,0,1,0,0,0,-145,1,120,8214,0,121.25,-1.25,3,0,0,0,0,4054
1649,0,62,2000,500,860,0,0,0,0,0,0,1,0,0,0,-145,1,120,8214,0,121.25,-1.25,3,0,0,0,0,4054
1650,0,63,2000,500,860,0,0,0,0,0,0,1,0,0,0,-145,1,120,8214,0,121.25,-1.25,3,0,0,0,0,4054
1651,0,64,2000,500,860,0,0,0,0,0,0,1,0,0,0,-145,1,120,8214,0,121.25,-1.25,3,0,0,0,0,4054
1652,0,65,2000,500,860,0,0,0,0,0,0,1,0,0,0,-145,1,120,8214,0,121.25,-1.25,4,0,0,0,0,4054
1653,0,66,2000,500,860,0,0,0,0,0,0,1,0,0,0,-145,1,120,8214,0,121.25,-1.25,4,0,0,0,0,4054
1654,0,67,2000,500,860,0,0,0,0,0,0,1,0,0,0,-145,1,120,8214,0,121.25,-1.25,4,0,0,0,0,4054
1655,0,68,2000,500,860,0,0,0,0,0,0,1,0,0,0,-145,1,120,8214,0,121.25,-1.25,4,0,0,0,0,4054
1656,0,69,2000,500,860,0,0,0,0,0,0,1,0,0,0,-145,1,120,8214,0,121.25,-1.25,4,0,0,0,0,4054
1657,0,70,2000,500,860,0,0,0,0,0,0,1,0,0,0,-145,1,120,8214,0,121.25,-1.25,5,0,0,0,0,4054
1658,0,71,2000,500,860,0,0,0,0,0,0,1,0,0,0,-145,1,120,8214,0,121.25,-1.25,5,0,0,0,0,4054
1659,0,72,2000,500,860,0,0,0,0,0,0,1,0,0,0,-145,1,120,8214,0,121.25,-1.25,5,0,0,0,0,4054
1660,0,73,2000,500,860,0,0,0,0,0,0,1,0,0,0,-145,1,120,8214,0,121.25,-1.25,5,0,0,0,0,4054
1661,0,74,2000,500,860,0,0,0,0,0,0,1,0,0,0,-145,1,120,8214,0,121.25,-1.25,5,0,0,0,0,4054
1662,0,75,2000,500,860,0,0,0,0,0,0,1,0,0,0,-145,1,120,8214,0,121.25,-1.25,6,0,0,0,0,4054
1663,0,76,2000,500,860,0,0,0,0,0,0,1,0,0,0,-145,1,120,8214,0,121.25,-1.25,6,0,0,0,0,4054
1664,0,77,2000,500,860,0,0,0,0,0,0,1,0,0,0,-145,1,120,8214,0,121.25,-1.25,6,0,0,0,0,4054
1665,0,78,2000,500,860,0,0,0,0,0,0,1,0,0,0,-145,1,120,8214,0,121.25,-1.25,6,0,0,0,0,4054
1666,0,79,2000,500,860,0,0,0,0,0,0,1,0,0,0,-145,1,120,8214,0,121.25,-1.25,6,0,0,0,0,4054
1667,0,80,2000,500,860,0,0,0,0,0,0,1,0,0,0,-145,1,120,8214,0,121.25,-1.25,1,0,0,0,0,4054
1668,0,81,2000,500,860,0,0,0,0,0,0,1,0,0,0,-145,1,120,8200,0,121.25,-1.25,1,0,0,0,0,4054
1669,0,82,2000,500,860,0,0,0,0,0,0,1,0,0,0,-145,1,120,8200,0,121.25,-1.25,1,0,0,0,0,4054
1670,0,83,2000,500,860,0,0,0,0,0,0,1,0,0,0,-145,1,120,8200,0,121.25,-1.25,1,0,0,0,0,4054
1671,0,84,2000,500,860,0,0,0,0,0,0,1,0,0,0,-145,1,120,8200,0,121.25,-1.25,1,0,0,0,0,4054
1672,0,85,2000,500,860,0,0,0,0,0,0,1,0,0,0,-145,1,120,8200,0,121.25,-1.25,1,0,0,0,0,4054
1673,0,86,2000,500,860,0,0,0,0,0,0,1,0,0,0,-145,1,120,8200,0,121.25,-1.25,1,0,0,0,0,4054
1674,0,87,2000,500,860,0,0,0,0,0,0,1,0,0,0,-145,1,120,8200,0,121.25,-1.25,1,0,0,0,0,4054
1675,0,88,2000,500,860,0,0,0,0,0,0,1,0,0,0,-145,1,120,8200,0,121.25,-1.25,1,0,0,0,0,4054
1676,0,89,2000,500,860,0,0,0,0,0,0,1,0,0,0,-145,1,120,8200,0,121.25,-1.25,1,0,0,0,0,4054
1677,0,90,2000,500,860,0,0,0,0,0,0,1,0,0,0,-145,1,120,8200,0,121.25,-1.25,1,0,0,0,0,4054
1678,0,91,2000,500,860,0,0,0,0,0,0,1,0,0,0,-145,1,120,8200,0,121.25,-1.25,1,0,0,0,0,4054
1679,0,92,2000,500,860,0,0,0,0,0,0,1,0,0,0,-145,1,120,8200,0,121.25,-1.25,2,0,0,0,0,4054
1680,0,93,2000,500,860,0,0,0,0,0,0,1,0,0,0,-145,1,120,8200,0,121.25,-1.25,2,0,0,0,0,4054
1681,0,94,2000,500,860,0,0,0,0,0,0,1,0,0,0,-145,1,120,8200,0,121.25,-1.25,2,0,0,0,0,4054
1682,0,95,2000,500,860,0,0,0,0,0,0,1,0,0,0,-145,1,120,8200,0,121.25,-1.25,2,0,0,0,0,4054
1683,0,96,2000,500,860,0,0,0,0,0,0,1,0,0,0,-145,1,120,8200,0,121.25,-1.25,2,0,0,0,0,4054
1684,0,97,2000,500,860,0,0,0,0,0,0,1,0,0,0,-145,1,120,8200,0,121.25,-1.25,2,0,0,0,0,4054
1685,0,98,2000,500,860,0,0,0,0,0,0,1,0,0,0,-145,1,120,8200,0,121.25,-1.25,2,0,0,0,0,4054
1686,0,99,2000,500,860,0,0,0,0,0,0,1,0,0,0,-145,1,120,8200,0,121.25,-1.25,2,0,0,0,0,4054
1687,0,100,2000,500,860,0,0,0,0,0,0,1,0,0,0,-145,1,120,8200,0,121.25,-1.25,2,0,0,0,0,4054
1688,0,101,2000,500,860,0,0,0,0,0,0,1,0,0,0,-145,1,120,8200,0,121.25,-1.25,2,0,0,0,0,4054
1689,0,102,2000,500,860,0,0,0,0,0,0,1,0,0,0,-145,1,120,8200,0,121.25,-1.25,2,0,0,0,0,4054
1690,0,103,2000,500,860,0,0,0,0,0,0,1,0,0,0,-145,1,120,8200,0,121.25,-1.25,2,0,0,0,0,4054
1691,0,104,2000,500,860,0,0,0,0,0,0,1,0,0,0,-145,1,120,8200,0,121.25,-1.25,3,0,0,0,0,4054
1692,0,105,2000,500,860,0,0,0,0,0,0,1,0,0,0,-145,1,120,8200,0,121.25,-1.25,3,0,0,0,0,4054
1693,0,106,2000,500,860,0,0,0,0,0,0,1,0,0,0,-145,1,120,8200,0,121.25,-1.25,3,0,0,0,0,4054
1694,0,107,2000,500,860,0,0,0,0,0,0,1,0,0,0,-145,1,120,8200,0,121.25,-1.25,3,0,0,0,0,4054
1695,0,108,2000,500,860,0,0,0,0,0,0,1,0,0,0,-145,1,120,8200,0,121.25,-1.25,3,0,0,0,0,4054
1696,0,109,2000,500,860,0,0,0,0,0,0,1,0,0,0,-145,1,120,8200,0,121.25,-1.25,3,0,0,0,0,4054
1697,0,110,2000,500,860,0,0,0,0,0,0,1,0,0,0,-145,1,120,8200,0,121.25,-1.25,3,0,0,0,0,4054
1698,0,111,2000,500,860,0,0,0,0,0,0,1,0,0,0,-145,1,120,8200,0,121.25,-1.25,3,0,0,0,0,4054
1699,0,112,2000,500,860,0,0,0,0,0,0,1,0,0,0,-145,1,120,8200,0,121.25,-1.25,3,0,0,0,0,4054
1700,0,113,2000,500,860,0,0,0,0,0,0,1,0,0,0,-145,1,120,8200,0,121.25,-1.25,3,0,0,0,0,4054
1701,0,114,2000,500,860,0,0,0,0,0,0,1,0,0,0,-145,1,120,8200,0,121.25,-1.25,3,0,0,0,0,4054
1702,0,115,2000,500,860,0,0,0,0,0,0,1,0,0,0,-145,1,120,8200,0,121.25,-1.25,3,0,0,0,0,4054
1703,0,116,2000,500,860,0,0,0,0,0,0,1,0,0,0,-145,1,120,8200,0,121.25,-1.25,4,0,0,0,0,4054
1704,0,117,2000,500,860,0,0,0,0,0,0,1,0,0,0,-145,1,120,8200,0,121.25,-1.25,4,0,0,0,0,4054
1705,0,118,2000,500,860,0,0,0,0,0,0,1,0,0,0,-145,1,120,8200,0,121.25,-1.25,4,0,0,0,0,4054
1706,0,119,2000,500,860,0,0,0,0,0,0,1,0,0,0,-145,1,120,8200,0,121.25,-1.25,4,0,0,0,0,4054
1707,0,120,2000,500,860,0,0,0,0,0,0,1,0,0,0,-145,1,120,8200,0,121.25,-1.25,4,0,0,0,0,4054
1708,0,121,2000,500,860,0,0,0,0,0,0,1,0,0,0,-145,1,120,8200,0,121.25,-1.25,4,0,0,0,0,4054
1709,0,122,2000,500,860,0,0,0,0,0,0,1,0,0,0,-145,1,120,8200,0,121.25,-1.25,4,0,0,0,0,4054
1710,0,123,2000,500,860,0,0,0,0,0,0,1,0,0,0,-145,1,120,8200,0,121.25,-1.25,4,0,0,0,0,4054
1711,0,124,2000,500,860,0,0,0,0,0,0,1,0,0,0,-145,1,120,8200,0,121.25,-1.25,4,0,0,0,0,4054
1712,0,125,2000,500,860,0,0,0,0,0,0,1,0,0,0,-145,1,120,8200,0,121.25,-1.25,4,0,0,0,0,4054
1713,0,126,2000,500,860,0,0,0,0,0,0,1,0,0,0,-145,1,120,8200,0,121.25,-1.25,4,0,0,0,0,4054
1714,0,127,2000,500,860,0,0,0,0,0,0,1,0,0,0,-145,1,120,8200,0,121.25,-1.25,4,0,0,0,0,4054
1715,0,128,2000,500,860,0,0,0,0,0,0,1,0,0,0,-145,1,120,8200,0,121.25,-1.25,5,0,0,0,0,4054
1716,0,129,2000,500,860,0,0,0,0,0,0,1,0,0,0,-145,1,120,8200,0,121.25,-1.25,5,0,0,0,0,4054
1717,0,130,2000,500,860,0,0,0,0,0,0,1,0,0,0,-145,1,120,8200,0,121.25,-1.25,5,0,0,0,0,4054
1718,0,131,2000,500,860,0,0,0,0,0,0,1,0,0,0,-145,1,120,8200,0,121.25,-1.25,5,0,0,0,0,4054
1719,0,132,2000,500,860,0,0,0,0,0,0,1,0,0,0,-145,1,120,8200,0,121.25,-1.25,5,0,0,0,0,4054
1720,0,133,2000,500,860,0,0,0,0,0,0,1,0,0,0,-145,1,120,8200,0,121.25,-1.25,5,0,0,0,0,4054
1721,0,134,2000,500,860,0,0,0,0,0,0,1,0,0,0,-145,1,120,8200,0,121.25,-1.25,5,0,0,0,0,4054
1722,0,135,2000,500,860,0,0,0,0,0,0,1,0,0,0,-145,1,120,8200,0,121.25,-1.25,5,0,0,0,0,4054
1723,0,136,2000,500,860,0,0,0,0,0,0,1,0,0,0,-145,1,120,8200,0,121.25,-1.25,5,0,0,0,0,4054
1724,0,137,2000,500,860,0,0,0,0,0,0,1,0,0,0,-145,1,120,8200,0,121.25,-1.25,5,0,0,0,0,4054
1725,0,138,2000,500,860,0,0,0,0,0,0,1,0,0,0,-145,1,120,8200,0,121.25,-1.25,5,0,0,0,0,4054
1726,0,139,2000,500,860,0,0,0,0,0,0,1,0,0,0,-145,1,120,8200,0,121.25,-1.25,5,0,0,0,0,4054
1727,0,140,2000,500,860,0,0,0,0,0,0,1,0,0,0,-145,1,120,8200,0,121.25,-1.25,6,0,0,0,0,4054
1728,0,141,2000,500,860,0,0,0,0,0,0,1,0,0,0,-145,1,120,8200,0,121.25,-1.25,6,0,0,0,0,4054
1729,0,142,2000,500,860,0,0,0,0,0,0,1,0,0,0,-145,1,120,8200,0,121.25,-1.25,6,0,0,0,0,4054
1730,0,143,2000,500,860,0,0,0,0,0,0,1,0,0,0,-145,1,120,8200,0,121.25,-1.25,6,0,0,0,0,4054
1731,0,144,2000,500,860,0,0,0,0,0,0,1,0,0,0,-145,1,120,8200,0,121.25,-1.25,6,0,0,0,0,4054
1732,0,145,2000,500,860,0,0,0,0,0,0,1,0,0,0,-145,1,120,8200,0,121.25,-1.25,6,0,0,0,0,4054
1733,0,146,2000,500,860,0,0,0,0,0,0,1,0,0,0,-145,1,120,8200,0,121.25,-1.25,6,0,0,0,0,4054
1734,0,147,2000,500,860,0,0,0,0,0,0,1,0,0,0,-145,1,120,8200,0,121.25,-1.25,6,0,0,0,0,4054
1735,0,148,2000,500,860,0,0,0,0,0,0,1,0,0,0,-145,1,120,8200,0,121.25,-1.25,6,0,0,0,0,4054
1736,0,149,2000,500,860,0,0,0,0,0,0,1,0,0,0,-145,1,120,8200,0,121.25,-1.25,6,0,0,0,0,4054
1737,0,150,2000,500,860,0,0,0,0,0,0,1,0,0,0,-145,1,120,8200,0,121.25,-1.25,6,0,0,0,0,4054
1738,0,151,2000,500,860,0,0,0,0,0,0,1,0,0,0,-145,1,120,8200,0,121.25,-1.25,6,0,0,0,0,4054
1739,0,152,2000,500,860,0,0,0,0,0,0,1,0,0,0,-145,1,120,8200,0,121.25,-1.25,7,0,0,0,0,4054
1740,0,153,2000,500,860,0,0,0,0,0,0,1,0,0,0,-145,1,120,8200,0,121.25,-1.25,7,0,0,0,0,4054
1741,0,154,2000,500,860,0,0,0,0,0,0,1,0,0,0,-145,1,120,8200,0,121.25,-1.25,7,0,0,0,0,4054
1742,0,155,2000,500,860,0,0,0,0,0,0,1,0,0,0,-145,1,120,8200,0,121.25,-1.25,7,0,0,0,0,4054
1743,0,156,2000,500,860,0,0,0,0,0,0,1,0,0,0,-145,1,120,8200,0,121.25,-1.25,7,0,0,0,0,4054
1744,0,157,2000,500,860,0,0,0,0,0,0,1,0,0,0,-145,1,120,8200,0,121.25,-1.25,7,0,0,0,0,4054
1745,0,158,2000,500,860,0,0,0,0,0,0,1,0,0,0,-145,1,120,8200,0,121.25,-1.25,7,0,0,0,0,4054
1746,0,159,2000,500,860,0,0,0,0,0,0,1,0,0,0,-145,1,120,8200,0,121.25,-1.25,7,0,0,0,0,4054
1747,0,160,2000,500,860,0,0,0,0,0,0,1,0,0,0,-145,1,120,8200,0,121.25,-1.25,7,0,0,0,0,4054
1748,0,161,2000,500,860,0,0,0,0,0,0,1,0,0,0,-145,1,120,8200,0,121.25,-1.25,7,0,0,0,0,4054
1749,0,162,2000,500,860,0,0,0,0,0,0,1,0,0,0,-145,1,120,8200,0,121.25,-1.25,7,0,0,0,0,4054
1750,0,163,2000,500,860,0,0,0,0,0,0,1,0,0,0,-145,1,120,8200,0,121.25,-1.25,7,0,0,0,0,4054
1751,0,164,2000,500,860,0,0,0,0,0,0,1,0,0,0,-145,1,120,8200,0,121.25,-1.25,8,0,0,0,0,4054
1752,0,165,2000,500,860,0,0,0,0,0,0,1,0,0,0,-145,1,120,8200,0,121.25,-1.25,8,0,0,0,0,4054
1753,0,166,2000,500,860,0,0,0,0,0,0,1,0,0,0,-145,1,120,8200,0,121.25,-1.25,8,0,0,0,0,4054
1754,0,167,2000,500,860,0,0,0,0,0,0,1,0,0,0,-145,1,120,8200,0,121.25,-1.25,8,0,0,0,0,4054
1755,0,168,2000,500,860,0,0,0,0,0,0,1,0,0,0,-145,1,120,8200,0,121.25,-1.25,8,0,0,0,0,4054
1756,0,169,2000,500,860,0,0,0,0,0,0,1,0,0,0,-145,1,120,8200,0,121.25,-1.25,8,0,0,0,0,4054
1757,0,170,2000,500,860,0,0,0,0,0,0,1,0,0,0,-145,1,120,8200,0,121.25,-1.25,8,0,0,0,0,4054
1758,0,171,2000,500,860,0,0,0,0,0,0,1,0,0,0,-145,1,120,8200,0,121.25,-1.25,8,0,0,0,0,4054
1759,0,172,2000,500,860,0,0,0,0,0,0,1,0,0,0,-145,1,120,8200,0,121.25,-1.25,8,0,0,0,0,4054
1760,0,173,2000,500,860,0,0,0,0,0,0,1,0,0,0,-145,1,120,8200,0,121.25,-1.25,8,0,0,0,0,4054
1761,0,174,2000,500,860,0,0,0,0,0,0,1,0,0,0,-145,1,120,8200,0,121.25,-1.25,8,0,0,0,0,4054
1762,0,175,2000,500,860,0,0,0,0,0,0,1,0,0,0,-145,1,120,8200,0,121.25,-1.25,8,0,0,0,0,4054
1763,0,176,2000,500,860,0,0,0,0,0,0,1,0,0,0,-145,1,120,8200,0,121.25,-1.25,9,0,0,0,0,4054
1764,0,177,2000,500,860,0,0,0,0,0,0,1,0,0,0,-145,1,120,8200,0,121.25,-1.25,9,0,0,0,0,4054
1765,0,178,2000,500,860,0,0,0,0,0,0,1,0,0,0,-145,1,120,8200,0,121.25,-1.25,9,0,0,0,0,4054
1766,0,179,2000,500,860,0,0,0,0,0,0,1,0,0,0,-145,1,120,8200,0,121.25,-1.25,9,0,0,0,0,4054
1767,0,180,2000,500,860,0,0,0,0,0,0,1,0,0,0,-145,1,120,8200,0,121.25,-1.25,9,0,0,0,0,4054
1768,0,181,2000,500,860,0,0,0,0,0,0,1,0,0,0,-145,1,120,8200,0,121.25,-1.25,9,0,0,0,0,4054
1769,0,182,2000,500,860,0,0,0,0,0,0,1,0,0,0,-145,1,120,8200,0,121.25,-1.25,9,0,0,0,0,4054
1770,0,183,2000,500,860,0,0,0,0,0,0,1,0,0,0,-145,1,120,8200,0,121.25,-1.25,9,0,0,0,0,4054
1771,0,184,2000,500,860,0,0,0,0,0,0,1,0,0,0,-145,1,120,8200,0,121.25,-1.25,9,0,0,0,0,4054
1772,0,185,2000,500,860,0,0,0,0,0,0,1,0,0,0,-145,1,120,8200,0,121.25,-1.25,9,0,0,0,0,4054
1773,0,186,2000,500,860,0,0,0,0,0,0,1,0,0,0,-145,1,120,8200,0,121.25,-1.25,9,0,0,0,0,4054
1774,0,187,2000,500,860,0,0,0,0,0,0,1,0,0,0,-145,1,120,8200,0,121.25,-1.25,9,0,0,0,0,4054
1775,0,188,2000,500,860,0,0,0,0,0,0,1,0,0,0,-145,1,120,8200,0,121.25,-1.25,10,0,0,0,0,4054
1776,0,189,2000,500,860,0,0,0,0,0,0,1,0,0,0,-145,1,120,8200,0,121.25,-1.25,10,0,0,0,0,4054
1777,0,190,2000,500,860,0,0,0,0,0,0,1,0,0,0,-145,1,120,8200,0,121.25,-1.25,10,0,0,0,0,4054
1778,0,191,2000,500,860,0,0,0,0,0,0,1,0,0,0,-145,1,120,8200,0,121.25,-1.25,10,0,0,0,0,4054
1779,0,192,2000,500,860,0,0,0,0,0,0,1,0,0,0,-145,1,120,8200,0,121.25,-1.25,10,0,0,0,0,4054
1780,0,193,2000,500,860,0,0,0,0,0,0,1,0,0,0,-145,1,120,8200,0,121.25,-1.25,10,0,0,0,0,4054
1781,0,194,2000,500,860,0,0,0,0,0,0,1,0,0,0,-145,1,120,8200,0,121.25,-1.25,10,0,0,0,0,4054
1782,0,195,2000,500,860,0,0,0,0,0,0,1,0,0,0,-145,1,120,8200,0,121.25,-1.25,10,0,0,0,0,4054
1783,0,196,2000,500,860,0,0,0,0,0,0,1,0,0,0,-145,1,120,8200,0,121.25,-1.25,10,0,0,0,0,4054
1784,0,197,2000,500,860,0,0,0,0,0,0,1,0,0,0,-145,1,120,8200,0,121.25,-1.25,10,0,0,0,0,4054
1785,0,198,2000,500,860,0,0,0,0,0,0,1,0,0,0,-145,1,120,8200,0,121.25,-1.25,10,0,0,0,0,4054
1786,0,199,2000,500,860,0,0,0,0,0,0,1,0,0,0,-145,1,120,8200,0,121.25,-1.25,10,0,0,0,0,4054
1787,0,200,2000,500,860,0,0,0,0,0,0,1,0,0,0,-145,1,120,8200,0,121.25,-1.25,11,0,0,0,0,4054
1788,0,201,2000,500,860,0,0,0,0,0,0,1,0,0,0,-145,1,120,8200,0,121.25,-1.25,11,0,0,0,0,4054
1789,0,202,2000,500,860,0,0,0,0,0,0,1,0,0,0,-145,1,120,8200,0,121.25,-1.25,11,0,0,0,0,4054
1790,0,203,2000,500,860,0,0,0,0,0,0,1,0,0,0,-145,1,120,8200,0,121.25,-1.25,11,0,0,0,0,4054
1791,0,204,2000,500,860,0,0,0,0,0,0,1,0,0,0,-145,1,120,8200,0,121.25,-1.25,11,0,0,0,0,4054
1792,0,205,2000,500,860,0,0,0,0,0,0,1,0,0,0,-145,1,120,8200,0,121.25,-1.25,11,0,0,0,0,4054
1793,0,206,2000,500,860,0,0,0,0,0,0,1,0,0,0,-145,1,120,8200,0,121.25,-1.25,11,0,0,0,0,4054
1794,0,207,2000,500,860,0,0,0,0,0,0,1,0,0,0,-145,1,120,8200,0,121.25,-1.25,11,0,0,0,0,4054
1795,0,208,2000,500,860,0,0,0,0,0,0,1,0,0,0,-145,1,120,8200,0,121.25,-1.25,11,0,0,0,0,4054
1796,0,209,2000,500,860,0,0,0,0,0,0,1,0,0,0,-145,1,120,8200,0,121.25,-1.25,11,0,0,0,0,4054
1797,0,210,2000,500,860,0,0,0,0,0,0,1,0,0,0,-145,1,120,8200,0,121.25,-1.25,11,0,0,0,0,4054
1798,0,211,2000,500,860,0,0,0,0,0,0,1,0,0,0,-145,1,120,8200,0,121.25,-1.25,11,0,0,0,0,4054
1799,0,212,2000,500,860,0,0,0,0,0,0,1,0,0,0,-145,1,120,8200,0,121.25,-1.25,12,0,0,0,0,4054
1800,0,213,2000,500,860,0,0,0,0,0,0,1,0,0,0,-145,1,120,8200,0,121.25,-1.25,12,0,0,0,0,4054
1801,0,214,2000,500,860,0,0,0,0,0,0,1,0,0,0,-145,1,120,8200,0,121.25,-1.25,12,0,0,0,0,4054
1802,0,215,2000,500,860,0,0,0,0,0,0,1,0,0,0,-145,1,120,8200,0,121.25,-1.25,12,0,0,0,0,4054
1803,0,216,2000,500,860,0,0,0,0,0,0,1,0,0,0,-145,1,120,8200,0,121.25,-1.25,12,0,0,0,0,4054
1804,0,217,2000,500,860,0,0,0,0,0,0,1,0,0,0,-145,1,120,8200,0,121.25,-1.25,12,0,0,0,0,4054
1805,0,218,2000,500,860,0,0,0,0,0,0,1,0,0,0,-145,1,120,8200,0,121.25,-1.25,12,0,0,0,0,4054
1806,0,219,2000,500,860,0,0,0,0,0,0,1,0,0,0,-145,1,120,8200,0,121.25,-1.25,12,0,0,0,0,4054
1807,0,220,2000,500,860,0,0,0,0,0,0,1,0,0,0,-145,1,120,8200,0,121.25,-1.25,12,0,0,0,0,4054
1808,0,221,2000,500,860,0,0,0,0,0,0,1,0,0,0,-145,1,120,8200,0,121.25,-1.25,12,0,0,0,0,4054
1809,0,222,2000,500,860,0,0,0,0,0,0,1,0,0,0,-145,1,120,8200,0,121.25,-1.25,12,0,0,0,0,4054
1810,0,1,3000,500,1000,0,0,0,0,0,0,1,0,0,0,-145,1,120,8200,0,121.25,-1.25,12,0,0,0,0,1000
1811,0,2,3000,500,1000,0,0,0,0,0,0,1,0,0,0,-145,1,120,8200,0,121.25,-1.25,13,0,0,0,0,1000
1812,0,3,3000,500,1000,0,0,0,0,0,0,1,0,0,0,-145,1,120,8200,0,121.25,-1.25,13,0,0,0,0,1000
1813,0,4,3000,500,1000,0,0,0,0,0,0,1,0,0,0,-145,1,120,8200,0,121.25,-1.25,13,0,0,0,0,1000
1814,0,5,3000,500,1000,0,0,0,0,0,0,1,0,0,0,-145,1,120,8200,0,121.25,-1.25,13,0,0,0,0,1000
1815,0,6,3000,500,1000,0,0,0,0,0,0,1,0,0,0,-145,1,120,8200,0,121.25,-1.25,13,0,0,0,0,1000
1816,0,7,3000,500,1000,0,0,0,0,0,0,1,0,0,0,-145,1,120,8200,0,121.25,-1.25,13,0,0,0,0,1000
1817,0,8,3000,500,1000,0,0,0,0,0,0,1,0,0,0,-145,1,120,8200,0,121.25,-1.25,13,0,0,0,0,1000
1818,0,9,3000,500,1000,0,0,0,0,0,0,1,0,0,0,-145,1,120,8200,0,121.25,-1.25,13,0,0,0,0,1000
1819,10,1,3000,500,1000,0,0,0,0,0,0,1,0,0,0,-145,1,120,8200,0,121.25,-1.25,13,0,0,0,0,1000
1820,10,2,3000,500,1000,0,0,0,0,0,0,1,0,0,0,-145,1,120,8200,0,121.25,-1.25,13,0,0,0,0,1000
1821,10,3,3000,500,1000,0,0,0,0,0,0,1,0,0,0,-145,1,120,8200,0,121.25,-1.25,13,0,0,0,0,1000
1822,10,4,3000,500,1000,0,0,0,0,0,0,1,0,0,0,-145,1,120,8200,0,121.25,-1.25,13,0,0,0,0,1000
1823,10,5,3000,500,1000,0,0,0,0,0,0,1,0,0,0,-145,1,120,8200,0,121.25,-1.25,14,0,0,0,0,1000
1824,10,6,3000,500,1000,0,0,0,0,0,0,1,0,0,0,-145,1,120,8200,0,121.25,-1.25,14,0,0,0,0,1000
1825,12,1,3000,500,1000,0,0,0,0,0,0,1,0,0,0,-145,1,120,8200,0,121.25,-1.25,14,0,0,0,0,1000
1826,20,1,3000,500,1000,0,0,0,0,0,0,1,0,0,0,-143.3000030517578,1,120,8200,0,121.25,-1.25,14,0,0,0,0,1000
1827,20,2,3000,500,1000,0,0,0,0,0,0,1,0,0,0,-141.60000610351562,1,120,8200,0,121.25,-1.25,14,0,0,0,0,1000
1828,10,1,3000,500,1000,0,0,0,0,0,0,1,0,0,0,-141.60000610351562,1,120,8200,0,121.25,-1.25,14,0,0,0,0,1000
1829,10,2,3000,500,1000,0,0,0,0,0,0,1,0,0,0,-141.60000610351562,1,120,8200,0,121.25,-1.25,14,0,0,0,0,1000
1830,10,3,3000,500,1000,0,0,0,0,0,0,1,0,0,0,-141.60000610351562,1,120,8200,0,121.25,-1.25,14,0,0,0,0,1000
1831,10,4,3000,500,1000,0,0,0,0,0,0,1,0,0,0,-141.60000610351562,1,120,8200,0,121.25,-1.25,14,0,0,0,0,1000
1832,10,5,3000,500,1000,0,0,0,0,0,0,1,0,0,0,-141.60000610351562,1,120,8200,0,121.25,-1.25,14,0,0,0,0,1000
1833,10,6,3000,500,1000,0,0,0,0,0,0,1,0,0,0,-141.60000610351562,1,120,8200,0,121.25,-1.25,14,0,0,0,0,1000
1834,10,7,3000,500,1000,0,0,0,0,0,0,1,0,0,0,-141.60000610351562,1,120,8200,0,121.25,-1.25,14,0,0,0,0,1000
1835,10,8,3000,500,1000,0,0,0,0,0,0,1,0,0,0,-141.60000610351562,1,120,8200,0,121.25,-1.25,15,0,0,0,0,1000
1836,10,9,3000,500,1000,0,0,0,0,0,0,1,0,0,0,-141.60000610351562,1,120,8200,0,121.25,-1.25,15,0,0,0,0,1000
1837,3500,1,2000,500,1000,0,0,0,0,0,0,1,0,0,0,-141.60000610351562,1,120,8200,0,121.25,-1.25,15,0,0,0,0,1000
1838,3500,2,2000,500,1000,0,0,0,0,0,0,1,0,0,0,-141.60000610351562,1,120,8200,0,121.25,-1.25,15,0,0,0,0,1000
1839,3500,3,2000,500,1000,0,0,0,0,0,0,1,0,0,0,-141.60000610351562,1,120,8200,0,121.25,-1.25,15,0,0,0,0,1000
1840,3500,4,2000,500,1000,0,0,0,0,0,0,1,0,0,0,-141.60000610351562,1,120,8200,0,121.25,-1.25,15,0,0,0,0,1000
1841,3500,5,2000,500,1000,0,0,0,0,0,0,1,0,0,0,-141.60000610351562,1,120,8200,0,121.25,-1.25,15,0,0,0,0,1000
1842,3500,6,2000,500,1000,0,0,0,0,0,0,1,0,0,0,-137.8000030517578,1,120,8200,0,121.25,-1.25,15,0,0,0,0,1000
1843,3500,7,2000,500,1000,0,0,0,0,0,0,1,0,0,0,-134,1,120,8200,0,121.25,-1.25,15,0,0,0,0,1000
1844,3500,8,2000,500,1000,0,0,0,0,0,0,1,0,0,0,-130.1999969482422,1,120,8200,0,121.25,-1.25,15,0,0,0,0,1000
1845,3500,9,2000,500,1000,0,0,0,0,0,0,1,0,0,0,-126.4000015258789,1,120,8200,0,121.25,-1.25,15,0,0,0,0,1000
1846,3500,10,2000,500,1000,0,0,0,0,0,0,1,0,0,0,-123.42500305175781,1,120,8200,0,121.25,-1.25,15,0,0,0,0,1000
1847,3500,11,2000,500,1000,0,0,0,0,0,0,1,0,0,0,-121.5250015258789,1,120,8200,0,121.25,-1.25,16,0,0,0,0,1000
1848,3500,12,2000,500,1000,0,0,0,0,0,0,1,0,0,0,-119.625,1,120,8200,0,121.25,-1.25,16,0,0,0,0,1000
1849,3500,13,2000,500,1000,0,0,0,0,0,0,1,0,0,0,-117.7249984741211,1,120,8200,0,121.25,-1.25,16,0,0,0,0,1000
1850,3500,14,2000,500,1000,0,0,0,0,0,0,1,0,0,0,-115.82499694824219,1,120,8200,0,121.25,-1.25,16,0,0,0,0,1000
1851,3500,15,2000,500,1000,0,0,0,0,0,0,1,0,0,0,-113.92499542236328,1,120,8200,0,121.25,-1.25,16,0,0,0,0,1000
1852,3500,16,2000,500,1000,0,0,0,0,0,0,1,0,0,0,-112.0250015258789,1,120,8200,0,121.25,-1.25,16,0,0,0,0,1000
1853,3500,17,2000,500,1000,0,0,0,0,0,0,1,0,0,0,-110.125,1,120,8200,0,121.25,-1.25,16,0,0,0,0,1000
1854,3500,18,2000,500,1000,0,0,0,0,0,0,1,0,0,0,-108.2249984741211,1,120,8200,0,121.25,-1.25,16,0,0,0,0,1000
1855,3500,19,2000,500,1000,0,0,0,0,0,0,1,0,0,0,-106.32499694824219,1,120,8200,0,121.25,-1.25,16,0,0,0,0,1000
1856,3500,19,2000,500,945,0,0,0,0,0,0,1,0,0,0,-106.32499694824219,1,120,8200,0,121.25,-1.25,16,0,0,0,0,2018
1857,3500,19,2000,500,945,0,0,0,0,0,0,1,0,0,0,-106.32499694824219,1,120,8200,0,121.25,-1.25,16,0,0,0,0,2018
1858,3500,19,2000,500,945,0,0,0,0,0,0,1,0,0,0,-106.32499694824219,1,120,8200,0,121.25,-1.25,16,0,0,0,0,2018
1859,3500,19,2000,500,945,0,0,0,0,0,0,1,0,0,0,-106.32499694824219,1,120,8200,0,121.25,-1.25,16,0,0,0,0,2018
1860,3500,19,2000,500,945,0,0,0,0,0,0,1,0,0,0,-106.32499694824219,1,120,8200,0,121.25,-1.25,16,0,0,0,0,2018
1861,3500,19,2000,500,945,0,0,0,0,0,0,1,0,0,0,-106.32499694824219,1,120,8200,0,121.25,-1.25,16,0,0,0,0,2018
1862,3500,20,2000,500,945,0,0,0,0,0,0,1,0,0,0,-104.42500305175781,1,120,8200,0,121.25,-1.25,17,0,0,0,0,2018
1863,3500,21,2000,500,945,0,0,0,0,0,0,1,0,0,0,-102.5250015258789,1,120,8200,0,121.25,-1.25,17,0,0,0,0,2018
1864,3500,22,2000,500,945,0,0,0,0,0,0,1,0,0,0,-100.625,1,120,8200,0,121.25,-1.25,17,0,0,0,0,2018
1865,3500,23,2000,500,945,0,0,0,0,0,0,1,0,0,0,-98.47500610351562,1,120,8200,0,121.25,-1.25,17,0,0,0,0,2018
1866,3500,24,2000,500,945,0,0,0,0,0,0,1,0,0,0,-96.57499694824219,1,120,8200,0,121.25,-1.25,17,0,0,0,0,2018
1867,3500,25,2000,500,945,0,0,0,0,0,0,1,0,0,0,-94.67500305175781,1,120,8200,0,121.25,-1.25,17,0,0,0,0,2018
1868,3500,25,2000,500,890,0,0,0,0,0,0,1,0,0,0,-94.67500305175781,1,120,8200,0,121.25,-1.25,17,0,0,0,0,3036
1869,3500,25,2000,500,890,0,0,0,0,0,0,1,0,0,0,-94.67500305175781,1,120,8200,0,121.25,-1.25,17,0,0,0,0,3036
1870,3500,25,2000,500,890,0,0,0,0,0,0,1,0,0,0,-94.67500305175781,1,120,8200,0,121.25,-1.25,17,0,0,0,0,3036
1871,3500,25,2000,500,890,0,0,0,0,0,0,1,0,0,0,-94.67500305175781,1,120,8200,0,121.25,-1.25,17,0,0,0,0,3036
1872,3500,25,2000,500,890,0,0,0,0,0,0,1,0,0,0,-94.67500305175781,1,120,8200,0,121.25,-1.25,17,0,0,0,0,3036
1873,3500,25,2000,500,890,0,0,0,0,0,0,1,0,0,0,-94.67500305175781,1,120,8200,0,121.25,-1.25,17,0,0,0,0,3036
1874,3500,26,2000,500,890,0,0,0,0,0,0,1,0,0,0,-94.67500305175781,1,120,8200,0,121.25,-1.25,18,0,0,0,0,3036
1875,3500,27,2000,500,890,0,0,0,0,0,0,1,0,0,0,-94.67500305175781,1,120,8200,0,121.25,-1.25,18,0,0,0,0,3036
1876,3500,28,2000,500,890,0,0,0,0,0,0,1,0,0,0,-94.67500305175781,1,120,8200,0,121.25,-1.25,18,0,0,0,0,3036
1877,3500,29,2000,500,890,0,0,0,0,0,0,1,0,0,0,-94.67500305175781,1,120,8200,0,121.25,-1.25,18,0,0,0,0,3036
1878,3500,30,2000,500,890,0,0,0,0,0,0,1,0,0,0,-94.67500305175781,1,120,8200,0,121.25,-1.25,18,0,0,0,0,3036
1879,3500,31,2000,500,890,0,0,0,0,0,0,1,0,0,0,-94.67500305175781,1,120,8200,0,121.25,-1.25,18,0,0,0,0,3036
1880,3500,32,2000,500,890,0,0,0,0,0,0,1,0,0,0,-94.67500305175781,1,120,8200,0,121.25,-1.25,18,0,0,0,0,3036
1881,3500,33,2000,500,890,0,0,0,0,0,0,1,0,0,0,-94.67500305175781,1,120,8200,0,121.25,-1.25,18,0,0,0,0,3036
1882,3500,34,2000,500,890,0,0,0,0,0,0,1,0,0,0,-94.67500305175781,1,120,8200,0,121.25,-1.25,18,0,0,0,0,3036
1883,3500,35,2000,500,890,0,0,0,0,0,0,1,0,0,0,-94.67500305175781,1,120,8200,0,121.25,-1.25,19,0,0,0,0,3036
1884,3500,36,2000,500,890,0,0,0,0,0,0,1,0,0,0,-94.67500305175781,1,120,8200,0,121.25,-1.25,19,0,0,0,0,3036
1885,3500,37,2000,500,890,0,0,0,0,0,0,1,0,0,0,-94.67500305175781,1,120,8200,0,121.25,-1.25,19,0,0,0,0,3036
1886,3500,37,2000,500,820,0,0,0,0,0,0,1,0,0,0,-94.67500305175781,1,120,8200,0,121.25,-1.25,19,0,0,0,0,4054
1887,3500,37,2000,500,820,0,0,0,0,0,0,1,0,0,0,-94.67500305175781,1,120,8200,0,121.25,-1.25,19,0,0,0,0,4054
1888,3500,37,2000,500,820,0,0,0,0,0,0,1,0,0,0,-94.67500305175781,1,120,8200,0,121.25,-1.25,19,0,0,0,0,4054
1889,3500,37,2000,500,820,0,0,0,0,0,0,1,0,0,0,-94.67500305175781,1,120,8200,0,121.25,-1.25,19,0,0,0,0,4054
1890,3500,37,2000,500,820,0,0,0,0,0,0,1,0,0,0,-94.67500305175781,1,120,8200,0,121.25,-1.25,19,0,0,0,0,4054
1891,3500,37,2000,500,820,0,0,0,0,0,0,1,0,0,0,-94.67500305175781,1,120,8200,0,121.25,-1.25,19,0,0,0,0,4054
1892,3500,38,2000,500,820,0,0,0,0,0,0,1,0,0,0,-94.67500305175781,1,120,8200,0,121.25,-1.25,19,0,0,0,0,4054
1893,3500,39,2000,500,820,0,0,0,0,0,0,1,0,0,0,-94.67500305175781,1,120,8200,0,121.25,-1.25,19,0,0,0,0,4054
1894,3500,40,2000,500,820,0,0,0,0,0,0,1,0,0,0,-94.67500305175781,1,120,8200,0,121.25,-1.25,19,0,0,0,0,4054
1895,3500,41,2000,500,820,0,0,0,0,0,0,1,0,0,0,-94.67500305175781,1,120,8200,0,121.25,-1.25,19,0,0,0,0,4054
1896,3500,42,2000,500,820,0,0,0,0,0,0,1,0,0,0,-94.67500305175781,1,120,8200,0,121.25,-1.25,19,0,0,0,0,4054
1897,3500,43,2000,500,820,0,0,0,0,0,0,1,0,0,0,-94.67500305175781,1,120,8200,0,121.25,-1.25,19,0,0,0,0,4054
1898,3500,44,2000,500,820,0,0,0,0,0,0,1,0,0,0,-94.67500305175781,1,120,8200,0,121.25,-1.25,19,0,0,0,0,4054
1899,3500,45,2000,500,820,0,0,0,0,0,0,1,0,0,0,-94.67500305175781,1,120,8200,0,121.25,-1.25,19,0,0,0,0,4054
1900,3500,46,2000,500,820,0,0,0,0,0,0,1,0,0,0,-94.67500305175781,1,120,8200,0,121.25,-1.25,19,0,0,0,0,4054
1901,3500,47,2000,500,820,0,0,0,0,0,0,1,0,0,0,-94.67500305175781,1,120,8200,0,121.25,-1.25,20,0,0,0,0,4054
1902,3500,48,2000,500,820,0,0,0,0,0,0,1,0,0,0,-94.67500305175781,1,120,8200,0,121.25,-1.25,20,0,0,0,0,4054
1903,3500,49,2000,500,820,0,0,0,0,0,0,1,0,0,0,-94.67500305175781,1,120,8200,0,121.25,-1.25,20,0,0,0,0,4054
1904,3500,50,2000,500,820,0,0,0,0,0,0,1,0,0,0,-94.67500305175781,1,120,8200,0,121.25,-1.25,20,0,0,0,0,4054
1905,3500,51,2000,500,820,0,0,0,0,0,0,1,0,0,0,-94.67500305175781,1,120,8200,0,121.25,-1.25,20,0,0,0,0,4054
1906,3500,52,2000,500,820,0,0,0,0,0,0,1,0,0,0,-94.67500305175781,1,120,8200,0,121.25,-1.25,20,0,0,0,0,4054
1907,3500,53,2000,500,820,0,0,0,0,0,0,1,0,0,0,-94.67500305175781,1,120,8200,0,121.25,-1.25,20,0,0,0,0,4054
1908,3500,54,2000,500,820,0,0,0,0,0,0,1,0,0,0,-94.67500305175781,1,120,8200,0,121.25,-1.25,20,0,0,0,0,4054
1909,3500,55,2000,500,820,0,0,0,0,0,0,1,0,0,0,-94.67500305175781,1,120,8200,0,121.25,-1.25,20,0,0,0,0,4054
1910,3500,56,2000,500,820,0,0,0,0,0,0,1,0,0,0,-94.67500305175781,1,120,8200,0,121.25,-1.25,20,0,0,0,0,4054
1911,3500,57,2000,500,820,0,0,0,0,0,0,1,0,0,0,-94.67500305175781,1,120,8200,0,121.25,-1.25,20,0,0,0,0,4054
1912,3500,58,2000,500,820,0,0,0,0,0,0,1,0,0,0,-94.67500305175781,1,120,8200,0,121.25,-1.25,20,0,0,0,0,4054
1913,0,1,2000,500,820,0,0,0,0,0,0,1,0,0,0,-94.67500305175781,1,120,8200,0,121.25,-1.25,20,0,0,0,0,4054
1914,0,2,2000,500,820,0,0,0,0,0,0,1,0,0,0,-94.67500305175781,1,120,8200,0,121.25,-1.25,20,0,0,0,0,4054
1915,0,3,2000,500,820,0,0,0,0,0,0,1,0,0,0,-94.67500305175781,1,120,8200,0,121.25,-1.25,20,0,0,0,0,4054
1916,0,4,2000,500,820,0,0,0,0,0,0,1,0,0,0,-94.67500305175781,1,120,8200,0,121.25,-1.25,20,0,0,0,0,4054
1917,0,5,2000,500,820,0,0,0,0,0,0,1,0,0,0,-94.67500305175781,1,120,8200,0,121.25,-1.25,20,0,0,0,0,4054
1918,0,6,2000,500,820,0,0,0,0,0,0,1,0,0,0,-94.67500305175781,1,120,8200,0,121.25,-1.25,20,0,0,0,0,4054
1919,0,7,2000,500,820,0,0,0,0,0,0,1,0,0,0,-94.67500305175781,1,120,8200,0,121.25,-1.25,21,0,0,0,0,4054
1920,0,8,2000,500,820,0,0,0,0,0,0,1,0,0,0,-94.67500305175781,1,120,8200,0,121.25,-1.25,21,0,0,0,0,4054
1921,0,9,2000,500,820,0,0,0,0,0,0,1,0,0,0,-94.67500305175781,1,120,8200,0,121.25,-1.25,21,0,0,0,0,4054
1922,0,10,2000,500,820,0,0,0,0,0,0,1,0,0,0,-94.67500305175781,1,120,8200,0,121.25,-1.25,21,0,0,0,0,4054
1923,0,11,2000,500,820,0,0,0,0,0,0,1,0,0,0,-94.67500305175781,1,120,8200,0,121.25,-1.25,21,0,0,0,0,4054
1924,0,12,2000,500,820,0,0,0,0,0,0,1,0,0,0,-94.67500305175781,1,120,8200,0,121.25,-1.25,21,0,0,0,0,4054
1925,0,13,2000,500,820,0,0,0,0,0,0,1,0,0,0,-94.67500305175781,1,120,8200,0,121.25,-1.25,21,0,0,0,0,4054
1926,0,14,2000,500,820,0,0,0,0,0,0,1,0,0,0,-94.67500305175781,1,120,8200,0,121.25,-1.25,21,0,0,0,0,4054
1927,0,15,2000,500,820,0,0,0,0,0,0,1,0,0,0,-94.67500305175781,1,120,8200,0,121.25,-1.25,21,0,0,0,0,4054
1928,0,16,2000,500,820,0,0,0,0,0,0,1,0,0,0,-94.67500305175781,1,120,8200,0,121.25,-1.25,21,0,0,0,0,4054
1929,0,17,2000,500,820,0,0,0,0,0,0,1,0,0,0,-94.67500305175781,1,120,8200,0,121.25,-1.25,21,0,0,0,0,4054
1930,0,18,2000,500,820,0,0,0,0,0,0,1,0,0,0,-94.67500305175781,1,120,8200,0,121.25,-1.25,21,0,0,0,0,4054
1931,0,19,2000,500,820,0,0,0,0,0,0,1,0,0,0,-94.67500305175781,1,120,8200,0,121.25,-1.25,21,0,0,0,0,4054
1932,0,20,2000,500,820,0,0,0,0,0,0,1,0,0,0,-94.67500305175781,1,120,8200,0,121.25,-1.25,21,0,0,0,0,4054
1933,0,21,2000,500,820,0,0,0,0,0,0,1,0,0,0,-94.67500305175781,1,120,8200,0,121.25,-1.25,21,0,0,0,0,4054
1934,0,22,2000,500,820,0,0,0,0,0,0,1,0,0,0,-94.67500305175781,1,120,8200,0,121.25,-1.25,21,0,0,0,0,4054
1935,0,23,2000,500,820,0,0,0,0,0,0,1,0,0,0,-94.67500305175781,1,120,8200,0,121.25,-1.25,21,0,0,0,0,4054
1936,0,24,2000,500,820,0,0,0,0,0,0,1,0,0,0,-94.67500305175781,1,120,8200,0,121.25,-1.25,21,0,0,0,0,4054
1937,0,25,2000,500,820,0,0,0,0,0,0,1,0,0,0,-94.67500305175781,1,120,8200,0,121.25,-1.25,21,0,0,0,0,4054
1938,0,26,2000,500,820,0,0,0,0,0,0,1,0,0,0,-94.67500305175781,1,120,8200,0,121.25,-1.25,21,0,0,0,0,4054
1939,0,27,2000,500,820,0,0,0,0,0,0,1,0,0,0,-98.42500305175781,1,120,8200,0,121.25,-1.25,21,0,0,0,0,4054
1940,0,28,2000,500,820,0,0,0,0,0,0,1,0,0,0,-98.42500305175781,1,120,8200,0,125,-5,21,0,0,0,0,4054
1941,0,29,2000,500,820,0,0,0,0,0,0,1,0,0,0,-98.42500305175781,1,120,8200,0,125,-5,21,0,0,0,0,4054
1942,0,30,2000,500,820,0,0,0,0,0,0,1,0,0,0,-98.42500305175781,1,120,8200,0,125,-5,21,0,0,0,0,4054
1943,0,31,2000,500,820,0,0,0,0,0,0,1,0,0,0,-98.42500305175781,1,120,8200,0,125,-5,21,0,0,0,0,4054
1944,0,32,2000,500,820,0,0,0,0,0,0,1,0,0,0,-98.42500305175781,1,120,8200,0,125,-5,21,0,0,0,0,4054
1945,0,33,2000,500,820,0,0,0,0,0,0,1,0,0,0,-98.42500305175781,1,120,8200,0,125,-5,21,0,0,0,0,4054
1946,0,34,2000,500,820,0,0,0,0,0,0,1,0,0,0,-98.42500305175781,1,120,8200,0,125,-5,21,0,0,0,0,4054
1947,0,35,2000,500,820,0,0,0,0,0,0,1,0,0,0,-98.42500305175781,1,120,8200,0,125,-5,21,0,0,0,0,4054
1948,0,36,2000,500,820,0,0,0,0,0,0,1,0,0,0,-101.42500305175781,1,120,8200,0,125,-5,21,0,0,0,0,4054
1949,0,37,2000,500,820,0,0,0,0,0,0,1,0,0,0,-104.42500305175781,1,120,8200,0,128,-8,21,0,0,0,0,4054
1950,0,38,2000,500,820,0,0,0,0,0,0,1,0,0,0,-107.42500305175781,1,120,8200,0,131,-11,21,0,0,0,0,4054
1951,0,39,2000,500,820,0,0,0,0,0,0,1,0,0,0,-110.17500305175781,1,120,8200,0,134,-14,21,0,0,0,0,4054
1952,0,40,2000,500,820,0,0,0,0,0,0,1,0,0,0,-111.67500305175781,1,120,8200,0,136.75,-16.75,21,0,0,0,0,4054
1953,0,41,2000,500,820,0,0,0,0,0,0,1,0,0,0,-113.17500305175781,1,120,8200,0,138.25,-18.25,21,0,0,0,0,4054
1954,0,42,2000,500,820,0,0,0,0,0,0,1,0,0,0,-114.67500305175781,1,120,8200,0,139.75,-19.75,21,0,0,0,0,4054
1955,0,43,2000,500,820,0,0,0,0,0,0,1,0,0,0,-116.17500305175781,1,120,8200,0,141.25,-21.25,22,0,0,0,0,4054
1956,0,44,2000,500,820,0,0,0,0,0,0,1,0,0,0,-117.67500305175781,1,120,8200,0,142.75,-22.75,22,0,0,0,0,4054
1957,0,45,2000,500,820,0,0,0,0,0,0,1,0,0,0,-119.17500305175781,1,120,8200,0,144.25,-24.25,22,0,0,0,0,4054
1958,0,46,2000,500,820,0,0,0,0,0,0,1,0,0,0,-120.67500305175781,1,120,8200,0,145.75,-25.75,22,0,0,0,0,4054
1959,0,47,2000,500,820,0,0,0,0,0,0,1,0,0,0,-122.17500305175781,1,120,8200,0,147.25,-27.25,22,0,0,0,0,4054
1960,0,48,2000,500,820,0,0,0,0,0,0,1,0,0,0,-123.67500305175781,1,120,8200,0,148.75,-28.75,22,0,0,0,0,4054
1961,0,49,2000,500,820,0,0,0,0,0,0,1,0,0,0,-125.17500305175781,1,120,8200,0,150.25,-30.25,22,0,0,0,0,4054
1962,0,50,2000,500,820,0,0,0,0,0,0,1,0,0,0,-126.67500305175781,1,120,8200,0,151.75,-31.75,22,0,0,0,0,4054
1963,0,51,2000,500,820,0,0,0,0,0,0,1,0,0,0,-128.1750030517578,1,120,8200,0,153.25,-33.25,22,0,0,0,0,4054
1964,0,52,2000,500,820,0,0,0,0,0,0,1,0,0,0,-129.6750030517578,1,120,8200,0,154.75,-34.75,22,0,0,0,0,4054
1965,0,53,2000,500,820,0,0,0,0,0,0,1,0,0,0,-131.1750030517578,1,120,8200,0,156.25,-36.25,22,0,0,0,0,4054
1966,0,54,2000,500,820,0,0,0,0,0,0,1,0,0,0,-132.6750030517578,1,120,8200,0,157.75,-37.75,22,0,0,0,0,4054
1967,0,55,2000,500,820,0,0,0,0,0,0,1,0,0,0,-133.4250030517578,1,120,8200,0,159.25,-39.25,22,0,0,0,0,4054
1968,0,56,2000,500,820,0,0,0,0,0,0,1,0,0,0,-133.4250030517578,1,120,8200,0,160,-40,22,0,0,0,0,4054
1969,0,57,2000,500,820,0,0,0,0,0,0,1,0,0,0,-133.4250030517578,1,120,8200,0,160,-40,22,0,0,0,0,4054
1970,0,58,2000,500,820,0,0,0,0,0,0,1,0,0,0,-133.4250030517578,1,120,8200,0,160,-40,22,0,0,0,0,4054
1971,0,59,2000,500,820,0,0,0,0,0,0,1,0,0,0,-133.4250030517578,1,120,8200,0,160,-40,22,0,0,0,0,4054
1972,0,60,2000,500,820,0,0,0,0,0,0,1,0,0,0,-133.4250030517578,1,120,8200,0,160,-40,22,0,0,0,0,4054
1973,0,61,2000,500,820,0,0,0,0,0,0,1,0,0,0,-133.4250030517578,1,120,8200,0,160,-40,22,0,0,0,0,4054
1974,0,62,2000,500,820,0,0,0,0,0,0,1,0,0,0,-133.4250030517578,1,120,8200,0,160,-40,22,0,0,0,0,4054
1975,0,63,2000,500,820,0,0,0,0,0,0,1,0,0,0,-133.4250030517578,1,120,8200,0,160,-40,22,0,0,0,0,4054
1976,0,64,2000,500,820,0,0,0,0,0,0,1,0,0,0,-133.4250030517578,1,120,8200,0,160,-40,22,0,0,0,0,4054
1977,0,65,2000,500,820,0,0,0,0,0,0,1,0,0,0,-133.4250030517578,1,120,8200,0,160,-40,22,0,0,0,0,4054
1978,0,66,2000,500,820,0,0,0,0,0,0,1,0,0,0,-133.4250030517578,1,120,8200,0,160,-40,22,0,0,0,0,4054
1979,0,67,2000,500,820,0,0,0,0,0,0,1,0,0,0,-133.4250030517578,1,120,8200,0,160,-40,22,0,0,0,0,4054
1980,0,68,2000,500,820,0,0,0,0,0,0,1,0,0,0,-133.4250030517578,1,120,8200,0,160,-40,22,0,0,0,0,4054
1981,0,69,2000,500,820,0,0,0,0,0,0,1,0,0,0,-133.4250030517578,1,120,8200,0,160,-40,22,0,0,0,0,4054
1982,0,70,2000,500,820,0,0,0,0,0,0,1,0,0,0,-133.4250030517578,1,120,8200,0,160,-40,22,0,0,0,0,4054
1983,0,71,2000,500,820,0,0,0,0,0,0,1,0,0,0,-133.4250030517578,1,120,8200,0,160,-40,22,0,0,0,0,4054
1984,0,72,2000,500,820,0,0,0,0,0,0,1,0,0,0,-133.4250030517578,1,120,8200,0,160,-40,22,0,0,0,0,4054
1985,0,73,2000,500,820,0,0,0,0,0,0,1,0,0,0,-133.4250030517578,1,120,8200,0,160,-40,22,0,0,0,0,4054
1986,0,74,2000,500,820,0,0,0,0,0,0,1,0,0,0,-133.4250030517578,1,120,8200,0,160,-40,22,0,0,0,0,4054
1987,0,75,2000,500,820,0,0,0,0,0,0,1,0,0,0,-133.4250030517578,1,120,8200,0,160,-40,22,0,0,0,0,4054
1988,0,76,2000,500,820,0,0,0,0,0,0,1,0,0,0,-133.4250030517578,1,120,8200,0,160,-40,22,0,0,0,0,4054
1989,0,77,2000,500,820,0,0,0,0,0,0,1,0,0,0,-133.4250030517578,1,120,8200,0,160,-40,22,0,0,0,0,4054
1990,0,78,2000,500,820,0,0,0,0,0,0,1,0,0,0,-133.4250030517578,1,120,8200,0,160,-40,22,0,0,0,0,4054
1991,0,79,2000,500,820,0,0,0,0,0,0,1,0,0,0,-133.4250030517578,1,120,8200,0,160,-40,23,0,0,0,0,4054
1992,0,80,2000,500,820,0,0,0,0,0,0,1,0,0,0,-133.4250030517578,1,120,8200,0,160,-40,23,0,0,0,0,4054
1993,0,81,2000,500,820,0,0,0,0,0,0,1,0,0,0,-133.4250030517578,1,120,8200,0,160,-40,23,0,0,0,0,4054
1994,0,82,2000,500,820,0,0,0,0,0,0,1,0,0,0,-133.4250030517578,1,120,8200,0,160,-40,23,0,0,0,0,4054
1995,0,83,2000,500,820,0,0,0,0,0,0,1,0,0,0,-133.4250030517578,1,120,8200,0,160,-40,23,0,0,0,0,4054
1996,0,84,2000,500,820,0,0,0,0,0,0,1,0,0,0,-133.4250030517578,1,120,8200,0,160,-40,23,0,0,0,0,4054
1997,0,85,2000,500,820,0,0,0,0,0,0,1,0,0,0,-133.4250030517578,1,120,8200,0,160,-40,23,0,0,0,0,4054
1998,0,86,2000,500,820,0,0,0,0,0,0,1,0,0,0,-133.4250030517578,1,120,8200,0,160,-40,23,0,0,0,0,4054
1999,0,87,2000,500,820,0,0,0,0,0,0,1,0,0,0,-133.4250030517578,1,120,8200,0,160,-40,23,0,0,0,0,4054
2000,0,88,2000,500,820,0,0,0,0,0,0,1,0,0,0,-133.4250030517578,1,120,8200,0,160,-40,23,0,0,0,0,4054
2001,0,89,2000,500,820,0,0,0,0,0,0,1,0,0,0,-133.4250030517578,1,120,8200,0,160,-40,23,0,0,0,0,4054
2002,0,90,2000,500,820,0,0,0,0,0,0,1,0,0,0,-133.4250030517578,1,120,8200,0,160,-40,23,0,0,0,0,4054
2003,0,91,2000,500,820,0,0,0,0,0,0,1,0,0,0,-133.4250030517578,1,120,8200,0,160,-40,23,0,0,0,0,4054
2004,0,92,2000,500,820,0,0,0,0,0,0,1,0,0,0,-133.4250030517578,1,120,8200,0,160,-40,23,0,0,0,0,4054
2005,0,93,2000,500,820,0,0,0,0,0,0,1,0,0,0,-133.4250030517578,1,120,8200,0,160,-40,23,0,0,0,0,4054
2006,0,94,2000,500,820,0,0,0,0,0,0,1,0,0,0,-133.4250030517578,1,120,8200,0,160,-40,23,0,0,0,0,4054
2007,0,95,2000,500,820,0,0,0,0,0,0,1,0,0,0,-133.4250030517578,1,120,8200,0,160,-40,23,0,0,0,0,4054
2008,0,96,2000,500,820,0,0,0,0,0,0,1,0,0,0,-133.4250030517578,1,120,8200,0,160,-40,23,0,0,0,0,4054
2009,0,97,2000,500,820,0,0,0,0,0,0,1,0,0,0,-133.4250030517578,1,120,8200,0,160,-40,23,0,0,0,0,4054
2010,0,98,2000,500,820,0,0,0,0,0,0,1,0,0,0,-133.4250030517578,1,120,8200,0,160,-40,23,0,0,0,0,4054
2011,0,99,2000,500,820,0,0,0,0,0,0,1,0,0,0,-133.4250030517578,1,120,8200,0,160,-40,23,0,0,0,0,4054
2012,0,100,2000,500,820,0,0,0,0,0,0,1,0,0,0,-133.4250030517578,1,120,8200,0,160,-40,23,0,0,0,0,4054
2013,0,101,2000,500,820,0,0,0,0,0,0,1,0,0,0,-133.4250030517578,1,120,8200,0,160,-40,23,0,0,0,0,4054
2014,0,102,2000,500,820,0,0,0,0,0,0,1,0,0,0,-133.4250030517578,1,120,8200,0,160,-40,23,0,0,0,0,4054
2015,0,103,2000,500,820,0,0,0,0,0,0,1,0,0,0,-133.4250030517578,1,120,8200,0,160,-40,23,0,0,0,0,4054
2016,0,104,2000,500,820,0,0,0,0,0,0,1,0,0,0,-133.4250030517578,1,120,8200,0,160,-40,23,0,0,0,0,4054
2017,0,105,2000,500,820,0,0,0,0,0,0,1,0,0,0,-133.4250030517578,1,120,8200,0,160,-40,23,0,0,0,0,4054
2018,0,106,2000,500,820,0,0,0,0,0,0,1,0,0,0,-133.4250030517578,1,120,8200,0,160,-40,23,0,0,0,0,4054
2019,0,107,2000,500,820,0,0,0,0,0,0,1,0,0,0,-133.4250030517578,1,120,8200,0,160,-40,23,0,0,0,0,4054
2020,0,108,2000,500,820,0,0,0,0,0,0,1,0,0,0,-133.4250030517578,1,120,8200,0,160,-40,23,0,0,0,0,4054
2021,0,109,2000,500,820,0,0,0,0,0,0,1,0,0,0,-133.4250030517578,1,120,8200,0,160,-40,23,0,0,0,0,4054
2022,0,110,2000,500,820,0,0,0,0,0,0,1,0,0,0,-133.4250030517578,1,120,8200,0,160,-40,23,0,0,0,0,4054
2023,0,111,2000,500,820,0,0,0,0,0,0,1,0,0,0,-133.4250030517578,1,120,8200,0,160,-40,23,0,0,0,0,4054
2024,0,112,2000,500,820,0,0,0,0,0,0,1,0,0,0,-133.4250030517578,1,120,8200,0,160,-40,23,0,0,0,0,4054
2025,0,113,2000,500,820,0,0,0,0,0,0,1,0,0,0,-133.4250030517578,1,120,8200,0,160,-40,23,0,0,0,0,4054
2026,0,114,2000,500,820,0,0,0,0,0,0,1,0,0,0,-133.4250030517578,1,120,8200,0,160,-40,23,0,0,0,0,4054
2027,0,115,2000,500,820,0,0,0,0,0,0,1,0,0,0,-133.4250030517578,1,120,8200,0,160,-40,24,0,0,0,0,4054
2028,0,116,2000,500,820,0,0,0,0,0,0,1,0,0,0,-133.4250030517578,1,120,8200,0,160,-40,24,0,0,0,0,4054
2029,0,117,2000,500,820,0,0,0,0,0,0,1,0,0,0,-133.4250030517578,1,120,8200,0,160,-40,24,0,0,0,0,4054
2030,0,118,2000,500,820,0,0,0,0,0,0,1,0,0,0,-133.4250030517578,1,120,8200,0,160,-40,24,0,0,0,0,4054
2031,0,119,2000,500,820,0,0,0,0,0,0,1,0,0,0,-133.4250030517578,1,120,8200,0,160,-40,24,0,0,0,0,4054
2032,0,120,2000,500,820,0,0,0,0,0,0,1,0,0,0,-133.4250030517578,1,120,8200,0,160,-40,24,0,0,0,0,4054
2033,0,121,2000,500,820,0,0,0,0,0,0,1,0,0,0,-133.4250030517578,1,120,8200,0,160,-40,24,0,0,0,0,4054
2034,0,122,2000,500,820,0,0,0,0,0,0,1,0,0,0,-133.4250030517578,1,120,8200,0,160,-40,24,0,0,0,0,4054
2035,0,123,2000,500,820,0,0,0,0,0,0,1,0,0,0,-133.4250030517578,1,120,8200,0,160,-40,24,0,0,0,0,4054
2036,0,124,2000,500,820,0,0,0,0,0,0,1,0,0,0,-133.4250030517578,1,120,8200,0,160,-40,24,0,0,0,0,4054
2037,0,125,2000,500,820,0,0,0,0,0,0,1,0,0,0,-133.4250030517578,1,120,8200,0,160,-40,24,0,0,0,0,4054
2038,0,126,2000,500,820,0,0,0,0,0,0,1,0,0,0,-133.4250030517578,1,120,8200,0,160,-40,24,0,0,0,0,4054
2039,0,127,2000,500,820,0,0,0,0,0,0,1,0,0,0,-133.4250030517578,1,120,8200,0,160,-40,24,0,0,0,0,4054
2040,0,128,2000,500,820,0,0,0,0,0,0,1,0,0,0,-133.4250030517578,1,120,8200,0,160,-40,24,0,0,0,0,4054
2041,0,129,2000,500,820,0,0,0,0,0,0,1,0,0,0,-133.4250030517578,1,120,8200,0,160,-40,24,0,0,0,0,4054
2042,0,130,2000,500,820,0,0,0,0,0,0,1,0,0,0,-133.4250030517578,1,120,8200,0,160,-40,24,0,0,0,0,4054
2043,0,131,2000,500,820,0,0,0,0,0,0,1,0,0,0,-133.4250030517578,1,120,8200,0,160,-40,24,0,0,0,0,4054
2044,0,132,2000,500,820,0,0,0,0,0,0,1,0,0,0,-133.4250030517578,1,120,8200,0,160,-40,24,0,0,0,0,4054
2045,0,133,2000,500,820,0,0,0,0,0,0,1,0,0,0,-133.4250030517578,1,120,8200,0,160,-40,1,0,0,0,0,4054
2046,0,134,2000,500,820,0,0,0,0,0,0,1,0,0,0,-133.4250030517578,1,120,8200,0,160,-40,1,0,0,0,0,4054
2047,0,135,2000,500,820,0,0,0,0,0,0,1,0,0,0,-133.4250030517578,1,120,8200,0,160,-40,1,0,0,0,0,4054
2048,0,136,2000,500,820,0,0,0,0,0,0,1,0,0,0,-133.4250030517578,1,120,8200,0,160,-40,1,0,0,0,0,4054
2049,0,137,2000,500,820,0,0,0,0,0,0,1,0,0,0,-133.4250030517578,1,120,8200,0,160,-40,1,0,0,0,0,4054
2050,0,138,2000,500,820,0,0,0,0,0,0,1,0,0,0,-133.4250030517578,1,120,8200,0,160,-40,1,0,0,0,0,4054
2051,0,139,2000,500,820,0,0,0,0,0,0,1,0,0,0,-133.4250030517578,1,120,8200,0,160,-40,1,0,0,0,0,4054
2052,0,140,2000,500,820,0,0,0,0,0,0,1,0,0,0,-133.4250030517578,1,120,8200,0,160,-40,1,0,0,0,0,4054
2053,0,141,2000,500,820,0,0,0,0,0,0,1,0,0,0,-133.4250030517578,1,120,8200,0,160,-40,1,0,0,0,0,4054
2054,0,142,2000,500,820,0,0,0,0,0,0,1,0,0,0,-133.4250030517578,1,120,8200,0,160,-40,1,0,0,0,0,4054
2055,0,143,2000,500,820,0,0,0,0,0,0,1,0,0,0,-133.4250030517578,1,120,8200,0,160,-40,1,0,0,0,0,4054
2056,0,144,2000,500,820,0,0,0,0,0,0,1,0,0,0,-133.4250030517578,1,120,8200,0,160,-40,1,0,0,0,0,4054
2057,0,145,2000,500,820,0,0,0,0,0,0,1,0,0,0,-133.4250030517578,1,120,8200,0,160,-40,2,0,0,0,0,4054
2058,0,146,2000,500,820,0,0,0,0,0,0,1,0,0,0,-133.4250030517578,1,120,8200,0,160,-40,2,0,0,0,0,4054
2059,0,147,2000,500,820,0,0,0,0,0,0,1,0,0,0,-133.4250030517578,1,120,8200,0,160,-40,2,0,0,0,0,4054
2060,0,148,2000,500,820,0,0,0,0,0,0,1,0,0,0,-133.4250030517578,1,120,8200,0,160,-40,2,0,0,0,0,4054
2061,0,149,2000,500,820,0,0,0,0,0,0,1,0,0,0,-133.4250030517578,1,120,8200,0,160,-40,2,0,0,0,0,4054
2062,0,150,2000,500,820,0,0,0,0,0,0,1,0,0,0,-133.4250030517578,1,120,8200,0,160,-40,2,0,0,0,0,4054
2063,0,151,2000,500,820,0,0,0,0,0,0,1,0,0,0,-133.4250030517578,1,120,8200,0,160,-40,2,0,0,0,0,4054
2064,0,152,2000,500,820,0,0,0,0,0,0,1,0,0,0,-133.4250030517578,1,120,8200,0,160,-40,2,0,0,0,0,4054
2065,0,153,2000,500,820,0,0,0,0,0,0,1,0,0,0,-133.4250030517578,1,120,8200,0,160,-40,2,0,0,0,0,4054
2066,0,154,2000,500,820,0,0,0,0,0,0,1,0,0,0,-133.4250030517578,1,120,8200,0,160,-40,2,0,0,0,0,4054
2067,0,155,2000,500,820,0,0,0,0,0,0,1,0,0,0,-133.4250030517578,1,120,8200,0,160,-40,2,0,0,0,0,4054
2068,0,156,2000,500,820,0,0,0,0,0,0,1,0,0,0,-133.4250030517578,1,120,8200,0,160,-40,2,0,0,0,0,4054
2069,0,157,2000,500,820,0,0,0,0,0,0,1,0,0,0,-133.4250030517578,1,120,8200,0,160,-40,3,0,0,0,0,4054
2070,0,158,2000,500,820,0,0,0,0,0,0,1,0,0,0,-133.4250030517578,1,120,8200,0,160,-40,3,0,0,0,0,4054
2071,0,159,2000,500,820,0,0,0,0,0,0,1,0,0,0,-133.4250030517578,1,120,8200,0,160,-40,3,0,0,0,0,4054
2072,0,160,2000,500,820,0,0,0,0,0,0,1,0,0,0,-133.4250030517578,1,120,8200,0,160,-40,3,0,0,0,0,4054
2073,0,161,2000,500,820,0,0,0,0,0,0,1,0,0,0,-133.4250030517578,1,120,8200,0,160,-40,3,0,0,0,0,4054
2074,0,162,2000,500,820,0,0,0,0,0,0,1,0,0,0,-133.4250030517578,1,120,8200,0,160,-40,3,0,0,0,0,4054
2075,0,163,2000,500,820,0,0,0,0,0,0,1,0,0,0,-133.4250030517578,1,120,8200,0,160,-40,3,0,0,0,0,4054
2076,0,164,2000,500,820,0,0,0,0,0,0,1,0,0,0,-133.4250030517578,1,120,8200,0,160,-40,3,0,0,0,0,4054
2077,0,165,2000,500,820,0,0,0,0,0,0,1,0,0,0,-133.4250030517578,1,120,8200,0,160,-40,3,0,0,0,0,4054
2078,0,166,2000,500,820,0,0,0,0,0,0,1,0,0,0,-133.4250030517578,1,120,8200,0,160,-40,3,0,0,0,0,4054
2079,0,167,2000,500,820,0,0,0,0,0,0,1,0,0,0,-133.4250030517578,1,120,8200,0,160,-40,3,0,0,0,0,4054
2080,0,168,2000,500,820,0,0,0,0,0,0,1,0,0,0,-133.4250030517578,1,120,8200,0,160,-40,3,0,0,0,0,4054
2081,0,169,2000,500,820,0,0,0,0,0,0,1,0,0,0,-133.4250030517578,1,120,8200,0,160,-40,4,0,0,0,0,4054
2082,0,170,2000,500,820,0,0,0,0,0,0,1,0,0,0,-133.4250030517578,1,120,8200,0,160,-40,4,0,0,0,0,4054
2083,0,171,2000,500,820,0,0,0,0,0,0,1,0,0,0,-133.4250030517578,1,120,8200,0,160,-40,4,0,0,0,0,4054
2084,0,172,2000,500,820,0,0,0,0,0,0,1,0,0,0,-133.4250030517578,1,120,8200,0,160,-40,4,0,0,0,0,4054
2085,0,173,2000,500,820,0,0,0,0,0,0,1,0,0,0,-133.4250030517578,1,120,8200,0,160,-40,4,0,0,0,0,4054
2086,0,174,2000,500,820,0,0,0,0,0,0,1,0,0,0,-133.4250030517578,1,120,8200,0,160,-40,4,0,0,0,0,4054
2087,0,175,2000,500,820,0,0,0,0,0,0,1,0,0,0,-133.4250030517578,1,120,8200,0,160,-40,4,0,0,0,0,4054
2088,0,176,2000,500,820,0,0,0,0,0,0,1,0,0,0,-133.4250030517578,1,120,8200,0,160,-40,4,0,0,0,0,4054
2089,0,177,2000,500,820,0,0,0,0,0,0,1,0,0,0,-133.4250030517578,1,120,8200,0,160,-40,4,0,0,0,0,4054
2090,0,178,2000,500,820,0,0,0,0,0,0,1,0,0,0,-133.4250030517578,1,120,8200,0,160,-40,4,0,0,0,0,4054
2091,0,179,2000,500,820,0,0,0,0,0,0,1,0,0,0,-133.4250030517578,1,120,8200,0,160,-40,4,0,0,0,0,4054
2092,0,180,2000,500,820,0,0,0,0,0,0,1,0,0,0,-133.4250030517578,1,120,8200,0,160,-40,4,0,0,0,0,4054
2093,0,181,2000,500,820,0,0,0,0,0,0,1,0,0,0,-133.4250030517578,1,120,8200,0,160,-40,5,0,0,0,0,4054
2094,0,182,2000,500,820,0,0,0,0,0,0,1,0,0,0,-133.4250030517578,1,120,8200,0,160,-40,5,0,0,0,0,4054
2095,0,183,2000,500,820,0,0,0,0,0,0,1,0,0,0,-133.4250030517578,1,120,8200,0,160,-40,5,0,0,0,0,4054
2096,0,184,2000,500,820,0,0,0,0,0,0,1,0,0,0,-133.4250030517578,1,120,8200,0,160,-40,5,0,0,0,0,4054
2097,0,185,2000,500,820,0,0,0,0,0,0,1,0,0,0,-133.4250030517578,1,120,8200,0,160,-40,5,0,0,0,0,4054
2098,0,186,2000,500,820,0,0,0,0,0,0,1,0,0,0,-133.4250030517578,1,120,8200,0,160,-40,5,0,0,0,0,4054
2099,0,187,2000,500,820,0,0,0,0,0,0,1,0,0,0,-133.4250030517578,1,120,8200,0,160,-40,5,0,0,0,0,4054
2100,0,188,2000,500,820,0,0,0,0,0,0,1,0,0,0,-133.4250030517578,1,120,8200,0,160,-40,5,0,0,0,0,4054
2101,0,189,2000,500,820,0,0,0,0,0,0,1,0,0,0,-133.4250030517578,1,120,8200,0,160,-40,5,0,0,0,0,4054
2102,0,190,2000,500,820,0,0,0,0,0,0,1,0,0,0,-133.4250030517578,1,120,8200,0,160,-40,5,0,0,0,0,4054
2103,0,191,2000,500,820,0,0,0,0,0,0,1,0,0,0,-133.4250030517578,1,120,8200,0,160,-40,5,0,0,0,0,4054
2104,0,192,2000,500,820,0,0,0,0,0,0,1,0,0,0,-133.4250030517578,1,120,8200,0,160,-40,5,0,0,0,0,4054
2105,0,193,2000,500,820,0,0,0,0,0,0,1,0,0,0,-133.4250030517578,1,120,8200,0,160,-40,6,0,0,0,0,4054
2106,0,194,2000,500,820,0,0,0,0,0,0,1,0,0,0,-133.4250030517578,1,120,8200,0,160,-40,6,0,0,0,0,4054
2107,0,195,2000,500,820,0,0,0,0,0,0,1,0,0,0,-133.4250030517578,1,120,8200,0,160,-40,6,0,0,0,0,4054
2108,0,196,2000,500,820,0,0,0,0,0,0,1,0,0,0,-133.4250030517578,1,120,8200,0,160,-40,6,0,0,0,0,4054
2109,0,197,2000,500,820,0,0,0,0,0,0,1,0,0,0,-133.4250030517578,1,120,8200,0,160,-40,6,0,0,0,0,4054
2110,0,1,3000,500,1000,500,0,0,0,0,0,1,0,0,0,-145,1,120,8200,0,160,-40,6,0,0,0,0,1000
2111,0,2,3000,500,1000,499,0,0,0,0,0,1,0,0,0,-145,1,120,8200,0,160,-40,6,0,0,0,0,1000
2112,0,3,3000,500,1000,498,0,0,0,0,0,1,0,0,0,-145,1,120,8200,0,160,-40,6,0,0,0,0,1000
2113,0,4,3000,500,1000,497,0,0,0,0,0,1,0,0,0,-145,1,120,8200,0,160,-40,6,0,0,0,0,1000
2114,0,5,3000,500,1000,496,0,0,0,0,0,1,0,0,0,-145,1,120,8200,0,160,-40,6,0,0,0,0,1000
2115,0,6,3000,500,1000,495,0,0,0,0,0,1,0,0,0,-145,1,120,8200,0,160,-40,6,0,0,0,0,1000
2116,0,7,3000,500,1000,494,0,0,0,0,0,1,0,0,0,-145,1,120,8200,0,160,-40,6,0,0,0,0,1000
2117,0,8,3000,500,1000,493,0,0,0,0,0,1,0,0,0,-145,1,120,8200,0,160,-40,7,0,0,0,0,1000
2118,0,9,3000,500,1000,492,0,0,0,0,0,1,0,0,0,-145,1,120,8200,0,160,-40,7,0,0,0,0,1000
2119,10,1,3000,500,1000,491,0,0,0,0,0,1,0,0,0,-145,1,120,8200,0,160,-40,7,0,0,0,0,1000
2120,10,2,3000,500,1000,490,0,0,0,0,0,1,0,0,0,-145,1,120,8200,0,160,-40,7,0,0,0,0,1000
2121,10,3,3000,500,1000,489,0,0,0,0,0,1,0,0,0,-145,1,120,8200,0,160,-40,7,0,0,0,0,1000
2122,10,4,3000,500,1000,488,0,0,0,0,0,1,0,0,0,-145,1,120,8200,0,160,-40,7,0,0,0,0,1000
2123,10,5,3000,500,1000,487,0,0,0,0,0,1,0,0,0,-145,1,120,8200,0,160,-40,7,0,0,0,0,1000
2124,10,6,3000,500,1000,486,0,0,0,0,0,1,0,0,0,-145,1,120,8200,0,160,-40,7,0,0,0,0,1000
2125,12,1,3000,500,1000,485,0,0,0,0,0,1,0,0,0,-145,1,120,8200,0,160,-40,7,0,0,0,0,1000
2126,20,1,3000,500,1000,484,0,0,0,0,0,1,0,0,0,-143.75,1,120,8200,0,160,-40,7,0,0,0,0,1000
2127,20,2,3000,500,1000,483,0,0,0,0,0,1,0,0,0,-143.75,1,120,8200,0,158.75,-38.75,7,0,0,0,0,1000
2128,10,1,3000,500,1000,482,0,0,0,0,0,1,0,0,0,-143.75,1,120,8200,0,157.5,-37.5,7,0,0,0,0,1000
2129,10,2,3000,500,1000,481,0,0,0,0,0,1,0,0,0,-143.75,1,120,8200,0,157.5,-37.5,8,0,0,0,0,1000
2130,10,3,3000,500,1000,480,0,0,0,0,0,1,0,0,0,-143.75,1,120,8200,0,157.5,-37.5,8,0,0,0,0,1000
2131,10,4,3000,500,1000,479,0,0,0,0,0,1,0,0,0,-143.75,1,120,8200,0,157.5,-37.5,8,0,0,0,0,1000
2132,10,5,3000,500,1000,478,0,0,0,0,0,1,0,0,0,-143.75,1,120,8200,0,157.5,-37.5,8,0,0,0,0,1000
2133,10,6,3000,500,1000,477,0,0,0,0,0,1,0,0,0,-143.75,1,120,8200,0,157.5,-37.5,8,0,0,0,0,1000
2134,4000,1,1000,500,1000,476,0,0,0,0,0,1,0,0,0,-143.75,1,120,8200,0,157.5,-37.5,8,0,0,0,0,1000
2135,4000,2,1000,500,1000,0,0,0,0,0,0,1,0,0,0,-143.75,1,120,8200,0,157.5,-37.5,8,0,0,0,0,1000
2136,4000,3,1000,500,1000,0,0,0,0,0,0,1,0,0,0,-143.75,1,120,8200,0,157.5,-37.5,8,0,0,0,0,1000
2137,4000,4,1000,500,1000,0,0,0,0,0,0,1,0,0,0,-143.75,1,120,8200,0,157.5,-37.5,8,0,0,0,0,1000
2138,4000,5,1000,500,1000,0,0,0,0,0,0,1,0,0,0,-143.75,1,120,8200,0,157.5,-37.5,8,0,0,0,0,1000
2139,4000,6,1000,500,1000,0,0,0,0,0,0,1,0,0,0,-143.75,1,120,8200,0,157.5,-37.5,8,0,0,0,0,1000
2140,4000,7,1000,500,1000,0,0,0,0,0,0,1,0,0,0,-143.75,1,120,8200,0,157.5,-37.5,8,0,0,0,0,1000
2141,4000,8,1000,500,1000,0,0,0,0,0,0,1,0,0,0,-143.75,1,120,8200,0,157.5,-37.5,9,0,0,0,0,1000
2142,4000,9,1000,500,1000,0,0,0,0,0,0,1,0,0,0,-143.75,1,120,8200,0,157.5,-37.5,9,0,0,0,0,1000
2143,4000,10,1000,500,1000,0,0,0,0,0,0,1,0,0,0,-143.75,1,120,8210,0,157.5,-37.5,1,0,0,0,0,1000
2144,4000,11,1000,500,1000,0,0,0,0,0,0,1,0,0,0,-141.375,1,120,8210,0,157.5,-37.5,1,0,0,0,0,1000
2145,4000,12,1000,500,1000,0,0,0,0,0,0,1,0,0,0,-139.625,1,120,8210,0,157.5,-37.5,1,0,0,0,0,1000
2146,4000,13,1000,500,1000,0,0,0,0,0,0,1,0,0,0,-137.875,1,120,8210,0,157.5,-37.5,1,0,0,0,0,1000
2147,4000,14,1000,500,1000,0,0,0,0,0,0,1,0,0,0,-136.125,1,120,8210,0,157.5,-37.5,2,0,0,0,0,1000
2148,4000,15,1000,500,1000,0,0,0,0,0,0,1,0,0,0,-134.375,1,120,8210,0,157.5,-37.5,2,0,0,0,0,1000
2149,4000,16,1000,500,1000,0,0,0,0,0,0,1,0,0,0,-132.625,1,120,8210,0,157.5,-37.5,2,0,0,0,0,1000
2150,4000,17,1000,500,1000,0,0,0,0,0,0,1,0,0,0,-130.875,1,120,8210,0,157.5,-37.5,2,0,0,0,0,1000
2151,4000,17,1000,500,935,0,0,0,0,0,0,1,0,0,0,-130.875,1,120,8210,0,157.5,-37.5,2,0,0,0,0,1018
2152,4000,17,1000,500,935,0,0,0,0,0,0,1,0,0,0,-130.875,1,120,8210,0,157.5,-37.5,2,0,0,0,0,1018
2153,4000,17,1000,500,935,0,0,0,0,0,0,1,0,0,0,-130.875,1,120,8210,0,157.5,-37.5,2,0,0,0,0,1018
2154,4000,17,1000,500,935,0,0,0,0,0,0,1,0,0,0,-130.875,1,120,8210,0,157.5,-37.5,2,0,0,0,0,1018
2155,4000,17,1000,500,935,0,0,0,0,0,0,1,0,0,0,-130.875,1,120,8210,0,157.5,-37.5,2,0,0,0,0,1018
2156,4000,17,1000,500,935,0,0,0,0,0,0,1,0,0,0,-130.875,1,120,8210,0,157.5,-37.5,2,0,0,0,0,1018
2157,4000,18,1000,500,935,0,0,0,0,0,0,1,0,0,0,-129.125,1,120,8210,0,157.5,-37.5,4,0,0,0,0,2018
2158,4000,19,1000,500,935,0,0,0,0,0,0,1,0,0,0,-127.375,1,120,8210,0,157.5,-37.5,4,0,0,0,0,2018
2159,4000,20,1000,500,935,0,0,0,0,0,0,1,0,0,0,-125.625,1,120,8210,0,157.5,-37.5,4,0,0,0,0,2018
2160,4000,21,1000,500,935,0,0,0,0,0,0,1,0,0,0,-123.625,1,120,8210,0,157.5,-37.5,4,0,0,0,0,2018
2161,4000,22,1000,500,935,0,0,0,0,0,0,1,0,0,0,-121.875,1,120,8210,0,157.5,-37.5,4,0,0,0,0,2018
2162,4000,23,1000,500,935,0,0,0,0,0,0,1,0,0,0,-120.125,1,120,8210,0,157.5,-37.5,5,0,0,0,0,2018
2163,4000,24,1000,500,935,0,0,0,0,0,0,1,0,0,0,-118.375,1,120,8210,0,157.5,-37.5,5,0,0,0,0,2018
2164,4000,25,1000,500,935,0,0,0,0,0,0,1,0,0,0,-116.625,1,120,8210,0,157.5,-37.5,5,0,0,0,0,2018
2165,4000,26,1000,500,935,0,0,0,0,0,0,1,0,0,0,-114.875,1,120,8210,0,157.5,-37.5,5,0,0,0,0,2018
2166,4000,27,1000,500,935,0,0,0,0,0,0,1,0,0,0,-113.125,1,120,8210,0,157.5,-37.5,5,0,0,0,0,2018
2167,4000,28,1000,500,935,0,0,0,0,0,0,1,0,0,0,-111.375,1,120,8210,0,157.5,-37.5,6,0,0,0,0,2018
2168,4000,29,1000,500,935,0,0,0,0,0,0,1,0,0,0,-109.625,1,120,8210,0,157.5,-37.5,6,0,0,0,0,2018
2169,4000,30,1000,500,935,0,0,0,0,0,0,1,0,0,0,-109.625,1,120,8210,0,157.5,-37.5,6,0,0,0,0,2018
2170,4000,31,1000,500,935,0,0,0,0,0,0,1,0,0,0,-109.625,1,120,8210,0,157.5,-37.5,6,0,0,0,0,2018
2171,4000,32,1000,500,935,0,0,0,0,0,0,1,0,0,0,-109.625,1,120,8210,0,157.5,-37.5,6,0,0,0,0,2018
2172,4000,33,1000,500,935,0,0,0,0,0,0,1,0,0,0,-109.625,1,120,8210,0,157.5,-37.5,1,0,0,0,0,2018
2173,4000,33,1000,500,850,0,0,0,0,0,0,1,0,0,0,-109.625,1,120,8210,0,157.5,-37.5,1,0,0,0,0,3036
2174,4000,33,1000,500,850,0,0,0,0,0,0,1,0,0,0,-109.625,1,120,8210,0,157.5,-37.5,1,0,0,0,0,3036
2175,4000,33,1000,500,850,0,0,0,0,0,0,1,0,0,0,-109.625,1,120,8210,0,157.5,-37.5,1,0,0,0,0,3036
2176,4000,33,1000,500,850,0,0,0,0,0,0,1,0,0,0,-109.625,1,120,8210,0,157.5,-37.5,1,0,0,0,0,3036
2177,4000,33,1000,500,850,0,0,0,0,0,0,1,0,0,0,-109.625,1,120,8210,0,157.5,-37.5,1,0,0,0,0,3036
2178,4000,33,1000,500,850,0,0,0,0,0,0,1,0,0,0,-109.625,1,120,8210,0,157.5,-37.5,1,0,0,0,0,3036
2179,4000,34,1000,500,812,0,0,0,0,0,0,1,0,0,0,-109.625,1,120,8212,1,157.5,-37.5,2,0,0,0,0,4054
2180,4000,35,1000,500,812,0,0,0,0,0,0,1,0,0,0,-109.625,1,120,8212,1,157.5,-37.5,2,0,0,0,0,4054
2181,4000,36,1000,500,812,0,0,0,0,0,0,1,0,0,0,-109.625,1,120,8212,1,157.5,-37.5,2,0,0,0,0,4054
2182,4000,37,1000,500,812,0,0,0,0,0,0,1,0,0,0,-109.625,1,120,8212,1,157.5,-37.5,2,0,0,0,0,4054
2183,4000,38,1000,500,812,0,0,0,0,0,0,1,0,0,0,-109.625,1,120,8212,1,157.5,-37.5,2,0,0,0,0,4054
2184,4000,39,1000,500,812,0,0,0,0,0,0,1,0,0,0,-109.625,1,120,8212,1,157.5,-37.5,2,0,0,0,0,4054
2185,4000,40,1000,500,812,0,0,0,0,0,0,1,0,0,0,-109.625,1,120,8212,1,157.5,-37.5,2,0,0,0,0,4054
2186,4000,41,1000,500,812,0,0,0,0,0,0,1,0,0,0,-109.625,1,120,8212,1,157.5,-37.5,2,0,0,0,0,4054
2187,4000,42,1000,500,812,0,0,0,0,0,0,1,0,0,0,-109.625,1,120,8212,1,157.5,-37.5,2,0,0,0,0,4054
2188,4000,43,1000,500,812,0,0,0,0,0,0,1,0,0,0,-109.625,1,120,8212,1,157.5,-37.5,2,0,0,0,0,4054
2189,4000,44,1000,500,812,0,0,0,0,0,0,1,0,0,0,-111.125,1,120,8212,1,157.5,-37.5,2,0,0,0,0,4054
2190,4000,45,1000,500,812,0,0,0,0,0,0,1,0,0,0,-112.625,1,120,8212,1,157.5,-37.5,3,0,0,0,0,4054
2191,4000,46,1000,500,812,0,0,0,0,0,0,1,0,0,0,-114.125,1,120,8212,1,157.5,-37.5,3,0,0,0,0,4054
2192,4000,47,1000,500,812,0,0,0,0,0,0,1,0,0,0,-115.625,1,120,8212,1,157.5,-37.5,3,0,0,0,0,4054
2193,4000,48,1000,500,812,0,0,0,0,0,0,1,0,0,0,-117.125,1,120,8212,1,157.5,-37.5,3,0,0,0,0,4054
2194,4000,49,1000,500,812,0,0,0,0,0,0,1,0,0,0,-118.625,1,120,8212,1,157.5,-37.5,3,0,0,0,0,4054
2195,4000,50,1000,500,812,0,0,0,0,0,0,1,0,0,0,-120.125,1,120,8212,1,157.5,-37.5,3,0,0,0,0,4054
2196,4000,51,1000,500,812,0,0,0,0,0,0,1,0,0,0,-121.625,1,120,8212,1,157.5,-37.5,4,0,0,0,0,4054
2197,4000,52,1000,500,774,0,0,0,0,0,0,1,0,0,0,-121.625,1,120,8212,1,157.5,-37.5,4,0,0,0,0,5000
2198,4000,53,1000,500,774,0,0,0,0,0,0,1,0,0,0,-121.625,1,120,8212,1,157.5,-37.5,4,0,0,0,0,5000
2199,4000,54,1000,500,774,0,0,0,0,0,0,1,0,0,0,-121.625,1,120,8212,1,157.5,-37.5,4,0,0,0,0,5000
2200,4000,55,1000,500,774,0,0,0,0,0,0,1,0,0,0,-121.625,1,120,8212,1,157.5,-37.5,4,0,0,0,0,5000
2201,4000,56,1000,500,774,0,0,0,0,0,0,1,0,0,0,-121.625,1,120,8212,1,157.5,-37.5,4,0,0,0,0,5000
2202,4000,57,1000,500,774,0,0,0,0,0,0,1,0,0,0,-121.625,1,120,8212,1,157.5,-37.5,4,0,0,0,0,5000
2203,4000,58,1000,500,774,0,0,0,0,0,0,1,0,0,0,-121.625,1,120,8212,1,157.5,-37.5,4,0,0,0,0,5000
2204,4000,59,1000,500,774,0,0,0,0,0,0,1,0,0,0,-121.625,1,120,8212,1,157.5,-37.5,4,0,0,0,0,5000
2205,4000,60,1000,500,774,0,0,0,0,0,0,1,0,0,0,-121.625,1,120,8212,1,157.5,-37.5,4,0,0,0,0,5000
2206,0,1,1000,500,774,0,0,0,0,0,0,1,0,0,0,-123.125,1,120,8212,1,157.5,-37.5,4,0,0,0,0,5000
2207,0,2,1000,500,774,0,0,0,0,0,0,1,0,0,0,-124.625,1,120,8212,1,157.5,-37.5,4,0,0,0,0,5000
2208,0,3,1000,500,774,0,0,0,0,0,0,1,0,0,0,-126.125,1,120,8212,1,157.5,-37.5,5,0,0,0,0,5000
2209,0,4,1000,500,774,0,0,0,0,0,0,1,0,0,0,-127.625,1,120,8212,1,157.5,-37.5,5,0,0,0,0,5000
2210,0,5,1000,500,774,0,0,0,0,0,0,1,0,0,0,-129.125,1,120,8212,1,157.5,-37.5,5,0,0,0,0,5000
2211,0,6,1000,500,710,0,0,0,0,0,0,1,0,0,0,-129.125,1,120,8212,1,157.5,-37.5,5,0,0,0,0,5000
2212,0,7,1000,500,710,0,0,0,0,0,0,1,0,0,0,-129.125,1,120,8212,1,157.5,-37.5,5,0,0,0,0,5000
2213,0,8,1000,500,710,0,0,0,0,0,0,1,0,0,0,-129.125,1,120,8212,1,157.5,-37.5,5,0,0,0,0,5000
2214,0,9,1000,500,710,0,0,0,0,0,0,1,0,0,0,-129.125,1,120,8212,1,157.5,-37.5,5,0,0,0,0,5000
2215,0,10,1000,500,710,0,0,0,0,0,0,1,0,0,0,-129.125,1,120,8212,1,157.5,-37.5,5,0,0,0,0,5000
2216,0,11,1000,500,710,0,0,0,0,0,0,1,0,0,0,-129.125,1,120,8212,1,157.5,-37.5,5,0,0,0,0,5000
2217,0,12,1000,500,710,0,0,0,0,0,0,1,0,0,0,-129.125,1,120,8212,1,157.5,-37.5,5,0,0,0,0,5000
2218,0,13,1000,500,710,0,0,0,0,0,0,1,0,0,0,-129.125,1,120,8212,1,157.5,-37.5,5,0,0,0,0,5000
2219,0,14,1000,500,710,0,0,0,0,0,0,1,0,0,0,-129.125,1,120,8212,1,157.5,-37.5,5,0,0,0,0,5000
2220,0,15,1000,500,710,0,0,0,0,0,0,1,0,0,0,-130.625,1,120,8212,1,157.5,-37.5,6,0,0,0,0,5000
2221,0,16,1000,500,710,0,0,0,0,0,0,1,0,0,0,-132.125,1,120,8212,1,157.5,-37.5,6,0,0,0,0,5000
2222,0,17,1000,500,710,0,0,0,0,0,0,1,0,0,0,-133.625,1,120,8212,1,157.5,-37.5,6,0,0,0,0,5000
2223,0,18,1000,500,710,0,0,0,0,0,0,1,0,0,0,-135.125,1,120,8212,1,157.5,-37.5,6,0,0,0,0,5000
2224,0,19,1000,500,710,0,0,0,0,0,0,1,0,0,0,-136.625,1,120,8212,1,157.5,-37.5,6,0,0,0,0,5000
2225,0,20,1000,500,710,0,0,0,0,0,0,1,0,0,0,-138.125,1,120,8212,1,157.5,-37.5,6,0,0,0,0,5000
2226,0,21,1000,500,710,0,0,0,0,0,0,1,0,0,0,-139.625,1,120,8212,1,157.5,-37.5,1,0,0,0,0,5000
2227,0,22,1000,500,710,0,0,0,0,0,0,1,0,0,0,-141.125,1,120,8212,1,157.5,-37.5,1,0,0,0,0,5000
2228,0,23,1000,500,710,0,0,0,0,0,0,1,0,0,0,-142.625,1,120,8214,0,157.5,-37.5,1,0,0,0,0,5000
2229,0,24,1000,500,710,0,0,0,0,0,0,1,0,0,0,-144.125,1,120,8214,0,157.5,-37.5,1,0,0,0,0,5000
2230,0,25,1000,500,710,0,0,0,0,0,0,1,0,0,0,-144.125,1,120,8214,0,157.5,-37.5,1,0,0,0,0,5000
2231,0,26,1000,500,710,0,0,0,0,0,0,1,0,0,0,-144.125,1,120,8214,0,157.5,-37.5,1,0,0,0,0,5000
2232,0,27,1000,500,710,0,0,0,0,0,0,1,0,0,0,-144.125,1,120,8214,0,157.5,-37.5,1,0,0,0,0,5000
2233,0,28,1000,500,710,0,0,0,0,0,0,1,0,0,0,-144.125,1,120,8214,0,157.5,-37.5,2,0,0,0,0,5000
2234,0,29,1000,500,710,0,0,0,0,0,0,1,0,0,0,-144.125,1,120,8214,0,157.5,-37.5,2,0,0,0,0,5000
2235,0,30,1000,500,710,0,0,0,0,0,0,1,0,0,0,-144.125,1,120,8214,0,157.5,-37.5,2,0,0,0,0,5000
2236,0,31,1000,500,710,0,0,0,0,0,0,1,0,0,0,-144.125,1,120,8214,0,157.5,-37.5,2,0,0,0,0,5000
2237,0,32,1000,500,710,0,0,0,0,0,0,1,0,0,0,-144.125,1,120,8214,0,157.5,-37.5,2,0,0,0,0,5000
2238,0,33,1000,500,710,0,0,0,0,0,0,1,0,0,0,-141.125,1,120,8214,0,157.5,-37.5,3,0,0,0,0,5000
2239,0,34,1000,500,710,0,0,0,0,0,0,1,0,0,0,-122.28125,-1,120,8214,0,154.5,-34.5,3,0,0,0,0,5000
2240,0,35,1000,500,710,0,0,0,0,0,0,1,0,0,0,-117.5703125,-1,120,8214,0,151.5,-31.5,3,0,0,0,0,5000
2241,0,36,1000,500,710,0,0,0,0,0,0,1,0,0,0,-114.5703125,-1,120,8214,0,148.5,-28.5,3,0,0,0,0,5000
2242,0,37,1000,500,710,0,0,0,0,0,0,1,0,0,0,-111.5703125,-1,120,8214,0,145.5,-25.5,3,0,0,0,0,5000
2243,0,38,1000,500,710,0,0,0,0,0,0,1,0,0,0,-108.5703125,-1,120,8214,0,142.5,-22.5,4,0,0,0,0,5000
2244,0,39,1000,500,710,0,0,0,0,0,0,1,0,0,0,-105.5703125,-1,120,8214,0,139.5,-19.5,4,0,0,0,0,5000
2245,0,40,1000,500,710,0,0,0,0,0,0,1,0,0,0,-102.5703125,-1,120,8214,0,136.5,-16.5,4,0,0,0,0,5000
2246,0,41,1000,500,710,0,0,0,0,0,0,1,0,0,0,-99.5703125,-1,120,8214,0,133.5,-13.5,4,0,0,0,0,5000
2247,0,42,1000,500,710,0,0,0,0,0,0,1,0,0,0,-96.5703125,-1,120,8214,0,130.5,-10.5,4,0,0,0,0,5000
2248,0,43,1000,500,710,0,0,0,0,0,0,1,0,0,0,-93.5703125,-1,120,8214,0,127.5,-7.5,5,0,0,0,0,5000
2249,0,44,1000,500,710,0,0,0,0,0,0,1,0,0,0,-90.5703125,-1,120,8214,0,124.5,-4.5,5,0,0,0,0,5000
2250,0,45,1000,500,710,0,0,0,0,0,0,1,0,0,0,-87.5703125,-1,120,8214,0,121.5,-1.5,5,0,0,0,0,5000
2251,0,46,1000,500,710,0,0,0,0,0,0,1,0,0,0,-84.5703125,-1,120,8214,0,118.5,1.5,5,0,0,0,0,5000
2252,0,47,1000,500,710,0,0,0,0,0,0,1,0,0,0,-81.5703125,-1,120,8214,0,115.5,4.5,5,0,0,0,0,5000
2253,0,48,1000,500,710,0,0,0,0,0,0,1,0,0,0,-78.5703125,-1,120,8214,0,112.5,7.5,6,0,0,0,0,5000
2254,0,49,1000,500,710,0,0,0,0,0,0,1,0,0,0,-75.5703125,-1,120,8214,0,109.5,10.5,6,0,0,0,0,5000
2255,0,50,1000,500,710,0,0,0,0,0,0,1,0,0,0,-72.5703125,-1,120,8214,0,106.5,13.5,6,0,0,0,0,5000
2256,0,51,1000,500,710,0,0,0,0,0,0,1,0,0,0,-69.5703125,-1,120,8214,0,103.5,16.5,6,0,0,0,0,5000
2257,0,52,1000,500,710,0,0,0,0,0,0,1,0,0,0,-66.5703125,-1,120,8214,0,100.5,19.5,6,0,0,0,0,5000
2258,0,53,1000,500,710,0,0,0,0,0,0,1,0,0,0,-63.5703125,-1,120,8214,0,97.5,22.5,1,0,0,0,0,5000
2259,0,54,1000,500,710,0,0,0,0,0,0,1,0,0,0,-60.5703125,-1,120,8200,0,94.5,25.5,1,0,0,0,0,5000
2260,0,55,1000,500,710,0,0,0,0,0,0,1,0,0,0,-57.5703125,-1,120,8200,0,91.5,28.5,1,0,0,0,0,5000
2261,0,56,1000,500,710,0,0,0,0,0,0,1,0,0,0,-57.5703125,-1,120,8200,0,88.5,31.5,1,0,0,0,0,5000
2262,0,57,1000,500,710,0,0,0,0,0,0,1,0,0,0,-57.5703125,-1,120,8200,0,88.5,31.5,1,0,0,0,0,5000
2263,0,58,1000,500,710,0,0,0,0,0,0,1,0,0,0,-57.5703125,-1,120,8200,0,88.5,31.5,1,0,0,0,0,5000
2264,0,59,1000,500,710,0,0,0,0,0,0,1,0,0,0,-57.5703125,-1,120,8200,0,88.5,31.5,1,0,0,0,0,5000
2265,0,60,1000,500,710,0,0,0,0,0,0,1,0,0,0,-57.5703125,-1,120,8200,0,88.5,31.5,1,0,0,0,0,5000
2266,0,61,1000,500,710,0,0,0,0,0,0,1,0,0,0,-57.5703125,-1,120,8200,0,88.5,31.5,1,0,0,0,0,5000
2267,0,62,1000,500,710,0,0,0,0,0,0,1,0,0,0,-57.5703125,-1,120,8200,0,88.5,31.5,1,0,0,0,0,5000
2268,0,63,1000,500,710,0,0,0,0,0,0,1,0,0,0,-57.5703125,-1,120,8200,0,88.5,31.5,1,0,0,0,0,5000
2269,0,64,1000,500,710,0,0,0,0,0,0,1,0,0,0,-55.3203125,-1,120,8200,0,88.5,31.5,1,0,0,0,0,5000
2270,0,65,1000,500,710,0,0,0,0,0,0,1,0,0,0,-53.0703125,-1,120,8200,0,86.25,33.75,2,0,0,0,0,5000
2271,0,66,1000,500,710,0,0,0,0,0,0,1,0,0,0,-50.8203125,-1,120,8200,0,84,36,2,0,0,0,0,5000
2272,0,67,1000,500,710,0,0,0,0,0,0,1,0,0,0,-48.5703125,-1,120,8200,0,81.75,38.25,2,0,0,0,0,5000
2273,0,68,1000,500,710,0,0,0,0,0,0,1,0,0,0,-46.3203125,-1,120,8200,0,79.5,40.5,2,0,0,0,0,5000
2274,0,69,1000,500,710,0,0,0,0,0,0,1,0,0,0,-44.0703125,-1,120,8200,0,77.25,42.75,2,0,0,0,0,5000
2275,0,70,1000,500,710,0,0,0,0,0,0,1,0,0,0,-41.8203125,-1,120,8200,0,75,45,2,0,0,0,0,5000
2276,0,71,1000,500,710,0,0,0,0,0,0,1,0,0,0,-39.5703125,-1,120,8200,0,72.75,47.25,2,0,0,0,0,5000
2277,0,72,1000,500,710,0,0,0,0,0,0,1,0,0,0,-37.3203125,-1,120,8200,0,70.5,49.5,2,0,0,0,0,5000
2278,0,73,1000,500,710,0,0,0,0,0,0,1,0,0,0,-35.0703125,-1,120,8200,0,68.25,51.75,2,0,0,0,0,5000
2279,0,74,1000,500,710,0,0,0,0,0,0,1,0,0,0,-32.8203125,-1,120,8200,0,66,54,2,0,0,0,0,5000
2280,0,75,1000,500,710,0,0,0,0,0,0,1,0,0,0,-30.5703125,-1,120,8200,0,63.75,56.25,2,0,0,0,0,5000
2281,0,76,1000,500,710,0,0,0,0,0,0,1,0,0,0,-28.3203125,-1,120,8200,0,61.5,58.5,2,0,0,0,0,5000
2282,0,77,1000,500,710,0,0,0,0,0,0,1,0,0,0,-26.0703125,-1,120,8200,0,59.25,60.75,3,0,0,0,0,5000
2283,0,78,1000,500,710,0,0,0,0,0,0,1,0,0,0,-23.8203125,-1,120,8200,0,57,63,3,0,0,0,0,5000
2284,0,79,1000,500,710,0,0,0,0,0,0,1,0,0,0,-21.5703125,-1,120,8200,0,54.75,65.25,3,0,0,0,0,5000
2285,0,80,1000,500,710,0,0,0,0,0,0,1,0,0,0,-19.3203125,-1,120,8200,0,52.5,67.5,3,0,0,0,0,5000
2286,0,81,1000,500,710,0,0,0,0,0,0,1,0,0,0,-17.0703125,-1,120,8200,0,50.25,69.75,3,0,0,0,0,5000
2287,0,82,1000,500,710,0,0,0,0,0,0,1,0,0,0,-14.8203125,-1,120,8200,0,48,72,3,0,0,0,0,5000
2288,0,83,1000,500,710,0,0,0,0,0,0,1,0,0,0,-12.5703125,-1,120,8200,0,45.75,74.25,3,0,0,0,0,5000
2289,0,84,1000,500,710,0,0,0,0,0,0,1,0,0,0,-10.5703125,-1,120,8200,0,43.5,76.5,3,0,0,0,0,5000
2290,0,85,1000,500,710,0,0,0,0,0,0,1,0,0,0,-8.8203125,-1,120,8200,0,41.5,78.5,3,0,0,0,0,5000
2291,0,86,1000,500,710,0,0,0,0,0,0,1,0,0,0,-7.3203125,-1,120,8200,0,39.75,80.25,3,0,0,0,0,5000
2292,0,87,1000,500,710,0,0,0,0,0,0,1,0,0,0,-6.0703125,-1,120,8200,0,38.25,81.75,3,0,0,0,0,5000
2293,0,88,1000,500,710,0,0,0,0,0,0,1,0,0,0,-5.0703125,-1,120,8200,0,37,83,3,0,0,0,0,5000
2294,0,89,1000,500,710,0,0,0,0,0,0,1,0,0,0,-4.0703125,-1,120,8200,0,36,84,4,0,0,0,0,5000
2295,0,90,1000,500,710,0,0,0,0,0,0,1,0,0,0,-3.3203125,-1,120,8200,0,35,85,4,0,0,0,0,5000
2296,0,91,1000,500,710,0,0,0,0,0,0,1,0,0,0,-2.5703125,-1,120,8200,0,34.25,85.75,4,0,0,0,0,5000
2297,0,92,1000,500,710,0,0,0,0,0,0,1,0,0,0,-2.0703125,-1,120,8200,0,33.5,86.5,4,0,0,0,0,5000
2298,0,93,1000,500,710,0,0,0,0,0,0,1,0,0,0,-1.5703125,-1,120,8200,0,33,87,4,0,0,0,0,5000
2299,0,94,1000,500,710,0,0,0,0,0,0,1,0,0,0,-1.0703125,-1,120,8200,0,32.5,87.5,4,0,0,0,0,5000
2300,0,95,1000,500,710,0,0,0,0,0,0,1,0,0,0,-0.8203125,-1,120,8200,0,32,88,4,0,0,0,0,5000
2301,0,96,1000,500,710,0,0,0,0,0,0,1,0,0,0,-0.5703125,-1,120,8200,0,31.75,88.25,4,0,0,0,0,5000
2302,0,97,1000,500,710,0,0,0,0,0,0,1,0,0,0,-0.3203125,-1,120,8200,0,31.5,88.5,4,0,0,0,0,5000
2303,0,98,1000,500,710,0,0,0,0,0,0,1,0,0,0,-0.0703125,-1,120,8200,0,31.25,88.75,4,0,0,0,0,5000
2304,0,99,1000,500,710,0,0,0,0,0,0,1,0,0,0,0.1796875,-1,120,8200,0,31,89,4,0,0,0,0,5000
2305,0,100,1000,500,710,0,0,0,0,0,0,1,0,0,0,0.4296875,-1,120,8200,0,30.75,89.25,4,0,0,0,0,5000
2306,0,101,1000,500,710,0,0,0,0,0,0,1,0,0,0,0.6796875,-1,120,8200,0,30.5,89.5,5,0,0,0,0,5000
2307,0,102,1000,500,710,0,0,0,0,0,0,1,0,0,0,0.9296875,-1,120,8200,0,30.25,89.75,5,0,0,0,0,5000
2308,0,103,1000,500,710,0,0,0,0,0,0,1,0,0,0,0.9296875,-1,120,8200,0,30,90,5,0,0,0,0,5000
2309,0,104,1000,500,710,0,0,0,0,0,0,1,0,0,0,0.9296875,-1,120,8200,0,30,90,5,0,0,0,0,5000
2310,0,105,1000,500,710,0,0,0,0,0,0,1,0,0,0,0.9296875,-1,120,8200,0,30,90,5,0,0,0,0,5000
2311,0,106,1000,500,710,0,0,0,0,0,0,1,0,0,0,0.9296875,-1,120,8200,0,30,90,5,0,0,0,0,5000
2312,0,107,1000,500,710,0,0,0,0,0,0,1,0,0,0,0.9296875,-1,120,8200,0,30,90,5,0,0,0,0,5000
2313,0,108,1000,500,710,0,0,0,0,0,0,1,0,0,0,0.9296875,-1,120,8200,0,30,90,5,0,0,0,0,5000
2314,0,109,1000,500,710,0,0,0,0,0,0,1,0,0,0,0.9296875,-1,120,8200,0,30,90,5,0,0,0,0,5000
2315,0,110,1000,500,710,0,0,0,0,0,0,1,0,0,0,0.9296875,-1,120,8200,0,30,90,5,0,0,0,0,5000
2316,0,111,1000,500,710,0,0,0,0,0,0,1,0,0,0,0.9296875,-1,120,8200,0,30,90,5,0,0,0,0,5000
2317,0,112,1000,500,710,0,0,0,0,0,0,1,0,0,0,0.9296875,-1,120,8200,0,30,90,5,0,0,0,0,5000
2318,0,113,1000,500,710,0,0,0,0,0,0,1,0,0,0,0.9296875,-1,120,8200,0,30,90,6,0,0,0,0,5000
2319,0,114,1000,500,710,0,0,0,0,0,0,1,0,0,0,0.9296875,-1,120,8200,0,30,90,6,0,0,0,0,5000
2320,0,115,1000,500,710,0,0,0,0,0,0,1,0,0,0,0.9296875,-1,120,8200,0,30,90,6,0,0,0,0,5000
2321,0,116,1000,500,710,0,0,0,0,0,0,1,0,0,0,0.9296875,-1,120,8200,0,30,90,6,0,0,0,0,5000
2322,0,117,1000,500,710,0,0,0,0,0,0,1,0,0,0,0.9296875,-1,120,8200,0,30,90,6,0,0,0,0,5000
2323,0,118,1000,500,710,0,0,0,0,0,0,1,0,0,0,0.9296875,-1,120,8200,0,30,90,6,0,0,0,0,5000
2324,0,119,1000,500,710,0,0,0,0,0,0,1,0,0,0,0.9296875,-1,120,8200,0,30,90,6,0,0,0,0,5000
2325,0,120,1000,500,710,0,0,0,0,0,0,1,0,0,0,0.9296875,-1,120,8200,0,30,90,6,0,0,0,0,5000
2326,0,121,1000,500,710,0,0,0,0,0,0,1,0,0,0,0.9296875,-1,120,8200,0,30,90,6,0,0,0,0,5000
2327,0,122,1000,500,710,0,0,0,0,0,0,1,0,0,0,0.9296875,-1,120,8200,0,30,90,6,0,0,0,0,5000
2328,0,123,1000,500,710,0,0,0,0,0,0,1,0,0,0,0.9296875,-1,120,8200,0,30,90,6,0,0,0,0,5000
2329,0,124,1000,500,710,0,0,0,0,0,0,1,0,0,0,0.9296875,-1,120,8200,0,30,90,6,0,0,0,0,5000
2330,0,125,1000,500,710,0,0,0,0,0,0,1,0,0,0,0.9296875,-1,120,8200,0,30,90,7,0,0,0,0,5000
2331,0,126,1000,500,710,0,0,0,0,0,0,1,0,0,0,0.9296875,-1,120,8200,0,30,90,7,0,0,0,0,5000
2332,0,127,1000,500,710,0,0,0,0,0,0,1,0,0,0,0.9296875,-1,120,8200,0,30,90,7,0,0,0,0,5000
2333,0,128,1000,500,710,0,0,0,0,0,0,1,0,0,0,0.9296875,-1,120,8200,0,30,90,7,0,0,0,0,5000
2334,0,129,1000,500,710,0,0,0,0,0,0,1,0,0,0,0.9296875,-1,120,8200,0,30,90,7,0,0,0,0,5000
2335,0,130,1000,500,710,0,0,0,0,0,0,1,0,0,0,0.9296875,-1,120,8200,0,30,90,7,0,0,0,0,5000
2336,0,131,1000,500,710,0,0,0,0,0,0,1,0,0,0,0.9296875,-1,120,8200,0,30,90,7,0,0,0,0,5000
2337,0,132,1000,500,710,0,0,0,0,0,0,1,0,0,0,0.9296875,-1,120,8200,0,30,90,7,0,0,0,0,5000
2338,0,133,1000,500,710,0,0,0,0,0,0,1,0,0,0,0.9296875,-1,120,8200,0,30,90,7,0,0,0,0,5000
2339,0,134,1000,500,710,0,0,0,0,0,0,1,0,0,0,0.9296875,-1,120,8200,0,30,90,7,0,0,0,0,5000
2340,0,135,1000,500,710,0,0,0,0,0,0,1,0,0,0,0.9296875,-1,120,8200,0,30,90,7,0,0,0,0,5000
2341,0,136,1000,500,710,0,0,0,0,0,0,1,0,0,0,0.9296875,-1,120,8200,0,30,90,7,0,0,0,0,5000
2342,0,137,1000,500,710,0,0,0,0,0,0,1,0,0,0,0.9296875,-1,120,8200,0,30,90,8,0,0,0,0,5000
2343,0,138,1000,500,710,0,0,0,0,0,0,1,0,0,0,0.9296875,-1,120,8200,0,30,90,8,0,0,0,0,5000
2344,0,139,1000,500,710,0,0,0,0,0,0,1,0,0,0,0.9296875,-1,120,8200,0,30,90,8,0,0,0,0,5000
2345,0,140,1000,500,710,0,0,0,0,0,0,1,0,0,0,0.9296875,-1,120,8200,0,30,90,8,0,0,0,0,5000
2346,0,141,1000,500,710,0,0,0,0,0,0,1,0,0,0,0.9296875,-1,120,8200,0,30,90,8,0,0,0,0,5000
2347,0,142,1000,500,710,0,0,0,0,0,0,1,0,0,0,0.9296875,-1,120,8200,0,30,90,8,0,0,0,0,5000
2348,0,143,1000,500,710,0,0,0,0,0,0,1,0,0,0,0.9296875,-1,120,8200,0,30,90,8,0,0,0,0,5000
2349,0,144,1000,500,710,0,0,0,0,0,0,1,0,0,0,0.9296875,-1,120,8200,0,30,90,8,0,0,0,0,5000
2350,0,145,1000,500,710,0,0,0,0,0,0,1,0,0,0,0.9296875,-1,120,8200,0,30,90,8,0,0,0,0,5000
2351,0,146,1000,500,710,0,0,0,0,0,0,1,0,0,0,0.9296875,-1,120,8200,0,30,90,8,0,0,0,0,5000
2352,0,147,1000,500,710,0,0,0,0,0,0,1,0,0,0,0.9296875,-1,120,8200,0,30,90,8,0,0,0,0,5000
2353,0,148,1000,500,710,0,0,0,0,0,0,1,0,0,0,0.9296875,-1,120,8200,0,30,90,8,0,0,0,0,5000
2354,0,149,1000,500,710,0,0,0,0,0,0,1,0,0,0,0.9296875,-1,120,8200,0,30,90,9,0,0,0,0,5000
2355,0,150,1000,500,710,0,0,0,0,0,0,1,0,0,0,0.9296875,-1,120,8200,0,30,90,9,0,0,0,0,5000
2356,0,151,1000,500,710,0,0,0,0,0,0,1,0,0,0,0.9296875,-1,120,8200,0,30,90,9,0,0,0,0,5000
2357,0,152,1000,500,710,0,0,0,0,0,0,1,0,0,0,0.9296875,-1,120,8200,0,30,90,9,0,0,0,0,5000
2358,0,153,1000,500,710,0,0,0,0,0,0,1,0,0,0,0.9296875,-1,120,8200,0,30,90,9,0,0,0,0,5000
2359,0,154,1000,500,710,0,0,0,0,0,0,1,0,0,0,0.9296875,-1,120,8200,0,30,90,9,0,0,0,0,5000
2360,0,155,1000,500,710,0,0,0,0,0,0,1,0,0,0,0.9296875,-1,120,8200,0,30,90,9,0,0,0,0,5000
2361,0,156,1000,500,710,0,0,0,0,0,0,1,0,0,0,0.9296875,-1,120,8200,0,30,90,9,0,0,0,0,5000
2362,0,157,1000,500,710,0,0,0,0,0,0,1,0,0,0,0.9296875,-1,120,8200,0,30,90,9,0,0,0,0,5000
2363,0,158,1000,500,710,0,0,0,0,0,0,1,0,0,0,0.9296875,-1,120,8200,0,30,90,9,0,0,0,0,5000
2364,0,159,1000,500,710,0,0,0,0,0,0,1,0,0,0,0.9296875,-1,120,8200,0,30,90,9,0,0,0,0,5000
2365,0,160,1000,500,710,0,0,0,0,0,0,1,0,0,0,0.9296875,-1,120,8200,0,30,90,9,0,0,0,0,5000
2366,0,161,1000,500,710,0,0,0,0,0,0,1,0,0,0,0.9296875,-1,120,8200,0,30,90,10,0,0,0,0,5000
2367,0,162,1000,500,710,0,0,0,0,0,0,1,0,0,0,0.9296875,-1,120,8200,0,30,90,10,0,0,0,0,5000
2368,0,163,1000,500,710,0,0,0,0,0,0,1,0,0,0,0.9296875,-1,120,8200,0,30,90,10,0,0,0,0,5000
2369,0,164,1000,500,710,0,0,0,0,0,0,1,0,0,0,0.9296875,-1,120,8200,0,30,90,10,0,0,0,0,5000
2370,0,165,1000,500,710,0,0,0,0,0,0,1,0,0,0,0.9296875,-1,120,8200,0,30,90,10,0,0,0,0,5000
2371,0,166,1000,500,710,0,0,0,0,0,0,1,0,0,0,0.9296875,-1,120,8200,0,30,90,10,0,0,0,0,5000
2372,0,167,1000,500,710,0,0,0,0,0,0,1,0,0,0,0.9296875,-1,120,8200,0,30,90,10,0,0,0,0,5000
2373,0,168,1000,500,710,0,0,0,0,0,0,1,0,0,0,0.9296875,-1,120,8200,0,30,90,10,0,0,0,0,5000
2374,0,169,1000,500,710,0,0,0,0,0,0,1,0,0,0,0.9296875,-1,120,8200,0,30,90,10,0,0,0,0,5000
2375,0,170,1000,500,710,0,0,0,0,0,0,1,0,0,0,0.9296875,-1,120,8200,0,30,90,10,0,0,0,0,5000
2376,0,171,1000,500,710,0,0,0,0,0,0,1,0,0,0,0.9296875,-1,120,8200,0,30,90,10,0,0,0,0,5000
2377,0,172,1000,500,710,0,0,0,0,0,0,1,0,0,0,0.9296875,-1,120,8200,0,30,90,10,0,0,0,0,5000
2378,0,173,1000,500,710,0,0,0,0,0,0,1,0,0,0,0.9296875,-1,120,8200,0,30,90,11,0,0,0,0,5000
2379,0,174,1000,500,710,0,0,0,0,0,0,1,0,0,0,0.9296875,-1,120,8200,0,30,90,11,0,0,0,0,5000
2380,0,175,1000,500,710,0,0,0,0,0,0,1,0,0,0,0.9296875,-1,120,8200,0,30,90,11,0,0,0,0,5000
2381,0,176,1000,500,710,0,0,0,0,0,0,1,0,0,0,0.9296875,-1,120,8200,0,30,90,11,0,0,0,0,5000
2382,0,177,1000,500,710,0,0,0,0,0,0,1,0,0,0,0.9296875,-1,120,8200,0,30,90,11,0,0,0,0,5000
2383,0,178,1000,500,710,0,0,0,0,0,0,1,0,0,0,0.9296875,-1,120,8200,0,30,90,11,0,0,0,0,5000
2384,0,179,1000,500,710,0,0,0,0,0,0,1,0,0,0,0.9296875,-1,120,8200,0,30,90,11,0,0,0,0,5000
2385,0,180,1000,500,710,0,0,0,0,0,0,1,0,0,0,0.9296875,-1,120,8200,0,30,90,11,0,0,0,0,5000
2386,0,181,1000,500,710,0,0,0,0,0,0,1,0,0,0,0.9296875,-1,120,8200,0,30,90,11,0,0,0,0,5000
2387,0,182,1000,500,710,0,0,0,0,0,0,1,0,0,0,0.9296875,-1,120,8200,0,30,90,11,0,0,0,0,5000
2388,0,183,1000,500,710,0,0,0,0,0,0,1,0,0,0,0.9296875,-1,120,8200,0,30,90,11,0,0,0,0,5000
2389,0,184,1000,500,710,0,0,0,0,0,0,1,0,0,0,0.9296875,-1,120,8200,0,30,90,11,0,0,0,0,5000
2390,0,185,1000,500,710,0,0,0,0,0,0,1,0,0,0,0.9296875,-1,120,8200,0,30,90,12,0,0,0,0,5000
2391,0,186,1000,500,710,0,0,0,0,0,0,1,0,0,0,0.9296875,-1,120,8200,0,30,90,12,0,0,0,0,5000
2392,0,187,1000,500,710,0,0,0,0,0,0,1,0,0,0,0.9296875,-1,120,8200,0,30,90,12,0,0,0,0,5000
2393,0,188,1000,500,710,0,0,0,0,0,0,1,0,0,0,0.9296875,-1,120,8200,0,30,90,12,0,0,0,0,5000
2394,0,189,1000,500,710,0,0,0,0,0,0,1,0,0,0,0.9296875,-1,120,8200,0,30,90,12,0,0,0,0,5000
2395,0,190,1000,500,710,0,0,0,0,0,0,1,0,0,0,0.9296875,-1,120,8200,0,30,90,12,0,0,0,0,5000
2396,0,191,1000,500,710,0,0,0,0,0,0,1,0,0,0,0.9296875,-1,120,8200,0,30,90,12,0,0,0,0,5000
2397,0,192,1000,500,710,0,0,0,0,0,0,1,0,0,0,0.9296875,-1,120,8200,0,30,90,12,0,0,0,0,5000
2398,0,193,1000,500,710,0,0,0,0,0,0,1,0,0,0,0.9296875,-1,120,8200,0,30,90,12,0,0,0,0,5000
2399,0,194,1000,500,710,0,0,0,0,0,0,1,0,0,0,0.9296875,-1,120,8200,0,30,90,12,0,0,0,0,5000
2400,0,195,1000,500,710,0,0,0,0,0,0,1,0,0,0,0.9296875,-1,120,8200,0,30,90,12,0,0,0,0,5000
2401,0,196,1000,500,710,0,0,0,0,0,0,1,0,0,0,0.9296875,-1,120,8200,0,30,90,12,0,0,0,0,5000
2402,0,197,1000,500,710,0,0,0,0,0,0,1,0,0,0,0.9296875,-1,120,8200,0,30,90,13,0,0,0,0,5000
2403,0,198,1000,500,710,0,0,0,0,0,0,1,0,0,0,0.9296875,-1,120,8200,0,30,90,13,0,0,0,0,5000
2404,0,199,1000,500,710,0,0,0,0,0,0,1,0,0,0,0.9296875,-1,120,8200,0,30,90,13,0,0,0,0,5000
2405,0,200,1000,500,710,0,0,0,0,0,0,1,0,0,0,0.9296875,-1,120,8200,0,30,90,13,0,0,0,0,5000
2406,0,201,1000,500,710,0,0,0,0,0,0,1,0,0,0,0.9296875,-1,120,8200,0,30,90,13,0,0,0,0,5000
2407,0,202,1000,500,710,0,0,0,0,0,0,1,0,0,0,0.9296875,-1,120,8200,0,30,90,13,0,0,0,0,5000
2408,0,203,1000,500,710,0,0,0,0,0,0,1,0,0,0,0.9296875,-1,120,8200,0,30,90,13,0,0,0,0,5000
2409,0,204,1000,500,710,0,0,0,0,0,0,1,0,0,0,0.9296875,-1,120,8200,0,30,90,13,0,0,0,0,5000
2410,0,1,3000,500,1000,0,0,0,0,0,0,1,0,0,0,-5,-1,120,8200,0,30,90,13,0,0,0,0,1000
2411,0,2,3000,500,1000,0,0,0,0,0,0,1,0,0,0,-5,-1,120,8200,0,30,90,13,0,0,0,0,1000
2412,0,3,3000,500,1000,0,0,0,0,0,0,1,0,0,0,-5,-1,120,8200,0,30,90,13,0,0,0,0,1000
2413,0,4,3000,500,1000,0,0,0,0,0,0,1,0,0,0,-5,-1,120,8200,0,30,90,13,0,0,0,0,1000
2414,0,5,3000,500,1000,0,0,0,0,0,0,1,0,0,0,-5,-1,120,8200,0,30,90,14,0,0,0,0,1000
2415,0,6,3000,500,1000,0,0,0,0,0,0,1,0,0,0,-5,-1,120,8200,0,30,90,14,0,0,0,0,1000
2416,0,7,3000,500,1000,0,0,0,0,0,0,1,0,0,0,-5,-1,120,8200,0,30,90,14,0,0,0,0,1000
2417,0,8,3000,500,1000,0,0,0,0,0,0,1,0,0,0,-5,-1,120,8200,0,30,90,14,0,0,0,0,1000
2418,0,9,3000,500,1000,0,0,0,0,0,0,1,0,0,0,-5,-1,120,8200,0,30,90,14,0,0,0,0,1000
2419,10,1,3000,500,1000,0,0,0,0,0,0,1,0,0,0,-5,-1,120,8200,0,30,90,14,0,0,0,0,1000
2420,10,2,3000,500,1000,0,0,0,0,0,0,1,0,0,0,-5,-1,120,8200,0,30,90,14,0,0,0,0,1000
2421,10,3,3000,500,1000,0,0,0,0,0,0,1,0,0,0,-5,-1,120,8200,0,30,90,14,0,0,0,0,1000
2422,10,4,3000,500,1000,0,0,0,0,0,0,1,0,0,0,-5,-1,120,8200,0,30,90,14,0,0,0,0,1000
2423,10,5,3000,500,1000,0,0,0,0,0,0,1,0,0,0,-5,-1,120,8200,0,30,90,14,0,0,0,0,1000
2424,10,6,3000,500,1000,0,0,0,0,0,0,1,0,0,0,-5,-1,120,8200,0,30,90,14,0,0,0,0,1000
2425,1000,1,3000,500,1000,0,0,0,0,0,0,1,0,0,0,-5,-1,120,8200,0,30,90,14,0,0,0,0,1000
2426,1000,2,3000,500,1000,0,0,0,0,0,0,1,0,0,0,-5,-1,120,8200,0,30,90,15,0,0,0,0,1000
2427,1000,3,3000,500,1000,0,0,0,0,0,0,1,0,0,0,-5,-1,120,8200,0,30,90,15,0,0,0,0,1000
2428,1000,4,3000,500,1000,0,0,0,0,0,0,1,0,0,0,-5,-1,120,8200,0,30,90,15,0,0,0,0,1000
2429,1000,5,3000,500,1000,0,0,0,0,0,0,1,0,0,0,-5,-1,120,8200,0,30,90,15,0,0,0,0,1000
2430,1000,6,3000,500,1000,0,0,0,0,0,0,1,0,0,0,-5,-1,120,8200,0,30,90,15,0,0,0,0,1000
2431,1000,7,3000,500,1000,0,0,0,0,0,0,1,0,0,0,-5,-1,120,8200,0,30,90,15,0,0,0,0,1000
2432,1000,8,3000,500,1000,0,0,0,0,0,0,1,0,0,0,-5,-1,120,8200,0,30,90,15,0,0,0,0,1000
2433,1000,8,4030,500,977,0,0,0,0,0,0,1,0,0,0,-5,-1,120,8200,0,30,90,15,0,0,0,0,2018
2434,1000,8,4030,500,977,0,0,0,0,0,0,1,0,0,0,-5,-1,120,8200,0,30,90,15,0,0,0,0,2018
2435,1000,8,4030,500,977,0,0,0,0,0,0,1,0,0,0,-5,-1,120,8200,0,30,90,15,0,0,0,0,2018
2436,1000,8,4030,500,977,0,0,0,0,0,0,1,0,0,0,-5,-1,120,8200,0,30,90,15,0,0,0,0,2018
2437,1000,8,4030,500,977,0,0,0,0,0,0,1,0,0,0,-5,-1,120,8200,0,30,90,15,0,0,0,0,2018
2438,1000,8,4030,500,977,0,0,0,0,0,0,1,0,0,0,-5,-1,120,8200,0,30,90,15,0,0,0,0,2018
2439,1000,9,4030,500,977,0,0,0,0,0,0,1,0,0,0,-5,-1,120,8200,0,30,90,16,1,0,0,0,2018
2440,1000,10,4030,500,977,0,0,0,0,0,0,1,0,0,0,-5,-1,120,8200,0,30,90,16,1,0,0,0,2018
2441,1000,11,4030,500,977,0,0,0,0,0,0,1,0,0,0,-5,-1,120,8200,0,30,90,16,1,0,0,0,2018
2442,1000,12,4030,500,977,0,0,0,0,0,0,1,0,0,0,-5,-1,120,8200,0,30,90,16,1,0,0,0,2018
2443,1000,13,4030,500,977,0,0,0,0,0,0,1,0,0,0,-5,-1,120,8200,0,30,90,16,1,0,0,0,2018
2444,1000,14,4030,500,977,0,0,0,0,0,0,1,0,0,0,-5,-1,120,8200,0,30,90,16,1,0,0,0,2018
2445,1000,15,4030,500,977,0,0,0,0,0,0,1,0,0,0,-5,-1,120,8200,0,30,90,16,1,0,0,0,2018
2446,1000,16,4030,500,977,0,0,0,0,0,0,1,0,0,0,-5,-1,120,8200,0,30,90,16,1,0,0,0,2018
2447,1000,16,5000,500,954,0,0,0,0,0,0,1,0,0,0,-5,-1,120,8200,0,30,90,16,1,0,0,0,3036
2448,1000,16,5000,500,954,0,0,0,0,0,0,1,0,0,0,-5,-1,120,8200,0,30,90,16,1,0,0,0,3036
2449,1000,16,5000,500,954,0,0,0,0,0,0,1,0,0,0,-5,-1,120,8200,0,30,90,16,1,0,0,0,3036
2450,1000,16,5000,500,954,0,0,0,0,0,0,1,0,0,0,-5,-1,120,8200,0,30,90,16,1,0,0,0,3036
2451,1000,16,5000,500,954,0,0,0,0,0,0,1,0,0,0,-5,-1,120,8200,0,30,90,16,1,0,0,0,3036
2452,1000,16,5000,500,954,0,0,0,0,0,0,1,0,0,0,-5,-1,120,8200,0,30,90,16,1,0,0,0,3036
2453,1000,17,5000,500,954,0,0,0,0,0,0,1,0,0,0,-5,-1,120,8200,0,30,90,17,1,0,0,0,3036
2454,1000,18,5000,500,954,0,0,0,0,0,0,1,0,0,0,-5,-1,120,8200,0,30,90,17,1,0,0,0,3036
2455,1000,19,5000,500,954,0,0,0,0,0,0,1,0,0,0,-5,-1,120,8200,0,30,90,17,1,0,0,0,3036
2456,1000,20,5000,500,954,0,0,0,0,0,0,1,0,0,0,-5,-1,120,8200,0,30,90,17,1,0,0,0,3036
2457,1000,21,5000,500,954,0,0,0,0,0,0,1,0,0,0,-5,-1,120,8200,0,30,90,17,1,0,0,0,3036
2458,1000,22,5000,500,954,0,0,0,0,0,0,1,0,0,0,-5,-1,120,8200,0,30,90,17,1,0,0,0,3036
2459,1000,23,5000,500,954,0,0,0,0,0,0,1,0,0,0,-5,-1,120,8200,0,30,90,17,1,0,0,0,3036
2460,1000,24,5000,500,954,0,0,0,0,0,0,1,0,0,0,-5,-1,120,8200,0,30,90,17,1,0,0,0,3036
2461,1000,24,5000,500,931,0,0,0,0,0,0,1,0,0,0,-5,-1,120,8200,0,30,90,17,1,0,0,0,4054
2462,1000,24,5000,500,931,0,0,0,0,0,0,1,0,0,0,-5,-1,120,8200,0,30,90,17,1,0,0,0,4054
2463,1000,24,5000,500,931,0,0,0,0,0,0,1,0,0,0,-5,-1,120,8200,0,30,90,17,1,0,0,0,4054
2464,1000,24,5000,500,931,0,0,0,0,0,0,1,0,0,0,-5,-1,120,8200,0,30,90,17,1,0,0,0,4054
2465,1000,24,5000,500,931,0,0,0,0,0,0,1,0,0,0,-5,-1,120,8200,0,30,90,17,1,0,0,0,4054
2466,1000,24,5000,500,931,0,0,0,0,0,0,1,0,0,0,-5,-1,120,8200,0,30,90,17,1,0,0,0,4054
2467,1000,25,5000,500,931,0,0,0,0,0,0,1,0,0,0,-5,-1,120,8200,0,30,90,18,1,0,0,0,4054
2468,1000,26,5000,500,931,0,0,0,0,0,0,1,0,0,0,-5,-1,120,8200,0,30,90,18,1,0,0,0,4054
2469,1000,27,5000,500,931,0,0,0,0,0,0,1,0,0,0,-5,-1,120,8200,0,30,90,18,1,0,0,0,4054
2470,1000,28,5000,500,931,0,0,0,0,0,0,1,0,0,0,-5,-1,120,8200,0,30,90,18,1,0,0,0,4054
2471,1000,29,5000,500,931,0,0,0,0,0,0,1,0,0,0,-5,-1,120,8200,0,30,90,18,1,0,0,0,4054
2472,1000,30,5000,500,931,0,0,0,0,0,0,1,0,0,0,-5,-1,120,8200,0,30,90,18,1,0,0,0,4054
2473,1000,31,5000,500,931,0,0,0,0,0,0,1,0,0,0,-5,-1,120,8200,0,30,90,18,1,0,0,0,4054
2474,1000,32,5000,500,931,0,0,0,0,0,0,1,0,0,0,-5,-1,120,8200,0,30,90,19,1,0,0,0,4054
2475,1000,33,5000,500,931,0,0,0,0,0,0,1,0,0,0,-5,-1,120,8200,0,30,90,19,1,0,0,0,4054
2476,1000,34,5000,500,931,0,0,0,0,0,0,1,0,0,0,-5,-1,120,8200,0,30,90,19,1,0,0,0,4054
2477,0,1,5000,500,931,0,0,0,0,0,0,1,0,0,0,-5,-1,120,8200,0,30,90,19,1,0,0,0,4054
2478,0,2,5000,500,931,0,0,0,0,0,0,1,0,0,0,-5,-1,120,8200,0,30,90,19,1,0,0,0,4054
2479,0,3,5000,500,931,0,0,0,0,0,0,1,0,0,0,-5,-1,120,8200,0,30,90,19,1,0,0,0,4054
2480,0,4,5000,500,931,0,0,0,0,0,0,1,0,0,0,-5,-1,120,8200,0,30,90,19,1,0,0,0,4054
2481,0,5,5000,500,931,0,0,0,0,0,0,1,0,0,0,-5,-1,120,8200,0,30,90,19,1,0,0,0,4054
2482,0,6,5000,500,931,0,0,0,0,0,0,1,0,0,0,-5,-1,120,8200,0,30,90,19,1,0,0,0,4054
2483,0,7,5000,500,931,0,0,0,0,0,0,1,0,0,0,-5,-1,120,8200,0,30,90,19,1,0,0,0,4054
2484,0,8,5000,500,931,0,0,0,0,0,0,1,0,0,0,-5,-1,120,8200,0,30,90,19,1,0,0,0,4054
2485,0,9,5000,500,931,0,0,0,0,0,0,1,0,0,0,-5,-1,120,8200,0,30,90,19,1,0,0,0,4054
2486,0,10,5000,500,931,0,0,0,0,0,0,1,0,0,0,-5,-1,120,8200,0,30,90,19,1,0,0,0,4054
2487,0,11,5000,500,931,0,0,0,0,0,0,1,0,0,0,-5,-1,120,8200,0,30,90,19,1,0,0,0,4054
2488,0,12,5000,500,931,0,0,0,0,0,0,1,0,0,0,-5,-1,120,8200,0,30,90,19,1,0,0,0,4054
2489,0,13,5000,500,931,0,0,0,0,0,0,1,0,0,0,-5,-1,120,8200,0,30,90,19,1,0,0,0,4054
2490,0,14,5000,500,931,0,0,0,0,0,0,1,0,0,0,-5,-1,120,8200,0,30,90,19,1,0,0,0,4054
2491,0,15,5000,500,931,0,0,0,0,0,0,1,0,0,0,-5,-1,120,8200,0,30,90,19,1,0,0,0,4054
2492,0,16,5000,500,931,0,0,0,0,0,0,1,0,0,0,-5,-1,120,8200,0,30,90,20,1,0,0,0,4054
2493,0,17,5000,500,931,0,0,0,0,0,0,1,0,0,0,-5,-1,120,8200,0,30,90,20,1,0,0,0,4054
2494,0,18,5000,500,931,0,0,0,0,0,0,1,0,0,0,-5,-1,120,8200,0,30,90,20,1,0,0,0,4054
2495,0,19,5000,500,931,0,0,0,0,0,0,1,0,0,0,-5,-1,120,8200,0,30,90,20,1,0,0,0,4054
2496,0,20,5000,500,931,0,0,0,0,0,0,1,0,0,0,-5,-1,120,8200,0,30,90,20,1,0,0,0,4054
2497,0,21,5000,500,931,0,0,0,0,0,0,1,0,0,0,-5,-1,120,8200,0,30,90,20,1,0,0,0,4054
2498,0,22,5000,500,931,0,0,0,0,0,0,1,0,0,0,-5,-1,120,8200,0,30,90,20,1,0,0,0,4054
2499,0,23,5000,500,931,0,0,0,0,0,0,1,0,0,0,-5,-1,120,8200,0,30,90,20,1,0,0,0,4054
2500,0,24,5000,500,931,0,0,0,0,0,0,1,0,0,0,-5,-1,120,8200,0,30,90,20,1,0,0,0,4054
2501,0,25,5000,500,931,0,0,0,0,0,0,1,0,0,0,-5,-1,120,8200,0,30,90,20,1,0,0,0,4054
2502,0,26,5000,500,931,0,0,0,0,0,0,1,0,0,0,-5,-1,120,8200,0,30,90,20,1,0,0,0,4054
2503,0,27,5000,500,931,0,0,0,0,0,0,1,0,0,0,-5,-1,120,8200,0,30,90,20,1,0,0,0,4054
2504,0,28,5000,500,931,0,0,0,0,0,0,1,0,0,0,-5,-1,120,8200,0,30,90,20,1,0,0,0,4054
2505,0,29,5000,500,931,0,0,0,0,0,0,1,0,0,0,-5,-1,120,8200,0,30,90,20,1,0,0,0,4054
2506,0,30,5000,500,931,0,0,0,0,0,0,1,0,0,0,-5,-1,120,8200,0,30,90,20,1,0,0,0,4054
2507,0,31,5000,500,931,0,0,0,0,0,0,1,0,0,0,-5,-1,120,8200,0,30,90,20,1,0,0,0,4054
2508,0,32,5000,500,931,0,0,0,0,0,0,1,0,0,0,-5,-1,120,8200,0,30,90,20,1,0,0,0,4054
2509,0,33,5000,500,931,0,0,0,0,0,0,1,0,0,0,-5,-1,120,8200,0,30,90,20,1,0,0,0,4054
2510,0,34,5000,500,931,0,0,0,0,0,0,1,0,0,0,-5,-1,120,8200,0,30,90,21,1,0,0,0,4054
2511,0,35,5000,500,931,0,0,0,0,0,0,1,0,0,0,-5,-1,120,8200,0,30,90,21,1,0,0,0,4054
2512,0,36,5000,500,931,0,0,0,0,0,0,1,0,0,0,-5,-1,120,8200,0,30,90,21,1,0,0,0,4054
2513,0,37,5000,500,931,0,0,0,0,0,0,1,0,0,0,-5,-1,120,8200,0,30,90,21,1,0,0,0,4054
2514,0,38,5000,500,931,0,0,0,0,0,0,1,0,0,0,-5,-1,120,8200,0,30,90,21,1,0,0,0,4054
2515,0,39,5000,500,931,0,0,0,0,0,0,1,0,0,0,-5,-1,120,8200,0,30,90,21,1,0,0,0,4054
2516,0,40,5000,500,931,0,0,0,0,0,0,1,0,0,0,-5,-1,120,8200,0,30,90,21,1,0,0,0,4054
2517,0,41,5000,500,931,0,0,0,0,0,0,1,0,0,0,-5,-1,120,8200,0,30,90,21,1,0,0,0,4054
2518,0,42,5000,500,931,0,0,0,0,0,0,1,0,0,0,-5,-1,120,8200,0,30,90,21,1,0,0,0,4054
2519,0,43,5000,500,931,0,0,0,0,0,0,1,0,0,0,-5,-1,120,8200,0,30,90,21,1,0,0,0,4054
2520,0,44,5000,500,931,0,0,0,0,0,0,1,0,0,0,-5,-1,120,8200,0,30,90,21,1,0,0,0,4054
2521,0,45,5000,500,931,0,0,0,0,0,0,1,0,0,0,-5,-1,120,8200,0,30,90,21,1,0,0,0,4054
2522,0,46,5000,500,931,0,0,0,0,0,0,1,0,0,0,-5,-1,120,8200,0,30,90,21,1,0,0,0,4054
2523,0,47,5000,500,931,0,0,0,0,0,0,1,0,0,0,-5,-1,120,8200,0,30,90,21,1,0,0,0,4054
2524,0,48,5000,500,931,0,0,0,0,0,0,1,0,0,0,-5,-1,120,8200,0,30,90,21,1,0,0,0,4054
2525,0,49,5000,500,931,0,0,0,0,0,0,1,0,0,0,-5,-1,120,8200,0,30,90,21,1,0,0,0,4054
2526,0,50,5000,500,931,0,0,0,0,0,0,1,0,0,0,-5,-1,120,8200,0,30,90,21,1,0,0,0,4054
2527,0,51,5000,500,931,0,0,0,0,0,0,1,0,0,0,-5,-1,120,8200,0,30,90,21,1,0,0,0,4054
2528,0,52,5000,500,931,0,0,0,0,0,0,1,0,0,0,-5,-1,120,8200,0,30,90,21,1,0,0,0,4054
2529,0,53,5000,500,931,0,0,0,0,0,0,1,0,0,0,-5,-1,120,8200,0,30,90,21,1,0,0,0,4054
2530,0,54,5000,500,931,0,0,0,0,0,0,1,0,0,0,-5,-1,120,8200,0,30,90,21,1,0,0,0,4054
2531,0,55,5000,500,931,0,0,0,0,0,0,1,0,0,0,-5,-1,120,8200,0,30,90,21,1,0,0,0,4054
2532,0,56,5000,500,931,0,0,0,0,0,0,1,0,0,0,-5,-1,120,8200,0,30,90,21,1,0,0,0,4054
2533,0,57,5000,500,931,0,0,0,0,0,0,1,0,0,0,-5,-1,120,8200,0,30,90,21,1,0,0,0,4054
2534,0,58,5000,500,931,0,0,0,0,0,0,1,0,0,0,-5,-1,120,8200,0,30,90,21,1,0,0,0,4054
2535,0,59,5000,500,931,0,0,0,0,0,0,1,0,0,0,-5,-1,120,8200,0,30,90,21,1,0,0,0,4054
2536,0,60,5000,500,931,0,0,0,0,0,0,1,0,0,0,-5,-1,120,8200,0,30,90,21,1,0,0,0,4054
2537,0,61,5000,500,931,0,0,0,0,0,0,1,0,0,0,-5,-1,120,8200,0,30,90,21,1,0,0,0,4054
2538,0,62,5000,500,931,0,0,0,0,0,0,1,0,0,0,-5,-1,120,8200,0,30,90,21,1,0,0,0,4054
2539,0,63,5000,500,931,0,0,0,0,0,0,1,0,0,0,-5,-1,120,8200,0,30,90,21,1,0,0,0,4054
2540,0,64,5000,500,931,0,0,0,0,0,0,1,0,0,0,-5,-1,120,8200,0,30,90,21,1,0,0,0,4054
2541,0,65,5000,500,931,0,0,0,0,0,0,1,0,0,0,-5,-1,120,8200,0,30,90,21,1,0,0,0,4054
2542,0,66,5000,500,931,0,0,0,0,0,0,1,0,0,0,-5,-1,120,8200,0,30,90,21,1,0,0,0,4054
2543,0,67,5000,500,931,0,0,0,0,0,0,1,0,0,0,-5,-1,120,8200,0,30,90,21,1,0,0,0,4054
2544,0,68,5000,500,931,0,0,0,0,0,0,1,0,0,0,-5,-1,120,8200,0,30,90,21,1,0,0,0,4054
2545,0,69,5000,500,931,0,0,0,0,0,0,1,0,0,0,-5,-1,120,8200,0,30,90,21,1,0,0,0,4054
2546,0,70,5000,500,931,0,0,0,0,0,0,1,0,0,0,-5,-1,120,8200,0,30,90,22,1,0,0,0,4054
2547,0,71,5000,500,931,0,0,0,0,0,0,1,0,0,0,-5,-1,120,8200,0,30,90,22,1,0,0,0,4054
2548,0,72,5000,500,931,0,0,0,0,0,0,1,0,0,0,-5,-1,120,8200,0,30,90,22,1,0,0,0,4054
2549,0,73,5000,500,931,0,0,0,0,0,0,1,0,0,0,-5,-1,120,8200,0,30,90,22,1,0,0,0,4054
2550,0,74,5000,500,931,0,0,0,0,0,0,1,0,0,0,-5,-1,120,8200,0,30,90,22,1,0,0,0,4054
2551,0,75,5000,500,931,0,0,0,0,0,0,1,0,0,0,-5,-1,120,8200,0,30,90,22,1,0,0,0,4054
2552,0,76,5000,500,931,0,0,0,0,0,0,1,0,0,0,-5,-1,120,8200,0,30,90,22,1,0,0,0,4054
2553,0,77,5000,500,931,0,0,0,0,0,0,1,0,0,0,-5,-1,120,8200,0,30,90,22,1,0,0,0,4054
2554,0,78,5000,500,931,0,0,0,0,0,0,1,0,0,0,-5,-1,120,8200,0,30,90,22,1,0,0,0,4054
2555,0,79,5000,500,931,0,0,0,0,0,0,1,0,0,0,-5,-1,120,8200,0,30,90,22,1,0,0,0,4054
2556,0,80,5000,500,931,0,0,0,0,0,0,1,0,0,0,-5,-1,120,8200,0,30,90,22,1,0,0,0,4054
2557,0,81,5000,500,931,0,0,0,0,0,0,1,0,0,0,-5,-1,120,8200,0,30,90,22,1,0,0,0,4054
2558,0,82,5000,500,931,0,0,0,0,0,0,1,0,0,0,-5,-1,120,8200,0,30,90,22,1,0,0,0,4054
2559,0,83,5000,500,931,0,0,0,0,0,0,1,0,0,0,-5,-1,120,8200,0,30,90,22,1,0,0,0,4054
2560,0,84,5000,500,931,0,0,0,0,0,0,1,0,0,0,-5,-1,120,8200,0,30,90,22,1,0,0,0,4054
2561,0,85,5000,500,931,0,0,0,0,0,0,1,0,0,0,-5,-1,120,8200,0,30,90,22,1,0,0,0,4054
2562,0,86,5000,500,931,0,0,0,0,0,0,1,0,0,0,-5,-1,120,8200,0,30,90,22,1,0,0,0,4054
2563,0,87,5000,500,931,0,0,0,0,0,0,1,0,0,0,-5,-1,120,8200,0,30,90,22,1,0,0,0,4054
2564,0,88,5000,500,931,0,0,0,0,0,0,1,0,0,0,-5,-1,120,8200,0,30,90,22,1,0,0,0,4054
2565,0,89,5000,500,931,0,0,0,0,0,0,1,0,0,0,-5,-1,120,8200,0,30,90,22,1,0,0,0,4054
2566,0,90,5000,500,931,0,0,0,0,0,0,1,0,0,0,-5,-1,120,8200,0,30,90,22,1,0,0,0,4054
2567,0,91,5000,500,931,0,0,0,0,0,0,1,0,0,0,-5,-1,120,8200,0,30,90,22,1,0,0,0,4054
2568,0,92,5000,500,931,0,0,0,0,0,0,1,0,0,0,-5,-1,120,8200,0,30,90,22,1,0,0,0,4054
2569,0,93,5000,500,931,0,0,0,0,0,0,1,0,0,0,-5,-1,120,8200,0,30,90,22,1,0,0,0,4054
2570,0,94,5000,500,931,0,0,0,0,0,0,1,0,0,0,-5,-1,120,8200,0,30,90,22,1,0,0,0,4054
2571,0,95,5000,500,931,0,0,0,0,0,0,1,0,0,0,-5,-1,120,8200,0,30,90,22,1,0,0,0,4054
2572,0,96,5000,500,931,0,0,0,0,0,0,1,0,0,0,-5,-1,120,8200,0,30,90,22,1,0,0,0,4054
2573,0,97,5000,500,931,0,0,0,0,0,0,1,0,0,0,-5,-1,120,8200,0,30,90,22,1,0,0,0,4054
2574,0,98,5000,500,931,0,0,0,0,0,0,1,0,0,0,-5,-1,120,8200,0,30,90,22,1,0,0,0,4054
2575,0,99,5000,500,931,0,0,0,0,0,0,1,0,0,0,-5,-1,120,8200,0,30,90,22,1,0,0,0,4054
2576,0,100,5000,500,931,0,0,0,0,0,0,1,0,0,0,-5,-1,120,8200,0,30,90,22,1,0,0,0,4054
2577,0,101,5000,500,931,0,0,0,0,0,0,1,0,0,0,-5,-1,120,8200,0,30,90,22,1,0,0,0,4054
2578,0,102,5000,500,931,0,0,0,0,0,0,1,0,0,0,-5,-1,120,8200,0,30,90,22,1,0,0,0,4054
2579,0,103,5000,500,931,0,0,0,0,0,0,1,0,0,0,-5,-1,120,8200,0,30,90,22,1,0,0,0,4054
2580,0,104,5000,500,931,0,0,0,0,0,0,1,0,0,0,-5,-1,120,8200,0,30,90,22,1,0,0,0,4054
2581,0,105,5000,500,931,0,0,0,0,0,0,1,0,0,0,-5,-1,120,8200,0,30,90,22,1,0,0,0,4054
2582,0,106,5000,500,931,0,0,0,0,0,0,1,0,0,0,-5,-1,120,8200,0,30,90,23,1,0,0,0,4054
2583,0,107,5000,500,931,0,0,0,0,0,0,1,0,0,0,-5,-1,120,8200,0,30,90,23,1,0,0,0,4054
2584,0,108,5000,500,931,0,0,0,0,0,0,1,0,0,0,-5,-1,120,8200,0,30,90,23,1,0,0,0,4054
2585,0,109,5000,500,931,0,0,0,0,0,0,1,0,0,0,-5,-1,120,8200,0,30,90,23,1,0,0,0,4054
2586,0,110,5000,500,931,0,0,0,0,0,0,1,0,0,0,-5,-1,120,8200,0,30,90,23,1,0,0,0,4054
2587,0,111,5000,500,931,0,0,0,0,0,0,1,0,0,0,-5,-1,120,8200,0,30,90,23,1,0,0,0,4054
2588,0,112,5000,500,931,0,0,0,0,0,0,1,0,0,0,-5,-1,120,8200,0,30,90,23,1,0,0,0,4054
2589,0,113,5000,500,931,0,0,0,0,0,0,1,0,0,0,-5,-1,120,8200,0,30,90,23,1,0,0,0,4054
2590,0,114,5000,500,931,0,0,0,0,0,0,1,0,0,0,-5,-1,120,8200,0,30,90,23,1,0,0,0,4054
2591,0,115,5000,500,931,0,0,0,0,0,0,1,0,0,0,-5,-1,120,8200,0,30,90,23,1,0,0,0,4054
2592,0,116,5000,500,931,0,0,0,0,0,0,1,0,0,0,-5,-1,120,8200,0,30,90,23,1,0,0,0,4054
2593,0,117,5000,500,931,0,0,0,0,0,0,1,0,0,0,-5,-1,120,8200,0,30,90,23,1,0,0,0,4054
2594,0,118,5000,500,931,0,0,0,0,0,0,1,0,0,0,-5,-1,120,8200,0,30,90,23,1,0,0,0,4054
2595,0,119,5000,500,931,0,0,0,0,0,0,1,0,0,0,-5,-1,120,8200,0,30,90,23,1,0,0,0,4054
2596,0,120,5000,500,931,0,0,0,0,0,0,1,0,0,0,-5,-1,120,8200,0,30,90,23,1,0,0,0,4054
2597,0,121,5000,500,931,0,0,0,0,0,0,1,0,0,0,-5,-1,120,8200,0,30,90,23,1,0,0,0,4054
2598,0,122,5000,500,931,0,0,0,0,0,0,1,0,0,0,-5,-1,120,8200,0,30,90,23,1,0,0,0,4054
2599,0,123,5000,500,931,0,0,0,0,0,0,1,0,0,0,-5,-1,120,8200,0,30,90,23,1,0,0,0,4054
2600,0,124,5000,500,931,0,0,0,0,0,0,1,0,0,0,-5,-1,120,8200,0,30,90,23,1,0,0,0,4054
2601,0,125,5000,500,931,0,0,0,0,0,0,1,0,0,0,-5,-1,120,8200,0,30,90,23,1,0,0,0,4054
2602,0,126,5000,500,931,0,0,0,0,0,0,1,0,0,0,-5,-1,120,8200,0,30,90,23,1,0,0,0,4054
2603,0,127,5000,500,931,0,0,0,0,0,0,1,0,0,0,-5,-1,120,8200,0,30,90,23,1,0,0,0,4054
2604,0,128,5000,500,931,0,0,0,0,0,0,1,0,0,0,-5,-1,120,8200,0,30,90,23,1,0,0,0,4054
2605,0,129,5000,500,931,0,0,0,0,0,0,1,0,0,0,-5,-1,120,8200,0,30,90,23,1,0,0,0,4054
2606,0,130,5000,500,931,0,0,0,0,0,0,1,0,0,0,-5,-1,120,8200,0,30,90,23,1,0,0,0,4054
2607,0,131,5000,500,931,0,0,0,0,0,0,1,0,0,0,-5,-1,120,8200,0,30,90,23,1,0,0,0,4054
2608,0,132,5000,500,931,0,0,0,0,0,0,1,0,0,0,-5,-1,120,8200,0,30,90,23,1,0,0,0,4054
2609,0,133,5000,500,931,0,0,0,0,0,0,1,0,0,0,-5,-1,120,8200,0,30,90,23,1,0,0,0,4054
2610,0,134,5000,500,931,0,0,0,0,0,0,1,0,0,0,-5,-1,120,8200,0,30,90,23,1,0,0,0,4054
2611,0,135,5000,500,931,0,0,0,0,0,0,1,0,0,0,-5,-1,120,8200,0,30,90,23,1,0,0,0,4054
2612,0,136,5000,500,931,0,0,0,0,0,0,1,0,0,0,-5,-1,120,8200,0,30,90,23,1,0,0,0,4054
2613,0,137,5000,500,931,0,0,0,0,0,0,1,0,0,0,-5,-1,120,8200,0,30,90,23,1,0,0,0,4054
2614,0,138,5000,500,931,0,0,0,0,0,0,1,0,0,0,-5,-1,120,8200,0,30,90,23,1,0,0,0,4054
2615,0,139,5000,500,931,0,0,0,0,0,0,1,0,0,0,-5,-1,120,8200,0,30,90,23,1,0,0,0,4054
2616,0,140,5000,500,931,0,0,0,0,0,0,1,0,0,0,-5,-1,120,8200,0,30,90,23,1,0,0,0,4054
2617,0,141,5000,500,931,0,0,0,0,0,0,1,0,0,0,-5,-1,120,8200,0,30,90,23,1,0,0,0,4054
2618,0,142,5000,500,931,0,0,0,0,0,0,1,0,0,0,-5,-1,120,8200,0,30,90,24,1,0,0,0,4054
2619,0,143,5000,500,931,0,0,0,0,0,0,1,0,0,0,-5,-1,120,8200,0,30,90,24,1,0,0,0,4054
2620,0,144,5000,500,931,0,0,0,0,0,0,1,0,0,0,-5,-1,120,8200,0,30,90,24,1,0,0,0,4054
2621,0,145,5000,500,931,0,0,0,0,0,0,1,0,0,0,-5,-1,120,8200,0,30,90,24,1,0,0,0,4054
2622,0,146,5000,500,931,0,0,0,0,0,0,1,0,0,0,-5,-1,120,8200,0,30,90,24,1,0,0,0,4054
2623,0,147,5000,500,931,0,0,0,0,0,0,1,0,0,0,-5,-1,120,8200,0,30,90,24,1,0,0,0,4054
2624,0,148,5000,500,931,0,0,0,0,0,0,1,0,0,0,-5,-1,120,8200,0,30,90,24,1,0,0,0,4054
2625,0,149,5000,500,931,0,0,0,0,0,0,1,0,0,0,-5,-1,120,8200,0,30,90,24,1,0,0,0,4054
2626,0,150,5000,500,931,0,0,0,0,0,0,1,0,0,0,-5,-1,120,8200,0,30,90,24,1,0,0,0,4054
2627,0,151,5000,500,931,0,0,0,0,0,0,1,0,0,0,-5,-1,120,8200,0,30,90,24,1,0,0,0,4054
2628,0,152,5000,500,931,0,0,0,0,0,0,1,0,0,0,-5,-1,120,8200,0,30,90,24,1,0,0,0,4054
2629,0,153,5000,500,931,0,0,0,0,0,0,1,0,0,0,-5,-1,120,8200,0,30,90,24,1,0,0,0,4054
2630,0,154,5000,500,931,0,0,0,0,0,0,1,0,0,0,-5,-1,120,8200,0,30,90,24,1,0,0,0,4054
2631,0,155,5000,500,931,0,0,0,0,0,0,1,0,0,0,-5,-1,120,8200,0,30,90,24,1,0,0,0,4054
2632,0,156,5000,500,931,0,0,0,0,0,0,1,0,0,0,-5,-1,120,8200,0,30,90,24,1,0,0,0,4054
2633,0,157,5000,500,931,0,0,0,0,0,0,1,0,0,0,-5,-1,120,8200,0,30,90,24,1,0,0,0,4054
2634,0,158,5000,500,931,0,0,0,0,0,0,1,0,0,0,-5,-1,120,8200,0,30,90,24,1,0,0,0,4054
2635,0,159,5000,500,931,0,0,0,0,0,0,1,0,0,0,-5,-1,120,8200,0,30,90,24,1,0,0,0,4054
2636,0,160,5000,500,931,0,0,0,0,0,0,1,0,0,0,-5,-1,120,8200,0,30,90,1,1,0,0,0,4054
2637,0,161,5000,500,931,0,0,0,0,0,0,1,0,0,0,-5,-1,120,8200,0,30,90,1,1,0,0,0,4054
2638,0,162,5000,500,931,0,0,0,0,0,0,1,0,0,0,-5,-1,120,8200,0,30,90,1,1,0,0,0,4054
2639,0,163,5000,500,931,0,0,0,0,0,0,1,0,0,0,-5,-1,120,8200,0,30,90,1,1,0,0,0,4054
2640,0,164,5000,500,931,0,0,0,0,0,0,1,0,0,0,-5,-1,120,8200,0,30,90,1,1,0,0,0,4054
2641,0,165,5000,500,931,0,0,0,0,0,0,1,0,0,0,-5,-1,120,8200,0,30,90,1,1,0,0,0,4054
2642,0,166,5000,500,931,0,0,0,0,0,0,1,0,0,0,-5,-1,120,8200,0,30,90,1,1,0,0,0,4054
2643,0,167,5000,500,931,0,0,0,0,0,0,1,0,0,0,-5,-1,120,8200,0,30,90,1,1,0,0,0,4054
2644,0,168,5000,500,931,0,0,0,0,0,0,1,0,0,0,-5,-1,120,8200,0,30,90,1,1,0,0,0,4054
2645,0,169,5000,500,931,0,0,0,0,0,0,1,0,0,0,-5,-1,120,8200,0,30,90,1,1,0,0,0,4054
2646,0,170,5000,500,931,0,0,0,0,0,0,1,0,0,0,-5,-1,120,8200,0,30,90,1,1,0,0,0,4054
2647,0,171,5000,500,931,0,0,0,0,0,0,1,0,0,0,-5,-1,120,8200,0,30,90,1,1,0,0,0,4054
2648,0,172,5000,500,931,0,0,0,0,0,0,1,0,0,0,-5,-1,120,8200,0,30,90,2,1,0,0,0,4054
2649,0,173,5000,500,931,0,0,0,0,0,0,1,0,0,0,-5,-1,120,8200,0,30,90,2,1,0,0,0,4054
2650,0,174,5000,500,931,0,0,0,0,0,0,1,0,0,0,-5,-1,120,8200,0,30,90,2,1,0,0,0,4054
2651,0,175,5000,500,931,0,0,0,0,0,0,1,0,0,0,-5,-1,120,8200,0,30,90,2,1,0,0,0,4054
2652,0,176,5000,500,931,0,0,0,0,0,0,1,0,0,0,-5,-1,120,8200,0,30,90,2,1,0,0,0,4054
2653,0,177,5000,500,931,0,0,0,0,0,0,1,0,0,0,-5,-1,120,8200,0,30,90,2,1,0,0,0,4054
2654,0,178,5000,500,931,0,0,0,0,0,0,1,0,0,0,-5,-1,120,8200,0,30,90,2,1,0,0,0,4054
2655,0,179,5000,500,931,0,0,0,0,0,0,1,0,0,0,-5,-1,120,8200,0,30,90,2,1,0,0,0,4054
2656,0,180,5000,500,931,0,0,0,0,0,0,1,0,0,0,-5,-1,120,8200,0,30,90,2,1,0,0,0,4054
2657,0,181,5000,500,931,0,0,0,0,0,0,1,0,0,0,-5,-1,120,8200,0,30,90,2,1,0,0,0,4054
2658,0,182,5000,500,931,0,0,0,0,0,0,1,0,0,0,-5,-1,120,8200,0,30,90,2,1,0,0,0,4054
2659,0,183,5000,500,931,0,0,0,0,0,0,1,0,0,0,-5,-1,120,8200,0,30,90,2,1,0,0,0,4054
2660,0,184,5000,500,931,0,0,0,0,0,0,1,0,0,0,-5,-1,120,8200,0,30,90,3,1,0,0,0,4054
2661,0,185,5000,500,931,0,0,0,0,0,0,1,0,0,0,-5,-1,120,8200,0,30,90,3,1,0,0,0,4054
2662,0,186,5000,500,931,0,0,0,0,0,0,1,0,0,0,-5,-1,120,8200,0,30,90,3,1,0,0,0,4054
2663,0,187,5000,500,931,0,0,0,0,0,0,1,0,0,0,-5,-1,120,8200,0,30,90,3,1,0,0,0,4054
2664,0,188,5000,500,931,0,0,0,0,0,0,1,0,0,0,-5,-1,120,8200,0,30,90,3,1,0,0,0,4054
2665,0,189,5000,500,931,0,0,0,0,0,0,1,0,0,0,-5,-1,120,8200,0,30,90,3,1,0,0,0,4054
2666,0,190,5000,500,931,0,0,0,0,0,0,1,0,0,0,-5,-1,120,8200,0,30,90,3,1,0,0,0,4054
2667,0,191,5000,500,931,0,0,0,0,0,0,1,0,0,0,-5,-1,120,8200,0,30,90,3,1,0,0,0,4054
2668,0,192,5000,500,931,0,0,0,0,0,0,1,0,0,0,-5,-1,120,8200,0,30,90,3,1,0,0,0,4054
2669,0,193,5000,500,931,0,0,0,0,0,0,1,0,0,0,-5,-1,120,8200,0,30,90,3,1,0,0,0,4054
2670,0,194,5000,500,931,0,0,0,0,0,0,1,0,0,0,-5,-1,120,8200,0,30,90,3,1,0,0,0,4054
2671,0,195,5000,500,931,0,0,0,0,0,0,1,0,0,0,-5,-1,120,8200,0,30,90,3,1,0,0,0,4054
2672,0,196,5000,500,931,0,0,0,0,0,0,1,0,0,0,-5,-1,120,8200,0,30,90,4,1,0,0,0,4054
2673,0,197,5000,500,931,0,0,0,0,0,0,1,0,0,0,-5,-1,120,8200,0,30,90,4,1,0,0,0,4054
2674,0,198,5000,500,931,0,0,0,0,0,0,1,0,0,0,-5,-1,120,8200,0,30,90,4,1,0,0,0,4054
2675,0,199,5000,500,931,0,0,0,0,0,0,1,0,0,0,-5,-1,120,8200,0,30,90,4,1,0,0,0,4054
2676,0,200,5000,500,931,0,0,0,0,0,0,1,0,0,0,-5,-1,120,8200,0,30,90,4,1,0,0,0,4054
2677,0,201,5000,500,931,0,0,0,0,0,0,1,0,0,0,-5,-1,120,8200,0,30,90,4,1,0,0,0,4054
2678,0,202,5000,500,931,0,0,0,0,0,0,1,0,0,0,-5,-1,120,8200,0,30,90,4,1,0,0,0,4054
2679,0,203,5000,500,931,0,0,0,0,0,0,1,0,0,0,-5,-1,120,8200,0,30,90,4,1,0,0,0,4054
2680,0,204,5000,500,931,0,0,0,0,0,0,1,0,0,0,-5,-1,120,8200,0,30,90,4,1,0,0,0,4054
2681,0,205,5000,500,931,0,0,0,0,0,0,1,0,0,0,-5,-1,120,8200,0,30,90,4,1,0,0,0,4054
2682,0,206,5000,500,931,0,0,0,0,0,0,1,0,0,0,-5,-1,120,8200,0,30,90,4,1,0,0,0,4054
2683,0,207,5000,500,931,0,0,0,0,0,0,1,0,0,0,-5,-1,120,8200,0,30,90,4,1,0,0,0,4054
2684,0,208,5000,500,931,0,0,0,0,0,0,1,0,0,0,-5,-1,120,8200,0,30,90,5,1,0,0,0,4054
2685,0,209,5000,500,931,0,0,0,0,0,0,1,0,0,0,-5,-1,120,8200,0,30,90,5,1,0,0,0,4054
2686,0,210,5000,500,931,0,0,0,0,0,0,1,0,0,0,-5,-1,120,8200,0,30,90,5,1,0,0,0,4054
2687,0,211,5000,500,931,0,0,0,0,0,0,1,0,0,0,-5,-1,120,8200,0,30,90,5,1,0,0,0,4054
2688,0,212,5000,500,931,0,0,0,0,0,0,1,0,0,0,-5,-1,120,8200,0,30,90,5,1,0,0,0,4054
2689,0,213,5000,500,931,0,0,0,0,0,0,1,0,0,0,-5,-1,120,8200,0,30,90,5,1,0,0,0,4054
2690,0,214,5000,500,931,0,0,0,0,0,0,1,0,0,0,-5,-1,120,8200,0,30,90,5,1,0,0,0,4054
2691,0,215,5000,500,931,0,0,0,0,0,0,1,0,0,0,-5,-1,120,8200,0,30,90,5,1,0,0,0,4054
2692,0,216,5000,500,931,0,0,0,0,0,0,1,0,0,0,-5,-1,120,8200,0,30,90,5,1,0,0,0,4054
2693,0,217,5000,500,931,0,0,0,0,0,0,1,0,0,0,-5,-1,120,8200,0,30,90,5,1,0,0,0,4054
2694,0,218,5000,500,931,0,0,0,0,0,0,1,0,0,0,-5,-1,120,8200,0,30,90,5,1,0,0,0,4054
2695,0,219,5000,500,931,0,0,0,0,0,0,1,0,0,0,-5,-1,120,8200,0,30,90,5,1,0,0,0,4054
2696,0,220,5000,500,931,0,0,0,0,0,0,1,0,0,0,-5,-1,120,8200,0,30,90,6,1,0,0,0,4054
2697,0,221,5000,500,931,0,0,0,0,0,0,1,0,0,0,-5,-1,120,8200,0,30,90,6,1,0,0,0,4054
2698,0,222,5000,500,931,0,0,0,0,0,0,1,0,0,0,-5,-1,120,8200,0,30,90,6,1,0,0,0,4054
2699,0,223,5000,500,931,0,0,0,0,0,0,1,0,0,0,-5,-1,120,8200,0,30,90,6,1,0,0,0,4054
2700,0,224,5000,500,931,0,0,0,0,0,0,1,0,0,0,-5,-1,120,8200,0,30,90,6,1,0,0,0,4054
2701,0,225,5000,500,931,0,0,0,0,0,0,1,0,0,0,-5,-1,120,8200,0,30,90,6,1,0,0,0,4054
2702,0,226,5000,500,931,0,0,0,0,0,0,1,0,0,0,-5,-1,120,8200,0,30,90,6,1,0,0,0,4054
2703,0,227,5000,500,931,0,0,0,0,0,0,1,0,0,0,-5,-1,120,8200,0,30,90,6,1,0,0,0,4054
2704,0,228,5000,500,931,0,0,0,0,0,0,1,0,0,0,-5,-1,120,8200,0,30,90,6,1,0,0,0,4054
2705,0,229,5000,500,931,0,0,0,0,0,0,1,0,0,0,-5,-1,120,8200,0,30,90,6,1,0,0,0,4054
2706,0,230,5000,500,931,0,0,0,0,0,0,1,0,0,0,-5,-1,120,8200,0,30,90,6,1,0,0,0,4054
2707,0,231,5000,500,931,0,0,0,0,0,0,1,0,0,0,-5,-1,120,8200,0,30,90,6,1,0,0,0,4054
2708,0,232,5000,500,931,0,0,0,0,0,0,1,0,0,0,-5,-1,120,8200,0,30,90,7,1,0,0,0,4054
2709,0,233,5000,500,931,0,0,0,0,0,0,1,0,0,0,-5,-1,120,8200,0,30,90,7,1,0,0,0,4054
2710,0,1,3000,500,1000,0,0,0,0,0,0,1,0,0,0,-5,-1,120,8200,0,30,90,7,0,0,0,0,1000
2711,0,2,3000,500,1000,0,0,0,0,0,0,1,0,0,0,-5,-1,120,8200,0,30,90,7,0,0,0,0,1000
2712,0,3,3000,500,1000,0,0,0,0,0,0,1,0,0,0,-5,-1,120,8200,0,30,90,7,0,0,0,0,1000
2713,0,4,3000,500,1000,0,0,0,0,0,0,1,0,0,0,-5,-1,120,8200,0,30,90,7,0,0,0,0,1000
2714,0,5,3000,500,1000,0,0,0,0,0,0,1,0,0,0,-5,-1,120,8200,0,30,90,7,0,0,0,0,1000
2715,0,6,3000,500,1000,0,0,0,0,0,0,1,0,0,0,-5,-1,120,8200,0,30,90,7,0,0,0,0,1000
2716,0,7,3000,500,1000,0,0,0,0,0,0,1,0,0,0,-5,-1,120,8200,0,30,90,7,0,0,0,0,1000
2717,0,8,3000,500,1000,0,0,0,0,0,0,1,0,0,0,-5,-1,120,8200,0,30,90,7,0,0,0,0,1000
2718,0,9,3000,500,1000,0,0,0,0,0,0,1,0,0,0,-5,-1,120,8200,0,30,90,7,0,0,0,0,1000
2719,20,1,3000,500,1000,0,0,0,0,0,0,1,0,0,0,-6.700000762939453,-1,120,8200,0,30,90,7,0,0,0,0,1000
2720,20,2,3000,500,1000,0,0,0,0,0,0,1,0,0,0,-8.400001525878906,-1,120,8200,0,30,90,8,0,0,0,0,1000
2721,20,3,3000,500,1000,0,0,0,0,0,0,1,0,0,0,-10.10000228881836,-1,120,8200,0,30,90,8,0,0,0,0,1000
2722,10,1,3000,500,1000,0,0,0,0,0,0,1,0,0,0,-10.10000228881836,-1,120,8200,0,30,90,8,0,0,0,0,1000
2723,10,2,3000,500,1000,0,0,0,0,0,0,1,0,0,0,-10.10000228881836,-1,120,8200,0,30,90,8,0,0,0,0,1000
2724,10,3,3000,500,1000,0,0,0,0,0,0,1,0,0,0,-10.10000228881836,-1,120,8200,0,30,90,8,0,0,0,0,1000
2725,1010,1,3000,500,1000,0,0,0,0,0,0,1,0,0,0,-10.10000228881836,-1,120,8200,0,30,90,8,0,0,0,0,1000
2726,1010,2,3000,500,1000,0,0,0,0,0,0,1,0,0,0,-10.10000228881836,-1,120,8200,0,30,90,8,0,0,0,0,1000
2727,1010,3,3000,500,1000,0,0,0,0,0,0,1,0,0,0,-10.10000228881836,-1,120,8200,0,30,90,8,0,0,0,0,1000
2728,1010,4,3000,500,1000,0,0,0,0,0,0,1,0,0,0,-10.10000228881836,-1,120,8200,0,30,90,8,0,0,0,0,1000
2729,1010,5,3000,500,1000,0,0,0,0,0,0,1,0,0,0,-10.10000228881836,-1,120,8200,0,30,90,8,0,0,0,0,1000
2730,1010,6,3000,500,1000,0,0,0,0,0,0,1,0,0,0,-10.10000228881836,-1,120,8200,0,30,90,8,0,0,0,0,1000
2731,1010,7,3000,500,1000,0,0,0,0,0,0,1,0,0,0,-10.10000228881836,-1,120,8200,0,30,90,8,0,0,0,0,1000
2732,1010,8,3000,500,1000,0,0,0,0,0,0,1,0,0,0,-10.10000228881836,-1,120,8200,0,30,90,9,0,0,0,0,1000
2733,1010,9,3000,500,1000,0,0,0,0,0,0,1,0,0,0,-10.10000228881836,-1,120,8200,0,30,90,9,0,0,0,0,1000
2734,1010,10,3000,500,1000,0,0,0,0,0,0,1,0,0,0,-10.10000228881836,-1,120,8200,0,30,90,9,0,0,0,0,1000
2735,1010,11,3000,500,1000,0,0,0,0,0,0,1,0,0,0,-10.10000228881836,-1,120,8200,0,30,90,9,0,0,0,0,1012
2736,1010,12,3000,500,1000,0,0,0,0,0,0,1,0,0,0,-10.10000228881836,-1,120,8200,0,30,90,9,0,0,0,0,1012
2737,1010,13,3000,500,1000,0,0,0,0,0,0,1,0,0,0,-10.10000228881836,-1,120,8200,0,30,90,9,0,0,0,0,1012
2738,1010,14,3000,500,1000,0,0,0,0,0,0,1,0,0,0,-10.10000228881836,-1,120,8200,0,30,90,9,0,0,0,0,1012
2739,1010,15,3000,500,1000,0,0,0,0,0,0,1,0,0,0,-10.10000228881836,-1,120,8200,0,30,90,9,0,0,0,0,1012
2740,1010,16,3000,500,1000,0,0,0,0,0,0,1,0,0,0,-10.10000228881836,-1,120,8200,0,30,90,9,0,0,0,0,1012
2741,1070,0,3000,500,1000,0,0,0,0,0,0,1,0,0,0,-10.10000228881836,-1,120,8200,0,30,90,9,0,0,0,0,1012
2742,1070,1,4016,500,1000,0,0,0,0,0,0,1,0,0,0,-10.10000228881836,-1,120,8200,0,30,90,9,0,0,0,0,2031
2743,1070,2,4016,500,1000,0,0,0,0,0,0,1,0,0,0,-10.10000228881836,-1,120,8200,0,30,90,9,0,0,0,0,2031
2744,1070,3,4016,500,1000,0,0,0,0,0,0,1,0,0,0,-10.10000228881836,-1,120,8200,0,30,90,10,0,0,0,0,2031
2745,1070,4,4016,500,1000,0,0,0,0,0,0,1,0,0,0,-10.10000228881836,-1,120,8200,0,30,90,10,0,0,0,0,2031
2746,1070,5,4016,500,1000,0,0,0,0,0,0,1,0,0,0,-10.10000228881836,-1,120,8200,0,30,90,10,0,0,0,0,2031
2747,1070,6,4016,500,1000,0,0,0,0,0,0,1,0,0,0,-10.10000228881836,-1,120,8200,0,30,90,10,0,0,0,0,2031
2748,1070,7,4016,500,1000,0,0,0,0,0,0,1,0,0,0,-10.10000228881836,-1,120,8200,0,30,90,10,0,0,0,0,2031
2749,1070,8,4016,500,1000,0,0,0,0,0,0,1,0,0,0,-10.10000228881836,-1,120,8200,0,30,90,10,0,0,0,0,2031
2750,1070,9,4016,500,1000,0,0,0,0,0,0,1,0,0,0,-10.10000228881836,-1,120,8200,0,30,90,10,0,0,0,0,2031
2751,1070,10,4016,500,1000,0,0,0,0,0,0,1,0,0,0,-10.10000228881836,-1,120,8200,0,30,90,10,0,0,0,0,2031
2752,1070,11,4016,500,1000,0,0,0,0,0,0,1,0,0,0,-10.10000228881836,-1,120,8200,0,30,90,10,0,0,0,0,2031
2753,1070,12,4016,500,1000,0,0,0,0,0,0,1,0,0,0,-10.10000228881836,-1,120,8200,0,30,90,10,0,0,0,0,2031
2754,1070,13,4016,500,1000,0,0,0,0,0,0,1,0,0,0,-10.10000228881836,-1,120,8200,0,30,90,10,0,0,0,0,2031
2755,1070,13,5000,500,910,0,0,0,0,0,0,1,0,0,0,-10.10000228881836,-1,120,8200,0,30,90,10,0,0,0,0,3049
2756,1070,13,5000,500,910,0,0,0,0,0,0,1,0,0,0,-10.10000228881836,-1,120,8200,0,30,90,10,0,0,0,0,3049
2757,1070,13,5000,500,910,0,0,0,0,0,0,1,0,0,0,-10.10000228881836,-1,120,8200,0,30,90,10,0,0,0,0,3049
2758,1070,13,5000,500,910,0,0,0,0,0,0,1,0,0,0,-10.10000228881836,-1,120,8200,0,30,90,10,0,0,0,0,3049
2759,1070,13,5000,500,910,0,0,0,0,0,0,1,0,0,0,-10.10000228881836,-1,120,8200,0,30,90,10,0,0,0,0,3049
2760,1070,13,5000,500,910,0,0,0,0,0,0,1,0,0,0,-10.10000228881836,-1,120,8200,0,30,90,10,0,0,0,0,3049
2761,1070,14,5000,500,910,0,0,0,0,0,0,1,0,0,0,-10.10000228881836,-1,120,8200,0,30,90,11,0,0,0,0,3049
2762,1070,15,5000,500,910,0,0,0,0,0,0,1,0,0,0,-10.10000228881836,-1,120,8200,0,30,90,11,0,0,0,0,3049
2763,1070,16,5000,500,910,0,0,0,0,0,0,1,0,0,0,-10.10000228881836,-1,120,8200,0,30,90,11,0,0,0,0,3049
2764,1070,17,5000,500,910,0,0,0,0,0,0,1,0,0,0,-10.10000228881836,-1,120,8200,0,30,90,11,0,0,0,0,3049
2765,1070,18,5000,500,910,0,0,0,0,0,0,1,0,0,0,-10.10000228881836,-1,120,8200,0,30,90,11,0,0,0,0,3049
2766,1070,19,5000,500,910,0,0,0,0,0,0,1,0,0,0,-10.10000228881836,-1,120,8200,0,30,90,11,1,0,0,0,3049
2767,1070,20,5000,500,910,0,0,0,0,0,0,1,0,0,0,-10.10000228881836,-1,120,8200,0,30,90,11,1,0,0,0,3049
2768,1070,21,5000,500,910,0,0,0,0,0,0,1,0,0,0,-10.10000228881836,-1,120,8200,0,30,90,12,1,0,0,0,3049
2769,1070,22,5000,500,910,0,0,0,0,0,0,1,0,0,0,-10.10000228881836,-1,120,8200,0,30,90,12,1,0,0,0,3049
2770,1070,23,5000,500,910,0,0,0,0,0,0,1,0,0,0,-10.10000228881836,-1,120,8200,0,30,90,12,1,0,0,0,3049
2771,1070,24,5000,500,910,0,0,0,0,0,0,1,0,0,0,-10.10000228881836,-1,120,8200,0,30,90,12,1,0,0,0,3049
2772,1070,25,5000,500,910,0,0,0,0,0,0,1,0,0,0,-10.10000228881836,-1,120,8200,0,30,90,12,1,0,0,0,3049
2773,1070,26,5000,500,910,0,0,0,0,0,0,1,0,0,0,-10.10000228881836,-1,120,8200,0,30,90,12,1,0,0,0,3049
2774,1070,27,5000,500,910,0,0,0,0,0,0,1,0,0,0,-10.10000228881836,-1,120,8200,0,30,90,12,1,0,0,0,3049
2775,1070,28,5000,500,910,0,0,0,0,0,0,1,0,0,0,-10.10000228881836,-1,120,8200,0,30,90,12,1,0,0,0,3049
2776,1070,29,5000,500,910,0,0,0,0,0,0,1,0,0,0,-10.10000228881836,-1,120,8200,0,30,90,12,1,0,0,0,3049
2777,1070,30,5000,500,910,0,0,0,0,0,0,1,0,0,0,-9.10000228881836,-1,120,8200,0,30,90,12,1,0,0,0,3049
2778,1070,31,5000,500,910,0,0,0,0,0,0,1,0,0,0,-5.100002288818359,-1,120,8200,0,29,91,12,1,0,0,0,3049
2779,1070,32,5000,500,910,0,0,0,0,0,0,1,0,0,0,-1.1000022888183594,-1,120,8200,0,25,95,12,1,0,0,0,3049
2780,1070,33,5000,500,910,0,0,0,0,0,0,1,0,0,0,2.8999977111816406,-1,120,8200,0,21,99,13,1,0,0,0,3049
2781,1070,34,5000,500,910,0,0,0,0,0,0,1,0,0,0,6.899997711181641,-1,120,8200,0,17,103,13,1,0,0,0,3049
2782,1070,35,5000,500,910,0,0,0,0,0,0,1,0,0,0,10.89999771118164,-1,120,8200,0,13,107,13,1,0,0,0,3049
2783,0,1,5000,500,910,0,0,0,0,0,0,1,0,0,0,14.89999771118164,-1,120,8200,0,9,111,13,1,0,0,0,3049
2784,0,2,5000,500,910,0,0,0,0,0,0,1,0,0,0,18.89999771118164,-1,120,8200,0,5,115,13,1,0,0,0,3049
2785,0,3,5000,500,910,0,0,0,0,0,0,1,0,0,0,22.89999771118164,-1,120,8200,0,1,119,13,1,0,0,0,3049
2786,0,4,5000,500,910,0,0,0,0,0,0,1,0,0,0,26.89999771118164,-1,120,8200,0,-3,123,13,1,0,0,0,3049
2787,0,5,5000,500,910,0,0,0,0,0,0,1,0,0,0,30.89999771118164,-1,120,8200,0,-7,127,13,1,0,0,0,3049
2788,0,6,5000,500,910,0,0,0,0,0,0,1,0,0,0,34.89999771118164,-1,120,8200,0,-11,131,13,1,0,0,0,3049
2789,0,7,5000,500,910,0,0,0,0,0,0,1,0,0,0,38.89999771118164,-1,120,8200,0,-15,135,13,1,0,0,0,3049
2790,0,8,5000,500,910,0,0,0,0,0,0,1,0,0,0,42.89999771118164,-1,120,8200,0,-19,139,13,1,0,0,0,3049
2791,0,9,5000,500,910,0,0,0,0,0,0,1,0,0,0,46.89999771118164,-1,120,8200,0,-23,143,13,1,0,0,0,3049
2792,0,10,5000,500,910,0,0,0,0,0,0,1,0,0,0,50.89999771118164,-1,120,8200,0,-27,147,14,1,0,0,0,3049
2793,0,11,5000,500,910,0,0,0,0,0,0,1,0,0,0,54.89999771118164,-1,120,8200,0,-31,151,14,1,0,0,0,3049
2794,0,12,5000,500,910,0,0,0,0,0,0,1,0,0,0,58.89999771118164,-1,120,8200,0,-35,155,14,1,0,0,0,3049
2795,0,13,5000,500,910,0,0,0,0,0,0,1,0,0,0,62.89999771118164,-1,120,8200,0,-39,159,14,1,0,0,0,3049
2796,0,14,5000,500,910,0,0,0,0,0,0,1,0,0,0,66.89999389648438,-1,120,8200,0,-43,163,14,1,0,0,0,3049
2797,0,15,5000,500,910,0,0,0,0,0,0,1,0,0,0,70.89999389648438,-1,120,8200,0,-47,167,14,1,0,0,0,3049
2798,0,16,5000,500,910,0,0,0,0,0,0,1,0,0,0,74.89999389648438,-1,120,8200,0,-51,171,14,1,0,0,0,3049
2799,0,17,5000,500,910,0,0,0,0,0,0,1,0,0,0,78.89999389648438,-1,120,8200,0,-55,175,14,1,0,0,0,3049
2800,0,18,5000,500,910,0,0,0,0,0,0,1,0,0,0,82.89999389648438,-1,120,8200,0,-59,179,14,1,0,0,0,3049
2801,0,19,5000,500,910,0,0,0,0,0,0,1,0,0,0,86.89999389648438,-1,120,8200,0,-63,183,14,1,0,0,0,3049
2802,0,20,5000,500,910,0,0,0,0,0,0,1,0,0,0,90.89999389648438,-1,120,8200,0,-67,187,14,1,0,0,0,3049
2803,0,21,5000,500,910,0,0,0,0,0,0,1,0,0,0,94.89999389648438,-1,120,8200,0,-71,191,14,1,0,0,0,3049
2804,0,22,5000,500,910,0,0,0,0,0,0,1,0,0,0,98.89999389648438,-1,120,8200,0,-75,195,15,1,0,0,0,3049
2805,0,23,5000,500,910,0,0,0,0,0,0,1,0,0,0,102.89999389648438,-1,120,8200,0,-79,199,15,1,0,0,0,3049
2806,0,24,5000,500,910,0,0,0,0,0,0,1,0,0,0,106.89999389648438,-1,120,8200,0,-83,203,15,1,0,0,0,3049
2807,0,25,5000,500,910,0,0,0,0,0,0,1,0,0,0,110.39999389648438,-1,120,8200,0,-87,207,15,1,0,0,0,3049
2808,0,26,5000,500,910,0,0,0,0,0,0,1,0,0,0,112.39999389648438,-1,120,8200,0,-90.5,210.5,15,1,0,0,0,3049
2809,0,27,5000,500,910,0,0,0,0,0,0,1,0,0,0,112.39999389648438,-1,120,8200,0,-92.5,212.5,15,1,0,0,0,3049
2810,0,28,5000,500,910,0,0,0,0,0,0,1,0,0,0,112.39999389648438,-1,120,8200,0,-92.5,212.5,15,1,0,0,0,3049
2811,0,29,5000,500,910,0,0,0,0,0,0,1,0,0,0,112.39999389648438,-1,120,8200,0,-92.5,212.5,15,1,0,0,0,3049
2812,0,30,5000,500,910,0,0,0,0,0,0,1,0,0,0,112.39999389648438,-1,120,8200,0,-92.5,212.5,15,1,0,0,0,3049
2813,0,31,5000,500,910,0,0,0,0,0,0,1,0,0,0,112.39999389648438,-1,120,8200,0,-92.5,212.5,15,1,0,0,0,3049
2814,0,32,5000,500,910,0,0,0,0,0,0,1,0,0,0,112.39999389648438,-1,120,8200,0,-92.5,212.5,15,1,0,0,0,3049
2815,0,33,5000,500,910,0,0,0,0,0,0,1,0,0,0,112.39999389648438,-1,120,8200,0,-92.5,212.5,15,1,0,0,0,3049
2816,0,34,5000,500,910,0,0,0,0,0,0,1,0,0,0,112.39999389648438,-1,120,8200,0,-92.5,212.5,16,1,0,0,0,3049
2817,0,35,5000,500,910,0,0,0,0,0,0,1,0,0,0,113.89999389648438,-1,120,8200,0,-92.5,212.5,16,1,0,0,0,3049
2818,0,36,5000,500,910,0,0,0,0,0,0,1,0,0,0,115.39999389648438,-1,120,8200,0,-94,214,16,1,0,0,0,3049
2819,0,37,5000,500,910,0,0,0,0,0,0,1,0,0,0,116.89999389648438,-1,120,8200,0,-95.5,215.5,16,1,0,0,0,3049
2820,0,38,5000,500,910,0,0,0,0,0,0,1,0,0,0,118.39999389648438,-1,120,8200,0,-97,217,16,1,0,0,0,3049
2821,0,39,5000,500,910,0,0,0,0,0,0,1,0,0,0,119.89999389648438,-1,120,8200,0,-98.5,218.5,16,1,0,0,0,3049
2822,0,40,5000,500,910,0,0,0,0,0,0,1,0,0,0,121.39999389648438,-1,120,8200,0,-100,220,16,1,0,0,0,3049
2823,0,41,5000,500,910,0,0,0,0,0,0,1,0,0,0,122.89999389648438,-1,120,8200,0,-101.5,221.5,16,1,0,0,0,3049
2824,0,42,5000,500,910,0,0,0,0,0,0,1,0,0,0,124.39999389648438,-1,120,8200,0,-103,223,16,1,0,0,0,3049
2825,0,43,5000,500,910,0,0,0,0,0,0,1,0,0,0,125.89999389648438,-1,120,8200,0,-104.5,224.5,16,1,0,0,0,3049
2826,0,44,5000,500,910,0,0,0,0,0,0,1,0,0,0,127.39999389648438,-1,120,8200,0,-106,226,16,1,0,0,0,3049
2827,0,45,5000,500,910,0,0,0,0,0,0,1,0,0,0,128.89999389648438,-1,120,8200,0,-107.5,227.5,16,1,0,0,0,3049
2828,0,46,5000,500,910,0,0,0,0,0,0,1,0,0,0,130.39999389648438,-1,120,8200,0,-109,229,17,1,0,0,0,3049
2829,0,47,5000,500,910,0,0,0,0,0,0,1,0,0,0,131.89999389648438,-1,120,8200,0,-110.5,230.5,17,1,0,0,0,3049
2830,0,48,5000,500,910,0,0,0,0,0,0,1,0,0,0,133.39999389648438,-1,120,8200,0,-112,232,17,1,0,0,0,3049
2831,0,49,5000,500,910,0,0,0,0,0,0,1,0,0,0,134.89999389648438,-1,120,8200,0,-113.5,233.5,17,1,0,0,0,3049
2832,0,50,5000,500,910,0,0,0,0,0,0,1,0,0,0,136.39999389648438,-1,120,8200,0,-115,235,17,1,0,0,0,3049
2833,0,51,5000,500,910,0,0,0,0,0,0,1,0,0,0,137.89999389648438,-1,120,8200,0,-116.5,236.5,17,1,0,0,0,3049
2834,0,52,5000,500,910,0,0,0,0,0,0,1,0,0,0,139.39999389648438,-1,120,8200,0,-118,238,17,1,0,0,0,3049
2835,0,53,5000,500,910,0,0,0,0,0,0,1,0,0,0,140.89999389648438,-1,120,8200,0,-119.5,239.5,17,1,0,0,0,3049
2836,0,54,5000,500,910,0,0,0,0,0,0,1,0,0,0,142.39999389648438,-1,120,8200,0,-121,241,17,1,0,0,0,3049
2837,0,55,5000,500,910,0,0,0,0,0,0,1,0,0,0,143.64999389648438,-1,120,8200,0,-122.5,242.5,17,1,0,0,0,3049
2838,0,56,5000,500,910,0,0,0,0,0,0,1,0,0,0,144.39999389648438,-1,120,8200,0,-123.75,243.75,17,1,0,0,0,3049
2839,0,57,5000,500,910,0,0,0,0,0,0,1,0,0,0,144.64999389648438,-1,120,8200,0,-124.5,244.5,17,1,0,0,0,3049
2840,0,58,5000,500,910,0,0,0,0,0,0,1,0,0,0,144.89999389648438,-1,120,8200,0,-124.75,244.75,18,1,0,0,0,3049
2841,0,59,5000,500,910,0,0,0,0,0,0,1,0,0,0,144.89999389648438,-1,120,8200,0,-125,245,18,1,0,0,0,3049
2842,0,60,5000,500,910,0,0,0,0,0,0,1,0,0,0,144.89999389648438,-1,120,8200,0,-125,245,18,1,0,0,0,3049
2843,0,61,5000,500,910,0,0,0,0,0,0,1,0,0,0,144.89999389648438,-1,120,8200,0,-125,245,18,1,0,0,0,3049
2844,0,62,5000,500,910,0,0,0,0,0,0,1,0,0,0,144.89999389648438,-1,120,8200,0,-125,245,18,1,0,0,0,3049
2845,0,63,5000,500,910,0,0,0,0,0,0,1,0,0,0,144.89999389648438,-1,120,8200,0,-125,245,18,1,0,0,0,3049
2846,0,64,5000,500,910,0,0,0,0,0,0,1,0,0,0,144.89999389648438,-1,120,8200,0,-125,245,18,1,0,0,0,3049
2847,0,65,5000,500,910,0,0,0,0,0,0,1,0,0,0,144.89999389648438,-1,120,8200,0,-125,245,18,1,0,0,0,3049
2848,0,66,5000,500,910,0,0,0,0,0,0,1,0,0,0,144.89999389648438,-1,120,8200,0,-125,245,18,1,0,0,0,3049
2849,0,67,5000,500,910,0,0,0,0,0,0,1,0,0,0,144.89999389648438,-1,120,8200,0,-125,245,18,1,0,0,0,3049
2850,0,68,5000,500,910,0,0,0,0,0,0,1,0,0,0,144.89999389648438,-1,120,8200,0,-125,245,18,1,0,0,0,3049
2851,0,69,5000,500,910,0,0,0,0,0,0,1,0,0,0,144.89999389648438,-1,120,8200,0,-125,245,18,1,0,0,0,3049
2852,0,70,5000,500,910,0,0,0,0,0,0,1,0,0,0,144.89999389648438,-1,120,8200,0,-125,245,19,1,0,0,0,3049
2853,0,71,5000,500,910,0,0,0,0,0,0,1,0,0,0,144.89999389648438,-1,120,8200,0,-125,245,19,1,0,0,0,3049
2854,0,72,5000,500,910,0,0,0,0,0,0,1,0,0,0,144.89999389648438,-1,120,8200,0,-125,245,19,1,0,0,0,3049
2855,0,73,5000,500,910,0,0,0,0,0,0,1,0,0,0,144.89999389648438,-1,120,8200,0,-125,245,19,1,0,0,0,3049
2856,0,74,5000,500,910,0,0,0,0,0,0,1,0,0,0,144.89999389648438,-1,120,8200,0,-125,245,19,1,0,0,0,3049
2857,0,75,5000,500,910,0,0,0,0,0,0,1,0,0,0,144.89999389648438,-1,120,8200,0,-125,245,19,1,0,0,0,3049
2858,0,76,5000,500,910,0,0,0,0,0,0,1,0,0,0,144.89999389648438,-1,120,8200,0,-125,245,19,1,0,0,0,3049
2859,0,77,5000,500,910,0,0,0,0,0,0,1,0,0,0,144.89999389648438,-1,120,8200,0,-125,245,19,1,0,0,0,3049
2860,0,78,5000,500,910,0,0,0,0,0,0,1,0,0,0,144.89999389648438,-1,120,8200,0,-125,245,19,1,0,0,0,3049
2861,0,79,5000,500,910,0,0,0,0,0,0,1,0,0,0,144.89999389648438,-1,120,8200,0,-125,245,19,1,0,0,0,3049
2862,0,80,5000,500,910,0,0,0,0,0,0,1,0,0,0,144.89999389648438,-1,120,8200,0,-125,245,19,1,0,0,0,3049
2863,0,81,5000,500,910,0,0,0,0,0,0,1,0,0,0,144.89999389648438,-1,120,8200,0,-125,245,19,1,0,0,0,3049
2864,0,82,5000,500,910,0,0,0,0,0,0,1,0,0,0,144.89999389648438,-1,120,8200,0,-125,245,19,1,0,0,0,3049
2865,0,83,5000,500,910,0,0,0,0,0,0,1,0,0,0,144.89999389648438,-1,120,8200,0,-125,245,19,1,0,0,0,3049
2866,0,84,5000,500,910,0,0,0,0,0,0,1,0,0,0,144.89999389648438,-1,120,8200,0,-125,245,19,1,0,0,0,3049
2867,0,85,5000,500,910,0,0,0,0,0,0,1,0,0,0,144.89999389648438,-1,120,8200,0,-125,245,19,1,0,0,0,3049
2868,0,86,5000,500,910,0,0,0,0,0,0,1,0,0,0,144.89999389648438,-1,120,8200,0,-125,245,19,1,0,0,0,3049
2869,0,87,5000,500,910,0,0,0,0,0,0,1,0,0,0,144.89999389648438,-1,120,8200,0,-125,245,19,1,0,0,0,3049
2870,0,88,5000,500,910,0,0,0,0,0,0,1,0,0,0,144.89999389648438,-1,120,8200,0,-125,245,20,1,0,0,0,3049
2871,0,89,5000,500,910,0,0,0,0,0,0,1,0,0,0,144.89999389648438,-1,120,8200,0,-125,245,20,1,0,0,0,3049
2872,0,90,5000,500,910,0,0,0,0,0,0,1,0,0,0,144.89999389648438,-1,120,8200,0,-125,245,20,1,0,0,0,3049
2873,0,91,5000,500,910,0,0,0,0,0,0,1,0,0,0,144.89999389648438,-1,120,8200,0,-125,245,20,1,0,0,0,3049
2874,0,92,5000,500,910,0,0,0,0,0,0,1,0,0,0,144.89999389648438,-1,120,8200,0,-125,245,20,1,0,0,0,3049
2875,0,93,5000,500,910,0,0,0,0,0,0,1,0,0,0,144.89999389648438,-1,120,8200,0,-125,245,20,1,0,0,0,3049
2876,0,94,5000,500,910,0,0,0,0,0,0,1,0,0,0,144.89999389648438,-1,120,8200,0,-125,245,20,1,0,0,0,3049
2877,0,95,5000,500,910,0,0,0,0,0,0,1,0,0,0,144.89999389648438,-1,120,8200,0,-125,245,20,1,0,0,0,3049
2878,0,96,5000,500,910,0,0,0,0,0,0,1,0,0,0,144.89999389648438,-1,120,8200,0,-125,245,20,1,0,0,0,3049
2879,0,97,5000,500,910,0,0,0,0,0,0,1,0,0,0,144.89999389648438,-1,120,8200,0,-125,245,20,1,0,0,0,3049
2880,0,98,5000,500,910,0,0,0,0,0,0,1,0,0,0,144.89999389648438,-1,120,8200,0,-125,245,20,1,0,0,0,3049
2881,0,99,5000,500,910,0,0,0,0,0,0,1,0,0,0,144.89999389648438,-1,120,8200,0,-125,245,20,1,0,0,0,3049
2882,0,100,5000,500,910,0,0,0,0,0,0,1,0,0,0,144.89999389648438,-1,120,8200,0,-125,245,20,1,0,0,0,3049
2883,0,101,5000,500,910,0,0,0,0,0,0,1,0,0,0,144.89999389648438,-1,120,8200,0,-125,245,20,1,0,0,0,3049
2884,0,102,5000,500,910,0,0,0,0,0,0,1,0,0,0,144.89999389648438,-1,120,8200,0,-125,245,20,1,0,0,0,3049
2885,0,103,5000,500,910,0,0,0,0,0,0,1,0,0,0,144.89999389648438,-1,120,8200,0,-125,245,20,1,0,0,0,3049
2886,0,104,5000,500,910,0,0,0,0,0,0,1,0,0,0,144.89999389648438,-1,120,8200,0,-125,245,20,1,0,0,0,3049
2887,0,105,5000,500,910,0,0,0,0,0,0,1,0,0,0,144.89999389648438,-1,120,8200,0,-125,245,20,1,0,0,0,3049
2888,0,106,5000,500,910,0,0,0,0,0,0,1,0,0,0,144.89999389648438,-1,120,8200,0,-125,245,21,1,0,0,0,3049
2889,0,107,5000,500,910,0,0,0,0,0,0,1,0,0,0,144.89999389648438,-1,120,8200,0,-125,245,21,1,0,0,0,3049
2890,0,108,5000,500,910,0,0,0,0,0,0,1,0,0,0,144.89999389648438,-1,120,8200,0,-125,245,21,1,0,0,0,3049
2891,0,109,5000,500,910,0,0,0,0,0,0,1,0,0,0,144.89999389648438,-1,120,8200,0,-125,245,21,1,0,0,0,3049
2892,0,110,5000,500,910,0,0,0,0,0,0,1,0,0,0,144.89999389648438,-1,120,8200,0,-125,245,21,1,0,0,0,3049
2893,0,111,5000,500,910,0,0,0,0,0,0,1,0,0,0,144.89999389648438,-1,120,8200,0,-125,245,21,1,0,0,0,3049
2894,0,112,5000,500,910,0,0,0,0,0,0,1,0,0,0,144.89999389648438,-1,120,8200,0,-125,245,21,1,0,0,0,3049
2895,0,113,5000,500,910,0,0,0,0,0,0,1,0,0,0,144.89999389648438,-1,120,8200,0,-125,245,21,1,0,0,0,3049
2896,0,114,5000,500,910,0,0,0,0,0,0,1,0,0,0,144.89999389648438,-1,120,8200,0,-125,245,21,1,0,0,0,3049
2897,0,115,5000,500,910,0,0,0,0,0,0,1,0,0,0,144.89999389648438,-1,120,8200,0,-125,245,21,1,0,0,0,3049
2898,0,116,5000,500,910,0,0,0,0,0,0,1,0,0,0,144.89999389648438,-1,120,8200,0,-125,245,21,1,0,0,0,3049
2899,0,117,5000,500,910,0,0,0,0,0,0,1,0,0,0,144.89999389648438,-1,120,8200,0,-125,245,21,1,0,0,0,3049
2900,0,118,5000,500,910,0,0,0,0,0,0,1,0,0,0,144.89999389648438,-1,120,8200,0,-125,245,21,1,0,0,0,3049
2901,0,119,5000,500,910,0,0,0,0,0,0,1,0,0,0,144.89999389648438,-1,120,8200,0,-125,245,21,1,0,0,0,3049
2902,0,120,5000,500,910,0,0,0,0,0,0,1,0,0,0,144.89999389648438,-1,120,8200,0,-125,245,21,1,0,0,0,3049
2903,0,121,5000,500,910,0,0,0,0,0,0,1,0,0,0,144.89999389648438,-1,120,8200,0,-125,245,21,1,0,0,0,3049
2904,0,122,5000,500,910,0,0,0,0,0,0,1,0,0,0,144.89999389648438,-1,120,8200,0,-125,245,21,1,0,0,0,3049
2905,0,123,5000,500,910,0,0,0,0,0,0,1,0,0,0,144.89999389648438,-1,120,8200,0,-125,245,21,1,0,0,0,3049
2906,0,124,5000,500,910,0,0,0,0,0,0,1,0,0,0,144.89999389648438,-1,120,8200,0,-125,245,21,1,0,0,0,3049
2907,0,125,5000,500,910,0,0,0,0,0,0,1,0,0,0,144.89999389648438,-1,120,8200,0,-125,245,21,1,0,0,0,3049
2908,0,126,5000,500,910,0,0,0,0,0,0,1,0,0,0,144.89999389648438,-1,120,8200,0,-125,245,21,1,0,0,0,3049
2909,0,127,5000,500,910,0,0,0,0,0,0,1,0,0,0,144.89999389648438,-1,120,8200,0,-125,245,21,1,0,0,0,3049
2910,0,128,5000,500,910,0,0,0,0,0,0,1,0,0,0,144.89999389648438,-1,120,8200,0,-125,245,21,1,0,0,0,3049
2911,0,129,5000,500,910,0,0,0,0,0,0,1,0,0,0,144.89999389648438,-1,120,8200,0,-125,245,21,1,0,0,0,3049
2912,0,130,5000,500,910,0,0,0,0,0,0,1,0,0,0,144.89999389648438,-1,120,8200,0,-125,245,21,1,0,0,0,3049
2913,0,131,5000,500,910,0,0,0,0,0,0,1,0,0,0,144.89999389648438,-1,120,8200,0,-125,245,21,1,0,0,0,3049
2914,0,132,5000,500,910,0,0,0,0,0,0,1,0,0,0,144.89999389648438,-1,120,8200,0,-125,245,21,1,0,0,0,3049
2915,0,133,5000,500,910,0,0,0,0,0,0,1,0,0,0,144.89999389648438,-1,120,8200,0,-125,245,21,1,0,0,0,3049
2916,0,134,5000,500,910,0,0,0,0,0,0,1,0,0,0,144.89999389648438,-1,120,8200,0,-125,245,21,1,0,0,0,3049
2917,0,135,5000,500,910,0,0,0,0,0,0,1,0,0,0,144.89999389648438,-1,120,8200,0,-125,245,21,1,0,0,0,3049
2918,0,136,5000,500,910,0,0,0,0,0,0,1,0,0,0,144.89999389648438,-1,120,8200,0,-125,245,21,1,0,0,0,3049
2919,0,137,5000,500,910,0,0,0,0,0,0,1,0,0,0,144.89999389648438,-1,120,8200,0,-125,245,21,1,0,0,0,3049
2920,0,138,5000,500,910,0,0,0,0,0,0,1,0,0,0,144.89999389648438,-1,120,8200,0,-125,245,21,1,0,0,0,3049
2921,0,139,5000,500,910,0,0,0,0,0,0,1,0,0,0,144.89999389648438,-1,120,8200,0,-125,245,21,1,0,0,0,3049
2922,0,140,5000,500,910,0,0,0,0,0,0,1,0,0,0,144.89999389648438,-1,120,8200,0,-125,245,21,1,0,0,0,3049
2923,0,141,5000,500,910,0,0,0,0,0,0,1,0,0,0,144.89999389648438,-1,120,8200,0,-125,245,21,1,0,0,0,3049
2924,0,142,5000,500,910,0,0,0,0,0,0,1,0,0,0,144.89999389648438,-1,120,8200,0,-125,245,22,1,0,0,0,3049
2925,0,143,5000,500,910,0,0,0,0,0,0,1,0,0,0,144.89999389648438,-1,120,8200,0,-125,245,22,1,0,0,0,3049
2926,0,144,5000,500,910,0,0,0,0,0,0,1,0,0,0,144.89999389648438,-1,120,8200,0,-125,245,22,1,0,0,0,3049
2927,0,145,5000,500,910,0,0,0,0,0,0,1,0,0,0,144.89999389648438,-1,120,8200,0,-125,245,22,1,0,0,0,3049
2928,0,146,5000,500,910,0,0,0,0,0,0,1,0,0,0,144.89999389648438,-1,120,8200,0,-125,245,22,1,0,0,0,3049
2929,0,147,5000,500,910,0,0,0,0,0,0,1,0,0,0,144.89999389648438,-1,120,8200,0,-125,245,22,1,0,0,0,3049
2930,0,148,5000,500,910,0,0,0,0,0,0,1,0,0,0,144.89999389648438,-1,120,8200,0,-125,245,22,1,0,0,0,3049
2931,0,149,5000,500,910,0,0,0,0,0,0,1,0,0,0,144.89999389648438,-1,120,8200,0,-125,245,22,1,0,0,0,3049
2932,0,150,5000,500,910,0,0,0,0,0,0,1,0,0,0,144.89999389648438,-1,120,8200,0,-125,245,22,1,0,0,0,3049
2933,0,151,5000,500,910,0,0,0,0,0,0,1,0,0,0,144.89999389648438,-1,120,8200,0,-125,245,22,1,0,0,0,3049
2934,0,152,5000,500,910,0,0,0,0,0,0,1,0,0,0,144.89999389648438,-1,120,8200,0,-125,245,22,1,0,0,0,3049
2935,0,153,5000,500,910,0,0,0,0,0,0,1,0,0,0,144.89999389648438,-1,120,8200,0,-125,245,22,1,0,0,0,3049
2936,0,154,5000,500,910,0,0,0,0,0,0,1,0,0,0,144.89999389648438,-1,120,8200,0,-125,245,22,1,0,0,0,3049
2937,0,155,5000,500,910,0,0,0,0,0,0,1,0,0,0,144.89999389648438,-1,120,8200,0,-125,245,22,1,0,0,0,3049
2938,0,156,5000,500,910,0,0,0,0,0,0,1,0,0,0,144.89999389648438,-1,120,8200,0,-125,245,22,1,0,0,0,3049
2939,0,157,5000,500,910,0,0,0,0,0,0,1,0,0,0,144.89999389648438,-1,120,8200,0,-125,245,22,1,0,0,0,3049
2940,0,158,5000,500,910,0,0,0,0,0,0,1,0,0,0,144.89999389648438,-1,120,8200,0,-125,245,22,1,0,0,0,3049
2941,0,159,5000,500,910,0,0,0,0,0,0,1,0,0,0,144.89999389648438,-1,120,8200,0,-125,245,22,1,0,0,0,3049
2942,0,160,5000,500,910,0,0,0,0,0,0,1,0,0,0,144.89999389648438,-1,120,8200,0,-125,245,22,1,0,0,0,3049
2943,0,161,5000,500,910,0,0,0,0,0,0,1,0,0,0,144.89999389648438,-1,120,8200,0,-125,245,22,1,0,0,0,3049
2944,0,162,5000,500,910,0,0,0,0,0,0,1,0,0,0,144.89999389648438,-1,120,8200,0,-125,245,22,1,0,0,0,3049
2945,0,163,5000,500,910,0,0,0,0,0,0,1,0,0,0,144.89999389648438,-1,120,8200,0,-125,245,22,1,0,0,0,3049
2946,0,164,5000,500,910,0,0,0,0,0,0,1,0,0,0,144.89999389648438,-1,120,8200,0,-125,245,22,1,0,0,0,3049
2947,0,165,5000,500,910,0,0,0,0,0,0,1,0,0,0,144.89999389648438,-1,120,8200,0,-125,245,22,1,0,0,0,3049
2948,0,166,5000,500,910,0,0,0,0,0,0,1,0,0,0,144.89999389648438,-1,120,8200,0,-125,245,22,1,0,0,0,3049
2949,0,167,5000,500,910,0,0,0,0,0,0,1,0,0,0,144.89999389648438,-1,120,8200,0,-125,245,22,1,0,0,0,3049
2950,0,168,5000,500,910,0,0,0,0,0,0,1,0,0,0,144.89999389648438,-1,120,8200,0,-125,245,22,1,0,0,0,3049
2951,0,169,5000,500,910,0,0,0,0,0,0,1,0,0,0,144.89999389648438,-1,120,8200,0,-125,245,22,1,0,0,0,3049
2952,0,170,5000,500,910,0,0,0,0,0,0,1,0,0,0,144.89999389648438,-1,120,8200,0,-125,245,22,1,0,0,0,3049
2953,0,171,5000,500,910,0,0,0,0,0,0,1,0,0,0,144.89999389648438,-1,120,8200,0,-125,245,22,1,0,0,0,3049
2954,0,172,5000,500,910,0,0,0,0,0,0,1,0,0,0,144.89999389648438,-1,120,8200,0,-125,245,22,1,0,0,0,3049
2955,0,173,5000,500,910,0,0,0,0,0,0,1,0,0,0,144.89999389648438,-1,120,8200,0,-125,245,22,1,0,0,0,3049
2956,0,174,5000,500,910,0,0,0,0,0,0,1,0,0,0,144.89999389648438,-1,120,8200,0,-125,245,22,1,0,0,0,3049
2957,0,175,5000,500,910,0,0,0,0,0,0,1,0,0,0,144.89999389648438,-1,120,8200,0,-125,245,22,1,0,0,0,3049
2958,0,176,5000,500,910,0,0,0,0,0,0,1,0,0,0,144.89999389648438,-1,120,8200,0,-125,245,22,1,0,0,0,3049
2959,0,177,5000,500,910,0,0,0,0,0,0,1,0,0,0,144.89999389648438,-1,120,8200,0,-125,245,22,1,0,0,0,3049
2960,0,178,5000,500,910,0,0,0,0,0,0,1,0,0,0,144.89999389648438,-1,120,8200,0,-125,245,23,1,0,0,0,3049
2961,0,179,5000,500,910,0,0,0,0,0,0,1,0,0,0,144.89999389648438,-1,120,8200,0,-125,245,23,1,0,0,0,3049
2962,0,180,5000,500,910,0,0,0,0,0,0,1,0,0,0,144.89999389648438,-1,120,8200,0,-125,245,23,1,0,0,0,3049
2963,0,181,5000,500,910,0,0,0,0,0,0,1,0,0,0,144.89999389648438,-1,120,8200,0,-125,245,23,1,0,0,0,3049
2964,0,182,5000,500,910,0,0,0,0,0,0,1,0,0,0,144.89999389648438,-1,120,8200,0,-125,245,23,1,0,0,0,3049
2965,0,183,5000,500,910,0,0,0,0,0,0,1,0,0,0,144.89999389648438,-1,120,8200,0,-125,245,23,1,0,0,0,3049
2966,0,184,5000,500,910,0,0,0,0,0,0,1,0,0,0,144.89999389648438,-1,120,8200,0,-125,245,23,1,0,0,0,3049
2967,0,185,5000,500,910,0,0,0,0,0,0,1,0,0,0,144.89999389648438,-1,120,8200,0,-125,245,23,1,0,0,0,3049
2968,0,186,5000,500,910,0,0,0,0,0,0,1,0,0,0,144.89999389648438,-1,120,8200,0,-125,245,23,1,0,0,0,3049
2969,0,187,5000,500,910,0,0,0,0,0,0,1,0,0,0,144.89999389648438,-1,120,8200,0,-125,245,23,1,0,0,0,3049
2970,0,188,5000,500,910,0,0,0,0,0,0,1,0,0,0,144.89999389648438,-1,120,8200,0,-125,245,23,1,0,0,0,3049
2971,0,189,5000,500,910,0,0,0,0,0,0,1,0,0,0,144.89999389648438,-1,120,8200,0,-125,245,23,1,0,0,0,3049
2972,0,190,5000,500,910,0,0,0,0,0,0,1,0,0,0,144.89999389648438,-1,120,8200,0,-125,245,23,1,0,0,0,3049
2973,0,191,5000,500,910,0,0,0,0,0,0,1,0,0,0,144.89999389648438,-1,120,8200,0,-125,245,23,1,0,0,0,3049
2974,0,192,5000,500,910,0,0,0,0,0,0,1,0,0,0,144.89999389648438,-1,120,8200,0,-125,245,23,1,0,0,0,3049
2975,0,193,5000,500,910,0,0,0,0,0,0,1,0,0,0,144.89999389648438,-1,120,8200,0,-125,245,23,1,0,0,0,3049
2976,0,194,5000,500,910,0,0,0,0,0,0,1,0,0,0,144.89999389648438,-1,120,8200,0,-125,245,23,1,0,0,0,3049
2977,0,195,5000,500,910,0,0,0,0,0,0,1,0,0,0,144.89999389648438,-1,120,8200,0,-125,245,23,1,0,0,0,3049
2978,0,196,5000,500,910,0,0,0,0,0,0,1,0,0,0,144.89999389648438,-1,120,8200,0,-125,245,23,1,0,0,0,3049
2979,0,197,5000,500,910,0,0,0,0,0,0,1,0,0,0,144.89999389648438,-1,120,8200,0,-125,245,23,1,0,0,0,3049
2980,0,198,5000,500,910,0,0,0,0,0,0,1,0,0,0,144.89999389648438,-1,120,8200,0,-125,245,23,1,0,0,0,3049
2981,0,199,5000,500,910,0,0,0,0,0,0,1,0,0,0,144.89999389648438,-1,120,8200,0,-125,245,23,1,0,0,0,3049
2982,0,200,5000,500,910,0,0,0,0,0,0,1,0,0,0,144.89999389648438,-1,120,8200,0,-125,245,23,1,0,0,0,3049
2983,0,201,5000,500,910,0,0,0,0,0,0,1,0,0,0,144.89999389648438,-1,120,8200,0,-125,245,23,1,0,0,0,3049
2984,0,202,5000,500,910,0,0,0,0,0,0,1,0,0,0,144.89999389648438,-1,120,8200,0,-125,245,23,1,0,0,0,3049
2985,0,203,5000,500,910,0,0,0,0,0,0,1,0,0,0,144.89999389648438,-1,120,8200,0,-125,245,23,1,0,0,0,3049
2986,0,204,5000,500,910,0,0,0,0,0,0,1,0,0,0,144.89999389648438,-1,120,8200,0,-125,245,23,1,0,0,0,3049
2987,0,205,5000,500,910,0,0,0,0,0,0,1,0,0,0,144.89999389648438,-1,120,8200,0,-125,245,23,1,0,0,0,3049
2988,0,206,5000,500,910,0,0,0,0,0,0,1,0,0,0,144.89999389648438,-1,120,8200,0,-125,245,23,1,0,0,0,3049
2989,0,207,5000,500,910,0,0,0,0,0,0,1,0,0,0,144.89999389648438,-1,120,8200,0,-125,245,23,1,0,0,0,3049
2990,0,208,5000,500,910,0,0,0,0,0,0,1,0,0,0,144.89999389648438,-1,120,8200,0,-125,245,23,1,0,0,0,3049
2991,0,209,5000,500,910,0,0,0,0,0,0,1,0,0,0,144.89999389648438,-1,120,8200,0,-125,245,23,1,0,0,0,3049
2992,0,210,5000,500,910,0,0,0,0,0,0,1,0,0,0,144.89999389648438,-1,120,8200,0,-125,245,23,1,0,0,0,3049
2993,0,211,5000,500,910,0,0,0,0,0,0,1,0,0,0,144.89999389648438,-1,120,8200,0,-125,245,23,1,0,0,0,3049
2994,0,212,5000,500,910,0,0,0,0,0,0,1,0,0,0,144.89999389648438,-1,120,8200,0,-125,245,23,1,0,0,0,3049
2995,0,213,5000,500,910,0,0,0,0,0,0,1,0,0,0,144.89999389648438,-1,120,8200,0,-125,245,23,1,0,0,0,3049
2996,0,214,5000,500,910,0,0,0,0,0,0,1,0,0,0,144.89999389648438,-1,120,8200,0,-125,245,24,1,0,0,0,3049
2997,0,215,5000,500,910,0,0,0,0,0,0,1,0,0,0,144.89999389648438,-1,120,8200,0,-125,245,24,1,0,0,0,3049
2998,0,216,5000,500,910,0,0,0,0,0,0,1,0,0,0,144.89999389648438,-1,120,8200,0,-125,245,24,1,0,0,0,3049
2999,0,217,5000,500,910,0,0,0,0,0,0,1,0,0,0,144.89999389648438,-1,120,8200,0,-125,245,24,1,0,0,0,3049
3000,0,218,5000,500,910,0,0,0,0,0,0,1,0,0,0,144.89999389648438,-1,120,8200,0,-125,245,24,1,0,0,0,3049
3001,0,219,5000,500,910,0,0,0,0,0,0,1,0,0,0,144.89999389648438,-1,120,8200,0,-125,245,24,1,0,0,0,3049
3002,0,220,5000,500,910,0,0,0,0,0,0,1,0,0,0,144.89999389648438,-1,120,8200,0,-125,245,24,1,0,0,0,3049
3003,0,221,5000,500,910,0,0,0,0,0,0,1,0,0,0,144.89999389648438,-1,120,8200,0,-125,245,24,1,0,0,0,3049
3004,0,222,5000,500,910,0,0,0,0,0,0,1,0,0,0,144.89999389648438,-1,120,8200,0,-125,245,24,1,0,0,0,3049
3005,0,223,5000,500,910,0,0,0,0,0,0,1,0,0,0,144.89999389648438,-1,120,8200,0,-125,245,24,1,0,0,0,3049
3006,0,224,5000,500,910,0,0,0,0,0,0,1,0,0,0,144.89999389648438,-1,120,8200,0,-125,245,24,1,0,0,0,3049
3007,0,225,5000,500,910,0,0,0,0,0,0,1,0,0,0,144.89999389648438,-1,120,8200,0,-125,245,24,1,0,0,0,3049
3008,0,226,5000,500,910,0,0,0,0,0,0,1,0,0,0,144.89999389648438,-1,120,8200,0,-125,245,24,1,0,0,0,3049
3009,0,227,5000,500,910,0,0,0,0,0,0,1,0,0,0,144.89999389648438,-1,120,8200,0,-125,245,24,1,0,0,0,3049
3010,0,1,3000,500,1000,0,0,0,0,0,0,1,0,0,0,145.00299072265625,-1,120,8200,0,-125,245,24,0,0,0,0,1000
3011,0,2,3000,500,1000,0,0,0,0,0,0,1,0,0,0,145.00299072265625,-1,120,8200,0,-125,245,24,0,0,0,0,1000
3012,0,3,3000,500,1000,0,0,0,0,0,0,1,0,0,0,145.00299072265625,-1,120,8200,0,-125,245,24,0,0,0,0,1000
3013,0,4,3000,500,1000,0,0,0,0,0,0,1,0,0,0,145.00299072265625,-1,120,8200,0,-125,245,24,0,0,0,0,1000
3014,0,5,3000,500,1000,0,0,0,0,0,0,1,0,0,0,145.00299072265625,-1,120,8200,0,-125,245,1,0,0,0,0,1000
3015,0,6,3000,500,1000,0,0,0,0,0,0,1,0,0,0,145.00299072265625,-1,120,8200,0,-125,245,1,0,0,0,0,1000
3016,0,7,3000,500,1000,0,0,0,0,0,0,1,0,0,0,145.00299072265625,-1,120,8200,0,-125,245,1,0,0,0,0,1000
3017,0,8,3000,500,1000,0,0,0,0,0,0,1,0,0,0,145.00299072265625,-1,120,8200,0,-125,245,1,0,0,0,0,1000
3018,0,9,3000,500,1000,0,0,0,0,0,0,1,0,0,0,145.00299072265625,-1,120,8200,0,-125,245,1,0,0,0,0,1000
3019,10,1,3000,500,1000,0,0,0,0,0,0,1,0,0,0,145.00299072265625,-1,120,8200,0,-125,245,1,0,0,0,0,1000
3020,10,2,3000,500,1000,0,0,0,0,0,0,1,0,0,0,145.00299072265625,-1,120,8200,0,-125,245,1,0,0,0,0,1000
3021,10,3,3000,500,1000,0,0,0,0,0,0,1,0,0,0,145.00299072265625,-1,120,8200,0,-125,245,1,0,0,0,0,1000
3022,10,4,3000,500,1000,0,0,0,0,0,0,1,0,0,0,145.00299072265625,-1,120,8200,0,-125,245,1,0,0,0,0,1000
3023,10,5,3000,500,1000,0,0,0,0,0,0,1,0,0,0,145.00299072265625,-1,120,8200,0,-125,245,1,0,0,0,0,1000
3024,10,6,3000,500,1000,0,0,0,0,0,0,1,0,0,0,145.00299072265625,-1,120,8200,0,-125,245,1,0,0,0,0,1000
3025,1020,1,3000,500,1000,0,0,0,0,0,0,1,0,0,0,145.00299072265625,-1,120,8200,0,-125,245,1,0,0,0,0,1000
3026,1020,2,3000,500,1000,0,0,0,0,0,0,1,0,0,0,145.00299072265625,-1,120,8200,0,-125,245,2,0,0,0,0,1000
3027,1020,3,3000,500,1000,0,0,0,0,0,0,1,0,0,0,145.00299072265625,-1,120,8200,0,-125,245,2,0,0,0,0,1000
3028,1020,4,3000,500,1000,0,0,0,0,0,0,1,0,0,0,145.00299072265625,-1,120,8200,0,-125,245,2,0,0,0,0,1000
3029,1020,5,3000,500,1000,0,0,0,0,0,0,1,0,0,0,140.80299377441406,-1,120,8200,0,-125,245,2,0,0,0,0,1000
3030,1020,6,3000,500,1000,0,0,0,0,0,0,1,0,0,0,136.60299682617188,-1,120,8200,0,-125,245,2,0,0,0,0,1000
3031,1020,7,3000,500,1000,0,0,0,0,0,0,1,0,0,0,132.40298461914062,-1,120,8200,0,-125,245,2,0,0,0,0,1000
3032,1020,8,3000,500,1000,0,0,0,0,0,0,1,0,0,0,128.20298767089844,-1,120,8200,0,-125,245,2,0,0,0,0,1000
3033,1020,9,3000,500,1000,0,0,0,0,0,0,1,0,0,0,126.00149536132812,-1,120,8200,0,-125,245,2,0,0,0,0,1000
3034,1020,10,3000,500,1000,0,0,0,0,0,0,1,0,0,0,123.90149688720703,-1,120,8200,0,-125,245,2,0,0,0,0,1000
3035,1020,11,3000,500,1000,0,0,0,0,0,0,1,0,0,0,121.80149841308594,-1,120,8200,0,-125,245,2,0,0,0,0,1000
3036,1020,12,3000,500,1000,0,0,0,0,0,0,1,0,0,0,119.70149993896484,-1,120,8200,0,-125,245,2,0,0,0,0,1000
3037,1020,13,3000,500,1000,0,0,0,0,0,0,1,0,0,0,117.60149383544922,-1,120,8200,0,-125,245,2,0,0,0,0,1000
3038,1020,13,4030,500,918,0,0,0,0,0,0,1,0,0,0,117.60149383544922,-1,120,8200,0,-125,245,2,0,0,0,0,2018
3039,1020,13,4030,500,918,0,0,0,0,0,0,1,0,0,0,117.60149383544922,-1,120,8200,0,-125,245,2,0,0,0,0,2018
3040,1020,13,4030,500,918,0,0,0,0,0,0,1,0,0,0,117.60149383544922,-1,120,8200,0,-125,245,2,0,0,0,0,2018
3041,1020,13,4030,500,918,0,0,0,0,0,0,1,0,0,0,117.60149383544922,-1,120,8200,0,-125,245,2,0,0,0,0,2018
3042,1020,13,4030,500,918,0,0,0,0,0,0,1,0,0,0,117.60149383544922,-1,120,8200,0,-125,245,2,0,0,0,0,2018
3043,1020,13,4030,500,918,0,0,0,0,0,0,1,0,0,0,117.60149383544922,-1,120,8200,0,-125,245,2,0,0,0,0,2018
3044,1020,14,4030,500,918,0,0,0,0,0,0,1,0,0,0,114.00149536132812,-1,120,8200,0,-125,245,3,0,0,0,0,2018
3045,1020,15,4030,500,918,0,0,0,0,0,0,1,0,0,0,111.90149688720703,-1,120,8200,0,-125,245,3,0,0,0,0,2018
3046,1020,16,4030,500,918,0,0,0,0,0,0,1,0,0,0,109.80149841308594,-1,120,8200,0,-125,245,3,0,0,0,0,2018
3047,1020,17,4030,500,918,0,0,0,0,0,0,1,0,0,0,105.70149993896484,-1,120,8200,0,-125,245,3,0,0,0,0,2018
3048,1020,18,4030,500,918,0,0,0,0,0,0,1,0,0,0,105.70149993896484,-1,120,8200,0,-125,245,3,0,0,0,0,2018
3049,1020,19,4030,500,918,0,0,0,0,0,0,1,0,0,0,105.70149993896484,-1,120,8200,0,-125,245,3,0,0,0,0,2018
3050,1020,20,4030,500,918,0,0,0,0,0,0,1,0,0,0,105.70149993896484,-1,120,8200,0,-125,245,4,0,0,0,0,2018
3051,1020,21,4030,500,918,0,0,0,0,0,0,1,0,0,0,105.70149993896484,-1,120,8200,0,-125,245,4,0,0,0,0,2018
3052,1020,22,4030,500,918,0,0,0,0,0,0,1,0,0,0,105.70149993896484,-1,120,8200,0,-125,245,4,0,0,0,0,2018
3053,1020,23,4030,500,918,0,0,0,0,0,0,1,0,0,0,105.70149993896484,-1,120,8200,0,-125,245,4,0,0,0,0,2018
3054,1020,24,4030,500,918,0,0,0,0,0,0,1,0,0,0,105.70149993896484,-1,120,8200,0,-125,245,4,0,0,0,0,2018
3055,1020,25,4030,500,918,0,0,0,0,0,0,1,0,0,0,105.70149993896484,-1,120,8200,0,-125,245,4,0,0,0,0,2018
3056,1020,26,4030,500,918,0,0,0,0,0,0,1,0,0,0,105.70149993896484,-1,120,8200,0,-125,245,4,0,0,0,0,2018
3057,1020,27,4030,500,918,0,0,0,0,0,0,1,0,0,0,105.70149993896484,-1,120,8200,0,-125,245,4,0,0,0,0,2018
3058,1020,28,4030,500,918,0,0,0,0,0,0,1,0,0,0,105.70149993896484,-1,120,8200,0,-125,245,4,0,0,0,0,2018
3059,1020,29,4030,500,918,0,0,0,0,0,0,1,0,0,0,105.70149993896484,-1,120,8200,0,-125,245,4,0,0,0,0,2018
3060,1020,30,4030,500,918,0,0,0,0,0,0,1,0,0,0,105.70149993896484,-1,120,8200,0,-125,245,4,0,0,0,0,2018
3061,1020,31,4030,500,918,0,0,0,0,0,0,1,0,0,0,105.70149993896484,-1,120,8200,0,-125,245,4,0,0,0,0,2018
3062,1020,32,4030,500,918,0,0,0,0,0,0,1,0,0,0,105.70149993896484,-1,120,8200,0,-125,245,5,0,0,0,0,2018
3063,1020,33,4030,500,918,0,0,0,0,0,0,1,0,0,0,105.70149993896484,-1,120,8200,0,-125,245,5,0,0,0,0,2018
3064,1020,34,4030,500,918,0,0,0,0,0,0,1,0,0,0,105.70149993896484,-1,120,8200,0,-125,245,5,0,0,0,0,2018
3065,1020,35,4030,500,918,0,0,0,0,0,0,1,0,0,0,105.70149993896484,-1,120,8200,0,-125,245,5,0,0,0,0,2018
3066,1020,36,4030,500,918,0,0,0,0,0,0,1,0,0,0,105.70149993896484,-1,120,8200,0,-125,245,5,0,0,0,0,2018
3067,1020,37,4030,500,918,0,0,0,0,0,0,1,0,0,0,105.70149993896484,-1,120,8200,0,-125,245,5,0,0,0,0,2018
3068,1020,38,4030,500,918,0,0,0,0,0,0,1,0,0,0,105.70149993896484,-1,120,8200,0,-125,245,5,0,0,0,0,2018
3069,1020,39,4030,500,918,0,0,0,0,0,0,1,0,0,0,105.70149993896484,-1,120,8200,0,-125,245,5,0,0,0,0,2018
3070,1020,40,4030,500,918,0,0,0,0,0,0,1,0,0,0,105.70149993896484,-1,120,8200,0,-125,245,5,0,0,0,0,2018
3071,0,1,4030,500,918,0,0,0,0,0,0,1,0,0,0,105.70149993896484,-1,120,8200,0,-125,245,5,0,0,0,0,2018
3072,0,2,4030,500,918,0,0,0,0,0,0,1,0,0,0,105.70149993896484,-1,120,8200,0,-125,245,5,0,0,0,0,2018
3073,0,3,4030,500,918,0,0,0,0,0,0,1,0,0,0,105.70149993896484,-1,120,8200,0,-125,245,5,0,0,0,0,2018
3074,0,4,4030,500,918,0,0,0,0,0,0,1,0,0,0,105.70149993896484,-1,120,8200,0,-125,245,6,0,0,0,0,2018
3075,0,5,4030,500,918,0,0,0,0,0,0,1,0,0,0,105.70149993896484,-1,120,8200,0,-125,245,6,0,0,0,0,2018
3076,0,6,4030,500,918,0,0,0,0,0,0,1,0,0,0,105.70149993896484,-1,120,8200,0,-125,245,6,0,0,0,0,2018
3077,0,7,4030,500,918,0,0,0,0,0,0,1,0,0,0,105.70149993896484,-1,120,8200,0,-125,245,6,0,0,0,0,2018
3078,0,8,4030,500,918,0,0,0,0,0,0,1,0,0,0,105.70149993896484,-1,120,8200,0,-125,245,6,0,0,0,0,2018
3079,0,9,4030,500,918,0,0,0,0,0,0,1,0,0,0,105.70149993896484,-1,120,8200,0,-125,245,6,0,0,0,0,2018
3080,0,10,4030,500,918,0,0,0,0,0,0,1,0,0,0,105.70149993896484,-1,120,8200,0,-125,245,6,0,0,0,0,2018
3081,0,11,4030,500,918,0,0,0,0,0,0,1,0,0,0,105.70149993896484,-1,120,8200,0,-125,245,6,0,0,0,0,2018
3082,0,12,4030,500,918,0,0,0,0,0,0,1,0,0,0,105.70149993896484,-1,120,8200,0,-125,245,6,0,0,0,0,2018
3083,0,13,4030,500,918,0,0,0,0,0,0,1,0,0,0,105.70149993896484,-1,120,8200,0,-125,245,6,0,0,0,0,2018
3084,0,14,4030,500,918,0,0,0,0,0,0,1,0,0,0,105.70149993896484,-1,120,8200,0,-125,245,6,0,0,0,0,2018
3085,0,15,4030,500,918,0,0,0,0,0,0,1,0,0,0,105.70149993896484,-1,120,8200,0,-125,245,6,0,0,0,0,2018
3086,0,16,4030,500,918,0,0,0,0,0,0,1,0,0,0,105.70149993896484,-1,120,8200,0,-125,245,7,0,0,0,0,2018
3087,0,17,4030,500,918,0,0,0,0,0,0,1,0,0,0,105.70149993896484,-1,120,8200,0,-125,245,7,0,0,0,0,2018
3088,0,18,4030,500,918,0,0,0,0,0,0,1,0,0,0,105.70149993896484,-1,120,8200,0,-125,245,7,0,0,0,0,2018
3089,0,19,4030,500,918,0,0,0,0,0,0,1,0,0,0,105.70149993896484,-1,120,8200,0,-125,245,7,0,0,0,0,2018
3090,0,20,4030,500,918,0,0,0,0,0,0,1,0,0,0,105.70149993896484,-1,120,8200,0,-125,245,7,0,0,0,0,2018
3091,0,21,4030,500,918,0,0,0,0,0,0,1,0,0,0,105.70149993896484,-1,120,8200,0,-125,245,7,0,0,0,0,2018
3092,0,22,4030,500,918,0,0,0,0,0,0,1,0,0,0,105.70149993896484,-1,120,8200,0,-125,245,7,0,0,0,0,2018
3093,0,23,4030,500,918,0,0,0,0,0,0,1,0,0,0,105.70149993896484,-1,120,8200,0,-125,245,7,0,0,0,0,2018
3094,0,24,4030,500,918,0,0,0,0,0,0,1,0,0,0,105.70149993896484,-1,120,8200,0,-125,245,7,0,0,0,0,2018
3095,0,25,4030,500,918,0,0,0,0,0,0,1,0,0,0,105.70149993896484,-1,120,8200,0,-125,245,7,0,0,0,0,2018
3096,0,26,4030,500,918,0,0,0,0,0,0,1,0,0,0,105.70149993896484,-1,120,8200,0,-125,245,7,0,0,0,0,2018
3097,0,27,4030,500,918,0,0,0,0,0,0,1,0,0,0,105.70149993896484,-1,120,8200,0,-125,245,7,0,0,0,0,2018
3098,0,28,4030,500,918,0,0,0,0,0,0,1,0,0,0,105.70149993896484,-1,120,8200,0,-125,245,8,0,0,0,0,2018
3099,0,29,4030,500,918,0,0,0,0,0,0,1,0,0,0,105.70149993896484,-1,120,8200,0,-125,245,8,0,0,0,0,2018
3100,0,30,4030,500,918,0,0,0,0,0,0,1,0,0,0,105.70149993896484,-1,120,8200,0,-125,245,8,0,0,0,0,2018
3101,0,31,4030,500,918,0,0,0,0,0,0,1,0,0,0,105.70149993896484,-1,120,8200,0,-125,245,8,0,0,0,0,2018
3102,0,32,4030,500,918,0,0,0,0,0,0,1,0,0,0,105.70149993896484,-1,120,8200,0,-125,245,8,0,0,0,0,2018
3103,0,33,4030,500,918,0,0,0,0,0,0,1,0,0,0,105.70149993896484,-1,120,8200,0,-125,245,8,0,0,0,0,2018
3104,0,34,4030,500,918,0,0,0,0,0,0,1,0,0,0,105.70149993896484,-1,120,8200,0,-125,245,8,0,0,0,0,2018
3105,0,35,4030,500,918,0,0,0,0,0,0,1,0,0,0,105.70149993896484,-1,120,8200,0,-125,245,8,0,0,0,0,2018
3106,0,36,4030,500,918,0,0,0,0,0,0,1,0,0,0,105.70149993896484,-1,120,8200,0,-125,245,8,0,0,0,0,2018
3107,0,37,4030,500,918,0,0,0,0,0,0,1,0,0,0,105.70149993896484,-1,120,8200,0,-125,245,8,0,0,0,0,2018
3108,0,38,4030,500,918,0,0,0,0,0,0,1,0,0,0,105.70149993896484,-1,120,8200,0,-125,245,8,0,0,0,0,2018
3109,0,39,4030,500,918,0,0,0,0,0,0,1,0,0,0,105.70149993896484,-1,120,8200,0,-125,245,8,0,0,0,0,2018
3110,0,40,4030,500,918,0,0,0,0,0,0,1,0,0,0,105.70149993896484,-1,120,8200,0,-125,245,9,0,0,0,0,2018
3111,0,41,4030,500,918,0,0,0,0,0,0,1,0,0,0,105.70149993896484,-1,120,8200,0,-125,245,9,0,0,0,0,2018
3112,0,42,4030,500,918,0,0,0,0,0,0,1,0,0,0,105.70149993896484,-1,120,8200,0,-125,245,9,0,0,0,0,2018
3113,0,43,4030,500,918,0,0,0,0,0,0,1,0,0,0,105.70149993896484,-1,120,8200,0,-125,245,9,0,0,0,0,2018
3114,0,44,4030,500,918,0,0,0,0,0,0,1,0,0,0,105.70149993896484,-1,120,8200,0,-125,245,9,0,0,0,0,2018
3115,0,45,4030,500,918,0,0,0,0,0,0,1,0,0,0,105.70149993896484,-1,120,8200,0,-125,245,9,0,0,0,0,2018
3116,0,46,4030,500,918,0,0,0,0,0,0,1,0,0,0,105.70149993896484,-1,120,8200,0,-125,245,9,0,0,0,0,2018
3117,0,47,4030,500,918,0,0,0,0,0,0,1,0,0,0,105.70149993896484,-1,120,8200,0,-125,245,9,0,0,0,0,2018
3118,0,48,4030,500,918,0,0,0,0,0,0,1,0,0,0,105.70149993896484,-1,120,8200,0,-125,245,9,0,0,0,0,2018
3119,0,49,4030,500,918,0,0,0,0,0,0,1,0,0,0,105.70149993896484,-1,120,8200,0,-125,245,9,0,0,0,0,2018
3120,0,50,4030,500,918,0,0,0,0,0,0,1,0,0,0,105.70149993896484,-1,120,8200,0,-125,245,9,0,0,0,0,2018
3121,0,51,4030,500,918,0,0,0,0,0,0,1,0,0,0,105.70149993896484,-1,120,8200,0,-125,245,9,0,0,0,0,2018
3122,0,52,4030,500,918,0,0,0,0,0,0,1,0,0,0,105.70149993896484,-1,120,8200,0,-125,245,10,0,0,0,0,2018
3123,0,53,4030,500,918,0,0,0,0,0,0,1,0,0,0,105.70149993896484,-1,120,8200,0,-125,245,10,0,0,0,0,2018
3124,0,54,4030,500,918,0,0,0,0,0,0,1,0,0,0,105.70149993896484,-1,120,8200,0,-125,245,10,0,0,0,0,2018
3125,0,55,4030,500,918,0,0,0,0,0,0,1,0,0,0,105.70149993896484,-1,120,8200,0,-125,245,10,0,0,0,0,2018
3126,0,56,4030,500,918,0,0,0,0,0,0,1,0,0,0,105.70149993896484,-1,120,8200,0,-125,245,10,0,0,0,0,2018
3127,0,57,4030,500,918,0,0,0,0,0,0,1,0,0,0,105.70149993896484,-1,120,8200,0,-125,245,10,0,0,0,0,2018
3128,0,58,4030,500,918,0,0,0,0,0,0,1,0,0,0,105.70149993896484,-1,120,8200,0,-125,245,10,0,0,0,0,2018
3129,0,59,4030,500,918,0,0,0,0,0,0,1,0,0,0,105.70149993896484,-1,120,8200,0,-125,245,10,0,0,0,0,2018
3130,0,60,4030,500,918,0,0,0,0,0,0,1,0,0,0,105.70149993896484,-1,120,8200,0,-125,245,10,0,0,0,0,2018
3131,0,61,4030,500,918,0,0,0,0,0,0,1,0,0,0,105.70149993896484,-1,120,8200,0,-125,245,10,0,0,0,0,2018
3132,0,62,4030,500,918,0,0,0,0,0,0,1,0,0,0,105.70149993896484,-1,120,8200,0,-125,245,10,0,0,0,0,2018
3133,0,63,4030,500,918,0,0,0,0,0,0,1,0,0,0,105.70149993896484,-1,120,8200,0,-125,245,10,0,0,0,0,2018
3134,0,64,4030,500,918,0,0,0,0,0,0,1,0,0,0,105.70149993896484,-1,120,8200,0,-125,245,11,0,0,0,0,2018
3135,0,65,4030,500,918,0,0,0,0,0,0,1,0,0,0,105.70149993896484,-1,120,8200,0,-125,245,11,0,0,0,0,2018
3136,0,66,4030,500,918,0,0,0,0,0,0,1,0,0,0,105.70149993896484,-1,120,8200,0,-125,245,11,0,0,0,0,2018
3137,0,67,4030,500,918,0,0,0,0,0,0,1,0,0,0,105.70149993896484,-1,120,8200,0,-125,245,11,0,0,0,0,2018
3138,0,68,4030,500,918,0,0,0,0,0,0,1,0,0,0,105.70149993896484,-1,120,8200,0,-125,245,11,0,0,0,0,2018
3139,0,69,4030,500,918,0,0,0,0,0,0,1,0,0,0,105.70149993896484,-1,120,8200,0,-125,245,11,0,0,0,0,2018
3140,0,70,4030,500,918,0,0,0,0,0,0,1,0,0,0,105.70149993896484,-1,120,8200,0,-125,245,11,0,0,0,0,2018
3141,0,71,4030,500,918,0,0,0,0,0,0,1,0,0,0,105.70149993896484,-1,120,8200,0,-125,245,11,0,0,0,0,2018
3142,0,72,4030,500,918,0,0,0,0,0,0,1,0,0,0,105.70149993896484,-1,120,8200,0,-125,245,11,0,0,0,0,2018
3143,0,73,4030,500,918,0,0,0,0,0,0,1,0,0,0,105.70149993896484,-1,120,8200,0,-125,245,11,0,0,0,0,2018
3144,0,74,4030,500,918,0,0,0,0,0,0,1,0,0,0,105.70149993896484,-1,120,8200,0,-125,245,11,0,0,0,0,2018
3145,0,75,4030,500,918,0,0,0,0,0,0,1,0,0,0,105.70149993896484,-1,120,8200,0,-125,245,11,0,0,0,0,2018
3146,0,76,4030,500,918,0,0,0,0,0,0,1,0,0,0,105.70149993896484,-1,120,8200,0,-125,245,12,0,0,0,0,2018
3147,0,77,4030,500,918,0,0,0,0,0,0,1,0,0,0,105.70149993896484,-1,120,8200,0,-125,245,12,0,0,0,0,2018
3148,0,78,4030,500,918,0,0,0,0,0,0,1,0,0,0,105.70149993896484,-1,120,8200,0,-125,245,12,0,0,0,0,2018
3149,0,79,4030,500,918,0,0,0,0,0,0,1,0,0,0,105.70149993896484,-1,120,8200,0,-125,245,12,0,0,0,0,2018
3150,0,80,4030,500,918,0,0,0,0,0,0,1,0,0,0,105.70149993896484,-1,120,8200,0,-125,245,12,0,0,0,0,2018
3151,0,81,4030,500,918,0,0,0,0,0,0,1,0,0,0,105.70149993896484,-1,120,8200,0,-125,245,12,0,0,0,0,2018
3152,0,82,4030,500,918,0,0,0,0,0,0,1,0,0,0,105.70149993896484,-1,120,8200,0,-125,245,12,0,0,0,0,2018
3153,0,83,4030,500,918,0,0,0,0,0,0,1,0,0,0,105.70149993896484,-1,120,8200,0,-125,245,12,0,0,0,0,2018
3154,0,84,4030,500,918,0,0,0,0,0,0,1,0,0,0,105.70149993896484,-1,120,8200,0,-125,245,12,0,0,0,0,2018
3155,0,85,4030,500,918,0,0,0,0,0,0,1,0,0,0,105.70149993896484,-1,120,8200,0,-125,245,12,0,0,0,0,2018
3156,0,86,4030,500,918,0,0,0,0,0,0,1,0,0,0,105.70149993896484,-1,120,8200,0,-125,245,12,0,0,0,0,2018
3157,0,87,4030,500,918,0,0,0,0,0,0,1,0,0,0,105.70149993896484,-1,120,8200,0,-125,245,12,0,0,0,0,2018
3158,0,88,4030,500,918,0,0,0,0,0,0,1,0,0,0,105.70149993896484,-1,120,8200,0,-125,245,13,0,0,0,0,2018
3159,0,89,4030,500,918,0,0,0,0,0,0,1,0,0,0,105.70149993896484,-1,120,8200,0,-125,245,13,0,0,0,0,2018
3160,0,90,4030,500,918,0,0,0,0,0,0,1,0,0,0,105.70149993896484,-1,120,8200,0,-125,245,13,0,0,0,0,2018
3161,0,91,4030,500,918,0,0,0,0,0,0,1,0,0,0,105.70149993896484,-1,120,8200,0,-125,245,13,0,0,0,0,2018
3162,0,92,4030,500,918,0,0,0,0,0,0,1,0,0,0,105.70149993896484,-1,120,8200,0,-125,245,13,0,0,0,0,2018
3163,0,93,4030,500,918,0,0,0,0,0,0,1,0,0,0,105.70149993896484,-1,120,8200,0,-125,245,13,0,0,0,0,2018
3164,0,94,4030,500,918,0,0,0,0,0,0,1,0,0,0,105.70149993896484,-1,120,8200,0,-125,245,13,0,0,0,0,2018
3165,0,95,4030,500,918,0,0,0,0,0,0,1,0,0,0,105.70149993896484,-1,120,8200,0,-125,245,13,0,0,0,0,2018
3166,0,96,4030,500,918,0,0,0,0,0,0,1,0,0,0,105.70149993896484,-1,120,8200,0,-125,245,13,0,0,0,0,2018
3167,0,97,4030,500,918,0,0,0,0,0,0,1,0,0,0,105.70149993896484,-1,120,8200,0,-125,245,13,0,0,0,0,2018
3168,0,98,4030,500,918,0,0,0,0,0,0,1,0,0,0,105.70149993896484,-1,120,8200,0,-125,245,13,0,0,0,0,2018
3169,0,99,4030,500,918,0,0,0,0,0,0,1,0,0,0,105.70149993896484,-1,120,8200,0,-125,245,13,0,0,0,0,2018
3170,0,100,4030,500,918,0,0,0,0,0,0,1,0,0,0,105.70149993896484,-1,120,8200,0,-125,245,14,0,0,0,0,2018
3171,0,101,4030,500,918,0,0,0,0,0,0,1,0,0,0,105.70149993896484,-1,120,8200,0,-125,245,14,0,0,0,0,2018
3172,0,102,4030,500,918,0,0,0,0,0,0,1,0,0,0,105.70149993896484,-1,120,8200,0,-125,245,14,0,0,0,0,2018
3173,0,103,4030,500,918,0,0,0,0,0,0,1,0,0,0,105.70149993896484,-1,120,8200,0,-125,245,14,0,0,0,0,2018
3174,0,104,4030,500,918,0,0,0,0,0,0,1,0,0,0,105.70149993896484,-1,120,8200,0,-125,245,14,0,0,0,0,2018
3175,0,105,4030,500,918,0,0,0,0,0,0,1,0,0,0,105.70149993896484,-1,120,8200,0,-125,245,14,0,0,0,0,2018
3176,0,106,4030,500,918,0,0,0,0,0,0,1,0,0,0,105.70149993896484,-1,120,8200,0,-125,245,14,0,0,0,0,2018
3177,0,107,4030,500,918,0,0,0,0,0,0,1,0,0,0,105.70149993896484,-1,120,8200,0,-125,245,14,0,0,0,0,2018
3178,0,108,4030,500,918,0,0,0,0,0,0,1,0,0,0,105.70149993896484,-1,120,8200,0,-125,245,14,0,0,0,0,2018
3179,0,109,4030,500,918,0,0,0,0,0,0,1,0,0,0,105.70149993896484,-1,120,8200,0,-125,245,14,0,0,0,0,2018
3180,0,110,4030,500,918,0,0,0,0,0,0,1,0,0,0,105.70149993896484,-1,120,8200,0,-125,245,14,0,0,0,0,2018
3181,0,111,4030,500,918,0,0,0,0,0,0,1,0,0,0,105.70149993896484,-1,120,8200,0,-125,245,14,0,0,0,0,2018
3182,0,112,4030,500,918,0,0,0,0,0,0,1,0,0,0,105.70149993896484,-1,120,8200,0,-125,245,15,0,0,0,0,2018
3183,0,113,4030,500,918,0,0,0,0,0,0,1,0,0,0,105.70149993896484,-1,120,8200,0,-125,245,15,0,0,0,0,2018
3184,0,114,4030,500,918,0,0,0,0,0,0,1,0,0,0,105.70149993896484,-1,120,8200,0,-125,245,15,0,0,0,0,2018
3185,0,115,4030,500,918,0,0,0,0,0,0,1,0,0,0,105.70149993896484,-1,120,8200,0,-125,245,15,0,0,0,0,2018
3186,0,116,4030,500,918,0,0,0,0,0,0,1,0,0,0,105.70149993896484,-1,120,8200,0,-125,245,15,0,0,0,0,2018
3187,0,117,4030,500,918,0,0,0,0,0,0,1,0,0,0,105.70149993896484,-1,120,8200,0,-125,245,15,0,0,0,0,2018
3188,0,118,4030,500,918,0,0,0,0,0,0,1,0,0,0,105.70149993896484,-1,120,8200,0,-125,245,15,0,0,0,0,2018
3189,0,119,4030,500,918,0,0,0,0,0,0,1,0,0,0,105.70149993896484,-1,120,8200,0,-125,245,15,0,0,0,0,2018
3190,0,120,4030,500,918,0,0,0,0,0,0,1,0,0,0,105.70149993896484,-1,120,8200,0,-125,245,15,0,0,0,0,2018
3191,0,121,4030,500,918,0,0,0,0,0,0,1,0,0,0,105.70149993896484,-1,120,8200,0,-125,245,15,0,0,0,0,2018
3192,0,122,4030,500,918,0,0,0,0,0,0,1,0,0,0,105.70149993896484,-1,120,8200,0,-125,245,15,0,0,0,0,2018
3193,0,123,4030,500,918,0,0,0,0,0,0,1,0,0,0,105.70149993896484,-1,120,8200,0,-125,245,15,0,0,0,0,2018
3194,0,124,4030,500,918,0,0,0,0,0,0,1,0,0,0,105.70149993896484,-1,120,8200,0,-125,245,16,0,0,0,0,2018
3195,0,125,4030,500,918,0,0,0,0,0,0,1,0,0,0,105.70149993896484,-1,120,8200,0,-125,245,16,0,0,0,0,2018
3196,0,126,4030,500,918,0,0,0,0,0,0,1,0,0,0,105.70149993896484,-1,120,8200,0,-125,245,16,0,0,0,0,2018
3197,0,127,4030,500,918,0,0,0,0,0,0,1,0,0,0,105.70149993896484,-1,120,8200,0,-125,245,16,0,0,0,0,2018
3198,0,128,4030,500,918,0,0,0,0,0,0,1,0,0,0,105.70149993896484,-1,120,8200,0,-125,245,16,0,0,0,0,2018
3199,0,129,4030,500,918,0,0,0,0,0,0,1,0,0,0,105.70149993896484,-1,120,8200,0,-125,245,16,0,0,0,0,2018
3200,0,130,4030,500,918,0,0,0,0,0,0,1,0,0,0,105.70149993896484,-1,120,8200,0,-125,245,16,0,0,0,0,2018
3201,0,131,4030,500,918,0,0,0,0,0,0,1,0,0,0,105.70149993896484,-1,120,8200,0,-125,245,16,0,0,0,0,2018
3202,0,132,4030,500,918,0,0,0,0,0,0,1,0,0,0,105.70149993896484,-1,120,8200,0,-125,245,16,0,0,0,0,2018
3203,0,133,4030,500,918,0,0,0,0,0,0,1,0,0,0,105.70149993896484,-1,120,8200,0,-125,245,16,0,0,0,0,2018
3204,0,134,4030,500,918,0,0,0,0,0,0,1,0,0,0,105.70149993896484,-1,120,8200,0,-125,245,16,0,0,0,0,2018
3205,0,135,4030,500,918,0,0,0,0,0,0,1,0,0,0,105.70149993896484,-1,120,8200,0,-125,245,16,0,0,0,0,2018
3206,0,136,4030,500,918,0,0,0,0,0,0,1,0,0,0,105.70149993896484,-1,120,8200,0,-125,245,17,0,0,0,0,2018
3207,0,137,4030,500,918,0,0,0,0,0,0,1,0,0,0,105.70149993896484,-1,120,8200,0,-125,245,17,0,0,0,0,2018
3208,0,138,4030,500,918,0,0,0,0,0,0,1,0,0,0,105.70149993896484,-1,120,8200,0,-125,245,17,0,0,0,0,2018
3209,0,139,4030,500,918,0,0,0,0,0,0,1,0,0,0,105.70149993896484,-1,120,8200,0,-125,245,17,0,0,0,0,2018
3210,0,140,4030,500,918,0,0,0,0,0,0,1,0,0,0,105.70149993896484,-1,120,8200,0,-125,245,17,0,0,0,0,2018
3211,0,141,4030,500,918,0,0,0,0,0,0,1,0,0,0,105.70149993896484,-1,120,8200,0,-125,245,17,0,0,0,0,2018
3212,0,142,4030,500,918,0,0,0,0,0,0,1,0,0,0,105.70149993896484,-1,120,8200,0,-125,245,17,0,0,0,0,2018
3213,0,143,4030,500,918,0,0,0,0,0,0,1,0,0,0,105.70149993896484,-1,120,8200,0,-125,245,17,0,0,0,0,2018
3214,0,144,4030,500,918,0,0,0,0,0,0,1,0,0,0,105.70149993896484,-1,120,8200,0,-125,245,17,0,0,0,0,2018
3215,0,145,4030,500,918,0,0,0,0,0,0,1,0,0,0,105.70149993896484,-1,120,8200,0,-125,245,17,0,0,0,0,2018
3216,0,146,4030,500,918,0,0,0,0,0,0,1,0,0,0,105.70149993896484,-1,120,8200,0,-125,245,17,0,0,0,0,2018
3217,0,147,4030,500,918,0,0,0,0,0,0,1,0,0,0,105.70149993896484,-1,120,8200,0,-125,245,17,0,0,0,0,2018
3218,0,148,4030,500,918,0,0,0,0,0,0,1,0,0,0,105.70149993896484,-1,120,8200,0,-125,245,18,0,0,0,0,2018
3219,0,149,4030,500,918,0,0,0,0,0,0,1,0,0,0,105.70149993896484,-1,120,8200,0,-125,245,18,0,0,0,0,2018
3220,0,150,4030,500,918,0,0,0,0,0,0,1,0,0,0,105.70149993896484,-1,120,8200,0,-125,245,18,0,0,0,0,2018
3221,0,151,4030,500,918,0,0,0,0,0,0,1,0,0,0,105.70149993896484,-1,120,8200,0,-125,245,18,0,0,0,0,2018
3222,0,152,4030,500,918,0,0,0,0,0,0,1,0,0,0,105.70149993896484,-1,120,8200,0,-125,245,18,0,0,0,0,2018
3223,0,153,4030,500,918,0,0,0,0,0,0,1,0,0,0,105.70149993896484,-1,120,8200,0,-125,245,18,0,0,0,0,2018
3224,0,154,4030,500,918,0,0,0,0,0,0,1,0,0,0,105.70149993896484,-1,120,8200,0,-125,245,18,0,0,0,0,2018
3225,0,155,4030,500,918,0,0,0,0,0,0,1,0,0,0,105.70149993896484,-1,120,8200,0,-125,245,18,0,0,0,0,2018
3226,0,156,4030,500,918,0,0,0,0,0,0,1,0,0,0,105.70149993896484,-1,120,8200,0,-125,245,18,0,0,0,0,2018
3227,0,157,4030,500,918,0,0,0,0,0,0,1,0,0,0,105.70149993896484,-1,120,8200,0,-125,245,18,0,0,0,0,2018
3228,0,158,4030,500,918,0,0,0,0,0,0,1,0,0,0,105.70149993896484,-1,120,8200,0,-125,245,18,0,0,0,0,2018
3229,0,159,4030,500,918,0,0,0,0,0,0,1,0,0,0,105.70149993896484,-1,120,8200,0,-125,245,18,0,0,0,0,2018
3230,0,160,4030,500,918,0,0,0,0,0,0,1,0,0,0,105.70149993896484,-1,120,8200,0,-125,245,19,0,0,0,0,2018
3231,0,161,4030,500,918,0,0,0,0,0,0,1,0,0,0,105.70149993896484,-1,120,8200,0,-125,245,19,0,0,0,0,2018
3232,0,162,4030,500,918,0,0,0,0,0,0,1,0,0,0,105.70149993896484,-1,120,8200,0,-125,245,19,0,0,0,0,2018
3233,0,163,4030,500,918,0,0,0,0,0,0,1,0,0,0,105.70149993896484,-1,120,8200,0,-125,245,19,0,0,0,0,2018
3234,0,164,4030,500,918,0,0,0,0,0,0,1,0,0,0,105.70149993896484,-1,120,8200,0,-125,245,19,0,0,0,0,2018
3235,0,165,4030,500,918,0,0,0,0,0,0,1,0,0,0,105.70149993896484,-1,120,8200,0,-125,245,19,0,0,0,0,2018
3236,0,166,4030,500,918,0,0,0,0,0,0,1,0,0,0,105.70149993896484,-1,120,8200,0,-125,245,19,0,0,0,0,2018
3237,0,167,4030,500,918,0,0,0,0,0,0,1,0,0,0,105.70149993896484,-1,120,8200,0,-125,245,19,0,0,0,0,2018
3238,0,168,4030,500,918,0,0,0,0,0,0,1,0,0,0,105.70149993896484,-1,120,8200,0,-125,245,19,0,0,0,0,2018
3239,0,169,4030,500,918,0,0,0,0,0,0,1,0,0,0,105.70149993896484,-1,120,8200,0,-125,245,19,0,0,0,0,2018
3240,0,170,4030,500,918,0,0,0,0,0,0,1,0,0,0,105.70149993896484,-1,120,8200,0,-125,245,19,0,0,0,0,2018
3241,0,171,4030,500,918,0,0,0,0,0,0,1,0,0,0,105.70149993896484,-1,120,8200,0,-125,245,19,0,0,0,0,2018
3242,0,172,4030,500,918,0,0,0,0,0,0,1,0,0,0,105.70149993896484,-1,120,8200,0,-125,245,19,0,0,0,0,2018
3243,0,173,4030,500,918,0,0,0,0,0,0,1,0,0,0,105.70149993896484,-1,120,8200,0,-125,245,19,0,0,0,0,2018
3244,0,174,4030,500,918,0,0,0,0,0,0,1,0,0,0,105.70149993896484,-1,120,8200,0,-125,245,19,0,0,0,0,2018
3245,0,175,4030,500,918,0,0,0,0,0,0,1,0,0,0,105.70149993896484,-1,120,8200,0,-125,245,19,0,0,0,0,2018
3246,0,176,4030,500,918,0,0,0,0,0,0,1,0,0,0,105.70149993896484,-1,120,8200,0,-125,245,19,0,0,0,0,2018
3247,0,177,4030,500,918,0,0,0,0,0,0,1,0,0,0,105.70149993896484,-1,120,8200,0,-125,245,19,0,0,0,0,2018
3248,0,178,4030,500,918,0,0,0,0,0,0,1,0,0,0,105.70149993896484,-1,120,8200,0,-125,245,20,0,0,0,0,2018
3249,0,179,4030,500,918,0,0,0,0,0,0,1,0,0,0,105.70149993896484,-1,120,8200,0,-125,245,20,0,0,0,0,2018
3250,0,180,4030,500,918,0,0,0,0,0,0,1,0,0,0,105.70149993896484,-1,120,8200,0,-125,245,20,0,0,0,0,2018
3251,0,181,4030,500,918,0,0,0,0,0,0,1,0,0,0,105.70149993896484,-1,120,8200,0,-125,245,20,0,0,0,0,2018
3252,0,182,4030,500,918,0,0,0,0,0,0,1,0,0,0,105.70149993896484,-1,120,8200,0,-125,245,20,0,0,0,0,2018
3253,0,183,4030,500,918,0,0,0,0,0,0,1,0,0,0,105.70149993896484,-1,120,8200,0,-125,245,20,0,0,0,0,2018
3254,0,184,4030,500,918,0,0,0,0,0,0,1,0,0,0,105.70149993896484,-1,120,8200,0,-125,245,20,0,0,0,0,2018
3255,0,185,4030,500,918,0,0,0,0,0,0,1,0,0,0,105.70149993896484,-1,120,8200,0,-125,245,20,0,0,0,0,2018
3256,0,186,4030,500,918,0,0,0,0,0,0,1,0,0,0,105.70149993896484,-1,120,8200,0,-125,245,20,0,0,0,0,2018
3257,0,187,4030,500,918,0,0,0,0,0,0,1,0,0,0,105.70149993896484,-1,120,8200,0,-125,245,20,0,0,0,0,2018
3258,0,188,4030,500,918,0,0,0,0,0,0,1,0,0,0,105.70149993896484,-1,120,8200,0,-125,245,20,0,0,0,0,2018
3259,0,189,4030,500,918,0,0,0,0,0,0,1,0,0,0,105.70149993896484,-1,120,8200,0,-125,245,20,0,0,0,0,2018
3260,0,190,4030,500,918,0,0,0,0,0,0,1,0,0,0,105.70149993896484,-1,120,8200,0,-125,245,20,0,0,0,0,2018
3261,0,191,4030,500,918,0,0,0,0,0,0,1,0,0,0,105.70149993896484,-1,120,8200,0,-125,245,20,0,0,0,0,2018
3262,0,192,4030,500,918,0,0,0,0,0,0,1,0,0,0,105.70149993896484,-1,120,8200,0,-125,245,20,0,0,0,0,2018
3263,0,193,4030,500,918,0,0,0,0,0,0,1,0,0,0,105.70149993896484,-1,120,8200,0,-125,245,20,0,0,0,0,2018
3264,0,194,4030,500,918,0,0,0,0,0,0,1,0,0,0,105.70149993896484,-1,120,8200,0,-125,245,20,0,0,0,0,2018
3265,0,195,4030,500,918,0,0,0,0,0,0,1,0,0,0,105.70149993896484,-1,120,8200,0,-125,245,20,0,0,0,0,2018
3266,0,196,4030,500,918,0,0,0,0,0,0,1,0,0,0,105.70149993896484,-1,120,8200,0,-125,245,21,0,0,0,0,2018
3267,0,197,4030,500,918,0,0,0,0,0,0,1,0,0,0,105.70149993896484,-1,120,8200,0,-125,245,21,0,0,0,0,2018
3268,0,198,4030,500,918,0,0,0,0,0,0,1,0,0,0,105.70149993896484,-1,120,8200,0,-125,245,21,0,0,0,0,2018
3269,0,199,4030,500,918,0,0,0,0,0,0,1,0,0,0,105.70149993896484,-1,120,8200,0,-125,245,21,0,0,0,0,2018
3270,0,200,4030,500,918,0,0,0,0,0,0,1,0,0,0,105.70149993896484,-1,120,8200,0,-125,245,21,0,0,0,0,2018
3271,0,201,4030,500,918,0,0,0,0,0,0,1,0,0,0,105.70149993896484,-1,120,8200,0,-125,245,21,0,0,0,0,2018
3272,0,202,4030,500,918,0,0,0,0,0,0,1,0,0,0,105.70149993896484,-1,120,8200,0,-125,245,21,0,0,0,0,2018
3273,0,203,4030,500,918,0,0,0,0,0,0,1,0,0,0,105.70149993896484,-1,120,8200,0,-125,245,21,0,0,0,0,2018
3274,0,204,4030,500,918,0,0,0,0,0,0,1,0,0,0,105.70149993896484,-1,120,8200,0,-125,245,21,0,0,0,0,2018
3275,0,205,4030,500,918,0,0,0,0,0,0,1,0,0,0,105.70149993896484,-1,120,8200,0,-125,245,21,0,0,0,0,2018
3276,0,206,4030,500,918,0,0,0,0,0,0,1,0,0,0,105.70149993896484,-1,120,8200,0,-125,245,21,0,0,0,0,2018
3277,0,207,4030,500,918,0,0,0,0,0,0,1,0,0,0,105.70149993896484,-1,120,8200,0,-125,245,21,0,0,0,0,2018
3278,0,208,4030,500,918,0,0,0,0,0,0,1,0,0,0,105.70149993896484,-1,120,8200,0,-125,245,21,0,0,0,0,2018
3279,0,209,4030,500,918,0,0,0,0,0,0,1,0,0,0,105.70149993896484,-1,120,8200,0,-125,245,21,0,0,0,0,2018
3280,0,210,4030,500,918,0,0,0,0,0,0,1,0,0,0,105.70149993896484,-1,120,8200,0,-125,245,21,0,0,0,0,2018
3281,0,211,4030,500,918,0,0,0,0,0,0,1,0,0,0,105.70149993896484,-1,120,8200,0,-125,245,21,0,0,0,0,2018
3282,0,212,4030,500,918,0,0,0,0,0,0,1,0,0,0,105.70149993896484,-1,120,8200,0,-125,245,21,0,0,0,0,2018
3283,0,213,4030,500,918,0,0,0,0,0,0,1,0,0,0,105.70149993896484,-1,120,8200,0,-125,245,21,0,0,0,0,2018
3284,0,214,4030,500,918,0,0,0,0,0,0,1,0,0,0,105.70149993896484,-1,120,8200,0,-125,245,21,0,0,0,0,2018
3285,0,215,4030,500,918,0,0,0,0,0,0,1,0,0,0,105.70149993896484,-1,120,8200,0,-125,245,21,0,0,0,0,2018
3286,0,216,4030,500,918,0,0,0,0,0,0,1,0,0,0,105.70149993896484,-1,120,8200,0,-125,245,21,0,0,0,0,2018
3287,0,217,4030,500,918,0,0,0,0,0,0,1,0,0,0,105.70149993896484,-1,120,8200,0,-125,245,21,0,0,0,0,2018
3288,0,218,4030,500,918,0,0,0,0,0,0,1,0,0,0,105.70149993896484,-1,120,8200,0,-125,245,21,0,0,0,0,2018
3289,0,219,4030,500,918,0,0,0,0,0,0,1,0,0,0,105.70149993896484,-1,120,8200,0,-125,245,21,0,0,0,0,2018
3290,0,220,4030,500,918,0,0,0,0,0,0,1,0,0,0,105.70149993896484,-1,120,8200,0,-125,245,21,0,0,0,0,2018
3291,0,221,4030,500,918,0,0,0,0,0,0,1,0,0,0,105.70149993896484,-1,120,8200,0,-125,245,21,0,0,0,0,2018
3292,0,222,4030,500,918,0,0,0,0,0,0,1,0,0,0,105.70149993896484,-1,120,8200,0,-125,245,21,0,0,0,0,2018
3293,0,223,4030,500,918,0,0,0,0,0,0,1,0,0,0,105.70149993896484,-1,120,8200,0,-125,245,21,0,0,0,0,2018
3294,0,224,4030,500,918,0,0,0,0,0,0,1,0,0,0,105.70149993896484,-1,120,8200,0,-125,245,21,0,0,0,0,2018
3295,0,225,4030,500,918,0,0,0,0,0,0,1,0,0,0,105.70149993896484,-1,120,8200,0,-125,245,21,0,0,0,0,2018
3296,0,226,4030,500,918,0,0,0,0,0,0,1,0,0,0,105.70149993896484,-1,120,8200,0,-125,245,21,0,0,0,0,2018
3297,0,227,4030,500,918,0,0,0,0,0,0,1,0,0,0,105.70149993896484,-1,120,8200,0,-125,245,21,0,0,0,0,2018
3298,0,228,4030,500,918,0,0,0,0,0,0,1,0,0,0,105.70149993896484,-1,120,8200,0,-125,245,21,0,0,0,0,2018
3299,0,229,4030,500,918,0,0,0,0,0,0,1,0,0,0,105.70149993896484,-1,120,8200,0,-125,245,21,0,0,0,0,2018
3300,0,230,4030,500,918,0,0,0,0,0,0,1,0,0,0,105.70149993896484,-1,120,8200,0,-125,245,21,0,0,0,0,2018
3301,0,231,4030,500,918,0,0,0,0,0,0,1,0,0,0,105.70149993896484,-1,120,8200,0,-125,245,21,0,0,0,0,2018
3302,0,232,4030,500,918,0,0,0,0,0,0,1,0,0,0,105.70149993896484,-1,120,8200,0,-125,245,22,0,0,0,0,2018
3303,0,233,4030,500,918,0,0,0,0,0,0,1,0,0,0,105.70149993896484,-1,120,8200,0,-125,245,22,0,0,0,0,2018
3304,0,234,4030,500,918,0,0,0,0,0,0,1,0,0,0,105.70149993896484,-1,120,8200,0,-125,245,22,0,0,0,0,2018
3305,0,235,4030,500,918,0,0,0,0,0,0,1,0,0,0,105.70149993896484,-1,120,8200,0,-125,245,22,0,0,0,0,2018
3306,0,236,4030,500,918,0,0,0,0,0,0,1,0,0,0,105.70149993896484,-1,120,8200,0,-125,245,22,0,0,0,0,2018
3307,0,237,4030,500,918,0,0,0,0,0,0,1,0,0,0,105.70149993896484,-1,120,8200,0,-125,245,22,0,0,0,0,2018
3308,0,238,4030,500,918,0,0,0,0,0,0,1,0,0,0,105.70149993896484,-1,120,8200,0,-125,245,22,0,0,0,0,2018
3309,0,239,4030,500,918,0,0,0,0,0,0,1,0,0,0,105.70149993896484,-1,120,8200,0,-125,245,22,0,0,0,0,2018
3310,0,1,3000,500,1000,0,0,0,0,0,0,1,0,0,0,145,-1,120,8200,0,-125,245,22,0,0,0,0,1000
3311,0,2,3000,500,1000,0,0,0,0,0,0,1,0,0,0,145,-1,120,8200,0,-125,245,22,0,0,0,0,1000
3312,0,3,3000,500,1000,0,0,0,0,0,0,1,0,0,0,145,-1,120,8200,0,-125,245,22,0,0,0,0,1000
3313,0,4,3000,500,1000,0,0,0,0,0,0,1,0,0,0,145,-1,120,8200,0,-125,245,22,0,0,0,0,1000
3314,0,5,3000,500,1000,0,0,0,0,0,0,1,0,0,0,145,-1,120,8200,0,-125,245,22,0,0,0,0,1000
3315,0,6,3000,500,1000,0,0,0,0,0,0,1,0,0,0,145,-1,120,8200,0,-125,245,22,0,0,0,0,1000
3316,0,7,3000,500,1000,0,0,0,0,0,0,1,0,0,0,145,-1,120,8200,0,-125,245,22,0,0,0,0,1000
3317,0,8,3000,500,1000,0,0,0,0,0,0,1,0,0,0,145,-1,120,8200,0,-125,245,22,0,0,0,0,1000
3318,0,9,3000,500,1000,0,0,0,0,0,0,1,0,0,0,145,-1,120,8200,0,-125,245,22,0,0,0,0,1000
3319,20,1,3000,500,1000,0,0,0,0,0,0,1,0,0,0,143.75,-1,120,8200,0,-125,245,22,0,0,0,0,1000
3320,20,2,3000,500,1000,0,0,0,0,0,0,1,0,0,0,143.75,-1,120,8200,0,-123.75,243.75,22,0,0,0,0,1000
3321,20,3,3000,500,1000,0,0,0,0,0,0,1,0,0,0,143.75,-1,120,8200,0,-122.5,242.5,22,0,0,0,0,1000
3322,10,1,3000,500,1000,0,0,0,0,0,0,1,0,0,0,143.75,-1,120,8200,0,-121.25,241.25,22,0,0,0,0,1000
3323,10,2,3000,500,1000,0,0,0,0,0,0,1,0,0,0,143.75,-1,120,8200,0,-121.25,241.25,22,0,0,0,0,1000
3324,10,3,3000,500,1000,0,0,0,0,0,0,1,0,0,0,143.75,-1,120,8200,0,-121.25,241.25,22,0,0,0,0,1000
3325,10,4,3000,500,1000,0,0,0,0,0,0,1,0,0,0,143.75,-1,120,8200,0,-121.25,241.25,22,0,0,0,0,1000
3326,10,5,3000,500,1000,0,0,0,0,0,0,1,0,0,0,143.75,-1,120,8200,0,-121.25,241.25,22,0,0,0,0,1000
3327,10,6,3000,500,1000,0,0,0,0,0,0,1,0,0,0,143.75,-1,120,8200,0,-121.25,241.25,22,0,0,0,0,1000
3328,10,7,3000,500,1000,0,0,0,0,0,0,1,0,0,0,143.75,-1,120,8200,0,-121.25,241.25,22,0,0,0,0,1000
3329,10,8,3000,500,1000,0,0,0,0,0,0,1,0,0,0,143.75,-1,120,8200,0,-121.25,241.25,22,0,0,0,0,1000
3330,10,9,3000,500,1000,0,0,0,0,0,0,1,0,0,0,143.75,-1,120,8200,0,-121.25,241.25,22,0,0,0,0,1000
3331,1030,1,3000,500,1000,0,0,0,0,0,0,1,0,0,0,143.75,-1,120,8200,0,-121.25,241.25,22,0,0,0,0,1000
3332,1030,2,3000,500,1000,0,0,0,0,0,0,1,0,0,0,143.75,-1,120,8200,0,-121.25,241.25,22,0,0,0,0,1000
3333,1030,3,3000,500,1000,0,0,0,0,0,0,1,0,0,0,141.75,-1,120,8200,0,-121.25,241.25,22,0,0,0,0,1000
3334,1030,4,3000,500,1000,0,0,0,0,0,0,1,0,0,0,139.75,-1,120,8200,0,-121.25,241.25,22,0,0,0,0,1000
3335,1030,5,3000,500,1000,0,0,0,0,0,0,1,0,0,0,137.75,-1,120,8200,0,-121.25,241.25,22,0,0,0,0,1000
3336,1030,6,3000,500,1000,0,0,0,0,0,0,1,0,0,0,135.75,-1,120,8200,0,-121.25,241.25,22,0,0,0,0,1000
3337,1030,7,3000,500,1000,0,0,0,0,0,0,1,0,0,0,133.75,-1,120,8200,0,-121.25,241.25,22,0,0,0,0,1000
3338,1030,8,3000,500,1000,0,0,0,0,0,0,1,0,0,0,131.75,-1,120,8200,0,-121.25,241.25,23,0,0,0,0,1000
3339,1030,9,3000,500,1000,0,0,0,0,0,0,1,0,0,0,131.75,-1,120,8200,0,-121.25,241.25,23,0,0,0,0,1000
3340,1030,10,4030,500,920,0,0,0,0,0,0,1,0,0,0,131.75,-1,120,8200,0,-121.25,241.25,23,0,0,0,0,2048
3341,1030,11,4030,500,920,0,0,0,0,0,0,1,0,0,0,131.75,-1,120,8200,0,-121.25,241.25,23,0,0,0,0,2048
3342,1030,12,4030,500,920,0,0,0,0,0,0,1,0,0,0,131.75,-1,120,8200,0,-121.25,241.25,23,0,0,0,0,2048
3343,1030,13,4030,500,920,0,0,0,0,0,0,1,0,0,0,131.75,-1,120,8200,0,-121.25,241.25,23,0,0,0,0,2048
3344,1030,14,4030,500,920,0,0,0,0,0,0,1,0,0,0,131.75,-1,120,8200,0,-121.25,241.25,23,0,0,0,0,2048
3345,1030,15,4030,500,920,0,0,0,0,0,0,1,0,0,0,131.75,-1,120,8200,0,-121.25,241.25,23,0,0,0,0,2048
3346,1030,16,4030,500,920,0,0,0,0,0,0,1,0,0,0,131.75,-1,120,8200,0,-121.25,241.25,23,0,0,0,0,2048
3347,1030,17,4030,500,920,0,0,0,0,0,0,1,0,0,0,131.75,-1,120,8200,0,-121.25,241.25,23,0,0,0,0,2048
3348,1030,18,4030,500,920,0,0,0,0,0,0,1,0,0,0,131.75,-1,120,8200,0,-121.25,241.25,23,0,0,0,0,2048
3349,1030,19,4030,500,920,0,0,0,0,0,0,1,0,0,0,131.75,-1,120,8200,0,-121.25,241.25,23,0,0,0,0,2048
3350,1030,20,4030,500,920,0,0,0,0,0,0,1,0,0,0,131.75,-1,120,8200,0,-121.25,241.25,23,0,0,0,0,2048
3351,1030,21,4030,500,920,0,0,0,0,0,0,1,0,0,0,131.75,-1,120,8200,0,-121.25,241.25,23,0,0,0,0,2048
3352,1030,22,4030,500,920,0,0,0,0,0,0,1,0,0,0,131.75,-1,120,8200,0,-121.25,241.25,23,0,0,0,0,2048
3353,1030,23,4030,500,920,0,0,0,0,0,0,1,0,0,0,131.75,-1,120,8200,0,-121.25,241.25,23,0,0,0,0,2048
3354,1030,24,4030,500,920,0,0,0,0,0,0,1,0,0,0,131.75,-1,120,8200,0,-121.25,241.25,23,0,0,0,0,2048
3355,1030,25,4030,500,920,0,0,0,0,0,0,1,0,0,0,131.75,-1,120,8200,0,-121.25,241.25,23,0,0,0,0,2048
3356,1030,26,4030,500,920,0,0,0,0,0,0,1,0,0,0,131.75,-1,120,8200,0,-121.25,241.25,23,0,0,0,0,2048
3357,1030,27,4030,500,920,0,0,0,0,0,0,1,0,0,0,131.75,-1,120,8200,0,-121.25,241.25,23,0,0,0,0,2048
3358,1030,28,4030,500,920,0,0,0,0,0,0,1,0,0,0,131.75,-1,120,8200,0,-121.25,241.25,23,0,0,0,0,2048
3359,1030,29,4030,500,920,0,0,0,0,0,0,1,0,0,0,131.75,-1,120,8200,0,-121.25,241.25,23,0,0,0,0,2048
3360,1030,30,4030,500,920,0,0,0,0,0,0,1,0,0,0,131.75,-1,120,8200,0,-121.25,241.25,23,0,0,0,0,2048
3361,1030,31,4030,500,920,0,0,0,0,0,0,1,0,0,0,131.75,-1,120,8200,0,-121.25,241.25,23,0,0,0,0,2048
3362,1030,32,4030,500,920,0,0,0,0,0,0,1,0,0,0,131.75,-1,120,8200,0,-121.25,241.25,23,0,0,0,0,2048
3363,1030,33,4030,500,920,0,0,0,0,0,0,1,0,0,0,131.75,-1,120,8200,0,-121.25,241.25,23,0,0,0,0,2048
3364,1030,34,4030,500,920,0,0,0,0,0,0,1,0,0,0,131.75,-1,120,8200,0,-121.25,241.25,23,0,0,0,0,2048
3365,0,1,4030,500,920,0,0,0,0,0,0,1,0,0,0,131.75,-1,120,8200,0,-121.25,241.25,23,0,0,0,0,2048
3366,0,2,4030,500,920,0,0,0,0,0,0,1,0,0,0,131.75,-1,120,8200,0,-121.25,241.25,23,0,0,0,0,2048
3367,0,3,4030,500,920,0,0,0,0,0,0,1,0,0,0,131.75,-1,120,8200,0,-121.25,241.25,23,0,0,0,0,2048
3368,0,4,4030,500,920,0,0,0,0,0,0,1,0,0,0,131.75,-1,120,8200,0,-121.25,241.25,23,0,0,0,0,2048
3369,0,5,4030,500,920,0,0,0,0,0,0,1,0,0,0,131.75,-1,120,8200,0,-121.25,241.25,23,0,0,0,0,2048
3370,0,6,4030,500,920,0,0,0,0,0,0,1,0,0,0,131.75,-1,120,8200,0,-121.25,241.25,23,0,0,0,0,2048
3371,0,7,4030,500,920,0,0,0,0,0,0,1,0,0,0,131.75,-1,120,8200,0,-121.25,241.25,23,0,0,0,0,2048
3372,0,8,4030,500,920,0,0,0,0,0,0,1,0,0,0,131.75,-1,120,8200,0,-121.25,241.25,23,0,0,0,0,2048
3373,0,9,4030,500,920,0,0,0,0,0,0,1,0,0,0,131.75,-1,120,8200,0,-121.25,241.25,23,0,0,0,0,2048
3374,0,10,4030,500,920,0,0,0,0,0,0,1,0,0,0,131.75,-1,120,8200,0,-121.25,241.25,24,0,0,0,0,2048
3375,0,11,4030,500,920,0,0,0,0,0,0,1,0,0,0,131.75,-1,120,8200,0,-121.25,241.25,24,0,0,0,0,2048
3376,0,12,4030,500,920,0,0,0,0,0,0,1,0,0,0,131.75,-1,120,8200,0,-121.25,241.25,24,0,0,0,0,2048
3377,0,13,4030,500,920,0,0,0,0,0,0,1,0,0,0,131.75,-1,120,8200,0,-121.25,241.25,24,0,0,0,0,2048
3378,0,14,4030,500,920,0,0,0,0,0,0,1,0,0,0,131.75,-1,120,8200,0,-121.25,241.25,24,0,0,0,0,2048
3379,0,15,4030,500,920,0,0,0,0,0,0,1,0,0,0,131.75,-1,120,8200,0,-121.25,241.25,24,0,0,0,0,2048
3380,0,16,4030,500,920,0,0,0,0,0,0,1,0,0,0,131.75,-1,120,8200,0,-121.25,241.25,24,0,0,0,0,2048
3381,0,17,4030,500,920,0,0,0,0,0,0,1,0,0,0,131.75,-1,120,8200,0,-121.25,241.25,24,0,0,0,0,2048
3382,0,18,4030,500,920,0,0,0,0,0,0,1,0,0,0,131.75,-1,120,8200,0,-121.25,241.25,24,0,0,0,0,2048
3383,0,19,4030,500,920,0,0,0,0,0,0,1,0,0,0,131.75,-1,120,8200,0,-121.25,241.25,24,0,0,0,0,2048
3384,0,20,4030,500,920,0,0,0,0,0,0,1,0,0,0,131.75,-1,120,8200,0,-121.25,241.25,24,0,0,0,0,2048
3385,0,21,4030,500,920,0,0,0,0,0,0,1,0,0,0,131.75,-1,120,8200,0,-121.25,241.25,24,0,0,0,0,2048
3386,0,22,4030,500,920,0,0,0,0,0,0,1,0,0,0,131.75,-1,120,8200,0,-121.25,241.25,24,0,0,0,0,2048
3387,0,23,4030,500,920,0,0,0,0,0,0,1,0,0,0,131.75,-1,120,8200,0,-121.25,241.25,24,0,0,0,0,2048
3388,0,24,4030,500,920,0,0,0,0,0,0,1,0,0,0,131.75,-1,120,8200,0,-121.25,241.25,24,0,0,0,0,2048
3389,0,25,4030,500,920,0,0,0,0,0,0,1,0,0,0,131.75,-1,120,8200,0,-121.25,241.25,24,0,0,0,0,2048
3390,0,26,4030,500,920,0,0,0,0,0,0,1,0,0,0,131.75,-1,120,8200,0,-121.25,241.25,24,0,0,0,0,2048
3391,0,27,4030,500,920,0,0,0,0,0,0,1,0,0,0,131.75,-1,120,8200,0,-121.25,241.25,24,0,0,0,0,2048
3392,0,28,4030,500,920,0,0,0,0,0,0,1,0,0,0,131.75,-1,120,8200,0,-121.25,241.25,1,0,0,0,0,2048
3393,0,29,4030,500,920,0,0,0,0,0,0,1,0,0,0,131.75,-1,120,8200,0,-121.25,241.25,1,0,0,0,0,2048
3394,0,30,4030,500,920,0,0,0,0,0,0,1,0,0,0,131.75,-1,120,8200,0,-121.25,241.25,1,0,0,0,0,2048
3395,0,31,4030,500,920,0,0,0,0,0,0,1,0,0,0,131.75,-1,120,8200,0,-121.25,241.25,1,0,0,0,0,2048
3396,0,32,4030,500,920,0,0,0,0,0,0,1,0,0,0,131.75,-1,120,8200,0,-121.25,241.25,1,0,0,0,0,2048
3397,0,33,4030,500,920,0,0,0,0,0,0,1,0,0,0,131.75,-1,120,8200,0,-121.25,241.25,1,0,0,0,0,2048
3398,0,34,4030,500,920,0,0,0,0,0,0,1,0,0,0,131.75,-1,120,8200,0,-121.25,241.25,1,0,0,0,0,2048
3399,0,35,4030,500,920,0,0,0,0,0,0,1,0,0,0,131.75,-1,120,8200,0,-121.25,241.25,1,0,0,0,0,2048
3400,0,36,4030,500,920,0,0,0,0,0,0,1,0,0,0,131.75,-1,120,8200,0,-121.25,241.25,1,0,0,0,0,2048
3401,0,37,4030,500,920,0,0,0,0,0,0,1,0,0,0,131.75,-1,120,8200,0,-121.25,241.25,1,0,0,0,0,2048
3402,0,38,4030,500,920,0,0,0,0,0,0,1,0,0,0,131.75,-1,120,8200,0,-121.25,241.25,1,0,0,0,0,2048
3403,0,39,4030,500,920,0,0,0,0,0,0,1,0,0,0,131.75,-1,120,8200,0,-121.25,241.25,1,0,0,0,0,2048
3404,0,40,4030,500,920,0,0,0,0,0,0,1,0,0,0,131.75,-1,120,8200,0,-121.25,241.25,2,0,0,0,0,2048
3405,0,41,4030,500,920,0,0,0,0,0,0,1,0,0,0,131.75,-1,120,8200,0,-121.25,241.25,2,0,0,0,0,2048
3406,0,42,4030,500,920,0,0,0,0,0,0,1,0,0,0,131.75,-1,120,8200,0,-121.25,241.25,2,0,0,0,0,2048
3407,0,43,4030,500,920,0,0,0,0,0,0,1,0,0,0,131.75,-1,120,8200,0,-121.25,241.25,2,0,0,0,0,2048
3408,0,44,4030,500,920,0,0,0,0,0,0,1,0,0,0,131.75,-1,120,8200,0,-121.25,241.25,2,0,0,0,0,2048
3409,0,45,4030,500,920,0,0,0,0,0,0,1,0,0,0,131.75,-1,120,8200,0,-121.25,241.25,2,0,0,0,0,2048
3410,0,46,4030,500,920,0,0,0,0,0,0,1,0,0,0,131.75,-1,120,8200,0,-121.25,241.25,2,0,0,0,0,2048
3411,0,47,4030,500,920,0,0,0,0,0,0,1,0,0,0,131.75,-1,120,8200,0,-121.25,241.25,2,0,0,0,0,2048
3412,0,48,4030,500,920,0,0,0,0,0,0,1,0,0,0,131.75,-1,120,8200,0,-121.25,241.25,2,0,0,0,0,2048
3413,0,49,4030,500,920,0,0,0,0,0,0,1,0,0,0,131.75,-1,120,8200,0,-121.25,241.25,2,0,0,0,0,2048
3414,0,50,4030,500,920,0,0,0,0,0,0,1,0,0,0,131.75,-1,120,8200,0,-121.25,241.25,2,0,0,0,0,2048
3415,0,51,4030,500,920,0,0,0,0,0,0,1,0,0,0,131.75,-1,120,8200,0,-121.25,241.25,2,0,0,0,0,2048
3416,0,52,4030,500,920,0,0,0,0,0,0,1,0,0,0,131.75,-1,120,8200,0,-121.25,241.25,3,0,0,0,0,2048
3417,0,53,4030,500,920,0,0,0,0,0,0,1,0,0,0,131.75,-1,120,8200,0,-121.25,241.25,3,0,0,0,0,2048
3418,0,54,4030,500,920,0,0,0,0,0,0,1,0,0,0,131.75,-1,120,8200,0,-121.25,241.25,3,0,0,0,0,2048
3419,0,55,4030,500,920,0,0,0,0,0,0,1,0,0,0,131.75,-1,120,8200,0,-121.25,241.25,3,0,0,0,0,2048
3420,0,56,4030,500,920,0,0,0,0,0,0,1,0,0,0,131.75,-1,120,8200,0,-121.25,241.25,3,0,0,0,0,2048
3421,0,57,4030,500,920,0,0,0,0,0,0,1,0,0,0,131.75,-1,120,8200,0,-121.25,241.25,3,0,0,0,0,2048
3422,0,58,4030,500,920,0,0,0,0,0,0,1,0,0,0,131.75,-1,120,8200,0,-121.25,241.25,3,0,0,0,0,2048
3423,0,59,4030,500,920,0,0,0,0,0,0,1,0,0,0,131.75,-1,120,8200,0,-121.25,241.25,3,0,0,0,0,2048
3424,0,60,4030,500,920,0,0,0,0,0,0,1,0,0,0,131.75,-1,120,8200,0,-121.25,241.25,3,0,0,0,0,2048
3425,0,61,4030,500,920,0,0,0,0,0,0,1,0,0,0,131.75,-1,120,8200,0,-121.25,241.25,3,0,0,0,0,2048
3426,0,62,4030,500,920,0,0,0,0,0,0,1,0,0,0,131.75,-1,120,8200,0,-121.25,241.25,3,0,0,0,0,2048
3427,0,63,4030,500,920,0,0,0,0,0,0,1,0,0,0,131.75,-1,120,8200,0,-121.25,241.25,3,0,0,0,0,2048
3428,0,64,4030,500,920,0,0,0,0,0,0,1,0,0,0,131.75,-1,120,8200,0,-121.25,241.25,4,0,0,0,0,2048
3429,0,65,4030,500,920,0,0,0,0,0,0,1,0,0,0,131.75,-1,120,8200,0,-121.25,241.25,4,0,0,0,0,2048
3430,0,66,4030,500,920,0,0,0,0,0,0,1,0,0,0,131.75,-1,120,8200,0,-121.25,241.25,4,0,0,0,0,2048
3431,0,67,4030,500,920,0,0,0,0,0,0,1,0,0,0,131.75,-1,120,8200,0,-121.25,241.25,4,0,0,0,0,2048
3432,0,68,4030,500,920,0,0,0,0,0,0,1,0,0,0,131.75,-1,120,8200,0,-121.25,241.25,4,0,0,0,0,2048
3433,0,69,4030,500,920,0,0,0,0,0,0,1,0,0,0,131.75,-1,120,8200,0,-121.25,241.25,4,0,0,0,0,2048
3434,0,70,4030,500,920,0,0,0,0,0,0,1,0,0,0,131.75,-1,120,8200,0,-121.25,241.25,4,0,0,0,0,2048
3435,0,71,4030,500,920,0,0,0,0,0,0,1,0,0,0,131.75,-1,120,8200,0,-121.25,241.25,4,0,0,0,0,2048
3436,0,72,4030,500,920,0,0,0,0,0,0,1,0,0,0,131.75,-1,120,8200,0,-121.25,241.25,4,0,0,0,0,2048
3437,0,73,4030,500,920,0,0,0,0,0,0,1,0,0,0,131.75,-1,120,8200,0,-121.25,241.25,4,0,0,0,0,2048
3438,0,74,4030,500,920,0,0,0,0,0,0,1,0,0,0,131.75,-1,120,8200,0,-121.25,241.25,4,0,0,0,0,2048
3439,0,75,4030,500,920,0,0,0,0,0,0,1,0,0,0,131.75,-1,120,8200,0,-121.25,241.25,4,0,0,0,0,2048
3440,0,76,4030,500,920,0,0,0,0,0,0,1,0,0,0,131.75,-1,120,8200,0,-121.25,241.25,5,0,0,0,0,2048
3441,0,77,4030,500,920,0,0,0,0,0,0,1,0,0,0,131.75,-1,120,8200,0,-121.25,241.25,5,0,0,0,0,2048
3442,0,78,4030,500,920,0,0,0,0,0,0,1,0,0,0,131.75,-1,120,8200,0,-121.25,241.25,5,0,0,0,0,2048
3443,0,79,4030,500,920,0,0,0,0,0,0,1,0,0,0,131.75,-1,120,8200,0,-121.25,241.25,5,0,0,0,0,2048
3444,0,80,4030,500,920,0,0,0,0,0,0,1,0,0,0,131.75,-1,120,8200,0,-121.25,241.25,5,0,0,0,0,2048
3445,0,81,4030,500,920,0,0,0,0,0,0,1,0,0,0,131.75,-1,120,8200,0,-121.25,241.25,5,0,0,0,0,2048
3446,0,82,4030,500,920,0,0,0,0,0,0,1,0,0,0,131.75,-1,120,8200,0,-121.25,241.25,5,0,0,0,0,2048
3447,0,83,4030,500,920,0,0,0,0,0,0,1,0,0,0,131.75,-1,120,8200,0,-121.25,241.25,5,0,0,0,0,2048
3448,0,84,4030,500,920,0,0,0,0,0,0,1,0,0,0,131.75,-1,120,8200,0,-121.25,241.25,5,0,0,0,0,2048
3449,0,85,4030,500,920,0,0,0,0,0,0,1,0,0,0,131.75,-1,120,8200,0,-121.25,241.25,5,0,0,0,0,2048
3450,0,86,4030,500,920,0,0,0,0,0,0,1,0,0,0,131.75,-1,120,8200,0,-121.25,241.25,5,0,0,0,0,2048
3451,0,87,4030,500,920,0,0,0,0,0,0,1,0,0,0,131.75,-1,120,8200,0,-121.25,241.25,5,0,0,0,0,2048
3452,0,88,4030,500,920,0,0,0,0,0,0,1,0,0,0,131.75,-1,120,8200,0,-121.25,241.25,6,0,0,0,0,2048
3453,0,89,4030,500,920,0,0,0,0,0,0,1,0,0,0,131.75,-1,120,8200,0,-121.25,241.25,6,0,0,0,0,2048
3454,0,90,4030,500,920,0,0,0,0,0,0,1,0,0,0,131.75,-1,120,8200,0,-121.25,241.25,6,0,0,0,0,2048
3455,0,91,4030,500,920,0,0,0,0,0,0,1,0,0,0,131.75,-1,120,8200,0,-121.25,241.25,6,0,0,0,0,2048
3456,0,92,4030,500,920,0,0,0,0,0,0,1,0,0,0,131.75,-1,120,8200,0,-121.25,241.25,6,0,0,0,0,2048
3457,0,93,4030,500,920,0,0,0,0,0,0,1,0,0,0,131.75,-1,120,8200,0,-121.25,241.25,6,0,0,0,0,2048
3458,0,94,4030,500,920,0,0,0,0,0,0,1,0,0,0,131.75,-1,120,8200,0,-121.25,241.25,6,0,0,0,0,2048
3459,0,95,4030,500,920,0,0,0,0,0,0,1,0,0,0,131.75,-1,120,8200,0,-121.25,241.25,6,0,0,0,0,2048
3460,0,96,4030,500,920,0,0,0,0,0,0,1,0,0,0,131.75,-1,120,8200,0,-121.25,241.25,6,0,0,0,0,2048
3461,0,97,4030,500,920,0,0,0,0,0,0,1,0,0,0,131.75,-1,120,8200,0,-121.25,241.25,6,0,0,0,0,2048
3462,0,98,4030,500,920,0,0,0,0,0,0,1,0,0,0,131.75,-1,120,8200,0,-121.25,241.25,6,0,0,0,0,2048
3463,0,99,4030,500,920,0,0,0,0,0,0,1,0,0,0,131.75,-1,120,8200,0,-121.25,241.25,6,0,0,0,0,2048
3464,0,100,4030,500,920,0,0,0,0,0,0,1,0,0,0,131.75,-1,120,8200,0,-121.25,241.25,7,0,0,0,0,2048
3465,0,101,4030,500,920,0,0,0,0,0,0,1,0,0,0,131.75,-1,120,8200,0,-121.25,241.25,7,0,0,0,0,2048
3466,0,102,4030,500,920,0,0,0,0,0,0,1,0,0,0,131.75,-1,120,8200,0,-121.25,241.25,7,0,0,0,0,2048
3467,0,103,4030,500,920,0,0,0,0,0,0,1,0,0,0,131.75,-1,120,8200,0,-121.25,241.25,7,0,0,0,0,2048
3468,0,104,4030,500,920,0,0,0,0,0,0,1,0,0,0,131.75,-1,120,8200,0,-121.25,241.25,7,0,0,0,0,2048
3469,0,105,4030,500,920,0,0,0,0,0,0,1,0,0,0,131.75,-1,120,8200,0,-121.25,241.25,7,0,0,0,0,2048
3470,0,106,4030,500,920,0,0,0,0,0,0,1,0,0,0,131.75,-1,120,8200,0,-121.25,241.25,7,0,0,0,0,2048
3471,0,107,4030,500,920,0,0,0,0,0,0,1,0,0,0,131.75,-1,120,8200,0,-121.25,241.25,7,0,0,0,0,2048
3472,0,108,4030,500,920,0,0,0,0,0,0,1,0,0,0,131.75,-1,120,8200,0,-121.25,241.25,7,0,0,0,0,2048
3473,0,109,4030,500,920,0,0,0,0,0,0,1,0,0,0,131.75,-1,120,8200,0,-121.25,241.25,7,0,0,0,0,2048
3474,0,110,4030,500,920,0,0,0,0,0,0,1,0,0,0,131.75,-1,120,8200,0,-121.25,241.25,7,0,0,0,0,2048
3475,0,111,4030,500,920,0,0,0,0,0,0,1,0,0,0,131.75,-1,120,8200,0,-121.25,241.25,7,0,0,0,0,2048
3476,0,112,4030,500,920,0,0,0,0,0,0,1,0,0,0,131.75,-1,120,8200,0,-121.25,241.25,8,0,0,0,0,2048
3477,0,113,4030,500,920,0,0,0,0,0,0,1,0,0,0,131.75,-1,120,8200,0,-121.25,241.25,8,0,0,0,0,2048
3478,0,114,4030,500,920,0,0,0,0,0,0,1,0,0,0,131.75,-1,120,8200,0,-121.25,241.25,8,0,0,0,0,2048
3479,0,115,4030,500,920,0,0,0,0,0,0,1,0,0,0,131.75,-1,120,8200,0,-121.25,241.25,8,0,0,0,0,2048
3480,0,116,4030,500,920,0,0,0,0,0,0,1,0,0,0,131.75,-1,120,8200,0,-121.25,241.25,8,0,0,0,0,2048
3481,0,117,4030,500,920,0,0,0,0,0,0,1,0,0,0,131.75,-1,120,8200,0,-121.25,241.25,8,0,0,0,0,2048
3482,0,118,4030,500,920,0,0,0,0,0,0,1,0,0,0,131.75,-1,120,8200,0,-121.25,241.25,8,0,0,0,0,2048
3483,0,119,4030,500,920,0,0,0,0,0,0,1,0,0,0,131.75,-1,120,8200,0,-121.25,241.25,8,0,0,0,0,2048
3484,0,120,4030,500,920,0,0,0,0,0,0,1,0,0,0,131.75,-1,120,8200,0,-121.25,241.25,8,0,0,0,0,2048
3485,0,121,4030,500,920,0,0,0,0,0,0,1,0,0,0,131.75,-1,120,8200,0,-121.25,241.25,8,0,0,0,0,2048
3486,0,122,4030,500,920,0,0,0,0,0,0,1,0,0,0,131.75,-1,120,8200,0,-121.25,241.25,8,0,0,0,0,2048
3487,0,123,4030,500,920,0,0,0,0,0,0,1,0,0,0,131.75,-1,120,8200,0,-121.25,241.25,8,0,0,0,0,2048
3488,0,124,4030,500,920,0,0,0,0,0,0,1,0,0,0,131.75,-1,120,8200,0,-121.25,241.25,9,0,0,0,0,2048
3489,0,125,4030,500,920,0,0,0,0,0,0,1,0,0,0,131.75,-1,120,8200,0,-121.25,241.25,9,0,0,0,0,2048
3490,0,126,4030,500,920,0,0,0,0,0,0,1,0,0,0,131.75,-1,120,8200,0,-121.25,241.25,9,0,0,0,0,2048
3491,0,127,4030,500,920,0,0,0,0,0,0,1,0,0,0,131.75,-1,120,8200,0,-121.25,241.25,9,0,0,0,0,2048
3492,0,128,4030,500,920,0,0,0,0,0,0,1,0,0,0,131.75,-1,120,8200,0,-121.25,241.25,9,0,0,0,0,2048
3493,0,129,4030,500,920,0,0,0,0,0,0,1,0,0,0,131.75,-1,120,8200,0,-121.25,241.25,9,0,0,0,0,2048
3494,0,130,4030,500,920,0,0,0,0,0,0,1,0,0,0,131.75,-1,120,8200,0,-121.25,241.25,9,0,0,0,0,2048
3495,0,131,4030,500,920,0,0,0,0,0,0,1,0,0,0,131.75,-1,120,8200,0,-121.25,241.25,9,0,0,0,0,2048
3496,0,132,4030,500,920,0,0,0,0,0,0,1,0,0,0,131.75,-1,120,8200,0,-121.25,241.25,9,0,0,0,0,2048
3497,0,133,4030,500,920,0,0,0,0,0,0,1,0,0,0,131.75,-1,120,8200,0,-121.25,241.25,9,0,0,0,0,2048
3498,0,134,4030,500,920,0,0,0,0,0,0,1,0,0,0,131.75,-1,120,8200,0,-121.25,241.25,9,0,0,0,0,2048
3499,0,135,4030,500,920,0,0,0,0,0,0,1,0,0,0,131.75,-1,120,8200,0,-121.25,241.25,9,0,0,0,0,2048
3500,0,136,4030,500,920,0,0,0,0,0,0,1,0,0,0,131.75,-1,120,8200,0,-121.25,241.25,10,0,0,0,0,2048
3501,0,137,4030,500,920,0,0,0,0,0,0,1,0,0,0,131.75,-1,120,8200,0,-121.25,241.25,10,0,0,0,0,2048
3502,0,138,4030,500,920,0,0,0,0,0,0,1,0,0,0,131.75,-1,120,8200,0,-121.25,241.25,10,0,0,0,0,2048
3503,0,139,4030,500,920,0,0,0,0,0,0,1,0,0,0,131.75,-1,120,8200,0,-121.25,241.25,10,0,0,0,0,2048
3504,0,140,4030,500,920,0,0,0,0,0,0,1,0,0,0,131.75,-1,120,8200,0,-121.25,241.25,10,0,0,0,0,2048
3505,0,141,4030,500,920,0,0,0,0,0,0,1,0,0,0,131.75,-1,120,8200,0,-121.25,241.25,10,0,0,0,0,2048
3506,0,142,4030,500,920,0,0,0,0,0,0,1,0,0,0,131.75,-1,120,8200,0,-121.25,241.25,10,0,0,0,0,2048
3507,0,143,4030,500,920,0,0,0,0,0,0,1,0,0,0,131.75,-1,120,8200,0,-121.25,241.25,10,0,0,0,0,2048
3508,0,144,4030,500,920,0,0,0,0,0,0,1,0,0,0,131.75,-1,120,8200,0,-121.25,241.25,10,0,0,0,0,2048
3509,0,145,4030,500,920,0,0,0,0,0,0,1,0,0,0,131.75,-1,120,8200,0,-121.25,241.25,10,0,0,0,0,2048
3510,0,146,4030,500,920,0,0,0,0,0,0,1,0,0,0,131.75,-1,120,8200,0,-121.25,241.25,10,0,0,0,0,2048
3511,0,147,4030,500,920,0,0,0,0,0,0,1,0,0,0,131.75,-1,120,8200,0,-121.25,241.25,10,0,0,0,0,2048
3512,0,148,4030,500,920,0,0,0,0,0,0,1,0,0,0,131.75,-1,120,8200,0,-121.25,241.25,11,0,0,0,0,2048
3513,0,149,4030,500,920,0,0,0,0,0,0,1,0,0,0,131.75,-1,120,8200,0,-121.25,241.25,11,0,0,0,0,2048
3514,0,150,4030,500,920,0,0,0,0,0,0,1,0,0,0,131.75,-1,120,8200,0,-121.25,241.25,11,0,0,0,0,2048
3515,0,151,4030,500,920,0,0,0,0,0,0,1,0,0,0,131.75,-1,120,8200,0,-121.25,241.25,11,0,0,0,0,2048
3516,0,152,4030,500,920,0,0,0,0,0,0,1,0,0,0,131.75,-1,120,8200,0,-121.25,241.25,11,0,0,0,0,2048
3517,0,153,4030,500,920,0,0,0,0,0,0,1,0,0,0,131.75,-1,120,8200,0,-121.25,241.25,11,0,0,0,0,2048
3518,0,154,4030,500,920,0,0,0,0,0,0,1,0,0,0,131.75,-1,120,8200,0,-121.25,241.25,11,0,0,0,0,2048
3519,0,155,4030,500,920,0,0,0,0,0,0,1,0,0,0,131.75,-1,120,8200,0,-121.25,241.25,11,0,0,0,0,2048
3520,0,156,4030,500,920,0,0,0,0,0,0,1,0,0,0,131.75,-1,120,8200,0,-121.25,241.25,11,0,0,0,0,2048
3521,0,157,4030,500,920,0,0,0,0,0,0,1,0,0,0,131.75,-1,120,8200,0,-121.25,241.25,11,0,0,0,0,2048
3522,0,158,4030,500,920,0,0,0,0,0,0,1,0,0,0,131.75,-1,120,8200,0,-121.25,241.25,11,0,0,0,0,2048
3523,0,159,4030,500,920,0,0,0,0,0,0,1,0,0,0,131.75,-1,120,8200,0,-121.25,241.25,11,0,0,0,0,2048
3524,0,160,4030,500,920,0,0,0,0,0,0,1,0,0,0,131.75,-1,120,8200,0,-121.25,241.25,12,0,0,0,0,2048
3525,0,161,4030,500,920,0,0,0,0,0,0,1,0,0,0,131.75,-1,120,8200,0,-121.25,241.25,12,0,0,0,0,2048
3526,0,162,4030,500,920,0,0,0,0,0,0,1,0,0,0,131.75,-1,120,8200,0,-121.25,241.25,12,0,0,0,0,2048
3527,0,163,4030,500,920,0,0,0,0,0,0,1,0,0,0,131.75,-1,120,8200,0,-121.25,241.25,12,0,0,0,0,2048
3528,0,164,4030,500,920,0,0,0,0,0,0,1,0,0,0,131.75,-1,120,8200,0,-121.25,241.25,12,0,0,0,0,2048
3529,0,165,4030,500,920,0,0,0,0,0,0,1,0,0,0,131.75,-1,120,8200,0,-121.25,241.25,12,0,0,0,0,2048
3530,0,166,4030,500,920,0,0,0,0,0,0,1,0,0,0,131.75,-1,120,8200,0,-121.25,241.25,12,0,0,0,0,2048
3531,0,167,4030,500,920,0,0,0,0,0,0,1,0,0,0,131.75,-1,120,8200,0,-121.25,241.25,12,0,0,0,0,2048
3532,0,168,4030,500,920,0,0,0,0,0,0,1,0,0,0,131.75,-1,120,8200,0,-121.25,241.25,12,0,0,0,0,2048
3533,0,169,4030,500,920,0,0,0,0,0,0,1,0,0,0,131.75,-1,120,8200,0,-121.25,241.25,12,0,0,0,0,2048
3534,0,170,4030,500,920,0,0,0,0,0,0,1,0,0,0,131.75,-1,120,8200,0,-121.25,241.25,12,0,0,0,0,2048
3535,0,171,4030,500,920,0,0,0,0,0,0,1,0,0,0,131.75,-1,120,8200,0,-121.25,241.25,12,0,0,0,0,2048
3536,0,172,4030,500,920,0,0,0,0,0,0,1,0,0,0,131.75,-1,120,8200,0,-121.25,241.25,13,0,0,0,0,2048
3537,0,173,4030,500,920,0,0,0,0,0,0,1,0,0,0,131.75,-1,120,8200,0,-121.25,241.25,13,0,0,0,0,2048
3538,0,174,4030,500,920,0,0,0,0,0,0,1,0,0,0,131.75,-1,120,8200,0,-121.25,241.25,13,0,0,0,0,2048
3539,0,175,4030,500,920,0,0,0,0,0,0,1,0,0,0,131.75,-1,120,8200,0,-121.25,241.25,13,0,0,0,0,2048
3540,0,176,4030,500,920,0,0,0,0,0,0,1,0,0,0,131.75,-1,120,8200,0,-121.25,241.25,13,0,0,0,0,2048
3541,0,177,4030,500,920,0,0,0,0,0,0,1,0,0,0,131.75,-1,120,8200,0,-121.25,241.25,13,0,0,0,0,2048
3542,0,178,4030,500,920,0,0,0,0,0,0,1,0,0,0,131.75,-1,120,8200,0,-121.25,241.25,13,0,0,0,0,2048
3543,0,179,4030,500,920,0,0,0,0,0,0,1,0,0,0,131.75,-1,120,8200,0,-121.25,241.25,13,0,0,0,0,2048
3544,0,180,4030,500,920,0,0,0,0,0,0,1,0,0,0,131.75,-1,120,8200,0,-121.25,241.25,13,0,0,0,0,2048
3545,0,181,4030,500,920,0,0,0,0,0,0,1,0,0,0,131.75,-1,120,8200,0,-121.25,241.25,13,0,0,0,0,2048
3546,0,182,4030,500,920,0,0,0,0,0,0,1,0,0,0,131.75,-1,120,8200,0,-121.25,241.25,13,0,0,0,0,2048
3547,0,183,4030,500,920,0,0,0,0,0,0,1,0,0,0,131.75,-1,120,8200,0,-121.25,241.25,13,0,0,0,0,2048
3548,0,184,4030,500,920,0,0,0,0,0,0,1,0,0,0,131.75,-1,120,8200,0,-121.25,241.25,14,0,0,0,0,2048
3549,0,185,4030,500,920,0,0,0,0,0,0,1,0,0,0,131.75,-1,120,8200,0,-121.25,241.25,14,0,0,0,0,2048
3550,0,186,4030,500,920,0,0,0,0,0,0,1,0,0,0,131.75,-1,120,8200,0,-121.25,241.25,14,0,0,0,0,2048
3551,0,187,4030,500,920,0,0,0,0,0,0,1,0,0,0,131.75,-1,120,8200,0,-121.25,241.25,14,0,0,0,0,2048
3552,0,188,4030,500,920,0,0,0,0,0,0,1,0,0,0,131.75,-1,120,8200,0,-121.25,241.25,14,0,0,0,0,2048
3553,0,189,4030,500,920,0,0,0,0,0,0,1,0,0,0,131.75,-1,120,8200,0,-121.25,241.25,14,0,0,0,0,2048
3554,0,190,4030,500,920,0,0,0,0,0,0,1,0,0,0,131.75,-1,120,8200,0,-121.25,241.25,14,0,0,0,0,2048
3555,0,191,4030,500,920,0,0,0,0,0,0,1,0,0,0,131.75,-1,120,8200,0,-121.25,241.25,14,0,0,0,0,2048
3556,0,192,4030,500,920,0,0,0,0,0,0,1,0,0,0,131.75,-1,120,8200,0,-121.25,241.25,14,0,0,0,0,2048
3557,0,193,4030,500,920,0,0,0,0,0,0,1,0,0,0,131.75,-1,120,8200,0,-121.25,241.25,14,0,0,0,0,2048
3558,0,194,4030,500,920,0,0,0,0,0,0,1,0,0,0,131.75,-1,120,8200,0,-121.25,241.25,14,0,0,0,0,2048
3559,0,195,4030,500,920,0,0,0,0,0,0,1,0,0,0,131.75,-1,120,8200,0,-121.25,241.25,14,0,0,0,0,2048
3560,0,196,4030,500,920,0,0,0,0,0,0,1,0,0,0,131.75,-1,120,8200,0,-121.25,241.25,15,0,0,0,0,2048
3561,0,197,4030,500,920,0,0,0,0,0,0,1,0,0,0,131.75,-1,120,8200,0,-121.25,241.25,15,0,0,0,0,2048
3562,0,198,4030,500,920,0,0,0,0,0,0,1,0,0,0,131.75,-1,120,8200,0,-121.25,241.25,15,0,0,0,0,2048
3563,0,199,4030,500,920,0,0,0,0,0,0,1,0,0,0,131.75,-1,120,8200,0,-121.25,241.25,15,0,0,0,0,2048
3564,0,200,4030,500,920,0,0,0,0,0,0,1,0,0,0,131.75,-1,120,8200,0,-121.25,241.25,15,0,0,0,0,2048
3565,0,201,4030,500,920,0,0,0,0,0,0,1,0,0,0,131.75,-1,120,8200,0,-121.25,241.25,15,0,0,0,0,2048
3566,0,202,4030,500,920,0,0,0,0,0,0,1,0,0,0,131.75,-1,120,8200,0,-121.25,241.25,15,0,0,0,0,2048
3567,0,203,4030,500,920,0,0,0,0,0,0,1,0,0,0,131.75,-1,120,8200,0,-121.25,241.25,15,0,0,0,0,2048
3568,0,204,4030,500,920,0,0,0,0,0,0,1,0,0,0,131.75,-1,120,8200,0,-121.25,241.25,15,0,0,0,0,2048
3569,0,205,4030,500,920,0,0,0,0,0,0,1,0,0,0,131.75,-1,120,8200,0,-121.25,241.25,15,0,0,0,0,2048
3570,0,206,4030,500,920,0,0,0,0,0,0,1,0,0,0,131.75,-1,120,8200,0,-121.25,241.25,15,0,0,0,0,2048
3571,0,207,4030,500,920,0,0,0,0,0,0,1,0,0,0,131.75,-1,120,8200,0,-121.25,241.25,15,0,0,0,0,2048
3572,0,208,4030,500,920,0,0,0,0,0,0,1,0,0,0,131.75,-1,120,8200,0,-121.25,241.25,16,0,0,0,0,2048
3573,0,209,4030,500,920,0,0,0,0,0,0,1,0,0,0,131.75,-1,120,8200,0,-121.25,241.25,16,0,0,0,0,2048
3574,0,210,4030,500,920,0,0,0,0,0,0,1,0,0,0,131.75,-1,120,8200,0,-121.25,241.25,16,0,0,0,0,2048
3575,0,211,4030,500,920,0,0,0,0,0,0,1,0,0,0,131.75,-1,120,8200,0,-121.25,241.25,16,0,0,0,0,2048
3576,0,212,4030,500,920,0,0,0,0,0,0,1,0,0,0,131.75,-1,120,8200,0,-121.25,241.25,16,0,0,0,0,2048
3577,0,213,4030,500,920,0,0,0,0,0,0,1,0,0,0,131.75,-1,120,8200,0,-121.25,241.25,16,0,0,0,0,2048
3578,0,214,4030,500,920,0,0,0,0,0,0,1,0,0,0,131.75,-1,120,8200,0,-121.25,241.25,16,0,0,0,0,2048
3579,0,215,4030,500,920,0,0,0,0,0,0,1,0,0,0,131.75,-1,120,8200,0,-121.25,241.25,16,0,0,0,0,2048
3580,0,216,4030,500,920,0,0,0,0,0,0,1,0,0,0,131.75,-1,120,8200,0,-121.25,241.25,16,0,0,0,0,2048
3581,0,217,4030,500,920,0,0,0,0,0,0,1,0,0,0,131.75,-1,120,8200,0,-121.25,241.25,16,0,0,0,0,2048
3582,0,218,4030,500,920,0,0,0,0,0,0,1,0,0,0,131.75,-1,120,8200,0,-121.25,241.25,16,0,0,0,0,2048
3583,0,219,4030,500,920,0,0,0,0,0,0,1,0,0,0,131.75,-1,120,8200,0,-121.25,241.25,16,0,0,0,0,2048
3584,0,220,4030,500,920,0,0,0,0,0,0,1,0,0,0,131.75,-1,120,8200,0,-121.25,241.25,17,0,0,0,0,2048
3585,0,221,4030,500,920,0,0,0,0,0,0,1,0,0,0,131.75,-1,120,8200,0,-121.25,241.25,17,0,0,0,0,2048
3586,0,222,4030,500,920,0,0,0,0,0,0,1,0,0,0,131.75,-1,120,8200,0,-121.25,241.25,17,0,0,0,0,2048
3587,0,223,4030,500,920,0,0,0,0,0,0,1,0,0,0,131.75,-1,120,8200,0,-121.25,241.25,17,0,0,0,0,2048
3588,0,224,4030,500,920,0,0,0,0,0,0,1,0,0,0,131.75,-1,120,8200,0,-121.25,241.25,17,0,0,0,0,2048
3589,0,225,4030,500,920,0,0,0,0,0,0,1,0,0,0,131.75,-1,120,8200,0,-121.25,241.25,17,0,0,0,0,2048
3590,0,226,4030,500,920,0,0,0,0,0,0,1,0,0,0,131.75,-1,120,8200,0,-121.25,241.25,17,0,0,0,0,2048
3591,0,227,4030,500,920,0,0,0,0,0,0,1,0,0,0,131.75,-1,120,8200,0,-121.25,241.25,17,0,0,0,0,2048
3592,0,228,4030,500,920,0,0,0,0,0,0,1,0,0,0,131.75,-1,120,8200,0,-121.25,241.25,17,0,0,0,0,2048
3593,0,229,4030,500,920,0,0,0,0,0,0,1,0,0,0,131.75,-1,120,8200,0,-121.25,241.25,17,0,0,0,0,2048
3594,0,230,4030,500,920,0,0,0,0,0,0,1,0,0,0,131.75,-1,120,8200,0,-121.25,241.25,17,0,0,0,0,2048
3595,0,231,4030,500,920,0,0,0,0,0,0,1,0,0,0,131.75,-1,120,8200,0,-121.25,241.25,17,0,0,0,0,2048
3596,0,232,4030,500,920,0,0,0,0,0,0,1,0,0,0,131.75,-1,120,8200,0,-121.25,241.25,18,0,0,0,0,2048
3597,0,233,4030,500,920,0,0,0,0,0,0,1,0,0,0,131.75,-1,120,8200,0,-121.25,241.25,18,0,0,0,0,2048
3598,0,234,4030,500,920,0,0,0,0,0,0,1,0,0,0,131.75,-1,120,8200,0,-121.25,241.25,18,0,0,0,0,2048
3599,0,235,4030,500,920,0,0,0,0,0,0,1,0,0,0,131.75,-1,120,8200,0,-121.25,241.25,18,0,0,0,0,2048
3600,0,236,4030,500,920,0,0,0,0,0,0,1,0,0,0,131.75,-1,120,8200,0,-121.25,241.25,18,0,0,0,0,2048
3601,0,237,4030,500,920,0,0,0,0,0,0,1,0,0,0,131.75,-1,120,8200,0,-121.25,241.25,18,0,0,0,0,2048
3602,0,238,4030,500,920,0,0,0,0,0,0,1,0,0,0,131.75,-1,120,8200,0,-121.25,241.25,18,0,0,0,0,2048
3603,0,239,4030,500,920,0,0,0,0,0,0,1,0,0,0,131.75,-1,120,8200,0,-121.25,241.25,18,0,0,0,0,2048
3604,0,240,4030,500,920,0,0,0,0,0,0,1,0,0,0,131.75,-1,120,8200,0,-121.25,241.25,18,0,0,0,0,2048
3605,0,241,4030,500,920,0,0,0,0,0,0,1,0,0,0,131.75,-1,120,8200,0,-121.25,241.25,18,0,0,0,0,2048
3606,0,242,4030,500,920,0,0,0,0,0,0,1,0,0,0,131.75,-1,120,8200,0,-121.25,241.25,18,0,0,0,0,2048
3607,0,243,4030,500,920,0,0,0,0,0,0,1,0,0,0,131.75,-1,120,8200,0,-121.25,241.25,18,0,0,0,0,2048
3608,0,244,4030,500,920,0,0,0,0,0,0,1,0,0,0,131.75,-1,120,8200,0,-121.25,241.25,19,0,0,0,0,2048
3609,0,245,4030,500,920,0,0,0,0,0,0,1,0,0,0,131.75,-1,120,8200,0,-121.25,241.25,19,0,0,0,0,2048
3610,0,1,3000,500,1000,0,0,0,0,0,0,1,0,0,0,145,-1,120,8200,0,-121.25,241.25,19,0,0,0,0,1000
3611,0,2,3000,500,1000,0,0,0,0,0,0,1,0,0,0,145,-1,120,8200,0,-121.25,241.25,19,0,0,0,0,1000
3612,0,3,3000,500,1000,0,0,0,0,0,0,1,0,0,0,145,-1,120,8200,0,-121.25,241.25,19,0,0,0,0,1000
3613,0,4,3000,500,1000,0,0,0,0,0,0,1,0,0,0,145,-1,120,8200,0,-121.25,241.25,19,0,0,0,0,1000
3614,0,5,3000,500,1000,0,0,0,0,0,0,1,0,0,0,145,-1,120,8200,0,-121.25,241.25,19,0,0,0,0,1000
3615,0,6,3000,500,1000,0,0,0,0,0,0,1,0,0,0,145,-1,120,8200,0,-121.25,241.25,19,0,0,0,0,1000
3616,0,7,3000,500,1000,0,0,0,0,0,0,1,0,0,0,145,-1,120,8200,0,-121.25,241.25,19,0,0,0,0,1000
3617,0,8,3000,500,1000,0,0,0,0,0,0,1,0,0,0,145,-1,120,8200,0,-121.25,241.25,19,0,0,0,0,1000
3618,0,9,3000,500,1000,0,0,0,0,0,0,1,0,0,0,145,-1,120,8200,0,-121.25,241.25,19,0,0,0,0,1000
3619,10,1,3000,500,1000,0,0,0,0,0,0,1,0,0,0,145,-1,120,8200,0,-121.25,241.25,19,0,0,0,0,1000
3620,10,2,3000,500,1000,0,0,0,0,0,0,1,0,0,0,145,-1,120,8200,0,-121.25,241.25,19,0,0,0,0,1000
3621,10,3,3000,500,1000,0,0,0,0,0,0,1,0,0,0,145,-1,120,8200,0,-121.25,241.25,19,0,0,0,0,1000
3622,10,4,3000,500,1000,0,0,0,0,0,0,1,0,0,0,145,-1,120,8200,0,-121.25,241.25,19,0,0,0,0,1000
3623,10,5,3000,500,1000,0,0,0,0,0,0,1,0,0,0,145,-1,120,8200,0,-121.25,241.25,19,0,0,0,0,1000
3624,10,6,3000,500,1000,0,0,0,0,0,0,1,0,0,0,145,-1,120,8200,0,-121.25,241.25,19,0,0,0,0,1000
3625,1040,1,3000,500,1000,0,0,210,0,0,0,1,0,0,0,145,-1,120,8200,0,-121.25,241.25,19,0,0,0,0,1000
3626,1040,2,3000,500,1000,0,0,209,0,0,0,1,0,0,0,145,-1,120,8200,0,-121.25,241.25,20,0,0,0,0,1000
3627,1040,3,3000,500,1000,0,0,208,0,0,0,1,0,0,0,145,-1,120,8200,0,-121.25,241.25,20,0,0,0,0,1000
3628,1040,4,3000,500,1000,0,0,207,0,0,0,1,0,0,0,145,-1,120,8200,0,-121.25,241.25,20,0,0,0,0,1000
3629,1040,5,3000,500,1000,0,0,206,0,0,0,1,0,0,0,145,-1,120,8200,0,-121.25,241.25,20,0,0,0,0,1000
3630,1040,6,3000,500,1000,0,0,205,0,0,0,1,0,0,0,145,-1,120,8200,0,-121.25,241.25,20,0,0,0,0,1000
3631,1040,7,3000,500,1000,0,0,204,0,0,0,1,0,0,0,145,-1,120,8200,0,-121.25,241.25,20,0,0,0,0,1000
3632,1040,8,3000,500,1000,0,0,203,0,0,0,1,0,0,0,145,-1,120,8200,0,-121.25,241.25,20,0,0,0,0,1000
3633,1040,9,3000,500,1000,0,0,202,0,0,0,1,0,0,0,145,-1,120,8200,0,-121.25,241.25,20,0,0,0,0,1000
3634,1040,10,3000,500,1000,0,0,201,0,0,0,1,0,0,0,145,-1,120,8200,0,-121.25,241.25,20,0,0,0,0,1000
3635,1040,11,3000,500,1000,0,0,200,0,0,0,1,0,0,0,145,-1,120,8200,0,-121.25,241.25,20,0,0,0,0,1000
3636,1040,12,3000,500,1000,0,0,199,0,0,0,1,0,0,0,145,-1,120,8200,0,-121.25,241.25,20,0,0,0,0,1000
3637,1040,13,3000,500,1000,0,0,198,0,0,0,1,0,0,0,145,-1,120,8200,0,-121.25,241.25,20,0,0,0,0,1000
3638,1040,14,3000,500,1000,0,0,197,0,0,0,1,0,0,0,145,-1,120,8200,0,-121.25,241.25,20,0,0,0,0,1000
3639,1040,15,3000,500,1000,0,0,196,0,0,0,1,0,0,0,145,-1,120,8200,0,-121.25,241.25,20,0,0,0,0,1000
3640,1040,16,3000,500,1000,0,0,195,0,0,0,1,0,0,0,145,-1,120,8200,0,-121.25,241.25,20,0,0,0,0,1000
3641,1040,17,3000,500,1000,0,0,194,0,0,0,1,0,0,0,145,-1,120,8200,0,-121.25,241.25,20,0,0,0,0,1000
3642,1040,18,3000,500,1000,0,0,193,0,0,0,1,0,0,0,145,-1,120,8200,0,-121.25,241.25,20,0,0,0,0,1000
3643,1040,19,3000,500,1000,0,0,192,0,0,0,1,0,0,0,145,-1,120,8200,0,-121.25,241.25,20,0,0,0,0,1000
3644,1040,20,3000,500,1000,0,0,191,0,0,0,1,0,0,0,145,-1,120,8200,0,-121.25,241.25,21,0,0,0,0,1000
3645,1040,21,3000,500,1000,0,0,190,0,0,0,1,0,0,0,145,-1,120,8200,0,-121.25,241.25,21,0,0,0,0,1000
3646,1040,22,3000,500,1000,0,0,189,0,0,0,1,0,0,0,145,-1,120,8200,0,-121.25,241.25,21,0,0,0,0,1000
3647,1040,23,3000,500,1000,0,0,188,0,0,0,1,0,0,0,145,-1,120,8200,0,-121.25,241.25,21,0,0,0,0,1000
3648,1040,24,3000,500,1000,0,0,187,0,0,0,1,0,0,0,145,-1,120,8200,0,-121.25,241.25,21,0,0,0,0,1000
3649,1040,25,3000,500,1000,0,0,186,0,0,0,1,0,0,0,145,-1,120,8200,0,-121.25,241.25,21,0,0,0,0,1000
3650,1040,26,3000,500,1000,0,0,185,0,0,0,1,0,0,0,145,-1,120,8200,0,-121.25,241.25,21,0,0,0,0,1000
3651,1040,27,3180,500,1000,0,0,184,0,0,0,1,0,0,0,145,-1,120,8200,0,-121.25,241.25,21,1,0,0,0,1000
3652,1040,28,3180,500,1000,0,0,183,0,0,0,1,0,0,0,145,-1,120,8200,0,-121.25,241.25,21,1,0,0,0,1000
3653,1040,29,3180,500,1000,0,0,182,0,0,0,1,0,0,0,145,-1,120,8200,0,-121.25,241.25,21,1,0,0,0,1000
3654,1040,30,3180,500,1000,0,0,181,0,0,0,1,0,0,0,145,-1,120,8200,0,-121.25,241.25,21,1,0,0,0,1000
3655,1040,31,3180,500,1000,0,0,180,0,0,0,1,0,0,0,145,-1,120,8200,0,-121.25,241.25,21,1,0,0,0,1000
3656,1040,32,3180,500,1000,0,0,179,0,0,0,1,0,0,0,145,-1,120,8200,0,-121.25,241.25,21,1,0,0,0,1000
3657,1040,33,3180,500,1000,0,0,178,0,0,0,1,0,0,0,145,-1,120,8200,0,-121.25,241.25,21,1,0,0,0,1000
3658,1040,34,3180,500,1000,0,0,177,0,0,0,1,0,0,0,145,-1,120,8200,0,-121.25,241.25,21,1,0,0,0,1000
3659,1040,35,3180,500,1000,0,0,176,0,0,0,1,0,0,0,145,-1,120,8200,0,-121.25,241.25,21,1,0,0,0,1000
3660,1040,36,3180,500,1000,0,0,175,0,0,0,1,0,0,0,145,-1,120,8200,0,-121.25,241.25,21,1,0,0,0,1000
3661,1040,37,3180,500,1000,0,0,174,0,0,0,1,0,0,0,145,-1,120,8200,0,-121.25,241.25,21,1,0,0,0,1000
3662,1040,38,3180,500,1000,0,0,173,0,0,0,1,0,0,0,145,-1,120,8200,0,-121.25,241.25,21,1,0,0,0,1000
3663,1040,39,3180,500,1000,0,0,172,0,0,0,1,0,0,0,145,-1,120,8200,0,-121.25,241.25,21,1,0,0,0,1000
3664,1040,40,3180,500,1000,0,0,171,0,0,0,1,0,0,0,145,-1,120,8200,0,-121.25,241.25,21,1,0,0,0,1000
3665,1040,41,3180,500,1000,0,0,170,0,0,0,1,0,0,0,145,-1,120,8200,0,-121.25,241.25,21,1,0,0,0,1000
3666,1040,42,3180,500,1000,0,0,169,0,0,0,1,0,0,0,145,-1,120,8200,0,-121.25,241.25,21,1,0,0,0,1000
3667,0,1,3180,500,1000,0,0,168,0,0,0,1,0,0,0,145,-1,120,8200,0,-121.25,241.25,21,1,0,0,0,1000
3668,0,2,3180,500,1000,0,0,167,0,0,0,1,0,0,0,145,-1,120,8200,0,-121.25,241.25,21,1,0,0,0,1000
3669,0,3,3180,500,1000,0,0,166,0,0,0,1,0,0,0,145,-1,120,8200,0,-121.25,241.25,21,1,0,0,0,1000
3670,0,4,3180,500,1000,0,0,165,0,0,0,1,0,0,0,145,-1,120,8200,0,-121.25,241.25,21,1,0,0,0,1000
3671,0,5,3180,500,1000,0,0,164,0,0,0,1,0,0,0,145,-1,120,8200,0,-121.25,241.25,21,1,0,0,0,1000
3672,0,6,3180,500,1000,0,0,163,0,0,0,1,0,0,0,145,-1,120,8200,0,-121.25,241.25,21,1,0,0,0,1000
3673,0,7,3180,500,1000,0,0,162,0,0,0,1,0,0,0,145,-1,120,8200,0,-121.25,241.25,21,1,0,0,0,1000
3674,0,8,3180,500,1000,0,0,161,0,0,0,1,0,0,0,145,-1,120,8200,0,-121.25,241.25,21,1,0,0,0,1000
3675,0,9,3180,500,1000,0,0,160,0,0,0,1,0,0,0,145,-1,120,8200,0,-121.25,241.25,21,1,0,0,0,1000
3676,0,10,3180,500,1000,0,0,159,0,0,0,1,0,0,0,145,-1,120,8200,0,-121.25,241.25,21,1,0,0,0,1000
3677,0,11,3180,500,1000,0,0,158,0,0,0,1,0,0,0,145,-1,120,8200,0,-121.25,241.25,21,1,0,0,0,1000
3678,0,12,3180,500,1000,0,0,157,0,0,0,1,0,0,0,145,-1,120,8200,0,-121.25,241.25,21,1,0,0,0,1000
3679,0,13,3180,500,1000,0,0,156,0,0,0,1,0,0,0,145,-1,120,8200,0,-121.25,241.25,21,1,0,0,0,1000
3680,0,14,3180,500,1000,0,0,155,0,0,0,1,0,0,0,145,-1,120,8200,0,-121.25,241.25,22,1,0,0,0,1000
3681,0,15,3180,500,1000,0,0,154,0,0,0,1,0,0,0,145,-1,120,8200,0,-121.25,241.25,22,1,0,0,0,1000
3682,0,16,3180,500,1000,0,0,153,0,0,0,1,0,0,0,145,-1,120,8200,0,-121.25,241.25,22,1,0,0,0,1000
3683,0,17,3180,500,1000,0,0,152,0,0,0,1,0,0,0,145,-1,120,8200,0,-121.25,241.25,22,1,0,0,0,1000
3684,0,18,3180,500,1000,0,0,151,0,0,0,1,0,0,0,145,-1,120,8200,0,-121.25,241.25,22,1,0,0,0,1000
3685,0,19,3180,500,1000,0,0,150,0,0,0,1,0,0,0,145,-1,120,8200,0,-121.25,241.25,22,1,0,0,0,1000
3686,0,20,3180,500,1000,0,0,149,0,0,0,1,0,0,0,145,-1,120,8200,0,-121.25,241.25,22,1,0,0,0,1000
3687,0,21,3180,500,1000,0,0,148,0,0,0,1,0,0,0,145,-1,120,8200,0,-121.25,241.25,22,1,0,0,0,1000
3688,0,22,3180,500,1000,0,0,147,0,0,0,1,0,0,0,145,-1,120,8200,0,-121.25,241.25,22,1,0,0,0,1000
3689,0,23,3180,500,1000,0,0,146,0,0,0,1,0,0,0,145,-1,120,8200,0,-121.25,241.25,22,1,0,0,0,1000
3690,0,24,3180,500,1000,0,0,145,0,0,0,1,0,0,0,145,-1,120,8200,0,-121.25,241.25,22,1,0,0,0,1000
3691,0,25,3180,500,1000,0,0,144,0,0,0,1,0,0,0,145,-1,120,8200,0,-121.25,241.25,22,1,0,0,0,1000
3692,0,26,3180,500,1000,0,0,143,0,0,0,1,0,0,0,145,-1,120,8200,0,-121.25,241.25,22,1,0,0,0,1000
3693,0,27,3180,500,1000,0,0,142,0,0,0,1,0,0,0,145,-1,120,8200,0,-121.25,241.25,22,1,0,0,0,1000
3694,0,28,3180,500,1000,0,0,141,0,0,0,1,0,0,0,145,-1,120,8200,0,-121.25,241.25,22,1,0,0,0,1000
3695,0,29,3180,500,1000,0,0,140,0,0,0,1,0,0,0,145,-1,120,8200,0,-121.25,241.25,22,1,0,0,0,1000
3696,0,30,3180,500,1000,0,0,139,0,0,0,1,0,0,0,145,-1,120,8200,0,-121.25,241.25,22,1,0,0,0,1000
3697,0,31,3180,500,1000,0,0,138,0,0,0,1,0,0,0,145,-1,120,8200,0,-121.25,241.25,22,1,0,0,0,1000
3698,0,32,3180,500,1000,0,0,137,0,0,0,1,0,0,0,145,-1,120,8200,0,-121.25,241.25,22,1,0,0,0,1000
3699,0,33,3180,500,1000,0,0,136,0,0,0,1,0,0,0,145,-1,120,8200,0,-121.25,241.25,22,1,0,0,0,1000
3700,0,34,3180,500,1000,0,0,135,0,0,0,1,0,0,0,145,-1,120,8200,0,-121.25,241.25,22,1,0,0,0,1000
3701,0,35,3180,500,1000,0,0,134,0,0,0,1,0,0,0,145,-1,120,8200,0,-121.25,241.25,22,1,0,0,0,1000
3702,0,36,3180,500,1000,0,0,133,0,0,0,1,0,0,0,145,-1,120,8200,0,-121.25,241.25,22,1,0,0,0,1000
3703,0,37,3180,500,1000,0,0,132,0,0,0,1,0,0,0,145,-1,120,8200,0,-121.25,241.25,22,1,0,0,0,1000
3704,0,38,3180,500,1000,0,0,131,0,0,0,1,0,0,0,145,-1,120,8200,0,-121.25,241.25,22,1,0,0,0,1000
3705,0,39,3180,500,1000,0,0,130,0,0,0,1,0,0,0,145,-1,120,8200,0,-121.25,241.25,22,1,0,0,0,1000
3706,0,40,3180,500,1000,0,0,129,0,0,0,1,0,0,0,145,-1,120,8200,0,-121.25,241.25,22,1,0,0,0,1000
3707,0,41,3180,500,1000,0,0,128,0,0,0,1,0,0,0,145,-1,120,8200,0,-121.25,241.25,22,1,0,0,0,1000
3708,0,42,3180,500,1000,0,0,127,0,0,0,1,0,0,0,145,-1,120,8200,0,-121.25,241.25,22,1,0,0,0,1000
3709,0,43,3180,500,1000,0,0,126,0,0,0,1,0,0,0,145,-1,120,8200,0,-121.25,241.25,22,1,0,0,0,1000
3710,0,44,3180,500,1000,0,0,125,0,0,0,1,0,0,0,145,-1,120,8200,0,-121.25,241.25,22,1,0,0,0,1000
3711,0,45,3180,500,1000,0,0,124,0,0,0,1,0,0,0,145,-1,120,8200,0,-121.25,241.25,22,1,0,0,0,1000
3712,0,46,3180,500,1000,0,0,123,0,0,0,1,0,0,0,145,-1,120,8200,0,-121.25,241.25,22,1,0,0,0,1000
3713,0,47,3180,500,1000,0,0,122,0,0,0,1,0,0,0,145,-1,120,8200,0,-121.25,241.25,22,1,0,0,0,1000
3714,0,48,3180,500,1000,0,0,121,0,0,0,1,0,0,0,145,-1,120,8200,0,-121.25,241.25,22,1,0,0,0,1000
3715,0,49,3180,500,1000,0,0,120,0,0,0,1,0,0,0,145,-1,120,8200,0,-121.25,241.25,22,1,0,0,0,1000
3716,0,50,3180,500,1000,0,0,119,0,0,0,1,0,0,0,145,-1,120,8200,0,-121.25,241.25,23,1,0,0,0,1000
3717,0,51,3180,500,1000,0,0,118,0,0,0,1,0,0,0,145,-1,120,8200,0,-121.25,241.25,23,1,0,0,0,1000
3718,0,52,3180,500,1000,0,0,117,0,0,0,1,0,0,0,145,-1,120,8200,0,-121.25,241.25,23,1,0,0,0,1000
3719,0,53,3180,500,1000,0,0,116,0,0,0,1,0,0,0,145,-1,120,8200,0,-121.25,241.25,23,1,0,0,0,1000
3720,0,54,3180,500,1000,0,0,115,0,0,0,1,0,0,0,145,-1,120,8200,0,-121.25,241.25,23,1,0,0,0,1000
3721,0,55,3180,500,1000,0,0,114,0,0,0,1,0,0,0,145,-1,120,8200,0,-121.25,241.25,23,1,0,0,0,1000
3722,0,56,3180,500,1000,0,0,113,0,0,0,1,0,0,0,145,-1,120,8200,0,-121.25,241.25,23,1,0,0,0,1000
3723,0,57,3180,500,1000,0,0,112,0,0,0,1,0,0,0,145,-1,120,8200,0,-121.25,241.25,23,1,0,0,0,1000
3724,0,58,3180,500,1000,0,0,111,0,0,0,1,0,0,0,145,-1,120,8200,0,-121.25,241.25,23,1,0,0,0,1000
3725,0,59,3180,500,1000,0,0,110,0,0,0,1,0,0,0,145,-1,120,8200,0,-121.25,241.25,23,1,0,0,0,1000
3726,0,60,3180,500,1000,0,0,109,0,0,0,1,0,0,0,145,-1,120,8200,0,-121.25,241.25,23,1,0,0,0,1000
3727,0,61,3180,500,1000,0,0,108,0,0,0,1,0,0,0,145,-1,120,8200,0,-121.25,241.25,23,1,0,0,0,1000
3728,0,62,3180,500,1000,0,0,107,0,0,0,1,0,0,0,145,-1,120,8200,0,-121.25,241.25,23,1,0,0,0,1000
3729,0,63,3180,500,1000,0,0,106,0,0,0,1,0,0,0,145,-1,120,8200,0,-121.25,241.25,23,1,0,0,0,1000
3730,0,64,3180,500,1000,0,0,105,0,0,0,1,0,0,0,145,-1,120,8200,0,-121.25,241.25,23,1,0,0,0,1000
3731,0,65,3180,500,1000,0,0,104,0,0,0,1,0,0,0,145,-1,120,8200,0,-121.25,241.25,23,1,0,0,0,1000
3732,0,66,3180,500,1000,0,0,103,0,0,0,1,0,0,0,145,-1,120,8200,0,-121.25,241.25,23,1,0,0,0,1000
3733,0,67,3180,500,1000,0,0,102,0,0,0,1,0,0,0,145,-1,120,8200,0,-121.25,241.25,23,1,0,0,0,1000
3734,0,68,3180,500,1000,0,0,101,0,0,0,1,0,0,0,145,-1,120,8200,0,-121.25,241.25,23,1,0,0,0,1000
3735,0,69,3180,500,1000,0,0,100,0,0,0,1,0,0,0,145,-1,120,8200,0,-121.25,241.25,23,1,0,0,0,1000
3736,0,70,3180,500,1000,0,0,99,0,0,0,1,0,0,0,145,-1,120,8200,0,-121.25,241.25,23,1,0,0,0,1000
3737,0,71,3180,500,1000,0,0,98,0,0,0,1,0,0,0,145,-1,120,8200,0,-121.25,241.25,23,1,0,0,0,1000
3738,0,72,3180,500,1000,0,0,97,0,0,0,1,0,0,0,145,-1,120,8200,0,-121.25,241.25,23,1,0,0,0,1000
3739,0,73,3180,500,1000,0,0,96,0,0,0,1,0,0,0,145,-1,120,8200,0,-121.25,241.25,23,1,0,0,0,1000
3740,0,74,3180,500,1000,0,0,95,0,0,0,1,0,0,0,145,-1,120,8200,0,-121.25,241.25,23,1,0,0,0,1000
3741,0,75,3180,500,1000,0,0,94,0,0,0,1,0,0,0,145,-1,120,8200,0,-121.25,241.25,23,1,0,0,0,1000
3742,0,76,3180,500,1000,0,0,93,0,0,0,1,0,0,0,145,-1,120,8200,0,-121.25,241.25,23,1,0,0,0,1000
3743,0,77,3180,500,1000,0,0,92,0,0,0,1,0,0,0,145,-1,120,8200,0,-121.25,241.25,23,1,0,0,0,1000
3744,0,78,3180,500,1000,0,0,91,0,0,0,1,0,0,0,145,-1,120,8200,0,-121.25,241.25,23,1,0,0,0,1000
3745,0,79,3180,500,1000,0,0,90,0,0,0,1,0,0,0,145,-1,120,8200,0,-121.25,241.25,23,1,0,0,0,1000
3746,0,80,3180,500,1000,0,0,89,0,0,0,1,0,0,0,145,-1,120,8200,0,-121.25,241.25,23,1,0,0,0,1000
3747,0,81,3180,500,1000,0,0,88,0,0,0,1,0,0,0,145,-1,120,8200,0,-121.25,241.25,23,1,0,0,0,1000
3748,0,82,3180,500,1000,0,0,87,0,0,0,1,0,0,0,145,-1,120,8200,0,-121.25,241.25,23,1,0,0,0,1000
3749,0,83,3180,500,1000,0,0,86,0,0,0,1,0,0,0,145,-1,120,8200,0,-121.25,241.25,23,1,0,0,0,1000
3750,0,84,3180,500,1000,0,0,85,0,0,0,1,0,0,0,145,-1,120,8200,0,-121.25,241.25,23,1,0,0,0,1000
3751,0,85,3180,500,1000,0,0,84,0,0,0,1,0,0,0,145,-1,120,8200,0,-121.25,241.25,23,1,0,0,0,1000
3752,0,86,3180,500,1000,0,0,83,0,0,0,1,0,0,0,145,-1,120,8200,0,-121.25,241.25,24,1,0,0,0,1000
3753,0,87,3180,500,1000,0,0,82,0,0,0,1,0,0,0,145,-1,120,8200,0,-121.25,241.25,24,1,0,0,0,1000
3754,0,88,3180,500,1000,0,0,81,0,0,0,1,0,0,0,145,-1,120,8200,0,-121.25,241.25,24,1,0,0,0,1000
3755,0,89,3180,500,1000,0,0,80,0,0,0,1,0,0,0,145,-1,120,8200,0,-121.25,241.25,24,1,0,0,0,1000
3756,0,90,3180,500,1000,0,0,79,0,0,0,1,0,0,0,145,-1,120,8200,0,-121.25,241.25,24,1,0,0,0,1000
3757,0,91,3180,500,1000,0,0,78,0,0,0,1,0,0,0,145,-1,120,8200,0,-121.25,241.25,24,1,0,0,0,1000
3758,0,92,3180,500,1000,0,0,77,0,0,0,1,0,0,0,145,-1,120,8200,0,-121.25,241.25,24,1,0,0,0,1000
3759,0,93,3180,500,1000,0,0,76,0,0,0,1,0,0,0,145,-1,120,8200,0,-121.25,241.25,24,1,0,0,0,1000
3760,0,94,3180,500,1000,0,0,75,0,0,0,1,0,0,0,145,-1,120,8200,0,-121.25,241.25,24,1,0,0,0,1000
3761,0,95,3180,500,1000,0,0,74,0,0,0,1,0,0,0,145,-1,120,8200,0,-121.25,241.25,24,1,0,0,0,1000
3762,0,96,3180,500,1000,0,0,73,0,0,0,1,0,0,0,145,-1,120,8200,0,-121.25,241.25,24,1,0,0,0,1000
3763,0,97,3180,500,1000,0,0,72,0,0,0,1,0,0,0,145,-1,120,8200,0,-121.25,241.25,24,1,0,0,0,1000
3764,0,98,3180,500,1000,0,0,71,0,0,0,1,0,0,0,145,-1,120,8200,0,-121.25,241.25,24,1,0,0,0,1000
3765,0,99,3180,500,1000,0,0,70,0,0,0,1,0,0,0,145,-1,120,8200,0,-121.25,241.25,24,1,0,0,0,1000
3766,0,100,3180,500,1000,0,0,69,0,0,0,1,0,0,0,145,-1,120,8200,0,-121.25,241.25,24,1,0,0,0,1000
3767,0,101,3180,500,1000,0,0,68,0,0,0,1,0,0,0,145,-1,120,8200,0,-121.25,241.25,24,1,0,0,0,1000
3768,0,102,3180,500,1000,0,0,67,0,0,0,1,0,0,0,145,-1,120,8200,0,-121.25,241.25,24,1,0,0,0,1000
3769,0,103,3180,500,1000,0,0,66,0,0,0,1,0,0,0,145,-1,120,8200,0,-121.25,241.25,24,1,0,0,0,1000
3770,0,104,3180,500,1000,0,0,65,0,0,0,1,0,0,0,145,-1,120,8200,0,-121.25,241.25,1,1,0,0,0,1000
3771,0,105,3180,500,1000,0,0,64,0,0,0,1,0,0,0,145,-1,120,8200,0,-121.25,241.25,1,1,0,0,0,1000
3772,0,106,3180,500,1000,0,0,63,0,0,0,1,0,0,0,145,-1,120,8200,0,-121.25,241.25,1,1,0,0,0,1000
3773,0,107,3180,500,1000,0,0,62,0,0,0,1,0,0,0,145,-1,120,8200,0,-121.25,241.25,1,1,0,0,0,1000
3774,0,108,3180,500,1000,0,0,61,0,0,0,1,0,0,0,145,-1,120,8200,0,-121.25,241.25,1,1,0,0,0,1000
3775,0,109,3180,500,1000,0,0,60,0,0,0,1,0,0,0,145,-1,120,8200,0,-121.25,241.25,1,1,0,0,0,1000
3776,0,110,3180,500,1000,0,0,59,0,0,0,1,0,0,0,145,-1,120,8200,0,-121.25,241.25,1,1,0,0,0,1000
3777,0,111,3180,500,1000,0,0,58,0,0,0,1,0,0,0,145,-1,120,8200,0,-121.25,241.25,1,1,0,0,0,1000
3778,0,112,3180,500,1000,0,0,57,0,0,0,1,0,0,0,145,-1,120,8200,0,-121.25,241.25,1,1,0,0,0,1000
3779,0,113,3180,500,1000,0,0,56,0,0,0,1,0,0,0,145,-1,120,8200,0,-121.25,241.25,1,1,0,0,0,1000
3780,0,114,3180,500,1000,0,0,55,0,0,0,1,0,0,0,145,-1,120,8200,0,-121.25,241.25,1,1,0,0,0,1000
3781,0,115,3180,500,1000,0,0,54,0,0,0,1,0,0,0,145,-1,120,8200,0,-121.25,241.25,1,1,0,0,0,1000
3782,0,116,3180,500,1000,0,0,53,0,0,0,1,0,0,0,145,-1,120,8200,0,-121.25,241.25,2,1,0,0,0,1000
3783,0,117,3180,500,1000,0,0,52,0,0,0,1,0,0,0,145,-1,120,8200,0,-121.25,241.25,2,1,0,0,0,1000
3784,0,118,3180,500,1000,0,0,51,0,0,0,1,0,0,0,145,-1,120,8200,0,-121.25,241.25,2,1,0,0,0,1000
3785,0,119,3180,500,1000,0,0,50,0,0,0,1,0,0,0,145,-1,120,8200,0,-121.25,241.25,2,1,0,0,0,1000
3786,0,120,3180,500,1000,0,0,49,0,0,0,1,0,0,0,145,-1,120,8200,0,-121.25,241.25,2,1,0,0,0,1000
3787,0,121,3180,500,1000,0,0,48,0,0,0,1,0,0,0,145,-1,120,8200,0,-121.25,241.25,2,1,0,0,0,1000
3788,0,122,3180,500,1000,0,0,47,0,0,0,1,0,0,0,145,-1,120,8200,0,-121.25,241.25,2,1,0,0,0,1000
3789,0,123,3180,500,1000,0,0,46,0,0,0,1,0,0,0,145,-1,120,8200,0,-121.25,241.25,2,1,0,0,0,1000
3790,0,124,3180,500,1000,0,0,45,0,0,0,1,0,0,0,145,-1,120,8200,0,-121.25,241.25,2,1,0,0,0,1000
3791,0,125,3180,500,1000,0,0,44,0,0,0,1,0,0,0,145,-1,120,8200,0,-121.25,241.25,2,1,0,0,0,1000
3792,0,126,3180,500,1000,0,0,43,0,0,0,1,0,0,0,145,-1,120,8200,0,-121.25,241.25,2,1,0,0,0,1000
3793,0,127,3180,500,1000,0,0,42,0,0,0,1,0,0,0,145,-1,120,8200,0,-121.25,241.25,2,1,0,0,0,1000
3794,0,128,3180,500,1000,0,0,41,0,0,0,1,0,0,0,145,-1,120,8200,0,-121.25,241.25,3,1,0,0,0,1000
3795,0,129,3180,500,1000,0,0,40,0,0,0,1,0,0,0,145,-1,120,8200,0,-121.25,241.25,3,1,0,0,0,1000
3796,0,130,3180,500,1000,0,0,39,0,0,0,1,0,0,0,145,-1,120,8200,0,-121.25,241.25,3,1,0,0,0,1000
3797,0,131,3180,500,1000,0,0,38,0,0,0,1,0,0,0,145,-1,120,8200,0,-121.25,241.25,3,1,0,0,0,1000
3798,0,132,3180,500,1000,0,0,37,0,0,0,1,0,0,0,145,-1,120,8200,0,-121.25,241.25,3,1,0,0,0,1000
3799,0,133,3180,500,1000,0,0,36,0,0,0,1,0,0,0,145,-1,120,8200,0,-121.25,241.25,3,1,0,0,0,1000
3800,0,134,3180,500,1000,0,0,35,0,0,0,1,0,0,0,145,-1,120,8200,0,-121.25,241.25,3,1,0,0,0,1000
3801,0,135,3180,500,1000,0,0,34,0,0,0,1,0,0,0,145,-1,120,8200,0,-121.25,241.25,3,1,0,0,0,1000
3802,0,136,3180,500,1000,0,0,33,0,0,0,1,0,0,0,145,-1,120,8200,0,-121.25,241.25,3,1,0,0,0,1000
3803,0,137,3180,500,1000,0,0,32,0,0,0,1,0,0,0,145,-1,120,8200,0,-121.25,241.25,3,1,0,0,0,1000
3804,0,138,3180,500,1000,0,0,31,0,0,0,1,0,0,0,145,-1,120,8200,0,-121.25,241.25,3,1,0,0,0,1000
3805,0,139,3180,500,1000,0,0,30,0,0,0,1,0,0,0,145,-1,120,8200,0,-121.25,241.25,3,1,0,0,0,1000
3806,0,140,3180,500,1000,0,0,29,0,0,0,1,0,0,0,145,-1,120,8200,0,-121.25,241.25,4,1,0,0,0,1000
3807,0,141,3180,500,1000,0,0,28,0,0,0,1,0,0,0,145,-1,120,8200,0,-121.25,241.25,4,1,0,0,0,1000
3808,0,142,3180,500,1000,0,0,27,0,0,0,1,0,0,0,145,-1,120,8200,0,-121.25,241.25,4,1,0,0,0,1000
3809,0,143,3180,500,1000,0,0,26,0,0,0,1,0,0,0,145,-1,120,8200,0,-121.25,241.25,4,1,0,0,0,1000
3810,0,144,3180,500,1000,0,0,25,0,0,0,1,0,0,0,145,-1,120,8200,0,-121.25,241.25,4,1,0,0,0,1000
3811,0,145,3180,500,1000,0,0,24,0,0,0,1,0,0,0,145,-1,120,8200,0,-121.25,241.25,4,1,0,0,0,1000
3812,0,146,3180,500,1000,0,0,23,0,0,0,1,0,0,0,145,-1,120,8200,0,-121.25,241.25,4,1,0,0,0,1000
3813,0,147,3180,500,1000,0,0,22,0,0,0,1,0,0,0,145,-1,120,8200,0,-121.25,241.25,4,1,0,0,0,1000
3814,0,148,3180,500,1000,0,0,21,0,0,0,1,0,0,0,145,-1,120,8200,0,-121.25,241.25,4,1,0,0,0,1000
3815,0,149,3180,500,1000,0,0,20,0,0,0,1,0,0,0,145,-1,120,8200,0,-121.25,241.25,4,1,0,0,0,1000
3816,0,150,3180,500,1000,0,0,19,0,0,0,1,0,0,0,145,-1,120,8200,0,-121.25,241.25,4,1,0,0,0,1000
3817,0,151,3180,500,1000,0,0,18,0,0,0,1,0,0,0,145,-1,120,8200,0,-121.25,241.25,4,1,0,0,0,1000
3818,0,152,3180,500,1000,0,0,17,0,0,0,1,0,0,0,145,-1,120,8200,0,-121.25,241.25,5,1,0,0,0,1000
3819,0,153,3180,500,1000,0,0,16,0,0,0,1,0,0,0,145,-1,120,8200,0,-121.25,241.25,5,1,0,0,0,1000
3820,0,154,3180,500,1000,0,0,15,0,0,0,1,0,0,0,145,-1,120,8200,0,-121.25,241.25,5,1,0,0,0,1000
3821,0,155,3180,500,1000,0,0,14,0,0,0,1,0,0,0,145,-1,120,8200,0,-121.25,241.25,5,1,0,0,0,1000
3822,0,156,3180,500,1000,0,0,13,0,0,0,1,0,0,0,145,-1,120,8200,0,-121.25,241.25,5,1,0,0,0,1000
3823,0,157,3180,500,1000,0,0,12,0,0,0,1,0,0,0,145,-1,120,8200,0,-121.25,241.25,5,1,0,0,0,1000
3824,0,158,3180,500,1000,0,0,11,0,0,0,1,0,0,0,145,-1,120,8200,0,-121.25,241.25,5,1,0,0,0,1000
3825,0,159,3180,500,1000,0,0,10,0,0,0,1,0,0,0,145,-1,120,8200,0,-121.25,241.25,5,1,0,0,0,1000
3826,0,160,3180,500,1000,0,0,9,0,0,0,1,0,0,0,145,-1,120,8200,0,-121.25,241.25,5,1,0,0,0,1000
3827,0,161,3180,500,1000,0,0,8,0,0,0,1,0,0,0,145,-1,120,8200,0,-121.25,241.25,5,1,0,0,0,1000
3828,0,162,3180,500,1000,0,0,7,0,0,0,1,0,0,0,145,-1,120,8200,0,-121.25,241.25,5,1,0,0,0,1000
3829,0,163,3180,500,1000,0,0,6,0,0,0,1,0,0,0,145,-1,120,8200,0,-121.25,241.25,5,1,0,0,0,1000
3830,0,164,3180,500,1000,0,0,5,0,0,0,1,0,0,0,145,-1,120,8200,0,-121.25,241.25,6,1,0,0,0,1000
3831,0,165,3180,500,1000,0,0,4,0,0,0,1,0,0,0,145,-1,120,8200,0,-121.25,241.25,6,1,0,0,0,1000
3832,0,166,3180,500,1000,0,0,3,0,0,0,1,0,0,0,145,-1,120,8200,0,-121.25,241.25,6,1,0,0,0,1000
3833,0,167,3180,500,1000,0,0,2,0,0,0,1,0,0,0,145,-1,120,8200,0,-121.25,241.25,6,1,0,0,0,1000
3834,0,168,3180,500,1000,0,0,1,0,0,0,1,0,0,0,145,-1,120,8200,0,-121.25,241.25,6,1,0,0,0,1000
3835,0,169,3180,500,1000,0,0,0,0,0,0,1,0,0,0,145,-1,120,8200,0,-121.25,241.25,6,1,0,0,0,1000
3836,0,170,3180,500,1000,0,0,0,0,0,0,1,0,0,0,145,-1,120,8200,0,-121.25,241.25,6,1,0,0,0,1000
3837,0,171,3180,500,1000,0,0,0,0,0,0,1,0,0,0,145,-1,120,8200,0,-121.25,241.25,6,1,0,0,0,1000
3838,0,172,3180,500,1000,0,0,0,0,0,0,1,0,0,0,145,-1,120,8200,0,-121.25,241.25,6,1,0,0,0,1000
3839,0,173,3180,500,1000,0,0,0,0,0,0,1,0,0,0,145,-1,120,8200,0,-121.25,241.25,6,1,0,0,0,1000
3840,0,174,3180,500,1000,0,0,0,0,0,0,1,0,0,0,145,-1,120,8200,0,-121.25,241.25,6,1,0,0,0,1000
3841,0,175,3180,500,1000,0,0,0,0,0,0,1,0,0,0,145,-1,120,8200,0,-121.25,241.25,6,1,0,0,0,1000
3842,0,176,3180,500,1000,0,0,0,0,0,0,1,0,0,0,145,-1,120,8200,0,-121.25,241.25,7,1,0,0,0,1000
3843,0,177,3180,500,1000,0,0,0,0,0,0,1,0,0,0,145,-1,120,8200,0,-121.25,241.25,7,1,0,0,0,1000
3844,0,178,3180,500,1000,0,0,0,0,0,0,1,0,0,0,145,-1,120,8200,0,-121.25,241.25,7,1,0,0,0,1000
3845,0,179,3180,500,1000,0,0,0,0,0,0,1,0,0,0,145,-1,120,8200,0,-121.25,241.25,7,1,0,0,0,1000
3846,0,180,3180,500,1000,0,0,0,0,0,0,1,0,0,0,145,-1,120,8200,0,-121.25,241.25,7,1,0,0,0,1000
3847,0,181,3180,500,1000,0,0,0,0,0,0,1,0,0,0,145,-1,120,8200,0,-121.25,241.25,7,1,0,0,0,1000
3848,0,182,3180,500,1000,0,0,0,0,0,0,1,0,0,0,145,-1,120,8200,0,-121.25,241.25,7,1,0,0,0,1000
3849,0,183,3180,500,1000,0,0,0,0,0,0,1,0,0,0,145,-1,120,8200,0,-121.25,241.25,7,1,0,0,0,1000
3850,0,184,3180,500,1000,0,0,0,0,0,0,1,0,0,0,145,-1,120,8200,0,-121.25,241.25,7,1,0,0,0,1000
3851,0,185,3180,500,1000,0,0,0,0,0,0,1,0,0,0,145,-1,120,8200,0,-121.25,241.25,7,1,0,0,0,1000
3852,0,186,3180,500,1000,0,0,0,0,0,0,1,0,0,0,145,-1,120,8200,0,-121.25,241.25,7,1,0,0,0,1000
3853,0,187,3180,500,1000,0,0,0,0,0,0,1,0,0,0,145,-1,120,8200,0,-121.25,241.25,7,1,0,0,0,1000
3854,0,188,3180,500,1000,0,0,0,0,0,0,1,0,0,0,145,-1,120,8200,0,-121.25,241.25,8,1,0,0,0,1000
3855,0,189,3180,500,1000,0,0,0,0,0,0,1,0,0,0,145,-1,120,8200,0,-121.25,241.25,8,1,0,0,0,1000
3856,0,190,3180,500,1000,0,0,0,0,0,0,1,0,0,0,145,-1,120,8200,0,-121.25,241.25,8,1,0,0,0,1000
3857,0,191,3180,500,1000,0,0,0,0,0,0,1,0,0,0,145,-1,120,8200,0,-121.25,241.25,8,1,0,0,0,1000
3858,0,192,3180,500,1000,0,0,0,0,0,0,1,0,0,0,145,-1,120,8200,0,-121.25,241.25,8,1,0,0,0,1000
3859,0,193,3180,500,1000,0,0,0,0,0,0,1,0,0,0,145,-1,120,8200,0,-121.25,241.25,8,1,0,0,0,1000
3860,0,194,3180,500,1000,0,0,0,0,0,0,1,0,0,0,145,-1,120,8200,0,-121.25,241.25,8,1,0,0,0,1000
3861,0,195,3180,500,1000,0,0,0,0,0,0,1,0,0,0,145,-1,120,8200,0,-121.25,241.25,8,1,0,0,0,1000
3862,0,196,3180,500,1000,0,0,0,0,0,0,1,0,0,0,145,-1,120,8200,0,-121.25,241.25,8,1,0,0,0,1000
3863,0,197,3180,500,1000,0,0,0,0,0,0,1,0,0,0,145,-1,120,8200,0,-121.25,241.25,8,1,0,0,0,1000
3864,0,198,3180,500,1000,0,0,0,0,0,0,1,0,0,0,145,-1,120,8200,0,-121.25,241.25,8,1,0,0,0,1000
3865,0,199,3180,500,1000,0,0,0,0,0,0,1,0,0,0,145,-1,120,8200,0,-121.25,241.25,8,1,0,0,0,1000
3866,0,200,3180,500,1000,0,0,0,0,0,0,1,0,0,0,145,-1,120,8200,0,-121.25,241.25,9,1,0,0,0,1000
3867,0,201,3180,500,1000,0,0,0,0,0,0,1,0,0,0,145,-1,120,8200,0,-121.25,241.25,9,1,0,0,0,1000
3868,0,202,3180,500,1000,0,0,0,0,0,0,1,0,0,0,145,-1,120,8200,0,-121.25,241.25,9,1,0,0,0,1000
3869,0,203,3180,500,1000,0,0,0,0,0,0,1,0,0,0,145,-1,120,8200,0,-121.25,241.25,9,1,0,0,0,1000
3870,0,204,3180,500,1000,0,0,0,0,0,0,1,0,0,0,145,-1,120,8200,0,-121.25,241.25,9,1,0,0,0,1000
3871,0,205,3180,500,1000,0,0,0,0,0,0,1,0,0,0,145,-1,120,8200,0,-121.25,241.25,9,1,0,0,0,1000
3872,0,206,3180,500,1000,0,0,0,0,0,0,1,0,0,0,145,-1,120,8200,0,-121.25,241.25,9,1,0,0,0,1000
3873,0,207,3180,500,1000,0,0,0,0,0,0,1,0,0,0,145,-1,120,8200,0,-121.25,241.25,9,1,0,0,0,1000
3874,0,208,3180,500,1000,0,0,0,0,0,0,1,0,0,0,145,-1,120,8200,0,-121.25,241.25,9,1,0,0,0,1000
3875,0,209,3180,500,1000,0,0,0,0,0,0,1,0,0,0,145,-1,120,8200,0,-121.25,241.25,9,1,0,0,0,1000
3876,0,210,3180,500,1000,0,0,0,0,0,0,1,0,0,0,145,-1,120,8200,0,-121.25,241.25,9,1,0,0,0,1000
3877,0,211,3180,500,1000,0,0,0,0,0,0,1,0,0,0,145,-1,120,8200,0,-121.25,241.25,9,1,0,0,0,1000
3878,0,212,3180,500,1000,0,0,0,0,0,0,1,0,0,0,145,-1,120,8200,0,-121.25,241.25,10,1,0,0,0,1000
3879,0,213,3180,500,1000,0,0,0,0,0,0,1,0,0,0,145,-1,120,8200,0,-121.25,241.25,10,1,0,0,0,1000
3880,0,214,3180,500,1000,0,0,0,0,0,0,1,0,0,0,145,-1,120,8200,0,-121.25,241.25,10,1,0,0,0,1000
3881,0,215,3180,500,1000,0,0,0,0,0,0,1,0,0,0,145,-1,120,8200,0,-121.25,241.25,10,1,0,0,0,1000
3882,0,216,3180,500,1000,0,0,0,0,0,0,1,0,0,0,145,-1,120,8200,0,-121.25,241.25,10,1,0,0,0,1000
3883,0,217,3180,500,1000,0,0,0,0,0,0,1,0,0,0,145,-1,120,8200,0,-121.25,241.25,10,1,0,0,0,1000
3884,0,218,3180,500,1000,0,0,0,0,0,0,1,0,0,0,145,-1,120,8200,0,-121.25,241.25,10,1,0,0,0,1000
3885,0,219,3180,500,1000,0,0,0,0,0,0,1,0,0,0,145,-1,120,8200,0,-121.25,241.25,10,1,0,0,0,1000
3886,0,220,3180,500,1000,0,0,0,0,0,0,1,0,0,0,145,-1,120,8200,0,-121.25,241.25,10,1,0,0,0,1000
3887,0,221,3180,500,1000,0,0,0,0,0,0,1,0,0,0,145,-1,120,8200,0,-121.25,241.25,10,1,0,0,0,1000
3888,0,222,3180,500,1000,0,0,0,0,0,0,1,0,0,0,145,-1,120,8200,0,-121.25,241.25,10,1,0,0,0,1000
3889,0,223,3180,500,1000,0,0,0,0,0,0,1,0,0,0,145,-1,120,8200,0,-121.25,241.25,10,1,0,0,0,1000
3890,0,224,3180,500,1000,0,0,0,0,0,0,1,0,0,0,145,-1,120,8200,0,-121.25,241.25,11,1,0,0,0,1000
3891,0,225,3180,500,1000,0,0,0,0,0,0,1,0,0,0,145,-1,120,8200,0,-121.25,241.25,11,1,0,0,0,1000
3892,0,226,3180,500,1000,0,0,0,0,0,0,1,0,0,0,145,-1,120,8200,0,-121.25,241.25,11,1,0,0,0,1000
3893,0,227,3180,500,1000,0,0,0,0,0,0,1,0,0,0,145,-1,120,8200,0,-121.25,241.25,11,1,0,0,0,1000
3894,0,228,3180,500,1000,0,0,0,0,0,0,1,0,0,0,145,-1,120,8200,0,-121.25,241.25,11,1,0,0,0,1000
3895,0,229,3180,500,1000,0,0,0,0,0,0,1,0,0,0,145,-1,120,8200,0,-121.25,241.25,11,1,0,0,0,1000
3896,0,230,3180,500,1000,0,0,0,0,0,0,1,0,0,0,145,-1,120,8200,0,-121.25,241.25,11,1,0,0,0,1000
3897,0,231,3180,500,1000,0,0,0,0,0,0,1,0,0,0,145,-1,120,8200,0,-121.25,241.25,11,1,0,0,0,1000
3898,0,232,3180,500,1000,0,0,0,0,0,0,1,0,0,0,145,-1,120,8200,0,-121.25,241.25,11,1,0,0,0,1000
3899,0,233,3180,500,1000,0,0,0,0,0,0,1,0,0,0,145,-1,120,8200,0,-121.25,241.25,11,1,0,0,0,1000
3900,0,234,3180,500,1000,0,0,0,0,0,0,1,0,0,0,145,-1,120,8200,0,-121.25,241.25,11,1,0,0,0,1000
3901,0,235,3180,500,1000,0,0,0,0,0,0,1,0,0,0,145,-1,120,8200,0,-121.25,241.25,11,1,0,0,0,1000
3902,0,236,3180,500,1000,0,0,0,0,0,0,1,0,0,0,145,-1,120,8200,0,-121.25,241.25,12,1,0,0,0,1000
3903,0,237,3180,500,1000,0,0,0,0,0,0,1,0,0,0,145,-1,120,8200,0,-121.25,241.25,12,1,0,0,0,1000
3904,0,238,3180,500,1000,0,0,0,0,0,0,1,0,0,0,145,-1,120,8200,0,-121.25,241.25,12,1,0,0,0,1000
3905,0,239,3180,500,1000,0,0,0,0,0,0,1,0,0,0,145,-1,120,8200,0,-121.25,241.25,12,1,0,0,0,1000
3906,0,240,3180,500,1000,0,0,0,0,0,0,1,0,0,0,145,-1,120,8200,0,-121.25,241.25,12,1,0,0,0,1000
3907,0,241,3180,500,1000,0,0,0,0,0,0,1,0,0,0,145,-1,120,8200,0,-121.25,241.25,12,1,0,0,0,1000
3908,0,242,3180,500,1000,0,0,0,0,0,0,1,0,0,0,145,-1,120,8200,0,-121.25,241.25,12,1,0,0,0,1000
3909,0,243,3180,500,1000,0,0,0,0,0,0,1,0,0,0,145,-1,120,8200,0,-121.25,241.25,12,1,0,0,0,1000
3910,0,1,3000,500,1000,0,0,0,0,0,0,1,0,0,0,145,-1,120,8200,0,-121.25,241.25,12,0,0,0,0,1000
3911,0,2,3000,500,1000,0,0,0,0,0,0,1,0,0,0,145,-1,120,8200,0,-121.25,241.25,12,0,0,0,0,1000
3912,0,3,3000,500,1000,0,0,0,0,0,0,1,0,0,0,145,-1,120,8200,0,-121.25,241.25,12,0,0,0,0,1000
3913,0,4,3000,500,1000,0,0,0,0,0,0,1,0,0,0,145,-1,120,8200,0,-121.25,241.25,12,0,0,0,0,1000
3914,0,5,3000,500,1000,0,0,0,0,0,0,1,0,0,0,145,-1,120,8200,0,-121.25,241.25,13,0,0,0,0,1000
3915,0,6,3000,500,1000,0,0,0,0,0,0,1,0,0,0,145,-1,120,8200,0,-121.25,241.25,13,0,0,0,0,1000
3916,0,7,3000,500,1000,0,0,0,0,0,0,1,0,0,0,145,-1,120,8200,0,-121.25,241.25,13,0,0,0,0,1000
3917,0,8,3000,500,1000,0,0,0,0,0,0,1,0,0,0,145,-1,120,8200,0,-121.25,241.25,13,0,0,0,0,1000
3918,0,9,3000,500,1000,0,0,0,0,0,0,1,0,0,0,145,-1,120,8200,0,-121.25,241.25,13,0,0,0,0,1000
3919,10,1,3000,500,1000,0,0,0,0,0,0,1,0,0,0,145,-1,120,8200,0,-121.25,241.25,13,0,0,0,0,1000
3920,10,2,3000,500,1000,0,0,0,0,0,0,1,0,0,0,145,-1,120,8200,0,-121.25,241.25,13,0,0,0,0,1000
3921,10,3,3000,500,1000,0,0,0,0,0,0,1,0,0,0,145,-1,120,8200,0,-121.25,241.25,13,0,0,0,0,1000
3922,10,4,3000,500,1000,0,0,0,0,0,0,1,0,0,0,145,-1,120,8200,0,-121.25,241.25,13,0,0,0,0,1000
3923,10,5,3000,500,1000,0,0,0,0,0,0,1,0,0,0,145,-1,120,8200,0,-121.25,241.25,13,0,0,0,0,1000
3924,10,6,3000,500,1000,0,0,0,0,0,0,1,0,0,0,145,-1,120,8200,0,-121.25,241.25,13,0,0,0,0,1000
3925,12,1,3000,500,1000,0,0,0,0,0,0,1,0,0,0,145,-1,120,8200,0,-121.25,241.25,13,0,0,0,0,1000
3926,20,1,3000,500,1000,0,0,0,0,0,0,1,0,0,0,143.3000030517578,-1,120,8200,0,-121.25,241.25,14,0,0,0,0,1000
3927,20,2,3000,500,1000,0,0,0,0,0,0,1,0,0,0,141.60000610351562,-1,120,8200,0,-121.25,241.25,14,0,0,0,0,1000
3928,10,1,3000,500,1000,0,0,0,0,0,0,1,0,0,0,141.60000610351562,-1,120,8200,0,-121.25,241.25,14,0,0,0,0,1000
3929,10,2,3000,500,1000,0,0,0,0,0,0,1,0,0,0,141.60000610351562,-1,120,8200,0,-121.25,241.25,14,0,0,0,0,1000
3930,10,3,3000,500,1000,0,0,0,0,0,0,1,0,0,0,141.60000610351562,-1,120,8200,0,-121.25,241.25,14,0,0,0,0,1000
3931,10,4,3000,500,1000,0,0,0,0,0,0,1,0,0,0,141.60000610351562,-1,120,8200,0,-121.25,241.25,14,0,0,0,0,1000
3932,10,5,3000,500,1000,0,0,0,0,0,0,1,0,0,0,141.60000610351562,-1,120,8200,0,-121.25,241.25,14,0,0,0,0,1000
3933,10,6,3000,500,1000,0,0,0,0,0,0,1,0,0,0,141.60000610351562,-1,120,8200,0,-121.25,241.25,14,0,0,0,0,1000
3934,3000,1,2000,500,1000,0,0,0,0,0,0,1,0,0,0,141.60000610351562,-1,120,8200,0,-121.25,241.25,14,0,0,0,0,1000
3935,3000,2,2000,500,1000,0,0,0,0,0,0,1,0,0,0,141.60000610351562,-1,120,8200,0,-121.25,241.25,14,0,0,0,0,1000
3936,3000,3,2000,500,1000,0,0,0,0,0,0,1,0,0,0,141.60000610351562,-1,120,8200,0,-121.25,241.25,14,0,0,0,0,1000
3937,3000,4,2000,500,1000,0,0,0,0,0,0,1,0,0,0,141.60000610351562,-1,120,8200,0,-121.25,241.25,14,0,0,0,0,1000
3938,3000,5,2000,500,1000,0,0,0,0,0,0,1,0,0,0,141.60000610351562,-1,120,8200,0,-121.25,241.25,15,0,0,0,0,1000
3939,3000,6,2000,500,1000,0,0,0,0,0,0,1,0,0,0,141.60000610351562,-1,120,8200,0,-121.25,241.25,15,0,0,0,0,1000
3940,3000,7,2000,500,1000,0,0,0,0,0,0,1,0,0,0,141.60000610351562,-1,120,8200,0,-121.25,241.25,15,0,0,0,0,1000
3941,3000,8,2000,500,1000,0,0,0,0,0,0,1,0,0,0,141.60000610351562,-1,120,8200,0,-121.25,241.25,15,0,0,0,0,1000
3942,3000,9,2000,500,1000,0,0,0,0,0,0,1,0,0,0,141.60000610351562,-1,120,8200,0,-121.25,241.25,15,0,0,0,0,1000
3943,3000,10,2000,500,1000,0,0,0,0,0,0,1,0,0,0,141.60000610351562,-1,120,8210,0,-121.25,241.25,1,0,0,0,0,1000
3944,3000,11,2000,500,1000,0,0,0,0,0,0,1,0,0,0,141.60000610351562,-1,120,8210,0,-121.25,241.25,1,0,0,0,0,1000
3945,3000,12,2000,500,1000,0,0,0,0,0,0,1,0,0,0,141.60000610351562,-1,120,8210,0,-121.25,241.25,1,0,0,0,0,1000
3946,3000,13,2000,500,1000,0,0,0,0,0,0,1,0,0,0,141.60000610351562,-1,120,8210,0,-121.25,241.25,1,0,0,0,0,1000
3947,3000,14,2000,500,1000,0,0,0,0,0,0,1,0,0,0,141.60000610351562,-1,120,8210,0,-121.25,241.25,2,0,0,0,0,1000
3948,3000,15,2000,500,1000,0,0,0,0,0,0,1,0,0,0,141.60000610351562,-1,120,8210,0,-121.25,241.25,2,0,0,0,0,1000
3949,3000,16,2000,500,1000,0,0,0,0,0,0,1,0,0,0,141.60000610351562,-1,120,8210,0,-121.25,241.25,2,0,0,0,0,1000
3950,3000,17,2000,500,1000,0,0,0,0,0,0,1,0,0,0,141.60000610351562,-1,120,8210,0,-121.25,241.25,2,0,0,0,0,1000
3951,3000,18,2000,500,1000,0,0,0,0,0,0,1,0,0,0,141.60000610351562,-1,120,8210,0,-121.25,241.25,2,0,0,0,0,1000
3952,3000,19,2000,500,1000,0,0,0,0,0,0,1,0,0,0,141.60000610351562,-1,120,8210,0,-121.25,241.25,3,0,0,0,0,1000
3953,3000,20,2000,500,1000,0,0,0,0,0,0,1,0,0,0,141.60000610351562,-1,120,8210,0,-121.25,241.25,3,0,0,0,0,1000
3954,3000,21,2000,500,1000,0,0,0,0,0,0,1,0,0,0,141.60000610351562,-1,120,8210,0,-121.25,241.25,3,0,0,0,0,1000
3955,3000,22,2000,500,1000,0,0,0,0,0,0,1,0,0,0,141.60000610351562,-1,120,8210,0,-121.25,241.25,3,0,0,0,0,1000
3956,3000,23,2000,500,1000,0,0,0,0,0,0,1,0,0,0,141.60000610351562,-1,120,8210,0,-121.25,241.25,3,0,0,0,0,1000
3957,3000,24,2000,500,1000,0,0,0,0,0,0,1,0,0,0,141.60000610351562,-1,120,8210,0,-121.25,241.25,4,0,0,0,0,1000
3958,3000,25,2000,500,1000,0,0,0,0,0,0,1,0,0,0,141.60000610351562,-1,120,8210,0,-121.25,241.25,4,0,0,0,0,1000
3959,3000,26,2000,500,1000,0,0,0,0,0,0,1,0,0,0,141.60000610351562,-1,120,8210,0,-121.25,241.25,4,0,0,0,0,1000
3960,3000,27,2000,500,1000,0,0,0,0,0,0,1,0,0,0,141.60000610351562,-1,120,8210,0,-121.25,241.25,4,0,0,0,0,1000
3961,3000,28,2000,500,1000,0,0,0,0,0,0,1,0,0,0,141.60000610351562,-1,120,8210,0,-121.25,241.25,4,0,0,0,0,1000
3962,3000,29,2000,500,1000,0,0,0,0,0,0,1,0,0,0,141.60000610351562,-1,120,8210,0,-121.25,241.25,5,0,0,0,0,1000
3963,3000,30,2000,500,1000,0,0,0,0,0,0,1,0,0,0,141.60000610351562,-1,120,8210,0,-121.25,241.25,5,0,0,0,0,1000
3964,3000,31,2000,500,1000,0,0,0,0,0,0,1,0,0,0,141.60000610351562,-1,120,8210,0,-121.25,241.25,5,0,0,0,0,1000
3965,3000,32,2000,500,1000,0,0,0,0,0,0,1,0,0,0,141.60000610351562,-1,120,8210,0,-121.25,241.25,5,0,0,0,0,1000
3966,3000,33,2000,500,1000,0,0,0,0,0,0,1,0,0,0,141.60000610351562,-1,120,8210,0,-121.25,241.25,5,0,0,0,0,1000
3967,3000,34,2000,500,1000,0,0,0,0,0,0,1,0,0,0,141.60000610351562,-1,120,8210,0,-121.25,241.25,6,0,0,0,0,1000
3968,3000,35,2000,500,1000,0,0,0,0,0,0,1,0,0,0,141.60000610351562,-1,120,8210,0,-121.25,241.25,6,0,0,0,0,1000
3969,3000,36,2000,500,1000,0,0,0,0,0,0,1,0,0,0,141.60000610351562,-1,120,8210,0,-121.25,241.25,6,0,0,0,0,1000
3970,3000,37,2000,500,1000,0,0,0,0,0,0,1,0,0,0,141.60000610351562,-1,120,8210,0,-121.25,241.25,6,0,0,0,0,1000
3971,3000,38,2000,500,1000,0,0,0,0,0,0,1,0,0,0,141.60000610351562,-1,120,8210,0,-121.25,241.25,6,0,0,0,0,1000
3972,3000,39,2000,500,1000,0,0,0,0,0,0,1,0,0,0,141.60000610351562,-1,120,8210,0,-121.25,241.25,1,0,0,0,0,1000
3973,3000,40,2000,500,1000,0,0,0,0,0,0,1,0,0,0,141.60000610351562,-1,113.80000305175781,8211,1,-121.25,235.0500030517578,1,0,0,0,0,1000
3974,3000,41,2000,500,1000,0,0,0,0,0,0,1,0,0,0,141.60000610351562,-1,107.60000610351562,8211,1,-121.25,228.85000610351562,1,0,0,0,0,1000
3975,3000,42,2000,500,1000,0,0,0,0,0,0,1,0,0,0,141.60000610351562,-1,101.40000915527344,8211,1,-121.25,222.65000915527344,1,0,0,0,0,1000
3976,3000,43,2000,500,1000,0,0,0,0,0,0,1,0,0,0,141.60000610351562,-1,95.20001220703125,8211,1,-121.25,216.45001220703125,2,0,0,0,0,1000
3977,3000,44,2000,500,1000,0,0,0,0,0,0,1,0,0,0,141.60000610351562,-1,89.00001525878906,8211,1,-121.25,210.25001525878906,2,0,0,0,0,1000
3978,3000,45,2000,500,1000,0,0,0,0,0,0,1,0,0,0,141.60000610351562,-1,82.80001831054688,8211,1,-121.25,204.05001831054688,2,0,0,0,0,1000
3979,3000,46,2000,500,1000,0,0,0,0,0,0,1,0,0,0,141.60000610351562,-1,76.60002136230469,8211,1,-121.25,197.8500213623047,2,0,0,0,0,1000
3980,3000,47,2000,500,1000,0,0,0,0,0,0,1,0,0,0,141.60000610351562,-1,70.4000244140625,8211,1,-121.25,191.6500244140625,3,0,0,0,0,1000
3981,3000,48,2000,500,1000,0,0,0,0,0,0,1,0,0,0,141.60000610351562,-1,64.20002746582031,8211,1,-121.25,185.4500274658203,3,0,0,0,0,1000
3982,3000,49,2000,500,1000,0,0,0,0,0,0,1,0,0,0,141.60000610351562,-1,58.000030517578125,8211,1,-121.25,179.25003051757812,3,0,0,0,0,1000
3983,3000,50,2000,500,1000,0,0,0,0,0,0,1,0,0,0,141.60000610351562,-1,51.800018310546875,8211,1,-121.25,173.05001831054688,3,0,0,0,0,1000
3984,3000,51,2000,500,1000,0,0,0,0,0,0,1,0,0,0,141.60000610351562,-1,45.60002136230469,8211,1,-121.25,166.8500213623047,4,0,0,0,0,1000
3985,3000,52,2000,500,1000,0,0,0,0,0,0,1,0,0,0,141.60000610351562,-1,39.4000244140625,8211,1,-121.25,160.6500244140625,4,0,0,0,0,1000
3986,3000,53,2000,500,1000,0,0,0,0,0,0,1,0,0,0,141.60000610351562,-1,39.4000244140625,8212,1,-121.25,160.6500244140625,1,0,0,0,0,1000
3987,3000,54,2000,500,1000,0,0,0,0,0,0,1,0,0,0,141.60000610351562,-1,39.4000244140625,8212,1,-121.25,160.6500244140625,1,0,0,0,0,1000
3988,0,1,2000,500,1000,0,0,0,0,0,0,1,0,0,0,141.60000610351562,-1,39.4000244140625,8212,1,-121.25,160.6500244140625,1,0,0,0,0,1000
3989,0,2,2000,500,1000,0,0,0,0,0,0,1,0,0,0,141.60000610351562,-1,39.4000244140625,8212,1,-121.25,160.6500244140625,1,0,0,0,0,1000
3990,0,3,2000,500,1000,0,0,0,0,0,0,1,0,0,0,141.60000610351562,-1,39.4000244140625,8212,1,-121.25,160.6500244140625,1,0,0,0,0,1000
3991,0,4,2000,500,1000,0,0,0,0,0,0,1,0,0,0,141.60000610351562,-1,39.4000244140625,8212,1,-121.25,160.6500244140625,2,0,0,0,0,1000
3992,0,5,2000,500,962,0,0,0,0,0,0,1,0,0,0,141.60000610351562,-1,39.4000244140625,8212,1,-121.25,160.6500244140625,2,0,0,0,0,2018
3993,0,6,2000,500,962,0,0,0,0,0,0,1,0,0,0,141.60000610351562,-1,39.4000244140625,8212,1,-121.25,160.6500244140625,2,0,0,0,0,2018
3994,0,7,2000,500,962,0,0,0,0,0,0,1,0,0,0,141.60000610351562,-1,39.4000244140625,8212,1,-121.25,160.6500244140625,2,0,0,0,0,2018
3995,0,8,2000,500,962,0,0,0,0,0,0,1,0,0,0,141.60000610351562,-1,39.4000244140625,8212,1,-121.25,160.6500244140625,2,0,0,0,0,2018
3996,0,9,2000,500,962,0,0,0,0,0,0,1,0,0,0,141.60000610351562,-1,39.4000244140625,8212,1,-121.25,160.6500244140625,2,0,0,0,0,2018
3997,0,10,2000,500,962,0,0,0,0,0,0,1,0,0,0,141.60000610351562,-1,39.4000244140625,8212,1,-121.25,160.6500244140625,2,0,0,0,0,2018
3998,0,11,2000,500,962,0,0,0,0,0,0,1,0,0,0,141.60000610351562,-1,39.4000244140625,8212,1,-121.25,160.6500244140625,2,0,0,0,0,2018
3999,0,12,2000,500,962,0,0,0,0,0,0,1,0,0,0,141.60000610351562,-1,39.4000244140625,8212,1,-121.25,160.6500244140625,2,0,0,0,0,2018
4000,0,13,2000,500,962,0,0,0,0,0,0,1,0,0,0,141.60000610351562,-1,39.4000244140625,8212,1,-121.25,160.6500244140625,2,0,0,0,0,2018
4001,0,14,2000,500,962,0,0,0,0,0,0,1,0,0,0,141.60000610351562,-1,39.4000244140625,8212,1,-121.25,160.6500244140625,2,0,0,0,0,2018
4002,0,15,2000,500,962,0,0,0,0,0,0,1,0,0,0,141.60000610351562,-1,39.4000244140625,8212,1,-121.25,160.6500244140625,2,0,0,0,0,2018
4003,0,16,2000,500,962,0,0,0,0,0,0,1,0,0,0,141.60000610351562,-1,39.4000244140625,8212,1,-121.25,160.6500244140625,3,0,0,0,0,2018
4004,0,17,2000,500,962,0,0,0,0,0,0,1,0,0,0,141.60000610351562,-1,39.4000244140625,8212,1,-121.25,160.6500244140625,3,0,0,0,0,2018
4005,0,18,2000,500,962,0,0,0,0,0,0,1,0,0,0,141.60000610351562,-1,39.4000244140625,8212,1,-121.25,160.6500244140625,3,0,0,0,0,2018
4006,0,19,2000,500,962,0,0,0,0,0,0,1,0,0,0,141.60000610351562,-1,39.4000244140625,8212,1,-121.25,160.6500244140625,3,0,0,0,0,2018
4007,0,20,2000,500,962,0,0,0,0,0,0,1,0,0,0,141.60000610351562,-1,39.4000244140625,8212,1,-121.25,160.6500244140625,3,0,0,0,0,2018
4008,0,21,2000,500,962,0,0,0,0,0,0,1,0,0,0,141.60000610351562,-1,39.4000244140625,8212,1,-121.25,160.6500244140625,3,0,0,0,0,2018
4009,0,22,2000,500,962,0,0,0,0,0,0,1,0,0,0,141.60000610351562,-1,39.4000244140625,8212,1,-121.25,160.6500244140625,4,0,0,0,0,2018
4010,0,23,2000,500,924,0,0,0,0,0,0,1,0,0,0,141.60000610351562,-1,39.4000244140625,8212,1,-121.25,160.6500244140625,4,0,0,0,0,3036
4011,0,24,2000,500,924,0,0,0,0,0,0,1,0,0,0,141.60000610351562,-1,39.4000244140625,8212,1,-121.25,160.6500244140625,4,0,0,0,0,3036
4012,0,25,2000,500,924,0,0,0,0,0,0,1,0,0,0,141.60000610351562,-1,39.4000244140625,8212,1,-121.25,160.6500244140625,4,0,0,0,0,3036
4013,0,26,2000,500,924,0,0,0,0,0,0,1,0,0,0,141.60000610351562,-1,39.4000244140625,8212,1,-121.25,160.6500244140625,4,0,0,0,0,3036
4014,0,27,2000,500,924,0,0,0,0,0,0,1,0,0,0,141.60000610351562,-1,39.4000244140625,8212,1,-121.25,160.6500244140625,4,0,0,0,0,3036
4015,0,28,2000,500,924,0,0,0,0,0,0,1,0,0,0,141.60000610351562,-1,39.4000244140625,8212,1,-121.25,160.6500244140625,4,0,0,0,0,3036
4016,0,29,2000,500,924,0,0,0,0,0,0,1,0,0,0,141.60000610351562,-1,39.4000244140625,8212,1,-121.25,160.6500244140625,4,0,0,0,0,3036
4017,0,30,2000,500,924,0,0,0,0,0,0,1,0,0,0,141.60000610351562,-1,39.4000244140625,8212,1,-121.25,160.6500244140625,4,0,0,0,0,3036
4018,0,31,2000,500,924,0,0,0,0,0,0,1,0,0,0,141.60000610351562,-1,39.4000244140625,8212,1,-121.25,160.6500244140625,4,0,0,0,0,3036
4019,0,32,2000,500,924,0,0,0,0,0,0,1,0,0,0,141.60000610351562,-1,39.4000244140625,8212,1,-121.25,160.6500244140625,4,0,0,0,0,3036
4020,0,33,2000,500,924,0,0,0,0,0,0,1,0,0,0,141.60000610351562,-1,39.4000244140625,8212,1,-121.25,160.6500244140625,4,0,0,0,0,3036
4021,0,34,2000,500,924,0,0,0,0,0,0,1,0,0,0,141.60000610351562,-1,39.4000244140625,8212,1,-121.25,160.6500244140625,5,0,0,0,0,3036
4022,0,35,2000,500,924,0,0,0,0,0,0,1,0,0,0,141.60000610351562,-1,39.4000244140625,8212,1,-121.25,160.6500244140625,5,0,0,0,0,3036
4023,0,36,2000,500,924,0,0,0,0,0,0,1,0,0,0,141.60000610351562,-1,39.4000244140625,8212,1,-121.25,160.6500244140625,5,0,0,0,0,3036
4024,0,37,2000,500,860,0,0,0,0,0,0,1,0,0,0,141.60000610351562,-1,39.4000244140625,8212,1,-121.25,160.6500244140625,5,0,0,0,0,4054
4025,0,38,2000,500,860,0,0,0,0,0,0,1,0,0,0,141.60000610351562,-1,39.4000244140625,8212,1,-121.25,160.6500244140625,5,0,0,0,0,4054
4026,0,39,2000,500,860,0,0,0,0,0,0,1,0,0,0,141.60000610351562,-1,39.4000244140625,8212,1,-121.25,160.6500244140625,5,0,0,0,0,4054
4027,0,40,2000,500,860,0,0,0,0,0,0,1,0,0,0,141.60000610351562,-1,39.4000244140625,8212,1,-121.25,160.6500244140625,5,0,0,0,0,4054
4028,0,41,2000,500,860,0,0,0,0,0,0,1,0,0,0,141.60000610351562,-1,39.4000244140625,8212,1,-121.25,160.6500244140625,5,0,0,0,0,4054
4029,0,42,2000,500,860,0,0,0,0,0,0,1,0,0,0,141.60000610351562,-1,39.4000244140625,8212,1,-121.25,160.6500244140625,5,0,0,0,0,4054
4030,0,43,2000,500,860,0,0,0,0,0,0,1,0,0,0,141.60000610351562,-1,39.4000244140625,8212,1,-121.25,160.6500244140625,5,0,0,0,0,4054
4031,0,44,2000,500,860,0,0,0,0,0,0,1,0,0,0,141.60000610351562,-1,39.4000244140625,8212,1,-121.25,160.6500244140625,5,0,0,0,0,4054
4032,0,45,2000,500,860,0,0,0,0,0,0,1,0,0,0,141.60000610351562,-1,39.4000244140625,8212,1,-121.25,160.6500244140625,5,0,0,0,0,4054
4033,0,46,2000,500,860,0,0,0,0,0,0,1,0,0,0,141.60000610351562,-1,39.4000244140625,8212,1,-121.25,160.6500244140625,6,0,0,0,0,4054
4034,0,47,2000,500,860,0,0,0,0,0,0,1,0,0,0,141.60000610351562,-1,39.4000244140625,8212,1,-121.25,160.6500244140625,6,0,0,0,0,4054
4035,0,48,2000,500,860,0,0,0,0,0,0,1,0,0,0,141.60000610351562,-1,39.4000244140625,8212,1,-121.25,160.6500244140625,6,0,0,0,0,4054
4036,0,49,2000,500,860,0,0,0,0,0,0,1,0,0,0,141.60000610351562,-1,39.4000244140625,8212,1,-121.25,160.6500244140625,6,0,0,0,0,4054
4037,0,50,2000,500,860,0,0,0,0,0,0,1,0,0,0,141.60000610351562,-1,39.4000244140625,8212,1,-121.25,160.6500244140625,6,0,0,0,0,4054
4038,0,51,2000,500,860,0,0,0,0,0,0,1,0,0,0,141.60000610351562,-1,39.4000244140625,8212,1,-121.25,160.6500244140625,6,0,0,0,0,4054
4039,0,52,2000,500,860,0,0,0,0,0,0,1,0,0,0,141.60000610351562,-1,39.4000244140625,8212,1,-121.25,160.6500244140625,1,0,0,0,0,4054
4040,0,53,2000,500,860,0,0,0,0,0,0,1,0,0,0,141.60000610351562,-1,39.4000244140625,8212,1,-121.25,160.6500244140625,1,0,0,0,0,4054
4041,0,54,2000,500,860,0,0,0,0,0,0,1,0,0,0,141.60000610351562,-1,45.60002136230469,8213,1,-121.25,166.8500213623047,1,0,0,0,0,4054
4042,0,55,2000,500,860,0,0,0,0,0,0,1,0,0,0,141.60000610351562,-1,45.60002136230469,8213,1,-121.25,166.8500213623047,1,0,0,0,0,4054
4043,0,56,2000,500,860,0,0,0,0,0,0,1,0,0,0,141.60000610351562,-1,51.800018310546875,8213,1,-121.25,173.05001831054688,1,0,0,0,0,4054
4044,0,57,2000,500,860,0,0,0,0,0,0,1,0,0,0,141.60000610351562,-1,58.000030517578125,8213,1,-121.25,179.25003051757812,1,0,0,0,0,4054
4045,0,58,2000,500,860,0,0,0,0,0,0,1,0,0,0,141.60000610351562,-1,64.20002746582031,8213,1,-121.25,185.4500274658203,2,0,0,0,0,4054
4046,0,59,2000,500,860,0,0,0,0,0,0,1,0,0,0,141.60000610351562,-1,70.4000244140625,8213,1,-121.25,191.6500244140625,2,0,0,0,0,4054
4047,0,60,2000,500,860,0,0,0,0,0,0,1,0,0,0,141.60000610351562,-1,76.60002136230469,8213,1,-121.25,197.8500213623047,2,0,0,0,0,4054
4048,0,61,2000,500,860,0,0,0,0,0,0,1,0,0,0,141.60000610351562,-1,82.80001831054688,8213,1,-121.25,204.05001831054688,2,0,0,0,0,4054
4049,0,62,2000,500,860,0,0,0,0,0,0,1,0,0,0,141.60000610351562,-1,89.00001525878906,8213,1,-121.25,210.25001525878906,3,0,0,0,0,4054
4050,0,63,2000,500,860,0,0,0,0,0,0,1,0,0,0,141.60000610351562,-1,95.20001220703125,8213,1,-121.25,216.45001220703125,3,0,0,0,0,4054
4051,0,64,2000,500,860,0,0,0,0,0,0,1,0,0,0,141.60000610351562,-1,101.40000915527344,8213,1,-121.25,222.65000915527344,3,0,0,0,0,4054
4052,0,65,2000,500,860,0,0,0,0,0,0,1,0,0,0,141.60000610351562,-1,107.60000610351562,8213,1,-121.25,228.85000610351562,3,0,0,0,0,4054
4053,0,66,2000,500,860,0,0,0,0,0,0,1,0,0,0,141.60000610351562,-1,113.80000305175781,8213,0,-121.25,235.0500030517578,4,0,0,0,0,4054
4054,0,67,2000,500,860,0,0,0,0,0,0,1,0,0,0,141.60000610351562,-1,120,8214,0,-121.25,241.25,1,0,0,0,0,4054
4055,0,68,2000,500,860,0,0,0,0,0,0,1,0,0,0,141.60000610351562,-1,120,8214,0,-121.25,241.25,1,0,0,0,0,4054
4056,0,69,2000,500,860,0,0,0,0,0,0,1,0,0,0,141.60000610351562,-1,120,8214,0,-121.25,241.25,1,0,0,0,0,4054
4057,0,70,2000,500,860,0,0,0,0,0,0,1,0,0,0,141.60000610351562,-1,120,8214,0,-121.25,241.25,1,0,0,0,0,4054
4058,0,71,2000,500,860,0,0,0,0,0,0,1,0,0,0,141.60000610351562,-1,120,8214,0,-121.25,241.25,2,0,0,0,0,4054
4059,0,72,2000,500,860,0,0,0,0,0,0,1,0,0,0,141.60000610351562,-1,120,8214,0,-121.25,241.25,2,0,0,0,0,4054
4060,0,73,2000,500,860,0,0,0,0,0,0,1,0,0,0,141.60000610351562,-1,120,8214,0,-121.25,241.25,2,0,0,0,0,4054
4061,0,74,2000,500,860,0,0,0,0,0,0,1,0,0,0,141.60000610351562,-1,120,8214,0,-121.25,241.25,2,0,0,0,0,4054
4062,0,75,2000,500,860,0,0,0,0,0,0,1,0,0,0,141.60000610351562,-1,120,8214,0,-121.25,241.25,2,0,0,0,0,4054
4063,0,76,2000,500,860,0,0,0,0,0,0,1,0,0,0,141.60000610351562,-1,120,8214,0,-121.25,241.25,3,0,0,0,0,4054
4064,0,77,2000,500,860,0,0,0,0,0,0,1,0,0,0,141.60000610351562,-1,120,8214,0,-121.25,241.25,3,0,0,0,0,4054
4065,0,78,2000,500,860,0,0,0,0,0,0,1,0,0,0,141.60000610351562,-1,120,8214,0,-121.25,241.25,3,0,0,0,0,4054
4066,0,79,2000,500,860,0,0,0,0,0,0,1,0,0,0,141.60000610351562,-1,120,8214,0,-121.25,241.25,3,0,0,0,0,4054
4067,0,80,2000,500,860,0,0,0,0,0,0,1,0,0,0,141.60000610351562,-1,120,8214,0,-121.25,241.25,3,0,0,0,0,4054
4068,0,81,2000,500,860,0,0,0,0,0,0,1,0,0,0,141.60000610351562,-1,120,8214,0,-121.25,241.25,4,0,0,0,0,4054
4069,0,82,2000,500,860,0,0,0,0,0,0,1,0,0,0,141.60000610351562,-1,120,8214,0,-121.25,241.25,4,0,0,0,0,4054
4070,0,83,2000,500,860,0,0,0,0,0,0,1,0,0,0,141.60000610351562,-1,120,8214,0,-121.25,241.25,4,0,0,0,0,4054
4071,0,84,2000,500,860,0,0,0,0,0,0,1,0,0,0,141.60000610351562,-1,120,8214,0,-121.25,241.25,4,0,0,0,0,4054
4072,0,85,2000,500,860,0,0,0,0,0,0,1,0,0,0,141.60000610351562,-1,120,8214,0,-121.25,241.25,4,0,0,0,0,4054
4073,0,86,2000,500,860,0,0,0,0,0,0,1,0,0,0,141.60000610351562,-1,120,8214,0,-121.25,241.25,5,0,0,0,0,4054
4074,0,87,2000,500,860,0,0,0,0,0,0,1,0,0,0,141.60000610351562,-1,120,8214,0,-121.25,241.25,5,0,0,0,0,4054
4075,0,88,2000,500,860,0,0,0,0,0,0,1,0,0,0,141.60000610351562,-1,120,8214,0,-121.25,241.25,5,0,0,0,0,4054
4076,0,89,2000,500,860,0,0,0,0,0,0,1,0,0,0,141.60000610351562,-1,120,8214,0,-121.25,241.25,5,0,0,0,0,4054
4077,0,90,2000,500,860,0,0,0,0,0,0,1,0,0,0,141.60000610351562,-1,120,8214,0,-121.25,241.25,5,0,0,0,0,4054
4078,0,91,2000,500,860,0,0,0,0,0,0,1,0,0,0,141.60000610351562,-1,120,8214,0,-121.25,241.25,6,0,0,0,0,4054
4079,0,92,2000,500,860,0,0,0,0,0,0,1,0,0,0,141.60000610351562,-1,120,8214,0,-121.25,241.25,6,0,0,0,0,4054
4080,0,93,2000,500,860,0,0,0,0,0,0,1,0,0,0,141.60000610351562,-1,120,8214,0,-121.25,241.25,6,0,0,0,0,4054
4081,0,94,2000,500,860,0,0,0,0,0,0,1,0,0,0,141.60000610351562,-1,120,8214,0,-121.25,241.25,6,0,0,0,0,4054
4082,0,95,2000,500,860,0,0,0,0,0,0,1,0,0,0,141.60000610351562,-1,120,8214,0,-121.25,241.25,6,0,0,0,0,4054
4083,0,96,2000,500,860,0,0,0,0,0,0,1,0,0,0,141.60000610351562,-1,120,8214,0,-121.25,241.25,1,0,0,0,0,4054
4084,0,97,2000,500,860,0,0,0,0,0,0,1,0,0,0,141.60000610351562,-1,120,8200,0,-121.25,241.25,1,0,0,0,0,4054
4085,0,98,2000,500,860,0,0,0,0,0,0,1,0,0,0,141.60000610351562,-1,120,8200,0,-121.25,241.25,1,0,0,0,0,4054
4086,0,99,2000,500,860,0,0,0,0,0,0,1,0,0,0,141.60000610351562,-1,120,8200,0,-121.25,241.25,1,0,0,0,0,4054
4087,0,100,2000,500,860,0,0,0,0,0,0,1,0,0,0,141.60000610351562,-1,120,8200,0,-121.25,241.25,1,0,0,0,0,4054
4088,0,101,2000,500,860,0,0,0,0,0,0,1,0,0,0,141.60000610351562,-1,120,8200,0,-121.25,241.25,1,0,0,0,0,4054
4089,0,102,2000,500,860,0,0,0,0,0,0,1,0,0,0,141.60000610351562,-1,120,8200,0,-121.25,241.25,1,0,0,0,0,4054
4090,0,103,2000,500,860,0,0,0,0,0,0,1,0,0,0,141.60000610351562,-1,120,8200,0,-121.25,241.25,1,0,0,0,0,4054
4091,0,104,2000,500,860,0,0,0,0,0,0,1,0,0,0,141.60000610351562,-1,120,8200,0,-121.25,241.25,1,0,0,0,0,4054
4092,0,105,2000,500,860,0,0,0,0,0,0,1,0,0,0,141.60000610351562,-1,120,8200,0,-121.25,241.25,1,0,0,0,0,4054
4093,0,106,2000,500,860,0,0,0,0,0,0,1,0,0,0,141.60000610351562,-1,120,8200,0,-121.25,241.25,1,0,0,0,0,4054
4094,0,107,2000,500,860,0,0,0,0,0,0,1,0,0,0,141.60000610351562,-1,120,8200,0,-121.25,241.25,1,0,0,0,0,4054
4095,0,108,2000,500,860,0,0,0,0,0,0,1,0,0,0,141.60000610351562,-1,120,8200,0,-121.25,241.25,2,0,0,0,0,4054
4096,0,109,2000,500,860,0,0,0,0,0,0,1,0,0,0,141.60000610351562,-1,120,8200,0,-121.25,241.25,2,0,0,0,0,4054
4097,0,110,2000,500,860,0,0,0,0,0,0,1,0,0,0,141.60000610351562,-1,120,8200,0,-121.25,241.25,2,0,0,0,0,4054
4098,0,111,2000,500,860,0,0,0,0,0,0,1,0,0,0,141.60000610351562,-1,120,8200,0,-121.25,241.25,2,0,0,0,0,4054
4099,0,112,2000,500,860,0,0,0,0,0,0,1,0,0,0,141.60000610351562,-1,120,8200,0,-121.25,241.25,2,0,0,0,0,4054
4100,0,113,2000,500,860,0,0,0,0,0,0,1,0,0,0,141.60000610351562,-1,120,8200,0,-121.25,241.25,2,0,0,0,0,4054
4101,0,114,2000,500,860,0,0,0,0,0,0,1,0,0,0,141.60000610351562,-1,120,8200,0,-121.25,241.25,2,0,0,0,0,4054
4102,0,115,2000,500,860,0,0,0,0,0,0,1,0,0,0,141.60000610351562,-1,120,8200,0,-121.25,241.25,2,0,0,0,0,4054
4103,0,116,2000,500,860,0,0,0,0,0,0,1,0,0,0,141.60000610351562,-1,120,8200,0,-121.25,241.25,2,0,0,0,0,4054
4104,0,117,2000,500,860,0,0,0,0,0,0,1,0,0,0,142.10000610351562,-1,120,8200,0,-121.25,241.25,2,0,0,0,0,4054
4105,0,118,2000,500,860,0,0,0,0,0,0,1,0,0,0,143.60000610351562,-1,120,8200,0,-121.75,241.75,2,0,0,0,0,4054
4106,0,119,2000,500,860,0,0,0,0,0,0,1,0,0,0,144.35000610351562,-1,120,8200,0,-123.25,243.25,2,0,0,0,0,4054
4107,0,120,2000,500,860,0,0,0,0,0,0,1,0,0,0,144.60000610351562,-1,120,8200,0,-124,244,3,0,0,0,0,4054
4108,0,121,2000,500,860,0,0,0,0,0,0,1,0,0,0,144.85000610351562,-1,120,8200,0,-124.25,244.25,3,0,0,0,0,4054
4109,0,122,2000,500,860,0,0,0,0,0,0,1,0,0,0,144.85000610351562,-1,120,8200,0,-124.5,244.5,3,0,0,0,0,4054
4110,0,123,2000,500,860,0,0,0,0,0,0,1,0,0,0,144.85000610351562,-1,120,8200,0,-124.5,244.5,3,0,0,0,0,4054
4111,0,124,2000,500,860,0,0,0,0,0,0,1,0,0,0,144.85000610351562,-1,120,8200,0,-124.5,244.5,3,0,0,0,0,4054
4112,0,125,2000,500,860,0,0,0,0,0,0,1,0,0,0,144.85000610351562,-1,120,8200,0,-124.5,244.5,3,0,0,0,0,4054
4113,0,126,2000,500,860,0,0,0,0,0,0,1,0,0,0,144.85000610351562,-1,120,8200,0,-124.5,244.5,3,0,0,0,0,4054
4114,0,127,2000,500,860,0,0,0,0,0,0,1,0,0,0,144.85000610351562,-1,120,8200,0,-124.5,244.5,3,0,0,0,0,4054
4115,0,128,2000,500,860,0,0,0,0,0,0,1,0,0,0,144.85000610351562,-1,120,8200,0,-124.5,244.5,3,0,0,0,0,4054
4116,0,129,2000,500,860,0,0,0,0,0,0,1,0,0,0,144.85000610351562,-1,120,8200,0,-124.5,244.5,3,0,0,0,0,4054
4117,0,130,2000,500,860,0,0,0,0,0,0,1,0,0,0,144.85000610351562,-1,120,8200,0,-124.5,244.5,3,0,0,0,0,4054
4118,0,131,2000,500,860,0,0,0,0,0,0,1,0,0,0,144.85000610351562,-1,120,8200,0,-124.5,244.5,3,0,0,0,0,4054
4119,0,132,2000,500,860,0,0,0,0,0,0,1,0,0,0,144.85000610351562,-1,120,8200,0,-124.5,244.5,4,0,0,0,0,4054
4120,0,133,2000,500,860,0,0,0,0,0,0,1,0,0,0,144.85000610351562,-1,120,8200,0,-124.5,244.5,4,0,0,0,0,4054
4121,0,134,2000,500,860,0,0,0,0,0,0,1,0,0,0,144.85000610351562,-1,120,8200,0,-124.5,244.5,4,0,0,0,0,4054
4122,0,135,2000,500,860,0,0,0,0,0,0,1,0,0,0,144.85000610351562,-1,120,8200,0,-124.5,244.5,4,0,0,0,0,4054
4123,0,136,2000,500,860,0,0,0,0,0,0,1,0,0,0,144.85000610351562,-1,120,8200,0,-124.5,244.5,4,0,0,0,0,4054
4124,0,137,2000,500,860,0,0,0,0,0,0,1,0,0,0,144.85000610351562,-1,120,8200,0,-124.5,244.5,4,0,0,0,0,4054
4125,0,138,2000,500,860,0,0,0,0,0,0,1,0,0,0,144.85000610351562,-1,120,8200,0,-124.5,244.5,4,0,0,0,0,4054
4126,0,139,2000,500,860,0,0,0,0,0,0,1,0,0,0,144.85000610351562,-1,120,8200,0,-124.5,244.5,4,0,0,0,0,4054
4127,0,140,2000,500,860,0,0,0,0,0,0,1,0,0,0,144.85000610351562,-1,120,8200,0,-124.5,244.5,4,0,0,0,0,4054
4128,0,141,2000,500,860,0,0,0,0,0,0,1,0,0,0,144.85000610351562,-1,120,8200,0,-124.5,244.5,4,0,0,0,0,4054
4129,0,142,2000,500,860,0,0,0,0,0,0,1,0,0,0,144.85000610351562,-1,120,8200,0,-124.5,244.5,4,0,0,0,0,4054
4130,0,143,2000,500,860,0,0,0,0,0,0,1,0,0,0,144.85000610351562,-1,120,8200,0,-124.5,244.5,4,0,0,0,0,4054
4131,0,144,2000,500,860,0,0,0,0,0,0,1,0,0,0,144.85000610351562,-1,120,8200,0,-124.5,244.5,5,0,0,0,0,4054
4132,0,145,2000,500,860,0,0,0,0,0,0,1,0,0,0,144.85000610351562,-1,120,8200,0,-124.5,244.5,5,0,0,0,0,4054
4133,0,146,2000,500,860,0,0,0,0,0,0,1,0,0,0,144.85000610351562,-1,120,8200,0,-124.5,244.5,5,0,0,0,0,4054
4134,0,147,2000,500,860,0,0,0,0,0,0,1,0,0,0,144.85000610351562,-1,120,8200,0,-124.5,244.5,5,0,0,0,0,4054
4135,0,148,2000,500,860,0,0,0,0,0,0,1,0,0,0,144.85000610351562,-1,120,8200,0,-124.5,244.5,5,0,0,0,0,4054
4136,0,149,2000,500,860,0,0,0,0,0,0,1,0,0,0,144.85000610351562,-1,120,8200,0,-124.5,244.5,5,0,0,0,0,4054
4137,0,150,2000,500,860,0,0,0,0,0,0,1,0,0,0,144.85000610351562,-1,120,8200,0,-124.5,244.5,5,0,0,0,0,4054
4138,0,151,2000,500,860,0,0,0,0,0,0,1,0,0,0,144.85000610351562,-1,120,8200,0,-124.5,244.5,5,0,0,0,0,4054
4139,0,152,2000,500,860,0,0,0,0,0,0,1,0,0,0,144.85000610351562,-1,120,8200,0,-124.5,244.5,5,0,0,0,0,4054
4140,0,153,2000,500,860,0,0,0,0,0,0,1,0,0,0,144.85000610351562,-1,120,8200,0,-124.5,244.5,5,0,0,0,0,4054
4141,0,154,2000,500,860,0,0,0,0,0,0,1,0,0,0,144.85000610351562,-1,120,8200,0,-124.5,244.5,5,0,0,0,0,4054
4142,0,155,2000,500,860,0,0,0,0,0,0,1,0,0,0,144.85000610351562,-1,120,8200,0,-124.5,244.5,5,0,0,0,0,4054
4143,0,156,2000,500,860,0,0,0,0,0,0,1,0,0,0,144.85000610351562,-1,120,8200,0,-124.5,244.5,6,0,0,0,0,4054
4144,0,157,2000,500,860,0,0,0,0,0,0,1,0,0,0,144.85000610351562,-1,120,8200,0,-124.5,244.5,6,0,0,0,0,4054
4145,0,158,2000,500,860,0,0,0,0,0,0,1,0,0,0,144.85000610351562,-1,120,8200,0,-124.5,244.5,6,0,0,0,0,4054
4146,0,159,2000,500,860,0,0,0,0,0,0,1,0,0,0,144.85000610351562,-1,120,8200,0,-124.5,244.5,6,0,0,0,0,4054
4147,0,160,2000,500,860,0,0,0,0,0,0,1,0,0,0,144.85000610351562,-1,120,8200,0,-124.5,244.5,6,0,0,0,0,4054
4148,0,161,2000,500,860,0,0,0,0,0,0,1,0,0,0,144.85000610351562,-1,120,8200,0,-124.5,244.5,6,0,0,0,0,4054
4149,0,162,2000,500,860,0,0,0,0,0,0,1,0,0,0,144.85000610351562,-1,120,8200,0,-124.5,244.5,6,0,0,0,0,4054
4150,0,163,2000,500,860,0,0,0,0,0,0,1,0,0,0,144.85000610351562,-1,120,8200,0,-124.5,244.5,6,0,0,0,0,4054
4151,0,164,2000,500,860,0,0,0,0,0,0,1,0,0,0,144.85000610351562,-1,120,8200,0,-124.5,244.5,6,0,0,0,0,4054
4152,0,165,2000,500,860,0,0,0,0,0,0,1,0,0,0,144.85000610351562,-1,120,8200,0,-124.5,244.5,6,0,0,0,0,4054
4153,0,166,2000,500,860,0,0,0,0,0,0,1,0,0,0,144.85000610351562,-1,120,8200,0,-124.5,244.5,6,0,0,0,0,4054
4154,0,167,2000,500,860,0,0,0,0,0,0,1,0,0,0,144.85000610351562,-1,120,8200,0,-124.5,244.5,6,0,0,0,0,4054
4155,0,168,2000,500,860,0,0,0,0,0,0,1,0,0,0,144.85000610351562,-1,120,8200,0,-124.5,244.5,7,0,0,0,0,4054
4156,0,169,2000,500,860,0,0,0,0,0,0,1,0,0,0,144.85000610351562,-1,120,8200,0,-124.5,244.5,7,0,0,0,0,4054
4157,0,170,2000,500,860,0,0,0,0,0,0,1,0,0,0,144.85000610351562,-1,120,8200,0,-124.5,244.5,7,0,0,0,0,4054
4158,0,171,2000,500,860,0,0,0,0,0,0,1,0,0,0,144.85000610351562,-1,120,8200,0,-124.5,244.5,7,0,0,0,0,4054
4159,0,172,2000,500,860,0,0,0,0,0,0,1,0,0,0,144.85000610351562,-1,120,8200,0,-124.5,244.5,7,0,0,0,0,4054
4160,0,173,2000,500,860,0,0,0,0,0,0,1,0,0,0,144.85000610351562,-1,120,8200,0,-124.5,244.5,7,0,0,0,0,4054
4161,0,174,2000,500,860,0,0,0,0,0,0,1,0,0,0,144.85000610351562,-1,120,8200,0,-124.5,244.5,7,0,0,0,0,4054
4162,0,175,2000,500,860,0,0,0,0,0,0,1,0,0,0,144.85000610351562,-1,120,8200,0,-124.5,244.5,7,0,0,0,0,4054
4163,0,176,2000,500,860,0,0,0,0,0,0,1,0,0,0,144.85000610351562,-1,120,8200,0,-124.5,244.5,7,0,0,0,0,4054
4164,0,177,2000,500,860,0,0,0,0,0,0,1,0,0,0,144.85000610351562,-1,120,8200,0,-124.5,244.5,7,0,0,0,0,4054
4165,0,178,2000,500,860,0,0,0,0,0,0,1,0,0,0,144.85000610351562,-1,120,8200,0,-124.5,244.5,7,0,0,0,0,4054
4166,0,179,2000,500,860,0,0,0,0,0,0,1,0,0,0,144.85000610351562,-1,120,8200,0,-124.5,244.5,7,0,0,0,0,4054
4167,0,180,2000,500,860,0,0,0,0,0,0,1,0,0,0,144.85000610351562,-1,120,8200,0,-124.5,244.5,8,0,0,0,0,4054
4168,0,181,2000,500,860,0,0,0,0,0,0,1,0,0,0,144.85000610351562,-1,120,8200,0,-124.5,244.5,8,0,0,0,0,4054
4169,0,182,2000,500,860,0,0,0,0,0,0,1,0,0,0,144.85000610351562,-1,120,8200,0,-124.5,244.5,8,0,0,0,0,4054
4170,0,183,2000,500,860,0,0,0,0,0,0,1,0,0,0,144.85000610351562,-1,120,8200,0,-124.5,244.5,8,0,0,0,0,4054
4171,0,184,2000,500,860,0,0,0,0,0,0,1,0,0,0,144.85000610351562,-1,120,8200,0,-124.5,244.5,8,0,0,0,0,4054
4172,0,185,2000,500,860,0,0,0,0,0,0,1,0,0,0,144.85000610351562,-1,120,8200,0,-124.5,244.5,8,0,0,0,0,4054
4173,0,186,2000,500,860,0,0,0,0,0,0,1,0,0,0,144.85000610351562,-1,120,8200,0,-124.5,244.5,8,0,0,0,0,4054
4174,0,187,2000,500,860,0,0,0,0,0,0,1,0,0,0,144.85000610351562,-1,120,8200,0,-124.5,244.5,8,0,0,0,0,4054
4175,0,188,2000,500,860,0,0,0,0,0,0,1,0,0,0,144.85000610351562,-1,120,8200,0,-124.5,244.5,8,0,0,0,0,4054
4176,0,189,2000,500,860,0,0,0,0,0,0,1,0,0,0,144.85000610351562,-1,120,8200,0,-124.5,244.5,8,0,0,0,0,4054
4177,0,190,2000,500,860,0,0,0,0,0,0,1,0,0,0,144.85000610351562,-1,120,8200,0,-124.5,244.5,8,0,0,0,0,4054
4178,0,191,2000,500,860,0,0,0,0,0,0,1,0,0,0,144.85000610351562,-1,120,8200,0,-124.5,244.5,8,0,0,0,0,4054
4179,0,192,2000,500,860,0,0,0,0,0,0,1,0,0,0,144.85000610351562,-1,120,8200,0,-124.5,244.5,9,0,0,0,0,4054
4180,0,193,2000,500,860,0,0,0,0,0,0,1,0,0,0,144.85000610351562,-1,120,8200,0,-124.5,244.5,9,0,0,0,0,4054
4181,0,194,2000,500,860,0,0,0,0,0,0,1,0,0,0,144.85000610351562,-1,120,8200,0,-124.5,244.5,9,0,0,0,0,4054
4182,0,195,2000,500,860,0,0,0,0,0,0,1,0,0,0,144.85000610351562,-1,120,8200,0,-124.5,244.5,9,0,0,0,0,4054
4183,0,196,2000,500,860,0,0,0,0,0,0,1,0,0,0,144.85000610351562,-1,120,8200,0,-124.5,244.5,9,0,0,0,0,4054
4184,0,197,2000,500,860,0,0,0,0,0,0,1,0,0,0,144.85000610351562,-1,120,8200,0,-124.5,244.5,9,0,0,0,0,4054
4185,0,198,2000,500,860,0,0,0,0,0,0,1,0,0,0,144.85000610351562,-1,120,8200,0,-124.5,244.5,9,0,0,0,0,4054
4186,0,199,2000,500,860,0,0,0,0,0,0,1,0,0,0,144.85000610351562,-1,120,8200,0,-124.5,244.5,9,0,0,0,0,4054
4187,0,200,2000,500,860,0,0,0,0,0,0,1,0,0,0,144.85000610351562,-1,120,8200,0,-124.5,244.5,9,0,0,0,0,4054
4188,0,201,2000,500,860,0,0,0,0,0,0,1,0,0,0,144.85000610351562,-1,120,8200,0,-124.5,244.5,9,0,0,0,0,4054
4189,0,202,2000,500,860,0,0,0,0,0,0,1,0,0,0,144.85000610351562,-1,120,8200,0,-124.5,244.5,9,0,0,0,0,4054
4190,0,203,2000,500,860,0,0,0,0,0,0,1,0,0,0,144.85000610351562,-1,120,8200,0,-124.5,244.5,9,0,0,0,0,4054
4191,0,204,2000,500,860,0,0,0,0,0,0,1,0,0,0,144.85000610351562,-1,120,8200,0,-124.5,244.5,10,0,0,0,0,4054
4192,0,205,2000,500,860,0,0,0,0,0,0,1,0,0,0,144.85000610351562,-1,120,8200,0,-124.5,244.5,10,0,0,0,0,4054
4193,0,206,2000,500,860,0,0,0,0,0,0,1,0,0,0,144.85000610351562,-1,120,8200,0,-124.5,244.5,10,0,0,0,0,4054
4194,0,207,2000,500,860,0,0,0,0,0,0,1,0,0,0,144.85000610351562,-1,120,8200,0,-124.5,244.5,10,0,0,0,0,4054
4195,0,208,2000,500,860,0,0,0,0,0,0,1,0,0,0,144.85000610351562,-1,120,8200,0,-124.5,244.5,10,0,0,0,0,4054
4196,0,209,2000,500,860,0,0,0,0,0,0,1,0,0,0,144.85000610351562,-1,120,8200,0,-124.5,244.5,10,0,0,0,0,4054
4197,0,210,2000,500,860,0,0,0,0,0,0,1,0,0,0,144.85000610351562,-1,120,8200,0,-124.5,244.5,10,0,0,0,0,4054
4198,0,211,2000,500,860,0,0,0,0,0,0,1,0,0,0,144.85000610351562,-1,120,8200,0,-124.5,244.5,10,0,0,0,0,4054
4199,0,212,2000,500,860,0,0,0,0,0,0,1,0,0,0,144.85000610351562,-1,120,8200,0,-124.5,244.5,10,0,0,0,0,4054
4200,0,213,2000,500,860,0,0,0,0,0,0,1,0,0,0,144.85000610351562,-1,120,8200,0,-124.5,244.5,10,0,0,0,0,4054
4201,0,214,2000,500,860,0,0,0,0,0,0,1,0,0,0,144.85000610351562,-1,120,8200,0,-124.5,244.5,10,0,0,0,0,4054
4202,0,215,2000,500,860,0,0,0,0,0,0,1,0,0,0,144.85000610351562,-1,120,8200,0,-124.5,244.5,10,0,0,0,0,4054
4203,0,216,2000,500,860,0,0,0,0,0,0,1,0,0,0,144.85000610351562,-1,120,8200,0,-124.5,244.5,11,0,0,0,0,4054
4204,0,217,2000,500,860,0,0,0,0,0,0,1,0,0,0,144.85000610351562,-1,120,8200,0,-124.5,244.5,11,0,0,0,0,4054
4205,0,218,2000,500,860,0,0,0,0,0,0,1,0,0,0,144.85000610351562,-1,120,8200,0,-124.5,244.5,11,0,0,0,0,4054
4206,0,219,2000,500,860,0,0,0,0,0,0,1,0,0,0,144.85000610351562,-1,120,8200,0,-124.5,244.5,11,0,0,0,0,4054
4207,0,220,2000,500,860,0,0,0,0,0,0,1,0,0,0,144.85000610351562,-1,120,8200,0,-124.5,244.5,11,0,0,0,0,4054
4208,0,221,2000,500,860,0,0,0,0,0,0,1,0,0,0,144.85000610351562,-1,120,8200,0,-124.5,244.5,11,0,0,0,0,4054
4209,0,222,2000,500,860,0,0,0,0,0,0,1,0,0,0,144.85000610351562,-1,120,8200,0,-124.5,244.5,11,0,0,0,0,4054
4210,0,1,3000,500,1000,0,0,0,0,0,0,1,0,0,0,145,-1,120,8200,0,-124.5,244.5,11,0,0,0,0,1000
4211,0,2,3000,500,1000,0,0,0,0,0,0,1,0,0,0,145,-1,120,8200,0,-124.5,244.5,11,0,0,0,0,1000
4212,0,3,3000,500,1000,0,0,0,0,0,0,1,0,0,0,145,-1,120,8200,0,-124.5,244.5,11,0,0,0,0,1000
4213,0,4,3000,500,1000,0,0,0,0,0,0,1,0,0,0,145,-1,120,8200,0,-124.5,244.5,11,0,0,0,0,1000
4214,0,5,3000,500,1000,0,0,0,0,0,0,1,0,0,0,145,-1,120,8200,0,-124.5,244.5,11,0,0,0,0,1000
4215,0,6,3000,500,1000,0,0,0,0,0,0,1,0,0,0,145,-1,120,8200,0,-124.5,244.5,12,0,0,0,0,1000
4216,0,7,3000,500,1000,0,0,0,0,0,0,1,0,0,0,145,-1,120,8200,0,-124.5,244.5,12,0,0,0,0,1000
4217,0,8,3000,500,1000,0,0,0,0,0,0,1,0,0,0,145,-1,120,8200,0,-124.5,244.5,12,0,0,0,0,1000
4218,0,9,3000,500,1000,0,0,0,0,0,0,1,0,0,0,145,-1,120,8200,0,-124.5,244.5,12,0,0,0,0,1000
4219,10,1,3000,500,1000,0,0,0,0,0,0,1,0,0,0,145,-1,120,8200,0,-124.5,244.5,12,0,0,0,0,1000
4220,10,2,3000,500,1000,0,0,0,0,0,0,1,0,0,0,145,-1,120,8200,0,-124.5,244.5,12,0,0,0,0,1000
4221,10,3,3000,500,1000,0,0,0,0,0,0,1,0,0,0,145,-1,120,8200,0,-124.5,244.5,12,0,0,0,0,1000
4222,10,4,3000,500,1000,0,0,0,0,0,0,1,0,0,0,145,-1,120,8200,0,-124.5,244.5,12,0,0,0,0,1000
4223,10,5,3000,500,1000,0,0,0,0,0,0,1,0,0,0,145,-1,120,8200,0,-124.5,244.5,12,0,0,0,0,1000
4224,10,6,3000,500,1000,0,0,0,0,0,0,1,0,0,0,145,-1,120,8200,0,-124.5,244.5,12,0,0,0,0,1000
4225,12,1,3000,500,1000,0,0,0,0,0,0,1,0,0,0,145,-1,120,8200,0,-124.5,244.5,12,0,0,0,0,1000
4226,20,1,3000,500,1000,0,0,0,0,0,0,1,0,0,0,143.3000030517578,-1,120,8200,0,-124.5,244.5,12,0,0,0,0,1000
4227,20,2,3000,500,1000,0,0,0,0,0,0,1,0,0,0,141.60000610351562,-1,120,8200,0,-124.5,244.5,13,0,0,0,0,1000
4228,10,1,3000,500,1000,0,0,0,0,0,0,1,0,0,0,141.60000610351562,-1,120,8200,0,-124.5,244.5,13,0,0,0,0,1000
4229,10,2,3000,500,1000,0,0,0,0,0,0,1,0,0,0,141.60000610351562,-1,120,8200,0,-124.5,244.5,13,0,0,0,0,1000
4230,10,3,3000,500,1000,0,0,0,0,0,0,1,0,0,0,141.60000610351562,-1,120,8200,0,-124.5,244.5,13,0,0,0,0,1000
4231,10,4,3000,500,1000,0,0,0,0,0,0,1,0,0,0,141.60000610351562,-1,120,8200,0,-124.5,244.5,13,0,0,0,0,1000
4232,10,5,3000,500,1000,0,0,0,0,0,0,1,0,0,0,141.60000610351562,-1,120,8200,0,-124.5,244.5,13,0,0,0,0,1000
4233,10,6,3000,500,1000,0,0,0,0,0,0,1,0,0,0,141.60000610351562,-1,120,8200,0,-124.5,244.5,13,0,0,0,0,1000
4234,10,7,3000,500,1000,0,0,0,0,0,0,1,0,0,0,141.60000610351562,-1,120,8200,0,-124.5,244.5,13,0,0,0,0,1000
4235,10,8,3000,500,1000,0,0,0,0,0,0,1,0,0,0,141.60000610351562,-1,120,8200,0,-124.5,244.5,13,0,0,0,0,1000
4236,10,9,3000,500,1000,0,0,0,0,0,0,1,0,0,0,141.60000610351562,-1,120,8200,0,-124.5,244.5,13,0,0,0,0,1000
4237,3500,1,2000,500,1000,0,0,0,0,0,0,1,0,0,0,141.60000610351562,-1,120,8200,0,-124.5,244.5,13,0,0,0,0,1000
4238,3500,2,2000,500,1000,0,0,0,0,0,0,1,0,0,0,141.60000610351562,-1,120,8200,0,-124.5,244.5,13,0,0,0,0,1000
4239,3500,3,2000,500,1000,0,0,0,0,0,0,1,0,0,0,141.60000610351562,-1,120,8200,0,-124.5,244.5,14,0,0,0,0,1000
4240,3500,4,2000,500,1000,0,0,0,0,0,0,1,0,0,0,141.60000610351562,-1,120,8200,0,-124.5,244.5,14,0,0,0,0,1000
4241,3500,5,2000,500,1000,0,0,0,0,0,0,1,0,0,0,141.60000610351562,-1,120,8200,0,-124.5,244.5,14,0,0,0,0,1000
4242,3500,6,2000,500,1000,0,0,0,0,0,0,1,0,0,0,137.8000030517578,-1,120,8200,0,-124.5,244.5,14,0,0,0,0,1000
4243,3500,7,2000,500,1000,0,0,0,0,0,0,1,0,0,0,134,-1,120,8200,0,-124.5,244.5,14,0,0,0,0,1000
4244,3500,8,2000,500,1000,0,0,0,0,0,0,1,0,0,0,130.1999969482422,-1,120,8200,0,-124.5,244.5,14,0,0,0,0,1000
4245,3500,9,2000,500,1000,0,0,0,0,0,0,1,0,0,0,126.94999694824219,-1,120,8200,0,-124.5,244.5,14,0,0,0,0,1000
4246,3500,10,2000,500,1000,0,0,0,0,0,0,1,0,0,0,125.04999542236328,-1,120,8200,0,-124.5,244.5,14,0,0,0,0,1000
4247,3500,11,2000,500,1000,0,0,0,0,0,0,1,0,0,0,123.1500015258789,-1,120,8200,0,-124.5,244.5,14,0,0,0,0,1000
4248,3500,12,2000,500,1000,0,0,0,0,0,0,1,0,0,0,121.25,-1,120,8200,0,-124.5,244.5,14,0,0,0,0,1000
4249,3500,13,2000,500,1000,0,0,0,0,0,0,1,0,0,0,119.3499984741211,-1,120,8200,0,-124.5,244.5,14,0,0,0,0,1000
4250,3500,14,2000,500,1000,0,0,0,0,0,0,1,0,0,0,117.44999694824219,-1,120,8200,0,-124.5,244.5,14,0,0,0,0,1000
4251,3500,15,2000,500,1000,0,0,0,0,0,0,1,0,0,0,115.54999542236328,-1,120,8200,0,-124.5,244.5,15,0,0,0,0,1000
4252,3500,16,2000,500,1000,0,0,0,0,0,0,1,0,0,0,113.64999389648438,-1,120,8200,0,-124.5,244.5,15,0,0,0,0,1000
4253,3500,17,2000,500,1000,0,0,0,0,0,0,1,0,0,0,111.74999237060547,-1,120,8200,0,-124.5,244.5,15,0,0,0,0,1000
4254,3500,18,2000,500,1000,0,0,0,0,0,0,1,0,0,0,109.8499984741211,-1,120,8200,0,-124.5,244.5,15,0,0,0,0,1000
4255,3500,19,2000,500,1000,0,0,0,0,0,0,1,0,0,0,107.94999694824219,-1,120,8200,0,-124.5,244.5,15,0,0,0,0,1000
4256,3500,19,2000,500,945,0,0,0,0,0,0,1,0,0,0,107.94999694824219,-1,120,8200,0,-124.5,244.5,15,0,0,0,0,2018
4257,3500,19,2000,500,945,0,0,0,0,0,0,1,0,0,0,107.94999694824219,-1,120,8200,0,-124.5,244.5,15,0,0,0,0,2018
4258,3500,19,2000,500,945,0,0,0,0,0,0,1,0,0,0,107.94999694824219,-1,120,8200,0,-124.5,244.5,15,0,0,0,0,2018
4259,3500,19,2000,500,945,0,0,0,0,0,0,1,0,0,0,107.94999694824219,-1,120,8200,0,-124.5,244.5,15,0,0,0,0,2018
4260,3500,19,2000,500,945,0,0,0,0,0,0,1,0,0,0,107.94999694824219,-1,120,8200,0,-124.5,244.5,15,0,0,0,0,2018
4261,3500,19,2000,500,945,0,0,0,0,0,0,1,0,0,0,107.94999694824219,-1,120,8200,0,-124.5,244.5,15,0,0,0,0,2018
4262,3500,20,2000,500,945,0,0,0,0,0,0,1,0,0,0,106.04999542236328,-1,120,8200,0,-124.5,244.5,15,0,0,0,0,2018
4263,3500,21,2000,500,945,0,0,0,0,0,0,1,0,0,0,104.14999389648438,-1,120,8200,0,-124.5,244.5,16,0,0,0,0,2018
4264,3500,22,2000,500,945,0,0,0,0,0,0,1,0,0,0,102.25,-1,120,8200,0,-124.5,244.5,16,0,0,0,0,2018
4265,3500,23,2000,500,945,0,0,0,0,0,0,1,0,0,0,100.0999984741211,-1,120,8200,0,-124.5,244.5,16,0,0,0,0,2018
4266,3500,24,2000,500,945,0,0,0,0,0,0,1,0,0,0,98.19999694824219,-1,120,8200,0,-124.5,244.5,16,0,0,0,0,2018
4267,3500,25,2000,500,945,0,0,0,0,0,0,1,0,0,0,96.30000305175781,-1,120,8200,0,-124.5,244.5,16,0,0,0,0,2018
4268,3500,25,2000,500,890,0,0,0,0,0,0,1,0,0,0,96.30000305175781,-1,120,8200,0,-124.5,244.5,16,0,0,0,0,3036
4269,3500,25,2000,500,890,0,0,0,0,0,0,1,0,0,0,96.30000305175781,-1,120,8200,0,-124.5,244.5,16,0,0,0,0,3036
4270,3500,25,2000,500,890,0,0,0,0,0,0,1,0,0,0,96.30000305175781,-1,120,8200,0,-124.5,244.5,16,0,0,0,0,3036
4271,3500,25,2000,500,890,0,0,0,0,0,0,1,0,0,0,96.30000305175781,-1,120,8200,0,-124.5,244.5,16,0,0,0,0,3036
4272,3500,25,2000,500,890,0,0,0,0,0,0,1,0,0,0,96.30000305175781,-1,120,8200,0,-124.5,244.5,16,0,0,0,0,3036
4273,3500,25,2000,500,890,0,0,0,0,0,0,1,0,0,0,96.30000305175781,-1,120,8200,0,-124.5,244.5,16,0,0,0,0,3036
4274,3500,26,2000,500,890,0,0,0,0,0,0,1,0,0,0,96.30000305175781,-1,120,8200,0,-124.5,244.5,16,0,0,0,0,3036
4275,3500,27,2000,500,890,0,0,0,0,0,0,1,0,0,0,96.30000305175781,-1,120,8200,0,-124.5,244.5,17,0,0,0,0,3036
4276,3500,28,2000,500,890,0,0,0,0,0,0,1,0,0,0,96.30000305175781,-1,120,8200,0,-124.5,244.5,17,0,0,0,0,3036
4277,3500,29,2000,500,890,0,0,0,0,0,0,1,0,0,0,96.30000305175781,-1,120,8200,0,-124.5,244.5,17,0,0,0,0,3036
4278,3500,30,2000,500,890,0,0,0,0,0,0,1,0,0,0,96.30000305175781,-1,120,8200,0,-124.5,244.5,17,0,0,0,0,3036
4279,3500,31,2000,500,890,0,0,0,0,0,0,1,0,0,0,96.30000305175781,-1,120,8200,0,-124.5,244.5,17,0,0,0,0,3036
4280,3500,32,2000,500,890,0,0,0,0,0,0,1,0,0,0,96.30000305175781,-1,120,8200,0,-124.5,244.5,17,0,0,0,0,3036
4281,3500,33,2000,500,890,0,0,0,0,0,0,1,0,0,0,96.30000305175781,-1,120,8200,0,-124.5,244.5,17,0,0,0,0,3036
4282,3500,34,2000,500,890,0,0,0,0,0,0,1,0,0,0,96.30000305175781,-1,120,8200,0,-124.5,244.5,17,0,0,0,0,3036
4283,3500,35,2000,500,890,0,0,0,0,0,0,1,0,0,0,96.30000305175781,-1,120,8200,0,-124.5,244.5,17,0,0,0,0,3036
4284,3500,36,2000,500,890,0,0,0,0,0,0,1,0,0,0,96.30000305175781,-1,120,8200,0,-124.5,244.5,17,0,0,0,0,3036
4285,3500,37,2000,500,890,0,0,0,0,0,0,1,0,0,0,96.30000305175781,-1,120,8200,0,-124.5,244.5,17,0,0,0,0,3036
4286,3500,37,2000,500,820,0,0,0,0,0,0,1,0,0,0,96.30000305175781,-1,120,8200,0,-124.5,244.5,17,0,0,0,0,4054
4287,3500,37,2000,500,820,0,0,0,0,0,0,1,0,0,0,96.30000305175781,-1,120,8200,0,-124.5,244.5,17,0,0,0,0,4054
4288,3500,37,2000,500,820,0,0,0,0,0,0,1,0,0,0,96.30000305175781,-1,120,8200,0,-124.5,244.5,17,0,0,0,0,4054
4289,3500,37,2000,500,820,0,0,0,0,0,0,1,0,0,0,96.30000305175781,-1,120,8200,0,-124.5,244.5,17,0,0,0,0,4054
4290,3500,37,2000,500,820,0,0,0,0,0,0,1,0,0,0,96.30000305175781,-1,120,8200,0,-124.5,244.5,17,0,0,0,0,4054
4291,3500,37,2000,500,820,0,0,0,0,0,0,1,0,0,0,96.30000305175781,-1,120,8200,0,-124.5,244.5,17,0,0,0,0,4054
4292,3500,38,2000,500,820,0,0,0,0,0,0,1,0,0,0,96.30000305175781,-1,120,8200,0,-124.5,244.5,18,0,0,0,0,4054
4293,3500,39,2000,500,820,0,0,0,0,0,0,1,0,0,0,96.30000305175781,-1,120,8200,0,-124.5,244.5,18,0,0,0,0,4054
4294,3500,40,2000,500,820,0,0,0,0,0,0,1,0,0,0,96.30000305175781,-1,120,8200,0,-124.5,244.5,18,0,0,0,0,4054
4295,3500,41,2000,500,820,0,0,0,0,0,0,1,0,0,0,96.30000305175781,-1,120,8200,0,-124.5,244.5,18,0,0,0,0,4054
4296,3500,42,2000,500,820,0,0,0,0,0,0,1,0,0,0,96.30000305175781,-1,120,8200,0,-124.5,244.5,18,0,0,0,0,4054
4297,3500,43,2000,500,820,0,0,0,0,0,0,1,0,0,0,96.30000305175781,-1,120,8200,0,-124.5,244.5,18,0,0,0,0,4054
4298,3500,44,2000,500,820,0,0,0,0,0,0,1,0,0,0,96.30000305175781,-1,120,8200,0,-124.5,244.5,18,0,0,0,0,4054
4299,3500,45,2000,500,820,0,0,0,0,0,0,1,0,0,0,96.30000305175781,-1,120,8200,0,-124.5,244.5,19,0,0,0,0,4054
4300,3500,46,2000,500,820,0,0,0,0,0,0,1,0,0,0,96.30000305175781,-1,120,8200,0,-124.5,244.5,19,0,0,0,0,4054
4301,3500,47,2000,500,820,0,0,0,0,0,0,1,0,0,0,96.30000305175781,-1,120,8200,0,-124.5,244.5,19,0,0,0,0,4054
4302,3500,48,2000,500,820,0,0,0,0,0,0,1,0,0,0,96.30000305175781,-1,120,8200,0,-124.5,244.5,19,0,0,0,0,4054
4303,3500,49,2000,500,820,0,0,0,0,0,0,1,0,0,0,96.30000305175781,-1,120,8200,0,-124.5,244.5,19,0,0,0,0,4054
4304,3500,50,2000,500,820,0,0,0,0,0,0,1,0,0,0,96.30000305175781,-1,120,8200,0,-124.5,244.5,19,0,0,0,0,4054
4305,3500,51,2000,500,820,0,0,0,0,0,0,1,0,0,0,96.30000305175781,-1,120,8200,0,-124.5,244.5,19,0,0,0,0,4054
4306,3500,52,2000,500,820,0,0,0,0,0,0,1,0,0,0,96.30000305175781,-1,120,8200,0,-124.5,244.5,19,0,0,0,0,4054
4307,3500,53,2000,500,820,0,0,0,0,0,0,1,0,0,0,96.30000305175781,-1,120,8200,0,-124.5,244.5,19,0,0,0,0,4054
4308,3500,54,2000,500,820,0,0,0,0,0,0,1,0,0,0,96.30000305175781,-1,120,8200,0,-124.5,244.5,19,0,0,0,0,4054
4309,3500,55,2000,500,820,0,0,0,0,0,0,1,0,0,0,96.30000305175781,-1,120,8200,0,-124.5,244.5,19,0,0,0,0,4054
4310,3500,56,2000,500,820,0,0,0,0,0,0,1,0,0,0,96.30000305175781,-1,120,8200,0,-124.5,244.5,19,0,0,0,0,4054
4311,3500,57,2000,500,820,0,0,0,0,0,0,1,0,0,0,96.30000305175781,-1,120,8200,0,-124.5,244.5,19,0,0,0,0,4054
4312,3500,58,2000,500,820,0,0,0,0,0,0,1,0,0,0,96.30000305175781,-1,120,8200,0,-124.5,244.5,19,0,0,0,0,4054
4313,0,1,2000,500,820,0,0,0,0,0,0,1,0,0,0,96.30000305175781,-1,120,8200,0,-124.5,244.5,19,0,0,0,0,4054
4314,0,2,2000,500,820,0,0,0,0,0,0,1,0,0,0,96.30000305175781,-1,120,8200,0,-124.5,244.5,19,0,0,0,0,4054
4315,0,3,2000,500,820,0,0,0,0,0,0,1,0,0,0,96.30000305175781,-1,120,8200,0,-124.5,244.5,19,0,0,0,0,4054
4316,0,4,2000,500,820,0,0,0,0,0,0,1,0,0,0,96.30000305175781,-1,120,8200,0,-124.5,244.5,19,0,0,0,0,4054
4317,0,5,2000,500,820,0,0,0,0,0,0,1,0,0,0,96.30000305175781,-1,120,8200,0,-124.5,244.5,20,0,0,0,0,4054
4318,0,6,2000,500,820,0,0,0,0,0,0,1,0,0,0,96.30000305175781,-1,120,8200,0,-124.5,244.5,20,0,0,0,0,4054
4319,0,7,2000,500,820,0,0,0,0,0,0,1,0,0,0,96.30000305175781,-1,120,8200,0,-124.5,244.5,20,0,0,0,0,4054
4320,0,8,2000,500,820,0,0,0,0,0,0,1,0,0,0,96.30000305175781,-1,120,8200,0,-124.5,244.5,20,0,0,0,0,4054
4321,0,9,2000,500,820,0,0,0,0,0,0,1,0,0,0,96.30000305175781,-1,120,8200,0,-124.5,244.5,20,0,0,0,0,4054
4322,0,10,2000,500,820,0,0,0,0,0,0,1,0,0,0,96.30000305175781,-1,120,8200,0,-124.5,244.5,20,0,0,0,0,4054
4323,0,11,2000,500,820,0,0,0,0,0,0,1,0,0,0,96.30000305175781,-1,120,8200,0,-124.5,244.5,20,0,0,0,0,4054
4324,0,12,2000,500,820,0,0,0,0,0,0,1,0,0,0,96.30000305175781,-1,120,8200,0,-124.5,244.5,20,0,0,0,0,4054
4325,0,13,2000,500,820,0,0,0,0,0,0,1,0,0,0,96.30000305175781,-1,120,8200,0,-124.5,244.5,20,0,0,0,0,4054
4326,0,14,2000,500,820,0,0,0,0,0,0,1,0,0,0,96.30000305175781,-1,120,8200,0,-124.5,244.5,20,0,0,0,0,4054
4327,0,15,2000,500,820,0,0,0,0,0,0,1,0,0,0,96.30000305175781,-1,120,8200,0,-124.5,244.5,20,0,0,0,0,4054
4328,0,16,2000,500,820,0,0,0,0,0,0,1,0,0,0,96.30000305175781,-1,120,8200,0,-124.5,244.5,20,0,0,0,0,4054
4329,0,17,2000,500,820,0,0,0,0,0,0,1,0,0,0,96.30000305175781,-1,120,8200,0,-124.5,244.5,20,0,0,0,0,4054
4330,0,18,2000,500,820,0,0,0,0,0,0,1,0,0,0,96.30000305175781,-1,120,8200,0,-124.5,244.5,20,0,0,0,0,4054
4331,0,19,2000,500,820,0,0,0,0,0,0,1,0,0,0,96.30000305175781,-1,120,8200,0,-124.5,244.5,20,0,0,0,0,4054
4332,0,20,2000,500,820,0,0,0,0,0,0,1,0,0,0,96.30000305175781,-1,120,8200,0,-124.5,244.5,20,0,0,0,0,4054
4333,0,21,2000,500,820,0,0,0,0,0,0,1,0,0,0,96.30000305175781,-1,120,8200,0,-124.5,244.5,20,0,0,0,0,4054
4334,0,22,2000,500,820,0,0,0,0,0,0,1,0,0,0,96.30000305175781,-1,120,8200,0,-124.5,244.5,20,0,0,0,0,4054
4335,0,23,2000,500,820,0,0,0,0,0,0,1,0,0,0,96.30000305175781,-1,120,8200,0,-124.5,244.5,21,0,0,0,0,4054
4336,0,24,2000,500,820,0,0,0,0,0,0,1,0,0,0,96.30000305175781,-1,120,8200,0,-124.5,244.5,21,0,0,0,0,4054
4337,0,25,2000,500,820,0,0,0,0,0,0,1,0,0,0,96.30000305175781,-1,120,8200,0,-124.5,244.5,21,0,0,0,0,4054
4338,0,26,2000,500,820,0,0,0,0,0,0,1,0,0,0,96.30000305175781,-1,120,8200,0,-124.5,244.5,21,0,0,0,0,4054
4339,0,27,2000,500,820,0,0,0,0,0,0,1,0,0,0,98.55000305175781,-1,120,8200,0,-124.5,244.5,21,0,0,0,0,4054
4340,0,28,2000,500,820,0,0,0,0,0,0,1,0,0,0,98.55000305175781,-1,120,8200,0,-126.75,246.75,21,0,0,0,0,4054
4341,0,29,2000,500,820,0,0,0,0,0,0,1,0,0,0,98.55000305175781,-1,120,8200,0,-126.75,246.75,21,0,0,0,0,4054
4342,0,30,2000,500,820,0,0,0,0,0,0,1,0,0,0,98.55000305175781,-1,120,8200,0,-126.75,246.75,21,0,0,0,0,4054
4343,0,31,2000,500,820,0,0,0,0,0,0,1,0,0,0,98.55000305175781,-1,120,8200,0,-126.75,246.75,21,0,0,0,0,4054
4344,0,32,2000,500,820,0,0,0,0,0,0,1,0,0,0,98.55000305175781,-1,120,8200,0,-126.75,246.75,21,0,0,0,0,4054
4345,0,33,2000,500,820,0,0,0,0,0,0,1,0,0,0,98.55000305175781,-1,120,8200,0,-126.75,246.75,21,0,0,0,0,4054
4346,0,34,2000,500,820,0,0,0,0,0,0,1,0,0,0,98.55000305175781,-1,120,8200,0,-126.75,246.75,21,0,0,0,0,4054
4347,0,35,2000,500,820,0,0,0,0,0,0,1,0,0,0,98.55000305175781,-1,120,8200,0,-126.75,246.75,21,0,0,0,0,4054
4348,0,36,2000,500,820,0,0,0,0,0,0,1,0,0,0,101.55000305175781,-1,120,8200,0,-126.75,246.75,21,0,0,0,0,4054
4349,0,37,2000,500,820,0,0,0,0,0,0,1,0,0,0,104.55000305175781,-1,120,8200,0,-129.75,249.75,21,0,0,0,0,4054
4350,0,38,2000,500,820,0,0,0,0,0,0,1,0,0,0,107.55000305175781,-1,120,8200,0,-132.75,252.75,21,0,0,0,0,4054
4351,0,39,2000,500,820,0,0,0,0,0,0,1,0,0,0,110.30000305175781,-1,120,8200,0,-135.75,255.75,21,0,0,0,0,4054
4352,0,40,2000,500,820,0,0,0,0,0,0,1,0,0,0,111.80000305175781,-1,120,8200,0,-138.5,258.5,21,0,0,0,0,4054
4353,0,41,2000,500,820,0,0,0,0,0,0,1,0,0,0,113.30000305175781,-1,120,8200,0,-140,260,21,0,0,0,0,4054
4354,0,42,2000,500,820,0,0,0,0,0,0,1,0,0,0,114.80000305175781,-1,120,8200,0,-141.5,261.5,21,0,0,0,0,4054
4355,0,43,2000,500,820,0,0,0,0,0,0,1,0,0,0,116.30000305175781,-1,120,8200,0,-143,263,21,0,0,0,0,4054
4356,0,44,2000,500,820,0,0,0,0,0,0,1,0,0,0,117.80000305175781,-1,120,8200,0,-144.5,264.5,21,0,0,0,0,4054
4357,0,45,2000,500,820,0,0,0,0,0,0,1,0,0,0,119.30000305175781,-1,120,8200,0,-146,266,21,0,0,0,0,4054
4358,0,46,2000,500,820,0,0,0,0,0,0,1,0,0,0,120.80000305175781,-1,120,8200,0,-147.5,267.5,21,0,0,0,0,4054
4359,0,47,2000,500,820,0,0,0,0,0,0,1,0,0,0,122.30000305175781,-1,120,8200,0,-149,269,21,0,0,0,0,4054
4360,0,48,2000,500,820,0,0,0,0,0,0,1,0,0,0,123.80000305175781,-1,120,8200,0,-150.5,270.5,21,0,0,0,0,4054
4361,0,49,2000,500,820,0,0,0,0,0,0,1,0,0,0,125.30000305175781,-1,120,8200,0,-152,272,21,0,0,0,0,4054
4362,0,50,2000,500,820,0,0,0,0,0,0,1,0,0,0,126.80000305175781,-1,120,8200,0,-153.5,273.5,21,0,0,0,0,4054
4363,0,51,2000,500,820,0,0,0,0,0,0,1,0,0,0,128.3000030517578,-1,120,8200,0,-155,275,21,0,0,0,0,4054
4364,0,52,2000,500,820,0,0,0,0,0,0,1,0,0,0,129.8000030517578,-1,120,8200,0,-156.5,276.5,21,0,0,0,0,4054
4365,0,53,2000,500,820,0,0,0,0,0,0,1,0,0,0,131.3000030517578,-1,120,8200,0,-158,278,21,0,0,0,0,4054
4366,0,54,2000,500,820,0,0,0,0,0,0,1,0,0,0,131.8000030517578,-1,120,8200,0,-159.5,279.5,21,0,0,0,0,4054
4367,0,55,2000,500,820,0,0,0,0,0,0,1,0,0,0,131.8000030517578,-1,120,8200,0,-160,280,21,0,0,0,0,4054
4368,0,56,2000,500,820,0,0,0,0,0,0,1,0,0,0,131.8000030517578,-1,120,8200,0,-160,280,21,0,0,0,0,4054
4369,0,57,2000,500,820,0,0,0,0,0,0,1,0,0,0,131.8000030517578,-1,120,8200,0,-160,280,21,0,0,0,0,4054
4370,0,58,2000,500,820,0,0,0,0,0,0,1,0,0,0,131.8000030517578,-1,120,8200,0,-160,280,21,0,0,0,0,4054
4371,0,59,2000,500,820,0,0,0,0,0,0,1,0,0,0,131.8000030517578,-1,120,8200,0,-160,280,22,0,0,0,0,4054
4372,0,60,2000,500,820,0,0,0,0,0,0,1,0,0,0,131.8000030517578,-1,120,8200,0,-160,280,22,0,0,0,0,4054
4373,0,61,2000,500,820,0,0,0,0,0,0,1,0,0,0,131.8000030517578,-1,120,8200,0,-160,280,22,0,0,0,0,4054
4374,0,62,2000,500,820,0,0,0,0,0,0,1,0,0,0,131.8000030517578,-1,120,8200,0,-160,280,22,0,0,0,0,4054
4375,0,63,2000,500,820,0,0,0,0,0,0,1,0,0,0,131.8000030517578,-1,120,8200,0,-160,280,22,0,0,0,0,4054
4376,0,64,2000,500,820,0,0,0,0,0,0,1,0,0,0,131.8000030517578,-1,120,8200,0,-160,280,22,0,0,0,0,4054
4377,0,65,2000,500,820,0,0,0,0,0,0,1,0,0,0,131.8000030517578,-1,120,8200,0,-160,280,22,0,0,0,0,4054
4378,0,66,2000,500,820,0,0,0,0,0,0,1,0,0,0,131.8000030517578,-1,120,8200,0,-160,280,22,0,0,0,0,4054
4379,0,67,2000,500,820,0,0,0,0,0,0,1,0,0,0,131.8000030517578,-1,120,8200,0,-160,280,22,0,0,0,0,4054
4380,0,68,2000,500,820,0,0,0,0,0,0,1,0,0,0,131.8000030517578,-1,120,8200,0,-160,280,22,0,0,0,0,4054
4381,0,69,2000,500,820,0,0,0,0,0,0,1,0,0,0,131.8000030517578,-1,120,8200,0,-160,280,22,0,0,0,0,4054
4382,0,70,2000,500,820,0,0,0,0,0,0,1,0,0,0,131.8000030517578,-1,120,8200,0,-160,280,22,0,0,0,0,4054
4383,0,71,2000,500,820,0,0,0,0,0,0,1,0,0,0,131.8000030517578,-1,120,8200,0,-160,280,22,0,0,0,0,4054
4384,0,72,2000,500,820,0,0,0,0,0,0,1,0,0,0,131.8000030517578,-1,120,8200,0,-160,280,22,0,0,0,0,4054
4385,0,73,2000,500,820,0,0,0,0,0,0,1,0,0,0,131.8000030517578,-1,120,8200,0,-160,280,22,0,0,0,0,4054
4386,0,74,2000,500,820,0,0,0,0,0,0,1,0,0,0,131.8000030517578,-1,120,8200,0,-160,280,22,0,0,0,0,4054
4387,0,75,2000,500,820,0,0,0,0,0,0,1,0,0,0,131.8000030517578,-1,120,8200,0,-160,280,22,0,0,0,0,4054
4388,0,76,2000,500,820,0,0,0,0,0,0,1,0,0,0,131.8000030517578,-1,120,8200,0,-160,280,22,0,0,0,0,4054
4389,0,77,2000,500,820,0,0,0,0,0,0,1,0,0,0,131.8000030517578,-1,120,8200,0,-160,280,22,0,0,0,0,4054
4390,0,78,2000,500,820,0,0,0,0,0,0,1,0,0,0,131.8000030517578,-1,120,8200,0,-160,280,22,0,0,0,0,4054
4391,0,79,2000,500,820,0,0,0,0,0,0,1,0,0,0,131.8000030517578,-1,120,8200,0,-160,280,22,0,0,0,0,4054
4392,0,80,2000,500,820,0,0,0,0,0,0,1,0,0,0,131.8000030517578,-1,120,8200,0,-160,280,22,0,0,0,0,4054
4393,0,81,2000,500,820,0,0,0,0,0,0,1,0,0,0,131.8000030517578,-1,120,8200,0,-160,280,22,0,0,0,0,4054
4394,0,82,2000,500,820,0,0,0,0,0,0,1,0,0,0,131.8000030517578,-1,120,8200,0,-160,280,22,0,0,0,0,4054
4395,0,83,2000,500,820,0,0,0,0,0,0,1,0,0,0,131.8000030517578,-1,120,8200,0,-160,280,22,0,0,0,0,4054
4396,0,84,2000,500,820,0,0,0,0,0,0,1,0,0,0,131.8000030517578,-1,120,8200,0,-160,280,22,0,0,0,0,4054
4397,0,85,2000,500,820,0,0,0,0,0,0,1,0,0,0,131.8000030517578,-1,120,8200,0,-160,280,22,0,0,0,0,4054
4398,0,86,2000,500,820,0,0,0,0,0,0,1,0,0,0,131.8000030517578,-1,120,8200,0,-160,280,22,0,0,0,0,4054
4399,0,87,2000,500,820,0,0,0,0,0,0,1,0,0,0,131.8000030517578,-1,120,8200,0,-160,280,22,0,0,0,0,4054
4400,0,88,2000,500,820,0,0,0,0,0,0,1,0,0,0,131.8000030517578,-1,120,8200,0,-160,280,22,0,0,0,0,4054
4401,0,89,2000,500,820,0,0,0,0,0,0,1,0,0,0,131.8000030517578,-1,120,8200,0,-160,280,22,0,0,0,0,4054
4402,0,90,2000,500,820,0,0,0,0,0,0,1,0,0,0,131.8000030517578,-1,120,8200,0,-160,280,22,0,0,0,0,4054
4403,0,91,2000,500,820,0,0,0,0,0,0,1,0,0,0,131.8000030517578,-1,120,8200,0,-160,280,22,0,0,0,0,4054
4404,0,92,2000,500,820,0,0,0,0,0,0,1,0,0,0,131.8000030517578,-1,120,8200,0,-160,280,22,0,0,0,0,4054
4405,0,93,2000,500,820,0,0,0,0,0,0,1,0,0,0,131.8000030517578,-1,120,8200,0,-160,280,22,0,0,0,0,4054
4406,0,94,2000,500,820,0,0,0,0,0,0,1,0,0,0,131.8000030517578,-1,120,8200,0,-160,280,22,0,0,0,0,4054
4407,0,95,2000,500,820,0,0,0,0,0,0,1,0,0,0,131.8000030517578,-1,120,8200,0,-160,280,23,0,0,0,0,4054
4408,0,96,2000,500,820,0,0,0,0,0,0,1,0,0,0,131.8000030517578,-1,120,8200,0,-160,280,23,0,0,0,0,4054
4409,0,97,2000,500,820,0,0,0,0,0,0,1,0,0,0,131.8000030517578,-1,120,8200,0,-160,280,23,0,0,0,0,4054
4410,0,98,2000,500,820,0,0,0,0,0,0,1,0,0,0,131.8000030517578,-1,120,8200,0,-160,280,23,0,0,0,0,4054
4411,0,99,2000,500,820,0,0,0,0,0,0,1,0,0,0,131.8000030517578,-1,120,8200,0,-160,280,23,0,0,0,0,4054
4412,0,100,2000,500,820,0,0,0,0,0,0,1,0,0,0,131.8000030517578,-1,120,8200,0,-160,280,23,0,0,0,0,4054
4413,0,101,2000,500,820,0,0,0,0,0,0,1,0,0,0,131.8000030517578,-1,120,8200,0,-160,280,23,0,0,0,0,4054
4414,0,102,2000,500,820,0,0,0,0,0,0,1,0,0,0,131.8000030517578,-1,120,8200,0,-160,280,23,0,0,0,0,4054
4415,0,103,2000,500,820,0,0,0,0,0,0,1,0,0,0,131.8000030517578,-1,120,8200,0,-160,280,23,0,0,0,0,4054
4416,0,104,2000,500,820,0,0,0,0,0,0,1,0,0,0,131.8000030517578,-1,120,8200,0,-160,280,23,0,0,0,0,4054
4417,0,105,2000,500,820,0,0,0,0,0,0,1,0,0,0,131.8000030517578,-1,120,8200,0,-160,280,23,0,0,0,0,4054
4418,0,106,2000,500,820,0,0,0,0,0,0,1,0,0,0,131.8000030517578,-1,120,8200,0,-160,280,23,0,0,0,0,4054
4419,0,107,2000,500,820,0,0,0,0,0,0,1,0,0,0,131.8000030517578,-1,120,8200,0,-160,280,23,0,0,0,0,4054
4420,0,108,2000,500,820,0,0,0,0,0,0,1,0,0,0,131.8000030517578,-1,120,8200,0,-160,280,23,0,0,0,0,4054
4421,0,109,2000,500,820,0,0,0,0,0,0,1,0,0,0,131.8000030517578,-1,120,8200,0,-160,280,23,0,0,0,0,4054
4422,0,110,2000,500,820,0,0,0,0,0,0,1,0,0,0,131.8000030517578,-1,120,8200,0,-160,280,23,0,0,0,0,4054
4423,0,111,2000,500,820,0,0,0,0,0,0,1,0,0,0,131.8000030517578,-1,120,8200,0,-160,280,23,0,0,0,0,4054
4424,0,112,2000,500,820,0,0,0,0,0,0,1,0,0,0,131.8000030517578,-1,120,8200,0,-160,280,23,0,0,0,0,4054
4425,0,113,2000,500,820,0,0,0,0,0,0,1,0,0,0,131.8000030517578,-1,120,8200,0,-160,280,23,0,0,0,0,4054
4426,0,114,2000,500,820,0,0,0,0,0,0,1,0,0,0,131.8000030517578,-1,120,8200,0,-160,280,23,0,0,0,0,4054
4427,0,115,2000,500,820,0,0,0,0,0,0,1,0,0,0,131.8000030517578,-1,120,8200,0,-160,280,23,0,0,0,0,4054
4428,0,116,2000,500,820,0,0,0,0,0,0,1,0,0,0,131.8000030517578,-1,120,8200,0,-160,280,23,0,0,0,0,4054
4429,0,117,2000,500,820,0,0,0,0,0,0,1,0,0,0,131.8000030517578,-1,120,8200,0,-160,280,23,0,0,0,0,4054
4430,0,118,2000,500,820,0,0,0,0,0,0,1,0,0,0,131.8000030517578,-1,120,8200,0,-160,280,23,0,0,0,0,4054
4431,0,119,2000,500,820,0,0,0,0,0,0,1,0,0,0,131.8000030517578,-1,120,8200,0,-160,280,23,0,0,0,0,4054
4432,0,120,2000,500,820,0,0,0,0,0,0,1,0,0,0,131.8000030517578,-1,120,8200,0,-160,280,23,0,0,0,0,4054
4433,0,121,2000,500,820,0,0,0,0,0,0,1,0,0,0,131.8000030517578,-1,120,8200,0,-160,280,23,0,0,0,0,4054
4434,0,122,2000,500,820,0,0,0,0,0,0,1,0,0,0,131.8000030517578,-1,120,8200,0,-160,280,23,0,0,0,0,4054
4435,0,123,2000,500,820,0,0,0,0,0,0,1,0,0,0,131.8000030517578,-1,120,8200,0,-160,280,23,0,0,0,0,4054
4436,0,124,2000,500,820,0,0,0,0,0,0,1,0,0,0,131.8000030517578,-1,120,8200,0,-160,280,23,0,0,0,0,4054
4437,0,125,2000,500,820,0,0,0,0,0,0,1,0,0,0,131.8000030517578,-1,120,8200,0,-160,280,23,0,0,0,0,4054
4438,0,126,2000,500,820,0,0,0,0,0,0,1,0,0,0,131.8000030517578,-1,120,8200,0,-160,280,23,0,0,0,0,4054
4439,0,127,2000,500,820,0,0,0,0,0,0,1,0,0,0,131.8000030517578,-1,120,8200,0,-160,280,23,0,0,0,0,4054
4440,0,128,2000,500,820,0,0,0,0,0,0,1,0,0,0,131.8000030517578,-1,120,8200,0,-160,280,23,0,0,0,0,4054
4441,0,129,2000,500,820,0,0,0,0,0,0,1,0,0,0,131.8000030517578,-1,120,8200,0,-160,280,23,0,0,0,0,4054
4442,0,130,2000,500,820,0,0,0,0,0,0,1,0,0,0,131.8000030517578,-1,120,8200,0,-160,280,23,0,0,0,0,4054
4443,0,131,2000,500,820,0,0,0,0,0,0,1,0,0,0,131.8000030517578,-1,120,8200,0,-160,280,24,0,0,0,0,4054
4444,0,132,2000,500,820,0,0,0,0,0,0,1,0,0,0,131.8000030517578,-1,120,8200,0,-160,280,24,0,0,0,0,4054
4445,0,133,2000,500,820,0,0,0,0,0,0,1,0,0,0,131.8000030517578,-1,120,8200,0,-160,280,24,0,0,0,0,4054
4446,0,134,2000,500,820,0,0,0,0,0,0,1,0,0,0,131.8000030517578,-1,120,8200,0,-160,280,24,0,0,0,0,4054
4447,0,135,2000,500,820,0,0,0,0,0,0,1,0,0,0,131.8000030517578,-1,120,8200,0,-160,280,24,0,0,0,0,4054
4448,0,136,2000,500,820,0,0,0,0,0,0,1,0,0,0,131.8000030517578,-1,120,8200,0,-160,280,24,0,0,0,0,4054
4449,0,137,2000,500,820,0,0,0,0,0,0,1,0,0,0,131.8000030517578,-1,120,8200,0,-160,280,24,0,0,0,0,4054
4450,0,138,2000,500,820,0,0,0,0,0,0,1,0,0,0,131.8000030517578,-1,120,8200,0,-160,280,24,0,0,0,0,4054
4451,0,139,2000,500,820,0,0,0,0,0,0,1,0,0,0,131.8000030517578,-1,120,8200,0,-160,280,24,0,0,0,0,4054
4452,0,140,2000,500,820,0,0,0,0,0,0,1,0,0,0,131.8000030517578,-1,120,8200,0,-160,280,24,0,0,0,0,4054
4453,0,141,2000,500,820,0,0,0,0,0,0,1,0,0,0,131.8000030517578,-1,120,8200,0,-160,280,24,0,0,0,0,4054
4454,0,142,2000,500,820,0,0,0,0,0,0,1,0,0,0,131.8000030517578,-1,120,8200,0,-160,280,24,0,0,0,0,4054
4455,0,143,2000,500,820,0,0,0,0,0,0,1,0,0,0,131.8000030517578,-1,120,8200,0,-160,280,24,0,0,0,0,4054
4456,0,144,2000,500,820,0,0,0,0,0,0,1,0,0,0,131.8000030517578,-1,120,8200,0,-160,280,24,0,0,0,0,4054
4457,0,145,2000,500,820,0,0,0,0,0,0,1,0,0,0,131.8000030517578,-1,120,8200,0,-160,280,24,0,0,0,0,4054
4458,0,146,2000,500,820,0,0,0,0,0,0,1,0,0,0,131.8000030517578,-1,120,8200,0,-160,280,24,0,0,0,0,4054
4459,0,147,2000,500,820,0,0,0,0,0,0,1,0,0,0,131.8000030517578,-1,120,8200,0,-160,280,24,0,0,0,0,4054
4460,0,148,2000,500,820,0,0,0,0,0,0,1,0,0,0,131.8000030517578,-1,120,8200,0,-160,280,24,0,0,0,0,4054
4461,0,149,2000,500,820,0,0,0,0,0,0,1,0,0,0,131.8000030517578,-1,120,8200,0,-160,280,1,0,0,0,0,4054
4462,0,150,2000,500,820,0,0,0,0,0,0,1,0,0,0,131.8000030517578,-1,120,8200,0,-160,280,1,0,0,0,0,4054
4463,0,151,2000,500,820,0,0,0,0,0,0,1,0,0,0,131.8000030517578,-1,120,8200,0,-160,280,1,0,0,0,0,4054
4464,0,152,2000,500,820,0,0,0,0,0,0,1,0,0,0,131.8000030517578,-1,120,8200,0,-160,280,1,0,0,0,0,4054
4465,0,153,2000,500,820,0,0,0,0,0,0,1,0,0,0,131.8000030517578,-1,120,8200,0,-160,280,1,0,0,0,0,4054
4466,0,154,2000,500,820,0,0,0,0,0,0,1,0,0,0,131.8000030517578,-1,120,8200,0,-160,280,1,0,0,0,0,4054
4467,0,155,2000,500,820,0,0,0,0,0,0,1,0,0,0,131.8000030517578,-1,120,8200,0,-160,280,1,0,0,0,0,4054
4468,0,156,2000,500,820,0,0,0,0,0,0,1,0,0,0,131.8000030517578,-1,120,8200,0,-160,280,1,0,0,0,0,4054
4469,0,157,2000,500,820,0,0,0,0,0,0,1,0,0,0,131.8000030517578,-1,120,8200,0,-160,280,1,0,0,0,0,4054
4470,0,158,2000,500,820,0,0,0,0,0,0,1,0,0,0,131.8000030517578,-1,120,8200,0,-160,280,1,0,0,0,0,4054
4471,0,159,2000,500,820,0,0,0,0,0,0,1,0,0,0,131.8000030517578,-1,120,8200,0,-160,280,1,0,0,0,0,4054
4472,0,160,2000,500,820,0,0,0,0,0,0,1,0,0,0,131.8000030517578,-1,120,8200,0,-160,280,1,0,0,0,0,4054
4473,0,161,2000,500,820,0,0,0,0,0,0,1,0,0,0,131.8000030517578,-1,120,8200,0,-160,280,2,0,0,0,0,4054
4474,0,162,2000,500,820,0,0,0,0,0,0,1,0,0,0,131.8000030517578,-1,120,8200,0,-160,280,2,0,0,0,0,4054
4475,0,163,2000,500,820,0,0,0,0,0,0,1,0,0,0,131.8000030517578,-1,120,8200,0,-160,280,2,0,0,0,0,4054
4476,0,164,2000,500,820,0,0,0,0,0,0,1,0,0,0,131.8000030517578,-1,120,8200,0,-160,280,2,0,0,0,0,4054
4477,0,165,2000,500,820,0,0,0,0,0,0,1,0,0,0,131.8000030517578,-1,120,8200,0,-160,280,2,0,0,0,0,4054
4478,0,166,2000,500,820,0,0,0,0,0,0,1,0,0,0,131.8000030517578,-1,120,8200,0,-160,280,2,0,0,0,0,4054
4479,0,167,2000,500,820,0,0,0,0,0,0,1,0,0,0,131.8000030517578,-1,120,8200,0,-160,280,2,0,0,0,0,4054
4480,0,168,2000,500,820,0,0,0,0,0,0,1,0,0,0,131.8000030517578,-1,120,8200,0,-160,280,2,0,0,0,0,4054
4481,0,169,2000,500,820,0,0,0,0,0,0,1,0,0,0,131.8000030517578,-1,120,8200,0,-160,280,2,0,0,0,0,4054
4482,0,170,2000,500,820,0,0,0,0,0,0,1,0,0,0,131.8000030517578,-1,120,8200,0,-160,280,2,0,0,0,0,4054
4483,0,171,2000,500,820,0,0,0,0,0,0,1,0,0,0,131.8000030517578,-1,120,8200,0,-160,280,2,0,0,0,0,4054
4484,0,172,2000,500,820,0,0,0,0,0,0,1,0,0,0,131.8000030517578,-1,120,8200,0,-160,280,2,0,0,0,0,4054
4485,0,173,2000,500,820,0,0,0,0,0,0,1,0,0,0,131.8000030517578,-1,120,8200,0,-160,280,3,0,0,0,0,4054
4486,0,174,2000,500,820,0,0,0,0,0,0,1,0,0,0,131.8000030517578,-1,120,8200,0,-160,280,3,0,0,0,0,4054
4487,0,175,2000,500,820,0,0,0,0,0,0,1,0,0,0,131.8000030517578,-1,120,8200,0,-160,280,3,0,0,0,0,4054
4488,0,176,2000,500,820,0,0,0,0,0,0,1,0,0,0,131.8000030517578,-1,120,8200,0,-160,280,3,0,0,0,0,4054
4489,0,177,2000,500,820,0,0,0,0,0,0,1,0,0,0,131.8000030517578,-1,120,8200,0,-160,280,3,0,0,0,0,4054
4490,0,178,2000,500,820,0,0,0,0,0,0,1,0,0,0,131.8000030517578,-1,120,8200,0,-160,280,3,0,0,0,0,4054
4491,0,179,2000,500,820,0,0,0,0,0,0,1,0,0,0,131.8000030517578,-1,120,8200,0,-160,280,3,0,0,0,0,4054
4492,0,180,2000,500,820,0,0,0,0,0,0,1,0,0,0,131.8000030517578,-1,120,8200,0,-160,280,3,0,0,0,0,4054
4493,0,181,2000,500,820,0,0,0,0,0,0,1,0,0,0,131.8000030517578,-1,120,8200,0,-160,280,3,0,0,0,0,4054
4494,0,182,2000,500,820,0,0,0,0,0,0,1,0,0,0,131.8000030517578,-1,120,8200,0,-160,280,3,0,0,0,0,4054
4495,0,183,2000,500,820,0,0,0,0,0,0,1,0,0,0,131.8000030517578,-1,120,8200,0,-160,280,3,0,0,0,0,4054
4496,0,184,2000,500,820,0,0,0,0,0,0,1,0,0,0,131.8000030517578,-1,120,8200,0,-160,280,3,0,0,0,0,4054
4497,0,185,2000,500,820,0,0,0,0,0,0,1,0,0,0,131.8000030517578,-1,120,8200,0,-160,280,4,0,0,0,0,4054
4498,0,186,2000,500,820,0,0,0,0,0,0,1,0,0,0,131.8000030517578,-1,120,8200,0,-160,280,4,0,0,0,0,4054
4499,0,187,2000,500,820,0,0,0,0,0,0,1,0,0,0,131.8000030517578,-1,120,8200,0,-160,280,4,0,0,0,0,4054
4500,0,188,2000,500,820,0,0,0,0,0,0,1,0,0,0,131.8000030517578,-1,120,8200,0,-160,280,4,0,0,0,0,4054
4501,0,189,2000,500,820,0,0,0,0,0,0,1,0,0,0,131.8000030517578,-1,120,8200,0,-160,280,4,0,0,0,0,4054
4502,0,190,2000,500,820,0,0,0,0,0,0,1,0,0,0,131.8000030517578,-1,120,8200,0,-160,280,4,0,0,0,0,4054
4503,0,191,2000,500,820,0,0,0,0,0,0,1,0,0,0,131.8000030517578,-1,120,8200,0,-160,280,4,0,0,0,0,4054
4504,0,192,2000,500,820,0,0,0,0,0,0,1,0,0,0,131.8000030517578,-1,120,8200,0,-160,280,4,0,0,0,0,4054
4505,0,193,2000,500,820,0,0,0,0,0,0,1,0,0,0,131.8000030517578,-1,120,8200,0,-160,280,4,0,0,0,0,4054
4506,0,194,2000,500,820,0,0,0,0,0,0,1,0,0,0,131.8000030517578,-1,120,8200,0,-160,280,4,0,0,0,0,4054
4507,0,195,2000,500,820,0,0,0,0,0,0,1,0,0,0,131.8000030517578,-1,120,8200,0,-160,280,4,0,0,0,0,4054
4508,0,196,2000,500,820,0,0,0,0,0,0,1,0,0,0,131.8000030517578,-1,120,8200,0,-160,280,4,0,0,0,0,4054
4509,0,197,2000,500,820,0,0,0,0,0,0,1,0,0,0,131.8000030517578,-1,120,8200,0,-160,280,5,0,0,0,0,4054
4510,0,1,3000,500,1000,500,0,0,0,0,0,1,0,0,0,145,-1,120,8200,0,-160,280,5,0,0,0,0,1000
4511,0,2,3000,500,1000,499,0,0,0,0,0,1,0,0,0,145,-1,120,8200,0,-160,280,5,0,0,0,0,1000
4512,0,3,3000,500,1000,498,0,0,0,0,0,1,0,0,0,145,-1,120,8200,0,-160,280,5,0,0,0,0,1000
4513,0,4,3000,500,1000,497,0,0,0,0,0,1,0,0,0,145,-1,120,8200,0,-160,280,5,0,0,0,0,1000
4514,0,5,3000,500,1000,496,0,0,0,0,0,1,0,0,0,145,-1,120,8200,0,-160,280,5,0,0,0,0,1000
4515,0,6,3000,500,1000,495,0,0,0,0,0,1,0,0,0,145,-1,120,8200,0,-160,280,5,0,0,0,0,1000
4516,0,7,3000,500,1000,494,0,0,0,0,0,1,0,0,0,145,-1,120,8200,0,-160,280,5,0,0,0,0,1000
4517,0,8,3000,500,1000,493,0,0,0,0,0,1,0,0,0,145,-1,120,8200,0,-160,280,5,0,0,0,0,1000
4518,0,9,3000,500,1000,492,0,0,0,0,0,1,0,0,0,145,-1,120,8200,0,-160,280,5,0,0,0,0,1000
4519,10,1,3000,500,1000,491,0,0,0,0,0,1,0,0,0,145,-1,120,8200,0,-160,280,5,0,0,0,0,1000
4520,10,2,3000,500,1000,490,0,0,0,0,0,1,0,0,0,145,-1,120,8200,0,-160,280,5,0,0,0,0,1000
4521,10,3,3000,500,1000,489,0,0,0,0,0,1,0,0,0,145,-1,120,8200,0,-160,280,6,0,0,0,0,1000
4522,10,4,3000,500,1000,488,0,0,0,0,0,1,0,0,0,145,-1,120,8200,0,-160,280,6,0,0,0,0,1000
4523,10,5,3000,500,1000,487,0,0,0,0,0,1,0,0,0,145,-1,120,8200,0,-160,280,6,0,0,0,0,1000
4524,10,6,3000,500,1000,486,0,0,0,0,0,1,0,0,0,145,-1,120,8200,0,-160,280,6,0,0,0,0,1000
4525,12,1,3000,500,1000,485,0,0,0,0,0,1,0,0,0,145,-1,120,8200,0,-160,280,6,0,0,0,0,1000
4526,20,1,3000,500,1000,484,0,0,0,0,0,1,0,0,0,143.75,-1,120,8200,0,-160,280,6,0,0,0,0,1000
4527,20,2,3000,500,1000,483,0,0,0,0,0,1,0,0,0,143.75,-1,120,8200,0,-158.75,278.75,6,0,0,0,0,1000
4528,10,1,3000,500,1000,482,0,0,0,0,0,1,0,0,0,143.75,-1,120,8200,0,-157.5,277.5,6,0,0,0,0,1000
4529,10,2,3000,500,1000,481,0,0,0,0,0,1,0,0,0,143.75,-1,120,8200,0,-157.5,277.5,6,0,0,0,0,1000
4530,10,3,3000,500,1000,480,0,0,0,0,0,1,0,0,0,143.75,-1,120,8200,0,-157.5,277.5,6,0,0,0,0,1000
4531,10,4,3000,500,1000,479,0,0,0,0,0,1,0,0,0,143.75,-1,120,8200,0,-157.5,277.5,6,0,0,0,0,1000
4532,10,5,3000,500,1000,478,0,0,0,0,0,1,0,0,0,143.75,-1,120,8200,0,-157.5,277.5,6,0,0,0,0,1000
4533,10,6,3000,500,1000,477,0,0,0,0,0,1,0,0,0,143.75,-1,120,8200,0,-157.5,277.5,7,0,0,0,0,1000
4534,4000,1,1000,500,1000,476,0,0,0,0,0,1,0,0,0,143.75,-1,120,8200,0,-157.5,277.5,7,0,0,0,0,1000
4535,4000,2,1000,500,1000,0,0,0,0,0,0,1,0,0,0,143.75,-1,120,8200,0,-157.5,277.5,7,0,0,0,0,1000
4536,4000,3,1000,500,1000,0,0,0,0,0,0,1,0,0,0,143.75,-1,120,8200,0,-157.5,277.5,7,0,0,0,0,1000
4537,4000,4,1000,500,1000,0,0,0,0,0,0,1,0,0,0,143.75,-1,120,8200,0,-157.5,277.5,7,0,0,0,0,1000
4538,4000,5,1000,500,1000,0,0,0,0,0,0,1,0,0,0,143.75,-1,120,8200,0,-157.5,277.5,7,0,0,0,0,1000
4539,4000,6,1000,500,1000,0,0,0,0,0,0,1,0,0,0,143.75,-1,120,8200,0,-157.5,277.5,7,0,0,0,0,1000
4540,4000,7,1000,500,1000,0,0,0,0,0,0,1,0,0,0,143.75,-1,120,8200,0,-157.5,277.5,7,0,0,0,0,1000
4541,4000,8,1000,500,1000,0,0,0,0,0,0,1,0,0,0,143.75,-1,120,8200,0,-157.5,277.5,7,0,0,0,0,1000
4542,4000,9,1000,500,1000,0,0,0,0,0,0,1,0,0,0,143.75,-1,120,8200,0,-157.5,277.5,7,0,0,0,0,1000
4543,4000,10,1000,500,1000,0,0,0,0,0,0,1,0,0,0,143.75,-1,120,8210,0,-157.5,277.5,1,0,0,0,0,1000
4544,4000,11,1000,500,1000,0,0,0,0,0,0,1,0,0,0,141.375,-1,120,8210,0,-157.5,277.5,1,0,0,0,0,1000
4545,4000,12,1000,500,1000,0,0,0,0,0,0,1,0,0,0,139.625,-1,120,8210,0,-157.5,277.5,1,0,0,0,0,1000
4546,4000,13,1000,500,1000,0,0,0,0,0,0,1,0,0,0,137.875,-1,120,8210,0,-157.5,277.5,1,0,0,0,0,1000
4547,4000,14,1000,500,1000,0,0,0,0,0,0,1,0,0,0,136.125,-1,120,8210,0,-157.5,277.5,2,0,0,0,0,1000
4548,4000,15,1000,500,1000,0,0,0,0,0,0,1,0,0,0,134.375,-1,120,8210,0,-157.5,277.5,2,0,0,0,0,1000
4549,4000,16,1000,500,1000,0,0,0,0,0,0,1,0,0,0,132.625,-1,120,8210,0,-157.5,277.5,2,0,0,0,0,1000
4550,4000,17,1000,500,1000,0,0,0,0,0,0,1,0,0,0,130.875,-1,120,8210,0,-157.5,277.5,2,0,0,0,0,1000
4551,4000,17,1000,500,935,0,0,0,0,0,0,1,0,0,0,130.875,-1,120,8210,0,-157.5,277.5,2,0,0,0,0,1018
4552,4000,17,1000,500,935,0,0,0,0,0,0,1,0,0,0,130.875,-1,120,8210,0,-157.5,277.5,2,0,0,0,0,1018
4553,4000,17,1000,500,935,0,0,0,0,0,0,1,0,0,0,130.875,-1,120,8210,0,-157.5,277.5,2,0,0,0,0,1018
4554,4000,17,1000,500,935,0,0,0,0,0,0,1,0,0,0,130.875,-1,120,8210,0,-157.5,277.5,2,0,0,0,0,1018
4555,4000,17,1000,500,935,0,0,0,0,0,0,1,0,0,0,130.875,-1,120,8210,0,-157.5,277.5,2,0,0,0,0,1018
4556,4000,17,1000,500,935,0,0,0,0,0,0,1,0,0,0,130.875,-1,120,8210,0,-157.5,277.5,2,0,0,0,0,1018
4557,4000,18,1000,500,935,0,0,0,0,0,0,1,0,0,0,129.125,-1,120,8210,0,-157.5,277.5,4,0,0,0,0,2018
4558,4000,19,1000,500,935,0,0,0,0,0,0,1,0,0,0,127.375,-1,120,8210,0,-157.5,277.5,4,0,0,0,0,2018
4559,4000,20,1000,500,935,0,0,0,0,0,0,1,0,0,0,125.625,-1,120,8210,0,-157.5,277.5,4,0,0,0,0,2018
4560,4000,21,1000,500,935,0,0,0,0,0,0,1,0,0,0,123.625,-1,120,8210,0,-157.5,277.5,4,0,0,0,0,2018
4561,4000,22,1000,500,935,0,0,0,0,0,0,1,0,0,0,121.875,-1,120,8210,0,-157.5,277.5,4,0,0,0,0,2018
4562,4000,23,1000,500,935,0,0,0,0,0,0,1,0,0,0,120.125,-1,120,8210,0,-157.5,277.5,5,0,0,0,0,2018
4563,4000,24,1000,500,935,0,0,0,0,0,0,1,0,0,0,118.375,-1,120,8210,0,-157.5,277.5,5,0,0,0,0,2018
4564,4000,25,1000,500,935,0,0,0,0,0,0,1,0,0,0,116.625,-1,120,8210,0,-157.5,277.5,5,0,0,0,0,2018
4565,4000,26,1000,500,935,0,0,0,0,0,0,1,0,0,0,114.875,-1,120,8210,0,-157.5,277.5,5,0,0,0,0,2018
4566,4000,27,1000,500,935,0,0,0,0,0,0,1,0,0,0,113.125,-1,120,8210,0,-157.5,277.5,5,0,0,0,0,2018
4567,4000,28,1000,500,935,0,0,0,0,0,0,1,0,0,0,111.375,-1,120,8210,0,-157.5,277.5,6,0,0,0,0,2018
4568,4000,29,1000,500,935,0,0,0,0,0,0,1,0,0,0,109.625,-1,120,8210,0,-157.5,277.5,6,0,0,0,0,2018
4569,4000,30,1000,500,935,0,0,0,0,0,0,1,0,0,0,109.625,-1,120,8210,0,-157.5,277.5,6,0,0,0,0,2018
4570,4000,31,1000,500,935,0,0,0,0,0,0,1,0,0,0,109.625,-1,120,8210,0,-157.5,277.5,6,0,0,0,0,2018
4571,4000,32,1000,500,935,0,0,0,0,0,0,1,0,0,0,109.625,-1,120,8210,0,-157.5,277.5,6,0,0,0,0,2018
4572,4000,33,1000,500,935,0,0,0,0,0,0,1,0,0,0,109.625,-1,120,8210,0,-157.5,277.5,1,0,0,0,0,2018
4573,4000,33,1000,500,850,0,0,0,0,0,0,1,0,0,0,109.625,-1,120,8210,0,-157.5,277.5,1,0,0,0,0,3036
4574,4000,33,1000,500,850,0,0,0,0,0,0,1,0,0,0,109.625,-1,120,8210,0,-157.5,277.5,1,0,0,0,0,3036
4575,4000,33,1000,500,850,0,0,0,0,0,0,1,0,0,0,109.625,-1,120,8210,0,-157.5,277.5,1,0,0,0,0,3036
4576,4000,33,1000,500,850,0,0,0,0,0,0,1,0,0,0,109.625,-1,120,8210,0,-157.5,277.5,1,0,0,0,0,3036
4577,4000,33,1000,500,850,0,0,0,0,0,0,1,0,0,0,109.625,-1,120,8210,0,-157.5,277.5,1,0,0,0,0,3036
4578,4000,33,1000,500,850,0,0,0,0,0,0,1,0,0,0,109.625,-1,120,8210,0,-157.5,277.5,1,0,0,0,0,3036
4579,4000,34,1000,500,850,0,0,0,0,0,0,1,0,0,0,109.625,-1,76.60002136230469,8211,1,-157.5,234.1000213623047,2,0,0,0,0,3036
4580,4000,35,1000,500,850,0,0,0,0,0,0,1,0,0,0,109.625,-1,70.4000244140625,8211,1,-157.5,227.9000244140625,3,0,0,0,0,3036
4581,4000,36,1000,500,850,0,0,0,0,0,0,1,0,0,0,109.625,-1,64.20002746582031,8211,1,-157.5,221.7000274658203,3,0,0,0,0,3036
4582,4000,37,1000,500,850,0,0,0,0,0,0,1,0,0,0,109.625,-1,58.000030517578125,8211,1,-157.5,215.50003051757812,3,0,0,0,0,3036
4583,4000,38,1000,500,850,0,0,0,0,0,0,1,0,0,0,109.625,-1,51.800018310546875,8211,1,-157.5,209.30001831054688,3,0,0,0,0,3036
4584,4000,39,1000,500,850,0,0,0,0,0,0,1,0,0,0,109.625,-1,45.60002136230469,8211,1,-157.5,203.1000213623047,4,0,0,0,0,3036
4585,4000,40,1000,500,850,0,0,0,0,0,0,1,0,0,0,109.625,-1,39.4000244140625,8211,1,-157.5,196.9000244140625,4,0,0,0,0,3036
4586,4000,41,1000,500,850,0,0,0,0,0,0,1,0,0,0,109.625,-1,33.20002746582031,8211,1,-157.5,190.7000274658203,4,0,0,0,0,3036
4587,4000,42,1000,500,850,0,0,0,0,0,0,1,0,0,0,109.625,-1,27.000030517578125,8211,1,-157.5,184.50003051757812,4,0,0,0,0,3036
4588,4000,43,1000,500,850,0,0,0,0,0,0,1,0,0,0,109.625,-1,20.800018310546875,8211,1,-157.5,178.30001831054688,5,0,0,0,0,3036
4589,4000,44,1000,500,850,0,0,0,0,0,0,1,0,0,0,109.625,-1,14.600021362304688,8211,1,-157.5,172.1000213623047,5,0,0,0,0,3036
4590,4000,45,1000,500,850,0,0,0,0,0,0,1,0,0,0,109.625,-1,8.4000244140625,8211,1,-157.5,165.9000244140625,5,0,0,0,0,3036
4591,4000,46,1000,500,850,0,0,0,0,0,0,1,0,0,0,109.625,-1,2.2000274658203125,8211,1,-157.5,159.7000274658203,5,0,0,0,0,3036
4592,4000,47,1000,500,850,0,0,0,0,0,0,1,0,0,0,109.625,-1,-3.999969482421875,8211,1,-157.5,153.50003051757812,6,0,0,0,0,3036
4593,4000,48,1000,500,850,0,0,0,0,0,0,1,0,0,0,109.625,-1,-10.199981689453125,8211,1,-157.5,147.30001831054688,6,0,0,0,0,3036
4594,4000,49,1000,500,850,0,0,0,0,0,0,1,0,0,0,109.625,-1,-16.399978637695312,8211,1,-157.5,141.1000213623047,6,0,0,0,0,3036
4595,4000,50,1000,500,850,0,0,0,0,0,0,1,0,0,0,109.625,-1,-22.5999755859375,8211,1,-157.5,134.9000244140625,6,0,0,0,0,3036
4596,4000,51,1000,500,850,0,0,0,0,0,0,1,0,0,0,109.625,-1,-28.799972534179688,8211,1,-157.5,128.7000274658203,1,0,0,0,0,3036
4597,4000,52,1000,500,850,0,0,0,0,0,0,1,0,0,0,109.625,-1,-34.999977111816406,8211,1,-157.5,122.5000228881836,1,0,0,0,0,3036
4598,4000,53,1000,500,850,0,0,0,0,0,0,1,0,0,0,109.625,-1,-41.199981689453125,8211,1,-157.5,116.30001831054688,1,0,0,0,0,3036
4599,4000,54,1000,500,850,0,0,0,0,0,0,1,0,0,0,109.625,-1,-47.39997863769531,8211,1,-157.5,110.10002136230469,1,0,0,0,0,3036
4600,4000,55,1000,500,850,0,0,0,0,0,0,1,0,0,0,109.625,-1,-53.5999755859375,8211,1,-157.5,103.9000244140625,2,0,0,0,0,3036
4601,4000,56,1000,500,850,0,0,0,0,0,0,1,0,0,0,109.625,-1,-59.79998016357422,8211,1,-157.5,97.70001983642578,2,0,0,0,0,3036
4602,4000,57,1000,500,850,0,0,0,0,0,0,1,0,0,0,109.625,-1,-65.9999771118164,8211,1,-157.5,91.5000228881836,2,0,0,0,0,3036
4603,4000,58,1000,500,850,0,0,0,0,0,0,1,0,0,0,109.625,-1,-65.9999771118164,8212,1,-157.5,91.5000228881836,1,0,0,0,0,3036
4604,4000,59,1000,500,850,0,0,0,0,0,0,1,0,0,0,109.625,-1,-65.9999771118164,8212,1,-157.5,91.5000228881836,1,0,0,0,0,3036
4605,4000,60,1000,500,850,0,0,0,0,0,0,1,0,0,0,109.625,-1,-65.9999771118164,8212,1,-157.5,91.5000228881836,1,0,0,0,0,3036
4606,0,1,1000,500,850,0,0,0,0,0,0,1,0,0,0,109.625,-1,-65.9999771118164,8212,1,-157.5,91.5000228881836,1,0,0,0,0,3036
4607,0,2,1000,500,850,0,0,0,0,0,0,1,0,0,0,109.625,-1,-65.9999771118164,8212,1,-157.5,91.5000228881836,1,0,0,0,0,3036
4608,0,3,1000,500,850,0,0,0,0,0,0,1,0,0,0,109.625,-1,-65.9999771118164,8212,1,-157.5,91.5000228881836,2,0,0,0,0,3036
4609,0,4,1000,500,850,0,0,0,0,0,0,1,0,0,0,109.625,-1,-65.9999771118164,8212,1,-157.5,91.5000228881836,2,0,0,0,0,3036
4610,0,5,1000,500,850,0,0,0,0,0,0,1,0,0,0,109.625,-1,-65.9999771118164,8212,1,-157.5,91.5000228881836,2,0,0,0,0,3036
4611,0,6,1000,500,850,0,0,0,0,0,0,1,0,0,0,109.625,-1,-65.9999771118164,8212,1,-157.5,91.5000228881836,2,0,0,0,0,3036
4612,0,7,1000,500,850,0,0,0,0,0,0,1,0,0,0,109.625,-1,-65.9999771118164,8212,1,-157.5,91.5000228881836,2,0,0,0,0,3036
4613,0,8,1000,500,850,0,0,0,0,0,0,1,0,0,0,109.625,-1,-65.9999771118164,8212,1,-157.5,91.5000228881836,2,0,0,0,0,3036
4614,0,9,1000,500,850,0,0,0,0,0,0,1,0,0,0,109.625,-1,-65.9999771118164,8212,1,-157.5,91.5000228881836,3,0,0,0,0,3036
4615,0,10,1000,500,850,0,0,0,0,0,0,1,0,0,0,109.625,-1,-65.9999771118164,8212,1,-157.5,91.5000228881836,3,0,0,0,0,3036
4616,0,11,1000,500,850,0,0,0,0,0,0,1,0,0,0,109.625,-1,-65.9999771118164,8212,1,-157.5,91.5000228881836,3,0,0,0,0,3036
4617,0,12,1000,500,850,0,0,0,0,0,0,1,0,0,0,109.625,-1,-65.9999771118164,8212,1,-157.5,91.5000228881836,3,0,0,0,0,3036
4618,0,13,1000,500,850,0,0,0,0,0,0,1,0,0,0,109.625,-1,-65.9999771118164,8212,1,-157.5,91.5000228881836,3,0,0,0,0,3036
4619,0,14,1000,500,850,0,0,0,0,0,0,1,0,0,0,109.625,-1,-65.9999771118164,8212,1,-157.5,91.5000228881836,3,0,0,0,0,3036
4620,0,15,1000,500,850,0,0,0,0,0,0,1,0,0,0,109.625,-1,-65.9999771118164,8212,1,-157.5,91.5000228881836,4,0,0,0,0,3036
4621,0,16,1000,500,850,0,0,0,0,0,0,1,0,0,0,109.625,-1,-65.9999771118164,8212,1,-157.5,91.5000228881836,4,0,0,0,0,3036
4622,0,17,1000,500,850,0,0,0,0,0,0,1,0,0,0,109.625,-1,-65.9999771118164,8212,1,-157.5,91.5000228881836,4,0,0,0,0,3036
4623,0,18,1000,500,850,0,0,0,0,0,0,1,0,0,0,109.625,-1,-65.9999771118164,8212,1,-157.5,91.5000228881836,4,0,0,0,0,3036
4624,0,19,1000,500,850,0,0,0,0,0,0,1,0,0,0,109.625,-1,-65.9999771118164,8212,1,-157.5,91.5000228881836,4,0,0,0,0,3036
4625,0,20,1000,500,850,0,0,0,0,0,0,1,0,0,0,109.625,-1,-65.9999771118164,8212,1,-157.5,91.5000228881836,4,0,0,0,0,3036
4626,0,21,1000,500,850,0,0,0,0,0,0,1,0,0,0,109.625,-1,-65.9999771118164,8212,1,-157.5,91.5000228881836,5,0,0,0,0,3036
4627,0,22,1000,500,850,0,0,0,0,0,0,1,0,0,0,109.625,-1,-65.9999771118164,8212,1,-157.5,91.5000228881836,5,0,0,0,0,3036
4628,0,23,1000,500,850,0,0,0,0,0,0,1,0,0,0,109.625,-1,-65.9999771118164,8212,1,-157.5,91.5000228881836,5,0,0,0,0,3036
4629,0,24,1000,500,850,0,0,0,0,0,0,1,0,0,0,109.625,-1,-65.9999771118164,8212,1,-157.5,91.5000228881836,5,0,0,0,0,3036
4630,0,25,1000,500,850,0,0,0,0,0,0,1,0,0,0,109.625,-1,-65.9999771118164,8212,1,-157.5,91.5000228881836,5,0,0,0,0,3036
4631,0,26,1000,500,850,0,0,0,0,0,0,1,0,0,0,109.625,-1,-65.9999771118164,8212,1,-157.5,91.5000228881836,5,0,0,0,0,3036
4632,0,27,1000,500,850,0,0,0,0,0,0,1,0,0,0,109.625,-1,-65.9999771118164,8212,1,-157.5,91.5000228881836,6,0,0,0,0,3036
4633,0,28,1000,500,850,0,0,0,0,0,0,1,0,0,0,109.625,-1,-65.9999771118164,8212,1,-157.5,91.5000228881836,6,0,0,0,0,3036
4634,0,29,1000,500,850,0,0,0,0,0,0,1,0,0,0,109.625,-1,-65.9999771118164,8212,1,-157.5,91.5000228881836,6,0,0,0,0,3036
4635,0,30,1000,500,850,0,0,0,0,0,0,1,0,0,0,109.625,-1,-65.9999771118164,8212,1,-157.5,91.5000228881836,6,0,0,0,0,3036
4636,0,31,1000,500,850,0,0,0,0,0,0,1,0,0,0,109.625,-1,-65.9999771118164,8212,1,-157.5,91.5000228881836,6,0,0,0,0,3036
4637,0,32,1000,500,850,0,0,0,0,0,0,1,0,0,0,109.625,-1,-65.9999771118164,8212,1,-157.5,91.5000228881836,6,0,0,0,0,3036
4638,0,33,1000,500,850,0,0,0,0,0,0,1,0,0,0,109.625,-1,-65.9999771118164,8212,1,-157.5,91.5000228881836,1,0,0,0,0,3036
4639,0,34,1000,500,850,0,0,0,0,0,0,1,0,0,0,109.625,-1,-65.9999771118164,8212,1,-157.5,91.5000228881836,1,0,0,0,0,3036
4640,0,35,1000,500,850,0,0,0,0,0,0,1,0,0,0,109.625,-1,-59.79997253417969,8213,1,-157.5,97.70002746582031,1,0,0,0,0,3036
4641,0,36,1000,500,850,0,0,0,0,0,0,1,0,0,0,109.625,-1,-59.79997253417969,8213,1,-157.5,97.70002746582031,1,0,0,0,0,3036
4642,0,37,1000,500,850,0,0,0,0,0,0,1,0,0,0,109.625,-1,-53.5999755859375,8213,1,-157.5,103.9000244140625,1,0,0,0,0,3036
4643,0,38,1000,500,850,0,0,0,0,0,0,1,0,0,0,109.625,-1,-47.39997863769531,8213,1,-157.5,110.10002136230469,1,0,0,0,0,3036
4644,0,39,1000,500,850,0,0,0,0,0,0,1,0,0,0,109.625,-1,-41.199974060058594,8213,1,-157.5,116.3000259399414,2,0,0,0,0,3036
4645,0,40,1000,500,850,0,0,0,0,0,0,1,0,0,0,109.625,-1,-34.999969482421875,8213,1,-157.5,122.50003051757812,2,0,0,0,0,3036
4646,0,41,1000,500,850,0,0,0,0,0,0,1,0,0,0,109.625,-1,-28.799972534179688,8213,1,-157.5,128.7000274658203,2,0,0,0,0,3036
4647,0,42,1000,500,850,0,0,0,0,0,0,1,0,0,0,109.625,-1,-22.5999755859375,8213,1,-157.5,134.9000244140625,2,0,0,0,0,3036
4648,0,43,1000,500,850,0,0,0,0,0,0,1,0,0,0,109.625,-1,-16.39996337890625,8213,1,-157.5,141.10003662109375,3,0,0,0,0,3036
4649,0,44,1000,500,850,0,0,0,0,0,0,1,0,0,0,109.625,-1,-10.199966430664062,8213,1,-157.5,147.30003356933594,3,0,0,0,0,3036
4650,0,45,1000,500,850,0,0,0,0,0,0,1,0,0,0,109.625,-1,-3.999969482421875,8213,1,-157.5,153.50003051757812,3,0,0,0,0,3036
4651,0,46,1000,500,850,0,0,0,0,0,0,1,0,0,0,109.625,-1,2.2000274658203125,8213,1,-157.5,159.7000274658203,3,0,0,0,0,3036
4652,0,47,1000,500,850,0,0,0,0,0,0,1,0,0,0,109.625,-1,8.4000244140625,8213,1,-157.5,165.9000244140625,4,0,0,0,0,3036
4653,0,48,1000,500,850,0,0,0,0,0,0,1,0,0,0,109.625,-1,14.600021362304688,8213,1,-157.5,172.1000213623047,4,0,0,0,0,3036
4654,0,49,1000,500,850,0,0,0,0,0,0,1,0,0,0,109.625,-1,20.800033569335938,8213,1,-157.5,178.30003356933594,4,0,0,0,0,3036
4655,0,50,1000,500,850,0,0,0,0,0,0,1,0,0,0,109.625,-1,27.000030517578125,8213,1,-157.5,184.50003051757812,4,0,0,0,0,3036
4656,0,51,1000,500,850,0,0,0,0,0,0,1,0,0,0,109.625,-1,33.20002746582031,8213,1,-157.5,190.7000274658203,5,0,0,0,0,3036
4657,0,52,1000,500,850,0,0,0,0,0,0,1,0,0,0,109.625,-1,39.4000244140625,8213,1,-157.5,196.9000244140625,5,0,0,0,0,3036
4658,0,53,1000,500,850,0,0,0,0,0,0,1,0,0,0,109.625,-1,45.60003662109375,8213,1,-157.5,203.10003662109375,5,0,0,0,0,3036
4659,0,54,1000,500,850,0,0,0,0,0,0,1,0,0,0,109.625,-1,51.80003356933594,8213,1,-157.5,209.30003356933594,5,0,0,0,0,3036
4660,0,55,1000,500,850,0,0,0,0,0,0,1,0,0,0,109.625,-1,58.000030517578125,8213,1,-157.5,215.50003051757812,6,0,0,0,0,3036
4661,0,56,1000,500,850,0,0,0,0,0,0,1,0,0,0,109.625,-1,64.20002746582031,8213,1,-157.5,221.7000274658203,6,0,0,0,0,3036
4662,0,57,1000,500,850,0,0,0,0,0,0,1,0,0,0,109.625,-1,70.4000244140625,8213,1,-157.5,227.9000244140625,6,0,0,0,0,3036
4663,0,58,1000,500,850,0,0,0,0,0,0,1,0,0,0,109.625,-1,76.60002136230469,8213,1,-157.5,234.1000213623047,6,0,0,0,0,3036
4664,0,59,1000,500,850,0,0,0,0,0,0,1,0,0,0,109.625,-1,82.80001831054688,8213,1,-157.5,240.30001831054688,1,0,0,0,0,3036
4665,0,60,1000,500,850,0,0,0,0,0,0,1,0,0,0,109.625,-1,89.00001525878906,8213,1,-157.5,246.50001525878906,1,0,0,0,0,3036
4666,0,61,1000,500,850,0,0,0,0,0,0,1,0,0,0,109.625,-1,95.20001220703125,8213,1,-157.5,252.70001220703125,1,0,0,0,0,3036
4667,0,62,1000,500,850,0,0,0,0,0,0,1,0,0,0,109.625,-1,101.4000244140625,8213,1,-157.5,258.9000244140625,1,0,0,0,0,3036
4668,0,63,1000,500,850,0,0,0,0,0,0,1,0,0,0,109.625,-1,107.60000610351562,8213,1,-157.5,265.1000061035156,2,0,0,0,0,3036
4669,0,64,1000,500,850,0,0,0,0,0,0,1,0,0,0,109.625,-1,113.79998779296875,8213,0,-157.5,271.29998779296875,2,0,0,0,0,3036
4670,0,65,1000,500,850,0,0,0,0,0,0,1,0,0,0,109.625,-1,120,8214,0,-157.5,277.5,1,0,0,0,0,3036
4671,0,66,1000,500,850,0,0,0,0,0,0,1,0,0,0,109.625,-1,120,8214,0,-157.5,277.5,1,0,0,0,0,3036
4672,0,67,1000,500,850,0,0,0,0,0,0,1,0,0,0,109.625,-1,120,8214,0,-157.5,277.5,1,0,0,0,0,3036
4673,0,68,1000,500,850,0,0,0,0,0,0,1,0,0,0,109.625,-1,120,8214,0,-157.5,277.5,1,0,0,0,0,3036
4674,0,69,1000,500,850,0,0,0,0,0,0,1,0,0,0,109.625,-1,120,8214,0,-157.5,277.5,2,0,0,0,0,3036
4675,0,70,1000,500,850,0,0,0,0,0,0,1,0,0,0,109.625,-1,120,8214,0,-157.5,277.5,2,0,0,0,0,3036
4676,0,71,1000,500,850,0,0,0,0,0,0,1,0,0,0,109.625,-1,120,8214,0,-157.5,277.5,2,0,0,0,0,3036
4677,0,72,1000,500,850,0,0,0,0,0,0,1,0,0,0,109.625,-1,120,8214,0,-157.5,277.5,2,0,0,0,0,3036
4678,0,73,1000,500,850,0,0,0,0,0,0,1,0,0,0,109.625,-1,120,8214,0,-157.5,277.5,2,0,0,0,0,3036
4679,0,74,1000,500,850,0,0,0,0,0,0,1,0,0,0,109.625,-1,120,8214,0,-157.5,277.5,3,0,0,0,0,3036
4680,0,75,1000,500,850,0,0,0,0,0,0,1,0,0,0,109.625,-1,120,8214,0,-157.5,277.5,3,0,0,0,0,3036
4681,0,76,1000,500,850,0,0,0,0,0,0,1,0,0,0,109.625,-1,120,8214,0,-157.5,277.5,3,0,0,0,0,3036
4682,0,77,1000,500,850,0,0,0,0,0,0,1,0,0,0,109.625,-1,120,8214,0,-157.5,277.5,3,0,0,0,0,3036
4683,0,78,1000,500,850,0,0,0,0,0,0,1,0,0,0,109.625,-1,120,8214,0,-157.5,277.5,3,0,0,0,0,3036
4684,0,79,1000,500,850,0,0,0,0,0,0,1,0,0,0,109.625,-1,120,8214,0,-157.5,277.5,4,0,0,0,0,3036
4685,0,80,1000,500,850,0,0,0,0,0,0,1,0,0,0,109.625,-1,120,8214,0,-157.5,277.5,4,0,0,0,0,3036
4686,0,81,1000,500,850,0,0,0,0,0,0,1,0,0,0,109.625,-1,120,8214,0,-157.5,277.5,4,0,0,0,0,3036
4687,0,82,1000,500,850,0,0,0,0,0,0,1,0,0,0,109.625,-1,120,8214,0,-157.5,277.5,4,0,0,0,0,3036
4688,0,83,1000,500,850,0,0,0,0,0,0,1,0,0,0,109.625,-1,120,8214,0,-157.5,277.5,4,0,0,0,0,3036
4689,0,84,1000,500,850,0,0,0,0,0,0,1,0,0,0,109.625,-1,120,8214,0,-157.5,277.5,5,0,0,0,0,3036
4690,0,85,1000,500,850,0,0,0,0,0,0,1,0,0,0,109.625,-1,120,8214,0,-157.5,277.5,5,0,0,0,0,3036
4691,0,86,1000,500,850,0,0,0,0,0,0,1,0,0,0,109.625,-1,120,8214,0,-157.5,277.5,5,0,0,0,0,3036
4692,0,87,1000,500,850,0,0,0,0,0,0,1,0,0,0,109.625,-1,120,8214,0,-157.5,277.5,5,0,0,0,0,3036
4693,0,88,1000,500,850,0,0,0,0,0,0,1,0,0,0,109.625,-1,120,8214,0,-157.5,277.5,5,0,0,0,0,3036
4694,0,89,1000,500,850,0,0,0,0,0,0,1,0,0,0,109.625,-1,120,8214,0,-157.5,277.5,6,0,0,0,0,3036
4695,0,90,1000,500,850,0,0,0,0,0,0,1,0,0,0,109.625,-1,120,8214,0,-157.5,277.5,6,0,0,0,0,3036
4696,0,91,1000,500,850,0,0,0,0,0,0,1,0,0,0,109.625,-1,120,8214,0,-157.5,277.5,6,0,0,0,0,3036
4697,0,92,1000,500,850,0,0,0,0,0,0,1,0,0,0,109.625,-1,120,8214,0,-157.5,277.5,6,0,0,0,0,3036
4698,0,93,1000,500,850,0,0,0,0,0,0,1,0,0,0,109.625,-1,120,8214,0,-157.5,277.5,6,0,0,0,0,3036
4699,0,94,1000,500,850,0,0,0,0,0,0,1,0,0,0,109.625,-1,120,8214,0,-157.5,277.5,1,0,0,0,0,3036
4700,0,95,1000,500,850,0,0,0,0,0,0,1,0,0,0,109.625,-1,120,8200,0,-157.5,277.5,1,0,0,0,0,3036
4701,0,96,1000,500,850,0,0,0,0,0,0,1,0,0,0,109.625,-1,120,8200,0,-157.5,277.5,1,0,0,0,0,3036
4702,0,97,1000,500,850,0,0,0,0,0,0,1,0,0,0,109.625,-1,120,8200,0,-157.5,277.5,1,0,0,0,0,3036
4703,0,98,1000,500,850,0,0,0,0,0,0,1,0,0,0,109.625,-1,120,8200,0,-157.5,277.5,1,0,0,0,0,3036
4704,0,99,1000,500,850,0,0,0,0,0,0,1,0,0,0,109.625,-1,120,8200,0,-157.5,277.5,1,0,0,0,0,3036
4705,0,100,1000,500,850,0,0,0,0,0,0,1,0,0,0,109.625,-1,120,8200,0,-157.5,277.5,1,0,0,0,0,3036
4706,0,101,1000,500,850,0,0,0,0,0,0,1,0,0,0,109.625,-1,120,8200,0,-157.5,277.5,1,0,0,0,0,3036
4707,0,102,1000,500,850,0,0,0,0,0,0,1,0,0,0,109.625,-1,120,8200,0,-157.5,277.5,1,0,0,0,0,3036
4708,0,103,1000,500,850,0,0,0,0,0,0,1,0,0,0,109.625,-1,120,8200,0,-157.5,277.5,1,0,0,0,0,3036
4709,0,104,1000,500,850,0,0,0,0,0,0,1,0,0,0,109.625,-1,120,8200,0,-157.5,277.5,1,0,0,0,0,3036
4710,0,105,1000,500,850,0,0,0,0,0,0,1,0,0,0,109.625,-1,120,8200,0,-157.5,277.5,1,0,0,0,0,3036
4711,0,106,1000,500,850,0,0,0,0,0,0,1,0,0,0,109.625,-1,120,8200,0,-157.5,277.5,2,0,0,0,0,3036
4712,0,107,1000,500,850,0,0,0,0,0,0,1,0,0,0,109.625,-1,120,8200,0,-157.5,277.5,2,0,0,0,0,3036
4713,0,108,1000,500,850,0,0,0,0,0,0,1,0,0,0,109.625,-1,120,8200,0,-157.5,277.5,2,0,0,0,0,3036
4714,0,109,1000,500,850,0,0,0,0,0,0,1,0,0,0,109.625,-1,120,8200,0,-157.5,277.5,2,0,0,0,0,3036
4715,0,110,1000,500,850,0,0,0,0,0,0,1,0,0,0,109.625,-1,120,8200,0,-157.5,277.5,2,0,0,0,0,3036
4716,0,111,1000,500,850,0,0,0,0,0,0,1,0,0,0,109.625,-1,120,8200,0,-157.5,277.5,2,0,0,0,0,3036
4717,0,112,1000,500,850,0,0,0,0,0,0,1,0,0,0,109.625,-1,120,8200,0,-157.5,277.5,2,0,0,0,0,3036
4718,0,113,1000,500,850,0,0,0,0,0,0,1,0,0,0,109.625,-1,120,8200,0,-157.5,277.5,2,0,0,0,0,3036
4719,0,114,1000,500,850,0,0,0,0,0,0,1,0,0,0,109.625,-1,120,8200,0,-157.5,277.5,2,0,0,0,0,3036
4720,0,115,1000,500,850,0,0,0,0,0,0,1,0,0,0,109.625,-1,120,8200,0,-157.5,277.5,2,0,0,0,0,3036
4721,0,116,1000,500,850,0,0,0,0,0,0,1,0,0,0,109.625,-1,120,8200,0,-157.5,277.5,2,0,0,0,0,3036
4722,0,117,1000,500,850,0,0,0,0,0,0,1,0,0,0,109.625,-1,120,8200,0,-157.5,277.5,2,0,0,0,0,3036
4723,0,118,1000,500,850,0,0,0,0,0,0,1,0,0,0,109.625,-1,120,8200,0,-157.5,277.5,3,0,0,0,0,3036
4724,0,119,1000,500,850,0,0,0,0,0,0,1,0,0,0,109.625,-1,120,8200,0,-157.5,277.5,3,0,0,0,0,3036
4725,0,120,1000,500,850,0,0,0,0,0,0,1,0,0,0,109.625,-1,120,8200,0,-157.5,277.5,3,0,0,0,0,3036
4726,0,121,1000,500,850,0,0,0,0,0,0,1,0,0,0,109.625,-1,120,8200,0,-157.5,277.5,3,0,0,0,0,3036
4727,0,122,1000,500,850,0,0,0,0,0,0,1,0,0,0,109.625,-1,120,8200,0,-157.5,277.5,3,0,0,0,0,3036
4728,0,123,1000,500,850,0,0,0,0,0,0,1,0,0,0,109.625,-1,120,8200,0,-157.5,277.5,3,0,0,0,0,3036
4729,0,124,1000,500,850,0,0,0,0,0,0,1,0,0,0,109.625,-1,120,8200,0,-157.5,277.5,3,0,0,0,0,3036
4730,0,125,1000,500,850,0,0,0,0,0,0,1,0,0,0,109.625,-1,120,8200,0,-157.5,277.5,3,0,0,0,0,3036
4731,0,126,1000,500,850,0,0,0,0,0,0,1,0,0,0,109.625,-1,120,8200,0,-157.5,277.5,3,0,0,0,0,3036
4732,0,127,1000,500,850,0,0,0,0,0,0,1,0,0,0,109.625,-1,120,8200,0,-157.5,277.5,3,0,0,0,0,3036
4733,0,128,1000,500,850,0,0,0,0,0,0,1,0,0,0,109.625,-1,120,8200,0,-157.5,277.5,3,0,0,0,0,3036
4734,0,129,1000,500,850,0,0,0,0,0,0,1,0,0,0,109.625,-1,120,8200,0,-157.5,277.5,3,0,0,0,0,3036
4735,0,130,1000,500,850,0,0,0,0,0,0,1,0,0,0,109.625,-1,120,8200,0,-157.5,277.5,4,0,0,0,0,3036
4736,0,131,1000,500,850,0,0,0,0,0,0,1,0,0,0,109.625,-1,120,8200,0,-157.5,277.5,4,0,0,0,0,3036
4737,0,132,1000,500,850,0,0,0,0,0,0,1,0,0,0,109.625,-1,120,8200,0,-157.5,277.5,4,0,0,0,0,3036
4738,0,133,1000,500,850,0,0,0,0,0,0,1,0,0,0,109.625,-1,120,8200,0,-157.5,277.5,4,0,0,0,0,3036
4739,0,134,1000,500,850,0,0,0,0,0,0,1,0,0,0,109.625,-1,120,8200,0,-157.5,277.5,4,0,0,0,0,3036
4740,0,135,1000,500,850,0,0,0,0,0,0,1,0,0,0,109.625,-1,120,8200,0,-157.5,277.5,4,0,0,0,0,3036
4741,0,136,1000,500,850,0,0,0,0,0,0,1,0,0,0,109.625,-1,120,8200,0,-157.5,277.5,4,0,0,0,0,3036
4742,0,137,1000,500,850,0,0,0,0,0,0,1,0,0,0,109.625,-1,120,8200,0,-157.5,277.5,4,0,0,0,0,3036
4743,0,138,1000,500,850,0,0,0,0,0,0,1,0,0,0,109.625,-1,120,8200,0,-157.5,277.5,4,0,0,0,0,3036
4744,0,139,1000,500,850,0,0,0,0,0,0,1,0,0,0,109.625,-1,120,8200,0,-157.5,277.5,4,0,0,0,0,3036
4745,0,140,1000,500,850,0,0,0,0,0,0,1,0,0,0,109.625,-1,120,8200,0,-157.5,277.5,4,0,0,0,0,3036
4746,0,141,1000,500,850,0,0,0,0,0,0,1,0,0,0,109.625,-1,120,8200,0,-157.5,277.5,4,0,0,0,0,3036
4747,0,142,1000,500,850,0,0,0,0,0,0,1,0,0,0,109.625,-1,120,8200,0,-157.5,277.5,5,0,0,0,0,3036
4748,0,143,1000,500,850,0,0,0,0,0,0,1,0,0,0,109.625,-1,120,8200,0,-157.5,277.5,5,0,0,0,0,3036
4749,0,144,1000,500,850,0,0,0,0,0,0,1,0,0,0,109.625,-1,120,8200,0,-157.5,277.5,5,0,0,0,0,3036
4750,0,145,1000,500,850,0,0,0,0,0,0,1,0,0,0,109.625,-1,120,8200,0,-157.5,277.5,5,0,0,0,0,3036
4751,0,146,1000,500,850,0,0,0,0,0,0,1,0,0,0,109.625,-1,120,8200,0,-157.5,277.5,5,0,0,0,0,3036
4752,0,147,1000,500,850,0,0,0,0,0,0,1,0,0,0,109.625,-1,120,8200,0,-157.5,277.5,5,0,0,0,0,3036
4753,0,148,1000,500,850,0,0,0,0,0,0,1,0,0,0,109.625,-1,120,8200,0,-157.5,277.5,5,0,0,0,0,3036
4754,0,149,1000,500,850,0,0,0,0,0,0,1,0,0,0,109.625,-1,120,8200,0,-157.5,277.5,5,0,0,0,0,3036
4755,0,150,1000,500,850,0,0,0,0,0,0,1,0,0,0,109.625,-1,120,8200,0,-157.5,277.5,5,0,0,0,0,3036
4756,0,151,1000,500,850,0,0,0,0,0,0,1,0,0,0,109.625,-1,120,8200,0,-157.5,277.5,5,0,0,0,0,3036
4757,0,152,1000,500,850,0,0,0,0,0,0,1,0,0,0,109.625,-1,120,8200,0,-157.5,277.5,5,0,0,0,0,3036
4758,0,153,1000,500,850,0,0,0,0,0,0,1,0,0,0,109.625,-1,120,8200,0,-157.5,277.5,5,0,0,0,0,3036
4759,0,154,1000,500,850,0,0,0,0,0,0,1,0,0,0,109.625,-1,120,8200,0,-157.5,277.5,6,0,0,0,0,3036
4760,0,155,1000,500,850,0,0,0,0,0,0,1,0,0,0,109.625,-1,120,8200,0,-157.5,277.5,6,0,0,0,0,3036
4761,0,156,1000,500,850,0,0,0,0,0,0,1,0,0,0,109.625,-1,120,8200,0,-157.5,277.5,6,0,0,0,0,3036
4762,0,157,1000,500,850,0,0,0,0,0,0,1,0,0,0,109.625,-1,120,8200,0,-157.5,277.5,6,0,0,0,0,3036
4763,0,158,1000,500,850,0,0,0,0,0,0,1,0,0,0,109.625,-1,120,8200,0,-157.5,277.5,6,0,0,0,0,3036
4764,0,159,1000,500,850,0,0,0,0,0,0,1,0,0,0,109.625,-1,120,8200,0,-157.5,277.5,6,0,0,0,0,3036
4765,0,160,1000,500,850,0,0,0,0,0,0,1,0,0,0,109.625,-1,120,8200,0,-157.5,277.5,6,0,0,0,0,3036
4766,0,161,1000,500,850,0,0,0,0,0,0,1,0,0,0,109.625,-1,120,8200,0,-157.5,277.5,6,0,0,0,0,3036
4767,0,162,1000,500,850,0,0,0,0,0,0,1,0,0,0,109.625,-1,120,8200,0,-157.5,277.5,6,0,0,0,0,3036
4768,0,163,1000,500,850,0,0,0,0,0,0,1,0,0,0,109.625,-1,120,8200,0,-157.5,277.5,6,0,0,0,0,3036
4769,0,164,1000,500,850,0,0,0,0,0,0,1,0,0,0,109.625,-1,120,8200,0,-157.5,277.5,6,0,0,0,0,3036
4770,0,165,1000,500,850,0,0,0,0,0,0,1,0,0,0,109.625,-1,120,8200,0,-157.5,277.5,6,0,0,0,0,3036
4771,0,166,1000,500,850,0,0,0,0,0,0,1,0,0,0,109.625,-1,120,8200,0,-157.5,277.5,7,0,0,0,0,3036
4772,0,167,1000,500,850,0,0,0,0,0,0,1,0,0,0,109.625,-1,120,8200,0,-157.5,277.5,7,0,0,0,0,3036
4773,0,168,1000,500,850,0,0,0,0,0,0,1,0,0,0,109.625,-1,120,8200,0,-157.5,277.5,7,0,0,0,0,3036
4774,0,169,1000,500,850,0,0,0,0,0,0,1,0,0,0,109.625,-1,120,8200,0,-157.5,277.5,7,0,0,0,0,3036
4775,0,170,1000,500,850,0,0,0,0,0,0,1,0,0,0,109.625,-1,120,8200,0,-157.5,277.5,7,0,0,0,0,3036
4776,0,171,1000,500,850,0,0,0,0,0,0,1,0,0,0,109.625,-1,120,8200,0,-157.5,277.5,7,0,0,0,0,3036
4777,0,172,1000,500,850,0,0,0,0,0,0,1,0,0,0,109.625,-1,120,8200,0,-157.5,277.5,7,0,0,0,0,3036
4778,0,173,1000,500,850,0,0,0,0,0,0,1,0,0,0,109.625,-1,120,8200,0,-157.5,277.5,7,0,0,0,0,3036
4779,0,174,1000,500,850,0,0,0,0,0,0,1,0,0,0,109.625,-1,120,8200,0,-157.5,277.5,7,0,0,0,0,3036
4780,0,175,1000,500,850,0,0,0,0,0,0,1,0,0,0,109.625,-1,120,8200,0,-157.5,277.5,7,0,0,0,0,3036
4781,0,176,1000,500,850,0,0,0,0,0,0,1,0,0,0,109.625,-1,120,8200,0,-157.5,277.5,7,0,0,0,0,3036
4782,0,177,1000,500,850,0,0,0,0,0,0,1,0,0,0,109.625,-1,120,8200,0,-157.5,277.5,7,0,0,0,0,3036
4783,0,178,1000,500,850,0,0,0,0,0,0,1,0,0,0,109.625,-1,120,8200,0,-157.5,277.5,8,0,0,0,0,3036
4784,0,179,1000,500,850,0,0,0,0,0,0,1,0,0,0,109.625,-1,120,8200,0,-157.5,277.5,8,0,0,0,0,3036
4785,0,180,1000,500,850,0,0,0,0,0,0,1,0,0,0,109.625,-1,120,8200,0,-157.5,277.5,8,0,0,0,0,3036
4786,0,181,1000,500,850,0,0,0,0,0,0,1,0,0,0,109.625,-1,120,8200,0,-157.5,277.5,8,0,0,0,0,3036
4787,0,182,1000,500,850,0,0,0,0,0,0,1,0,0,0,109.625,-1,120,8200,0,-157.5,277.5,8,0,0,0,0,3036
4788,0,183,1000,500,850,0,0,0,0,0,0,1,0,0,0,109.625,-1,120,8200,0,-157.5,277.5,8,0,0,0,0,3036
4789,0,184,1000,500,850,0,0,0,0,0,0,1,0,0,0,109.625,-1,120,8200,0,-157.5,277.5,8,0,0,0,0,3036
4790,0,185,1000,500,850,0,0,0,0,0,0,1,0,0,0,109.625,-1,120,8200,0,-157.5,277.5,8,0,0,0,0,3036
4791,0,186,1000,500,850,0,0,0,0,0,0,1,0,0,0,109.625,-1,120,8200,0,-157.5,277.5,8,0,0,0,0,3036
4792,0,187,1000,500,850,0,0,0,0,0,0,1,0,0,0,109.625,-1,120,8200,0,-157.5,277.5,8,0,0,0,0,3036
4793,0,188,1000,500,850,0,0,0,0,0,0,1,0,0,0,109.625,-1,120,8200,0,-157.5,277.5,8,0,0,0,0,3036
4794,0,189,1000,500,850,0,0,0,0,0,0,1,0,0,0,109.625,-1,120,8200,0,-157.5,277.5,8,0,0,0,0,3036
4795,0,190,1000,500,850,0,0,0,0,0,0,1,0,0,0,109.625,-1,120,8200,0,-157.5,277.5,9,0,0,0,0,3036
4796,0,191,1000,500,850,0,0,0,0,0,0,1,0,0,0,109.625,-1,120,8200,0,-157.5,277.5,9,0,0,0,0,3036
4797,0,192,1000,500,850,0,0,0,0,0,0,1,0,0,0,109.625,-1,120,8200,0,-157.5,277.5,9,0,0,0,0,3036
4798,0,193,1000,500,850,0,0,0,0,0,0,1,0,0,0,109.625,-1,120,8200,0,-157.5,277.5,9,0,0,0,0,3036
4799,0,194,1000,500,850,0,0,0,0,0,0,1,0,0,0,109.625,-1,120,8200,0,-157.5,277.5,9,0,0,0,0,3036
4800,0,195,1000,500,850,0,0,0,0,0,0,1,0,0,0,109.625,-1,120,8200,0,-157.5,277.5,9,0,0,0,0,3036
4801,0,196,1000,500,850,0,0,0,0,0,0,1,0,0,0,109.625,-1,120,8200,0,-157.5,277.5,9,0,0,0,0,3036
4802,0,197,1000,500,850,0,0,0,0,0,0,1,0,0,0,109.625,-1,120,8200,0,-157.5,277.5,9,0,0,0,0,3036
4803,0,198,1000,500,850,0,0,0,0,0,0,1,0,0,0,109.625,-1,120,8200,0,-157.5,277.5,9,0,0,0,0,3036
4804,0,199,1000,500,850,0,0,0,0,0,0,1,0,0,0,109.625,-1,120,8200,0,-157.5,277.5,9,0,0,0,0,3036
4805,0,200,1000,500,850,0,0,0,0,0,0,1,0,0,0,109.625,-1,120,8200,0,-157.5,277.5,9,0,0,0,0,3036
4806,0,201,1000,500,850,0,0,0,0,0,0,1,0,0,0,109.625,-1,120,8200,0,-157.5,277.5,9,0,0,0,0,3036
4807,0,202,1000,500,850,0,0,0,0,0,0,1,0,0,0,109.625,-1,120,8200,0,-157.5,277.5,10,0,0,0,0,3036
4808,0,203,1000,500,850,0,0,0,0,0,0,1,0,0,0,109.625,-1,120,8200,0,-157.5,277.5,10,0,0,0,0,3036
4809,0,204,1000,500,850,0,0,0,0,0,0,1,0,0,0,109.625,-1,120,8200,0,-157.5,277.5,10,0,0,0,0,3036
4810,0,1,3000,500,1000,0,0,240,0,0,0,1,0,0,0,121.625,1,120,8200,0,-157.5,277.5,10,0,0,0,0,1000
4811,0,2,3000,500,1000,0,0,239,0,0,0,1,0,0,0,118.15625,1,120,8200,0,-157.5,277.5,10,0,0,0,0,1000
4812,0,3,3000,500,1000,0,0,238,0,0,0,1,0,0,0,117.2890625,1,120,8200,0,-157.5,277.5,10,0,0,0,0,1000
4813,0,4,3000,500,1000,0,0,237,0,0,0,1,0,0,0,117.072265625,1,120,8200,0,-157.5,277.5,10,0,0,0,0,1000
4814,0,5,3000,500,1000,0,0,236,0,0,0,1,0,0,0,117.01806640625,1,120,8200,0,-157.5,277.5,10,0,0,0,0,1000
4815,0,6,3000,500,1000,0,0,235,0,0,0,1,0,0,0,117.0045166015625,1,120,8200,0,-157.5,277.5,10,0,0,0,0,1000
4816,0,7,3000,500,1000,0,0,234,0,0,0,1,0,0,0,117.00112915039062,1,120,8200,0,-157.5,277.5,10,0,0,0,0,1000
4817,0,8,3000,500,1000,0,0,233,0,0,0,1,0,0,0,117.00028228759766,1,120,8200,0,-157.5,277.5,10,0,0,0,0,1000
4818,0,9,3000,500,1000,0,0,232,0,0,0,1,0,0,0,117.00006866455078,1,120,8200,0,-157.5,277.5,10,0,0,0,0,1000
4819,10,1,3000,500,1000,0,0,231,0,0,0,1,0,0,0,117.00001525878906,1,120,8200,0,-157.5,277.5,11,0,0,0,0,1000
4820,10,2,3000,500,1000,0,0,230,0,0,0,1,0,0,0,117,1,120,8200,0,-157.5,277.5,11,0,0,0,0,1000
4821,10,3,3000,500,1000,0,0,229,0,0,0,1,0,0,0,117,1,120,8200,0,-157.5,277.5,11,0,0,0,0,1000
4822,10,4,3000,500,1000,0,0,228,0,0,0,1,0,0,0,117,1,120,8200,0,-157.5,277.5,11,0,0,0,0,1000
4823,10,5,3000,500,1000,0,0,227,0,0,0,1,0,0,0,117,1,120,8200,0,-157.5,277.5,11,0,0,0,0,1000
4824,10,6,3000,500,1000,0,0,226,0,0,0,1,0,0,0,117,1,120,8200,0,-157.5,277.5,11,0,0,0,0,1000
4825,430,1,3012,500,1000,0,0,225,0,0,0,1,0,0,0,117,1,120,8200,0,-157.5,277.5,11,0,0,0,0,1000
4826,430,2,3012,500,1000,0,0,224,0,0,0,1,0,0,0,117,1,120,8200,0,-157.5,277.5,11,0,0,0,0,1000
4827,430,3,3012,500,1000,0,0,223,0,0,0,1,0,0,0,117,1,120,8200,0,-157.5,277.5,11,0,0,0,0,1000
4828,430,4,3012,500,1000,0,0,222,0,0,0,1,0,0,0,117,1,120,8200,0,-157.5,277.5,11,0,0,0,0,1000
4829,430,5,3012,500,1000,0,0,221,0,0,0,1,0,0,0,117,1,120,8200,0,-157.5,277.5,11,0,0,0,0,1000
4830,430,6,3012,500,1000,0,0,220,0,0,0,1,0,0,0,117,1,120,8200,0,-157.5,277.5,11,0,0,0,0,1000
4831,430,7,3012,500,1000,0,0,219,0,0,0,1,0,0,0,117,1,120,8200,0,-157.5,277.5,12,0,0,0,0,1000
4832,430,8,3012,500,1000,0,0,218,0,0,0,1,0,0,0,117,1,120,8200,0,-157.5,277.5,12,0,0,0,0,1000
4833,430,8,4031,500,972,0,0,217,0,0,0,1,0,0,0,117,1,120,8200,0,-157.5,277.5,12,0,0,0,0,2016
4834,430,8,4031,500,972,0,0,216,0,0,0,1,0,0,0,117,1,120,8200,0,-157.5,277.5,12,0,0,0,0,2016
4835,430,8,4031,500,972,0,0,215,0,0,0,1,0,0,0,117,1,120,8200,0,-157.5,277.5,12,0,0,0,0,2016
4836,430,8,4031,500,972,0,0,214,0,0,0,1,0,0,0,117,1,120,8200,0,-157.5,277.5,12,0,0,0,0,2016
4837,430,8,4031,500,972,0,0,213,0,0,0,1,0,0,0,117,1,120,8200,0,-157.5,277.5,12,0,0,0,0,2016
4838,430,8,4031,500,972,0,0,212,0,0,0,1,0,0,0,117,1,120,8200,0,-157.5,277.5,12,0,0,0,0,2016
4839,430,9,4031,500,972,0,0,211,0,0,0,1,0,0,0,112.83999633789062,1,120,8200,0,-157.5,277.5,12,0,0,0,0,2016
4840,430,10,4031,500,972,0,0,210,0,0,0,1,0,0,0,107.1780014038086,1,120,8200,0,-157.5,277.5,12,0,0,0,0,2016
4841,430,11,4031,500,972,0,0,209,0,0,0,1,0,0,0,104.9280014038086,1,120,8200,0,-154.75,274.75,12,0,0,0,0,2016
4842,430,12,4031,500,972,0,0,208,0,0,0,1,0,0,0,101.5011215209961,1,120,8200,0,-152.5,272.5,12,0,0,0,0,2016
4843,430,13,4031,500,972,0,0,207,0,0,0,1,0,0,0,99.7511215209961,1,120,8200,0,-150.5,270.5,13,0,0,0,0,2016
4844,430,14,4031,500,972,0,0,206,0,0,0,1,0,0,0,98.2511215209961,1,120,8200,0,-148.75,268.75,13,0,0,0,0,2016
4845,430,15,4031,500,972,0,0,205,0,0,0,1,0,0,0,97.0011215209961,1,120,8200,0,-147.25,267.25,13,0,0,0,0,2016
4846,430,16,4031,500,972,0,0,204,0,0,0,1,0,0,0,96.0011215209961,1,120,8200,0,-146,266,13,0,0,0,0,2016
4847,430,17,4031,500,972,0,0,203,0,0,0,1,0,0,0,96.0011215209961,1,120,8200,0,-145,265,13,0,0,0,0,2016
4848,430,18,4031,500,972,0,0,202,0,0,0,1,0,0,0,96.0011215209961,1,120,8200,0,-145,265,13,0,0,0,0,2016
4849,11,1,4031,500,972,0,0,201,0,0,0,1,0,0,0,96.0011215209961,1,120,8200,0,-145,265,13,0,0,0,0,2016
4850,12,1,4031,500,972,0,0,200,0,0,0,1,0,0,0,96.0011215209961,1,120,8200,0,-145,265,13,0,0,0,0,2016
4851,12,2,4031,500,972,0,0,199,0,0,0,1,0,0,0,96.0011215209961,1,120,8200,0,-145,265,13,0,0,0,0,2016
4852,12,3,4031,500,972,0,0,198,0,0,0,1,0,0,0,96.0011215209961,1,120,8200,0,-145,265,13,0,0,0,0,2016
4853,12,4,4031,500,972,0,0,197,0,0,0,1,0,0,0,96.0011215209961,1,120,8200,0,-145,265,13,0,0,0,0,2016
4854,12,5,4031,500,972,0,0,196,0,0,0,1,0,0,0,96.0011215209961,1,120,8200,0,-145,265,13,0,0,0,0,2016
4855,12,6,4031,500,972,0,0,195,0,0,0,1,0,0,0,96.0011215209961,1,120,8200,0,-145,265,14,0,0,0,0,2016
4856,12,7,4031,500,972,0,0,194,0,0,0,1,0,0,0,96.0011215209961,1,120,8200,0,-145,265,14,0,0,0,0,2016
4857,12,8,4031,500,972,0,0,193,0,0,0,1,0,0,0,96.0011215209961,1,120,8200,0,-145,265,14,0,0,0,0,2016
4858,12,9,4031,500,972,0,0,192,0,0,0,1,0,0,0,96.0011215209961,1,120,8200,0,-145,265,14,0,0,0,0,2016
4859,0,1,4031,500,972,0,0,191,0,0,0,1,0,0,0,96.0011215209961,1,120,8200,0,-145,265,14,0,0,0,0,2016
4860,0,2,4031,500,972,0,0,190,0,0,0,1,0,0,0,96.0011215209961,1,120,8200,0,-145,265,14,0,0,0,0,2016
4861,0,3,4031,500,972,0,0,189,0,0,0,1,0,0,0,96.0011215209961,1,120,8200,0,-145,265,14,0,0,0,0,2016
4862,0,4,4031,500,972,0,0,188,0,0,0,1,0,0,0,96.0011215209961,1,120,8200,0,-145,265,14,0,0,0,0,2016
4863,0,5,4031,500,972,0,0,187,0,0,0,1,0,0,0,96.0011215209961,1,120,8200,0,-145,265,14,0,0,0,0,2016
4864,0,6,4031,500,972,0,0,186,0,0,0,1,0,0,0,96.0011215209961,1,120,8200,0,-145,265,14,0,0,0,0,2016
4865,0,7,4031,500,972,0,0,185,0,0,0,1,0,0,0,96.0011215209961,1,120,8200,0,-145,265,14,0,0,0,0,2016
4866,0,8,4031,500,972,0,0,184,0,0,0,1,0,0,0,96.0011215209961,1,120,8200,0,-145,265,14,0,0,0,0,2016
4867,0,9,4031,500,972,0,0,183,0,0,0,1,0,0,0,96.0011215209961,1,120,8200,0,-145,265,15,0,0,0,0,2016
4868,0,10,4031,500,972,0,0,182,0,0,0,1,0,0,0,96.0011215209961,1,120,8200,0,-145,265,15,0,0,0,0,2016
4869,0,11,4031,500,972,0,0,181,0,0,0,1,0,0,0,96.0011215209961,1,120,8200,0,-145,265,15,0,0,0,0,2016
4870,0,12,4031,500,972,0,0,180,0,0,0,1,0,0,0,96.0011215209961,1,120,8200,0,-145,265,15,0,0,0,0,2016
4871,0,13,4031,500,972,0,0,179,0,0,0,1,0,0,0,96.0011215209961,1,120,8200,0,-145,265,15,0,0,0,0,2016
4872,0,14,4031,500,972,0,0,178,0,0,0,1,0,0,0,96.0011215209961,1,120,8200,0,-145,265,15,0,0,0,0,2016
4873,0,15,4031,500,972,0,0,177,0,0,0,1,0,0,0,96.0011215209961,1,120,8200,0,-145,265,15,0,0,0,0,2016
4874,0,16,4031,500,972,0,0,176,0,0,0,1,0,0,0,96.0011215209961,1,120,8200,0,-145,265,15,0,0,0,0,2016
4875,0,17,4031,500,972,0,0,175,0,0,0,1,0,0,0,96.0011215209961,1,120,8200,0,-145,265,15,0,0,0,0,2016
4876,0,18,4031,500,972,0,0,174,0,0,0,1,0,0,0,96.0011215209961,1,120,8200,0,-145,265,15,0,0,0,0,2016
4877,0,19,4031,500,972,0,0,173,0,0,0,1,0,0,0,96.0011215209961,1,120,8200,0,-145,265,15,0,0,0,0,2016
4878,0,20,4031,500,972,0,0,172,0,0,0,1,0,0,0,96.0011215209961,1,120,8200,0,-145,265,15,0,0,0,0,2016
4879,0,21,4031,500,972,0,0,171,0,0,0,1,0,0,0,96.0011215209961,1,120,8200,0,-145,265,16,0,0,0,0,2016
4880,0,22,4031,500,972,0,0,170,0,0,0,1,0,0,0,96.0011215209961,1,120,8200,0,-145,265,16,0,0,0,0,2016
4881,0,23,4031,500,972,0,0,169,0,0,0,1,0,0,0,96.0011215209961,1,120,8200,0,-145,265,16,0,0,0,0,2016
4882,0,24,4031,500,972,0,0,168,0,0,0,1,0,0,0,96.0011215209961,1,120,8200,0,-145,265,16,0,0,0,0,2016
4883,0,25,4031,500,972,0,0,167,0,0,0,1,0,0,0,96.0011215209961,1,120,8200,0,-145,265,16,0,0,0,0,2016
4884,0,26,4031,500,972,0,0,166,0,0,0,1,0,0,0,96.0011215209961,1,120,8200,0,-145,265,16,0,0,0,0,2016
4885,0,27,4031,500,972,0,0,165,0,0,0,1,0,0,0,96.0011215209961,1,120,8200,0,-145,265,16,0,0,0,0,2016
4886,0,28,4031,500,972,0,0,164,0,0,0,1,0,0,0,96.0011215209961,1,120,8200,0,-145,265,16,0,0,0,0,2016
4887,0,29,4031,500,972,0,0,163,0,0,0,1,0,0,0,96.0011215209961,1,120,8200,0,-145,265,16,0,0,0,0,2016
4888,0,30,4031,500,972,0,0,162,0,0,0,1,0,0,0,96.0011215209961,1,120,8200,0,-145,265,16,0,0,0,0,2016
4889,0,31,4031,500,972,0,0,161,0,0,0,1,0,0,0,96.0011215209961,1,120,8200,0,-145,265,16,0,0,0,0,2016
4890,0,32,4031,500,972,0,0,160,0,0,0,1,0,0,0,96.0011215209961,1,120,8200,0,-145,265,16,0,0,0,0,2016
4891,0,33,4031,500,972,0,0,159,0,0,0,1,0,0,0,96.0011215209961,1,120,8200,0,-145,265,17,0,0,0,0,2016
4892,0,34,4031,500,972,0,0,158,0,0,0,1,0,0,0,96.0011215209961,1,120,8200,0,-145,265,17,0,0,0,0,2016
4893,0,35,4031,500,972,0,0,157,0,0,0,1,0,0,0,96.0011215209961,1,120,8200,0,-145,265,17,0,0,0,0,2016
4894,0,36,4031,500,972,0,0,156,0,0,0,1,0,0,0,96.0011215209961,1,120,8200,0,-145,265,17,0,0,0,0,2016
4895,0,37,4031,500,972,0,0,155,0,0,0,1,0,0,0,96.0011215209961,1,120,8200,0,-145,265,17,0,0,0,0,2016
4896,0,38,4031,500,972,0,0,154,0,0,0,1,0,0,0,96.0011215209961,1,120,8200,0,-145,265,17,0,0,0,0,2016
4897,0,39,4031,500,972,0,0,153,0,0,0,1,0,0,0,96.0011215209961,1,120,8200,0,-145,265,17,0,0,0,0,2016
4898,0,40,4031,500,972,0,0,152,0,0,0,1,0,0,0,96.0011215209961,1,120,8200,0,-145,265,17,0,0,0,0,2016
4899,0,41,4031,500,972,0,0,151,0,0,0,1,0,0,0,96.0011215209961,1,120,8200,0,-145,265,17,0,0,0,0,2016
4900,0,42,4031,500,972,0,0,150,0,0,0,1,0,0,0,96.0011215209961,1,120,8200,0,-145,265,17,0,0,0,0,2016
4901,0,43,4031,500,972,0,0,149,0,0,0,1,0,0,0,96.0011215209961,1,120,8200,0,-145,265,17,0,0,0,0,2016
4902,0,44,4031,500,972,0,0,148,0,0,0,1,0,0,0,96.0011215209961,1,120,8200,0,-145,265,17,0,0,0,0,2016
4903,0,45,4031,500,972,0,0,147,0,0,0,1,0,0,0,96.0011215209961,1,120,8200,0,-145,265,18,0,0,0,0,2016
4904,0,46,4031,500,972,0,0,146,0,0,0,1,0,0,0,96.0011215209961,1,120,8200,0,-145,265,18,0,0,0,0,2016
4905,0,47,4031,500,972,0,0,145,0,0,0,1,0,0,0,96.0011215209961,1,120,8200,0,-145,265,18,0,0,0,0,2016
4906,0,48,4031,500,972,0,0,144,0,0,0,1,0,0,0,96.0011215209961,1,120,8200,0,-145,265,18,0,0,0,0,2016
4907,0,49,4031,500,972,0,0,143,0,0,0,1,0,0,0,96.0011215209961,1,120,8200,0,-145,265,18,0,0,0,0,2016
4908,0,50,4031,500,972,0,0,142,0,0,0,1,0,0,0,96.0011215209961,1,120,8200,0,-145,265,18,0,0,0,0,2016
4909,0,51,4031,500,972,0,0,141,0,0,0,1,0,0,0,96.0011215209961,1,120,8200,0,-145,265,18,0,0,0,0,2016
4910,0,52,4031,500,972,0,0,140,0,0,0,1,0,0,0,96.0011215209961,1,120,8200,0,-145,265,18,0,0,0,0,2016
4911,0,53,4031,500,972,0,0,139,0,0,0,1,0,0,0,96.0011215209961,1,120,8200,0,-145,265,18,0,0,0,0,2016
4912,0,54,4031,500,972,0,0,138,0,0,0,1,0,0,0,96.0011215209961,1,120,8200,0,-145,265,18,0,0,0,0,2016
4913,0,55,4031,500,972,0,0,137,0,0,0,1,0,0,0,96.0011215209961,1,120,8200,0,-145,265,18,0,0,0,0,2016
4914,0,56,4031,500,972,0,0,136,0,0,0,1,0,0,0,96.0011215209961,1,120,8200,0,-145,265,18,0,0,0,0,2016
4915,0,57,4031,500,972,0,0,135,0,0,0,1,0,0,0,96.0011215209961,1,120,8200,0,-145,265,19,0,0,0,0,2016
4916,0,58,4031,500,972,0,0,134,0,0,0,1,0,0,0,96.0011215209961,1,120,8200,0,-145,265,19,0,0,0,0,2016
4917,0,59,4031,500,972,0,0,133,0,0,0,1,0,0,0,96.0011215209961,1,120,8200,0,-145,265,19,0,0,0,0,2016
4918,0,60,4031,500,972,0,0,132,0,0,0,1,0,0,0,96.0011215209961,1,120,8200,0,-145,265,19,0,0,0,0,2016
4919,0,61,4031,500,972,0,0,131,0,0,0,1,0,0,0,96.0011215209961,1,120,8200,0,-145,265,19,0,0,0,0,2016
4920,0,62,4031,500,972,0,0,130,0,0,0,1,0,0,0,96.0011215209961,1,120,8200,0,-145,265,19,0,0,0,0,2016
4921,0,63,4031,500,972,0,0,129,0,0,0,1,0,0,0,96.0011215209961,1,120,8200,0,-145,265,19,0,0,0,0,2016
4922,0,64,4031,500,972,0,0,128,0,0,0,1,0,0,0,96.0011215209961,1,120,8200,0,-145,265,19,0,0,0,0,2016
4923,0,65,4031,500,972,0,0,127,0,0,0,1,0,0,0,96.0011215209961,1,120,8200,0,-145,265,19,0,0,0,0,2016
4924,0,66,4031,500,972,0,0,126,0,0,0,1,0,0,0,96.0011215209961,1,120,8200,0,-145,265,19,0,0,0,0,2016
4925,0,67,4031,500,972,0,0,125,0,0,0,1,0,0,0,96.0011215209961,1,120,8200,0,-145,265,19,0,0,0,0,2016
4926,0,68,4031,500,972,0,0,124,0,0,0,1,0,0,0,96.0011215209961,1,120,8200,0,-145,265,19,0,0,0,0,2016
4927,0,69,4031,500,972,0,0,123,0,0,0,1,0,0,0,96.0011215209961,1,120,8200,0,-145,265,19,0,0,0,0,2016
4928,0,70,4031,500,972,0,0,122,0,0,0,1,0,0,0,96.0011215209961,1,120,8200,0,-145,265,19,0,0,0,0,2016
4929,0,71,4031,500,972,0,0,121,0,0,0,1,0,0,0,96.0011215209961,1,120,8200,0,-145,265,19,0,0,0,0,2016
4930,0,72,4031,500,972,0,0,120,0,0,0,1,0,0,0,96.0011215209961,1,120,8200,0,-145,265,19,0,0,0,0,2016
4931,0,73,4031,500,972,0,0,119,0,0,0,1,0,0,0,96.0011215209961,1,120,8200,0,-145,265,19,0,0,0,0,2016
4932,0,74,4031,500,972,0,0,118,0,0,0,1,0,0,0,96.0011215209961,1,120,8200,0,-145,265,19,0,0,0,0,2016
4933,0,75,4031,500,972,0,0,117,0,0,0,1,0,0,0,96.0011215209961,1,120,8200,0,-145,265,20,0,0,0,0,2016
4934,0,76,4031,500,972,0,0,116,0,0,0,1,0,0,0,96.0011215209961,1,120,8200,0,-145,265,20,0,0,0,0,2016
4935,0,77,4031,500,972,0,0,115,0,0,0,1,0,0,0,96.0011215209961,1,120,8200,0,-145,265,20,0,0,0,0,2016
4936,0,78,4031,500,972,0,0,114,0,0,0,1,0,0,0,96.0011215209961,1,120,8200,0,-145,265,20,0,0,0,0,2016
4937,0,79,4031,500,972,0,0,113,0,0,0,1,0,0,0,96.0011215209961,1,120,8200,0,-145,265,20,0,0,0,0,2016
4938,0,80,4031,500,972,0,0,112,0,0,0,1,0,0,0,96.0011215209961,1,120,8200,0,-145,265,20,0,0,0,0,2016
4939,0,81,4031,500,972,0,0,111,0,0,0,1,0,0,0,96.0011215209961,1,120,8200,0,-145,265,20,0,0,0,0,2016
4940,0,82,4031,500,972,0,0,110,0,0,0,1,0,0,0,96.0011215209961,1,120,8200,0,-145,265,20,0,0,0,0,2016
4941,0,83,4031,500,972,0,0,109,0,0,0,1,0,0,0,96.0011215209961,1,120,8200,0,-145,265,20,0,0,0,0,2016
4942,0,84,4031,500,972,0,0,108,0,0,0,1,0,0,0,96.0011215209961,1,120,8200,0,-145,265,20,0,0,0,0,2016
4943,0,85,4031,500,972,0,0,107,0,0,0,1,0,0,0,96.0011215209961,1,120,8200,0,-145,265,20,0,0,0,0,2016
4944,0,86,4031,500,972,0,0,106,0,0,0,1,0,0,0,96.0011215209961,1,120,8200,0,-145,265,20,0,0,0,0,2016
4945,0,87,4031,500,972,0,0,105,0,0,0,1,0,0,0,96.0011215209961,1,120,8200,0,-145,265,20,0,0,0,0,2016
4946,0,88,4031,500,972,0,0,104,0,0,0,1,0,0,0,96.0011215209961,1,120,8200,0,-145,265,20,0,0,0,0,2016
4947,0,89,4031,500,972,0,0,103,0,0,0,1,0,0,0,96.0011215209961,1,120,8200,0,-145,265,20,0,0,0,0,2016
4948,0,90,4031,500,972,0,0,102,0,0,0,1,0,0,0,96.0011215209961,1,120,8200,0,-145,265,20,0,0,0,0,2016
4949,0,91,4031,500,972,0,0,101,0,0,0,1,0,0,0,96.0011215209961,1,120,8200,0,-145,265,20,0,0,0,0,2016
4950,0,92,4031,500,972,0,0,100,0,0,0,1,0,0,0,96.0011215209961,1,120,8200,0,-145,265,20,0,0,0,0,2016
4951,0,93,4031,500,972,0,0,99,0,0,0,1,0,0,0,96.0011215209961,1,120,8200,0,-145,265,21,0,0,0,0,2016
4952,0,94,4031,500,972,0,0,98,0,0,0,1,0,0,0,96.0011215209961,1,120,8200,0,-145,265,21,0,0,0,0,2016
4953,0,95,4031,500,972,0,0,97,0,0,0,1,0,0,0,96.0011215209961,1,120,8200,0,-145,265,21,0,0,0,0,2016
4954,0,96,4031,500,972,0,0,96,0,0,0,1,0,0,0,96.0011215209961,1,120,8200,0,-145,265,21,0,0,0,0,2016
4955,0,97,4031,500,972,0,0,95,0,0,0,1,0,0,0,96.0011215209961,1,120,8200,0,-145,265,21,0,0,0,0,2016
4956,0,98,4031,500,972,0,0,94,0,0,0,1,0,0,0,96.0011215209961,1,120,8200,0,-145,265,21,0,0,0,0,2016
4957,0,99,4031,500,972,0,0,93,0,0,0,1,0,0,0,96.0011215209961,1,120,8200,0,-145,265,21,0,0,0,0,2016
4958,0,100,4031,500,972,0,0,92,0,0,0,1,0,0,0,96.0011215209961,1,120,8200,0,-145,265,21,0,0,0,0,2016
4959,0,101,4031,500,972,0,0,91,0,0,0,1,0,0,0,96.0011215209961,1,120,8200,0,-145,265,21,0,0,0,0,2016
4960,0,102,4031,500,972,0,0,90,0,0,0,1,0,0,0,96.0011215209961,1,120,8200,0,-145,265,21,0,0,0,0,2016
4961,0,103,4031,500,972,0,0,89,0,0,0,1,0,0,0,96.0011215209961,1,120,8200,0,-145,265,21,0,0,0,0,2016
4962,0,104,4031,500,972,0,0,88,0,0,0,1,0,0,0,96.0011215209961,1,120,8200,0,-145,265,21,0,0,0,0,2016
4963,0,105,4031,500,972,0,0,87,0,0,0,1,0,0,0,96.0011215209961,1,120,8200,0,-145,265,21,0,0,0,0,2016
4964,0,106,4031,500,972,0,0,86,0,0,0,1,0,0,0,96.0011215209961,1,120,8200,0,-145,265,21,0,0,0,0,2016
4965,0,107,4031,500,972,0,0,85,0,0,0,1,0,0,0,96.0011215209961,1,120,8200,0,-145,265,21,0,0,0,0,2016
4966,0,108,4031,500,972,0,0,84,0,0,0,1,0,0,0,96.0011215209961,1,120,8200,0,-145,265,21,0,0,0,0,2016
4967,0,109,4031,500,972,0,0,83,0,0,0,1,0,0,0,96.0011215209961,1,120,8200,0,-145,265,21,0,0,0,0,2016
4968,0,110,4031,500,972,0,0,82,0,0,0,1,0,0,0,96.0011215209961,1,120,8200,0,-145,265,21,0,0,0,0,2016
4969,0,111,4031,500,972,0,0,81,0,0,0,1,0,0,0,96.0011215209961,1,120,8200,0,-145,265,21,0,0,0,0,2016
4970,0,112,4031,500,972,0,0,80,0,0,0,1,0,0,0,96.0011215209961,1,120,8200,0,-145,265,21,0,0,0,0,2016
4971,0,113,4031,500,972,0,0,79,0,0,0,1,0,0,0,96.0011215209961,1,120,8200,0,-145,265,21,0,0,0,0,2016
4972,0,114,4031,500,972,0,0,78,0,0,0,1,0,0,0,96.0011215209961,1,120,8200,0,-145,265,21,0,0,0,0,2016
4973,0,115,4031,500,972,0,0,77,0,0,0,1,0,0,0,96.0011215209961,1,120,8200,0,-145,265,21,0,0,0,0,2016
4974,0,116,4031,500,972,0,0,76,0,0,0,1,0,0,0,96.0011215209961,1,120,8200,0,-145,265,21,0,0,0,0,2016
4975,0,117,4031,500,972,0,0,75,0,0,0,1,0,0,0,96.0011215209961,1,120,8200,0,-145,265,21,0,0,0,0,2016
4976,0,118,4031,500,972,0,0,74,0,0,0,1,0,0,0,96.0011215209961,1,120,8200,0,-145,265,21,0,0,0,0,2016
4977,0,119,4031,500,972,0,0,73,0,0,0,1,0,0,0,96.0011215209961,1,120,8200,0,-145,265,21,0,0,0,0,2016
4978,0,120,4031,500,972,0,0,72,0,0,0,1,0,0,0,96.0011215209961,1,120,8200,0,-145,265,21,0,0,0,0,2016
4979,0,121,4031,500,972,0,0,71,0,0,0,1,0,0,0,96.0011215209961,1,120,8200,0,-145,265,21,0,0,0,0,2016
4980,0,122,4031,500,972,0,0,70,0,0,0,1,0,0,0,96.0011215209961,1,120,8200,0,-145,265,21,0,0,0,0,2016
4981,0,123,4031,500,972,0,0,69,0,0,0,1,0,0,0,96.0011215209961,1,120,8200,0,-145,265,21,0,0,0,0,2016
4982,0,124,4031,500,972,0,0,68,0,0,0,1,0,0,0,96.0011215209961,1,120,8200,0,-145,265,21,0,0,0,0,2016
4983,0,125,4031,500,972,0,0,67,0,0,0,1,0,0,0,96.0011215209961,1,120,8200,0,-145,265,21,0,0,0,0,2016
4984,0,126,4031,500,972,0,0,66,0,0,0,1,0,0,0,96.0011215209961,1,120,8200,0,-145,265,21,0,0,0,0,2016
4985,0,127,4031,500,972,0,0,65,0,0,0,1,0,0,0,96.0011215209961,1,120,8200,0,-145,265,21,0,0,0,0,2016
4986,0,128,4031,500,972,0,0,64,0,0,0,1,0,0,0,96.0011215209961,1,120,8200,0,-145,265,21,0,0,0,0,2016
4987,0,129,4031,500,972,0,0,63,0,0,0,1,0,0,0,96.0011215209961,1,120,8200,0,-145,265,22,0,0,0,0,2016
4988,0,130,4031,500,972,0,0,62,0,0,0,1,0,0,0,96.0011215209961,1,120,8200,0,-145,265,22,0,0,0,0,2016
4989,0,131,4031,500,972,0,0,61,0,0,0,1,0,0,0,96.0011215209961,1,120,8200,0,-145,265,22,0,0,0,0,2016
4990,0,132,4031,500,972,0,0,60,0,0,0,1,0,0,0,96.0011215209961,1,120,8200,0,-145,265,22,0,0,0,0,2016
4991,0,133,4031,500,972,0,0,59,0,0,0,1,0,0,0,96.0011215209961,1,120,8200,0,-145,265,22,0,0,0,0,2016
4992,0,134,4031,500,972,0,0,58,0,0,0,1,0,0,0,96.0011215209961,1,120,8200,0,-145,265,22,0,0,0,0,2016
4993,0,135,4031,500,972,0,0,57,0,0,0,1,0,0,0,96.0011215209961,1,120,8200,0,-145,265,22,0,0,0,0,2016
4994,0,136,4031,500,972,0,0,56,0,0,0,1,0,0,0,96.0011215209961,1,120,8200,0,-145,265,22,0,0,0,0,2016
4995,0,137,4031,500,972,0,0,55,0,0,0,1,0,0,0,96.0011215209961,1,120,8200,0,-145,265,22,0,0,0,0,2016
4996,0,138,4031,500,972,0,0,54,0,0,0,1,0,0,0,96.0011215209961,1,120,8200,0,-145,265,22,0,0,0,0,2016
4997,0,139,4031,500,972,0,0,53,0,0,0,1,0,0,0,96.0011215209961,1,120,8200,0,-145,265,22,0,0,0,0,2016
4998,0,140,4031,500,972,0,0,52,0,0,0,1,0,0,0,96.0011215209961,1,120,8200,0,-145,265,22,0,0,0,0,2016
4999,0,141,4031,500,972,0,0,51,0,0,0,1,0,0,0,96.0011215209961,1,120,8200,0,-145,265,22,0,0,0,0,2016
5000,0,142,4031,500,972,0,0,50,0,0,0,1,0,0,0,96.0011215209961,1,120,8200,0,-145,265,22,0,0,0,0,2016
5001,0,143,4031,500,972,0,0,49,0,0,0,1,0,0,0,96.0011215209961,1,120,8200,0,-145,265,22,0,0,0,0,2016
5002,0,144,4031,500,972,0,0,48,0,0,0,1,0,0,0,96.0011215209961,1,120,8200,0,-145,265,22,0,0,0,0,2016
5003,0,145,4031,500,972,0,0,47,0,0,0,1,0,0,0,96.0011215209961,1,120,8200,0,-145,265,22,0,0,0,0,2016
5004,0,146,4031,500,972,0,0,46,0,0,0,1,0,0,0,96.0011215209961,1,120,8200,0,-145,265,22,0,0,0,0,2016
5005,0,147,4031,500,972,0,0,45,0,0,0,1,0,0,0,96.0011215209961,1,120,8200,0,-145,265,22,0,0,0,0,2016
5006,0,148,4031,500,972,0,0,44,0,0,0,1,0,0,0,96.0011215209961,1,120,8200,0,-145,265,22,0,0,0,0,2016
5007,0,149,4031,500,972,0,0,43,0,0,0,1,0,0,0,96.0011215209961,1,120,8200,0,-145,265,22,0,0,0,0,2016
5008,0,150,4031,500,972,0,0,42,0,0,0,1,0,0,0,96.0011215209961,1,120,8200,0,-145,265,22,0,0,0,0,2016
5009,0,151,4031,500,972,0,0,41,0,0,0,1,0,0,0,96.0011215209961,1,120,8200,0,-145,265,22,0,0,0,0,2016
5010,0,152,4031,500,972,0,0,40,0,0,0,1,0,0,0,96.0011215209961,1,120,8200,0,-145,265,22,0,0,0,0,2016
5011,0,153,4031,500,972,0,0,39,0,0,0,1,0,0,0,96.0011215209961,1,120,8200,0,-145,265,22,0,0,0,0,2016
5012,0,154,4031,500,972,0,0,38,0,0,0,1,0,0,0,96.0011215209961,1,120,8200,0,-145,265,22,0,0,0,0,2016
5013,0,155,4031,500,972,0,0,37,0,0,0,1,0,0,0,96.0011215209961,1,120,8200,0,-145,265,22,0,0,0,0,2016
5014,0,156,4031,500,972,0,0,36,0,0,0,1,0,0,0,96.0011215209961,1,120,8200,0,-145,265,22,0,0,0,0,2016
5015,0,157,4031,500,972,0,0,35,0,0,0,1,0,0,0,96.0011215209961,1,120,8200,0,-145,265,22,0,0,0,0,2016
5016,0,158,4031,500,972,0,0,34,0,0,0,1,0,0,0,96.0011215209961,1,120,8200,0,-145,265,22,0,0,0,0,2016
5017,0,159,4031,500,972,0,0,33,0,0,0,1,0,0,0,96.0011215209961,1,120,8200,0,-145,265,22,0,0,0,0,2016
5018,0,160,4031,500,972,0,0,32,0,0,0,1,0,0,0,96.0011215209961,1,120,8200,0,-145,265,22,0,0,0,0,2016
5019,0,161,4031,500,972,0,0,31,0,0,0,1,0,0,0,96.0011215209961,1,120,8200,0,-145,265,22,0,0,0,0,2016
5020,0,162,4031,500,972,0,0,30,0,0,0,1,0,0,0,96.0011215209961,1,120,8200,0,-145,265,22,0,0,0,0,2016
5021,0,163,4031,500,972,0,0,29,0,0,0,1,0,0,0,96.0011215209961,1,120,8200,0,-145,265,22,0,0,0,0,2016
5022,0,164,4031,500,972,0,0,28,0,0,0,1,0,0,0,96.0011215209961,1,120,8200,0,-145,265,22,0,0,0,0,2016
5023,0,165,4031,500,972,0,0,27,0,0,0,1,0,0,0,96.0011215209961,1,120,8200,0,-145,265,23,0,0,0,0,2016
5024,0,166,4031,500,972,0,0,26,0,0,0,1,0,0,0,96.0011215209961,1,120,8200,0,-145,265,23,0,0,0,0,2016
5025,0,167,4031,500,972,0,0,25,0,0,0,1,0,0,0,96.0011215209961,1,120,8200,0,-145,265,23,0,0,0,0,2016
5026,0,168,4031,500,972,0,0,24,0,0,0,1,0,0,0,96.0011215209961,1,120,8200,0,-145,265,23,0,0,0,0,2016
5027,0,169,4031,500,972,0,0,23,0,0,0,1,0,0,0,96.0011215209961,1,120,8200,0,-145,265,23,0,0,0,0,2016
5028,0,170,4031,500,972,0,0,22,0,0,0,1,0,0,0,96.0011215209961,1,120,8200,0,-145,265,23,0,0,0,0,2016
5029,0,171,4031,500,972,0,0,21,0,0,0,1,0,0,0,96.0011215209961,1,120,8200,0,-145,265,23,0,0,0,0,2016
5030,0,172,4031,500,972,0,0,20,0,0,0,1,0,0,0,96.0011215209961,1,120,8200,0,-145,265,23,0,0,0,0,2016
5031,0,173,4031,500,972,0,0,19,0,0,0,1,0,0,0,96.0011215209961,1,120,8200,0,-145,265,23,0,0,0,0,2016
5032,0,174,4031,500,972,0,0,18,0,0,0,1,0,0,0,96.0011215209961,1,120,8200,0,-145,265,23,0,0,0,0,2016
5033,0,175,4031,500,972,0,0,17,0,0,0,1,0,0,0,96.0011215209961,1,120,8200,0,-145,265,23,0,0,0,0,2016
5034,0,176,4031,500,972,0,0,16,0,0,0,1,0,0,0,96.0011215209961,1,120,8200,0,-145,265,23,0,0,0,0,2016
5035,0,177,4031,500,972,0,0,15,0,0,0,1,0,0,0,96.0011215209961,1,120,8200,0,-145,265,23,0,0,0,0,2016
5036,0,178,4031,500,972,0,0,14,0,0,0,1,0,0,0,96.0011215209961,1,120,8200,0,-145,265,23,0,0,0,0,2016
5037,0,179,4031,500,972,0,0,13,0,0,0,1,0,0,0,96.0011215209961,1,120,8200,0,-145,265,23,0,0,0,0,2016
5038,0,180,4031,500,972,0,0,12,0,0,0,1,0,0,0,96.0011215209961,1,120,8200,0,-145,265,23,0,0,0,0,2016
5039,0,181,4031,500,972,0,0,11,0,0,0,1,0,0,0,96.0011215209961,1,120,8200,0,-145,265,23,0,0,0,0,2016
5040,0,182,4031,500,972,0,0,10,0,0,0,1,0,0,0,96.0011215209961,1,120,8200,0,-145,265,23,0,0,0,0,2016
5041,0,183,4031,500,972,0,0,9,0,0,0,1,0,0,0,96.0011215209961,1,120,8200,0,-145,265,23,0,0,0,0,2016
5042,0,184,4031,500,972,0,0,8,0,0,0,1,0,0,0,96.0011215209961,1,120,8200,0,-145,265,23,0,0,0,0,2016
5043,0,185,4031,500,972,0,0,7,0,0,0,1,0,0,0,96.0011215209961,1,120,8200,0,-145,265,23,0,0,0,0,2016
5044,0,186,4031,500,972,0,0,6,0,0,0,1,0,0,0,96.0011215209961,1,120,8200,0,-145,265,23,0,0,0,0,2016
5045,0,187,4031,500,972,0,0,5,0,0,0,1,0,0,0,96.0011215209961,1,120,8200,0,-145,265,23,0,0,0,0,2016
5046,0,188,4031,500,972,0,0,4,0,0,0,1,0,0,0,96.0011215209961,1,120,8200,0,-145,265,23,0,0,0,0,2016
5047,0,189,4031,500,972,0,0,3,0,0,0,1,0,0,0,96.0011215209961,1,120,8200,0,-145,265,23,0,0,0,0,2016
5048,0,190,4031,500,972,0,0,2,0,0,0,1,0,0,0,96.0011215209961,1,120,8200,0,-145,265,23,0,0,0,0,2016
5049,0,191,4031,500,972,0,0,1,0,0,0,1,0,0,0,96.0011215209961,1,120,8200,0,-145,265,23,0,0,0,0,2016
5050,0,192,4031,500,972,0,0,0,0,0,0,1,0,0,0,96.0011215209961,1,120,8200,0,-145,265,23,0,0,0,0,2016
5051,0,193,4031,500,972,0,0,0,0,0,0,1,0,0,0,96.0011215209961,1,120,8200,0,-145,265,23,0,0,0,0,2016
5052,0,194,4031,500,972,0,0,0,0,0,0,1,0,0,0,96.0011215209961,1,120,8200,0,-145,265,23,0,0,0,0,2016
5053,0,195,4031,500,972,0,0,0,0,0,0,1,0,0,0,96.0011215209961,1,120,8200,0,-145,265,23,0,0,0,0,2016
5054,0,196,4031,500,972,0,0,0,0,0,0,1,0,0,0,96.0011215209961,1,120,8200,0,-145,265,23,0,0,0,0,2016
5055,0,197,4031,500,972,0,0,0,0,0,0,1,0,0,0,96.0011215209961,1,120,8200,0,-145,265,23,0,0,0,0,2016
5056,0,198,4031,500,972,0,0,0,0,0,0,1,0,0,0,96.0011215209961,1,120,8200,0,-145,265,23,0,0,0,0,2016
5057,0,199,4031,500,972,0,0,0,0,0,0,1,0,0,0,96.0011215209961,1,120,8200,0,-145,265,23,0,0,0,0,2016
5058,0,200,4031,500,972,0,0,0,0,0,0,1,0,0,0,96.0011215209961,1,120,8200,0,-145,265,23,0,0,0,0,2016
5059,0,201,4031,500,972,0,0,0,0,0,0,1,0,0,0,96.0011215209961,1,120,8200,0,-145,265,24,0,0,0,0,2016
5060,0,202,4031,500,972,0,0,0,0,0,0,1,0,0,0,96.0011215209961,1,120,8200,0,-145,265,24,0,0,0,0,2016
5061,0,203,4031,500,972,0,0,0,0,0,0,1,0,0,0,96.0011215209961,1,120,8200,0,-145,265,24,0,0,0,0,2016
5062,0,204,4031,500,972,0,0,0,0,0,0,1,0,0,0,96.0011215209961,1,120,8200,0,-145,265,24,0,0,0,0,2016
5063,0,205,4031,500,972,0,0,0,0,0,0,1,0,0,0,96.0011215209961,1,120,8200,0,-145,265,24,0,0,0,0,2016
5064,0,206,4031,500,972,0,0,0,0,0,0,1,0,0,0,96.0011215209961,1,120,8200,0,-145,265,24,0,0,0,0,2016
5065,0,207,4031,500,972,0,0,0,0,0,0,1,0,0,0,96.0011215209961,1,120,8200,0,-145,265,24,0,0,0,0,2016
5066,0,208,4031,500,972,0,0,0,0,0,0,1,0,0,0,96.0011215209961,1,120,8200,0,-145,265,24,0,0,0,0,2016
5067,0,209,4031,500,972,0,0,0,0,0,0,1,0,0,0,96.0011215209961,1,120,8200,0,-145,265,24,0,0,0,0,2016
5068,0,210,4031,500,972,0,0,0,0,0,0,1,0,0,0,96.0011215209961,1,120,8200,0,-145,265,24,0,0,0,0,2016
5069,0,211,4031,500,972,0,0,0,0,0,0,1,0,0,0,96.0011215209961,1,120,8200,0,-145,265,24,0,0,0,0,2016
5070,0,212,4031,500,972,0,0,0,0,0,0,1,0,0,0,96.0011215209961,1,120,8200,0,-145,265,24,0,0,0,0,2016
5071,0,213,4031,500,972,0,0,0,0,0,0,1,0,0,0,96.0011215209961,1,120,8200,0,-145,265,24,0,0,0,0,2016
5072,0,214,4031,500,972,0,0,0,0,0,0,1,0,0,0,96.0011215209961,1,120,8200,0,-145,265,24,0,0,0,0,2016
5073,0,215,4031,500,972,0,0,0,0,0,0,1,0,0,0,96.0011215209961,1,120,8200,0,-145,265,24,0,0,0,0,2016
5074,0,216,4031,500,972,0,0,0,0,0,0,1,0,0,0,96.0011215209961,1,120,8200,0,-145,265,24,0,0,0,0,2016
5075,0,217,4031,500,972,0,0,0,0,0,0,1,0,0,0,96.0011215209961,1,120,8200,0,-145,265,24,0,0,0,0,2016
5076,0,218,4031,500,972,0,0,0,0,0,0,1,0,0,0,96.0011215209961,1,120,8200,0,-145,265,24,0,0,0,0,2016
5077,0,219,4031,500,972,0,0,0,0,0,0,1,0,0,0,96.0011215209961,1,120,8200,0,-145,265,1,0,0,0,0,2016
5078,0,220,4031,500,972,0,0,0,0,0,0,1,0,0,0,96.0011215209961,1,120,8200,0,-145,265,1,0,0,0,0,2016
5079,0,221,4031,500,972,0,0,0,0,0,0,1,0,0,0,96.0011215209961,1,120,8200,0,-145,265,1,0,0,0,0,2016
5080,0,222,4031,500,972,0,0,0,0,0,0,1,0,0,0,96.0011215209961,1,120,8200,0,-145,265,1,0,0,0,0,2016
5081,0,223,4031,500,972,0,0,0,0,0,0,1,0,0,0,96.0011215209961,1,120,8200,0,-145,265,1,0,0,0,0,2016
5082,0,224,4031,500,972,0,0,0,0,0,0,1,0,0,0,96.0011215209961,1,120,8200,0,-145,265,1,0,0,0,0,2016
5083,0,225,4031,500,972,0,0,0,0,0,0,1,0,0,0,96.0011215209961,1,120,8200,0,-145,265,1,0,0,0,0,2016
5084,0,226,4031,500,972,0,0,0,0,0,0,1,0,0,0,96.0011215209961,1,120,8200,0,-145,265,1,0,0,0,0,2016
5085,0,227,4031,500,972,0,0,0,0,0,0,1,0,0,0,96.0011215209961,1,120,8200,0,-145,265,1,0,0,0,0,2016
5086,0,228,4031,500,972,0,0,0,0,0,0,1,0,0,0,96.0011215209961,1,120,8200,0,-145,265,1,0,0,0,0,2016
5087,0,229,4031,500,972,0,0,0,0,0,0,1,0,0,0,96.0011215209961,1,120,8200,0,-145,265,1,0,0,0,0,2016
5088,0,230,4031,500,972,0,0,0,0,0,0,1,0,0,0,96.0011215209961,1,120,8200,0,-145,265,1,0,0,0,0,2016
5089,0,231,4031,500,972,0,0,0,0,0,0,1,0,0,0,96.0011215209961,1,120,8200,0,-145,265,2,0,0,0,0,2016
5090,0,232,4031,500,972,0,0,0,0,0,0,1,0,0,0,96.0011215209961,1,120,8200,0,-145,265,2,0,0,0,0,2016
5091,0,233,4031,500,972,0,0,0,0,0,0,1,0,0,0,96.0011215209961,1,120,8200,0,-145,265,2,0,0,0,0,2016
5092,0,234,4031,500,972,0,0,0,0,0,0,1,0,0,0,96.0011215209961,1,120,8200,0,-145,265,2,0,0,0,0,2016
5093,0,235,4031,500,972,0,0,0,0,0,0,1,0,0,0,96.0011215209961,1,120,8200,0,-145,265,2,0,0,0,0,2016
5094,0,236,4031,500,972,0,0,0,0,0,0,1,0,0,0,96.0011215209961,1,120,8200,0,-145,265,2,0,0,0,0,2016
5095,0,237,4031,500,972,0,0,0,0,0,0,1,0,0,0,96.0011215209961,1,120,8200,0,-145,265,2,0,0,0,0,2016
5096,0,238,4031,500,972,0,0,0,0,0,0,1,0,0,0,96.0011215209961,1,120,8200,0,-145,265,2,0,0,0,0,2016
5097,0,239,4031,500,972,0,0,0,0,0,0,1,0,0,0,96.0011215209961,1,120,8200,0,-145,265,2,0,0,0,0,2016
5098,0,240,4031,500,972,0,0,0,0,0,0,1,0,0,0,96.0011215209961,1,120,8200,0,-145,265,2,0,0,0,0,2016
5099,0,241,4031,500,972,0,0,0,0,0,0,1,0,0,0,96.0011215209961,1,120,8200,0,-145,265,2,0,0,0,0,2016
5100,0,242,4031,500,972,0,0,0,0,0,0,1,0,0,0,96.0011215209961,1,120,8200,0,-145,265,2,0,0,0,0,2016
5101,0,243,4031,500,972,0,0,0,0,0,0,1,0,0,0,96.0011215209961,1,120,8200,0,-145,265,3,0,0,0,0,2016
5102,0,244,4031,500,972,0,0,0,0,0,0,1,0,0,0,96.0011215209961,1,120,8200,0,-145,265,3,0,0,0,0,2016
5103,0,245,4031,500,972,0,0,0,0,0,0,1,0,0,0,96.0011215209961,1,120,8200,0,-145,265,3,0,0,0,0,2016
5104,0,246,4031,500,972,0,0,0,0,0,0,1,0,0,0,96.0011215209961,1,120,8200,0,-145,265,3,0,0,0,0,2016
5105,0,247,4031,500,972,0,0,0,0,0,0,1,0,0,0,96.0011215209961,1,120,8200,0,-145,265,3,0,0,0,0,2016
5106,0,248,4031,500,972,0,0,0,0,0,0,1,0,0,0,96.0011215209961,1,120,8200,0,-145,265,3,0,0,0,0,2016
5107,0,249,4031,500,972,0,0,0,0,0,0,1,0,0,0,96.0011215209961,1,120,8200,0,-145,265,3,0,0,0,0,2016
5108,0,250,4031,500,972,0,0,0,0,0,0,1,0,0,0,96.0011215209961,1,120,8200,0,-145,265,3,0,0,0,0,2016
5109,0,251,4031,500,972,0,0,0,0,0,0,1,0,0,0,96.0011215209961,1,120,8200,0,-145,265,3,0,0,0,0,2016
5110,0,1,0,500,1000,0,0,0,0,0,0,1,0,0,0,117.75,1,120,8200,0,-145,265,3,0,0,0,0,1000
5111,0,2,0,500,1000,0,0,0,0,0,0,1,0,0,0,117.1875,1,120,8200,0,-145,265,3,0,0,0,0,1000
5112,0,3,0,500,1000,0,0,0,0,0,0,1,0,0,0,117.046875,1,120,8200,0,-145,265,3,0,0,0,0,1000
5113,0,4,0,500,1000,0,0,0,0,0,0,1,0,0,0,117.01171875,1,120,8200,0,-145,265,4,0,0,0,0,1000
5114,0,5,0,500,1000,0,0,0,0,0,0,1,0,0,0,117.0029296875,1,120,8200,0,-145,265,4,0,0,0,0,1000
5115,0,6,0,500,1000,0,0,0,0,0,0,1,0,0,0,117.000732421875,1,120,8200,0,-145,265,4,0,0,0,0,1000
5116,0,7,0,500,1000,0,0,0,0,0,0,1,0,0,0,117.00018310546875,1,120,8200,0,-145,265,4,0,0,0,0,1000
5117,0,8,0,500,1000,0,0,0,0,0,0,1,0,0,0,117.00004577636719,1,120,8200,0,-145,265,4,0,0,0,0,1000
5118,0,9,0,500,1000,0,0,0,0,0,0,1,0,0,0,117.00001525878906,1,120,8200,0,-145,265,4,0,0,0,0,1000
5119,10,1,0,500,1000,0,0,0,0,0,0,1,0,0,0,117,1,120,8200,0,-145,265,4,0,0,0,0,1000
5120,10,2,0,500,1000,0,0,0,0,0,0,1,0,0,0,117,1,120,8200,0,-145,265,4,0,0,0,0,1000
5121,10,3,0,500,1000,0,0,0,0,0,0,1,0,0,0,117,1,120,8200,0,-145,265,4,0,0,0,0,1000
5122,10,4,0,500,1000,0,0,0,0,0,0,1,0,0,0,117,1,120,8200,0,-145,265,4,0,0,0,0,1000
5123,10,5,0,500,1000,0,0,0,0,0,0,1,0,0,0,117,1,120,8200,0,-145,265,4,0,0,0,0,1000
5124,10,6,0,500,1000,0,0,0,0,0,0,1,0,0,0,117,1,120,8200,0,-145,265,4,0,0,0,0,1000
5125,1040,1,0,500,1000,0,0,210,0,0,0,1,0,0,0,117,1,120,8200,0,-145,265,5,0,0,0,0,1000
5126,1040,2,0,500,1000,0,0,209,0,0,0,1,0,0,0,117,1,120,8200,0,-145,265,5,0,0,0,0,1000
5127,1040,3,0,500,1000,0,0,208,0,0,0,1,0,0,0,117,1,120,8200,0,-145,265,5,0,0,0,0,1000
5128,1040,4,0,500,1000,0,0,207,0,0,0,1,0,0,0,117,1,120,8200,0,-145,265,5,0,0,0,0,1000
5129,1040,5,0,500,1000,0,0,206,0,0,0,1,0,0,0,117,1,120,8200,0,-145,265,5,0,0,0,0,1000
5130,1040,6,0,500,1000,0,0,205,0,0,0,1,0,0,0,117,1,120,8200,0,-145,265,5,0,0,0,0,1000
5131,1040,7,0,500,1000,0,0,204,0,0,0,1,0,0,0,117,1,120,8200,0,-145,265,5,0,0,0,0,1000
5132,1040,8,0,500,1000,0,0,203,0,0,0,1,0,0,0,117,1,120,8200,0,-145,265,5,0,0,0,0,1000
5133,1040,9,0,500,1000,0,0,202,0,0,0,1,0,0,0,117,1,120,8200,0,-145,265,5,0,0,0,0,1000
5134,1040,10,0,500,1000,0,0,201,0,0,0,1,0,0,0,117,1,120,8200,0,-145,265,5,0,0,0,0,1000
5135,1040,11,0,500,1000,0,0,200,0,0,0,1,0,0,0,117,1,120,8200,0,-145,265,5,0,0,0,0,1000
5136,1040,12,0,500,1000,0,0,199,0,0,0,1,0,0,0,117,1,120,8200,0,-145,265,5,0,0,0,0,1000
5137,1040,13,0,500,1000,0,0,198,0,0,0,1,0,0,0,117,1,120,8200,0,-145,265,6,0,0,0,0,1000
5138,1040,14,0,500,1000,0,0,197,0,0,0,1,0,0,0,117,1,120,8200,0,-145,265,6,0,0,0,0,1000
5139,1040,15,0,500,1000,0,0,196,0,0,0,1,0,0,0,117,1,120,8200,0,-145,265,6,0,0,0,0,1000
5140,1040,16,0,500,1000,0,0,195,0,0,0,1,0,0,0,117,1,120,8200,0,-145,265,6,0,0,0,0,1000
5141,1040,17,0,500,1000,0,0,194,0,0,0,1,0,0,0,117,1,120,8200,0,-145,265,6,0,0,0,0,1000
5142,1040,18,0,500,1000,0,0,193,0,0,0,1,0,0,0,117,1,120,8200,0,-145,265,6,0,0,0,0,1000
5143,1040,19,0,500,1000,0,0,192,0,0,0,1,0,0,0,117,1,120,8200,0,-145,265,6,0,0,0,0,1000
5144,1040,20,0,500,1000,0,0,191,0,0,0,1,0,0,0,117,1,120,8200,0,-145,265,6,0,0,0,0,1000
5145,1040,21,0,500,1000,0,0,190,0,0,0,1,0,0,0,117,1,120,8200,0,-145,265,6,0,0,0,0,1000
5146,1040,22,0,500,1000,0,0,189,0,0,0,1,0,0,0,117,1,120,8200,0,-145,265,6,0,0,0,0,1000
5147,1040,23,0,500,1000,0,0,188,0,0,0,1,0,0,0,117,1,120,8200,0,-145,265,6,0,0,0,0,1000
5148,1040,24,0,500,1000,0,0,187,0,0,0,1,0,0,0,117,1,120,8200,0,-145,265,6,0,0,0,0,1000
5149,1040,25,0,500,1000,0,0,186,0,0,0,1,0,0,0,117,1,120,8200,0,-145,265,7,0,0,0,0,1000
5150,1040,26,0,500,1000,0,0,185,0,0,0,1,0,0,0,117,1,120,8200,0,-145,265,7,0,0,0,0,1000
5151,1040,27,180,500,1000,0,0,184,0,0,0,1,0,0,0,117,1,120,8200,0,-145,265,7,1,0,0,0,1000
5152,1040,28,180,500,1000,0,0,183,0,0,0,1,0,0,0,117,1,120,8200,0,-145,265,7,1,0,0,0,1000
5153,1040,29,180,500,1000,0,0,182,0,0,0,1,0,0,0,117,1,120,8200,0,-145,265,7,1,0,0,0,1000
5154,1040,30,180,500,1000,0,0,181,0,0,0,1,0,0,0,117,1,120,8200,0,-145,265,7,1,0,0,0,1000
5155,1040,31,180,500,1000,0,0,180,0,0,0,1,0,0,0,117,1,120,8200,0,-145,265,7,1,0,0,0,1000
5156,1040,32,180,500,1000,0,0,179,0,0,0,1,0,0,0,117,1,120,8200,0,-145,265,7,1,0,0,0,1000
5157,1040,33,180,500,1000,0,0,178,0,0,0,1,0,0,0,117,1,120,8200,0,-145,265,7,1,0,0,0,1000
5158,1040,34,180,500,1000,0,0,177,0,0,0,1,0,0,0,117,1,120,8200,0,-145,265,7,1,0,0,0,1000
5159,1040,35,180,500,1000,0,0,176,0,0,0,1,0,0,0,117,1,120,8200,0,-145,265,7,1,0,0,0,1000
5160,1040,36,180,500,1000,0,0,175,0,0,0,1,0,0,0,117,1,120,8200,0,-145,265,7,1,0,0,0,1000
5161,1040,37,180,500,1000,0,0,174,0,0,0,1,0,0,0,117,1,120,8200,0,-145,265,8,1,0,0,0,1000
5162,1040,38,180,500,1000,0,0,173,0,0,0,1,0,0,0,117,1,120,8200,0,-145,265,8,1,0,0,0,1000
5163,1040,39,180,500,1000,0,0,172,0,0,0,1,0,0,0,117,1,120,8200,0,-145,265,8,1,0,0,0,1000
5164,1040,40,180,500,1000,0,0,171,0,0,0,1,0,0,0,117,1,120,8200,0,-145,265,8,1,0,0,0,1000
5165,1040,41,180,500,1000,0,0,170,0,0,0,1,0,0,0,117,1,120,8200,0,-145,265,8,1,0,0,0,1000
5166,1040,42,180,500,1000,0,0,169,0,0,0,1,0,0,0,117,1,120,8200,0,-145,265,8,1,0,0,0,1000
5167,0,1,180,500,1000,0,0,168,0,0,0,1,0,0,0,117,1,120,8200,0,-145,265,8,1,0,0,0,1000
5168,0,2,180,500,1000,0,0,167,0,0,0,1,0,0,0,117,1,120,8200,0,-145,265,8,1,0,0,0,1000
5169,0,3,180,500,1000,0,0,166,0,0,0,1,0,0,0,117,1,120,8200,0,-145,265,8,1,0,0,0,1000
5170,0,4,180,500,1000,0,0,165,0,0,0,1,0,0,0,117,1,120,8200,0,-145,265,8,1,0,0,0,1000
5171,0,5,180,500,1000,0,0,164,0,0,0,1,0,0,0,117,1,120,8200,0,-145,265,8,1,0,0,0,1000
5172,0,6,180,500,1000,0,0,163,0,0,0,1,0,0,0,117,1,120,8200,0,-145,265,8,1,0,0,0,1000
5173,0,7,180,500,1000,0,0,162,0,0,0,1,0,0,0,117,1,120,8200,0,-145,265,9,1,0,0,0,1000
5174,0,8,180,500,1000,0,0,161,0,0,0,1,0,0,0,117,1,120,8200,0,-145,265,9,1,0,0,0,1000
5175,0,9,180,500,1000,0,0,160,0,0,0,1,0,0,0,117,1,120,8200,0,-145,265,9,1,0,0,0,1000
5176,0,10,180,500,1000,0,0,159,0,0,0,1,0,0,0,117,1,120,8200,0,-145,265,9,1,0,0,0,1000
5177,0,11,180,500,1000,0,0,158,0,0,0,1,0,0,0,117,1,120,8200,0,-145,265,9,1,0,0,0,1000
5178,0,12,180,500,1000,0,0,157,0,0,0,1,0,0,0,117,1,120,8200,0,-145,265,9,1,0,0,0,1000
5179,0,13,180,500,1000,0,0,156,0,0,0,1,0,0,0,117,1,120,8200,0,-145,265,9,1,0,0,0,1000
5180,0,14,180,500,1000,0,0,155,0,0,0,1,0,0,0,117,1,120,8200,0,-145,265,9,1,0,0,0,1000
5181,0,15,180,500,1000,0,0,154,0,0,0,1,0,0,0,117,1,120,8200,0,-145,265,9,1,0,0,0,1000
5182,0,16,180,500,1000,0,0,153,0,0,0,1,0,0,0,117,1,120,8200,0,-145,265,9,1,0,0,0,1000
5183,0,17,180,500,1000,0,0,152,0,0,0,1,0,0,0,117,1,120,8200,0,-145,265,9,1,0,0,0,1000
5184,0,18,180,500,1000,0,0,151,0,0,0,1,0,0,0,117,1,120,8200,0,-145,265,9,1,0,0,0,1000
5185,0,19,180,500,1000,0,0,150,0,0,0,1,0,0,0,117,1,120,8200,0,-145,265,10,1,0,0,0,1000
5186,0,20,180,500,1000,0,0,149,0,0,0,1,0,0,0,117,1,120,8200,0,-145,265,10,1,0,0,0,1000
5187,0,21,180,500,1000,0,0,148,0,0,0,1,0,0,0,117,1,120,8200,0,-145,265,10,1,0,0,0,1000
5188,0,22,180,500,1000,0,0,147,0,0,0,1,0,0,0,117,1,120,8200,0,-145,265,10,1,0,0,0,1000
5189,0,23,180,500,1000,0,0,146,0,0,0,1,0,0,0,117,1,120,8200,0,-145,265,10,1,0,0,0,1000
5190,0,24,180,500,1000,0,0,145,0,0,0,1,0,0,0,117,1,120,8200,0,-145,265,10,1,0,0,0,1000
5191,0,25,180,500,1000,0,0,144,0,0,0,1,0,0,0,117,1,120,8200,0,-145,265,10,1,0,0,0,1000
5192,0,26,180,500,1000,0,0,143,0,0,0,1,0,0,0,117,1,120,8200,0,-145,265,10,1,0,0,0,1000
5193,0,27,180,500,1000,0,0,142,0,0,0,1,0,0,0,117,1,120,8200,0,-145,265,10,1,0,0,0,1000
5194,0,28,180,500,1000,0,0,141,0,0,0,1,0,0,0,117,1,120,8200,0,-145,265,10,1,0,0,0,1000
5195,0,29,180,500,1000,0,0,140,0,0,0,1,0,0,0,117,1,120,8200,0,-145,265,10,1,0,0,0,1000
5196,0,30,180,500,1000,0,0,139,0,0,0,1,0,0,0,117,1,120,8200,0,-145,265,10,1,0,0,0,1000
5197,0,31,180,500,1000,0,0,138,0,0,0,1,0,0,0,117,1,120,8200,0,-145,265,11,1,0,0,0,1000
5198,0,32,180,500,1000,0,0,137,0,0,0,1,0,0,0,117,1,120,8200,0,-145,265,11,1,0,0,0,1000
5199,0,33,180,500,1000,0,0,136,0,0,0,1,0,0,0,117,1,120,8200,0,-145,265,11,1,0,0,0,1000
5200,0,34,180,500,1000,0,0,135,0,0,0,1,0,0,0,117,1,120,8200,0,-145,265,11,1,0,0,0,1000
5201,0,35,180,500,1000,0,0,134,0,0,0,1,0,0,0,117,1,120,8200,0,-145,265,11,1,0,0,0,1000
5202,0,36,180,500,1000,0,0,133,0,0,0,1,0,0,0,117,1,120,8200,0,-145,265,11,1,0,0,0,1000
5203,0,37,180,500,1000,0,0,132,0,0,0,1,0,0,0,117,1,120,8200,0,-145,265,11,1,0,0,0,1000
5204,0,38,180,500,1000,0,0,131,0,0,0,1,0,0,0,117,1,120,8200,0,-145,265,11,1,0,0,0,1000
5205,0,39,180,500,1000,0,0,130,0,0,0,1,0,0,0,117,1,120,8200,0,-145,265,11,1,0,0,0,1000
5206,0,40,180,500,1000,0,0,129,0,0,0,1,0,0,0,117,1,120,8200,0,-145,265,11,1,0,0,0,1000
5207,0,41,180,500,1000,0,0,128,0,0,0,1,0,0,0,117,1,120,8200,0,-145,265,11,1,0,0,0,1000
5208,0,42,180,500,1000,0,0,127,0,0,0,1,0,0,0,117,1,120,8200,0,-145,265,11,1,0,0,0,1000
5209,0,43,180,500,1000,0,0,126,0,0,0,1,0,0,0,117,1,120,8200,0,-145,265,12,1,0,0,0,1000
5210,0,44,180,500,1000,0,0,125,0,0,0,1,0,0,0,117,1,120,8200,0,-145,265,12,1,0,0,0,1000
5211,0,45,180,500,1000,0,0,124,0,0,0,1,0,0,0,117,1,120,8200,0,-145,265,12,1,0,0,0,1000
5212,0,46,180,500,1000,0,0,123,0,0,0,1,0,0,0,117,1,120,8200,0,-145,265,12,1,0,0,0,1000
5213,0,47,180,500,1000,0,0,122,0,0,0,1,0,0,0,117,1,120,8200,0,-145,265,12,1,0,0,0,1000
5214,0,48,180,500,1000,0,0,121,0,0,0,1,0,0,0,117,1,120,8200,0,-145,265,12,1,0,0,0,1000
5215,0,49,180,500,1000,0,0,120,0,0,0,1,0,0,0,117,1,120,8200,0,-145,265,12,1,0,0,0,1000
5216,0,50,180,500,1000,0,0,119,0,0,0,1,0,0,0,117,1,120,8200,0,-145,265,12,1,0,0,0,1000
5217,0,51,180,500,1000,0,0,118,0,0,0,1,0,0,0,117,1,120,8200,0,-145,265,12,1,0,0,0,1000
5218,0,52,180,500,1000,0,0,117,0,0,0,1,0,0,0,117,1,120,8200,0,-145,265,12,1,0,0,0,1000
5219,0,53,180,500,1000,0,0,116,0,0,0,1,0,0,0,117,1,120,8200,0,-145,265,12,1,0,0,0,1000
5220,0,54,180,500,1000,0,0,115,0,0,0,1,0,0,0,117,1,120,8200,0,-145,265,12,1,0,0,0,1000
5221,0,55,180,500,1000,0,0,114,0,0,0,1,0,0,0,117,1,120,8200,0,-145,265,13,1,0,0,0,1000
5222,0,56,180,500,1000,0,0,113,0,0,0,1,0,0,0,117,1,120,8200,0,-145,265,13,1,0,0,0,1000
5223,0,57,180,500,1000,0,0,112,0,0,0,1,0,0,0,117,1,120,8200,0,-145,265,13,1,0,0,0,1000
5224,0,58,180,500,1000,0,0,111,0,0,0,1,0,0,0,117,1,120,8200,0,-145,265,13,1,0,0,0,1000
5225,0,59,180,500,1000,0,0,110,0,0,0,1,0,0,0,117,1,120,8200,0,-145,265,13,1,0,0,0,1000
5226,0,60,180,500,1000,0,0,109,0,0,0,1,0,0,0,117,1,120,8200,0,-145,265,13,1,0,0,0,1000
5227,0,61,180,500,1000,0,0,108,0,0,0,1,0,0,0,117,1,120,8200,0,-145,265,13,1,0,0,0,1000
5228,0,62,180,500,1000,0,0,107,0,0,0,1,0,0,0,117,1,120,8200,0,-145,265,13,1,0,0,0,1000
5229,0,63,180,500,1000,0,0,106,0,0,0,1,0,0,0,117,1,120,8200,0,-145,265,13,1,0,0,0,1000
5230,0,64,180,500,1000,0,0,105,0,0,0,1,0,0,0,117,1,120,8200,0,-145,265,13,1,0,0,0,1000
5231,0,65,180,500,1000,0,0,104,0,0,0,1,0,0,0,117,1,120,8200,0,-145,265,13,1,0,0,0,1000
5232,0,66,180,500,1000,0,0,103,0,0,0,1,0,0,0,117,1,120,8200,0,-145,265,13,1,0,0,0,1000
5233,0,67,180,500,1000,0,0,102,0,0,0,1,0,0,0,117,1,120,8200,0,-145,265,14,1,0,0,0,1000
5234,0,68,180,500,1000,0,0,101,0,0,0,1,0,0,0,117,1,120,8200,0,-145,265,14,1,0,0,0,1000
5235,0,69,180,500,1000,0,0,100,0,0,0,1,0,0,0,117,1,120,8200,0,-145,265,14,1,0,0,0,1000
5236,0,70,180,500,1000,0,0,99,0,0,0,1,0,0,0,117,1,120,8200,0,-145,265,14,1,0,0,0,1000
5237,0,71,180,500,1000,0,0,98,0,0,0,1,0,0,0,117,1,120,8200,0,-145,265,14,1,0,0,0,1000
5238,0,72,180,500,1000,0,0,97,0,0,0,1,0,0,0,117,1,120,8200,0,-145,265,14,1,0,0,0,1000
5239,0,73,180,500,1000,0,0,96,0,0,0,1,0,0,0,117,1,120,8200,0,-145,265,14,1,0,0,0,1000
5240,0,74,180,500,1000,0,0,95,0,0,0,1,0,0,0,117,1,120,8200,0,-145,265,14,1,0,0,0,1000
5241,0,75,180,500,1000,0,0,94,0,0,0,1,0,0,0,117,1,120,8200,0,-145,265,14,1,0,0,0,1000
5242,0,76,180,500,1000,0,0,93,0,0,0,1,0,0,0,117,1,120,8200,0,-145,265,14,1,0,0,0,1000
5243,0,77,180,500,1000,0,0,92,0,0,0,1,0,0,0,117,1,120,8200,0,-145,265,14,1,0,0,0,1000
5244,0,78,180,500,1000,0,0,91,0,0,0,1,0,0,0,117,1,120,8200,0,-145,265,14,1,0,0,0,1000
5245,0,79,180,500,1000,0,0,90,0,0,0,1,0,0,0,117,1,120,8200,0,-145,265,15,1,0,0,0,1000
5246,0,80,180,500,1000,0,0,89,0,0,0,1,0,0,0,117,1,120,8200,0,-145,265,15,1,0,0,0,1000
5247,0,81,180,500,1000,0,0,88,0,0,0,1,0,0,0,117,1,120,8200,0,-145,265,15,1,0,0,0,1000
5248,0,82,180,500,1000,0,0,87,0,0,0,1,0,0,0,117,1,120,8200,0,-145,265,15,1,0,0,0,1000
5249,0,83,180,500,1000,0,0,86,0,0,0,1,0,0,0,117,1,120,8200,0,-145,265,15,1,0,0,0,1000
5250,0,84,180,500,1000,0,0,85,0,0,0,1,0,0,0,117,1,120,8200,0,-145,265,15,1,0,0,0,1000
5251,0,85,180,500,1000,0,0,84,0,0,0,1,0,0,0,117,1,120,8200,0,-145,265,15,1,0,0,0,1000
5252,0,86,180,500,1000,0,0,83,0,0,0,1,0,0,0,117,1,120,8200,0,-145,265,15,1,0,0,0,1000
5253,0,87,180,500,1000,0,0,82,0,0,0,1,0,0,0,117,1,120,8200,0,-145,265,15,1,0,0,0,1000
5254,0,88,180,500,1000,0,0,81,0,0,0,1,0,0,0,117,1,120,8200,0,-145,265,15,1,0,0,0,1000
5255,0,89,180,500,1000,0,0,80,0,0,0,1,0,0,0,117,1,120,8200,0,-145,265,15,1,0,0,0,1000
5256,0,90,180,500,1000,0,0,79,0,0,0,1,0,0,0,117,1,120,8200,0,-145,265,15,1,0,0,0,1000
5257,0,91,180,500,1000,0,0,78,0,0,0,1,0,0,0,117,1,120,8200,0,-145,265,16,1,0,0,0,1000
5258,0,92,180,500,1000,0,0,77,0,0,0,1,0,0,0,117,1,120,8200,0,-145,265,16,1,0,0,0,1000
5259,0,93,180,500,1000,0,0,76,0,0,0,1,0,0,0,117,1,120,8200,0,-145,265,16,1,0,0,0,1000
5260,0,94,180,500,1000,0,0,75,0,0,0,1,0,0,0,117,1,120,8200,0,-145,265,16,1,0,0,0,1000
5261,0,95,180,500,1000,0,0,74,0,0,0,1,0,0,0,117,1,120,8200,0,-145,265,16,1,0,0,0,1000
5262,0,96,180,500,1000,0,0,73,0,0,0,1,0,0,0,117,1,120,8200,0,-145,265,16,1,0,0,0,1000
5263,0,97,180,500,1000,0,0,72,0,0,0,1,0,0,0,117,1,120,8200,0,-145,265,16,1,0,0,0,1000
5264,0,98,180,500,1000,0,0,71,0,0,0,1,0,0,0,117,1,120,8200,0,-145,265,16,1,0,0,0,1000
5265,0,99,180,500,1000,0,0,70,0,0,0,1,0,0,0,117,1,120,8200,0,-145,265,16,1,0,0,0,1000
5266,0,100,180,500,1000,0,0,69,0,0,0,1,0,0,0,117,1,120,8200,0,-145,265,16,1,0,0,0,1000
5267,0,101,180,500,1000,0,0,68,0,0,0,1,0,0,0,117,1,120,8200,0,-145,265,16,1,0,0,0,1000
5268,0,102,180,500,1000,0,0,67,0,0,0,1,0,0,0,117,1,120,8200,0,-145,265,16,1,0,0,0,1000
5269,0,103,180,500,1000,0,0,66,0,0,0,1,0,0,0,117,1,120,8200,0,-145,265,17,1,0,0,0,1000
5270,0,104,180,500,1000,0,0,65,0,0,0,1,0,0,0,117,1,120,8200,0,-145,265,17,1,0,0,0,1000
5271,0,105,180,500,1000,0,0,64,0,0,0,1,0,0,0,117,1,120,8200,0,-145,265,17,1,0,0,0,1000
5272,0,106,180,500,1000,0,0,63,0,0,0,1,0,0,0,117,1,120,8200,0,-145,265,17,1,0,0,0,1000
5273,0,107,180,500,1000,0,0,62,0,0,0,1,0,0,0,117,1,120,8200,0,-145,265,17,1,0,0,0,1000
5274,0,108,180,500,1000,0,0,61,0,0,0,1,0,0,0,117,1,120,8200,0,-145,265,17,1,0,0,0,1000
5275,0,109,180,500,1000,0,0,60,0,0,0,1,0,0,0,117,1,120,8200,0,-145,265,17,1,0,0,0,1000
5276,0,110,180,500,1000,0,0,59,0,0,0,1,0,0,0,117,1,120,8200,0,-145,265,17,1,0,0,0,1000
5277,0,111,180,500,1000,0,0,58,0,0,0,1,0,0,0,117,1,120,8200,0,-145,265,17,1,0,0,0,1000
5278,0,112,180,500,1000,0,0,57,0,0,0,1,0,0,0,117,1,120,8200,0,-145,265,17,1,0,0,0,1000
5279,0,113,180,500,1000,0,0,56,0,0,0,1,0,0,0,117,1,120,8200,0,-145,265,17,1,0,0,0,1000
5280,0,114,180,500,1000,0,0,55,0,0,0,1,0,0,0,117,1,120,8200,0,-145,265,17,1,0,0,0,1000
5281,0,115,180,500,1000,0,0,54,0,0,0,1,0,0,0,117,1,120,8200,0,-145,265,18,1,0,0,0,1000
5282,0,116,180,500,1000,0,0,53,0,0,0,1,0,0,0,117,1,120,8200,0,-145,265,18,1,0,0,0,1000
5283,0,117,180,500,1000,0,0,52,0,0,0,1,0,0,0,117,1,120,8200,0,-145,265,18,1,0,0,0,1000
5284,0,118,180,500,1000,0,0,51,0,0,0,1,0,0,0,117,1,120,8200,0,-145,265,18,1,0,0,0,1000
5285,0,119,180,500,1000,0,0,50,0,0,0,1,0,0,0,117,1,120,8200,0,-145,265,18,1,0,0,0,1000
5286,0,120,180,500,1000,0,0,49,0,0,0,1,0,0,0,117,1,120,8200,0,-145,265,18,1,0,0,0,1000
5287,0,121,180,500,1000,0,0,48,0,0,0,1,0,0,0,117,1,120,8200,0,-145,265,18,1,0,0,0,1000
5288,0,122,180,500,1000,0,0,47,0,0,0,1,0,0,0,117,1,120,8200,0,-145,265,18,1,0,0,0,1000
5289,0,123,180,500,1000,0,0,46,0,0,0,1,0,0,0,117,1,120,8200,0,-145,265,18,1,0,0,0,1000
5290,0,124,180,500,1000,0,0,45,0,0,0,1,0,0,0,117,1,120,8200,0,-145,265,18,1,0,0,0,1000
5291,0,125,180,500,1000,0,0,44,0,0,0,1,0,0,0,117,1,120,8200,0,-145,265,18,1,0,0,0,1000
5292,0,126,180,500,1000,0,0,43,0,0,0,1,0,0,0,117,1,120,8200,0,-145,265,18,1,0,0,0,1000
5293,0,127,180,500,1000,0,0,42,0,0,0,1,0,0,0,117,1,120,8200,0,-145,265,19,1,0,0,0,1000
5294,0,128,180,500,1000,0,0,41,0,0,0,1,0,0,0,117,1,120,8200,0,-145,265,19,1,0,0,0,1000
5295,0,129,180,500,1000,0,0,40,0,0,0,1,0,0,0,117,1,120,8200,0,-145,265,19,1,0,0,0,1000
5296,0,130,180,500,1000,0,0,39,0,0,0,1,0,0,0,117,1,120,8200,0,-145,265,19,1,0,0,0,1000
5297,0,131,180,500,1000,0,0,38,0,0,0,1,0,0,0,117,1,120,8200,0,-145,265,19,1,0,0,0,1000
5298,0,132,180,500,1000,0,0,37,0,0,0,1,0,0,0,117,1,120,8200,0,-145,265,19,1,0,0,0,1000
5299,0,133,180,500,1000,0,0,36,0,0,0,1,0,0,0,117,1,120,8200,0,-145,265,19,1,0,0,0,1000
5300,0,134,180,500,1000,0,0,35,0,0,0,1,0,0,0,117,1,120,8200,0,-145,265,19,1,0,0,0,1000
5301,0,135,180,500,1000,0,0,34,0,0,0,1,0,0,0,117,1,120,8200,0,-145,265,19,1,0,0,0,1000
5302,0,136,180,500,1000,0,0,33,0,0,0,1,0,0,0,117,1,120,8200,0,-145,265,19,1,0,0,0,1000
5303,0,137,180,500,1000,0,0,32,0,0,0,1,0,0,0,117,1,120,8200,0,-145,265,19,1,0,0,0,1000
5304,0,138,180,500,1000,0,0,31,0,0,0,1,0,0,0,117,1,120,8200,0,-145,265,19,1,0,0,0,1000
5305,0,139,180,500,1000,0,0,30,0,0,0,1,0,0,0,117,1,120,8200,0,-145,265,19,1,0,0,0,1000
5306,0,140,180,500,1000,0,0,29,0,0,0,1,0,0,0,117,1,120,8200,0,-145,265,19,1,0,0,0,1000
5307,0,141,180,500,1000,0,0,28,0,0,0,1,0,0,0,117,1,120,8200,0,-145,265,19,1,0,0,0,1000
5308,0,142,180,500,1000,0,0,27,0,0,0,1,0,0,0,117,1,120,8200,0,-145,265,19,1,0,0,0,1000
5309,0,143,180,500,1000,0,0,26,0,0,0,1,0,0,0,117,1,120,8200,0,-145,265,19,1,0,0,0,1000
5310,0,144,180,500,1000,0,0,25,0,0,0,1,0,0,0,117,1,120,8200,0,-145,265,19,1,0,0,0,1000
5311,0,145,180,500,1000,0,0,24,0,0,0,1,0,0,0,117,1,120,8200,0,-145,265,20,1,0,0,0,1000
5312,0,146,180,500,1000,0,0,23,0,0,0,1,0,0,0,117,1,120,8200,0,-145,265,20,1,0,0,0,1000
5313,0,147,180,500,1000,0,0,22,0,0,0,1,0,0,0,117,1,120,8200,0,-145,265,20,1,0,0,0,1000
5314,0,148,180,500,1000,0,0,21,0,0,0,1,0,0,0,117,1,120,8200,0,-145,265,20,1,0,0,0,1000
5315,0,149,180,500,1000,0,0,20,0,0,0,1,0,0,0,117,1,120,8200,0,-145,265,20,1,0,0,0,1000
5316,0,150,180,500,1000,0,0,19,0,0,0,1,0,0,0,117,1,120,8200,0,-145,265,20,1,0,0,0,1000
5317,0,151,180,500,1000,0,0,18,0,0,0,1,0,0,0,117,1,120,8200,0,-145,265,20,1,0,0,0,1000
5318,0,152,180,500,1000,0,0,17,0,0,0,1,0,0,0,117,1,120,8200,0,-145,265,20,1,0,0,0,1000
5319,0,153,180,500,1000,0,0,16,0,0,0,1,0,0,0,117,1,120,8200,0,-145,265,20,1,0,0,0,1000
5320,0,154,180,500,1000,0,0,15,0,0,0,1,0,0,0,117,1,120,8200,0,-145,265,20,1,0,0,0,1000
5321,0,155,180,500,1000,0,0,14,0,0,0,1,0,0,0,117,1,120,8200,0,-145,265,20,1,0,0,0,1000
5322,0,156,180,500,1000,0,0,13,0,0,0,1,0,0,0,117,1,120,8200,0,-145,265,20,1,0,0,0,1000
5323,0,157,180,500,1000,0,0,12,0,0,0,1,0,0,0,117,1,120,8200,0,-145,265,20,1,0,0,0,1000
5324,0,158,180,500,1000,0,0,11,0,0,0,1,0,0,0,117,1,120,8200,0,-145,265,20,1,0,0,0,1000
5325,0,159,180,500,1000,0,0,10,0,0,0,1,0,0,0,117,1,120,8200,0,-145,265,20,1,0,0,0,1000
5326,0,160,180,500,1000,0,0,9,0,0,0,1,0,0,0,117,1,120,8200,0,-145,265,20,1,0,0,0,1000
5327,0,161,180,500,1000,0,0,8,0,0,0,1,0,0,0,117,1,120,8200,0,-145,265,20,1,0,0,0,1000
5328,0,162,180,500,1000,0,0,7,0,0,0,1,0,0,0,117,1,120,8200,0,-145,265,20,1,0,0,0,1000
5329,0,163,180,500,1000,0,0,6,0,0,0,1,0,0,0,117,1,120,8200,0,-145,265,21,1,0,0,0,1000
5330,0,164,180,500,1000,0,0,5,0,0,0,1,0,0,0,117,1,120,8200,0,-145,265,21,1,0,0,0,1000
5331,0,165,180,500,1000,0,0,4,0,0,0,1,0,0,0,117,1,120,8200,0,-145,265,21,1,0,0,0,1000
5332,0,166,180,500,1000,0,0,3,0,0,0,1,0,0,0,117,1,120,8200,0,-145,265,21,1,0,0,0,1000
5333,0,167,180,500,1000,0,0,2,0,0,0,1,0,0,0,117,1,120,8200,0,-145,265,21,1,0,0,0,1000
5334,0,168,180,500,1000,0,0,1,0,0,0,1,0,0,0,117,1,120,8200,0,-145,265,21,1,0,0,0,1000
5335,0,169,180,500,1000,0,0,0,0,0,0,1,0,0,0,117,1,120,8200,0,-145,265,21,1,0,0,0,1000
5336,0,170,180,500,1000,0,0,0,0,0,0,1,0,0,0,117,1,120,8200,0,-145,265,21,1,0,0,0,1000
5337,0,171,180,500,1000,0,0,0,0,0,0,1,0,0,0,117,1,120,8200,0,-145,265,21,1,0,0,0,1000
5338,0,172,180,500,1000,0,0,0,0,0,0,1,0,0,0,117,1,120,8200,0,-145,265,21,1,0,0,0,1000
5339,0,173,180,500,1000,0,0,0,0,0,0,1,0,0,0,117,1,120,8200,0,-145,265,21,1,0,0,0,1000
5340,0,174,180,500,1000,0,0,0,0,0,0,1,0,0,0,117,1,120,8200,0,-145,265,21,1,0,0,0,1000
5341,0,175,180,500,1000,0,0,0,0,0,0,1,0,0,0,117,1,120,8200,0,-145,265,21,1,0,0,0,1000
5342,0,176,180,500,1000,0,0,0,0,0,0,1,0,0,0,117,1,120,8200,0,-145,265,21,1,0,0,0,1000
5343,0,177,180,500,1000,0,0,0,0,0,0,1,0,0,0,117,1,120,8200,0,-145,265,21,1,0,0,0,1000
5344,0,178,180,500,1000,0,0,0,0,0,0,1,0,0,0,117,1,120,8200,0,-145,265,21,1,0,0,0,1000
5345,0,179,180,500,1000,0,0,0,0,0,0,1,0,0,0,117,1,120,8200,0,-145,265,21,1,0,0,0,1000
5346,0,180,180,500,1000,0,0,0,0,0,0,1,0,0,0,117,1,120,8200,0,-145,265,21,1,0,0,0,1000
5347,0,181,180,500,1000,0,0,0,0,0,0,1,0,0,0,117,1,120,8200,0,-145,265,21,1,0,0,0,1000
5348,0,182,180,500,1000,0,0,0,0,0,0,1,0,0,0,117,1,120,8200,0,-145,265,21,1,0,0,0,1000
5349,0,183,180,500,1000,0,0,0,0,0,0,1,0,0,0,117,1,120,8200,0,-145,265,21,1,0,0,0,1000
5350,0,184,180,500,1000,0,0,0,0,0,0,1,0,0,0,117,1,120,8200,0,-145,265,21,1,0,0,0,1000
5351,0,185,180,500,1000,0,0,0,0,0,0,1,0,0,0,117,1,120,8200,0,-145,265,21,1,0,0,0,1000
5352,0,186,180,500,1000,0,0,0,0,0,0,1,0,0,0,117,1,120,8200,0,-145,265,21,1,0,0,0,1000
5353,0,187,180,500,1000,0,0,0,0,0,0,1,0,0,0,117,1,120,8200,0,-145,265,21,1,0,0,0,1000
5354,0,188,180,500,1000,0,0,0,0,0,0,1,0,0,0,117,1,120,8200,0,-145,265,21,1,0,0,0,1000
5355,0,189,180,500,1000,0,0,0,0,0,0,1,0,0,0,117,1,120,8200,0,-145,265,21,1,0,0,0,1000
5356,0,190,180,500,1000,0,0,0,0,0,0,1,0,0,0,117,1,120,8200,0,-145,265,21,1,0,0,0,1000
5357,0,191,180,500,1000,0,0,0,0,0,0,1,0,0,0,117,1,120,8200,0,-145,265,21,1,0,0,0,1000
5358,0,192,180,500,1000,0,0,0,0,0,0,1,0,0,0,117,1,120,8200,0,-145,265,21,1,0,0,0,1000
5359,0,193,180,500,1000,0,0,0,0,0,0,1,0,0,0,117,1,120,8200,0,-145,265,21,1,0,0,0,1000
5360,0,194,180,500,1000,0,0,0,0,0,0,1,0,0,0,117,1,120,8200,0,-145,265,21,1,0,0,0,1000
5361,0,195,180,500,1000,0,0,0,0,0,0,1,0,0,0,117,1,120,8200,0,-145,265,21,1,0,0,0,1000
5362,0,196,180,500,1000,0,0,0,0,0,0,1,0,0,0,117,1,120,8200,0,-145,265,21,1,0,0,0,1000
5363,0,197,180,500,1000,0,0,0,0,0,0,1,0,0,0,117,1,120,8200,0,-145,265,21,1,0,0,0,1000
5364,0,198,180,500,1000,0,0,0,0,0,0,1,0,0,0,117,1,120,8200,0,-145,265,21,1,0,0,0,1000
5365,0,199,180,500,1000,0,0,0,0,0,0,1,0,0,0,117,1,120,8200,0,-145,265,22,1,0,0,0,1000
5366,0,200,180,500,1000,0,0,0,0,0,0,1,0,0,0,117,1,120,8200,0,-145,265,22,1,0,0,0,1000
5367,0,201,180,500,1000,0,0,0,0,0,0,1,0,0,0,117,1,120,8200,0,-145,265,22,1,0,0,0,1000
5368,0,202,180,500,1000,0,0,0,0,0,0,1,0,0,0,117,1,120,8200,0,-145,265,22,1,0,0,0,1000
5369,0,203,180,500,1000,0,0,0,0,0,0,1,0,0,0,117,1,120,8200,0,-145,265,22,1,0,0,0,1000
5370,0,204,180,500,1000,0,0,0,0,0,0,1,0,0,0,117,1,120,8200,0,-145,265,22,1,0,0,0,1000
5371,0,205,180,500,1000,0,0,0,0,0,0,1,0,0,0,117,1,120,8200,0,-145,265,22,1,0,0,0,1000
5372,0,206,180,500,1000,0,0,0,0,0,0,1,0,0,0,117,1,120,8200,0,-145,265,22,1,0,0,0,1000
5373,0,207,180,500,1000,0,0,0,0,0,0,1,0,0,0,117,1,120,8200,0,-145,265,22,1,0,0,0,1000
5374,0,208,180,500,1000,0,0,0,0,0,0,1,0,0,0,117,1,120,8200,0,-145,265,22,1,0,0,0,1000
5375,0,209,180,500,1000,0,0,0,0,0,0,1,0,0,0,117,1,120,8200,0,-145,265,22,1,0,0,0,1000
5376,0,210,180,500,1000,0,0,0,0,0,0,1,0,0,0,117,1,120,8200,0,-145,265,22,1,0,0,0,1000
5377,0,211,180,500,1000,0,0,0,0,0,0,1,0,0,0,117,1,120,8200,0,-145,265,22,1,0,0,0,1000
5378,0,212,180,500,1000,0,0,0,0,0,0,1,0,0,0,117,1,120,8200,0,-145,265,22,1,0,0,0,1000
5379,0,213,180,500,1000,0,0,0,0,0,0,1,0,0,0,117,1,120,8200,0,-145,265,22,1,0,0,0,1000
5380,0,214,180,500,1000,0,0,0,0,0,0,1,0,0,0,117,1,120,8200,0,-145,265,22,1,0,0,0,1000
5381,0,215,180,500,1000,0,0,0,0,0,0,1,0,0,0,117,1,120,8200,0,-145,265,22,1,0,0,0,1000
5382,0,216,180,500,1000,0,0,0,0,0,0,1,0,0,0,117,1,120,8200,0,-145,265,22,1,0,0,0,1000
5383,0,217,180,500,1000,0,0,0,0,0,0,1,0,0,0,117,1,120,8200,0,-145,265,22,1,0,0,0,1000
5384,0,218,180,500,1000,0,0,0,0,0,0,1,0,0,0,117,1,120,8200,0,-145,265,22,1,0,0,0,1000
5385,0,219,180,500,1000,0,0,0,0,0,0,1,0,0,0,117,1,120,8200,0,-145,265,22,1,0,0,0,1000
5386,0,220,180,500,1000,0,0,0,0,0,0,1,0,0,0,117,1,120,8200,0,-145,265,22,1,0,0,0,1000
5387,0,221,180,500,1000,0,0,0,0,0,0,1,0,0,0,117,1,120,8200,0,-145,265,22,1,0,0,0,1000
5388,0,222,180,500,1000,0,0,0,0,0,0,1,0,0,0,117,1,120,8200,0,-145,265,22,1,0,0,0,1000
5389,0,223,180,500,1000,0,0,0,0,0,0,1,0,0,0,117,1,120,8200,0,-145,265,22,1,0,0,0,1000
5390,0,224,180,500,1000,0,0,0,0,0,0,1,0,0,0,117,1,120,8200,0,-145,265,22,1,0,0,0,1000
5391,0,225,180,500,1000,0,0,0,0,0,0,1,0,0,0,117,1,120,8200,0,-145,265,22,1,0,0,0,1000
5392,0,226,180,500,1000,0,0,0,0,0,0,1,0,0,0,117,1,120,8200,0,-145,265,22,1,0,0,0,1000
5393,0,227,180,500,1000,0,0,0,0,0,0,1,0,0,0,117,1,120,8200,0,-145,265,22,1,0,0,0,1000
5394,0,228,180,500,1000,0,0,0,0,0,0,1,0,0,0,117,1,120,8200,0,-145,265,22,1,0,0,0,1000
5395,0,229,180,500,1000,0,0,0,0,0,0,1,0,0,0,117,1,120,8200,0,-145,265,22,1,0,0,0,1000
5396,0,230,180,500,1000,0,0,0,0,0,0,1,0,0,0,117,1,120,8200,0,-145,265,22,1,0,0,0,1000
5397,0,231,180,500,1000,0,0,0,0,0,0,1,0,0,0,117,1,120,8200,0,-145,265,22,1,0,0,0,1000
5398,0,232,180,500,1000,0,0,0,0,0,0,1,0,0,0,117,1,120,8200,0,-145,265,22,1,0,0,0,1000
5399,0,233,180,500,1000,0,0,0,0,0,0,1,0,0,0,117,1,120,8200,0,-145,265,22,1,0,0,0,1000
5400,0,234,180,500,1000,0,0,0,0,0,0,1,0,0,0,117,1,120,8200,0,-145,265,22,1,0,0,0,1000
5401,0,235,180,500,1000,0,0,0,0,0,0,1,0,0,0,117,1,120,8200,0,-145,265,23,1,0,0,0,1000
5402,0,236,180,500,1000,0,0,0,0,0,0,1,0,0,0,117,1,120,8200,0,-145,265,23,1,0,0,0,1000
5403,0,237,180,500,1000,0,0,0,0,0,0,1,0,0,0,117,1,120,8200,0,-145,265,23,1,0,0,0,1000
5404,0,238,180,500,1000,0,0,0,0,0,0,1,0,0,0,117,1,120,8200,0,-145,265,23,1,0,0,0,1000
5405,0,239,180,500,1000,0,0,0,0,0,0,1,0,0,0,117,1,120,8200,0,-145,265,23,1,0,0,0,1000
5406,0,240,180,500,1000,0,0,0,0,0,0,1,0,0,0,117,1,120,8200,0,-145,265,23,1,0,0,0,1000
5407,0,241,180,500,1000,0,0,0,0,0,0,1,0,0,0,117,1,120,8200,0,-145,265,23,1,0,0,0,1000
5408,0,242,180,500,1000,0,0,0,0,0,0,1,0,0,0,117,1,120,8200,0,-145,265,23,1,0,0,0,1000
5409,0,243,180,500,1000,0,0,0,0,0,0,1,0,0,0,117,1,120,8200,0,-145,265,23,1,0,0,0,1000
5410,0,1,3000,500,1000,0,240,0,0,0,0,1,0,0,0,117.75,1,120,8200,0,-145,265,23,0,0,0,0,1000
5411,0,2,3000,500,1000,0,239,0,0,0,0,1,0,0,0,117.1875,1,120,8200,0,-145,265,23,0,0,0,0,1000
5412,0,3,3000,500,1000,0,238,0,0,0,0,1,0,0,0,117.046875,1,120,8200,0,-145,265,23,0,0,0,0,1000
5413,0,4,3000,500,1000,0,237,0,0,0,0,1,0,0,0,117.01171875,1,120,8200,0,-145,265,23,0,0,0,0,1000
5414,0,5,3000,500,1000,0,236,0,0,0,0,1,0,0,0,117.0029296875,1,120,8200,0,-145,265,23,0,0,0,0,1000
5415,0,6,3000,500,1000,0,235,0,0,0,0,1,0,0,0,117.000732421875,1,120,8200,0,-145,265,23,0,0,0,0,1000
5416,0,7,3000,500,1000,0,234,0,0,0,0,1,0,0,0,117.00018310546875,1,120,8200,0,-145,265,23,0,0,0,0,1000
5417,0,8,3000,500,1000,0,233,0,0,0,0,1,0,0,0,117.00004577636719,1,120,8200,0,-145,265,23,0,0,0,0,1000
5418,0,9,3000,500,1000,0,232,0,0,0,0,1,0,0,0,117.00001525878906,1,120,8200,0,-145,265,23,0,0,0,0,1000
5419,10,1,3000,500,1000,0,231,0,0,0,0,1,0,0,0,117,1,120,8200,0,-145,265,23,0,0,0,0,1000
5420,10,2,3000,500,1000,0,230,0,0,0,0,1,0,0,0,117,1,120,8200,0,-145,265,23,0,0,0,0,1000
5421,10,3,3000,500,1000,0,229,0,0,0,0,1,0,0,0,117,1,120,8200,0,-145,265,23,0,0,0,0,1000
5422,10,4,3000,500,1000,0,228,0,0,0,0,1,0,0,0,117,1,120,8200,0,-145,265,23,0,0,0,0,1000
5423,10,5,3000,500,1000,0,227,0,0,0,0,1,0,0,0,117,1,120,8200,0,-145,265,23,0,0,0,0,1000
5424,10,6,3000,500,1000,0,226,0,0,0,0,1,0,0,0,117,1,120,8200,0,-145,265,23,0,0,0,0,1000
5425,1000,1,3000,500,1000,0,225,0,0,0,0,1,0,0,0,117,1,120,8200,0,-145,265,23,0,0,0,0,1000
5426,1000,2,3000,500,1000,0,224,0,0,0,0,1,0,0,0,117,1,120,8200,0,-145,265,23,0,0,0,0,1000
5427,1000,3,3000,500,1000,0,223,0,0,0,0,1,0,0,0,117,1,120,8200,0,-145,265,23,0,0,0,0,1000
5428,1000,4,3000,500,1000,0,222,0,0,0,0,1,0,0,0,117,1,120,8200,0,-145,265,23,0,0,0,0,1000
5429,1000,5,3000,500,1000,0,221,0,0,0,0,1,0,0,0,117,1,120,8200,0,-145,265,23,0,0,0,0,1000
5430,1000,6,3000,500,1000,0,220,0,0,0,0,1,0,0,0,117,1,120,8200,0,-145,265,23,0,0,0,0,1000
5431,1000,7,3000,500,1000,0,219,0,0,0,0,1,0,0,0,117,1,120,8200,0,-145,265,23,0,0,0,0,1000
5432,1000,8,3000,500,1000,0,218,0,0,0,0,1,0,0,0,117,1,120,8200,0,-145,265,23,0,0,0,0,1000
5433,1000,8,4030,500,977,0,217,0,0,0,0,1,0,0,0,117,1,120,8200,0,-145,265,23,0,0,0,0,2018
5434,1000,8,4030,500,977,0,216,0,0,0,0,1,0,0,0,117,1,120,8200,0,-145,265,23,0,0,0,0,2018
5435,1000,8,4030,500,977,0,215,0,0,0,0,1,0,0,0,117,1,120,8200,0,-145,265,23,0,0,0,0,2018
5436,1000,8,4030,500,977,0,214,0,0,0,0,1,0,0,0,117,1,120,8200,0,-145,265,23,0,0,0,0,2018
5437,1000,8,4030,500,977,0,213,0,0,0,0,1,0,0,0,117,1,120,8200,0,-145,265,23,0,0,0,0,2018
5438,1000,8,4030,500,977,0,212,0,0,0,0,1,0,0,0,117,1,120,8200,0,-145,265,23,0,0,0,0,2018
5439,1000,9,4030,500,977,0,211,0,0,0,0,1,0,0,0,116.47999572753906,1,120,8200,0,-145,265,24,1,0,0,0,2018
5440,1000,10,4030,500,977,0,210,0,0,0,0,1,0,0,0,116.47999572753906,1,120,8200,0,-145,265,24,1,0,0,0,2018
5441,1000,11,4030,500,977,0,209,0,0,0,0,1,0,0,0,116.47999572753906,1,120,8200,0,-145,265,24,1,0,0,0,2018
5442,1000,12,4030,500,977,0,208,0,0,0,0,1,0,0,0,116.47999572753906,1,120,8200,0,-145,265,24,1,0,0,0,2018
5443,1000,13,4030,500,977,0,207,0,0,0,0,1,0,0,0,116.47999572753906,1,120,8200,0,-145,265,24,1,0,0,0,2018
5444,1000,14,4030,500,977,0,206,0,0,0,0,1,0,0,0,116.47999572753906,1,120,8200,0,-145,265,24,1,0,0,0,2018
5445,1000,15,4030,500,977,0,205,0,0,0,0,1,0,0,0,116.47999572753906,1,120,8200,0,-145,265,24,1,0,0,0,2018
5446,1000,16,4030,500,977,0,204,0,0,0,0,1,0,0,0,116.47999572753906,1,120,8200,0,-145,265,24,1,0,0,0,2018
5447,1000,16,5000,500,954,0,203,0,0,0,0,1,0,0,0,116.47999572753906,1,120,8200,0,-145,265,24,1,0,0,0,3036
5448,1000,16,5000,500,954,0,202,0,0,0,0,1,0,0,0,116.47999572753906,1,120,8200,0,-145,265,24,1,0,0,0,3036
5449,1000,16,5000,500,954,0,201,0,0,0,0,1,0,0,0,116.47999572753906,1,120,8200,0,-145,265,24,1,0,0,0,3036
5450,1000,16,5000,500,954,0,200,0,0,0,0,1,0,0,0,116.47999572753906,1,120,8200,0,-145,265,24,1,0,0,0,3036
5451,1000,16,5000,500,954,0,199,0,0,0,0,1,0,0,0,116.47999572753906,1,120,8200,0,-145,265,24,1,0,0,0,3036
5452,1000,16,5000,500,954,0,198,0,0,0,0,1,0,0,0,116.47999572753906,1,120,8200,0,-145,265,24,1,0,0,0,3036
5453,1000,17,5000,500,954,0,197,0,0,0,0,1,0,0,0,115.95999908447266,1,120,8200,0,-145,265,24,1,0,0,0,3036
5454,1000,18,5000,500,954,0,196,0,0,0,0,1,0,0,0,115.95999908447266,1,120,8200,0,-145,265,24,1,0,0,0,3036
5455,1000,19,5000,500,954,0,195,0,0,0,0,1,0,0,0,115.95999908447266,1,120,8200,0,-145,265,1,1,0,0,0,3036
5456,1000,20,5000,500,954,0,194,0,0,0,0,1,0,0,0,115.95999908447266,1,120,8200,0,-145,265,1,1,0,0,0,3036
5457,1000,21,5000,500,954,0,193,0,0,0,0,1,0,0,0,115.95999908447266,1,120,8200,0,-145,265,1,1,0,0,0,3036
5458,1000,22,5000,500,954,0,192,0,0,0,0,1,0,0,0,115.95999908447266,1,120,8200,0,-145,265,1,1,0,0,0,3036
5459,1000,23,5000,500,954,0,191,0,0,0,0,1,0,0,0,115.95999908447266,1,120,8200,0,-145,265,1,1,0,0,0,3036
5460,1000,24,5000,500,954,0,190,0,0,0,0,1,0,0,0,115.95999908447266,1,120,8200,0,-145,265,1,1,0,0,0,3036
5461,1000,24,5000,500,931,0,189,0,0,0,0,1,0,0,0,115.95999908447266,1,120,8200,0,-145,265,1,1,0,0,0,4054
5462,1000,24,5000,500,931,0,188,0,0,0,0,1,0,0,0,115.95999908447266,1,120,8200,0,-145,265,1,1,0,0,0,4054
5463,1000,24,5000,500,931,0,187,0,0,0,0,1,0,0,0,115.95999908447266,1,120,8200,0,-145,265,1,1,0,0,0,4054
5464,1000,24,5000,500,931,0,186,0,0,0,0,1,0,0,0,115.95999908447266,1,120,8200,0,-145,265,1,1,0,0,0,4054
5465,1000,24,5000,500,931,0,185,0,0,0,0,1,0,0,0,115.95999908447266,1,120,8200,0,-145,265,1,1,0,0,0,4054
5466,1000,24,5000,500,931,0,184,0,0,0,0,1,0,0,0,115.95999908447266,1,120,8200,0,-145,265,1,1,0,0,0,4054
5467,1000,25,5000,500,931,0,183,0,0,0,0,1,0,0,0,115.44000244140625,1,120,8200,0,-145,265,2,1,0,0,0,4054
5468,1000,26,5000,500,931,0,182,0,0,0,0,1,0,0,0,115.44000244140625,1,120,8200,0,-145,265,2,1,0,0,0,4054
5469,1000,27,5000,500,931,0,181,0,0,0,0,1,0,0,0,115.44000244140625,1,120,8200,0,-145,265,2,1,0,0,0,4054
5470,1000,28,5000,500,931,0,180,0,0,0,0,1,0,0,0,115.44000244140625,1,120,8200,0,-145,265,2,1,0,0,0,4054
5471,1000,29,5000,500,931,0,179,0,0,0,0,1,0,0,0,115.44000244140625,1,120,8200,0,-145,265,2,1,0,0,0,4054
5472,1000,30,5000,500,931,0,178,0,0,0,0,1,0,0,0,115.44000244140625,1,120,8200,0,-145,265,2,1,0,0,0,4054
5473,1000,31,5000,500,931,0,177,0,0,0,0,1,0,0,0,115.44000244140625,1,120,8200,0,-145,265,2,1,0,0,0,4054
5474,1000,32,5000,500,931,0,176,0,0,0,0,1,0,0,0,115.44000244140625,1,120,8200,0,-145,265,2,1,0,0,0,4054
5475,1000,33,5000,500,931,0,175,0,0,0,0,1,0,0,0,115.44000244140625,1,120,8200,0,-145,265,2,1,0,0,0,4054
5476,1000,34,5000,500,931,0,174,0,0,0,0,1,0,0,0,115.44000244140625,1,120,8200,0,-145,265,2,1,0,0,0,4054
5477,0,1,5000,500,931,0,173,0,0,0,0,1,0,0,0,115.44000244140625,1,120,8200,0,-145,265,2,1,0,0,0,4054
5478,0,2,5000,500,931,0,172,0,0,0,0,1,0,0,0,115.44000244140625,1,120,8200,0,-145,265,2,1,0,0,0,4054
5479,0,3,5000,500,931,0,171,0,0,0,0,1,0,0,0,115.44000244140625,1,120,8200,0,-145,265,3,1,0,0,0,4054
5480,0,4,5000,500,931,0,170,0,0,0,0,1,0,0,0,115.44000244140625,1,120,8200,0,-145,265,3,1,0,0,0,4054
5481,0,5,5000,500,931,0,169,0,0,0,0,1,0,0,0,115.44000244140625,1,120,8200,0,-145,265,3,1,0,0,0,4054
5482,0,6,5000,500,931,0,168,0,0,0,0,1,0,0,0,115.44000244140625,1,120,8200,0,-145,265,3,1,0,0,0,4054
5483,0,7,5000,500,931,0,167,0,0,0,0,1,0,0,0,115.44000244140625,1,120,8200,0,-145,265,3,1,0,0,0,4054
5484,0,8,5000,500,931,0,166,0,0,0,0,1,0,0,0,115.44000244140625,1,120,8200,0,-145,265,3,1,0,0,0,4054
5485,0,9,5000,500,931,0,165,0,0,0,0,1,0,0,0,115.44000244140625,1,120,8200,0,-145,265,3,1,0,0,0,4054
5486,0,10,5000,500,931,0,164,0,0,0,0,1,0,0,0,115.44000244140625,1,120,8200,0,-145,265,3,1,0,0,0,4054
5487,0,11,5000,500,931,0,163,0,0,0,0,1,0,0,0,115.44000244140625,1,120,8200,0,-145,265,3,1,0,0,0,4054
5488,0,12,5000,500,931,0,162,0,0,0,0,1,0,0,0,115.44000244140625,1,120,8200,0,-145,265,3,1,0,0,0,4054
5489,0,13,5000,500,931,0,161,0,0,0,0,1,0,0,0,115.44000244140625,1,120,8200,0,-145,265,3,1,0,0,0,4054
5490,0,14,5000,500,931,0,160,0,0,0,0,1,0,0,0,115.44000244140625,1,120,8200,0,-145,265,3,1,0,0,0,4054
5491,0,15,5000,500,931,0,159,0,0,0,0,1,0,0,0,115.44000244140625,1,120,8200,0,-145,265,4,1,0,0,0,4054
5492,0,16,5000,500,931,0,158,0,0,0,0,1,0,0,0,115.44000244140625,1,120,8200,0,-145,265,4,1,0,0,0,4054
5493,0,17,5000,500,931,0,157,0,0,0,0,1,0,0,0,115.44000244140625,1,120,8200,0,-145,265,4,1,0,0,0,4054
5494,0,18,5000,500,931,0,156,0,0,0,0,1,0,0,0,115.44000244140625,1,120,8200,0,-145,265,4,1,0,0,0,4054
5495,0,19,5000,500,931,0,155,0,0,0,0,1,0,0,0,115.44000244140625,1,120,8200,0,-145,265,4,1,0,0,0,4054
5496,0,20,5000,500,931,0,154,0,0,0,0,1,0,0,0,115.44000244140625,1,120,8200,0,-145,265,4,1,0,0,0,4054
5497,0,21,5000,500,931,0,153,0,0,0,0,1,0,0,0,115.44000244140625,1,120,8200,0,-145,265,4,1,0,0,0,4054
5498,0,22,5000,500,931,0,152,0,0,0,0,1,0,0,0,115.44000244140625,1,120,8200,0,-145,265,4,1,0,0,0,4054
5499,0,23,5000,500,931,0,151,0,0,0,0,1,0,0,0,115.44000244140625,1,120,8200,0,-145,265,4,1,0,0,0,4054
5500,0,24,5000,500,931,0,150,0,0,0,0,1,0,0,0,115.44000244140625,1,120,8200,0,-145,265,4,1,0,0,0,4054
5501,0,25,5000,500,931,0,149,0,0,0,0,1,0,0,0,115.44000244140625,1,120,8200,0,-145,265,4,1,0,0,0,4054
5502,0,26,5000,500,931,0,148,0,0,0,0,1,0,0,0,115.44000244140625,1,120,8200,0,-145,265,4,1,0,0,0,4054
5503,0,27,5000,500,931,0,147,0,0,0,0,1,0,0,0,115.44000244140625,1,120,8200,0,-145,265,5,1,0,0,0,4054
5504,0,28,5000,500,931,0,146,0,0,0,0,1,0,0,0,115.44000244140625,1,120,8200,0,-145,265,5,1,0,0,0,4054
5505,0,29,5000,500,931,0,145,0,0,0,0,1,0,0,0,115.44000244140625,1,120,8200,0,-145,265,5,1,0,0,0,4054
5506,0,30,5000,500,931,0,144,0,0,0,0,1,0,0,0,115.44000244140625,1,120,8200,0,-145,265,5,1,0,0,0,4054
5507,0,31,5000,500,931,0,143,0,0,0,0,1,0,0,0,115.44000244140625,1,120,8200,0,-145,265,5,1,0,0,0,4054
5508,0,32,5000,500,931,0,142,0,0,0,0,1,0,0,0,115.44000244140625,1,120,8200,0,-145,265,5,1,0,0,0,4054
5509,0,33,5000,500,931,0,141,0,0,0,0,1,0,0,0,115.44000244140625,1,120,8200,0,-145,265,5,1,0,0,0,4054
5510,0,34,5000,500,931,0,140,0,0,0,0,1,0,0,0,115.44000244140625,1,120,8200,0,-145,265,5,1,0,0,0,4054
5511,0,35,5000,500,931,0,139,0,0,0,0,1,0,0,0,115.44000244140625,1,120,8200,0,-145,265,5,1,0,0,0,4054
5512,0,36,5000,500,931,0,138,0,0,0,0,1,0,0,0,115.44000244140625,1,120,8200,0,-145,265,5,1,0,0,0,4054
5513,0,37,5000,500,931,0,137,0,0,0,0,1,0,0,0,115.44000244140625,1,120,8200,0,-145,265,5,1,0,0,0,4054
5514,0,38,5000,500,931,0,136,0,0,0,0,1,0,0,0,115.44000244140625,1,120,8200,0,-145,265,5,1,0,0,0,4054
5515,0,39,5000,500,931,0,135,0,0,0,0,1,0,0,0,115.44000244140625,1,120,8200,0,-145,265,6,1,0,0,0,4054
5516,0,40,5000,500,931,0,134,0,0,0,0,1,0,0,0,115.44000244140625,1,120,8200,0,-145,265,6,1,0,0,0,4054
5517,0,41,5000,500,931,0,133,0,0,0,0,1,0,0,0,115.44000244140625,1,120,8200,0,-145,265,6,1,0,0,0,4054
5518,0,42,5000,500,931,0,132,0,0,0,0,1,0,0,0,115.44000244140625,1,120,8200,0,-145,265,6,1,0,0,0,4054
5519,0,43,5000,500,931,0,131,0,0,0,0,1,0,0,0,115.44000244140625,1,120,8200,0,-145,265,6,1,0,0,0,4054
5520,0,44,5000,500,931,0,130,0,0,0,0,1,0,0,0,115.44000244140625,1,120,8200,0,-145,265,6,1,0,0,0,4054
5521,0,45,5000,500,931,0,129,0,0,0,0,1,0,0,0,115.44000244140625,1,120,8200,0,-145,265,6,1,0,0,0,4054
5522,0,46,5000,500,931,0,128,0,0,0,0,1,0,0,0,115.44000244140625,1,120,8200,0,-145,265,6,1,0,0,0,4054
5523,0,47,5000,500,931,0,127,0,0,0,0,1,0,0,0,115.44000244140625,1,120,8200,0,-145,265,6,1,0,0,0,4054
5524,0,48,5000,500,931,0,126,0,0,0,0,1,0,0,0,115.44000244140625,1,120,8200,0,-145,265,6,1,0,0,0,4054
5525,0,49,5000,500,931,0,125,0,0,0,0,1,0,0,0,115.44000244140625,1,120,8200,0,-145,265,6,1,0,0,0,4054
5526,0,50,5000,500,931,0,124,0,0,0,0,1,0,0,0,115.44000244140625,1,120,8200,0,-145,265,6,1,0,0,0,4054
5527,0,51,5000,500,931,0,123,0,0,0,0,1,0,0,0,115.44000244140625,1,120,8200,0,-145,265,7,1,0,0,0,4054
5528,0,52,5000,500,931,0,122,0,0,0,0,1,0,0,0,115.44000244140625,1,120,8200,0,-145,265,7,1,0,0,0,4054
5529,0,53,5000,500,931,0,121,0,0,0,0,1,0,0,0,115.44000244140625,1,120,8200,0,-145,265,7,1,0,0,0,4054
5530,0,54,5000,500,931,0,120,0,0,0,0,1,0,0,0,115.44000244140625,1,120,8200,0,-145,265,7,1,0,0,0,4054
5531,0,55,5000,500,931,0,119,0,0,0,0,1,0,0,0,115.44000244140625,1,120,8200,0,-145,265,7,1,0,0,0,4054
5532,0,56,5000,500,931,0,118,0,0,0,0,1,0,0,0,115.44000244140625,1,120,8200,0,-145,265,7,1,0,0,0,4054
5533,0,57,5000,500,931,0,117,0,0,0,0,1,0,0,0,115.44000244140625,1,120,8200,0,-145,265,7,1,0,0,0,4054
5534,0,58,5000,500,931,0,116,0,0,0,0,1,0,0,0,115.44000244140625,1,120,8200,0,-145,265,7,1,0,0,0,4054
5535,0,59,5000,500,931,0,115,0,0,0,0,1,0,0,0,115.44000244140625,1,120,8200,0,-145,265,7,1,0,0,0,4054
5536,0,60,5000,500,931,0,114,0,0,0,0,1,0,0,0,115.44000244140625,1,120,8200,0,-145,265,7,1,0,0,0,4054
5537,0,61,5000,500,931,0,113,0,0,0,0,1,0,0,0,115.44000244140625,1,120,8200,0,-145,265,7,1,0,0,0,4054
5538,0,62,5000,500,931,0,112,0,0,0,0,1,0,0,0,115.44000244140625,1,120,8200,0,-145,265,7,1,0,0,0,4054
5539,0,63,5000,500,931,0,111,0,0,0,0,1,0,0,0,115.44000244140625,1,120,8200,0,-145,265,8,1,0,0,0,4054
5540,0,64,5000,500,931,0,110,0,0,0,0,1,0,0,0,115.44000244140625,1,120,8200,0,-145,265,8,1,0,0,0,4054
5541,0,65,5000,500,931,0,109,0,0,0,0,1,0,0,0,115.44000244140625,1,120,8200,0,-145,265,8,1,0,0,0,4054
5542,0,66,5000,500,931,0,108,0,0,0,0,1,0,0,0,115.44000244140625,1,120,8200,0,-145,265,8,1,0,0,0,4054
5543,0,67,5000,500,931,0,107,0,0,0,0,1,0,0,0,115.44000244140625,1,120,8200,0,-145,265,8,1,0,0,0,4054
5544,0,68,5000,500,931,0,106,0,0,0,0,1,0,0,0,115.44000244140625,1,120,8200,0,-145,265,8,1,0,0,0,4054
5545,0,69,5000,500,931,0,105,0,0,0,0,1,0,0,0,115.44000244140625,1,120,8200,0,-145,265,8,1,0,0,0,4054
5546,0,70,5000,500,931,0,104,0,0,0,0,1,0,0,0,115.44000244140625,1,120,8200,0,-145,265,8,1,0,0,0,4054
5547,0,71,5000,500,931,0,103,0,0,0,0,1,0,0,0,115.44000244140625,1,120,8200,0,-145,265,8,1,0,0,0,4054
5548,0,72,5000,500,931,0,102,0,0,0,0,1,0,0,0,115.44000244140625,1,120,8200,0,-145,265,8,1,0,0,0,4054
5549,0,73,5000,500,931,0,101,0,0,0,0,1,0,0,0,115.44000244140625,1,120,8200,0,-145,265,8,1,0,0,0,4054
5550,0,74,5000,500,931,0,100,0,0,0,0,1,0,0,0,115.44000244140625,1,120,8200,0,-145,265,8,1,0,0,0,4054
5551,0,75,5000,500,931,0,99,0,0,0,0,1,0,0,0,115.44000244140625,1,120,8200,0,-145,265,9,1,0,0,0,4054
5552,0,76,5000,500,931,0,98,0,0,0,0,1,0,0,0,115.44000244140625,1,120,8200,0,-145,265,9,1,0,0,0,4054
5553,0,77,5000,500,931,0,97,0,0,0,0,1,0,0,0,115.44000244140625,1,120,8200,0,-145,265,9,1,0,0,0,4054
5554,0,78,5000,500,931,0,96,0,0,0,0,1,0,0,0,115.44000244140625,1,120,8200,0,-145,265,9,1,0,0,0,4054
5555,0,79,5000,500,931,0,95,0,0,0,0,1,0,0,0,115.44000244140625,1,120,8200,0,-145,265,9,1,0,0,0,4054
5556,0,80,5000,500,931,0,94,0,0,0,0,1,0,0,0,115.44000244140625,1,120,8200,0,-145,265,9,1,0,0,0,4054
5557,0,81,5000,500,931,0,93,0,0,0,0,1,0,0,0,115.44000244140625,1,120,8200,0,-145,265,9,1,0,0,0,4054
5558,0,82,5000,500,931,0,92,0,0,0,0,1,0,0,0,115.44000244140625,1,120,8200,0,-145,265,9,1,0,0,0,4054
5559,0,83,5000,500,931,0,91,0,0,0,0,1,0,0,0,115.44000244140625,1,120,8200,0,-145,265,9,1,0,0,0,4054
5560,0,84,5000,500,931,0,90,0,0,0,0,1,0,0,0,115.44000244140625,1,120,8200,0,-145,265,9,1,0,0,0,4054
5561,0,85,5000,500,931,0,89,0,0,0,0,1,0,0,0,115.44000244140625,1,120,8200,0,-145,265,9,1,0,0,0,4054
5562,0,86,5000,500,931,0,88,0,0,0,0,1,0,0,0,115.44000244140625,1,120,8200,0,-145,265,9,1,0,0,0,4054
5563,0,87,5000,500,931,0,87,0,0,0,0,1,0,0,0,115.44000244140625,1,120,8200,0,-145,265,10,1,0,0,0,4054
5564,0,88,5000,500,931,0,86,0,0,0,0,1,0,0,0,115.44000244140625,1,120,8200,0,-145,265,10,1,0,0,0,4054
5565,0,89,5000,500,931,0,85,0,0,0,0,1,0,0,0,115.44000244140625,1,120,8200,0,-145,265,10,1,0,0,0,4054
5566,0,90,5000,500,931,0,84,0,0,0,0,1,0,0,0,115.44000244140625,1,120,8200,0,-145,265,10,1,0,0,0,4054
5567,0,91,5000,500,931,0,83,0,0,0,0,1,0,0,0,115.44000244140625,1,120,8200,0,-145,265,10,1,0,0,0,4054
5568,0,92,5000,500,931,0,82,0,0,0,0,1,0,0,0,115.44000244140625,1,120,8200,0,-145,265,10,1,0,0,0,4054
5569,0,93,5000,500,931,0,81,0,0,0,0,1,0,0,0,115.44000244140625,1,120,8200,0,-145,265,10,1,0,0,0,4054
5570,0,94,5000,500,931,0,80,0,0,0,0,1,0,0,0,115.44000244140625,1,120,8200,0,-145,265,10,1,0,0,0,4054
5571,0,95,5000,500,931,0,79,0,0,0,0,1,0,0,0,115.44000244140625,1,120,8200,0,-145,265,10,1,0,0,0,4054
5572,0,96,5000,500,931,0,78,0,0,0,0,1,0,0,0,115.44000244140625,1,120,8200,0,-145,265,10,1,0,0,0,4054
5573,0,97,5000,500,931,0,77,0,0,0,0,1,0,0,0,115.44000244140625,1,120,8200,0,-145,265,10,1,0,0,0,4054
5574,0,98,5000,500,931,0,76,0,0,0,0,1,0,0,0,115.44000244140625,1,120,8200,0,-145,265,10,1,0,0,0,4054
5575,0,99,5000,500,931,0,75,0,0,0,0,1,0,0,0,115.44000244140625,1,120,8200,0,-145,265,11,1,0,0,0,4054
5576,0,100,5000,500,931,0,74,0,0,0,0,1,0,0,0,115.44000244140625,1,120,8200,0,-145,265,11,1,0,0,0,4054
5577,0,101,5000,500,931,0,73,0,0,0,0,1,0,0,0,115.44000244140625,1,120,8200,0,-145,265,11,1,0,0,0,4054
5578,0,102,5000,500,931,0,72,0,0,0,0,1,0,0,0,115.44000244140625,1,120,8200,0,-145,265,11,1,0,0,0,4054
5579,0,103,5000,500,931,0,71,0,0,0,0,1,0,0,0,115.44000244140625,1,120,8200,0,-145,265,11,1,0,0,0,4054
5580,0,104,5000,500,931,0,70,0,0,0,0,1,0,0,0,115.44000244140625,1,120,8200,0,-145,265,11,1,0,0,0,4054
5581,0,105,5000,500,931,0,69,0,0,0,0,1,0,0,0,115.44000244140625,1,120,8200,0,-145,265,11,1,0,0,0,4054
5582,0,106,5000,500,931,0,68,0,0,0,0,1,0,0,0,115.44000244140625,1,120,8200,0,-145,265,11,1,0,0,0,4054
5583,0,107,5000,500,931,0,67,0,0,0,0,1,0,0,0,115.44000244140625,1,120,8200,0,-145,265,11,1,0,0,0,4054
5584,0,108,5000,500,931,0,66,0,0,0,0,1,0,0,0,115.44000244140625,1,120,8200,0,-145,265,11,1,0,0,0,4054
5585,0,109,5000,500,931,0,65,0,0,0,0,1,0,0,0,115.44000244140625,1,120,8200,0,-145,265,11,1,0,0,0,4054
5586,0,110,5000,500,931,0,64,0,0,0,0,1,0,0,0,115.44000244140625,1,120,8200,0,-145,265,11,1,0,0,0,4054
5587,0,111,5000,500,931,0,63,0,0,0,0,1,0,0,0,115.44000244140625,1,120,8200,0,-145,265,12,1,0,0,0,4054
5588,0,112,5000,500,931,0,62,0,0,0,0,1,0,0,0,115.44000244140625,1,120,8200,0,-145,265,12,1,0,0,0,4054
5589,0,113,5000,500,931,0,61,0,0,0,0,1,0,0,0,115.44000244140625,1,120,8200,0,-145,265,12,1,0,0,0,4054
5590,0,114,5000,500,931,0,60,0,0,0,0,1,0,0,0,115.44000244140625,1,120,8200,0,-145,265,12,1,0,0,0,4054
5591,0,115,5000,500,931,0,59,0,0,0,0,1,0,0,0,115.44000244140625,1,120,8200,0,-145,265,12,1,0,0,0,4054
5592,0,116,5000,500,931,0,58,0,0,0,0,1,0,0,0,115.44000244140625,1,120,8200,0,-145,265,12,1,0,0,0,4054
5593,0,117,5000,500,931,0,57,0,0,0,0,1,0,0,0,115.44000244140625,1,120,8200,0,-145,265,12,1,0,0,0,4054
5594,0,118,5000,500,931,0,56,0,0,0,0,1,0,0,0,115.44000244140625,1,120,8200,0,-145,265,12,1,0,0,0,4054
5595,0,119,5000,500,931,0,55,0,0,0,0,1,0,0,0,115.44000244140625,1,120,8200,0,-145,265,12,1,0,0,0,4054
5596,0,120,5000,500,931,0,54,0,0,0,0,1,0,0,0,115.44000244140625,1,120,8200,0,-145,265,12,1,0,0,0,4054
5597,0,121,5000,500,931,0,53,0,0,0,0,1,0,0,0,115.44000244140625,1,120,8200,0,-145,265,12,1,0,0,0,4054
5598,0,122,5000,500,931,0,52,0,0,0,0,1,0,0,0,115.44000244140625,1,120,8200,0,-145,265,12,1,0,0,0,4054
5599,0,123,5000,500,931,0,51,0,0,0,0,1,0,0,0,115.44000244140625,1,120,8200,0,-145,265,13,1,0,0,0,4054
5600,0,124,5000,500,931,0,50,0,0,0,0,1,0,0,0,115.44000244140625,1,120,8200,0,-145,265,13,1,0,0,0,4054
5601,0,125,5000,500,931,0,49,0,0,0,0,1,0,0,0,115.44000244140625,1,120,8200,0,-145,265,13,1,0,0,0,4054
5602,0,126,5000,500,931,0,48,0,0,0,0,1,0,0,0,115.44000244140625,1,120,8200,0,-145,265,13,1,0,0,0,4054
5603,0,127,5000,500,931,0,47,0,0,0,0,1,0,0,0,115.44000244140625,1,120,8200,0,-145,265,13,1,0,0,0,4054
5604,0,128,5000,500,931,0,46,0,0,0,0,1,0,0,0,115.44000244140625,1,120,8200,0,-145,265,13,1,0,0,0,4054
5605,0,129,5000,500,931,0,45,0,0,0,0,1,0,0,0,115.44000244140625,1,120,8200,0,-145,265,13,1,0,0,0,4054
5606,0,130,5000,500,931,0,44,0,0,0,0,1,0,0,0,115.44000244140625,1,120,8200,0,-145,265,13,1,0,0,0,4054
5607,0,131,5000,500,931,0,43,0,0,0,0,1,0,0,0,115.44000244140625,1,120,8200,0,-145,265,13,1,0,0,0,4054
5608,0,132,5000,500,931,0,42,0,0,0,0,1,0,0,0,115.44000244140625,1,120,8200,0,-145,265,13,1,0,0,0,4054
5609,0,133,5000,500,931,0,41,0,0,0,0,1,0,0,0,115.44000244140625,1,120,8200,0,-145,265,13,1,0,0,0,4054
5610,0,134,5000,500,931,0,40,0,0,0,0,1,0,0,0,115.44000244140625,1,120,8200,0,-145,265,13,1,0,0,0,4054
5611,0,135,5000,500,931,0,39,0,0,0,0,1,0,0,0,115.44000244140625,1,120,8200,0,-145,265,14,1,0,0,0,4054
5612,0,136,5000,500,931,0,38,0,0,0,0,1,0,0,0,115.44000244140625,1,120,8200,0,-145,265,14,1,0,0,0,4054
5613,0,137,5000,500,931,0,37,0,0,0,0,1,0,0,0,115.44000244140625,1,120,8200,0,-145,265,14,1,0,0,0,4054
5614,0,138,5000,500,931,0,36,0,0,0,0,1,0,0,0,115.44000244140625,1,120,8200,0,-145,265,14,1,0,0,0,4054
5615,0,139,5000,500,931,0,35,0,0,0,0,1,0,0,0,115.44000244140625,1,120,8200,0,-145,265,14,1,0,0,0,4054
5616,0,140,5000,500,931,0,34,0,0,0,0,1,0,0,0,115.44000244140625,1,120,8200,0,-145,265,14,1,0,0,0,4054
5617,0,141,5000,500,931,0,33,0,0,0,0,1,0,0,0,115.44000244140625,1,120,8200,0,-145,265,14,1,0,0,0,4054
5618,0,142,5000,500,931,0,32,0,0,0,0,1,0,0,0,115.44000244140625,1,120,8200,0,-145,265,14,1,0,0,0,4054
5619,0,143,5000,500,931,0,31,0,0,0,0,1,0,0,0,115.44000244140625,1,120,8200,0,-145,265,14,1,0,0,0,4054
5620,0,144,5000,500,931,0,30,0,0,0,0,1,0,0,0,115.44000244140625,1,120,8200,0,-145,265,14,1,0,0,0,4054
5621,0,145,5000,500,931,0,29,0,0,0,0,1,0,0,0,115.44000244140625,1,120,8200,0,-145,265,14,1,0,0,0,4054
5622,0,146,5000,500,931,0,28,0,0,0,0,1,0,0,0,115.44000244140625,1,120,8200,0,-145,265,14,1,0,0,0,4054
5623,0,147,5000,500,931,0,27,0,0,0,0,1,0,0,0,115.44000244140625,1,120,8200,0,-145,265,15,1,0,0,0,4054
5624,0,148,5000,500,931,0,26,0,0,0,0,1,0,0,0,115.44000244140625,1,120,8200,0,-145,265,15,1,0,0,0,4054
5625,0,149,5000,500,931,0,25,0,0,0,0,1,0,0,0,115.44000244140625,1,120,8200,0,-145,265,15,1,0,0,0,4054
5626,0,150,5000,500,931,0,24,0,0,0,0,1,0,0,0,115.44000244140625,1,120,8200,0,-145,265,15,1,0,0,0,4054
5627,0,151,5000,500,931,0,23,0,0,0,0,1,0,0,0,115.44000244140625,1,120,8200,0,-145,265,15,1,0,0,0,4054
5628,0,152,5000,500,931,0,22,0,0,0,0,1,0,0,0,115.44000244140625,1,120,8200,0,-145,265,15,1,0,0,0,4054
5629,0,153,5000,500,931,0,21,0,0,0,0,1,0,0,0,115.44000244140625,1,120,8200,0,-145,265,15,1,0,0,0,4054
5630,0,154,5000,500,931,0,20,0,0,0,0,1,0,0,0,115.44000244140625,1,120,8200,0,-145,265,15,1,0,0,0,4054
5631,0,155,5000,500,931,0,19,0,0,0,0,1,0,0,0,115.44000244140625,1,120,8200,0,-145,265,15,1,0,0,0,4054
5632,0,156,5000,500,931,0,18,0,0,0,0,1,0,0,0,115.44000244140625,1,120,8200,0,-145,265,15,1,0,0,0,4054
5633,0,157,5000,500,931,0,17,0,0,0,0,1,0,0,0,115.44000244140625,1,120,8200,0,-145,265,15,1,0,0,0,4054
5634,0,158,5000,500,931,0,16,0,0,0,0,1,0,0,0,115.44000244140625,1,120,8200,0,-145,265,15,1,0,0,0,4054
5635,0,159,5000,500,931,0,15,0,0,0,0,1,0,0,0,115.44000244140625,1,120,8200,0,-145,265,16,1,0,0,0,4054
5636,0,160,5000,500,931,0,14,0,0,0,0,1,0,0,0,115.44000244140625,1,120,8200,0,-145,265,16,1,0,0,0,4054
5637,0,161,5000,500,931,0,13,0,0,0,0,1,0,0,0,115.44000244140625,1,120,8200,0,-145,265,16,1,0,0,0,4054
5638,0,162,5000,500,931,0,12,0,0,0,0,1,0,0,0,115.44000244140625,1,120,8200,0,-145,265,16,1,0,0,0,4054
5639,0,163,5000,500,931,0,11,0,0,0,0,1,0,0,0,115.44000244140625,1,120,8200,0,-145,265,16,1,0,0,0,4054
5640,0,164,5000,500,931,0,10,0,0,0,0,1,0,0,0,115.44000244140625,1,120,8200,0,-145,265,16,1,0,0,0,4054
5641,0,165,5000,500,931,0,9,0,0,0,0,1,0,0,0,115.44000244140625,1,120,8200,0,-145,265,16,1,0,0,0,4054
5642,0,166,5000,500,931,0,8,0,0,0,0,1,0,0,0,115.44000244140625,1,120,8200,0,-145,265,16,1,0,0,0,4054
5643,0,167,5000,500,931,0,7,0,0,0,0,1,0,0,0,115.44000244140625,1,120,8200,0,-145,265,16,1,0,0,0,4054
5644,0,168,5000,500,931,0,6,0,0,0,0,1,0,0,0,115.44000244140625,1,120,8200,0,-145,265,16,1,0,0,0,4054
5645,0,169,5000,500,931,0,5,0,0,0,0,1,0,0,0,115.44000244140625,1,120,8200,0,-145,265,16,1,0,0,0,4054
5646,0,170,5000,500,931,0,4,0,0,0,0,1,0,0,0,115.44000244140625,1,120,8200,0,-145,265,16,1,0,0,0,4054
5647,0,171,5000,500,931,0,3,0,0,0,0,1,0,0,0,115.44000244140625,1,120,8200,0,-145,265,17,1,0,0,0,4054
5648,0,172,5000,500,931,0,2,0,0,0,0,1,0,0,0,115.44000244140625,1,120,8200,0,-145,265,17,1,0,0,0,4054
5649,0,173,5000,500,931,0,1,0,0,0,0,1,0,0,0,115.44000244140625,1,120,8200,0,-145,265,17,1,0,0,0,4054
5650,0,174,5000,500,931,0,0,0,0,0,0,1,0,0,0,115.44000244140625,1,120,8200,0,-145,265,17,1,0,0,0,4054
5651,0,175,5000,500,931,0,0,0,0,0,0,1,0,0,0,115.44000244140625,1,120,8200,0,-145,265,17,1,0,0,0,4054
5652,0,176,5000,500,931,0,0,0,0,0,0,1,0,0,0,115.44000244140625,1,120,8200,0,-145,265,17,1,0,0,0,4054
5653,0,177,5000,500,931,0,0,0,0,0,0,1,0,0,0,115.44000244140625,1,120,8200,0,-145,265,17,1,0,0,0,4054
5654,0,178,5000,500,931,0,0,0,0,0,0,1,0,0,0,115.44000244140625,1,120,8200,0,-145,265,17,1,0,0,0,4054
5655,0,179,5000,500,931,0,0,0,0,0,0,1,0,0,0,115.44000244140625,1,120,8200,0,-145,265,17,1,0,0,0,4054
5656,0,180,5000,500,931,0,0,0,0,0,0,1,0,0,0,115.44000244140625,1,120,8200,0,-145,265,17,1,0,0,0,4054
5657,0,181,5000,500,931,0,0,0,0,0,0,1,0,0,0,115.44000244140625,1,120,8200,0,-145,265,17,1,0,0,0,4054
5658,0,182,5000,500,931,0,0,0,0,0,0,1,0,0,0,115.44000244140625,1,120,8200,0,-145,265,17,1,0,0,0,4054
5659,0,183,5000,500,931,0,0,0,0,0,0,1,0,0,0,115.44000244140625,1,120,8200,0,-145,265,18,1,0,0,0,4054
5660,0,184,5000,500,931,0,0,0,0,0,0,1,0,0,0,115.44000244140625,1,120,8200,0,-145,265,18,1,0,0,0,4054
5661,0,185,5000,500,931,0,0,0,0,0,0,1,0,0,0,115.44000244140625,1,120,8200,0,-145,265,18,1,0,0,0,4054
5662,0,186,5000,500,931,0,0,0,0,0,0,1,0,0,0,115.44000244140625,1,120,8200,0,-145,265,18,1,0,0,0,4054
5663,0,187,5000,500,931,0,0,0,0,0,0,1,0,0,0,115.44000244140625,1,120,8200,0,-145,265,18,1,0,0,0,4054
5664,0,188,5000,500,931,0,0,0,0,0,0,1,0,0,0,115.44000244140625,1,120,8200,0,-145,265,18,1,0,0,0,4054
5665,0,189,5000,500,931,0,0,0,0,0,0,1,0,0,0,115.44000244140625,1,120,8200,0,-145,265,18,1,0,0,0,4054
5666,0,190,5000,500,931,0,0,0,0,0,0,1,0,0,0,115.44000244140625,1,120,8200,0,-145,265,18,1,0,0,0,4054
5667,0,191,5000,500,931,0,0,0,0,0,0,1,0,0,0,115.44000244140625,1,120,8200,0,-145,265,18,1,0,0,0,4054
5668,0,192,5000,500,931,0,0,0,0,0,0,1,0,0,0,115.44000244140625,1,120,8200,0,-145,265,18,1,0,0,0,4054
5669,0,193,5000,500,931,0,0,0,0,0,0,1,0,0,0,115.44000244140625,1,120,8200,0,-145,265,18,1,0,0,0,4054
5670,0,194,5000,500,931,0,0,0,0,0,0,1,0,0,0,115.44000244140625,1,120,8200,0,-145,265,18,1,0,0,0,4054
5671,0,195,5000,500,931,0,0,0,0,0,0,1,0,0,0,115.44000244140625,1,120,8200,0,-145,265,19,1,0,0,0,4054
5672,0,196,5000,500,931,0,0,0,0,0,0,1,0,0,0,115.44000244140625,1,120,8200,0,-145,265,19,1,0,0,0,4054
5673,0,197,5000,500,931,0,0,0,0,0,0,1,0,0,0,115.44000244140625,1,120,8200,0,-145,265,19,1,0,0,0,4054
5674,0,198,5000,500,931,0,0,0,0,0,0,1,0,0,0,115.44000244140625,1,120,8200,0,-145,265,19,1,0,0,0,4054
5675,0,199,5000,500,931,0,0,0,0,0,0,1,0,0,0,115.44000244140625,1,120,8200,0,-145,265,19,1,0,0,0,4054
5676,0,200,5000,500,931,0,0,0,0,0,0,1,0,0,0,115.44000244140625,1,120,8200,0,-145,265,19,1,0,0,0,4054
5677,0,201,5000,500,931,0,0,0,0,0,0,1,0,0,0,115.44000244140625,1,120,8200,0,-145,265,19,1,0,0,0,4054
5678,0,202,5000,500,931,0,0,0,0,0,0,1,0,0,0,115.44000244140625,1,120,8200,0,-145,265,19,1,0,0,0,4054
5679,0,203,5000,500,931,0,0,0,0,0,0,1,0,0,0,115.44000244140625,1,120,8200,0,-145,265,19,1,0,0,0,4054
5680,0,204,5000,500,931,0,0,0,0,0,0,1,0,0,0,115.44000244140625,1,120,8200,0,-145,265,19,1,0,0,0,4054
5681,0,205,5000,500,931,0,0,0,0,0,0,1,0,0,0,115.44000244140625,1,120,8200,0,-145,265,19,1,0,0,0,4054
5682,0,206,5000,500,931,0,0,0,0,0,0,1,0,0,0,115.44000244140625,1,120,8200,0,-145,265,19,1,0,0,0,4054
5683,0,207,5000,500,931,0,0,0,0,0,0,1,0,0,0,115.44000244140625,1,120,8200,0,-145,265,19,1,0,0,0,4054
5684,0,208,5000,500,931,0,0,0,0,0,0,1,0,0,0,115.44000244140625,1,120,8200,0,-145,265,19,1,0,0,0,4054
5685,0,209,5000,500,931,0,0,0,0,0,0,1,0,0,0,115.44000244140625,1,120,8200,0,-145,265,19,1,0,0,0,4054
5686,0,210,5000,500,931,0,0,0,0,0,0,1,0,0,0,115.44000244140625,1,120,8200,0,-145,265,19,1,0,0,0,4054
5687,0,211,5000,500,931,0,0,0,0,0,0,1,0,0,0,115.44000244140625,1,120,8200,0,-145,265,19,1,0,0,0,4054
5688,0,212,5000,500,931,0,0,0,0,0,0,1,0,0,0,115.44000244140625,1,120,8200,0,-145,265,19,1,0,0,0,4054
5689,0,213,5000,500,931,0,0,0,0,0,0,1,0,0,0,115.44000244140625,1,120,8200,0,-145,265,20,1,0,0,0,4054
5690,0,214,5000,500,931,0,0,0,0,0,0,1,0,0,0,115.44000244140625,1,120,8200,0,-145,265,20,1,0,0,0,4054
5691,0,215,5000,500,931,0,0,0,0,0,0,1,0,0,0,115.44000244140625,1,120,8200,0,-145,265,20,1,0,0,0,4054
5692,0,216,5000,500,931,0,0,0,0,0,0,1,0,0,0,115.44000244140625,1,120,8200,0,-145,265,20,1,0,0,0,4054
5693,0,217,5000,500,931,0,0,0,0,0,0,1,0,0,0,115.44000244140625,1,120,8200,0,-145,265,20,1,0,0,0,4054
5694,0,218,5000,500,931,0,0,0,0,0,0,1,0,0,0,115.44000244140625,1,120,8200,0,-145,265,20,1,0,0,0,4054
5695,0,219,5000,500,931,0,0,0,0,0,0,1,0,0,0,115.44000244140625,1,120,8200,0,-145,265,20,1,0,0,0,4054
5696,0,220,5000,500,931,0,0,0,0,0,0,1,0,0,0,115.44000244140625,1,120,8200,0,-145,265,20,1,0,0,0,4054
5697,0,221,5000,500,931,0,0,0,0,0,0,1,0,0,0,115.44000244140625,1,120,8200,0,-145,265,20,1,0,0,0,4054
5698,0,222,5000,500,931,0,0,0,0,0,0,1,0,0,0,115.44000244140625,1,120,8200,0,-145,265,20,1,0,0,0,4054
5699,0,223,5000,500,931,0,0,0,0,0,0,1,0,0,0,115.44000244140625,1,120,8200,0,-145,265,20,1,0,0,0,4054
5700,0,224,5000,500,931,0,0,0,0,0,0,1,0,0,0,115.44000244140625,1,120,8200,0,-145,265,20,1,0,0,0,4054
5701,0,225,5000,500,931,0,0,0,0,0,0,1,0,0,0,115.44000244140625,1,120,8200,0,-145,265,20,1,0,0,0,4054
5702,0,226,5000,500,931,0,0,0,0,0,0,1,0,0,0,115.44000244140625,1,120,8200,0,-145,265,20,1,0,0,0,4054
5703,0,227,5000,500,931,0,0,0,0,0,0,1,0,0,0,115.44000244140625,1,120,8200,0,-145,265,20,1,0,0,0,4054
5704,0,228,5000,500,931,0,0,0,0,0,0,1,0,0,0,115.44000244140625,1,120,8200,0,-145,265,20,1,0,0,0,4054
5705,0,229,5000,500,931,0,0,0,0,0,0,1,0,0,0,115.44000244140625,1,120,8200,0,-145,265,20,1,0,0,0,4054
5706,0,230,5000,500,931,0,0,0,0,0,0,1,0,0,0,115.44000244140625,1,120,8200,0,-145,265,20,1,0,0,0,4054
5707,0,231,5000,500,931,0,0,0,0,0,0,1,0,0,0,115.44000244140625,1,120,8200,0,-145,265,21,1,0,0,0,4054
5708,0,232,5000,500,931,0,0,0,0,0,0,1,0,0,0,115.44000244140625,1,120,8200,0,-145,265,21,1,0,0,0,4054
5709,0,233,5000,500,931,0,0,0,0,0,0,1,0,0,0,115.44000244140625,1,120,8200,0,-145,265,21,1,0,0,0,4054
5710,0,1,3000,500,1000,0,0,0,0,0,0,1,0,0,0,-15,1,120,8200,0,-145,265,21,0,0,0,0,1000
5711,0,2,3000,500,1000,0,0,0,0,0,0,1,0,0,0,-15,1,120,8200,0,-145,265,21,0,0,0,0,1000
5712,0,3,3000,500,1000,0,0,0,0,0,0,1,0,0,0,-15,1,120,8200,0,-145,265,21,0,0,0,0,1000
5713,0,4,3000,500,1000,0,0,0,0,0,0,1,0,0,0,-15,1,120,8200,0,-145,265,21,0,0,0,0,1000
5714,0,5,3000,500,1000,0,0,0,0,0,0,1,0,0,0,-15,1,120,8200,0,-145,265,21,0,0,0,0,1000
5715,0,6,3000,500,1000,0,0,0,0,0,0,1,0,0,0,-15,1,120,8200,0,-145,265,21,0,0,0,0,1000
5716,0,7,3000,500,1000,0,0,0,0,0,0,1,0,0,0,-15,1,120,8200,0,-145,265,21,0,0,0,0,1000
5717,0,8,3000,500,1000,0,0,0,0,0,0,1,0,0,0,-15,1,120,8200,0,-145,265,21,0,0,0,0,1000
5718,0,9,3000,500,1000,0,0,0,0,0,0,1,0,0,0,-15,1,120,8200,0,-145,265,21,0,0,0,0,1000
5719,10,1,3000,500,1000,0,0,0,0,0,0,1,0,0,0,-15,1,120,8200,0,-145,265,21,0,0,0,0,1000
5720,10,2,3000,500,1000,0,0,0,0,0,0,1,0,0,0,-15,1,120,8200,0,-145,265,21,0,0,0,0,1000
5721,10,3,3000,500,1000,0,0,0,0,0,0,1,0,0,0,-15,1,120,8200,0,-145,265,21,0,0,0,0,1000
5722,10,4,3000,500,1000,0,0,0,0,0,0,1,0,0,0,-15,1,120,8200,0,-145,265,21,0,0,0,0,1000
5723,10,5,3000,500,1000,0,0,0,0,0,0,1,0,0,0,-15,1,120,8200,0,-145,265,21,0,0,0,0,1000
5724,10,6,3000,500,1000,0,0,0,0,0,0,1,0,0,0,-15,1,120,8200,0,-145,265,21,0,0,0,0,1000
5725,1000,1,3000,500,1000,0,0,0,0,0,0,1,0,0,0,-15,1,120,8200,0,-145,265,21,0,0,0,0,1000
5726,1000,2,3000,500,1000,0,0,0,0,0,0,1,0,0,0,-15,1,120,8200,0,-145,265,21,0,0,0,0,1000
5727,1000,3,3000,500,1000,0,0,0,0,0,0,1,0,0,0,-15,1,120,8200,0,-145,265,21,0,0,0,0,1000
5728,1000,4,3000,500,1000,0,0,0,0,0,0,1,0,0,0,-15,1,120,8200,0,-145,265,21,0,0,0,0,1000
5729,1000,5,3000,500,1000,0,0,0,0,0,0,1,0,0,0,-15,1,120,8200,0,-145,265,21,0,0,0,0,1000
5730,1000,6,3000,500,1000,0,0,0,0,0,0,1,0,0,0,-15,1,120,8200,0,-145,265,21,0,0,0,0,1000
5731,1000,7,3000,500,1000,0,0,0,0,0,0,1,0,0,0,-15,1,120,8200,0,-145,265,21,0,0,0,0,1000
5732,1000,8,3000,500,1000,0,0,0,0,0,0,1,0,0,0,-15,1,120,8200,0,-145,265,21,0,0,0,0,1000
5733,1000,9,3000,500,1000,0,0,0,0,0,0,1,0,0,0,-15,1,120,8200,0,-145,265,21,0,0,0,0,1000
5734,1000,10,3000,500,1000,0,0,0,0,0,0,1,0,0,0,-15,1,120,8200,0,-145,265,21,0,0,0,0,1000
5735,1000,11,3000,500,1000,0,0,0,0,0,0,1,0,0,0,-15,1,120,8200,0,-145,265,21,0,0,0,0,1000
5736,1000,12,3000,500,1000,0,0,0,0,0,0,1,0,0,0,-15,1,120,8200,0,-145,265,21,0,0,0,0,1000
5737,1000,13,3000,500,1000,0,0,0,0,0,0,1,0,0,0,-15,1,120,8200,0,-145,265,21,0,0,0,0,1000
5738,1000,14,3000,500,1000,0,0,0,0,0,0,1,0,0,0,-15,1,120,8200,0,-145,265,21,0,0,0,0,1000
5739,1000,15,3000,500,1000,0,0,0,0,0,0,1,0,0,0,-15,1,120,8200,0,-145,265,21,0,0,0,0,1000
5740,1000,16,3000,500,1000,0,0,0,0,0,0,1,0,0,0,-15,1,120,8200,0,-145,265,21,0,0,0,0,1000
5741,1000,17,3000,500,1000,0,0,0,0,0,0,1,0,0,0,-15,1,120,8200,0,-145,265,21,0,0,0,0,1000
5742,1000,18,3000,500,1000,0,0,0,0,0,0,1,0,0,0,-15,1,120,8200,0,-145,265,21,0,0,0,0,1000
5743,1000,19,3000,500,1000,0,0,0,0,0,0,1,0,0,0,-15,1,120,8200,0,-145,265,22,0,0,0,0,1000
5744,1000,20,3000,500,1000,0,0,0,0,0,0,1,0,0,0,-15,1,120,8200,0,-145,265,22,0,0,0,0,1000
5745,1000,21,3000,500,1000,0,0,0,0,0,0,1,0,0,0,-15,1,120,8200,0,-145,265,22,0,0,0,0,1000
5746,1000,22,3000,500,1000,0,0,0,0,0,0,1,0,0,0,-15,1,120,8200,0,-145,265,22,0,0,0,0,1000
5747,1000,23,3000,500,1000,0,0,0,0,0,0,1,0,0,0,-15,1,120,8200,0,-145,265,22,0,0,0,0,1000
5748,1000,24,3000,500,1000,0,0,0,0,0,0,1,0,0,0,-15,1,120,8200,0,-145,265,22,0,0,0,0,1000
5749,1000,25,3000,500,1000,0,0,0,0,0,0,1,0,0,0,-15,1,120,8200,0,-145,265,22,0,0,0,0,1000
5750,1000,26,3000,500,1000,0,0,0,0,0,0,1,0,0,0,-15,1,120,8200,0,-145,265,22,0,0,0,0,1000
5751,1000,27,3000,500,1000,0,0,0,0,0,0,1,0,0,0,-15,1,120,8200,0,-145,265,22,0,0,0,0,1000
5752,1000,28,3000,500,1000,0,0,0,0,0,0,1,0,0,0,-15,1,120,8200,0,-145,265,22,0,0,0,0,1000
5753,1000,29,3000,500,1000,0,0,0,0,0,0,1,0,0,0,-15,1,120,8200,0,-145,265,22,0,0,0,0,1000
5754,1000,30,3000,500,1000,0,0,0,0,0,0,1,0,0,0,-15,1,120,8200,0,-145,265,22,0,0,0,0,1000
5755,1000,31,3000,500,1000,0,0,0,0,0,0,1,0,0,0,-15,1,120,8200,0,-145,265,22,0,0,0,0,1000
5756,1000,32,3000,500,1000,0,0,0,0,0,0,1,0,0,0,-15,1,120,8200,0,-145,265,22,0,0,0,0,1000
5757,1000,33,3000,500,1000,0,0,0,0,0,0,1,0,0,0,-15,1,120,8200,0,-145,265,22,0,0,0,0,1000
5758,1000,34,3000,500,1000,0,0,0,0,0,0,1,0,0,0,-15,1,120,8200,0,-145,265,22,0,0,0,0,1000
5759,0,1,3000,500,1000,0,0,0,0,0,0,1,0,0,0,-15,1,120,8200,0,-145,265,22,0,0,0,0,1000
5760,0,2,3000,500,1000,0,0,0,0,0,0,1,0,0,0,-15,1,120,8200,0,-145,265,22,0,0,0,0,1000
5761,0,3,3000,500,1000,0,0,0,0,0,0,1,0,0,0,-15,1,120,8200,0,-145,265,22,0,0,0,0,1000
5762,0,4,3000,500,1000,0,0,0,0,0,0,1,0,0,0,-15,1,120,8200,0,-145,265,22,0,0,0,0,1000
5763,0,5,3000,500,1000,0,0,0,0,0,0,1,0,0,0,-15,1,120,8200,0,-145,265,22,0,0,0,0,1000
5764,0,6,3000,500,1000,0,0,0,0,0,0,1,0,0,0,-15,1,120,8200,0,-145,265,22,0,0,0,0,1000
5765,0,7,3000,500,1000,0,0,0,0,0,0,1,0,0,0,-15,1,120,8200,0,-145,265,22,0,0,0,0,1000
5766,0,8,3000,500,1000,0,0,0,0,0,0,1,0,0,0,-15,1,120,8200,0,-145,265,22,0,0,0,0,1000
5767,0,9,3000,500,1000,0,0,0,0,0,0,1,0,0,0,-15,1,120,8200,0,-145,265,22,0,0,0,0,1000
5768,0,10,3000,500,1000,0,0,0,0,0,0,1,0,0,0,-15,1,120,8200,0,-145,265,22,0,0,0,0,1000
5769,0,11,3000,500,1000,0,0,0,0,0,0,1,0,0,0,-15,1,120,8200,0,-145,265,22,0,0,0,0,1000
5770,0,12,3000,500,1000,0,0,0,0,0,0,1,0,0,0,-15,1,120,8200,0,-145,265,22,0,0,0,0,1000
5771,0,13,3000,500,1000,0,0,0,0,0,0,1,0,0,0,-15,1,120,8200,0,-145,265,22,0,0,0,0,1000
5772,0,14,3000,500,1000,0,0,0,0,0,0,1,0,0,0,-15,1,120,8200,0,-145,265,22,0,0,0,0,1000
5773,0,15,3000,500,1000,0,0,0,0,0,0,1,0,0,0,-15,1,120,8200,0,-145,265,22,0,0,0,0,1000
5774,0,16,3000,500,1000,0,0,0,0,0,0,1,0,0,0,-15,1,120,8200,0,-145,265,22,0,0,0,0,1000
5775,0,17,3000,500,1000,0,0,0,0,0,0,1,0,0,0,-15,1,120,8200,0,-145,265,22,0,0,0,0,1000
5776,0,18,3000,500,1000,0,0,0,0,0,0,1,0,0,0,-15,1,120,8200,0,-145,265,22,0,0,0,0,1000
5777,0,19,3000,500,1000,0,0,0,0,0,0,1,0,0,0,-15,1,120,8200,0,-145,265,22,0,0,0,0,1000
5778,0,20,3000,500,1000,0,0,0,0,0,0,1,0,0,0,-15,1,120,8200,0,-145,265,22,0,0,0,0,1000
5779,0,21,3000,500,1000,0,0,0,0,0,0,1,0,0,0,-15,1,120,8200,0,-145,265,23,0,0,0,0,1000
5780,0,22,3000,500,1000,0,0,0,0,0,0,1,0,0,0,-15,1,120,8200,0,-145,265,23,0,0,0,0,1000
5781,0,23,3000,500,1000,0,0,0,0,0,0,1,0,0,0,-15,1,120,8200,0,-145,265,23,0,0,0,0,1000
5782,0,24,3000,500,1000,0,0,0,0,0,0,1,0,0,0,-15,1,120,8200,0,-145,265,23,0,0,0,0,1000
5783,0,25,3000,500,1000,0,0,0,0,0,0,1,0,0,0,-15,1,120,8200,0,-145,265,23,0,0,0,0,1000
5784,0,26,3000,500,1000,0,0,0,0,0,0,1,0,0,0,-15,1,120,8200,0,-145,265,23,0,0,0,0,1000
5785,0,27,3000,500,1000,0,0,0,0,0,0,1,0,0,0,-15,1,120,8200,0,-145,265,23,0,0,0,0,1000
5786,0,28,3000,500,1000,0,0,0,0,0,0,1,0,0,0,-15,1,120,8200,0,-145,265,23,0,0,0,0,1000
5787,0,29,3000,500,1000,0,0,0,0,0,0,1,0,0,0,-15,1,120,8200,0,-145,265,23,0,0,0,0,1000
5788,0,30,3000,500,1000,0,0,0,0,0,0,1,0,0,0,-15,1,120,8200,0,-145,265,23,0,0,0,0,1000
5789,0,31,3000,500,1000,0,0,0,0,0,0,1,0,0,0,-15,1,120,8200,0,-145,265,23,0,0,0,0,1000
5790,0,32,3000,500,1000,0,0,0,0,0,0,1,0,0,0,-15,1,120,8200,0,-145,265,23,0,0,0,0,1000
5791,0,33,3000,500,1000,0,0,0,0,0,0,1,0,0,0,-15,1,120,8200,0,-145,265,23,0,0,0,0,1000
5792,0,34,3000,500,1000,0,0,0,0,0,0,1,0,0,0,-15,1,120,8200,0,-145,265,23,0,0,0,0,1000
5793,0,35,3000,500,1000,0,0,0,0,0,0,1,0,0,0,-15,1,120,8200,0,-145,265,23,0,0,0,0,1000
5794,0,36,3000,500,1000,0,0,0,0,0,0,1,0,0,0,-15,1,120,8200,0,-145,265,23,0,0,0,0,1000
5795,0,37,3000,500,1000,0,0,0,0,0,0,1,0,0,0,-15,1,120,8200,0,-145,265,23,0,0,0,0,1000
5796,0,38,3000,500,1000,0,0,0,0,0,0,1,0,0,0,-15,1,120,8200,0,-145,265,23,0,0,0,0,1000
5797,0,39,3000,500,1000,0,0,0,0,0,0,1,0,0,0,-15,1,120,8200,0,-145,265,23,0,0,0,0,1000
5798,0,40,3000,500,1000,0,0,0,0,0,0,1,0,0,0,-15,1,120,8200,0,-145,265,23,0,0,0,0,1000
5799,0,41,3000,500,1000,0,0,0,0,0,0,1,0,0,0,-15,1,120,8200,0,-145,265,23,0,0,0,0,1000
5800,0,42,3000,500,1000,0,0,0,0,0,0,1,0,0,0,-15,1,120,8200,0,-145,265,23,0,0,0,0,1000
5801,0,43,3000,500,1000,0,0,0,0,0,0,1,0,0,0,-15,1,120,8200,0,-145,265,23,0,0,0,0,1000
5802,0,44,3000,500,1000,0,0,0,0,0,0,1,0,0,0,-15,1,120,8200,0,-145,265,23,0,0,0,0,1000
5803,0,45,3000,500,1000,0,0,0,0,0,0,1,0,0,0,-15,1,120,8200,0,-145,265,23,0,0,0,0,1000
5804,0,46,3000,500,1000,0,0,0,0,0,0,1,0,0,0,-15,1,120,8200,0,-145,265,23,0,0,0,0,1000
5805,0,47,3000,500,1000,0,0,0,0,0,0,1,0,0,0,-15,1,120,8200,0,-145,265,23,0,0,0,0,1000
5806,0,48,3000,500,1000,0,0,0,0,0,0,1,0,0,0,-15,1,120,8200,0,-145,265,23,0,0,0,0,1000
5807,0,49,3000,500,1000,0,0,0,0,0,0,1,0,0,0,-15,1,120,8200,0,-145,265,23,0,0,0,0,1000
5808,0,50,3000,500,1000,0,0,0,0,0,0,1,0,0,0,-15,1,120,8200,0,-145,265,23,0,0,0,0,1000
5809,0,51,3000,500,1000,0,0,0,0,0,0,1,0,0,0,-15,1,120,8200,0,-145,265,23,0,0,0,0,1000
5810,0,52,3000,500,1000,0,0,0,0,0,0,1,0,0,0,-15,1,120,8200,0,-145,265,23,0,0,0,0,1000
5811,0,53,3000,500,1000,0,0,0,0,0,0,1,0,0,0,-15,1,120,8200,0,-145,265,23,0,0,0,0,1000
5812,0,54,3000,500,1000,0,0,0,0,0,0,1,0,0,0,-15,1,120,8200,0,-145,265,23,0,0,0,0,1000
5813,0,55,3000,500,1000,0,0,0,0,0,0,1,0,0,0,-15,1,120,8200,0,-145,265,23,0,0,0,0,1000
5814,0,56,3000,500,1000,0,0,0,0,0,0,1,0,0,0,-15,1,120,8200,0,-145,265,23,0,0,0,0,1000
5815,0,57,3000,500,1000,0,0,0,0,0,0,1,0,0,0,-15,1,120,8200,0,-145,265,24,0,0,0,0,1000
5816,0,58,3000,500,1000,0,0,0,0,0,0,1,0,0,0,-15,1,120,8200,0,-145,265,24,0,0,0,0,1000
5817,0,59,3000,500,1000,0,0,0,0,0,0,1,0,0,0,-15,1,120,8200,0,-145,265,24,0,0,0,0,1000
5818,0,60,3000,500,1000,0,0,0,0,0,0,1,0,0,0,-15,1,120,8200,0,-145,265,24,0,0,0,0,1000
5819,0,61,3000,500,1000,0,0,0,0,0,0,1,0,0,0,-15,1,120,8200,0,-145,265,24,0,0,0,0,1000
5820,0,62,3000,500,1000,0,0,0,0,0,0,1,0,0,0,-15,1,120,8200,0,-145,265,24,0,0,0,0,1000
5821,0,63,3000,500,1000,0,0,0,0,0,0,1,0,0,0,-15,1,120,8200,0,-145,265,24,0,0,0,0,1000
5822,0,64,3000,500,1000,0,0,0,0,0,0,1,0,0,0,-15,1,120,8200,0,-145,265,24,0,0,0,0,1000
5823,0,65,3000,500,1000,0,0,0,0,0,0,1,0,0,0,-15,1,120,8200,0,-145,265,24,0,0,0,0,1000
5824,0,66,3000,500,1000,0,0,0,0,0,0,1,0,0,0,-15,1,120,8200,0,-145,265,24,0,0,0,0,1000
5825,0,67,3000,500,1000,0,0,0,0,0,0,1,0,0,0,-15,1,120,8200,0,-145,265,24,0,0,0,0,1000
5826,0,68,3000,500,1000,0,0,0,0,0,0,1,0,0,0,-15,1,120,8200,0,-145,265,24,0,0,0,0,1000
5827,0,69,3000,500,1000,0,0,0,0,0,0,1,0,0,0,-15,1,120,8200,0,-145,265,24,0,0,0,0,1000
5828,0,70,3000,500,1000,0,0,0,0,0,0,1,0,0,0,-15,1,120,8200,0,-145,265,24,0,0,0,0,1000
5829,0,71,3000,500,1000,0,0,0,0,0,0,1,0,0,0,-15,1,120,8200,0,-145,265,24,0,0,0,0,1000
5830,0,72,3000,500,1000,0,0,0,0,0,0,1,0,0,0,-15,1,120,8200,0,-145,265,24,0,0,0,0,1000
5831,0,73,3000,500,1000,0,0,0,0,0,0,1,0,0,0,-15,1,120,8200,0,-145,265,24,0,0,0,0,1000
5832,0,74,3000,500,1000,0,0,0,0,0,0,1,0,0,0,-15,1,120,8200,0,-145,265,24,0,0,0,0,1000
5833,0,75,3000,500,1000,0,0,0,0,0,0,1,0,0,0,-15,1,120,8200,0,-145,265,1,0,0,0,0,1000
5834,0,76,3000,500,1000,0,0,0,0,0,0,1,0,0,0,-15,1,120,8200,0,-145,265,1,0,0,0,0,1000
5835,0,77,3000,500,1000,0,0,0,0,0,0,1,0,0,0,-15,1,120,8200,0,-145,265,1,0,0,0,0,1000
5836,0,78,3000,500,1000,0,0,0,0,0,0,1,0,0,0,-15,1,120,8200,0,-145,265,1,0,0,0,0,1000
5837,0,79,3000,500,1000,0,0,0,0,0,0,1,0,0,0,-15,1,120,8200,0,-145,265,1,0,0,0,0,1000
5838,0,80,3000,500,1000,0,0,0,0,0,0,1,0,0,0,-15,1,120,8200,0,-145,265,1,0,0,0,0,1000
5839,0,81,3000,500,1000,0,0,0,0,0,0,1,0,0,0,-15,1,120,8200,0,-145,265,1,0,0,0,0,1000
5840,0,82,3000,500,1000,0,0,0,0,0,0,1,0,0,0,-15,1,120,8200,0,-145,265,1,0,0,0,0,1000
5841,0,83,3000,500,1000,0,0,0,0,0,0,1,0,0,0,-15,1,120,8200,0,-145,265,1,0,0,0,0,1000
5842,0,84,3000,500,1000,0,0,0,0,0,0,1,0,0,0,-15,1,120,8200,0,-145,265,1,0,0,0,0,1000
5843,0,85,3000,500,1000,0,0,0,0,0,0,1,0,0,0,-15,1,120,8200,0,-145,265,1,0,0,0,0,1000
5844,0,86,3000,500,1000,0,0,0,0,0,0,1,0,0,0,-15,1,120,8200,0,-145,265,1,0,0,0,0,1000
5845,0,87,3000,500,1000,0,0,0,0,0,0,1,0,0,0,-15,1,120,8200,0,-145,265,2,0,0,0,0,1000
5846,0,88,3000,500,1000,0,0,0,0,0,0,1,0,0,0,-15,1,120,8200,0,-145,265,2,0,0,0,0,1000
5847,0,89,3000,500,1000,0,0,0,0,0,0,1,0,0,0,-15,1,120,8200,0,-145,265,2,0,0,0,0,1000
5848,0,90,3000,500,1000,0,0,0,0,0,0,1,0,0,0,-15,1,120,8200,0,-145,265,2,0,0,0,0,1000
5849,0,91,3000,500,1000,0,0,0,0,0,0,1,0,0,0,-15,1,120,8200,0,-145,265,2,0,0,0,0,1000
5850,0,92,3000,500,1000,0,0,0,0,0,0,1,0,0,0,-15,1,120,8200,0,-145,265,2,0,0,0,0,1000
5851,0,93,3000,500,1000,0,0,0,0,0,0,1,0,0,0,-15,1,120,8200,0,-145,265,2,0,0,0,0,1000
5852,0,94,3000,500,1000,0,0,0,0,0,0,1,0,0,0,-15,1,120,8200,0,-145,265,2,0,0,0,0,1000
5853,0,95,3000,500,1000,0,0,0,0,0,0,1,0,0,0,-15,1,120,8200,0,-145,265,2,0,0,0,0,1000
5854,0,96,3000,500,1000,0,0,0,0,0,0,1,0,0,0,-15,1,120,8200,0,-145,265,2,0,0,0,0,1000
5855,0,97,3000,500,1000,0,0,0,0,0,0,1,0,0,0,-15,1,120,8200,0,-145,265,2,0,0,0,0,1000
5856,0,98,3000,500,1000,0,0,0,0,0,0,1,0,0,0,-15,1,120,8200,0,-145,265,2,0,0,0,0,1000
5857,0,99,3000,500,1000,0,0,0,0,0,0,1,0,0,0,-15,1,120,8200,0,-145,265,3,0,0,0,0,1000
5858,0,100,3000,500,1000,0,0,0,0,0,0,1,0,0,0,-15,1,120,8200,0,-145,265,3,0,0,0,0,1000
5859,0,101,3000,500,1000,0,0,0,0,0,0,1,0,0,0,-15,1,120,8200,0,-145,265,3,0,0,0,0,1000
5860,0,102,3000,500,1000,0,0,0,0,0,0,1,0,0,0,-15,1,120,8200,0,-145,265,3,0,0,0,0,1000
5861,0,103,3000,500,1000,0,0,0,0,0,0,1,0,0,0,-15,1,120,8200,0,-145,265,3,0,0,0,0,1000
5862,0,104,3000,500,1000,0,0,0,0,0,0,1,0,0,0,-15,1,120,8200,0,-145,265,3,0,0,0,0,1000
5863,0,105,3000,500,1000,0,0,0,0,0,0,1,0,0,0,-15,1,120,8200,0,-145,265,3,0,0,0,0,1000
5864,0,106,3000,500,1000,0,0,0,0,0,0,1,0,0,0,-15,1,120,8200,0,-145,265,3,0,0,0,0,1000
5865,0,107,3000,500,1000,0,0,0,0,0,0,1,0,0,0,-15,1,120,8200,0,-145,265,3,0,0,0,0,1000
5866,0,108,3000,500,1000,0,0,0,0,0,0,1,0,0,0,-15,1,120,8200,0,-145,265,3,0,0,0,0,1000
5867,0,109,3000,500,1000,0,0,0,0,0,0,1,0,0,0,-15,1,120,8200,0,-145,265,3,0,0,0,0,1000
5868,0,110,3000,500,1000,0,0,0,0,0,0,1,0,0,0,-15,1,120,8200,0,-145,265,3,0,0,0,0,1000
5869,0,111,3000,500,1000,0,0,0,0,0,0,1,0,0,0,-15,1,120,8200,0,-145,265,4,0,0,0,0,1000
5870,0,112,3000,500,1000,0,0,0,0,0,0,1,0,0,0,-15,1,120,8200,0,-145,265,4,0,0,0,0,1000
5871,0,113,3000,500,1000,0,0,0,0,0,0,1,0,0,0,-15,1,120,8200,0,-145,265,4,0,0,0,0,1000
5872,0,114,3000,500,1000,0,0,0,0,0,0,1,0,0,0,-15,1,120,8200,0,-145,265,4,0,0,0,0,1000
5873,0,115,3000,500,1000,0,0,0,0,0,0,1,0,0,0,-15,1,120,8200,0,-145,265,4,0,0,0,0,1000
5874,0,116,3000,500,1000,0,0,0,0,0,0,1,0,0,0,-15,1,120,8200,0,-145,265,4,0,0,0,0,1000
5875,0,117,3000,500,1000,0,0,0,0,0,0,1,0,0,0,-15,1,120,8200,0,-145,265,4,0,0,0,0,1000
5876,0,118,3000,500,1000,0,0,0,0,0,0,1,0,0,0,-15,1,120,8200,0,-145,265,4,0,0,0,0,1000
5877,0,119,3000,500,1000,0,0,0,0,0,0,1,0,0,0,-15,1,120,8200,0,-145,265,4,0,0,0,0,1000
5878,0,120,3000,500,1000,0,0,0,0,0,0,1,0,0,0,-15,1,120,8200,0,-145,265,4,0,0,0,0,1000
5879,0,121,3000,500,1000,0,0,0,0,0,0,1,0,0,0,-15,1,120,8200,0,-145,265,4,0,0,0,0,1000
5880,0,122,3000,500,1000,0,0,0,0,0,0,1,0,0,0,-15,1,120,8200,0,-145,265,4,0,0,0,0,1000
5881,0,123,3000,500,1000,0,0,0,0,0,0,1,0,0,0,-15,1,120,8200,0,-145,265,5,0,0,0,0,1000
5882,0,124,3000,500,1000,0,0,0,0,0,0,1,0,0,0,-15,1,120,8200,0,-145,265,5,0,0,0,0,1000
5883,0,125,3000,500,1000,0,0,0,0,0,0,1,0,0,0,-15,1,120,8200,0,-145,265,5,0,0,0,0,1000
5884,0,126,3000,500,1000,0,0,0,0,0,0,1,0,0,0,-15,1,120,8200,0,-145,265,5,0,0,0,0,1000
5885,0,127,3000,500,1000,0,0,0,0,0,0,1,0,0,0,-15,1,120,8200,0,-145,265,5,0,0,0,0,1000
5886,0,128,3000,500,1000,0,0,0,0,0,0,1,0,0,0,-15,1,120,8200,0,-145,265,5,0,0,0,0,1000
5887,0,129,3000,500,1000,0,0,0,0,0,0,1,0,0,0,-15,1,120,8200,0,-145,265,5,0,0,0,0,1000
5888,0,130,3000,500,1000,0,0,0,0,0,0,1,0,0,0,-15,1,120,8200,0,-145,265,5,0,0,0,0,1000
5889,0,131,3000,500,1000,0,0,0,0,0,0,1,0,0,0,-15,1,120,8200,0,-145,265,5,0,0,0,0,1000
5890,0,132,3000,500,1000,0,0,0,0,0,0,1,0,0,0,-15,1,120,8200,0,-145,265,5,0,0,0,0,1000
5891,0,133,3000,500,1000,0,0,0,0,0,0,1,0,0,0,-15,1,120,8200,0,-145,265,5,0,0,0,0,1000
5892,0,134,3000,500,1000,0,0,0,0,0,0,1,0,0,0,-15,1,120,8200,0,-145,265,5,0,0,0,0,1000
5893,0,135,3000,500,1000,0,0,0,0,0,0,1,0,0,0,-15,1,120,8200,0,-145,265,6,0,0,0,0,1000
5894,0,136,3000,500,1000,0,0,0,0,0,0,1,0,0,0,-15,1,120,8200,0,-145,265,6,0,0,0,0,1000
5895,0,137,3000,500,1000,0,0,0,0,0,0,1,0,0,0,-15,1,120,8200,0,-145,265,6,0,0,0,0,1000
5896,0,138,3000,500,1000,0,0,0,0,0,0,1,0,0,0,-15,1,120,8200,0,-145,265,6,0,0,0,0,1000
5897,0,139,3000,500,1000,0,0,0,0,0,0,1,0,0,0,-15,1,120,8200,0,-145,265,6,0,0,0,0,1000
5898,0,140,3000,500,1000,0,0,0,0,0,0,1,0,0,0,-15,1,120,8200,0,-145,265,6,0,0,0,0,1000
5899,0,141,3000,500,1000,0,0,0,0,0,0,1,0,0,0,-15,1,120,8200,0,-145,265,6,0,0,0,0,1000
5900,0,142,3000,500,1000,0,0,0,0,0,0,1,0,0,0,-15,1,120,8200,0,-145,265,6,0,0,0,0,1000
5901,0,143,3000,500,1000,0,0,0,0,0,0,1,0,0,0,-15,1,120,8200,0,-145,265,6,0,0,0,0,1000
5902,0,144,3000,500,1000,0,0,0,0,0,0,1,0,0,0,-15,1,120,8200,0,-145,265,6,0,0,0,0,1000
5903,0,145,3000,500,1000,0,0,0,0,0,0,1,0,0,0,-15,1,120,8200,0,-145,265,6,0,0,0,0,1000
5904,0,146,3000,500,1000,0,0,0,0,0,0,1,0,0,0,-15,1,120,8200,0,-145,265,6,0,0,0,0,1000
5905,0,147,3000,500,1000,0,0,0,0,0,0,1,0,0,0,-15,1,120,8200,0,-145,265,7,0,0,0,0,1000
5906,0,148,3000,500,1000,0,0,0,0,0,0,1,0,0,0,-15,1,120,8200,0,-145,265,7,0,0,0,0,1000
5907,0,149,3000,500,1000,0,0,0,0,0,0,1,0,0,0,-15,1,120,8200,0,-145,265,7,0,0,0,0,1000
5908,0,150,3000,500,1000,0,0,0,0,0,0,1,0,0,0,-15,1,120,8200,0,-145,265,7,0,0,0,0,1000
5909,0,151,3000,500,1000,0,0,0,0,0,0,1,0,0,0,-15,1,120,8200,0,-145,265,7,0,0,0,0,1000
5910,0,152,3000,500,1000,0,0,0,0,0,0,1,0,0,0,-15,1,120,8200,0,-145,265,7,0,0,0,0,1000
5911,0,153,3000,500,1000,0,0,0,0,0,0,1,0,0,0,-15,1,120,8200,0,-145,265,7,0,0,0,0,1000
5912,0,154,3000,500,1000,0,0,0,0,0,0,1,0,0,0,-15,1,120,8200,0,-145,265,7,0,0,0,0,1000
5913,0,155,3000,500,1000,0,0,0,0,0,0,1,0,0,0,-15,1,120,8200,0,-145,265,7,0,0,0,0,1000
5914,0,156,3000,500,1000,0,0,0,0,0,0,1,0,0,0,-15,1,120,8200,0,-145,265,7,0,0,0,0,1000
5915,0,157,3000,500,1000,0,0,0,0,0,0,1,0,0,0,-15,1,120,8200,0,-145,265,7,0,0,0,0,1000
5916,0,158,3000,500,1000,0,0,0,0,0,0,1,0,0,0,-15,1,120,8200,0,-145,265,7,0,0,0,0,1000
5917,0,159,3000,500,1000,0,0,0,0,0,0,1,0,0,0,-15,1,120,8200,0,-145,265,8,0,0,0,0,1000
5918,0,160,3000,500,1000,0,0,0,0,0,0,1,0,0,0,-15,1,120,8200,0,-145,265,8,0,0,0,0,1000
5919,0,161,3000,500,1000,0,0,0,0,0,0,1,0,0,0,-15,1,120,8200,0,-145,265,8,0,0,0,0,1000
5920,0,162,3000,500,1000,0,0,0,0,0,0,1,0,0,0,-15,1,120,8200,0,-145,265,8,0,0,0,0,1000
5921,0,163,3000,500,1000,0,0,0,0,0,0,1,0,0,0,-15,1,120,8200,0,-145,265,8,0,0,0,0,1000
5922,0,164,3000,500,1000,0,0,0,0,0,0,1,0,0,0,-15,1,120,8200,0,-145,265,8,0,0,0,0,1000
5923,0,165,3000,500,1000,0,0,0,0,0,0,1,0,0,0,-15,1,120,8200,0,-145,265,8,0,0,0,0,1000
5924,0,166,3000,500,1000,0,0,0,0,0,0,1,0,0,0,-15,1,120,8200,0,-145,265,8,0,0,0,0,1000
5925,0,167,3000,500,1000,0,0,0,0,0,0,1,0,0,0,-15,1,120,8200,0,-145,265,8,0,0,0,0,1000
5926,0,168,3000,500,1000,0,0,0,0,0,0,1,0,0,0,-15,1,120,8200,0,-145,265,8,0,0,0,0,1000
5927,0,169,3000,500,1000,0,0,0,0,0,0,1,0,0,0,-15,1,120,8200,0,-145,265,8,0,0,0,0,1000
5928,0,170,3000,500,1000,0,0,0,0,0,0,1,0,0,0,-15,1,120,8200,0,-145,265,8,0,0,0,0,1000
5929,0,171,3000,500,1000,0,0,0,0,0,0,1,0,0,0,-15,1,120,8200,0,-145,265,9,0,0,0,0,1000
5930,0,172,3000,500,1000,0,0,0,0,0,0,1,0,0,0,-15,1,120,8200,0,-145,265,9,0,0,0,0,1000
5931,0,173,3000,500,1000,0,0,0,0,0,0,1,0,0,0,-15,1,120,8200,0,-145,265,9,0,0,0,0,1000
5932,0,174,3000,500,1000,0,0,0,0,0,0,1,0,0,0,-15,1,120,8200,0,-145,265,9,0,0,0,0,1000
5933,0,175,3000,500,1000,0,0,0,0,0,0,1,0,0,0,-15,1,120,8200,0,-145,265,9,0,0,0,0,1000
5934,0,176,3000,500,1000,0,0,0,0,0,0,1,0,0,0,-15,1,120,8200,0,-145,265,9,0,0,0,0,1000
5935,0,177,3000,500,1000,0,0,0,0,0,0,1,0,0,0,-15,1,120,8200,0,-145,265,9,0,0,0,0,1000
5936,0,178,3000,500,1000,0,0,0,0,0,0,1,0,0,0,-15,1,120,8200,0,-145,265,9,0,0,0,0,1000
5937,0,179,3000,500,1000,0,0,0,0,0,0,1,0,0,0,-15,1,120,8200,0,-145,265,9,0,0,0,0,1000
5938,0,180,3000,500,1000,0,0,0,0,0,0,1,0,0,0,-15,1,120,8200,0,-145,265,9,0,0,0,0,1000
5939,0,181,3000,500,1000,0,0,0,0,0,0,1,0,0,0,-15,1,120,8200,0,-145,265,9,0,0,0,0,1000
5940,0,182,3000,500,1000,0,0,0,0,0,0,1,0,0,0,-15,1,120,8200,0,-145,265,9,0,0,0,0,1000
5941,0,183,3000,500,1000,0,0,0,0,0,0,1,0,0,0,-15,1,120,8200,0,-145,265,10,0,0,0,0,1000
5942,0,184,3000,500,1000,0,0,0,0,0,0,1,0,0,0,-15,1,120,8200,0,-145,265,10,0,0,0,0,1000
5943,0,185,3000,500,1000,0,0,0,0,0,0,1,0,0,0,-15,1,120,8200,0,-145,265,10,0,0,0,0,1000
5944,0,186,3000,500,1000,0,0,0,0,0,0,1,0,0,0,-15,1,120,8200,0,-145,265,10,0,0,0,0,1000
5945,0,187,3000,500,1000,0,0,0,0,0,0,1,0,0,0,-15,1,120,8200,0,-145,265,10,0,0,0,0,1000
5946,0,188,3000,500,1000,0,0,0,0,0,0,1,0,0,0,-15,1,120,8200,0,-145,265,10,0,0,0,0,1000
5947,0,189,3000,500,1000,0,0,0,0,0,0,1,0,0,0,-15,1,120,8200,0,-145,265,10,0,0,0,0,1000
5948,0,190,3000,500,1000,0,0,0,0,0,0,1,0,0,0,-15,1,120,8200,0,-145,265,10,0,0,0,0,1000
5949,0,191,3000,500,1000,0,0,0,0,0,0,1,0,0,0,-15,1,120,8200,0,-145,265,10,0,0,0,0,1000
5950,0,192,3000,500,1000,0,0,0,0,0,0,1,0,0,0,-15,1,120,8200,0,-145,265,10,0,0,0,0,1000
5951,0,193,3000,500,1000,0,0,0,0,0,0,1,0,0,0,-15,1,120,8200,0,-145,265,10,0,0,0,0,1000
5952,0,194,3000,500,1000,0,0,0,0,0,0,1,0,0,0,-15,1,120,8200,0,-145,265,10,0,0,0,0,1000
5953,0,195,3000,500,1000,0,0,0,0,0,0,1,0,0,0,-15,1,120,8200,0,-145,265,11,0,0,0,0,1000
5954,0,196,3000,500,1000,0,0,0,0,0,0,1,0,0,0,-15,1,120,8200,0,-145,265,11,0,0,0,0,1000
5955,0,197,3000,500,1000,0,0,0,0,0,0,1,0,0,0,-15,1,120,8200,0,-145,265,11,0,0,0,0,1000
5956,0,198,3000,500,1000,0,0,0,0,0,0,1,0,0,0,-15,1,120,8200,0,-145,265,11,0,0,0,0,1000
5957,0,199,3000,500,1000,0,0,0,0,0,0,1,0,0,0,-15,1,120,8200,0,-145,265,11,0,0,0,0,1000
5958,0,200,3000,500,1000,0,0,0,0,0,0,1,0,0,0,-15,1,120,8200,0,-145,265,11,0,0,0,0,1000
5959,0,201,3000,500,1000,0,0,0,0,0,0,1,0,0,0,-15,1,120,8200,0,-145,265,11,0,0,0,0,1000
5960,0,202,3000,500,1000,0,0,0,0,0,0,1,0,0,0,-15,1,120,8200,0,-145,265,11,0,0,0,0,1000
5961,0,203,3000,500,1000,0,0,0,0,0,0,1,0,0,0,-15,1,120,8200,0,-145,265,11,0,0,0,0,1000
5962,0,204,3000,500,1000,0,0,0,0,0,0,1,0,0,0,-15,1,120,8200,0,-145,265,11,0,0,0,0,1000
5963,0,205,3000,500,1000,0,0,0,0,0,0,1,0,0,0,-15,1,120,8200,0,-145,265,11,0,0,0,0,1000
5964,0,206,3000,500,1000,0,0,0,0,0,0,1,0,0,0,-15,1,120,8200,0,-145,265,11,0,0,0,0,1000
5965,0,207,3000,500,1000,0,0,0,0,0,0,1,0,0,0,-15,1,120,8200,0,-145,265,12,0,0,0,0,1000
5966,0,208,3000,500,1000,0,0,0,0,0,0,1,0,0,0,-15,1,120,8200,0,-145,265,12,0,0,0,0,1000
5967,0,209,3000,500,1000,0,0,0,0,0,0,1,0,0,0,-15,1,120,8200,0,-145,265,12,0,0,0,0,1000
5968,0,210,3000,500,1000,0,0,0,0,0,0,1,0,0,0,-15,1,120,8200,0,-145,265,12,0,0,0,0,1000
5969,0,211,3000,500,1000,0,0,0,0,0,0,1,0,0,0,-15,1,120,8200,0,-145,265,12,0,0,0,0,1000
5970,0,212,3000,500,1000,0,0,0,0,0,0,1,0,0,0,-15,1,120,8200,0,-145,265,12,0,0,0,0,1000
5971,0,213,3000,500,1000,0,0,0,0,0,0,1,0,0,0,-15,1,120,8200,0,-145,265,12,0,0,0,0,1000
5972,0,214,3000,500,1000,0,0,0,0,0,0,1,0,0,0,-15,1,120,8200,0,-145,265,12,0,0,0,0,1000
5973,0,215,3000,500,1000,0,0,0,0,0,0,1,0,0,0,-15,1,120,8200,0,-145,265,12,0,0,0,0,1000
5974,0,216,3000,500,1000,0,0,0,0,0,0,1,0,0,0,-15,1,120,8200,0,-145,265,12,0,0,0,0,1000
5975,0,217,3000,500,1000,0,0,0,0,0,0,1,0,0,0,-15,1,120,8200,0,-145,265,12,0,0,0,0,1000
5976,0,218,3000,500,1000,0,0,0,0,0,0,1,0,0,0,-15,1,120,8200,0,-145,265,12,0,0,0,0,1000
5977,0,219,3000,500,1000,0,0,0,0,0,0,1,0,0,0,-15,1,120,8200,0,-145,265,13,0,0,0,0,1000
5978,0,220,3000,500,1000,0,0,0,0,0,0,1,0,0,0,-15,1,120,8200,0,-145,265,13,0,0,0,0,1000
5979,0,221,3000,500,1000,0,0,0,0,0,0,1,0,0,0,-15,1,120,8200,0,-145,265,13,0,0,0,0,1000
5980,0,222,3000,500,1000,0,0,0,0,0,0,1,0,0,0,-15,1,120,8200,0,-145,265,13,0,0,0,0,1000
5981,0,223,3000,500,1000,0,0,0,0,0,0,1,0,0,0,-15,1,120,8200,0,-145,265,13,0,0,0,0,1000
5982,0,224,3000,500,1000,0,0,0,0,0,0,1,0,0,0,-15,1,120,8200,0,-145,265,13,0,0,0,0,1000
5983,0,225,3000,500,1000,0,0,0,0,0,0,1,0,0,0,-15,1,120,8200,0,-145,265,13,0,0,0,0,1000
5984,0,226,3000,500,1000,0,0,0,0,0,0,1,0,0,0,-15,1,120,8200,0,-145,265,13,0,0,0,0,1000
5985,0,227,3000,500,1000,0,0,0,0,0,0,1,0,0,0,-15,1,120,8200,0,-145,265,13,0,0,0,0,1000
5986,0,228,3000,500,1000,0,0,0,0,0,0,1,0,0,0,-15,1,120,8200,0,-145,265,13,0,0,0,0,1000
5987,0,229,3000,500,1000,0,0,0,0,0,0,1,0,0,0,-15,1,120,8200,0,-145,265,13,0,0,0,0,1000
5988,0,230,3000,500,1000,0,0,0,0,0,0,1,0,0,0,-15,1,120,8200,0,-145,265,13,0,0,0,0,1000
5989,0,231,3000,500,1000,0,0,0,0,0,0,1,0,0,0,-15,1,120,8200,0,-145,265,14,0,0,0,0,1000
5990,0,232,3000,500,1000,0,0,0,0,0,0,1,0,0,0,-15,1,120,8200,0,-145,265,14,0,0,0,0,1000
5991,0,233,3000,500,1000,0,0,0,0,0,0,1,0,0,0,-15,1,120,8200,0,-145,265,14,0,0,0,0,1000
5992,0,234,3000,500,1000,0,0,0,0,0,0,1,0,0,0,-15,1,120,8200,0,-145,265,14,0,0,0,0,1000
5993,0,235,3000,500,1000,0,0,0,0,0,0,1,0,0,0,-15,1,120,8200,0,-145,265,14,0,0,0,0,1000
5994,0,236,3000,500,1000,0,0,0,0,0,0,1,0,0,0,-15,1,120,8200,0,-145,265,14,0,0,0,0,1000
5995,0,237,3000,500,1000,0,0,0,0,0,0,1,0,0,0,-15,1,120,8200,0,-145,265,14,0,0,0,0,1000
5996,0,238,3000,500,1000,0,0,0,0,0,0,1,0,0,0,-15,1,120,8200,0,-145,265,14,0,0,0,0,1000
5997,0,239,3000,500,1000,0,0,0,0,0,0,1,0,0,0,-15,1,120,8200,0,-145,265,14,0,0,0,0,1000
5998,0,240,3000,500,1000,0,0,0,0,0,0,1,0,0,0,-15,1,120,8200,0,-145,265,14,0,0,0,0,1000
5999,0,241,3000,500,1000,0,0,0,0,0,0,1,0,0,0,-15,1,120,8200,0,-145,265,14,0,0,0,0,1000
6000,0,242,3000,500,1000,0,0,0,0,0,0,1,0,0,0,-15,1,120,8200,0,-145,265,14,0,0,0,0,1000
6001,0,243,3000,500,1000,0,0,0,0,0,0,1,0,0,0,-15,1,120,8200,0,-145,265,15,0,0,0,0,1000
6002,0,244,3000,500,1000,0,0,0,0,0,0,1,0,0,0,-15,1,120,8200,0,-145,265,15,0,0,0,0,1000
6003,0,245,3000,500,1000,0,0,0,0,0,0,1,0,0,0,-15,1,120,8200,0,-145,265,15,0,0,0,0,1000
6004,0,246,3000,500,1000,0,0,0,0,0,0,1,0,0,0,-15,1,120,8200,0,-145,265,15,0,0,0,0,1000
6005,0,247,3000,500,1000,0,0,0,0,0,0,1,0,0,0,-15,1,120,8200,0,-145,265,15,0,0,0,0,1000
6006,0,248,3000,500,1000,0,0,0,0,0,0,1,0,0,0,-15,1,120,8200,0,-145,265,15,0,0,0,0,1000
6007,0,249,3000,500,1000,0,0,0,0,0,0,1,0,0,0,-15,1,120,8200,0,-145,265,15,0,0,0,0,1000
6008,0,250,3000,500,1000,0,0,0,0,0,0,1,0,0,0,-15,1,120,8200,0,-145,265,15,0,0,0,0,1000
6009,0,251,3000,500,1000,0,0,0,0,0,0,1,0,0,0,-15,1,120,8200,0,-145,265,15,0,0,0,0,1000
6010,0,1,3000,500,1000,0,0,0,0,0,0,1,0,0,0,65,1,120,8200,0,-145,265,15,0,0,0,0,1000
6011,0,2,3000,500,1000,0,0,0,0,0,0,1,0,0,0,65,1,120,8200,0,-145,265,15,0,0,0,0,1000
6012,0,3,3000,500,1000,0,0,0,0,0,0,1,0,0,0,65,1,120,8200,0,-145,265,15,0,0,0,0,1000
6013,0,4,3000,500,1000,0,0,0,0,0,0,1,0,0,0,65,1,120,8200,0,-145,265,16,0,0,0,0,1000
6014,0,5,3000,500,1000,0,0,0,0,0,0,1,0,0,0,65,1,120,8200,0,-145,265,16,0,0,0,0,1000
6015,0,6,3000,500,1000,0,0,0,0,0,0,1,0,0,0,65,1,120,8200,0,-145,265,16,0,0,0,0,1000
6016,0,7,3000,500,1000,0,0,0,0,0,0,1,0,0,0,65,1,120,8200,0,-145,265,16,0,0,0,0,1000
6017,0,8,3000,500,1000,0,0,0,0,0,0,1,0,0,0,65,1,120,8200,0,-145,265,16,0,0,0,0,1000
6018,0,9,3000,500,1000,0,0,0,0,0,0,1,0,0,0,65,1,120,8200,0,-145,265,16,0,0,0,0,1000
6019,10,1,3000,500,1000,0,0,0,0,0,0,1,0,0,0,65,1,120,8200,0,-145,265,16,0,0,0,0,1000
6020,10,2,3000,500,1000,0,0,0,0,0,0,1,0,0,0,65,1,120,8200,0,-145,265,16,0,0,0,0,1000
6021,10,3,3000,500,1000,0,0,0,0,0,0,1,0,0,0,65,1,120,8200,0,-145,265,16,0,0,0,0,1000
6022,10,4,3000,500,1000,0,0,0,0,0,0,1,0,0,0,65,1,120,8200,0,-145,265,16,0,0,0,0,1000
6023,10,5,3000,500,1000,0,0,0,0,0,0,1,0,0,0,65,1,120,8200,0,-145,265,16,0,0,0,0,1000
6024,10,6,3000,500,1000,0,0,0,0,0,0,1,0,0,0,65,1,120,8200,0,-145,265,16,0,0,0,0,1000
6025,1020,1,3000,500,1000,0,0,0,0,0,0,1,0,0,0,65,1,120,8200,0,-145,265,17,0,0,0,0,1000
6026,1020,2,3000,500,1000,0,0,0,0,0,0,1,0,0,0,65,1,120,8200,0,-145,265,17,0,0,0,0,1000
6027,1020,3,3000,500,1000,0,0,0,0,0,0,1,0,0,0,65,1,120,8200,0,-145,265,17,0,0,0,0,1000
6028,1020,4,3000,500,1000,0,0,0,0,0,0,1,0,0,0,65,1,120,8200,0,-145,265,17,0,0,0,0,1000
6029,1020,5,3000,500,1000,0,0,0,0,0,0,1,0,0,0,69.19999694824219,1,120,8200,0,-145,265,17,0,0,0,0,1000
6030,1020,6,3000,500,1000,0,0,0,0,0,0,1,0,0,0,73.39999389648438,1,120,8200,0,-145,265,17,0,0,0,0,1000
6031,1020,7,3000,500,1000,0,0,0,0,0,0,1,0,0,0,77.59999084472656,1,120,8200,0,-145,265,17,0,0,0,0,1000
6032,1020,8,3000,500,1000,0,0,0,0,0,0,1,0,0,0,81.79998779296875,1,120,8200,0,-145,265,17,0,0,0,0,1000
6033,1020,9,3000,500,1000,0,0,0,0,0,0,1,0,0,0,85.99999237060547,1,120,8200,0,-145,265,17,0,0,0,0,1000
6034,1020,10,3000,500,1000,0,0,0,0,0,0,1,0,0,0,90.19999694824219,1,120,8200,0,-145,265,17,0,0,0,0,1000
6035,1020,11,3000,500,1000,0,0,0,0,0,0,1,0,0,0,94.39999389648438,1,120,8200,0,-145,265,17,0,0,0,0,1000
6036,1020,12,3000,500,1000,0,0,0,0,0,0,1,0,0,0,98.59999084472656,1,120,8200,0,-145,265,17,0,0,0,0,1000
6037,1020,13,3000,500,1000,0,0,0,0,0,0,1,0,0,0,102.79999542236328,1,120,8200,0,-145,265,18,0,0,0,0,1000
6038,1020,13,4030,500,918,0,0,0,0,0,0,1,0,0,0,102.79999542236328,1,120,8200,0,-145,265,18,0,0,0,0,2018
6039,1020,13,4030,500,918,0,0,0,0,0,0,1,0,0,0,102.79999542236328,1,120,8200,0,-145,265,18,0,0,0,0,2018
6040,1020,13,4030,500,918,0,0,0,0,0,0,1,0,0,0,102.79999542236328,1,120,8200,0,-145,265,18,0,0,0,0,2018
6041,1020,13,4030,500,918,0,0,0,0,0,0,1,0,0,0,102.79999542236328,1,120,8200,0,-145,265,18,0,0,0,0,2018
6042,1020,13,4030,500,918,0,0,0,0,0,0,1,0,0,0,102.79999542236328,1,120,8200,0,-145,265,18,0,0,0,0,2018
6043,1020,13,4030,500,918,0,0,0,0,0,0,1,0,0,0,102.79999542236328,1,120,8200,0,-145,265,18,0,0,0,0,2018
6044,1020,14,4030,500,918,0,0,0,0,0,0,1,0,0,0,101.79999542236328,1,120,8200,0,-145,265,18,0,0,0,0,2018
6045,1020,15,4030,500,918,0,0,0,0,0,0,1,0,0,0,102.36000061035156,1,120,8200,0,-145,265,18,0,0,0,0,2018
6046,1020,16,4030,500,918,0,0,0,0,0,0,1,0,0,0,104.01199340820312,1,120,8200,0,-145,265,18,0,0,0,0,2018
6047,1020,17,4030,500,918,0,0,0,0,0,0,1,0,0,0,102.42839813232422,1,120,8200,0,-145,265,18,0,0,0,0,2018
6048,1020,18,4030,500,918,0,0,0,0,0,0,1,0,0,0,97.17987823486328,1,120,8200,0,-141,261,18,0,0,0,0,2018
6049,1020,19,4030,500,918,0,0,0,0,0,0,1,0,0,0,93.17987823486328,1,120,8200,0,-137,257,19,0,0,0,0,2018
6050,1020,20,4030,500,918,0,0,0,0,0,0,1,0,0,0,89.17987823486328,1,120,8200,0,-133,253,19,0,0,0,0,2018
6051,1020,21,4030,500,918,0,0,0,0,0,0,1,0,0,0,85.17987823486328,1,120,8200,0,-129,249,19,0,0,0,0,2018
6052,1020,22,4030,500,918,0,0,0,0,0,0,1,0,0,0,81.17987823486328,1,120,8200,0,-125,245,19,0,0,0,0,2018
6053,1020,23,4030,500,918,0,0,0,0,0,0,1,0,0,0,77.17987823486328,1,120,8200,0,-121,241,19,0,0,0,0,2018
6054,1020,24,4030,500,918,0,0,0,0,0,0,1,0,0,0,73.17987823486328,1,120,8200,0,-117,237,19,0,0,0,0,2018
6055,1020,25,4030,500,918,0,0,0,0,0,0,1,0,0,0,69.17987823486328,1,120,8200,0,-113,233,19,0,0,0,0,2018
6056,1020,26,4030,500,918,0,0,0,0,0,0,1,0,0,0,65.17987823486328,1,120,8200,0,-109,229,19,0,0,0,0,2018
6057,1020,27,4030,500,918,0,0,0,0,0,0,1,0,0,0,61.17987823486328,1,120,8200,0,-105,225,19,0,0,0,0,2018
6058,1020,28,4030,500,918,0,0,0,0,0,0,1,0,0,0,57.17987823486328,1,120,8200,0,-101,221,19,0,0,0,0,2018
6059,1020,29,4030,500,918,0,0,0,0,0,0,1,0,0,0,53.17987823486328,1,120,8200,0,-97,217,19,0,0,0,0,2018
6060,1020,30,4030,500,918,0,0,0,0,0,0,1,0,0,0,53.17987823486328,1,120,8200,0,-93,213,19,0,0,0,0,2018
6061,1020,31,4030,500,918,0,0,0,0,0,0,1,0,0,0,53.17987823486328,1,120,8200,0,-93,213,19,0,0,0,0,2018
6062,1020,32,4030,500,918,0,0,0,0,0,0,1,0,0,0,53.17987823486328,1,120,8200,0,-93,213,19,0,0,0,0,2018
6063,1020,33,4030,500,918,0,0,0,0,0,0,1,0,0,0,53.17987823486328,1,120,8200,0,-93,213,19,0,0,0,0,2018
6064,1020,34,4030,500,918,0,0,0,0,0,0,1,0,0,0,53.17987823486328,1,120,8200,0,-93,213,19,0,0,0,0,2018
6065,1020,35,4030,500,918,0,0,0,0,0,0,1,0,0,0,53.17987823486328,1,120,8200,0,-93,213,19,0,0,0,0,2018
6066,1020,36,4030,500,918,0,0,0,0,0,0,1,0,0,0,53.17987823486328,1,120,8200,0,-93,213,19,0,0,0,0,2018
6067,1020,37,4030,500,918,0,0,0,0,0,0,1,0,0,0,53.17987823486328,1,120,8200,0,-93,213,20,0,0,0,0,2018
6068,1020,38,4030,500,918,0,0,0,0,0,0,1,0,0,0,50.17987823486328,1,120,8200,0,-93,213,20,0,0,0,0,2018
6069,1020,39,4030,500,918,0,0,0,0,0,0,1,0,0,0,47.17987823486328,1,120,8200,0,-90,210,20,0,0,0,0,2018
6070,1020,40,4030,500,918,0,0,0,0,0,0,1,0,0,0,44.17987823486328,1,120,8200,0,-87,207,20,0,0,0,0,2018
6071,0,1,4030,500,918,0,0,0,0,0,0,1,0,0,0,41.17987823486328,1,120,8200,0,-84,204,20,0,0,0,0,2018
6072,0,2,4030,500,918,0,0,0,0,0,0,1,0,0,0,38.17987823486328,1,120,8200,0,-81,201,20,0,0,0,0,2018
6073,0,3,4030,500,918,0,0,0,0,0,0,1,0,0,0,35.17987823486328,1,120,8200,0,-78,198,20,0,0,0,0,2018
6074,0,4,4030,500,918,0,0,0,0,0,0,1,0,0,0,32.17987823486328,1,120,8200,0,-75,195,20,0,0,0,0,2018
6075,0,5,4030,500,918,0,0,0,0,0,0,1,0,0,0,29.17987823486328,1,120,8200,0,-72,192,20,0,0,0,0,2018
6076,0,6,4030,500,918,0,0,0,0,0,0,1,0,0,0,26.17987823486328,1,120,8200,0,-69,189,20,0,0,0,0,2018
6077,0,7,4030,500,918,0,0,0,0,0,0,1,0,0,0,23.17987823486328,1,120,8200,0,-66,186,20,0,0,0,0,2018
6078,0,8,4030,500,918,0,0,0,0,0,0,1,0,0,0,20.17987823486328,1,120,8200,0,-63,183,20,0,0,0,0,2018
6079,0,9,4030,500,918,0,0,0,0,0,0,1,0,0,0,17.17987823486328,1,120,8200,0,-60,180,20,0,0,0,0,2018
6080,0,10,4030,500,918,0,0,0,0,0,0,1,0,0,0,14.179878234863281,1,120,8200,0,-57,177,20,0,0,0,0,2018
6081,0,11,4030,500,918,0,0,0,0,0,0,1,0,0,0,11.179878234863281,1,120,8200,0,-54,174,20,0,0,0,0,2018
6082,0,12,4030,500,918,0,0,0,0,0,0,1,0,0,0,8.179878234863281,1,120,8200,0,-51,171,20,0,0,0,0,2018
6083,0,13,4030,500,918,0,0,0,0,0,0,1,0,0,0,5.179878234863281,1,120,8200,0,-48,168,20,0,0,0,0,2018
6084,0,14,4030,500,918,0,0,0,0,0,0,1,0,0,0,2.1798782348632812,1,120,8200,0,-45,165,20,0,0,0,0,2018
6085,0,15,4030,500,918,0,0,0,0,0,0,1,0,0,0,-0.8201217651367188,1,120,8200,0,-42,162,21,0,0,0,0,2018
6086,0,16,4030,500,918,0,0,0,0,0,0,1,0,0,0,-3.8201217651367188,1,120,8200,0,-39,159,21,0,0,0,0,2018
6087,0,17,4030,500,918,0,0,0,0,0,0,1,0,0,0,-6.820121765136719,1,120,8200,0,-36,156,21,0,0,0,0,2018
6088,0,18,4030,500,918,0,0,0,0,0,0,1,0,0,0,-9.320121765136719,1,120,8200,0,-33,153,21,0,0,0,0,2018
6089,0,19,4030,500,918,0,0,0,0,0,0,1,0,0,0,-11.570121765136719,1,120,8200,0,-30.5,150.5,21,0,0,0,0,2018
6090,0,20,4030,500,918,0,0,0,0,0,0,1,0,0,0,-13.570121765136719,1,120,8200,0,-28.25,148.25,21,0,0,0,0,2018
6091,0,21,4030,500,918,0,0,0,0,0,0,1,0,0,0,-15.070121765136719,1,120,8200,0,-26.25,146.25,21,0,0,0,0,2018
6092,0,22,4030,500,918,0,0,0,0,0,0,1,0,0,0,-16.32012176513672,1,120,8200,0,-24.75,144.75,21,0,0,0,0,2018
6093,0,23,4030,500,918,0,0,0,0,0,0,1,0,0,0,-17.57012176513672,1,120,8200,0,-23.5,143.5,21,0,0,0,0,2018
6094,0,24,4030,500,918,0,0,0,0,0,0,1,0,0,0,-18.57012176513672,1,120,8200,0,-22.25,142.25,21,0,0,0,0,2018
6095,0,25,4030,500,918,0,0,0,0,0,0,1,0,0,0,-19.32012176513672,1,120,8200,0,-21.25,141.25,21,0,0,0,0,2018
6096,0,26,4030,500,918,0,0,0,0,0,0,1,0,0,0,-20.07012176513672,1,120,8200,0,-20.5,140.5,21,0,0,0,0,2018
6097,0,27,4030,500,918,0,0,0,0,0,0,1,0,0,0,-20.57012176513672,1,120,8200,0,-19.75,139.75,21,0,0,0,0,2018
6098,0,28,4030,500,918,0,0,0,0,0,0,1,0,0,0,-21.07012176513672,1,120,8200,0,-19.25,139.25,21,0,0,0,0,2018
6099,0,29,4030,500,918,0,0,0,0,0,0,1,0,0,0,-21.57012176513672,1,120,8200,0,-18.75,138.75,21,0,0,0,0,2018
6100,0,30,4030,500,918,0,0,0,0,0,0,1,0,0,0,-22.07012176513672,1,120,8200,0,-18.25,138.25,21,0,0,0,0,2018
6101,0,31,4030,500,918,0,0,0,0,0,0,1,0,0,0,-22.32012176513672,1,120,8200,0,-17.75,137.75,21,0,0,0,0,2018
6102,0,32,4030,500,918,0,0,0,0,0,0,1,0,0,0,-22.57012176513672,1,120,8200,0,-17.5,137.5,21,0,0,0,0,2018
6103,0,33,4030,500,918,0,0,0,0,0,0,1,0,0,0,-22.82012176513672,1,120,8200,0,-17.25,137.25,21,0,0,0,0,2018
6104,0,34,4030,500,918,0,0,0,0,0,0,1,0,0,0,-23.07012176513672,1,120,8200,0,-17,137,21,0,0,0,0,2018
6105,0,35,4030,500,918,0,0,0,0,0,0,1,0,0,0,-23.32012176513672,1,120,8200,0,-16.75,136.75,21,0,0,0,0,2018
6106,0,36,4030,500,918,0,0,0,0,0,0,1,0,0,0,-23.57012176513672,1,120,8200,0,-16.5,136.5,21,0,0,0,0,2018
6107,0,37,4030,500,918,0,0,0,0,0,0,1,0,0,0,-23.82012176513672,1,120,8200,0,-16.25,136.25,21,0,0,0,0,2018
6108,0,38,4030,500,918,0,0,0,0,0,0,1,0,0,0,-24.07012176513672,1,120,8200,0,-16,136,21,0,0,0,0,2018
6109,0,39,4030,500,918,0,0,0,0,0,0,1,0,0,0,-24.07012176513672,1,120,8200,0,-15.75,135.75,21,0,0,0,0,2018
6110,0,40,4030,500,918,0,0,0,0,0,0,1,0,0,0,-24.07012176513672,1,120,8200,0,-15.75,135.75,21,0,0,0,0,2018
6111,0,41,4030,500,918,0,0,0,0,0,0,1,0,0,0,-24.07012176513672,1,120,8200,0,-15.75,135.75,21,0,0,0,0,2018
6112,0,42,4030,500,918,0,0,0,0,0,0,1,0,0,0,-24.07012176513672,1,120,8200,0,-15.75,135.75,21,0,0,0,0,2018
6113,0,43,4030,500,918,0,0,0,0,0,0,1,0,0,0,-24.07012176513672,1,120,8200,0,-15.75,135.75,21,0,0,0,0,2018
6114,0,44,4030,500,918,0,0,0,0,0,0,1,0,0,0,-24.07012176513672,1,120,8200,0,-15.75,135.75,21,0,0,0,0,2018
6115,0,45,4030,500,918,0,0,0,0,0,0,1,0,0,0,-24.07012176513672,1,120,8200,0,-15.75,135.75,21,0,0,0,0,2018
6116,0,46,4030,500,918,0,0,0,0,0,0,1,0,0,0,-24.07012176513672,1,120,8200,0,-15.75,135.75,21,0,0,0,0,2018
6117,0,47,4030,500,918,0,0,0,0,0,0,1,0,0,0,-24.07012176513672,1,120,8200,0,-15.75,135.75,21,0,0,0,0,2018
6118,0,48,4030,500,918,0,0,0,0,0,0,1,0,0,0,-24.07012176513672,1,120,8200,0,-15.75,135.75,21,0,0,0,0,2018
6119,0,49,4030,500,918,0,0,0,0,0,0,1,0,0,0,-24.07012176513672,1,120,8200,0,-15.75,135.75,21,0,0,0,0,2018
6120,0,50,4030,500,918,0,0,0,0,0,0,1,0,0,0,-24.07012176513672,1,120,8200,0,-15.75,135.75,21,0,0,0,0,2018
6121,0,51,4030,500,918,0,0,0,0,0,0,1,0,0,0,-24.07012176513672,1,120,8200,0,-15.75,135.75,22,0,0,0,0,2018
6122,0,52,4030,500,918,0,0,0,0,0,0,1,0,0,0,-24.07012176513672,1,120,8200,0,-15.75,135.75,22,0,0,0,0,2018
6123,0,53,4030,500,918,0,0,0,0,0,0,1,0,0,0,-24.07012176513672,1,120,8200,0,-15.75,135.75,22,0,0,0,0,2018
6124,0,54,4030,500,918,0,0,0,0,0,0,1,0,0,0,-24.07012176513672,1,120,8200,0,-15.75,135.75,22,0,0,0,0,2018
6125,0,55,4030,500,918,0,0,0,0,0,0,1,0,0,0,-24.07012176513672,1,120,8200,0,-15.75,135.75,22,0,0,0,0,2018
6126,0,56,4030,500,918,0,0,0,0,0,0,1,0,0,0,-24.07012176513672,1,120,8200,0,-15.75,135.75,22,0,0,0,0,2018
6127,0,57,4030,500,918,0,0,0,0,0,0,1,0,0,0,-24.07012176513672,1,120,8200,0,-15.75,135.75,22,0,0,0,0,2018
6128,0,58,4030,500,918,0,0,0,0,0,0,1,0,0,0,-24.07012176513672,1,120,8200,0,-15.75,135.75,22,0,0,0,0,2018
6129,0,59,4030,500,918,0,0,0,0,0,0,1,0,0,0,-24.07012176513672,1,120,8200,0,-15.75,135.75,22,0,0,0,0,2018
6130,0,60,4030,500,918,0,0,0,0,0,0,1,0,0,0,-24.07012176513672,1,120,8200,0,-15.75,135.75,22,0,0,0,0,2018
6131,0,61,4030,500,918,0,0,0,0,0,0,1,0,0,0,-24.07012176513672,1,120,8200,0,-15.75,135.75,22,0,0,0,0,2018
6132,0,62,4030,500,918,0,0,0,0,0,0,1,0,0,0,-24.07012176513672,1,120,8200,0,-15.75,135.75,22,0,0,0,0,2018
6133,0,63,4030,500,918,0,0,0,0,0,0,1,0,0,0,-24.07012176513672,1,120,8200,0,-15.75,135.75,22,0,0,0,0,2018
6134,0,64,4030,500,918,0,0,0,0,0,0,1,0,0,0,-24.07012176513672,1,120,8200,0,-15.75,135.75,22,0,0,0,0,2018
6135,0,65,4030,500,918,0,0,0,0,0,0,1,0,0,0,-24.07012176513672,1,120,8200,0,-15.75,135.75,22,0,0,0,0,2018
6136,0,66,4030,500,918,0,0,0,0,0,0,1,0,0,0,-24.07012176513672,1,120,8200,0,-15.75,135.75,22,0,0,0,0,2018
6137,0,67,4030,500,918,0,0,0,0,0,0,1,0,0,0,-24.07012176513672,1,120,8200,0,-15.75,135.75,22,0,0,0,0,2018
6138,0,68,4030,500,918,0,0,0,0,0,0,1,0,0,0,-24.07012176513672,1,120,8200,0,-15.75,135.75,22,0,0,0,0,2018
6139,0,69,4030,500,918,0,0,0,0,0,0,1,0,0,0,-24.07012176513672,1,120,8200,0,-15.75,135.75,22,0,0,0,0,2018
6140,0,70,4030,500,918,0,0,0,0,0,0,1,0,0,0,-24.07012176513672,1,120,8200,0,-15.75,135.75,22,0,0,0,0,2018
6141,0,71,4030,500,918,0,0,0,0,0,0,1,0,0,0,-24.07012176513672,1,120,8200,0,-15.75,135.75,22,0,0,0,0,2018
6142,0,72,4030,500,918,0,0,0,0,0,0,1,0,0,0,-24.07012176513672,1,120,8200,0,-15.75,135.75,22,0,0,0,0,2018
6143,0,73,4030,500,918,0,0,0,0,0,0,1,0,0,0,-24.07012176513672,1,120,8200,0,-15.75,135.75,22,0,0,0,0,2018
6144,0,74,4030,500,918,0,0,0,0,0,0,1,0,0,0,-24.07012176513672,1,120,8200,0,-15.75,135.75,22,0,0,0,0,2018
6145,0,75,4030,500,918,0,0,0,0,0,0,1,0,0,0,-24.07012176513672,1,120,8200,0,-15.75,135.75,22,0,0,0,0,2018
6146,0,76,4030,500,918,0,0,0,0,0,0,1,0,0,0,-24.07012176513672,1,120,8200,0,-15.75,135.75,22,0,0,0,0,2018
6147,0,77,4030,500,918,0,0,0,0,0,0,1,0,0,0,-24.07012176513672,1,120,8200,0,-15.75,135.75,22,0,0,0,0,2018
6148,0,78,4030,500,918,0,0,0,0,0,0,1,0,0,0,-24.07012176513672,1,120,8200,0,-15.75,135.75,22,0,0,0,0,2018
6149,0,79,4030,500,918,0,0,0,0,0,0,1,0,0,0,-24.07012176513672,1,120,8200,0,-15.75,135.75,22,0,0,0,0,2018
6150,0,80,4030,500,918,0,0,0,0,0,0,1,0,0,0,-24.07012176513672,1,120,8200,0,-15.75,135.75,22,0,0,0,0,2018
6151,0,81,4030,500,918,0,0,0,0,0,0,1,0,0,0,-24.07012176513672,1,120,8200,0,-15.75,135.75,22,0,0,0,0,2018
6152,0,82,4030,500,918,0,0,0,0,0,0,1,0,0,0,-24.07012176513672,1,120,8200,0,-15.75,135.75,22,0,0,0,0,2018
6153,0,83,4030,500,918,0,0,0,0,0,0,1,0,0,0,-24.07012176513672,1,120,8200,0,-15.75,135.75,22,0,0,0,0,2018
6154,0,84,4030,500,918,0,0,0,0,0,0,1,0,0,0,-24.07012176513672,1,120,8200,0,-15.75,135.75,22,0,0,0,0,2018
6155,0,85,4030,500,918,0,0,0,0,0,0,1,0,0,0,-24.07012176513672,1,120,8200,0,-15.75,135.75,22,0,0,0,0,2018
6156,0,86,4030,500,918,0,0,0,0,0,0,1,0,0,0,-24.07012176513672,1,120,8200,0,-15.75,135.75,22,0,0,0,0,2018
6157,0,87,4030,500,918,0,0,0,0,0,0,1,0,0,0,-24.07012176513672,1,120,8200,0,-15.75,135.75,23,0,0,0,0,2018
6158,0,88,4030,500,918,0,0,0,0,0,0,1,0,0,0,-24.07012176513672,1,120,8200,0,-15.75,135.75,23,0,0,0,0,2018
6159,0,89,4030,500,918,0,0,0,0,0,0,1,0,0,0,-24.07012176513672,1,120,8200,0,-15.75,135.75,23,0,0,0,0,2018
6160,0,90,4030,500,918,0,0,0,0,0,0,1,0,0,0,-24.07012176513672,1,120,8200,0,-15.75,135.75,23,0,0,0,0,2018
6161,0,91,4030,500,918,0,0,0,0,0,0,1,0,0,0,-24.07012176513672,1,120,8200,0,-15.75,135.75,23,0,0,0,0,2018
6162,0,92,4030,500,918,0,0,0,0,0,0,1,0,0,0,-24.07012176513672,1,120,8200,0,-15.75,135.75,23,0,0,0,0,2018
6163,0,93,4030,500,918,0,0,0,0,0,0,1,0,0,0,-24.07012176513672,1,120,8200,0,-15.75,135.75,23,0,0,0,0,2018
6164,0,94,4030,500,918,0,0,0,0,0,0,1,0,0,0,-24.07012176513672,1,120,8200,0,-15.75,135.75,23,0,0,0,0,2018
6165,0,95,4030,500,918,0,0,0,0,0,0,1,0,0,0,-24.07012176513672,1,120,8200,0,-15.75,135.75,23,0,0,0,0,2018
6166,0,96,4030,500,918,0,0,0,0,0,0,1,0,0,0,-24.07012176513672,1,120,8200,0,-15.75,135.75,23,0,0,0,0,2018
6167,0,97,4030,500,918,0,0,0,0,0,0,1,0,0,0,-24.07012176513672,1,120,8200,0,-15.75,135.75,23,0,0,0,0,2018
6168,0,98,4030,500,918,0,0,0,0,0,0,1,0,0,0,-24.07012176513672,1,120,8200,0,-15.75,135.75,23,0,0,0,0,2018
6169,0,99,4030,500,918,0,0,0,0,0,0,1,0,0,0,-24.07012176513672,1,120,8200,0,-15.75,135.75,23,0,0,0,0,2018
6170,0,100,4030,500,918,0,0,0,0,0,0,1,0,0,0,-24.07012176513672,1,120,8200,0,-15.75,135.75,23,0,0,0,0,2018
6171,0,101,4030,500,918,0,0,0,0,0,0,1,0,0,0,-24.07012176513672,1,120,8200,0,-15.75,135.75,23,0,0,0,0,2018
6172,0,102,4030,500,918,0,0,0,0,0,0,1,0,0,0,-24.07012176513672,1,120,8200,0,-15.75,135.75,23,0,0,0,0,2018
6173,0,103,4030,500,918,0,0,0,0,0,0,1,0,0,0,-24.07012176513672,1,120,8200,0,-15.75,135.75,23,0,0,0,0,2018
6174,0,104,4030,500,918,0,0,0,0,0,0,1,0,0,0,-24.07012176513672,1,120,8200,0,-15.75,135.75,23,0,0,0,0,2018
6175,0,105,4030,500,918,0,0,0,0,0,0,1,0,0,0,-24.07012176513672,1,120,8200,0,-15.75,135.75,23,0,0,0,0,2018
6176,0,106,4030,500,918,0,0,0,0,0,0,1,0,0,0,-24.07012176513672,1,120,8200,0,-15.75,135.75,23,0,0,0,0,2018
6177,0,107,4030,500,918,0,0,0,0,0,0,1,0,0,0,-24.07012176513672,1,120,8200,0,-15.75,135.75,23,0,0,0,0,2018
6178,0,108,4030,500,918,0,0,0,0,0,0,1,0,0,0,-24.07012176513672,1,120,8200,0,-15.75,135.75,23,0,0,0,0,2018
6179,0,109,4030,500,918,0,0,0,0,0,0,1,0,0,0,-24.07012176513672,1,120,8200,0,-15.75,135.75,23,0,0,0,0,2018
6180,0,110,4030,500,918,0,0,0,0,0,0,1,0,0,0,-24.07012176513672,1,120,8200,0,-15.75,135.75,23,0,0,0,0,2018
6181,0,111,4030,500,918,0,0,0,0,0,0,1,0,0,0,-24.07012176513672,1,120,8200,0,-15.75,135.75,23,0,0,0,0,2018
6182,0,112,4030,500,918,0,0,0,0,0,0,1,0,0,0,-24.07012176513672,1,120,8200,0,-15.75,135.75,23,0,0,0,0,2018
6183,0,113,4030,500,918,0,0,0,0,0,0,1,0,0,0,-24.07012176513672,1,120,8200,0,-15.75,135.75,23,0,0,0,0,2018
6184,0,114,4030,500,918,0,0,0,0,0,0,1,0,0,0,-24.07012176513672,1,120,8200,0,-15.75,135.75,23,0,0,0,0,2018
6185,0,115,4030,500,918,0,0,0,0,0,0,1,0,0,0,-24.07012176513672,1,120,8200,0,-15.75,135.75,23,0,0,0,0,2018
6186,0,116,4030,500,918,0,0,0,0,0,0,1,0,0,0,-24.07012176513672,1,120,8200,0,-15.75,135.75,23,0,0,0,0,2018
6187,0,117,4030,500,918,0,0,0,0,0,0,1,0,0,0,-24.07012176513672,1,120,8200,0,-15.75,135.75,23,0,0,0,0,2018
6188,0,118,4030,500,918,0,0,0,0,0,0,1,0,0,0,-24.07012176513672,1,120,8200,0,-15.75,135.75,23,0,0,0,0,2018
6189,0,119,4030,500,918,0,0,0,0,0,0,1,0,0,0,-24.07012176513672,1,120,8200,0,-15.75,135.75,23,0,0,0,0,2018
6190,0,120,4030,500,918,0,0,0,0,0,0,1,0,0,0,-24.07012176513672,1,120,8200,0,-15.75,135.75,23,0,0,0,0,2018
6191,0,121,4030,500,918,0,0,0,0,0,0,1,0,0,0,-24.07012176513672,1,120,8200,0,-15.75,135.75,23,0,0,0,0,2018
6192,0,122,4030,500,918,0,0,0,0,0,0,1,0,0,0,-24.07012176513672,1,120,8200,0,-15.75,135.75,23,0,0,0,0,2018
6193,0,123,4030,500,918,0,0,0,0,0,0,1,0,0,0,-24.07012176513672,1,120,8200,0,-15.75,135.75,24,0,0,0,0,2018
6194,0,124,4030,500,918,0,0,0,0,0,0,1,0,0,0,-24.07012176513672,1,120,8200,0,-15.75,135.75,24,0,0,0,0,2018
6195,0,125,4030,500,918,0,0,0,0,0,0,1,0,0,0,-24.07012176513672,1,120,8200,0,-15.75,135.75,24,0,0,0,0,2018
6196,0,126,4030,500,918,0,0,0,0,0,0,1,0,0,0,-24.07012176513672,1,120,8200,0,-15.75,135.75,24,0,0,0,0,2018
6197,0,127,4030,500,918,0,0,0,0,0,0,1,0,0,0,-24.07012176513672,1,120,8200,0,-15.75,135.75,24,0,0,0,0,2018
6198,0,128,4030,500,918,0,0,0,0,0,0,1,0,0,0,-24.07012176513672,1,120,8200,0,-15.75,135.75,24,0,0,0,0,2018
6199,0,129,4030,500,918,0,0,0,0,0,0,1,0,0,0,-24.07012176513672,1,120,8200,0,-15.75,135.75,24,0,0,0,0,2018
6200,0,130,4030,500,918,0,0,0,0,0,0,1,0,0,0,-24.07012176513672,1,120,8200,0,-15.75,135.75,24,0,0,0,0,2018
6201,0,131,4030,500,918,0,0,0,0,0,0,1,0,0,0,-24.07012176513672,1,120,8200,0,-15.75,135.75,24,0,0,0,0,2018
6202,0,132,4030,500,918,0,0,0,0,0,0,1,0,0,0,-24.07012176513672,1,120,8200,0,-15.75,135.75,24,0,0,0,0,2018
6203,0,133,4030,500,918,0,0,0,0,0,0,1,0,0,0,-24.07012176513672,1,120,8200,0,-15.75,135.75,24,0,0,0,0,2018
6204,0,134,4030,500,918,0,0,0,0,0,0,1,0,0,0,-24.07012176513672,1,120,8200,0,-15.75,135.75,24,0,0,0,0,2018
6205,0,135,4030,500,918,0,0,0,0,0,0,1,0,0,0,-24.07012176513672,1,120,8200,0,-15.75,135.75,24,0,0,0,0,2018
6206,0,136,4030,500,918,0,0,0,0,0,0,1,0,0,0,-24.07012176513672,1,120,8200,0,-15.75,135.75,24,0,0,0,0,2018
6207,0,137,4030,500,918,0,0,0,0,0,0,1,0,0,0,-24.07012176513672,1,120,8200,0,-15.75,135.75,24,0,0,0,0,2018
6208,0,138,4030,500,918,0,0,0,0,0,0,1,0,0,0,-24.07012176513672,1,120,8200,0,-15.75,135.75,24,0,0,0,0,2018
6209,0,139,4030,500,918,0,0,0,0,0,0,1,0,0,0,-24.07012176513672,1,120,8200,0,-15.75,135.75,24,0,0,0,0,2018
6210,0,140,4030,500,918,0,0,0,0,0,0,1,0,0,0,-24.07012176513672,1,120,8200,0,-15.75,135.75,24,0,0,0,0,2018
6211,0,141,4030,500,918,0,0,0,0,0,0,1,0,0,0,-24.07012176513672,1,120,8200,0,-15.75,135.75,1,0,0,0,0,2018
6212,0,142,4030,500,918,0,0,0,0,0,0,1,0,0,0,-24.07012176513672,1,120,8200,0,-15.75,135.75,1,0,0,0,0,2018
6213,0,143,4030,500,918,0,0,0,0,0,0,1,0,0,0,-24.07012176513672,1,120,8200,0,-15.75,135.75,1,0,0,0,0,2018
6214,0,144,4030,500,918,0,0,0,0,0,0,1,0,0,0,-24.07012176513672,1,120,8200,0,-15.75,135.75,1,0,0,0,0,2018
6215,0,145,4030,500,918,0,0,0,0,0,0,1,0,0,0,-24.07012176513672,1,120,8200,0,-15.75,135.75,1,0,0,0,0,2018
6216,0,146,4030,500,918,0,0,0,0,0,0,1,0,0,0,-24.07012176513672,1,120,8200,0,-15.75,135.75,1,0,0,0,0,2018
6217,0,147,4030,500,918,0,0,0,0,0,0,1,0,0,0,-24.07012176513672,1,120,8200,0,-15.75,135.75,1,0,0,0,0,2018
6218,0,148,4030,500,918,0,0,0,0,0,0,1,0,0,0,-24.07012176513672,1,120,8200,0,-15.75,135.75,1,0,0,0,0,2018
6219,0,149,4030,500,918,0,0,0,0,0,0,1,0,0,0,-24.07012176513672,1,120,8200,0,-15.75,135.75,1,0,0,0,0,2018
6220,0,150,4030,500,918,0,0,0,0,0,0,1,0,0,0,-24.07012176513672,1,120,8200,0,-15.75,135.75,1,0,0,0,0,2018
6221,0,151,4030,500,918,0,0,0,0,0,0,1,0,0,0,-24.07012176513672,1,120,8200,0,-15.75,135.75,1,0,0,0,0,2018
6222,0,152,4030,500,918,0,0,0,0,0,0,1,0,0,0,-24.07012176513672,1,120,8200,0,-15.75,135.75,1,0,0,0,0,2018
6223,0,153,4030,500,918,0,0,0,0,0,0,1,0,0,0,-24.07012176513672,1,120,8200,0,-15.75,135.75,2,0,0,0,0,2018
6224,0,154,4030,500,918,0,0,0,0,0,0,1,0,0,0,-24.07012176513672,1,120,8200,0,-15.75,135.75,2,0,0,0,0,2018
6225,0,155,4030,500,918,0,0,0,0,0,0,1,0,0,0,-24.07012176513672,1,120,8200,0,-15.75,135.75,2,0,0,0,0,2018
6226,0,156,4030,500,918,0,0,0,0,0,0,1,0,0,0,-24.07012176513672,1,120,8200,0,-15.75,135.75,2,0,0,0,0,2018
6227,0,157,4030,500,918,0,0,0,0,0,0,1,0,0,0,-24.07012176513672,1,120,8200,0,-15.75,135.75,2,0,0,0,0,2018
6228,0,158,4030,500,918,0,0,0,0,0,0,1,0,0,0,-24.07012176513672,1,120,8200,0,-15.75,135.75,2,0,0,0,0,2018
6229,0,159,4030,500,918,0,0,0,0,0,0,1,0,0,0,-24.07012176513672,1,120,8200,0,-15.75,135.75,2,0,0,0,0,2018
6230,0,160,4030,500,918,0,0,0,0,0,0,1,0,0,0,-24.07012176513672,1,120,8200,0,-15.75,135.75,2,0,0,0,0,2018
6231,0,161,4030,500,918,0,0,0,0,0,0,1,0,0,0,-24.07012176513672,1,120,8200,0,-15.75,135.75,2,0,0,0,0,2018
6232,0,162,4030,500,918,0,0,0,0,0,0,1,0,0,0,-24.07012176513672,1,120,8200,0,-15.75,135.75,2,0,0,0,0,2018
6233,0,163,4030,500,918,0,0,0,0,0,0,1,0,0,0,-24.07012176513672,1,120,8200,0,-15.75,135.75,2,0,0,0,0,2018
6234,0,164,4030,500,918,0,0,0,0,0,0,1,0,0,0,-24.07012176513672,1,120,8200,0,-15.75,135.75,2,0,0,0,0,2018
6235,0,165,4030,500,918,0,0,0,0,0,0,1,0,0,0,-24.07012176513672,1,120,8200,0,-15.75,135.75,3,0,0,0,0,2018
6236,0,166,4030,500,918,0,0,0,0,0,0,1,0,0,0,-24.07012176513672,1,120,8200,0,-15.75,135.75,3,0,0,0,0,2018
6237,0,167,4030,500,918,0,0,0,0,0,0,1,0,0,0,-24.07012176513672,1,120,8200,0,-15.75,135.75,3,0,0,0,0,2018
6238,0,168,4030,500,918,0,0,0,0,0,0,1,0,0,0,-24.07012176513672,1,120,8200,0,-15.75,135.75,3,0,0,0,0,2018
6239,0,169,4030,500,918,0,0,0,0,0,0,1,0,0,0,-24.07012176513672,1,120,8200,0,-15.75,135.75,3,0,0,0,0,2018
6240,0,170,4030,500,918,0,0,0,0,0,0,1,0,0,0,-24.07012176513672,1,120,8200,0,-15.75,135.75,3,0,0,0,0,2018
6241,0,171,4030,500,918,0,0,0,0,0,0,1,0,0,0,-24.07012176513672,1,120,8200,0,-15.75,135.75,3,0,0,0,0,2018
6242,0,172,4030,500,918,0,0,0,0,0,0,1,0,0,0,-24.07012176513672,1,120,8200,0,-15.75,135.75,3,0,0,0,0,2018
6243,0,173,4030,500,918,0,0,0,0,0,0,1,0,0,0,-24.07012176513672,1,120,8200,0,-15.75,135.75,3,0,0,0,0,2018
6244,0,174,4030,500,918,0,0,0,0,0,0,1,0,0,0,-24.07012176513672,1,120,8200,0,-15.75,135.75,3,0,0,0,0,2018
6245,0,175,4030,500,918,0,0,0,0,0,0,1,0,0,0,-24.07012176513672,1,120,8200,0,-15.75,135.75,3,0,0,0,0,2018
6246,0,176,4030,500,918,0,0,0,0,0,0,1,0,0,0,-24.07012176513672,1,120,8200,0,-15.75,135.75,3,0,0,0,0,2018
6247,0,177,4030,500,918,0,0,0,0,0,0,1,0,0,0,-24.07012176513672,1,120,8200,0,-15.75,135.75,4,0,0,0,0,2018
6248,0,178,4030,500,918,0,0,0,0,0,0,1,0,0,0,-24.07012176513672,1,120,8200,0,-15.75,135.75,4,0,0,0,0,2018
6249,0,179,4030,500,918,0,0,0,0,0,0,1,0,0,0,-24.07012176513672,1,120,8200,0,-15.75,135.75,4,0,0,0,0,2018
6250,0,180,4030,500,918,0,0,0,0,0,0,1,0,0,0,-24.07012176513672,1,120,8200,0,-15.75,135.75,4,0,0,0,0,2018
6251,0,181,4030,500,918,0,0,0,0,0,0,1,0,0,0,-24.07012176513672,1,120,8200,0,-15.75,135.75,4,0,0,0,0,2018
6252,0,182,4030,500,918,0,0,0,0,0,0,1,0,0,0,-24.07012176513672,1,120,8200,0,-15.75,135.75,4,0,0,0,0,2018
6253,0,183,4030,500,918,0,0,0,0,0,0,1,0,0,0,-24.07012176513672,1,120,8200,0,-15.75,135.75,4,0,0,0,0,2018
6254,0,184,4030,500,918,0,0,0,0,0,0,1,0,0,0,-24.07012176513672,1,120,8200,0,-15.75,135.75,4,0,0,0,0,2018
6255,0,185,4030,500,918,0,0,0,0,0,0,1,0,0,0,-24.07012176513672,1,120,8200,0,-15.75,135.75,4,0,0,0,0,2018
6256,0,186,4030,500,918,0,0,0,0,0,0,1,0,0,0,-24.07012176513672,1,120,8200,0,-15.75,135.75,4,0,0,0,0,2018
6257,0,187,4030,500,918,0,0,0,0,0,0,1,0,0,0,-24.07012176513672,1,120,8200,0,-15.75,135.75,4,0,0,0,0,2018
6258,0,188,4030,500,918,0,0,0,0,0,0,1,0,0,0,-24.07012176513672,1,120,8200,0,-15.75,135.75,4,0,0,0,0,2018
6259,0,189,4030,500,918,0,0,0,0,0,0,1,0,0,0,-24.07012176513672,1,120,8200,0,-15.75,135.75,5,0,0,0,0,2018
6260,0,190,4030,500,918,0,0,0,0,0,0,1,0,0,0,-24.07012176513672,1,120,8200,0,-15.75,135.75,5,0,0,0,0,2018
6261,0,191,4030,500,918,0,0,0,0,0,0,1,0,0,0,-24.07012176513672,1,120,8200,0,-15.75,135.75,5,0,0,0,0,2018
6262,0,192,4030,500,918,0,0,0,0,0,0,1,0,0,0,-24.07012176513672,1,120,8200,0,-15.75,135.75,5,0,0,0,0,2018
6263,0,193,4030,500,918,0,0,0,0,0,0,1,0,0,0,-24.07012176513672,1,120,8200,0,-15.75,135.75,5,0,0,0,0,2018
6264,0,194,4030,500,918,0,0,0,0,0,0,1,0,0,0,-24.07012176513672,1,120,8200,0,-15.75,135.75,5,0,0,0,0,2018
6265,0,195,4030,500,918,0,0,0,0,0,0,1,0,0,0,-24.07012176513672,1,120,8200,0,-15.75,135.75,5,0,0,0,0,2018
6266,0,196,4030,500,918,0,0,0,0,0,0,1,0,0,0,-24.07012176513672,1,120,8200,0,-15.75,135.75,5,0,0,0,0,2018
6267,0,197,4030,500,918,0,0,0,0,0,0,1,0,0,0,-24.07012176513672,1,120,8200,0,-15.75,135.75,5,0,0,0,0,2018
6268,0,198,4030,500,918,0,0,0,0,0,0,1,0,0,0,-24.07012176513672,1,120,8200,0,-15.75,135.75,5,0,0,0,0,2018
6269,0,199,4030,500,918,0,0,0,0,0,0,1,0,0,0,-24.07012176513672,1,120,8200,0,-15.75,135.75,5,0,0,0,0,2018
6270,0,200,4030,500,918,0,0,0,0,0,0,1,0,0,0,-24.07012176513672,1,120,8200,0,-15.75,135.75,5,0,0,0,0,2018
6271,0,201,4030,500,918,0,0,0,0,0,0,1,0,0,0,-24.07012176513672,1,120,8200,0,-15.75,135.75,6,0,0,0,0,2018
6272,0,202,4030,500,918,0,0,0,0,0,0,1,0,0,0,-24.07012176513672,1,120,8200,0,-15.75,135.75,6,0,0,0,0,2018
6273,0,203,4030,500,918,0,0,0,0,0,0,1,0,0,0,-24.07012176513672,1,120,8200,0,-15.75,135.75,6,0,0,0,0,2018
6274,0,204,4030,500,918,0,0,0,0,0,0,1,0,0,0,-24.07012176513672,1,120,8200,0,-15.75,135.75,6,0,0,0,0,2018
6275,0,205,4030,500,918,0,0,0,0,0,0,1,0,0,0,-24.07012176513672,1,120,8200,0,-15.75,135.75,6,0,0,0,0,2018
6276,0,206,4030,500,918,0,0,0,0,0,0,1,0,0,0,-24.07012176513672,1,120,8200,0,-15.75,135.75,6,0,0,0,0,2018
6277,0,207,4030,500,918,0,0,0,0,0,0,1,0,0,0,-24.07012176513672,1,120,8200,0,-15.75,135.75,6,0,0,0,0,2018
6278,0,208,4030,500,918,0,0,0,0,0,0,1,0,0,0,-24.07012176513672,1,120,8200,0,-15.75,135.75,6,0,0,0,0,2018
6279,0,209,4030,500,918,0,0,0,0,0,0,1,0,0,0,-24.07012176513672,1,120,8200,0,-15.75,135.75,6,0,0,0,0,2018
6280,0,210,4030,500,918,0,0,0,0,0,0,1,0,0,0,-24.07012176513672,1,120,8200,0,-15.75,135.75,6,0,0,0,0,2018
6281,0,211,4030,500,918,0,0,0,0,0,0,1,0,0,0,-24.07012176513672,1,120,8200,0,-15.75,135.75,6,0,0,0,0,2018
6282,0,212,4030,500,918,0,0,0,0,0,0,1,0,0,0,-24.07012176513672,1,120,8200,0,-15.75,135.75,6,0,0,0,0,2018
6283,0,213,4030,500,918,0,0,0,0,0,0,1,0,0,0,-24.07012176513672,1,120,8200,0,-15.75,135.75,7,0,0,0,0,2018
6284,0,214,4030,500,918,0,0,0,0,0,0,1,0,0,0,-24.07012176513672,1,120,8200,0,-15.75,135.75,7,0,0,0,0,2018
6285,0,215,4030,500,918,0,0,0,0,0,0,1,0,0,0,-24.07012176513672,1,120,8200,0,-15.75,135.75,7,0,0,0,0,2018
6286,0,216,4030,500,918,0,0,0,0,0,0,1,0,0,0,-24.07012176513672,1,120,8200,0,-15.75,135.75,7,0,0,0,0,2018
6287,0,217,4030,500,918,0,0,0,0,0,0,1,0,0,0,-24.07012176513672,1,120,8200,0,-15.75,135.75,7,0,0,0,0,2018
6288,0,218,4030,500,918,0,0,0,0,0,0,1,0,0,0,-24.07012176513672,1,120,8200,0,-15.75,135.75,7,0,0,0,0,2018
6289,0,219,4030,500,918,0,0,0,0,0,0,1,0,0,0,-24.07012176513672,1,120,8200,0,-15.75,135.75,7,0,0,0,0,2018
6290,0,220,4030,500,918,0,0,0,0,0,0,1,0,0,0,-24.07012176513672,1,120,8200,0,-15.75,135.75,7,0,0,0,0,2018
6291,0,221,4030,500,918,0,0,0,0,0,0,1,0,0,0,-24.07012176513672,1,120,8200,0,-15.75,135.75,7,0,0,0,0,2018
6292,0,222,4030,500,918,0,0,0,0,0,0,1,0,0,0,-24.07012176513672,1,120,8200,0,-15.75,135.75,7,0,0,0,0,2018
6293,0,223,4030,500,918,0,0,0,0,0,0,1,0,0,0,-24.07012176513672,1,120,8200,0,-15.75,135.75,7,0,0,0,0,2018
6294,0,224,4030,500,918,0,0,0,0,0,0,1,0,0,0,-24.07012176513672,1,120,8200,0,-15.75,135.75,7,0,0,0,0,2018
6295,0,225,4030,500,918,0,0,0,0,0,0,1,0,0,0,-24.07012176513672,1,120,8200,0,-15.75,135.75,8,0,0,0,0,2018
6296,0,226,4030,500,918,0,0,0,0,0,0,1,0,0,0,-24.07012176513672,1,120,8200,0,-15.75,135.75,8,0,0,0,0,2018
6297,0,227,4030,500,918,0,0,0,0,0,0,1,0,0,0,-24.07012176513672,1,120,8200,0,-15.75,135.75,8,0,0,0,0,2018
6298,0,228,4030,500,918,0,0,0,0,0,0,1,0,0,0,-24.07012176513672,1,120,8200,0,-15.75,135.75,8,0,0,0,0,2018
6299,0,229,4030,500,918,0,0,0,0,0,0,1,0,0,0,-24.07012176513672,1,120,8200,0,-15.75,135.75,8,0,0,0,0,2018
6300,0,230,4030,500,918,0,0,0,0,0,0,1,0,0,0,-24.07012176513672,1,120,8200,0,-15.75,135.75,8,0,0,0,0,2018
6301,0,231,4030,500,918,0,0,0,0,0,0,1,0,0,0,-24.07012176513672,1,120,8200,0,-15.75,135.75,8,0,0,0,0,2018
6302,0,232,4030,500,918,0,0,0,0,0,0,1,0,0,0,-24.07012176513672,1,120,8200,0,-15.75,135.75,8,0,0,0,0,2018
6303,0,233,4030,500,918,0,0,0,0,0,0,1,0,0,0,-24.07012176513672,1,120,8200,0,-15.75,135.75,8,0,0,0,0,2018
6304,0,234,4030,500,918,0,0,0,0,0,0,1,0,0,0,-24.07012176513672,1,120,8200,0,-15.75,135.75,8,0,0,0,0,2018
6305,0,235,4030,500,918,0,0,0,0,0,0,1,0,0,0,-24.07012176513672,1,120,8200,0,-15.75,135.75,8,0,0,0,0,2018
6306,0,236,4030,500,918,0,0,0,0,0,0,1,0,0,0,-24.07012176513672,1,120,8200,0,-15.75,135.75,8,0,0,0,0,2018
6307,0,237,4030,500,918,0,0,0,0,0,0,1,0,0,0,-24.07012176513672,1,120,8200,0,-15.75,135.75,9,0,0,0,0,2018
6308,0,238,4030,500,918,0,0,0,0,0,0,1,0,0,0,-24.07012176513672,1,120,8200,0,-15.75,135.75,9,0,0,0,0,2018
6309,0,239,4030,500,918,0,0,0,0,0,0,1,0,0,0,-24.07012176513672,1,120,8200,0,-15.75,135.75,9,0,0,0,0,2018
6310,0,1,3000,500,1000,0,0,0,0,0,0,1,0,0,0,-145,1,120,8200,0,-15.75,135.75,9,0,0,0,0,1000
6311,0,2,3000,500,1000,0,0,0,0,0,0,1,0,0,0,-229,1,120,8200,0,-15.75,135.75,9,0,0,0,0,1000
6312,0,3,3000,500,1000,0,0,0,0,0,0,1,0,0,0,-228.75,1,120,8200,0,-16,136,9,0,0,0,0,1000
6313,0,4,3000,500,1000,0,0,0,0,0,0,1,0,0,0,-228.5,1,120,8200,0,-16.25,136.25,9,0,0,0,0,1000
6314,0,5,3000,500,1000,0,0,0,0,0,0,1,0,0,0,-228.25,1,120,8200,0,-16.5,136.5,9,0,0,0,0,1000
6315,0,6,3000,500,1000,0,0,0,0,0,0,1,0,0,0,-228,1,120,8200,0,-16.75,136.75,9,0,0,0,0,1000
6316,0,7,3000,500,1000,0,0,0,0,0,0,1,0,0,0,-227.75,1,120,8200,0,-17,137,9,0,0,0,0,1000
6317,0,8,3000,500,1000,0,0,0,0,0,0,1,0,0,0,-227.5,1,120,8200,0,-17.25,137.25,9,0,0,0,0,1000
6318,0,9,3000,500,1000,0,0,0,0,0,0,1,0,0,0,-227.25,1,120,8200,0,-17.5,137.5,9,0,0,0,0,1000
6319,0,10,3000,500,1000,0,0,0,0,0,0,1,0,0,0,-227,1,120,8200,0,-17.75,137.75,10,0,0,0,0,1000
6320,0,11,3000,500,1000,0,0,0,0,0,0,1,0,0,0,-226.75,1,120,8200,0,-18,138,10,0,0,0,0,1000
6321,0,12,3000,500,1000,0,0,0,0,0,0,1,0,0,0,-226.5,1,120,8200,0,-18.25,138.25,10,0,0,0,0,1000
6322,0,13,3000,500,1000,0,0,0,0,0,0,1,0,0,0,-226.25,1,120,8200,0,-18.5,138.5,10,0,0,0,0,1000
6323,0,14,3000,500,1000,0,0,0,0,0,0,1,0,0,0,-226,1,120,8200,0,-18.75,138.75,10,0,0,0,0,1000
6324,0,15,3000,500,1000,0,0,0,0,0,0,1,0,0,0,-225.75,1,120,8200,0,-19,139,10,0,0,0,0,1000
6325,0,16,3000,500,1000,0,0,0,0,0,0,1,0,0,0,-225.5,1,120,8200,0,-19.25,139.25,10,0,0,0,0,1000
6326,0,17,3000,500,1000,0,0,0,0,0,0,1,0,0,0,-225.25,1,120,8200,0,-19.5,139.5,10,0,0,0,0,1000
6327,0,18,3000,500,1000,0,0,0,0,0,0,1,0,0,0,-225,1,120,8200,0,-19.75,139.75,10,0,0,0,0,1000
6328,0,19,3000,500,1000,0,0,0,0,0,0,1,0,0,0,-224.75,1,120,8200,0,-20,140,10,0,0,0,0,1000
6329,0,20,3000,500,1000,0,0,0,0,0,0,1,0,0,0,-224.5,1,120,8200,0,-20.25,140.25,10,0,0,0,0,1000
6330,0,21,3000,500,1000,0,0,0,0,0,0,1,0,0,0,-224.25,1,120,8200,0,-20.5,140.5,10,0,0,0,0,1000
6331,0,22,3000,500,1000,0,0,0,0,0,0,1,0,0,0,-224,1,120,8200,0,-20.75,140.75,11,0,0,0,0,1000
6332,0,23,3000,500,1000,0,0,0,0,0,0,1,0,0,0,-223.75,1,120,8200,0,-21,141,11,0,0,0,0,1000
6333,0,24,3000,500,1000,0,0,0,0,0,0,1,0,0,0,-223.5,1,120,8200,0,-21.25,141.25,11,0,0,0,0,1000
6334,0,25,3000,500,1000,0,0,0,0,0,0,1,0,0,0,-223.25,1,120,8200,0,-21.5,141.5,11,0,0,0,0,1000
6335,0,26,3000,500,1000,0,0,0,0,0,0,1,0,0,0,-223,1,120,8200,0,-21.75,141.75,11,0,0,0,0,1000
6336,0,27,3000,500,1000,0,0,0,0,0,0,1,0,0,0,-222.75,1,120,8200,0,-22,142,11,0,0,0,0,1000
6337,0,28,3000,500,1000,0,0,0,0,0,0,1,0,0,0,-222.5,1,120,8200,0,-22.25,142.25,11,0,0,0,0,1000
6338,0,29,3000,500,1000,0,0,0,0,0,0,1,0,0,0,-222.25,1,120,8200,0,-22.5,142.5,11,0,0,0,0,1000
6339,0,30,3000,500,1000,0,0,0,0,0,0,1,0,0,0,-222,1,120,8200,0,-22.75,142.75,11,0,0,0,0,1000
6340,0,31,3000,500,1000,0,0,0,0,0,0,1,0,0,0,-221.75,1,120,8200,0,-23,143,11,0,0,0,0,1000
6341,0,32,3000,500,1000,0,0,0,0,0,0,1,0,0,0,-221.5,1,120,8200,0,-23.25,143.25,11,0,0,0,0,1000
6342,0,33,3000,500,1000,0,0,0,0,0,0,1,0,0,0,-221.25,1,120,8200,0,-23.5,143.5,11,0,0,0,0,1000
6343,0,34,3000,500,1000,0,0,0,0,0,0,1,0,0,0,-221,1,120,8200,0,-23.75,143.75,12,0,0,0,0,1000
6344,0,35,3000,500,1000,0,0,0,0,0,0,1,0,0,0,-220.75,1,120,8200,0,-24,144,12,0,0,0,0,1000
6345,0,36,3000,500,1000,0,0,0,0,0,0,1,0,0,0,-220.5,1,120,8200,0,-24.25,144.25,12,0,0,0,0,1000
6346,0,37,3000,500,1000,0,0,0,0,0,0,1,0,0,0,-220.25,1,120,8200,0,-24.5,144.5,12,0,0,0,0,1000
6347,0,38,3000,500,1000,0,0,0,0,0,0,1,0,0,0,-220,1,120,8200,0,-24.75,144.75,12,0,0,0,0,1000
6348,0,39,3000,500,1000,0,0,0,0,0,0,1,0,0,0,-219.75,1,120,8200,0,-25,145,12,0,0,0,0,1000
6349,0,40,3000,500,1000,0,0,0,0,0,0,1,0,0,0,-219.5,1,120,8200,0,-25.25,145.25,12,0,0,0,0,1000
6350,0,41,3000,500,1000,0,0,0,0,0,0,1,0,0,0,-219.25,1,120,8200,0,-25.5,145.5,12,0,0,0,0,1000
6351,0,42,3000,500,1000,0,0,0,0,0,0,1,0,0,0,-219,1,120,8200,0,-25.75,145.75,12,0,0,0,0,1000
6352,0,43,3000,500,1000,0,0,0,0,0,0,1,0,0,0,-218.75,1,120,8200,0,-26,146,12,0,0,0,0,1000
6353,0,44,3000,500,1000,0,0,0,0,0,0,1,0,0,0,-218.5,1,120,8200,0,-26.25,146.25,12,0,0,0,0,1000
6354,0,45,3000,500,1000,0,0,0,0,0,0,1,0,0,0,-218.25,1,120,8200,0,-26.5,146.5,12,0,0,0,0,1000
6355,0,46,3000,500,1000,0,0,0,0,0,0,1,0,0,0,-218,1,120,8200,0,-26.75,146.75,13,0,0,0,0,1000
6356,0,47,3000,500,1000,0,0,0,0,0,0,1,0,0,0,-217.75,1,120,8200,0,-27,147,13,0,0,0,0,1000
6357,0,48,3000,500,1000,0,0,0,0,0,0,1,0,0,0,-217.5,1,120,8200,0,-27.25,147.25,13,0,0,0,0,1000
6358,0,49,3000,500,1000,0,0,0,0,0,0,1,0,0,0,-217.25,1,120,8200,0,-27.5,147.5,13,0,0,0,0,1000
6359,0,50,3000,500,1000,0,0,0,0,0,0,1,0,0,0,-217,1,120,8200,0,-27.75,147.75,13,0,0,0,0,1000
6360,0,51,3000,500,1000,0,0,0,0,0,0,1,0,0,0,-216.75,1,120,8200,0,-28,148,13,0,0,0,0,1000
6361,0,52,3000,500,1000,0,0,0,0,0,0,1,0,0,0,-216.5,1,120,8200,0,-28.25,148.25,13,0,0,0,0,1000
6362,0,53,3000,500,1000,0,0,0,0,0,0,1,0,0,0,-216.25,1,120,8200,0,-28.5,148.5,13,0,0,0,0,1000
6363,0,54,3000,500,1000,0,0,0,0,0,0,1,0,0,0,-216,1,120,8200,0,-28.75,148.75,13,0,0,0,0,1000
6364,0,55,3000,500,1000,0,0,0,0,0,0,1,0,0,0,-215.75,1,120,8200,0,-29,149,13,0,0,0,0,1000
6365,0,56,3000,500,1000,0,0,0,0,0,0,1,0,0,0,-215.5,1,120,8200,0,-29.25,149.25,13,0,0,0,0,1000
6366,0,57,3000,500,1000,0,0,0,0,0,0,1,0,0,0,-215.25,1,120,8200,0,-29.5,149.5,13,0,0,0,0,1000
6367,0,58,3000,500,1000,0,0,0,0,0,0,1,0,0,0,-215,1,120,8200,0,-29.75,149.75,14,0,0,0,0,1000
6368,0,59,3000,500,1000,0,0,0,0,0,0,1,0,0,0,-214.75,1,120,8200,0,-30,150,14,0,0,0,0,1000
6369,0,60,3000,500,1000,0,0,0,0,0,0,1,0,0,0,-214.5,1,120,8200,0,-30.25,150.25,14,0,0,0,0,1000
6370,0,61,3000,500,1000,0,0,0,0,0,0,1,0,0,0,-214.25,1,120,8200,0,-30.5,150.5,14,0,0,0,0,1000
6371,0,62,3000,500,1000,0,0,0,0,0,0,1,0,0,0,-214,1,120,8200,0,-30.75,150.75,14,0,0,0,0,1000
6372,0,63,3000,500,1000,0,0,0,0,0,0,1,0,0,0,-213.75,1,120,8200,0,-31,151,14,0,0,0,0,1000
6373,0,64,3000,500,1000,0,0,0,0,0,0,1,0,0,0,-213.5,1,120,8200,0,-31.25,151.25,14,0,0,0,0,1000
6374,0,65,3000,500,1000,0,0,0,0,0,0,1,0,0,0,-213.25,1,120,8200,0,-31.5,151.5,14,0,0,0,0,1000
6375,0,66,3000,500,1000,0,0,0,0,0,0,1,0,0,0,-213,1,120,8200,0,-31.75,151.75,14,0,0,0,0,1000
6376,0,67,3000,500,1000,0,0,0,0,0,0,1,0,0,0,-212.75,1,120,8200,0,-32,152,14,0,0,0,0,1000
6377,0,68,3000,500,1000,0,0,0,0,0,0,1,0,0,0,-212.5,1,120,8200,0,-32.25,152.25,14,0,0,0,0,1000
6378,0,69,3000,500,1000,0,0,0,0,0,0,1,0,0,0,-212.25,1,120,8200,0,-32.5,152.5,14,0,0,0,0,1000
6379,0,70,3000,500,1000,0,0,0,0,0,0,1,0,0,0,-212,1,120,8200,0,-32.75,152.75,15,0,0,0,0,1000
6380,0,71,3000,500,1000,0,0,0,0,0,0,1,0,0,0,-211.75,1,120,8200,0,-33,153,15,0,0,0,0,1000
6381,0,72,3000,500,1000,0,0,0,0,0,0,1,0,0,0,-211.5,1,120,8200,0,-33.25,153.25,15,0,0,0,0,1000
6382,0,73,3000,500,1000,0,0,0,0,0,0,1,0,0,0,-211.25,1,120,8200,0,-33.5,153.5,15,0,0,0,0,1000
6383,0,74,3000,500,1000,0,0,0,0,0,0,1,0,0,0,-211,1,120,8200,0,-33.75,153.75,15,0,0,0,0,1000
6384,0,75,3000,500,1000,0,0,0,0,0,0,1,0,0,0,-210.75,1,120,8200,0,-34,154,15,0,0,0,0,1000
6385,0,76,3000,500,1000,0,0,0,0,0,0,1,0,0,0,-210.5,1,120,8200,0,-34.25,154.25,15,0,0,0,0,1000
6386,0,77,3000,500,1000,0,0,0,0,0,0,1,0,0,0,-210.25,1,120,8200,0,-34.5,154.5,15,0,0,0,0,1000
6387,0,78,3000,500,1000,0,0,0,0,0,0,1,0,0,0,-210,1,120,8200,0,-34.75,154.75,15,0,0,0,0,1000
6388,0,79,3000,500,1000,0,0,0,0,0,0,1,0,0,0,-209.75,1,120,8200,0,-35,155,15,0,0,0,0,1000
6389,0,80,3000,500,1000,0,0,0,0,0,0,1,0,0,0,-209.5,1,120,8200,0,-35.25,155.25,15,0,0,0,0,1000
6390,0,81,3000,500,1000,0,0,0,0,0,0,1,0,0,0,-209.25,1,120,8200,0,-35.5,155.5,15,0,0,0,0,1000
6391,0,82,3000,500,1000,0,0,0,0,0,0,1,0,0,0,-209,1,120,8200,0,-35.75,155.75,16,0,0,0,0,1000
6392,0,83,3000,500,1000,0,0,0,0,0,0,1,0,0,0,-208.75,1,120,8200,0,-36,156,16,0,0,0,0,1000
6393,0,84,3000,500,1000,0,0,0,0,0,0,1,0,0,0,-208.5,1,120,8200,0,-36.25,156.25,16,0,0,0,0,1000
6394,0,85,3000,500,1000,0,0,0,0,0,0,1,0,0,0,-208.25,1,120,8200,0,-36.5,156.5,16,0,0,0,0,1000
6395,0,86,3000,500,1000,0,0,0,0,0,0,1,0,0,0,-208,1,120,8200,0,-36.75,156.75,16,0,0,0,0,1000
6396,0,87,3000,500,1000,0,0,0,0,0,0,1,0,0,0,-207.75,1,120,8200,0,-37,157,16,0,0,0,0,1000
6397,0,88,3000,500,1000,0,0,0,0,0,0,1,0,0,0,-207.5,1,120,8200,0,-37.25,157.25,16,0,0,0,0,1000
6398,0,89,3000,500,1000,0,0,0,0,0,0,1,0,0,0,-207.25,1,120,8200,0,-37.5,157.5,16,0,0,0,0,1000
6399,0,90,3000,500,1000,0,0,0,0,0,0,1,0,0,0,-207,1,120,8200,0,-37.75,157.75,16,0,0,0,0,1000
6400,0,91,3000,500,1000,0,0,0,0,0,0,1,0,0,0,-206.75,1,120,8200,0,-38,158,16,0,0,0,0,1000
6401,0,92,3000,500,1000,0,0,0,0,0,0,1,0,0,0,-206.5,1,120,8200,0,-38.25,158.25,16,0,0,0,0,1000
6402,0,93,3000,500,1000,0,0,0,0,0,0,1,0,0,0,-206.25,1,120,8200,0,-38.5,158.5,16,0,0,0,0,1000
6403,0,94,3000,500,1000,0,0,0,0,0,0,1,0,0,0,-206,1,120,8200,0,-38.75,158.75,17,0,0,0,0,1000
6404,0,95,3000,500,1000,0,0,0,0,0,0,1,0,0,0,-205.75,1,120,8200,0,-39,159,17,0,0,0,0,1000
6405,0,96,3000,500,1000,0,0,0,0,0,0,1,0,0,0,-205.5,1,120,8200,0,-39.25,159.25,17,0,0,0,0,1000
6406,0,97,3000,500,1000,0,0,0,0,0,0,1,0,0,0,-205.25,1,120,8200,0,-39.5,159.5,17,0,0,0,0,1000
6407,0,98,3000,500,1000,0,0,0,0,0,0,1,0,0,0,-205,1,120,8200,0,-39.75,159.75,17,0,0,0,0,1000
6408,0,99,3000,500,1000,0,0,0,0,0,0,1,0,0,0,-204.75,1,120,8200,0,-40,160,17,0,0,0,0,1000
6409,0,100,3000,500,1000,0,0,0,0,0,0,1,0,0,0,-204.5,1,120,8200,0,-40.25,160.25,17,0,0,0,0,1000
6410,0,101,3000,500,1000,0,0,0,0,0,0,1,0,0,0,-204.25,1,120,8200,0,-40.5,160.5,17,0,0,0,0,1000
6411,0,102,3000,500,1000,0,0,0,0,0,0,1,0,0,0,-204,1,120,8200,0,-40.75,160.75,17,0,0,0,0,1000
6412,0,103,3000,500,1000,0,0,0,0,0,0,1,0,0,0,-203.75,1,120,8200,0,-41,161,17,0,0,0,0,1000
6413,0,104,3000,500,1000,0,0,0,0,0,0,1,0,0,0,-203.5,1,120,8200,0,-41.25,161.25,17,0,0,0,0,1000
6414,0,105,3000,500,1000,0,0,0,0,0,0,1,0,0,0,-203.25,1,120,8200,0,-41.5,161.5,17,0,0,0,0,1000
6415,0,106,3000,500,1000,0,0,0,0,0,0,1,0,0,0,-203,1,120,8200,0,-41.75,161.75,18,0,0,0,0,1000
6416,0,107,3000,500,1000,0,0,0,0,0,0,1,0,0,0,-202.75,1,120,8200,0,-42,162,18,0,0,0,0,1000
6417,0,108,3000,500,1000,0,0,0,0,0,0,1,0,0,0,-202.5,1,120,8200,0,-42.25,162.25,18,0,0,0,0,1000
6418,0,109,3000,500,1000,0,0,0,0,0,0,1,0,0,0,-202.25,1,120,8200,0,-42.5,162.5,18,0,0,0,0,1000
6419,0,110,3000,500,1000,0,0,0,0,0,0,1,0,0,0,-202,1,120,8200,0,-42.75,162.75,18,0,0,0,0,1000
6420,0,111,3000,500,1000,0,0,0,0,0,0,1,0,0,0,-201.75,1,120,8200,0,-43,163,18,0,0,0,0,1000
6421,0,112,3000,500,1000,0,0,0,0,0,0,1,0,0,0,-201.5,1,120,8200,0,-43.25,163.25,18,0,0,0,0,1000
6422,0,113,3000,500,1000,0,0,0,0,0,0,1,0,0,0,-201.25,1,120,8200,0,-43.5,163.5,18,0,0,0,0,1000
6423,0,114,3000,500,1000,0,0,0,0,0,0,1,0,0,0,-201,1,120,8200,0,-43.75,163.75,18,0,0,0,0,1000
6424,0,115,3000,500,1000,0,0,0,0,0,0,1,0,0,0,-200.75,1,120,8200,0,-44,164,18,0,0,0,0,1000
6425,0,116,3000,500,1000,0,0,0,0,0,0,1,0,0,0,-200.5,1,120,8200,0,-44.25,164.25,18,0,0,0,0,1000
6426,0,117,3000,500,1000,0,0,0,0,0,0,1,0,0,0,-200.25,1,120,8200,0,-44.5,164.5,18,0,0,0,0,1000
6427,0,118,3000,500,1000,0,0,0,0,0,0,1,0,0,0,-200,1,120,8200,0,-44.75,164.75,19,0,0,0,0,1000
6428,0,119,3000,500,1000,0,0,0,0,0,0,1,0,0,0,-199.75,1,120,8200,0,-45,165,19,0,0,0,0,1000
6429,0,120,3000,500,1000,0,0,0,0,0,0,1,0,0,0,-199.5,1,120,8200,0,-45.25,165.25,19,0,0,0,0,1000
6430,0,121,3000,500,1000,0,0,0,0,0,0,1,0,0,0,-199.25,1,120,8200,0,-45.5,165.5,19,0,0,0,0,1000
6431,0,122,3000,500,1000,0,0,0,0,0,0,1,0,0,0,-199,1,120,8200,0,-45.75,165.75,19,0,0,0,0,1000
6432,0,123,3000,500,1000,0,0,0,0,0,0,1,0,0,0,-198.75,1,120,8200,0,-46,166,19,0,0,0,0,1000
6433,0,124,3000,500,1000,0,0,0,0,0,0,1,0,0,0,-198.5,1,120,8200,0,-46.25,166.25,19,0,0,0,0,1000
6434,0,125,3000,500,1000,0,0,0,0,0,0,1,0,0,0,-198.25,1,120,8200,0,-46.5,166.5,19,0,0,0,0,1000
6435,0,126,3000,500,1000,0,0,0,0,0,0,1,0,0,0,-198,1,120,8200,0,-46.75,166.75,19,0,0,0,0,1000
6436,0,127,3000,500,1000,0,0,0,0,0,0,1,0,0,0,-197.75,1,120,8200,0,-47,167,19,0,0,0,0,1000
6437,0,128,3000,500,1000,0,0,0,0,0,0,1,0,0,0,-197.5,1,120,8200,0,-47.25,167.25,19,0,0,0,0,1000
6438,0,129,3000,500,1000,0,0,0,0,0,0,1,0,0,0,-197.25,1,120,8200,0,-47.5,167.5,19,0,0,0,0,1000
6439,0,130,3000,500,1000,0,0,0,0,0,0,1,0,0,0,-197,1,120,8200,0,-47.75,167.75,19,0,0,0,0,1000
6440,0,131,3000,500,1000,0,0,0,0,0,0,1,0,0,0,-196.75,1,120,8200,0,-48,168,19,0,0,0,0,1000
6441,0,132,3000,500,1000,0,0,0,0,0,0,1,0,0,0,-196.5,1,120,8200,0,-48.25,168.25,19,0,0,0,0,1000
6442,0,133,3000,500,1000,0,0,0,0,0,0,1,0,0,0,-196.25,1,120,8200,0,-48.5,168.5,19,0,0,0,0,1000
6443,0,134,3000,500,1000,0,0,0,0,0,0,1,0,0,0,-196,1,120,8200,0,-48.75,168.75,19,0,0,0,0,1000
6444,0,135,3000,500,1000,0,0,0,0,0,0,1,0,0,0,-195.75,1,120,8200,0,-49,169,19,0,0,0,0,1000
6445,0,136,3000,500,1000,0,0,0,0,0,0,1,0,0,0,-195.5,1,120,8200,0,-49.25,169.25,20,0,0,0,0,1000
6446,0,137,3000,500,1000,0,0,0,0,0,0,1,0,0,0,-195.25,1,120,8200,0,-49.5,169.5,20,0,0,0,0,1000
6447,0,138,3000,500,1000,0,0,0,0,0,0,1,0,0,0,-195,1,120,8200,0,-49.75,169.75,20,0,0,0,0,1000
6448,0,139,3000,500,1000,0,0,0,0,0,0,1,0,0,0,-194.75,1,120,8200,0,-50,170,20,0,0,0,0,1000
6449,0,140,3000,500,1000,0,0,0,0,0,0,1,0,0,0,-194.5,1,120,8200,0,-50.25,170.25,20,0,0,0,0,1000
6450,0,141,3000,500,1000,0,0,0,0,0,0,1,0,0,0,-194.25,1,120,8200,0,-50.5,170.5,20,0,0,0,0,1000
6451,0,142,3000,500,1000,0,0,0,0,0,0,1,0,0,0,-194,1,120,8200,0,-50.75,170.75,20,0,0,0,0,1000
6452,0,143,3000,500,1000,0,0,0,0,0,0,1,0,0,0,-193.75,1,120,8200,0,-51,171,20,0,0,0,0,1000
6453,0,144,3000,500,1000,0,0,0,0,0,0,1,0,0,0,-193.5,1,120,8200,0,-51.25,171.25,20,0,0,0,0,1000
6454,0,145,3000,500,1000,0,0,0,0,0,0,1,0,0,0,-193.25,1,120,8200,0,-51.5,171.5,20,0,0,0,0,1000
6455,0,146,3000,500,1000,0,0,0,0,0,0,1,0,0,0,-193,1,120,8200,0,-51.75,171.75,20,0,0,0,0,1000
6456,0,147,3000,500,1000,0,0,0,0,0,0,1,0,0,0,-192.75,1,120,8200,0,-52,172,20,0,0,0,0,1000
6457,0,148,3000,500,1000,0,0,0,0,0,0,1,0,0,0,-192.5,1,120,8200,0,-52.25,172.25,20,0,0,0,0,1000
6458,0,149,3000,500,1000,0,0,0,0,0,0,1,0,0,0,-192.25,1,120,8200,0,-52.5,172.5,20,0,0,0,0,1000
6459,0,150,3000,500,1000,0,0,0,0,0,0,1,0,0,0,-192,1,120,8200,0,-52.75,172.75,20,0,0,0,0,1000
6460,0,151,3000,500,1000,0,0,0,0,0,0,1,0,0,0,-191.75,1,120,8200,0,-53,173,20,0,0,0,0,1000
6461,0,152,3000,500,1000,0,0,0,0,0,0,1,0,0,0,-191.5,1,120,8200,0,-53.25,173.25,20,0,0,0,0,1000
6462,0,153,3000,500,1000,0,0,0,0,0,0,1,0,0,0,-191.25,1,120,8200,0,-53.5,173.5,20,0,0,0,0,1000
6463,0,154,3000,500,1000,0,0,0,0,0,0,1,0,0,0,-191.25,1,120,8200,0,-53.75,173.75,21,0,0,0,0,1000
6464,0,155,3000,500,1000,0,0,0,0,0,0,1,0,0,0,-191.25,1,120,8200,0,-53.75,173.75,21,0,0,0,0,1000
6465,0,156,3000,500,1000,0,0,0,0,0,0,1,0,0,0,-191.25,1,120,8200,0,-53.75,173.75,21,0,0,0,0,1000
6466,0,157,3000,500,1000,0,0,0,0,0,0,1,0,0,0,-191.25,1,120,8200,0,-53.75,173.75,21,0,0,0,0,1000
6467,0,158,3000,500,1000,0,0,0,0,0,0,1,0,0,0,-191.25,1,120,8200,0,-53.75,173.75,21,0,0,0,0,1000
6468,0,159,3000,500,1000,0,0,0,0,0,0,1,0,0,0,-191.25,1,120,8200,0,-53.75,173.75,21,0,0,0,0,1000
6469,0,160,3000,500,1000,0,0,0,0,0,0,1,0,0,0,-191.25,1,120,8200,0,-53.75,173.75,21,0,0,0,0,1000
6470,0,161,3000,500,1000,0,0,0,0,0,0,1,0,0,0,-191.25,1,120,8200,0,-53.75,173.75,21,0,0,0,0,1000
6471,0,162,3000,500,1000,0,0,0,0,0,0,1,0,0,0,-191.25,1,120,8200,0,-53.75,173.75,21,0,0,0,0,1000
6472,0,163,3000,500,1000,0,0,0,0,0,0,1,0,0,0,-191.25,1,120,8200,0,-53.75,173.75,21,0,0,0,0,1000
6473,0,164,3000,500,1000,0,0,0,0,0,0,1,0,0,0,-191.25,1,120,8200,0,-53.75,173.75,21,0,0,0,0,1000
6474,0,165,3000,500,1000,0,0,0,0,0,0,1,0,0,0,-191.25,1,120,8200,0,-53.75,173.75,21,0,0,0,0,1000
6475,0,166,3000,500,1000,0,0,0,0,0,0,1,0,0,0,-191.25,1,120,8200,0,-53.75,173.75,21,0,0,0,0,1000
6476,0,167,3000,500,1000,0,0,0,0,0,0,1,0,0,0,-191.25,1,120,8200,0,-53.75,173.75,21,0,0,0,0,1000
6477,0,168,3000,500,1000,0,0,0,0,0,0,1,0,0,0,-191.25,1,120,8200,0,-53.75,173.75,21,0,0,0,0,1000
6478,0,169,3000,500,1000,0,0,0,0,0,0,1,0,0,0,-191.25,1,120,8200,0,-53.75,173.75,21,0,0,0,0,1000
6479,0,170,3000,500,1000,0,0,0,0,0,0,1,0,0,0,-191.25,1,120,8200,0,-53.75,173.75,21,0,0,0,0,1000
6480,0,171,3000,500,1000,0,0,0,0,0,0,1,0,0,0,-191.25,1,120,8200,0,-53.75,173.75,21,0,0,0,0,1000
6481,0,172,3000,500,1000,0,0,0,0,0,0,1,0,0,0,-191.25,1,120,8200,0,-53.75,173.75,21,0,0,0,0,1000
6482,0,173,3000,500,1000,0,0,0,0,0,0,1,0,0,0,-191.25,1,120,8200,0,-53.75,173.75,21,0,0,0,0,1000
6483,0,174,3000,500,1000,0,0,0,0,0,0,1,0,0,0,-191.25,1,120,8200,0,-53.75,173.75,21,0,0,0,0,1000
6484,0,175,3000,500,1000,0,0,0,0,0,0,1,0,0,0,-191.25,1,120,8200,0,-53.75,173.75,21,0,0,0,0,1000
6485,0,176,3000,500,1000,0,0,0,0,0,0,1,0,0,0,-191.25,1,120,8200,0,-53.75,173.75,21,0,0,0,0,1000
6486,0,177,3000,500,1000,0,0,0,0,0,0,1,0,0,0,-191.25,1,120,8200,0,-53.75,173.75,21,0,0,0,0,1000
6487,0,178,3000,500,1000,0,0,0,0,0,0,1,0,0,0,-191.25,1,120,8200,0,-53.75,173.75,21,0,0,0,0,1000
6488,0,179,3000,500,1000,0,0,0,0,0,0,1,0,0,0,-191.25,1,120,8200,0,-53.75,173.75,21,0,0,0,0,1000
6489,0,180,3000,500,1000,0,0,0,0,0,0,1,0,0,0,-191.25,1,120,8200,0,-53.75,173.75,21,0,0,0,0,1000
6490,0,181,3000,500,1000,0,0,0,0,0,0,1,0,0,0,-191.25,1,120,8200,0,-53.75,173.75,21,0,0,0,0,1000
6491,0,182,3000,500,1000,0,0,0,0,0,0,1,0,0,0,-191.25,1,120,8200,0,-53.75,173.75,21,0,0,0,0,1000
6492,0,183,3000,500,1000,0,0,0,0,0,0,1,0,0,0,-191.25,1,120,8200,0,-53.75,173.75,21,0,0,0,0,1000
6493,0,184,3000,500,1000,0,0,0,0,0,0,1,0,0,0,-191.25,1,120,8200,0,-53.75,173.75,21,0,0,0,0,1000
6494,0,185,3000,500,1000,0,0,0,0,0,0,1,0,0,0,-191.25,1,120,8200,0,-53.75,173.75,21,0,0,0,0,1000
6495,0,186,3000,500,1000,0,0,0,0,0,0,1,0,0,0,-191.25,1,120,8200,0,-53.75,173.75,21,0,0,0,0,1000
6496,0,187,3000,500,1000,0,0,0,0,0,0,1,0,0,0,-191.25,1,120,8200,0,-53.75,173.75,21,0,0,0,0,1000
6497,0,188,3000,500,1000,0,0,0,0,0,0,1,0,0,0,-191.25,1,120,8200,0,-53.75,173.75,21,0,0,0,0,1000
6498,0,189,3000,500,1000,0,0,0,0,0,0,1,0,0,0,-191.25,1,120,8200,0,-53.75,173.75,21,0,0,0,0,1000
6499,0,190,3000,500,1000,0,0,0,0,0,0,1,0,0,0,-191.25,1,120,8200,0,-53.75,173.75,22,0,0,0,0,1000
6500,0,191,3000,500,1000,0,0,0,0,0,0,1,0,0,0,-191.25,1,120,8200,0,-53.75,173.75,22,0,0,0,0,1000
6501,0,192,3000,500,1000,0,0,0,0,0,0,1,0,0,0,-191.25,1,120,8200,0,-53.75,173.75,22,0,0,0,0,1000
6502,0,193,3000,500,1000,0,0,0,0,0,0,1,0,0,0,-191.25,1,120,8200,0,-53.75,173.75,22,0,0,0,0,1000
6503,0,194,3000,500,1000,0,0,0,0,0,0,1,0,0,0,-191.25,1,120,8200,0,-53.75,173.75,22,0,0,0,0,1000
6504,0,195,3000,500,1000,0,0,0,0,0,0,1,0,0,0,-191.25,1,120,8200,0,-53.75,173.75,22,0,0,0,0,1000
6505,0,196,3000,500,1000,0,0,0,0,0,0,1,0,0,0,-191.25,1,120,8200,0,-53.75,173.75,22,0,0,0,0,1000
6506,0,197,3000,500,1000,0,0,0,0,0,0,1,0,0,0,-191.25,1,120,8200,0,-53.75,173.75,22,0,0,0,0,1000
6507,0,198,3000,500,1000,0,0,0,0,0,0,1,0,0,0,-191.25,1,120,8200,0,-53.75,173.75,22,0,0,0,0,1000
6508,0,199,3000,500,1000,0,0,0,0,0,0,1,0,0,0,-191.25,1,120,8200,0,-53.75,173.75,22,0,0,0,0,1000
6509,0,200,3000,500,1000,0,0,0,0,0,0,1,0,0,0,-191.25,1,120,8200,0,-53.75,173.75,22,0,0,0,0,1000
6510,0,201,3000,500,1000,0,0,0,0,0,0,1,0,0,0,-191.25,1,120,8200,0,-53.75,173.75,22,0,0,0,0,1000
6511,0,202,3000,500,1000,0,0,0,0,0,0,1,0,0,0,-191.25,1,120,8200,0,-53.75,173.75,22,0,0,0,0,1000
6512,0,203,3000,500,1000,0,0,0,0,0,0,1,0,0,0,-191.25,1,120,8200,0,-53.75,173.75,22,0,0,0,0,1000
6513,0,204,3000,500,1000,0,0,0,0,0,0,1,0,0,0,-191.25,1,120,8200,0,-53.75,173.75,22,0,0,0,0,1000
6514,0,205,3000,500,1000,0,0,0,0,0,0,1,0,0,0,-191.25,1,120,8200,0,-53.75,173.75,22,0,0,0,0,1000
6515,0,206,3000,500,1000,0,0,0,0,0,0,1,0,0,0,-191.25,1,120,8200,0,-53.75,173.75,22,0,0,0,0,1000
6516,0,207,3000,500,1000,0,0,0,0,0,0,1,0,0,0,-191.25,1,120,8200,0,-53.75,173.75,22,0,0,0,0,1000
6517,0,208,3000,500,1000,0,0,0,0,0,0,1,0,0,0,-191.25,1,120,8200,0,-53.75,173.75,22,0,0,0,0,1000
6518,0,209,3000,500,1000,0,0,0,0,0,0,1,0,0,0,-191.25,1,120,8200,0,-53.75,173.75,22,0,0,0,0,1000
6519,0,210,3000,500,1000,0,0,0,0,0,0,1,0,0,0,-191.25,1,120,8200,0,-53.75,173.75,22,0,0,0,0,1000
6520,0,211,3000,500,1000,0,0,0,0,0,0,1,0,0,0,-191.25,1,120,8200,0,-53.75,173.75,22,0,0,0,0,1000
6521,0,212,3000,500,1000,0,0,0,0,0,0,1,0,0,0,-191.25,1,120,8200,0,-53.75,173.75,22,0,0,0,0,1000
6522,0,213,3000,500,1000,0,0,0,0,0,0,1,0,0,0,-191.25,1,120,8200,0,-53.75,173.75,22,0,0,0,0,1000
6523,0,214,3000,500,1000,0,0,0,0,0,0,1,0,0,0,-191.25,1,120,8200,0,-53.75,173.75,22,0,0,0,0,1000
6524,0,215,3000,500,1000,0,0,0,0,0,0,1,0,0,0,-191.25,1,120,8200,0,-53.75,173.75,22,0,0,0,0,1000
6525,0,216,3000,500,1000,0,0,0,0,0,0,1,0,0,0,-191.25,1,120,8200,0,-53.75,173.75,22,0,0,0,0,1000
6526,0,217,3000,500,1000,0,0,0,0,0,0,1,0,0,0,-191.25,1,120,8200,0,-53.75,173.75,22,0,0,0,0,1000
6527,0,218,3000,500,1000,0,0,0,0,0,0,1,0,0,0,-191.25,1,120,8200,0,-53.75,173.75,22,0,0,0,0,1000
6528,0,219,3000,500,1000,0,0,0,0,0,0,1,0,0,0,-191.25,1,120,8200,0,-53.75,173.75,22,0,0,0,0,1000
6529,0,220,3000,500,1000,0,0,0,0,0,0,1,0,0,0,-191.25,1,120,8200,0,-53.75,173.75,22,0,0,0,0,1000
6530,0,221,3000,500,1000,0,0,0,0,0,0,1,0,0,0,-191.25,1,120,8200,0,-53.75,173.75,22,0,0,0,0,1000
6531,0,222,3000,500,1000,0,0,0,0,0,0,1,0,0,0,-191.25,1,120,8200,0,-53.75,173.75,22,0,0,0,0,1000
6532,0,223,3000,500,1000,0,0,0,0,0,0,1,0,0,0,-191.25,1,120,8200,0,-53.75,173.75,22,0,0,0,0,1000
6533,0,224,3000,500,1000,0,0,0,0,0,0,1,0,0,0,-191.25,1,120,8200,0,-53.75,173.75,22,0,0,0,0,1000
6534,0,225,3000,500,1000,0,0,0,0,0,0,1,0,0,0,-191.25,1,120,8200,0,-53.75,173.75,22,0,0,0,0,1000
6535,0,226,3000,500,1000,0,0,0,0,0,0,1,0,0,0,-191.25,1,120,8200,0,-53.75,173.75,23,0,0,0,0,1000
6536,0,227,3000,500,1000,0,0,0,0,0,0,1,0,0,0,-191.25,1,120,8200,0,-53.75,173.75,23,0,0,0,0,1000
6537,0,228,3000,500,1000,0,0,0,0,0,0,1,0,0,0,-191.25,1,120,8200,0,-53.75,173.75,23,0,0,0,0,1000
6538,0,229,3000,500,1000,0,0,0,0,0,0,1,0,0,0,-191.25,1,120,8200,0,-53.75,173.75,23,0,0,0,0,1000
6539,0,230,3000,500,1000,0,0,0,0,0,0,1,0,0,0,-191.25,1,120,8200,0,-53.75,173.75,23,0,0,0,0,1000
6540,0,231,3000,500,1000,0,0,0,0,0,0,1,0,0,0,-191.25,1,120,8200,0,-53.75,173.75,23,0,0,0,0,1000
6541,0,232,3000,500,1000,0,0,0,0,0,0,1,0,0,0,-191.25,1,120,8200,0,-53.75,173.75,23,0,0,0,0,1000
6542,0,233,3000,500,1000,0,0,0,0,0,0,1,0,0,0,-191.25,1,120,8200,0,-53.75,173.75,23,0,0,0,0,1000
6543,0,234,3000,500,1000,0,0,0,0,0,0,1,0,0,0,-191.25,1,120,8200,0,-53.75,173.75,23,0,0,0,0,1000
6544,0,235,3000,500,1000,0,0,0,0,0,0,1,0,0,0,-191.25,1,120,8200,0,-53.75,173.75,23,0,0,0,0,1000
6545,0,236,3000,500,1000,0,0,0,0,0,0,1,0,0,0,-191.25,1,120,8200,0,-53.75,173.75,23,0,0,0,0,1000
6546,0,237,3000,500,1000,0,0,0,0,0,0,1,0,0,0,-191.25,1,120,8200,0,-53.75,173.75,23,0,0,0,0,1000
6547,0,238,3000,500,1000,0,0,0,0,0,0,1,0,0,0,-191.25,1,120,8200,0,-53.75,173.75,23,0,0,0,0,1000
6548,0,239,3000,500,1000,0,0,0,0,0,0,1,0,0,0,-191.25,1,120,8200,0,-53.75,173.75,23,0,0,0,0,1000
6549,0,240,3000,500,1000,0,0,0,0,0,0,1,0,0,0,-191.25,1,120,8200,0,-53.75,173.75,23,0,0,0,0,1000
6550,0,241,3000,500,1000,0,0,0,0,0,0,1,0,0,0,-191.25,1,120,8200,0,-53.75,173.75,23,0,0,0,0,1000
6551,0,242,3000,500,1000,0,0,0,0,0,0,1,0,0,0,-191.25,1,120,8200,0,-53.75,173.75,23,0,0,0,0,1000
6552,0,243,3000,500,1000,0,0,0,0,0,0,1,0,0,0,-191.25,1,120,8200,0,-53.75,173.75,23,0,0,0,0,1000
6553,0,244,3000,500,1000,0,0,0,0,0,0,1,0,0,0,-191.25,1,120,8200,0,-53.75,173.75,23,0,0,0,0,1000
6554,0,245,3000,500,1000,0,0,0,0,0,0,1,0,0,0,-191.25,1,120,8200,0,-53.75,173.75,23,0,0,0,0,1000
6555,0,246,3000,500,1000,0,0,0,0,0,0,1,0,0,0,-191.25,1,120,8200,0,-53.75,173.75,23,0,0,0,0,1000
6556,0,247,3000,500,1000,0,0,0,0,0,0,1,0,0,0,-191.25,1,120,8200,0,-53.75,173.75,23,0,0,0,0,1000
6557,0,248,3000,500,1000,0,0,0,0,0,0,1,0,0,0,-191.25,1,120,8200,0,-53.75,173.75,23,0,0,0,0,1000
6558,0,249,3000,500,1000,0,0,0,0,0,0,1,0,0,0,-191.25,1,120,8200,0,-53.75,173.75,23,0,0,0,0,1000
6559,0,250,3000,500,1000,0,0,0,0,0,0,1,0,0,0,-191.25,1,120,8200,0,-53.75,173.75,23,0,0,0,0,1000
6560,0,251,3000,500,1000,0,0,0,0,0,0,1,0,0,0,-191.25,1,120,8200,0,-53.75,173.75,23,0,0,0,0,1000
6561,0,252,3000,500,1000,0,0,0,0,0,0,1,0,0,0,-191.25,1,120,8200,0,-53.75,173.75,23,0,0,0,0,1000
6562,0,253,3000,500,1000,0,0,0,0,0,0,1,0,0,0,-191.25,1,120,8200,0,-53.75,173.75,23,0,0,0,0,1000
6563,0,254,3000,500,1000,0,0,0,0,0,0,1,0,0,0,-191.25,1,120,8200,0,-53.75,173.75,23,0,0,0,0,1000
6564,0,255,3000,500,1000,0,0,0,0,0,0,1,0,0,0,-191.25,1,120,8200,0,-53.75,173.75,23,0,0,0,0,1000
6565,0,256,3000,500,1000,0,0,0,0,0,0,1,0,0,0,-191.25,1,120,8200,0,-53.75,173.75,23,0,0,0,0,1000
6566,0,257,3000,500,1000,0,0,0,0,0,0,1,0,0,0,-191.25,1,120,8200,0,-53.75,173.75,23,0,0,0,0,1000
6567,0,258,3000,500,1000,0,0,0,0,0,0,1,0,0,0,-191.25,1,120,8200,0,-53.75,173.75,23,0,0,0,0,1000
6568,0,259,3000,500,1000,0,0,0,0,0,0,1,0,0,0,-191.25,1,120,8200,0,-53.75,173.75,23,0,0,0,0,1000
6569,0,260,3000,500,1000,0,0,0,0,0,0,1,0,0,0,-191.25,1,120,8200,0,-53.75,173.75,23,0,0,0,0,1000
6570,0,261,3000,500,1000,0,0,0,0,0,0,1,0,0,0,-191.25,1,120,8200,0,-53.75,173.75,23,0,0,0,0,1000
6571,0,262,3000,500,1000,0,0,0,0,0,0,1,0,0,0,-191.25,1,120,8200,0,-53.75,173.75,24,0,0,0,0,1000
6572,0,263,3000,500,1000,0,0,0,0,0,0,1,0,0,0,-191.25,1,120,8200,0,-53.75,173.75,24,0,0,0,0,1000
6573,0,264,3000,500,1000,0,0,0,0,0,0,1,0,0,0,-191.25,1,120,8200,0,-53.75,173.75,24,0,0,0,0,1000
6574,0,265,3000,500,1000,0,0,0,0,0,0,1,0,0,0,-191.25,1,120,8200,0,-53.75,173.75,24,0,0,0,0,1000
6575,0,266,3000,500,1000,0,0,0,0,0,0,1,0,0,0,-191.25,1,120,8200,0,-53.75,173.75,24,0,0,0,0,1000
6576,0,267,3000,500,1000,0,0,0,0,0,0,1,0,0,0,-191.25,1,120,8200,0,-53.75,173.75,24,0,0,0,0,1000
6577,0,268,3000,500,1000,0,0,0,0,0,0,1,0,0,0,-191.25,1,120,8200,0,-53.75,173.75,24,0,0,0,0,1000
6578,0,269,3000,500,1000,0,0,0,0,0,0,1,0,0,0,-191.25,1,120,8200,0,-53.75,173.75,24,0,0,0,0,1000
6579,0,270,3000,500,1000,0,0,0,0,0,0,1,0,0,0,-191.25,1,120,8200,0,-53.75,173.75,24,0,0,0,0,1000
6580,0,271,3000,500,1000,0,0,0,0,0,0,1,0,0,0,-191.25,1,120,8200,0,-53.75,173.75,24,0,0,0,0,1000
6581,0,272,3000,500,1000,0,0,0,0,0,0,1,0,0,0,-191.25,1,120,8200,0,-53.75,173.75,24,0,0,0,0,1000
6582,0,273,3000,500,1000,0,0,0,0,0,0,1,0,0,0,-191.25,1,120,8200,0,-53.75,173.75,24,0,0,0,0,1000
6583,0,274,3000,500,1000,0,0,0,0,0,0,1,0,0,0,-191.25,1,120,8200,0,-53.75,173.75,24,0,0,0,0,1000
6584,0,275,3000,500,1000,0,0,0,0,0,0,1,0,0,0,-191.25,1,120,8200,0,-53.75,173.75,24,0,0,0,0,1000
6585,0,276,3000,500,1000,0,0,0,0,0,0,1,0,0,0,-191.25,1,120,8200,0,-53.75,173.75,24,0,0,0,0,1000
6586,0,277,3000,500,1000,0,0,0,0,0,0,1,0,0,0,-191.25,1,120,8200,0,-53.75,173.75,24,0,0,0,0,1000
6587,0,278,3000,500,1000,0,0,0,0,0,0,1,0,0,0,-191.25,1,120,8200,0,-53.75,173.75,24,0,0,0,0,1000
6588,0,279,3000,500,1000,0,0,0,0,0,0,1,0,0,0,-191.25,1,120,8200,0,-53.75,173.75,24,0,0,0,0,1000
6589,0,280,3000,500,1000,0,0,0,0,0,0,1,0,0,0,-191.25,1,120,8200,0,-53.75,173.75,1,0,0,0,0,1000
6590,0,281,3000,500,1000,0,0,0,0,0,0,1,0,0,0,-191.25,1,120,8200,0,-53.75,173.75,1,0,0,0,0,1000
6591,0,282,3000,500,1000,0,0,0,0,0,0,1,0,0,0,-191.25,1,120,8200,0,-53.75,173.75,1,0,0,0,0,1000
6592,0,283,3000,500,1000,0,0,0,0,0,0,1,0,0,0,-191.25,1,120,8200,0,-53.75,173.75,1,0,0,0,0,1000
6593,0,284,3000,500,1000,0,0,0,0,0,0,1,0,0,0,-191.25,1,120,8200,0,-53.75,173.75,1,0,0,0,0,1000
6594,0,285,3000,500,1000,0,0,0,0,0,0,1,0,0,0,-191.25,1,120,8200,0,-53.75,173.75,1,0,0,0,0,1000
6595,0,286,3000,500,1000,0,0,0,0,0,0,1,0,0,0,-191.25,1,120,8200,0,-53.75,173.75,1,0,0,0,0,1000
6596,0,287,3000,500,1000,0,0,0,0,0,0,1,0,0,0,-191.25,1,120,8200,0,-53.75,173.75,1,0,0,0,0,1000
6597,0,288,3000,500,1000,0,0,0,0,0,0,1,0,0,0,-191.25,1,120,8200,0,-53.75,173.75,1,0,0,0,0,1000
6598,0,289,3000,500,1000,0,0,0,0,0,0,1,0,0,0,-191.25,1,120,8200,0,-53.75,173.75,1,0,0,0,0,1000
6599,0,290,3000,500,1000,0,0,0,0,0,0,1,0,0,0,-191.25,1,120,8200,0,-53.75,173.75,1,0,0,0,0,1000
6600,0,291,3000,500,1000,0,0,0,0,0,0,1,0,0,0,-191.25,1,120,8200,0,-53.75,173.75,1,0,0,0,0,1000
6601,0,292,3000,500,1000,0,0,0,0,0,0,1,0,0,0,-191.25,1,120,8200,0,-53.75,173.75,2,0,0,0,0,1000
6602,0,293,3000,500,1000,0,0,0,0,0,0,1,0,0,0,-191.25,1,120,8200,0,-53.75,173.75,2,0,0,0,0,1000
6603,0,294,3000,500,1000,0,0,0,0,0,0,1,0,0,0,-191.25,1,120,8200,0,-53.75,173.75,2,0,0,0,0,1000
6604,0,295,3000,500,1000,0,0,0,0,0,0,1,0,0,0,-191.25,1,120,8200,0,-53.75,173.75,2,0,0,0,0,1000
6605,0,296,3000,500,1000,0,0,0,0,0,0,1,0,0,0,-191.25,1,120,8200,0,-53.75,173.75,2,0,0,0,0,1000
6606,0,297,3000,500,1000,0,0,0,0,0,0,1,0,0,0,-191.25,1,120,8200,0,-53.75,173.75,2,0,0,0,0,1000
6607,0,298,3000,500,1000,0,0,0,0,0,0,1,0,0,0,-191.25,1,120,8200,0,-53.75,173.75,2,0,0,0,0,1000
6608,0,299,3000,500,1000,0,0,0,0,0,0,1,0,0,0,-191.25,1,120,8200,0,-53.75,173.75,2,0,0,0,0,1000
6609,0,300,3000,500,1000,0,0,0,0,0,0,1,0,0,0,-145.00265502929688,1,120,8200,0,-53.75,173.75,2,0,0,0,0,1000
6610,0,1,3000,500,1000,0,0,0,0,0,0,1,0,0,0,124.75265502929688,-1,120,8200,0,-53.75,173.75,2,0,0,0,0,1000
6611,0,2,3000,500,1000,0,0,0,0,0,0,1,0,0,0,298.5,1,120,8200,0,-53.75,173.75,2,0,0,0,0,1000
6612,0,3,3000,500,1000,0,0,0,0,0,0,1,0,0,0,298.25,-1,120,8200,0,-53.5,173.5,2,0,0,0,0,1000
6613,0,4,3000,500,1000,0,0,0,0,0,0,1,0,0,0,298,-1,120,8200,0,-53.25,173.25,3,0,0,0,0,1000
6614,0,5,3000,500,1000,0,0,0,0,0,0,1,0,0,0,297.75,-1,120,8200,0,-53,173,3,0,0,0,0,1000
6615,0,6,3000,500,1000,0,0,0,0,0,0,1,0,0,0,297.5,-1,120,8200,0,-52.75,172.75,3,0,0,0,0,1000
6616,0,7,3000,500,1000,0,0,0,0,0,0,1,0,0,0,297.25,-1,120,8200,0,-52.5,172.5,3,0,0,0,0,1000
6617,0,8,3000,500,1000,0,0,0,0,0,0,1,0,0,0,297,-1,120,8200,0,-52.25,172.25,3,0,0,0,0,1000
6618,0,9,3000,500,1000,0,0,0,0,0,0,1,0,0,0,296.75,-1,120,8200,0,-52,172,3,0,0,0,0,1000
6619,0,10,3000,500,1000,0,0,0,0,0,0,1,0,0,0,296.5,-1,120,8200,0,-51.75,171.75,3,0,0,0,0,1000
6620,0,11,3000,500,1000,0,0,0,0,0,0,1,0,0,0,296.25,-1,120,8200,0,-51.5,171.5,3,0,0,0,0,1000
6621,0,12,3000,500,1000,0,0,0,0,0,0,1,0,0,0,296,-1,120,8200,0,-51.25,171.25,3,0,0,0,0,1000
6622,0,13,3000,500,1000,0,0,0,0,0,0,1,0,0,0,295.75,-1,120,8200,0,-51,171,3,0,0,0,0,1000
6623,0,14,3000,500,1000,0,0,0,0,0,0,1,0,0,0,295.5,-1,120,8200,0,-50.75,170.75,3,0,0,0,0,1000
6624,0,15,3000,500,1000,0,0,0,0,0,0,1,0,0,0,295.25,-1,120,8200,0,-50.5,170.5,3,0,0,0,0,1000
6625,0,16,3000,500,1000,0,0,0,0,0,0,1,0,0,0,295,-1,120,8200,0,-50.25,170.25,4,0,0,0,0,1000
6626,0,17,3000,500,1000,0,0,0,0,0,0,1,0,0,0,294.75,-1,120,8200,0,-50,170,4,0,0,0,0,1000
6627,0,18,3000,500,1000,0,0,0,0,0,0,1,0,0,0,294.5,-1,120,8200,0,-49.75,169.75,4,0,0,0,0,1000
6628,0,19,3000,500,1000,0,0,0,0,0,0,1,0,0,0,294.25,-1,120,8200,0,-49.5,169.5,4,0,0,0,0,1000
6629,0,20,3000,500,1000,0,0,0,0,0,0,1,0,0,0,294,-1,120,8200,0,-49.25,169.25,4,0,0,0,0,1000
6630,0,21,3000,500,1000,0,0,0,0,0,0,1,0,0,0,293.75,-1,120,8200,0,-49,169,4,0,0,0,0,1000
6631,0,22,3000,500,1000,0,0,0,0,0,0,1,0,0,0,293.5,-1,120,8200,0,-48.75,168.75,4,0,0,0,0,1000
6632,0,23,3000,500,1000,0,0,0,0,0,0,1,0,0,0,293.25,-1,120,8200,0,-48.5,168.5,4,0,0,0,0,1000
6633,0,24,3000,500,1000,0,0,0,0,0,0,1,0,0,0,293,-1,120,8200,0,-48.25,168.25,4,0,0,0,0,1000
6634,0,25,3000,500,1000,0,0,0,0,0,0,1,0,0,0,292.75,-1,120,8200,0,-48,168,4,0,0,0,0,1000
6635,0,26,3000,500,1000,0,0,0,0,0,0,1,0,0,0,292.5,-1,120,8200,0,-47.75,167.75,4,0,0,0,0,1000
6636,0,27,3000,500,1000,0,0,0,0,0,0,1,0,0,0,292.25,-1,120,8200,0,-47.5,167.5,4,0,0,0,0,1000
6637,0,28,3000,500,1000,0,0,0,0,0,0,1,0,0,0,292,-1,120,8200,0,-47.25,167.25,5,0,0,0,0,1000
6638,0,29,3000,500,1000,0,0,0,0,0,0,1,0,0,0,291.75,-1,120,8200,0,-47,167,5,0,0,0,0,1000
6639,0,30,3000,500,1000,0,0,0,0,0,0,1,0,0,0,291.5,-1,120,8200,0,-46.75,166.75,5,0,0,0,0,1000
6640,0,31,3000,500,1000,0,0,0,0,0,0,1,0,0,0,291.25,-1,120,8200,0,-46.5,166.5,5,0,0,0,0,1000
6641,0,32,3000,500,1000,0,0,0,0,0,0,1,0,0,0,291,-1,120,8200,0,-46.25,166.25,5,0,0,0,0,1000
6642,0,33,3000,500,1000,0,0,0,0,0,0,1,0,0,0,290.75,-1,120,8200,0,-46,166,5,0,0,0,0,1000
6643,0,34,3000,500,1000,0,0,0,0,0,0,1,0,0,0,290.5,-1,120,8200,0,-45.75,165.75,5,0,0,0,0,1000
6644,0,35,3000,500,1000,0,0,0,0,0,0,1,0,0,0,290.25,-1,120,8200,0,-45.5,165.5,5,0,0,0,0,1000
6645,0,36,3000,500,1000,0,0,0,0,0,0,1,0,0,0,290,-1,120,8200,0,-45.25,165.25,5,0,0,0,0,1000
6646,0,37,3000,500,1000,0,0,0,0,0,0,1,0,0,0,289.75,-1,120,8200,0,-45,165,5,0,0,0,0,1000
6647,0,38,3000,500,1000,0,0,0,0,0,0,1,0,0,0,289.5,-1,120,8200,0,-44.75,164.75,5,0,0,0,0,1000
6648,0,39,3000,500,1000,0,0,0,0,0,0,1,0,0,0,289.25,-1,120,8200,0,-44.5,164.5,5,0,0,0,0,1000
6649,0,40,3000,500,1000,0,0,0,0,0,0,1,0,0,0,289,-1,120,8200,0,-44.25,164.25,6,0,0,0,0,1000
6650,0,41,3000,500,1000,0,0,0,0,0,0,1,0,0,0,288.75,-1,120,8200,0,-44,164,6,0,0,0,0,1000
6651,0,42,3000,500,1000,0,0,0,0,0,0,1,0,0,0,288.5,-1,120,8200,0,-43.75,163.75,6,0,0,0,0,1000
6652,0,43,3000,500,1000,0,0,0,0,0,0,1,0,0,0,288.25,-1,120,8200,0,-43.5,163.5,6,0,0,0,0,1000
6653,0,44,3000,500,1000,0,0,0,0,0,0,1,0,0,0,288,-1,120,8200,0,-43.25,163.25,6,0,0,0,0,1000
6654,0,45,3000,500,1000,0,0,0,0,0,0,1,0,0,0,287.75,-1,120,8200,0,-43,163,6,0,0,0,0,1000
6655,0,46,3000,500,1000,0,0,0,0,0,0,1,0,0,0,287.5,-1,120,8200,0,-42.75,162.75,6,0,0,0,0,1000
6656,0,47,3000,500,1000,0,0,0,0,0,0,1,0,0,0,287.25,-1,120,8200,0,-42.5,162.5,6,0,0,0,0,1000
6657,0,48,3000,500,1000,0,0,0,0,0,0,1,0,0,0,287,-1,120,8200,0,-42.25,162.25,6,0,0,0,0,1000
6658,0,49,3000,500,1000,0,0,0,0,0,0,1,0,0,0,286.75,-1,120,8200,0,-42,162,6,0,0,0,0,1000
6659,0,50,3000,500,1000,0,0,0,0,0,0,1,0,0,0,286.5,-1,120,8200,0,-41.75,161.75,6,0,0,0,0,1000
6660,0,51,3000,500,1000,0,0,0,0,0,0,1,0,0,0,286.25,-1,120,8200,0,-41.5,161.5,6,0,0,0,0,1000
6661,0,52,3000,500,1000,0,0,0,0,0,0,1,0,0,0,286,-1,120,8200,0,-41.25,161.25,7,0,0,0,0,1000
6662,0,53,3000,500,1000,0,0,0,0,0,0,1,0,0,0,285.75,-1,120,8200,0,-41,161,7,0,0,0,0,1000
6663,0,54,3000,500,1000,0,0,0,0,0,0,1,0,0,0,285.5,-1,120,8200,0,-40.75,160.75,7,0,0,0,0,1000
6664,0,55,3000,500,1000,0,0,0,0,0,0,1,0,0,0,285.25,-1,120,8200,0,-40.5,160.5,7,0,0,0,0,1000
6665,0,56,3000,500,1000,0,0,0,0,0,0,1,0,0,0,285,-1,120,8200,0,-40.25,160.25,7,0,0,0,0,1000
6666,0,57,3000,500,1000,0,0,0,0,0,0,1,0,0,0,284.75,-1,120,8200,0,-40,160,7,0,0,0,0,1000
6667,0,58,3000,500,1000,0,0,0,0,0,0,1,0,0,0,284.5,-1,120,8200,0,-39.75,159.75,7,0,0,0,0,1000
6668,0,59,3000,500,1000,0,0,0,0,0,0,1,0,0,0,284.25,-1,120,8200,0,-39.5,159.5,7,0,0,0,0,1000
6669,0,60,3000,500,1000,0,0,0,0,0,0,1,0,0,0,284,-1,120,8200,0,-39.25,159.25,7,0,0,0,0,1000
6670,0,61,3000,500,1000,0,0,0,0,0,0,1,0,0,0,283.75,-1,120,8200,0,-39,159,7,0,0,0,0,1000
6671,0,62,3000,500,1000,0,0,0,0,0,0,1,0,0,0,283.5,-1,120,8200,0,-38.75,158.75,7,0,0,0,0,1000
6672,0,63,3000,500,1000,0,0,0,0,0,0,1,0,0,0,283.25,-1,120,8200,0,-38.5,158.5,7,0,0,0,0,1000
6673,0,64,3000,500,1000,0,0,0,0,0,0,1,0,0,0,283,-1,120,8200,0,-38.25,158.25,8,0,0,0,0,1000
6674,0,65,3000,500,1000,0,0,0,0,0,0,1,0,0,0,282.75,-1,120,8200,0,-38,158,8,0,0,0,0,1000
6675,0,66,3000,500,1000,0,0,0,0,0,0,1,0,0,0,282.5,-1,120,8200,0,-37.75,157.75,8,0,0,0,0,1000
6676,0,67,3000,500,1000,0,0,0,0,0,0,1,0,0,0,282.25,-1,120,8200,0,-37.5,157.5,8,0,0,0,0,1000
6677,0,68,3000,500,1000,0,0,0,0,0,0,1,0,0,0,282,-1,120,8200,0,-37.25,157.25,8,0,0,0,0,1000
6678,0,69,3000,500,1000,0,0,0,0,0,0,1,0,0,0,281.75,-1,120,8200,0,-37,157,8,0,0,0,0,1000
6679,0,70,3000,500,1000,0,0,0,0,0,0,1,0,0,0,281.5,-1,120,8200,0,-36.75,156.75,8,0,0,0,0,1000
6680,0,71,3000,500,1000,0,0,0,0,0,0,1,0,0,0,281.25,-1,120,8200,0,-36.5,156.5,8,0,0,0,0,1000
6681,0,72,3000,500,1000,0,0,0,0,0,0,1,0,0,0,281,-1,120,8200,0,-36.25,156.25,8,0,0,0,0,1000
6682,0,73,3000,500,1000,0,0,0,0,0,0,1,0,0,0,280.75,-1,120,8200,0,-36,156,8,0,0,0,0,1000
6683,0,74,3000,500,1000,0,0,0,0,0,0,1,0,0,0,280.5,-1,120,8200,0,-35.75,155.75,8,0,0,0,0,1000
6684,0,75,3000,500,1000,0,0,0,0,0,0,1,0,0,0,280.25,-1,120,8200,0,-35.5,155.5,8,0,0,0,0,1000
6685,0,76,3000,500,1000,0,0,0,0,0,0,1,0,0,0,280,-1,120,8200,0,-35.25,155.25,9,0,0,0,0,1000
6686,0,77,3000,500,1000,0,0,0,0,0,0,1,0,0,0,279.75,-1,120,8200,0,-35,155,9,0,0,0,0,1000
6687,0,78,3000,500,1000,0,0,0,0,0,0,1,0,0,0,279.5,-1,120,8200,0,-34.75,154.75,9,0,0,0,0,1000
6688,0,79,3000,500,1000,0,0,0,0,0,0,1,0,0,0,279.25,-1,120,8200,0,-34.5,154.5,9,0,0,0,0,1000
6689,0,80,3000,500,1000,0,0,0,0,0,0,1,0,0,0,279,-1,120,8200,0,-34.25,154.25,9,0,0,0,0,1000
6690,0,81,3000,500,1000,0,0,0,0,0,0,1,0,0,0,278.75,-1,120,8200,0,-34,154,9,0,0,0,0,1000
6691,0,82,3000,500,1000,0,0,0,0,0,0,1,0,0,0,278.5,-1,120,8200,0,-33.75,153.75,9,0,0,0,0,1000
6692,0,83,3000,500,1000,0,0,0,0,0,0,1,0,0,0,278.25,-1,120,8200,0,-33.5,153.5,9,0,0,0,0,1000
6693,0,84,3000,500,1000,0,0,0,0,0,0,1,0,0,0,278,-1,120,8200,0,-33.25,153.25,9,0,0,0,0,1000
6694,0,85,3000,500,1000,0,0,0,0,0,0,1,0,0,0,277.75,-1,120,8200,0,-33,153,9,0,0,0,0,1000
6695,0,86,3000,500,1000,0,0,0,0,0,0,1,0,0,0,277.5,-1,120,8200,0,-32.75,152.75,9,0,0,0,0,1000
6696,0,87,3000,500,1000,0,0,0,0,0,0,1,0,0,0,277.25,-1,120,8200,0,-32.5,152.5,9,0,0,0,0,1000
6697,0,88,3000,500,1000,0,0,0,0,0,0,1,0,0,0,277,-1,120,8200,0,-32.25,152.25,10,0,0,0,0,1000
6698,0,89,3000,500,1000,0,0,0,0,0,0,1,0,0,0,276.75,-1,120,8200,0,-32,152,10,0,0,0,0,1000
6699,0,90,3000,500,1000,0,0,0,0,0,0,1,0,0,0,276.5,-1,120,8200,0,-31.75,151.75,10,0,0,0,0,1000
6700,0,91,3000,500,1000,0,0,0,0,0,0,1,0,0,0,276.25,-1,120,8200,0,-31.5,151.5,10,0,0,0,0,1000
6701,0,92,3000,500,1000,0,0,0,0,0,0,1,0,0,0,276,-1,120,8200,0,-31.25,151.25,10,0,0,0,0,1000
6702,0,93,3000,500,1000,0,0,0,0,0,0,1,0,0,0,275.75,-1,120,8200,0,-31,151,10,0,0,0,0,1000
6703,0,94,3000,500,1000,0,0,0,0,0,0,1,0,0,0,275.5,-1,120,8200,0,-30.75,150.75,10,0,0,0,0,1000
6704,0,95,3000,500,1000,0,0,0,0,0,0,1,0,0,0,275.25,-1,120,8200,0,-30.5,150.5,10,0,0,0,0,1000
6705,0,96,3000,500,1000,0,0,0,0,0,0,1,0,0,0,275,-1,120,8200,0,-30.25,150.25,10,0,0,0,0,1000
6706,0,97,3000,500,1000,0,0,0,0,0,0,1,0,0,0,274.75,-1,120,8200,0,-30,150,10,0,0,0,0,1000
6707,0,98,3000,500,1000,0,0,0,0,0,0,1,0,0,0,274.5,-1,120,8200,0,-29.75,149.75,10,0,0,0,0,1000
6708,0,99,3000,500,1000,0,0,0,0,0,0,1,0,0,0,274.25,-1,120,8200,0,-29.5,149.5,10,0,0,0,0,1000
6709,0,100,3000,500,1000,0,0,0,0,0,0,1,0,0,0,274,-1,120,8200,0,-29.25,149.25,11,0,0,0,0,1000
6710,0,101,3000,500,1000,0,0,0,0,0,0,1,0,0,0,273.75,-1,120,8200,0,-29,149,11,0,0,0,0,1000
6711,0,102,3000,500,1000,0,0,0,0,0,0,1,0,0,0,273.5,-1,120,8200,0,-28.75,148.75,11,0,0,0,0,1000
6712,0,103,3000,500,1000,0,0,0,0,0,0,1,0,0,0,273.25,-1,120,8200,0,-28.5,148.5,11,0,0,0,0,1000
6713,0,104,3000,500,1000,0,0,0,0,0,0,1,0,0,0,273,-1,120,8200,0,-28.25,148.25,11,0,0,0,0,1000
6714,0,105,3000,500,1000,0,0,0,0,0,0,1,0,0,0,272.75,-1,120,8200,0,-28,148,11,0,0,0,0,1000
6715,0,106,3000,500,1000,0,0,0,0,0,0,1,0,0,0,272.5,-1,120,8200,0,-27.75,147.75,11,0,0,0,0,1000
6716,0,107,3000,500,1000,0,0,0,0,0,0,1,0,0,0,272.25,-1,120,8200,0,-27.5,147.5,11,0,0,0,0,1000
6717,0,108,3000,500,1000,0,0,0,0,0,0,1,0,0,0,272,-1,120,8200,0,-27.25,147.25,11,0,0,0,0,1000
6718,0,109,3000,500,1000,0,0,0,0,0,0,1,0,0,0,271.75,-1,120,8200,0,-27,147,11,0,0,0,0,1000
6719,0,110,3000,500,1000,0,0,0,0,0,0,1,0,0,0,271.5,-1,120,8200,0,-26.75,146.75,11,0,0,0,0,1000
6720,0,111,3000,500,1000,0,0,0,0,0,0,1,0,0,0,271.25,-1,120,8200,0,-26.5,146.5,11,0,0,0,0,1000
6721,0,112,3000,500,1000,0,0,0,0,0,0,1,0,0,0,271,-1,120,8200,0,-26.25,146.25,12,0,0,0,0,1000
6722,0,113,3000,500,1000,0,0,0,0,0,0,1,0,0,0,270.75,-1,120,8200,0,-26,146,12,0,0,0,0,1000
6723,0,114,3000,500,1000,0,0,0,0,0,0,1,0,0,0,270.5,-1,120,8200,0,-25.75,145.75,12,0,0,0,0,1000
6724,0,115,3000,500,1000,0,0,0,0,0,0,1,0,0,0,270.25,-1,120,8200,0,-25.5,145.5,12,0,0,0,0,1000
6725,0,116,3000,500,1000,0,0,0,0,0,0,1,0,0,0,270,-1,120,8200,0,-25.25,145.25,12,0,0,0,0,1000
6726,0,117,3000,500,1000,0,0,0,0,0,0,1,0,0,0,269.75,-1,120,8200,0,-25,145,12,0,0,0,0,1000
6727,0,118,3000,500,1000,0,0,0,0,0,0,1,0,0,0,269.5,-1,120,8200,0,-24.75,144.75,12,0,0,0,0,1000
6728,0,119,3000,500,1000,0,0,0,0,0,0,1,0,0,0,269.25,-1,120,8200,0,-24.5,144.5,12,0,0,0,0,1000
6729,0,120,3000,500,1000,0,0,0,0,0,0,1,0,0,0,269,-1,120,8200,0,-24.25,144.25,12,0,0,0,0,1000
6730,0,121,3000,500,1000,0,0,0,0,0,0,1,0,0,0,268.75,-1,120,8200,0,-24,144,12,0,0,0,0,1000
6731,0,122,3000,500,1000,0,0,0,0,0,0,1,0,0,0,268.5,-1,120,8200,0,-23.75,143.75,12,0,0,0,0,1000
6732,0,123,3000,500,1000,0,0,0,0,0,0,1,0,0,0,268.25,-1,120,8200,0,-23.5,143.5,12,0,0,0,0,1000
6733,0,124,3000,500,1000,0,0,0,0,0,0,1,0,0,0,268,-1,120,8200,0,-23.25,143.25,13,0,0,0,0,1000
6734,0,125,3000,500,1000,0,0,0,0,0,0,1,0,0,0,267.75,-1,120,8200,0,-23,143,13,0,0,0,0,1000
6735,0,126,3000,500,1000,0,0,0,0,0,0,1,0,0,0,267.5,-1,120,8200,0,-22.75,142.75,13,0,0,0,0,1000
6736,0,127,3000,500,1000,0,0,0,0,0,0,1,0,0,0,267.25,-1,120,8200,0,-22.5,142.5,13,0,0,0,0,1000
6737,0,128,3000,500,1000,0,0,0,0,0,0,1,0,0,0,267,-1,120,8200,0,-22.25,142.25,13,0,0,0,0,1000
6738,0,129,3000,500,1000,0,0,0,0,0,0,1,0,0,0,266.75,-1,120,8200,0,-22,142,13,0,0,0,0,1000
6739,0,130,3000,500,1000,0,0,0,0,0,0,1,0,0,0,266.5,-1,120,8200,0,-21.75,141.75,13,0,0,0,0,1000
6740,0,131,3000,500,1000,0,0,0,0,0,0,1,0,0,0,266.25,-1,120,8200,0,-21.5,141.5,13,0,0,0,0,1000
6741,0,132,3000,500,1000,0,0,0,0,0,0,1,0,0,0,266,-1,120,8200,0,-21.25,141.25,13,0,0,0,0,1000
6742,0,133,3000,500,1000,0,0,0,0,0,0,1,0,0,0,265.75,-1,120,8200,0,-21,141,13,0,0,0,0,1000
6743,0,134,3000,500,1000,0,0,0,0,0,0,1,0,0,0,265.5,-1,120,8200,0,-20.75,140.75,13,0,0,0,0,1000
6744,0,135,3000,500,1000,0,0,0,0,0,0,1,0,0,0,265.25,-1,120,8200,0,-20.5,140.5,13,0,0,0,0,1000
6745,0,136,3000,500,1000,0,0,0,0,0,0,1,0,0,0,265,-1,120,8200,0,-20.25,140.25,14,0,0,0,0,1000
6746,0,137,3000,500,1000,0,0,0,0,0,0,1,0,0,0,264.75,-1,120,8200,0,-20,140,14,0,0,0,0,1000
6747,0,138,3000,500,1000,0,0,0,0,0,0,1,0,0,0,264.5,-1,120,8200,0,-19.75,139.75,14,0,0,0,0,1000
6748,0,139,3000,500,1000,0,0,0,0,0,0,1,0,0,0,264.25,-1,120,8200,0,-19.5,139.5,14,0,0,0,0,1000
6749,0,140,3000,500,1000,0,0,0,0,0,0,1,0,0,0,264,-1,120,8200,0,-19.25,139.25,14,0,0,0,0,1000
6750,0,141,3000,500,1000,0,0,0,0,0,0,1,0,0,0,263.75,-1,120,8200,0,-19,139,14,0,0,0,0,1000
6751,0,142,3000,500,1000,0,0,0,0,0,0,1,0,0,0,263.5,-1,120,8200,0,-18.75,138.75,14,0,0,0,0,1000
6752,0,143,3000,500,1000,0,0,0,0,0,0,1,0,0,0,263.25,-1,120,8200,0,-18.5,138.5,14,0,0,0,0,1000
6753,0,144,3000,500,1000,0,0,0,0,0,0,1,0,0,0,263,-1,120,8200,0,-18.25,138.25,14,0,0,0,0,1000
6754,0,145,3000,500,1000,0,0,0,0,0,0,1,0,0,0,262.75,-1,120,8200,0,-18,138,14,0,0,0,0,1000
6755,0,146,3000,500,1000,0,0,0,0,0,0,1,0,0,0,262.5,-1,120,8200,0,-17.75,137.75,14,0,0,0,0,1000
6756,0,147,3000,500,1000,0,0,0,0,0,0,1,0,0,0,262.25,-1,120,8200,0,-17.5,137.5,14,0,0,0,0,1000
6757,0,148,3000,500,1000,0,0,0,0,0,0,1,0,0,0,262,-1,120,8200,0,-17.25,137.25,15,0,0,0,0,1000
6758,0,149,3000,500,1000,0,0,0,0,0,0,1,0,0,0,261.75,-1,120,8200,0,-17,137,15,0,0,0,0,1000
6759,0,150,3000,500,1000,0,0,0,0,0,0,1,0,0,0,261.5,-1,120,8200,0,-16.75,136.75,15,0,0,0,0,1000
6760,0,151,3000,500,1000,0,0,0,0,0,0,1,0,0,0,261.25,-1,120,8200,0,-16.5,136.5,15,0,0,0,0,1000
6761,0,152,3000,500,1000,0,0,0,0,0,0,1,0,0,0,261,-1,120,8200,0,-16.25,136.25,15,0,0,0,0,1000
6762,0,153,3000,500,1000,0,0,0,0,0,0,1,0,0,0,260.75,-1,120,8200,0,-16,136,15,0,0,0,0,1000
6763,0,154,3000,500,1000,0,0,0,0,0,0,1,0,0,0,260.5,-1,120,8200,0,-15.75,135.75,15,0,0,0,0,1000
6764,0,155,3000,500,1000,0,0,0,0,0,0,1,0,0,0,260.25,-1,120,8200,0,-15.5,135.5,15,0,0,0,0,1000
6765,0,156,3000,500,1000,0,0,0,0,0,0,1,0,0,0,260,-1,120,8200,0,-15.25,135.25,15,0,0,0,0,1000
6766,0,157,3000,500,1000,0,0,0,0,0,0,1,0,0,0,259.75,-1,120,8200,0,-15,135,15,0,0,0,0,1000
6767,0,158,3000,500,1000,0,0,0,0,0,0,1,0,0,0,259.5,-1,120,8200,0,-14.75,134.75,15,0,0,0,0,1000
6768,0,159,3000,500,1000,0,0,0,0,0,0,1,0,0,0,259.25,-1,120,8200,0,-14.5,134.5,15,0,0,0,0,1000
6769,0,160,3000,500,1000,0,0,0,0,0,0,1,0,0,0,259,-1,120,8200,0,-14.25,134.25,16,0,0,0,0,1000
6770,0,161,3000,500,1000,0,0,0,0,0,0,1,0,0,0,258.75,-1,120,8200,0,-14,134,16,0,0,0,0,1000
6771,0,162,3000,500,1000,0,0,0,0,0,0,1,0,0,0,258.5,-1,120,8200,0,-13.75,133.75,16,0,0,0,0,1000
6772,0,163,3000,500,1000,0,0,0,0,0,0,1,0,0,0,258.25,-1,120,8200,0,-13.5,133.5,16,0,0,0,0,1000
6773,0,164,3000,500,1000,0,0,0,0,0,0,1,0,0,0,258,-1,120,8200,0,-13.25,133.25,16,0,0,0,0,1000
6774,0,165,3000,500,1000,0,0,0,0,0,0,1,0,0,0,257.75,-1,120,8200,0,-13,133,16,0,0,0,0,1000
6775,0,166,3000,500,1000,0,0,0,0,0,0,1,0,0,0,257.5,-1,120,8200,0,-12.75,132.75,16,0,0,0,0,1000
6776,0,167,3000,500,1000,0,0,0,0,0,0,1,0,0,0,257.25,-1,120,8200,0,-12.5,132.5,16,0,0,0,0,1000
6777,0,168,3000,500,1000,0,0,0,0,0,0,1,0,0,0,257,-1,120,8200,0,-12.25,132.25,16,0,0,0,0,1000
6778,0,169,3000,500,1000,0,0,0,0,0,0,1,0,0,0,256.75,-1,120,8200,0,-12,132,16,0,0,0,0,1000
6779,0,170,3000,500,1000,0,0,0,0,0,0,1,0,0,0,256.5,-1,120,8200,0,-11.75,131.75,16,0,0,0,0,1000
6780,0,171,3000,500,1000,0,0,0,0,0,0,1,0,0,0,256.25,-1,120,8200,0,-11.5,131.5,16,0,0,0,0,1000
6781,0,172,3000,500,1000,0,0,0,0,0,0,1,0,0,0,256,-1,120,8200,0,-11.25,131.25,17,0,0,0,0,1000
6782,0,173,3000,500,1000,0,0,0,0,0,0,1,0,0,0,255.75,-1,120,8200,0,-11,131,17,0,0,0,0,1000
6783,0,174,3000,500,1000,0,0,0,0,0,0,1,0,0,0,255.5,-1,120,8200,0,-10.75,130.75,17,0,0,0,0,1000
6784,0,175,3000,500,1000,0,0,0,0,0,0,1,0,0,0,255.25,-1,120,8200,0,-10.5,130.5,17,0,0,0,0,1000
6785,0,176,3000,500,1000,0,0,0,0,0,0,1,0,0,0,255,-1,120,8200,0,-10.25,130.25,17,0,0,0,0,1000
6786,0,177,3000,500,1000,0,0,0,0,0,0,1,0,0,0,254.75,-1,120,8200,0,-10,130,17,0,0,0,0,1000
6787,0,178,3000,500,1000,0,0,0,0,0,0,1,0,0,0,254.5,-1,120,8200,0,-9.75,129.75,17,0,0,0,0,1000
6788,0,179,3000,500,1000,0,0,0,0,0,0,1,0,0,0,254.25,-1,120,8200,0,-9.5,129.5,17,0,0,0,0,1000
6789,0,180,3000,500,1000,0,0,0,0,0,0,1,0,0,0,254,-1,120,8200,0,-9.25,129.25,17,0,0,0,0,1000
6790,0,181,3000,500,1000,0,0,0,0,0,0,1,0,0,0,253.75,-1,120,8200,0,-9,129,17,0,0,0,0,1000
6791,0,182,3000,500,1000,0,0,0,0,0,0,1,0,0,0,253.5,-1,120,8200,0,-8.75,128.75,17,0,0,0,0,1000
6792,0,183,3000,500,1000,0,0,0,0,0,0,1,0,0,0,253.25,-1,120,8200,0,-8.5,128.5,17,0,0,0,0,1000
6793,0,184,3000,500,1000,0,0,0,0,0,0,1,0,0,0,253,-1,120,8200,0,-8.25,128.25,18,0,0,0,0,1000
6794,0,185,3000,500,1000,0,0,0,0,0,0,1,0,0,0,252.75,-1,120,8200,0,-8,128,18,0,0,0,0,1000
6795,0,186,3000,500,1000,0,0,0,0,0,0,1,0,0,0,252.5,-1,120,8200,0,-7.75,127.75,18,0,0,0,0,1000
6796,0,187,3000,500,1000,0,0,0,0,0,0,1,0,0,0,252.25,-1,120,8200,0,-7.5,127.5,18,0,0,0,0,1000
6797,0,188,3000,500,1000,0,0,0,0,0,0,1,0,0,0,252,-1,120,8200,0,-7.25,127.25,18,0,0,0,0,1000
6798,0,189,3000,500,1000,0,0,0,0,0,0,1,0,0,0,251.75,-1,120,8200,0,-7,127,18,0,0,0,0,1000
6799,0,190,3000,500,1000,0,0,0,0,0,0,1,0,0,0,251.5,-1,120,8200,0,-6.75,126.75,18,0,0,0,0,1000
6800,0,191,3000,500,1000,0,0,0,0,0,0,1,0,0,0,251.25,-1,120,8200,0,-6.5,126.5,18,0,0,0,0,1000
6801,0,192,3000,500,1000,0,0,0,0,0,0,1,0,0,0,251,-1,120,8200,0,-6.25,126.25,18,0,0,0,0,1000
6802,0,193,3000,500,1000,0,0,0,0,0,0,1,0,0,0,250.75,-1,120,8200,0,-6,126,18,0,0,0,0,1000
6803,0,194,3000,500,1000,0,0,0,0,0,0,1,0,0,0,250.5,-1,120,8200,0,-5.75,125.75,18,0,0,0,0,1000
6804,0,195,3000,500,1000,0,0,0,0,0,0,1,0,0,0,250.25,-1,120,8200,0,-5.5,125.5,18,0,0,0,0,1000
6805,0,196,3000,500,1000,0,0,0,0,0,0,1,0,0,0,250,-1,120,8200,0,-5.25,125.25,19,0,0,0,0,1000
6806,0,197,3000,500,1000,0,0,0,0,0,0,1,0,0,0,249.75,-1,120,8200,0,-5,125,19,0,0,0,0,1000
6807,0,198,3000,500,1000,0,0,0,0,0,0,1,0,0,0,249.5,-1,120,8200,0,-4.75,124.75,19,0,0,0,0,1000
6808,0,199,3000,500,1000,0,0,0,0,0,0,1,0,0,0,249.25,-1,120,8200,0,-4.5,124.5,19,0,0,0,0,1000
6809,0,200,3000,500,1000,0,0,0,0,0,0,1,0,0,0,249,-1,120,8200,0,-4.25,124.25,19,0,0,0,0,1000
6810,0,201,3000,500,1000,0,0,0,0,0,0,1,0,0,0,248.75,-1,120,8200,0,-4,124,19,0,0,0,0,1000
6811,0,202,3000,500,1000,0,0,0,0,0,0,1,0,0,0,248.5,-1,120,8200,0,-3.75,123.75,19,0,0,0,0,1000
6812,0,203,3000,500,1000,0,0,0,0,0,0,1,0,0,0,248.25,-1,120,8200,0,-3.5,123.5,19,0,0,0,0,1000
6813,0,204,3000,500,1000,0,0,0,0,0,0,1,0,0,0,248,-1,120,8200,0,-3.25,123.25,19,0,0,0,0,1000
6814,0,205,3000,500,1000,0,0,0,0,0,0,1,0,0,0,247.75,-1,120,8200,0,-3,123,19,0,0,0,0,1000
6815,0,206,3000,500,1000,0,0,0,0,0,0,1,0,0,0,247.5,-1,120,8200,0,-2.75,122.75,19,0,0,0,0,1000
6816,0,207,3000,500,1000,0,0,0,0,0,0,1,0,0,0,247.25,-1,120,8200,0,-2.5,122.5,19,0,0,0,0,1000
6817,0,208,3000,500,1000,0,0,0,0,0,0,1,0,0,0,247,-1,120,8200,0,-2.25,122.25,19,0,0,0,0,1000
6818,0,209,3000,500,1000,0,0,0,0,0,0,1,0,0,0,246.75,-1,120,8200,0,-2,122,19,0,0,0,0,1000
6819,0,210,3000,500,1000,0,0,0,0,0,0,1,0,0,0,246.5,-1,120,8200,0,-1.75,121.75,19,0,0,0,0,1000
6820,0,211,3000,500,1000,0,0,0,0,0,0,1,0,0,0,246.25,-1,120,8200,0,-1.5,121.5,19,0,0,0,0,1000
6821,0,212,3000,500,1000,0,0,0,0,0,0,1,0,0,0,246,-1,120,8200,0,-1.25,121.25,19,0,0,0,0,1000
6822,0,213,3000,500,1000,0,0,0,0,0,0,1,0,0,0,245.75,-1,120,8200,0,-1,121,19,0,0,0,0,1000
6823,0,214,3000,500,1000,0,0,0,0,0,0,1,0,0,0,245.5,-1,120,8200,0,-0.75,120.75,20,0,0,0,0,1000
6824,0,215,3000,500,1000,0,0,0,0,0,0,1,0,0,0,245.25,-1,120,8200,0,-0.5,120.5,20,0,0,0,0,1000
6825,0,216,3000,500,1000,0,0,0,0,0,0,1,0,0,0,245,-1,120,8200,0,-0.25,120.25,20,0,0,0,0,1000
6826,0,217,3000,500,1000,0,0,0,0,0,0,1,0,0,0,244.75,-1,120,8200,0,0,120,20,0,0,0,0,1000
6827,0,218,3000,500,1000,0,0,0,0,0,0,1,0,0,0,244.5,-1,120,8200,0,0.25,119.75,20,0,0,0,0,1000
6828,0,219,3000,500,1000,0,0,0,0,0,0,1,0,0,0,244.25,-1,120,8200,0,0.5,119.5,20,0,0,0,0,1000
6829,0,220,3000,500,1000,0,0,0,0,0,0,1,0,0,0,244,-1,120,8200,0,0.75,119.25,20,0,0,0,0,1000
6830,0,221,3000,500,1000,0,0,0,0,0,0,1,0,0,0,243.75,-1,120,8200,0,1,119,20,0,0,0,0,1000
6831,0,222,3000,500,1000,0,0,0,0,0,0,1,0,0,0,243.5,-1,120,8200,0,1.25,118.75,20,0,0,0,0,1000
6832,0,223,3000,500,1000,0,0,0,0,0,0,1,0,0,0,243.25,-1,120,8200,0,1.5,118.5,20,0,0,0,0,1000
6833,0,224,3000,500,1000,0,0,0,0,0,0,1,0,0,0,243,-1,120,8200,0,1.75,118.25,20,0,0,0,0,1000
6834,0,225,3000,500,1000,0,0,0,0,0,0,1,0,0,0,242.75,-1,120,8200,0,2,118,20,0,0,0,0,1000
6835,0,226,3000,500,1000,0,0,0,0,0,0,1,0,0,0,242.5,-1,120,8200,0,2.25,117.75,20,0,0,0,0,1000
6836,0,227,3000,500,1000,0,0,0,0,0,0,1,0,0,0,242.25,-1,120,8200,0,2.5,117.5,20,0,0,0,0,1000
6837,0,228,3000,500,1000,0,0,0,0,0,0,1,0,0,0,242,-1,120,8200,0,2.75,117.25,20,0,0,0,0,1000
6838,0,229,3000,500,1000,0,0,0,0,0,0,1,0,0,0,241.75,-1,120,8200,0,3,117,20,0,0,0,0,1000
6839,0,230,3000,500,1000,0,0,0,0,0,0,1,0,0,0,241.5,-1,120,8200,0,3.25,116.75,20,0,0,0,0,1000
6840,0,231,3000,500,1000,0,0,0,0,0,0,1,0,0,0,241.25,-1,120,8200,0,3.5,116.5,20,0,0,0,0,1000
6841,0,232,3000,500,1000,0,0,0,0,0,0,1,0,0,0,241,-1,120,8200,0,3.75,116.25,21,0,0,0,0,1000
6842,0,233,3000,500,1000,0,0,0,0,0,0,1,0,0,0,240.75,-1,120,8200,0,4,116,21,0,0,0,0,1000
6843,0,234,3000,500,1000,0,0,0,0,0,0,1,0,0,0,240.5,-1,120,8200,0,4.25,115.75,21,0,0,0,0,1000
6844,0,235,3000,500,1000,0,0,0,0,0,0,1,0,0,0,240.25,-1,120,8200,0,4.5,115.5,21,0,0,0,0,1000
6845,0,236,3000,500,1000,0,0,0,0,0,0,1,0,0,0,240,-1,120,8200,0,4.75,115.25,21,0,0,0,0,1000
6846,0,237,3000,500,1000,0,0,0,0,0,0,1,0,0,0,239.75,-1,120,8200,0,5,115,21,0,0,0,0,1000
6847,0,238,3000,500,1000,0,0,0,0,0,0,1,0,0,0,239.5,-1,120,8200,0,5.25,114.75,21,0,0,0,0,1000
6848,0,239,3000,500,1000,0,0,0,0,0,0,1,0,0,0,239.25,-1,120,8200,0,5.5,114.5,21,0,0,0,0,1000
6849,0,240,3000,500,1000,0,0,0,0,0,0,1,0,0,0,239,-1,120,8200,0,5.75,114.25,21,0,0,0,0,1000
6850,0,241,3000,500,1000,0,0,0,0,0,0,1,0,0,0,238.75,-1,120,8200,0,6,114,21,0,0,0,0,1000
6851,0,242,3000,500,1000,0,0,0,0,0,0,1,0,0,0,238.5,-1,120,8200,0,6.25,113.75,21,0,0,0,0,1000
6852,0,243,3000,500,1000,0,0,0,0,0,0,1,0,0,0,238.25,-1,120,8200,0,6.5,113.5,21,0,0,0,0,1000
6853,0,244,3000,500,1000,0,0,0,0,0,0,1,0,0,0,238,-1,120,8200,0,6.75,113.25,21,0,0,0,0,1000
6854,0,245,3000,500,1000,0,0,0,0,0,0,1,0,0,0,237.75,-1,120,8200,0,7,113,21,0,0,0,0,1000
6855,0,246,3000,500,1000,0,0,0,0,0,0,1,0,0,0,237.5,-1,120,8200,0,7.25,112.75,21,0,0,0,0,1000
6856,0,247,3000,500,1000,0,0,0,0,0,0,1,0,0,0,237.25,-1,120,8200,0,7.5,112.5,21,0,0,0,0,1000
6857,0,248,3000,500,1000,0,0,0,0,0,0,1,0,0,0,237,-1,120,8200,0,7.75,112.25,21,0,0,0,0,1000
6858,0,249,3000,500,1000,0,0,0,0,0,0,1,0,0,0,236.75,-1,120,8200,0,8,112,21,0,0,0,0,1000
6859,0,250,3000,500,1000,0,0,0,0,0,0,1,0,0,0,236.5,-1,120,8200,0,8.25,111.75,21,0,0,0,0,1000
6860,0,251,3000,500,1000,0,0,0,0,0,0,1,0,0,0,236.25,-1,120,8200,0,8.5,111.5,21,0,0,0,0,1000
6861,0,252,3000,500,1000,0,0,0,0,0,0,1,0,0,0,236,-1,120,8200,0,8.75,111.25,21,0,0,0,0,1000
6862,0,253,3000,500,1000,0,0,0,0,0,0,1,0,0,0,235.75,-1,120,8200,0,9,111,21,0,0,0,0,1000
6863,0,254,3000,500,1000,0,0,0,0,0,0,1,0,0,0,235.5,-1,120,8200,0,9.25,110.75,21,0,0,0,0,1000
6864,0,255,3000,500,1000,0,0,0,0,0,0,1,0,0,0,235.25,-1,120,8200,0,9.5,110.5,21,0,0,0,0,1000
6865,0,256,3000,500,1000,0,0,0,0,0,0,1,0,0,0,235,-1,120,8200,0,9.75,110.25,21,0,0,0,0,1000
6866,0,257,3000,500,1000,0,0,0,0,0,0,1,0,0,0,234.75,-1,120,8200,0,10,110,21,0,0,0,0,1000
6867,0,258,3000,500,1000,0,0,0,0,0,0,1,0,0,0,234.5,-1,120,8200,0,10.25,109.75,21,0,0,0,0,1000
6868,0,259,3000,500,1000,0,0,0,0,0,0,1,0,0,0,234.25,-1,120,8200,0,10.5,109.5,21,0,0,0,0,1000
6869,0,260,3000,500,1000,0,0,0,0,0,0,1,0,0,0,234,-1,120,8200,0,10.75,109.25,21,0,0,0,0,1000
6870,0,261,3000,500,1000,0,0,0,0,0,0,1,0,0,0,233.75,-1,120,8200,0,11,109,21,0,0,0,0,1000
6871,0,262,3000,500,1000,0,0,0,0,0,0,1,0,0,0,233.5,-1,120,8200,0,11.25,108.75,21,0,0,0,0,1000
6872,0,263,3000,500,1000,0,0,0,0,0,0,1,0,0,0,233.25,-1,120,8200,0,11.5,108.5,21,0,0,0,0,1000
6873,0,264,3000,500,1000,0,0,0,0,0,0,1,0,0,0,233,-1,120,8200,0,11.75,108.25,21,0,0,0,0,1000
6874,0,265,3000,500,1000,0,0,0,0,0,0,1,0,0,0,232.75,-1,120,8200,0,12,108,21,0,0,0,0,1000
6875,0,266,3000,500,1000,0,0,0,0,0,0,1,0,0,0,232.5,-1,120,8200,0,12.25,107.75,21,0,0,0,0,1000
6876,0,267,3000,500,1000,0,0,0,0,0,0,1,0,0,0,232.25,-1,120,8200,0,12.5,107.5,21,0,0,0,0,1000
6877,0,268,3000,500,1000,0,0,0,0,0,0,1,0,0,0,232,-1,120,8200,0,12.75,107.25,22,0,0,0,0,1000
6878,0,269,3000,500,1000,0,0,0,0,0,0,1,0,0,0,231.75,-1,120,8200,0,13,107,22,0,0,0,0,1000
6879,0,270,3000,500,1000,0,0,0,0,0,0,1,0,0,0,231.5,-1,120,8200,0,13.25,106.75,22,0,0,0,0,1000
6880,0,271,3000,500,1000,0,0,0,0,0,0,1,0,0,0,231.25,-1,120,8200,0,13.5,106.5,22,0,0,0,0,1000
6881,0,272,3000,500,1000,0,0,0,0,0,0,1,0,0,0,231,-1,120,8200,0,13.75,106.25,22,0,0,0,0,1000
6882,0,273,3000,500,1000,0,0,0,0,0,0,1,0,0,0,230.75,-1,120,8200,0,14,106,22,0,0,0,0,1000
6883,0,274,3000,500,1000,0,0,0,0,0,0,1,0,0,0,230.5,-1,120,8200,0,14.25,105.75,22,0,0,0,0,1000
6884,0,275,3000,500,1000,0,0,0,0,0,0,1,0,0,0,230.25,-1,120,8200,0,14.5,105.5,22,0,0,0,0,1000
6885,0,276,3000,500,1000,0,0,0,0,0,0,1,0,0,0,230,-1,120,8200,0,14.75,105.25,22,0,0,0,0,1000
6886,0,277,3000,500,1000,0,0,0,0,0,0,1,0,0,0,229.75,-1,120,8200,0,15,105,22,0,0,0,0,1000
6887,0,278,3000,500,1000,0,0,0,0,0,0,1,0,0,0,229.5,-1,120,8200,0,15.25,104.75,22,0,0,0,0,1000
6888,0,279,3000,500,1000,0,0,0,0,0,0,1,0,0,0,229.25,-1,120,8200,0,15.5,104.5,22,0,0,0,0,1000
6889,0,280,3000,500,1000,0,0,0,0,0,0,1,0,0,0,229,-1,120,8200,0,15.75,104.25,22,0,0,0,0,1000
6890,0,281,3000,500,1000,0,0,0,0,0,0,1,0,0,0,228.75,-1,120,8200,0,16,104,22,0,0,0,0,1000
6891,0,282,3000,500,1000,0,0,0,0,0,0,1,0,0,0,228.5,-1,120,8200,0,16.25,103.75,22,0,0,0,0,1000
6892,0,283,3000,500,1000,0,0,0,0,0,0,1,0,0,0,228.25,-1,120,8200,0,16.5,103.5,22,0,0,0,0,1000
6893,0,284,3000,500,1000,0,0,0,0,0,0,1,0,0,0,228,-1,120,8200,0,16.75,103.25,22,0,0,0,0,1000
6894,0,285,3000,500,1000,0,0,0,0,0,0,1,0,0,0,227.75,-1,120,8200,0,17,103,22,0,0,0,0,1000
6895,0,286,3000,500,1000,0,0,0,0,0,0,1,0,0,0,227.5,-1,120,8200,0,17.25,102.75,22,0,0,0,0,1000
6896,0,287,3000,500,1000,0,0,0,0,0,0,1,0,0,0,227.25,-1,120,8200,0,17.5,102.5,22,0,0,0,0,1000
6897,0,288,3000,500,1000,0,0,0,0,0,0,1,0,0,0,227,-1,120,8200,0,17.75,102.25,22,0,0,0,0,1000
6898,0,289,3000,500,1000,0,0,0,0,0,0,1,0,0,0,226.75,-1,120,8200,0,18,102,22,0,0,0,0,1000
6899,0,290,3000,500,1000,0,0,0,0,0,0,1,0,0,0,226.5,-1,120,8200,0,18.25,101.75,22,0,0,0,0,1000
6900,0,291,3000,500,1000,0,0,0,0,0,0,1,0,0,0,226.25,-1,120,8200,0,18.5,101.5,22,0,0,0,0,1000
6901,0,292,3000,500,1000,0,0,0,0,0,0,1,0,0,0,226,-1,120,8200,0,18.75,101.25,22,0,0,0,0,1000
6902,0,293,3000,500,1000,0,0,0,0,0,0,1,0,0,0,225.75,-1,120,8200,0,19,101,22,0,0,0,0,1000
6903,0,294,3000,500,1000,0,0,0,0,0,0,1,0,0,0,225.5,-1,120,8200,0,19.25,100.75,22,0,0,0,0,1000
6904,0,295,3000,500,1000,0,0,0,0,0,0,1,0,0,0,225.25,-1,120,8200,0,19.5,100.5,22,0,0,0,0,1000
6905,0,296,3000,500,1000,0,0,0,0,0,0,1,0,0,0,225,-1,120,8200,0,19.75,100.25,22,0,0,0,0,1000
6906,0,297,3000,500,1000,0,0,0,0,0,0,1,0,0,0,224.75,-1,120,8200,0,20,100,22,0,0,0,0,1000
6907,0,298,3000,500,1000,0,0,0,0,0,0,1,0,0,0,224.5,-1,120,8200,0,20.25,99.75,22,0,0,0,0,1000
6908,0,299,3000,500,1000,0,0,0,0,0,0,1,0,0,0,224.25,-1,120,8200,0,20.5,99.5,22,0,0,0,0,1000
6909,0,300,3000,500,1000,0,0,0,0,0,0,1,0,0,0,145.00115966796875,-1,120,8200,0,20.75,99.25,22,0,0,0,0,1000
6910,0,1,3000,500,1000,0,240,0,0,0,0,1,0,0,0,-45.75,1,120,8200,0,20.75,99.25,22,0,0,0,0,1000
6911,0,2,3000,500,1000,0,239,0,0,0,0,1,0,0,0,-45.75,1,120,8200,0,20.75,99.25,22,0,0,0,0,1000
6912,0,3,3000,500,1000,0,238,0,0,0,0,1,0,0,0,-45.75,1,120,8200,0,20.75,99.25,22,0,0,0,0,1000
6913,0,4,3000,500,1000,0,237,0,0,0,0,1,0,0,0,-45.75,1,120,8200,0,20.75,99.25,23,0,0,0,0,1000
6914,0,5,3000,500,1000,0,236,0,0,0,0,1,0,0,0,-45.75,1,120,8200,0,20.75,99.25,23,0,0,0,0,1000
6915,0,6,3000,500,1000,0,235,0,0,0,0,1,0,0,0,-45.75,1,120,8200,0,20.75,99.25,23,0,0,0,0,1000
6916,0,7,3000,500,1000,0,234,0,0,0,0,1,0,0,0,-45.75,1,120,8200,0,20.75,99.25,23,0,0,0,0,1000
6917,0,8,3000,500,1000,0,233,0,0,0,0,1,0,0,0,-45.75,1,120,8200,0,20.75,99.25,23,0,0,0,0,1000
6918,0,9,3000,500,1000,0,232,0,0,0,0,1,0,0,0,-45.75,1,120,8200,0,20.75,99.25,23,0,0,0,0,1000
6919,10,1,3000,500,1000,0,231,0,0,0,0,1,0,0,0,-45.75,1,120,8200,0,20.75,99.25,23,0,0,0,0,1000
6920,10,2,3000,500,1000,0,230,0,0,0,0,1,0,0,0,-45.75,1,120,8200,0,20.75,99.25,23,0,0,0,0,1000
6921,10,3,3000,500,1000,0,229,0,0,0,0,1,0,0,0,-45.75,1,120,8200,0,20.75,99.25,23,0,0,0,0,1000
6922,10,4,3000,500,1000,0,228,0,0,0,0,1,0,0,0,-45.75,1,120,8200,0,20.75,99.25,23,0,0,0,0,1000
6923,10,5,3000,500,1000,0,227,0,0,0,0,1,0,0,0,-45.75,1,120,8200,0,20.75,99.25,23,0,0,0,0,1000
6924,10,6,3000,500,1000,0,226,0,0,0,0,1,0,0,0,-45.75,1,120,8200,0,20.75,99.25,23,0,0,0,0,1000
6925,12,1,3000,500,1000,0,225,0,0,0,0,1,0,0,0,-45.75,1,120,8200,0,20.75,99.25,23,0,0,0,0,1000
6926,20,1,3000,500,1000,0,224,0,0,0,0,1,0,0,0,-44.04999923706055,1,120,8200,0,20.75,99.25,23,0,0,0,0,1000
6927,20,2,3000,500,1000,0,223,0,0,0,0,1,0,0,0,-42.349998474121094,1,120,8200,0,20.75,99.25,23,0,0,0,0,1000
6928,10,1,3000,500,1000,0,222,0,0,0,0,1,0,0,0,-42.349998474121094,1,120,8200,0,20.75,99.25,23,0,0,0,0,1000
6929,10,2,3000,500,1000,0,221,0,0,0,0,1,0,0,0,-42.349998474121094,1,120,8200,0,20.75,99.25,23,0,0,0,0,1000
6930,10,3,3000,500,1000,0,220,0,0,0,0,1,0,0,0,-42.349998474121094,1,120,8200,0,20.75,99.25,23,0,0,0,0,1000
6931,10,4,3000,500,1000,0,219,0,0,0,0,1,0,0,0,-42.349998474121094,1,120,8200,0,20.75,99.25,23,0,0,0,0,1000
6932,10,5,3000,500,1000,0,218,0,0,0,0,1,0,0,0,-42.349998474121094,1,120,8200,0,20.75,99.25,23,0,0,0,0,1000
6933,10,6,3000,500,1000,0,217,0,0,0,0,1,0,0,0,-42.349998474121094,1,120,8200,0,20.75,99.25,23,0,0,0,0,1000
6934,10,7,3000,500,1000,0,216,0,0,0,0,1,0,0,0,-42.349998474121094,1,120,8200,0,20.75,99.25,23,0,0,0,0,1000
6935,10,8,3000,500,1000,0,215,0,0,0,0,1,0,0,0,-42.349998474121094,1,120,8200,0,20.75,99.25,23,0,0,0,0,1000
6936,10,9,3000,500,1000,0,214,0,0,0,0,1,0,0,0,-42.349998474121094,1,120,8200,0,20.75,99.25,23,0,0,0,0,1000
6937,3500,1,2000,500,1000,0,213,0,0,0,0,1,0,0,0,-42.349998474121094,1,120,8200,0,20.75,99.25,23,0,0,0,0,1000
6938,3500,2,2000,500,1000,0,212,0,0,0,0,1,0,0,0,-42.349998474121094,1,120,8200,0,20.75,99.25,23,0,0,0,0,1000
6939,3500,3,2000,500,1000,0,211,0,0,0,0,1,0,0,0,-42.349998474121094,1,120,8200,0,20.75,99.25,23,0,0,0,0,1000
6940,3500,4,2000,500,1000,0,210,0,0,0,0,1,0,0,0,-42.349998474121094,1,120,8200,0,20.75,99.25,23,0,0,0,0,1000
6941,3500,5,2000,500,1000,0,209,0,0,0,0,1,0,0,0,-42.349998474121094,1,120,8200,0,20.75,99.25,23,0,0,0,0,1000
6942,3500,6,2000,500,1000,0,208,0,0,0,0,1,0,0,0,-38.54999923706055,1,120,8200,0,20.75,99.25,23,0,0,0,0,1000
6943,3500,7,2000,500,1000,0,207,0,0,0,0,1,0,0,0,-34.75,1,120,8200,0,20.75,99.25,23,0,0,0,0,1000
6944,3500,8,2000,500,1000,0,206,0,0,0,0,1,0,0,0,-30.94999885559082,1,120,8200,0,20.75,99.25,23,0,0,0,0,1000
6945,3500,9,2000,500,1000,0,205,0,0,0,0,1,0,0,0,-27.14999771118164,1,120,8200,0,20.75,99.25,23,0,0,0,0,1000
6946,3500,10,2000,500,1000,0,204,0,0,0,0,1,0,0,0,-23.549999237060547,1,120,8200,0,20.75,99.25,23,0,0,0,0,1000
6947,3500,11,2000,500,1000,0,203,0,0,0,0,1,0,0,0,-21.649999618530273,1,120,8200,0,20.75,99.25,23,0,0,0,0,1000
6948,3500,12,2000,500,1000,0,202,0,0,0,0,1,0,0,0,-19.75,1,120,8200,0,20.75,99.25,23,0,0,0,0,1000
6949,3500,13,2000,500,1000,0,201,0,0,0,0,1,0,0,0,-17.850000381469727,1,120,8200,0,20.75,99.25,24,0,0,0,0,1000
6950,3500,14,2000,500,1000,0,200,0,0,0,0,1,0,0,0,-15.949999809265137,1,120,8200,0,20.75,99.25,24,0,0,0,0,1000
6951,3500,15,2000,500,1000,0,199,0,0,0,0,1,0,0,0,-14.04999828338623,1,120,8200,0,20.75,99.25,24,0,0,0,0,1000
6952,3500,16,2000,500,1000,0,198,0,0,0,0,1,0,0,0,-12.149998664855957,1,120,8200,0,20.75,99.25,24,0,0,0,0,1000
6953,3500,17,2000,500,1000,0,197,0,0,0,0,1,0,0,0,-10.249999046325684,1,120,8200,0,20.75,99.25,24,0,0,0,0,1000
6954,3500,18,2000,500,1000,0,196,0,0,0,0,1,0,0,0,-8.34999942779541,1,120,8200,0,20.75,99.25,24,0,0,0,0,1000
6955,3500,19,2000,500,1000,0,195,0,0,0,0,1,0,0,0,-6.44999885559082,1,120,8200,0,20.75,99.25,24,0,0,0,0,1000
6956,3500,19,2000,500,945,0,194,0,0,0,0,1,0,0,0,-6.44999885559082,1,120,8200,0,20.75,99.25,24,0,0,0,0,2018
6957,3500,19,2000,500,945,0,193,0,0,0,0,1,0,0,0,-6.44999885559082,1,120,8200,0,20.75,99.25,24,0,0,0,0,2018
6958,3500,19,2000,500,945,0,192,0,0,0,0,1,0,0,0,-6.44999885559082,1,120,8200,0,20.75,99.25,24,0,0,0,0,2018
6959,3500,19,2000,500,945,0,191,0,0,0,0,1,0,0,0,-6.44999885559082,1,120,8200,0,20.75,99.25,24,0,0,0,0,2018
6960,3500,19,2000,500,945,0,190,0,0,0,0,1,0,0,0,-6.44999885559082,1,120,8200,0,20.75,99.25,24,0,0,0,0,2018
6961,3500,19,2000,500,945,0,189,0,0,0,0,1,0,0,0,-6.44999885559082,1,120,8200,0,20.75,99.25,24,0,0,0,0,2018
6962,3500,20,2000,500,945,0,188,0,0,0,0,1,0,0,0,-4.549999237060547,1,120,8200,0,20.75,99.25,24,0,0,0,0,2018
6963,3500,21,2000,500,945,0,187,0,0,0,0,1,0,0,0,-2.6499996185302734,1,120,8200,0,20.75,99.25,24,0,0,0,0,2018
6964,3500,22,2000,500,945,0,186,0,0,0,0,1,0,0,0,-0.7500019073486328,1,120,8200,0,20.75,99.25,24,0,0,0,0,2018
6965,3500,23,2000,500,945,0,185,0,0,0,0,1,0,0,0,1.3999977111816406,1,120,8200,0,20.75,99.25,24,0,0,0,0,2018
6966,3500,24,2000,500,945,0,184,0,0,0,0,1,0,0,0,3.299999237060547,1,120,8200,0,20.75,99.25,24,0,0,0,0,2018
6967,3500,25,2000,500,945,0,183,0,0,0,0,1,0,0,0,5.19999885559082,1,120,8200,0,20.75,99.25,1,0,0,0,0,2018
6968,3500,25,2000,500,890,0,182,0,0,0,0,1,0,0,0,5.19999885559082,1,120,8200,0,20.75,99.25,1,0,0,0,0,3036
6969,3500,25,2000,500,890,0,181,0,0,0,0,1,0,0,0,5.19999885559082,1,120,8200,0,20.75,99.25,1,0,0,0,0,3036
6970,3500,25,2000,500,890,0,180,0,0,0,0,1,0,0,0,5.19999885559082,1,120,8200,0,20.75,99.25,1,0,0,0,0,3036
6971,3500,25,2000,500,890,0,179,0,0,0,0,1,0,0,0,5.19999885559082,1,120,8200,0,20.75,99.25,1,0,0,0,0,3036
6972,3500,25,2000,500,890,0,178,0,0,0,0,1,0,0,0,5.19999885559082,1,120,8200,0,20.75,99.25,1,0,0,0,0,3036
6973,3500,25,2000,500,890,0,177,0,0,0,0,1,0,0,0,5.19999885559082,1,120,8200,0,20.75,99.25,1,0,0,0,0,3036
6974,3500,26,2000,500,890,0,176,0,0,0,0,1,0,0,0,5.19999885559082,1,120,8200,0,20.75,99.25,1,0,0,0,0,3036
6975,3500,27,2000,500,890,0,175,0,0,0,0,1,0,0,0,5.19999885559082,1,120,8200,0,20.75,99.25,1,0,0,0,0,3036
6976,3500,28,2000,500,890,0,174,0,0,0,0,1,0,0,0,5.19999885559082,1,120,8200,0,20.75,99.25,1,0,0,0,0,3036
6977,3500,29,2000,500,890,0,173,0,0,0,0,1,0,0,0,5.19999885559082,1,120,8200,0,20.75,99.25,1,0,0,0,0,3036
6978,3500,30,2000,500,890,0,172,0,0,0,0,1,0,0,0,5.19999885559082,1,120,8200,0,20.75,99.25,1,0,0,0,0,3036
6979,3500,31,2000,500,890,0,171,0,0,0,0,1,0,0,0,5.19999885559082,1,120,8200,0,20.75,99.25,2,0,0,0,0,3036
6980,3500,32,2000,500,890,0,170,0,0,0,0,1,0,0,0,5.19999885559082,1,120,8200,0,20.75,99.25,2,0,0,0,0,3036
6981,3500,33,2000,500,890,0,169,0,0,0,0,1,0,0,0,5.19999885559082,1,120,8200,0,20.75,99.25,2,0,0,0,0,3036
6982,3500,34,2000,500,890,0,168,0,0,0,0,1,0,0,0,5.19999885559082,1,120,8200,0,20.75,99.25,2,0,0,0,0,3036
6983,3500,35,2000,500,890,0,167,0,0,0,0,1,0,0,0,5.19999885559082,1,120,8200,0,20.75,99.25,2,0,0,0,0,3036
6984,3500,36,2000,500,890,0,166,0,0,0,0,1,0,0,0,5.19999885559082,1,120,8200,0,20.75,99.25,2,0,0,0,0,3036
6985,3500,37,2000,500,890,0,165,0,0,0,0,1,0,0,0,5.19999885559082,1,120,8200,0,20.75,99.25,2,0,0,0,0,3036
6986,3500,37,2000,500,820,0,164,0,0,0,0,1,0,0,0,5.19999885559082,1,120,8200,0,20.75,99.25,2,0,0,0,0,4054
6987,3500,37,2000,500,820,0,163,0,0,0,0,1,0,0,0,5.19999885559082,1,120,8200,0,20.75,99.25,2,0,0,0,0,4054
6988,3500,37,2000,500,820,0,162,0,0,0,0,1,0,0,0,5.19999885559082,1,120,8200,0,20.75,99.25,2,0,0,0,0,4054
6989,3500,37,2000,500,820,0,161,0,0,0,0,1,0,0,0,5.19999885559082,1,120,8200,0,20.75,99.25,2,0,0,0,0,4054
6990,3500,37,2000,500,820,0,160,0,0,0,0,1,0,0,0,5.19999885559082,1,120,8200,0,20.75,99.25,2,0,0,0,0,4054
6991,3500,37,2000,500,820,0,159,0,0,0,0,1,0,0,0,5.19999885559082,1,120,8200,0,20.75,99.25,2,0,0,0,0,4054
6992,3500,38,2000,500,820,0,158,0,0,0,0,1,0,0,0,5.19999885559082,1,120,8200,0,20.75,99.25,3,0,0,0,0,4054
6993,3500,39,2000,500,820,0,157,0,0,0,0,1,0,0,0,5.19999885559082,1,120,8200,0,20.75,99.25,3,0,0,0,0,4054
6994,3500,40,2000,500,820,0,156,0,0,0,0,1,0,0,0,5.19999885559082,1,120,8200,0,20.75,99.25,3,0,0,0,0,4054
6995,3500,41,2000,500,820,0,155,0,0,0,0,1,0,0,0,5.19999885559082,1,120,8200,0,20.75,99.25,3,0,0,0,0,4054
6996,3500,42,2000,500,820,0,154,0,0,0,0,1,0,0,0,5.19999885559082,1,120,8200,0,20.75,99.25,3,0,0,0,0,4054
6997,3500,43,2000,500,820,0,153,0,0,0,0,1,0,0,0,5.19999885559082,1,120,8200,0,20.75,99.25,3,0,0,0,0,4054
6998,3500,44,2000,500,820,0,152,0,0,0,0,1,0,0,0,5.19999885559082,1,120,8200,0,20.75,99.25,3,0,0,0,0,4054
6999,3500,45,2000,500,820,0,151,0,0,0,0,1,0,0,0,5.19999885559082,1,120,8200,0,20.75,99.25,3,0,0,0,0,4054
7000,3500,46,2000,500,820,0,150,0,0,0,0,1,0,0,0,5.19999885559082,1,120,8200,0,20.75,99.25,3,0,0,0,0,4054
7001,3500,47,2000,500,820,0,149,0,0,0,0,1,0,0,0,5.19999885559082,1,120,8200,0,20.75,99.25,3,0,0,0,0,4054
7002,3500,48,2000,500,820,0,148,0,0,0,0,1,0,0,0,5.19999885559082,1,120,8200,0,20.75,99.25,3,0,0,0,0,4054
7003,3500,49,2000,500,820,0,147,0,0,0,0,1,0,0,0,5.19999885559082,1,120,8200,0,20.75,99.25,4,0,0,0,0,4054
7004,3500,50,2000,500,820,0,146,0,0,0,0,1,0,0,0,5.19999885559082,1,120,8200,0,20.75,99.25,4,0,0,0,0,4054
7005,3500,51,2000,500,820,0,145,0,0,0,0,1,0,0,0,5.19999885559082,1,120,8200,0,20.75,99.25,4,0,0,0,0,4054
7006,3500,52,2000,500,820,0,144,0,0,0,0,1,0,0,0,5.19999885559082,1,120,8200,0,20.75,99.25,4,0,0,0,0,4054
7007,3500,53,2000,500,820,0,143,0,0,0,0,1,0,0,0,5.19999885559082,1,120,8200,0,20.75,99.25,4,0,0,0,0,4054
7008,3500,54,2000,500,820,0,142,0,0,0,0,1,0,0,0,5.19999885559082,1,120,8200,0,20.75,99.25,4,0,0,0,0,4054
7009,3500,55,2000,500,820,0,141,0,0,0,0,1,0,0,0,5.19999885559082,1,120,8200,0,20.75,99.25,4,0,0,0,0,4054
7010,3500,56,2000,500,820,0,140,0,0,0,0,1,0,0,0,5.19999885559082,1,120,8200,0,20.75,99.25,4,0,0,0,0,4054
7011,3500,57,2000,500,820,0,139,0,0,0,0,1,0,0,0,5.19999885559082,1,120,8200,0,20.75,99.25,4,0,0,0,0,4054
7012,3500,58,2000,500,820,0,138,0,0,0,0,1,0,0,0,5.19999885559082,1,120,8200,0,20.75,99.25,4,0,0,0,0,4054
7013,0,1,2000,500,820,0,137,0,0,0,0,1,0,0,0,5.19999885559082,1,120,8200,0,20.75,99.25,4,0,0,0,0,4054
7014,0,2,2000,500,820,0,136,0,0,0,0,1,0,0,0,1.4499988555908203,1,120,8200,0,20.75,99.25,4,0,0,0,0,4054
7015,0,3,2000,500,820,0,135,0,0,0,0,1,0,0,0,-2.5500011444091797,1,120,8200,0,24.5,95.5,5,0,0,0,0,4054
7016,0,4,2000,500,820,0,134,0,0,0,0,1,0,0,0,-6.55000114440918,1,120,8200,0,28.5,91.5,5,0,0,0,0,4054
7017,0,5,2000,500,820,0,133,0,0,0,0,1,0,0,0,-10.55000114440918,1,120,8200,0,32.5,87.5,5,0,0,0,0,4054
7018,0,6,2000,500,820,0,132,0,0,0,0,1,0,0,0,-14.55000114440918,1,120,8200,0,36.5,83.5,5,0,0,0,0,4054
7019,0,7,2000,500,820,0,131,0,0,0,0,1,0,0,0,-18.55000114440918,1,120,8200,0,40.5,79.5,5,0,0,0,0,4054
7020,0,8,2000,500,820,0,130,0,0,0,0,1,0,0,0,-22.55000114440918,1,120,8200,0,44.5,75.5,5,0,0,0,0,4054
7021,0,9,2000,500,820,0,129,0,0,0,0,1,0,0,0,-26.55000114440918,1,120,8200,0,48.5,71.5,5,0,0,0,0,4054
7022,0,10,2000,500,820,0,128,0,0,0,0,1,0,0,0,-30.55000114440918,1,120,8200,0,52.5,67.5,5,0,0,0,0,4054
7023,0,11,2000,500,820,0,127,0,0,0,0,1,0,0,0,-34.55000305175781,1,120,8200,0,56.5,63.5,5,0,0,0,0,4054
7024,0,12,2000,500,820,0,126,0,0,0,0,1,0,0,0,-38.55000305175781,1,120,8200,0,60.5,59.5,5,0,0,0,0,4054
7025,0,13,2000,500,820,0,125,0,0,0,0,1,0,0,0,-42.55000305175781,1,120,8200,0,64.5,55.5,5,0,0,0,0,4054
7026,0,14,2000,500,820,0,124,0,0,0,0,1,0,0,0,-46.55000305175781,1,120,8200,0,68.5,51.5,5,0,0,0,0,4054
7027,0,15,2000,500,820,0,123,0,0,0,0,1,0,0,0,-50.55000305175781,1,120,8200,0,72.5,47.5,6,0,0,0,0,4054
7028,0,16,2000,500,820,0,122,0,0,0,0,1,0,0,0,-54.55000305175781,1,120,8200,0,76.5,43.5,6,0,0,0,0,4054
7029,0,17,2000,500,820,0,121,0,0,0,0,1,0,0,0,-58.55000305175781,1,120,8200,0,80.5,39.5,6,0,0,0,0,4054
7030,0,18,2000,500,820,0,120,0,0,0,0,1,0,0,0,-62.55000305175781,1,120,8200,0,84.5,35.5,6,0,0,0,0,4054
7031,0,19,2000,500,820,0,119,0,0,0,0,1,0,0,0,-66.55000305175781,1,120,8200,0,88.5,31.5,6,0,0,0,0,4054
7032,0,20,2000,500,820,0,118,0,0,0,0,1,0,0,0,-70.55000305175781,1,120,8200,0,92.5,27.5,6,0,0,0,0,4054
7033,0,21,2000,500,820,0,117,0,0,0,0,1,0,0,0,-74.55000305175781,1,120,8200,0,96.5,23.5,6,0,0,0,0,4054
7034,0,22,2000,500,820,0,116,0,0,0,0,1,0,0,0,-78.55000305175781,1,120,8200,0,100.5,19.5,6,0,0,0,0,4054
7035,0,23,2000,500,820,0,115,0,0,0,0,1,0,0,0,-82.55000305175781,1,120,8200,0,104.5,15.5,6,0,0,0,0,4054
7036,0,24,2000,500,820,0,114,0,0,0,0,1,0,0,0,-86.55000305175781,1,120,8200,0,108.5,11.5,6,0,0,0,0,4054
7037,0,25,2000,500,820,0,113,0,0,0,0,1,0,0,0,-90.55000305175781,1,120,8200,0,112.5,7.5,6,0,0,0,0,4054
7038,0,26,2000,500,820,0,112,0,0,0,0,1,0,0,0,-94.55000305175781,1,120,8200,0,116.5,3.5,6,0,0,0,0,4054
7039,0,27,2000,500,820,0,111,0,0,0,0,1,0,0,0,-98.55000305175781,1,120,8200,0,120.5,-0.5,7,0,0,0,0,4054
7040,0,28,2000,500,820,0,110,0,0,0,0,1,0,0,0,-98.55000305175781,1,120,8200,0,124.5,-4.5,7,0,0,0,0,4054
7041,0,29,2000,500,820,0,109,0,0,0,0,1,0,0,0,-98.55000305175781,1,120,8200,0,124.5,-4.5,7,0,0,0,0,4054
7042,0,30,2000,500,820,0,108,0,0,0,0,1,0,0,0,-98.55000305175781,1,120,8200,0,124.5,-4.5,7,0,0,0,0,4054
7043,0,31,2000,500,820,0,107,0,0,0,0,1,0,0,0,-98.55000305175781,1,120,8200,0,124.5,-4.5,7,0,0,0,0,4054
7044,0,32,2000,500,820,0,106,0,0,0,0,1,0,0,0,-98.55000305175781,1,120,8200,0,124.5,-4.5,7,0,0,0,0,4054
7045,0,33,2000,500,820,0,105,0,0,0,0,1,0,0,0,-98.55000305175781,1,120,8200,0,124.5,-4.5,7,0,0,0,0,4054
7046,0,34,2000,500,820,0,104,0,0,0,0,1,0,0,0,-98.55000305175781,1,120,8200,0,124.5,-4.5,7,0,0,0,0,4054
7047,0,35,2000,500,820,0,103,0,0,0,0,1,0,0,0,-98.55000305175781,1,120,8200,0,124.5,-4.5,7,0,0,0,0,4054
7048,0,36,2000,500,820,0,102,0,0,0,0,1,0,0,0,-101.55000305175781,1,120,8200,0,124.5,-4.5,7,0,0,0,0,4054
7049,0,37,2000,500,820,0,101,0,0,0,0,1,0,0,0,-104.55000305175781,1,120,8200,0,127.5,-7.5,7,0,0,0,0,4054
7050,0,38,2000,500,820,0,100,0,0,0,0,1,0,0,0,-107.55000305175781,1,120,8200,0,130.5,-10.5,7,0,0,0,0,4054
7051,0,39,2000,500,820,0,99,0,0,0,0,1,0,0,0,-110.30000305175781,1,120,8200,0,133.5,-13.5,8,0,0,0,0,4054
7052,0,40,2000,500,820,0,98,0,0,0,0,1,0,0,0,-111.80000305175781,1,120,8200,0,136.25,-16.25,8,0,0,0,0,4054
7053,0,41,2000,500,820,0,97,0,0,0,0,1,0,0,0,-113.30000305175781,1,120,8200,0,137.75,-17.75,8,0,0,0,0,4054
7054,0,42,2000,500,820,0,96,0,0,0,0,1,0,0,0,-114.80000305175781,1,120,8200,0,139.25,-19.25,8,0,0,0,0,4054
7055,0,43,2000,500,820,0,95,0,0,0,0,1,0,0,0,-116.30000305175781,1,120,8200,0,140.75,-20.75,8,0,0,0,0,4054
7056,0,44,2000,500,820,0,94,0,0,0,0,1,0,0,0,-117.80000305175781,1,120,8200,0,142.25,-22.25,8,0,0,0,0,4054
7057,0,45,2000,500,820,0,93,0,0,0,0,1,0,0,0,-119.30000305175781,1,120,8200,0,143.75,-23.75,8,0,0,0,0,4054
7058,0,46,2000,500,820,0,92,0,0,0,0,1,0,0,0,-120.80000305175781,1,120,8200,0,145.25,-25.25,8,0,0,0,0,4054
7059,0,47,2000,500,820,0,91,0,0,0,0,1,0,0,0,-122.30000305175781,1,120,8200,0,146.75,-26.75,8,0,0,0,0,4054
7060,0,48,2000,500,820,0,90,0,0,0,0,1,0,0,0,-123.80000305175781,1,120,8200,0,148.25,-28.25,8,0,0,0,0,4054
7061,0,49,2000,500,820,0,89,0,0,0,0,1,0,0,0,-125.30000305175781,1,120,8200,0,149.75,-29.75,8,0,0,0,0,4054
7062,0,50,2000,500,820,0,88,0,0,0,0,1,0,0,0,-126.80000305175781,1,120,8200,0,151.25,-31.25,8,0,0,0,0,4054
7063,0,51,2000,500,820,0,87,0,0,0,0,1,0,0,0,-128.3000030517578,1,120,8200,0,152.75,-32.75,9,0,0,0,0,4054
7064,0,52,2000,500,820,0,86,0,0,0,0,1,0,0,0,-129.8000030517578,1,120,8200,0,154.25,-34.25,9,0,0,0,0,4054
7065,0,53,2000,500,820,0,85,0,0,0,0,1,0,0,0,-131.3000030517578,1,120,8200,0,155.75,-35.75,9,0,0,0,0,4054
7066,0,54,2000,500,820,0,84,0,0,0,0,1,0,0,0,-132.8000030517578,1,120,8200,0,157.25,-37.25,9,0,0,0,0,4054
7067,0,55,2000,500,820,0,83,0,0,0,0,1,0,0,0,-134.0500030517578,1,120,8200,0,158.75,-38.75,9,0,0,0,0,4054
7068,0,56,2000,500,820,0,82,0,0,0,0,1,0,0,0,-134.0500030517578,1,120,8200,0,160,-40,9,0,0,0,0,4054
7069,0,57,2000,500,820,0,81,0,0,0,0,1,0,0,0,-134.0500030517578,1,120,8200,0,160,-40,9,0,0,0,0,4054
7070,0,58,2000,500,820,0,80,0,0,0,0,1,0,0,0,-134.0500030517578,1,120,8200,0,160,-40,9,0,0,0,0,4054
7071,0,59,2000,500,820,0,79,0,0,0,0,1,0,0,0,-134.0500030517578,1,120,8200,0,160,-40,9,0,0,0,0,4054
7072,0,60,2000,500,820,0,78,0,0,0,0,1,0,0,0,-134.0500030517578,1,120,8200,0,160,-40,9,0,0,0,0,4054
7073,0,61,2000,500,820,0,77,0,0,0,0,1,0,0,0,-134.0500030517578,1,120,8200,0,160,-40,9,0,0,0,0,4054
7074,0,62,2000,500,820,0,76,0,0,0,0,1,0,0,0,-134.0500030517578,1,120,8200,0,160,-40,9,0,0,0,0,4054
7075,0,63,2000,500,820,0,75,0,0,0,0,1,0,0,0,-134.0500030517578,1,120,8200,0,160,-40,10,0,0,0,0,4054
7076,0,64,2000,500,820,0,74,0,0,0,0,1,0,0,0,-134.0500030517578,1,120,8200,0,160,-40,10,0,0,0,0,4054
7077,0,65,2000,500,820,0,73,0,0,0,0,1,0,0,0,-134.0500030517578,1,120,8200,0,160,-40,10,0,0,0,0,4054
7078,0,66,2000,500,820,0,72,0,0,0,0,1,0,0,0,-134.0500030517578,1,120,8200,0,160,-40,10,0,0,0,0,4054
7079,0,67,2000,500,820,0,71,0,0,0,0,1,0,0,0,-134.0500030517578,1,120,8200,0,160,-40,10,0,0,0,0,4054
7080,0,68,2000,500,820,0,70,0,0,0,0,1,0,0,0,-134.0500030517578,1,120,8200,0,160,-40,10,0,0,0,0,4054
7081,0,69,2000,500,820,0,69,0,0,0,0,1,0,0,0,-134.0500030517578,1,120,8200,0,160,-40,10,0,0,0,0,4054
7082,0,70,2000,500,820,0,68,0,0,0,0,1,0,0,0,-134.0500030517578,1,120,8200,0,160,-40,10,0,0,0,0,4054
7083,0,71,2000,500,820,0,67,0,0,0,0,1,0,0,0,-134.0500030517578,1,120,8200,0,160,-40,10,0,0,0,0,4054
7084,0,72,2000,500,820,0,66,0,0,0,0,1,0,0,0,-134.0500030517578,1,120,8200,0,160,-40,10,0,0,0,0,4054
7085,0,73,2000,500,820,0,65,0,0,0,0,1,0,0,0,-134.0500030517578,1,120,8200,0,160,-40,10,0,0,0,0,4054
7086,0,74,2000,500,820,0,64,0,0,0,0,1,0,0,0,-134.0500030517578,1,120,8200,0,160,-40,10,0,0,0,0,4054
7087,0,75,2000,500,820,0,63,0,0,0,0,1,0,0,0,-134.0500030517578,1,120,8200,0,160,-40,11,0,0,0,0,4054
7088,0,76,2000,500,820,0,62,0,0,0,0,1,0,0,0,-134.0500030517578,1,120,8200,0,160,-40,11,0,0,0,0,4054
7089,0,77,2000,500,820,0,61,0,0,0,0,1,0,0,0,-134.0500030517578,1,120,8200,0,160,-40,11,0,0,0,0,4054
7090,0,78,2000,500,820,0,60,0,0,0,0,1,0,0,0,-134.0500030517578,1,120,8200,0,160,-40,11,0,0,0,0,4054
7091,0,79,2000,500,820,0,59,0,0,0,0,1,0,0,0,-134.0500030517578,1,120,8200,0,160,-40,11,0,0,0,0,4054
7092,0,80,2000,500,820,0,58,0,0,0,0,1,0,0,0,-134.0500030517578,1,120,8200,0,160,-40,11,0,0,0,0,4054
7093,0,81,2000,500,820,0,57,0,0,0,0,1,0,0,0,-134.0500030517578,1,120,8200,0,160,-40,11,0,0,0,0,4054
7094,0,82,2000,500,820,0,56,0,0,0,0,1,0,0,0,-134.0500030517578,1,120,8200,0,160,-40,11,0,0,0,0,4054
7095,0,83,2000,500,820,0,55,0,0,0,0,1,0,0,0,-134.0500030517578,1,120,8200,0,160,-40,11,0,0,0,0,4054
7096,0,84,2000,500,820,0,54,0,0,0,0,1,0,0,0,-134.0500030517578,1,120,8200,0,160,-40,11,0,0,0,0,4054
7097,0,85,2000,500,820,0,53,0,0,0,0,1,0,0,0,-134.0500030517578,1,120,8200,0,160,-40,11,0,0,0,0,4054
7098,0,86,2000,500,820,0,52,0,0,0,0,1,0,0,0,-134.0500030517578,1,120,8200,0,160,-40,11,0,0,0,0,4054
7099,0,87,2000,500,820,0,51,0,0,0,0,1,0,0,0,-134.0500030517578,1,120,8200,0,160,-40,12,0,0,0,0,4054
7100,0,88,2000,500,820,0,50,0,0,0,0,1,0,0,0,-134.0500030517578,1,120,8200,0,160,-40,12,0,0,0,0,4054
7101,0,89,2000,500,820,0,49,0,0,0,0,1,0,0,0,-134.0500030517578,1,120,8200,0,160,-40,12,0,0,0,0,4054
7102,0,90,2000,500,820,0,48,0,0,0,0,1,0,0,0,-134.0500030517578,1,120,8200,0,160,-40,12,0,0,0,0,4054
7103,0,91,2000,500,820,0,47,0,0,0,0,1,0,0,0,-134.0500030517578,1,120,8200,0,160,-40,12,0,0,0,0,4054
7104,0,92,2000,500,820,0,46,0,0,0,0,1,0,0,0,-134.0500030517578,1,120,8200,0,160,-40,12,0,0,0,0,4054
7105,0,93,2000,500,820,0,45,0,0,0,0,1,0,0,0,-134.0500030517578,1,120,8200,0,160,-40,12,0,0,0,0,4054
7106,0,94,2000,500,820,0,44,0,0,0,0,1,0,0,0,-134.0500030517578,1,120,8200,0,160,-40,12,0,0,0,0,4054
7107,0,95,2000,500,820,0,43,0,0,0,0,1,0,0,0,-134.0500030517578,1,120,8200,0,160,-40,12,0,0,0,0,4054
7108,0,96,2000,500,820,0,42,0,0,0,0,1,0,0,0,-134.0500030517578,1,120,8200,0,160,-40,12,0,0,0,0,4054
7109,0,97,2000,500,820,0,41,0,0,0,0,1,0,0,0,-134.0500030517578,1,120,8200,0,160,-40,12,0,0,0,0,4054
7110,0,98,2000,500,820,0,40,0,0,0,0,1,0,0,0,-134.0500030517578,1,120,8200,0,160,-40,12,0,0,0,0,4054
7111,0,99,2000,500,820,0,39,0,0,0,0,1,0,0,0,-134.0500030517578,1,120,8200,0,160,-40,13,0,0,0,0,4054
7112,0,100,2000,500,820,0,38,0,0,0,0,1,0,0,0,-134.0500030517578,1,120,8200,0,160,-40,13,0,0,0,0,4054
7113,0,101,2000,500,820,0,37,0,0,0,0,1,0,0,0,-134.0500030517578,1,120,8200,0,160,-40,13,0,0,0,0,4054
7114,0,102,2000,500,820,0,36,0,0,0,0,1,0,0,0,-134.0500030517578,1,120,8200,0,160,-40,13,0,0,0,0,4054
7115,0,103,2000,500,820,0,35,0,0,0,0,1,0,0,0,-134.0500030517578,1,120,8200,0,160,-40,13,0,0,0,0,4054
7116,0,104,2000,500,820,0,34,0,0,0,0,1,0,0,0,-134.0500030517578,1,120,8200,0,160,-40,13,0,0,0,0,4054
7117,0,105,2000,500,820,0,33,0,0,0,0,1,0,0,0,-134.0500030517578,1,120,8200,0,160,-40,13,0,0,0,0,4054
7118,0,106,2000,500,820,0,32,0,0,0,0,1,0,0,0,-134.0500030517578,1,120,8200,0,160,-40,13,0,0,0,0,4054
7119,0,107,2000,500,820,0,31,0,0,0,0,1,0,0,0,-134.0500030517578,1,120,8200,0,160,-40,13,0,0,0,0,4054
7120,0,108,2000,500,820,0,30,0,0,0,0,1,0,0,0,-134.0500030517578,1,120,8200,0,160,-40,13,0,0,0,0,4054
7121,0,109,2000,500,820,0,29,0,0,0,0,1,0,0,0,-134.0500030517578,1,120,8200,0,160,-40,13,0,0,0,0,4054
7122,0,110,2000,500,820,0,28,0,0,0,0,1,0,0,0,-134.0500030517578,1,120,8200,0,160,-40,13,0,0,0,0,4054
7123,0,111,2000,500,820,0,27,0,0,0,0,1,0,0,0,-134.0500030517578,1,120,8200,0,160,-40,14,0,0,0,0,4054
7124,0,112,2000,500,820,0,26,0,0,0,0,1,0,0,0,-134.0500030517578,1,120,8200,0,160,-40,14,0,0,0,0,4054
7125,0,113,2000,500,820,0,25,0,0,0,0,1,0,0,0,-134.0500030517578,1,120,8200,0,160,-40,14,0,0,0,0,4054
7126,0,114,2000,500,820,0,24,0,0,0,0,1,0,0,0,-134.0500030517578,1,120,8200,0,160,-40,14,0,0,0,0,4054
7127,0,115,2000,500,820,0,23,0,0,0,0,1,0,0,0,-134.0500030517578,1,120,8200,0,160,-40,14,0,0,0,0,4054
7128,0,116,2000,500,820,0,22,0,0,0,0,1,0,0,0,-134.0500030517578,1,120,8200,0,160,-40,14,0,0,0,0,4054
7129,0,117,2000,500,820,0,21,0,0,0,0,1,0,0,0,-134.0500030517578,1,120,8200,0,160,-40,14,0,0,0,0,4054
7130,0,118,2000,500,820,0,20,0,0,0,0,1,0,0,0,-134.0500030517578,1,120,8200,0,160,-40,14,0,0,0,0,4054
7131,0,119,2000,500,820,0,19,0,0,0,0,1,0,0,0,-134.0500030517578,1,120,8200,0,160,-40,14,0,0,0,0,4054
7132,0,120,2000,500,820,0,18,0,0,0,0,1,0,0,0,-134.0500030517578,1,120,8200,0,160,-40,14,0,0,0,0,4054
7133,0,121,2000,500,820,0,17,0,0,0,0,1,0,0,0,-134.0500030517578,1,120,8200,0,160,-40,14,0,0,0,0,4054
7134,0,122,2000,500,820,0,16,0,0,0,0,1,0,0,0,-134.0500030517578,1,120,8200,0,160,-40,14,0,0,0,0,4054
7135,0,123,2000,500,820,0,15,0,0,0,0,1,0,0,0,-134.0500030517578,1,120,8200,0,160,-40,15,0,0,0,0,4054
7136,0,124,2000,500,820,0,14,0,0,0,0,1,0,0,0,-134.0500030517578,1,120,8200,0,160,-40,15,0,0,0,0,4054
7137,0,125,2000,500,820,0,13,0,0,0,0,1,0,0,0,-134.0500030517578,1,120,8200,0,160,-40,15,0,0,0,0,4054
7138,0,126,2000,500,820,0,12,0,0,0,0,1,0,0,0,-134.0500030517578,1,120,8200,0,160,-40,15,0,0,0,0,4054
7139,0,127,2000,500,820,0,11,0,0,0,0,1,0,0,0,-134.0500030517578,1,120,8200,0,160,-40,15,0,0,0,0,4054
7140,0,128,2000,500,820,0,10,0,0,0,0,1,0,0,0,-134.0500030517578,1,120,8200,0,160,-40,15,0,0,0,0,4054
7141,0,129,2000,500,820,0,9,0,0,0,0,1,0,0,0,-134.0500030517578,1,120,8200,0,160,-40,15,0,0,0,0,4054
7142,0,130,2000,500,820,0,8,0,0,0,0,1,0,0,0,-134.0500030517578,1,120,8200,0,160,-40,15,0,0,0,0,4054
7143,0,131,2000,500,820,0,7,0,0,0,0,1,0,0,0,-134.0500030517578,1,120,8200,0,160,-40,15,0,0,0,0,4054
7144,0,132,2000,500,820,0,6,0,0,0,0,1,0,0,0,-134.0500030517578,1,120,8200,0,160,-40,15,0,0,0,0,4054
7145,0,133,2000,500,820,0,5,0,0,0,0,1,0,0,0,-134.0500030517578,1,120,8200,0,160,-40,15,0,0,0,0,4054
7146,0,134,2000,500,820,0,4,0,0,0,0,1,0,0,0,-134.0500030517578,1,120,8200,0,160,-40,15,0,0,0,0,4054
7147,0,135,2000,500,820,0,3,0,0,0,0,1,0,0,0,-134.0500030517578,1,120,8200,0,160,-40,16,0,0,0,0,4054
7148,0,136,2000,500,820,0,2,0,0,0,0,1,0,0,0,-134.0500030517578,1,120,8200,0,160,-40,16,0,0,0,0,4054
7149,0,137,2000,500,820,0,1,0,0,0,0,1,0,0,0,-134.0500030517578,1,120,8200,0,160,-40,16,0,0,0,0,4054
7150,0,138,2000,500,820,0,0,0,0,0,0,1,0,0,0,-134.0500030517578,1,120,8200,0,160,-40,16,0,0,0,0,4054
7151,0,139,2000,500,820,0,0,0,0,0,0,1,0,0,0,-134.0500030517578,1,120,8200,0,160,-40,16,0,0,0,0,4054
7152,0,140,2000,500,820,0,0,0,0,0,0,1,0,0,0,-134.0500030517578,1,120,8200,0,160,-40,16,0,0,0,0,4054
7153,0,141,2000,500,820,0,0,0,0,0,0,1,0,0,0,-134.0500030517578,1,120,8200,0,160,-40,16,0,0,0,0,4054
7154,0,142,2000,500,820,0,0,0,0,0,0,1,0,0,0,-134.0500030517578,1,120,8200,0,160,-40,16,0,0,0,0,4054
7155,0,143,2000,500,820,0,0,0,0,0,0,1,0,0,0,-134.0500030517578,1,120,8200,0,160,-40,16,0,0,0,0,4054
7156,0,144,2000,500,820,0,0,0,0,0,0,1,0,0,0,-134.0500030517578,1,120,8200,0,160,-40,16,0,0,0,0,4054
7157,0,145,2000,500,820,0,0,0,0,0,0,1,0,0,0,-134.0500030517578,1,120,8200,0,160,-40,16,0,0,0,0,4054
7158,0,146,2000,500,820,0,0,0,0,0,0,1,0,0,0,-134.0500030517578,1,120,8200,0,160,-40,16,0,0,0,0,4054
7159,0,147,2000,500,820,0,0,0,0,0,0,1,0,0,0,-134.0500030517578,1,120,8200,0,160,-40,17,0,0,0,0,4054
7160,0,148,2000,500,820,0,0,0,0,0,0,1,0,0,0,-134.0500030517578,1,120,8200,0,160,-40,17,0,0,0,0,4054
7161,0,149,2000,500,820,0,0,0,0,0,0,1,0,0,0,-134.0500030517578,1,120,8200,0,160,-40,17,0,0,0,0,4054
7162,0,150,2000,500,820,0,0,0,0,0,0,1,0,0,0,-134.0500030517578,1,120,8200,0,160,-40,17,0,0,0,0,4054
7163,0,151,2000,500,820,0,0,0,0,0,0,1,0,0,0,-134.0500030517578,1,120,8200,0,160,-40,17,0,0,0,0,4054
7164,0,152,2000,500,820,0,0,0,0,0,0,1,0,0,0,-134.0500030517578,1,120,8200,0,160,-40,17,0,0,0,0,4054
7165,0,153,2000,500,820,0,0,0,0,0,0,1,0,0,0,-134.0500030517578,1,120,8200,0,160,-40,17,0,0,0,0,4054
7166,0,154,2000,500,820,0,0,0,0,0,0,1,0,0,0,-134.0500030517578,1,120,8200,0,160,-40,17,0,0,0,0,4054
7167,0,155,2000,500,820,0,0,0,0,0,0,1,0,0,0,-134.0500030517578,1,120,8200,0,160,-40,17,0,0,0,0,4054
7168,0,156,2000,500,820,0,0,0,0,0,0,1,0,0,0,-134.0500030517578,1,120,8200,0,160,-40,17,0,0,0,0,4054
7169,0,157,2000,500,820,0,0,0,0,0,0,1,0,0,0,-134.0500030517578,1,120,8200,0,160,-40,17,0,0,0,0,4054
7170,0,158,2000,500,820,0,0,0,0,0,0,1,0,0,0,-134.0500030517578,1,120,8200,0,160,-40,17,0,0,0,0,4054
7171,0,159,2000,500,820,0,0,0,0,0,0,1,0,0,0,-134.0500030517578,1,120,8200,0,160,-40,18,0,0,0,0,4054
7172,0,160,2000,500,820,0,0,0,0,0,0,1,0,0,0,-134.0500030517578,1,120,8200,0,160,-40,18,0,0,0,0,4054
7173,0,161,2000,500,820,0,0,0,0,0,0,1,0,0,0,-134.0500030517578,1,120,8200,0,160,-40,18,0,0,0,0,4054
7174,0,162,2000,500,820,0,0,0,0,0,0,1,0,0,0,-134.0500030517578,1,120,8200,0,160,-40,18,0,0,0,0,4054
7175,0,163,2000,500,820,0,0,0,0,0,0,1,0,0,0,-134.0500030517578,1,120,8200,0,160,-40,18,0,0,0,0,4054
7176,0,164,2000,500,820,0,0,0,0,0,0,1,0,0,0,-134.0500030517578,1,120,8200,0,160,-40,18,0,0,0,0,4054
7177,0,165,2000,500,820,0,0,0,0,0,0,1,0,0,0,-134.0500030517578,1,120,8200,0,160,-40,18,0,0,0,0,4054
7178,0,166,2000,500,820,0,0,0,0,0,0,1,0,0,0,-134.0500030517578,1,120,8200,0,160,-40,18,0,0,0,0,4054
7179,0,167,2000,500,820,0,0,0,0,0,0,1,0,0,0,-134.0500030517578,1,120,8200,0,160,-40,18,0,0,0,0,4054
7180,0,168,2000,500,820,0,0,0,0,0,0,1,0,0,0,-134.0500030517578,1,120,8200,0,160,-40,18,0,0,0,0,4054
7181,0,169,2000,500,820,0,0,0,0,0,0,1,0,0,0,-134.0500030517578,1,120,8200,0,160,-40,18,0,0,0,0,4054
7182,0,170,2000,500,820,0,0,0,0,0,0,1,0,0,0,-134.0500030517578,1,120,8200,0,160,-40,18,0,0,0,0,4054
7183,0,171,2000,500,820,0,0,0,0,0,0,1,0,0,0,-134.0500030517578,1,120,8200,0,160,-40,19,0,0,0,0,4054
7184,0,172,2000,500,820,0,0,0,0,0,0,1,0,0,0,-134.0500030517578,1,120,8200,0,160,-40,19,0,0,0,0,4054
7185,0,173,2000,500,820,0,0,0,0,0,0,1,0,0,0,-134.0500030517578,1,120,8200,0,160,-40,19,0,0,0,0,4054
7186,0,174,2000,500,820,0,0,0,0,0,0,1,0,0,0,-134.0500030517578,1,120,8200,0,160,-40,19,0,0,0,0,4054
7187,0,175,2000,500,820,0,0,0,0,0,0,1,0,0,0,-134.0500030517578,1,120,8200,0,160,-40,19,0,0,0,0,4054
7188,0,176,2000,500,820,0,0,0,0,0,0,1,0,0,0,-134.0500030517578,1,120,8200,0,160,-40,19,0,0,0,0,4054
7189,0,177,2000,500,820,0,0,0,0,0,0,1,0,0,0,-134.0500030517578,1,120,8200,0,160,-40,19,0,0,0,0,4054
7190,0,178,2000,500,820,0,0,0,0,0,0,1,0,0,0,-134.0500030517578,1,120,8200,0,160,-40,19,0,0,0,0,4054
7191,0,179,2000,500,820,0,0,0,0,0,0,1,0,0,0,-134.0500030517578,1,120,8200,0,160,-40,19,0,0,0,0,4054
7192,0,180,2000,500,820,0,0,0,0,0,0,1,0,0,0,-134.0500030517578,1,120,8200,0,160,-40,19,0,0,0,0,4054
7193,0,181,2000,500,820,0,0,0,0,0,0,1,0,0,0,-134.0500030517578,1,120,8200,0,160,-40,19,0,0,0,0,4054
7194,0,182,2000,500,820,0,0,0,0,0,0,1,0,0,0,-134.0500030517578,1,120,8200,0,160,-40,19,0,0,0,0,4054
7195,0,183,2000,500,820,0,0,0,0,0,0,1,0,0,0,-134.0500030517578,1,120,8200,0,160,-40,19,0,0,0,0,4054
7196,0,184,2000,500,820,0,0,0,0,0,0,1,0,0,0,-134.0500030517578,1,120,8200,0,160,-40,19,0,0,0,0,4054
7197,0,185,2000,500,820,0,0,0,0,0,0,1,0,0,0,-134.0500030517578,1,120,8200,0,160,-40,19,0,0,0,0,4054
7198,0,186,2000,500,820,0,0,0,0,0,0,1,0,0,0,-134.0500030517578,1,120,8200,0,160,-40,19,0,0,0,0,4054
7199,0,187,2000,500,820,0,0,0,0,0,0,1,0,0,0,-134.0500030517578,1,120,8200,0,160,-40,19,0,0,0,0,4054
7200,0,188,2000,500,820,0,0,0,0,0,0,1,0,0,0,-134.0500030517578,1,120,8200,0,160,-40,19,0,0,0,0,4054
7201,0,189,2000,500,820,0,0,0,0,0,0,1,0,0,0,-134.0500030517578,1,120,8200,0,160,-40,20,0,0,0,0,4054
7202,0,190,2000,500,820,0,0,0,0,0,0,1,0,0,0,-134.0500030517578,1,120,8200,0,160,-40,20,0,0,0,0,4054
7203,0,191,2000,500,820,0,0,0,0,0,0,1,0,0,0,-134.0500030517578,1,120,8200,0,160,-40,20,0,0,0,0,4054
7204,0,192,2000,500,820,0,0,0,0,0,0,1,0,0,0,-134.0500030517578,1,120,8200,0,160,-40,20,0,0,0,0,4054
7205,0,193,2000,500,820,0,0,0,0,0,0,1,0,0,0,-134.0500030517578,1,120,8200,0,160,-40,20,0,0,0,0,4054
7206,0,194,2000,500,820,0,0,0,0,0,0,1,0,0,0,-134.0500030517578,1,120,8200,0,160,-40,20,0,0,0,0,4054
7207,0,195,2000,500,820,0,0,0,0,0,0,1,0,0,0,-134.0500030517578,1,120,8200,0,160,-40,20,0,0,0,0,4054
7208,0,196,2000,500,820,0,0,0,0,0,0,1,0,0,0,-134.0500030517578,1,120,8200,0,160,-40,20,0,0,0,0,4054
7209,0,197,2000,500,820,0,0,0,0,0,0,1,0,0,0,-134.0500030517578,1,120,8200,0,160,-40,20,0,0,0,0,4054
7210,0,1,3000,500,1000,0,0,0,0,0,0,1,0,0,0,-145,1,120,8200,0,160,-40,20,3,0,0,0,1000
7211,0,2,3000,500,1000,0,0,0,0,0,0,1,0,0,0,-145,1,120,8200,0,160,-40,20,3,0,0,0,1000
7212,0,3,3000,500,1000,0,0,0,0,0,0,1,0,0,0,-145,1,120,8200,0,160,-40,20,3,0,0,0,1000
7213,0,4,3000,500,1000,0,0,0,0,0,0,1,0,0,0,-145,1,120,8200,0,160,-40,20,3,0,0,0,1000
7214,0,5,3000,500,1000,0,0,0,0,0,0,1,0,0,0,-145,1,120,8200,0,160,-40,20,3,0,0,0,1000
7215,0,6,3000,500,1000,0,0,0,0,0,0,1,0,0,0,-145,1,120,8200,0,160,-40,20,3,0,0,0,1000
7216,0,7,3000,500,1000,0,0,0,0,0,0,1,0,0,0,-145,1,120,8200,0,160,-40,20,3,0,0,0,1000
7217,0,8,3000,500,1000,0,0,0,0,0,0,1,0,0,0,-145,1,120,8200,0,160,-40,20,3,0,0,0,1000
7218,0,9,3000,500,1000,0,0,0,0,0,0,1,0,0,0,-145,1,120,8200,0,160,-40,20,3,0,0,0,1000
7219,20,1,3000,500,1000,0,0,0,0,0,0,1,0,0,0,-143.75,1,120,8200,0,160,-40,21,3,0,0,0,1000
7220,20,2,3000,500,1000,0,0,0,0,0,0,1,0,0,0,-143.75,1,120,8200,0,158.75,-38.75,21,3,0,0,0,1000
7221,20,3,3000,500,1000,0,0,0,0,0,0,1,0,0,0,-143.75,1,120,8200,0,157.5,-37.5,21,3,0,0,0,1000
7222,10,1,3000,500,1000,0,0,0,0,0,0,1,0,0,0,-143.75,1,120,8200,0,156.25,-36.25,21,3,0,0,0,1000
7223,10,2,3000,500,1000,0,0,0,0,0,0,1,0,0,0,-143.75,1,120,8200,0,156.25,-36.25,21,3,0,0,0,1000
7224,10,3,3000,500,1000,0,0,0,0,0,0,1,0,0,0,-143.75,1,120,8200,0,156.25,-36.25,21,3,0,0,0,1000
7225,10,4,3000,500,1000,0,0,0,0,0,0,1,0,0,0,-143.75,1,120,8200,0,156.25,-36.25,21,3,0,0,0,1000
7226,10,5,3000,500,1000,0,0,0,0,0,0,1,0,0,0,-143.75,1,120,8200,0,156.25,-36.25,21,3,0,0,0,1000
7227,10,6,3000,500,1000,0,0,0,0,0,0,1,0,0,0,-143.75,1,120,8200,0,156.25,-36.25,21,3,0,0,0,1000
7228,10,7,3000,500,1000,0,0,0,0,0,0,1,0,0,0,-143.75,1,120,8200,0,156.25,-36.25,21,3,0,0,0,1000
7229,10,8,3000,500,1000,0,0,0,0,0,0,1,0,0,0,-143.75,1,120,8200,0,156.25,-36.25,21,3,0,0,0,1000
7230,10,9,3000,500,1000,0,0,0,0,0,0,1,0,0,0,-143.75,1,120,8200,0,156.25,-36.25,21,3,0,0,0,1000
7231,1030,1,3000,500,1000,0,0,0,0,0,0,1,0,0,0,-143.75,1,120,8200,0,156.25,-36.25,21,3,0,0,0,1000
7232,1030,2,3000,500,1000,0,0,0,0,0,0,1,0,0,0,-143.75,1,120,8200,0,156.25,-36.25,21,3,0,0,0,1000
7233,1030,3,3000,500,1000,0,0,0,0,0,0,1,0,0,0,-141.75,1,120,8200,0,156.25,-36.25,21,3,0,0,0,1000
7234,1030,4,3000,500,1000,0,0,0,0,0,0,1,0,0,0,-140.5,1,120,8200,0,156.25,-36.25,21,3,0,0,0,1000
7235,1030,5,3000,500,1000,0,0,0,0,0,0,1,0,0,0,-139.5,1,120,8200,0,156.25,-36.25,21,3,0,0,0,1000
7236,1030,6,3000,500,1000,0,0,0,0,0,0,1,0,0,0,-138.5,1,120,8200,0,156.25,-36.25,21,3,0,0,0,1000
7237,1030,7,3000,500,1000,0,0,0,0,0,0,1,0,0,0,-137.5,1,120,8200,0,156.25,-36.25,21,3,0,0,0,1000
7238,1030,8,3000,500,1000,0,0,0,0,0,0,1,0,0,0,-136.5,1,120,8200,0,156.25,-36.25,21,3,0,0,0,1000
7239,1030,9,3000,500,1000,0,0,0,0,0,0,1,0,0,0,-136.5,1,120,8200,0,156.25,-36.25,21,3,0,0,0,1000
7240,1030,10,4030,500,920,0,0,0,0,0,0,1,0,0,0,-136.5,1,120,8200,0,156.25,-36.25,21,3,0,0,0,2048
7241,1030,11,4030,500,920,0,0,0,0,0,0,1,0,0,0,-136.5,1,120,8200,0,156.25,-36.25,21,3,0,0,0,2048
7242,1030,12,4030,500,920,0,0,0,0,0,0,1,0,0,0,-136.5,1,120,8200,0,156.25,-36.25,21,3,0,0,0,2048
7243,1030,13,4030,500,920,0,0,0,0,0,0,1,0,0,0,-136.5,1,120,8200,0,156.25,-36.25,21,3,0,0,0,2048
7244,1030,14,4030,500,920,0,0,0,0,0,0,1,0,0,0,-136.5,1,120,8200,0,156.25,-36.25,21,3,0,0,0,2048
7245,1030,15,4030,500,920,0,0,0,0,0,0,1,0,0,0,-136.5,1,120,8200,0,156.25,-36.25,21,3,0,0,0,2048
7246,1030,16,4030,500,920,0,0,0,0,0,0,1,0,0,0,-136.5,1,120,8200,0,156.25,-36.25,21,3,0,0,0,2048
7247,1030,17,4030,500,920,0,0,0,0,0,0,1,0,0,0,-136.5,1,120,8200,0,156.25,-36.25,21,3,0,0,0,2048
7248,1030,18,4030,500,920,0,0,0,0,0,0,1,0,0,0,-136.5,1,120,8200,0,156.25,-36.25,21,3,0,0,0,2048
7249,1030,19,4030,500,920,0,0,0,0,0,0,1,0,0,0,-136.5,1,120,8200,0,156.25,-36.25,21,3,0,0,0,2048
7250,1030,20,4030,500,920,0,0,0,0,0,0,1,0,0,0,-136.5,1,120,8200,0,156.25,-36.25,21,3,0,0,0,2048
7251,1030,21,4030,500,920,0,0,0,0,0,0,1,0,0,0,-136.5,1,120,8200,0,156.25,-36.25,21,3,0,0,0,2048
7252,1030,22,4030,500,920,0,0,0,0,0,0,1,0,0,0,-136.5,1,120,8200,0,156.25,-36.25,21,3,0,0,0,2048
7253,1030,23,4030,500,920,0,0,0,0,0,0,1,0,0,0,-136.5,1,120,8200,0,156.25,-36.25,21,3,0,0,0,2048
7254,1030,24,4030,500,920,0,0,0,0,0,0,1,0,0,0,-136.5,1,120,8200,0,156.25,-36.25,21,3,0,0,0,2048
7255,1030,25,4030,500,920,0,0,0,0,0,0,1,0,0,0,-136.5,1,120,8200,0,156.25,-36.25,22,3,0,0,0,2048
7256,1030,26,4030,500,920,0,0,0,0,0,0,1,0,0,0,-136.5,1,120,8200,0,156.25,-36.25,22,3,0,0,0,2048
7257,1030,27,4030,500,920,0,0,0,0,0,0,1,0,0,0,-136.5,1,120,8200,0,156.25,-36.25,22,3,0,0,0,2048
7258,1030,28,4030,500,920,0,0,0,0,0,0,1,0,0,0,-136.5,1,120,8200,0,156.25,-36.25,22,3,0,0,0,2048
7259,1030,29,4030,500,920,0,0,0,0,0,0,1,0,0,0,-136.5,1,120,8200,0,156.25,-36.25,22,3,0,0,0,2048
7260,1030,30,4030,500,920,0,0,0,0,0,0,1,0,0,0,-136.5,1,120,8200,0,156.25,-36.25,22,3,0,0,0,2048
7261,1030,31,4030,500,920,0,0,0,0,0,0,1,0,0,0,-136.5,1,120,8200,0,156.25,-36.25,22,3,0,0,0,2048
7262,1030,32,4030,500,920,0,0,0,0,0,0,1,0,0,0,-136.5,1,120,8200,0,156.25,-36.25,22,3,0,0,0,2048
7263,1030,33,4030,500,920,0,0,0,0,0,0,1,0,0,0,-136.5,1,120,8200,0,156.25,-36.25,22,3,0,0,0,2048
7264,1030,34,4030,500,920,0,0,0,0,0,0,1,0,0,0,-136.5,1,120,8200,0,156.25,-36.25,22,3,0,0,0,2048
7265,0,1,4030,500,920,0,0,0,0,0,0,1,0,0,0,-136.5,1,120,8200,0,156.25,-36.25,22,3,0,0,0,2048
7266,0,2,4030,500,920,0,0,0,0,0,0,1,0,0,0,-136.5,1,120,8200,0,156.25,-36.25,22,3,0,0,0,2048
7267,0,3,4030,500,920,0,0,0,0,0,0,1,0,0,0,-136.5,1,120,8200,0,156.25,-36.25,22,3,0,0,0,2048
7268,0,4,4030,500,920,0,0,0,0,0,0,1,0,0,0,-136.5,1,120,8200,0,156.25,-36.25,22,3,0,0,0,2048
7269,0,5,4030,500,920,0,0,0,0,0,0,1,0,0,0,-136.5,1,120,8200,0,156.25,-36.25,22,3,0,0,0,2048
7270,0,6,4030,500,920,0,0,0,0,0,0,1,0,0,0,-136.5,1,120,8200,0,156.25,-36.25,22,3,0,0,0,2048
7271,0,7,4030,500,920,0,0,0,0,0,0,1,0,0,0,-136.5,1,120,8200,0,156.25,-36.25,22,3,0,0,0,2048
7272,0,8,4030,500,920,0,0,0,0,0,0,1,0,0,0,-136.5,1,120,8200,0,156.25,-36.25,22,3,0,0,0,2048
7273,0,9,4030,500,920,0,0,0,0,0,0,1,0,0,0,-136.5,1,120,8200,0,156.25,-36.25,22,3,0,0,0,2048
7274,0,10,4030,500,920,0,0,0,0,0,0,1,0,0,0,-136.5,1,120,8200,0,156.25,-36.25,22,3,0,0,0,2048
7275,0,11,4030,500,920,0,0,0,0,0,0,1,0,0,0,-136.5,1,120,8200,0,156.25,-36.25,22,3,0,0,0,2048
7276,0,12,4030,500,920,0,0,0,0,0,0,1,0,0,0,-136.5,1,120,8200,0,156.25,-36.25,22,3,0,0,0,2048
7277,0,13,4030,500,920,0,0,0,0,0,0,1,0,0,0,-136.5,1,120,8200,0,156.25,-36.25,22,3,0,0,0,2048
7278,0,14,4030,500,920,0,0,0,0,0,0,1,0,0,0,-136.5,1,120,8200,0,156.25,-36.25,22,3,0,0,0,2048
7279,0,15,4030,500,920,0,0,0,0,0,0,1,0,0,0,-136.5,1,120,8200,0,156.25,-36.25,22,3,0,0,0,2048
7280,0,16,4030,500,920,0,0,0,0,0,0,1,0,0,0,-136.5,1,120,8200,0,156.25,-36.25,22,3,0,0,0,2048
7281,0,17,4030,500,920,0,0,0,0,0,0,1,0,0,0,-136.5,1,120,8200,0,156.25,-36.25,22,3,0,0,0,2048
7282,0,18,4030,500,920,0,0,0,0,0,0,1,0,0,0,-136.5,1,120,8200,0,156.25,-36.25,22,3,0,0,0,2048
7283,0,19,4030,500,920,0,0,0,0,0,0,1,0,0,0,-136.5,1,120,8200,0,156.25,-36.25,22,3,0,0,0,2048
7284,0,20,4030,500,920,0,0,0,0,0,0,1,0,0,0,-136.5,1,120,8200,0,156.25,-36.25,22,3,0,0,0,2048
7285,0,21,4030,500,920,0,0,0,0,0,0,1,0,0,0,-136.5,1,120,8200,0,156.25,-36.25,22,3,0,0,0,2048
7286,0,22,4030,500,920,0,0,0,0,0,0,1,0,0,0,-136.5,1,120,8200,0,156.25,-36.25,22,3,0,0,0,2048
7287,0,23,4030,500,920,0,0,0,0,0,0,1,0,0,0,-136.5,1,120,8200,0,156.25,-36.25,22,3,0,0,0,2048
7288,0,24,4030,500,920,0,0,0,0,0,0,1,0,0,0,-136.5,1,120,8200,0,156.25,-36.25,22,3,0,0,0,2048
7289,0,25,4030,500,920,0,0,0,0,0,0,1,0,0,0,-136.5,1,120,8200,0,156.25,-36.25,22,3,0,0,0,2048
7290,0,26,4030,500,920,0,0,0,0,0,0,1,0,0,0,-136.5,1,120,8200,0,156.25,-36.25,22,3,0,0,0,2048
7291,0,27,4030,500,920,0,0,0,0,0,0,1,0,0,0,-136.5,1,120,8200,0,156.25,-36.25,23,3,0,0,0,2048
7292,0,28,4030,500,920,0,0,0,0,0,0,1,0,0,0,-136.5,1,120,8200,0,156.25,-36.25,23,3,0,0,0,2048
7293,0,29,4030,500,920,0,0,0,0,0,0,1,0,0,0,-136.5,1,120,8200,0,156.25,-36.25,23,3,0,0,0,2048
7294,0,30,4030,500,920,0,0,0,0,0,0,1,0,0,0,-136.5,1,120,8200,0,156.25,-36.25,23,3,0,0,0,2048
7295,0,31,4030,500,920,0,0,0,0,0,0,1,0,0,0,-136.5,1,120,8200,0,156.25,-36.25,23,3,0,0,0,2048
7296,0,32,4030,500,920,0,0,0,0,0,0,1,0,0,0,-136.5,1,120,8200,0,156.25,-36.25,23,3,0,0,0,2048
7297,0,33,4030,500,920,0,0,0,0,0,0,1,0,0,0,-136.5,1,120,8200,0,156.25,-36.25,23,3,0,0,0,2048
7298,0,34,4030,500,920,0,0,0,0,0,0,1,0,0,0,-136.5,1,120,8200,0,156.25,-36.25,23,3,0,0,0,2048
7299,0,35,4030,500,920,0,0,0,0,0,0,1,0,0,0,-136.5,1,120,8200,0,156.25,-36.25,23,3,0,0,0,2048
7300,0,36,4030,500,920,0,0,0,0,0,0,1,0,0,0,-136.5,1,120,8200,0,156.25,-36.25,23,3,0,0,0,2048
7301,0,37,4030,500,920,0,0,0,0,0,0,1,0,0,0,-136.5,1,120,8200,0,156.25,-36.25,23,3,0,0,0,2048
7302,0,38,4030,500,920,0,0,0,0,0,0,1,0,0,0,-136.5,1,120,8200,0,156.25,-36.25,23,3,0,0,0,2048
7303,0,39,4030,500,920,0,0,0,0,0,0,1,0,0,0,-136.5,1,120,8200,0,156.25,-36.25,23,3,0,0,0,2048
7304,0,40,4030,500,920,0,0,0,0,0,0,1,0,0,0,-136.5,1,120,8200,0,156.25,-36.25,23,3,0,0,0,2048
7305,0,41,4030,500,920,0,0,0,0,0,0,1,0,0,0,-136.5,1,120,8200,0,156.25,-36.25,23,3,0,0,0,2048
7306,0,42,4030,500,920,0,0,0,0,0,0,1,0,0,0,-136.5,1,120,8200,0,156.25,-36.25,23,3,0,0,0,2048
7307,0,43,4030,500,920,0,0,0,0,0,0,1,0,0,0,-136.5,1,120,8200,0,156.25,-36.25,23,3,0,0,0,2048
7308,0,44,4030,500,920,0,0,0,0,0,0,1,0,0,0,-136.5,1,120,8200,0,156.25,-36.25,23,3,0,0,0,2048
7309,0,45,4030,500,920,0,0,0,0,0,0,1,0,0,0,-136.5,1,120,8200,0,156.25,-36.25,23,3,0,0,0,2048
7310,0,46,4030,500,920,0,0,0,0,0,0,1,0,0,0,-136.5,1,120,8200,0,156.25,-36.25,23,3,0,0,0,2048
7311,0,47,4030,500,920,0,0,0,0,0,0,1,0,0,0,-136.5,1,120,8200,0,156.25,-36.25,23,3,0,0,0,2048
7312,0,48,4030,500,920,0,0,0,0,0,0,1,0,0,0,-136.5,1,120,8200,0,156.25,-36.25,23,3,0,0,0,2048
7313,0,49,4030,500,920,0,0,0,0,0,0,1,0,0,0,-136.5,1,120,8200,0,156.25,-36.25,23,3,0,0,0,2048
7314,0,50,4030,500,920,0,0,0,0,0,0,1,0,0,0,-136.5,1,120,8200,0,156.25,-36.25,23,3,0,0,0,2048
7315,0,51,4030,500,920,0,0,0,0,0,0,1,0,0,0,-136.5,1,120,8200,0,156.25,-36.25,23,3,0,0,0,2048
7316,0,52,4030,500,920,0,0,0,0,0,0,1,0,0,0,-136.5,1,120,8200,0,156.25,-36.25,23,3,0,0,0,2048
7317,0,53,4030,500,920,0,0,0,0,0,0,1,0,0,0,-136.5,1,120,8200,0,156.25,-36.25,23,3,0,0,0,2048
7318,0,54,4030,500,920,0,0,0,0,0,0,1,0,0,0,-136.5,1,120,8200,0,156.25,-36.25,23,3,0,0,0,2048
7319,0,55,4030,500,920,0,0,0,0,0,0,1,0,0,0,-136.5,1,120,8200,0,156.25,-36.25,23,3,0,0,0,2048
7320,0,56,4030,500,920,0,0,0,0,0,0,1,0,0,0,-136.5,1,120,8200,0,156.25,-36.25,23,3,0,0,0,2048
7321,0,57,4030,500,920,0,0,0,0,0,0,1,0,0,0,-136.5,1,120,8200,0,156.25,-36.25,23,3,0,0,0,2048
7322,0,58,4030,500,920,0,0,0,0,0,0,1,0,0,0,-136.5,1,120,8200,0,156.25,-36.25,23,3,0,0,0,2048
7323,0,59,4030,500,920,0,0,0,0,0,0,1,0,0,0,-136.5,1,120,8200,0,156.25,-36.25,23,3,0,0,0,2048
7324,0,60,4030,500,920,0,0,0,0,0,0,1,0,0,0,-136.5,1,120,8200,0,156.25,-36.25,23,3,0,0,0,2048
7325,0,61,4030,500,920,0,0,0,0,0,0,1,0,0,0,-136.5,1,120,8200,0,156.25,-36.25,23,3,0,0,0,2048
7326,0,62,4030,500,920,0,0,0,0,0,0,1,0,0,0,-136.5,1,120,8200,0,156.25,-36.25,23,3,0,0,0,2048
7327,0,63,4030,500,920,0,0,0,0,0,0,1,0,0,0,-136.5,1,120,8200,0,156.25,-36.25,24,3,0,0,0,2048
7328,0,64,4030,500,920,0,0,0,0,0,0,1,0,0,0,-136.5,1,120,8200,0,156.25,-36.25,24,3,0,0,0,2048
7329,0,65,4030,500,920,0,0,0,0,0,0,1,0,0,0,-136.5,1,120,8200,0,156.25,-36.25,24,3,0,0,0,2048
7330,0,66,4030,500,920,0,0,0,0,0,0,1,0,0,0,-136.5,1,120,8200,0,156.25,-36.25,24,3,0,0,0,2048
7331,0,67,4030,500,920,0,0,0,0,0,0,1,0,0,0,-136.5,1,120,8200,0,156.25,-36.25,24,3,0,0,0,2048
7332,0,68,4030,500,920,0,0,0,0,0,0,1,0,0,0,-136.5,1,120,8200,0,156.25,-36.25,24,3,0,0,0,2048
7333,0,69,4030,500,920,0,0,0,0,0,0,1,0,0,0,-136.5,1,120,8200,0,156.25,-36.25,24,3,0,0,0,2048
7334,0,70,4030,500,920,0,0,0,0,0,0,1,0,0,0,-136.5,1,120,8200,0,156.25,-36.25,24,3,0,0,0,2048
7335,0,71,4030,500,920,0,0,0,0,0,0,1,0,0,0,-136.5,1,120,8200,0,156.25,-36.25,24,3,0,0,0,2048
7336,0,72,4030,500,920,0,0,0,0,0,0,1,0,0,0,-136.5,1,120,8200,0,156.25,-36.25,24,3,0,0,0,2048
7337,0,73,4030,500,920,0,0,0,0,0,0,1,0,0,0,-136.5,1,120,8200,0,156.25,-36.25,24,3,0,0,0,2048
7338,0,74,4030,500,920,0,0,0,0,0,0,1,0,0,0,-136.5,1,120,8200,0,156.25,-36.25,24,3,0,0,0,2048
7339,0,75,4030,500,920,0,0,0,0,0,0,1,0,0,0,-136.5,1,120,8200,0,156.25,-36.25,24,3,0,0,0,2048
7340,0,76,4030,500,920,0,0,0,0,0,0,1,0,0,0,-136.5,1,120,8200,0,156.25,-36.25,24,3,0,0,0,2048
7341,0,77,4030,500,920,0,0,0,0,0,0,1,0,0,0,-136.5,1,120,8200,0,156.25,-36.25,24,3,0,0,0,2048
7342,0,78,4030,500,920,0,0,0,0,0,0,1,0,0,0,-136.5,1,120,8200,0,156.25,-36.25,24,3,0,0,0,2048
7343,0,79,4030,500,920,0,0,0,0,0,0,1,0,0,0,-136.5,1,120,8200,0,156.25,-36.25,24,3,0,0,0,2048
7344,0,80,4030,500,920,0,0,0,0,0,0,1,0,0,0,-136.5,1,120,8200,0,156.25,-36.25,24,3,0,0,0,2048
7345,0,81,4030,500,920,0,0,0,0,0,0,1,0,0,0,-136.5,1,120,8200,0,156.25,-36.25,1,3,0,0,0,2048
7346,0,82,4030,500,920,0,0,0,0,0,0,1,0,0,0,-136.5,1,120,8200,0,156.25,-36.25,1,3,0,0,0,2048
7347,0,83,4030,500,920,0,0,0,0,0,0,1,0,0,0,-136.5,1,120,8200,0,156.25,-36.25,1,3,0,0,0,2048
7348,0,84,4030,500,920,0,0,0,0,0,0,1,0,0,0,-136.5,1,120,8200,0,156.25,-36.25,1,3,0,0,0,2048
7349,0,85,4030,500,920,0,0,0,0,0,0,1,0,0,0,-136.5,1,120,8200,0,156.25,-36.25,1,3,0,0,0,2048
7350,0,86,4030,500,920,0,0,0,0,0,0,1,0,0,0,-136.5,1,120,8200,0,156.25,-36.25,1,3,0,0,0,2048
7351,0,87,4030,500,920,0,0,0,0,0,0,1,0,0,0,-136.5,1,120,8200,0,156.25,-36.25,1,3,0,0,0,2048
7352,0,88,4030,500,920,0,0,0,0,0,0,1,0,0,0,-136.5,1,120,8200,0,156.25,-36.25,1,3,0,0,0,2048
7353,0,89,4030,500,920,0,0,0,0,0,0,1,0,0,0,-136.5,1,120,8200,0,156.25,-36.25,1,3,0,0,0,2048
7354,0,90,4030,500,920,0,0,0,0,0,0,1,0,0,0,-136.5,1,120,8200,0,156.25,-36.25,1,3,0,0,0,2048
7355,0,91,4030,500,920,0,0,0,0,0,0,1,0,0,0,-136.5,1,120,8200,0,156.25,-36.25,1,3,0,0,0,2048
7356,0,92,4030,500,920,0,0,0,0,0,0,1,0,0,0,-136.5,1,120,8200,0,156.25,-36.25,1,3,0,0,0,2048
7357,0,93,4030,500,920,0,0,0,0,0,0,1,0,0,0,-136.5,1,120,8200,0,156.25,-36.25,2,3,0,0,0,2048
7358,0,94,4030,500,920,0,0,0,0,0,0,1,0,0,0,-136.5,1,120,8200,0,156.25,-36.25,2,3,0,0,0,2048
7359,0,95,4030,500,920,0,0,0,0,0,0,1,0,0,0,-136.5,1,120,8200,0,156.25,-36.25,2,3,0,0,0,2048
7360,0,96,4030,500,920,0,0,0,0,0,0,1,0,0,0,-136.5,1,120,8200,0,156.25,-36.25,2,3,0,0,0,2048
7361,0,97,4030,500,920,0,0,0,0,0,0,1,0,0,0,-136.5,1,120,8200,0,156.25,-36.25,2,3,0,0,0,2048
7362,0,98,4030,500,920,0,0,0,0,0,0,1,0,0,0,-136.5,1,120,8200,0,156.25,-36.25,2,3,0,0,0,2048
7363,0,99,4030,500,920,0,0,0,0,0,0,1,0,0,0,-136.5,1,120,8200,0,156.25,-36.25,2,3,0,0,0,2048
7364,0,100,4030,500,920,0,0,0,0,0,0,1,0,0,0,-136.5,1,120,8200,0,156.25,-36.25,2,3,0,0,0,2048
7365,0,101,4030,500,920,0,0,0,0,0,0,1,0,0,0,-136.5,1,120,8200,0,156.25,-36.25,2,3,0,0,0,2048
7366,0,102,4030,500,920,0,0,0,0,0,0,1,0,0,0,-136.5,1,120,8200,0,156.25,-36.25,2,3,0,0,0,2048
7367,0,103,4030,500,920,0,0,0,0,0,0,1,0,0,0,-136.5,1,120,8200,0,156.25,-36.25,2,3,0,0,0,2048
7368,0,104,4030,500,920,0,0,0,0,0,0,1,0,0,0,-136.5,1,120,8200,0,156.25,-36.25,2,3,0,0,0,2048
7369,0,105,4030,500,920,0,0,0,0,0,0,1,0,0,0,-136.5,1,120,8200,0,156.25,-36.25,3,3,0,0,0,2048
7370,0,106,4030,500,920,0,0,0,0,0,0,1,0,0,0,-136.5,1,120,8200,0,156.25,-36.25,3,3,0,0,0,2048
7371,0,107,4030,500,920,0,0,0,0,0,0,1,0,0,0,-136.5,1,120,8200,0,156.25,-36.25,3,3,0,0,0,2048
7372,0,108,4030,500,920,0,0,0,0,0,0,1,0,0,0,-136.5,1,120,8200,0,156.25,-36.25,3,3,0,0,0,2048
7373,0,109,4030,500,920,0,0,0,0,0,0,1,0,0,0,-136.5,1,120,8200,0,156.25,-36.25,3,3,0,0,0,2048
7374,0,110,4030,500,920,0,0,0,0,0,0,1,0,0,0,-136.5,1,120,8200,0,156.25,-36.25,3,3,0,0,0,2048
7375,0,111,4030,500,920,0,0,0,0,0,0,1,0,0,0,-136.5,1,120,8200,0,156.25,-36.25,3,3,0,0,0,2048
7376,0,112,4030,500,920,0,0,0,0,0,0,1,0,0,0,-136.5,1,120,8200,0,156.25,-36.25,3,3,0,0,0,2048
7377,0,113,4030,500,920,0,0,0,0,0,0,1,0,0,0,-136.5,1,120,8200,0,156.25,-36.25,3,3,0,0,0,2048
7378,0,114,4030,500,920,0,0,0,0,0,0,1,0,0,0,-136.5,1,120,8200,0,156.25,-36.25,3,3,0,0,0,2048
7379,0,115,4030,500,920,0,0,0,0,0,0,1,0,0,0,-136.5,1,120,8200,0,156.25,-36.25,3,3,0,0,0,2048
7380,0,116,4030,500,920,0,0,0,0,0,0,1,0,0,0,-136.5,1,120,8200,0,156.25,-36.25,3,3,0,0,0,2048
7381,0,117,4030,500,920,0,0,0,0,0,0,1,0,0,0,-136.5,1,120,8200,0,156.25,-36.25,4,3,0,0,0,2048
7382,0,118,4030,500,920,0,0,0,0,0,0,1,0,0,0,-136.5,1,120,8200,0,156.25,-36.25,4,3,0,0,0,2048
7383,0,119,4030,500,920,0,0,0,0,0,0,1,0,0,0,-136.5,1,120,8200,0,156.25,-36.25,4,3,0,0,0,2048
7384,0,120,4030,500,920,0,0,0,0,0,0,1,0,0,0,-136.5,1,120,8200,0,156.25,-36.25,4,3,0,0,0,2048
7385,0,121,4030,500,920,0,0,0,0,0,0,1,0,0,0,-136.5,1,120,8200,0,156.25,-36.25,4,3,0,0,0,2048
7386,0,122,4030,500,920,0,0,0,0,0,0,1,0,0,0,-136.5,1,120,8200,0,156.25,-36.25,4,3,0,0,0,2048
7387,0,123,4030,500,920,0,0,0,0,0,0,1,0,0,0,-136.5,1,120,8200,0,156.25,-36.25,4,3,0,0,0,2048
7388,0,124,4030,500,920,0,0,0,0,0,0,1,0,0,0,-136.5,1,120,8200,0,156.25,-36.25,4,3,0,0,0,2048
7389,0,125,4030,500,920,0,0,0,0,0,0,1,0,0,0,-136.5,1,120,8200,0,156.25,-36.25,4,3,0,0,0,2048
7390,0,126,4030,500,920,0,0,0,0,0,0,1,0,0,0,-136.5,1,120,8200,0,156.25,-36.25,4,3,0,0,0,2048
7391,0,127,4030,500,920,0,0,0,0,0,0,1,0,0,0,-136.5,1,120,8200,0,156.25,-36.25,4,3,0,0,0,2048
7392,0,128,4030,500,920,0,0,0,0,0,0,1,0,0,0,-136.5,1,120,8200,0,156.25,-36.25,4,3,0,0,0,2048
7393,0,129,4030,500,920,0,0,0,0,0,0,1,0,0,0,-136.5,1,120,8200,0,156.25,-36.25,5,3,0,0,0,2048
7394,0,130,4030,500,920,0,0,0,0,0,0,1,0,0,0,-136.5,1,120,8200,0,156.25,-36.25,5,3,0,0,0,2048
7395,0,131,4030,500,920,0,0,0,0,0,0,1,0,0,0,-136.5,1,120,8200,0,156.25,-36.25,5,3,0,0,0,2048
7396,0,132,4030,500,920,0,0,0,0,0,0,1,0,0,0,-136.5,1,120,8200,0,156.25,-36.25,5,3,0,0,0,2048
7397,0,133,4030,500,920,0,0,0,0,0,0,1,0,0,0,-136.5,1,120,8200,0,156.25,-36.25,5,3,0,0,0,2048
7398,0,134,4030,500,920,0,0,0,0,0,0,1,0,0,0,-136.5,1,120,8200,0,156.25,-36.25,5,3,0,0,0,2048
7399,0,135,4030,500,920,0,0,0,0,0,0,1,0,0,0,-136.5,1,120,8200,0,156.25,-36.25,5,3,0,0,0,2048
7400,0,136,4030,500,920,0,0,0,0,0,0,1,0,0,0,-136.5,1,120,8200,0,156.25,-36.25,5,3,0,0,0,2048
7401,0,137,4030,500,920,0,0,0,0,0,0,1,0,0,0,-136.5,1,120,8200,0,156.25,-36.25,5,3,0,0,0,2048
7402,0,138,4030,500,920,0,0,0,0,0,0,1,0,0,0,-136.5,1,120,8200,0,156.25,-36.25,5,3,0,0,0,2048
7403,0,139,4030,500,920,0,0,0,0,0,0,1,0,0,0,-136.5,1,120,8200,0,156.25,-36.25,5,3,0,0,0,2048
7404,0,140,4030,500,920,0,0,0,0,0,0,1,0,0,0,-136.5,1,120,8200,0,156.25,-36.25,5,3,0,0,0,2048
7405,0,141,4030,500,920,0,0,0,0,0,0,1,0,0,0,-136.5,1,120,8200,0,156.25,-36.25,6,3,0,0,0,2048
7406,0,142,4030,500,920,0,0,0,0,0,0,1,0,0,0,-136.5,1,120,8200,0,156.25,-36.25,6,3,0,0,0,2048
7407,0,143,4030,500,920,0,0,0,0,0,0,1,0,0,0,-136.5,1,120,8200,0,156.25,-36.25,6,3,0,0,0,2048
7408,0,144,4030,500,920,0,0,0,0,0,0,1,0,0,0,-136.5,1,120,8200,0,156.25,-36.25,6,3,0,0,0,2048
7409,0,145,4030,500,920,0,0,0,0,0,0,1,0,0,0,-136.5,1,120,8200,0,156.25,-36.25,6,3,0,0,0,2048
7410,0,146,4030,500,920,0,0,0,0,0,0,1,0,0,0,-136.5,1,120,8200,0,156.25,-36.25,6,3,0,0,0,2048
7411,0,147,4030,500,920,0,0,0,0,0,0,1,0,0,0,-136.5,1,120,8200,0,156.25,-36.25,6,3,0,0,0,2048
7412,0,148,4030,500,920,0,0,0,0,0,0,1,0,0,0,-136.5,1,120,8200,0,156.25,-36.25,6,3,0,0,0,2048
7413,0,149,4030,500,920,0,0,0,0,0,0,1,0,0,0,-136.5,1,120,8200,0,156.25,-36.25,6,3,0,0,0,2048
7414,0,150,4030,500,920,0,0,0,0,0,0,1,0,0,0,-136.5,1,120,8200,0,156.25,-36.25,6,3,0,0,0,2048
7415,0,151,4030,500,920,0,0,0,0,0,0,1,0,0,0,-136.5,1,120,8200,0,156.25,-36.25,6,3,0,0,0,2048
7416,0,152,4030,500,920,0,0,0,0,0,0,1,0,0,0,-136.5,1,120,8200,0,156.25,-36.25,6,3,0,0,0,2048
7417,0,153,4030,500,920,0,0,0,0,0,0,1,0,0,0,-136.5,1,120,8200,0,156.25,-36.25,7,3,0,0,0,2048
7418,0,154,4030,500,920,0,0,0,0,0,0,1,0,0,0,-136.5,1,120,8200,0,156.25,-36.25,7,3,0,0,0,2048
7419,0,155,4030,500,920,0,0,0,0,0,0,1,0,0,0,-136.5,1,120,8200,0,156.25,-36.25,7,3,0,0,0,2048
7420,0,156,4030,500,920,0,0,0,0,0,0,1,0,0,0,-136.5,1,120,8200,0,156.25,-36.25,7,3,0,0,0,2048
7421,0,157,4030,500,920,0,0,0,0,0,0,1,0,0,0,-136.5,1,120,8200,0,156.25,-36.25,7,3,0,0,0,2048
7422,0,158,4030,500,920,0,0,0,0,0,0,1,0,0,0,-136.5,1,120,8200,0,156.25,-36.25,7,3,0,0,0,2048
7423,0,159,4030,500,920,0,0,0,0,0,0,1,0,0,0,-136.5,1,120,8200,0,156.25,-36.25,7,3,0,0,0,2048
7424,0,160,4030,500,920,0,0,0,0,0,0,1,0,0,0,-136.5,1,120,8200,0,156.25,-36.25,7,3,0,0,0,2048
7425,0,161,4030,500,920,0,0,0,0,0,0,1,0,0,0,-136.5,1,120,8200,0,156.25,-36.25,7,3,0,0,0,2048
7426,0,162,4030,500,920,0,0,0,0,0,0,1,0,0,0,-136.5,1,120,8200,0,156.25,-36.25,7,3,0,0,0,2048
7427,0,163,4030,500,920,0,0,0,0,0,0,1,0,0,0,-136.5,1,120,8200,0,156.25,-36.25,7,3,0,0,0,2048
7428,0,164,4030,500,920,0,0,0,0,0,0,1,0,0,0,-136.5,1,120,8200,0,156.25,-36.25,7,3,0,0,0,2048
7429,0,165,4030,500,920,0,0,0,0,0,0,1,0,0,0,-136.5,1,120,8200,0,156.25,-36.25,8,3,0,0,0,2048
7430,0,166,4030,500,920,0,0,0,0,0,0,1,0,0,0,-136.5,1,120,8200,0,156.25,-36.25,8,3,0,0,0,2048
7431,0,167,4030,500,920,0,0,0,0,0,0,1,0,0,0,-136.5,1,120,8200,0,156.25,-36.25,8,3,0,0,0,2048
7432,0,168,4030,500,920,0,0,0,0,0,0,1,0,0,0,-136.5,1,120,8200,0,156.25,-36.25,8,3,0,0,0,2048
7433,0,169,4030,500,920,0,0,0,0,0,0,1,0,0,0,-136.5,1,120,8200,0,156.25,-36.25,8,3,0,0,0,2048
7434,0,170,4030,500,920,0,0,0,0,0,0,1,0,0,0,-136.5,1,120,8200,0,156.25,-36.25,8,3,0,0,0,2048
7435,0,171,4030,500,920,0,0,0,0,0,0,1,0,0,0,-136.5,1,120,8200,0,156.25,-36.25,8,3,0,0,0,2048
7436,0,172,4030,500,920,0,0,0,0,0,0,1,0,0,0,-136.5,1,120,8200,0,156.25,-36.25,8,3,0,0,0,2048
7437,0,173,4030,500,920,0,0,0,0,0,0,1,0,0,0,-136.5,1,120,8200,0,156.25,-36.25,8,3,0,0,0,2048
7438,0,174,4030,500,920,0,0,0,0,0,0,1,0,0,0,-136.5,1,120,8200,0,156.25,-36.25,8,3,0,0,0,2048
7439,0,175,4030,500,920,0,0,0,0,0,0,1,0,0,0,-136.5,1,120,8200,0,156.25,-36.25,8,3,0,0,0,2048
7440,0,176,4030,500,920,0,0,0,0,0,0,1,0,0,0,-136.5,1,120,8200,0,156.25,-36.25,8,3,0,0,0,2048
7441,0,177,4030,500,920,0,0,0,0,0,0,1,0,0,0,-136.5,1,120,8200,0,156.25,-36.25,9,3,0,0,0,2048
7442,0,178,4030,500,920,0,0,0,0,0,0,1,0,0,0,-136.5,1,120,8200,0,156.25,-36.25,9,3,0,0,0,2048
7443,0,179,4030,500,920,0,0,0,0,0,0,1,0,0,0,-136.5,1,120,8200,0,156.25,-36.25,9,3,0,0,0,2048
7444,0,180,4030,500,920,0,0,0,0,0,0,1,0,0,0,-136.5,1,120,8200,0,156.25,-36.25,9,3,0,0,0,2048
7445,0,181,4030,500,920,0,0,0,0,0,0,1,0,0,0,-136.5,1,120,8200,0,156.25,-36.25,9,3,0,0,0,2048
7446,0,182,4030,500,920,0,0,0,0,0,0,1,0,0,0,-136.5,1,120,8200,0,156.25,-36.25,9,3,0,0,0,2048
7447,0,183,4030,500,920,0,0,0,0,0,0,1,0,0,0,-136.5,1,120,8200,0,156.25,-36.25,9,3,0,0,0,2048
7448,0,184,4030,500,920,0,0,0,0,0,0,1,0,0,0,-136.5,1,120,8200,0,156.25,-36.25,9,3,0,0,0,2048
7449,0,185,4030,500,920,0,0,0,0,0,0,1,0,0,0,-136.5,1,120,8200,0,156.25,-36.25,9,3,0,0,0,2048
7450,0,186,4030,500,920,0,0,0,0,0,0,1,0,0,0,-136.5,1,120,8200,0,156.25,-36.25,9,3,0,0,0,2048
7451,0,187,4030,500,920,0,0,0,0,0,0,1,0,0,0,-136.5,1,120,8200,0,156.25,-36.25,9,3,0,0,0,2048
7452,0,188,4030,500,920,0,0,0,0,0,0,1,0,0,0,-136.5,1,120,8200,0,156.25,-36.25,9,3,0,0,0,2048
7453,0,189,4030,500,920,0,0,0,0,0,0,1,0,0,0,-136.5,1,120,8200,0,156.25,-36.25,10,3,0,0,0,2048
7454,0,190,4030,500,920,0,0,0,0,0,0,1,0,0,0,-136.5,1,120,8200,0,156.25,-36.25,10,3,0,0,0,2048
7455,0,191,4030,500,920,0,0,0,0,0,0,1,0,0,0,-136.5,1,120,8200,0,156.25,-36.25,10,3,0,0,0,2048
7456,0,192,4030,500,920,0,0,0,0,0,0,1,0,0,0,-136.5,1,120,8200,0,156.25,-36.25,10,3,0,0,0,2048
7457,0,193,4030,500,920,0,0,0,0,0,0,1,0,0,0,-136.5,1,120,8200,0,156.25,-36.25,10,3,0,0,0,2048
7458,0,194,4030,500,920,0,0,0,0,0,0,1,0,0,0,-136.5,1,120,8200,0,156.25,-36.25,10,3,0,0,0,2048
7459,0,195,4030,500,920,0,0,0,0,0,0,1,0,0,0,-136.5,1,120,8200,0,156.25,-36.25,10,3,0,0,0,2048
7460,0,196,4030,500,920,0,0,0,0,0,0,1,0,0,0,-136.5,1,120,8200,0,156.25,-36.25,10,3,0,0,0,2048
7461,0,197,4030,500,920,0,0,0,0,0,0,1,0,0,0,-136.5,1,120,8200,0,156.25,-36.25,10,3,0,0,0,2048
7462,0,198,4030,500,920,0,0,0,0,0,0,1,0,0,0,-136.5,1,120,8200,0,156.25,-36.25,10,3,0,0,0,2048
7463,0,199,4030,500,920,0,0,0,0,0,0,1,0,0,0,-136.5,1,120,8200,0,156.25,-36.25,10,3,0,0,0,2048
7464,0,200,4030,500,920,0,0,0,0,0,0,1,0,0,0,-136.5,1,120,8200,0,156.25,-36.25,10,3,0,0,0,2048
7465,0,201,4030,500,920,0,0,0,0,0,0,1,0,0,0,-136.5,1,120,8200,0,156.25,-36.25,11,3,0,0,0,2048
7466,0,202,4030,500,920,0,0,0,0,0,0,1,0,0,0,-136.5,1,120,8200,0,156.25,-36.25,11,3,0,0,0,2048
7467,0,203,4030,500,920,0,0,0,0,0,0,1,0,0,0,-136.5,1,120,8200,0,156.25,-36.25,11,3,0,0,0,2048
7468,0,204,4030,500,920,0,0,0,0,0,0,1,0,0,0,-136.5,1,120,8200,0,156.25,-36.25,11,3,0,0,0,2048
7469,0,205,4030,500,920,0,0,0,0,0,0,1,0,0,0,-136.5,1,120,8200,0,156.25,-36.25,11,3,0,0,0,2048
7470,0,206,4030,500,920,0,0,0,0,0,0,1,0,0,0,-136.5,1,120,8200,0,156.25,-36.25,11,3,0,0,0,2048
7471,0,207,4030,500,920,0,0,0,0,0,0,1,0,0,0,-136.5,1,120,8200,0,156.25,-36.25,11,3,0,0,0,2048
7472,0,208,4030,500,920,0,0,0,0,0,0,1,0,0,0,-136.5,1,120,8200,0,156.25,-36.25,11,3,0,0,0,2048
7473,0,209,4030,500,920,0,0,0,0,0,0,1,0,0,0,-136.5,1,120,8200,0,156.25,-36.25,11,3,0,0,0,2048
7474,0,210,4030,500,920,0,0,0,0,0,0,1,0,0,0,-136.5,1,120,8200,0,156.25,-36.25,11,3,0,0,0,2048
7475,0,211,4030,500,920,0,0,0,0,0,0,1,0,0,0,-136.5,1,120,8200,0,156.25,-36.25,11,3,0,0,0,2048
7476,0,212,4030,500,920,0,0,0,0,0,0,1,0,0,0,-136.5,1,120,8200,0,156.25,-36.25,11,3,0,0,0,2048
7477,0,213,4030,500,920,0,0,0,0,0,0,1,0,0,0,-136.5,1,120,8200,0,156.25,-36.25,12,3,0,0,0,2048
7478,0,214,4030,500,920,0,0,0,0,0,0,1,0,0,0,-136.5,1,120,8200,0,156.25,-36.25,12,3,0,0,0,2048
7479,0,215,4030,500,920,0,0,0,0,0,0,1,0,0,0,-136.5,1,120,8200,0,156.25,-36.25,12,3,0,0,0,2048
7480,0,216,4030,500,920,0,0,0,0,0,0,1,0,0,0,-136.5,1,120,8200,0,156.25,-36.25,12,3,0,0,0,2048
7481,0,217,4030,500,920,0,0,0,0,0,0,1,0,0,0,-136.5,1,120,8200,0,156.25,-36.25,12,3,0,0,0,2048
7482,0,218,4030,500,920,0,0,0,0,0,0,1,0,0,0,-136.5,1,120,8200,0,156.25,-36.25,12,3,0,0,0,2048
7483,0,219,4030,500,920,0,0,0,0,0,0,1,0,0,0,-136.5,1,120,8200,0,156.25,-36.25,12,3,0,0,0,2048
7484,0,220,4030,500,920,0,0,0,0,0,0,1,0,0,0,-136.5,1,120,8200,0,156.25,-36.25,12,3,0,0,0,2048
7485,0,221,4030,500,920,0,0,0,0,0,0,1,0,0,0,-136.5,1,120,8200,0,156.25,-36.25,12,3,0,0,0,2048
7486,0,222,4030,500,920,0,0,0,0,0,0,1,0,0,0,-136.5,1,120,8200,0,156.25,-36.25,12,3,0,0,0,2048
7487,0,223,4030,500,920,0,0,0,0,0,0,1,0,0,0,-136.5,1,120,8200,0,156.25,-36.25,12,3,0,0,0,2048
7488,0,224,4030,500,920,0,0,0,0,0,0,1,0,0,0,-136.5,1,120,8200,0,156.25,-36.25,12,3,0,0,0,2048
7489,0,225,4030,500,920,0,0,0,0,0,0,1,0,0,0,-136.5,1,120,8200,0,156.25,-36.25,13,3,0,0,0,2048
7490,0,226,4030,500,920,0,0,0,0,0,0,1,0,0,0,-136.5,1,120,8200,0,156.25,-36.25,13,3,0,0,0,2048
7491,0,227,4030,500,920,0,0,0,0,0,0,1,0,0,0,-136.5,1,120,8200,0,156.25,-36.25,13,3,0,0,0,2048
7492,0,228,4030,500,920,0,0,0,0,0,0,1,0,0,0,-136.5,1,120,8200,0,156.25,-36.25,13,3,0,0,0,2048
7493,0,229,4030,500,920,0,0,0,0,0,0,1,0,0,0,-136.5,1,120,8200,0,156.25,-36.25,13,3,0,0,0,2048
7494,0,230,4030,500,920,0,0,0,0,0,0,1,0,0,0,-136.5,1,120,8200,0,156.25,-36.25,13,3,0,0,0,2048
7495,0,231,4030,500,920,0,0,0,0,0,0,1,0,0,0,-136.5,1,120,8200,0,156.25,-36.25,13,3,0,0,0,2048
7496,0,232,4030,500,920,0,0,0,0,0,0,1,0,0,0,-136.5,1,120,8200,0,156.25,-36.25,13,3,0,0,0,2048
7497,0,233,4030,500,920,0,0,0,0,0,0,1,0,0,0,-136.5,1,120,8200,0,156.25,-36.25,13,3,0,0,0,2048
7498,0,234,4030,500,920,0,0,0,0,0,0,1,0,0,0,-136.5,1,120,8200,0,156.25,-36.25,13,3,0,0,0,2048
7499,0,235,4030,500,920,0,0,0,0,0,0,1,0,0,0,-136.5,1,120,8200,0,156.25,-36.25,13,3,0,0,0,2048
7500,0,236,4030,500,920,0,0,0,0,0,0,1,0,0,0,-136.5,1,120,8200,0,156.25,-36.25,13,3,0,0,0,2048
7501,0,237,4030,500,920,0,0,0,0,0,0,1,0,0,0,-136.5,1,120,8200,0,156.25,-36.25,14,3,0,0,0,2048
7502,0,238,4030,500,920,0,0,0,0,0,0,1,0,0,0,-136.5,1,120,8200,0,156.25,-36.25,14,3,0,0,0,2048
7503,0,239,4030,500,920,0,0,0,0,0,0,1,0,0,0,-136.5,1,120,8200,0,156.25,-36.25,14,3,0,0,0,2048
7504,0,240,4030,500,920,0,0,0,0,0,0,1,0,0,0,-136.5,1,120,8200,0,156.25,-36.25,14,3,0,0,0,2048
7505,0,241,4030,500,920,0,0,0,0,0,0,1,0,0,0,-136.5,1,120,8200,0,156.25,-36.25,14,3,0,0,0,2048
7506,0,242,4030,500,920,0,0,0,0,0,0,1,0,0,0,-136.5,1,120,8200,0,156.25,-36.25,14,3,0,0,0,2048
7507,0,243,4030,500,920,0,0,0,0,0,0,1,0,0,0,-136.5,1,120,8200,0,156.25,-36.25,14,3,0,0,0,2048
7508,0,244,4030,500,920,0,0,0,0,0,0,1,0,0,0,-136.5,1,120,8200,0,156.25,-36.25,14,3,0,0,0,2048
7509,0,245,4030,500,920,0,0,0,0,0,0,1,0,0,0,-136.5,1,120,8200,0,156.25,-36.25,14,3,0,0,0,2048
7510,0,1,3000,500,1000,0,0,0,0,0,0,1,0,0,0,-145,1,120,8200,0,156.25,-36.25,14,3,0,0,0,1000
7511,0,2,3000,500,1000,0,0,0,0,0,0,1,0,0,0,-145,1,120,8200,0,156.25,-36.25,14,3,0,0,0,1000
7512,0,3,3000,500,1000,0,0,0,0,0,0,1,0,0,0,-145,1,120,8200,0,156.25,-36.25,14,3,0,0,0,1000
7513,0,4,3000,500,1000,0,0,0,0,0,0,1,0,0,0,-145,1,120,8200,0,156.25,-36.25,15,3,0,0,0,1000
7514,0,5,3000,500,1000,0,0,0,0,0,0,1,0,0,0,-145,1,120,8200,0,156.25,-36.25,15,3,0,0,0,1000
7515,0,6,3000,500,1000,0,0,0,0,0,0,1,0,0,0,-145,1,120,8200,0,156.25,-36.25,15,3,0,0,0,1000
7516,0,7,3000,500,1000,0,0,0,0,0,0,1,0,0,0,-145,1,120,8200,0,156.25,-36.25,15,3,0,0,0,1000
7517,0,8,3000,500,1000,0,0,0,0,0,0,1,0,0,0,-145,1,120,8200,0,156.25,-36.25,15,3,0,0,0,1000
7518,0,9,3000,500,1000,0,0,0,0,0,0,1,0,0,0,-145,1,120,8200,0,156.25,-36.25,15,3,0,0,0,1000
7519,10,1,3000,500,1000,0,0,0,0,0,0,1,0,0,0,-145,1,120,8200,0,156.25,-36.25,15,3,0,0,0,1000
7520,10,2,3000,500,1000,0,0,0,0,0,0,1,0,0,0,-145,1,120,8200,0,156.25,-36.25,15,3,0,0,0,1000
7521,10,3,3000,500,1000,0,0,0,0,0,0,1,0,0,0,-145,1,120,8200,0,156.25,-36.25,15,3,0,0,0,1000
7522,10,4,3000,500,1000,0,0,0,0,0,0,1,0,0,0,-145,1,120,8200,0,156.25,-36.25,15,3,0,0,0,1000
7523,10,5,3000,500,1000,0,0,0,0,0,0,1,0,0,0,-145,1,120,8200,0,156.25,-36.25,15,3,0,0,0,1000
7524,10,6,3000,500,1000,0,0,0,0,0,0,1,0,0,0,-145,1,120,8200,0,156.25,-36.25,15,3,0,0,0,1000
7525,1040,1,3000,500,1000,0,0,210,0,0,0,1,0,0,0,-145,1,120,8200,0,156.25,-36.25,16,3,0,0,0,1000
7526,1040,2,3000,500,1000,0,0,209,0,0,0,1,0,0,0,-145,1,120,8200,0,156.25,-36.25,16,3,0,0,0,1000
7527,1040,3,3000,500,1000,0,0,208,0,0,0,1,0,0,0,-145,1,120,8200,0,156.25,-36.25,16,3,0,0,0,1000
7528,1040,4,3000,500,1000,0,0,207,0,0,0,1,0,0,0,-145,1,120,8200,0,156.25,-36.25,16,3,0,0,0,1000
7529,1040,5,3000,500,1000,0,0,206,0,0,0,1,0,0,0,-145,1,120,8200,0,156.25,-36.25,16,3,0,0,0,1000
7530,1040,6,3000,500,1000,0,0,205,0,0,0,1,0,0,0,-145,1,120,8200,0,156.25,-36.25,16,3,0,0,0,1000
7531,1040,7,3000,500,1000,0,0,204,0,0,0,1,0,0,0,-145,1,120,8200,0,156.25,-36.25,16,3,0,0,0,1000
7532,1040,8,3000,500,1000,0,0,203,0,0,0,1,0,0,0,-145,1,120,8200,0,156.25,-36.25,16,3,0,0,0,1000
7533,1040,9,3000,500,1000,0,0,202,0,0,0,1,0,0,0,-145,1,120,8200,0,156.25,-36.25,16,3,0,0,0,1000
7534,1040,10,3000,500,1000,0,0,201,0,0,0,1,0,0,0,-145,1,120,8200,0,156.25,-36.25,16,3,0,0,0,1000
7535,1040,11,3000,500,1000,0,0,200,0,0,0,1,0,0,0,-145,1,120,8200,0,156.25,-36.25,16,3,0,0,0,1000
7536,1040,12,3000,500,1000,0,0,199,0,0,0,1,0,0,0,-145,1,120,8200,0,156.25,-36.25,16,3,0,0,0,1000
7537,1040,13,3000,500,1000,0,0,198,0,0,0,1,0,0,0,-145,1,120,8200,0,156.25,-36.25,17,3,0,0,0,1000
7538,1040,14,3000,500,1000,0,0,197,0,0,0,1,0,0,0,-145,1,120,8200,0,156.25,-36.25,17,3,0,0,0,1000
7539,1040,15,3000,500,1000,0,0,196,0,0,0,1,0,0,0,-145,1,120,8200,0,156.25,-36.25,17,3,0,0,0,1000
7540,1040,16,3000,500,1000,0,0,195,0,0,0,1,0,0,0,-145,1,120,8200,0,156.25,-36.25,17,3,0,0,0,1000
7541,1040,17,3000,500,1000,0,0,194,0,0,0,1,0,0,0,-145,1,120,8200,0,156.25,-36.25,17,3,0,0,0,1000
7542,1040,18,3000,500,1000,0,0,193,0,0,0,1,0,0,0,-145,1,120,8200,0,156.25,-36.25,17,3,0,0,0,1000
7543,1040,19,3000,500,1000,0,0,192,0,0,0,1,0,0,0,-145,1,120,8200,0,156.25,-36.25,17,3,0,0,0,1000
7544,1040,20,3000,500,1000,0,0,191,0,0,0,1,0,0,0,-145,1,120,8200,0,156.25,-36.25,17,3,0,0,0,1000
7545,1040,21,3000,500,1000,0,0,190,0,0,0,1,0,0,0,-145,1,120,8200,0,156.25,-36.25,17,3,0,0,0,1000
7546,1040,22,3000,500,1000,0,0,189,0,0,0,1,0,0,0,-145,1,120,8200,0,156.25,-36.25,17,3,0,0,0,1000
7547,1040,23,3000,500,1000,0,0,188,0,0,0,1,0,0,0,-145,1,120,8200,0,156.25,-36.25,17,3,0,0,0,1000
7548,1040,24,3000,500,1000,0,0,187,0,0,0,1,0,0,0,-145,1,120,8200,0,156.25,-36.25,17,3,0,0,0,1000
7549,1040,25,3000,500,1000,0,0,186,0,0,0,1,0,0,0,-145,1,120,8200,0,156.25,-36.25,18,3,0,0,0,1000
7550,1040,26,3000,500,1000,0,0,185,0,0,0,1,0,0,0,-145,1,120,8200,0,156.25,-36.25,18,3,0,0,0,1000
7551,1040,27,3180,500,1000,0,0,184,0,0,0,1,0,0,0,-145,1,120,8200,0,156.25,-36.25,18,3,0,0,0,1000
7552,1040,28,3180,500,1000,0,0,183,0,0,0,1,0,0,0,-145,1,120,8200,0,156.25,-36.25,18,3,0,0,0,1000
7553,1040,29,3180,500,1000,0,0,182,0,0,0,1,0,0,0,-145,1,120,8200,0,156.25,-36.25,18,3,0,0,0,1000
7554,1040,30,3180,500,1000,0,0,181,0,0,0,1,0,0,0,-145,1,120,8200,0,156.25,-36.25,18,3,0,0,0,1000
7555,1040,31,3180,500,1000,0,0,180,0,0,0,1,0,0,0,-145,1,120,8200,0,156.25,-36.25,18,3,0,0,0,1000
7556,1040,32,3180,500,1000,0,0,179,0,0,0,1,0,0,0,-145,1,120,8200,0,156.25,-36.25,18,3,0,0,0,1000
7557,1040,33,3180,500,1000,0,0,178,0,0,0,1,0,0,0,-145,1,120,8200,0,156.25,-36.25,18,3,0,0,0,1000
7558,1040,34,3180,500,1000,0,0,177,0,0,0,1,0,0,0,-145,1,120,8200,0,156.25,-36.25,18,3,0,0,0,1000
7559,1040,35,3180,500,1000,0,0,176,0,0,0,1,0,0,0,-145,1,120,8200,0,156.25,-36.25,18,3,0,0,0,1000
7560,1040,36,3180,500,1000,0,0,175,0,0,0,1,0,0,0,-145,1,120,8200,0,156.25,-36.25,18,3,0,0,0,1000
7561,1040,37,3180,500,1000,0,0,174,0,0,0,1,0,0,0,-145,1,120,8200,0,156.25,-36.25,19,3,0,0,0,1000
7562,1040,38,3180,500,1000,0,0,173,0,0,0,1,0,0,0,-145,1,120,8200,0,156.25,-36.25,19,3,0,0,0,1000
7563,1040,39,3180,500,1000,0,0,172,0,0,0,1,0,0,0,-145,1,120,8200,0,156.25,-36.25,19,3,0,0,0,1000
7564,1040,40,3180,500,1000,0,0,171,0,0,0,1,0,0,0,-145,1,120,8200,0,156.25,-36.25,19,3,0,0,0,1000
7565,1040,41,3180,500,1000,0,0,170,0,0,0,1,0,0,0,-145,1,120,8200,0,156.25,-36.25,19,3,0,0,0,1000
7566,1040,42,3180,500,1000,0,0,169,0,0,0,1,0,0,0,-145,1,120,8200,0,156.25,-36.25,19,3,0,0,0,1000
7567,0,1,3180,500,1000,0,0,168,0,0,0,1,0,0,0,-145,1,120,8200,0,156.25,-36.25,19,3,0,0,0,1000
7568,0,2,3180,500,1000,0,0,167,0,0,0,1,0,0,0,-145,1,120,8200,0,156.25,-36.25,19,3,0,0,0,1000
7569,0,3,3180,500,1000,0,0,166,0,0,0,1,0,0,0,-145,1,120,8200,0,156.25,-36.25,19,3,0,0,0,1000
7570,0,4,3180,500,1000,0,0,165,0,0,0,1,0,0,0,-145,1,120,8200,0,156.25,-36.25,19,3,0,0,0,1000
7571,0,5,3180,500,1000,0,0,164,0,0,0,1,0,0,0,-145,1,120,8200,0,156.25,-36.25,19,3,0,0,0,1000
7572,0,6,3180,500,1000,0,0,163,0,0,0,1,0,0,0,-145,1,120,8200,0,156.25,-36.25,19,3,0,0,0,1000
7573,0,7,3180,500,1000,0,0,162,0,0,0,1,0,0,0,-145,1,120,8200,0,156.25,-36.25,19,3,0,0,0,1000
7574,0,8,3180,500,1000,0,0,161,0,0,0,1,0,0,0,-145,1,120,8200,0,156.25,-36.25,19,3,0,0,0,1000
7575,0,9,3180,500,1000,0,0,160,0,0,0,1,0,0,0,-145,1,120,8200,0,156.25,-36.25,19,3,0,0,0,1000
7576,0,10,3180,500,1000,0,0,159,0,0,0,1,0,0,0,-145,1,120,8200,0,156.25,-36.25,19,3,0,0,0,1000
7577,0,11,3180,500,1000,0,0,158,0,0,0,1,0,0,0,-145,1,120,8200,0,156.25,-36.25,19,3,0,0,0,1000
7578,0,12,3180,500,1000,0,0,157,0,0,0,1,0,0,0,-145,1,120,8200,0,156.25,-36.25,19,3,0,0,0,1000
7579,0,13,3180,500,1000,0,0,156,0,0,0,1,0,0,0,-145,1,120,8200,0,156.25,-36.25,20,3,0,0,0,1000
7580,0,14,3180,500,1000,0,0,155,0,0,0,1,0,0,0,-145,1,120,8200,0,156.25,-36.25,20,3,0,0,0,1000
7581,0,15,3180,500,1000,0,0,154,0,0,0,1,0,0,0,-145,1,120,8200,0,156.25,-36.25,20,3,0,0,0,1000
7582,0,16,3180,500,1000,0,0,153,0,0,0,1,0,0,0,-145,1,120,8200,0,156.25,-36.25,20,3,0,0,0,1000
7583,0,17,3180,500,1000,0,0,152,0,0,0,1,0,0,0,-145,1,120,8200,0,156.25,-36.25,20,3,0,0,0,1000
7584,0,18,3180,500,1000,0,0,151,0,0,0,1,0,0,0,-145,1,120,8200,0,156.25,-36.25,20,3,0,0,0,1000
7585,0,19,3180,500,1000,0,0,150,0,0,0,1,0,0,0,-145,1,120,8200,0,156.25,-36.25,20,3,0,0,0,1000
7586,0,20,3180,500,1000,0,0,149,0,0,0,1,0,0,0,-145,1,120,8200,0,156.25,-36.25,20,3,0,0,0,1000
7587,0,21,3180,500,1000,0,0,148,0,0,0,1,0,0,0,-145,1,120,8200,0,156.25,-36.25,20,3,0,0,0,1000
7588,0,22,3180,500,1000,0,0,147,0,0,0,1,0,0,0,-145,1,120,8200,0,156.25,-36.25,20,3,0,0,0,1000
7589,0,23,3180,500,1000,0,0,146,0,0,0,1,0,0,0,-145,1,120,8200,0,156.25,-36.25,20,3,0,0,0,1000
7590,0,24,3180,500,1000,0,0,145,0,0,0,1,0,0,0,-145,1,120,8200,0,156.25,-36.25,20,3,0,0,0,1000
7591,0,25,3180,500,1000,0,0,144,0,0,0,1,0,0,0,-145,1,120,8200,0,156.25,-36.25,20,3,0,0,0,1000
7592,0,26,3180,500,1000,0,0,143,0,0,0,1,0,0,0,-145,1,120,8200,0,156.25,-36.25,20,3,0,0,0,1000
7593,0,27,3180,500,1000,0,0,142,0,0,0,1,0,0,0,-145,1,120,8200,0,156.25,-36.25,20,3,0,0,0,1000
7594,0,28,3180,500,1000,0,0,141,0,0,0,1,0,0,0,-145,1,120,8200,0,156.25,-36.25,20,3,0,0,0,1000
7595,0,29,3180,500,1000,0,0,140,0,0,0,1,0,0,0,-145,1,120,8200,0,156.25,-36.25,20,3,0,0,0,1000
7596,0,30,3180,500,1000,0,0,139,0,0,0,1,0,0,0,-145,1,120,8200,0,156.25,-36.25,20,3,0,0,0,1000
7597,0,31,3180,500,1000,0,0,138,0,0,0,1,0,0,0,-145,1,120,8200,0,156.25,-36.25,21,3,0,0,0,1000
7598,0,32,3180,500,1000,0,0,137,0,0,0,1,0,0,0,-145,1,120,8200,0,156.25,-36.25,21,3,0,0,0,1000
7599,0,33,3180,500,1000,0,0,136,0,0,0,1,0,0,0,-145,1,120,8200,0,156.25,-36.25,21,3,0,0,0,1000
7600,0,34,3180,500,1000,0,0,135,0,0,0,1,0,0,0,-145,1,120,8200,0,156.25,-36.25,21,3,0,0,0,1000
7601,0,35,3180,500,1000,0,0,134,0,0,0,1,0,0,0,-145,1,120,8200,0,156.25,-36.25,21,3,0,0,0,1000
7602,0,36,3180,500,1000,0,0,133,0,0,0,1,0,0,0,-145,1,120,8200,0,156.25,-36.25,21,3,0,0,0,1000
7603,0,37,3180,500,1000,0,0,132,0,0,0,1,0,0,0,-145,1,120,8200,0,156.25,-36.25,21,3,0,0,0,1000
7604,0,38,3180,500,1000,0,0,131,0,0,0,1,0,0,0,-145,1,120,8200,0,156.25,-36.25,21,3,0,0,0,1000
7605,0,39,3180,500,1000,0,0,130,0,0,0,1,0,0,0,-145,1,120,8200,0,156.25,-36.25,21,3,0,0,0,1000
7606,0,40,3180,500,1000,0,0,129,0,0,0,1,0,0,0,-145,1,120,8200,0,156.25,-36.25,21,3,0,0,0,1000
7607,0,41,3180,500,1000,0,0,128,0,0,0,1,0,0,0,-145,1,120,8200,0,156.25,-36.25,21,3,0,0,0,1000
7608,0,42,3180,500,1000,0,0,127,0,0,0,1,0,0,0,-145,1,120,8200,0,156.25,-36.25,21,3,0,0,0,1000
7609,0,43,3180,500,1000,0,0,126,0,0,0,1,0,0,0,-145,1,120,8200,0,156.25,-36.25,21,3,0,0,0,1000
7610,0,44,3180,500,1000,0,0,125,0,0,0,1,0,0,0,-145,1,120,8200,0,156.25,-36.25,21,3,0,0,0,1000
7611,0,45,3180,500,1000,0,0,124,0,0,0,1,0,0,0,-145,1,120,8200,0,156.25,-36.25,21,3,0,0,0,1000
7612,0,46,3180,500,1000,0,0,123,0,0,0,1,0,0,0,-145,1,120,8200,0,156.25,-36.25,21,3,0,0,0,1000
7613,0,47,3180,500,1000,0,0,122,0,0,0,1,0,0,0,-145,1,120,8200,0,156.25,-36.25,21,3,0,0,0,1000
7614,0,48,3180,500,1000,0,0,121,0,0,0,1,0,0,0,-145,1,120,8200,0,156.25,-36.25,21,3,0,0,0,1000
7615,0,49,3180,500,1000,0,0,120,0,0,0,1,0,0,0,-145,1,120,8200,0,156.25,-36.25,21,3,0,0,0,1000
7616,0,50,3180,500,1000,0,0,119,0,0,0,1,0,0,0,-145,1,120,8200,0,156.25,-36.25,21,3,0,0,0,1000
7617,0,51,3180,500,1000,0,0,118,0,0,0,1,0,0,0,-145,1,120,8200,0,156.25,-36.25,21,3,0,0,0,1000
7618,0,52,3180,500,1000,0,0,117,0,0,0,1,0,0,0,-145,1,120,8200,0,156.25,-36.25,21,3,0,0,0,1000
7619,0,53,3180,500,1000,0,0,116,0,0,0,1,0,0,0,-145,1,120,8200,0,156.25,-36.25,21,3,0,0,0,1000
7620,0,54,3180,500,1000,0,0,115,0,0,0,1,0,0,0,-145,1,120,8200,0,156.25,-36.25,21,3,0,0,0,1000
7621,0,55,3180,500,1000,0,0,114,0,0,0,1,0,0,0,-145,1,120,8200,0,156.25,-36.25,21,3,0,0,0,1000
7622,0,56,3180,500,1000,0,0,113,0,0,0,1,0,0,0,-145,1,120,8200,0,156.25,-36.25,21,3,0,0,0,1000
7623,0,57,3180,500,1000,0,0,112,0,0,0,1,0,0,0,-145,1,120,8200,0,156.25,-36.25,21,3,0,0,0,1000
7624,0,58,3180,500,1000,0,0,111,0,0,0,1,0,0,0,-145,1,120,8200,0,156.25,-36.25,21,3,0,0,0,1000
7625,0,59,3180,500,1000,0,0,110,0,0,0,1,0,0,0,-145,1,120,8200,0,156.25,-36.25,21,3,0,0,0,1000
7626,0,60,3180,500,1000,0,0,109,0,0,0,1,0,0,0,-145,1,120,8200,0,156.25,-36.25,21,3,0,0,0,1000
7627,0,61,3180,500,1000,0,0,108,0,0,0,1,0,0,0,-145,1,120,8200,0,156.25,-36.25,21,3,0,0,0,1000
7628,0,62,3180,500,1000,0,0,107,0,0,0,1,0,0,0,-145,1,120,8200,0,156.25,-36.25,21,3,0,0,0,1000
7629,0,63,3180,500,1000,0,0,106,0,0,0,1,0,0,0,-145,1,120,8200,0,156.25,-36.25,21,3,0,0,0,1000
7630,0,64,3180,500,1000,0,0,105,0,0,0,1,0,0,0,-145,1,120,8200,0,156.25,-36.25,21,3,0,0,0,1000
7631,0,65,3180,500,1000,0,0,104,0,0,0,1,0,0,0,-145,1,120,8200,0,156.25,-36.25,21,3,0,0,0,1000
7632,0,66,3180,500,1000,0,0,103,0,0,0,1,0,0,0,-145,1,120,8200,0,156.25,-36.25,21,3,0,0,0,1000
7633,0,67,3180,500,1000,0,0,102,0,0,0,1,0,0,0,-145,1,120,8200,0,156.25,-36.25,22,3,0,0,0,1000
7634,0,68,3180,500,1000,0,0,101,0,0,0,1,0,0,0,-145,1,120,8200,0,156.25,-36.25,22,3,0,0,0,1000
7635,0,69,3180,500,1000,0,0,100,0,0,0,1,0,0,0,-145,1,120,8200,0,156.25,-36.25,22,3,0,0,0,1000
7636,0,70,3180,500,1000,0,0,99,0,0,0,1,0,0,0,-145,1,120,8200,0,156.25,-36.25,22,3,0,0,0,1000
7637,0,71,3180,500,1000,0,0,98,0,0,0,1,0,0,0,-145,1,120,8200,0,156.25,-36.25,22,3,0,0,0,1000
7638,0,72,3180,500,1000,0,0,97,0,0,0,1,0,0,0,-145,1,120,8200,0,156.25,-36.25,22,3,0,0,0,1000
7639,0,73,3180,500,1000,0,0,96,0,0,0,1,0,0,0,-145,1,120,8200,0,156.25,-36.25,22,3,0,0,0,1000
7640,0,74,3180,500,1000,0,0,95,0,0,0,1,0,0,0,-145,1,120,8200,0,156.25,-36.25,22,3,0,0,0,1000
7641,0,75,3180,500,1000,0,0,94,0,0,0,1,0,0,0,-145,1,120,8200,0,156.25,-36.25,22,3,0,0,0,1000
7642,0,76,3180,500,1000,0,0,93,0,0,0,1,0,0,0,-145,1,120,8200,0,156.25,-36.25,22,3,0,0,0,1000
7643,0,77,3180,500,1000,0,0,92,0,0,0,1,0,0,0,-145,1,120,8200,0,156.25,-36.25,22,3,0,0,0,1000
7644,0,78,3180,500,1000,0,0,91,0,0,0,1,0,0,0,-145,1,120,8200,0,156.25,-36.25,22,3,0,0,0,1000
7645,0,79,3180,500,1000,0,0,90,0,0,0,1,0,0,0,-145,1,120,8200,0,156.25,-36.25,22,3,0,0,0,1000
7646,0,80,3180,500,1000,0,0,89,0,0,0,1,0,0,0,-145,1,120,8200,0,156.25,-36.25,22,3,0,0,0,1000
7647,0,81,3180,500,1000,0,0,88,0,0,0,1,0,0,0,-145,1,120,8200,0,156.25,-36.25,22,3,0,0,0,1000
7648,0,82,3180,500,1000,0,0,87,0,0,0,1,0,0,0,-145,1,120,8200,0,156.25,-36.25,22,3,0,0,0,1000
7649,0,83,3180,500,1000,0,0,86,0,0,0,1,0,0,0,-145,1,120,8200,0,156.25,-36.25,22,3,0,0,0,1000
7650,0,84,3180,500,1000,0,0,85,0,0,0,1,0,0,0,-145,1,120,8200,0,156.25,-36.25,22,3,0,0,0,1000
7651,0,85,3180,500,1000,0,0,84,0,0,0,1,0,0,0,-145,1,120,8200,0,156.25,-36.25,22,3,0,0,0,1000
7652,0,86,3180,500,1000,0,0,83,0,0,0,1,0,0,0,-145,1,120,8200,0,156.25,-36.25,22,3,0,0,0,1000
7653,0,87,3180,500,1000,0,0,82,0,0,0,1,0,0,0,-145,1,120,8200,0,156.25,-36.25,22,3,0,0,0,1000
7654,0,88,3180,500,1000,0,0,81,0,0,0,1,0,0,0,-145,1,120,8200,0,156.25,-36.25,22,3,0,0,0,1000
7655,0,89,3180,500,1000,0,0,80,0,0,0,1,0,0,0,-145,1,120,8200,0,156.25,-36.25,22,3,0,0,0,1000
7656,0,90,3180,500,1000,0,0,79,0,0,0,1,0,0,0,-145,1,120,8200,0,156.25,-36.25,22,3,0,0,0,1000
7657,0,91,3180,500,1000,0,0,78,0,0,0,1,0,0,0,-145,1,120,8200,0,156.25,-36.25,22,3,0,0,0,1000
7658,0,92,3180,500,1000,0,0,77,0,0,0,1,0,0,0,-145,1,120,8200,0,156.25,-36.25,22,3,0,0,0,1000
7659,0,93,3180,500,1000,0,0,76,0,0,0,1,0,0,0,-145,1,120,8200,0,156.25,-36.25,22,3,0,0,0,1000
7660,0,94,3180,500,1000,0,0,75,0,0,0,1,0,0,0,-145,1,120,8200,0,156.25,-36.25,22,3,0,0,0,1000
7661,0,95,3180,500,1000,0,0,74,0,0,0,1,0,0,0,-145,1,120,8200,0,156.25,-36.25,22,3,0,0,0,1000
7662,0,96,3180,500,1000,0,0,73,0,0,0,1,0,0,0,-145,1,120,8200,0,156.25,-36.25,22,3,0,0,0,1000
7663,0,97,3180,500,1000,0,0,72,0,0,0,1,0,0,0,-145,1,120,8200,0,156.25,-36.25,22,3,0,0,0,1000
7664,0,98,3180,500,1000,0,0,71,0,0,0,1,0,0,0,-145,1,120,8200,0,156.25,-36.25,22,3,0,0,0,1000
7665,0,99,3180,500,1000,0,0,70,0,0,0,1,0,0,0,-145,1,120,8200,0,156.25,-36.25,22,3,0,0,0,1000
7666,0,100,3180,500,1000,0,0,69,0,0,0,1,0,0,0,-145,1,120,8200,0,156.25,-36.25,22,3,0,0,0,1000
7667,0,101,3180,500,1000,0,0,68,0,0,0,1,0,0,0,-145,1,120,8200,0,156.25,-36.25,22,3,0,0,0,1000
7668,0,102,3180,500,1000,0,0,67,0,0,0,1,0,0,0,-145,1,120,8200,0,156.25,-36.25,22,3,0,0,0,1000
7669,0,103,3180,500,1000,0,0,66,0,0,0,1,0,0,0,-145,1,120,8200,0,156.25,-36.25,23,3,0,0,0,1000
7670,0,104,3180,500,1000,0,0,65,0,0,0,1,0,0,0,-145,1,120,8200,0,156.25,-36.25,23,3,0,0,0,1000
7671,0,105,3180,500,1000,0,0,64,0,0,0,1,0,0,0,-145,1,120,8200,0,156.25,-36.25,23,3,0,0,0,1000
7672,0,106,3180,500,1000,0,0,63,0,0,0,1,0,0,0,-145,1,120,8200,0,156.25,-36.25,23,3,0,0,0,1000
7673,0,107,3180,500,1000,0,0,62,0,0,0,1,0,0,0,-145,1,120,8200,0,156.25,-36.25,23,3,0,0,0,1000
7674,0,108,3180,500,1000,0,0,61,0,0,0,1,0,0,0,-145,1,120,8200,0,156.25,-36.25,23,3,0,0,0,1000
7675,0,109,3180,500,1000,0,0,60,0,0,0,1,0,0,0,-145,1,120,8200,0,156.25,-36.25,23,3,0,0,0,1000
7676,0,110,3180,500,1000,0,0,59,0,0,0,1,0,0,0,-145,1,120,8200,0,156.25,-36.25,23,3,0,0,0,1000
7677,0,111,3180,500,1000,0,0,58,0,0,0,1,0,0,0,-145,1,120,8200,0,156.25,-36.25,23,3,0,0,0,1000
7678,0,112,3180,500,1000,0,0,57,0,0,0,1,0,0,0,-145,1,120,8200,0,156.25,-36.25,23,3,0,0,0,1000
7679,0,113,3180,500,1000,0,0,56,0,0,0,1,0,0,0,-145,1,120,8200,0,156.25,-36.25,23,3,0,0,0,1000
7680,0,114,3180,500,1000,0,0,55,0,0,0,1,0,0,0,-145,1,120,8200,0,156.25,-36.25,23,3,0,0,0,1000
7681,0,115,3180,500,1000,0,0,54,0,0,0,1,0,0,0,-145,1,120,8200,0,156.25,-36.25,23,3,0,0,0,1000
7682,0,116,3180,500,1000,0,0,53,0,0,0,1,0,0,0,-145,1,120,8200,0,156.25,-36.25,23,3,0,0,0,1000
7683,0,117,3180,500,1000,0,0,52,0,0,0,1,0,0,0,-145,1,120,8200,0,156.25,-36.25,23,3,0,0,0,1000
7684,0,118,3180,500,1000,0,0,51,0,0,0,1,0,0,0,-145,1,120,8200,0,156.25,-36.25,23,3,0,0,0,1000
7685,0,119,3180,500,1000,0,0,50,0,0,0,1,0,0,0,-145,1,120,8200,0,156.25,-36.25,23,3,0,0,0,1000
7686,0,120,3180,500,1000,0,0,49,0,0,0,1,0,0,0,-145,1,120,8200,0,156.25,-36.25,23,3,0,0,0,1000
7687,0,121,3180,500,1000,0,0,48,0,0,0,1,0,0,0,-145,1,120,8200,0,156.25,-36.25,23,3,0,0,0,1000
7688,0,122,3180,500,1000,0,0,47,0,0,0,1,0,0,0,-145,1,120,8200,0,156.25,-36.25,23,3,0,0,0,1000
7689,0,123,3180,500,1000,0,0,46,0,0,0,1,0,0,0,-145,1,120,8200,0,156.25,-36.25,23,3,0,0,0,1000
7690,0,124,3180,500,1000,0,0,45,0,0,0,1,0,0,0,-145,1,120,8200,0,156.25,-36.25,23,3,0,0,0,1000
7691,0,125,3180,500,1000,0,0,44,0,0,0,1,0,0,0,-145,1,120,8200,0,156.25,-36.25,23,3,0,0,0,1000
7692,0,126,3180,500,1000,0,0,43,0,0,0,1,0,0,0,-145,1,120,8200,0,156.25,-36.25,23,3,0,0,0,1000
7693,0,127,3180,500,1000,0,0,42,0,0,0,1,0,0,0,-145,1,120,8200,0,156.25,-36.25,23,3,0,0,0,1000
7694,0,128,3180,500,1000,0,0,41,0,0,0,1,0,0,0,-145,1,120,8200,0,156.25,-36.25,23,3,0,0,0,1000
7695,0,129,3180,500,1000,0,0,40,0,0,0,1,0,0,0,-145,1,120,8200,0,156.25,-36.25,23,3,0,0,0,1000
7696,0,130,3180,500,1000,0,0,39,0,0,0,1,0,0,0,-145,1,120,8200,0,156.25,-36.25,23,3,0,0,0,1000
7697,0,131,3180,500,1000,0,0,38,0,0,0,1,0,0,0,-145,1,120,8200,0,156.25,-36.25,23,3,0,0,0,1000
7698,0,132,3180,500,1000,0,0,37,0,0,0,1,0,0,0,-145,1,120,8200,0,156.25,-36.25,23,3,0,0,0,1000
7699,0,133,3180,500,1000,0,0,36,0,0,0,1,0,0,0,-145,1,120,8200,0,156.25,-36.25,23,3,0,0,0,1000
7700,0,134,3180,500,1000,0,0,35,0,0,0,1,0,0,0,-145,1,120,8200,0,156.25,-36.25,23,3,0,0,0,1000
7701,0,135,3180,500,1000,0,0,34,0,0,0,1,0,0,0,-145,1,120,8200,0,156.25,-36.25,23,3,0,0,0,1000
7702,0,136,3180,500,1000,0,0,33,0,0,0,1,0,0,0,-145,1,120,8200,0,156.25,-36.25,23,3,0,0,0,1000
7703,0,137,3180,500,1000,0,0,32,0,0,0,1,0,0,0,-145,1,120,8200,0,156.25,-36.25,23,3,0,0,0,1000
7704,0,138,3180,500,1000,0,0,31,0,0,0,1,0,0,0,-145,1,120,8200,0,156.25,-36.25,23,3,0,0,0,1000
7705,0,139,3180,500,1000,0,0,30,0,0,0,1,0,0,0,-145,1,120,8200,0,156.25,-36.25,24,3,0,0,0,1000
7706,0,140,3180,500,1000,0,0,29,0,0,0,1,0,0,0,-145,1,120,8200,0,156.25,-36.25,24,3,0,0,0,1000
7707,0,141,3180,500,1000,0,0,28,0,0,0,1,0,0,0,-145,1,120,8200,0,156.25,-36.25,24,3,0,0,0,1000
7708,0,142,3180,500,1000,0,0,27,0,0,0,1,0,0,0,-145,1,120,8200,0,156.25,-36.25,24,3,0,0,0,1000
7709,0,143,3180,500,1000,0,0,26,0,0,0,1,0,0,0,-145,1,120,8200,0,156.25,-36.25,24,3,0,0,0,1000
7710,0,144,3180,500,1000,0,0,25,0,0,0,1,0,0,0,-145,1,120,8200,0,156.25,-36.25,24,3,0,0,0,1000
7711,0,145,3180,500,1000,0,0,24,0,0,0,1,0,0,0,-145,1,120,8200,0,156.25,-36.25,24,3,0,0,0,1000
7712,0,146,3180,500,1000,0,0,23,0,0,0,1,0,0,0,-145,1,120,8200,0,156.25,-36.25,24,3,0,0,0,1000
7713,0,147,3180,500,1000,0,0,22,0,0,0,1,0,0,0,-145,1,120,8200,0,156.25,-36.25,24,3,0,0,0,1000
7714,0,148,3180,500,1000,0,0,21,0,0,0,1,0,0,0,-145,1,120,8200,0,156.25,-36.25,24,3,0,0,0,1000
7715,0,149,3180,500,1000,0,0,20,0,0,0,1,0,0,0,-145,1,120,8200,0,156.25,-36.25,24,3,0,0,0,1000
7716,0,150,3180,500,1000,0,0,19,0,0,0,1,0,0,0,-145,1,120,8200,0,156.25,-36.25,24,3,0,0,0,1000
7717,0,151,3180,500,1000,0,0,18,0,0,0,1,0,0,0,-145,1,120,8200,0,156.25,-36.25,24,3,0,0,0,1000
7718,0,152,3180,500,1000,0,0,17,0,0,0,1,0,0,0,-145,1,120,8200,0,156.25,-36.25,24,3,0,0,0,1000
7719,0,153,3180,500,1000,0,0,16,0,0,0,1,0,0,0,-145,1,120,8200,0,156.25,-36.25,24,3,0,0,0,1000
7720,0,154,3180,500,1000,0,0,15,0,0,0,1,0,0,0,-145,1,120,8200,0,156.25,-36.25,24,3,0,0,0,1000
7721,0,155,3180,500,1000,0,0,14,0,0,0,1,0,0,0,-145,1,120,8200,0,156.25,-36.25,24,3,0,0,0,1000
7722,0,156,3180,500,1000,0,0,13,0,0,0,1,0,0,0,-145,1,120,8200,0,156.25,-36.25,24,3,0,0,0,1000
7723,0,157,3180,500,1000,0,0,12,0,0,0,1,0,0,0,-145,1,120,8200,0,156.25,-36.25,1,3,0,0,0,1000
7724,0,158,3180,500,1000,0,0,11,0,0,0,1,0,0,0,-145,1,120,8200,0,156.25,-36.25,1,3,0,0,0,1000
7725,0,159,3180,500,1000,0,0,10,0,0,0,1,0,0,0,-145,1,120,8200,0,156.25,-36.25,1,3,0,0,0,1000
7726,0,160,3180,500,1000,0,0,9,0,0,0,1,0,0,0,-145,1,120,8200,0,156.25,-36.25,1,3,0,0,0,1000
7727,0,161,3180,500,1000,0,0,8,0,0,0,1,0,0,0,-145,1,120,8200,0,156.25,-36.25,1,3,0,0,0,1000
7728,0,162,3180,500,1000,0,0,7,0,0,0,1,0,0,0,-145,1,120,8200,0,156.25,-36.25,1,3,0,0,0,1000
7729,0,163,3180,500,1000,0,0,6,0,0,0,1,0,0,0,-145,1,120,8200,0,156.25,-36.25,1,3,0,0,0,1000
7730,0,164,3180,500,1000,0,0,5,0,0,0,1,0,0,0,-145,1,120,8200,0,156.25,-36.25,1,3,0,0,0,1000
7731,0,165,3180,500,1000,0,0,4,0,0,0,1,0,0,0,-145,1,120,8200,0,156.25,-36.25,1,3,0,0,0,1000
7732,0,166,3180,500,1000,0,0,3,0,0,0,1,0,0,0,-145,1,120,8200,0,156.25,-36.25,1,3,0,0,0,1000
7733,0,167,3180,500,1000,0,0,2,0,0,0,1,0,0,0,-145,1,120,8200,0,156.25,-36.25,1,3,0,0,0,1000
7734,0,168,3180,500,1000,0,0,1,0,0,0,1,0,0,0,-145,1,120,8200,0,156.25,-36.25,1,3,0,0,0,1000
7735,0,169,3180,500,1000,0,0,0,0,0,0,1,0,0,0,-145,1,120,8200,0,156.25,-36.25,2,3,0,0,0,1000
7736,0,170,3180,500,1000,0,0,0,0,0,0,1,0,0,0,-145,1,120,8200,0,156.25,-36.25,2,3,0,0,0,1000
7737,0,171,3180,500,1000,0,0,0,0,0,0,1,0,0,0,-145,1,120,8200,0,156.25,-36.25,2,3,0,0,0,1000
7738,0,172,3180,500,1000,0,0,0,0,0,0,1,0,0,0,-145,1,120,8200,0,156.25,-36.25,2,3,0,0,0,1000
7739,0,173,3180,500,1000,0,0,0,0,0,0,1,0,0,0,-145,1,120,8200,0,156.25,-36.25,2,3,0,0,0,1000
7740,0,174,3180,500,1000,0,0,0,0,0,0,1,0,0,0,-145,1,120,8200,0,156.25,-36.25,2,3,0,0,0,1000
7741,0,175,3180,500,1000,0,0,0,0,0,0,1,0,0,0,-145,1,120,8200,0,156.25,-36.25,2,3,0,0,0,1000
7742,0,176,3180,500,1000,0,0,0,0,0,0,1,0,0,0,-145,1,120,8200,0,156.25,-36.25,2,3,0,0,0,1000
7743,0,177,3180,500,1000,0,0,0,0,0,0,1,0,0,0,-145,1,120,8200,0,156.25,-36.25,2,3,0,0,0,1000
7744,0,178,3180,500,1000,0,0,0,0,0,0,1,0,0,0,-145,1,120,8200,0,156.25,-36.25,2,3,0,0,0,1000
7745,0,179,3180,500,1000,0,0,0,0,0,0,1,0,0,0,-145,1,120,8200,0,156.25,-36.25,2,3,0,0,0,1000
7746,0,180,3180,500,1000,0,0,0,0,0,0,1,0,0,0,-145,1,120,8200,0,156.25,-36.25,2,3,0,0,0,1000
7747,0,181,3180,500,1000,0,0,0,0,0,0,1,0,0,0,-145,1,120,8200,0,156.25,-36.25,3,3,0,0,0,1000
7748,0,182,3180,500,1000,0,0,0,0,0,0,1,0,0,0,-145,1,120,8200,0,156.25,-36.25,3,3,0,0,0,1000
7749,0,183,3180,500,1000,0,0,0,0,0,0,1,0,0,0,-145,1,120,8200,0,156.25,-36.25,3,3,0,0,0,1000
7750,0,184,3180,500,1000,0,0,0,0,0,0,1,0,0,0,-145,1,120,8200,0,156.25,-36.25,3,3,0,0,0,1000
7751,0,185,3180,500,1000,0,0,0,0,0,0,1,0,0,0,-145,1,120,8200,0,156.25,-36.25,3,3,0,0,0,1000
7752,0,186,3180,500,1000,0,0,0,0,0,0,1,0,0,0,-145,1,120,8200,0,156.25,-36.25,3,3,0,0,0,1000
7753,0,187,3180,500,1000,0,0,0,0,0,0,1,0,0,0,-145,1,120,8200,0,156.25,-36.25,3,3,0,0,0,1000
7754,0,188,3180,500,1000,0,0,0,0,0,0,1,0,0,0,-145,1,120,8200,0,156.25,-36.25,3,3,0,0,0,1000
7755,0,189,3180,500,1000,0,0,0,0,0,0,1,0,0,0,-145,1,120,8200,0,156.25,-36.25,3,3,0,0,0,1000
7756,0,190,3180,500,1000,0,0,0,0,0,0,1,0,0,0,-145,1,120,8200,0,156.25,-36.25,3,3,0,0,0,1000
7757,0,191,3180,500,1000,0,0,0,0,0,0,1,0,0,0,-145,1,120,8200,0,156.25,-36.25,3,3,0,0,0,1000
7758,0,192,3180,500,1000,0,0,0,0,0,0,1,0,0,0,-145,1,120,8200,0,156.25,-36.25,3,3,0,0,0,1000
7759,0,193,3180,500,1000,0,0,0,0,0,0,1,0,0,0,-145,1,120,8200,0,156.25,-36.25,4,3,0,0,0,1000
7760,0,194,3180,500,1000,0,0,0,0,0,0,1,0,0,0,-145,1,120,8200,0,156.25,-36.25,4,3,0,0,0,1000
7761,0,195,3180,500,1000,0,0,0,0,0,0,1,0,0,0,-145,1,120,8200,0,156.25,-36.25,4,3,0,0,0,1000
7762,0,196,3180,500,1000,0,0,0,0,0,0,1,0,0,0,-145,1,120,8200,0,156.25,-36.25,4,3,0,0,0,1000
7763,0,197,3180,500,1000,0,0,0,0,0,0,1,0,0,0,-145,1,120,8200,0,156.25,-36.25,4,3,0,0,0,1000
7764,0,198,3180,500,1000,0,0,0,0,0,0,1,0,0,0,-145,1,120,8200,0,156.25,-36.25,4,3,0,0,0,1000
7765,0,199,3180,500,1000,0,0,0,0,0,0,1,0,0,0,-145,1,120,8200,0,156.25,-36.25,4,3,0,0,0,1000
7766,0,200,3180,500,1000,0,0,0,0,0,0,1,0,0,0,-145,1,120,8200,0,156.25,-36.25,4,3,0,0,0,1000
7767,0,201,3180,500,1000,0,0,0,0,0,0,1,0,0,0,-145,1,120,8200,0,156.25,-36.25,4,3,0,0,0,1000
7768,0,202,3180,500,1000,0,0,0,0,0,0,1,0,0,0,-145,1,120,8200,0,156.25,-36.25,4,3,0,0,0,1000
7769,0,203,3180,500,1000,0,0,0,0,0,0,1,0,0,0,-145,1,120,8200,0,156.25,-36.25,4,3,0,0,0,1000
7770,0,204,3180,500,1000,0,0,0,0,0,0,1,0,0,0,-145,1,120,8200,0,156.25,-36.25,4,3,0,0,0,1000
7771,0,205,3180,500,1000,0,0,0,0,0,0,1,0,0,0,-145,1,120,8200,0,156.25,-36.25,5,3,0,0,0,1000
7772,0,206,3180,500,1000,0,0,0,0,0,0,1,0,0,0,-145,1,120,8200,0,156.25,-36.25,5,3,0,0,0,1000
7773,0,207,3180,500,1000,0,0,0,0,0,0,1,0,0,0,-145,1,120,8200,0,156.25,-36.25,5,3,0,0,0,1000
7774,0,208,3180,500,1000,0,0,0,0,0,0,1,0,0,0,-145,1,120,8200,0,156.25,-36.25,5,3,0,0,0,1000
7775,0,209,3180,500,1000,0,0,0,0,0,0,1,0,0,0,-145,1,120,8200,0,156.25,-36.25,5,3,0,0,0,1000
7776,0,210,3180,500,1000,0,0,0,0,0,0,1,0,0,0,-145,1,120,8200,0,156.25,-36.25,5,3,0,0,0,1000
7777,0,211,3180,500,1000,0,0,0,0,0,0,1,0,0,0,-145,1,120,8200,0,156.25,-36.25,5,3,0,0,0,1000
7778,0,212,3180,500,1000,0,0,0,0,0,0,1,0,0,0,-145,1,120,8200,0,156.25,-36.25,5,3,0,0,0,1000
7779,0,213,3180,500,1000,0,0,0,0,0,0,1,0,0,0,-145,1,120,8200,0,156.25,-36.25,5,3,0,0,0,1000
7780,0,214,3180,500,1000,0,0,0,0,0,0,1,0,0,0,-145,1,120,8200,0,156.25,-36.25,5,3,0,0,0,1000
7781,0,215,3180,500,1000,0,0,0,0,0,0,1,0,0,0,-145,1,120,8200,0,156.25,-36.25,5,3,0,0,0,1000
7782,0,216,3180,500,1000,0,0,0,0,0,0,1,0,0,0,-145,1,120,8200,0,156.25,-36.25,5,3,0,0,0,1000
7783,0,217,3180,500,1000,0,0,0,0,0,0,1,0,0,0,-145,1,120,8200,0,156.25,-36.25,6,3,0,0,0,1000
7784,0,218,3180,500,1000,0,0,0,0,0,0,1,0,0,0,-145,1,120,8200,0,156.25,-36.25,6,3,0,0,0,1000
7785,0,219,3180,500,1000,0,0,0,0,0,0,1,0,0,0,-145,1,120,8200,0,156.25,-36.25,6,3,0,0,0,1000
7786,0,220,3180,500,1000,0,0,0,0,0,0,1,0,0,0,-145,1,120,8200,0,156.25,-36.25,6,3,0,0,0,1000
7787,0,221,3180,500,1000,0,0,0,0,0,0,1,0,0,0,-145,1,120,8200,0,156.25,-36.25,6,3,0,0,0,1000
7788,0,222,3180,500,1000,0,0,0,0,0,0,1,0,0,0,-145,1,120,8200,0,156.25,-36.25,6,3,0,0,0,1000
7789,0,223,3180,500,1000,0,0,0,0,0,0,1,0,0,0,-145,1,120,8200,0,156.25,-36.25,6,3,0,0,0,1000
7790,0,224,3180,500,1000,0,0,0,0,0,0,1,0,0,0,-145,1,120,8200,0,156.25,-36.25,6,3,0,0,0,1000
7791,0,225,3180,500,1000,0,0,0,0,0,0,1,0,0,0,-145,1,120,8200,0,156.25,-36.25,6,3,0,0,0,1000
7792,0,226,3180,500,1000,0,0,0,0,0,0,1,0,0,0,-145,1,120,8200,0,156.25,-36.25,6,3,0,0,0,1000
7793,0,227,3180,500,1000,0,0,0,0,0,0,1,0,0,0,-145,1,120,8200,0,156.25,-36.25,6,3,0,0,0,1000
7794,0,228,3180,500,1000,0,0,0,0,0,0,1,0,0,0,-145,1,120,8200,0,156.25,-36.25,6,3,0,0,0,1000
7795,0,229,3180,500,1000,0,0,0,0,0,0,1,0,0,0,-145,1,120,8200,0,156.25,-36.25,7,3,0,0,0,1000
7796,0,230,3180,500,1000,0,0,0,0,0,0,1,0,0,0,-145,1,120,8200,0,156.25,-36.25,7,3,0,0,0,1000
7797,0,231,3180,500,1000,0,0,0,0,0,0,1,0,0,0,-145,1,120,8200,0,156.25,-36.25,7,3,0,0,0,1000
7798,0,232,3180,500,1000,0,0,0,0,0,0,1,0,0,0,-145,1,120,8200,0,156.25,-36.25,7,3,0,0,0,1000
7799,0,233,3180,500,1000,0,0,0,0,0,0,1,0,0,0,-145,1,120,8200,0,156.25,-36.25,7,3,0,0,0,1000
7800,0,234,3180,500,1000,0,0,0,0,0,0,1,0,0,0,-145,1,120,8200,0,156.25,-36.25,7,3,0,0,0,1000
7801,0,235,3180,500,1000,0,0,0,0,0,0,1,0,0,0,-145,1,120,8200,0,156.25,-36.25,7,3,0,0,0,1000
7802,0,236,3180,500,1000,0,0,0,0,0,0,1,0,0,0,-145,1,120,8200,0,156.25,-36.25,7,3,0,0,0,1000
7803,0,237,3180,500,1000,0,0,0,0,0,0,1,0,0,0,-145,1,120,8200,0,156.25,-36.25,7,3,0,0,0,1000
7804,0,238,3180,500,1000,0,0,0,0,0,0,1,0,0,0,-145,1,120,8200,0,156.25,-36.25,7,3,0,0,0,1000
7805,0,239,3180,500,1000,0,0,0,0,0,0,1,0,0,0,-145,1,120,8200,0,156.25,-36.25,7,3,0,0,0,1000
7806,0,240,3180,500,1000,0,0,0,0,0,0,1,0,0,0,-145,1,120,8200,0,156.25,-36.25,7,3,0,0,0,1000
7807,0,241,3180,500,1000,0,0,0,0,0,0,1,0,0,0,-145,1,120,8200,0,156.25,-36.25,8,3,0,0,0,1000
7808,0,242,3180,500,1000,0,0,0,0,0,0,1,0,0,0,-145,1,120,8200,0,156.25,-36.25,8,3,0,0,0,1000
7809,0,243,3180,500,1000,0,0,0,0,0,0,1,0,0,0,-145,1,120,8200,0,156.25,-36.25,8,3,0,0,0,1000
7810,0,1,3000,500,1000,500,0,0,0,0,0,1,0,0,0,-145,1,120,8200,0,156.25,-36.25,8,3,0,0,0,1000
7811,0,2,3000,500,1000,499,0,0,0,0,0,1,0,0,0,-145,1,120,8200,0,156.25,-36.25,8,3,0,0,0,1000
7812,0,3,3000,500,1000,498,0,0,0,0,0,1,0,0,0,-145,1,120,8200,0,156.25,-36.25,8,3,0,0,0,1000
7813,0,4,3000,500,1000,497,0,0,0,0,0,1,0,0,0,-145,1,120,8200,0,156.25,-36.25,8,3,0,0,0,1000
7814,0,5,3000,500,1000,496,0,0,0,0,0,1,0,0,0,-145,1,120,8200,0,156.25,-36.25,8,3,0,0,0,1000
7815,0,6,3000,500,1000,495,0,0,0,0,0,1,0,0,0,-145,1,120,8200,0,156.25,-36.25,8,3,0,0,0,1000
7816,0,7,3000,500,1000,494,0,0,0,0,0,1,0,0,0,-145,1,120,8200,0,156.25,-36.25,8,3,0,0,0,1000
7817,0,8,3000,500,1000,493,0,0,0,0,0,1,0,0,0,-145,1,120,8200,0,156.25,-36.25,8,3,0,0,0,1000
7818,0,9,3000,500,1000,492,0,0,0,0,0,1,0,0,0,-145,1,120,8200,0,156.25,-36.25,8,3,0,0,0,1000
7819,10,1,3000,500,1000,491,0,0,0,0,0,1,0,0,0,-145,1,120,8200,0,156.25,-36.25,9,3,0,0,0,1000
7820,10,2,3000,500,1000,490,0,0,0,0,0,1,0,0,0,-145,1,120,8200,0,156.25,-36.25,9,3,0,0,0,1000
7821,10,3,3000,500,1000,489,0,0,0,0,0,1,0,0,0,-145,1,120,8200,0,156.25,-36.25,9,3,0,0,0,1000
7822,10,4,3000,500,1000,488,0,0,0,0,0,1,0,0,0,-145,1,120,8200,0,156.25,-36.25,9,3,0,0,0,1000
7823,10,5,3000,500,1000,487,0,0,0,0,0,1,0,0,0,-145,1,120,8200,0,156.25,-36.25,9,3,0,0,0,1000
7824,10,6,3000,500,1000,486,0,0,0,0,0,1,0,0,0,-145,1,120,8200,0,156.25,-36.25,9,3,0,0,0,1000
7825,12,1,3000,500,1000,485,0,0,0,0,0,1,0,0,0,-145,1,120,8200,0,156.25,-36.25,9,3,0,0,0,1000
7826,20,1,3000,500,1000,484,0,0,0,0,0,1,0,0,0,-143.75,1,120,8200,0,156.25,-36.25,9,3,0,0,0,1000
7827,20,2,3000,500,1000,483,0,0,0,0,0,1,0,0,0,-143.75,1,120,8200,0,155,-35,9,3,0,0,0,1000
7828,10,1,3000,500,1000,482,0,0,0,0,0,1,0,0,0,-143.75,1,120,8200,0,153.75,-33.75,9,3,0,0,0,1000
7829,10,2,3000,500,1000,481,0,0,0,0,0,1,0,0,0,-143.75,1,120,8200,0,153.75,-33.75,9,3,0,0,0,1000
7830,10,3,3000,500,1000,480,0,0,0,0,0,1,0,0,0,-143.75,1,120,8200,0,153.75,-33.75,9,3,0,0,0,1000
7831,10,4,3000,500,1000,479,0,0,0,0,0,1,0,0,0,-143.75,1,120,8200,0,153.75,-33.75,10,3,0,0,0,1000
7832,10,5,3000,500,1000,478,0,0,0,0,0,1,0,0,0,-143.75,1,120,8200,0,153.75,-33.75,10,3,0,0,0,1000
7833,10,6,3000,500,1000,477,0,0,0,0,0,1,0,0,0,-143.75,1,120,8200,0,153.75,-33.75,10,3,0,0,0,1000
7834,4000,1,1000,500,1000,476,0,0,0,0,0,1,0,0,0,-143.75,1,120,8200,0,153.75,-33.75,10,0,3,0,0,1000
7835,4000,2,1000,500,1000,0,0,0,0,0,0,1,0,0,0,-143.75,1,120,8200,0,153.75,-33.75,10,0,3,0,0,1000
7836,4000,3,1000,500,1000,0,0,0,0,0,0,1,0,0,0,-143.75,1,120,8200,0,153.75,-33.75,10,0,3,0,0,1000
7837,4000,4,1000,500,1000,0,0,0,0,0,0,1,0,0,0,-143.75,1,120,8200,0,153.75,-33.75,10,0,3,0,0,1000
7838,4000,5,1000,500,1000,0,0,0,0,0,0,1,0,0,0,-143.75,1,120,8200,0,153.75,-33.75,10,0,3,0,0,1000
7839,4000,6,1000,500,1000,0,0,0,0,0,0,1,0,0,0,-143.75,1,120,8200,0,153.75,-33.75,10,0,3,0,0,1000
7840,4000,7,1000,500,1000,0,0,0,0,0,0,1,0,0,0,-143.75,1,120,8200,0,153.75,-33.75,10,0,3,0,0,1000
7841,4000,8,1000,500,1000,0,0,0,0,0,0,1,0,0,0,-143.75,1,120,8200,0,153.75,-33.75,10,0,3,0,0,1000
7842,4000,9,1000,500,1000,0,0,0,0,0,0,1,0,0,0,-143.75,1,120,8200,0,153.75,-33.75,10,0,3,0,0,1000
7843,4000,10,1000,500,1000,0,0,0,0,0,0,1,0,0,0,-143.75,1,120,8210,0,153.75,-33.75,1,0,3,0,0,1000
7844,4000,11,1000,500,1000,0,0,0,0,0,0,1,0,0,0,-141.375,1,120,8210,0,153.75,-33.75,1,0,3,0,0,1000
7845,4000,12,1000,500,1000,0,0,0,0,0,0,1,0,0,0,-139.625,1,120,8210,0,153.75,-33.75,1,0,3,0,0,1000
7846,4000,13,1000,500,1000,0,0,0,0,0,0,1,0,0,0,-137.875,1,120,8210,0,153.75,-33.75,1,0,3,0,0,1000
7847,4000,14,1000,500,1000,0,0,0,0,0,0,1,0,0,0,-136.125,1,120,8210,0,153.75,-33.75,2,0,3,0,0,1000
7848,4000,15,1000,500,1000,0,0,0,0,0,0,1,0,0,0,-134.375,1,120,8210,0,153.75,-33.75,2,0,3,0,0,1000
7849,4000,16,1000,500,1000,0,0,0,0,0,0,1,0,0,0,-132.625,1,120,8210,0,153.75,-33.75,2,0,3,0,0,1000
7850,4000,17,1000,500,1000,0,0,0,0,0,0,1,0,0,0,-130.875,1,120,8210,0,153.75,-33.75,2,0,3,0,0,1000
7851,4000,17,1000,500,935,0,0,0,0,0,0,1,0,0,0,-130.875,1,120,8210,0,153.75,-33.75,2,0,3,0,0,1018
7852,4000,17,1000,500,935,0,0,0,0,0,0,1,0,0,0,-130.875,1,120,8210,0,153.75,-33.75,2,0,3,0,0,1018
7853,4000,17,1000,500,935,0,0,0,0,0,0,1,0,0,0,-130.875,1,120,8210,0,153.75,-33.75,2,0,3,0,0,1018
7854,4000,17,1000,500,935,0,0,0,0,0,0,1,0,0,0,-130.875,1,120,8210,0,153.75,-33.75,2,0,3,0,0,1018
7855,4000,17,1000,500,935,0,0,0,0,0,0,1,0,0,0,-130.875,1,120,8210,0,153.75,-33.75,2,0,3,0,0,1018
7856,4000,17,1000,500,935,0,0,0,0,0,0,1,0,0,0,-130.875,1,120,8210,0,153.75,-33.75,2,0,3,0,0,1018
7857,4000,18,1000,500,935,0,0,0,0,0,0,1,0,0,0,-129.125,1,120,8210,0,153.75,-33.75,4,0,3,0,0,2018
7858,4000,19,1000,500,935,0,0,0,0,0,0,1,0,0,0,-127.375,1,120,8210,0,153.75,-33.75,4,0,3,0,0,2018
7859,4000,20,1000,500,935,0,0,0,0,0,0,1,0,0,0,-125.625,1,120,8210,0,153.75,-33.75,4,0,3,0,0,2018
7860,4000,21,1000,500,935,0,0,0,0,0,0,1,0,0,0,-123.625,1,120,8210,0,153.75,-33.75,4,0,3,0,0,2018
7861,4000,22,1000,500,935,0,0,0,0,0,0,1,0,0,0,-121.875,1,120,8210,0,153.75,-33.75,4,0,3,0,0,2018
7862,4000,23,1000,500,935,0,0,0,0,0,0,1,0,0,0,-120.125,1,120,8210,0,153.75,-33.75,5,0,3,0,0,2018
7863,4000,24,1000,500,935,0,0,0,0,0,0,1,0,0,0,-118.375,1,120,8210,0,153.75,-33.75,5,0,3,0,0,2018
7864,4000,25,1000,500,935,0,0,0,0,0,0,1,0,0,0,-116.625,1,120,8210,0,153.75,-33.75,5,0,3,0,0,2018
7865,4000,26,1000,500,935,0,0,0,0,0,0,1,0,0,0,-114.875,1,120,8210,0,153.75,-33.75,5,0,3,0,0,2018
7866,4000,27,1000,500,935,0,0,0,0,0,0,1,0,0,0,-113.125,1,120,8210,0,153.75,-33.75,5,0,3,0,0,2018
7867,4000,28,1000,500,935,0,0,0,0,0,0,1,0,0,0,-111.375,1,120,8210,0,153.75,-33.75,6,0,3,0,0,2018
7868,4000,29,1000,500,935,0,0,0,0,0,0,1,0,0,0,-109.625,1,120,8210,0,153.75,-33.75,6,0,3,0,0,2018
7869,4000,30,1000,500,935,0,0,0,0,0,0,1,0,0,0,-109.625,1,120,8210,0,153.75,-33.75,6,0,3,0,0,2018
7870,4000,31,1000,500,935,0,0,0,0,0,0,1,0,0,0,-109.625,1,120,8210,0,153.75,-33.75,6,0,3,0,0,2018
7871,4000,32,1000,500,935,0,0,0,0,0,0,1,0,0,0,-109.625,1,120,8210,0,153.75,-33.75,6,0,3,0,0,2018
7872,4000,33,1000,500,935,0,0,0,0,0,0,1,0,0,0,-109.625,1,120,8210,0,153.75,-33.75,1,0,3,0,0,2018
7873,4000,33,1000,500,820,0,0,0,0,0,0,1,0,0,0,-109.625,1,120,8210,0,153.75,-33.75,1,0,3,0,0,3036
7874,4000,33,1000,500,820,0,0,0,0,0,0,1,0,0,0,-109.625,1,120,8210,0,153.75,-33.75,1,0,3,0,0,3036
7875,4000,33,1000,500,820,0,0,0,0,0,0,1,0,0,0,-109.625,1,120,8210,0,153.75,-33.75,1,0,3,0,0,3036
7876,4000,33,1000,500,820,0,0,0,0,0,0,1,0,0,0,-109.625,1,120,8210,0,153.75,-33.75,1,0,3,0,0,3036
7877,4000,33,1000,500,820,0,0,0,0,0,0,1,0,0,0,-109.625,1,120,8210,0,153.75,-33.75,1,0,3,0,0,3036
7878,4000,33,1000,500,820,0,0,0,0,0,0,1,0,0,0,-109.625,1,120,8210,0,153.75,-33.75,1,0,3,0,0,3036
7879,4000,34,1000,500,770,0,0,0,0,0,0,1,0,0,0,-109.625,1,120,8212,1,153.75,-33.75,2,0,3,0,0,4054
7880,4000,35,1000,500,770,0,0,0,0,0,0,1,0,0,0,-109.625,1,120,8212,1,153.75,-33.75,2,0,3,0,0,4054
7881,4000,36,1000,500,770,0,0,0,0,0,0,1,0,0,0,-109.625,1,120,8212,1,153.75,-33.75,2,0,3,0,0,4054
7882,4000,37,1000,500,770,0,0,0,0,0,0,1,0,0,0,-109.625,1,120,8212,1,153.75,-33.75,2,0,3,0,0,4054
7883,4000,38,1000,500,770,0,0,0,0,0,0,1,0,0,0,-109.625,1,120,8212,1,153.75,-33.75,2,0,3,0,0,4054
7884,4000,39,1000,500,770,0,0,0,0,0,0,1,0,0,0,-109.625,1,120,8212,1,153.75,-33.75,2,0,3,0,0,4054
7885,4000,40,1000,500,770,0,0,0,0,0,0,1,0,0,0,-109.625,1,120,8212,1,153.75,-33.75,2,0,3,0,0,4054
7886,4000,41,1000,500,770,0,0,0,0,0,0,1,0,0,0,-109.625,1,120,8212,1,153.75,-33.75,2,0,3,0,0,4054
7887,4000,42,1000,500,770,0,0,0,0,0,0,1,0,0,0,-109.625,1,120,8212,1,153.75,-33.75,2,0,3,0,0,4054
7888,4000,43,1000,500,770,0,0,0,0,0,0,1,0,0,0,-109.625,1,120,8212,1,153.75,-33.75,2,0,3,0,0,4054
7889,4000,44,1000,500,770,0,0,0,0,0,0,1,0,0,0,-111.125,1,120,8212,1,153.75,-33.75,2,0,3,0,0,4054
7890,4000,45,1000,500,770,0,0,0,0,0,0,1,0,0,0,-112.625,1,120,8212,1,153.75,-33.75,3,0,3,0,0,4054
7891,4000,46,1000,500,770,0,0,0,0,0,0,1,0,0,0,-114.125,1,120,8212,1,153.75,-33.75,3,0,3,0,0,4054
7892,4000,47,1000,500,770,0,0,0,0,0,0,1,0,0,0,-115.625,1,120,8212,1,153.75,-33.75,3,0,3,0,0,4054
7893,4000,48,1000,500,770,0,0,0,0,0,0,1,0,0,0,-117.125,1,120,8212,1,153.75,-33.75,3,0,3,0,0,4054
7894,4000,49,1000,500,770,0,0,0,0,0,0,1,0,0,0,-118.625,1,120,8212,1,153.75,-33.75,3,0,3,0,0,4054
7895,4000,50,1000,500,770,0,0,0,0,0,0,1,0,0,0,-120.125,1,120,8212,1,153.75,-33.75,3,0,3,0,0,4054
7896,4000,51,1000,500,770,0,0,0,0,0,0,1,0,0,0,-121.625,1,120,8212,1,153.75,-33.75,4,0,3,0,0,4054
7897,4000,52,1000,500,720,0,0,0,0,0,0,1,0,0,0,-121.625,1,120,8212,1,153.75,-33.75,4,0,3,0,0,5000
7898,4000,53,1000,500,720,0,0,0,0,0,0,1,0,0,0,-121.625,1,120,8212,1,153.75,-33.75,4,0,3,0,0,5000
7899,4000,54,1000,500,720,0,0,0,0,0,0,1,0,0,0,-121.625,1,120,8212,1,153.75,-33.75,4,0,3,0,0,5000
7900,4000,55,1000,500,720,0,0,0,0,0,0,1,0,0,0,-121.625,1,120,8212,1,153.75,-33.75,4,0,3,0,0,5000
7901,4000,56,1000,500,720,0,0,0,0,0,0,1,0,0,0,-121.625,1,120,8212,1,153.75,-33.75,4,0,3,0,0,5000
7902,4000,57,1000,500,720,0,0,0,0,0,0,1,0,0,0,-121.625,1,120,8212,1,153.75,-33.75,4,0,3,0,0,5000
7903,4000,58,1000,500,720,0,0,0,0,0,0,1,0,0,0,-121.625,1,120,8212,1,153.75,-33.75,4,0,3,0,0,5000
7904,4000,59,1000,500,720,0,0,0,0,0,0,1,0,0,0,-121.625,1,120,8212,1,153.75,-33.75,4,0,3,0,0,5000
7905,4000,60,1000,500,720,0,0,0,0,0,0,1,0,0,0,-121.625,1,120,8212,1,153.75,-33.75,4,0,3,0,0,5000
7906,0,1,1000,500,720,0,0,0,0,0,0,1,0,0,0,-123.125,1,120,8212,1,153.75,-33.75,4,0,3,0,0,5000
7907,0,2,1000,500,720,0,0,0,0,0,0,1,0,0,0,-124.625,1,120,8212,1,153.75,-33.75,4,0,3,0,0,5000
7908,0,3,1000,500,720,0,0,0,0,0,0,1,0,0,0,-126.125,1,120,8212,1,153.75,-33.75,5,0,3,0,0,5000
7909,0,4,1000,500,720,0,0,0,0,0,0,1,0,0,0,-127.625,1,120,8212,1,153.75,-33.75,5,0,3,0,0,5000
7910,0,5,1000,500,720,0,0,0,0,0,0,1,0,0,0,-129.125,1,120,8212,1,153.75,-33.75,5,0,3,0,0,5000
7911,0,6,1000,500,638,0,0,0,0,0,0,1,0,0,0,-129.125,1,120,8212,1,153.75,-33.75,5,0,3,0,0,5000
7912,0,7,1000,500,638,0,0,0,0,0,0,1,0,0,0,-129.125,1,120,8212,1,153.75,-33.75,5,0,3,0,0,5000
7913,0,8,1000,500,638,0,0,0,0,0,0,1,0,0,0,-129.125,1,120,8212,1,153.75,-33.75,5,0,3,0,0,5000
7914,0,9,1000,500,638,0,0,0,0,0,0,1,0,0,0,-129.125,1,120,8212,1,153.75,-33.75,5,0,3,0,0,5000
7915,0,10,1000,500,638,0,0,0,0,0,0,1,0,0,0,-129.125,1,120,8212,1,153.75,-33.75,5,0,3,0,0,5000
7916,0,11,1000,500,638,0,0,0,0,0,0,1,0,0,0,-129.125,1,120,8212,1,153.75,-33.75,5,0,3,0,0,5000
7917,0,12,1000,500,638,0,0,0,0,0,0,1,0,0,0,-129.125,1,120,8212,1,153.75,-33.75,5,0,3,0,0,5000
7918,0,13,1000,500,638,0,0,0,0,0,0,1,0,0,0,-129.125,1,120,8212,1,153.75,-33.75,5,0,3,0,0,5000
7919,0,14,1000,500,638,0,0,0,0,0,0,1,0,0,0,-129.125,1,120,8212,1,153.75,-33.75,5,0,3,0,0,5000
7920,0,15,1000,500,638,0,0,0,0,0,0,1,0,0,0,-130.625,1,120,8212,1,153.75,-33.75,6,0,3,0,0,5000
7921,0,16,1000,500,638,0,0,0,0,0,0,1,0,0,0,-132.125,1,120,8212,1,153.75,-33.75,6,0,3,0,0,5000
7922,0,17,1000,500,638,0,0,0,0,0,0,1,0,0,0,-133.625,1,120,8212,1,153.75,-33.75,6,0,3,0,0,5000
7923,0,18,1000,500,638,0,0,0,0,0,0,1,0,0,0,-135.125,1,120,8212,1,153.75,-33.75,6,0,3,0,0,5000
7924,0,19,1000,500,638,0,0,0,0,0,0,1,0,0,0,-136.625,1,120,8212,1,153.75,-33.75,6,0,3,0,0,5000
7925,0,20,1000,500,638,0,0,0,0,0,0,1,0,0,0,-138.125,1,120,8212,1,153.75,-33.75,6,0,3,0,0,5000
7926,0,21,1000,500,638,0,0,0,0,0,0,1,0,0,0,-139.625,1,120,8212,1,153.75,-33.75,1,0,3,0,0,5000
7927,0,22,1000,500,638,0,0,0,0,0,0,1,0,0,0,-141.125,1,120,8212,1,153.75,-33.75,1,0,3,0,0,5000
7928,0,23,1000,500,638,0,0,0,0,0,0,1,0,0,0,-142.625,1,120,8214,0,153.75,-33.75,1,0,3,0,0,5000
7929,0,24,1000,500,638,0,0,0,0,0,0,1,0,0,0,-144.125,1,120,8214,0,153.75,-33.75,1,0,3,0,0,5000
7930,0,25,1000,500,638,0,0,0,0,0,0,1,0,0,0,-144.125,1,120,8214,0,153.75,-33.75,1,0,3,0,0,5000
7931,0,26,1000,500,638,0,0,0,0,0,0,1,0,0,0,-144.125,1,120,8214,0,153.75,-33.75,1,0,3,0,0,5000
7932,0,27,1000,500,638,0,0,0,0,0,0,1,0,0,0,-144.125,1,120,8214,0,153.75,-33.75,1,0,3,0,0,5000
7933,0,28,1000,500,638,0,0,0,0,0,0,1,0,0,0,-144.125,1,120,8214,0,153.75,-33.75,2,0,3,0,0,5000
7934,0,29,1000,500,638,0,0,0,0,0,0,1,0,0,0,-144.125,1,120,8214,0,153.75,-33.75,2,0,3,0,0,5000
7935,0,30,1000,500,638,0,0,0,0,0,0,1,0,0,0,-144.125,1,120,8214,0,153.75,-33.75,2,0,3,0,0,5000
7936,0,31,1000,500,638,0,0,0,0,0,0,1,0,0,0,-144.125,1,120,8214,0,153.75,-33.75,2,0,3,0,0,5000
7937,0,32,1000,500,638,0,0,0,0,0,0,1,0,0,0,-144.125,1,120,8214,0,153.75,-33.75,2,0,3,0,0,5000
7938,0,33,1000,500,638,0,0,0,0,0,0,1,0,0,0,-141.125,1,120,8214,0,153.75,-33.75,3,0,3,0,0,5000
7939,0,34,1000,500,638,0,0,0,0,0,0,1,0,0,0,-122.28125,-1,120,8214,0,150.75,-30.75,3,0,3,0,0,5000
7940,0,35,1000,500,638,0,0,0,0,0,0,1,0,0,0,-117.5703125,-1,120,8214,0,147.75,-27.75,3,0,3,0,0,5000
7941,0,36,1000,500,638,0,0,0,0,0,0,1,0,0,0,-114.5703125,-1,120,8214,0,144.75,-24.75,3,0,3,0,0,5000
7942,0,37,1000,500,638,0,0,0,0,0,0,1,0,0,0,-111.5703125,-1,120,8214,0,141.75,-21.75,3,0,3,0,0,5000
7943,0,38,1000,500,638,0,0,0,0,0,0,1,0,0,0,-108.5703125,-1,120,8214,0,138.75,-18.75,4,0,3,0,0,5000
7944,0,39,1000,500,638,0,0,0,0,0,0,1,0,0,0,-105.5703125,-1,120,8214,0,135.75,-15.75,4,0,3,0,0,5000
7945,0,40,1000,500,638,0,0,0,0,0,0,1,0,0,0,-102.5703125,-1,120,8214,0,132.75,-12.75,4,0,3,0,0,5000
7946,0,41,1000,500,638,0,0,0,0,0,0,1,0,0,0,-99.5703125,-1,120,8214,0,129.75,-9.75,4,0,3,0,0,5000
7947,0,42,1000,500,638,0,0,0,0,0,0,1,0,0,0,-96.5703125,-1,120,8214,0,126.75,-6.75,4,0,3,0,0,5000
7948,0,43,1000,500,638,0,0,0,0,0,0,1,0,0,0,-93.5703125,-1,120,8214,0,123.75,-3.75,5,0,3,0,0,5000
7949,0,44,1000,500,638,0,0,0,0,0,0,1,0,0,0,-90.5703125,-1,120,8214,0,120.75,-0.75,5,0,3,0,0,5000
7950,0,45,1000,500,638,0,0,0,0,0,0,1,0,0,0,-87.5703125,-1,120,8214,0,117.75,2.25,5,0,3,0,0,5000
7951,0,46,1000,500,638,0,0,0,0,0,0,1,0,0,0,-84.5703125,-1,120,8214,0,114.75,5.25,5,0,3,0,0,5000
7952,0,47,1000,500,638,0,0,0,0,0,0,1,0,0,0,-81.5703125,-1,120,8214,0,111.75,8.25,5,0,3,0,0,5000
7953,0,48,1000,500,638,0,0,0,0,0,0,1,0,0,0,-78.5703125,-1,120,8214,0,108.75,11.25,6,0,3,0,0,5000
7954,0,49,1000,500,638,0,0,0,0,0,0,1,0,0,0,-75.5703125,-1,120,8214,0,105.75,14.25,6,0,3,0,0,5000
7955,0,50,1000,500,638,0,0,0,0,0,0,1,0,0,0,-72.5703125,-1,120,8214,0,102.75,17.25,6,0,3,0,0,5000
7956,0,51,1000,500,638,0,0,0,0,0,0,1,0,0,0,-69.5703125,-1,120,8214,0,99.75,20.25,6,0,3,0,0,5000
7957,0,52,1000,500,638,0,0,0,0,0,0,1,0,0,0,-66.5703125,-1,120,8214,0,96.75,23.25,6,0,3,0,0,5000
7958,0,53,1000,500,638,0,0,0,0,0,0,1,0,0,0,-63.5703125,-1,120,8214,0,93.75,26.25,1,0,3,0,0,5000
7959,0,54,1000,500,638,0,0,0,0,0,0,1,0,0,0,-60.5703125,-1,120,8200,0,90.75,29.25,1,0,3,0,0,5000
7960,0,55,1000,500,638,0,0,0,0,0,0,1,0,0,0,-57.5703125,-1,120,8200,0,87.75,32.25,1,0,3,0,0,5000
7961,0,56,1000,500,638,0,0,0,0,0,0,1,0,0,0,-57.5703125,-1,120,8200,0,84.75,35.25,1,0,3,0,0,5000
7962,0,57,1000,500,638,0,0,0,0,0,0,1,0,0,0,-57.5703125,-1,120,8200,0,84.75,35.25,1,0,3,0,0,5000
7963,0,58,1000,500,638,0,0,0,0,0,0,1,0,0,0,-57.5703125,-1,120,8200,0,84.75,35.25,1,0,3,0,0,5000
7964,0,59,1000,500,638,0,0,0,0,0,0,1,0,0,0,-57.5703125,-1,120,8200,0,84.75,35.25,1,0,3,0,0,5000
7965,0,60,1000,500,638,0,0,0,0,0,0,1,0,0,0,-57.5703125,-1,120,8200,0,84.75,35.25,1,0,3,0,0,5000
7966,0,61,1000,500,638,0,0,0,0,0,0,1,0,0,0,-57.5703125,-1,120,8200,0,84.75,35.25,1,0,3,0,0,5000
7967,0,62,1000,500,638,0,0,0,0,0,0,1,0,0,0,-57.5703125,-1,120,8200,0,84.75,35.25,1,0,3,0,0,5000
7968,0,63,1000,500,638,0,0,0,0,0,0,1,0,0,0,-57.5703125,-1,120,8200,0,84.75,35.25,1,0,3,0,0,5000
7969,0,64,1000,500,638,0,0,0,0,0,0,1,0,0,0,-55.3203125,-1,120,8200,0,84.75,35.25,1,0,3,0,0,5000
7970,0,65,1000,500,638,0,0,0,0,0,0,1,0,0,0,-53.0703125,-1,120,8200,0,82.5,37.5,2,0,3,0,0,5000
7971,0,66,1000,500,638,0,0,0,0,0,0,1,0,0,0,-50.8203125,-1,120,8200,0,80.25,39.75,2,0,3,0,0,5000
7972,0,67,1000,500,638,0,0,0,0,0,0,1,0,0,0,-48.5703125,-1,120,8200,0,78,42,2,0,3,0,0,5000
7973,0,68,1000,500,638,0,0,0,0,0,0,1,0,0,0,-46.3203125,-1,120,8200,0,75.75,44.25,2,0,3,0,0,5000
7974,0,69,1000,500,638,0,0,0,0,0,0,1,0,0,0,-44.0703125,-1,120,8200,0,73.5,46.5,2,0,3,0,0,5000
7975,0,70,1000,500,638,0,0,0,0,0,0,1,0,0,0,-41.8203125,-1,120,8200,0,71.25,48.75,2,0,3,0,0,5000
7976,0,71,1000,500,638,0,0,0,0,0,0,1,0,0,0,-39.5703125,-1,120,8200,0,69,51,2,0,3,0,0,5000
7977,0,72,1000,500,638,0,0,0,0,0,0,1,0,0,0,-37.3203125,-1,120,8200,0,66.75,53.25,2,0,3,0,0,5000
7978,0,73,1000,500,638,0,0,0,0,0,0,1,0,0,0,-35.0703125,-1,120,8200,0,64.5,55.5,2,0,3,0,0,5000
7979,0,74,1000,500,638,0,0,0,0,0,0,1,0,0,0,-32.8203125,-1,120,8200,0,62.25,57.75,2,0,3,0,0,5000
7980,0,75,1000,500,638,0,0,0,0,0,0,1,0,0,0,-30.5703125,-1,120,8200,0,60,60,2,0,3,0,0,5000
7981,0,76,1000,500,638,0,0,0,0,0,0,1,0,0,0,-28.3203125,-1,120,8200,0,57.75,62.25,2,0,3,0,0,5000
7982,0,77,1000,500,638,0,0,0,0,0,0,1,0,0,0,-26.0703125,-1,120,8200,0,55.5,64.5,3,0,3,0,0,5000
7983,0,78,1000,500,638,0,0,0,0,0,0,1,0,0,0,-23.8203125,-1,120,8200,0,53.25,66.75,3,0,3,0,0,5000
7984,0,79,1000,500,638,0,0,0,0,0,0,1,0,0,0,-21.5703125,-1,120,8200,0,51,69,3,0,3,0,0,5000
7985,0,80,1000,500,638,0,0,0,0,0,0,1,0,0,0,-19.3203125,-1,120,8200,0,48.75,71.25,3,0,3,0,0,5000
7986,0,81,1000,500,638,0,0,0,0,0,0,1,0,0,0,-17.0703125,-1,120,8200,0,46.5,73.5,3,0,3,0,0,5000
7987,0,82,1000,500,638,0,0,0,0,0,0,1,0,0,0,-14.8203125,-1,120,8200,0,44.25,75.75,3,0,3,0,0,5000
7988,0,83,1000,500,638,0,0,0,0,0,0,1,0,0,0,-12.5703125,-1,120,8200,0,42,78,3,0,3,0,0,5000
7989,0,84,1000,500,638,0,0,0,0,0,0,1,0,0,0,-10.5703125,-1,120,8200,0,39.75,80.25,3,0,3,0,0,5000
7990,0,85,1000,500,638,0,0,0,0,0,0,1,0,0,0,-8.8203125,-1,120,8200,0,37.75,82.25,3,0,3,0,0,5000
7991,0,86,1000,500,638,0,0,0,0,0,0,1,0,0,0,-7.3203125,-1,120,8200,0,36,84,3,0,3,0,0,5000
7992,0,87,1000,500,638,0,0,0,0,0,0,1,0,0,0,-6.0703125,-1,120,8200,0,34.5,85.5,3,0,3,0,0,5000
7993,0,88,1000,500,638,0,0,0,0,0,0,1,0,0,0,-5.0703125,-1,120,8200,0,33.25,86.75,3,0,3,0,0,5000
7994,0,89,1000,500,638,0,0,0,0,0,0,1,0,0,0,-4.0703125,-1,120,8200,0,32.25,87.75,4,0,3,0,0,5000
7995,0,90,1000,500,638,0,0,0,0,0,0,1,0,0,0,-3.3203125,-1,120,8200,0,31.25,88.75,4,0,3,0,0,5000
7996,0,91,1000,500,638,0,0,0,0,0,0,1,0,0,0,-2.5703125,-1,120,8200,0,30.5,89.5,4,0,3,0,0,5000
7997,0,92,1000,500,638,0,0,0,0,0,0,1,0,0,0,-2.0703125,-1,120,8200,0,29.75,90.25,4,0,3,0,0,5000
7998,0,93,1000,500,638,0,0,0,0,0,0,1,0,0,0,-1.5703125,-1,120,8200,0,29.25,90.75,4,0,3,0,0,5000
7999,0,94,1000,500,638,0,0,0,0,0,0,1,0,0,0,-1.0703125,-1,120,8200,0,28.75,91.25,4,0,3,0,0,5000
8000,0,95,1000,500,638,0,0,0,0,0,0,1,0,0,0,-0.8203125,-1,120,8200,0,28.25,91.75,4,0,3,0,0,5000
8001,0,96,1000,500,638,0,0,0,0,0,0,1,0,0,0,-0.5703125,-1,120,8200,0,28,92,4,0,3,0,0,5000
8002,0,97,1000,500,638,0,0,0,0,0,0,1,0,0,0,-0.3203125,-1,120,8200,0,27.75,92.25,4,0,3,0,0,5000
8003,0,98,1000,500,638,0,0,0,0,0,0,1,0,0,0,-0.0703125,-1,120,8200,0,27.5,92.5,4,0,3,0,0,5000
8004,0,99,1000,500,638,0,0,0,0,0,0,1,0,0,0,0.1796875,-1,120,8200,0,27.25,92.75,4,0,3,0,0,5000
8005,0,100,1000,500,638,0,0,0,0,0,0,1,0,0,0,0.4296875,-1,120,8200,0,27,93,4,0,3,0,0,5000
8006,0,101,1000,500,638,0,0,0,0,0,0,1,0,0,0,0.6796875,-1,120,8200,0,26.75,93.25,5,0,3,0,0,5000
8007,0,102,1000,500,638,0,0,0,0,0,0,1,0,0,0,0.9296875,-1,120,8200,0,26.5,93.5,5,0,3,0,0,5000
8008,0,103,1000,500,638,0,0,0,0,0,0,1,0,0,0,0.9296875,-1,120,8200,0,26.25,93.75,5,0,3,0,0,5000
8009,0,104,1000,500,638,0,0,0,0,0,0,1,0,0,0,0.9296875,-1,120,8200,0,26.25,93.75,5,0,3,0,0,5000
8010,0,105,1000,500,638,0,0,0,0,0,0,1,0,0,0,0.9296875,-1,120,8200,0,26.25,93.75,5,0,3,0,0,5000
8011,0,106,1000,500,638,0,0,0,0,0,0,1,0,0,0,0.9296875,-1,120,8200,0,26.25,93.75,5,0,3,0,0,5000
8012,0,107,1000,500,638,0,0,0,0,0,0,1,0,0,0,0.9296875,-1,120,8200,0,26.25,93.75,5,0,3,0,0,5000
8013,0,108,1000,500,638,0,0,0,0,0,0,1,0,0,0,0.9296875,-1,120,8200,0,26.25,93.75,5,0,3,0,0,5000
8014,0,109,1000,500,638,0,0,0,0,0,0,1,0,0,0,0.9296875,-1,120,8200,0,26.25,93.75,5,0,3,0,0,5000
8015,0,110,1000,500,638,0,0,0,0,0,0,1,0,0,0,0.9296875,-1,120,8200,0,26.25,93.75,5,0,3,0,0,5000
8016,0,111,1000,500,638,0,0,0,0,0,0,1,0,0,0,0.9296875,-1,120,8200,0,26.25,93.75,5,0,3,0,0,5000
8017,0,112,1000,500,638,0,0,0,0,0,0,1,0,0,0,0.9296875,-1,120,8200,0,26.25,93.75,5,0,3,0,0,5000
8018,0,113,1000,500,638,0,0,0,0,0,0,1,0,0,0,0.9296875,-1,120,8200,0,26.25,93.75,6,0,3,0,0,5000
8019,0,114,1000,500,638,0,0,0,0,0,0,1,0,0,0,0.9296875,-1,120,8200,0,26.25,93.75,6,0,3,0,0,5000
8020,0,115,1000,500,638,0,0,0,0,0,0,1,0,0,0,0.9296875,-1,120,8200,0,26.25,93.75,6,0,3,0,0,5000
8021,0,116,1000,500,638,0,0,0,0,0,0,1,0,0,0,0.9296875,-1,120,8200,0,26.25,93.75,6,0,3,0,0,5000
8022,0,117,1000,500,638,0,0,0,0,0,0,1,0,0,0,0.9296875,-1,120,8200,0,26.25,93.75,6,0,3,0,0,5000
8023,0,118,1000,500,638,0,0,0,0,0,0,1,0,0,0,0.9296875,-1,120,8200,0,26.25,93.75,6,0,3,0,0,5000
8024,0,119,1000,500,638,0,0,0,0,0,0,1,0,0,0,0.9296875,-1,120,8200,0,26.25,93.75,6,0,3,0,0,5000
8025,0,120,1000,500,638,0,0,0,0,0,0,1,0,0,0,0.9296875,-1,120,8200,0,26.25,93.75,6,0,3,0,0,5000
8026,0,121,1000,500,638,0,0,0,0,0,0,1,0,0,0,0.9296875,-1,120,8200,0,26.25,93.75,6,0,3,0,0,5000
8027,0,122,1000,500,638,0,0,0,0,0,0,1,0,0,0,0.9296875,-1,120,8200,0,26.25,93.75,6,0,3,0,0,5000
8028,0,123,1000,500,638,0,0,0,0,0,0,1,0,0,0,0.9296875,-1,120,8200,0,26.25,93.75,6,0,3,0,0,5000
8029,0,124,1000,500,638,0,0,0,0,0,0,1,0,0,0,0.9296875,-1,120,8200,0,26.25,93.75,6,0,3,0,0,5000
8030,0,125,1000,500,638,0,0,0,0,0,0,1,0,0,0,0.9296875,-1,120,8200,0,26.25,93.75,7,0,3,0,0,5000
8031,0,126,1000,500,638,0,0,0,0,0,0,1,0,0,0,0.9296875,-1,120,8200,0,26.25,93.75,7,0,3,0,0,5000
8032,0,127,1000,500,638,0,0,0,0,0,0,1,0,0,0,0.9296875,-1,120,8200,0,26.25,93.75,7,0,3,0,0,5000
8033,0,128,1000,500,638,0,0,0,0,0,0,1,0,0,0,0.9296875,-1,120,8200,0,26.25,93.75,7,0,3,0,0,5000
8034,0,129,1000,500,638,0,0,0,0,0,0,1,0,0,0,0.9296875,-1,120,8200,0,26.25,93.75,7,0,3,0,0,5000
8035,0,130,1000,500,638,0,0,0,0,0,0,1,0,0,0,0.9296875,-1,120,8200,0,26.25,93.75,7,0,3,0,0,5000
8036,0,131,1000,500,638,0,0,0,0,0,0,1,0,0,0,0.9296875,-1,120,8200,0,26.25,93.75,7,0,3,0,0,5000
8037,0,132,1000,500,638,0,0,0,0,0,0,1,0,0,0,0.9296875,-1,120,8200,0,26.25,93.75,7,0,3,0,0,5000
8038,0,133,1000,500,638,0,0,0,0,0,0,1,0,0,0,0.9296875,-1,120,8200,0,26.25,93.75,7,0,3,0,0,5000
8039,0,134,1000,500,638,0,0,0,0,0,0,1,0,0,0,0.9296875,-1,120,8200,0,26.25,93.75,7,0,3,0,0,5000
8040,0,135,1000,500,638,0,0,0,0,0,0,1,0,0,0,0.9296875,-1,120,8200,0,26.25,93.75,7,0,3,0,0,5000
8041,0,136,1000,500,638,0,0,0,0,0,0,1,0,0,0,0.9296875,-1,120,8200,0,26.25,93.75,7,0,3,0,0,5000
8042,0,137,1000,500,638,0,0,0,0,0,0,1,0,0,0,0.9296875,-1,120,8200,0,26.25,93.75,8,0,3,0,0,5000
8043,0,138,1000,500,638,0,0,0,0,0,0,1,0,0,0,0.9296875,-1,120,8200,0,26.25,93.75,8,0,3,0,0,5000
8044,0,139,1000,500,638,0,0,0,0,0,0,1,0,0,0,0.9296875,-1,120,8200,0,26.25,93.75,8,0,3,0,0,5000
8045,0,140,1000,500,638,0,0,0,0,0,0,1,0,0,0,0.9296875,-1,120,8200,0,26.25,93.75,8,0,3,0,0,5000
8046,0,141,1000,500,638,0,0,0,0,0,0,1,0,0,0,0.9296875,-1,120,8200,0,26.25,93.75,8,0,3,0,0,5000
8047,0,142,1000,500,638,0,0,0,0,0,0,1,0,0,0,0.9296875,-1,120,8200,0,26.25,93.75,8,0,3,0,0,5000
8048,0,143,1000,500,638,0,0,0,0,0,0,1,0,0,0,0.9296875,-1,120,8200,0,26.25,93.75,8,0,3,0,0,5000
8049,0,144,1000,500,638,0,0,0,0,0,0,1,0,0,0,0.9296875,-1,120,8200,0,26.25,93.75,8,0,3,0,0,5000
8050,0,145,1000,500,638,0,0,0,0,0,0,1,0,0,0,0.9296875,-1,120,8200,0,26.25,93.75,8,0,3,0,0,5000
8051,0,146,1000,500,638,0,0,0,0,0,0,1,0,0,0,0.9296875,-1,120,8200,0,26.25,93.75,8,0,3,0,0,5000
8052,0,147,1000,500,638,0,0,0,0,0,0,1,0,0,0,0.9296875,-1,120,8200,0,26.25,93.75,8,0,3,0,0,5000
8053,0,148,1000,500,638,0,0,0,0,0,0,1,0,0,0,0.9296875,-1,120,8200,0,26.25,93.75,8,0,3,0,0,5000
8054,0,149,1000,500,638,0,0,0,0,0,0,1,0,0,0,0.9296875,-1,120,8200,0,26.25,93.75,9,0,3,0,0,5000
8055,0,150,1000,500,638,0,0,0,0,0,0,1,0,0,0,0.9296875,-1,120,8200,0,26.25,93.75,9,0,3,0,0,5000
8056,0,151,1000,500,638,0,0,0,0,0,0,1,0,0,0,0.9296875,-1,120,8200,0,26.25,93.75,9,0,3,0,0,5000
8057,0,152,1000,500,638,0,0,0,0,0,0,1,0,0,0,0.9296875,-1,120,8200,0,26.25,93.75,9,0,3,0,0,5000
8058,0,153,1000,500,638,0,0,0,0,0,0,1,0,0,0,0.9296875,-1,120,8200,0,26.25,93.75,9,0,3,0,0,5000
8059,0,154,1000,500,638,0,0,0,0,0,0,1,0,0,0,0.9296875,-1,120,8200,0,26.25,93.75,9,0,3,0,0,5000
8060,0,155,1000,500,638,0,0,0,0,0,0,1,0,0,0,0.9296875,-1,120,8200,0,26.25,93.75,9,0,3,0,0,5000
8061,0,156,1000,500,638,0,0,0,0,0,0,1,0,0,0,0.9296875,-1,120,8200,0,26.25,93.75,9,0,3,0,0,5000
8062,0,157,1000,500,638,0,0,0,0,0,0,1,0,0,0,0.9296875,-1,120,8200,0,26.25,93.75,9,0,3,0,0,5000
8063,0,158,1000,500,638,0,0,0,0,0,0,1,0,0,0,0.9296875,-1,120,8200,0,26.25,93.75,9,0,3,0,0,5000
8064,0,159,1000,500,638,0,0,0,0,0,0,1,0,0,0,0.9296875,-1,120,8200,0,26.25,93.75,9,0,3,0,0,5000
8065,0,160,1000,500,638,0,0,0,0,0,0,1,0,0,0,0.9296875,-1,120,8200,0,26.25,93.75,9,0,3,0,0,5000
8066,0,161,1000,500,638,0,0,0,0,0,0,1,0,0,0,0.9296875,-1,120,8200,0,26.25,93.75,10,0,3,0,0,5000
8067,0,162,1000,500,638,0,0,0,0,0,0,1,0,0,0,0.9296875,-1,120,8200,0,26.25,93.75,10,0,3,0,0,5000
8068,0,163,1000,500,638,0,0,0,0,0,0,1,0,0,0,0.9296875,-1,120,8200,0,26.25,93.75,10,0,3,0,0,5000
8069,0,164,1000,500,638,0,0,0,0,0,0,1,0,0,0,0.9296875,-1,120,8200,0,26.25,93.75,10,0,3,0,0,5000
8070,0,165,1000,500,638,0,0,0,0,0,0,1,0,0,0,0.9296875,-1,120,8200,0,26.25,93.75,10,0,3,0,0,5000
8071,0,166,1000,500,638,0,0,0,0,0,0,1,0,0,0,0.9296875,-1,120,8200,0,26.25,93.75,10,0,3,0,0,5000
8072,0,167,1000,500,638,0,0,0,0,0,0,1,0,0,0,0.9296875,-1,120,8200,0,26.25,93.75,10,0,3,0,0,5000
8073,0,168,1000,500,638,0,0,0,0,0,0,1,0,0,0,0.9296875,-1,120,8200,0,26.25,93.75,10,0,3,0,0,5000
8074,0,169,1000,500,638,0,0,0,0,0,0,1,0,0,0,0.9296875,-1,120,8200,0,26.25,93.75,10,0,3,0,0,5000
8075,0,170,1000,500,638,0,0,0,0,0,0,1,0,0,0,0.9296875,-1,120,8200,0,26.25,93.75,10,0,3,0,0,5000
8076,0,171,1000,500,638,0,0,0,0,0,0,1,0,0,0,0.9296875,-1,120,8200,0,26.25,93.75,10,0,3,0,0,5000
8077,0,172,1000,500,638,0,0,0,0,0,0,1,0,0,0,0.9296875,-1,120,8200,0,26.25,93.75,10,0,3,0,0,5000
8078,0,173,1000,500,638,0,0,0,0,0,0,1,0,0,0,0.9296875,-1,120,8200,0,26.25,93.75,11,0,3,0,0,5000
8079,0,174,1000,500,638,0,0,0,0,0,0,1,0,0,0,0.9296875,-1,120,8200,0,26.25,93.75,11,0,3,0,0,5000
8080,0,175,1000,500,638,0,0,0,0,0,0,1,0,0,0,0.9296875,-1,120,8200,0,26.25,93.75,11,0,3,0,0,5000
8081,0,176,1000,500,638,0,0,0,0,0,0,1,0,0,0,0.9296875,-1,120,8200,0,26.25,93.75,11,0,3,0,0,5000
8082,0,177,1000,500,638,0,0,0,0,0,0,1,0,0,0,0.9296875,-1,120,8200,0,26.25,93.75,11,0,3,0,0,5000
8083,0,178,1000,500,638,0,0,0,0,0,0,1,0,0,0,0.9296875,-1,120,8200,0,26.25,93.75,11,0,3,0,0,5000
8084,0,179,1000,500,638,0,0,0,0,0,0,1,0,0,0,0.9296875,-1,120,8200,0,26.25,93.75,11,0,3,0,0,5000
8085,0,180,1000,500,638,0,0,0,0,0,0,1,0,0,0,0.9296875,-1,120,8200,0,26.25,93.75,11,0,3,0,0,5000
8086,0,181,1000,500,638,0,0,0,0,0,0,1,0,0,0,0.9296875,-1,120,8200,0,26.25,93.75,11,0,3,0,0,5000
8087,0,182,1000,500,638,0,0,0,0,0,0,1,0,0,0,0.9296875,-1,120,8200,0,26.25,93.75,11,0,3,0,0,5000
8088,0,183,1000,500,638,0,0,0,0,0,0,1,0,0,0,0.9296875,-1,120,8200,0,26.25,93.75,11,0,3,0,0,5000
8089,0,184,1000,500,638,0,0,0,0,0,0,1,0,0,0,0.9296875,-1,120,8200,0,26.25,93.75,11,0,3,0,0,5000
8090,0,185,1000,500,638,0,0,0,0,0,0,1,0,0,0,0.9296875,-1,120,8200,0,26.25,93.75,12,0,3,0,0,5000
8091,0,186,1000,500,638,0,0,0,0,0,0,1,0,0,0,0.9296875,-1,120,8200,0,26.25,93.75,12,0,3,0,0,5000
8092,0,187,1000,500,638,0,0,0,0,0,0,1,0,0,0,0.9296875,-1,120,8200,0,26.25,93.75,12,0,3,0,0,5000
8093,0,188,1000,500,638,0,0,0,0,0,0,1,0,0,0,0.9296875,-1,120,8200,0,26.25,93.75,12,0,3,0,0,5000
8094,0,189,1000,500,638,0,0,0,0,0,0,1,0,0,0,0.9296875,-1,120,8200,0,26.25,93.75,12,0,3,0,0,5000
8095,0,190,1000,500,638,0,0,0,0,0,0,1,0,0,0,0.9296875,-1,120,8200,0,26.25,93.75,12,0,3,0,0,5000
8096,0,191,1000,500,638,0,0,0,0,0,0,1,0,0,0,0.9296875,-1,120,8200,0,26.25,93.75,12,0,3,0,0,5000
8097,0,192,1000,500,638,0,0,0,0,0,0,1,0,0,0,0.9296875,-1,120,8200,0,26.25,93.75,12,0,3,0,0,5000
8098,0,193,1000,500,638,0,0,0,0,0,0,1,0,0,0,0.9296875,-1,120,8200,0,26.25,93.75,12,0,3,0,0,5000
8099,0,194,1000,500,638,0,0,0,0,0,0,1,0,0,0,0.9296875,-1,120,8200,0,26.25,93.75,12,0,3,0,0,5000
8100,0,195,1000,500,638,0,0,0,0,0,0,1,0,0,0,0.9296875,-1,120,8200,0,26.25,93.75,12,0,3,0,0,5000
8101,0,196,1000,500,638,0,0,0,0,0,0,1,0,0,0,0.9296875,-1,120,8200,0,26.25,93.75,12,0,3,0,0,5000
8102,0,197,1000,500,638,0,0,0,0,0,0,1,0,0,0,0.9296875,-1,120,8200,0,26.25,93.75,13,0,3,0,0,5000
8103,0,198,1000,500,638,0,0,0,0,0,0,1,0,0,0,0.9296875,-1,120,8200,0,26.25,93.75,13,0,3,0,0,5000
8104,0,199,1000,500,638,0,0,0,0,0,0,1,0,0,0,0.9296875,-1,120,8200,0,26.25,93.75,13,0,3,0,0,5000
8105,0,200,1000,500,638,0,0,0,0,0,0,1,0,0,0,0.9296875,-1,120,8200,0,26.25,93.75,13,0,3,0,0,5000
8106,0,201,1000,500,638,0,0,0,0,0,0,1,0,0,0,0.9296875,-1,120,8200,0,26.25,93.75,13,0,3,0,0,5000
8107,0,202,1000,500,638,0,0,0,0,0,0,1,0,0,0,0.9296875,-1,120,8200,0,26.25,93.75,13,0,3,0,0,5000
8108,0,203,1000,500,638,0,0,0,0,0,0,1,0,0,0,0.9296875,-1,120,8200,0,26.25,93.75,13,0,3,0,0,5000
8109,0,204,1000,500,638,0,0,0,0,0,0,1,0,0,0,0.9296875,-1,120,8200,0,26.25,93.75,13,0,3,0,0,5000
8110,0,1,3000,500,1000,0,0,0,0,0,0,1,0,0,0,-51.25,1,120,8200,0,26.25,93.75,13,0,0,0,0,1000
8111,0,2,3000,500,1000,0,0,0,0,0,0,1,0,0,0,-51.25,1,120,8200,0,26.25,93.75,13,0,0,0,0,1000
8112,0,3,3000,500,1000,0,0,0,0,0,0,1,0,0,0,-51.25,1,120,8200,0,26.25,93.75,13,0,0,0,0,1000
8113,0,4,3000,500,1000,0,0,0,0,0,0,1,0,0,0,-51.25,1,120,8200,0,26.25,93.75,13,0,0,0,0,1000
8114,0,5,3000,500,1000,0,0,0,0,0,0,1,0,0,0,-51.25,1,120,8200,0,26.25,93.75,14,0,0,0,0,1000
8115,0,6,3000,500,1000,0,0,0,0,0,0,1,0,0,0,-51.25,1,120,8200,0,26.25,93.75,14,0,0,0,0,1000
8116,0,7,3000,500,1000,0,0,0,0,0,0,1,0,0,0,-51.25,1,120,8200,0,26.25,93.75,14,0,0,0,0,1000
8117,0,8,3000,500,1000,0,0,0,0,0,0,1,0,0,0,-51.25,1,120,8200,0,26.25,93.75,14,0,0,0,0,1000
8118,0,9,3000,500,1000,0,0,0,0,0,0,1,0,0,0,-51.25,1,120,8200,0,26.25,93.75,14,0,0,0,0,1000
8119,20,1,3000,500,1000,0,0,0,0,0,0,1,0,0,0,-49.54999923706055,1,120,8200,0,26.25,93.75,14,0,0,0,0,1000
8120,20,2,3000,500,1000,0,0,0,0,0,0,1,0,0,0,-47.849998474121094,1,120,8200,0,26.25,93.75,14,0,0,0,0,1000
8121,20,3,3000,500,1000,0,0,0,0,0,0,1,0,0,0,-46.14999771118164,1,120,8200,0,26.25,93.75,14,0,0,0,0,1000
8122,10,1,3000,500,1000,0,0,0,0,0,0,1,0,0,0,-46.14999771118164,1,120,8200,0,26.25,93.75,14,0,0,0,0,1000
8123,10,2,3000,500,1000,0,0,0,0,0,0,1,0,0,0,-46.14999771118164,1,120,8200,0,26.25,93.75,14,0,0,0,0,1000
8124,10,3,3000,500,1000,0,0,0,0,0,0,1,0,0,0,-46.14999771118164,1,120,8200,0,26.25,93.75,14,0,0,0,0,1000
8125,1010,1,3000,500,1000,0,0,0,0,0,0,1,0,0,0,-46.14999771118164,1,120,8200,0,26.25,93.75,14,0,0,0,0,1000
8126,1010,2,3000,500,1000,0,0,0,0,0,0,1,0,0,0,-46.14999771118164,1,120,8200,0,26.25,93.75,15,0,0,0,0,1000
8127,1010,3,3000,500,1000,0,0,0,0,0,0,1,0,0,0,-46.14999771118164,1,120,8200,0,26.25,93.75,15,0,0,0,0,1000
8128,1010,4,3000,500,1000,0,0,0,0,0,0,1,0,0,0,-46.14999771118164,1,120,8200,0,26.25,93.75,15,0,0,0,0,1000
8129,1010,5,3000,500,1000,0,0,0,0,0,0,1,0,0,0,-46.14999771118164,1,120,8200,0,26.25,93.75,15,0,0,0,0,1000
8130,1010,6,3000,500,1000,0,0,0,0,0,0,1,0,0,0,-46.14999771118164,1,120,8200,0,26.25,93.75,15,0,0,0,0,1000
8131,1010,7,3000,500,1000,0,0,0,0,0,0,1,0,0,0,-46.14999771118164,1,120,8200,0,26.25,93.75,15,0,0,0,0,1000
8132,1010,8,3000,500,1000,0,0,0,0,0,0,1,0,0,0,-46.14999771118164,1,120,8200,0,26.25,93.75,15,0,0,0,0,1000
8133,1010,9,3000,500,1000,0,0,0,0,0,0,1,0,0,0,-46.14999771118164,1,120,8200,0,26.25,93.75,15,0,0,0,0,1000
8134,1010,10,3000,500,1000,0,0,0,0,0,0,1,0,0,0,-46.14999771118164,1,120,8200,0,26.25,93.75,15,0,0,0,0,1000
8135,1010,11,3000,500,1000,0,0,0,0,0,0,1,0,0,0,-46.14999771118164,1,120,8200,0,26.25,93.75,15,0,0,0,0,1000
8136,1010,12,3000,500,1000,0,0,0,0,0,0,1,0,0,0,-46.14999771118164,1,120,8200,0,26.25,93.75,15,0,0,0,0,1000
8137,1010,13,3000,500,1000,0,0,0,0,0,0,1,0,0,0,-46.14999771118164,1,120,8200,0,26.25,93.75,15,0,0,0,0,1000
8138,1010,14,3000,500,1000,0,0,0,0,0,0,1,0,0,0,-46.14999771118164,1,120,8200,0,26.25,93.75,16,0,0,0,0,1000
8139,1010,15,3000,500,1000,0,0,0,0,0,0,1,0,0,0,-46.14999771118164,1,120,8200,0,26.25,93.75,16,0,0,0,0,1000
8140,1010,16,3000,500,1000,0,0,0,0,0,0,1,0,0,0,-46.14999771118164,1,120,8200,0,26.25,93.75,16,0,0,0,0,1000
8141,1010,17,3000,500,1000,0,0,0,0,0,0,1,0,0,0,-46.14999771118164,1,120,8200,0,26.25,93.75,16,0,0,0,0,1000
8142,1010,18,3000,500,1000,0,0,0,0,0,0,1,0,0,0,-46.14999771118164,1,120,8200,0,26.25,93.75,16,0,0,0,0,1000
8143,1010,19,3000,500,1000,0,0,0,0,0,0,1,0,0,0,-46.14999771118164,1,120,8200,0,26.25,93.75,16,0,0,0,0,1000
8144,1010,20,3000,500,1000,0,0,0,0,0,0,1,0,0,0,-46.14999771118164,1,120,8200,0,26.25,93.75,16,0,0,0,0,1000
8145,1010,21,3000,500,1000,0,0,0,0,0,0,1,0,0,0,-46.14999771118164,1,120,8200,0,26.25,93.75,16,0,0,0,0,1000
8146,1010,22,3000,500,1000,0,0,0,0,0,0,1,0,0,0,-46.14999771118164,1,120,8200,0,26.25,93.75,16,0,0,0,0,1000
8147,1010,23,3000,500,1000,0,0,0,0,0,0,1,0,0,0,-46.14999771118164,1,120,8200,0,26.25,93.75,16,0,0,0,0,1000
8148,1010,24,3000,500,1000,0,0,0,0,0,0,1,0,0,0,-46.14999771118164,1,120,8200,0,26.25,93.75,16,0,0,0,0,1000
8149,1010,25,3000,500,1000,0,0,0,0,0,0,1,0,0,0,-46.14999771118164,1,120,8200,0,26.25,93.75,16,0,0,0,0,1000
8150,1010,26,3000,500,1000,0,0,0,0,0,0,1,0,0,0,-46.14999771118164,1,120,8200,0,26.25,93.75,17,0,0,0,0,1000
8151,1010,27,3000,500,1000,0,0,0,0,0,0,1,0,0,0,-46.14999771118164,1,120,8200,0,26.25,93.75,17,0,0,0,0,1000
8152,1010,28,3000,500,1000,0,0,0,0,0,0,1,0,0,0,-46.14999771118164,1,120,8200,0,26.25,93.75,17,0,0,0,0,1000
8153,1010,29,3000,500,1000,0,0,0,0,0,0,1,0,0,0,-46.14999771118164,1,120,8200,0,26.25,93.75,17,0,0,0,0,1000
8154,1010,30,3000,500,1000,0,0,0,0,0,0,1,0,0,0,-46.14999771118164,1,120,8200,0,26.25,93.75,17,0,0,0,0,1000
8155,1010,31,3000,500,1000,0,0,0,0,0,0,1,0,0,0,-46.14999771118164,1,120,8200,0,26.25,93.75,17,0,0,0,0,1000
8156,1010,32,3000,500,1000,0,0,0,0,0,0,1,0,0,0,-46.14999771118164,1,120,8200,0,26.25,93.75,17,0,0,0,0,1000
8157,1010,33,3000,500,1000,0,0,0,0,0,0,1,0,0,0,-46.14999771118164,1,120,8200,0,26.25,93.75,17,0,0,0,0,1000
8158,1010,34,3000,500,1000,0,0,0,0,0,0,1,0,0,0,-46.14999771118164,1,120,8200,0,26.25,93.75,17,0,0,0,0,1000
8159,0,1,3000,500,1000,0,0,0,0,0,0,1,0,0,0,-46.14999771118164,1,120,8200,0,26.25,93.75,17,0,0,0,0,1000
8160,0,2,3000,500,1000,0,0,0,0,0,0,1,0,0,0,-46.14999771118164,1,120,8200,0,26.25,93.75,17,0,0,0,0,1000
8161,0,3,3000,500,1000,0,0,0,0,0,0,1,0,0,0,-46.14999771118164,1,120,8200,0,26.25,93.75,17,0,0,0,0,1000
8162,0,4,3000,500,1000,0,0,0,0,0,0,1,0,0,0,-46.14999771118164,1,120,8200,0,26.25,93.75,18,0,0,0,0,1000
8163,0,5,3000,500,1000,0,0,0,0,0,0,1,0,0,0,-46.14999771118164,1,120,8200,0,26.25,93.75,18,0,0,0,0,1000
8164,0,6,3000,500,1000,0,0,0,0,0,0,1,0,0,0,-46.14999771118164,1,120,8200,0,26.25,93.75,18,0,0,0,0,1000
8165,0,7,3000,500,1000,0,0,0,0,0,0,1,0,0,0,-46.14999771118164,1,120,8200,0,26.25,93.75,18,0,0,0,0,1000
8166,0,8,3000,500,1000,0,0,0,0,0,0,1,0,0,0,-46.14999771118164,1,120,8200,0,26.25,93.75,18,0,0,0,0,1000
8167,0,9,3000,500,1000,0,0,0,0,0,0,1,0,0,0,-46.14999771118164,1,120,8200,0,26.25,93.75,18,0,0,0,0,1000
8168,0,10,3000,500,1000,0,0,0,0,0,0,1,0,0,0,-46.14999771118164,1,120,8200,0,26.25,93.75,18,0,0,0,0,1000
8169,0,11,3000,500,1000,0,0,0,0,0,0,1,0,0,0,-46.14999771118164,1,120,8200,0,26.25,93.75,18,0,0,0,0,1000
8170,0,12,3000,500,1000,0,0,0,0,0,0,1,0,0,0,-46.14999771118164,1,120,8200,0,26.25,93.75,18,0,0,0,0,1000
8171,0,13,3000,500,1000,0,0,0,0,0,0,1,0,0,0,-46.14999771118164,1,120,8200,0,26.25,93.75,18,0,0,0,0,1000
8172,0,14,3000,500,1000,0,0,0,0,0,0,1,0,0,0,-46.14999771118164,1,120,8200,0,26.25,93.75,18,0,0,0,0,1000
8173,0,15,3000,500,1000,0,0,0,0,0,0,1,0,0,0,-46.14999771118164,1,120,8200,0,26.25,93.75,18,0,0,0,0,1000
8174,0,16,3000,500,1000,0,0,0,0,0,0,1,0,0,0,-46.14999771118164,1,120,8200,0,26.25,93.75,19,0,0,0,0,1000
8175,0,17,3000,500,1000,0,0,0,0,0,0,1,0,0,0,-46.14999771118164,1,120,8200,0,26.25,93.75,19,0,0,0,0,1000
8176,0,18,3000,500,1000,0,0,0,0,0,0,1,0,0,0,-46.14999771118164,1,120,8200,0,26.25,93.75,19,0,0,0,0,1000
8177,0,19,3000,500,1000,0,0,0,0,0,0,1,0,0,0,-46.14999771118164,1,120,8200,0,26.25,93.75,19,0,0,0,0,1000
8178,0,20,3000,500,1000,0,0,0,0,0,0,1,0,0,0,-46.14999771118164,1,120,8200,0,26.25,93.75,19,0,0,0,0,1000
8179,0,21,3000,500,1000,0,0,0,0,0,0,1,0,0,0,-46.14999771118164,1,120,8200,0,26.25,93.75,19,0,0,0,0,1000
8180,0,22,3000,500,1000,0,0,0,0,0,0,1,0,0,0,-46.14999771118164,1,120,8200,0,26.25,93.75,19,0,0,0,0,1000
8181,0,23,3000,500,1000,0,0,0,0,0,0,1,0,0,0,-46.14999771118164,1,120,8200,0,26.25,93.75,19,0,0,0,0,1000
8182,0,24,3000,500,1000,0,0,0,0,0,0,1,0,0,0,-46.14999771118164,1,120,8200,0,26.25,93.75,19,0,0,0,0,1000
8183,0,25,3000,500,1000,0,0,0,0,0,0,1,0,0,0,-46.14999771118164,1,120,8200,0,26.25,93.75,19,0,0,0,0,1000
8184,0,26,3000,500,1000,0,0,0,0,0,0,1,0,0,0,-46.14999771118164,1,120,8200,0,26.25,93.75,19,0,0,0,0,1000
8185,0,27,3000,500,1000,0,0,0,0,0,0,1,0,0,0,-46.14999771118164,1,120,8200,0,26.25,93.75,19,0,0,0,0,1000
8186,0,28,3000,500,1000,0,0,0,0,0,0,1,0,0,0,-46.14999771118164,1,120,8200,0,26.25,93.75,19,0,0,0,0,1000
8187,0,29,3000,500,1000,0,0,0,0,0,0,1,0,0,0,-46.14999771118164,1,120,8200,0,26.25,93.75,19,0,0,0,0,1000
8188,0,30,3000,500,1000,0,0,0,0,0,0,1,0,0,0,-46.14999771118164,1,120,8200,0,26.25,93.75,19,0,0,0,0,1000
8189,0,31,3000,500,1000,0,0,0,0,0,0,1,0,0,0,-46.14999771118164,1,120,8200,0,26.25,93.75,19,0,0,0,0,1000
8190,0,32,3000,500,1000,0,0,0,0,0,0,1,0,0,0,-46.14999771118164,1,120,8200,0,26.25,93.75,19,0,0,0,0,1000
8191,0,33,3000,500,1000,0,0,0,0,0,0,1,0,0,0,-46.14999771118164,1,120,8200,0,26.25,93.75,19,0,0,0,0,1000
8192,0,34,3000,500,1000,0,0,0,0,0,0,1,0,0,0,-46.14999771118164,1,120,8200,0,26.25,93.75,20,0,0,0,0,1000
8193,0,35,3000,500,1000,0,0,0,0,0,0,1,0,0,0,-46.14999771118164,1,120,8200,0,26.25,93.75,20,0,0,0,0,1000
8194,0,36,3000,500,1000,0,0,0,0,0,0,1,0,0,0,-46.14999771118164,1,120,8200,0,26.25,93.75,20,0,0,0,0,1000
8195,0,37,3000,500,1000,0,0,0,0,0,0,1,0,0,0,-46.14999771118164,1,120,8200,0,26.25,93.75,20,0,0,0,0,1000
8196,0,38,3000,500,1000,0,0,0,0,0,0,1,0,0,0,-46.14999771118164,1,120,8200,0,26.25,93.75,20,0,0,0,0,1000
8197,0,39,3000,500,1000,0,0,0,0,0,0,1,0,0,0,-46.14999771118164,1,120,8200,0,26.25,93.75,20,0,0,0,0,1000
8198,0,40,3000,500,1000,0,0,0,0,0,0,1,0,0,0,-46.14999771118164,1,120,8200,0,26.25,93.75,20,0,0,0,0,1000
8199,0,41,3000,500,1000,0,0,0,0,0,0,1,0,0,0,-46.14999771118164,1,120,8200,0,26.25,93.75,20,0,0,0,0,1000
8200,0,42,3000,500,1000,0,0,0,0,0,0,1,0,0,0,-46.14999771118164,1,120,8200,0,26.25,93.75,20,0,0,0,0,1000
8201,0,43,3000,500,1000,0,0,0,0,0,0,1,0,0,0,-46.14999771118164,1,120,8200,0,26.25,93.75,20,0,0,0,0,1000
8202,0,44,3000,500,1000,0,0,0,0,0,0,1,0,0,0,-46.14999771118164,1,120,8200,0,26.25,93.75,20,0,0,0,0,1000
8203,0,45,3000,500,1000,0,0,0,0,0,0,1,0,0,0,-46.14999771118164,1,120,8200,0,26.25,93.75,20,0,0,0,0,1000
8204,0,46,3000,500,1000,0,0,0,0,0,0,1,0,0,0,-46.14999771118164,1,120,8200,0,26.25,93.75,20,0,0,0,0,1000
8205,0,47,3000,500,1000,0,0,0,0,0,0,1,0,0,0,-46.14999771118164,1,120,8200,0,26.25,93.75,20,0,0,0,0,1000
8206,0,48,3000,500,1000,0,0,0,0,0,0,1,0,0,0,-46.14999771118164,1,120,8200,0,26.25,93.75,20,0,0,0,0,1000
8207,0,49,3000,500,1000,0,0,0,0,0,0,1,0,0,0,-46.14999771118164,1,120,8200,0,26.25,93.75,20,0,0,0,0,1000
8208,0,50,3000,500,1000,0,0,0,0,0,0,1,0,0,0,-46.14999771118164,1,120,8200,0,26.25,93.75,20,0,0,0,0,1000
8209,0,51,3000,500,1000,0,0,0,0,0,0,1,0,0,0,-46.14999771118164,1,120,8200,0,26.25,93.75,20,0,0,0,0,1000
8210,0,52,3000,500,1000,0,0,0,0,0,0,1,0,0,0,-46.14999771118164,1,120,8200,0,26.25,93.75,21,0,0,0,0,1000
8211,0,53,3000,500,1000,0,0,0,0,0,0,1,0,0,0,-46.14999771118164,1,120,8200,0,26.25,93.75,21,0,0,0,0,1000
8212,0,54,3000,500,1000,0,0,0,0,0,0,1,0,0,0,-46.14999771118164,1,120,8200,0,26.25,93.75,21,0,0,0,0,1000
8213,0,55,3000,500,1000,0,0,0,0,0,0,1,0,0,0,-46.14999771118164,1,120,8200,0,26.25,93.75,21,0,0,0,0,1000
8214,0,56,3000,500,1000,0,0,0,0,0,0,1,0,0,0,-46.14999771118164,1,120,8200,0,26.25,93.75,21,0,0,0,0,1000
8215,0,57,3000,500,1000,0,0,0,0,0,0,1,0,0,0,-46.14999771118164,1,120,8200,0,26.25,93.75,21,0,0,0,0,1000
8216,0,58,3000,500,1000,0,0,0,0,0,0,1,0,0,0,-46.14999771118164,1,120,8200,0,26.25,93.75,21,0,0,0,0,1000
8217,0,59,3000,500,1000,0,0,0,0,0,0,1,0,0,0,-46.14999771118164,1,120,8200,0,26.25,93.75,21,0,0,0,0,1000
8218,0,60,3000,500,1000,0,0,0,0,0,0,1,0,0,0,-46.14999771118164,1,120,8200,0,26.25,93.75,21,0,0,0,0,1000
8219,0,61,3000,500,1000,0,0,0,0,0,0,1,0,0,0,-46.14999771118164,1,120,8200,0,26.25,93.75,21,0,0,0,0,1000
8220,0,62,3000,500,1000,0,0,0,0,0,0,1,0,0,0,-46.14999771118164,1,120,8200,0,26.25,93.75,21,0,0,0,0,1000
8221,0,63,3000,500,1000,0,0,0,0,0,0,1,0,0,0,-46.14999771118164,1,120,8200,0,26.25,93.75,21,0,0,0,0,1000
8222,0,64,3000,500,1000,0,0,0,0,0,0,1,0,0,0,-46.14999771118164,1,120,8200,0,26.25,93.75,21,0,0,0,0,1000
8223,0,65,3000,500,1000,0,0,0,0,0,0,1,0,0,0,-46.14999771118164,1,120,8200,0,26.25,93.75,21,0,0,0,0,1000
8224,0,66,3000,500,1000,0,0,0,0,0,0,1,0,0,0,-46.14999771118164,1,120,8200,0,26.25,93.75,21,0,0,0,0,1000
8225,0,67,3000,500,1000,0,0,0,0,0,0,1,0,0,0,-46.14999771118164,1,120,8200,0,26.25,93.75,21,0,0,0,0,1000
8226,0,68,3000,500,1000,0,0,0,0,0,0,1,0,0,0,-46.14999771118164,1,120,8200,0,26.25,93.75,21,0,0,0,0,1000
8227,0,69,3000,500,1000,0,0,0,0,0,0,1,0,0,0,-46.14999771118164,1,120,8200,0,26.25,93.75,21,0,0,0,0,1000
8228,0,70,3000,500,1000,0,0,0,0,0,0,1,0,0,0,-46.14999771118164,1,120,8200,0,26.25,93.75,21,0,0,0,0,1000
8229,0,71,3000,500,1000,0,0,0,0,0,0,1,0,0,0,-46.14999771118164,1,120,8200,0,26.25,93.75,21,0,0,0,0,1000
8230,0,72,3000,500,1000,0,0,0,0,0,0,1,0,0,0,-46.14999771118164,1,120,8200,0,26.25,93.75,21,0,0,0,0,1000
8231,0,73,3000,500,1000,0,0,0,0,0,0,1,0,0,0,-46.14999771118164,1,120,8200,0,26.25,93.75,21,0,0,0,0,1000
8232,0,74,3000,500,1000,0,0,0,0,0,0,1,0,0,0,-46.14999771118164,1,120,8200,0,26.25,93.75,21,0,0,0,0,1000
8233,0,75,3000,500,1000,0,0,0,0,0,0,1,0,0,0,-46.14999771118164,1,120,8200,0,26.25,93.75,21,0,0,0,0,1000
8234,0,76,3000,500,1000,0,0,0,0,0,0,1,0,0,0,-46.14999771118164,1,120,8200,0,26.25,93.75,21,0,0,0,0,1000
8235,0,77,3000,500,1000,0,0,0,0,0,0,1,0,0,0,-46.14999771118164,1,120,8200,0,26.25,93.75,21,0,0,0,0,1000
8236,0,78,3000,500,1000,0,0,0,0,0,0,1,0,0,0,-46.14999771118164,1,120,8200,0,26.25,93.75,21,0,0,0,0,1000
8237,0,79,3000,500,1000,0,0,0,0,0,0,1,0,0,0,-46.14999771118164,1,120,8200,0,26.25,93.75,21,0,0,0,0,1000
8238,0,80,3000,500,1000,0,0,0,0,0,0,1,0,0,0,-46.14999771118164,1,120,8200,0,26.25,93.75,21,0,0,0,0,1000
8239,0,81,3000,500,1000,0,0,0,0,0,0,1,0,0,0,-46.14999771118164,1,120,8200,0,26.25,93.75,21,0,0,0,0,1000
8240,0,82,3000,500,1000,0,0,0,0,0,0,1,0,0,0,-46.14999771118164,1,120,8200,0,26.25,93.75,21,0,0,0,0,1000
8241,0,83,3000,500,1000,0,0,0,0,0,0,1,0,0,0,-46.14999771118164,1,120,8200,0,26.25,93.75,21,0,0,0,0,1000
8242,0,84,3000,500,1000,0,0,0,0,0,0,1,0,0,0,-46.14999771118164,1,120,8200,0,26.25,93.75,21,0,0,0,0,1000
8243,0,85,3000,500,1000,0,0,0,0,0,0,1,0,0,0,-46.14999771118164,1,120,8200,0,26.25,93.75,21,0,0,0,0,1000
8244,0,86,3000,500,1000,0,0,0,0,0,0,1,0,0,0,-46.14999771118164,1,120,8200,0,26.25,93.75,21,0,0,0,0,1000
8245,0,87,3000,500,1000,0,0,0,0,0,0,1,0,0,0,-46.14999771118164,1,120,8200,0,26.25,93.75,21,0,0,0,0,1000
8246,0,88,3000,500,1000,0,0,0,0,0,0,1,0,0,0,-46.14999771118164,1,120,8200,0,26.25,93.75,22,0,0,0,0,1000
8247,0,89,3000,500,1000,0,0,0,0,0,0,1,0,0,0,-46.14999771118164,1,120,8200,0,26.25,93.75,22,0,0,0,0,1000
8248,0,90,3000,500,1000,0,0,0,0,0,0,1,0,0,0,-46.14999771118164,1,120,8200,0,26.25,93.75,22,0,0,0,0,1000
8249,0,91,3000,500,1000,0,0,0,0,0,0,1,0,0,0,-46.14999771118164,1,120,8200,0,26.25,93.75,22,0,0,0,0,1000
8250,0,92,3000,500,1000,0,0,0,0,0,0,1,0,0,0,-46.14999771118164,1,120,8200,0,26.25,93.75,22,0,0,0,0,1000
8251,0,93,3000,500,1000,0,0,0,0,0,0,1,0,0,0,-46.14999771118164,1,120,8200,0,26.25,93.75,22,0,0,0,0,1000
8252,0,94,3000,500,1000,0,0,0,0,0,0,1,0,0,0,-46.14999771118164,1,120,8200,0,26.25,93.75,22,0,0,0,0,1000
8253,0,95,3000,500,1000,0,0,0,0,0,0,1,0,0,0,-46.14999771118164,1,120,8200,0,26.25,93.75,22,0,0,0,0,1000
8254,0,96,3000,500,1000,0,0,0,0,0,0,1,0,0,0,-46.14999771118164,1,120,8200,0,26.25,93.75,22,0,0,0,0,1000
8255,0,97,3000,500,1000,0,0,0,0,0,0,1,0,0,0,-46.14999771118164,1,120,8200,0,26.25,93.75,22,0,0,0,0,1000
8256,0,98,3000,500,1000,0,0,0,0,0,0,1,0,0,0,-46.14999771118164,1,120,8200,0,26.25,93.75,22,0,0,0,0,1000
8257,0,99,3000,500,1000,0,0,0,0,0,0,1,0,0,0,-46.14999771118164,1,120,8200,0,26.25,93.75,22,0,0,0,0,1000
8258,0,100,3000,500,1000,0,0,0,0,0,0,1,0,0,0,-46.14999771118164,1,120,8200,0,26.25,93.75,22,0,0,0,0,1000
8259,0,101,3000,500,1000,0,0,0,0,0,0,1,0,0,0,-46.14999771118164,1,120,8200,0,26.25,93.75,22,0,0,0,0,1000
8260,0,102,3000,500,1000,0,0,0,0,0,0,1,0,0,0,-46.14999771118164,1,120,8200,0,26.25,93.75,22,0,0,0,0,1000
8261,0,103,3000,500,1000,0,0,0,0,0,0,1,0,0,0,-46.14999771118164,1,120,8200,0,26.25,93.75,22,0,0,0,0,1000
8262,0,104,3000,500,1000,0,0,0,0,0,0,1,0,0,0,-46.14999771118164,1,120,8200,0,26.25,93.75,22,0,0,0,0,1000
8263,0,105,3000,500,1000,0,0,0,0,0,0,1,0,0,0,-46.14999771118164,1,120,8200,0,26.25,93.75,22,0,0,0,0,1000
8264,0,106,3000,500,1000,0,0,0,0,0,0,1,0,0,0,-46.14999771118164,1,120,8200,0,26.25,93.75,22,0,0,0,0,1000
8265,0,107,3000,500,1000,0,0,0,0,0,0,1,0,0,0,-46.14999771118164,1,120,8200,0,26.25,93.75,22,0,0,0,0,1000
8266,0,108,3000,500,1000,0,0,0,0,0,0,1,0,0,0,-46.14999771118164,1,120,8200,0,26.25,93.75,22,0,0,0,0,1000
8267,0,109,3000,500,1000,0,0,0,0,0,0,1,0,0,0,-46.14999771118164,1,120,8200,0,26.25,93.75,22,0,0,0,0,1000
8268,0,110,3000,500,1000,0,0,0,0,0,0,1,0,0,0,-46.14999771118164,1,120,8200,0,26.25,93.75,22,0,0,0,0,1000
8269,0,111,3000,500,1000,0,0,0,0,0,0,1,0,0,0,-46.14999771118164,1,120,8200,0,26.25,93.75,22,0,0,0,0,1000
8270,0,112,3000,500,1000,0,0,0,0,0,0,1,0,0,0,-46.14999771118164,1,120,8200,0,26.25,93.75,22,0,0,0,0,1000
8271,0,113,3000,500,1000,0,0,0,0,0,0,1,0,0,0,-46.14999771118164,1,120,8200,0,26.25,93.75,22,0,0,0,0,1000
8272,0,114,3000,500,1000,0,0,0,0,0,0,1,0,0,0,-46.14999771118164,1,120,8200,0,26.25,93.75,22,0,0,0,0,1000
8273,0,115,3000,500,1000,0,0,0,0,0,0,1,0,0,0,-46.14999771118164,1,120,8200,0,26.25,93.75,22,0,0,0,0,1000
8274,0,116,3000,500,1000,0,0,0,0,0,0,1,0,0,0,-46.14999771118164,1,120,8200,0,26.25,93.75,22,0,0,0,0,1000
8275,0,117,3000,500,1000,0,0,0,0,0,0,1,0,0,0,-46.14999771118164,1,120,8200,0,26.25,93.75,22,0,0,0,0,1000
8276,0,118,3000,500,1000,0,0,0,0,0,0,1,0,0,0,-46.14999771118164,1,120,8200,0,26.25,93.75,22,0,0,0,0,1000
8277,0,119,3000,500,1000,0,0,0,0,0,0,1,0,0,0,-46.14999771118164,1,120,8200,0,26.25,93.75,22,0,0,0,0,1000
8278,0,120,3000,500,1000,0,0,0,0,0,0,1,0,0,0,-46.14999771118164,1,120,8200,0,26.25,93.75,22,0,0,0,0,1000
8279,0,121,3000,500,1000,0,0,0,0,0,0,1,0,0,0,-46.14999771118164,1,120,8200,0,26.25,93.75,22,0,0,0,0,1000
8280,0,122,3000,500,1000,0,0,0,0,0,0,1,0,0,0,-46.14999771118164,1,120,8200,0,26.25,93.75,22,0,0,0,0,1000
8281,0,123,3000,500,1000,0,0,0,0,0,0,1,0,0,0,-46.14999771118164,1,120,8200,0,26.25,93.75,22,0,0,0,0,1000
8282,0,124,3000,500,1000,0,0,0,0,0,0,1,0,0,0,-46.14999771118164,1,120,8200,0,26.25,93.75,23,0,0,0,0,1000
8283,0,125,3000,500,1000,0,0,0,0,0,0,1,0,0,0,-46.14999771118164,1,120,8200,0,26.25,93.75,23,0,0,0,0,1000
8284,0,126,3000,500,1000,0,0,0,0,0,0,1,0,0,0,-46.14999771118164,1,120,8200,0,26.25,93.75,23,0,0,0,0,1000
8285,0,127,3000,500,1000,0,0,0,0,0,0,1,0,0,0,-46.14999771118164,1,120,8200,0,26.25,93.75,23,0,0,0,0,1000
8286,0,128,3000,500,1000,0,0,0,0,0,0,1,0,0,0,-46.14999771118164,1,120,8200,0,26.25,93.75,23,0,0,0,0,1000
8287,0,129,3000,500,1000,0,0,0,0,0,0,1,0,0,0,-46.14999771118164,1,120,8200,0,26.25,93.75,23,0,0,0,0,1000
8288,0,130,3000,500,1000,0,0,0,0,0,0,1,0,0,0,-46.14999771118164,1,120,8200,0,26.25,93.75,23,0,0,0,0,1000
8289,0,131,3000,500,1000,0,0,0,0,0,0,1,0,0,0,-46.14999771118164,1,120,8200,0,26.25,93.75,23,0,0,0,0,1000
8290,0,132,3000,500,1000,0,0,0,0,0,0,1,0,0,0,-46.14999771118164,1,120,8200,0,26.25,93.75,23,0,0,0,0,1000
8291,0,133,3000,500,1000,0,0,0,0,0,0,1,0,0,0,-46.14999771118164,1,120,8200,0,26.25,93.75,23,0,0,0,0,1000
8292,0,134,3000,500,1000,0,0,0,0,0,0,1,0,0,0,-46.14999771118164,1,120,8200,0,26.25,93.75,23,0,0,0,0,1000
8293,0,135,3000,500,1000,0,0,0,0,0,0,1,0,0,0,-46.14999771118164,1,120,8200,0,26.25,93.75,23,0,0,0,0,1000
8294,0,136,3000,500,1000,0,0,0,0,0,0,1,0,0,0,-46.14999771118164,1,120,8200,0,26.25,93.75,23,0,0,0,0,1000
8295,0,137,3000,500,1000,0,0,0,0,0,0,1,0,0,0,-46.14999771118164,1,120,8200,0,26.25,93.75,23,0,0,0,0,1000
8296,0,138,3000,500,1000,0,0,0,0,0,0,1,0,0,0,-46.14999771118164,1,120,8200,0,26.25,93.75,23,0,0,0,0,1000
8297,0,139,3000,500,1000,0,0,0,0,0,0,1,0,0,0,-46.14999771118164,1,120,8200,0,26.25,93.75,23,0,0,0,0,1000
8298,0,140,3000,500,1000,0,0,0,0,0,0,1,0,0,0,-46.14999771118164,1,120,8200,0,26.25,93.75,23,0,0,0,0,1000
8299,0,141,3000,500,1000,0,0,0,0,0,0,1,0,0,0,-46.14999771118164,1,120,8200,0,26.25,93.75,23,0,0,0,0,1000
8300,0,142,3000,500,1000,0,0,0,0,0,0,1,0,0,0,-46.14999771118164,1,120,8200,0,26.25,93.75,23,0,0,0,0,1000
8301,0,143,3000,500,1000,0,0,0,0,0,0,1,0,0,0,-46.14999771118164,1,120,8200,0,26.25,93.75,23,0,0,0,0,1000
8302,0,144,3000,500,1000,0,0,0,0,0,0,1,0,0,0,-46.14999771118164,1,120,8200,0,26.25,93.75,23,0,0,0,0,1000
8303,0,145,3000,500,1000,0,0,0,0,0,0,1,0,0,0,-46.14999771118164,1,120,8200,0,26.25,93.75,23,0,0,0,0,1000
8304,0,146,3000,500,1000,0,0,0,0,0,0,1,0,0,0,-46.14999771118164,1,120,8200,0,26.25,93.75,23,0,0,0,0,1000
8305,0,147,3000,500,1000,0,0,0,0,0,0,1,0,0,0,-46.14999771118164,1,120,8200,0,26.25,93.75,23,0,0,0,0,1000
8306,0,148,3000,500,1000,0,0,0,0,0,0,1,0,0,0,-46.14999771118164,1,120,8200,0,26.25,93.75,23,0,0,0,0,1000
8307,0,149,3000,500,1000,0,0,0,0,0,0,1,0,0,0,-46.14999771118164,1,120,8200,0,26.25,93.75,23,0,0,0,0,1000
8308,0,150,3000,500,1000,0,0,0,0,0,0,1,0,0,0,-46.14999771118164,1,120,8200,0,26.25,93.75,23,0,0,0,0,1000
8309,0,151,3000,500,1000,0,0,0,0,0,0,1,0,0,0,-46.14999771118164,1,120,8200,0,26.25,93.75,23,0,0,0,0,1000
8310,0,152,3000,500,1000,0,0,0,0,0,0,1,0,0,0,-46.14999771118164,1,120,8200,0,26.25,93.75,23,0,0,0,0,1000
8311,0,153,3000,500,1000,0,0,0,0,0,0,1,0,0,0,-46.14999771118164,1,120,8200,0,26.25,93.75,23,0,0,0,0,1000
8312,0,154,3000,500,1000,0,0,0,0,0,0,1,0,0,0,-46.14999771118164,1,120,8200,0,26.25,93.75,23,0,0,0,0,1000
8313,0,155,3000,500,1000,0,0,0,0,0,0,1,0,0,0,-46.14999771118164,1,120,8200,0,26.25,93.75,23,0,0,0,0,1000
8314,0,156,3000,500,1000,0,0,0,0,0,0,1,0,0,0,-46.14999771118164,1,120,8200,0,26.25,93.75,23,0,0,0,0,1000
8315,0,157,3000,500,1000,0,0,0,0,0,0,1,0,0,0,-46.14999771118164,1,120,8200,0,26.25,93.75,23,0,0,0,0,1000
8316,0,158,3000,500,1000,0,0,0,0,0,0,1,0,0,0,-46.14999771118164,1,120,8200,0,26.25,93.75,23,0,0,0,0,1000
8317,0,159,3000,500,1000,0,0,0,0,0,0,1,0,0,0,-46.14999771118164,1,120,8200,0,26.25,93.75,23,0,0,0,0,1000
8318,0,160,3000,500,1000,0,0,0,0,0,0,1,0,0,0,-46.14999771118164,1,120,8200,0,26.25,93.75,24,0,0,0,0,1000
8319,0,161,3000,500,1000,0,0,0,0,0,0,1,0,0,0,-46.14999771118164,1,120,8200,0,26.25,93.75,24,0,0,0,0,1000
8320,0,162,3000,500,1000,0,0,0,0,0,0,1,0,0,0,-46.14999771118164,1,120,8200,0,26.25,93.75,24,0,0,0,0,1000
8321,0,163,3000,500,1000,0,0,0,0,0,0,1,0,0,0,-46.14999771118164,1,120,8200,0,26.25,93.75,24,0,0,0,0,1000
8322,0,164,3000,500,1000,0,0,0,0,0,0,1,0,0,0,-46.14999771118164,1,120,8200,0,26.25,93.75,24,0,0,0,0,1000
8323,0,165,3000,500,1000,0,0,0,0,0,0,1,0,0,0,-46.14999771118164,1,120,8200,0,26.25,93.75,24,0,0,0,0,1000
8324,0,166,3000,500,1000,0,0,0,0,0,0,1,0,0,0,-46.14999771118164,1,120,8200,0,26.25,93.75,24,0,0,0,0,1000
8325,0,167,3000,500,1000,0,0,0,0,0,0,1,0,0,0,-46.14999771118164,1,120,8200,0,26.25,93.75,24,0,0,0,0,1000
8326,0,168,3000,500,1000,0,0,0,0,0,0,1,0,0,0,-46.14999771118164,1,120,8200,0,26.25,93.75,24,0,0,0,0,1000
8327,0,169,3000,500,1000,0,0,0,0,0,0,1,0,0,0,-46.14999771118164,1,120,8200,0,26.25,93.75,24,0,0,0,0,1000
8328,0,170,3000,500,1000,0,0,0,0,0,0,1,0,0,0,-46.14999771118164,1,120,8200,0,26.25,93.75,24,0,0,0,0,1000
8329,0,171,3000,500,1000,0,0,0,0,0,0,1,0,0,0,-46.14999771118164,1,120,8200,0,26.25,93.75,24,0,0,0,0,1000
8330,0,172,3000,500,1000,0,0,0,0,0,0,1,0,0,0,-46.14999771118164,1,120,8200,0,26.25,93.75,24,0,0,0,0,1000
8331,0,173,3000,500,1000,0,0,0,0,0,0,1,0,0,0,-46.14999771118164,1,120,8200,0,26.25,93.75,24,0,0,0,0,1000
8332,0,174,3000,500,1000,0,0,0,0,0,0,1,0,0,0,-46.14999771118164,1,120,8200,0,26.25,93.75,24,0,0,0,0,1000
8333,0,175,3000,500,1000,0,0,0,0,0,0,1,0,0,0,-46.14999771118164,1,120,8200,0,26.25,93.75,24,0,0,0,0,1000
8334,0,176,3000,500,1000,0,0,0,0,0,0,1,0,0,0,-46.14999771118164,1,120,8200,0,26.25,93.75,24,0,0,0,0,1000
8335,0,177,3000,500,1000,0,0,0,0,0,0,1,0,0,0,-46.14999771118164,1,120,8200,0,26.25,93.75,24,0,0,0,0,1000
8336,0,178,3000,500,1000,0,0,0,0,0,0,1,0,0,0,-46.14999771118164,1,120,8200,0,26.25,93.75,1,0,0,0,0,1000
8337,0,179,3000,500,1000,0,0,0,0,0,0,1,0,0,0,-46.14999771118164,1,120,8200,0,26.25,93.75,1,0,0,0,0,1000
8338,0,180,3000,500,1000,0,0,0,0,0,0,1,0,0,0,-46.14999771118164,1,120,8200,0,26.25,93.75,1,0,0,0,0,1000
8339,0,181,3000,500,1000,0,0,0,0,0,0,1,0,0,0,-46.14999771118164,1,120,8200,0,26.25,93.75,1,0,0,0,0,1000
8340,0,182,3000,500,1000,0,0,0,0,0,0,1,0,0,0,-46.14999771118164,1,120,8200,0,26.25,93.75,1,0,0,0,0,1000
8341,0,183,3000,500,1000,0,0,0,0,0,0,1,0,0,0,-46.14999771118164,1,120,8200,0,26.25,93.75,1,0,0,0,0,1000
8342,0,184,3000,500,1000,0,0,0,0,0,0,1,0,0,0,-46.14999771118164,1,120,8200,0,26.25,93.75,1,0,0,0,0,1000
8343,0,185,3000,500,1000,0,0,0,0,0,0,1,0,0,0,-46.14999771118164,1,120,8200,0,26.25,93.75,1,0,0,0,0,1000
8344,0,186,3000,500,1000,0,0,0,0,0,0,1,0,0,0,-46.14999771118164,1,120,8200,0,26.25,93.75,1,0,0,0,0,1000
8345,0,187,3000,500,1000,0,0,0,0,0,0,1,0,0,0,-46.14999771118164,1,120,8200,0,26.25,93.75,1,0,0,0,0,1000
8346,0,188,3000,500,1000,0,0,0,0,0,0,1,0,0,0,-46.14999771118164,1,120,8200,0,26.25,93.75,1,0,0,0,0,1000
8347,0,189,3000,500,1000,0,0,0,0,0,0,1,0,0,0,-46.14999771118164,1,120,8200,0,26.25,93.75,1,0,0,0,0,1000
8348,0,190,3000,500,1000,0,0,0,0,0,0,1,0,0,0,-46.14999771118164,1,120,8200,0,26.25,93.75,2,0,0,0,0,1000
8349,0,191,3000,500,1000,0,0,0,0,0,0,1,0,0,0,-46.14999771118164,1,120,8200,0,26.25,93.75,2,0,0,0,0,1000
8350,0,192,3000,500,1000,0,0,0,0,0,0,1,0,0,0,-46.14999771118164,1,120,8200,0,26.25,93.75,2,0,0,0,0,1000
8351,0,193,3000,500,1000,0,0,0,0,0,0,1,0,0,0,-46.14999771118164,1,120,8200,0,26.25,93.75,2,0,0,0,0,1000
8352,0,194,3000,500,1000,0,0,0,0,0,0,1,0,0,0,-46.14999771118164,1,120,8200,0,26.25,93.75,2,0,0,0,0,1000
8353,0,195,3000,500,1000,0,0,0,0,0,0,1,0,0,0,-46.14999771118164,1,120,8200,0,26.25,93.75,2,0,0,0,0,1000
8354,0,196,3000,500,1000,0,0,0,0,0,0,1,0,0,0,-46.14999771118164,1,120,8200,0,26.25,93.75,2,0,0,0,0,1000
8355,0,197,3000,500,1000,0,0,0,0,0,0,1,0,0,0,-46.14999771118164,1,120,8200,0,26.25,93.75,2,0,0,0,0,1000
8356,0,198,3000,500,1000,0,0,0,0,0,0,1,0,0,0,-46.14999771118164,1,120,8200,0,26.25,93.75,2,0,0,0,0,1000
8357,0,199,3000,500,1000,0,0,0,0,0,0,1,0,0,0,-46.14999771118164,1,120,8200,0,26.25,93.75,2,0,0,0,0,1000
8358,0,200,3000,500,1000,0,0,0,0,0,0,1,0,0,0,-46.14999771118164,1,120,8200,0,26.25,93.75,2,0,0,0,0,1000
8359,0,201,3000,500,1000,0,0,0,0,0,0,1,0,0,0,-46.14999771118164,1,120,8200,0,26.25,93.75,2,0,0,0,0,1000
8360,0,202,3000,500,1000,0,0,0,0,0,0,1,0,0,0,-46.14999771118164,1,120,8200,0,26.25,93.75,3,0,0,0,0,1000
8361,0,203,3000,500,1000,0,0,0,0,0,0,1,0,0,0,-46.14999771118164,1,120,8200,0,26.25,93.75,3,0,0,0,0,1000
8362,0,204,3000,500,1000,0,0,0,0,0,0,1,0,0,0,-46.14999771118164,1,120,8200,0,26.25,93.75,3,0,0,0,0,1000
8363,0,205,3000,500,1000,0,0,0,0,0,0,1,0,0,0,-46.14999771118164,1,120,8200,0,26.25,93.75,3,0,0,0,0,1000
8364,0,206,3000,500,1000,0,0,0,0,0,0,1,0,0,0,-46.14999771118164,1,120,8200,0,26.25,93.75,3,0,0,0,0,1000
8365,0,207,3000,500,1000,0,0,0,0,0,0,1,0,0,0,-46.14999771118164,1,120,8200,0,26.25,93.75,3,0,0,0,0,1000
8366,0,208,3000,500,1000,0,0,0,0,0,0,1,0,0,0,-46.14999771118164,1,120,8200,0,26.25,93.75,3,0,0,0,0,1000
8367,0,209,3000,500,1000,0,0,0,0,0,0,1,0,0,0,-46.14999771118164,1,120,8200,0,26.25,93.75,3,0,0,0,0,1000
8368,0,210,3000,500,1000,0,0,0,0,0,0,1,0,0,0,-46.14999771118164,1,120,8200,0,26.25,93.75,3,0,0,0,0,1000
8369,0,211,3000,500,1000,0,0,0,0,0,0,1,0,0,0,-46.14999771118164,1,120,8200,0,26.25,93.75,3,0,0,0,0,1000
8370,0,212,3000,500,1000,0,0,0,0,0,0,1,0,0,0,-46.14999771118164,1,120,8200,0,26.25,93.75,3,0,0,0,0,1000
8371,0,213,3000,500,1000,0,0,0,0,0,0,1,0,0,0,-46.14999771118164,1,120,8200,0,26.25,93.75,3,0,0,0,0,1000
8372,0,214,3000,500,1000,0,0,0,0,0,0,1,0,0,0,-46.14999771118164,1,120,8200,0,26.25,93.75,4,0,0,0,0,1000
8373,0,215,3000,500,1000,0,0,0,0,0,0,1,0,0,0,-46.14999771118164,1,120,8200,0,26.25,93.75,4,0,0,0,0,1000
8374,0,216,3000,500,1000,0,0,0,0,0,0,1,0,0,0,-46.14999771118164,1,120,8200,0,26.25,93.75,4,0,0,0,0,1000
8375,0,217,3000,500,1000,0,0,0,0,0,0,1,0,0,0,-46.14999771118164,1,120,8200,0,26.25,93.75,4,0,0,0,0,1000
8376,0,218,3000,500,1000,0,0,0,0,0,0,1,0,0,0,-46.14999771118164,1,120,8200,0,26.25,93.75,4,0,0,0,0,1000
8377,0,219,3000,500,1000,0,0,0,0,0,0,1,0,0,0,-46.14999771118164,1,120,8200,0,26.25,93.75,4,0,0,0,0,1000
8378,0,220,3000,500,1000,0,0,0,0,0,0,1,0,0,0,-46.14999771118164,1,120,8200,0,26.25,93.75,4,0,0,0,0,1000
8379,0,221,3000,500,1000,0,0,0,0,0,0,1,0,0,0,-46.14999771118164,1,120,8200,0,26.25,93.75,4,0,0,0,0,1000
8380,0,222,3000,500,1000,0,0,0,0,0,0,1,0,0,0,-46.14999771118164,1,120,8200,0,26.25,93.75,4,0,0,0,0,1000
8381,0,223,3000,500,1000,0,0,0,0,0,0,1,0,0,0,-46.14999771118164,1,120,8200,0,26.25,93.75,4,0,0,0,0,1000
8382,0,224,3000,500,1000,0,0,0,0,0,0,1,0,0,0,-46.14999771118164,1,120,8200,0,26.25,93.75,4,0,0,0,0,1000
8383,0,225,3000,500,1000,0,0,0,0,0,0,1,0,0,0,-46.14999771118164,1,120,8200,0,26.25,93.75,4,0,0,0,0,1000
8384,0,226,3000,500,1000,0,0,0,0,0,0,1,0,0,0,-46.14999771118164,1,120,8200,0,26.25,93.75,5,0,0,0,0,1000
8385,0,227,3000,500,1000,0,0,0,0,0,0,1,0,0,0,-46.14999771118164,1,120,8200,0,26.25,93.75,5,0,0,0,0,1000
8386,0,228,3000,500,1000,0,0,0,0,0,0,1,0,0,0,-46.14999771118164,1,120,8200,0,26.25,93.75,5,0,0,0,0,1000
8387,0,229,3000,500,1000,0,0,0,0,0,0,1,0,0,0,-46.14999771118164,1,120,8200,0,26.25,93.75,5,0,0,0,0,1000
8388,0,230,3000,500,1000,0,0,0,0,0,0,1,0,0,0,-46.14999771118164,1,120,8200,0,26.25,93.75,5,0,0,0,0,1000
8389,0,231,3000,500,1000,0,0,0,0,0,0,1,0,0,0,-46.14999771118164,1,120,8200,0,26.25,93.75,5,0,0,0,0,1000
8390,0,232,3000,500,1000,0,0,0,0,0,0,1,0,0,0,-46.14999771118164,1,120,8200,0,26.25,93.75,5,0,0,0,0,1000
8391,0,233,3000,500,1000,0,0,0,0,0,0,1,0,0,0,-46.14999771118164,1,120,8200,0,26.25,93.75,5,0,0,0,0,1000
8392,0,234,3000,500,1000,0,0,0,0,0,0,1,0,0,0,-46.14999771118164,1,120,8200,0,26.25,93.75,5,0,0,0,0,1000
8393,0,235,3000,500,1000,0,0,0,0,0,0,1,0,0,0,-46.14999771118164,1,120,8200,0,26.25,93.75,5,0,0,0,0,1000
8394,0,236,3000,500,1000,0,0,0,0,0,0,1,0,0,0,-46.14999771118164,1,120,8200,0,26.25,93.75,5,0,0,0,0,1000
8395,0,237,3000,500,1000,0,0,0,0,0,0,1,0,0,0,-46.14999771118164,1,120,8200,0,26.25,93.75,5,0,0,0,0,1000
8396,0,238,3000,500,1000,0,0,0,0,0,0,1,0,0,0,-46.14999771118164,1,120,8200,0,26.25,93.75,6,0,0,0,0,1000
8397,0,239,3000,500,1000,0,0,0,0,0,0,1,0,0,0,-46.14999771118164,1,120,8200,0,26.25,93.75,6,0,0,0,0,1000
8398,0,240,3000,500,1000,0,0,0,0,0,0,1,0,0,0,-46.14999771118164,1,120,8200,0,26.25,93.75,6,0,0,0,0,1000
8399,0,241,3000,500,1000,0,0,0,0,0,0,1,0,0,0,-46.14999771118164,1,120,8200,0,26.25,93.75,6,0,0,0,0,1000
8400,0,242,3000,500,1000,0,0,0,0,0,0,1,0,0,0,-46.14999771118164,1,120,8200,0,26.25,93.75,6,0,0,0,0,1000
8401,0,243,3000,500,1000,0,0,0,0,0,0,1,0,0,0,-46.14999771118164,1,120,8200,0,26.25,93.75,6,0,0,0,0,1000
8402,0,244,3000,500,1000,0,0,0,0,0,0,1,0,0,0,-46.14999771118164,1,120,8200,0,26.25,93.75,6,0,0,0,0,1000
8403,0,245,3000,500,1000,0,0,0,0,0,0,1,0,0,0,-46.14999771118164,1,120,8200,0,26.25,93.75,6,0,0,0,0,1000
8404,0,246,3000,500,1000,0,0,0,0,0,0,1,0,0,0,-46.14999771118164,1,120,8200,0,26.25,93.75,6,0,0,0,0,1000
8405,0,247,3000,500,1000,0,0,0,0,0,0,1,0,0,0,-46.14999771118164,1,120,8200,0,26.25,93.75,6,0,0,0,0,1000
8406,0,248,3000,500,1000,0,0,0,0,0,0,1,0,0,0,-46.14999771118164,1,120,8200,0,26.25,93.75,6,0,0,0,0,1000
8407,0,249,3000,500,1000,0,0,0,0,0,0,1,0,0,0,-46.14999771118164,1,120,8200,0,26.25,93.75,6,0,0,0,0,1000
8408,0,250,3000,500,1000,0,0,0,0,0,0,1,0,0,0,-46.14999771118164,1,120,8200,0,26.25,93.75,7,0,0,0,0,1000
8409,0,251,3000,500,1000,0,0,0,0,0,0,1,0,0,0,-46.14999771118164,1,120,8200,0,26.25,93.75,7,0,0,0,0,1000
8410,0,1,3000,500,1000,0,0,0,0,0,0,1,0,0,0,-51.25,1,120,8200,0,26.25,93.75,7,0,0,0,0,1000
8411,0,2,3000,500,1000,0,0,0,0,0,0,1,0,0,0,-51.25,1,120,8200,0,26.25,93.75,7,0,0,0,0,1000
8412,0,3,3000,500,1000,0,0,0,0,0,0,1,0,0,0,-51.25,1,120,8200,0,26.25,93.75,7,0,0,0,0,1000
8413,0,4,3000,500,1000,0,0,0,0,0,0,1,0,0,0,-51.25,1,120,8200,0,26.25,93.75,7,0,0,0,0,1000
8414,0,5,3000,500,1000,0,0,0,0,0,0,1,0,0,0,-51.25,1,120,8200,0,26.25,93.75,7,0,0,0,0,1000
8415,0,6,3000,500,1000,0,0,0,0,0,0,1,0,0,0,-51.25,1,120,8200,0,26.25,93.75,7,0,0,0,0,1000
8416,0,7,3000,500,1000,0,0,0,0,0,0,1,0,0,0,-51.25,1,120,8200,0,26.25,93.75,7,0,0,0,0,1000
8417,0,8,3000,500,1000,0,0,0,0,0,0,1,0,0,0,-51.25,1,120,8200,0,26.25,93.75,7,0,0,0,0,1000
8418,0,9,3000,500,1000,0,0,0,0,0,0,1,0,0,0,-51.25,1,120,8200,0,26.25,93.75,7,0,0,0,0,1000
8419,0,10,3000,500,1000,0,0,0,0,0,0,1,0,0,0,-51.25,1,120,8200,0,26.25,93.75,7,0,0,0,0,1000
8420,0,11,3000,500,1000,0,0,0,0,0,0,1,0,0,0,-51.25,1,120,8200,0,26.25,93.75,8,0,0,0,0,1000
8421,0,12,3000,500,1000,0,0,0,0,0,0,1,0,0,0,-51.25,1,120,8200,0,26.25,93.75,8,0,0,0,0,1000
8422,0,13,3000,500,1000,0,0,0,0,0,0,1,0,0,0,-51.25,1,120,8200,0,26.25,93.75,8,0,0,0,0,1000
8423,0,14,3000,500,1000,0,0,0,0,0,0,1,0,0,0,-51.25,1,120,8200,0,26.25,93.75,8,0,0,0,0,1000
8424,0,15,3000,500,1000,0,0,0,0,0,0,1,0,0,0,-51.25,1,120,8200,0,26.25,93.75,8,0,0,0,0,1000
8425,0,16,3000,500,1000,0,0,0,0,0,0,1,0,0,0,-51.25,1,120,8200,0,26.25,93.75,8,0,0,0,0,1000
8426,0,17,3000,500,1000,0,0,0,0,0,0,1,0,0,0,-51.25,1,120,8200,0,26.25,93.75,8,0,0,0,0,1000
8427,0,18,3000,500,1000,0,0,0,0,0,0,1,0,0,0,-51.25,1,120,8200,0,26.25,93.75,8,0,0,0,0,1000
8428,0,19,3000,500,1000,0,0,0,0,0,0,1,0,0,0,-51.25,1,120,8200,0,26.25,93.75,8,0,0,0,0,1000
8429,0,20,3000,500,1000,0,0,0,0,0,0,1,0,0,0,-51.25,1,120,8200,0,26.25,93.75,8,0,0,0,0,1000
8430,0,21,3000,500,1000,0,0,0,0,0,0,1,0,0,0,-51.25,1,120,8200,0,26.25,93.75,8,0,0,0,0,1000
8431,0,22,3000,500,1000,0,0,0,0,0,0,1,0,0,0,-51.25,1,120,8200,0,26.25,93.75,8,0,0,0,0,1000
8432,0,23,3000,500,1000,0,0,0,0,0,0,1,0,0,0,-51.25,1,120,8200,0,26.25,93.75,9,0,0,0,0,1000
8433,0,24,3000,500,1000,0,0,0,0,0,0,1,0,0,0,-51.25,1,120,8200,0,26.25,93.75,9,0,0,0,0,1000
8434,0,25,3000,500,1000,0,0,0,0,0,0,1,0,0,0,-51.25,1,120,8200,0,26.25,93.75,9,0,0,0,0,1000
8435,0,26,3000,500,1000,0,0,0,0,0,0,1,0,0,0,-51.25,1,120,8200,0,26.25,93.75,9,0,0,0,0,1000
8436,0,27,3000,500,1000,0,0,0,0,0,0,1,0,0,0,-51.25,1,120,8200,0,26.25,93.75,9,0,0,0,0,1000
8437,0,28,3000,500,1000,0,0,0,0,0,0,1,0,0,0,-51.25,1,120,8200,0,26.25,93.75,9,0,0,0,0,1000
8438,0,29,3000,500,1000,0,0,0,0,0,0,1,0,0,0,-51.25,1,120,8200,0,26.25,93.75,9,0,0,0,0,1000
8439,0,30,3000,500,1000,0,0,0,0,0,0,1,0,0,0,-51.25,1,120,8200,0,26.25,93.75,9,0,0,0,0,1000
8440,0,31,3000,500,1000,0,0,0,0,0,0,1,0,0,0,-51.25,1,120,8200,0,26.25,93.75,9,0,0,0,0,1000
8441,0,32,3000,500,1000,0,0,0,0,0,0,1,0,0,0,-51.25,1,120,8200,0,26.25,93.75,9,0,0,0,0,1000
8442,0,33,3000,500,1000,0,0,0,0,0,0,1,0,0,0,-51.25,1,120,8200,0,26.25,93.75,9,0,0,0,0,1000
8443,0,34,3000,500,1000,0,0,0,0,0,0,1,0,0,0,-51.25,1,120,8200,0,26.25,93.75,9,0,0,0,0,1000
8444,0,35,3000,500,1000,0,0,0,0,0,0,1,0,0,0,-51.25,1,120,8200,0,26.25,93.75,10,0,0,0,0,1000
8445,0,36,3000,500,1000,0,0,0,0,0,0,1,0,0,0,-51.25,1,120,8200,0,26.25,93.75,10,0,0,0,0,1000
8446,0,37,3000,500,1000,0,0,0,0,0,0,1,0,0,0,-51.25,1,120,8200,0,26.25,93.75,10,0,0,0,0,1000
8447,0,38,3000,500,1000,0,0,0,0,0,0,1,0,0,0,-51.25,1,120,8200,0,26.25,93.75,10,0,0,0,0,1000
8448,0,39,3000,500,1000,0,0,0,0,0,0,1,0,0,0,-51.25,1,120,8200,0,26.25,93.75,10,0,0,0,0,1000
8449,0,40,3000,500,1000,0,0,0,0,0,0,1,0,0,0,-51.25,1,120,8200,0,26.25,93.75,10,0,0,0,0,1000
8450,0,41,3000,500,1000,0,0,0,0,0,0,1,0,0,0,-51.25,1,120,8200,0,26.25,93.75,10,0,0,0,0,1000
8451,0,42,3000,500,1000,0,0,0,0,0,0,1,0,0,0,-51.25,1,120,8200,0,26.25,93.75,10,0,0,0,0,1000
8452,0,43,3000,500,1000,0,0,0,0,0,0,1,0,0,0,-51.25,1,120,8200,0,26.25,93.75,10,0,0,0,0,1000
8453,0,44,3000,500,1000,0,0,0,0,0,0,1,0,0,0,-51.25,1,120,8200,0,26.25,93.75,10,0,0,0,0,1000
8454,0,45,3000,500,1000,0,0,0,0,0,0,1,0,0,0,-51.25,1,120,8200,0,26.25,93.75,10,0,0,0,0,1000
8455,0,46,3000,500,1000,0,0,0,0,0,0,1,0,0,0,-51.25,1,120,8200,0,26.25,93.75,10,0,0,0,0,1000
8456,0,47,3000,500,1000,0,0,0,0,0,0,1,0,0,0,-51.25,1,120,8200,0,26.25,93.75,11,0,0,0,0,1000
8457,0,48,3000,500,1000,0,0,0,0,0,0,1,0,0,0,-51.25,1,120,8200,0,26.25,93.75,11,0,0,0,0,1000
8458,0,49,3000,500,1000,0,0,0,0,0,0,1,0,0,0,-51.25,1,120,8200,0,26.25,93.75,11,0,0,0,0,1000
8459,0,50,3000,500,1000,0,0,0,0,0,0,1,0,0,0,-51.25,1,120,8200,0,26.25,93.75,11,0,0,0,0,1000
8460,0,51,3000,500,1000,0,0,0,0,0,0,1,0,0,0,-51.25,1,120,8200,0,26.25,93.75,11,0,0,0,0,1000
8461,0,52,3000,500,1000,0,0,0,0,0,0,1,0,0,0,-51.25,1,120,8200,0,26.25,93.75,11,0,0,0,0,1000
8462,0,53,3000,500,1000,0,0,0,0,0,0,1,0,0,0,-51.25,1,120,8200,0,26.25,93.75,11,0,0,0,0,1000
8463,0,54,3000,500,1000,0,0,0,0,0,0,1,0,0,0,-51.25,1,120,8200,0,26.25,93.75,11,0,0,0,0,1000
8464,0,55,3000,500,1000,0,0,0,0,0,0,1,0,0,0,-51.25,1,120,8200,0,26.25,93.75,11,0,0,0,0,1000
8465,0,56,3000,500,1000,0,0,0,0,0,0,1,0,0,0,-51.25,1,120,8200,0,26.25,93.75,11,0,0,0,0,1000
8466,0,57,3000,500,1000,0,0,0,0,0,0,1,0,0,0,-51.25,1,120,8200,0,26.25,93.75,11,0,0,0,0,1000
8467,0,58,3000,500,1000,0,0,0,0,0,0,1,0,0,0,-51.25,1,120,8200,0,26.25,93.75,11,0,0,0,0,1000
8468,0,59,3000,500,1000,0,0,0,0,0,0,1,0,0,0,-51.25,1,120,8200,0,26.25,93.75,12,0,0,0,0,1000
8469,0,60,3000,500,1000,0,0,0,0,0,0,1,0,0,0,-51.25,1,120,8200,0,26.25,93.75,12,0,0,0,0,1000
8470,0,61,3000,500,1000,0,0,0,0,0,0,1,0,0,0,-51.25,1,120,8200,0,26.25,93.75,12,0,0,0,0,1000
8471,0,62,3000,500,1000,0,0,0,0,0,0,1,0,0,0,-51.25,1,120,8200,0,26.25,93.75,12,0,0,0,0,1000
8472,0,63,3000,500,1000,0,0,0,0,0,0,1,0,0,0,-51.25,1,120,8200,0,26.25,93.75,12,0,0,0,0,1000
8473,0,64,3000,500,1000,0,0,0,0,0,0,1,0,0,0,-51.25,1,120,8200,0,26.25,93.75,12,0,0,0,0,1000
8474,0,65,3000,500,1000,0,0,0,0,0,0,1,0,0,0,-51.25,1,120,8200,0,26.25,93.75,12,0,0,0,0,1000
8475,0,66,3000,500,1000,0,0,0,0,0,0,1,0,0,0,-51.25,1,120,8200,0,26.25,93.75,12,0,0,0,0,1000
8476,0,67,3000,500,1000,0,0,0,0,0,0,1,0,0,0,-51.25,1,120,8200,0,26.25,93.75,12,0,0,0,0,1000
8477,0,68,3000,500,1000,0,0,0,0,0,0,1,0,0,0,-51.25,1,120,8200,0,26.25,93.75,12,0,0,0,0,1000
8478,0,69,3000,500,1000,0,0,0,0,0,0,1,0,0,0,-51.25,1,120,8200,0,26.25,93.75,12,0,0,0,0,1000
8479,0,70,3000,500,1000,0,0,0,0,0,0,1,0,0,0,-51.25,1,120,8200,0,26.25,93.75,12,0,0,0,0,1000
8480,0,71,3000,500,1000,0,0,0,0,0,0,1,0,0,0,-51.25,1,120,8200,0,26.25,93.75,13,0,0,0,0,1000
8481,0,72,3000,500,1000,0,0,0,0,0,0,1,0,0,0,-51.25,1,120,8200,0,26.25,93.75,13,0,0,0,0,1000
8482,0,73,3000,500,1000,0,0,0,0,0,0,1,0,0,0,-51.25,1,120,8200,0,26.25,93.75,13,0,0,0,0,1000
8483,0,74,3000,500,1000,0,0,0,0,0,0,1,0,0,0,-51.25,1,120,8200,0,26.25,93.75,13,0,0,0,0,1000
8484,0,75,3000,500,1000,0,0,0,0,0,0,1,0,0,0,-51.25,1,120,8200,0,26.25,93.75,13,0,0,0,0,1000
8485,0,76,3000,500,1000,0,0,0,0,0,0,1,0,0,0,-51.25,1,120,8200,0,26.25,93.75,13,0,0,0,0,1000
8486,0,77,3000,500,1000,0,0,0,0,0,0,1,0,0,0,-51.25,1,120,8200,0,26.25,93.75,13,0,0,0,0,1000
8487,0,78,3000,500,1000,0,0,0,0,0,0,1,0,0,0,-51.25,1,120,8200,0,26.25,93.75,13,0,0,0,0,1000
8488,0,79,3000,500,1000,0,0,0,0,0,0,1,0,0,0,-51.25,1,120,8200,0,26.25,93.75,13,0,0,0,0,1000
8489,0,80,3000,500,1000,0,0,0,0,0,0,1,0,0,0,-51.25,1,120,8200,0,26.25,93.75,13,0,0,0,0,1000
8490,0,81,3000,500,1000,0,0,0,0,0,0,1,0,0,0,-51.25,1,120,8200,0,26.25,93.75,13,0,0,0,0,1000
8491,0,82,3000,500,1000,0,0,0,0,0,0,1,0,0,0,-51.25,1,120,8200,0,26.25,93.75,13,0,0,0,0,1000
8492,0,83,3000,500,1000,0,0,0,0,0,0,1,0,0,0,-51.25,1,120,8200,0,26.25,93.75,14,0,0,0,0,1000
8493,0,84,3000,500,1000,0,0,0,0,0,0,1,0,0,0,-51.25,1,120,8200,0,26.25,93.75,14,0,0,0,0,1000
8494,0,85,3000,500,1000,0,0,0,0,0,0,1,0,0,0,-51.25,1,120,8200,0,26.25,93.75,14,0,0,0,0,1000
8495,0,86,3000,500,1000,0,0,0,0,0,0,1,0,0,0,-51.25,1,120,8200,0,26.25,93.75,14,0,0,0,0,1000
8496,0,87,3000,500,1000,0,0,0,0,0,0,1,0,0,0,-51.25,1,120,8200,0,26.25,93.75,14,0,0,0,0,1000
8497,0,88,3000,500,1000,0,0,0,0,0,0,1,0,0,0,-51.25,1,120,8200,0,26.25,93.75,14,0,0,0,0,1000
8498,0,89,3000,500,1000,0,0,0,0,0,0,1,0,0,0,-51.25,1,120,8200,0,26.25,93.75,14,0,0,0,0,1000
8499,0,90,3000,500,1000,0,0,0,0,0,0,1,0,0,0,-51.25,1,120,8200,0,26.25,93.75,14,0,0,0,0,1000
8500,0,91,3000,500,1000,0,0,0,0,0,0,1,0,0,0,-51.25,1,120,8200,0,26.25,93.75,14,0,0,0,0,1000
8501,0,92,3000,500,1000,0,0,0,0,0,0,1,0,0,0,-51.25,1,120,8200,0,26.25,93.75,14,0,0,0,0,1000
8502,0,93,3000,500,1000,0,0,0,0,0,0,1,0,0,0,-51.25,1,120,8200,0,26.25,93.75,14,0,0,0,0,1000
8503,0,94,3000,500,1000,0,0,0,0,0,0,1,0,0,0,-51.25,1,120,8200,0,26.25,93.75,14,0,0,0,0,1000
8504,0,95,3000,500,1000,0,0,0,0,0,0,1,0,0,0,-51.25,1,120,8200,0,26.25,93.75,15,0,0,0,0,1000
8505,0,96,3000,500,1000,0,0,0,0,0,0,1,0,0,0,-51.25,1,120,8200,0,26.25,93.75,15,0,0,0,0,1000
8506,0,97,3000,500,1000,0,0,0,0,0,0,1,0,0,0,-51.25,1,120,8200,0,26.25,93.75,15,0,0,0,0,1000
8507,0,98,3000,500,1000,0,0,0,0,0,0,1,0,0,0,-51.25,1,120,8200,0,26.25,93.75,15,0,0,0,0,1000
8508,0,99,3000,500,1000,0,0,0,0,0,0,1,0,0,0,-51.25,1,120,8200,0,26.25,93.75,15,0,0,0,0,1000
8509,0,100,3000,500,1000,0,0,0,0,0,0,1,0,0,0,-51.25,1,120,8200,0,26.25,93.75,15,0,0,0,0,1000
8510,0,101,3000,500,1000,0,0,0,0,0,0,1,0,0,0,-51.25,1,120,8200,0,26.25,93.75,15,0,0,0,0,1000
8511,0,102,3000,500,1000,0,0,0,0,0,0,1,0,0,0,-51.25,1,120,8200,0,26.25,93.75,15,0,0,0,0,1000
8512,0,103,3000,500,1000,0,0,0,0,0,0,1,0,0,0,-51.25,1,120,8200,0,26.25,93.75,15,0,0,0,0,1000
8513,0,104,3000,500,1000,0,0,0,0,0,0,1,0,0,0,-51.25,1,120,8200,0,26.25,93.75,15,0,0,0,0,1000
8514,0,105,3000,500,1000,0,0,0,0,0,0,1,0,0,0,-51.25,1,120,8200,0,26.25,93.75,15,0,0,0,0,1000
8515,0,106,3000,500,1000,0,0,0,0,0,0,1,0,0,0,-51.25,1,120,8200,0,26.25,93.75,15,0,0,0,0,1000
8516,0,107,3000,500,1000,0,0,0,0,0,0,1,0,0,0,-51.25,1,120,8200,0,26.25,93.75,16,0,0,0,0,1000
8517,0,108,3000,500,1000,0,0,0,0,0,0,1,0,0,0,-51.25,1,120,8200,0,26.25,93.75,16,0,0,0,0,1000
8518,0,109,3000,500,1000,0,0,0,0,0,0,1,0,0,0,-51.25,1,120,8200,0,26.25,93.75,16,0,0,0,0,1000
8519,0,110,3000,500,1000,0,0,0,0,0,0,1,0,0,0,-51.25,1,120,8200,0,26.25,93.75,16,0,0,0,0,1000
8520,0,111,3000,500,1000,0,0,0,0,0,0,1,0,0,0,-51.25,1,120,8200,0,26.25,93.75,16,0,0,0,0,1000
8521,0,112,3000,500,1000,0,0,0,0,0,0,1,0,0,0,-51.25,1,120,8200,0,26.25,93.75,16,0,0,0,0,1000
8522,0,113,3000,500,1000,0,0,0,0,0,0,1,0,0,0,-51.25,1,120,8200,0,26.25,93.75,16,0,0,0,0,1000
8523,0,114,3000,500,1000,0,0,0,0,0,0,1,0,0,0,-51.25,1,120,8200,0,26.25,93.75,16,0,0,0,0,1000
8524,0,115,3000,500,1000,0,0,0,0,0,0,1,0,0,0,-51.25,1,120,8200,0,26.25,93.75,16,0,0,0,0,1000
8525,0,116,3000,500,1000,0,0,0,0,0,0,1,0,0,0,-51.25,1,120,8200,0,26.25,93.75,16,0,0,0,0,1000
8526,0,117,3000,500,1000,0,0,0,0,0,0,1,0,0,0,-51.25,1,120,8200,0,26.25,93.75,16,0,0,0,0,1000
8527,0,118,3000,500,1000,0,0,0,0,0,0,1,0,0,0,-51.25,1,120,8200,0,26.25,93.75,16,0,0,0,0,1000
8528,0,119,3000,500,1000,0,0,0,0,0,0,1,0,0,0,-51.25,1,120,8200,0,26.25,93.75,17,0,0,0,0,1000
8529,0,120,3000,500,1000,0,0,0,0,0,0,1,0,0,0,-51.25,1,120,8200,0,26.25,93.75,17,0,0,0,0,1000
8530,0,121,3000,500,1000,0,0,0,0,0,0,1,0,0,0,-51.25,1,120,8200,0,26.25,93.75,17,0,0,0,0,1000
8531,0,122,3000,500,1000,0,0,0,0,0,0,1,0,0,0,-51.25,1,120,8200,0,26.25,93.75,17,0,0,0,0,1000
8532,0,123,3000,500,1000,0,0,0,0,0,0,1,0,0,0,-51.25,1,120,8200,0,26.25,93.75,17,0,0,0,0,1000
8533,0,124,3000,500,1000,0,0,0,0,0,0,1,0,0,0,-51.25,1,120,8200,0,26.25,93.75,17,0,0,0,0,1000
8534,0,125,3000,500,1000,0,0,0,0,0,0,1,0,0,0,-51.25,1,120,8200,0,26.25,93.75,17,0,0,0,0,1000
8535,0,126,3000,500,1000,0,0,0,0,0,0,1,0,0,0,-51.25,1,120,8200,0,26.25,93.75,17,0,0,0,0,1000
8536,0,127,3000,500,1000,0,0,0,0,0,0,1,0,0,0,-51.25,1,120,8200,0,26.25,93.75,17,0,0,0,0,1000
8537,0,128,3000,500,1000,0,0,0,0,0,0,1,0,0,0,-51.25,1,120,8200,0,26.25,93.75,17,0,0,0,0,1000
8538,0,129,3000,500,1000,0,0,0,0,0,0,1,0,0,0,-51.25,1,120,8200,0,26.25,93.75,17,0,0,0,0,1000
8539,0,130,3000,500,1000,0,0,0,0,0,0,1,0,0,0,-51.25,1,120,8200,0,26.25,93.75,17,0,0,0,0,1000
8540,0,131,3000,500,1000,0,0,0,0,0,0,1,0,0,0,-51.25,1,120,8200,0,26.25,93.75,18,0,0,0,0,1000
8541,0,132,3000,500,1000,0,0,0,0,0,0,1,0,0,0,-51.25,1,120,8200,0,26.25,93.75,18,0,0,0,0,1000
8542,0,133,3000,500,1000,0,0,0,0,0,0,1,0,0,0,-51.25,1,120,8200,0,26.25,93.75,18,0,0,0,0,1000
8543,0,134,3000,500,1000,0,0,0,0,0,0,1,0,0,0,-51.25,1,120,8200,0,26.25,93.75,18,0,0,0,0,1000
8544,0,135,3000,500,1000,0,0,0,0,0,0,1,0,0,0,-51.25,1,120,8200,0,26.25,93.75,18,0,0,0,0,1000
8545,0,136,3000,500,1000,0,0,0,0,0,0,1,0,0,0,-51.25,1,120,8200,0,26.25,93.75,18,0,0,0,0,1000
8546,0,137,3000,500,1000,0,0,0,0,0,0,1,0,0,0,-51.25,1,120,8200,0,26.25,93.75,18,0,0,0,0,1000
8547,0,138,3000,500,1000,0,0,0,0,0,0,1,0,0,0,-51.25,1,120,8200,0,26.25,93.75,18,0,0,0,0,1000
8548,0,139,3000,500,1000,0,0,0,0,0,0,1,0,0,0,-51.25,1,120,8200,0,26.25,93.75,18,0,0,0,0,1000
8549,0,140,3000,500,1000,0,0,0,0,0,0,1,0,0,0,-51.25,1,120,8200,0,26.25,93.75,18,0,0,0,0,1000
8550,0,141,3000,500,1000,0,0,0,0,0,0,1,0,0,0,-51.25,1,120,8200,0,26.25,93.75,18,0,0,0,0,1000
8551,0,142,3000,500,1000,0,0,0,0,0,0,1,0,0,0,-51.25,1,120,8200,0,26.25,93.75,18,0,0,0,0,1000
8552,0,143,3000,500,1000,0,0,0,0,0,0,1,0,0,0,-51.25,1,120,8200,0,26.25,93.75,19,0,0,0,0,1000
8553,0,144,3000,500,1000,0,0,0,0,0,0,1,0,0,0,-51.25,1,120,8200,0,26.25,93.75,19,0,0,0,0,1000
8554,0,145,3000,500,1000,0,0,0,0,0,0,1,0,0,0,-51.25,1,120,8200,0,26.25,93.75,19,0,0,0,0,1000
8555,0,146,3000,500,1000,0,0,0,0,0,0,1,0,0,0,-51.25,1,120,8200,0,26.25,93.75,19,0,0,0,0,1000
8556,0,147,3000,500,1000,0,0,0,0,0,0,1,0,0,0,-51.25,1,120,8200,0,26.25,93.75,19,0,0,0,0,1000
8557,0,148,3000,500,1000,0,0,0,0,0,0,1,0,0,0,-51.25,1,120,8200,0,26.25,93.75,19,0,0,0,0,1000
8558,0,149,3000,500,1000,0,0,0,0,0,0,1,0,0,0,-51.25,1,120,8200,0,26.25,93.75,19,0,0,0,0,1000
8559,0,150,3000,500,1000,0,0,0,0,0,0,1,0,0,0,-51.25,1,120,8200,0,26.25,93.75,19,0,0,0,0,1000
8560,0,151,3000,500,1000,0,0,0,0,0,0,1,0,0,0,-51.25,1,120,8200,0,26.25,93.75,19,0,0,0,0,1000
8561,0,152,3000,500,1000,0,0,0,0,0,0,1,0,0,0,-51.25,1,120,8200,0,26.25,93.75,19,0,0,0,0,1000
8562,0,153,3000,500,1000,0,0,0,0,0,0,1,0,0,0,-51.25,1,120,8200,0,26.25,93.75,19,0,0,0,0,1000
8563,0,154,3000,500,1000,0,0,0,0,0,0,1,0,0,0,-51.25,1,120,8200,0,26.25,93.75,19,0,0,0,0,1000
8564,0,155,3000,500,1000,0,0,0,0,0,0,1,0,0,0,-51.25,1,120,8200,0,26.25,93.75,19,0,0,0,0,1000
8565,0,156,3000,500,1000,0,0,0,0,0,0,1,0,0,0,-51.25,1,120,8200,0,26.25,93.75,19,0,0,0,0,1000
8566,0,157,3000,500,1000,0,0,0,0,0,0,1,0,0,0,-51.25,1,120,8200,0,26.25,93.75,19,0,0,0,0,1000
8567,0,158,3000,500,1000,0,0,0,0,0,0,1,0,0,0,-51.25,1,120,8200,0,26.25,93.75,19,0,0,0,0,1000
8568,0,159,3000,500,1000,0,0,0,0,0,0,1,0,0,0,-51.25,1,120,8200,0,26.25,93.75,19,0,0,0,0,1000
8569,0,160,3000,500,1000,0,0,0,0,0,0,1,0,0,0,-51.25,1,120,8200,0,26.25,93.75,19,0,0,0,0,1000
8570,0,161,3000,500,1000,0,0,0,0,0,0,1,0,0,0,-51.25,1,120,8200,0,26.25,93.75,20,0,0,0,0,1000
8571,0,162,3000,500,1000,0,0,0,0,0,0,1,0,0,0,-51.25,1,120,8200,0,26.25,93.75,20,0,0,0,0,1000
8572,0,163,3000,500,1000,0,0,0,0,0,0,1,0,0,0,-51.25,1,120,8200,0,26.25,93.75,20,0,0,0,0,1000
8573,0,164,3000,500,1000,0,0,0,0,0,0,1,0,0,0,-51.25,1,120,8200,0,26.25,93.75,20,0,0,0,0,1000
8574,0,165,3000,500,1000,0,0,0,0,0,0,1,0,0,0,-51.25,1,120,8200,0,26.25,93.75,20,0,0,0,0,1000
8575,0,166,3000,500,1000,0,0,0,0,0,0,1,0,0,0,-51.25,1,120,8200,0,26.25,93.75,20,0,0,0,0,1000
8576,0,167,3000,500,1000,0,0,0,0,0,0,1,0,0,0,-51.25,1,120,8200,0,26.25,93.75,20,0,0,0,0,1000
8577,0,168,3000,500,1000,0,0,0,0,0,0,1,0,0,0,-51.25,1,120,8200,0,26.25,93.75,20,0,0,0,0,1000
8578,0,169,3000,500,1000,0,0,0,0,0,0,1,0,0,0,-51.25,1,120,8200,0,26.25,93.75,20,0,0,0,0,1000
8579,0,170,3000,500,1000,0,0,0,0,0,0,1,0,0,0,-51.25,1,120,8200,0,26.25,93.75,20,0,0,0,0,1000
8580,0,171,3000,500,1000,0,0,0,0,0,0,1,0,0,0,-51.25,1,120,8200,0,26.25,93.75,20,0,0,0,0,1000
8581,0,172,3000,500,1000,0,0,0,0,0,0,1,0,0,0,-51.25,1,120,8200,0,26.25,93.75,20,0,0,0,0,1000
8582,0,173,3000,500,1000,0,0,0,0,0,0,1,0,0,0,-51.25,1,120,8200,0,26.25,93.75,20,0,0,0,0,1000
8583,0,174,3000,500,1000,0,0,0,0,0,0,1,0,0,0,-51.25,1,120,8200,0,26.25,93.75,20,0,0,0,0,1000
8584,0,175,3000,500,1000,0,0,0,0,0,0,1,0,0,0,-51.25,1,120,8200,0,26.25,93.75,20,0,0,0,0,1000
8585,0,176,3000,500,1000,0,0,0,0,0,0,1,0,0,0,-51.25,1,120,8200,0,26.25,93.75,20,0,0,0,0,1000
8586,0,177,3000,500,1000,0,0,0,0,0,0,1,0,0,0,-51.25,1,120,8200,0,26.25,93.75,20,0,0,0,0,1000
8587,0,178,3000,500,1000,0,0,0,0,0,0,1,0,0,0,-51.25,1,120,8200,0,26.25,93.75,20,0,0,0,0,1000
8588,0,179,3000,500,1000,0,0,0,0,0,0,1,0,0,0,-51.25,1,120,8200,0,26.25,93.75,21,0,0,0,0,1000
8589,0,180,3000,500,1000,0,0,0,0,0,0,1,0,0,0,-51.25,1,120,8200,0,26.25,93.75,21,0,0,0,0,1000
8590,0,181,3000,500,1000,0,0,0,0,0,0,1,0,0,0,-51.25,1,120,8200,0,26.25,93.75,21,0,0,0,0,1000
8591,0,182,3000,500,1000,0,0,0,0,0,0,1,0,0,0,-51.25,1,120,8200,0,26.25,93.75,21,0,0,0,0,1000
8592,0,183,3000,500,1000,0,0,0,0,0,0,1,0,0,0,-51.25,1,120,8200,0,26.25,93.75,21,0,0,0,0,1000
8593,0,184,3000,500,1000,0,0,0,0,0,0,1,0,0,0,-51.25,1,120,8200,0,26.25,93.75,21,0,0,0,0,1000
8594,0,185,3000,500,1000,0,0,0,0,0,0,1,0,0,0,-51.25,1,120,8200,0,26.25,93.75,21,0,0,0,0,1000
8595,0,186,3000,500,1000,0,0,0,0,0,0,1,0,0,0,-51.25,1,120,8200,0,26.25,93.75,21,0,0,0,0,1000
8596,0,187,3000,500,1000,0,0,0,0,0,0,1,0,0,0,-51.25,1,120,8200,0,26.25,93.75,21,0,0,0,0,1000
8597,0,188,3000,500,1000,0,0,0,0,0,0,1,0,0,0,-51.25,1,120,8200,0,26.25,93.75,21,0,0,0,0,1000
8598,0,189,3000,500,1000,0,0,0,0,0,0,1,0,0,0,-51.25,1,120,8200,0,26.25,93.75,21,0,0,0,0,1000
8599,0,190,3000,500,1000,0,0,0,0,0,0,1,0,0,0,-51.25,1,120,8200,0,26.25,93.75,21,0,0,0,0,1000
8600,0,191,3000,500,1000,0,0,0,0,0,0,1,0,0,0,-51.25,1,120,8200,0,26.25,93.75,21,0,0,0,0,1000
8601,0,192,3000,500,1000,0,0,0,0,0,0,1,0,0,0,-51.25,1,120,8200,0,26.25,93.75,21,0,0,0,0,1000
8602,0,193,3000,500,1000,0,0,0,0,0,0,1,0,0,0,-51.25,1,120,8200,0,26.25,93.75,21,0,0,0,0,1000
8603,0,194,3000,500,1000,0,0,0,0,0,0,1,0,0,0,-51.25,1,120,8200,0,26.25,93.75,21,0,0,0,0,1000
8604,0,195,3000,500,1000,0,0,0,0,0,0,1,0,0,0,-51.25,1,120,8200,0,26.25,93.75,21,0,0,0,0,1000
8605,0,196,3000,500,1000,0,0,0,0,0,0,1,0,0,0,-51.25,1,120,8200,0,26.25,93.75,21,0,0,0,0,1000
8606,0,197,3000,500,1000,0,0,0,0,0,0,1,0,0,0,-51.25,1,120,8200,0,26.25,93.75,21,0,0,0,0,1000
8607,0,198,3000,500,1000,0,0,0,0,0,0,1,0,0,0,-51.25,1,120,8200,0,26.25,93.75,21,0,0,0,0,1000
8608,0,199,3000,500,1000,0,0,0,0,0,0,1,0,0,0,-51.25,1,120,8200,0,26.25,93.75,21,0,0,0,0,1000
8609,0,200,3000,500,1000,0,0,0,0,0,0,1,0,0,0,-51.25,1,120,8200,0,26.25,93.75,21,0,0,0,0,1000
8610,0,201,3000,500,1000,0,0,0,0,0,0,1,0,0,0,-51.25,1,120,8200,0,26.25,93.75,21,0,0,0,0,1000
8611,0,202,3000,500,1000,0,0,0,0,0,0,1,0,0,0,-51.25,1,120,8200,0,26.25,93.75,21,0,0,0,0,1000
8612,0,203,3000,500,1000,0,0,0,0,0,0,1,0,0,0,-51.25,1,120,8200,0,26.25,93.75,21,0,0,0,0,1000
8613,0,204,3000,500,1000,0,0,0,0,0,0,1,0,0,0,-51.25,1,120,8200,0,26.25,93.75,21,0,0,0,0,1000
8614,0,205,3000,500,1000,0,0,0,0,0,0,1,0,0,0,-51.25,1,120,8200,0,26.25,93.75,21,0,0,0,0,1000
8615,0,206,3000,500,1000,0,0,0,0,0,0,1,0,0,0,-51.25,1,120,8200,0,26.25,93.75,21,0,0,0,0,1000
8616,0,207,3000,500,1000,0,0,0,0,0,0,1,0,0,0,-51.25,1,120,8200,0,26.25,93.75,21,0,0,0,0,1000
8617,0,208,3000,500,1000,0,0,0,0,0,0,1,0,0,0,-51.25,1,120,8200,0,26.25,93.75,21,0,0,0,0,1000
8618,0,209,3000,500,1000,0,0,0,0,0,0,1,0,0,0,-51.25,1,120,8200,0,26.25,93.75,21,0,0,0,0,1000
8619,0,210,3000,500,1000,0,0,0,0,0,0,1,0,0,0,-51.25,1,120,8200,0,26.25,93.75,21,0,0,0,0,1000
8620,0,211,3000,500,1000,0,0,0,0,0,0,1,0,0,0,-51.25,1,120,8200,0,26.25,93.75,21,0,0,0,0,1000
8621,0,212,3000,500,1000,0,0,0,0,0,0,1,0,0,0,-51.25,1,120,8200,0,26.25,93.75,21,0,0,0,0,1000
8622,0,213,3000,500,1000,0,0,0,0,0,0,1,0,0,0,-51.25,1,120,8200,0,26.25,93.75,21,0,0,0,0,1000
8623,0,214,3000,500,1000,0,0,0,0,0,0,1,0,0,0,-51.25,1,120,8200,0,26.25,93.75,21,0,0,0,0,1000
8624,0,215,3000,500,1000,0,0,0,0,0,0,1,0,0,0,-51.25,1,120,8200,0,26.25,93.75,22,0,0,0,0,1000
8625,0,216,3000,500,1000,0,0,0,0,0,0,1,0,0,0,-51.25,1,120,8200,0,26.25,93.75,22,0,0,0,0,1000
8626,0,217,3000,500,1000,0,0,0,0,0,0,1,0,0,0,-51.25,1,120,8200,0,26.25,93.75,22,0,0,0,0,1000
8627,0,218,3000,500,1000,0,0,0,0,0,0,1,0,0,0,-51.25,1,120,8200,0,26.25,93.75,22,0,0,0,0,1000
8628,0,219,3000,500,1000,0,0,0,0,0,0,1,0,0,0,-51.25,1,120,8200,0,26.25,93.75,22,0,0,0,0,1000
8629,0,220,3000,500,1000,0,0,0,0,0,0,1,0,0,0,-51.25,1,120,8200,0,26.25,93.75,22,0,0,0,0,1000
8630,0,221,3000,500,1000,0,0,0,0,0,0,1,0,0,0,-51.25,1,120,8200,0,26.25,93.75,22,0,0,0,0,1000
8631,0,222,3000,500,1000,0,0,0,0,0,0,1,0,0,0,-51.25,1,120,8200,0,26.25,93.75,22,0,0,0,0,1000
8632,0,223,3000,500,1000,0,0,0,0,0,0,1,0,0,0,-51.25,1,120,8200,0,26.25,93.75,22,0,0,0,0,1000
8633,0,224,3000,500,1000,0,0,0,0,0,0,1,0,0,0,-51.25,1,120,8200,0,26.25,93.75,22,0,0,0,0,1000
8634,0,225,3000,500,1000,0,0,0,0,0,0,1,0,0,0,-51.25,1,120,8200,0,26.25,93.75,22,0,0,0,0,1000
8635,0,226,3000,500,1000,0,0,0,0,0,0,1,0,0,0,-51.25,1,120,8200,0,26.25,93.75,22,0,0,0,0,1000
8636,0,227,3000,500,1000,0,0,0,0,0,0,1,0,0,0,-51.25,1,120,8200,0,26.25,93.75,22,0,0,0,0,1000
8637,0,228,3000,500,1000,0,0,0,0,0,0,1,0,0,0,-51.25,1,120,8200,0,26.25,93.75,22,0,0,0,0,1000
8638,0,229,3000,500,1000,0,0,0,0,0,0,1,0,0,0,-51.25,1,120,8200,0,26.25,93.75,22,0,0,0,0,1000
8639,0,230,3000,500,1000,0,0,0,0,0,0,1,0,0,0,-51.25,1,120,8200,0,26.25,93.75,22,0,0,0,0,1000
8640,0,231,3000,500,1000,0,0,0,0,0,0,1,0,0,0,-51.25,1,120,8200,0,26.25,93.75,22,0,0,0,0,1000
8641,0,232,3000,500,1000,0,0,0,0,0,0,1,0,0,0,-51.25,1,120,8200,0,26.25,93.75,22,0,0,0,0,1000
8642,0,233,3000,500,1000,0,0,0,0,0,0,1,0,0,0,-51.25,1,120,8200,0,26.25,93.75,22,0,0,0,0,1000
8643,0,234,3000,500,1000,0,0,0,0,0,0,1,0,0,0,-51.25,1,120,8200,0,26.25,93.75,22,0,0,0,0,1000
8644,0,235,3000,500,1000,0,0,0,0,0,0,1,0,0,0,-51.25,1,120,8200,0,26.25,93.75,22,0,0,0,0,1000
8645,0,236,3000,500,1000,0,0,0,0,0,0,1,0,0,0,-51.25,1,120,8200,0,26.25,93.75,22,0,0,0,0,1000
8646,0,237,3000,500,1000,0,0,0,0,0,0,1,0,0,0,-51.25,1,120,8200,0,26.25,93.75,22,0,0,0,0,1000
8647,0,238,3000,500,1000,0,0,0,0,0,0,1,0,0,0,-51.25,1,120,8200,0,26.25,93.75,22,0,0,0,0,1000
8648,0,239,3000,500,1000,0,0,0,0,0,0,1,0,0,0,-51.25,1,120,8200,0,26.25,93.75,22,0,0,0,0,1000
8649,0,240,3000,500,1000,0,0,0,0,0,0,1,0,0,0,-51.25,1,120,8200,0,26.25,93.75,22,0,0,0,0,1000
8650,0,241,3000,500,1000,0,0,0,0,0,0,1,0,0,0,-51.25,1,120,8200,0,26.25,93.75,22,0,0,0,0,1000
8651,0,242,3000,500,1000,0,0,0,0,0,0,1,0,0,0,-51.25,1,120,8200,0,26.25,93.75,22,0,0,0,0,1000
8652,0,243,3000,500,1000,0,0,0,0,0,0,1,0,0,0,-51.25,1,120,8200,0,26.25,93.75,22,0,0,0,0,1000
8653,0,244,3000,500,1000,0,0,0,0,0,0,1,0,0,0,-51.25,1,120,8200,0,26.25,93.75,22,0,0,0,0,1000
8654,0,245,3000,500,1000,0,0,0,0,0,0,1,0,0,0,-51.25,1,120,8200,0,26.25,93.75,22,0,0,0,0,1000
8655,0,246,3000,500,1000,0,0,0,0,0,0,1,0,0,0,-51.25,1,120,8200,0,26.25,93.75,22,0,0,0,0,1000
8656,0,247,3000,500,1000,0,0,0,0,0,0,1,0,0,0,-51.25,1,120,8200,0,26.25,93.75,22,0,0,0,0,1000
8657,0,248,3000,500,1000,0,0,0,0,0,0,1,0,0,0,-51.25,1,120,8200,0,26.25,93.75,22,0,0,0,0,1000
8658,0,249,3000,500,1000,0,0,0,0,0,0,1,0,0,0,-51.25,1,120,8200,0,26.25,93.75,22,0,0,0,0,1000
8659,0,250,3000,500,1000,0,0,0,0,0,0,1,0,0,0,-51.25,1,120,8200,0,26.25,93.75,22,0,0,0,0,1000
8660,0,251,3000,500,1000,0,0,0,0,0,0,1,0,0,0,-51.25,1,120,8200,0,26.25,93.75,23,0,0,0,0,1000
8661,0,252,3000,500,1000,0,0,0,0,0,0,1,0,0,0,-51.25,1,120,8200,0,26.25,93.75,23,0,0,0,0,1000
8662,0,253,3000,500,1000,0,0,0,0,0,0,1,0,0,0,-51.25,1,120,8200,0,26.25,93.75,23,0,0,0,0,1000
8663,0,254,3000,500,1000,0,0,0,0,0,0,1,0,0,0,-51.25,1,120,8200,0,26.25,93.75,23,0,0,0,0,1000
8664,0,255,3000,500,1000,0,0,0,0,0,0,1,0,0,0,-51.25,1,120,8200,0,26.25,93.75,23,0,0,0,0,1000
8665,0,256,3000,500,1000,0,0,0,0,0,0,1,0,0,0,-51.25,1,120,8200,0,26.25,93.75,23,0,0,0,0,1000
8666,0,257,3000,500,1000,0,0,0,0,0,0,1,0,0,0,-51.25,1,120,8200,0,26.25,93.75,23,0,0,0,0,1000
8667,0,258,3000,500,1000,0,0,0,0,0,0,1,0,0,0,-51.25,1,120,8200,0,26.25,93.75,23,0,0,0,0,1000
8668,0,259,3000,500,1000,0,0,0,0,0,0,1,0,0,0,-51.25,1,120,8200,0,26.25,93.75,23,0,0,0,0,1000
8669,0,260,3000,500,1000,0,0,0,0,0,0,1,0,0,0,-51.25,1,120,8200,0,26.25,93.75,23,0,0,0,0,1000
8670,0,261,3000,500,1000,0,0,0,0,0,0,1,0,0,0,-51.25,1,120,8200,0,26.25,93.75,23,0,0,0,0,1000
8671,0,262,3000,500,1000,0,0,0,0,0,0,1,0,0,0,-51.25,1,120,8200,0,26.25,93.75,23,0,0,0,0,1000
8672,0,263,3000,500,1000,0,0,0,0,0,0,1,0,0,0,-51.25,1,120,8200,0,26.25,93.75,23,0,0,0,0,1000
8673,0,264,3000,500,1000,0,0,0,0,0,0,1,0,0,0,-51.25,1,120,8200,0,26.25,93.75,23,0,0,0,0,1000
8674,0,265,3000,500,1000,0,0,0,0,0,0,1,0,0,0,-51.25,1,120,8200,0,26.25,93.75,23,0,0,0,0,1000
8675,0,266,3000,500,1000,0,0,0,0,0,0,1,0,0,0,-51.25,1,120,8200,0,26.25,93.75,23,0,0,0,0,1000
8676,0,267,3000,500,1000,0,0,0,0,0,0,1,0,0,0,-51.25,1,120,8200,0,26.25,93.75,23,0,0,0,0,1000
8677,0,268,3000,500,1000,0,0,0,0,0,0,1,0,0,0,-51.25,1,120,8200,0,26.25,93.75,23,0,0,0,0,1000
8678,0,269,3000,500,1000,0,0,0,0,0,0,1,0,0,0,-51.25,1,120,8200,0,26.25,93.75,23,0,0,0,0,1000
8679,0,270,3000,500,1000,0,0,0,0,0,0,1,0,0,0,-51.25,1,120,8200,0,26.25,93.75,23,0,0,0,0,1000
8680,0,271,3000,500,1000,0,0,0,0,0,0,1,0,0,0,-51.25,1,120,8200,0,26.25,93.75,23,0,0,0,0,1000
8681,0,272,3000,500,1000,0,0,0,0,0,0,1,0,0,0,-51.25,1,120,8200,0,26.25,93.75,23,0,0,0,0,1000
8682,0,273,3000,500,1000,0,0,0,0,0,0,1,0,0,0,-51.25,1,120,8200,0,26.25,93.75,23,0,0,0,0,1000
8683,0,274,3000,500,1000,0,0,0,0,0,0,1,0,0,0,-51.25,1,120,8200,0,26.25,93.75,23,0,0,0,0,1000
8684,0,275,3000,500,1000,0,0,0,0,0,0,1,0,0,0,-51.25,1,120,8200,0,26.25,93.75,23,0,0,0,0,1000
8685,0,276,3000,500,1000,0,0,0,0,0,0,1,0,0,0,-51.25,1,120,8200,0,26.25,93.75,23,0,0,0,0,1000
8686,0,277,3000,500,1000,0,0,0,0,0,0,1,0,0,0,-51.25,1,120,8200,0,26.25,93.75,23,0,0,0,0,1000
8687,0,278,3000,500,1000,0,0,0,0,0,0,1,0,0,0,-51.25,1,120,8200,0,26.25,93.75,23,0,0,0,0,1000
8688,0,279,3000,500,1000,0,0,0,0,0,0,1,0,0,0,-51.25,1,120,8200,0,26.25,93.75,23,0,0,0,0,1000
8689,0,280,3000,500,1000,0,0,0,0,0,0,1,0,0,0,-51.25,1,120,8200,0,26.25,93.75,23,0,0,0,0,1000
8690,0,281,3000,500,1000,0,0,0,0,0,0,1,0,0,0,-51.25,1,120,8200,0,26.25,93.75,23,0,0,0,0,1000
8691,0,282,3000,500,1000,0,0,0,0,0,0,1,0,0,0,-51.25,1,120,8200,0,26.25,93.75,23,0,0,0,0,1000
8692,0,283,3000,500,1000,0,0,0,0,0,0,1,0,0,0,-51.25,1,120,8200,0,26.25,93.75,23,0,0,0,0,1000
8693,0,284,3000,500,1000,0,0,0,0,0,0,1,0,0,0,-51.25,1,120,8200,0,26.25,93.75,23,0,0,0,0,1000
8694,0,285,3000,500,1000,0,0,0,0,0,0,1,0,0,0,-51.25,1,120,8200,0,26.25,93.75,23,0,0,0,0,1000
8695,0,286,3000,500,1000,0,0,0,0,0,0,1,0,0,0,-51.25,1,120,8200,0,26.25,93.75,23,0,0,0,0,1000
8696,0,287,3000,500,1000,0,0,0,0,0,0,1,0,0,0,-51.25,1,120,8200,0,26.25,93.75,24,0,0,0,0,1000
8697,0,288,3000,500,1000,0,0,0,0,0,0,1,0,0,0,-51.25,1,120,8200,0,26.25,93.75,24,0,0,0,0,1000
8698,0,289,3000,500,1000,0,0,0,0,0,0,1,0,0,0,-51.25,1,120,8200,0,26.25,93.75,24,0,0,0,0,1000
8699,0,290,3000,500,1000,0,0,0,0,0,0,1,0,0,0,-51.25,1,120,8200,0,26.25,93.75,24,0,0,0,0,1000
8700,0,291,3000,500,1000,0,0,0,0,0,0,1,0,0,0,-51.25,1,120,8200,0,26.25,93.75,24,0,0,0,0,1000
8701,0,292,3000,500,1000,0,0,0,0,0,0,1,0,0,0,-51.25,1,120,8200,0,26.25,93.75,24,0,0,0,0,1000
8702,0,293,3000,500,1000,0,0,0,0,0,0,1,0,0,0,-51.25,1,120,8200,0,26.25,93.75,24,0,0,0,0,1000
8703,0,294,3000,500,1000,0,0,0,0,0,0,1,0,0,0,-51.25,1,120,8200,0,26.25,93.75,24,0,0,0,0,1000
8704,0,295,3000,500,1000,0,0,0,0,0,0,1,0,0,0,-51.25,1,120,8200,0,26.25,93.75,24,0,0,0,0,1000
8705,0,296,3000,500,1000,0,0,0,0,0,0,1,0,0,0,-51.25,1,120,8200,0,26.25,93.75,24,0,0,0,0,1000
8706,0,297,3000,500,1000,0,0,0,0,0,0,1,0,0,0,-51.25,1,120,8200,0,26.25,93.75,24,0,0,0,0,1000
8707,0,298,3000,500,1000,0,0,0,0,0,0,1,0,0,0,-51.25,1,120,8200,0,26.25,93.75,24,0,0,0,0,1000
8708,0,299,3000,500,1000,0,0,0,0,0,0,1,0,0,0,-51.25,1,120,8200,0,26.25,93.75,24,0,0,0,0,1000
8709,0,300,3000,500,1000,0,0,0,0,0,0,1,0,0,0,-51.25,1,120,8200,0,26.25,93.75,24,0,0,0,0,1000
8710,0,1,3000,500,1000,0,40,0,0,0,0,1,0,0,0,-51.25,1,120,8200,0,26.25,93.75,24,3,0,0,0,1000
8711,0,2,3000,500,1000,0,39,0,0,0,0,1,0,0,0,-51.25,1,120,8200,0,26.25,93.75,24,3,0,0,0,1000
8712,0,3,3000,500,1000,0,38,0,0,0,0,1,0,0,0,-51.25,1,120,8200,0,26.25,93.75,24,3,0,0,0,1000
8713,0,4,3000,500,1000,0,37,0,0,0,0,1,0,0,0,-51.25,1,120,8200,0,26.25,93.75,24,3,0,0,0,1000
8714,0,5,3000,500,1000,0,36,0,0,0,0,1,0,0,0,-51.25,1,120,8200,0,26.25,93.75,1,3,0,0,0,1000
8715,0,6,3000,500,1000,0,35,0,0,0,0,1,0,0,0,-51.25,1,120,8200,0,26.25,93.75,1,3,0,0,0,1000
8716,0,7,3000,500,1000,0,34,0,0,0,0,1,0,0,0,-51.25,1,120,8200,0,26.25,93.75,1,3,0,0,0,1000
8717,0,8,3000,500,1000,0,33,0,0,0,0,1,0,0,0,-51.25,1,120,8200,0,26.25,93.75,1,3,0,0,0,1000
8718,0,9,3000,500,1000,0,32,0,0,0,0,1,0,0,0,-51.25,1,120,8200,0,26.25,93.75,1,3,0,0,0,1000
8719,0,10,3000,500,1000,0,31,0,0,0,0,1,0,0,0,-51.25,1,120,8200,0,26.25,93.75,1,3,0,0,0,1000
8720,0,11,3000,500,1000,0,30,0,0,0,0,1,0,0,0,-51.25,1,120,8200,0,26.25,93.75,1,3,0,0,0,1000
8721,0,12,3000,500,1000,0,29,0,0,0,0,1,0,0,0,-51.25,1,120,8200,0,26.25,93.75,1,3,0,0,0,1000
8722,0,13,3000,500,1000,0,28,0,0,0,0,1,0,0,0,-51.25,1,120,8200,0,26.25,93.75,1,3,0,0,0,1000
8723,0,14,3000,500,1000,0,27,0,0,0,0,1,0,0,0,-51.25,1,120,8200,0,26.25,93.75,1,3,0,0,0,1000
8724,0,15,3000,500,1000,0,26,0,0,0,0,1,0,0,0,-51.25,1,120,8200,0,26.25,93.75,1,3,0,0,0,1000
8725,0,16,3000,500,1000,0,25,0,0,0,0,1,0,0,0,-51.25,1,120,8200,0,26.25,93.75,1,3,0,0,0,1000
8726,0,17,3000,500,1000,0,24,0,0,0,0,1,0,0,0,-51.25,1,120,8200,0,26.25,93.75,2,3,0,0,0,1000
8727,0,18,3000,500,1000,0,23,0,0,0,0,1,0,0,0,-51.25,1,120,8200,0,26.25,93.75,2,3,0,0,0,1000
8728,0,19,3000,500,1000,0,22,0,0,0,0,1,0,0,0,-51.25,1,120,8200,0,26.25,93.75,2,3,0,0,0,1000
8729,0,20,3000,500,1000,0,21,0,0,0,0,1,0,0,0,-51.25,1,120,8200,0,26.25,93.75,2,3,0,0,0,1000
8730,0,21,3000,500,1000,0,20,0,0,0,0,1,0,0,0,-51.25,1,120,8200,0,26.25,93.75,2,3,0,0,0,1000
8731,0,22,3000,500,1000,0,19,0,0,0,0,1,0,0,0,-51.25,1,120,8200,0,26.25,93.75,2,3,0,0,0,1000
8732,0,23,3000,500,1000,0,18,0,0,0,0,1,0,0,0,-51.25,1,120,8200,0,26.25,93.75,2,3,0,0,0,1000
8733,0,24,3000,500,1000,0,17,0,0,0,0,1,0,0,0,-51.25,1,120,8200,0,26.25,93.75,2,3,0,0,0,1000
8734,0,25,3000,500,1000,0,16,0,0,0,0,1,0,0,0,-51.25,1,120,8200,0,26.25,93.75,2,3,0,0,0,1000
8735,0,26,3000,500,1000,0,15,0,0,0,0,1,0,0,0,-51.25,1,120,8200,0,26.25,93.75,2,3,0,0,0,1000
8736,0,27,3000,500,1000,0,14,0,0,0,0,1,0,0,0,-51.25,1,120,8200,0,26.25,93.75,2,3,0,0,0,1000
8737,0,28,3000,500,1000,0,13,0,0,0,0,1,0,0,0,-51.25,1,120,8200,0,26.25,93.75,2,3,0,0,0,1000
8738,0,29,3000,500,1000,0,12,0,0,0,0,1,0,0,0,-51.25,1,120,8200,0,26.25,93.75,3,3,0,0,0,1000
8739,0,30,3000,500,1000,0,11,0,0,0,0,1,0,0,0,-51.25,1,120,8200,0,26.25,93.75,3,3,0,0,0,1000
8740,0,31,3000,500,1000,0,10,0,0,0,0,1,0,0,0,-51.25,1,120,8200,0,26.25,93.75,3,3,0,0,0,1000
8741,0,32,3000,500,1000,0,9,0,0,0,0,1,0,0,0,-51.25,1,120,8200,0,26.25,93.75,3,3,0,0,0,1000
8742,0,33,3000,500,1000,0,8,0,0,0,0,1,0,0,0,-51.25,1,120,8200,0,26.25,93.75,3,3,0,0,0,1000
8743,0,34,3000,500,1000,0,7,0,0,0,0,1,0,0,0,-51.25,1,120,8200,0,26.25,93.75,3,3,0,0,0,1000
8744,0,35,3000,500,1000,0,6,0,0,0,0,1,0,0,0,-51.25,1,120,8200,0,26.25,93.75,3,3,0,0,0,1000
8745,0,36,3000,500,1000,0,5,0,0,0,0,1,0,0,0,-51.25,1,120,8200,0,26.25,93.75,3,3,0,0,0,1000
8746,0,37,3000,500,1000,0,4,0,0,0,0,1,0,0,0,-51.25,1,120,8200,0,26.25,93.75,3,3,0,0,0,1000
8747,0,38,3000,500,1000,0,3,0,0,0,0,1,0,0,0,-51.25,1,120,8200,0,26.25,93.75,3,3,0,0,0,1000
8748,0,39,3000,500,1000,0,2,0,0,0,0,1,0,0,0,-51.25,1,120,8200,0,26.25,93.75,3,3,0,0,0,1000
8749,0,40,3000,500,1000,0,1,0,0,0,0,1,0,0,0,-51.25,1,120,8200,0,26.25,93.75,3,3,0,0,0,1000
8750,0,41,3000,500,1000,0,0,0,0,0,0,1,0,0,0,-51.25,1,120,8200,0,26.25,93.75,4,3,0,0,0,1000
8751,0,42,3000,500,1000,0,0,0,0,0,0,1,0,0,0,-51.25,1,120,8200,0,26.25,93.75,4,3,0,0,0,1000
8752,0,43,3000,500,1000,0,0,0,0,0,0,1,0,0,0,-51.25,1,120,8200,0,26.25,93.75,4,3,0,0,0,1000
8753,0,44,3000,500,1000,0,0,0,0,0,0,1,0,0,0,-51.25,1,120,8200,0,26.25,93.75,4,3,0,0,0,1000
8754,0,45,3000,500,1000,0,0,0,0,0,0,1,0,0,0,-51.25,1,120,8200,0,26.25,93.75,4,3,0,0,0,1000
8755,0,46,3000,500,1000,0,0,0,0,0,0,1,0,0,0,-51.25,1,120,8200,0,26.25,93.75,4,3,0,0,0,1000
8756,0,47,3000,500,1000,0,0,0,0,0,0,1,0,0,0,-51.25,1,120,8200,0,26.25,93.75,4,3,0,0,0,1000
8757,0,48,3000,500,1000,0,0,0,0,0,0,1,0,0,0,-51.25,1,120,8200,0,26.25,93.75,4,3,0,0,0,1000
8758,0,49,3000,500,1000,0,0,0,0,0,0,1,0,0,0,-51.25,1,120,8200,0,26.25,93.75,4,3,0,0,0,1000
8759,0,50,3000,500,1000,0,0,0,0,0,0,1,0,0,0,-51.25,1,120,8200,0,26.25,93.75,4,3,0,0,0,1000
8760,0,51,3000,500,1000,0,0,0,0,0,0,1,0,0,0,-51.25,1,120,8200,0,26.25,93.75,4,3,0,0,0,1000
8761,0,52,3000,500,1000,0,0,0,0,0,0,1,0,0,0,-51.25,1,120,8200,0,26.25,93.75,4,3,0,0,0,1000
8762,0,53,3000,500,1000,0,0,0,0,0,0,1,0,0,0,-51.25,1,120,8200,0,26.25,93.75,5,3,0,0,0,1000
8763,0,54,3000,500,1000,0,0,0,0,0,0,1,0,0,0,-51.25,1,120,8200,0,26.25,93.75,5,3,0,0,0,1000
8764,0,55,3000,500,1000,0,0,0,0,0,0,1,0,0,0,-51.25,1,120,8200,0,26.25,93.75,5,3,0,0,0,1000
8765,0,56,3000,500,1000,0,0,0,0,0,0,1,0,0,0,-51.25,1,120,8200,0,26.25,93.75,5,3,0,0,0,1000
8766,0,57,3000,500,1000,0,0,0,0,0,0,1,0,0,0,-51.25,1,120,8200,0,26.25,93.75,5,3,0,0,0,1000
8767,0,58,3000,500,1000,0,0,0,0,0,0,1,0,0,0,-51.25,1,120,8200,0,26.25,93.75,5,3,0,0,0,1000
8768,0,59,3000,500,1000,0,0,0,0,0,0,1,0,0,0,-51.25,1,120,8200,0,26.25,93.75,5,3,0,0,0,1000
8769,0,60,3000,500,1000,0,0,0,0,0,0,1,0,0,0,-51.25,1,120,8200,0,26.25,93.75,5,3,0,0,0,1000
8770,0,61,3000,500,1000,0,0,0,0,0,0,1,0,0,0,-51.25,1,120,8200,0,26.25,93.75,5,3,0,0,0,1000
8771,0,62,3000,500,1000,0,0,0,0,0,0,1,0,0,0,-51.25,1,120,8200,0,26.25,93.75,5,3,0,0,0,1000
8772,0,63,3000,500,1000,0,0,0,0,0,0,1,0,0,0,-51.25,1,120,8200,0,26.25,93.75,5,3,0,0,0,1000
8773,0,64,3000,500,1000,0,0,0,0,0,0,1,0,0,0,-51.25,1,120,8200,0,26.25,93.75,5,3,0,0,0,1000
8774,0,65,3000,500,1000,0,0,0,0,0,0,1,0,0,0,-51.25,1,120,8200,0,26.25,93.75,6,3,0,0,0,1000
8775,0,66,3000,500,1000,0,0,0,0,0,0,1,0,0,0,-51.25,1,120,8200,0,26.25,93.75,6,3,0,0,0,1000
8776,0,67,3000,500,1000,0,0,0,0,0,0,1,0,0,0,-51.25,1,120,8200,0,26.25,93.75,6,3,0,0,0,1000
8777,0,68,3000,500,1000,0,0,0,0,0,0,1,0,0,0,-51.25,1,120,8200,0,26.25,93.75,6,3,0,0,0,1000
8778,0,69,3000,500,1000,0,0,0,0,0,0,1,0,0,0,-51.25,1,120,8200,0,26.25,93.75,6,3,0,0,0,1000
8779,0,70,3000,500,1000,0,0,0,0,0,0,1,0,0,0,-51.25,1,120,8200,0,26.25,93.75,6,3,0,0,0,1000
8780,0,71,3000,500,1000,0,0,0,0,0,0,1,0,0,0,-51.25,1,120,8200,0,26.25,93.75,6,3,0,0,0,1000
8781,0,72,3000,500,1000,0,0,0,0,0,0,1,0,0,0,-51.25,1,120,8200,0,26.25,93.75,6,3,0,0,0,1000
8782,0,73,3000,500,1000,0,0,0,0,0,0,1,0,0,0,-51.25,1,120,8200,0,26.25,93.75,6,3,0,0,0,1000
8783,0,74,3000,500,1000,0,0,0,0,0,0,1,0,0,0,-51.25,1,120,8200,0,26.25,93.75,6,3,0,0,0,1000
8784,0,75,3000,500,1000,0,0,0,0,0,0,1,0,0,0,-51.25,1,120,8200,0,26.25,93.75,6,3,0,0,0,1000
8785,0,76,3000,500,1000,0,0,0,0,0,0,1,0,0,0,-51.25,1,120,8200,0,26.25,93.75,6,3,0,0,0,1000
8786,0,77,3000,500,1000,0,0,0,0,0,0,1,0,0,0,-51.25,1,120,8200,0,26.25,93.75,7,3,0,0,0,1000
8787,0,78,3000,500,1000,0,0,0,0,0,0,1,0,0,0,-51.25,1,120,8200,0,26.25,93.75,7,3,0,0,0,1000
8788,0,79,3000,500,1000,0,0,0,0,0,0,1,0,0,0,-51.25,1,120,8200,0,26.25,93.75,7,3,0,0,0,1000
8789,0,80,3000,500,1000,0,0,0,0,0,0,1,0,0,0,-51.25,1,120,8200,0,26.25,93.75,7,3,0,0,0,1000
8790,0,81,3000,500,1000,0,0,0,0,0,0,1,0,0,0,-51.25,1,120,8200,0,26.25,93.75,7,3,0,0,0,1000
8791,0,82,3000,500,1000,0,0,0,0,0,0,1,0,0,0,-51.25,1,120,8200,0,26.25,93.75,7,3,0,0,0,1000
8792,0,83,3000,500,1000,0,0,0,0,0,0,1,0,0,0,-51.25,1,120,8200,0,26.25,93.75,7,3,0,0,0,1000
8793,0,84,3000,500,1000,0,0,0,0,0,0,1,0,0,0,-51.25,1,120,8200,0,26.25,93.75,7,3,0,0,0,1000
8794,0,85,3000,500,1000,0,0,0,0,0,0,1,0,0,0,-51.25,1,120,8200,0,26.25,93.75,7,3,0,0,0,1000
8795,0,86,3000,500,1000,0,0,0,0,0,0,1,0,0,0,-51.25,1,120,8200,0,26.25,93.75,7,3,0,0,0,1000
8796,0,87,3000,500,1000,0,0,0,0,0,0,1,0,0,0,-51.25,1,120,8200,0,26.25,93.75,7,3,0,0,0,1000
8797,0,88,3000,500,1000,0,0,0,0,0,0,1,0,0,0,-51.25,1,120,8200,0,26.25,93.75,7,3,0,0,0,1000
8798,0,89,3000,500,1000,0,0,0,0,0,0,1,0,0,0,-51.25,1,120,8200,0,26.25,93.75,8,3,0,0,0,1000
8799,0,90,3000,500,1000,0,0,0,0,0,0,1,0,0,0,-51.25,1,120,8200,0,26.25,93.75,8,3,0,0,0,1000
8800,0,91,3000,500,1000,0,0,0,0,0,0,1,0,0,0,-51.25,1,120,8200,0,26.25,93.75,8,3,0,0,0,1000
8801,0,92,3000,500,1000,0,0,0,0,0,0,1,0,0,0,-51.25,1,120,8200,0,26.25,93.75,8,3,0,0,0,1000
8802,0,93,3000,500,1000,0,0,0,0,0,0,1,0,0,0,-51.25,1,120,8200,0,26.25,93.75,8,3,0,0,0,1000
8803,0,94,3000,500,1000,0,0,0,0,0,0,1,0,0,0,-51.25,1,120,8200,0,26.25,93.75,8,3,0,0,0,1000
8804,0,95,3000,500,1000,0,0,0,0,0,0,1,0,0,0,-51.25,1,120,8200,0,26.25,93.75,8,3,0,0,0,1000
8805,0,96,3000,500,1000,0,0,0,0,0,0,1,0,0,0,-51.25,1,120,8200,0,26.25,93.75,8,3,0,0,0,1000
8806,0,97,3000,500,1000,0,0,0,0,0,0,1,0,0,0,-51.25,1,120,8200,0,26.25,93.75,8,3,0,0,0,1000
8807,0,98,3000,500,1000,0,0,0,0,0,0,1,0,0,0,-51.25,1,120,8200,0,26.25,93.75,8,3,0,0,0,1000
8808,0,99,3000,500,1000,0,0,0,0,0,0,1,0,0,0,-51.25,1,120,8200,0,26.25,93.75,8,3,0,0,0,1000
8809,0,100,3000,500,1000,0,0,0,0,0,0,1,0,0,0,-51.25,1,120,8200,0,26.25,93.75,8,3,0,0,0,1000
8810,0,101,3000,500,1000,0,0,0,0,0,0,1,0,0,0,-51.25,1,120,8200,0,26.25,93.75,9,3,0,0,0,1000
8811,0,102,3000,500,1000,0,0,0,0,0,0,1,0,0,0,-51.25,1,120,8200,0,26.25,93.75,9,3,0,0,0,1000
8812,0,103,3000,500,1000,0,0,0,0,0,0,1,0,0,0,-51.25,1,120,8200,0,26.25,93.75,9,3,0,0,0,1000
8813,0,104,3000,500,1000,0,0,0,0,0,0,1,0,0,0,-51.25,1,120,8200,0,26.25,93.75,9,3,0,0,0,1000
8814,0,105,3000,500,1000,0,0,0,0,0,0,1,0,0,0,-51.25,1,120,8200,0,26.25,93.75,9,3,0,0,0,1000
8815,0,106,3000,500,1000,0,0,0,0,0,0,1,0,0,0,-51.25,1,120,8200,0,26.25,93.75,9,3,0,0,0,1000
8816,0,107,3000,500,1000,0,0,0,0,0,0,1,0,0,0,-51.25,1,120,8200,0,26.25,93.75,9,3,0,0,0,1000
8817,0,108,3000,500,1000,0,0,0,0,0,0,1,0,0,0,-51.25,1,120,8200,0,26.25,93.75,9,3,0,0,0,1000
8818,0,109,3000,500,1000,0,0,0,0,0,0,1,0,0,0,-51.25,1,120,8200,0,26.25,93.75,9,3,0,0,0,1000
8819,0,110,3000,500,1000,0,0,0,0,0,0,1,0,0,0,-51.25,1,120,8200,0,26.25,93.75,9,3,0,0,0,1000
8820,0,111,3000,500,1000,0,0,0,0,0,0,1,0,0,0,-51.25,1,120,8200,0,26.25,93.75,9,3,0,0,0,1000
8821,0,112,3000,500,1000,0,0,0,0,0,0,1,0,0,0,-51.25,1,120,8200,0,26.25,93.75,9,3,0,0,0,1000
8822,0,113,3000,500,1000,0,0,0,0,0,0,1,0,0,0,-51.25,1,120,8200,0,26.25,93.75,10,3,0,0,0,1000
8823,0,114,3000,500,1000,0,0,0,0,0,0,1,0,0,0,-51.25,1,120,8200,0,26.25,93.75,10,3,0,0,0,1000
8824,0,115,3000,500,1000,0,0,0,0,0,0,1,0,0,0,-51.25,1,120,8200,0,26.25,93.75,10,3,0,0,0,1000
8825,0,116,3000,500,1000,0,0,0,0,0,0,1,0,0,0,-51.25,1,120,8200,0,26.25,93.75,10,3,0,0,0,1000
8826,0,117,3000,500,1000,0,0,0,0,0,0,1,0,0,0,-51.25,1,120,8200,0,26.25,93.75,10,3,0,0,0,1000
8827,0,118,3000,500,1000,0,0,0,0,0,0,1,0,0,0,-51.25,1,120,8200,0,26.25,93.75,10,3,0,0,0,1000
8828,0,119,3000,500,1000,0,0,0,0,0,0,1,0,0,0,-51.25,1,120,8200,0,26.25,93.75,10,3,0,0,0,1000
8829,0,120,3000,500,1000,0,0,0,0,0,0,1,0,0,0,-51.25,1,120,8200,0,26.25,93.75,10,3,0,0,0,1000
8830,0,121,3000,500,1000,0,0,0,0,0,0,1,0,0,0,-51.25,1,120,8200,0,26.25,93.75,10,3,0,0,0,1000
8831,0,122,3000,500,1000,0,0,0,0,0,0,1,0,0,0,-51.25,1,120,8200,0,26.25,93.75,10,3,0,0,0,1000
8832,0,123,3000,500,1000,0,0,0,0,0,0,1,0,0,0,-51.25,1,120,8200,0,26.25,93.75,10,3,0,0,0,1000
8833,0,124,3000,500,1000,0,0,0,0,0,0,1,0,0,0,-51.25,1,120,8200,0,26.25,93.75,10,3,0,0,0,1000
8834,0,125,3000,500,1000,0,0,0,0,0,0,1,0,0,0,-51.25,1,120,8200,0,26.25,93.75,11,3,0,0,0,1000
8835,0,126,3000,500,1000,0,0,0,0,0,0,1,0,0,0,-51.25,1,120,8200,0,26.25,93.75,11,3,0,0,0,1000
8836,0,127,3000,500,1000,0,0,0,0,0,0,1,0,0,0,-51.25,1,120,8200,0,26.25,93.75,11,3,0,0,0,1000
8837,0,128,3000,500,1000,0,0,0,0,0,0,1,0,0,0,-51.25,1,120,8200,0,26.25,93.75,11,3,0,0,0,1000
8838,0,129,3000,500,1000,0,0,0,0,0,0,1,0,0,0,-51.25,1,120,8200,0,26.25,93.75,11,3,0,0,0,1000
8839,0,130,3000,500,1000,0,0,0,0,0,0,1,0,0,0,-51.25,1,120,8200,0,26.25,93.75,11,3,0,0,0,1000
8840,0,131,3000,500,1000,0,0,0,0,0,0,1,0,0,0,-51.25,1,120,8200,0,26.25,93.75,11,3,0,0,0,1000
8841,0,132,3000,500,1000,0,0,0,0,0,0,1,0,0,0,-51.25,1,120,8200,0,26.25,93.75,11,3,0,0,0,1000
8842,0,133,3000,500,1000,0,0,0,0,0,0,1,0,0,0,-51.25,1,120,8200,0,26.25,93.75,11,3,0,0,0,1000
8843,0,134,3000,500,1000,0,0,0,0,0,0,1,0,0,0,-51.25,1,120,8200,0,26.25,93.75,11,3,0,0,0,1000
8844,0,135,3000,500,1000,0,0,0,0,0,0,1,0,0,0,-51.25,1,120,8200,0,26.25,93.75,11,3,0,0,0,1000
8845,0,136,3000,500,1000,0,0,0,0,0,0,1,0,0,0,-51.25,1,120,8200,0,26.25,93.75,11,3,0,0,0,1000
8846,0,137,3000,500,1000,0,0,0,0,0,0,1,0,0,0,-51.25,1,120,8200,0,26.25,93.75,12,3,0,0,0,1000
8847,0,138,3000,500,1000,0,0,0,0,0,0,1,0,0,0,-51.25,1,120,8200,0,26.25,93.75,12,3,0,0,0,1000
8848,0,139,3000,500,1000,0,0,0,0,0,0,1,0,0,0,-51.25,1,120,8200,0,26.25,93.75,12,3,0,0,0,1000
8849,0,140,3000,500,1000,0,0,0,0,0,0,1,0,0,0,-51.25,1,120,8200,0,26.25,93.75,12,3,0,0,0,1000
8850,0,141,3000,500,1000,0,0,0,0,0,0,1,0,0,0,-51.25,1,120,8200,0,26.25,93.75,12,3,0,0,0,1000
8851,0,142,3000,500,1000,0,0,0,0,0,0,1,0,0,0,-51.25,1,120,8200,0,26.25,93.75,12,3,0,0,0,1000
8852,0,143,3000,500,1000,0,0,0,0,0,0,1,0,0,0,-51.25,1,120,8200,0,26.25,93.75,12,3,0,0,0,1000
8853,0,144,3000,500,1000,0,0,0,0,0,0,1,0,0,0,-51.25,1,120,8200,0,26.25,93.75,12,3,0,0,0,1000
8854,0,145,3000,500,1000,0,0,0,0,0,0,1,0,0,0,-51.25,1,120,8200,0,26.25,93.75,12,3,0,0,0,1000
8855,0,146,3000,500,1000,0,0,0,0,0,0,1,0,0,0,-51.25,1,120,8200,0,26.25,93.75,12,3,0,0,0,1000
8856,0,147,3000,500,1000,0,0,0,0,0,0,1,0,0,0,-51.25,1,120,8200,0,26.25,93.75,12,3,0,0,0,1000
8857,0,148,3000,500,1000,0,0,0,0,0,0,1,0,0,0,-51.25,1,120,8200,0,26.25,93.75,12,3,0,0,0,1000
8858,0,149,3000,500,1000,0,0,0,0,0,0,1,0,0,0,-51.25,1,120,8200,0,26.25,93.75,13,3,0,0,0,1000
8859,0,150,3000,500,1000,0,0,0,0,0,0,1,0,0,0,-51.25,1,120,8200,0,26.25,93.75,13,3,0,0,0,1000
8860,0,151,3000,500,1000,0,0,0,0,0,0,1,0,0,0,-51.25,1,120,8200,0,26.25,93.75,13,3,0,0,0,1000
8861,0,152,3000,500,1000,0,0,0,0,0,0,1,0,0,0,-51.25,1,120,8200,0,26.25,93.75,13,3,0,0,0,1000
8862,0,153,3000,500,1000,0,0,0,0,0,0,1,0,0,0,-51.25,1,120,8200,0,26.25,93.75,13,3,0,0,0,1000
8863,0,154,3000,500,1000,0,0,0,0,0,0,1,0,0,0,-51.25,1,120,8200,0,26.25,93.75,13,3,0,0,0,1000
8864,0,155,3000,500,1000,0,0,0,0,0,0,1,0,0,0,-51.25,1,120,8200,0,26.25,93.75,13,3,0,0,0,1000
8865,0,156,3000,500,1000,0,0,0,0,0,0,1,0,0,0,-51.25,1,120,8200,0,26.25,93.75,13,3,0,0,0,1000
8866,0,157,3000,500,1000,0,0,0,0,0,0,1,0,0,0,-51.25,1,120,8200,0,26.25,93.75,13,3,0,0,0,1000
8867,0,158,3000,500,1000,0,0,0,0,0,0,1,0,0,0,-51.25,1,120,8200,0,26.25,93.75,13,3,0,0,0,1000
8868,0,159,3000,500,1000,0,0,0,0,0,0,1,0,0,0,-51.25,1,120,8200,0,26.25,93.75,13,3,0,0,0,1000
8869,0,160,3000,500,1000,0,0,0,0,0,0,1,0,0,0,-51.25,1,120,8200,0,26.25,93.75,13,3,0,0,0,1000
8870,0,161,3000,500,1000,0,0,0,0,0,0,1,0,0,0,-51.25,1,120,8200,0,26.25,93.75,14,3,0,0,0,1000
8871,0,162,3000,500,1000,0,0,0,0,0,0,1,0,0,0,-51.25,1,120,8200,0,26.25,93.75,14,3,0,0,0,1000
8872,0,163,3000,500,1000,0,0,0,0,0,0,1,0,0,0,-51.25,1,120,8200,0,26.25,93.75,14,3,0,0,0,1000
8873,0,164,3000,500,1000,0,0,0,0,0,0,1,0,0,0,-51.25,1,120,8200,0,26.25,93.75,14,3,0,0,0,1000
8874,0,165,3000,500,1000,0,0,0,0,0,0,1,0,0,0,-51.25,1,120,8200,0,26.25,93.75,14,3,0,0,0,1000
8875,0,166,3000,500,1000,0,0,0,0,0,0,1,0,0,0,-51.25,1,120,8200,0,26.25,93.75,14,3,0,0,0,1000
8876,0,167,3000,500,1000,0,0,0,0,0,0,1,0,0,0,-51.25,1,120,8200,0,26.25,93.75,14,3,0,0,0,1000
8877,0,168,3000,500,1000,0,0,0,0,0,0,1,0,0,0,-51.25,1,120,8200,0,26.25,93.75,14,3,0,0,0,1000
8878,0,169,3000,500,1000,0,0,0,0,0,0,1,0,0,0,-51.25,1,120,8200,0,26.25,93.75,14,3,0,0,0,1000
8879,0,170,3000,500,1000,0,0,0,0,0,0,1,0,0,0,-51.25,1,120,8200,0,26.25,93.75,14,3,0,0,0,1000
8880,0,171,3000,500,1000,0,0,0,0,0,0,1,0,0,0,-51.25,1,120,8200,0,26.25,93.75,14,3,0,0,0,1000
8881,0,172,3000,500,1000,0,0,0,0,0,0,1,0,0,0,-51.25,1,120,8200,0,26.25,93.75,14,3,0,0,0,1000
8882,0,173,3000,500,1000,0,0,0,0,0,0,1,0,0,0,-51.25,1,120,8200,0,26.25,93.75,15,3,0,0,0,1000
8883,0,174,3000,500,1000,0,0,0,0,0,0,1,0,0,0,-51.25,1,120,8200,0,26.25,93.75,15,3,0,0,0,1000
8884,0,175,3000,500,1000,0,0,0,0,0,0,1,0,0,0,-51.25,1,120,8200,0,26.25,93.75,15,3,0,0,0,1000
8885,0,176,3000,500,1000,0,0,0,0,0,0,1,0,0,0,-51.25,1,120,8200,0,26.25,93.75,15,3,0,0,0,1000
8886,0,177,3000,500,1000,0,0,0,0,0,0,1,0,0,0,-51.25,1,120,8200,0,26.25,93.75,15,3,0,0,0,1000
8887,0,178,3000,500,1000,0,0,0,0,0,0,1,0,0,0,-51.25,1,120,8200,0,26.25,93.75,15,3,0,0,0,1000
8888,0,179,3000,500,1000,0,0,0,0,0,0,1,0,0,0,-51.25,1,120,8200,0,26.25,93.75,15,3,0,0,0,1000
8889,0,180,3000,500,1000,0,0,0,0,0,0,1,0,0,0,-51.25,1,120,8200,0,26.25,93.75,15,3,0,0,0,1000
8890,0,181,3000,500,1000,0,0,0,0,0,0,1,0,0,0,-51.25,1,120,8200,0,26.25,93.75,15,3,0,0,0,1000
8891,0,182,3000,500,1000,0,0,0,0,0,0,1,0,0,0,-51.25,1,120,8200,0,26.25,93.75,15,3,0,0,0,1000
8892,0,183,3000,500,1000,0,0,0,0,0,0,1,0,0,0,-51.25,1,120,8200,0,26.25,93.75,15,3,0,0,0,1000
8893,0,184,3000,500,1000,0,0,0,0,0,0,1,0,0,0,-51.25,1,120,8200,0,26.25,93.75,15,3,0,0,0,1000
8894,0,185,3000,500,1000,0,0,0,0,0,0,1,0,0,0,-51.25,1,120,8200,0,26.25,93.75,16,3,0,0,0,1000
8895,0,186,3000,500,1000,0,0,0,0,0,0,1,0,0,0,-51.25,1,120,8200,0,26.25,93.75,16,3,0,0,0,1000
8896,0,187,3000,500,1000,0,0,0,0,0,0,1,0,0,0,-51.25,1,120,8200,0,26.25,93.75,16,3,0,0,0,1000
8897,0,188,3000,500,1000,0,0,0,0,0,0,1,0,0,0,-51.25,1,120,8200,0,26.25,93.75,16,3,0,0,0,1000
8898,0,189,3000,500,1000,0,0,0,0,0,0,1,0,0,0,-51.25,1,120,8200,0,26.25,93.75,16,3,0,0,0,1000
8899,0,190,3000,500,1000,0,0,0,0,0,0,1,0,0,0,-51.25,1,120,8200,0,26.25,93.75,16,3,0,0,0,1000
8900,0,191,3000,500,1000,0,0,0,0,0,0,1,0,0,0,-51.25,1,120,8200,0,26.25,93.75,16,3,0,0,0,1000
8901,0,192,3000,500,1000,0,0,0,0,0,0,1,0,0,0,-51.25,1,120,8200,0,26.25,93.75,16,3,0,0,0,1000
8902,0,193,3000,500,1000,0,0,0,0,0,0,1,0,0,0,-51.25,1,120,8200,0,26.25,93.75,16,3,0,0,0,1000
8903,0,194,3000,500,1000,0,0,0,0,0,0,1,0,0,0,-51.25,1,120,8200,0,26.25,93.75,16,3,0,0,0,1000
8904,0,195,3000,500,1000,0,0,0,0,0,0,1,0,0,0,-51.25,1,120,8200,0,26.25,93.75,16,3,0,0,0,1000
8905,0,196,3000,500,1000,0,0,0,0,0,0,1,0,0,0,-51.25,1,120,8200,0,26.25,93.75,16,3,0,0,0,1000
8906,0,197,3000,500,1000,0,0,0,0,0,0,1,0,0,0,-51.25,1,120,8200,0,26.25,93.75,17,3,0,0,0,1000
8907,0,198,3000,500,1000,0,0,0,0,0,0,1,0,0,0,-51.25,1,120,8200,0,26.25,93.75,17,3,0,0,0,1000
8908,0,199,3000,500,1000,0,0,0,0,0,0,1,0,0,0,-51.25,1,120,8200,0,26.25,93.75,17,3,0,0,0,1000
8909,0,200,3000,500,1000,0,0,0,0,0,0,1,0,0,0,-51.25,1,120,8200,0,26.25,93.75,17,3,0,0,0,1000
8910,0,201,3000,500,1000,0,0,0,0,0,0,1,0,0,0,-51.25,1,120,8200,0,26.25,93.75,17,3,0,0,0,1000
8911,0,202,3000,500,1000,0,0,0,0,0,0,1,0,0,0,-51.25,1,120,8200,0,26.25,93.75,17,3,0,0,0,1000
8912,0,203,3000,500,1000,0,0,0,0,0,0,1,0,0,0,-51.25,1,120,8200,0,26.25,93.75,17,3,0,0,0,1000
8913,0,204,3000,500,1000,0,0,0,0,0,0,1,0,0,0,-51.25,1,120,8200,0,26.25,93.75,17,3,0,0,0,1000
8914,0,205,3000,500,1000,0,0,0,0,0,0,1,0,0,0,-51.25,1,120,8200,0,26.25,93.75,17,3,0,0,0,1000
8915,0,206,3000,500,1000,0,0,0,0,0,0,1,0,0,0,-51.25,1,120,8200,0,26.25,93.75,17,3,0,0,0,1000
8916,0,207,3000,500,1000,0,0,0,0,0,0,1,0,0,0,-51.25,1,120,8200,0,26.25,93.75,17,3,0,0,0,1000
8917,0,208,3000,500,1000,0,0,0,0,0,0,1,0,0,0,-51.25,1,120,8200,0,26.25,93.75,17,3,0,0,0,1000
8918,0,209,3000,500,1000,0,0,0,0,0,0,1,0,0,0,-51.25,1,120,8200,0,26.25,93.75,18,3,0,0,0,1000
8919,0,210,3000,500,1000,0,0,0,0,0,0,1,0,0,0,-51.25,1,120,8200,0,26.25,93.75,18,3,0,0,0,1000
8920,0,211,3000,500,1000,0,0,0,0,0,0,1,0,0,0,-51.25,1,120,8200,0,26.25,93.75,18,3,0,0,0,1000
8921,0,212,3000,500,1000,0,0,0,0,0,0,1,0,0,0,-51.25,1,120,8200,0,26.25,93.75,18,3,0,0,0,1000
8922,0,213,3000,500,1000,0,0,0,0,0,0,1,0,0,0,-51.25,1,120,8200,0,26.25,93.75,18,3,0,0,0,1000
8923,0,214,3000,500,1000,0,0,0,0,0,0,1,0,0,0,-51.25,1,120,8200,0,26.25,93.75,18,3,0,0,0,1000
8924,0,215,3000,500,1000,0,0,0,0,0,0,1,0,0,0,-51.25,1,120,8200,0,26.25,93.75,18,3,0,0,0,1000
8925,0,216,3000,500,1000,0,0,0,0,0,0,1,0,0,0,-51.25,1,120,8200,0,26.25,93.75,18,3,0,0,0,1000
8926,0,217,3000,500,1000,0,0,0,0,0,0,1,0,0,0,-51.25,1,120,8200,0,26.25,93.75,18,3,0,0,0,1000
8927,0,218,3000,500,1000,0,0,0,0,0,0,1,0,0,0,-51.25,1,120,8200,0,26.25,93.75,18,3,0,0,0,1000
8928,0,219,3000,500,1000,0,0,0,0,0,0,1,0,0,0,-51.25,1,120,8200,0,26.25,93.75,18,3,0,0,0,1000
8929,0,220,3000,500,1000,0,0,0,0,0,0,1,0,0,0,-51.25,1,120,8200,0,26.25,93.75,18,3,0,0,0,1000
8930,0,221,3000,500,1000,0,0,0,0,0,0,1,0,0,0,-51.25,1,120,8200,0,26.25,93.75,19,3,0,0,0,1000
8931,0,222,3000,500,1000,0,0,0,0,0,0,1,0,0,0,-51.25,1,120,8200,0,26.25,93.75,19,3,0,0,0,1000
8932,0,223,3000,500,1000,0,0,0,0,0,0,1,0,0,0,-51.25,1,120,8200,0,26.25,93.75,19,3,0,0,0,1000
8933,0,224,3000,500,1000,0,0,0,0,0,0,1,0,0,0,-51.25,1,120,8200,0,26.25,93.75,19,3,0,0,0,1000
8934,0,225,3000,500,1000,0,0,0,0,0,0,1,0,0,0,-51.25,1,120,8200,0,26.25,93.75,19,3,0,0,0,1000
8935,0,226,3000,500,1000,0,0,0,0,0,0,1,0,0,0,-51.25,1,120,8200,0,26.25,93.75,19,3,0,0,0,1000
8936,0,227,3000,500,1000,0,0,0,0,0,0,1,0,0,0,-51.25,1,120,8200,0,26.25,93.75,19,3,0,0,0,1000
8937,0,228,3000,500,1000,0,0,0,0,0,0,1,0,0,0,-51.25,1,120,8200,0,26.25,93.75,19,3,0,0,0,1000
8938,0,229,3000,500,1000,0,0,0,0,0,0,1,0,0,0,-51.25,1,120,8200,0,26.25,93.75,19,3,0,0,0,1000
8939,0,230,3000,500,1000,0,0,0,0,0,0,1,0,0,0,-51.25,1,120,8200,0,26.25,93.75,19,3,0,0,0,1000
8940,0,231,3000,500,1000,0,0,0,0,0,0,1,0,0,0,-51.25,1,120,8200,0,26.25,93.75,19,3,0,0,0,1000
8941,0,232,3000,500,1000,0,0,0,0,0,0,1,0,0,0,-51.25,1,120,8200,0,26.25,93.75,19,3,0,0,0,1000
8942,0,233,3000,500,1000,0,0,0,0,0,0,1,0,0,0,-51.25,1,120,8200,0,26.25,93.75,19,3,0,0,0,1000
8943,0,234,3000,500,1000,0,0,0,0,0,0,1,0,0,0,-51.25,1,120,8200,0,26.25,93.75,19,3,0,0,0,1000
8944,0,235,3000,500,1000,0,0,0,0,0,0,1,0,0,0,-51.25,1,120,8200,0,26.25,93.75,19,3,0,0,0,1000
8945,0,236,3000,500,1000,0,0,0,0,0,0,1,0,0,0,-51.25,1,120,8200,0,26.25,93.75,19,3,0,0,0,1000
8946,0,237,3000,500,1000,0,0,0,0,0,0,1,0,0,0,-51.25,1,120,8200,0,26.25,93.75,19,3,0,0,0,1000
8947,0,238,3000,500,1000,0,0,0,0,0,0,1,0,0,0,-51.25,1,120,8200,0,26.25,93.75,19,3,0,0,0,1000
8948,0,239,3000,500,1000,0,0,0,0,0,0,1,0,0,0,-51.25,1,120,8200,0,26.25,93.75,20,3,0,0,0,1000
8949,0,240,3000,500,1000,0,0,0,0,0,0,1,0,0,0,-51.25,1,120,8200,0,26.25,93.75,20,3,0,0,0,1000
8950,0,241,3000,500,1000,0,0,0,0,0,0,1,0,0,0,-51.25,1,120,8200,0,26.25,93.75,20,3,0,0,0,1000
8951,0,242,3000,500,1000,0,0,0,0,0,0,1,0,0,0,-51.25,1,120,8200,0,26.25,93.75,20,3,0,0,0,1000
8952,0,243,3000,500,1000,0,0,0,0,0,0,1,0,0,0,-51.25,1,120,8200,0,26.25,93.75,20,3,0,0,0,1000
8953,0,244,3000,500,1000,0,0,0,0,0,0,1,0,0,0,-51.25,1,120,8200,0,26.25,93.75,20,3,0,0,0,1000
8954,0,245,3000,500,1000,0,0,0,0,0,0,1,0,0,0,-51.25,1,120,8200,0,26.25,93.75,20,3,0,0,0,1000
8955,0,246,3000,500,1000,0,0,0,0,0,0,1,0,0,0,-51.25,1,120,8200,0,26.25,93.75,20,3,0,0,0,1000
8956,0,247,3000,500,1000,0,0,0,0,0,0,1,0,0,0,-51.25,1,120,8200,0,26.25,93.75,20,3,0,0,0,1000
8957,0,248,3000,500,1000,0,0,0,0,0,0,1,0,0,0,-51.25,1,120,8200,0,26.25,93.75,20,3,0,0,0,1000
8958,0,249,3000,500,1000,0,0,0,0,0,0,1,0,0,0,-51.25,1,120,8200,0,26.25,93.75,20,3,0,0,0,1000
8959,0,250,3000,500,1000,0,0,0,0,0,0,1,0,0,0,-51.25,1,120,8200,0,26.25,93.75,20,3,0,0,0,1000
8960,0,251,3000,500,1000,0,0,0,0,0,0,1,0,0,0,-51.25,1,120,8200,0,26.25,93.75,20,3,0,0,0,1000
8961,0,252,3000,500,1000,0,0,0,0,0,0,1,0,0,0,-51.25,1,120,8200,0,26.25,93.75,20,3,0,0,0,1000
8962,0,253,3000,500,1000,0,0,0,0,0,0,1,0,0,0,-51.25,1,120,8200,0,26.25,93.75,20,3,0,0,0,1000
8963,0,254,3000,500,1000,0,0,0,0,0,0,1,0,0,0,-51.25,1,120,8200,0,26.25,93.75,20,3,0,0,0,1000
8964,0,255,3000,500,1000,0,0,0,0,0,0,1,0,0,0,-51.25,1,120,8200,0,26.25,93.75,20,3,0,0,0,1000
8965,0,256,3000,500,1000,0,0,0,0,0,0,1,0,0,0,-51.25,1,120,8200,0,26.25,93.75,20,3,0,0,0,1000
8966,0,257,3000,500,1000,0,0,0,0,0,0,1,0,0,0,-51.25,1,120,8200,0,26.25,93.75,21,3,0,0,0,1000
8967,0,258,3000,500,1000,0,0,0,0,0,0,1,0,0,0,-51.25,1,120,8200,0,26.25,93.75,21,3,0,0,0,1000
8968,0,259,3000,500,1000,0,0,0,0,0,0,1,0,0,0,-51.25,1,120,8200,0,26.25,93.75,21,3,0,0,0,1000
8969,0,260,3000,500,1000,0,0,0,0,0,0,1,0,0,0,-51.25,1,120,8200,0,26.25,93.75,21,3,0,0,0,1000
8970,0,261,3000,500,1000,0,0,0,0,0,0,1,0,0,0,-51.25,1,120,8200,0,26.25,93.75,21,3,0,0,0,1000
8971,0,262,3000,500,1000,0,0,0,0,0,0,1,0,0,0,-51.25,1,120,8200,0,26.25,93.75,21,3,0,0,0,1000
8972,0,263,3000,500,1000,0,0,0,0,0,0,1,0,0,0,-51.25,1,120,8200,0,26.25,93.75,21,3,0,0,0,1000
8973,0,264,3000,500,1000,0,0,0,0,0,0,1,0,0,0,-51.25,1,120,8200,0,26.25,93.75,21,3,0,0,0,1000
8974,0,265,3000,500,1000,0,0,0,0,0,0,1,0,0,0,-51.25,1,120,8200,0,26.25,93.75,21,3,0,0,0,1000
8975,0,266,3000,500,1000,0,0,0,0,0,0,1,0,0,0,-51.25,1,120,8200,0,26.25,93.75,21,3,0,0,0,1000
8976,0,267,3000,500,1000,0,0,0,0,0,0,1,0,0,0,-51.25,1,120,8200,0,26.25,93.75,21,3,0,0,0,1000
8977,0,268,3000,500,1000,0,0,0,0,0,0,1,0,0,0,-51.25,1,120,8200,0,26.25,93.75,21,3,0,0,0,1000
8978,0,269,3000,500,1000,0,0,0,0,0,0,1,0,0,0,-51.25,1,120,8200,0,26.25,93.75,21,3,0,0,0,1000
8979,0,270,3000,500,1000,0,0,0,0,0,0,1,0,0,0,-51.25,1,120,8200,0,26.25,93.75,21,3,0,0,0,1000
8980,0,271,3000,500,1000,0,0,0,0,0,0,1,0,0,0,-51.25,1,120,8200,0,26.25,93.75,21,3,0,0,0,1000
8981,0,272,3000,500,1000,0,0,0,0,0,0,1,0,0,0,-51.25,1,120,8200,0,26.25,93.75,21,3,0,0,0,1000
8982,0,273,3000,500,1000,0,0,0,0,0,0,1,0,0,0,-51.25,1,120,8200,0,26.25,93.75,21,3,0,0,0,1000
8983,0,274,3000,500,1000,0,0,0,0,0,0,1,0,0,0,-51.25,1,120,8200,0,26.25,93.75,21,3,0,0,0,1000
8984,0,275,3000,500,1000,0,0,0,0,0,0,1,0,0,0,-51.25,1,120,8200,0,26.25,93.75,21,3,0,0,0,1000
8985,0,276,3000,500,1000,0,0,0,0,0,0,1,0,0,0,-51.25,1,120,8200,0,26.25,93.75,21,3,0,0,0,1000
8986,0,277,3000,500,1000,0,0,0,0,0,0,1,0,0,0,-51.25,1,120,8200,0,26.25,93.75,21,3,0,0,0,1000
8987,0,278,3000,500,1000,0,0,0,0,0,0,1,0,0,0,-51.25,1,120,8200,0,26.25,93.75,21,3,0,0,0,1000
8988,0,279,3000,500,1000,0,0,0,0,0,0,1,0,0,0,-51.25,1,120,8200,0,26.25,93.75,21,3,0,0,0,1000
8989,0,280,3000,500,1000,0,0,0,0,0,0,1,0,0,0,-51.25,1,120,8200,0,26.25,93.75,21,3,0,0,0,1000
8990,0,281,3000,500,1000,0,0,0,0,0,0,1,0,0,0,-51.25,1,120,8200,0,26.25,93.75,21,3,0,0,0,1000
8991,0,282,3000,500,1000,0,0,0,0,0,0,1,0,0,0,-51.25,1,120,8200,0,26.25,93.75,21,3,0,0,0,1000
8992,0,283,3000,500,1000,0,0,0,0,0,0,1,0,0,0,-51.25,1,120,8200,0,26.25,93.75,21,3,0,0,0,1000
8993,0,284,3000,500,1000,0,0,0,0,0,0,1,0,0,0,-51.25,1,120,8200,0,26.25,93.75,21,3,0,0,0,1000
8994,0,285,3000,500,1000,0,0,0,0,0,0,1,0,0,0,-51.25,1,120,8200,0,26.25,93.75,21,3,0,0,0,1000
8995,0,286,3000,500,1000,0,0,0,0,0,0,1,0,0,0,-51.25,1,120,8200,0,26.25,93.75,21,3,0,0,0,1000
8996,0,287,3000,500,1000,0,0,0,0,0,0,1,0,0,0,-51.25,1,120,8200,0,26.25,93.75,21,3,0,0,0,1000
8997,0,288,3000,500,1000,0,0,0,0,0,0,1,0,0,0,-51.25,1,120,8200,0,26.25,93.75,21,3,0,0,0,1000
8998,0,289,3000,500,1000,0,0,0,0,0,0,1,0,0,0,-51.25,1,120,8200,0,26.25,93.75,21,3,0,0,0,1000
8999,0,290,3000,500,1000,0,0,0,0,0,0,1,0,0,0,-51.25,1,120,8200,0,26.25,93.75,21,3,0,0,0,1000
9000,0,291,3000,500,1000,0,0,0,0,0,0,1,0,0,0,-51.25,1,120,8200,0,26.25,93.75,21,3,0,0,0,1000
