1,0,112,0,1000,1000,0,0,0,0,0,0,0,0,0,0,-70,1,0,0,0,0,0,0,0,0,0,0,0
2,0,113,0,1000,1000,0,0,0,0,0,0,0,0,0,0,-70,1,0,0,0,0,0,0,0,0,0,0,0
3,0,114,0,1000,1000,0,0,0,0,0,0,0,0,0,0,-70,1,0,0,0,0,0,0,0,0,0,0,0
4,0,115,0,1000,1000,0,0,0,0,0,0,0,0,0,0,-70,1,0,0,0,0,0,0,0,0,0,0,0
5,0,116,0,1000,1000,0,0,0,0,0,0,0,0,0,0,-70,1,0,0,0,0,0,0,0,0,0,0,0
6,0,117,0,1000,1000,0,0,0,0,0,0,0,0,0,0,-70,1,0,0,0,0,0,0,0,0,0,0,0
7,0,118,0,1000,1000,0,0,0,0,0,0,0,0,0,0,-70,1,0,0,0,0,0,0,0,0,0,0,0
8,0,119,0,1000,1000,0,0,0,0,0,0,0,0,0,0,-70,1,0,0,0,0,0,0,0,0,0,0,0
9,0,120,0,1000,1000,0,0,0,0,0,0,0,0,0,0,-70,1,0,0,0,0,0,0,0,0,0,0,0
10,0,1,3000,500,1000,0,0,0,0,0,0,0,0,0,0,-25,1,0,0,0,0,0,0,0,0,0,0,1000
11,0,2,3000,500,1000,0,0,0,0,0,0,0,0,0,0,-25,1,0,0,0,0,0,0,0,0,0,0,1000
12,0,3,3000,500,1000,0,0,0,0,0,0,0,0,0,0,-25,1,0,0,0,0,0,0,0,0,0,0,1000
13,0,4,3000,500,1000,0,0,0,0,0,0,0,0,0,0,-25,1,0,0,0,0,0,0,0,0,0,0,1000
14,0,5,3000,500,1000,0,0,0,0,0,0,0,0,0,0,-25,1,0,0,0,0,0,0,0,0,0,0,1000
15,0,6,3000,500,1000,0,0,0,0,0,0,0,0,0,0,-25,1,0,0,0,0,0,0,0,0,0,0,1000
16,0,7,3000,500,1000,0,0,0,0,0,0,0,0,0,0,-25,1,0,0,0,0,0,0,0,0,0,0,1000
17,0,8,3000,500,1000,0,0,0,0,0,0,0,0,0,0,-25,1,0,0,0,0,0,0,0,0,0,0,1000
18,0,9,3000,500,1000,0,0,0,0,0,0,0,0,0,0,-25,1,0,0,0,0,0,0,0,0,0,0,1000
19,10,1,3000,500,1000,0,0,0,0,0,0,0,0,0,0,-25,1,0,0,0,0,0,0,0,0,0,0,1000
20,10,2,3000,500,1000,0,0,0,0,0,0,0,0,0,0,-25,1,0,0,0,0,0,0,0,0,0,0,1000
21,10,3,3000,500,1000,0,0,0,0,0,0,0,0,0,0,-25,1,0,0,0,0,0,0,0,0,0,0,1000
22,10,4,3000,500,1000,0,0,0,0,0,0,0,0,0,0,-25,1,0,0,0,0,0,0,0,0,0,0,1000
23,10,5,3000,500,1000,0,0,0,0,0,0,0,0,0,0,-25,1,0,0,0,0,0,0,0,0,0,0,1000
24,10,6,3000,500,1000,0,0,0,0,0,0,0,0,0,0,-25,1,0,0,0,0,0,0,0,0,0,0,1000
25,1000,1,3000,500,1000,0,0,0,0,0,0,0,0,0,0,-25,1,0,0,0,0,0,0,0,0,0,0,1000
26,1000,2,3000,500,1000,0,0,0,0,0,0,0,0,0,0,-25,1,0,0,0,0,0,0,0,0,0,0,1000
27,1000,3,3000,500,1000,0,0,0,0,0,0,0,0,0,0,-25,1,0,0,0,0,0,0,0,0,0,0,1000
28,1000,4,3000,500,1000,0,0,0,0,0,0,0,0,0,0,-22.5,1,0,0,0,0,0,0,0,0,-6,0,1000
29,1000,5,3000,500,1000,0,0,0,0,0,0,0,0,0,0,-20,1,0,0,0,0,0,0,0,0,-11.5,0,1000
30,1000,6,3000,500,1000,0,0,0,0,0,0,0,0,0,0,-17.5,1,0,0,0,0,0,0,0,0,-16.5,0,1000
31,1000,7,3000,500,1000,0,0,0,0,0,0,0,0,0,0,-15,1,0,0,0,0,0,0,0,0,-21,0,1000
32,1000,8,3000,500,1000,0,0,0,0,0,0,0,0,0,0,-12.5,1,0,0,0,0,0,0,0,0,-25,0,1000
33,1000,9,3000,500,1000,0,0,0,0,0,0,0,0,0,0,-10,1,0,0,0,0,0,0,0,0,-28.5,0,1000
34,1000,10,3000,500,1000,0,0,0,0,0,0,0,0,0,0,-7.5,1,0,0,0,0,0,0,0,0,-31.5,0,1000
35,1000,11,3000,500,1000,0,0,0,0,0,0,0,0,0,0,-5,1,0,0,0,0,0,0,0,0,-34,0,1000
36,1000,12,3000,500,1000,0,0,0,0,0,0,0,0,0,0,-2.5,1,0,0,0,0,0,0,0,0,-36,0,1000
37,1000,13,3000,500,1000,0,0,0,0,0,0,0,0,0,0,0,1,0,0,0,0,0,0,0,0,-37.5,0,1000
38,1000,14,3000,500,1000,0,0,0,0,0,0,0,0,0,0,1.25,1,0,0,0,0,0,0,0,0,-38.5,0,1000
39,1000,15,3000,500,1000,0,0,0,0,0,0,0,0,0,0,2.5,1,0,0,0,0,0,0,0,0,-39,0,1000
40,1000,16,3000,500,1000,0,0,0,0,0,0,0,0,0,0,3.75,1,0,0,0,0,0,0,0,0,-39,0,1000
41,1000,17,3000,500,1000,0,0,0,0,0,0,0,0,0,0,5,1,0,0,0,0,0,0,0,0,-38.5,0,1000
42,1000,18,3000,500,1000,0,0,0,0,0,0,0,0,0,0,6.25,1,0,0,0,0,0,0,0,0,-37.5,0,1000
43,1000,19,3000,500,1000,0,0,0,0,0,0,0,0,0,0,7.5,1,0,0,0,0,0,0,0,0,-36,0,1000
44,1000,20,3000,500,1000,0,0,0,0,0,0,0,0,0,0,8.75,1,0,0,0,0,0,0,0,0,-34,0,1000
45,1000,21,3000,500,1000,0,0,0,0,0,0,0,0,0,0,10,1,0,0,0,0,0,0,0,0,-31.5,0,1000
46,1000,22,3000,500,1000,0,0,0,0,0,0,0,0,0,0,11.25,1,0,0,0,0,0,0,0,0,-28.5,0,1000
47,1000,22,4030,500,936,0,0,0,0,0,0,0,0,0,0,11.25,1,0,0,0,0,0,0,0,0,-28.5,0,2018
48,1000,22,4030,500,936,0,0,0,0,0,0,0,0,0,0,11.25,1,0,0,0,0,0,0,0,0,-28.5,0,2018
49,1000,22,4030,500,936,0,0,0,0,0,0,0,0,0,0,11.25,1,0,0,0,0,0,0,0,0,-28.5,0,2018
50,1000,22,4030,500,936,0,0,0,0,0,0,0,0,0,0,11.25,1,0,0,0,0,0,0,0,0,-28.5,0,2018
51,1000,22,4030,500,936,0,0,0,0,0,0,0,0,0,0,11.25,1,0,0,0,0,0,0,0,0,-28.5,0,2018
52,1000,22,4030,500,936,0,0,0,0,0,0,0,0,0,0,11.25,1,0,0,0,0,0,0,0,0,-28.5,0,2018
53,1000,23,4030,500,936,0,0,0,0,0,0,0,0,0,0,13.75,1,0,0,0,0,0,0,0,0,-25,0,2018
54,1000,24,4030,500,936,0,0,0,0,0,0,0,0,0,0,15.25,1,0,0,0,0,0,0,0,0,-21,0,2018
55,1000,25,4030,500,936,0,0,0,0,0,0,0,0,0,0,16.5,1,0,0,0,0,0,0,0,0,-16.5,0,2018
56,1000,26,4030,500,936,0,0,0,0,0,0,0,0,0,0,19,1,0,0,0,0,0,0,0,0,-11.5,0,2018
57,1000,27,4030,500,936,0,0,0,0,0,0,0,0,0,0,21.5,1,0,0,0,0,0,0,0,0,-6,0,2018
58,1000,28,4030,500,936,0,0,0,0,0,0,0,0,0,0,24,1,0,0,0,0,0,0,0,0,0,0,2018
59,1000,29,4030,500,936,0,0,0,0,0,0,0,0,0,0,26.5,1,0,0,0,0,0,0,0,0,6.5,0,2018
60,1000,30,4030,500,936,0,0,0,0,0,0,0,0,0,0,26.5,1,0,0,0,0,0,0,0,0,0,0,2018
61,1000,31,4030,500,936,0,0,0,0,0,0,0,0,0,0,26.5,1,0,0,0,0,0,0,0,0,0,0,2018
62,1000,32,4030,500,936,0,0,0,0,0,0,0,0,0,0,26.5,1,0,0,0,0,0,0,0,0,0,0,2018
63,1000,33,4030,500,936,0,0,0,0,0,0,0,0,0,0,26.5,1,0,0,0,0,0,0,0,0,0,0,2018
64,1000,34,4030,500,936,0,0,0,0,0,0,0,0,0,0,26.5,1,0,0,0,0,0,0,0,0,0,0,2018
65,1000,35,4030,500,936,0,0,0,0,0,0,0,0,0,0,26.5,1,0,0,0,0,0,0,0,0,0,0,2018
66,1000,36,4030,500,936,0,0,0,0,0,0,0,0,0,0,26.5,1,0,0,0,0,0,0,0,0,0,0,2018
67,1000,37,4030,500,936,0,0,0,0,0,0,0,0,0,0,26.5,1,0,0,0,0,0,0,0,0,0,0,2018
68,1000,38,4030,500,936,0,0,0,0,0,0,0,0,0,0,26.5,1,0,0,0,0,0,0,0,0,0,0,2018
69,1000,39,4030,500,936,0,0,0,0,0,0,0,0,0,0,26.5,1,0,0,0,0,0,0,0,0,0,0,2018
70,1000,40,4030,500,936,0,0,0,0,0,0,0,0,0,0,26.5,1,0,0,0,0,0,0,0,0,0,0,2018
71,1000,41,4030,500,936,0,0,0,0,0,0,0,0,0,0,26.5,1,0,0,0,0,0,0,0,0,0,0,2018
72,1000,42,4030,500,936,0,0,0,0,0,0,0,0,0,0,26.5,1,0,0,0,0,0,0,0,0,0,0,2018
73,0,1,4030,500,936,0,0,0,0,0,0,0,0,0,0,26.5,1,0,0,0,0,0,0,0,0,0,0,2018
74,0,2,4030,500,936,0,0,0,0,0,0,0,0,0,0,26.5,1,0,0,0,0,0,0,0,0,0,0,2018
75,0,3,4030,500,936,0,0,0,0,0,0,0,0,0,0,26.5,1,0,0,0,0,0,0,0,0,0,0,2018
76,0,4,4030,500,936,0,0,0,0,0,0,0,0,0,0,26.5,1,0,0,0,0,0,0,0,0,0,0,2018
77,0,5,4030,500,936,0,0,0,0,0,0,0,0,0,0,26.5,1,0,0,0,0,0,0,0,0,0,0,2018
78,0,6,4030,500,936,0,0,0,0,0,0,0,0,0,0,26.5,1,0,0,0,0,0,0,0,0,0,0,2018
79,0,7,4030,500,936,0,0,0,0,0,0,0,0,0,0,26.5,1,0,0,0,0,0,0,0,0,0,0,2018
80,0,8,4030,500,936,0,0,0,0,0,0,0,0,0,0,26.5,1,0,0,0,0,0,0,0,0,0,0,2018
81,0,9,4030,500,936,0,0,0,0,0,0,0,0,0,0,26.5,1,0,0,0,0,0,0,0,0,0,0,2018
82,0,10,4030,500,936,0,0,0,0,0,0,0,0,0,0,26.5,1,0,0,0,0,0,0,0,0,0,0,2018
83,0,11,4030,500,936,0,0,0,0,0,0,0,0,0,0,25,1,0,0,0,0,0,0,0,0,0,0,2018
84,0,12,4030,500,936,0,0,0,0,0,0,0,0,0,0,22,1,0,0,0,1.5,0,0,0,0,0,0,2018
85,0,13,4030,500,936,0,0,0,0,0,0,0,0,0,0,19,1,0,0,0,4.5,0,0,0,0,0,0,2018
86,0,14,4030,500,936,0,0,0,0,0,0,0,0,0,0,16,1,0,0,0,7.5,0,0,0,0,0,0,2018
87,0,15,4030,500,936,0,0,0,0,0,0,0,0,0,0,13,1,0,0,0,10.5,0,0,0,0,0,0,2018
88,0,16,4030,500,936,0,0,0,0,0,0,0,0,0,0,10,1,0,0,0,13.5,0,0,0,0,0,0,2018
89,0,17,4030,500,936,0,0,0,0,0,0,0,0,0,0,7,1,0,0,0,16.5,0,0,0,0,0,0,2018
90,0,18,4030,500,936,0,0,0,0,0,0,0,0,0,0,4,1,0,0,0,19.5,0,0,0,0,0,0,2018
91,0,19,4030,500,936,0,0,0,0,0,0,0,0,0,0,1,1,0,0,0,22.5,0,0,0,0,0,0,2018
92,0,20,4030,500,936,0,0,0,0,0,0,0,0,0,0,-2,1,0,0,0,25.5,0,0,0,0,0,0,2018
93,0,21,4030,500,936,0,0,0,0,0,0,0,0,0,0,-5,1,0,0,0,28.5,0,0,0,0,0,0,2018
94,0,22,4030,500,936,0,0,0,0,0,0,0,0,0,0,-8,1,0,0,0,31.5,0,0,0,0,0,0,2018
95,0,23,4030,500,936,0,0,0,0,0,0,0,0,0,0,-11,1,0,0,0,34.5,0,0,0,0,0,0,2018
96,0,24,4030,500,936,0,0,0,0,0,0,0,0,0,0,-14,1,0,0,0,37.5,0,0,0,0,0,0,2018
97,0,25,4030,500,936,0,0,0,0,0,0,0,0,0,0,-16.5,1,0,0,0,40.5,0,0,0,0,0,0,2018
98,0,26,4030,500,936,0,0,0,0,0,0,0,0,0,0,-18.75,1,0,0,0,43,0,0,0,0,0,0,2018
99,0,27,4030,500,936,0,0,0,0,0,0,0,0,0,0,-20.5,1,0,0,0,45.25,0,0,0,0,0,0,2018
100,0,28,4030,500,936,0,0,0,0,0,0,0,0,0,0,-22,1,0,0,0,47,0,0,0,0,0,0,2018
101,0,29,4030,500,936,0,0,0,0,0,0,0,0,0,0,-23.25,1,0,0,0,48.5,0,0,0,0,0,0,2018
102,0,30,4030,500,936,0,0,0,0,0,0,0,0,0,0,-24.5,1,0,0,0,49.75,0,0,0,0,0,0,2018
103,0,31,4030,500,936,0,0,0,0,0,0,0,0,0,0,-25.5,1,0,0,0,51,0,0,0,0,0,0,2018
104,0,32,4030,500,936,0,0,0,0,0,0,0,0,0,0,-26.25,1,0,0,0,52,0,0,0,0,0,0,2018
105,0,33,4030,500,936,0,0,0,0,0,0,0,0,0,0,-27,1,0,0,0,52.75,0,0,0,0,0,0,2018
106,0,34,4030,500,936,0,0,0,0,0,0,0,0,0,0,-27.5,1,0,0,0,53.5,0,0,0,0,0,0,2018
107,0,35,4030,500,936,0,0,0,0,0,0,0,0,0,0,-28,1,0,0,0,54,0,0,0,0,0,0,2018
108,0,36,4030,500,936,0,0,0,0,0,0,0,0,0,0,-28.5,1,0,0,0,54.5,0,0,0,0,0,0,2018
109,0,37,4030,500,936,0,0,0,0,0,0,0,0,0,0,-28.75,1,0,0,0,55,0,0,0,0,0,0,2018
110,0,38,4030,500,936,0,0,0,0,0,0,0,0,0,0,-29,1,0,0,0,55.25,0,0,0,0,0,0,2018
111,0,39,4030,500,936,0,0,0,0,0,0,0,0,0,0,-29.25,1,0,0,0,55.5,0,0,0,0,0,0,2018
112,0,40,4030,500,936,0,0,0,0,0,0,0,0,0,0,-29.5,1,0,0,0,55.75,0,0,0,0,0,0,2018
113,0,41,4030,500,936,0,0,0,0,0,0,0,0,0,0,-29.75,1,0,0,0,56,0,0,0,0,0,0,2018
114,0,42,4030,500,936,0,0,0,0,0,0,0,0,0,0,-30,1,0,0,0,56.25,0,0,0,0,0,0,2018
115,0,43,4030,500,936,0,0,0,0,0,0,0,0,0,0,-30.25,1,0,0,0,56.5,0,0,0,0,0,0,2018
116,0,44,4030,500,936,0,0,0,0,0,0,0,0,0,0,-30.25,1,0,0,0,56.75,0,0,0,0,0,0,2018
117,0,45,4030,500,936,0,0,0,0,0,0,0,0,0,0,-30.25,1,0,0,0,56.75,0,0,0,0,0,0,2018
118,0,46,4030,500,936,0,0,0,0,0,0,0,0,0,0,-30.25,1,0,0,0,56.75,0,0,0,0,0,0,2018
119,0,47,4030,500,936,0,0,0,0,0,0,0,0,0,0,-30.25,1,0,0,0,56.75,0,0,0,0,0,0,2018
120,0,48,4030,500,936,0,0,0,0,0,0,0,0,0,0,-30.25,1,0,0,0,56.75,0,0,0,0,0,0,2018
121,0,49,4030,500,936,0,0,0,0,0,0,0,0,0,0,-30.25,1,0,0,0,56.75,0,0,0,0,0,0,2018
122,0,50,4030,500,936,0,0,0,0,0,0,0,0,0,0,-30.25,1,0,0,0,56.75,0,0,0,0,0,0,2018
123,0,51,4030,500,936,0,0,0,0,0,0,0,0,0,0,-30.25,1,0,0,0,56.75,0,0,0,0,0,0,2018
124,0,52,4030,500,936,0,0,0,0,0,0,0,0,0,0,-30.25,1,0,0,0,56.75,0,0,0,0,0,0,2018
125,0,53,4030,500,936,0,0,0,0,0,0,0,0,0,0,-30.25,1,0,0,0,56.75,0,0,0,0,0,0,2018
126,0,54,4030,500,936,0,0,0,0,0,0,0,0,0,0,-30.25,1,0,0,0,56.75,0,0,0,0,0,0,2018
127,0,55,4030,500,936,0,0,0,0,0,0,0,0,0,0,-30.25,1,0,0,0,56.75,0,0,0,0,0,0,2018
128,0,56,4030,500,936,0,0,0,0,0,0,0,0,0,0,-30.25,1,0,0,0,56.75,0,0,0,0,0,0,2018
129,0,57,4030,500,936,0,0,0,0,0,0,0,0,0,0,-30.25,1,0,0,0,56.75,0,0,0,0,0,0,2018
130,0,58,4030,500,936,0,0,0,0,0,0,0,0,0,0,-30.25,1,0,0,0,56.75,0,0,0,0,0,0,2018
131,0,59,4030,500,936,0,0,0,0,0,0,0,0,0,0,-30.25,1,0,0,0,56.75,0,0,0,0,0,0,2018
132,0,60,4030,500,936,0,0,0,0,0,0,0,0,0,0,-30.25,1,0,0,0,56.75,0,0,0,0,0,0,2018
133,0,61,4030,500,936,0,0,0,0,0,0,0,0,0,0,-30.25,1,0,0,0,56.75,0,0,0,0,0,0,2018
134,0,62,4030,500,936,0,0,0,0,0,0,0,0,0,0,-30.25,1,0,0,0,56.75,0,0,0,0,0,0,2018
135,0,63,4030,500,936,0,0,0,0,0,0,0,0,0,0,-30.25,1,0,0,0,56.75,0,0,0,0,0,0,2018
136,0,64,4030,500,936,0,0,0,0,0,0,0,0,0,0,-30.25,1,0,0,0,56.75,0,0,0,0,0,0,2018
137,0,65,4030,500,936,0,0,0,0,0,0,0,0,0,0,-30.25,1,0,0,0,56.75,0,0,0,0,0,0,2018
138,0,66,4030,500,936,0,0,0,0,0,0,0,0,0,0,-30.25,1,0,0,0,56.75,0,0,0,0,0,0,2018
139,0,67,4030,500,936,0,0,0,0,0,0,0,0,0,0,-30.25,1,0,0,0,56.75,0,0,0,0,0,0,2018
140,0,68,4030,500,936,0,0,0,0,0,0,0,0,0,0,-30.25,1,0,0,0,56.75,0,0,0,0,0,0,2018
141,0,69,4030,500,936,0,0,0,0,0,0,0,0,0,0,-30.25,1,0,0,0,56.75,0,0,0,0,0,0,2018
142,0,70,4030,500,936,0,0,0,0,0,0,0,0,0,0,-30.25,1,0,0,0,56.75,0,0,0,0,0,0,2018
143,0,71,4030,500,936,0,0,0,0,0,0,0,0,0,0,-30.25,1,0,0,0,56.75,0,0,0,0,0,0,2018
144,0,72,4030,500,936,0,0,0,0,0,0,0,0,0,0,-30.25,1,0,0,0,56.75,0,0,0,0,0,0,2018
145,0,73,4030,500,936,0,0,0,0,0,0,0,0,0,0,-30.25,1,0,0,0,56.75,0,0,0,0,0,0,2018
146,0,74,4030,500,936,0,0,0,0,0,0,0,0,0,0,-30.25,1,0,0,0,56.75,0,0,0,0,0,0,2018
147,0,75,4030,500,936,0,0,0,0,0,0,0,0,0,0,-30.25,1,0,0,0,56.75,0,0,0,0,0,0,2018
148,0,76,4030,500,936,0,0,0,0,0,0,0,0,0,0,-30.25,1,0,0,0,56.75,0,0,0,0,0,0,2018
149,0,77,4030,500,936,0,0,0,0,0,0,0,0,0,0,-30.25,1,0,0,0,56.75,0,0,0,0,0,0,2018
150,0,78,4030,500,936,0,0,0,0,0,0,0,0,0,0,-30.25,1,0,0,0,56.75,0,0,0,0,0,0,2018
151,0,79,4030,500,936,0,0,0,0,0,0,0,0,0,0,-30.25,1,0,0,0,56.75,0,0,0,0,0,0,2018
152,0,80,4030,500,936,0,0,0,0,0,0,0,0,0,0,-30.25,1,0,0,0,56.75,0,0,0,0,0,0,2018
153,0,81,4030,500,936,0,0,0,0,0,0,0,0,0,0,-30.25,1,0,0,0,56.75,0,0,0,0,0,0,2018
154,0,82,4030,500,936,0,0,0,0,0,0,0,0,0,0,-30.25,1,0,0,0,56.75,0,0,0,0,0,0,2018
155,0,83,4030,500,936,0,0,0,0,0,0,0,0,0,0,-30.25,1,0,0,0,56.75,0,0,0,0,0,0,2018
156,0,84,4030,500,936,0,0,0,0,0,0,0,0,0,0,-30.25,1,0,0,0,56.75,0,0,0,0,0,0,2018
157,0,85,4030,500,936,0,0,0,0,0,0,0,0,0,0,-30.25,1,0,0,0,56.75,0,0,0,0,0,0,2018
158,0,86,4030,500,936,0,0,0,0,0,0,0,0,0,0,-30.25,1,0,0,0,56.75,0,0,0,0,0,0,2018
159,0,87,4030,500,936,0,0,0,0,0,0,0,0,0,0,-30.25,1,0,0,0,56.75,0,0,0,0,0,0,2018
160,0,88,4030,500,936,0,0,0,0,0,0,0,0,0,0,-30.25,1,0,0,0,56.75,0,0,0,0,0,0,2018
161,0,89,4030,500,936,0,0,0,0,0,0,0,0,0,0,-30.25,1,0,0,0,56.75,0,0,0,0,0,0,2018
162,0,90,4030,500,936,0,0,0,0,0,0,0,0,0,0,-30.25,1,0,0,0,56.75,0,0,0,0,0,0,2018
163,0,91,4030,500,936,0,0,0,0,0,0,0,0,0,0,-30.25,1,0,0,0,56.75,0,0,0,0,0,0,2018
164,0,92,4030,500,936,0,0,0,0,0,0,0,0,0,0,-30.25,1,0,0,0,56.75,0,0,0,0,0,0,2018
165,0,93,4030,500,936,0,0,0,0,0,0,0,0,0,0,-30.25,1,0,0,0,56.75,0,0,0,0,0,0,2018
166,0,94,4030,500,936,0,0,0,0,0,0,0,0,0,0,-30.25,1,0,0,0,56.75,0,0,0,0,0,0,2018
167,0,95,4030,500,936,0,0,0,0,0,0,0,0,0,0,-30.25,1,0,0,0,56.75,0,0,0,0,0,0,2018
168,0,96,4030,500,936,0,0,0,0,0,0,0,0,0,0,-30.25,1,0,0,0,56.75,0,0,0,0,0,0,2018
169,0,97,4030,500,936,0,0,0,0,0,0,0,0,0,0,-30.25,1,0,0,0,56.75,0,0,0,0,0,0,2018
170,0,98,4030,500,936,0,0,0,0,0,0,0,0,0,0,-30.25,1,0,0,0,56.75,0,0,0,0,0,0,2018
171,0,99,4030,500,936,0,0,0,0,0,0,0,0,0,0,-30.25,1,0,0,0,56.75,0,0,0,0,0,0,2018
172,0,100,4030,500,936,0,0,0,0,0,0,0,0,0,0,-30.25,1,0,0,0,56.75,0,0,0,0,0,0,2018
173,0,101,4030,500,936,0,0,0,0,0,0,0,0,0,0,-30.25,1,0,0,0,56.75,0,0,0,0,0,0,2018
174,0,102,4030,500,936,0,0,0,0,0,0,0,0,0,0,-30.25,1,0,0,0,56.75,0,0,0,0,0,0,2018
175,0,103,4030,500,936,0,0,0,0,0,0,0,0,0,0,-30.25,1,0,0,0,56.75,0,0,0,0,0,0,2018
176,0,104,4030,500,936,0,0,0,0,0,0,0,0,0,0,-30.25,1,0,0,0,56.75,0,0,0,0,0,0,2018
177,0,105,4030,500,936,0,0,0,0,0,0,0,0,0,0,-30.25,1,0,0,0,56.75,0,0,0,0,0,0,2018
178,0,106,4030,500,936,0,0,0,0,0,0,0,0,0,0,-30.25,1,0,0,0,56.75,0,0,0,0,0,0,2018
179,0,107,4030,500,936,0,0,0,0,0,0,0,0,0,0,-30.25,1,0,0,0,56.75,0,0,0,0,0,0,2018
180,0,108,4030,500,936,0,0,0,0,0,0,0,0,0,0,-30.25,1,0,0,0,56.75,0,0,0,0,0,0,2018
181,0,109,4030,500,936,0,0,0,0,0,0,0,0,0,0,-30.25,1,0,0,0,56.75,0,0,0,0,0,0,2018
182,0,110,4030,500,936,0,0,0,0,0,0,0,0,0,0,-30.25,1,0,0,0,56.75,0,0,0,0,0,0,2018
183,0,111,4030,500,936,0,0,0,0,0,0,0,0,0,0,-30.25,1,0,0,0,56.75,0,0,0,0,0,0,2018
184,0,112,4030,500,936,0,0,0,0,0,0,0,0,0,0,-30.25,1,0,0,0,56.75,0,0,0,0,0,0,2018
185,0,113,4030,500,936,0,0,0,0,0,0,0,0,0,0,-30.25,1,0,0,0,56.75,0,0,0,0,0,0,2018
186,0,114,4030,500,936,0,0,0,0,0,0,0,0,0,0,-30.25,1,0,0,0,56.75,0,0,0,0,0,0,2018
187,0,115,4030,500,936,0,0,0,0,0,0,0,0,0,0,-30.25,1,0,0,0,56.75,0,0,0,0,0,0,2018
188,0,116,4030,500,936,0,0,0,0,0,0,0,0,0,0,-30.25,1,0,0,0,56.75,0,0,0,0,0,0,2018
189,0,117,4030,500,936,0,0,0,0,0,0,0,0,0,0,-30.25,1,0,0,0,56.75,0,0,0,0,0,0,2018
190,0,118,4030,500,936,0,0,0,0,0,0,0,0,0,0,-30.25,1,0,0,0,56.75,0,0,0,0,0,0,2018
191,0,119,4030,500,936,0,0,0,0,0,0,0,0,0,0,-30.25,1,0,0,0,56.75,0,0,0,0,0,0,2018
192,0,120,4030,500,936,0,0,0,0,0,0,0,0,0,0,-30.25,1,0,0,0,56.75,0,0,0,0,0,0,2018
193,0,121,4030,500,936,0,0,0,0,0,0,0,0,0,0,-30.25,1,0,0,0,56.75,0,0,0,0,0,0,2018
194,0,122,4030,500,936,0,0,0,0,0,0,0,0,0,0,-30.25,1,0,0,0,56.75,0,0,0,0,0,0,2018
195,0,123,4030,500,936,0,0,0,0,0,0,0,0,0,0,-30.25,1,0,0,0,56.75,0,0,0,0,0,0,2018
196,0,124,4030,500,936,0,0,0,0,0,0,0,0,0,0,-30.25,1,0,0,0,56.75,0,0,0,0,0,0,2018
197,0,125,4030,500,936,0,0,0,0,0,0,0,0,0,0,-30.25,1,0,0,0,56.75,0,0,0,0,0,0,2018
198,0,126,4030,500,936,0,0,0,0,0,0,0,0,0,0,-30.25,1,0,0,0,56.75,0,0,0,0,0,0,2018
199,0,127,4030,500,936,0,0,0,0,0,0,0,0,0,0,-30.25,1,0,0,0,56.75,0,0,0,0,0,0,2018
200,0,128,4030,500,936,0,0,0,0,0,0,0,0,0,0,-30.25,1,0,0,0,56.75,0,0,0,0,0,0,2018
201,0,129,4030,500,936,0,0,0,0,0,0,0,0,0,0,-30.25,1,0,0,0,56.75,0,0,0,0,0,0,2018
202,0,130,4030,500,936,0,0,0,0,0,0,0,0,0,0,-30.25,1,0,0,0,56.75,0,0,0,0,0,0,2018
203,0,131,4030,500,936,0,0,0,0,0,0,0,0,0,0,-30.25,1,0,0,0,56.75,0,0,0,0,0,0,2018
204,0,132,4030,500,936,0,0,0,0,0,0,0,0,0,0,-30.25,1,0,0,0,56.75,0,0,0,0,0,0,2018
205,0,133,4030,500,936,0,0,0,0,0,0,0,0,0,0,-30.25,1,0,0,0,56.75,0,0,0,0,0,0,2018
206,0,134,4030,500,936,0,0,0,0,0,0,0,0,0,0,-30.25,1,0,0,0,56.75,0,0,0,0,0,0,2018
207,0,135,4030,500,936,0,0,0,0,0,0,0,0,0,0,-30.25,1,0,0,0,56.75,0,0,0,0,0,0,2018
208,0,136,4030,500,936,0,0,0,0,0,0,0,0,0,0,-30.25,1,0,0,0,56.75,0,0,0,0,0,0,2018
209,0,137,4030,500,936,0,0,0,0,0,0,0,0,0,0,-30.25,1,0,0,0,56.75,0,0,0,0,0,0,2018
210,0,138,4030,500,936,0,0,0,0,0,0,0,0,0,0,-30.25,1,0,0,0,56.75,0,0,0,0,0,0,2018
211,0,139,4030,500,936,0,0,0,0,0,0,0,0,0,0,-30.25,1,0,0,0,56.75,0,0,0,0,0,0,2018
212,0,140,4030,500,936,0,0,0,0,0,0,0,0,0,0,-30.25,1,0,0,0,56.75,0,0,0,0,0,0,2018
213,0,141,4030,500,936,0,0,0,0,0,0,0,0,0,0,-30.25,1,0,0,0,56.75,0,0,0,0,0,0,2018
214,0,142,4030,500,936,0,0,0,0,0,0,0,0,0,0,-30.25,1,0,0,0,56.75,0,0,0,0,0,0,2018
215,0,143,4030,500,936,0,0,0,0,0,0,0,0,0,0,-30.25,1,0,0,0,56.75,0,0,0,0,0,0,2018
216,0,144,4030,500,936,0,0,0,0,0,0,0,0,0,0,-30.25,1,0,0,0,56.75,0,0,0,0,0,0,2018
217,0,145,4030,500,936,0,0,0,0,0,0,0,0,0,0,-30.25,1,0,0,0,56.75,0,0,0,0,0,0,2018
218,0,146,4030,500,936,0,0,0,0,0,0,0,0,0,0,-30.25,1,0,0,0,56.75,0,0,0,0,0,0,2018
219,0,147,4030,500,936,0,0,0,0,0,0,0,0,0,0,-30.25,1,0,0,0,56.75,0,0,0,0,0,0,2018
220,0,148,4030,500,936,0,0,0,0,0,0,0,0,0,0,-30.25,1,0,0,0,56.75,0,0,0,0,0,0,2018
221,0,149,4030,500,936,0,0,0,0,0,0,0,0,0,0,-30.25,1,0,0,0,56.75,0,0,0,0,0,0,2018
222,0,150,4030,500,936,0,0,0,0,0,0,0,0,0,0,-30.25,1,0,0,0,56.75,0,0,0,0,0,0,2018
223,0,151,4030,500,936,0,0,0,0,0,0,0,0,0,0,-30.25,1,0,0,0,56.75,0,0,0,0,0,0,2018
224,0,152,4030,500,936,0,0,0,0,0,0,0,0,0,0,-30.25,1,0,0,0,56.75,0,0,0,0,0,0,2018
225,0,153,4030,500,936,0,0,0,0,0,0,0,0,0,0,-30.25,1,0,0,0,56.75,0,0,0,0,0,0,2018
226,0,154,4030,500,936,0,0,0,0,0,0,0,0,0,0,-30.25,1,0,0,0,56.75,0,0,0,0,0,0,2018
227,0,155,4030,500,936,0,0,0,0,0,0,0,0,0,0,-30.25,1,0,0,0,56.75,0,0,0,0,0,0,2018
228,0,156,4030,500,936,0,0,0,0,0,0,0,0,0,0,-30.25,1,0,0,0,56.75,0,0,0,0,0,0,2018
229,0,157,4030,500,936,0,0,0,0,0,0,0,0,0,0,-30.25,1,0,0,0,56.75,0,0,0,0,0,0,2018
230,0,158,4030,500,936,0,0,0,0,0,0,0,0,0,0,-30.25,1,0,0,0,56.75,0,0,0,0,0,0,2018
231,0,159,4030,500,936,0,0,0,0,0,0,0,0,0,0,-30.25,1,0,0,0,56.75,0,0,0,0,0,0,2018
232,0,160,4030,500,936,0,0,0,0,0,0,0,0,0,0,-30.25,1,0,0,0,56.75,0,0,0,0,0,0,2018
233,0,161,4030,500,936,0,0,0,0,0,0,0,0,0,0,-30.25,1,0,0,0,56.75,0,0,0,0,0,0,2018
234,0,162,4030,500,936,0,0,0,0,0,0,0,0,0,0,-30.25,1,0,0,0,56.75,0,0,0,0,0,0,2018
235,0,163,4030,500,936,0,0,0,0,0,0,0,0,0,0,-30.25,1,0,0,0,56.75,0,0,0,0,0,0,2018
236,0,164,4030,500,936,0,0,0,0,0,0,0,0,0,0,-30.25,1,0,0,0,56.75,0,0,0,0,0,0,2018
237,0,165,4030,500,936,0,0,0,0,0,0,0,0,0,0,-30.25,1,0,0,0,56.75,0,0,0,0,0,0,2018
238,0,166,4030,500,936,0,0,0,0,0,0,0,0,0,0,-30.25,1,0,0,0,56.75,0,0,0,0,0,0,2018
239,0,167,4030,500,936,0,0,0,0,0,0,0,0,0,0,-30.25,1,0,0,0,56.75,0,0,0,0,0,0,2018
240,0,168,4030,500,936,0,0,0,0,0,0,0,0,0,0,-30.25,1,0,0,0,56.75,0,0,0,0,0,0,2018
241,0,169,4030,500,936,0,0,0,0,0,0,0,0,0,0,-30.25,1,0,0,0,56.75,0,0,0,0,0,0,2018
242,0,170,4030,500,936,0,0,0,0,0,0,0,0,0,0,-30.25,1,0,0,0,56.75,0,0,0,0,0,0,2018
243,0,171,4030,500,936,0,0,0,0,0,0,0,0,0,0,-30.25,1,0,0,0,56.75,0,0,0,0,0,0,2018
244,0,172,4030,500,936,0,0,0,0,0,0,0,0,0,0,-30.25,1,0,0,0,56.75,0,0,0,0,0,0,2018
245,0,173,4030,500,936,0,0,0,0,0,0,0,0,0,0,-30.25,1,0,0,0,56.75,0,0,0,0,0,0,2018
246,0,174,4030,500,936,0,0,0,0,0,0,0,0,0,0,-30.25,1,0,0,0,56.75,0,0,0,0,0,0,2018
247,0,175,4030,500,936,0,0,0,0,0,0,0,0,0,0,-30.25,1,0,0,0,56.75,0,0,0,0,0,0,2018
248,0,176,4030,500,936,0,0,0,0,0,0,0,0,0,0,-30.25,1,0,0,0,56.75,0,0,0,0,0,0,2018
249,0,177,4030,500,936,0,0,0,0,0,0,0,0,0,0,-30.25,1,0,0,0,56.75,0,0,0,0,0,0,2018
250,0,178,4030,500,936,0,0,0,0,0,0,0,0,0,0,-30.25,1,0,0,0,56.75,0,0,0,0,0,0,2018
251,0,179,4030,500,936,0,0,0,0,0,0,0,0,0,0,-30.25,1,0,0,0,56.75,0,0,0,0,0,0,2018
252,0,180,4030,500,936,0,0,0,0,0,0,0,0,0,0,-30.25,1,0,0,0,56.75,0,0,0,0,0,0,2018
253,0,181,4030,500,936,0,0,0,0,0,0,0,0,0,0,-30.25,1,0,0,0,56.75,0,0,0,0,0,0,2018
254,0,182,4030,500,936,0,0,0,0,0,0,0,0,0,0,-30.25,1,0,0,0,56.75,0,0,0,0,0,0,2018
255,0,183,4030,500,936,0,0,0,0,0,0,0,0,0,0,-30.25,1,0,0,0,56.75,0,0,0,0,0,0,2018
256,0,184,4030,500,936,0,0,0,0,0,0,0,0,0,0,-30.25,1,0,0,0,56.75,0,0,0,0,0,0,2018
257,0,185,4030,500,936,0,0,0,0,0,0,0,0,0,0,-30.25,1,0,0,0,56.75,0,0,0,0,0,0,2018
258,0,186,4030,500,936,0,0,0,0,0,0,0,0,0,0,-30.25,1,0,0,0,56.75,0,0,0,0,0,0,2018
259,0,187,4030,500,936,0,0,0,0,0,0,0,0,0,0,-30.25,1,0,0,0,56.75,0,0,0,0,0,0,2018
260,0,188,4030,500,936,0,0,0,0,0,0,0,0,0,0,-30.25,1,0,0,0,56.75,0,0,0,0,0,0,2018
261,0,189,4030,500,936,0,0,0,0,0,0,0,0,0,0,-30.25,1,0,0,0,56.75,0,0,0,0,0,0,2018
262,0,190,4030,500,936,0,0,0,0,0,0,0,0,0,0,-30.25,1,0,0,0,56.75,0,0,0,0,0,0,2018
263,0,191,4030,500,936,0,0,0,0,0,0,0,0,0,0,-30.25,1,0,0,0,56.75,0,0,0,0,0,0,2018
264,0,192,4030,500,936,0,0,0,0,0,0,0,0,0,0,-30.25,1,0,0,0,56.75,0,0,0,0,0,0,2018
265,0,193,4030,500,936,0,0,0,0,0,0,0,0,0,0,-30.25,1,0,0,0,56.75,0,0,0,0,0,0,2018
266,0,194,4030,500,936,0,0,0,0,0,0,0,0,0,0,-30.25,1,0,0,0,56.75,0,0,0,0,0,0,2018
267,0,195,4030,500,936,0,0,0,0,0,0,0,0,0,0,-30.25,1,0,0,0,56.75,0,0,0,0,0,0,2018
268,0,196,4030,500,936,0,0,0,0,0,0,0,0,0,0,-30.25,1,0,0,0,56.75,0,0,0,0,0,0,2018
269,0,197,4030,500,936,0,0,0,0,0,0,0,0,0,0,-30.25,1,0,0,0,56.75,0,0,0,0,0,0,2018
270,0,198,4030,500,936,0,0,0,0,0,0,0,0,0,0,-30.25,1,0,0,0,56.75,0,0,0,0,0,0,2018
271,0,199,4030,500,936,0,0,0,0,0,0,0,0,0,0,-30.25,1,0,0,0,56.75,0,0,0,0,0,0,2018
272,0,200,4030,500,936,0,0,0,0,0,0,0,0,0,0,-30.25,1,0,0,0,56.75,0,0,0,0,0,0,2018
273,0,201,4030,500,936,0,0,0,0,0,0,0,0,0,0,-30.25,1,0,0,0,56.75,0,0,0,0,0,0,2018
274,0,202,4030,500,936,0,0,0,0,0,0,0,0,0,0,-30.25,1,0,0,0,56.75,0,0,0,0,0,0,2018
275,0,203,4030,500,936,0,0,0,0,0,0,0,0,0,0,-30.25,1,0,0,0,56.75,0,0,0,0,0,0,2018
276,0,204,4030,500,936,0,0,0,0,0,0,0,0,0,0,-30.25,1,0,0,0,56.75,0,0,0,0,0,0,2018
277,0,205,4030,500,936,0,0,0,0,0,0,0,0,0,0,-30.25,1,0,0,0,56.75,0,0,0,0,0,0,2018
278,0,206,4030,500,936,0,0,0,0,0,0,0,0,0,0,-30.25,1,0,0,0,56.75,0,0,0,0,0,0,2018
279,0,207,4030,500,936,0,0,0,0,0,0,0,0,0,0,-30.25,1,0,0,0,56.75,0,0,0,0,0,0,2018
280,0,208,4030,500,936,0,0,0,0,0,0,0,0,0,0,-30.25,1,0,0,0,56.75,0,0,0,0,0,0,2018
281,0,209,4030,500,936,0,0,0,0,0,0,0,0,0,0,-30.25,1,0,0,0,56.75,0,0,0,0,0,0,2018
282,0,210,4030,500,936,0,0,0,0,0,0,0,0,0,0,-30.25,1,0,0,0,56.75,0,0,0,0,0,0,2018
283,0,211,4030,500,936,0,0,0,0,0,0,0,0,0,0,-30.25,1,0,0,0,56.75,0,0,0,0,0,0,2018
284,0,212,4030,500,936,0,0,0,0,0,0,0,0,0,0,-30.25,1,0,0,0,56.75,0,0,0,0,0,0,2018
285,0,213,4030,500,936,0,0,0,0,0,0,0,0,0,0,-30.25,1,0,0,0,56.75,0,0,0,0,0,0,2018
286,0,214,4030,500,936,0,0,0,0,0,0,0,0,0,0,-30.25,1,0,0,0,56.75,0,0,0,0,0,0,2018
287,0,215,4030,500,936,0,0,0,0,0,0,0,0,0,0,-30.25,1,0,0,0,56.75,0,0,0,0,0,0,2018
288,0,216,4030,500,936,0,0,0,0,0,0,0,0,0,0,-30.25,1,0,0,0,56.75,0,0,0,0,0,0,2018
289,0,217,4030,500,936,0,0,0,0,0,0,0,0,0,0,-30.25,1,0,0,0,56.75,0,0,0,0,0,0,2018
290,0,218,4030,500,936,0,0,0,0,0,0,0,0,0,0,-30.25,1,0,0,0,56.75,0,0,0,0,0,0,2018
291,0,219,4030,500,936,0,0,0,0,0,0,0,0,0,0,-30.25,1,0,0,0,56.75,0,0,0,0,0,0,2018
292,0,220,4030,500,936,0,0,0,0,0,0,0,0,0,0,-30.25,1,0,0,0,56.75,0,0,0,0,0,0,2018
293,0,221,4030,500,936,0,0,0,0,0,0,0,0,0,0,-30.25,1,0,0,0,56.75,0,0,0,0,0,0,2018
294,0,222,4030,500,936,0,0,0,0,0,0,0,0,0,0,-30.25,1,0,0,0,56.75,0,0,0,0,0,0,2018
295,0,223,4030,500,936,0,0,0,0,0,0,0,0,0,0,-30.25,1,0,0,0,56.75,0,0,0,0,0,0,2018
296,0,224,4030,500,936,0,0,0,0,0,0,0,0,0,0,-30.25,1,0,0,0,56.75,0,0,0,0,0,0,2018
297,0,225,4030,500,936,0,0,0,0,0,0,0,0,0,0,-30.25,1,0,0,0,56.75,0,0,0,0,0,0,2018
298,0,226,4030,500,936,0,0,0,0,0,0,0,0,0,0,-30.25,1,0,0,0,56.75,0,0,0,0,0,0,2018
299,0,227,4030,500,936,0,0,0,0,0,0,0,0,0,0,-30.25,1,0,0,0,56.75,0,0,0,0,0,0,2018
300,0,228,4030,500,936,0,0,0,0,0,0,0,0,0,0,-30.25,1,0,0,0,56.75,0,0,0,0,0,0,2018
301,0,229,4030,500,936,0,0,0,0,0,0,0,0,0,0,-30.25,1,0,0,0,56.75,0,0,0,0,0,0,2018
302,0,230,4030,500,936,0,0,0,0,0,0,0,0,0,0,-30.25,1,0,0,0,56.75,0,0,0,0,0,0,2018
303,0,231,4030,500,936,0,0,0,0,0,0,0,0,0,0,-30.25,1,0,0,0,56.75,0,0,0,0,0,0,2018
304,0,232,4030,500,936,0,0,0,0,0,0,0,0,0,0,-30.25,1,0,0,0,56.75,0,0,0,0,0,0,2018
305,0,233,4030,500,936,0,0,0,0,0,0,0,0,0,0,-30.25,1,0,0,0,56.75,0,0,0,0,0,0,2018
306,0,234,4030,500,936,0,0,0,0,0,0,0,0,0,0,-30.25,1,0,0,0,56.75,0,0,0,0,0,0,2018
307,0,235,4030,500,936,0,0,0,0,0,0,0,0,0,0,-30.25,1,0,0,0,56.75,0,0,0,0,0,0,2018
308,0,236,4030,500,936,0,0,0,0,0,0,0,0,0,0,-30.25,1,0,0,0,56.75,0,0,0,0,0,0,2018
309,0,237,4030,500,936,0,0,0,0,0,0,0,0,0,0,-30.25,1,0,0,0,56.75,0,0,0,0,0,0,2018
310,0,1,3000,500,1000,0,0,0,0,0,0,0,0,0,0,-81.75,1,0,0,0,56.75,0,0,0,0,0,0,1000
311,0,2,3000,500,1000,0,0,0,0,0,0,0,0,0,0,-81.75,1,0,0,0,56.75,0,0,0,0,0,0,1000
312,0,3,3000,500,1000,0,0,0,0,0,0,0,0,0,0,-81.75,1,0,0,0,56.75,0,0,0,0,0,0,1000
313,0,4,3000,500,1000,0,0,0,0,0,0,0,0,0,0,-81.75,1,0,0,0,56.75,0,0,0,0,0,0,1000
314,0,5,3000,500,1000,0,0,0,0,0,0,0,0,0,0,-81.75,1,0,0,0,56.75,0,0,0,0,0,0,1000
315,0,6,3000,500,1000,0,0,0,0,0,0,0,0,0,0,-81.75,1,0,0,0,56.75,0,0,0,0,0,0,1000
316,0,7,3000,500,1000,0,0,0,0,0,0,0,0,0,0,-81.75,1,0,0,0,56.75,0,0,0,0,0,0,1000
317,0,8,3000,500,1000,0,0,0,0,0,0,0,0,0,0,-81.75,1,0,0,0,56.75,0,0,0,0,0,0,1000
318,0,9,3000,500,1000,0,0,0,0,0,0,0,0,0,0,-81.75,1,0,0,0,56.75,0,0,0,0,0,0,1000
319,20,1,3000,500,1000,0,0,0,0,0,0,0,0,0,0,-79.9000015258789,1,0,0,0,56.75,0,0,0,0,0,0,1000
320,20,2,3000,500,1000,0,0,0,0,0,0,0,0,0,0,-78.05000305175781,1,0,0,0,56.75,0,0,0,0,0,0,1000
321,20,3,3000,500,1000,0,0,0,0,0,0,0,0,0,0,-76.19999694824219,1,0,0,0,56.75,0,0,0,0,0,0,1000
322,10,1,3000,500,1000,0,0,0,0,0,0,0,0,0,0,-76.19999694824219,1,0,0,0,56.75,0,0,0,0,0,0,1000
323,10,2,3000,500,1000,0,0,0,0,0,0,0,0,0,0,-76.19999694824219,1,0,0,0,56.75,0,0,0,0,0,0,1000
324,10,3,3000,500,1000,0,0,0,0,0,0,0,0,0,0,-76.19999694824219,1,0,0,0,56.75,0,0,0,0,0,0,1000
325,1010,1,3000,500,1000,0,0,0,0,0,0,0,0,0,0,-76.19999694824219,1,0,0,0,56.75,0,0,0,0,0,0,1000
326,1010,2,3000,500,1000,0,0,0,0,0,0,0,0,0,0,-76.19999694824219,1,0,0,0,56.75,0,0,0,0,0,0,1000
327,1010,3,3000,500,1000,0,0,0,0,0,0,0,0,0,0,-76.19999694824219,1,0,0,0,56.75,0,0,0,0,0,0,1000
328,1010,4,3000,500,1000,0,0,0,0,0,0,0,0,0,0,-76.19999694824219,1,0,0,0,56.75,0,0,0,0,0,0,1000
329,1010,5,3000,500,1000,0,0,0,0,0,0,0,0,0,0,-76.19999694824219,1,0,0,0,56.75,0,0,0,0,0,0,1000
330,1010,6,3000,500,1000,0,0,0,0,0,0,0,0,0,0,-76.19999694824219,1,0,0,0,56.75,0,0,0,0,0,0,1000
331,1010,7,3000,500,1000,0,0,0,0,0,0,0,0,0,0,-76.19999694824219,1,0,0,0,56.75,0,0,0,0,0,0,1000
332,1010,8,3000,500,1000,0,0,0,0,0,0,0,0,0,0,-76.19999694824219,1,0,0,0,56.75,0,0,0,0,0,0,1000
333,1010,9,3000,500,1000,0,0,0,0,0,0,0,0,0,0,-76.19999694824219,1,0,0,0,56.75,0,0,0,0,0,0,1000
334,1010,10,3000,500,1000,0,0,0,0,0,0,0,0,0,0,-76.19999694824219,1,0,0,0,56.75,0,0,0,0,0,0,1000
335,1010,11,3000,500,1000,0,0,0,0,0,0,0,0,0,0,-76.19999694824219,1,0,0,0,56.75,0,0,0,0,0,0,1000
336,1010,11,4030,500,928,0,0,0,0,0,0,0,0,0,0,-76.19999694824219,1,0,0,0,56.75,0,0,0,0,0,0,2018
337,1010,11,4030,500,928,0,0,0,0,0,0,0,0,0,0,-76.19999694824219,1,0,0,0,56.75,0,0,0,0,0,0,2018
338,1010,11,4030,500,928,0,0,0,0,0,0,0,0,0,0,-76.19999694824219,1,0,0,0,56.75,0,0,0,0,0,0,2018
339,1010,11,4030,500,928,0,0,0,0,0,0,0,0,0,0,-76.19999694824219,1,0,0,0,56.75,0,0,0,0,0,0,2018
340,1010,11,4030,500,928,0,0,0,0,0,0,0,0,0,0,-76.19999694824219,1,0,0,0,56.75,0,0,0,0,0,0,2018
341,1010,11,4030,500,928,0,0,0,0,0,0,0,0,0,0,-76.19999694824219,1,0,0,0,56.75,0,0,0,0,0,0,2018
342,1010,12,4030,500,928,0,0,0,0,0,0,0,0,0,0,-76.19999694824219,1,0,0,0,56.75,0,0,0,0,0,0,2018
343,1010,13,4030,500,928,0,0,0,0,0,0,0,0,0,0,-76.19999694824219,1,0,0,0,56.75,0,0,0,0,0,0,2018
344,1010,14,4030,500,928,0,0,0,0,0,0,0,0,0,0,-76.19999694824219,1,0,0,0,56.75,0,0,0,0,0,0,2018
345,1010,15,4030,500,928,0,0,0,0,0,0,0,0,0,0,-76.19999694824219,1,0,0,0,56.75,0,0,0,0,0,0,2018
346,1010,16,4030,500,928,0,0,0,0,0,0,0,0,0,0,-76.19999694824219,1,0,0,0,56.75,0,0,0,0,0,0,2018
347,1010,17,4030,500,928,0,0,0,0,0,0,0,0,0,0,-76.19999694824219,1,0,0,0,56.75,0,0,0,0,0,0,2018
348,1010,18,4030,500,928,0,0,0,0,0,0,0,0,0,0,-76.19999694824219,1,0,0,0,56.75,0,0,0,0,0,0,2018
349,1010,19,4030,500,928,0,0,0,0,0,0,0,0,0,0,-76.19999694824219,1,0,0,0,56.75,0,0,0,0,0,0,2018
350,1010,20,4030,500,928,0,0,0,0,0,0,0,0,0,0,-76.19999694824219,1,0,0,0,56.75,0,0,0,0,0,0,2018
351,1010,21,4030,500,928,0,0,0,0,0,0,0,0,0,0,-76.19999694824219,1,0,0,0,56.75,0,0,0,0,0,0,2018
352,1010,22,4030,500,928,0,0,0,0,0,0,0,0,0,0,-76.19999694824219,1,0,0,0,56.75,0,0,0,0,0,0,2018
353,1010,23,4030,500,928,0,0,0,0,0,0,0,0,0,0,-76.19999694824219,1,0,0,0,56.75,0,0,0,0,0,0,2018
354,1010,24,4030,500,928,0,0,0,0,0,0,0,0,0,0,-76.19999694824219,1,0,0,0,56.75,0,0,0,0,0,0,2018
355,1010,25,4030,500,928,0,0,0,0,0,0,0,0,0,0,-76.19999694824219,1,0,0,0,56.75,0,0,0,0,0,0,2018
356,1010,26,4030,500,928,0,0,0,0,0,0,0,0,0,0,-76.19999694824219,1,0,0,0,56.75,0,0,0,0,0,0,2018
357,1010,27,4030,500,928,0,0,0,0,0,0,0,0,0,0,-76.19999694824219,1,0,0,0,56.75,0,0,0,0,0,0,2018
358,1010,28,4030,500,928,0,0,0,0,0,0,0,0,0,0,-76.19999694824219,1,0,0,0,56.75,0,0,0,0,0,0,2018
359,1010,29,4030,500,928,0,0,0,0,0,0,0,0,0,0,-76.19999694824219,1,0,0,0,56.75,0,0,0,0,0,0,2018
360,1010,30,4030,500,928,0,0,0,0,0,0,0,0,0,0,-76.19999694824219,1,0,0,0,56.75,0,0,0,0,0,0,2018
361,1010,31,4030,500,928,0,0,0,0,0,0,0,0,0,0,-76.19999694824219,1,0,0,0,56.75,0,0,0,0,0,0,2018
362,1010,32,4030,500,928,0,0,0,0,0,0,0,0,0,0,-76.19999694824219,1,0,0,0,56.75,0,0,0,0,0,0,2018
363,1010,33,4030,500,928,0,0,0,0,0,0,0,0,0,0,-76.19999694824219,1,0,0,0,56.75,0,0,0,0,0,0,2018
364,1010,34,4030,500,928,0,0,0,0,0,0,0,0,0,0,-76.19999694824219,1,0,0,0,56.75,0,0,0,0,0,0,2018
365,1010,35,4030,500,928,0,0,0,0,0,0,0,0,0,0,-76.19999694824219,1,0,0,0,56.75,0,0,0,0,0,0,2018
366,0,1,4030,500,928,0,0,0,0,0,0,0,0,0,0,-76.19999694824219,1,0,0,0,56.75,0,0,0,0,0,0,2018
367,0,2,4030,500,928,0,0,0,0,0,0,0,0,0,0,-76.19999694824219,1,0,0,0,56.75,0,0,0,0,0,0,2018
368,0,3,4030,500,928,0,0,0,0,0,0,0,0,0,0,-76.19999694824219,1,0,0,0,56.75,0,0,0,0,0,0,2018
369,0,4,4030,500,928,0,0,0,0,0,0,0,0,0,0,-76.19999694824219,1,0,0,0,56.75,0,0,0,0,0,0,2018
370,0,5,4030,500,928,0,0,0,0,0,0,0,0,0,0,-76.19999694824219,1,0,0,0,56.75,0,0,0,0,0,0,2018
371,0,6,4030,500,928,0,0,0,0,0,0,0,0,0,0,-76.19999694824219,1,0,0,0,56.75,0,0,0,0,0,0,2018
372,0,7,4030,500,928,0,0,0,0,0,0,0,0,0,0,-76.19999694824219,1,0,0,0,56.75,0,0,0,0,0,0,2018
373,0,8,4030,500,928,0,0,0,0,0,0,0,0,0,0,-76.19999694824219,1,0,0,0,56.75,0,0,0,0,0,0,2018
374,0,9,4030,500,928,0,0,0,0,0,0,0,0,0,0,-76.19999694824219,1,0,0,0,56.75,0,0,0,0,0,0,2018
375,0,10,4030,500,928,0,0,0,0,0,0,0,0,0,0,-76.19999694824219,1,0,0,0,56.75,0,0,0,0,0,0,2018
376,0,11,4030,500,928,0,0,0,0,0,0,0,0,0,0,-76.19999694824219,1,0,0,0,56.75,0,0,0,0,0,0,2018
377,0,12,4030,500,928,0,0,0,0,0,0,0,0,0,0,-76.19999694824219,1,0,0,0,56.75,0,0,0,0,0,0,2018
378,0,13,4030,500,928,0,0,0,0,0,0,0,0,0,0,-76.19999694824219,1,0,0,0,56.75,0,0,0,0,0,0,2018
379,0,14,4030,500,928,0,0,0,0,0,0,0,0,0,0,-76.19999694824219,1,0,0,0,56.75,0,0,0,0,0,0,2018
380,0,15,4030,500,928,0,0,0,0,0,0,0,0,0,0,-78.44999694824219,1,0,0,0,56.75,0,0,0,0,0,0,2018
381,0,16,4030,500,928,0,0,0,0,0,0,0,0,0,0,-82.44999694824219,1,0,0,0,59,0,0,0,0,0,0,2018
382,0,17,4030,500,928,0,0,0,0,0,0,0,0,0,0,-86.44999694824219,1,0,0,0,63,0,0,0,0,0,0,2018
383,0,18,4030,500,928,0,0,0,0,0,0,0,0,0,0,-90.44999694824219,1,0,0,0,67,0,0,0,0,0,0,2018
384,0,19,4030,500,928,0,0,0,0,0,0,0,0,0,0,-94.44999694824219,1,0,0,0,71,0,0,0,0,0,0,2018
385,0,20,4030,500,928,0,0,0,0,0,0,0,0,0,0,-98.44999694824219,1,0,0,0,75,0,0,0,0,0,0,2018
386,0,21,4030,500,928,0,0,0,0,0,0,0,0,0,0,-102.44999694824219,1,0,0,0,79,0,0,0,0,0,0,2018
387,0,22,4030,500,928,0,0,0,0,0,0,0,0,0,0,-106.44999694824219,1,0,0,0,83,0,0,0,0,0,0,2018
388,0,23,4030,500,928,0,0,0,0,0,0,0,0,0,0,-110.19999694824219,1,0,0,0,87,0,0,0,0,0,0,2018
389,0,24,4030,500,928,0,0,0,0,0,0,0,0,0,0,-112.19999694824219,1,0,0,0,90.75,0,0,0,0,0,0,2018
390,0,25,4030,500,928,0,0,0,0,0,0,0,0,0,0,-112.19999694824219,1,0,0,0,92.75,0,0,0,0,0,0,2018
391,0,26,4030,500,928,0,0,0,0,0,0,0,0,0,0,-112.19999694824219,1,0,0,0,92.75,0,0,0,0,0,0,2018
392,0,27,4030,500,928,0,0,0,0,0,0,0,0,0,0,-112.19999694824219,1,0,0,0,92.75,0,0,0,0,0,0,2018
393,0,28,4030,500,928,0,0,0,0,0,0,0,0,0,0,-112.19999694824219,1,0,0,0,92.75,0,0,0,0,0,0,2018
394,0,29,4030,500,928,0,0,0,0,0,0,0,0,0,0,-112.19999694824219,1,0,0,0,92.75,0,0,0,0,0,0,2018
395,0,30,4030,500,928,0,0,0,0,0,0,0,0,0,0,-112.19999694824219,1,0,0,0,92.75,0,0,0,0,0,0,2018
396,0,31,4030,500,928,0,0,0,0,0,0,0,0,0,0,-112.19999694824219,1,0,0,0,92.75,0,0,0,0,0,0,2018
397,0,32,4030,500,928,0,0,0,0,0,0,0,0,0,0,-112.19999694824219,1,0,0,0,92.75,0,0,0,0,0,0,2018
398,0,33,4030,500,928,0,0,0,0,0,0,0,0,0,0,-113.69999694824219,1,0,0,0,92.75,0,0,0,0,0,0,2018
399,0,34,4030,500,928,0,0,0,0,0,0,0,0,0,0,-115.19999694824219,1,0,0,0,94.25,0,0,0,0,0,0,2018
400,0,35,4030,500,928,0,0,0,0,0,0,0,0,0,0,-116.69999694824219,1,0,0,0,95.75,0,0,0,0,0,0,2018
401,0,36,4030,500,928,0,0,0,0,0,0,0,0,0,0,-118.19999694824219,1,0,0,0,97.25,0,0,0,0,0,0,2018
402,0,37,4030,500,928,0,0,0,0,0,0,0,0,0,0,-119.69999694824219,1,0,0,0,98.75,0,0,0,0,0,0,2018
403,0,38,4030,500,928,0,0,0,0,0,0,0,0,0,0,-121.19999694824219,1,0,0,0,100.25,0,0,0,0,0,0,2018
404,0,39,4030,500,928,0,0,0,0,0,0,0,0,0,0,-122.69999694824219,1,0,0,0,101.75,0,0,0,0,0,0,2018
405,0,40,4030,500,928,0,0,0,0,0,0,0,0,0,0,-124.19999694824219,1,0,0,0,103.25,0,0,0,0,0,0,2018
406,0,41,4030,500,928,0,0,0,0,0,0,0,0,0,0,-125.69999694824219,1,0,0,0,104.75,0,0,0,0,0,0,2018
407,0,42,4030,500,928,0,0,0,0,0,0,0,0,0,0,-127.19999694824219,1,0,0,0,106.25,0,0,0,0,0,0,2018
408,0,43,4030,500,928,0,0,0,0,0,0,0,0,0,0,-128.6999969482422,1,0,0,0,107.75,0,0,0,0,0,0,2018
409,0,44,4030,500,928,0,0,0,0,0,0,0,0,0,0,-130.1999969482422,1,0,0,0,109.25,0,0,0,0,0,0,2018
410,0,45,4030,500,928,0,0,0,0,0,0,0,0,0,0,-131.6999969482422,1,0,0,0,110.75,0,0,0,0,0,0,2018
411,0,46,4030,500,928,0,0,0,0,0,0,0,0,0,0,-133.1999969482422,1,0,0,0,112.25,0,0,0,0,0,0,2018
412,0,47,4030,500,928,0,0,0,0,0,0,0,0,0,0,-134.6999969482422,1,0,0,0,113.75,0,0,0,0,0,0,2018
413,0,48,4030,500,928,0,0,0,0,0,0,0,0,0,0,-136.1999969482422,1,0,0,0,115.25,0,0,0,0,0,0,2018
414,0,49,4030,500,928,0,0,0,0,0,0,0,0,0,0,-137.6999969482422,1,0,0,0,116.75,0,0,0,0,0,0,2018
415,0,50,4030,500,928,0,0,0,0,0,0,0,0,0,0,-139.1999969482422,1,0,0,0,118.25,0,0,0,0,0,0,2018
416,0,51,4030,500,928,0,0,0,0,0,0,0,0,0,0,-140.6999969482422,1,0,0,0,119.75,0,0,0,0,0,0,2018
417,0,52,4030,500,928,0,0,0,0,0,0,0,0,0,0,-142.1999969482422,1,0,0,0,121.25,0,0,0,0,0,0,2018
418,0,53,4030,500,928,0,0,0,0,0,0,0,0,0,0,-143.4499969482422,1,0,0,0,122.75,0,0,0,0,0,0,2018
419,0,54,4030,500,928,0,0,0,0,0,0,0,0,0,0,-144.1999969482422,1,0,0,0,124,0,0,0,0,0,0,2018
420,0,55,4030,500,928,0,0,0,0,0,0,0,0,0,0,-144.6999969482422,1,0,0,0,124.75,0,0,0,0,0,0,2018
421,0,56,4030,500,928,0,0,0,0,0,0,0,0,0,0,-144.9499969482422,1,0,0,0,125.25,0,0,0,0,0,0,2018
422,0,57,4030,500,928,0,0,0,0,0,0,0,0,0,0,-144.9499969482422,1,0,0,0,125.5,0,0,0,0,0,0,2018
423,0,58,4030,500,928,0,0,0,0,0,0,0,0,0,0,-144.9499969482422,1,0,0,0,125.5,0,0,0,0,0,0,2018
424,0,59,4030,500,928,0,0,0,0,0,0,0,0,0,0,-144.9499969482422,1,0,0,0,125.5,0,0,0,0,0,0,2018
425,0,60,4030,500,928,0,0,0,0,0,0,0,0,0,0,-144.9499969482422,1,0,0,0,125.5,0,0,0,0,0,0,2018
426,0,61,4030,500,928,0,0,0,0,0,0,0,0,0,0,-144.9499969482422,1,0,0,0,125.5,0,0,0,0,0,0,2018
427,0,62,4030,500,928,0,0,0,0,0,0,0,0,0,0,-144.9499969482422,1,0,0,0,125.5,0,0,0,0,0,0,2018
428,0,63,4030,500,928,0,0,0,0,0,0,0,0,0,0,-144.9499969482422,1,0,0,0,125.5,0,0,0,0,0,0,2018
429,0,64,4030,500,928,0,0,0,0,0,0,0,0,0,0,-144.9499969482422,1,0,0,0,125.5,0,0,0,0,0,0,2018
430,0,65,4030,500,928,0,0,0,0,0,0,0,0,0,0,-144.9499969482422,1,0,0,0,125.5,0,0,0,0,0,0,2018
431,0,66,4030,500,928,0,0,0,0,0,0,0,0,0,0,-144.9499969482422,1,0,0,0,125.5,0,0,0,0,0,0,2018
432,0,67,4030,500,928,0,0,0,0,0,0,0,0,0,0,-144.9499969482422,1,0,0,0,125.5,0,0,0,0,0,0,2018
433,0,68,4030,500,928,0,0,0,0,0,0,0,0,0,0,-144.9499969482422,1,0,0,0,125.5,0,0,0,0,0,0,2018
434,0,69,4030,500,928,0,0,0,0,0,0,0,0,0,0,-144.9499969482422,1,0,0,0,125.5,0,0,0,0,0,0,2018
435,0,70,4030,500,928,0,0,0,0,0,0,0,0,0,0,-144.9499969482422,1,0,0,0,125.5,0,0,0,0,0,0,2018
436,0,71,4030,500,928,0,0,0,0,0,0,0,0,0,0,-144.9499969482422,1,0,0,0,125.5,0,0,0,0,0,0,2018
437,0,72,4030,500,928,0,0,0,0,0,0,0,0,0,0,-144.9499969482422,1,0,0,0,125.5,0,0,0,0,0,0,2018
438,0,73,4030,500,928,0,0,0,0,0,0,0,0,0,0,-144.9499969482422,1,0,0,0,125.5,0,0,0,0,0,0,2018
439,0,74,4030,500,928,0,0,0,0,0,0,0,0,0,0,-144.9499969482422,1,0,0,0,125.5,0,0,0,0,0,0,2018
440,0,75,4030,500,928,0,0,0,0,0,0,0,0,0,0,-144.9499969482422,1,0,0,0,125.5,0,0,0,0,0,0,2018
441,0,76,4030,500,928,0,0,0,0,0,0,0,0,0,0,-144.9499969482422,1,0,0,0,125.5,0,0,0,0,0,0,2018
442,0,77,4030,500,928,0,0,0,0,0,0,0,0,0,0,-144.9499969482422,1,0,0,0,125.5,0,0,0,0,0,0,2018
443,0,78,4030,500,928,0,0,0,0,0,0,0,0,0,0,-144.9499969482422,1,0,0,0,125.5,0,0,0,0,0,0,2018
444,0,79,4030,500,928,0,0,0,0,0,0,0,0,0,0,-144.9499969482422,1,0,0,0,125.5,0,0,0,0,0,0,2018
445,0,80,4030,500,928,0,0,0,0,0,0,0,0,0,0,-144.9499969482422,1,0,0,0,125.5,0,0,0,0,0,0,2018
446,0,81,4030,500,928,0,0,0,0,0,0,0,0,0,0,-144.9499969482422,1,0,0,0,125.5,0,0,0,0,0,0,2018
447,0,82,4030,500,928,0,0,0,0,0,0,0,0,0,0,-144.9499969482422,1,0,0,0,125.5,0,0,0,0,0,0,2018
448,0,83,4030,500,928,0,0,0,0,0,0,0,0,0,0,-144.9499969482422,1,0,0,0,125.5,0,0,0,0,0,0,2018
449,0,84,4030,500,928,0,0,0,0,0,0,0,0,0,0,-144.9499969482422,1,0,0,0,125.5,0,0,0,0,0,0,2018
450,0,85,4030,500,928,0,0,0,0,0,0,0,0,0,0,-144.9499969482422,1,0,0,0,125.5,0,0,0,0,0,0,2018
451,0,86,4030,500,928,0,0,0,0,0,0,0,0,0,0,-144.9499969482422,1,0,0,0,125.5,0,0,0,0,0,0,2018
452,0,87,4030,500,928,0,0,0,0,0,0,0,0,0,0,-144.9499969482422,1,0,0,0,125.5,0,0,0,0,0,0,2018
453,0,88,4030,500,928,0,0,0,0,0,0,0,0,0,0,-144.9499969482422,1,0,0,0,125.5,0,0,0,0,0,0,2018
454,0,89,4030,500,928,0,0,0,0,0,0,0,0,0,0,-144.9499969482422,1,0,0,0,125.5,0,0,0,0,0,0,2018
455,0,90,4030,500,928,0,0,0,0,0,0,0,0,0,0,-144.9499969482422,1,0,0,0,125.5,0,0,0,0,0,0,2018
456,0,91,4030,500,928,0,0,0,0,0,0,0,0,0,0,-144.9499969482422,1,0,0,0,125.5,0,0,0,0,0,0,2018
457,0,92,4030,500,928,0,0,0,0,0,0,0,0,0,0,-144.9499969482422,1,0,0,0,125.5,0,0,0,0,0,0,2018
458,0,93,4030,500,928,0,0,0,0,0,0,0,0,0,0,-144.9499969482422,1,0,0,0,125.5,0,0,0,0,0,0,2018
459,0,94,4030,500,928,0,0,0,0,0,0,0,0,0,0,-144.9499969482422,1,0,0,0,125.5,0,0,0,0,0,0,2018
460,0,95,4030,500,928,0,0,0,0,0,0,0,0,0,0,-144.9499969482422,1,0,0,0,125.5,0,0,0,0,0,0,2018
461,0,96,4030,500,928,0,0,0,0,0,0,0,0,0,0,-144.9499969482422,1,0,0,0,125.5,0,0,0,0,0,0,2018
462,0,97,4030,500,928,0,0,0,0,0,0,0,0,0,0,-144.9499969482422,1,0,0,0,125.5,0,0,0,0,0,0,2018
463,0,98,4030,500,928,0,0,0,0,0,0,0,0,0,0,-144.9499969482422,1,0,0,0,125.5,0,0,0,0,0,0,2018
464,0,99,4030,500,928,0,0,0,0,0,0,0,0,0,0,-144.9499969482422,1,0,0,0,125.5,0,0,0,0,0,0,2018
465,0,100,4030,500,928,0,0,0,0,0,0,0,0,0,0,-144.9499969482422,1,0,0,0,125.5,0,0,0,0,0,0,2018
466,0,101,4030,500,928,0,0,0,0,0,0,0,0,0,0,-144.9499969482422,1,0,0,0,125.5,0,0,0,0,0,0,2018
467,0,102,4030,500,928,0,0,0,0,0,0,0,0,0,0,-144.9499969482422,1,0,0,0,125.5,0,0,0,0,0,0,2018
468,0,103,4030,500,928,0,0,0,0,0,0,0,0,0,0,-144.9499969482422,1,0,0,0,125.5,0,0,0,0,0,0,2018
469,0,104,4030,500,928,0,0,0,0,0,0,0,0,0,0,-144.9499969482422,1,0,0,0,125.5,0,0,0,0,0,0,2018
470,0,105,4030,500,928,0,0,0,0,0,0,0,0,0,0,-144.9499969482422,1,0,0,0,125.5,0,0,0,0,0,0,2018
471,0,106,4030,500,928,0,0,0,0,0,0,0,0,0,0,-144.9499969482422,1,0,0,0,125.5,0,0,0,0,0,0,2018
472,0,107,4030,500,928,0,0,0,0,0,0,0,0,0,0,-144.9499969482422,1,0,0,0,125.5,0,0,0,0,0,0,2018
473,0,108,4030,500,928,0,0,0,0,0,0,0,0,0,0,-144.9499969482422,1,0,0,0,125.5,0,0,0,0,0,0,2018
474,0,109,4030,500,928,0,0,0,0,0,0,0,0,0,0,-144.9499969482422,1,0,0,0,125.5,0,0,0,0,0,0,2018
475,0,110,4030,500,928,0,0,0,0,0,0,0,0,0,0,-144.9499969482422,1,0,0,0,125.5,0,0,0,0,0,0,2018
476,0,111,4030,500,928,0,0,0,0,0,0,0,0,0,0,-144.9499969482422,1,0,0,0,125.5,0,0,0,0,0,0,2018
477,0,112,4030,500,928,0,0,0,0,0,0,0,0,0,0,-144.9499969482422,1,0,0,0,125.5,0,0,0,0,0,0,2018
478,0,113,4030,500,928,0,0,0,0,0,0,0,0,0,0,-144.9499969482422,1,0,0,0,125.5,0,0,0,0,0,0,2018
479,0,114,4030,500,928,0,0,0,0,0,0,0,0,0,0,-144.9499969482422,1,0,0,0,125.5,0,0,0,0,0,0,2018
480,0,115,4030,500,928,0,0,0,0,0,0,0,0,0,0,-144.9499969482422,1,0,0,0,125.5,0,0,0,0,0,0,2018
481,0,116,4030,500,928,0,0,0,0,0,0,0,0,0,0,-144.9499969482422,1,0,0,0,125.5,0,0,0,0,0,0,2018
482,0,117,4030,500,928,0,0,0,0,0,0,0,0,0,0,-144.9499969482422,1,0,0,0,125.5,0,0,0,0,0,0,2018
483,0,118,4030,500,928,0,0,0,0,0,0,0,0,0,0,-144.9499969482422,1,0,0,0,125.5,0,0,0,0,0,0,2018
484,0,119,4030,500,928,0,0,0,0,0,0,0,0,0,0,-144.9499969482422,1,0,0,0,125.5,0,0,0,0,0,0,2018
485,0,120,4030,500,928,0,0,0,0,0,0,0,0,0,0,-144.9499969482422,1,0,0,0,125.5,0,0,0,0,0,0,2018
486,0,121,4030,500,928,0,0,0,0,0,0,0,0,0,0,-144.9499969482422,1,0,0,0,125.5,0,0,0,0,0,0,2018
487,0,122,4030,500,928,0,0,0,0,0,0,0,0,0,0,-144.9499969482422,1,0,0,0,125.5,0,0,0,0,0,0,2018
488,0,123,4030,500,928,0,0,0,0,0,0,0,0,0,0,-144.9499969482422,1,0,0,0,125.5,0,0,0,0,0,0,2018
489,0,124,4030,500,928,0,0,0,0,0,0,0,0,0,0,-144.9499969482422,1,0,0,0,125.5,0,0,0,0,0,0,2018
490,0,125,4030,500,928,0,0,0,0,0,0,0,0,0,0,-144.9499969482422,1,0,0,0,125.5,0,0,0,0,0,0,2018
491,0,126,4030,500,928,0,0,0,0,0,0,0,0,0,0,-144.9499969482422,1,0,0,0,125.5,0,0,0,0,0,0,2018
492,0,127,4030,500,928,0,0,0,0,0,0,0,0,0,0,-144.9499969482422,1,0,0,0,125.5,0,0,0,0,0,0,2018
493,0,128,4030,500,928,0,0,0,0,0,0,0,0,0,0,-144.9499969482422,1,0,0,0,125.5,0,0,0,0,0,0,2018
494,0,129,4030,500,928,0,0,0,0,0,0,0,0,0,0,-144.9499969482422,1,0,0,0,125.5,0,0,0,0,0,0,2018
495,0,130,4030,500,928,0,0,0,0,0,0,0,0,0,0,-144.9499969482422,1,0,0,0,125.5,0,0,0,0,0,0,2018
496,0,131,4030,500,928,0,0,0,0,0,0,0,0,0,0,-144.9499969482422,1,0,0,0,125.5,0,0,0,0,0,0,2018
497,0,132,4030,500,928,0,0,0,0,0,0,0,0,0,0,-144.9499969482422,1,0,0,0,125.5,0,0,0,0,0,0,2018
498,0,133,4030,500,928,0,0,0,0,0,0,0,0,0,0,-144.9499969482422,1,0,0,0,125.5,0,0,0,0,0,0,2018
499,0,134,4030,500,928,0,0,0,0,0,0,0,0,0,0,-144.9499969482422,1,0,0,0,125.5,0,0,0,0,0,0,2018
500,0,135,4030,500,928,0,0,0,0,0,0,0,0,0,0,-144.9499969482422,1,0,0,0,125.5,0,0,0,0,0,0,2018
501,0,136,4030,500,928,0,0,0,0,0,0,0,0,0,0,-144.9499969482422,1,0,0,0,125.5,0,0,0,0,0,0,2018
502,0,137,4030,500,928,0,0,0,0,0,0,0,0,0,0,-144.9499969482422,1,0,0,0,125.5,0,0,0,0,0,0,2018
503,0,138,4030,500,928,0,0,0,0,0,0,0,0,0,0,-144.9499969482422,1,0,0,0,125.5,0,0,0,0,0,0,2018
504,0,139,4030,500,928,0,0,0,0,0,0,0,0,0,0,-144.9499969482422,1,0,0,0,125.5,0,0,0,0,0,0,2018
505,0,140,4030,500,928,0,0,0,0,0,0,0,0,0,0,-144.9499969482422,1,0,0,0,125.5,0,0,0,0,0,0,2018
506,0,141,4030,500,928,0,0,0,0,0,0,0,0,0,0,-144.9499969482422,1,0,0,0,125.5,0,0,0,0,0,0,2018
507,0,142,4030,500,928,0,0,0,0,0,0,0,0,0,0,-144.9499969482422,1,0,0,0,125.5,0,0,0,0,0,0,2018
508,0,143,4030,500,928,0,0,0,0,0,0,0,0,0,0,-144.9499969482422,1,0,0,0,125.5,0,0,0,0,0,0,2018
509,0,144,4030,500,928,0,0,0,0,0,0,0,0,0,0,-144.9499969482422,1,0,0,0,125.5,0,0,0,0,0,0,2018
510,0,145,4030,500,928,0,0,0,0,0,0,0,0,0,0,-144.9499969482422,1,0,0,0,125.5,0,0,0,0,0,0,2018
511,0,146,4030,500,928,0,0,0,0,0,0,0,0,0,0,-144.9499969482422,1,0,0,0,125.5,0,0,0,0,0,0,2018
512,0,147,4030,500,928,0,0,0,0,0,0,0,0,0,0,-144.9499969482422,1,0,0,0,125.5,0,0,0,0,0,0,2018
513,0,148,4030,500,928,0,0,0,0,0,0,0,0,0,0,-144.9499969482422,1,0,0,0,125.5,0,0,0,0,0,0,2018
514,0,149,4030,500,928,0,0,0,0,0,0,0,0,0,0,-144.9499969482422,1,0,0,0,125.5,0,0,0,0,0,0,2018
515,0,150,4030,500,928,0,0,0,0,0,0,0,0,0,0,-144.9499969482422,1,0,0,0,125.5,0,0,0,0,0,0,2018
516,0,151,4030,500,928,0,0,0,0,0,0,0,0,0,0,-144.9499969482422,1,0,0,0,125.5,0,0,0,0,0,0,2018
517,0,152,4030,500,928,0,0,0,0,0,0,0,0,0,0,-144.9499969482422,1,0,0,0,125.5,0,0,0,0,0,0,2018
518,0,153,4030,500,928,0,0,0,0,0,0,0,0,0,0,-144.9499969482422,1,0,0,0,125.5,0,0,0,0,0,0,2018
519,0,154,4030,500,928,0,0,0,0,0,0,0,0,0,0,-144.9499969482422,1,0,0,0,125.5,0,0,0,0,0,0,2018
520,0,155,4030,500,928,0,0,0,0,0,0,0,0,0,0,-144.9499969482422,1,0,0,0,125.5,0,0,0,0,0,0,2018
521,0,156,4030,500,928,0,0,0,0,0,0,0,0,0,0,-144.9499969482422,1,0,0,0,125.5,0,0,0,0,0,0,2018
522,0,157,4030,500,928,0,0,0,0,0,0,0,0,0,0,-144.9499969482422,1,0,0,0,125.5,0,0,0,0,0,0,2018
523,0,158,4030,500,928,0,0,0,0,0,0,0,0,0,0,-144.9499969482422,1,0,0,0,125.5,0,0,0,0,0,0,2018
524,0,159,4030,500,928,0,0,0,0,0,0,0,0,0,0,-144.9499969482422,1,0,0,0,125.5,0,0,0,0,0,0,2018
525,0,160,4030,500,928,0,0,0,0,0,0,0,0,0,0,-144.9499969482422,1,0,0,0,125.5,0,0,0,0,0,0,2018
526,0,161,4030,500,928,0,0,0,0,0,0,0,0,0,0,-144.9499969482422,1,0,0,0,125.5,0,0,0,0,0,0,2018
527,0,162,4030,500,928,0,0,0,0,0,0,0,0,0,0,-144.9499969482422,1,0,0,0,125.5,0,0,0,0,0,0,2018
528,0,163,4030,500,928,0,0,0,0,0,0,0,0,0,0,-144.9499969482422,1,0,0,0,125.5,0,0,0,0,0,0,2018
529,0,164,4030,500,928,0,0,0,0,0,0,0,0,0,0,-144.9499969482422,1,0,0,0,125.5,0,0,0,0,0,0,2018
530,0,165,4030,500,928,0,0,0,0,0,0,0,0,0,0,-144.9499969482422,1,0,0,0,125.5,0,0,0,0,0,0,2018
531,0,166,4030,500,928,0,0,0,0,0,0,0,0,0,0,-144.9499969482422,1,0,0,0,125.5,0,0,0,0,0,0,2018
532,0,167,4030,500,928,0,0,0,0,0,0,0,0,0,0,-144.9499969482422,1,0,0,0,125.5,0,0,0,0,0,0,2018
533,0,168,4030,500,928,0,0,0,0,0,0,0,0,0,0,-144.9499969482422,1,0,0,0,125.5,0,0,0,0,0,0,2018
534,0,169,4030,500,928,0,0,0,0,0,0,0,0,0,0,-144.9499969482422,1,0,0,0,125.5,0,0,0,0,0,0,2018
535,0,170,4030,500,928,0,0,0,0,0,0,0,0,0,0,-144.9499969482422,1,0,0,0,125.5,0,0,0,0,0,0,2018
536,0,171,4030,500,928,0,0,0,0,0,0,0,0,0,0,-144.9499969482422,1,0,0,0,125.5,0,0,0,0,0,0,2018
537,0,172,4030,500,928,0,0,0,0,0,0,0,0,0,0,-144.9499969482422,1,0,0,0,125.5,0,0,0,0,0,0,2018
538,0,173,4030,500,928,0,0,0,0,0,0,0,0,0,0,-144.9499969482422,1,0,0,0,125.5,0,0,0,0,0,0,2018
539,0,174,4030,500,928,0,0,0,0,0,0,0,0,0,0,-144.9499969482422,1,0,0,0,125.5,0,0,0,0,0,0,2018
540,0,175,4030,500,928,0,0,0,0,0,0,0,0,0,0,-144.9499969482422,1,0,0,0,125.5,0,0,0,0,0,0,2018
541,0,176,4030,500,928,0,0,0,0,0,0,0,0,0,0,-144.9499969482422,1,0,0,0,125.5,0,0,0,0,0,0,2018
542,0,177,4030,500,928,0,0,0,0,0,0,0,0,0,0,-144.9499969482422,1,0,0,0,125.5,0,0,0,0,0,0,2018
543,0,178,4030,500,928,0,0,0,0,0,0,0,0,0,0,-144.9499969482422,1,0,0,0,125.5,0,0,0,0,0,0,2018
544,0,179,4030,500,928,0,0,0,0,0,0,0,0,0,0,-144.9499969482422,1,0,0,0,125.5,0,0,0,0,0,0,2018
545,0,180,4030,500,928,0,0,0,0,0,0,0,0,0,0,-144.9499969482422,1,0,0,0,125.5,0,0,0,0,0,0,2018
546,0,181,4030,500,928,0,0,0,0,0,0,0,0,0,0,-144.9499969482422,1,0,0,0,125.5,0,0,0,0,0,0,2018
547,0,182,4030,500,928,0,0,0,0,0,0,0,0,0,0,-144.9499969482422,1,0,0,0,125.5,0,0,0,0,0,0,2018
548,0,183,4030,500,928,0,0,0,0,0,0,0,0,0,0,-144.9499969482422,1,0,0,0,125.5,0,0,0,0,0,0,2018
549,0,184,4030,500,928,0,0,0,0,0,0,0,0,0,0,-144.9499969482422,1,0,0,0,125.5,0,0,0,0,0,0,2018
550,0,185,4030,500,928,0,0,0,0,0,0,0,0,0,0,-144.9499969482422,1,0,0,0,125.5,0,0,0,0,0,0,2018
551,0,186,4030,500,928,0,0,0,0,0,0,0,0,0,0,-144.9499969482422,1,0,0,0,125.5,0,0,0,0,0,0,2018
552,0,187,4030,500,928,0,0,0,0,0,0,0,0,0,0,-144.9499969482422,1,0,0,0,125.5,0,0,0,0,0,0,2018
553,0,188,4030,500,928,0,0,0,0,0,0,0,0,0,0,-144.9499969482422,1,0,0,0,125.5,0,0,0,0,0,0,2018
554,0,189,4030,500,928,0,0,0,0,0,0,0,0,0,0,-144.9499969482422,1,0,0,0,125.5,0,0,0,0,0,0,2018
555,0,190,4030,500,928,0,0,0,0,0,0,0,0,0,0,-144.9499969482422,1,0,0,0,125.5,0,0,0,0,0,0,2018
556,0,191,4030,500,928,0,0,0,0,0,0,0,0,0,0,-144.9499969482422,1,0,0,0,125.5,0,0,0,0,0,0,2018
557,0,192,4030,500,928,0,0,0,0,0,0,0,0,0,0,-144.9499969482422,1,0,0,0,125.5,0,0,0,0,0,0,2018
558,0,193,4030,500,928,0,0,0,0,0,0,0,0,0,0,-144.9499969482422,1,0,0,0,125.5,0,0,0,0,0,0,2018
559,0,194,4030,500,928,0,0,0,0,0,0,0,0,0,0,-144.9499969482422,1,0,0,0,125.5,0,0,0,0,0,0,2018
560,0,195,4030,500,928,0,0,0,0,0,0,0,0,0,0,-144.9499969482422,1,0,0,0,125.5,0,0,0,0,0,0,2018
561,0,196,4030,500,928,0,0,0,0,0,0,0,0,0,0,-144.9499969482422,1,0,0,0,125.5,0,0,0,0,0,0,2018
562,0,197,4030,500,928,0,0,0,0,0,0,0,0,0,0,-144.9499969482422,1,0,0,0,125.5,0,0,0,0,0,0,2018
563,0,198,4030,500,928,0,0,0,0,0,0,0,0,0,0,-144.9499969482422,1,0,0,0,125.5,0,0,0,0,0,0,2018
564,0,199,4030,500,928,0,0,0,0,0,0,0,0,0,0,-144.9499969482422,1,0,0,0,125.5,0,0,0,0,0,0,2018
565,0,200,4030,500,928,0,0,0,0,0,0,0,0,0,0,-144.9499969482422,1,0,0,0,125.5,0,0,0,0,0,0,2018
566,0,201,4030,500,928,0,0,0,0,0,0,0,0,0,0,-144.9499969482422,1,0,0,0,125.5,0,0,0,0,0,0,2018
567,0,202,4030,500,928,0,0,0,0,0,0,0,0,0,0,-144.9499969482422,1,0,0,0,125.5,0,0,0,0,0,0,2018
568,0,203,4030,500,928,0,0,0,0,0,0,0,0,0,0,-144.9499969482422,1,0,0,0,125.5,0,0,0,0,0,0,2018
569,0,204,4030,500,928,0,0,0,0,0,0,0,0,0,0,-144.9499969482422,1,0,0,0,125.5,0,0,0,0,0,0,2018
570,0,205,4030,500,928,0,0,0,0,0,0,0,0,0,0,-144.9499969482422,1,0,0,0,125.5,0,0,0,0,0,0,2018
571,0,206,4030,500,928,0,0,0,0,0,0,0,0,0,0,-144.9499969482422,1,0,0,0,125.5,0,0,0,0,0,0,2018
572,0,207,4030,500,928,0,0,0,0,0,0,0,0,0,0,-144.9499969482422,1,0,0,0,125.5,0,0,0,0,0,0,2018
573,0,208,4030,500,928,0,0,0,0,0,0,0,0,0,0,-144.9499969482422,1,0,0,0,125.5,0,0,0,0,0,0,2018
574,0,209,4030,500,928,0,0,0,0,0,0,0,0,0,0,-144.9499969482422,1,0,0,0,125.5,0,0,0,0,0,0,2018
575,0,210,4030,500,928,0,0,0,0,0,0,0,0,0,0,-144.9499969482422,1,0,0,0,125.5,0,0,0,0,0,0,2018
576,0,211,4030,500,928,0,0,0,0,0,0,0,0,0,0,-144.9499969482422,1,0,0,0,125.5,0,0,0,0,0,0,2018
577,0,212,4030,500,928,0,0,0,0,0,0,0,0,0,0,-144.9499969482422,1,0,0,0,125.5,0,0,0,0,0,0,2018
578,0,213,4030,500,928,0,0,0,0,0,0,0,0,0,0,-144.9499969482422,1,0,0,0,125.5,0,0,0,0,0,0,2018
579,0,214,4030,500,928,0,0,0,0,0,0,0,0,0,0,-144.9499969482422,1,0,0,0,125.5,0,0,0,0,0,0,2018
580,0,215,4030,500,928,0,0,0,0,0,0,0,0,0,0,-144.9499969482422,1,0,0,0,125.5,0,0,0,0,0,0,2018
581,0,216,4030,500,928,0,0,0,0,0,0,0,0,0,0,-144.9499969482422,1,0,0,0,125.5,0,0,0,0,0,0,2018
582,0,217,4030,500,928,0,0,0,0,0,0,0,0,0,0,-144.9499969482422,1,0,0,0,125.5,0,0,0,0,0,0,2018
583,0,218,4030,500,928,0,0,0,0,0,0,0,0,0,0,-144.9499969482422,1,0,0,0,125.5,0,0,0,0,0,0,2018
584,0,219,4030,500,928,0,0,0,0,0,0,0,0,0,0,-144.9499969482422,1,0,0,0,125.5,0,0,0,0,0,0,2018
585,0,220,4030,500,928,0,0,0,0,0,0,0,0,0,0,-144.9499969482422,1,0,0,0,125.5,0,0,0,0,0,0,2018
586,0,221,4030,500,928,0,0,0,0,0,0,0,0,0,0,-144.9499969482422,1,0,0,0,125.5,0,0,0,0,0,0,2018
587,0,222,4030,500,928,0,0,0,0,0,0,0,0,0,0,-144.9499969482422,1,0,0,0,125.5,0,0,0,0,0,0,2018
588,0,223,4030,500,928,0,0,0,0,0,0,0,0,0,0,-144.9499969482422,1,0,0,0,125.5,0,0,0,0,0,0,2018
589,0,224,4030,500,928,0,0,0,0,0,0,0,0,0,0,-144.9499969482422,1,0,0,0,125.5,0,0,0,0,0,0,2018
590,0,225,4030,500,928,0,0,0,0,0,0,0,0,0,0,-144.9499969482422,1,0,0,0,125.5,0,0,0,0,0,0,2018
591,0,226,4030,500,928,0,0,0,0,0,0,0,0,0,0,-144.9499969482422,1,0,0,0,125.5,0,0,0,0,0,0,2018
592,0,227,4030,500,928,0,0,0,0,0,0,0,0,0,0,-144.9499969482422,1,0,0,0,125.5,0,0,0,0,0,0,2018
593,0,228,4030,500,928,0,0,0,0,0,0,0,0,0,0,-144.9499969482422,1,0,0,0,125.5,0,0,0,0,0,0,2018
594,0,229,4030,500,928,0,0,0,0,0,0,0,0,0,0,-144.9499969482422,1,0,0,0,125.5,0,0,0,0,0,0,2018
595,0,230,4030,500,928,0,0,0,0,0,0,0,0,0,0,-144.9499969482422,1,0,0,0,125.5,0,0,0,0,0,0,2018
596,0,231,4030,500,928,0,0,0,0,0,0,0,0,0,0,-144.9499969482422,1,0,0,0,125.5,0,0,0,0,0,0,2018
597,0,232,4030,500,928,0,0,0,0,0,0,0,0,0,0,-144.9499969482422,1,0,0,0,125.5,0,0,0,0,0,0,2018
598,0,233,4030,500,928,0,0,0,0,0,0,0,0,0,0,-144.9499969482422,1,0,0,0,125.5,0,0,0,0,0,0,2018
599,0,234,4030,500,928,0,0,0,0,0,0,0,0,0,0,-144.9499969482422,1,0,0,0,125.5,0,0,0,0,0,0,2018
600,0,235,4030,500,928,0,0,0,0,0,0,0,0,0,0,-144.9499969482422,1,0,0,0,125.5,0,0,0,0,0,0,2018
601,0,236,4030,500,928,0,0,0,0,0,0,0,0,0,0,-144.9499969482422,1,0,0,0,125.5,0,0,0,0,0,0,2018
602,0,237,4030,500,928,0,0,0,0,0,0,0,0,0,0,-144.9499969482422,1,0,0,0,125.5,0,0,0,0,0,0,2018
603,0,238,4030,500,928,0,0,0,0,0,0,0,0,0,0,-144.9499969482422,1,0,0,0,125.5,0,0,0,0,0,0,2018
604,0,239,4030,500,928,0,0,0,0,0,0,0,0,0,0,-144.9499969482422,1,0,0,0,125.5,0,0,0,0,0,0,2018
605,0,240,4030,500,928,0,0,0,0,0,0,0,0,0,0,-144.9499969482422,1,0,0,0,125.5,0,0,0,0,0,0,2018
606,0,241,4030,500,928,0,0,0,0,0,0,0,0,0,0,-144.9499969482422,1,0,0,0,125.5,0,0,0,0,0,0,2018
607,0,242,4030,500,928,0,0,0,0,0,0,0,0,0,0,-144.9499969482422,1,0,0,0,125.5,0,0,0,0,0,0,2018
608,0,243,4030,500,928,0,0,0,0,0,0,0,0,0,0,-144.9499969482422,1,0,0,0,125.5,0,0,0,0,0,0,2018
609,0,244,4030,500,928,0,0,0,0,0,0,0,0,0,0,-144.9499969482422,1,0,0,0,125.5,0,0,0,0,0,0,2018
610,0,1,3000,500,1000,0,0,0,0,0,0,0,0,0,0,-145,1,0,0,0,125.5,0,0,0,0,0,0,1000
611,0,2,3000,500,1000,0,0,0,0,0,0,0,0,0,0,-145,1,0,0,0,125.5,0,0,0,0,0,0,1000
612,0,3,3000,500,1000,0,0,0,0,0,0,0,0,0,0,-145,1,0,0,0,125.5,0,0,0,0,0,0,1000
613,0,4,3000,500,1000,0,0,0,0,0,0,0,0,0,0,-145,1,0,0,0,125.5,0,0,0,0,0,0,1000
614,0,5,3000,500,1000,0,0,0,0,0,0,0,0,0,0,-145,1,0,0,0,125.5,0,0,0,0,0,0,1000
615,0,6,3000,500,1000,0,0,0,0,0,0,0,0,0,0,-145,1,0,0,0,125.5,0,0,0,0,0,0,1000
616,0,7,3000,500,1000,0,0,0,0,0,0,0,0,0,0,-145,1,0,0,0,125.5,0,0,0,0,0,0,1000
617,0,8,3000,500,1000,0,0,0,0,0,0,0,0,0,0,-145,1,0,0,0,125.5,0,0,0,0,0,0,1000
618,0,9,3000,500,1000,0,0,0,0,0,0,0,0,0,0,-145,1,0,0,0,125.5,0,0,0,0,0,0,1000
619,10,1,3000,500,1000,0,0,0,0,0,0,0,0,0,0,-145,1,0,0,0,125.5,0,0,0,0,0,0,1000
620,10,2,3000,500,1000,0,0,0,0,0,0,0,0,0,0,-145,1,0,0,0,125.5,0,0,0,0,0,0,1000
621,10,3,3000,500,1000,0,0,0,0,0,0,0,0,0,0,-145,1,0,0,0,125.5,0,0,0,0,0,0,1000
622,10,4,3000,500,1000,0,0,0,0,0,0,0,0,0,0,-145,1,0,0,0,125.5,0,0,0,0,0,0,1000
623,10,5,3000,500,1000,0,0,0,0,0,0,0,0,0,0,-145,1,0,0,0,125.5,0,0,0,0,0,0,1000
624,10,6,3000,500,1000,0,0,0,0,0,0,0,0,0,0,-145,1,0,0,0,125.5,0,0,0,0,0,0,1000
625,1020,1,3000,500,1000,0,0,0,0,0,0,0,0,0,0,-145,1,0,0,0,125.5,0,0,0,0,0,0,1000
626,1020,2,3000,500,1000,0,0,0,0,0,0,0,0,0,0,-145,1,0,0,0,125.5,0,0,0,0,0,0,1000
627,1020,3,3000,500,1000,0,0,0,0,0,0,0,0,0,0,-145,1,0,0,0,125.5,0,0,0,0,0,0,1000
628,1020,4,3000,500,1000,0,0,0,0,0,0,0,0,0,0,-138.60000610351562,1,0,0,0,125.5,0,0,0,0,0,0,1000
629,1020,5,3000,500,1000,0,0,0,0,0,0,0,0,0,0,-132.1999969482422,1,0,0,0,125.5,0,0,0,0,0,0,1000
630,1020,6,3000,500,1000,0,0,0,0,0,0,0,0,0,0,-127.1500015258789,1,0,0,0,125.5,0,0,0,0,0,0,1000
631,1020,7,3000,500,1000,0,0,0,0,0,0,0,0,0,0,-123.94999694824219,1,0,0,0,125.5,0,0,0,0,0,0,1000
632,1020,8,3000,500,1000,0,0,0,0,0,0,0,0,0,0,-120.75,1,0,0,0,125.5,0,0,0,0,0,0,1000
633,1020,8,4030,500,924,0,0,0,0,0,0,0,0,0,0,-120.75,1,0,0,0,125.5,0,0,0,0,0,0,2018
634,1020,8,4030,500,924,0,0,0,0,0,0,0,0,0,0,-120.75,1,0,0,0,125.5,0,0,0,0,0,0,2018
635,1020,8,4030,500,924,0,0,0,0,0,0,0,0,0,0,-120.75,1,0,0,0,125.5,0,0,0,0,0,0,2018
636,1020,8,4030,500,924,0,0,0,0,0,0,0,0,0,0,-120.75,1,0,0,0,125.5,0,0,0,0,0,0,2018
637,1020,8,4030,500,924,0,0,0,0,0,0,0,0,0,0,-120.75,1,0,0,0,125.5,0,0,0,0,0,0,2018
638,1020,8,4030,500,924,0,0,0,0,0,0,0,0,0,0,-120.75,1,0,0,0,125.5,0,0,0,0,0,0,2018
639,1020,9,4030,500,924,0,0,0,0,0,0,0,0,0,0,-116.05000305175781,1,0,0,0,125.5,0,0,0,0,0,0,2018
640,1020,10,4030,500,924,0,0,0,0,0,0,0,0,0,0,-112.8499984741211,1,0,0,0,125.5,0,0,0,0,0,0,2018
641,1020,11,4030,500,924,0,0,0,0,0,0,0,0,0,0,-109.6500015258789,1,0,0,0,125.5,0,0,0,0,0,0,2018
642,1020,12,4030,500,924,0,0,0,0,0,0,0,0,0,0,-104.44999694824219,1,0,0,0,125.5,0,0,0,0,0,0,2018
643,1020,13,4030,500,924,0,0,0,0,0,0,0,0,0,0,-99.25,1,0,0,0,125.5,0,0,0,0,0,0,2018
644,1020,14,4030,500,924,0,0,0,0,0,0,0,0,0,0,-94.05000305175781,1,0,0,0,125.5,0,0,0,0,0,0,2018
645,1020,15,4030,500,924,0,0,0,0,0,0,0,0,0,0,-88.8499984741211,1,0,0,0,125.5,0,0,0,0,0,0,2018
646,1020,16,4030,500,924,0,0,0,0,0,0,0,0,0,0,-83.64999389648438,1,0,0,0,125.5,0,0,0,0,0,0,2018
647,1020,17,4030,500,924,0,0,0,0,0,0,0,0,0,0,-78.44999694824219,1,0,0,0,125.5,0,0,0,0,0,0,2018
648,1020,18,4030,500,924,0,0,0,0,0,0,0,0,0,0,-73.25,1,0,0,0,125.5,0,0,0,0,0,0,2018
649,1020,19,4030,500,924,0,0,0,0,0,0,0,0,0,0,-68.05000305175781,1,0,0,0,125.5,0,0,0,0,0,0,2018
650,1020,20,4030,500,924,0,0,0,0,0,0,0,0,0,0,-62.849998474121094,1,0,0,0,125.5,0,0,0,0,0,0,2018
651,1020,21,4030,500,924,0,0,0,0,0,0,0,0,0,0,-57.649993896484375,1,0,0,0,125.5,0,0,0,0,0,0,2018
652,1020,22,4030,500,924,0,0,0,0,0,0,0,0,0,0,-57.649993896484375,1,0,0,0,125.5,0,0,0,0,0,0,2018
653,1020,23,4030,500,924,0,0,0,0,0,0,0,0,0,0,-57.649993896484375,1,0,0,0,125.5,0,0,0,0,0,0,2018
654,1020,24,4030,500,924,0,0,0,0,0,0,0,0,0,0,-57.649993896484375,1,0,0,0,125.5,0,0,0,0,0,0,2018
655,1020,25,4030,500,924,0,0,0,0,0,0,0,0,0,0,-57.649993896484375,1,0,0,0,125.5,0,0,0,0,0,0,2018
656,1020,26,4030,500,924,0,0,0,0,0,0,0,0,0,0,-57.649993896484375,1,0,0,0,125.5,0,0,0,0,0,0,2018
657,1020,27,4030,500,924,0,0,0,0,0,0,0,0,0,0,-57.649993896484375,1,0,0,0,125.5,0,0,0,0,0,0,2018
658,1020,28,4030,500,924,0,0,0,0,0,0,0,0,0,0,-57.649993896484375,1,0,0,0,125.5,0,0,0,0,0,0,2018
659,1020,29,4030,500,924,0,0,0,0,0,0,0,0,0,0,-57.649993896484375,1,0,0,0,125.5,0,0,0,0,0,0,2018
660,1020,30,4030,500,924,0,0,0,0,0,0,0,0,0,0,-57.649993896484375,1,0,0,0,125.5,0,0,0,0,0,0,2018
661,1020,31,4030,500,924,0,0,0,0,0,0,0,0,0,0,-57.649993896484375,1,0,0,0,125.5,0,0,0,0,0,0,2018
662,1020,32,4030,500,924,0,0,0,0,0,0,0,0,0,0,-57.649993896484375,1,0,0,0,125.5,0,0,0,0,0,0,2018
663,1020,33,4030,500,924,0,0,0,0,0,0,0,0,0,0,-57.649993896484375,1,0,0,0,125.5,0,0,0,0,0,0,2018
664,1020,34,4030,500,924,0,0,0,0,0,0,0,0,0,0,-57.649993896484375,1,0,0,0,125.5,0,0,0,0,0,0,2018
665,1020,35,4030,500,924,0,0,0,0,0,0,0,0,0,0,-57.649993896484375,1,0,0,0,125.5,0,0,0,0,0,0,2018
666,1020,36,4030,500,924,0,0,0,0,0,0,0,0,0,0,-57.649993896484375,1,0,0,0,125.5,0,0,0,0,0,0,2018
667,0,1,4030,500,924,0,0,0,0,0,0,0,0,0,0,-57.649993896484375,1,0,0,0,125.5,0,0,0,0,0,0,2018
668,0,2,4030,500,924,0,0,0,0,0,0,0,0,0,0,-57.649993896484375,1,0,0,0,125.5,0,0,0,0,0,0,2018
669,0,3,4030,500,924,0,0,0,0,0,0,0,0,0,0,-57.649993896484375,1,0,0,0,125.5,0,0,0,0,0,0,2018
670,0,4,4030,500,924,0,0,0,0,0,0,0,0,0,0,-57.649993896484375,1,0,0,0,125.5,0,0,0,0,0,0,2018
671,0,5,4030,500,924,0,0,0,0,0,0,0,0,0,0,-57.649993896484375,1,0,0,0,125.5,0,0,0,0,0,0,2018
672,0,6,4030,500,924,0,0,0,0,0,0,0,0,0,0,-57.649993896484375,1,0,0,0,125.5,0,0,0,0,0,0,2018
673,0,7,4030,500,924,0,0,0,0,0,0,0,0,0,0,-57.649993896484375,1,0,0,0,125.5,0,0,0,0,0,0,2018
674,0,8,4030,500,924,0,0,0,0,0,0,0,0,0,0,-57.649993896484375,1,0,0,0,125.5,0,0,0,0,0,0,2018
675,0,9,4030,500,924,0,0,0,0,0,0,0,0,0,0,-57.649993896484375,1,0,0,0,125.5,0,0,0,0,0,0,2018
676,0,10,4030,500,924,0,0,0,0,0,0,0,0,0,0,-57.649993896484375,1,0,0,0,125.5,0,0,0,0,0,0,2018
677,0,11,4030,500,924,0,0,0,0,0,0,0,0,0,0,-57.649993896484375,1,0,0,0,125.5,0,0,0,0,0,0,2018
678,0,12,4030,500,924,0,0,0,0,0,0,0,0,0,0,-57.649993896484375,1,0,0,0,125.5,0,0,0,0,0,0,2018
679,0,13,4030,500,924,0,0,0,0,0,0,0,0,0,0,-57.649993896484375,1,0,0,0,125.5,0,0,0,0,0,0,2018
680,0,14,4030,500,924,0,0,0,0,0,0,0,0,0,0,-57.649993896484375,1,0,0,0,125.5,0,0,0,0,0,0,2018
681,0,15,4030,500,924,0,0,0,0,0,0,0,0,0,0,-57.649993896484375,1,0,0,0,125.5,0,0,0,0,0,0,2018
682,0,16,4030,500,924,0,0,0,0,0,0,0,0,0,0,-57.649993896484375,1,0,0,0,125.5,0,0,0,0,0,0,2018
683,0,17,4030,500,924,0,0,0,0,0,0,0,0,0,0,-57.649993896484375,1,0,0,0,125.5,0,0,0,0,0,0,2018
684,0,18,4030,500,924,0,0,0,0,0,0,0,0,0,0,-57.649993896484375,1,0,0,0,125.5,0,0,0,0,0,0,2018
685,0,19,4030,500,924,0,0,0,0,0,0,0,0,0,0,-57.649993896484375,1,0,0,0,125.5,0,0,0,0,0,0,2018
686,0,20,4030,500,924,0,0,0,0,0,0,0,0,0,0,-57.649993896484375,1,0,0,0,125.5,0,0,0,0,0,0,2018
687,0,21,4030,500,924,0,0,0,0,0,0,0,0,0,0,-57.649993896484375,1,0,0,0,125.5,0,0,0,0,0,0,2018
688,0,22,4030,500,924,0,0,0,0,0,0,0,0,0,0,-57.649993896484375,1,0,0,0,125.5,0,0,0,0,0,0,2018
689,0,23,4030,500,924,0,0,0,0,0,0,0,0,0,0,-57.649993896484375,1,0,0,0,125.5,0,0,0,0,0,0,2018
690,0,24,4030,500,924,0,0,0,0,0,0,0,0,0,0,-57.649993896484375,1,0,0,0,125.5,0,0,0,0,0,0,2018
691,0,25,4030,500,924,0,0,0,0,0,0,0,0,0,0,-57.649993896484375,1,0,0,0,125.5,0,0,0,0,0,0,2018
692,0,26,4030,500,924,0,0,0,0,0,0,0,0,0,0,-57.649993896484375,1,0,0,0,125.5,0,0,0,0,0,0,2018
693,0,27,4030,500,924,0,0,0,0,0,0,0,0,0,0,-57.649993896484375,1,0,0,0,125.5,0,0,0,0,0,0,2018
694,0,28,4030,500,924,0,0,0,0,0,0,0,0,0,0,-57.649993896484375,1,0,0,0,125.5,0,0,0,0,0,0,2018
695,0,29,4030,500,924,0,0,0,0,0,0,0,0,0,0,-57.649993896484375,1,0,0,0,125.5,0,0,0,0,0,0,2018
696,0,30,4030,500,924,0,0,0,0,0,0,0,0,0,0,-57.649993896484375,1,0,0,0,125.5,0,0,0,0,0,0,2018
697,0,31,4030,500,924,0,0,0,0,0,0,0,0,0,0,-57.649993896484375,1,0,0,0,125.5,0,0,0,0,0,0,2018
698,0,32,4030,500,924,0,0,0,0,0,0,0,0,0,0,-57.649993896484375,1,0,0,0,125.5,0,0,0,0,0,0,2018
699,0,33,4030,500,924,0,0,0,0,0,0,0,0,0,0,-57.649993896484375,1,0,0,0,125.5,0,0,0,0,0,0,2018
700,0,34,4030,500,924,0,0,0,0,0,0,0,0,0,0,-57.649993896484375,1,0,0,0,125.5,0,0,0,0,0,0,2018
701,0,35,4030,500,924,0,0,0,0,0,0,0,0,0,0,-57.649993896484375,1,0,0,0,125.5,0,0,0,0,0,0,2018
702,0,36,4030,500,924,0,0,0,0,0,0,0,0,0,0,-57.649993896484375,1,0,0,0,125.5,0,0,0,0,0,0,2018
703,0,37,4030,500,924,0,0,0,0,0,0,0,0,0,0,-57.649993896484375,1,0,0,0,125.5,0,0,0,0,0,0,2018
704,0,38,4030,500,924,0,0,0,0,0,0,0,0,0,0,-57.649993896484375,1,0,0,0,125.5,0,0,0,0,0,0,2018
705,0,39,4030,500,924,0,0,0,0,0,0,0,0,0,0,-57.649993896484375,1,0,0,0,125.5,0,0,0,0,0,0,2018
706,0,40,4030,500,924,0,0,0,0,0,0,0,0,0,0,-57.649993896484375,1,0,0,0,125.5,0,0,0,0,0,0,2018
707,0,41,4030,500,924,0,0,0,0,0,0,0,0,0,0,-57.649993896484375,1,0,0,0,125.5,0,0,0,0,0,0,2018
708,0,42,4030,500,924,0,0,0,0,0,0,0,0,0,0,-57.649993896484375,1,0,0,0,125.5,0,0,0,0,0,0,2018
709,0,43,4030,500,924,0,0,0,0,0,0,0,0,0,0,-57.649993896484375,1,0,0,0,125.5,0,0,0,0,0,0,2018
710,0,44,4030,500,924,0,0,0,0,0,0,0,0,0,0,-57.649993896484375,1,0,0,0,125.5,0,0,0,0,0,0,2018
711,0,45,4030,500,924,0,0,0,0,0,0,0,0,0,0,-57.649993896484375,1,0,0,0,125.5,0,0,0,0,0,0,2018
712,0,46,4030,500,924,0,0,0,0,0,0,0,0,0,0,-57.649993896484375,1,0,0,0,125.5,0,0,0,0,0,0,2018
713,0,47,4030,500,924,0,0,0,0,0,0,0,0,0,0,-57.649993896484375,1,0,0,0,125.5,0,0,0,0,0,0,2018
714,0,48,4030,500,924,0,0,0,0,0,0,0,0,0,0,-57.649993896484375,1,0,0,0,125.5,0,0,0,0,0,0,2018
715,0,49,4030,500,924,0,0,0,0,0,0,0,0,0,0,-57.649993896484375,1,0,0,0,125.5,0,0,0,0,0,0,2018
716,0,50,4030,500,924,0,0,0,0,0,0,0,0,0,0,-57.649993896484375,1,0,0,0,125.5,0,0,0,0,0,0,2018
717,0,51,4030,500,924,0,0,0,0,0,0,0,0,0,0,-57.649993896484375,1,0,0,0,125.5,0,0,0,0,0,0,2018
718,0,52,4030,500,924,0,0,0,0,0,0,0,0,0,0,-57.649993896484375,1,0,0,0,125.5,0,0,0,0,0,0,2018
719,0,53,4030,500,924,0,0,0,0,0,0,0,0,0,0,-57.649993896484375,1,0,0,0,125.5,0,0,0,0,0,0,2018
720,0,54,4030,500,924,0,0,0,0,0,0,0,0,0,0,-57.649993896484375,1,0,0,0,125.5,0,0,0,0,0,0,2018
721,0,55,4030,500,924,0,0,0,0,0,0,0,0,0,0,-57.649993896484375,1,0,0,0,125.5,0,0,0,0,0,0,2018
722,0,56,4030,500,924,0,0,0,0,0,0,0,0,0,0,-57.649993896484375,1,0,0,0,125.5,0,0,0,0,0,0,2018
723,0,57,4030,500,924,0,0,0,0,0,0,0,0,0,0,-57.649993896484375,1,0,0,0,125.5,0,0,0,0,0,0,2018
724,0,58,4030,500,924,0,0,0,0,0,0,0,0,0,0,-57.649993896484375,1,0,0,0,125.5,0,0,0,0,0,0,2018
725,0,59,4030,500,924,0,0,0,0,0,0,0,0,0,0,-57.649993896484375,1,0,0,0,125.5,0,0,0,0,0,0,2018
726,0,60,4030,500,924,0,0,0,0,0,0,0,0,0,0,-57.649993896484375,1,0,0,0,125.5,0,0,0,0,0,0,2018
727,0,61,4030,500,924,0,0,0,0,0,0,0,0,0,0,-57.649993896484375,1,0,0,0,125.5,0,0,0,0,0,0,2018
728,0,62,4030,500,924,0,0,0,0,0,0,0,0,0,0,-57.649993896484375,1,0,0,0,125.5,0,0,0,0,0,0,2018
729,0,63,4030,500,924,0,0,0,0,0,0,0,0,0,0,-57.649993896484375,1,0,0,0,125.5,0,0,0,0,0,0,2018
730,0,64,4030,500,924,0,0,0,0,0,0,0,0,0,0,-57.649993896484375,1,0,0,0,125.5,0,0,0,0,0,0,2018
731,0,65,4030,500,924,0,0,0,0,0,0,0,0,0,0,-57.649993896484375,1,0,0,0,125.5,0,0,0,0,0,0,2018
732,0,66,4030,500,924,0,0,0,0,0,0,0,0,0,0,-57.649993896484375,1,0,0,0,125.5,0,0,0,0,0,0,2018
733,0,67,4030,500,924,0,0,0,0,0,0,0,0,0,0,-57.649993896484375,1,0,0,0,125.5,0,0,0,0,0,0,2018
734,0,68,4030,500,924,0,0,0,0,0,0,0,0,0,0,-57.649993896484375,1,0,0,0,125.5,0,0,0,0,0,0,2018
735,0,69,4030,500,924,0,0,0,0,0,0,0,0,0,0,-57.649993896484375,1,0,0,0,125.5,0,0,0,0,0,0,2018
736,0,70,4030,500,924,0,0,0,0,0,0,0,0,0,0,-57.649993896484375,1,0,0,0,125.5,0,0,0,0,0,0,2018
737,0,71,4030,500,924,0,0,0,0,0,0,0,0,0,0,-57.649993896484375,1,0,0,0,125.5,0,0,0,0,0,0,2018
738,0,72,4030,500,924,0,0,0,0,0,0,0,0,0,0,-57.649993896484375,1,0,0,0,125.5,0,0,0,0,0,0,2018
739,0,73,4030,500,924,0,0,0,0,0,0,0,0,0,0,-57.649993896484375,1,0,0,0,125.5,0,0,0,0,0,0,2018
740,0,74,4030,500,924,0,0,0,0,0,0,0,0,0,0,-57.649993896484375,1,0,0,0,125.5,0,0,0,0,0,0,2018
741,0,75,4030,500,924,0,0,0,0,0,0,0,0,0,0,-57.649993896484375,1,0,0,0,125.5,0,0,0,0,0,0,2018
742,0,76,4030,500,924,0,0,0,0,0,0,0,0,0,0,-57.649993896484375,1,0,0,0,125.5,0,0,0,0,0,0,2018
743,0,77,4030,500,924,0,0,0,0,0,0,0,0,0,0,-57.649993896484375,1,0,0,0,125.5,0,0,0,0,0,0,2018
744,0,78,4030,500,924,0,0,0,0,0,0,0,0,0,0,-57.649993896484375,1,0,0,0,125.5,0,0,0,0,0,0,2018
745,0,79,4030,500,924,0,0,0,0,0,0,0,0,0,0,-57.649993896484375,1,0,0,0,125.5,0,0,0,0,0,0,2018
746,0,80,4030,500,924,0,0,0,0,0,0,0,0,0,0,-57.649993896484375,1,0,0,0,125.5,0,0,0,0,0,0,2018
747,0,81,4030,500,924,0,0,0,0,0,0,0,0,0,0,-57.649993896484375,1,0,0,0,125.5,0,0,0,0,0,0,2018
748,0,82,4030,500,924,0,0,0,0,0,0,0,0,0,0,-57.649993896484375,1,0,0,0,125.5,0,0,0,0,0,0,2018
749,0,83,4030,500,924,0,0,0,0,0,0,0,0,0,0,-57.649993896484375,1,0,0,0,125.5,0,0,0,0,0,0,2018
750,0,84,4030,500,924,0,0,0,0,0,0,0,0,0,0,-57.649993896484375,1,0,0,0,125.5,0,0,0,0,0,0,2018
751,0,85,4030,500,924,0,0,0,0,0,0,0,0,0,0,-57.649993896484375,1,0,0,0,125.5,0,0,0,0,0,0,2018
752,0,86,4030,500,924,0,0,0,0,0,0,0,0,0,0,-57.649993896484375,1,0,0,0,125.5,0,0,0,0,0,0,2018
753,0,87,4030,500,924,0,0,0,0,0,0,0,0,0,0,-57.649993896484375,1,0,0,0,125.5,0,0,0,0,0,0,2018
754,0,88,4030,500,924,0,0,0,0,0,0,0,0,0,0,-57.649993896484375,1,0,0,0,125.5,0,0,0,0,0,0,2018
755,0,89,4030,500,924,0,0,0,0,0,0,0,0,0,0,-57.649993896484375,1,0,0,0,125.5,0,0,0,0,0,0,2018
756,0,90,4030,500,924,0,0,0,0,0,0,0,0,0,0,-57.649993896484375,1,0,0,0,125.5,0,0,0,0,0,0,2018
757,0,91,4030,500,924,0,0,0,0,0,0,0,0,0,0,-57.649993896484375,1,0,0,0,125.5,0,0,0,0,0,0,2018
758,0,92,4030,500,924,0,0,0,0,0,0,0,0,0,0,-57.649993896484375,1,0,0,0,125.5,0,0,0,0,0,0,2018
759,0,93,4030,500,924,0,0,0,0,0,0,0,0,0,0,-57.649993896484375,1,0,0,0,125.5,0,0,0,0,0,0,2018
760,0,94,4030,500,924,0,0,0,0,0,0,0,0,0,0,-57.649993896484375,1,0,0,0,125.5,0,0,0,0,0,0,2018
761,0,95,4030,500,924,0,0,0,0,0,0,0,0,0,0,-57.649993896484375,1,0,0,0,125.5,0,0,0,0,0,0,2018
762,0,96,4030,500,924,0,0,0,0,0,0,0,0,0,0,-57.649993896484375,1,0,0,0,125.5,0,0,0,0,0,0,2018
763,0,97,4030,500,924,0,0,0,0,0,0,0,0,0,0,-57.649993896484375,1,0,0,0,125.5,0,0,0,0,0,0,2018
764,0,98,4030,500,924,0,0,0,0,0,0,0,0,0,0,-57.649993896484375,1,0,0,0,125.5,0,0,0,0,0,0,2018
765,0,99,4030,500,924,0,0,0,0,0,0,0,0,0,0,-57.649993896484375,1,0,0,0,125.5,0,0,0,0,0,0,2018
766,0,100,4030,500,924,0,0,0,0,0,0,0,0,0,0,-57.649993896484375,1,0,0,0,125.5,0,0,0,0,0,0,2018
767,0,101,4030,500,924,0,0,0,0,0,0,0,0,0,0,-57.649993896484375,1,0,0,0,125.5,0,0,0,0,0,0,2018
768,0,102,4030,500,924,0,0,0,0,0,0,0,0,0,0,-57.649993896484375,1,0,0,0,125.5,0,0,0,0,0,0,2018
769,0,103,4030,500,924,0,0,0,0,0,0,0,0,0,0,-57.649993896484375,1,0,0,0,125.5,0,0,0,0,0,0,2018
770,0,104,4030,500,924,0,0,0,0,0,0,0,0,0,0,-57.649993896484375,1,0,0,0,125.5,0,0,0,0,0,0,2018
771,0,105,4030,500,924,0,0,0,0,0,0,0,0,0,0,-57.649993896484375,1,0,0,0,125.5,0,0,0,0,0,0,2018
772,0,106,4030,500,924,0,0,0,0,0,0,0,0,0,0,-57.649993896484375,1,0,0,0,125.5,0,0,0,0,0,0,2018
773,0,107,4030,500,924,0,0,0,0,0,0,0,0,0,0,-57.649993896484375,1,0,0,0,125.5,0,0,0,0,0,0,2018
774,0,108,4030,500,924,0,0,0,0,0,0,0,0,0,0,-57.649993896484375,1,0,0,0,125.5,0,0,0,0,0,0,2018
775,0,109,4030,500,924,0,0,0,0,0,0,0,0,0,0,-57.649993896484375,1,0,0,0,125.5,0,0,0,0,0,0,2018
776,0,110,4030,500,924,0,0,0,0,0,0,0,0,0,0,-57.649993896484375,1,0,0,0,125.5,0,0,0,0,0,0,2018
777,0,111,4030,500,924,0,0,0,0,0,0,0,0,0,0,-57.649993896484375,1,0,0,0,125.5,0,0,0,0,0,0,2018
778,0,112,4030,500,924,0,0,0,0,0,0,0,0,0,0,-57.649993896484375,1,0,0,0,125.5,0,0,0,0,0,0,2018
779,0,113,4030,500,924,0,0,0,0,0,0,0,0,0,0,-57.649993896484375,1,0,0,0,125.5,0,0,0,0,0,0,2018
780,0,114,4030,500,924,0,0,0,0,0,0,0,0,0,0,-57.649993896484375,1,0,0,0,125.5,0,0,0,0,0,0,2018
781,0,115,4030,500,924,0,0,0,0,0,0,0,0,0,0,-57.649993896484375,1,0,0,0,125.5,0,0,0,0,0,0,2018
782,0,116,4030,500,924,0,0,0,0,0,0,0,0,0,0,-57.649993896484375,1,0,0,0,125.5,0,0,0,0,0,0,2018
783,0,117,4030,500,924,0,0,0,0,0,0,0,0,0,0,-57.649993896484375,1,0,0,0,125.5,0,0,0,0,0,0,2018
784,0,118,4030,500,924,0,0,0,0,0,0,0,0,0,0,-57.649993896484375,1,0,0,0,125.5,0,0,0,0,0,0,2018
785,0,119,4030,500,924,0,0,0,0,0,0,0,0,0,0,-57.649993896484375,1,0,0,0,125.5,0,0,0,0,0,0,2018
786,0,120,4030,500,924,0,0,0,0,0,0,0,0,0,0,-57.649993896484375,1,0,0,0,125.5,0,0,0,0,0,0,2018
787,0,121,4030,500,924,0,0,0,0,0,0,0,0,0,0,-57.649993896484375,1,0,0,0,125.5,0,0,0,0,0,0,2018
788,0,122,4030,500,924,0,0,0,0,0,0,0,0,0,0,-57.649993896484375,1,0,0,0,125.5,0,0,0,0,0,0,2018
789,0,123,4030,500,924,0,0,0,0,0,0,0,0,0,0,-57.649993896484375,1,0,0,0,125.5,0,0,0,0,0,0,2018
790,0,124,4030,500,924,0,0,0,0,0,0,0,0,0,0,-57.649993896484375,1,0,0,0,125.5,0,0,0,0,0,0,2018
791,0,125,4030,500,924,0,0,0,0,0,0,0,0,0,0,-57.649993896484375,1,0,0,0,125.5,0,0,0,0,0,0,2018
792,0,126,4030,500,924,0,0,0,0,0,0,0,0,0,0,-57.649993896484375,1,0,0,0,125.5,0,0,0,0,0,0,2018
793,0,127,4030,500,924,0,0,0,0,0,0,0,0,0,0,-57.649993896484375,1,0,0,0,125.5,0,0,0,0,0,0,2018
794,0,128,4030,500,924,0,0,0,0,0,0,0,0,0,0,-57.649993896484375,1,0,0,0,125.5,0,0,0,0,0,0,2018
795,0,129,4030,500,924,0,0,0,0,0,0,0,0,0,0,-57.649993896484375,1,0,0,0,125.5,0,0,0,0,0,0,2018
796,0,130,4030,500,924,0,0,0,0,0,0,0,0,0,0,-57.649993896484375,1,0,0,0,125.5,0,0,0,0,0,0,2018
797,0,131,4030,500,924,0,0,0,0,0,0,0,0,0,0,-57.649993896484375,1,0,0,0,125.5,0,0,0,0,0,0,2018
798,0,132,4030,500,924,0,0,0,0,0,0,0,0,0,0,-57.649993896484375,1,0,0,0,125.5,0,0,0,0,0,0,2018
799,0,133,4030,500,924,0,0,0,0,0,0,0,0,0,0,-57.649993896484375,1,0,0,0,125.5,0,0,0,0,0,0,2018
800,0,134,4030,500,924,0,0,0,0,0,0,0,0,0,0,-57.649993896484375,1,0,0,0,125.5,0,0,0,0,0,0,2018
801,0,135,4030,500,924,0,0,0,0,0,0,0,0,0,0,-57.649993896484375,1,0,0,0,125.5,0,0,0,0,0,0,2018
802,0,136,4030,500,924,0,0,0,0,0,0,0,0,0,0,-57.649993896484375,1,0,0,0,125.5,0,0,0,0,0,0,2018
803,0,137,4030,500,924,0,0,0,0,0,0,0,0,0,0,-57.649993896484375,1,0,0,0,125.5,0,0,0,0,0,0,2018
804,0,138,4030,500,924,0,0,0,0,0,0,0,0,0,0,-57.649993896484375,1,0,0,0,125.5,0,0,0,0,0,0,2018
805,0,139,4030,500,924,0,0,0,0,0,0,0,0,0,0,-57.649993896484375,1,0,0,0,125.5,0,0,0,0,0,0,2018
806,0,140,4030,500,924,0,0,0,0,0,0,0,0,0,0,-57.649993896484375,1,0,0,0,125.5,0,0,0,0,0,0,2018
807,0,141,4030,500,924,0,0,0,0,0,0,0,0,0,0,-57.649993896484375,1,0,0,0,125.5,0,0,0,0,0,0,2018
808,0,142,4030,500,924,0,0,0,0,0,0,0,0,0,0,-57.649993896484375,1,0,0,0,125.5,0,0,0,0,0,0,2018
809,0,143,4030,500,924,0,0,0,0,0,0,0,0,0,0,-57.649993896484375,1,0,0,0,125.5,0,0,0,0,0,0,2018
810,0,144,4030,500,924,0,0,0,0,0,0,0,0,0,0,-57.649993896484375,1,0,0,0,125.5,0,0,0,0,0,0,2018
811,0,145,4030,500,924,0,0,0,0,0,0,0,0,0,0,-57.649993896484375,1,0,0,0,125.5,0,0,0,0,0,0,2018
812,0,146,4030,500,924,0,0,0,0,0,0,0,0,0,0,-57.649993896484375,1,0,0,0,125.5,0,0,0,0,0,0,2018
813,0,147,4030,500,924,0,0,0,0,0,0,0,0,0,0,-57.649993896484375,1,0,0,0,125.5,0,0,0,0,0,0,2018
814,0,148,4030,500,924,0,0,0,0,0,0,0,0,0,0,-57.649993896484375,1,0,0,0,125.5,0,0,0,0,0,0,2018
815,0,149,4030,500,924,0,0,0,0,0,0,0,0,0,0,-57.649993896484375,1,0,0,0,125.5,0,0,0,0,0,0,2018
816,0,150,4030,500,924,0,0,0,0,0,0,0,0,0,0,-57.649993896484375,1,0,0,0,125.5,0,0,0,0,0,0,2018
817,0,151,4030,500,924,0,0,0,0,0,0,0,0,0,0,-57.649993896484375,1,0,0,0,125.5,0,0,0,0,0,0,2018
818,0,152,4030,500,924,0,0,0,0,0,0,0,0,0,0,-57.649993896484375,1,0,0,0,125.5,0,0,0,0,0,0,2018
819,0,153,4030,500,924,0,0,0,0,0,0,0,0,0,0,-57.649993896484375,1,0,0,0,125.5,0,0,0,0,0,0,2018
820,0,154,4030,500,924,0,0,0,0,0,0,0,0,0,0,-57.649993896484375,1,0,0,0,125.5,0,0,0,0,0,0,2018
821,0,155,4030,500,924,0,0,0,0,0,0,0,0,0,0,-57.649993896484375,1,0,0,0,125.5,0,0,0,0,0,0,2018
822,0,156,4030,500,924,0,0,0,0,0,0,0,0,0,0,-57.649993896484375,1,0,0,0,125.5,0,0,0,0,0,0,2018
823,0,157,4030,500,924,0,0,0,0,0,0,0,0,0,0,-57.649993896484375,1,0,0,0,125.5,0,0,0,0,0,0,2018
824,0,158,4030,500,924,0,0,0,0,0,0,0,0,0,0,-57.649993896484375,1,0,0,0,125.5,0,0,0,0,0,0,2018
825,0,159,4030,500,924,0,0,0,0,0,0,0,0,0,0,-57.649993896484375,1,0,0,0,125.5,0,0,0,0,0,0,2018
826,0,160,4030,500,924,0,0,0,0,0,0,0,0,0,0,-57.649993896484375,1,0,0,0,125.5,0,0,0,0,0,0,2018
827,0,161,4030,500,924,0,0,0,0,0,0,0,0,0,0,-57.649993896484375,1,0,0,0,125.5,0,0,0,0,0,0,2018
828,0,162,4030,500,924,0,0,0,0,0,0,0,0,0,0,-57.649993896484375,1,0,0,0,125.5,0,0,0,0,0,0,2018
829,0,163,4030,500,924,0,0,0,0,0,0,0,0,0,0,-57.649993896484375,1,0,0,0,125.5,0,0,0,0,0,0,2018
830,0,164,4030,500,924,0,0,0,0,0,0,0,0,0,0,-57.649993896484375,1,0,0,0,125.5,0,0,0,0,0,0,2018
831,0,165,4030,500,924,0,0,0,0,0,0,0,0,0,0,-57.649993896484375,1,0,0,0,125.5,0,0,0,0,0,0,2018
832,0,166,4030,500,924,0,0,0,0,0,0,0,0,0,0,-57.649993896484375,1,0,0,0,125.5,0,0,0,0,0,0,2018
833,0,167,4030,500,924,0,0,0,0,0,0,0,0,0,0,-57.649993896484375,1,0,0,0,125.5,0,0,0,0,0,0,2018
834,0,168,4030,500,924,0,0,0,0,0,0,0,0,0,0,-57.649993896484375,1,0,0,0,125.5,0,0,0,0,0,0,2018
835,0,169,4030,500,924,0,0,0,0,0,0,0,0,0,0,-57.649993896484375,1,0,0,0,125.5,0,0,0,0,0,0,2018
836,0,170,4030,500,924,0,0,0,0,0,0,0,0,0,0,-57.649993896484375,1,0,0,0,125.5,0,0,0,0,0,0,2018
837,0,171,4030,500,924,0,0,0,0,0,0,0,0,0,0,-57.649993896484375,1,0,0,0,125.5,0,0,0,0,0,0,2018
838,0,172,4030,500,924,0,0,0,0,0,0,0,0,0,0,-57.649993896484375,1,0,0,0,125.5,0,0,0,0,0,0,2018
839,0,173,4030,500,924,0,0,0,0,0,0,0,0,0,0,-57.649993896484375,1,0,0,0,125.5,0,0,0,0,0,0,2018
840,0,174,4030,500,924,0,0,0,0,0,0,0,0,0,0,-57.649993896484375,1,0,0,0,125.5,0,0,0,0,0,0,2018
841,0,175,4030,500,924,0,0,0,0,0,0,0,0,0,0,-57.649993896484375,1,0,0,0,125.5,0,0,0,0,0,0,2018
842,0,176,4030,500,924,0,0,0,0,0,0,0,0,0,0,-57.649993896484375,1,0,0,0,125.5,0,0,0,0,0,0,2018
843,0,177,4030,500,924,0,0,0,0,0,0,0,0,0,0,-57.649993896484375,1,0,0,0,125.5,0,0,0,0,0,0,2018
844,0,178,4030,500,924,0,0,0,0,0,0,0,0,0,0,-57.649993896484375,1,0,0,0,125.5,0,0,0,0,0,0,2018
845,0,179,4030,500,924,0,0,0,0,0,0,0,0,0,0,-57.649993896484375,1,0,0,0,125.5,0,0,0,0,0,0,2018
846,0,180,4030,500,924,0,0,0,0,0,0,0,0,0,0,-57.649993896484375,1,0,0,0,125.5,0,0,0,0,0,0,2018
847,0,181,4030,500,924,0,0,0,0,0,0,0,0,0,0,-57.649993896484375,1,0,0,0,125.5,0,0,0,0,0,0,2018
848,0,182,4030,500,924,0,0,0,0,0,0,0,0,0,0,-57.649993896484375,1,0,0,0,125.5,0,0,0,0,0,0,2018
849,0,183,4030,500,924,0,0,0,0,0,0,0,0,0,0,-57.649993896484375,1,0,0,0,125.5,0,0,0,0,0,0,2018
850,0,184,4030,500,924,0,0,0,0,0,0,0,0,0,0,-57.649993896484375,1,0,0,0,125.5,0,0,0,0,0,0,2018
851,0,185,4030,500,924,0,0,0,0,0,0,0,0,0,0,-57.649993896484375,1,0,0,0,125.5,0,0,0,0,0,0,2018
852,0,186,4030,500,924,0,0,0,0,0,0,0,0,0,0,-57.649993896484375,1,0,0,0,125.5,0,0,0,0,0,0,2018
853,0,187,4030,500,924,0,0,0,0,0,0,0,0,0,0,-57.649993896484375,1,0,0,0,125.5,0,0,0,0,0,0,2018
854,0,188,4030,500,924,0,0,0,0,0,0,0,0,0,0,-57.649993896484375,1,0,0,0,125.5,0,0,0,0,0,0,2018
855,0,189,4030,500,924,0,0,0,0,0,0,0,0,0,0,-57.649993896484375,1,0,0,0,125.5,0,0,0,0,0,0,2018
856,0,190,4030,500,924,0,0,0,0,0,0,0,0,0,0,-57.649993896484375,1,0,0,0,125.5,0,0,0,0,0,0,2018
857,0,191,4030,500,924,0,0,0,0,0,0,0,0,0,0,-57.649993896484375,1,0,0,0,125.5,0,0,0,0,0,0,2018
858,0,192,4030,500,924,0,0,0,0,0,0,0,0,0,0,-57.649993896484375,1,0,0,0,125.5,0,0,0,0,0,0,2018
859,0,193,4030,500,924,0,0,0,0,0,0,0,0,0,0,-57.649993896484375,1,0,0,0,125.5,0,0,0,0,0,0,2018
860,0,194,4030,500,924,0,0,0,0,0,0,0,0,0,0,-57.649993896484375,1,0,0,0,125.5,0,0,0,0,0,0,2018
861,0,195,4030,500,924,0,0,0,0,0,0,0,0,0,0,-57.649993896484375,1,0,0,0,125.5,0,0,0,0,0,0,2018
862,0,196,4030,500,924,0,0,0,0,0,0,0,0,0,0,-57.649993896484375,1,0,0,0,125.5,0,0,0,0,0,0,2018
863,0,197,4030,500,924,0,0,0,0,0,0,0,0,0,0,-57.649993896484375,1,0,0,0,125.5,0,0,0,0,0,0,2018
864,0,198,4030,500,924,0,0,0,0,0,0,0,0,0,0,-57.649993896484375,1,0,0,0,125.5,0,0,0,0,0,0,2018
865,0,199,4030,500,924,0,0,0,0,0,0,0,0,0,0,-57.649993896484375,1,0,0,0,125.5,0,0,0,0,0,0,2018
866,0,200,4030,500,924,0,0,0,0,0,0,0,0,0,0,-57.649993896484375,1,0,0,0,125.5,0,0,0,0,0,0,2018
867,0,201,4030,500,924,0,0,0,0,0,0,0,0,0,0,-57.649993896484375,1,0,0,0,125.5,0,0,0,0,0,0,2018
868,0,202,4030,500,924,0,0,0,0,0,0,0,0,0,0,-57.649993896484375,1,0,0,0,125.5,0,0,0,0,0,0,2018
869,0,203,4030,500,924,0,0,0,0,0,0,0,0,0,0,-57.649993896484375,1,0,0,0,125.5,0,0,0,0,0,0,2018
870,0,204,4030,500,924,0,0,0,0,0,0,0,0,0,0,-57.649993896484375,1,0,0,0,125.5,0,0,0,0,0,0,2018
871,0,205,4030,500,924,0,0,0,0,0,0,0,0,0,0,-57.649993896484375,1,0,0,0,125.5,0,0,0,0,0,0,2018
872,0,206,4030,500,924,0,0,0,0,0,0,0,0,0,0,-57.649993896484375,1,0,0,0,125.5,0,0,0,0,0,0,2018
873,0,207,4030,500,924,0,0,0,0,0,0,0,0,0,0,-57.649993896484375,1,0,0,0,125.5,0,0,0,0,0,0,2018
874,0,208,4030,500,924,0,0,0,0,0,0,0,0,0,0,-57.649993896484375,1,0,0,0,125.5,0,0,0,0,0,0,2018
875,0,209,4030,500,924,0,0,0,0,0,0,0,0,0,0,-57.649993896484375,1,0,0,0,125.5,0,0,0,0,0,0,2018
876,0,210,4030,500,924,0,0,0,0,0,0,0,0,0,0,-57.649993896484375,1,0,0,0,125.5,0,0,0,0,0,0,2018
877,0,211,4030,500,924,0,0,0,0,0,0,0,0,0,0,-57.649993896484375,1,0,0,0,125.5,0,0,0,0,0,0,2018
878,0,212,4030,500,924,0,0,0,0,0,0,0,0,0,0,-57.649993896484375,1,0,0,0,125.5,0,0,0,0,0,0,2018
879,0,213,4030,500,924,0,0,0,0,0,0,0,0,0,0,-57.649993896484375,1,0,0,0,125.5,0,0,0,0,0,0,2018
880,0,214,4030,500,924,0,0,0,0,0,0,0,0,0,0,-57.649993896484375,1,0,0,0,125.5,0,0,0,0,0,0,2018
881,0,215,4030,500,924,0,0,0,0,0,0,0,0,0,0,-57.649993896484375,1,0,0,0,125.5,0,0,0,0,0,0,2018
882,0,216,4030,500,924,0,0,0,0,0,0,0,0,0,0,-57.649993896484375,1,0,0,0,125.5,0,0,0,0,0,0,2018
883,0,217,4030,500,924,0,0,0,0,0,0,0,0,0,0,-57.649993896484375,1,0,0,0,125.5,0,0,0,0,0,0,2018
884,0,218,4030,500,924,0,0,0,0,0,0,0,0,0,0,-57.649993896484375,1,0,0,0,125.5,0,0,0,0,0,0,2018
885,0,219,4030,500,924,0,0,0,0,0,0,0,0,0,0,-57.649993896484375,1,0,0,0,125.5,0,0,0,0,0,0,2018
886,0,220,4030,500,924,0,0,0,0,0,0,0,0,0,0,-57.649993896484375,1,0,0,0,125.5,0,0,0,0,0,0,2018
887,0,221,4030,500,924,0,0,0,0,0,0,0,0,0,0,-57.649993896484375,1,0,0,0,125.5,0,0,0,0,0,0,2018
888,0,222,4030,500,924,0,0,0,0,0,0,0,0,0,0,-57.649993896484375,1,0,0,0,125.5,0,0,0,0,0,0,2018
889,0,223,4030,500,924,0,0,0,0,0,0,0,0,0,0,-57.649993896484375,1,0,0,0,125.5,0,0,0,0,0,0,2018
890,0,224,4030,500,924,0,0,0,0,0,0,0,0,0,0,-57.649993896484375,1,0,0,0,125.5,0,0,0,0,0,0,2018
891,0,225,4030,500,924,0,0,0,0,0,0,0,0,0,0,-57.649993896484375,1,0,0,0,125.5,0,0,0,0,0,0,2018
892,0,226,4030,500,924,0,0,0,0,0,0,0,0,0,0,-57.649993896484375,1,0,0,0,125.5,0,0,0,0,0,0,2018
893,0,227,4030,500,924,0,0,0,0,0,0,0,0,0,0,-57.649993896484375,1,0,0,0,125.5,0,0,0,0,0,0,2018
894,0,228,4030,500,924,0,0,0,0,0,0,0,0,0,0,-57.649993896484375,1,0,0,0,125.5,0,0,0,0,0,0,2018
895,0,229,4030,500,924,0,0,0,0,0,0,0,0,0,0,-57.649993896484375,1,0,0,0,125.5,0,0,0,0,0,0,2018
896,0,230,4030,500,924,0,0,0,0,0,0,0,0,0,0,-57.649993896484375,1,0,0,0,125.5,0,0,0,0,0,0,2018
897,0,231,4030,500,924,0,0,0,0,0,0,0,0,0,0,-57.649993896484375,1,0,0,0,125.5,0,0,0,0,0,0,2018
898,0,232,4030,500,924,0,0,0,0,0,0,0,0,0,0,-57.649993896484375,1,0,0,0,125.5,0,0,0,0,0,0,2018
899,0,233,4030,500,924,0,0,0,0,0,0,0,0,0,0,-57.649993896484375,1,0,0,0,125.5,0,0,0,0,0,0,2018
900,0,234,4030,500,924,0,0,0,0,0,0,0,0,0,0,-57.649993896484375,1,0,0,0,125.5,0,0,0,0,0,0,2018
901,0,235,4030,500,924,0,0,0,0,0,0,0,0,0,0,-57.649993896484375,1,0,0,0,125.5,0,0,0,0,0,0,2018
902,0,236,4030,500,924,0,0,0,0,0,0,0,0,0,0,-57.649993896484375,1,0,0,0,125.5,0,0,0,0,0,0,2018
903,0,237,4030,500,924,0,0,0,0,0,0,0,0,0,0,-57.649993896484375,1,0,0,0,125.5,0,0,0,0,0,0,2018
904,0,238,4030,500,924,0,0,0,0,0,0,0,0,0,0,-57.649993896484375,1,0,0,0,125.5,0,0,0,0,0,0,2018
905,0,239,4030,500,924,0,0,0,0,0,0,0,0,0,0,-57.649993896484375,1,0,0,0,125.5,0,0,0,0,0,0,2018
906,0,240,4030,500,924,0,0,0,0,0,0,0,0,0,0,-57.649993896484375,1,0,0,0,125.5,0,0,0,0,0,0,2018
907,0,241,4030,500,924,0,0,0,0,0,0,0,0,0,0,-57.649993896484375,1,0,0,0,125.5,0,0,0,0,0,0,2018
908,0,242,4030,500,924,0,0,0,0,0,0,0,0,0,0,-57.649993896484375,1,0,0,0,125.5,0,0,0,0,0,0,2018
909,0,243,4030,500,924,0,0,0,0,0,0,0,0,0,0,-57.649993896484375,1,0,0,0,125.5,0,0,0,0,0,0,2018
910,0,1,3000,500,1000,0,0,0,0,0,0,0,0,0,0,-145,1,0,0,0,125.5,0,0,0,0,0,0,1000
911,0,2,3000,500,1000,0,0,0,0,0,0,0,0,0,0,-145,1,0,0,0,125.5,0,0,0,0,0,0,1000
912,0,3,3000,500,1000,0,0,0,0,0,0,0,0,0,0,-145,1,0,0,0,125.5,0,0,0,0,0,0,1000
913,0,4,3000,500,1000,0,0,0,0,0,0,0,0,0,0,-145,1,0,0,0,125.5,0,0,0,0,0,0,1000
914,0,5,3000,500,1000,0,0,0,0,0,0,0,0,0,0,-145,1,0,0,0,125.5,0,0,0,0,0,0,1000
915,0,6,3000,500,1000,0,0,0,0,0,0,0,0,0,0,-145,1,0,0,0,125.5,0,0,0,0,0,0,1000
916,0,7,3000,500,1000,0,0,0,0,0,0,0,0,0,0,-145,1,0,0,0,125.5,0,0,0,0,0,0,1000
917,0,8,3000,500,1000,0,0,0,0,0,0,0,0,0,0,-145,1,0,0,0,125.5,0,0,0,0,0,0,1000
918,0,9,3000,500,1000,0,0,0,0,0,0,0,0,0,0,-145,1,0,0,0,125.5,0,0,0,0,0,0,1000
919,20,1,3000,500,1000,0,0,0,0,0,0,0,0,0,0,-143.75,1,0,0,0,125.5,0,0,0,0,0,0,1000
920,20,2,3000,500,1000,0,0,0,0,0,0,0,0,0,0,-143.75,1,0,0,0,124.25,0,0,0,0,0,0,1000
921,20,3,3000,500,1000,0,0,0,0,0,0,0,0,0,0,-143.75,1,0,0,0,123,0,0,0,0,0,0,1000
922,10,1,3000,500,1000,0,0,0,0,0,0,0,0,0,0,-143.75,1,0,0,0,121.75,0,0,0,0,0,0,1000
923,10,2,3000,500,1000,0,0,0,0,0,0,0,0,0,0,-143.75,1,0,0,0,121.75,0,0,0,0,0,0,1000
924,10,3,3000,500,1000,0,0,0,0,0,0,0,0,0,0,-143.75,1,0,0,0,121.75,0,0,0,0,0,0,1000
925,10,4,3000,500,1000,0,0,0,0,0,0,0,0,0,0,-143.75,1,0,0,0,121.75,0,0,0,0,0,0,1000
926,10,5,3000,500,1000,0,0,0,0,0,0,0,0,0,0,-143.75,1,0,0,0,121.75,0,0,0,0,0,0,1000
927,10,6,3000,500,1000,0,0,0,0,0,0,0,0,0,0,-143.75,1,0,0,0,121.75,0,0,0,0,0,0,1000
928,10,7,3000,500,1000,0,0,0,0,0,0,0,0,0,0,-143.75,1,0,0,0,121.75,0,0,0,0,0,0,1000
929,10,8,3000,500,1000,0,0,0,0,0,0,0,0,0,0,-143.75,1,0,0,0,121.75,0,0,0,0,0,0,1000
930,10,9,3000,500,1000,0,0,0,0,0,0,0,0,0,0,-143.75,1,0,0,0,121.75,0,0,0,0,0,0,1000
931,1030,1,3000,500,1000,0,0,0,0,0,0,0,0,0,0,-143.75,1,0,0,0,121.75,0,0,0,0,0,0,1000
932,1030,2,3000,500,1000,0,0,0,0,0,0,0,0,0,0,-143.75,1,0,0,0,121.75,0,0,0,0,0,0,1000
933,1030,3,3000,500,1000,0,0,0,0,0,0,0,0,0,0,-143.75,1,0,0,0,121.75,0,0,0,0,0,0,1000
934,1030,4,3000,500,1000,0,0,0,0,0,0,0,0,0,0,-143.75,1,0,0,0,121.75,0,0,0,0,0,0,1000
935,1030,5,3000,500,1000,0,0,0,0,0,0,0,0,0,0,-143.75,1,0,0,0,121.75,0,0,0,0,0,0,1000
936,1030,6,3000,500,1000,0,0,0,0,0,0,0,0,0,0,-143.75,1,0,0,0,121.75,0,0,0,0,0,0,1000
937,1030,7,3000,500,1000,0,0,0,0,0,0,0,0,0,0,-143.75,1,0,0,0,121.75,0,0,0,0,0,0,1000
938,1030,8,3000,500,1000,0,0,0,0,0,0,0,0,0,0,-143.75,1,0,0,0,121.75,0,0,0,0,0,0,1000
939,1030,9,3000,500,1000,0,0,0,0,0,0,0,0,0,0,-143.75,1,0,0,0,121.75,0,0,0,0,0,0,1000
940,1030,10,3000,500,1000,0,0,0,0,0,0,0,0,0,0,-143.75,1,0,0,0,121.75,0,0,0,0,0,0,1000
941,1030,10,4030,500,940,0,0,0,0,0,0,0,0,0,0,-143.75,1,0,0,0,121.75,0,0,0,0,0,0,2018
942,1030,10,4030,500,940,0,0,0,0,0,0,0,0,0,0,-143.75,1,0,0,0,121.75,0,0,0,0,0,0,2018
943,1030,10,4030,500,940,0,0,0,0,0,0,0,0,0,0,-143.75,1,0,0,0,121.75,0,0,0,0,0,0,2018
944,1030,10,4030,500,940,0,0,0,0,0,0,0,0,0,0,-143.75,1,0,0,0,121.75,0,0,0,0,0,0,2018
945,1030,10,4030,500,940,0,0,0,0,0,0,0,0,0,0,-143.75,1,0,0,0,121.75,0,0,0,0,0,0,2018
946,1030,10,4030,500,940,0,0,0,0,0,0,0,0,0,0,-143.75,1,0,0,0,121.75,0,0,0,0,0,0,2018
947,1030,11,4030,500,940,0,0,0,0,0,0,0,0,0,0,-143.75,1,0,0,0,121.75,0,0,0,0,0,0,2018
948,1030,12,4030,500,940,0,0,0,0,0,0,0,0,0,0,-143.75,1,0,0,0,121.75,0,0,0,0,0,0,2018
949,1030,13,4030,500,940,0,0,0,0,0,0,0,0,0,0,-143.75,1,0,0,0,121.75,0,0,0,0,0,0,2018
950,1030,14,4030,500,940,0,0,0,0,0,0,0,0,0,0,-143.75,1,0,0,0,121.75,0,0,0,0,0,0,2018
951,1030,15,4030,500,940,0,0,0,0,0,0,0,0,0,0,-142,1,0,0,0,121.75,0,0,0,0,0,0,2018
952,1030,16,4030,500,940,0,0,0,0,0,0,0,0,0,0,-142,1,0,0,0,118.75,0,0,0,0,0,0,2018
953,1030,17,4030,500,940,0,0,0,0,0,0,0,0,0,0,-142,1,0,0,0,115.75,0,0,0,0,0,0,2018
954,1030,18,4030,500,940,0,0,0,0,0,0,0,0,0,0,-142,1,0,0,0,112.75,0,0,0,0,0,0,2018
955,1030,19,4030,500,940,0,0,0,0,0,0,0,0,0,0,-142,1,0,0,0,109.75,0,0,0,0,0,0,2018
956,1030,20,4030,500,940,0,0,0,0,0,0,0,0,0,0,-142,1,0,0,0,106.75,0,0,0,0,0,0,2018
957,1030,21,4030,500,940,0,0,0,0,0,0,0,0,0,0,-142,1,0,0,0,103.75,0,0,0,0,0,0,2018
958,1030,22,4030,500,940,0,0,0,0,0,0,0,0,0,0,-142,1,0,0,0,100.75,0,0,0,0,0,0,2018
959,1030,23,4030,500,940,0,0,0,0,0,0,0,0,0,0,-142,1,0,0,0,97.75,0,0,0,0,0,0,2018
960,1030,24,4030,500,940,0,0,0,0,0,0,0,0,0,0,-142,1,0,0,0,94.75,0,0,0,0,0,0,2018
961,1030,25,4030,500,940,0,0,0,0,0,0,0,0,0,0,-142,1,0,0,0,91.75,0,0,0,0,0,0,2018
962,1030,26,4030,500,940,0,0,0,0,0,0,0,0,0,0,-142,1,0,0,0,88.75,0,0,0,0,0,0,2018
963,1030,27,4030,500,940,0,0,0,0,0,0,0,0,0,0,-142,1,0,0,0,85.75,0,0,0,0,0,0,2018
964,1030,28,4030,500,940,0,0,0,0,0,0,0,0,0,0,-142,1,0,0,0,85.75,0,0,0,0,0,0,2018
965,1030,29,4030,500,940,0,0,0,0,0,0,0,0,0,0,-142,1,0,0,0,85.75,0,0,0,0,0,0,2018
966,1030,30,4030,500,940,0,0,0,0,0,0,0,0,0,0,-142,1,0,0,0,85.75,0,0,0,0,0,0,2018
967,1030,31,4030,500,940,0,0,0,0,0,0,0,0,0,0,-142,1,0,0,0,85.75,0,0,0,0,0,0,2018
968,1030,32,4030,500,940,0,0,0,0,0,0,0,0,0,0,-142,1,0,0,0,85.75,0,0,0,0,0,0,2018
969,1030,33,4030,500,940,0,0,0,0,0,0,0,0,0,0,-142,1,0,0,0,85.75,0,0,0,0,0,0,2018
970,1030,34,4030,500,940,0,0,0,0,0,0,0,0,0,0,-142,1,0,0,0,85.75,0,0,0,0,0,0,2018
971,1030,35,4030,500,940,0,0,0,0,0,0,0,0,0,0,-142,1,0,0,0,85.75,0,0,0,0,0,0,2018
972,1030,36,4030,500,940,0,0,0,0,0,0,0,0,0,0,-142,1,0,0,0,85.75,0,0,0,0,0,0,2018
973,1030,37,4030,500,940,0,0,0,0,0,0,0,0,0,0,-142,1,0,0,0,85.75,0,0,0,0,0,0,2018
974,0,1,4030,500,940,0,0,0,0,0,0,0,0,0,0,-142,1,0,0,0,85.75,0,0,0,0,0,0,2018
975,0,2,4030,500,940,0,0,0,0,0,0,0,0,0,0,-142,1,0,0,0,85.75,0,0,0,0,0,0,2018
976,0,3,4030,500,940,0,0,0,0,0,0,0,0,0,0,-142,1,0,0,0,85.75,0,0,0,0,0,0,2018
977,0,4,4030,500,940,0,0,0,0,0,0,0,0,0,0,-142,1,0,0,0,85.75,0,0,0,0,0,0,2018
978,0,5,4030,500,940,0,0,0,0,0,0,0,0,0,0,-142,1,0,0,0,85.75,0,0,0,0,0,0,2018
979,0,6,4030,500,940,0,0,0,0,0,0,0,0,0,0,-142,1,0,0,0,85.75,0,0,0,0,0,0,2018
980,0,7,4030,500,940,0,0,0,0,0,0,0,0,0,0,-142,1,0,0,0,85.75,0,0,0,0,0,0,2018
981,0,8,4030,500,940,0,0,0,0,0,0,0,0,0,0,-142,1,0,0,0,85.75,0,0,0,0,0,0,2018
982,0,9,4030,500,940,0,0,0,0,0,0,0,0,0,0,-142,1,0,0,0,85.75,0,0,0,0,0,0,2018
983,0,10,4030,500,940,0,0,0,0,0,0,0,0,0,0,-142,1,0,0,0,85.75,0,0,0,0,0,0,2018
984,0,11,4030,500,940,0,0,0,0,0,0,0,0,0,0,-142,1,0,0,0,85.75,0,0,0,0,0,0,2018
985,0,12,4030,500,940,0,0,0,0,0,0,0,0,0,0,-142,1,0,0,0,85.75,0,0,0,0,0,0,2018
986,0,13,4030,500,940,0,0,0,0,0,0,0,0,0,0,-142,1,0,0,0,85.75,0,0,0,0,0,0,2018
987,0,14,4030,500,940,0,0,0,0,0,0,0,0,0,0,-142,1,0,0,0,85.75,0,0,0,0,0,0,2018
988,0,15,4030,500,940,0,0,0,0,0,0,0,0,0,0,-142,1,0,0,0,85.75,0,0,0,0,0,0,2018
989,0,16,4030,500,940,0,0,0,0,0,0,0,0,0,0,-142,1,0,0,0,85.75,0,0,0,0,0,0,2018
990,0,17,4030,500,940,0,0,0,0,0,0,0,0,0,0,-142,1,0,0,0,85.75,0,0,0,0,0,0,2018
991,0,18,4030,500,940,0,0,0,0,0,0,0,0,0,0,-142,1,0,0,0,85.75,0,0,0,0,0,0,2018
992,0,19,4030,500,940,0,0,0,0,0,0,0,0,0,0,-142,1,0,0,0,85.75,0,0,0,0,0,0,2018
993,0,20,4030,500,940,0,0,0,0,0,0,0,0,0,0,-142,1,0,0,0,85.75,0,0,0,0,0,0,2018
994,0,21,4030,500,940,0,0,0,0,0,0,0,0,0,0,-142,1,0,0,0,85.75,0,0,0,0,0,0,2018
995,0,22,4030,500,940,0,0,0,0,0,0,0,0,0,0,-142,1,0,0,0,85.75,0,0,0,0,0,0,2018
996,0,23,4030,500,940,0,0,0,0,0,0,0,0,0,0,-142,1,0,0,0,85.75,0,0,0,0,0,0,2018
997,0,24,4030,500,940,0,0,0,0,0,0,0,0,0,0,-142,1,0,0,0,85.75,0,0,0,0,0,0,2018
998,0,25,4030,500,940,0,0,0,0,0,0,0,0,0,0,-142,1,0,0,0,85.75,0,0,0,0,0,0,2018
999,0,26,4030,500,940,0,0,0,0,0,0,0,0,0,0,-142,1,0,0,0,85.75,0,0,0,0,0,0,2018
1000,0,27,4030,500,940,0,0,0,0,0,0,0,0,0,0,-142,1,0,0,0,85.75,0,0,0,0,0,0,2018
1001,0,28,4030,500,940,0,0,0,0,0,0,0,0,0,0,-142,1,0,0,0,85.75,0,0,0,0,0,0,2018
1002,0,29,4030,500,940,0,0,0,0,0,0,0,0,0,0,-142,1,0,0,0,85.75,0,0,0,0,0,0,2018
1003,0,30,4030,500,940,0,0,0,0,0,0,0,0,0,0,-142,1,0,0,0,85.75,0,0,0,0,0,0,2018
1004,0,31,4030,500,940,0,0,0,0,0,0,0,0,0,0,-142,1,0,0,0,85.75,0,0,0,0,0,0,2018
1005,0,32,4030,500,940,0,0,0,0,0,0,0,0,0,0,-142,1,0,0,0,85.75,0,0,0,0,0,0,2018
1006,0,33,4030,500,940,0,0,0,0,0,0,0,0,0,0,-142,1,0,0,0,85.75,0,0,0,0,0,0,2018
1007,0,34,4030,500,940,0,0,0,0,0,0,0,0,0,0,-142,1,0,0,0,85.75,0,0,0,0,0,0,2018
1008,0,35,4030,500,940,0,0,0,0,0,0,0,0,0,0,-142,1,0,0,0,85.75,0,0,0,0,0,0,2018
1009,0,36,4030,500,940,0,0,0,0,0,0,0,0,0,0,-142,1,0,0,0,85.75,0,0,0,0,0,0,2018
1010,0,37,4030,500,940,0,0,0,0,0,0,0,0,0,0,-142,1,0,0,0,85.75,0,0,0,0,0,0,2018
1011,0,38,4030,500,940,0,0,0,0,0,0,0,0,0,0,-142,1,0,0,0,85.75,0,0,0,0,0,0,2018
1012,0,39,4030,500,940,0,0,0,0,0,0,0,0,0,0,-142,1,0,0,0,85.75,0,0,0,0,0,0,2018
1013,0,40,4030,500,940,0,0,0,0,0,0,0,0,0,0,-142,1,0,0,0,85.75,0,0,0,0,0,0,2018
1014,0,41,4030,500,940,0,0,0,0,0,0,0,0,0,0,-142,1,0,0,0,85.75,0,0,0,0,0,0,2018
1015,0,42,4030,500,940,0,0,0,0,0,0,0,0,0,0,-142,1,0,0,0,85.75,0,0,0,0,0,0,2018
1016,0,43,4030,500,940,0,0,0,0,0,0,0,0,0,0,-142,1,0,0,0,85.75,0,0,0,0,0,0,2018
1017,0,44,4030,500,940,0,0,0,0,0,0,0,0,0,0,-142,1,0,0,0,85.75,0,0,0,0,0,0,2018
1018,0,45,4030,500,940,0,0,0,0,0,0,0,0,0,0,-142,1,0,0,0,85.75,0,0,0,0,0,0,2018
1019,0,46,4030,500,940,0,0,0,0,0,0,0,0,0,0,-142,1,0,0,0,85.75,0,0,0,0,0,0,2018
1020,0,47,4030,500,940,0,0,0,0,0,0,0,0,0,0,-142,1,0,0,0,85.75,0,0,0,0,0,0,2018
1021,0,48,4030,500,940,0,0,0,0,0,0,0,0,0,0,-142,1,0,0,0,85.75,0,0,0,0,0,0,2018
1022,0,49,4030,500,940,0,0,0,0,0,0,0,0,0,0,-142,1,0,0,0,85.75,0,0,0,0,0,0,2018
1023,0,50,4030,500,940,0,0,0,0,0,0,0,0,0,0,-142,1,0,0,0,85.75,0,0,0,0,0,0,2018
1024,0,51,4030,500,940,0,0,0,0,0,0,0,0,0,0,-142,1,0,0,0,85.75,0,0,0,0,0,0,2018
1025,0,52,4030,500,940,0,0,0,0,0,0,0,0,0,0,-142,1,0,0,0,85.75,0,0,0,0,0,0,2018
1026,0,53,4030,500,940,0,0,0,0,0,0,0,0,0,0,-142,1,0,0,0,85.75,0,0,0,0,0,0,2018
1027,0,54,4030,500,940,0,0,0,0,0,0,0,0,0,0,-142,1,0,0,0,85.75,0,0,0,0,0,0,2018
1028,0,55,4030,500,940,0,0,0,0,0,0,0,0,0,0,-142,1,0,0,0,85.75,0,0,0,0,0,0,2018
1029,0,56,4030,500,940,0,0,0,0,0,0,0,0,0,0,-142,1,0,0,0,85.75,0,0,0,0,0,0,2018
1030,0,57,4030,500,940,0,0,0,0,0,0,0,0,0,0,-142,1,0,0,0,85.75,0,0,0,0,0,0,2018
1031,0,58,4030,500,940,0,0,0,0,0,0,0,0,0,0,-142,1,0,0,0,85.75,0,0,0,0,0,0,2018
1032,0,59,4030,500,940,0,0,0,0,0,0,0,0,0,0,-142,1,0,0,0,85.75,0,0,0,0,0,0,2018
1033,0,60,4030,500,940,0,0,0,0,0,0,0,0,0,0,-142,1,0,0,0,85.75,0,0,0,0,0,0,2018
1034,0,61,4030,500,940,0,0,0,0,0,0,0,0,0,0,-142,1,0,0,0,85.75,0,0,0,0,0,0,2018
1035,0,62,4030,500,940,0,0,0,0,0,0,0,0,0,0,-142,1,0,0,0,85.75,0,0,0,0,0,0,2018
1036,0,63,4030,500,940,0,0,0,0,0,0,0,0,0,0,-142,1,0,0,0,85.75,0,0,0,0,0,0,2018
1037,0,64,4030,500,940,0,0,0,0,0,0,0,0,0,0,-142,1,0,0,0,85.75,0,0,0,0,0,0,2018
1038,0,65,4030,500,940,0,0,0,0,0,0,0,0,0,0,-142,1,0,0,0,85.75,0,0,0,0,0,0,2018
1039,0,66,4030,500,940,0,0,0,0,0,0,0,0,0,0,-142,1,0,0,0,85.75,0,0,0,0,0,0,2018
1040,0,67,4030,500,940,0,0,0,0,0,0,0,0,0,0,-142,1,0,0,0,85.75,0,0,0,0,0,0,2018
1041,0,68,4030,500,940,0,0,0,0,0,0,0,0,0,0,-142,1,0,0,0,85.75,0,0,0,0,0,0,2018
1042,0,69,4030,500,940,0,0,0,0,0,0,0,0,0,0,-142,1,0,0,0,85.75,0,0,0,0,0,0,2018
1043,0,70,4030,500,940,0,0,0,0,0,0,0,0,0,0,-142,1,0,0,0,85.75,0,0,0,0,0,0,2018
1044,0,71,4030,500,940,0,0,0,0,0,0,0,0,0,0,-142,1,0,0,0,85.75,0,0,0,0,0,0,2018
1045,0,72,4030,500,940,0,0,0,0,0,0,0,0,0,0,-142,1,0,0,0,85.75,0,0,0,0,0,0,2018
1046,0,73,4030,500,940,0,0,0,0,0,0,0,0,0,0,-142,1,0,0,0,85.75,0,0,0,0,0,0,2018
1047,0,74,4030,500,940,0,0,0,0,0,0,0,0,0,0,-142,1,0,0,0,85.75,0,0,0,0,0,0,2018
1048,0,75,4030,500,940,0,0,0,0,0,0,0,0,0,0,-142,1,0,0,0,85.75,0,0,0,0,0,0,2018
1049,0,76,4030,500,940,0,0,0,0,0,0,0,0,0,0,-142,1,0,0,0,85.75,0,0,0,0,0,0,2018
1050,0,77,4030,500,940,0,0,0,0,0,0,0,0,0,0,-142,1,0,0,0,85.75,0,0,0,0,0,0,2018
1051,0,78,4030,500,940,0,0,0,0,0,0,0,0,0,0,-142,1,0,0,0,85.75,0,0,0,0,0,0,2018
1052,0,79,4030,500,940,0,0,0,0,0,0,0,0,0,0,-142,1,0,0,0,85.75,0,0,0,0,0,0,2018
1053,0,80,4030,500,940,0,0,0,0,0,0,0,0,0,0,-142,1,0,0,0,85.75,0,0,0,0,0,0,2018
1054,0,81,4030,500,940,0,0,0,0,0,0,0,0,0,0,-142,1,0,0,0,85.75,0,0,0,0,0,0,2018
1055,0,82,4030,500,940,0,0,0,0,0,0,0,0,0,0,-142,1,0,0,0,85.75,0,0,0,0,0,0,2018
1056,0,83,4030,500,940,0,0,0,0,0,0,0,0,0,0,-142,1,0,0,0,85.75,0,0,0,0,0,0,2018
1057,0,84,4030,500,940,0,0,0,0,0,0,0,0,0,0,-142,1,0,0,0,85.75,0,0,0,0,0,0,2018
1058,0,85,4030,500,940,0,0,0,0,0,0,0,0,0,0,-142,1,0,0,0,85.75,0,0,0,0,0,0,2018
1059,0,86,4030,500,940,0,0,0,0,0,0,0,0,0,0,-142,1,0,0,0,85.75,0,0,0,0,0,0,2018
1060,0,87,4030,500,940,0,0,0,0,0,0,0,0,0,0,-142,1,0,0,0,85.75,0,0,0,0,0,0,2018
1061,0,88,4030,500,940,0,0,0,0,0,0,0,0,0,0,-142,1,0,0,0,85.75,0,0,0,0,0,0,2018
1062,0,89,4030,500,940,0,0,0,0,0,0,0,0,0,0,-142,1,0,0,0,85.75,0,0,0,0,0,0,2018
1063,0,90,4030,500,940,0,0,0,0,0,0,0,0,0,0,-142,1,0,0,0,85.75,0,0,0,0,0,0,2018
1064,0,91,4030,500,940,0,0,0,0,0,0,0,0,0,0,-142,1,0,0,0,85.75,0,0,0,0,0,0,2018
1065,0,92,4030,500,940,0,0,0,0,0,0,0,0,0,0,-142,1,0,0,0,85.75,0,0,0,0,0,0,2018
1066,0,93,4030,500,940,0,0,0,0,0,0,0,0,0,0,-142,1,0,0,0,85.75,0,0,0,0,0,0,2018
1067,0,94,4030,500,940,0,0,0,0,0,0,0,0,0,0,-142,1,0,0,0,85.75,0,0,0,0,0,0,2018
1068,0,95,4030,500,940,0,0,0,0,0,0,0,0,0,0,-142,1,0,0,0,85.75,0,0,0,0,0,0,2018
1069,0,96,4030,500,940,0,0,0,0,0,0,0,0,0,0,-142,1,0,0,0,85.75,0,0,0,0,0,0,2018
1070,0,97,4030,500,940,0,0,0,0,0,0,0,0,0,0,-142,1,0,0,0,85.75,0,0,0,0,0,0,2018
1071,0,98,4030,500,940,0,0,0,0,0,0,0,0,0,0,-142,1,0,0,0,85.75,0,0,0,0,0,0,2018
1072,0,99,4030,500,940,0,0,0,0,0,0,0,0,0,0,-142,1,0,0,0,85.75,0,0,0,0,0,0,2018
1073,0,100,4030,500,940,0,0,0,0,0,0,0,0,0,0,-142,1,0,0,0,85.75,0,0,0,0,0,0,2018
1074,0,101,4030,500,940,0,0,0,0,0,0,0,0,0,0,-142,1,0,0,0,85.75,0,0,0,0,0,0,2018
1075,0,102,4030,500,940,0,0,0,0,0,0,0,0,0,0,-142,1,0,0,0,85.75,0,0,0,0,0,0,2018
1076,0,103,4030,500,940,0,0,0,0,0,0,0,0,0,0,-142,1,0,0,0,85.75,0,0,0,0,0,0,2018
1077,0,104,4030,500,940,0,0,0,0,0,0,0,0,0,0,-142,1,0,0,0,85.75,0,0,0,0,0,0,2018
1078,0,105,4030,500,940,0,0,0,0,0,0,0,0,0,0,-142,1,0,0,0,85.75,0,0,0,0,0,0,2018
1079,0,106,4030,500,940,0,0,0,0,0,0,0,0,0,0,-142,1,0,0,0,85.75,0,0,0,0,0,0,2018
1080,0,107,4030,500,940,0,0,0,0,0,0,0,0,0,0,-142,1,0,0,0,85.75,0,0,0,0,0,0,2018
1081,0,108,4030,500,940,0,0,0,0,0,0,0,0,0,0,-142,1,0,0,0,85.75,0,0,0,0,0,0,2018
1082,0,109,4030,500,940,0,0,0,0,0,0,0,0,0,0,-142,1,0,0,0,85.75,0,0,0,0,0,0,2018
1083,0,110,4030,500,940,0,0,0,0,0,0,0,0,0,0,-142,1,0,0,0,85.75,0,0,0,0,0,0,2018
1084,0,111,4030,500,940,0,0,0,0,0,0,0,0,0,0,-142,1,0,0,0,85.75,0,0,0,0,0,0,2018
1085,0,112,4030,500,940,0,0,0,0,0,0,0,0,0,0,-142,1,0,0,0,85.75,0,0,0,0,0,0,2018
1086,0,113,4030,500,940,0,0,0,0,0,0,0,0,0,0,-142,1,0,0,0,85.75,0,0,0,0,0,0,2018
1087,0,114,4030,500,940,0,0,0,0,0,0,0,0,0,0,-142,1,0,0,0,85.75,0,0,0,0,0,0,2018
1088,0,115,4030,500,940,0,0,0,0,0,0,0,0,0,0,-142,1,0,0,0,85.75,0,0,0,0,0,0,2018
1089,0,116,4030,500,940,0,0,0,0,0,0,0,0,0,0,-142,1,0,0,0,85.75,0,0,0,0,0,0,2018
1090,0,117,4030,500,940,0,0,0,0,0,0,0,0,0,0,-142,1,0,0,0,85.75,0,0,0,0,0,0,2018
1091,0,118,4030,500,940,0,0,0,0,0,0,0,0,0,0,-142,1,0,0,0,85.75,0,0,0,0,0,0,2018
1092,0,119,4030,500,940,0,0,0,0,0,0,0,0,0,0,-142,1,0,0,0,85.75,0,0,0,0,0,0,2018
1093,0,120,4030,500,940,0,0,0,0,0,0,0,0,0,0,-142,1,0,0,0,85.75,0,0,0,0,0,0,2018
1094,0,121,4030,500,940,0,0,0,0,0,0,0,0,0,0,-142,1,0,0,0,85.75,0,0,0,0,0,0,2018
1095,0,122,4030,500,940,0,0,0,0,0,0,0,0,0,0,-142,1,0,0,0,85.75,0,0,0,0,0,0,2018
1096,0,123,4030,500,940,0,0,0,0,0,0,0,0,0,0,-142,1,0,0,0,85.75,0,0,0,0,0,0,2018
1097,0,124,4030,500,940,0,0,0,0,0,0,0,0,0,0,-142,1,0,0,0,85.75,0,0,0,0,0,0,2018
1098,0,125,4030,500,940,0,0,0,0,0,0,0,0,0,0,-142,1,0,0,0,85.75,0,0,0,0,0,0,2018
1099,0,126,4030,500,940,0,0,0,0,0,0,0,0,0,0,-142,1,0,0,0,85.75,0,0,0,0,0,0,2018
1100,0,127,4030,500,940,0,0,0,0,0,0,0,0,0,0,-142,1,0,0,0,85.75,0,0,0,0,0,0,2018
1101,0,128,4030,500,940,0,0,0,0,0,0,0,0,0,0,-142,1,0,0,0,85.75,0,0,0,0,0,0,2018
1102,0,129,4030,500,940,0,0,0,0,0,0,0,0,0,0,-142,1,0,0,0,85.75,0,0,0,0,0,0,2018
1103,0,130,4030,500,940,0,0,0,0,0,0,0,0,0,0,-142,1,0,0,0,85.75,0,0,0,0,0,0,2018
1104,0,131,4030,500,940,0,0,0,0,0,0,0,0,0,0,-142,1,0,0,0,85.75,0,0,0,0,0,0,2018
1105,0,132,4030,500,940,0,0,0,0,0,0,0,0,0,0,-142,1,0,0,0,85.75,0,0,0,0,0,0,2018
1106,0,133,4030,500,940,0,0,0,0,0,0,0,0,0,0,-142,1,0,0,0,85.75,0,0,0,0,0,0,2018
1107,0,134,4030,500,940,0,0,0,0,0,0,0,0,0,0,-142,1,0,0,0,85.75,0,0,0,0,0,0,2018
1108,0,135,4030,500,940,0,0,0,0,0,0,0,0,0,0,-142,1,0,0,0,85.75,0,0,0,0,0,0,2018
1109,0,136,4030,500,940,0,0,0,0,0,0,0,0,0,0,-142,1,0,0,0,85.75,0,0,0,0,0,0,2018
1110,0,137,4030,500,940,0,0,0,0,0,0,0,0,0,0,-142,1,0,0,0,85.75,0,0,0,0,0,0,2018
1111,0,138,4030,500,940,0,0,0,0,0,0,0,0,0,0,-142,1,0,0,0,85.75,0,0,0,0,0,0,2018
1112,0,139,4030,500,940,0,0,0,0,0,0,0,0,0,0,-142,1,0,0,0,85.75,0,0,0,0,0,0,2018
1113,0,140,4030,500,940,0,0,0,0,0,0,0,0,0,0,-142,1,0,0,0,85.75,0,0,0,0,0,0,2018
1114,0,141,4030,500,940,0,0,0,0,0,0,0,0,0,0,-142,1,0,0,0,85.75,0,0,0,0,0,0,2018
1115,0,142,4030,500,940,0,0,0,0,0,0,0,0,0,0,-142,1,0,0,0,85.75,0,0,0,0,0,0,2018
1116,0,143,4030,500,940,0,0,0,0,0,0,0,0,0,0,-142,1,0,0,0,85.75,0,0,0,0,0,0,2018
1117,0,144,4030,500,940,0,0,0,0,0,0,0,0,0,0,-142,1,0,0,0,85.75,0,0,0,0,0,0,2018
1118,0,145,4030,500,940,0,0,0,0,0,0,0,0,0,0,-142,1,0,0,0,85.75,0,0,0,0,0,0,2018
1119,0,146,4030,500,940,0,0,0,0,0,0,0,0,0,0,-142,1,0,0,0,85.75,0,0,0,0,0,0,2018
1120,0,147,4030,500,940,0,0,0,0,0,0,0,0,0,0,-142,1,0,0,0,85.75,0,0,0,0,0,0,2018
1121,0,148,4030,500,940,0,0,0,0,0,0,0,0,0,0,-142,1,0,0,0,85.75,0,0,0,0,0,0,2018
1122,0,149,4030,500,940,0,0,0,0,0,0,0,0,0,0,-142,1,0,0,0,85.75,0,0,0,0,0,0,2018
1123,0,150,4030,500,940,0,0,0,0,0,0,0,0,0,0,-142,1,0,0,0,85.75,0,0,0,0,0,0,2018
1124,0,151,4030,500,940,0,0,0,0,0,0,0,0,0,0,-142,1,0,0,0,85.75,0,0,0,0,0,0,2018
1125,0,152,4030,500,940,0,0,0,0,0,0,0,0,0,0,-142,1,0,0,0,85.75,0,0,0,0,0,0,2018
1126,0,153,4030,500,940,0,0,0,0,0,0,0,0,0,0,-142,1,0,0,0,85.75,0,0,0,0,0,0,2018
1127,0,154,4030,500,940,0,0,0,0,0,0,0,0,0,0,-142,1,0,0,0,85.75,0,0,0,0,0,0,2018
1128,0,155,4030,500,940,0,0,0,0,0,0,0,0,0,0,-142,1,0,0,0,85.75,0,0,0,0,0,0,2018
1129,0,156,4030,500,940,0,0,0,0,0,0,0,0,0,0,-142,1,0,0,0,85.75,0,0,0,0,0,0,2018
1130,0,157,4030,500,940,0,0,0,0,0,0,0,0,0,0,-142,1,0,0,0,85.75,0,0,0,0,0,0,2018
1131,0,158,4030,500,940,0,0,0,0,0,0,0,0,0,0,-142,1,0,0,0,85.75,0,0,0,0,0,0,2018
1132,0,159,4030,500,940,0,0,0,0,0,0,0,0,0,0,-142,1,0,0,0,85.75,0,0,0,0,0,0,2018
1133,0,160,4030,500,940,0,0,0,0,0,0,0,0,0,0,-142,1,0,0,0,85.75,0,0,0,0,0,0,2018
1134,0,161,4030,500,940,0,0,0,0,0,0,0,0,0,0,-142,1,0,0,0,85.75,0,0,0,0,0,0,2018
1135,0,162,4030,500,940,0,0,0,0,0,0,0,0,0,0,-142,1,0,0,0,85.75,0,0,0,0,0,0,2018
1136,0,163,4030,500,940,0,0,0,0,0,0,0,0,0,0,-142,1,0,0,0,85.75,0,0,0,0,0,0,2018
1137,0,164,4030,500,940,0,0,0,0,0,0,0,0,0,0,-142,1,0,0,0,85.75,0,0,0,0,0,0,2018
1138,0,165,4030,500,940,0,0,0,0,0,0,0,0,0,0,-142,1,0,0,0,85.75,0,0,0,0,0,0,2018
1139,0,166,4030,500,940,0,0,0,0,0,0,0,0,0,0,-142,1,0,0,0,85.75,0,0,0,0,0,0,2018
1140,0,167,4030,500,940,0,0,0,0,0,0,0,0,0,0,-142,1,0,0,0,85.75,0,0,0,0,0,0,2018
1141,0,168,4030,500,940,0,0,0,0,0,0,0,0,0,0,-142,1,0,0,0,85.75,0,0,0,0,0,0,2018
1142,0,169,4030,500,940,0,0,0,0,0,0,0,0,0,0,-142,1,0,0,0,85.75,0,0,0,0,0,0,2018
1143,0,170,4030,500,940,0,0,0,0,0,0,0,0,0,0,-142,1,0,0,0,85.75,0,0,0,0,0,0,2018
1144,0,171,4030,500,940,0,0,0,0,0,0,0,0,0,0,-142,1,0,0,0,85.75,0,0,0,0,0,0,2018
1145,0,172,4030,500,940,0,0,0,0,0,0,0,0,0,0,-142,1,0,0,0,85.75,0,0,0,0,0,0,2018
1146,0,173,4030,500,940,0,0,0,0,0,0,0,0,0,0,-142,1,0,0,0,85.75,0,0,0,0,0,0,2018
1147,0,174,4030,500,940,0,0,0,0,0,0,0,0,0,0,-142,1,0,0,0,85.75,0,0,0,0,0,0,2018
1148,0,175,4030,500,940,0,0,0,0,0,0,0,0,0,0,-142,1,0,0,0,85.75,0,0,0,0,0,0,2018
1149,0,176,4030,500,940,0,0,0,0,0,0,0,0,0,0,-142,1,0,0,0,85.75,0,0,0,0,0,0,2018
1150,0,177,4030,500,940,0,0,0,0,0,0,0,0,0,0,-142,1,0,0,0,85.75,0,0,0,0,0,0,2018
1151,0,178,4030,500,940,0,0,0,0,0,0,0,0,0,0,-142,1,0,0,0,85.75,0,0,0,0,0,0,2018
1152,0,179,4030,500,940,0,0,0,0,0,0,0,0,0,0,-142,1,0,0,0,85.75,0,0,0,0,0,0,2018
1153,0,180,4030,500,940,0,0,0,0,0,0,0,0,0,0,-142,1,0,0,0,85.75,0,0,0,0,0,0,2018
1154,0,181,4030,500,940,0,0,0,0,0,0,0,0,0,0,-142,1,0,0,0,85.75,0,0,0,0,0,0,2018
1155,0,182,4030,500,940,0,0,0,0,0,0,0,0,0,0,-142,1,0,0,0,85.75,0,0,0,0,0,0,2018
1156,0,183,4030,500,940,0,0,0,0,0,0,0,0,0,0,-142,1,0,0,0,85.75,0,0,0,0,0,0,2018
1157,0,184,4030,500,940,0,0,0,0,0,0,0,0,0,0,-142,1,0,0,0,85.75,0,0,0,0,0,0,2018
1158,0,185,4030,500,940,0,0,0,0,0,0,0,0,0,0,-142,1,0,0,0,85.75,0,0,0,0,0,0,2018
1159,0,186,4030,500,940,0,0,0,0,0,0,0,0,0,0,-142,1,0,0,0,85.75,0,0,0,0,0,0,2018
1160,0,187,4030,500,940,0,0,0,0,0,0,0,0,0,0,-142,1,0,0,0,85.75,0,0,0,0,0,0,2018
1161,0,188,4030,500,940,0,0,0,0,0,0,0,0,0,0,-142,1,0,0,0,85.75,0,0,0,0,0,0,2018
1162,0,189,4030,500,940,0,0,0,0,0,0,0,0,0,0,-142,1,0,0,0,85.75,0,0,0,0,0,0,2018
1163,0,190,4030,500,940,0,0,0,0,0,0,0,0,0,0,-142,1,0,0,0,85.75,0,0,0,0,0,0,2018
1164,0,191,4030,500,940,0,0,0,0,0,0,0,0,0,0,-142,1,0,0,0,85.75,0,0,0,0,0,0,2018
1165,0,192,4030,500,940,0,0,0,0,0,0,0,0,0,0,-142,1,0,0,0,85.75,0,0,0,0,0,0,2018
1166,0,193,4030,500,940,0,0,0,0,0,0,0,0,0,0,-142,1,0,0,0,85.75,0,0,0,0,0,0,2018
1167,0,194,4030,500,940,0,0,0,0,0,0,0,0,0,0,-142,1,0,0,0,85.75,0,0,0,0,0,0,2018
1168,0,195,4030,500,940,0,0,0,0,0,0,0,0,0,0,-142,1,0,0,0,85.75,0,0,0,0,0,0,2018
1169,0,196,4030,500,940,0,0,0,0,0,0,0,0,0,0,-142,1,0,0,0,85.75,0,0,0,0,0,0,2018
1170,0,197,4030,500,940,0,0,0,0,0,0,0,0,0,0,-142,1,0,0,0,85.75,0,0,0,0,0,0,2018
1171,0,198,4030,500,940,0,0,0,0,0,0,0,0,0,0,-142,1,0,0,0,85.75,0,0,0,0,0,0,2018
1172,0,199,4030,500,940,0,0,0,0,0,0,0,0,0,0,-142,1,0,0,0,85.75,0,0,0,0,0,0,2018
1173,0,200,4030,500,940,0,0,0,0,0,0,0,0,0,0,-142,1,0,0,0,85.75,0,0,0,0,0,0,2018
1174,0,201,4030,500,940,0,0,0,0,0,0,0,0,0,0,-142,1,0,0,0,85.75,0,0,0,0,0,0,2018
1175,0,202,4030,500,940,0,0,0,0,0,0,0,0,0,0,-142,1,0,0,0,85.75,0,0,0,0,0,0,2018
1176,0,203,4030,500,940,0,0,0,0,0,0,0,0,0,0,-142,1,0,0,0,85.75,0,0,0,0,0,0,2018
1177,0,204,4030,500,940,0,0,0,0,0,0,0,0,0,0,-142,1,0,0,0,85.75,0,0,0,0,0,0,2018
1178,0,205,4030,500,940,0,0,0,0,0,0,0,0,0,0,-142,1,0,0,0,85.75,0,0,0,0,0,0,2018
1179,0,206,4030,500,940,0,0,0,0,0,0,0,0,0,0,-142,1,0,0,0,85.75,0,0,0,0,0,0,2018
1180,0,207,4030,500,940,0,0,0,0,0,0,0,0,0,0,-142,1,0,0,0,85.75,0,0,0,0,0,0,2018
1181,0,208,4030,500,940,0,0,0,0,0,0,0,0,0,0,-142,1,0,0,0,85.75,0,0,0,0,0,0,2018
1182,0,209,4030,500,940,0,0,0,0,0,0,0,0,0,0,-142,1,0,0,0,85.75,0,0,0,0,0,0,2018
1183,0,210,4030,500,940,0,0,0,0,0,0,0,0,0,0,-142,1,0,0,0,85.75,0,0,0,0,0,0,2018
1184,0,211,4030,500,940,0,0,0,0,0,0,0,0,0,0,-142,1,0,0,0,85.75,0,0,0,0,0,0,2018
1185,0,212,4030,500,940,0,0,0,0,0,0,0,0,0,0,-142,1,0,0,0,85.75,0,0,0,0,0,0,2018
1186,0,213,4030,500,940,0,0,0,0,0,0,0,0,0,0,-142,1,0,0,0,85.75,0,0,0,0,0,0,2018
1187,0,214,4030,500,940,0,0,0,0,0,0,0,0,0,0,-142,1,0,0,0,85.75,0,0,0,0,0,0,2018
1188,0,215,4030,500,940,0,0,0,0,0,0,0,0,0,0,-142,1,0,0,0,85.75,0,0,0,0,0,0,2018
1189,0,216,4030,500,940,0,0,0,0,0,0,0,0,0,0,-142,1,0,0,0,85.75,0,0,0,0,0,0,2018
1190,0,217,4030,500,940,0,0,0,0,0,0,0,0,0,0,-142,1,0,0,0,85.75,0,0,0,0,0,0,2018
1191,0,218,4030,500,940,0,0,0,0,0,0,0,0,0,0,-142,1,0,0,0,85.75,0,0,0,0,0,0,2018
1192,0,219,4030,500,940,0,0,0,0,0,0,0,0,0,0,-142,1,0,0,0,85.75,0,0,0,0,0,0,2018
1193,0,220,4030,500,940,0,0,0,0,0,0,0,0,0,0,-142,1,0,0,0,85.75,0,0,0,0,0,0,2018
1194,0,221,4030,500,940,0,0,0,0,0,0,0,0,0,0,-142,1,0,0,0,85.75,0,0,0,0,0,0,2018
1195,0,222,4030,500,940,0,0,0,0,0,0,0,0,0,0,-142,1,0,0,0,85.75,0,0,0,0,0,0,2018
1196,0,223,4030,500,940,0,0,0,0,0,0,0,0,0,0,-142,1,0,0,0,85.75,0,0,0,0,0,0,2018
1197,0,224,4030,500,940,0,0,0,0,0,0,0,0,0,0,-142,1,0,0,0,85.75,0,0,0,0,0,0,2018
1198,0,225,4030,500,940,0,0,0,0,0,0,0,0,0,0,-142,1,0,0,0,85.75,0,0,0,0,0,0,2018
1199,0,226,4030,500,940,0,0,0,0,0,0,0,0,0,0,-142,1,0,0,0,85.75,0,0,0,0,0,0,2018
1200,0,227,4030,500,940,0,0,0,0,0,0,0,0,0,0,-142,1,0,0,0,85.75,0,0,0,0,0,0,2018
1201,0,228,4030,500,940,0,0,0,0,0,0,0,0,0,0,-142,1,0,0,0,85.75,0,0,0,0,0,0,2018
1202,0,229,4030,500,940,0,0,0,0,0,0,0,0,0,0,-142,1,0,0,0,85.75,0,0,0,0,0,0,2018
1203,0,230,4030,500,940,0,0,0,0,0,0,0,0,0,0,-142,1,0,0,0,85.75,0,0,0,0,0,0,2018
1204,0,231,4030,500,940,0,0,0,0,0,0,0,0,0,0,-142,1,0,0,0,85.75,0,0,0,0,0,0,2018
1205,0,232,4030,500,940,0,0,0,0,0,0,0,0,0,0,-142,1,0,0,0,85.75,0,0,0,0,0,0,2018
1206,0,233,4030,500,940,0,0,0,0,0,0,0,0,0,0,-142,1,0,0,0,85.75,0,0,0,0,0,0,2018
1207,0,234,4030,500,940,0,0,0,0,0,0,0,0,0,0,-142,1,0,0,0,85.75,0,0,0,0,0,0,2018
1208,0,235,4030,500,940,0,0,0,0,0,0,0,0,0,0,-142,1,0,0,0,85.75,0,0,0,0,0,0,2018
1209,0,236,4030,500,940,0,0,0,0,0,0,0,0,0,0,-142,1,0,0,0,85.75,0,0,0,0,0,0,2018
1210,0,1,3000,500,1000,0,0,0,0,0,0,0,0,0,0,-110.75,1,0,0,0,85.75,0,0,0,0,0,0,1000
1211,0,2,3000,500,1000,0,0,0,0,0,0,0,0,0,0,-110.75,1,0,0,0,85.75,0,0,0,0,0,0,1000
1212,0,3,3000,500,1000,0,0,0,0,0,0,0,0,0,0,-110.75,1,0,0,0,85.75,0,0,0,0,0,0,1000
1213,0,4,3000,500,1000,0,0,0,0,0,0,0,0,0,0,-110.75,1,0,0,0,85.75,0,0,0,0,0,0,1000
1214,0,5,3000,500,1000,0,0,0,0,0,0,0,0,0,0,-110.75,1,0,0,0,85.75,0,0,0,0,0,0,1000
1215,0,6,3000,500,1000,0,0,0,0,0,0,0,0,0,0,-110.75,1,0,0,0,85.75,0,0,0,0,0,0,1000
1216,0,7,3000,500,1000,0,0,0,0,0,0,0,0,0,0,-110.75,1,0,0,0,85.75,0,0,0,0,0,0,1000
1217,0,8,3000,500,1000,0,0,0,0,0,0,0,0,0,0,-110.75,1,0,0,0,85.75,0,0,0,0,0,0,1000
1218,0,9,3000,500,1000,0,0,0,0,0,0,0,0,0,0,-110.75,1,0,0,0,85.75,0,0,0,0,0,0,1000
1219,10,1,3000,500,1000,0,0,0,0,0,0,0,0,0,0,-110.75,1,0,0,0,85.75,0,0,0,0,0,0,1000
1220,10,2,3000,500,1000,0,0,0,0,0,0,0,0,0,0,-110.75,1,0,0,0,85.75,0,0,0,0,0,0,1000
1221,10,3,3000,500,1000,0,0,0,0,0,0,0,0,0,0,-110.75,1,0,0,0,85.75,0,0,0,0,0,0,1000
1222,10,4,3000,500,1000,0,0,0,0,0,0,0,0,0,0,-110.75,1,0,0,0,85.75,0,0,0,0,0,0,1000
1223,10,5,3000,500,1000,0,0,0,0,0,0,0,0,0,0,-110.75,1,0,0,0,85.75,0,0,0,0,0,0,1000
1224,10,6,3000,500,1000,0,0,0,0,0,0,0,0,0,0,-110.75,1,0,0,0,85.75,0,0,0,0,0,0,1000
1225,1040,1,3000,500,1000,0,0,230,0,0,0,0,0,0,0,-110.75,1,0,0,0,85.75,0,0,0,0,0,0,1000
1226,1040,2,3000,500,1000,0,0,229,0,0,0,0,0,0,0,-110.75,1,0,0,0,85.75,0,0,0,0,0,0,1000
1227,1040,3,3000,500,1000,0,0,228,0,0,0,0,0,0,0,-110.75,1,0,0,0,85.75,0,0,0,0,0,0,1000
1228,1040,4,3000,500,1000,0,0,227,0,0,0,0,0,0,0,-110.75,1,0,0,0,85.75,0,0,0,0,0,0,1000
1229,1040,5,3000,500,1000,0,0,226,0,0,0,0,0,0,0,-110.75,1,0,0,0,85.75,0,0,0,0,0,0,1000
1230,1040,6,3000,500,1000,0,0,225,0,0,0,0,0,0,0,-110.75,1,0,0,0,85.75,0,0,0,0,0,0,1000
1231,1040,7,3000,500,1000,0,0,224,0,0,0,0,0,0,0,-110.75,1,0,0,0,85.75,0,0,0,0,0,0,1000
1232,1040,8,3000,500,1000,0,0,223,0,0,0,0,0,0,0,-110.75,1,0,0,0,85.75,0,0,0,0,0,0,1000
1233,1040,9,3000,500,1000,0,0,222,0,0,0,0,0,0,0,-110.75,1,0,0,0,85.75,0,0,0,0,0,0,1000
1234,1040,10,3000,500,1000,0,0,221,0,0,0,0,0,0,0,-110.75,1,0,0,0,85.75,0,0,0,0,0,0,1000
1235,1040,11,3000,500,1000,0,0,220,0,0,0,0,0,0,0,-110.75,1,0,0,0,85.75,0,0,0,0,0,0,1000
1236,1040,12,3000,500,1000,0,0,219,0,0,0,0,0,0,0,-110.75,1,0,0,0,85.75,0,0,0,0,0,0,1000
1237,1040,13,3000,500,1000,0,0,218,0,0,0,0,0,0,0,-110.75,1,0,0,0,85.75,0,0,0,0,0,0,1000
1238,1040,14,3000,500,1000,0,0,217,0,0,0,0,0,0,0,-110.75,1,0,0,0,85.75,0,0,0,0,0,0,1000
1239,1040,15,3000,500,1000,0,0,216,0,0,0,0,0,0,0,-110.75,1,0,0,0,85.75,0,0,0,0,0,0,1000
1240,1040,16,3000,500,1000,0,0,215,0,0,0,0,0,0,0,-110.75,1,0,0,0,85.75,0,0,0,0,0,0,1000
1241,1040,17,3000,500,1000,0,0,214,0,0,0,0,0,0,0,-110.75,1,0,0,0,85.75,0,0,0,0,0,0,1000
1242,1040,18,3000,500,1000,0,0,213,0,0,0,0,0,0,0,-110.75,1,0,0,0,85.75,0,0,0,0,0,0,1000
1243,1040,19,3000,500,1000,0,0,212,0,0,0,0,0,0,0,-110.75,1,0,0,0,85.75,0,0,0,0,0,0,1000
1244,1040,20,3000,500,1000,0,0,211,0,0,0,0,0,0,0,-110.75,1,0,0,0,85.75,0,0,0,0,0,0,1000
1245,1040,21,3000,500,1000,0,0,210,0,0,0,0,0,0,0,-110.75,1,0,0,0,85.75,0,0,0,0,0,0,1000
1246,1040,22,3000,500,1000,0,0,209,0,0,0,0,0,0,0,-110.75,1,0,0,0,85.75,0,0,0,0,0,0,1000
1247,1040,23,3000,500,1000,0,0,208,0,0,0,0,0,0,0,-110.75,1,0,0,0,85.75,0,0,0,0,0,0,1000
1248,1040,24,3000,500,1000,0,0,207,0,0,0,0,0,0,0,-110.75,1,0,0,0,85.75,0,0,0,0,0,0,1000
1249,1040,25,3000,500,1000,0,0,206,0,0,0,0,0,0,0,-110.75,1,0,0,0,85.75,0,0,1,0,0,0,1000
1250,1040,26,3000,500,1000,0,0,205,0,0,0,0,0,0,0,-110.75,1,0,0,0,85.75,0,0,1,0,0,0,1000
1251,1040,27,3000,500,1000,0,0,204,0,0,0,0,0,0,0,-110.75,1,0,0,0,85.75,0,0,1,0,0,0,1000
1252,1040,28,3000,500,1000,0,0,203,0,0,0,0,0,0,0,-110.75,1,0,0,0,85.75,0,0,1,0,0,0,1000
1253,1040,29,3000,500,1000,0,0,202,0,0,0,0,0,0,0,-110.75,1,0,0,0,85.75,0,0,1,0,0,0,1000
1254,1040,30,3000,500,1000,0,0,201,0,0,0,0,0,0,0,-110.75,1,0,0,0,85.75,0,0,1,0,0,0,1000
1255,1040,31,3000,500,1000,0,0,200,0,0,0,0,0,0,0,-110.75,1,0,0,0,85.75,0,0,1,0,0,0,1000
1256,1040,32,3000,500,1000,0,0,199,0,0,0,0,0,0,0,-110.75,1,0,0,0,85.75,0,0,1,0,0,0,1000
1257,1040,33,3000,500,1000,0,0,198,0,0,0,0,0,0,0,-110.75,1,0,0,0,85.75,0,0,1,0,0,0,1000
1258,1040,34,3000,500,1000,0,0,197,0,0,0,0,0,0,0,-110.75,1,0,0,0,85.75,0,0,1,0,0,0,1000
1259,1040,35,3000,500,1000,0,0,196,0,0,0,0,0,0,0,-110.75,1,0,0,0,85.75,0,0,1,0,0,0,1000
1260,1040,36,3000,500,1000,0,0,195,0,0,0,0,0,0,0,-110.75,1,0,0,0,85.75,0,0,1,0,0,0,1000
1261,1040,37,3000,500,1000,0,0,194,0,0,0,0,0,0,0,-110.75,1,0,0,0,85.75,0,0,1,0,0,0,1000
1262,1040,38,3000,500,1000,0,0,193,0,0,0,0,0,0,0,-110.75,1,0,0,0,85.75,0,0,1,0,0,0,1000
1263,1040,39,3000,500,1000,0,0,192,0,0,0,0,0,0,0,-110.75,1,0,0,0,85.75,0,0,1,0,0,0,1000
1264,1040,40,3000,500,1000,0,0,191,0,0,0,0,0,0,0,-110.75,1,0,0,0,85.75,0,0,1,0,0,0,1000
1265,1040,41,3000,500,1000,0,0,190,0,0,0,0,0,0,0,-110.75,1,0,0,0,85.75,0,0,1,0,0,0,1000
1266,1040,42,3000,500,1000,0,0,189,0,0,0,0,0,0,0,-110.75,1,0,0,0,85.75,0,0,1,0,0,0,1000
1267,0,1,3000,500,1000,0,0,188,0,0,0,0,0,0,0,-110.75,1,0,0,0,85.75,0,0,1,0,0,0,1000
1268,0,2,3000,500,1000,0,0,187,0,0,0,0,0,0,0,-110.75,1,0,0,0,85.75,0,0,1,0,0,0,1000
1269,0,3,3000,500,1000,0,0,186,0,0,0,0,0,0,0,-110.75,1,0,0,0,85.75,0,0,1,0,0,0,1000
1270,0,4,3000,500,1000,0,0,185,0,0,0,0,0,0,0,-110.75,1,0,0,0,85.75,0,0,1,0,0,0,1000
1271,0,5,3000,500,1000,0,0,184,0,0,0,0,0,0,0,-110.75,1,0,0,0,85.75,0,0,1,0,0,0,1000
1272,0,6,3000,500,1000,0,0,183,0,0,0,0,0,0,0,-110.75,1,0,0,0,85.75,0,0,1,0,0,0,1000
1273,0,7,3000,500,1000,0,0,182,0,0,0,0,0,0,0,-110.75,1,0,0,0,85.75,0,0,1,0,0,0,1000
1274,0,8,3000,500,1000,0,0,181,0,0,0,0,0,0,0,-110.75,1,0,0,0,85.75,0,0,1,0,0,0,1000
1275,0,9,3000,500,1000,0,0,180,0,0,0,0,0,0,0,-110.75,1,0,0,0,85.75,0,0,1,0,0,0,1000
1276,0,10,3000,500,1000,0,0,179,0,0,0,0,0,0,0,-110.75,1,0,0,0,85.75,0,0,1,0,0,0,1000
1277,0,11,3000,500,1000,0,0,178,0,0,0,0,0,0,0,-110.75,1,0,0,0,85.75,0,0,1,0,0,0,1000
1278,0,12,3000,500,1000,0,0,177,0,0,0,0,0,0,0,-110.75,1,0,0,0,85.75,0,0,1,0,0,0,1000
1279,0,13,3000,500,1000,0,0,176,0,0,0,0,0,0,0,-110.75,1,0,0,0,85.75,0,0,1,0,0,0,1000
1280,0,14,3000,500,1000,0,0,175,0,0,0,0,0,0,0,-110.75,1,0,0,0,85.75,0,0,1,0,0,0,1000
1281,0,15,3000,500,1000,0,0,174,0,0,0,0,0,0,0,-110.75,1,0,0,0,85.75,0,0,1,0,0,0,1000
1282,0,16,3000,500,1000,0,0,173,0,0,0,0,0,0,0,-110.75,1,0,0,0,85.75,0,0,1,0,0,0,1000
1283,0,17,3000,500,1000,0,0,172,0,0,0,0,0,0,0,-110.75,1,0,0,0,85.75,0,0,1,0,0,0,1000
1284,0,18,3000,500,1000,0,0,171,0,0,0,0,0,0,0,-110.75,1,0,0,0,85.75,0,0,1,0,0,0,1000
1285,0,19,3000,500,1000,0,0,170,0,0,0,0,0,0,0,-110.75,1,0,0,0,85.75,0,0,1,0,0,0,1000
1286,0,20,3000,500,1000,0,0,169,0,0,0,0,0,0,0,-110.75,1,0,0,0,85.75,0,0,1,0,0,0,1000
1287,0,21,3000,500,1000,0,0,168,0,0,0,0,0,0,0,-110.75,1,0,0,0,85.75,0,0,1,0,0,0,1000
1288,0,22,3000,500,1000,0,0,167,0,0,0,0,0,0,0,-110.75,1,0,0,0,85.75,0,0,1,0,0,0,1000
1289,0,23,3000,500,1000,0,0,166,0,0,0,0,0,0,0,-110.75,1,0,0,0,85.75,0,0,1,0,0,0,1000
1290,0,24,3000,500,1000,0,0,165,0,0,0,0,0,0,0,-110.75,1,0,0,0,85.75,0,0,1,0,0,0,1000
1291,0,25,3000,500,1000,0,0,164,0,0,0,0,0,0,0,-110.75,1,0,0,0,85.75,0,0,1,0,0,0,1000
1292,0,26,3000,500,1000,0,0,163,0,0,0,0,0,0,0,-110.75,1,0,0,0,85.75,0,0,1,0,0,0,1000
1293,0,27,3000,500,1000,0,0,162,0,0,0,0,0,0,0,-110.75,1,0,0,0,85.75,0,0,1,0,0,0,1000
1294,0,28,3000,500,1000,0,0,161,0,0,0,0,0,0,0,-110.75,1,0,0,0,85.75,0,0,1,0,0,0,1000
1295,0,29,3000,500,1000,0,0,160,0,0,0,0,0,0,0,-110.75,1,0,0,0,85.75,0,0,1,0,0,0,1000
1296,0,30,3000,500,1000,0,0,159,0,0,0,0,0,0,0,-110.75,1,0,0,0,85.75,0,0,1,0,0,0,1000
1297,0,31,3000,500,1000,0,0,158,0,0,0,0,0,0,0,-110.75,1,0,0,0,85.75,0,0,1,0,0,0,1000
1298,0,32,3000,500,1000,0,0,157,0,0,0,0,0,0,0,-110.75,1,0,0,0,85.75,0,0,1,0,0,0,1000
1299,0,33,3000,500,1000,0,0,156,0,0,0,0,0,0,0,-110.75,1,0,0,0,85.75,0,0,1,0,0,0,1000
1300,0,34,3000,500,1000,0,0,155,0,0,0,0,0,0,0,-110.75,1,0,0,0,85.75,0,0,1,0,0,0,1000
1301,0,35,3000,500,1000,0,0,154,0,0,0,0,0,0,0,-110.75,1,0,0,0,85.75,0,0,1,0,0,0,1000
1302,0,36,3000,500,1000,0,0,153,0,0,0,0,0,0,0,-110.75,1,0,0,0,85.75,0,0,1,0,0,0,1000
1303,0,37,3000,500,1000,0,0,152,0,0,0,0,0,0,0,-110.75,1,0,0,0,85.75,0,0,1,0,0,0,1000
1304,0,38,3000,500,1000,0,0,151,0,0,0,0,0,0,0,-110.75,1,0,0,0,85.75,0,0,1,0,0,0,1000
1305,0,39,3000,500,1000,0,0,150,0,0,0,0,0,0,0,-110.75,1,0,0,0,85.75,0,0,1,0,0,0,1000
1306,0,40,3000,500,1000,0,0,149,0,0,0,0,0,0,0,-110.75,1,0,0,0,85.75,0,0,1,0,0,0,1000
1307,0,41,3000,500,1000,0,0,148,0,0,0,0,0,0,0,-110.75,1,0,0,0,85.75,0,0,1,0,0,0,1000
1308,0,42,3000,500,1000,0,0,147,0,0,0,0,0,0,0,-110.75,1,0,0,0,85.75,0,0,1,0,0,0,1000
1309,0,43,3000,500,1000,0,0,146,0,0,0,0,0,0,0,-110.75,1,0,0,0,85.75,0,0,1,0,0,0,1000
1310,0,44,3000,500,1000,0,0,145,0,0,0,0,0,0,0,-110.75,1,0,0,0,85.75,0,0,1,0,0,0,1000
1311,0,45,3000,500,1000,0,0,144,0,0,0,0,0,0,0,-110.75,1,0,0,0,85.75,0,0,1,0,0,0,1000
1312,0,46,3000,500,1000,0,0,143,0,0,0,0,0,0,0,-110.75,1,0,0,0,85.75,0,0,1,0,0,0,1000
1313,0,47,3000,500,1000,0,0,142,0,0,0,0,0,0,0,-110.75,1,0,0,0,85.75,0,0,1,0,0,0,1000
1314,0,48,3000,500,1000,0,0,141,0,0,0,0,0,0,0,-110.75,1,0,0,0,85.75,0,0,1,0,0,0,1000
1315,0,49,3000,500,1000,0,0,140,0,0,0,0,0,0,0,-110.75,1,0,0,0,85.75,0,0,1,0,0,0,1000
1316,0,50,3000,500,1000,0,0,139,0,0,0,0,0,0,0,-110.75,1,0,0,0,85.75,0,0,1,0,0,0,1000
1317,0,51,3000,500,1000,0,0,138,0,0,0,0,0,0,0,-110.75,1,0,0,0,85.75,0,0,1,0,0,0,1000
1318,0,52,3000,500,1000,0,0,137,0,0,0,0,0,0,0,-110.75,1,0,0,0,85.75,0,0,1,0,0,0,1000
1319,0,53,3000,500,1000,0,0,136,0,0,0,0,0,0,0,-110.75,1,0,0,0,85.75,0,0,1,0,0,0,1000
1320,0,54,3000,500,1000,0,0,135,0,0,0,0,0,0,0,-110.75,1,0,0,0,85.75,0,0,1,0,0,0,1000
1321,0,55,3000,500,1000,0,0,134,0,0,0,0,0,0,0,-110.75,1,0,0,0,85.75,0,0,1,0,0,0,1000
1322,0,56,3000,500,1000,0,0,133,0,0,0,0,0,0,0,-110.75,1,0,0,0,85.75,0,0,1,0,0,0,1000
1323,0,57,3000,500,1000,0,0,132,0,0,0,0,0,0,0,-110.75,1,0,0,0,85.75,0,0,1,0,0,0,1000
1324,0,58,3000,500,1000,0,0,131,0,0,0,0,0,0,0,-110.75,1,0,0,0,85.75,0,0,1,0,0,0,1000
1325,0,59,3000,500,1000,0,0,130,0,0,0,0,0,0,0,-110.75,1,0,0,0,85.75,0,0,1,0,0,0,1000
1326,0,60,3000,500,1000,0,0,129,0,0,0,0,0,0,0,-110.75,1,0,0,0,85.75,0,0,1,0,0,0,1000
1327,0,61,3000,500,1000,0,0,128,0,0,0,0,0,0,0,-110.75,1,0,0,0,85.75,0,0,1,0,0,0,1000
1328,0,62,3000,500,1000,0,0,127,0,0,0,0,0,0,0,-110.75,1,0,0,0,85.75,0,0,1,0,0,0,1000
1329,0,63,3000,500,1000,0,0,126,0,0,0,0,0,0,0,-110.75,1,0,0,0,85.75,0,0,1,0,0,0,1000
1330,0,64,3000,500,1000,0,0,125,0,0,0,0,0,0,0,-110.75,1,0,0,0,85.75,0,0,1,0,0,0,1000
1331,0,65,3000,500,1000,0,0,124,0,0,0,0,0,0,0,-110.75,1,0,0,0,85.75,0,0,1,0,0,0,1000
1332,0,66,3000,500,1000,0,0,123,0,0,0,0,0,0,0,-110.75,1,0,0,0,85.75,0,0,1,0,0,0,1000
1333,0,67,3000,500,1000,0,0,122,0,0,0,0,0,0,0,-110.75,1,0,0,0,85.75,0,0,1,0,0,0,1000
1334,0,68,3000,500,1000,0,0,121,0,0,0,0,0,0,0,-110.75,1,0,0,0,85.75,0,0,1,0,0,0,1000
1335,0,69,3000,500,1000,0,0,120,0,0,0,0,0,0,0,-110.75,1,0,0,0,85.75,0,0,1,0,0,0,1000
1336,0,70,3000,500,1000,0,0,119,0,0,0,0,0,0,0,-110.75,1,0,0,0,85.75,0,0,1,0,0,0,1000
1337,0,71,3000,500,1000,0,0,118,0,0,0,0,0,0,0,-110.75,1,0,0,0,85.75,0,0,1,0,0,0,1000
1338,0,72,3000,500,1000,0,0,117,0,0,0,0,0,0,0,-110.75,1,0,0,0,85.75,0,0,1,0,0,0,1000
1339,0,73,3000,500,1000,0,0,116,0,0,0,0,0,0,0,-110.75,1,0,0,0,85.75,0,0,1,0,0,0,1000
1340,0,74,3000,500,1000,0,0,115,0,0,0,0,0,0,0,-110.75,1,0,0,0,85.75,0,0,1,0,0,0,1000
1341,0,75,3000,500,1000,0,0,114,0,0,0,0,0,0,0,-110.75,1,0,0,0,85.75,0,0,1,0,0,0,1000
1342,0,76,3000,500,1000,0,0,113,0,0,0,0,0,0,0,-110.75,1,0,0,0,85.75,0,0,1,0,0,0,1000
1343,0,77,3000,500,1000,0,0,112,0,0,0,0,0,0,0,-110.75,1,0,0,0,85.75,0,0,1,0,0,0,1000
1344,0,78,3000,500,1000,0,0,111,0,0,0,0,0,0,0,-110.75,1,0,0,0,85.75,0,0,1,0,0,0,1000
1345,0,79,3000,500,1000,0,0,110,0,0,0,0,0,0,0,-110.75,1,0,0,0,85.75,0,0,1,0,0,0,1000
1346,0,80,3000,500,1000,0,0,109,0,0,0,0,0,0,0,-110.75,1,0,0,0,85.75,0,0,1,0,0,0,1000
1347,0,81,3000,500,1000,0,0,108,0,0,0,0,0,0,0,-110.75,1,0,0,0,85.75,0,0,1,0,0,0,1000
1348,0,82,3000,500,1000,0,0,107,0,0,0,0,0,0,0,-110.75,1,0,0,0,85.75,0,0,1,0,0,0,1000
1349,0,83,3000,500,1000,0,0,106,0,0,0,0,0,0,0,-110.75,1,0,0,0,85.75,0,0,1,0,0,0,1000
1350,0,84,3000,500,1000,0,0,105,0,0,0,0,0,0,0,-110.75,1,0,0,0,85.75,0,0,1,0,0,0,1000
1351,0,85,3000,500,1000,0,0,104,0,0,0,0,0,0,0,-110.75,1,0,0,0,85.75,0,0,1,0,0,0,1000
1352,0,86,3000,500,1000,0,0,103,0,0,0,0,0,0,0,-110.75,1,0,0,0,85.75,0,0,1,0,0,0,1000
1353,0,87,3000,500,1000,0,0,102,0,0,0,0,0,0,0,-110.75,1,0,0,0,85.75,0,0,1,0,0,0,1000
1354,0,88,3000,500,1000,0,0,101,0,0,0,0,0,0,0,-110.75,1,0,0,0,85.75,0,0,1,0,0,0,1000
1355,0,89,3000,500,1000,0,0,100,0,0,0,0,0,0,0,-110.75,1,0,0,0,85.75,0,0,1,0,0,0,1000
1356,0,90,3000,500,1000,0,0,99,0,0,0,0,0,0,0,-110.75,1,0,0,0,85.75,0,0,1,0,0,0,1000
1357,0,91,3000,500,1000,0,0,98,0,0,0,0,0,0,0,-110.75,1,0,0,0,85.75,0,0,1,0,0,0,1000
1358,0,92,3000,500,1000,0,0,97,0,0,0,0,0,0,0,-110.75,1,0,0,0,85.75,0,0,1,0,0,0,1000
1359,0,93,3000,500,1000,0,0,96,0,0,0,0,0,0,0,-110.75,1,0,0,0,85.75,0,0,1,0,0,0,1000
1360,0,94,3000,500,1000,0,0,95,0,0,0,0,0,0,0,-110.75,1,0,0,0,85.75,0,0,1,0,0,0,1000
1361,0,95,3000,500,1000,0,0,94,0,0,0,0,0,0,0,-110.75,1,0,0,0,85.75,0,0,1,0,0,0,1000
1362,0,96,3000,500,1000,0,0,93,0,0,0,0,0,0,0,-110.75,1,0,0,0,85.75,0,0,1,0,0,0,1000
1363,0,97,3000,500,1000,0,0,92,0,0,0,0,0,0,0,-110.75,1,0,0,0,85.75,0,0,1,0,0,0,1000
1364,0,98,3000,500,1000,0,0,91,0,0,0,0,0,0,0,-110.75,1,0,0,0,85.75,0,0,1,0,0,0,1000
1365,0,99,3000,500,1000,0,0,90,0,0,0,0,0,0,0,-110.75,1,0,0,0,85.75,0,0,1,0,0,0,1000
1366,0,100,3000,500,1000,0,0,89,0,0,0,0,0,0,0,-110.75,1,0,0,0,85.75,0,0,1,0,0,0,1000
1367,0,101,3000,500,1000,0,0,88,0,0,0,0,0,0,0,-110.75,1,0,0,0,85.75,0,0,1,0,0,0,1000
1368,0,102,3000,500,1000,0,0,87,0,0,0,0,0,0,0,-110.75,1,0,0,0,85.75,0,0,1,0,0,0,1000
1369,0,103,3000,500,1000,0,0,86,0,0,0,0,0,0,0,-110.75,1,0,0,0,85.75,0,0,1,0,0,0,1000
1370,0,104,3000,500,1000,0,0,85,0,0,0,0,0,0,0,-110.75,1,0,0,0,85.75,0,0,1,0,0,0,1000
1371,0,105,3000,500,1000,0,0,84,0,0,0,0,0,0,0,-110.75,1,0,0,0,85.75,0,0,1,0,0,0,1000
1372,0,106,3000,500,1000,0,0,83,0,0,0,0,0,0,0,-110.75,1,0,0,0,85.75,0,0,1,0,0,0,1000
1373,0,107,3000,500,1000,0,0,82,0,0,0,0,0,0,0,-110.75,1,0,0,0,85.75,0,0,1,0,0,0,1000
1374,0,108,3000,500,1000,0,0,81,0,0,0,0,0,0,0,-110.75,1,0,0,0,85.75,0,0,1,0,0,0,1000
1375,0,109,3000,500,1000,0,0,80,0,0,0,0,0,0,0,-110.75,1,0,0,0,85.75,0,0,1,0,0,0,1000
1376,0,110,3000,500,1000,0,0,79,0,0,0,0,0,0,0,-110.75,1,0,0,0,85.75,0,0,1,0,0,0,1000
1377,0,111,3000,500,1000,0,0,78,0,0,0,0,0,0,0,-110.75,1,0,0,0,85.75,0,0,1,0,0,0,1000
1378,0,112,3000,500,1000,0,0,77,0,0,0,0,0,0,0,-110.75,1,0,0,0,85.75,0,0,1,0,0,0,1000
1379,0,113,3000,500,1000,0,0,76,0,0,0,0,0,0,0,-110.75,1,0,0,0,85.75,0,0,1,0,0,0,1000
1380,0,114,3000,500,1000,0,0,75,0,0,0,0,0,0,0,-110.75,1,0,0,0,85.75,0,0,1,0,0,0,1000
1381,0,115,3000,500,1000,0,0,74,0,0,0,0,0,0,0,-110.75,1,0,0,0,85.75,0,0,1,0,0,0,1000
1382,0,116,3000,500,1000,0,0,73,0,0,0,0,0,0,0,-110.75,1,0,0,0,85.75,0,0,1,0,0,0,1000
1383,0,117,3000,500,1000,0,0,72,0,0,0,0,0,0,0,-110.75,1,0,0,0,85.75,0,0,1,0,0,0,1000
1384,0,118,3000,500,1000,0,0,71,0,0,0,0,0,0,0,-110.75,1,0,0,0,85.75,0,0,1,0,0,0,1000
1385,0,119,3000,500,1000,0,0,70,0,0,0,0,0,0,0,-110.75,1,0,0,0,85.75,0,0,1,0,0,0,1000
1386,0,120,3000,500,1000,0,0,69,0,0,0,0,0,0,0,-110.75,1,0,0,0,85.75,0,0,1,0,0,0,1000
1387,0,121,3000,500,1000,0,0,68,0,0,0,0,0,0,0,-110.75,1,0,0,0,85.75,0,0,1,0,0,0,1000
1388,0,122,3000,500,1000,0,0,67,0,0,0,0,0,0,0,-110.75,1,0,0,0,85.75,0,0,1,0,0,0,1000
1389,0,123,3000,500,1000,0,0,66,0,0,0,0,0,0,0,-110.75,1,0,0,0,85.75,0,0,1,0,0,0,1000
1390,0,124,3000,500,1000,0,0,65,0,0,0,0,0,0,0,-110.75,1,0,0,0,85.75,0,0,1,0,0,0,1000
1391,0,125,3000,500,1000,0,0,64,0,0,0,0,0,0,0,-110.75,1,0,0,0,85.75,0,0,1,0,0,0,1000
1392,0,126,3000,500,1000,0,0,63,0,0,0,0,0,0,0,-110.75,1,0,0,0,85.75,0,0,1,0,0,0,1000
1393,0,127,3000,500,1000,0,0,62,0,0,0,0,0,0,0,-110.75,1,0,0,0,85.75,0,0,1,0,0,0,1000
1394,0,128,3000,500,1000,0,0,61,0,0,0,0,0,0,0,-110.75,1,0,0,0,85.75,0,0,1,0,0,0,1000
1395,0,129,3000,500,1000,0,0,60,0,0,0,0,0,0,0,-110.75,1,0,0,0,85.75,0,0,1,0,0,0,1000
1396,0,130,3000,500,1000,0,0,59,0,0,0,0,0,0,0,-110.75,1,0,0,0,85.75,0,0,1,0,0,0,1000
1397,0,131,3000,500,1000,0,0,58,0,0,0,0,0,0,0,-110.75,1,0,0,0,85.75,0,0,1,0,0,0,1000
1398,0,132,3000,500,1000,0,0,57,0,0,0,0,0,0,0,-110.75,1,0,0,0,85.75,0,0,1,0,0,0,1000
1399,0,133,3000,500,1000,0,0,56,0,0,0,0,0,0,0,-110.75,1,0,0,0,85.75,0,0,1,0,0,0,1000
1400,0,134,3000,500,1000,0,0,55,0,0,0,0,0,0,0,-110.75,1,0,0,0,85.75,0,0,1,0,0,0,1000
1401,0,135,3000,500,1000,0,0,54,0,0,0,0,0,0,0,-110.75,1,0,0,0,85.75,0,0,1,0,0,0,1000
1402,0,136,3000,500,1000,0,0,53,0,0,0,0,0,0,0,-110.75,1,0,0,0,85.75,0,0,1,0,0,0,1000
1403,0,137,3000,500,1000,0,0,52,0,0,0,0,0,0,0,-110.75,1,0,0,0,85.75,0,0,1,0,0,0,1000
1404,0,138,3000,500,1000,0,0,51,0,0,0,0,0,0,0,-110.75,1,0,0,0,85.75,0,0,1,0,0,0,1000
1405,0,139,3000,500,1000,0,0,50,0,0,0,0,0,0,0,-110.75,1,0,0,0,85.75,0,0,1,0,0,0,1000
1406,0,140,3000,500,1000,0,0,49,0,0,0,0,0,0,0,-110.75,1,0,0,0,85.75,0,0,1,0,0,0,1000
1407,0,141,3000,500,1000,0,0,48,0,0,0,0,0,0,0,-110.75,1,0,0,0,85.75,0,0,1,0,0,0,1000
1408,0,142,3000,500,1000,0,0,47,0,0,0,0,0,0,0,-110.75,1,0,0,0,85.75,0,0,1,0,0,0,1000
1409,0,143,3000,500,1000,0,0,46,0,0,0,0,0,0,0,-110.75,1,0,0,0,85.75,0,0,1,0,0,0,1000
1410,0,144,3000,500,1000,0,0,45,0,0,0,0,0,0,0,-110.75,1,0,0,0,85.75,0,0,1,0,0,0,1000
1411,0,145,3000,500,1000,0,0,44,0,0,0,0,0,0,0,-110.75,1,0,0,0,85.75,0,0,1,0,0,0,1000
1412,0,146,3000,500,1000,0,0,43,0,0,0,0,0,0,0,-110.75,1,0,0,0,85.75,0,0,1,0,0,0,1000
1413,0,147,3000,500,1000,0,0,42,0,0,0,0,0,0,0,-110.75,1,0,0,0,85.75,0,0,1,0,0,0,1000
1414,0,148,3000,500,1000,0,0,41,0,0,0,0,0,0,0,-110.75,1,0,0,0,85.75,0,0,1,0,0,0,1000
1415,0,149,3000,500,1000,0,0,40,0,0,0,0,0,0,0,-110.75,1,0,0,0,85.75,0,0,1,0,0,0,1000
1416,0,150,3000,500,1000,0,0,39,0,0,0,0,0,0,0,-110.75,1,0,0,0,85.75,0,0,1,0,0,0,1000
1417,0,151,3000,500,1000,0,0,38,0,0,0,0,0,0,0,-110.75,1,0,0,0,85.75,0,0,1,0,0,0,1000
1418,0,152,3000,500,1000,0,0,37,0,0,0,0,0,0,0,-110.75,1,0,0,0,85.75,0,0,1,0,0,0,1000
1419,0,153,3000,500,1000,0,0,36,0,0,0,0,0,0,0,-110.75,1,0,0,0,85.75,0,0,1,0,0,0,1000
1420,0,154,3000,500,1000,0,0,35,0,0,0,0,0,0,0,-110.75,1,0,0,0,85.75,0,0,1,0,0,0,1000
1421,0,155,3000,500,1000,0,0,34,0,0,0,0,0,0,0,-110.75,1,0,0,0,85.75,0,0,1,0,0,0,1000
1422,0,156,3000,500,1000,0,0,33,0,0,0,0,0,0,0,-110.75,1,0,0,0,85.75,0,0,1,0,0,0,1000
1423,0,157,3000,500,1000,0,0,32,0,0,0,0,0,0,0,-110.75,1,0,0,0,85.75,0,0,1,0,0,0,1000
1424,0,158,3000,500,1000,0,0,31,0,0,0,0,0,0,0,-110.75,1,0,0,0,85.75,0,0,1,0,0,0,1000
1425,0,159,3000,500,1000,0,0,30,0,0,0,0,0,0,0,-110.75,1,0,0,0,85.75,0,0,1,0,0,0,1000
1426,0,160,3000,500,1000,0,0,29,0,0,0,0,0,0,0,-110.75,1,0,0,0,85.75,0,0,1,0,0,0,1000
1427,0,161,3000,500,1000,0,0,28,0,0,0,0,0,0,0,-110.75,1,0,0,0,85.75,0,0,1,0,0,0,1000
1428,0,162,3000,500,1000,0,0,27,0,0,0,0,0,0,0,-110.75,1,0,0,0,85.75,0,0,1,0,0,0,1000
1429,0,163,3000,500,1000,0,0,26,0,0,0,0,0,0,0,-110.75,1,0,0,0,85.75,0,0,1,0,0,0,1000
1430,0,164,3000,500,1000,0,0,25,0,0,0,0,0,0,0,-110.75,1,0,0,0,85.75,0,0,1,0,0,0,1000
1431,0,165,3000,500,1000,0,0,24,0,0,0,0,0,0,0,-110.75,1,0,0,0,85.75,0,0,1,0,0,0,1000
1432,0,166,3000,500,1000,0,0,23,0,0,0,0,0,0,0,-110.75,1,0,0,0,85.75,0,0,1,0,0,0,1000
1433,0,167,3000,500,1000,0,0,22,0,0,0,0,0,0,0,-110.75,1,0,0,0,85.75,0,0,1,0,0,0,1000
1434,0,168,3000,500,1000,0,0,21,0,0,0,0,0,0,0,-110.75,1,0,0,0,85.75,0,0,1,0,0,0,1000
1435,0,169,3000,500,1000,0,0,20,0,0,0,0,0,0,0,-110.75,1,0,0,0,85.75,0,0,1,0,0,0,1000
1436,0,170,3000,500,1000,0,0,19,0,0,0,0,0,0,0,-110.75,1,0,0,0,85.75,0,0,1,0,0,0,1000
1437,0,171,3000,500,1000,0,0,18,0,0,0,0,0,0,0,-110.75,1,0,0,0,85.75,0,0,1,0,0,0,1000
1438,0,172,3000,500,1000,0,0,17,0,0,0,0,0,0,0,-110.75,1,0,0,0,85.75,0,0,1,0,0,0,1000
1439,0,173,3000,500,1000,0,0,16,0,0,0,0,0,0,0,-110.75,1,0,0,0,85.75,0,0,1,0,0,0,1000
1440,0,174,3000,500,1000,0,0,15,0,0,0,0,0,0,0,-110.75,1,0,0,0,85.75,0,0,1,0,0,0,1000
1441,0,175,3000,500,1000,0,0,14,0,0,0,0,0,0,0,-110.75,1,0,0,0,85.75,0,0,1,0,0,0,1000
1442,0,176,3000,500,1000,0,0,13,0,0,0,0,0,0,0,-110.75,1,0,0,0,85.75,0,0,1,0,0,0,1000
1443,0,177,3000,500,1000,0,0,12,0,0,0,0,0,0,0,-110.75,1,0,0,0,85.75,0,0,1,0,0,0,1000
1444,0,178,3000,500,1000,0,0,11,0,0,0,0,0,0,0,-110.75,1,0,0,0,85.75,0,0,1,0,0,0,1000
1445,0,179,3000,500,1000,0,0,10,0,0,0,0,0,0,0,-110.75,1,0,0,0,85.75,0,0,1,0,0,0,1000
1446,0,180,3000,500,1000,0,0,9,0,0,0,0,0,0,0,-110.75,1,0,0,0,85.75,0,0,1,0,0,0,1000
1447,0,181,3000,500,1000,0,0,8,0,0,0,0,0,0,0,-110.75,1,0,0,0,85.75,0,0,1,0,0,0,1000
1448,0,182,3000,500,1000,0,0,7,0,0,0,0,0,0,0,-110.75,1,0,0,0,85.75,0,0,1,0,0,0,1000
1449,0,183,3000,500,1000,0,0,6,0,0,0,0,0,0,0,-110.75,1,0,0,0,85.75,0,0,1,0,0,0,1000
1450,0,184,3000,500,1000,0,0,5,0,0,0,0,0,0,0,-110.75,1,0,0,0,85.75,0,0,1,0,0,0,1000
1451,0,185,3000,500,1000,0,0,4,0,0,0,0,0,0,0,-110.75,1,0,0,0,85.75,0,0,1,0,0,0,1000
1452,0,186,3000,500,1000,0,0,3,0,0,0,0,0,0,0,-110.75,1,0,0,0,85.75,0,0,1,0,0,0,1000
1453,0,187,3000,500,1000,0,0,2,0,0,0,0,0,0,0,-110.75,1,0,0,0,85.75,0,0,1,0,0,0,1000
1454,0,188,3000,500,1000,0,0,1,0,0,0,0,0,0,0,-110.75,1,0,0,0,85.75,0,0,1,0,0,0,1000
1455,0,189,3000,500,1000,0,0,0,0,0,0,0,0,0,0,-110.75,1,0,0,0,85.75,0,0,1,0,0,0,1000
1456,0,190,3000,500,1000,0,0,0,0,0,0,0,0,0,0,-110.75,1,0,0,0,85.75,0,0,1,0,0,0,1000
1457,0,191,3000,500,1000,0,0,0,0,0,0,0,0,0,0,-110.75,1,0,0,0,85.75,0,0,1,0,0,0,1000
1458,0,192,3000,500,1000,0,0,0,0,0,0,0,0,0,0,-110.75,1,0,0,0,85.75,0,0,1,0,0,0,1000
1459,0,193,3000,500,1000,0,0,0,0,0,0,0,0,0,0,-110.75,1,0,0,0,85.75,0,0,1,0,0,0,1000
1460,0,194,3000,500,1000,0,0,0,0,0,0,0,0,0,0,-110.75,1,0,0,0,85.75,0,0,1,0,0,0,1000
1461,0,195,3000,500,1000,0,0,0,0,0,0,0,0,0,0,-110.75,1,0,0,0,85.75,0,0,1,0,0,0,1000
1462,0,196,3000,500,1000,0,0,0,0,0,0,0,0,0,0,-110.75,1,0,0,0,85.75,0,0,1,0,0,0,1000
1463,0,197,3000,500,1000,0,0,0,0,0,0,0,0,0,0,-110.75,1,0,0,0,85.75,0,0,1,0,0,0,1000
1464,0,198,3000,500,1000,0,0,0,0,0,0,0,0,0,0,-110.75,1,0,0,0,85.75,0,0,1,0,0,0,1000
1465,0,199,3000,500,1000,0,0,0,0,0,0,0,0,0,0,-110.75,1,0,0,0,85.75,0,0,1,0,0,0,1000
1466,0,200,3000,500,1000,0,0,0,0,0,0,0,0,0,0,-110.75,1,0,0,0,85.75,0,0,1,0,0,0,1000
1467,0,201,3000,500,1000,0,0,0,0,0,0,0,0,0,0,-110.75,1,0,0,0,85.75,0,0,1,0,0,0,1000
1468,0,202,3000,500,1000,0,0,0,0,0,0,0,0,0,0,-110.75,1,0,0,0,85.75,0,0,1,0,0,0,1000
1469,0,203,3000,500,1000,0,0,0,0,0,0,0,0,0,0,-110.75,1,0,0,0,85.75,0,0,1,0,0,0,1000
1470,0,204,3000,500,1000,0,0,0,0,0,0,0,0,0,0,-110.75,1,0,0,0,85.75,0,0,1,0,0,0,1000
1471,0,205,3000,500,1000,0,0,0,0,0,0,0,0,0,0,-110.75,1,0,0,0,85.75,0,0,1,0,0,0,1000
1472,0,206,3000,500,1000,0,0,0,0,0,0,0,0,0,0,-110.75,1,0,0,0,85.75,0,0,1,0,0,0,1000
1473,0,207,3000,500,1000,0,0,0,0,0,0,0,0,0,0,-110.75,1,0,0,0,85.75,0,0,1,0,0,0,1000
1474,0,208,3000,500,1000,0,0,0,0,0,0,0,0,0,0,-110.75,1,0,0,0,85.75,0,0,1,0,0,0,1000
1475,0,209,3000,500,1000,0,0,0,0,0,0,0,0,0,0,-110.75,1,0,0,0,85.75,0,0,1,0,0,0,1000
1476,0,210,3000,500,1000,0,0,0,0,0,0,0,0,0,0,-110.75,1,0,0,0,85.75,0,0,1,0,0,0,1000
1477,0,211,3000,500,1000,0,0,0,0,0,0,0,0,0,0,-110.75,1,0,0,0,85.75,0,0,1,0,0,0,1000
1478,0,212,3000,500,1000,0,0,0,0,0,0,0,0,0,0,-110.75,1,0,0,0,85.75,0,0,1,0,0,0,1000
1479,0,213,3000,500,1000,0,0,0,0,0,0,0,0,0,0,-110.75,1,0,0,0,85.75,0,0,1,0,0,0,1000
1480,0,214,3000,500,1000,0,0,0,0,0,0,0,0,0,0,-110.75,1,0,0,0,85.75,0,0,1,0,0,0,1000
1481,0,215,3000,500,1000,0,0,0,0,0,0,0,0,0,0,-110.75,1,0,0,0,85.75,0,0,1,0,0,0,1000
1482,0,216,3000,500,1000,0,0,0,0,0,0,0,0,0,0,-110.75,1,0,0,0,85.75,0,0,1,0,0,0,1000
1483,0,217,3000,500,1000,0,0,0,0,0,0,0,0,0,0,-110.75,1,0,0,0,85.75,0,0,1,0,0,0,1000
1484,0,218,3000,500,1000,0,0,0,0,0,0,0,0,0,0,-110.75,1,0,0,0,85.75,0,0,1,0,0,0,1000
1485,0,219,3000,500,1000,0,0,0,0,0,0,0,0,0,0,-110.75,1,0,0,0,85.75,0,0,1,0,0,0,1000
1486,0,220,3000,500,1000,0,0,0,0,0,0,0,0,0,0,-110.75,1,0,0,0,85.75,0,0,1,0,0,0,1000
1487,0,221,3000,500,1000,0,0,0,0,0,0,0,0,0,0,-110.75,1,0,0,0,85.75,0,0,1,0,0,0,1000
1488,0,222,3000,500,1000,0,0,0,0,0,0,0,0,0,0,-110.75,1,0,0,0,85.75,0,0,1,0,0,0,1000
1489,0,223,3000,500,1000,0,0,0,0,0,0,0,0,0,0,-110.75,1,0,0,0,85.75,0,0,1,0,0,0,1000
1490,0,224,3000,500,1000,0,0,0,0,0,0,0,0,0,0,-110.75,1,0,0,0,85.75,0,0,1,0,0,0,1000
1491,0,225,3000,500,1000,0,0,0,0,0,0,0,0,0,0,-110.75,1,0,0,0,85.75,0,0,1,0,0,0,1000
1492,0,226,3000,500,1000,0,0,0,0,0,0,0,0,0,0,-110.75,1,0,0,0,85.75,0,0,1,0,0,0,1000
1493,0,227,3000,500,1000,0,0,0,0,0,0,0,0,0,0,-110.75,1,0,0,0,85.75,0,0,1,0,0,0,1000
1494,0,228,3000,500,1000,0,0,0,0,0,0,0,0,0,0,-110.75,1,0,0,0,85.75,0,0,1,0,0,0,1000
1495,0,229,3000,500,1000,0,0,0,0,0,0,0,0,0,0,-110.75,1,0,0,0,85.75,0,0,1,0,0,0,1000
1496,0,230,3000,500,1000,0,0,0,0,0,0,0,0,0,0,-110.75,1,0,0,0,85.75,0,0,1,0,0,0,1000
1497,0,231,3000,500,1000,0,0,0,0,0,0,0,0,0,0,-110.75,1,0,0,0,85.75,0,0,1,0,0,0,1000
1498,0,232,3000,500,1000,0,0,0,0,0,0,0,0,0,0,-110.75,1,0,0,0,85.75,0,0,1,0,0,0,1000
1499,0,233,3000,500,1000,0,0,0,0,0,0,0,0,0,0,-110.75,1,0,0,0,85.75,0,0,1,0,0,0,1000
1500,0,234,3000,500,1000,0,0,0,0,0,0,0,0,0,0,-110.75,1,0,0,0,85.75,0,0,1,0,0,0,1000
1501,0,235,3000,500,1000,0,0,0,0,0,0,0,0,0,0,-110.75,1,0,0,0,85.75,0,0,1,0,0,0,1000
1502,0,236,3000,500,1000,0,0,0,0,0,0,0,0,0,0,-110.75,1,0,0,0,85.75,0,0,1,0,0,0,1000
1503,0,237,3000,500,1000,0,0,0,0,0,0,0,0,0,0,-110.75,1,0,0,0,85.75,0,0,1,0,0,0,1000
1504,0,238,3000,500,1000,0,0,0,0,0,0,0,0,0,0,-110.75,1,0,0,0,85.75,0,0,1,0,0,0,1000
1505,0,239,3000,500,1000,0,0,0,0,0,0,0,0,0,0,-110.75,1,0,0,0,85.75,0,0,1,0,0,0,1000
1506,0,240,3000,500,1000,0,0,0,0,0,0,0,0,0,0,-110.75,1,0,0,0,85.75,0,0,1,0,0,0,1000
1507,0,241,3000,500,1000,0,0,0,0,0,0,0,0,0,0,-110.75,1,0,0,0,85.75,0,0,1,0,0,0,1000
1508,0,242,3000,500,1000,0,0,0,0,0,0,0,0,0,0,-110.75,1,0,0,0,85.75,0,0,1,0,0,0,1000
1509,0,243,3000,500,1000,0,0,0,0,0,0,0,0,0,0,-110.75,1,0,0,0,85.75,0,0,1,0,0,0,1000
1510,0,1,3000,500,1000,0,0,0,0,0,0,0,0,0,0,-110.75,1,0,0,0,85.75,0,0,0,0,0,0,1000
1511,0,2,3000,500,1000,0,0,0,0,0,0,0,0,0,0,-110.75,1,0,0,0,85.75,0,0,0,0,0,0,1000
1512,0,3,3000,500,1000,0,0,0,0,0,0,0,0,0,0,-110.75,1,0,0,0,85.75,0,0,0,0,0,0,1000
1513,0,4,3000,500,1000,0,0,0,0,0,0,0,0,0,0,-110.75,1,0,0,0,85.75,0,0,0,0,0,0,1000
1514,0,5,3000,500,1000,0,0,0,0,0,0,0,0,0,0,-110.75,1,0,0,0,85.75,0,0,0,0,0,0,1000
1515,0,6,3000,500,1000,0,0,0,0,0,0,0,0,0,0,-110.75,1,0,0,0,85.75,0,0,0,0,0,0,1000
1516,0,7,3000,500,1000,0,0,0,0,0,0,0,0,0,0,-110.75,1,0,0,0,85.75,0,0,0,0,0,0,1000
1517,0,8,3000,500,1000,0,0,0,0,0,0,0,0,0,0,-110.75,1,0,0,0,85.75,0,0,0,0,0,0,1000
1518,0,9,3000,500,1000,0,0,0,0,0,0,0,0,0,0,-110.75,1,0,0,0,85.75,0,0,0,0,0,0,1000
1519,10,1,3000,500,1000,0,0,0,0,0,0,0,0,0,0,-110.75,1,0,0,0,85.75,0,0,0,0,0,0,1000
1520,10,2,3000,500,1000,0,0,0,0,0,0,0,0,0,0,-110.75,1,0,0,0,85.75,0,0,0,0,0,0,1000
1521,10,3,3000,500,1000,0,0,0,0,0,0,0,0,0,0,-110.75,1,0,0,0,85.75,0,0,0,0,0,0,1000
1522,10,4,3000,500,1000,0,0,0,0,0,0,0,0,0,0,-110.75,1,0,0,0,85.75,0,0,0,0,0,0,1000
1523,10,5,3000,500,1000,0,0,0,0,0,0,0,0,0,0,-110.75,1,0,0,0,85.75,0,0,0,0,0,0,1000
1524,10,6,3000,500,1000,0,0,0,0,0,0,0,0,0,0,-110.75,1,0,0,0,85.75,0,0,0,0,0,0,1000
1525,12,1,3000,500,1000,0,0,0,0,0,0,0,0,0,0,-110.75,1,0,0,0,85.75,0,0,0,0,0,0,1000
1526,20,1,3000,500,1000,0,0,0,0,0,0,0,0,0,0,-108.9000015258789,1,0,0,0,85.75,0,0,0,0,0,0,1000
1527,20,2,3000,500,1000,0,0,0,0,0,0,0,0,0,0,-107.05000305175781,1,0,0,0,85.75,0,0,0,0,0,0,1000
1528,10,1,3000,500,1000,0,0,0,0,0,0,0,0,0,0,-107.05000305175781,1,0,0,0,85.75,0,0,0,0,0,0,1000
1529,10,2,3000,500,1000,0,0,0,0,0,0,0,0,0,0,-107.05000305175781,1,0,0,0,85.75,0,0,0,0,0,0,1000
1530,10,3,3000,500,1000,0,0,0,0,0,0,0,0,0,0,-107.05000305175781,1,0,0,0,85.75,0,0,0,0,0,0,1000
1531,10,4,3000,500,1000,0,0,0,0,0,0,0,0,0,0,-107.05000305175781,1,0,0,0,85.75,0,0,0,0,0,0,1000
1532,10,5,3000,500,1000,0,0,0,0,0,0,0,0,0,0,-107.05000305175781,1,0,0,0,85.75,0,0,0,0,0,0,1000
1533,10,6,3000,500,1000,0,0,0,0,0,0,0,0,0,0,-107.05000305175781,1,0,0,0,85.75,0,0,0,0,0,0,1000
1534,3000,1,2000,500,1000,0,0,0,0,0,0,0,0,0,0,-107.05000305175781,1,0,0,0,85.75,0,0,0,0,0,0,1000
1535,3000,2,2000,500,1000,0,0,0,0,0,0,0,0,0,0,-107.05000305175781,1,0,0,0,85.75,0,0,0,0,0,0,1000
1536,3000,3,2000,500,1000,0,0,0,0,0,0,0,0,0,0,-107.05000305175781,1,0,0,0,85.75,0,0,0,0,0,0,1000
1537,3000,4,2000,500,1000,0,0,0,0,0,0,0,0,0,0,-107.05000305175781,1,0,0,0,85.75,0,0,0,0,0,0,1000
1538,3000,5,2000,500,1000,0,0,0,0,0,0,0,0,0,0,-100.05000305175781,1,0,0,0,85.75,0,0,0,0,0,0,1000
1539,3000,5,2000,500,935,0,0,0,0,0,0,0,0,0,0,-100.05000305175781,1,0,0,0,85.75,0,0,0,0,0,0,1018
1540,3000,5,2000,500,935,0,0,0,0,0,0,0,0,0,0,-100.05000305175781,1,0,0,0,85.75,0,0,0,0,0,0,1018
1541,3000,5,2000,500,935,0,0,0,0,0,0,0,0,0,0,-100.05000305175781,1,0,0,0,85.75,0,0,0,0,0,0,1018
1542,3000,5,2000,500,935,0,0,0,0,0,0,0,0,0,0,-100.05000305175781,1,0,0,0,85.75,0,0,0,0,0,0,1018
1543,3000,5,2000,500,935,0,0,0,0,0,0,0,0,0,0,-100.05000305175781,1,0,0,0,85.75,0,0,0,0,0,0,1018
1544,3000,5,2000,500,935,0,0,0,0,0,0,0,0,0,0,-100.05000305175781,1,0,0,0,85.75,0,0,0,0,0,0,1018
1545,3000,6,2000,500,935,0,0,0,0,0,0,0,0,0,0,-93.05000305175781,1,0,0,0,85.75,0,0,0,0,0,0,1018
1546,3000,7,2000,500,935,0,0,0,0,0,0,0,0,0,0,-86.05000305175781,1,0,0,0,85.75,0,0,0,0,0,0,1018
1547,3000,8,2000,500,935,0,0,0,0,0,0,0,0,0,0,-79.05000305175781,1,0,0,0,85.75,0,0,0,0,0,0,1018
1548,3000,9,2000,500,935,0,0,0,0,0,0,0,0,0,0,-72.05000305175781,1,0,0,0,85.75,0,0,0,0,0,0,1018
1549,3000,10,2000,500,935,0,0,0,0,0,0,0,0,0,0,-65.05000305175781,1,0,0,0,85.75,0,0,0,0,0,0,1018
1550,3000,11,2000,500,935,0,0,0,0,0,0,0,0,0,0,-58.04999923706055,1,0,0,0,85.75,0,0,0,0,0,0,1018
1551,3000,12,2000,500,935,0,0,0,0,0,0,0,0,0,0,-51.04999923706055,1,0,0,0,85.75,0,0,0,0,0,0,1018
1552,3000,13,2000,500,935,0,0,0,0,0,0,0,0,0,0,-44.04999923706055,1,0,0,0,85.75,0,0,0,0,0,0,1018
1553,3000,14,2000,500,935,0,0,0,0,0,0,0,0,0,0,-37.04999923706055,1,0,0,0,85.75,0,0,0,0,0,0,2018
1554,3000,15,2000,500,935,0,0,0,0,0,0,0,0,0,0,-30.049999237060547,1,0,0,0,85.75,0,0,0,0,0,0,2018
1555,3000,16,2000,500,935,0,0,0,0,0,0,0,0,0,0,-23.049999237060547,1,0,0,0,85.75,0,0,0,0,0,0,2018
1556,3000,17,2000,500,935,0,0,0,0,0,0,0,0,0,0,-16.050003051757812,1,0,0,0,85.75,0,0,0,0,0,0,2018
1557,3000,18,2000,500,935,0,0,0,0,0,0,0,0,0,0,-9.050003051757812,-1,0,0,0,85.75,0,0,0,0,0,0,2018
1558,3000,19,2000,500,935,0,0,0,0,0,0,0,0,0,0,-12.550003051757812,-1,0,0,0,85.75,0,0,0,0,0,0,2018
1559,3000,20,2000,500,935,0,0,0,0,0,0,0,0,0,0,-16.050003051757812,-1,0,0,0,85.75,0,0,0,0,0,0,2018
1560,3000,21,2000,500,935,0,0,0,0,0,0,0,0,0,0,-19.550003051757812,-1,0,0,0,85.75,0,0,0,0,0,0,2018
1561,3000,22,2000,500,935,0,0,0,0,0,0,0,0,0,0,-23.050003051757812,-1,0,0,0,85.75,0,0,0,0,0,0,2018
1562,3000,23,2000,500,935,0,0,0,0,0,0,0,0,0,0,-26.550003051757812,-1,0,0,0,85.75,0,0,0,0,0,0,2018
1563,3000,24,2000,500,935,0,0,0,0,0,0,0,0,0,0,-30.050003051757812,-1,0,0,0,85.75,0,0,0,0,0,0,2018
1564,3000,25,2000,500,935,0,0,0,0,0,0,0,0,0,0,-33.55000305175781,-1,0,0,0,85.75,0,0,0,0,0,0,2018
1565,3000,26,2000,500,935,0,0,0,0,0,0,0,0,0,0,-33.150001525878906,-1,0,0,0,85.75,0,0,0,0,0,0,2018
1566,3000,27,2000,500,935,0,0,0,0,0,0,0,0,0,0,-33.150001525878906,-1,0,0,0,85.75,0,0,0,0,0,0,2018
1567,3000,28,2000,500,935,0,0,0,0,0,0,0,0,0,0,-33.150001525878906,-1,0,0,0,85.75,0,0,0,0,0,0,2018
1568,3000,29,2000,500,935,0,0,0,0,0,0,0,0,0,0,-33.150001525878906,-1,0,0,0,85.75,0,0,0,0,0,0,2018
1569,3000,30,2000,500,935,0,0,0,0,0,0,0,0,0,0,-33.150001525878906,-1,0,0,0,85.75,0,0,0,0,0,0,2018
1570,3000,31,2000,500,935,0,0,0,0,0,0,0,0,0,0,-33.150001525878906,-1,0,0,0,85.75,0,0,0,0,0,0,2018
1571,3000,32,2000,500,935,0,0,0,0,0,0,0,0,0,0,-33.150001525878906,-1,0,0,0,85.75,0,0,0,0,0,0,2018
1572,3000,33,2000,500,935,0,0,0,0,0,0,0,0,0,0,-33.150001525878906,-1,0,0,0,85.75,0,0,0,0,0,0,2018
1573,3000,33,2000,500,835,0,0,0,0,0,0,0,0,0,0,-33.150001525878906,-1,0,0,0,85.75,0,0,0,0,0,0,3036
1574,3000,33,2000,500,835,0,0,0,0,0,0,0,0,0,0,-33.150001525878906,-1,0,0,0,85.75,0,0,0,0,0,0,3036
1575,3000,33,2000,500,835,0,0,0,0,0,0,0,0,0,0,-33.150001525878906,-1,0,0,0,85.75,0,0,0,0,0,0,3036
1576,3000,33,2000,500,835,0,0,0,0,0,0,0,0,0,0,-33.150001525878906,-1,0,0,0,85.75,0,0,0,0,0,0,3036
1577,3000,33,2000,500,835,0,0,0,0,0,0,0,0,0,0,-33.150001525878906,-1,0,0,0,85.75,0,0,0,0,0,0,3036
1578,3000,33,2000,500,835,0,0,0,0,0,0,0,0,0,0,-33.150001525878906,-1,0,0,0,85.75,0,0,0,0,0,0,3036
1579,3000,34,2000,500,835,0,0,0,0,0,0,0,0,0,0,-33.150001525878906,-1,0,0,0,85.75,0,0,0,0,0,0,3036
1580,3000,35,2000,500,835,0,0,0,0,0,0,0,0,0,0,-33.150001525878906,-1,0,0,0,85.75,0,0,0,0,0,0,3036
1581,3000,36,2000,500,835,0,0,0,0,0,0,0,0,0,0,-33.150001525878906,-1,0,0,0,85.75,0,0,0,0,0,0,3036
1582,3000,37,2000,500,835,0,0,0,0,0,0,0,0,0,0,-33.150001525878906,-1,0,0,0,85.75,0,0,0,0,0,0,3036
1583,3000,38,2000,500,835,0,0,0,0,0,0,0,0,0,0,-33.150001525878906,-1,0,0,0,85.75,0,0,0,0,0,0,3036
1584,3000,39,2000,500,835,0,0,0,0,0,0,0,0,0,0,-33.150001525878906,-1,0,0,0,85.75,0,0,0,0,0,0,3036
1585,3000,40,2000,500,835,0,0,0,0,0,0,0,0,0,0,-33.150001525878906,-1,0,0,0,85.75,0,0,0,0,0,0,3036
1586,3000,41,2000,500,835,0,0,0,0,0,0,0,0,0,0,-33.150001525878906,-1,0,0,0,85.75,0,0,0,0,0,0,3036
1587,3000,42,2000,500,835,0,0,0,0,0,0,0,0,0,0,-33.150001525878906,-1,0,0,0,85.75,0,0,0,0,0,0,3036
1588,3000,43,2000,500,835,0,0,0,0,0,0,0,0,0,0,-33.150001525878906,-1,0,0,0,85.75,0,0,0,0,0,0,3036
1589,3000,44,2000,500,835,0,0,0,0,0,0,0,0,0,0,-33.150001525878906,-1,0,0,0,85.75,0,0,0,0,0,0,3036
1590,3000,45,2000,500,835,0,0,0,0,0,0,0,0,0,0,-33.150001525878906,-1,0,0,0,85.75,0,0,0,0,0,0,3036
1591,3000,46,2000,500,835,0,0,0,0,0,0,0,0,0,0,-33.150001525878906,-1,0,0,0,85.75,0,0,0,0,0,0,3036
1592,3000,47,2000,500,835,0,0,0,0,0,0,0,0,0,0,-33.150001525878906,-1,0,0,0,85.75,0,0,0,0,0,0,3036
1593,3000,48,2000,500,835,0,0,0,0,0,0,0,0,0,0,-33.150001525878906,-1,0,0,0,85.75,0,0,0,0,0,0,3036
1594,3000,49,2000,500,835,0,0,0,0,0,0,0,0,0,0,-30.900001525878906,-1,0,0,0,85.75,0,0,0,0,0,0,3036
1595,3000,50,2000,500,835,0,0,0,0,0,0,0,0,0,0,-26.900001525878906,-1,0,0,0,83.5,0,0,0,0,0,0,3036
1596,3000,51,2000,500,835,0,0,0,0,0,0,0,0,0,0,-22.900001525878906,-1,0,0,0,79.5,0,0,0,0,0,0,3036
1597,3000,52,2000,500,835,0,0,0,0,0,0,0,0,0,0,-18.900001525878906,-1,0,0,0,75.5,0,0,0,0,0,0,3036
1598,3000,53,2000,500,835,0,0,0,0,0,0,0,0,0,0,-14.900001525878906,-1,0,0,0,71.5,0,0,0,0,0,0,3036
1599,3000,54,2000,500,835,0,0,0,0,0,0,0,0,0,0,-10.900001525878906,-1,0,0,0,67.5,0,0,0,0,0,0,3036
1600,0,1,2000,500,835,0,0,0,0,0,0,0,0,0,0,-6.900001525878906,-1,0,0,0,63.5,0,0,0,0,0,0,3036
1601,0,2,2000,500,835,0,0,0,0,0,0,0,0,0,0,-2.9000015258789062,-1,0,0,0,59.5,0,0,0,0,0,0,3036
1602,0,3,2000,500,835,0,0,0,0,0,0,0,0,0,0,1.0999984741210938,-1,0,0,0,55.5,0,0,0,0,0,0,3036
1603,0,4,2000,500,835,0,0,0,0,0,0,0,0,0,0,5.099998474121094,-1,0,0,0,51.5,0,0,0,0,0,0,3036
1604,0,5,2000,500,835,0,0,0,0,0,0,0,0,0,0,9.099998474121094,-1,0,0,0,47.5,0,0,0,0,0,0,3036
1605,0,6,2000,500,835,0,0,0,0,0,0,0,0,0,0,13.099998474121094,-1,0,0,0,43.5,0,0,0,0,0,0,3036
1606,0,7,2000,500,835,0,0,0,0,0,0,0,0,0,0,17.099998474121094,-1,0,0,0,39.5,0,0,0,0,0,0,3036
1607,0,8,2000,500,835,0,0,0,0,0,0,0,0,0,0,21.099998474121094,-1,0,0,0,35.5,0,0,0,0,0,0,3036
1608,0,9,2000,500,835,0,0,0,0,0,0,0,0,0,0,25.099998474121094,-1,0,0,0,31.5,0,0,0,0,0,0,3036
1609,0,10,2000,500,835,0,0,0,0,0,0,0,0,0,0,29.099998474121094,-1,0,0,0,27.5,0,0,0,0,0,0,3036
1610,0,11,2000,500,835,0,0,0,0,0,0,0,0,0,0,33.099998474121094,-1,0,0,0,23.5,0,0,0,0,0,0,3036
1611,0,12,2000,500,835,0,0,0,0,0,0,0,0,0,0,37.099998474121094,-1,0,0,0,19.5,0,0,0,0,0,0,3036
1612,0,13,2000,500,835,0,0,0,0,0,0,0,0,0,0,41.099998474121094,-1,0,0,0,15.5,0,0,0,0,0,0,3036
1613,0,14,2000,500,835,0,0,0,0,0,0,0,0,0,0,45.099998474121094,-1,0,0,0,11.5,0,0,0,0,0,0,3036
1614,0,15,2000,500,835,0,0,0,0,0,0,0,0,0,0,49.099998474121094,-1,0,0,0,7.5,0,0,0,0,0,0,3036
1615,0,16,2000,500,835,0,0,0,0,0,0,0,0,0,0,53.099998474121094,-1,0,0,0,3.5,0,0,0,0,0,0,3036
1616,0,17,2000,500,835,0,0,0,0,0,0,0,0,0,0,57.099998474121094,-1,0,0,0,-0.5,0,0,0,0,0,0,3036
1617,0,18,2000,500,835,0,0,0,0,0,0,0,0,0,0,61.099998474121094,-1,0,0,0,-4.5,0,0,0,0,0,0,3036
1618,0,19,2000,500,835,0,0,0,0,0,0,0,0,0,0,65.0999984741211,-1,0,0,0,-8.5,0,0,0,0,0,0,3036
1619,0,20,2000,500,835,0,0,0,0,0,0,0,0,0,0,69.0999984741211,-1,0,0,0,-12.5,0,0,0,0,0,0,3036
1620,0,21,2000,500,835,0,0,0,0,0,0,0,0,0,0,73.0999984741211,-1,0,0,0,-16.5,0,0,0,0,0,0,3036
1621,0,22,2000,500,835,0,0,0,0,0,0,0,0,0,0,77.0999984741211,-1,0,0,0,-20.5,0,0,0,0,0,0,3036
1622,0,23,2000,500,835,0,0,0,0,0,0,0,0,0,0,81.0999984741211,-1,0,0,0,-24.5,0,0,0,0,0,0,3036
1623,0,24,2000,500,835,0,0,0,0,0,0,0,0,0,0,85.0999984741211,-1,0,0,0,-28.5,0,0,0,0,0,0,3036
1624,0,25,2000,500,835,0,0,0,0,0,0,0,0,0,0,89.0999984741211,-1,0,0,0,-32.5,0,0,0,0,0,0,3036
1625,0,26,2000,500,835,0,0,0,0,0,0,0,0,0,0,93.0999984741211,-1,0,0,0,-36.5,0,0,0,0,0,0,3036
1626,0,27,2000,500,835,0,0,0,0,0,0,0,0,0,0,97.0999984741211,-1,0,0,0,-40.5,0,0,0,0,0,0,3036
1627,0,28,2000,500,835,0,0,0,0,0,0,0,0,0,0,97.0999984741211,-1,0,0,0,-44.5,0,0,0,0,0,0,3036
1628,0,29,2000,500,835,0,0,0,0,0,0,0,0,0,0,97.0999984741211,-1,0,0,0,-44.5,0,0,0,0,0,0,3036
1629,0,30,2000,500,835,0,0,0,0,0,0,0,0,0,0,97.0999984741211,-1,0,0,0,-44.5,0,0,0,0,0,0,3036
1630,0,31,2000,500,835,0,0,0,0,0,0,0,0,0,0,97.0999984741211,-1,0,0,0,-44.5,0,0,0,0,0,0,3036
1631,0,32,2000,500,835,0,0,0,0,0,0,0,0,0,0,97.0999984741211,-1,0,0,0,-44.5,0,0,0,0,0,0,3036
1632,0,33,2000,500,835,0,0,0,0,0,0,0,0,0,0,97.0999984741211,-1,0,0,0,-44.5,0,0,0,0,0,0,3036
1633,0,34,2000,500,835,0,0,0,0,0,0,0,0,0,0,97.0999984741211,-1,0,0,0,-44.5,0,0,0,0,0,0,3036
1634,0,35,2000,500,835,0,0,0,0,0,0,0,0,0,0,97.0999984741211,-1,0,0,0,-44.5,0,0,0,0,0,0,3036
1635,0,36,2000,500,835,0,0,0,0,0,0,0,0,0,0,100.0999984741211,-1,0,0,0,-44.5,0,0,0,0,0,0,3036
1636,0,37,2000,500,835,0,0,0,0,0,0,0,0,0,0,103.0999984741211,-1,0,0,0,-47.5,0,0,0,0,0,0,3036
1637,0,38,2000,500,835,0,0,0,0,0,0,0,0,0,0,106.0999984741211,-1,0,0,0,-50.5,0,0,0,0,0,0,3036
1638,0,39,2000,500,835,0,0,0,0,0,0,0,0,0,0,109.0999984741211,-1,0,0,0,-53.5,0,0,0,0,0,0,3036
1639,0,40,2000,500,835,0,0,0,0,0,0,0,0,0,0,111.0999984741211,-1,0,0,0,-56.5,0,0,0,0,0,0,3036
1640,0,41,2000,500,835,0,0,0,0,0,0,0,0,0,0,112.5999984741211,-1,0,0,0,-58.5,0,0,0,0,0,0,3036
1641,0,42,2000,500,835,0,0,0,0,0,0,0,0,0,0,114.0999984741211,-1,0,0,0,-60,0,0,0,0,0,0,3036
1642,0,43,2000,500,835,0,0,0,0,0,0,0,0,0,0,115.5999984741211,-1,0,0,0,-61.5,0,0,0,0,0,0,3036
1643,0,44,2000,500,835,0,0,0,0,0,0,0,0,0,0,117.0999984741211,-1,0,0,0,-63,0,0,0,0,0,0,3036
1644,0,45,2000,500,835,0,0,0,0,0,0,0,0,0,0,118.5999984741211,-1,0,0,0,-64.5,0,0,0,0,0,0,3036
1645,0,46,2000,500,835,0,0,0,0,0,0,0,0,0,0,120.0999984741211,-1,0,0,0,-66,0,0,0,0,0,0,3036
1646,0,47,2000,500,835,0,0,0,0,0,0,0,0,0,0,121.5999984741211,-1,0,0,0,-67.5,0,0,0,0,0,0,3036
1647,0,48,2000,500,835,0,0,0,0,0,0,0,0,0,0,123.0999984741211,-1,0,0,0,-69,0,0,0,0,0,0,3036
1648,0,49,2000,500,835,0,0,0,0,0,0,0,0,0,0,124.5999984741211,-1,0,0,0,-70.5,0,0,0,0,0,0,3036
1649,0,50,2000,500,835,0,0,0,0,0,0,0,0,0,0,126.0999984741211,-1,0,0,0,-72,0,0,0,0,0,0,3036
1650,0,51,2000,500,835,0,0,0,0,0,0,0,0,0,0,127.5999984741211,-1,0,0,0,-73.5,0,0,0,0,0,0,3036
1651,0,52,2000,500,835,0,0,0,0,0,0,0,0,0,0,129.10000610351562,-1,0,0,0,-75,0,0,0,0,0,0,3036
1652,0,53,2000,500,835,0,0,0,0,0,0,0,0,0,0,130.60000610351562,-1,0,0,0,-76.5,0,0,0,0,0,0,3036
1653,0,54,2000,500,835,0,0,0,0,0,0,0,0,0,0,132.10000610351562,-1,0,0,0,-78,0,0,0,0,0,0,3036
1654,0,55,2000,500,835,0,0,0,0,0,0,0,0,0,0,133.60000610351562,-1,0,0,0,-79.5,0,0,0,0,0,0,3036
1655,0,56,2000,500,835,0,0,0,0,0,0,0,0,0,0,134.85000610351562,-1,0,0,0,-81,0,0,0,0,0,0,3036
1656,0,57,2000,500,835,0,0,0,0,0,0,0,0,0,0,135.85000610351562,-1,0,0,0,-82.25,0,0,0,0,0,0,3036
1657,0,58,2000,500,835,0,0,0,0,0,0,0,0,0,0,136.85000610351562,-1,0,0,0,-83.25,0,0,0,0,0,0,3036
1658,0,59,2000,500,835,0,0,0,0,0,0,0,0,0,0,137.60000610351562,-1,0,0,0,-84.25,0,0,0,0,0,0,3036
1659,0,60,2000,500,835,0,0,0,0,0,0,0,0,0,0,138.35000610351562,-1,0,0,0,-85,0,0,0,0,0,0,3036
1660,0,61,2000,500,835,0,0,0,0,0,0,0,0,0,0,138.85000610351562,-1,0,0,0,-85.75,0,0,0,0,0,0,3036
1661,0,62,2000,500,835,0,0,0,0,0,0,0,0,0,0,139.35000610351562,-1,0,0,0,-86.25,0,0,0,0,0,0,3036
1662,0,63,2000,500,835,0,0,0,0,0,0,0,0,0,0,139.60000610351562,-1,0,0,0,-86.75,0,0,0,0,0,0,3036
1663,0,64,2000,500,835,0,0,0,0,0,0,0,0,0,0,140.10000610351562,-1,0,0,0,-87,0,0,0,0,0,0,3036
1664,0,65,2000,500,835,0,0,0,0,0,0,0,0,0,0,140.35000610351562,-1,0,0,0,-87.5,0,0,0,0,0,0,3036
1665,0,66,2000,500,835,0,0,0,0,0,0,0,0,0,0,140.60000610351562,-1,0,0,0,-87.75,0,0,0,0,0,0,3036
1666,0,67,2000,500,835,0,0,0,0,0,0,0,0,0,0,140.85000610351562,-1,0,0,0,-88,0,0,0,0,0,0,3036
1667,0,68,2000,500,835,0,0,0,0,0,0,0,0,0,0,140.85000610351562,-1,0,0,0,-88.25,0,0,0,0,0,0,3036
1668,0,69,2000,500,835,0,0,0,0,0,0,0,0,0,0,141.10000610351562,-1,0,0,0,-88.25,0,0,0,0,0,0,3036
1669,0,70,2000,500,835,0,0,0,0,0,0,0,0,0,0,141.35000610351562,-1,0,0,0,-88.5,0,0,0,0,0,0,3036
1670,0,71,2000,500,835,0,0,0,0,0,0,0,0,0,0,141.35000610351562,-1,0,0,0,-88.75,0,0,0,0,0,0,3036
1671,0,72,2000,500,835,0,0,0,0,0,0,0,0,0,0,141.35000610351562,-1,0,0,0,-88.75,0,0,0,0,0,0,3036
1672,0,73,2000,500,835,0,0,0,0,0,0,0,0,0,0,141.60000610351562,-1,0,0,0,-88.75,0,0,0,0,0,0,3036
1673,0,74,2000,500,835,0,0,0,0,0,0,0,0,0,0,141.60000610351562,-1,0,0,0,-89,0,0,0,0,0,0,3036
1674,0,75,2000,500,835,0,0,0,0,0,0,0,0,0,0,141.60000610351562,-1,0,0,0,-89,0,0,0,0,0,0,3036
1675,0,76,2000,500,835,0,0,0,0,0,0,0,0,0,0,141.60000610351562,-1,0,0,0,-89,0,0,0,0,0,0,3036
1676,0,77,2000,500,835,0,0,0,0,0,0,0,0,0,0,141.60000610351562,-1,0,0,0,-89,0,0,0,0,0,0,3036
1677,0,78,2000,500,835,0,0,0,0,0,0,0,0,0,0,141.60000610351562,-1,0,0,0,-89,0,0,0,0,0,0,3036
1678,0,79,2000,500,835,0,0,0,0,0,0,0,0,0,0,141.60000610351562,-1,0,0,0,-89,0,0,0,0,0,0,3036
1679,0,80,2000,500,835,0,0,0,0,0,0,0,0,0,0,141.60000610351562,-1,0,0,0,-89,0,0,0,0,0,0,3036
1680,0,81,2000,500,835,0,0,0,0,0,0,0,0,0,0,141.60000610351562,-1,0,0,0,-89,0,0,0,0,0,0,3036
1681,0,82,2000,500,835,0,0,0,0,0,0,0,0,0,0,141.60000610351562,-1,0,0,0,-89,0,0,0,0,0,0,3036
1682,0,83,2000,500,835,0,0,0,0,0,0,0,0,0,0,141.60000610351562,-1,0,0,0,-89,0,0,0,0,0,0,3036
1683,0,84,2000,500,835,0,0,0,0,0,0,0,0,0,0,141.60000610351562,-1,0,0,0,-89,0,0,0,0,0,0,3036
1684,0,85,2000,500,835,0,0,0,0,0,0,0,0,0,0,141.60000610351562,-1,0,0,0,-89,0,0,0,0,0,0,3036
1685,0,86,2000,500,835,0,0,0,0,0,0,0,0,0,0,141.60000610351562,-1,0,0,0,-89,0,0,0,0,0,0,3036
1686,0,87,2000,500,835,0,0,0,0,0,0,0,0,0,0,141.60000610351562,-1,0,0,0,-89,0,0,0,0,0,0,3036
1687,0,88,2000,500,835,0,0,0,0,0,0,0,0,0,0,141.60000610351562,-1,0,0,0,-89,0,0,0,0,0,0,3036
1688,0,89,2000,500,835,0,0,0,0,0,0,0,0,0,0,141.60000610351562,-1,0,0,0,-89,0,0,0,0,0,0,3036
1689,0,90,2000,500,835,0,0,0,0,0,0,0,0,0,0,141.60000610351562,-1,0,0,0,-89,0,0,0,0,0,0,3036
1690,0,91,2000,500,835,0,0,0,0,0,0,0,0,0,0,141.60000610351562,-1,0,0,0,-89,0,0,0,0,0,0,3036
1691,0,92,2000,500,835,0,0,0,0,0,0,0,0,0,0,141.60000610351562,-1,0,0,0,-89,0,0,0,0,0,0,3036
1692,0,93,2000,500,835,0,0,0,0,0,0,0,0,0,0,141.60000610351562,-1,0,0,0,-89,0,0,0,0,0,0,3036
1693,0,94,2000,500,835,0,0,0,0,0,0,0,0,0,0,141.60000610351562,-1,0,0,0,-89,0,0,0,0,0,0,3036
1694,0,95,2000,500,835,0,0,0,0,0,0,0,0,0,0,141.60000610351562,-1,0,0,0,-89,0,0,0,0,0,0,3036
1695,0,96,2000,500,835,0,0,0,0,0,0,0,0,0,0,141.60000610351562,-1,0,0,0,-89,0,0,0,0,0,0,3036
1696,0,97,2000,500,835,0,0,0,0,0,0,0,0,0,0,141.60000610351562,-1,0,0,0,-89,0,0,0,0,0,0,3036
1697,0,98,2000,500,835,0,0,0,0,0,0,0,0,0,0,141.60000610351562,-1,0,0,0,-89,0,0,0,0,0,0,3036
1698,0,99,2000,500,835,0,0,0,0,0,0,0,0,0,0,141.60000610351562,-1,0,0,0,-89,0,0,0,0,0,0,3036
1699,0,100,2000,500,835,0,0,0,0,0,0,0,0,0,0,141.60000610351562,-1,0,0,0,-89,0,0,0,0,0,0,3036
1700,0,101,2000,500,835,0,0,0,0,0,0,0,0,0,0,141.60000610351562,-1,0,0,0,-89,0,0,0,0,0,0,3036
1701,0,102,2000,500,835,0,0,0,0,0,0,0,0,0,0,141.60000610351562,-1,0,0,0,-89,0,0,0,0,0,0,3036
1702,0,103,2000,500,835,0,0,0,0,0,0,0,0,0,0,141.60000610351562,-1,0,0,0,-89,0,0,0,0,0,0,3036
1703,0,104,2000,500,835,0,0,0,0,0,0,0,0,0,0,141.60000610351562,-1,0,0,0,-89,0,0,0,0,0,0,3036
1704,0,105,2000,500,835,0,0,0,0,0,0,0,0,0,0,141.60000610351562,-1,0,0,0,-89,0,0,0,0,0,0,3036
1705,0,106,2000,500,835,0,0,0,0,0,0,0,0,0,0,141.60000610351562,-1,0,0,0,-89,0,0,0,0,0,0,3036
1706,0,107,2000,500,835,0,0,0,0,0,0,0,0,0,0,141.60000610351562,-1,0,0,0,-89,0,0,0,0,0,0,3036
1707,0,108,2000,500,835,0,0,0,0,0,0,0,0,0,0,141.60000610351562,-1,0,0,0,-89,0,0,0,0,0,0,3036
1708,0,109,2000,500,835,0,0,0,0,0,0,0,0,0,0,141.60000610351562,-1,0,0,0,-89,0,0,0,0,0,0,3036
1709,0,110,2000,500,835,0,0,0,0,0,0,0,0,0,0,141.60000610351562,-1,0,0,0,-89,0,0,0,0,0,0,3036
1710,0,111,2000,500,835,0,0,0,0,0,0,0,0,0,0,141.60000610351562,-1,0,0,0,-89,0,0,0,0,0,0,3036
1711,0,112,2000,500,835,0,0,0,0,0,0,0,0,0,0,141.60000610351562,-1,0,0,0,-89,0,0,0,0,0,0,3036
1712,0,113,2000,500,835,0,0,0,0,0,0,0,0,0,0,141.60000610351562,-1,0,0,0,-89,0,0,0,0,0,0,3036
1713,0,114,2000,500,835,0,0,0,0,0,0,0,0,0,0,141.60000610351562,-1,0,0,0,-89,0,0,0,0,0,0,3036
1714,0,115,2000,500,835,0,0,0,0,0,0,0,0,0,0,141.60000610351562,-1,0,0,0,-89,0,0,0,0,0,0,3036
1715,0,116,2000,500,835,0,0,0,0,0,0,0,0,0,0,141.60000610351562,-1,0,0,0,-89,0,0,0,0,0,0,3036
1716,0,117,2000,500,835,0,0,0,0,0,0,0,0,0,0,141.60000610351562,-1,0,0,0,-89,0,0,0,0,0,0,3036
1717,0,118,2000,500,835,0,0,0,0,0,0,0,0,0,0,141.60000610351562,-1,0,0,0,-89,0,0,0,0,0,0,3036
1718,0,119,2000,500,835,0,0,0,0,0,0,0,0,0,0,141.60000610351562,-1,0,0,0,-89,0,0,0,0,0,0,3036
1719,0,120,2000,500,835,0,0,0,0,0,0,0,0,0,0,141.60000610351562,-1,0,0,0,-89,0,0,0,0,0,0,3036
1720,0,121,2000,500,835,0,0,0,0,0,0,0,0,0,0,141.60000610351562,-1,0,0,0,-89,0,0,0,0,0,0,3036
1721,0,122,2000,500,835,0,0,0,0,0,0,0,0,0,0,141.60000610351562,-1,0,0,0,-89,0,0,0,0,0,0,3036
1722,0,123,2000,500,835,0,0,0,0,0,0,0,0,0,0,141.60000610351562,-1,0,0,0,-89,0,0,0,0,0,0,3036
1723,0,124,2000,500,835,0,0,0,0,0,0,0,0,0,0,141.60000610351562,-1,0,0,0,-89,0,0,0,0,0,0,3036
1724,0,125,2000,500,835,0,0,0,0,0,0,0,0,0,0,141.60000610351562,-1,0,0,0,-89,0,0,0,0,0,0,3036
1725,0,126,2000,500,835,0,0,0,0,0,0,0,0,0,0,141.60000610351562,-1,0,0,0,-89,0,0,0,0,0,0,3036
1726,0,127,2000,500,835,0,0,0,0,0,0,0,0,0,0,141.60000610351562,-1,0,0,0,-89,0,0,0,0,0,0,3036
1727,0,128,2000,500,835,0,0,0,0,0,0,0,0,0,0,141.60000610351562,-1,0,0,0,-89,0,0,0,0,0,0,3036
1728,0,129,2000,500,835,0,0,0,0,0,0,0,0,0,0,141.60000610351562,-1,0,0,0,-89,0,0,0,0,0,0,3036
1729,0,130,2000,500,835,0,0,0,0,0,0,0,0,0,0,141.60000610351562,-1,0,0,0,-89,0,0,0,0,0,0,3036
1730,0,131,2000,500,835,0,0,0,0,0,0,0,0,0,0,141.60000610351562,-1,0,0,0,-89,0,0,0,0,0,0,3036
1731,0,132,2000,500,835,0,0,0,0,0,0,0,0,0,0,141.60000610351562,-1,0,0,0,-89,0,0,0,0,0,0,3036
1732,0,133,2000,500,835,0,0,0,0,0,0,0,0,0,0,141.60000610351562,-1,0,0,0,-89,0,0,0,0,0,0,3036
1733,0,134,2000,500,835,0,0,0,0,0,0,0,0,0,0,141.60000610351562,-1,0,0,0,-89,0,0,0,0,0,0,3036
1734,0,135,2000,500,835,0,0,0,0,0,0,0,0,0,0,141.60000610351562,-1,0,0,0,-89,0,0,0,0,0,0,3036
1735,0,136,2000,500,835,0,0,0,0,0,0,0,0,0,0,141.60000610351562,-1,0,0,0,-89,0,0,0,0,0,0,3036
1736,0,137,2000,500,835,0,0,0,0,0,0,0,0,0,0,141.60000610351562,-1,0,0,0,-89,0,0,0,0,0,0,3036
1737,0,138,2000,500,835,0,0,0,0,0,0,0,0,0,0,141.60000610351562,-1,0,0,0,-89,0,0,0,0,0,0,3036
1738,0,139,2000,500,835,0,0,0,0,0,0,0,0,0,0,141.60000610351562,-1,0,0,0,-89,0,0,0,0,0,0,3036
1739,0,140,2000,500,835,0,0,0,0,0,0,0,0,0,0,141.60000610351562,-1,0,0,0,-89,0,0,0,0,0,0,3036
1740,0,141,2000,500,835,0,0,0,0,0,0,0,0,0,0,141.60000610351562,-1,0,0,0,-89,0,0,0,0,0,0,3036
1741,0,142,2000,500,835,0,0,0,0,0,0,0,0,0,0,141.60000610351562,-1,0,0,0,-89,0,0,0,0,0,0,3036
1742,0,143,2000,500,835,0,0,0,0,0,0,0,0,0,0,141.60000610351562,-1,0,0,0,-89,0,0,0,0,0,0,3036
1743,0,144,2000,500,835,0,0,0,0,0,0,0,0,0,0,141.60000610351562,-1,0,0,0,-89,0,0,0,0,0,0,3036
1744,0,145,2000,500,835,0,0,0,0,0,0,0,0,0,0,141.60000610351562,-1,0,0,0,-89,0,0,0,0,0,0,3036
1745,0,146,2000,500,835,0,0,0,0,0,0,0,0,0,0,141.60000610351562,-1,0,0,0,-89,0,0,0,0,0,0,3036
1746,0,147,2000,500,835,0,0,0,0,0,0,0,0,0,0,141.60000610351562,-1,0,0,0,-89,0,0,0,0,0,0,3036
1747,0,148,2000,500,835,0,0,0,0,0,0,0,0,0,0,141.60000610351562,-1,0,0,0,-89,0,0,0,0,0,0,3036
1748,0,149,2000,500,835,0,0,0,0,0,0,0,0,0,0,141.60000610351562,-1,0,0,0,-89,0,0,0,0,0,0,3036
1749,0,150,2000,500,835,0,0,0,0,0,0,0,0,0,0,141.60000610351562,-1,0,0,0,-89,0,0,0,0,0,0,3036
1750,0,151,2000,500,835,0,0,0,0,0,0,0,0,0,0,141.60000610351562,-1,0,0,0,-89,0,0,0,0,0,0,3036
1751,0,152,2000,500,835,0,0,0,0,0,0,0,0,0,0,141.60000610351562,-1,0,0,0,-89,0,0,0,0,0,0,3036
1752,0,153,2000,500,835,0,0,0,0,0,0,0,0,0,0,141.60000610351562,-1,0,0,0,-89,0,0,0,0,0,0,3036
1753,0,154,2000,500,835,0,0,0,0,0,0,0,0,0,0,141.60000610351562,-1,0,0,0,-89,0,0,0,0,0,0,3036
1754,0,155,2000,500,835,0,0,0,0,0,0,0,0,0,0,141.60000610351562,-1,0,0,0,-89,0,0,0,0,0,0,3036
1755,0,156,2000,500,835,0,0,0,0,0,0,0,0,0,0,141.60000610351562,-1,0,0,0,-89,0,0,0,0,0,0,3036
1756,0,157,2000,500,835,0,0,0,0,0,0,0,0,0,0,141.60000610351562,-1,0,0,0,-89,0,0,0,0,0,0,3036
1757,0,158,2000,500,835,0,0,0,0,0,0,0,0,0,0,141.60000610351562,-1,0,0,0,-89,0,0,0,0,0,0,3036
1758,0,159,2000,500,835,0,0,0,0,0,0,0,0,0,0,141.60000610351562,-1,0,0,0,-89,0,0,0,0,0,0,3036
1759,0,160,2000,500,835,0,0,0,0,0,0,0,0,0,0,141.60000610351562,-1,0,0,0,-89,0,0,0,0,0,0,3036
1760,0,161,2000,500,835,0,0,0,0,0,0,0,0,0,0,141.60000610351562,-1,0,0,0,-89,0,0,0,0,0,0,3036
1761,0,162,2000,500,835,0,0,0,0,0,0,0,0,0,0,141.60000610351562,-1,0,0,0,-89,0,0,0,0,0,0,3036
1762,0,163,2000,500,835,0,0,0,0,0,0,0,0,0,0,141.60000610351562,-1,0,0,0,-89,0,0,0,0,0,0,3036
1763,0,164,2000,500,835,0,0,0,0,0,0,0,0,0,0,141.60000610351562,-1,0,0,0,-89,0,0,0,0,0,0,3036
1764,0,165,2000,500,835,0,0,0,0,0,0,0,0,0,0,141.60000610351562,-1,0,0,0,-89,0,0,0,0,0,0,3036
1765,0,166,2000,500,835,0,0,0,0,0,0,0,0,0,0,141.60000610351562,-1,0,0,0,-89,0,0,0,0,0,0,3036
1766,0,167,2000,500,835,0,0,0,0,0,0,0,0,0,0,141.60000610351562,-1,0,0,0,-89,0,0,0,0,0,0,3036
1767,0,168,2000,500,835,0,0,0,0,0,0,0,0,0,0,141.60000610351562,-1,0,0,0,-89,0,0,0,0,0,0,3036
1768,0,169,2000,500,835,0,0,0,0,0,0,0,0,0,0,141.60000610351562,-1,0,0,0,-89,0,0,0,0,0,0,3036
1769,0,170,2000,500,835,0,0,0,0,0,0,0,0,0,0,141.60000610351562,-1,0,0,0,-89,0,0,0,0,0,0,3036
1770,0,171,2000,500,835,0,0,0,0,0,0,0,0,0,0,141.60000610351562,-1,0,0,0,-89,0,0,0,0,0,0,3036
1771,0,172,2000,500,835,0,0,0,0,0,0,0,0,0,0,141.60000610351562,-1,0,0,0,-89,0,0,0,0,0,0,3036
1772,0,173,2000,500,835,0,0,0,0,0,0,0,0,0,0,141.60000610351562,-1,0,0,0,-89,0,0,0,0,0,0,3036
1773,0,174,2000,500,835,0,0,0,0,0,0,0,0,0,0,141.60000610351562,-1,0,0,0,-89,0,0,0,0,0,0,3036
1774,0,175,2000,500,835,0,0,0,0,0,0,0,0,0,0,141.60000610351562,-1,0,0,0,-89,0,0,0,0,0,0,3036
1775,0,176,2000,500,835,0,0,0,0,0,0,0,0,0,0,141.60000610351562,-1,0,0,0,-89,0,0,0,0,0,0,3036
1776,0,177,2000,500,835,0,0,0,0,0,0,0,0,0,0,141.60000610351562,-1,0,0,0,-89,0,0,0,0,0,0,3036
1777,0,178,2000,500,835,0,0,0,0,0,0,0,0,0,0,141.60000610351562,-1,0,0,0,-89,0,0,0,0,0,0,3036
1778,0,179,2000,500,835,0,0,0,0,0,0,0,0,0,0,141.60000610351562,-1,0,0,0,-89,0,0,0,0,0,0,3036
1779,0,180,2000,500,835,0,0,0,0,0,0,0,0,0,0,141.60000610351562,-1,0,0,0,-89,0,0,0,0,0,0,3036
1780,0,181,2000,500,835,0,0,0,0,0,0,0,0,0,0,141.60000610351562,-1,0,0,0,-89,0,0,0,0,0,0,3036
1781,0,182,2000,500,835,0,0,0,0,0,0,0,0,0,0,141.60000610351562,-1,0,0,0,-89,0,0,0,0,0,0,3036
1782,0,183,2000,500,835,0,0,0,0,0,0,0,0,0,0,141.60000610351562,-1,0,0,0,-89,0,0,0,0,0,0,3036
1783,0,184,2000,500,835,0,0,0,0,0,0,0,0,0,0,141.60000610351562,-1,0,0,0,-89,0,0,0,0,0,0,3036
1784,0,185,2000,500,835,0,0,0,0,0,0,0,0,0,0,141.60000610351562,-1,0,0,0,-89,0,0,0,0,0,0,3036
1785,0,186,2000,500,835,0,0,0,0,0,0,0,0,0,0,141.60000610351562,-1,0,0,0,-89,0,0,0,0,0,0,3036
1786,0,187,2000,500,835,0,0,0,0,0,0,0,0,0,0,141.60000610351562,-1,0,0,0,-89,0,0,0,0,0,0,3036
1787,0,188,2000,500,835,0,0,0,0,0,0,0,0,0,0,141.60000610351562,-1,0,0,0,-89,0,0,0,0,0,0,3036
1788,0,189,2000,500,835,0,0,0,0,0,0,0,0,0,0,141.60000610351562,-1,0,0,0,-89,0,0,0,0,0,0,3036
1789,0,190,2000,500,835,0,0,0,0,0,0,0,0,0,0,141.60000610351562,-1,0,0,0,-89,0,0,0,0,0,0,3036
1790,0,191,2000,500,835,0,0,0,0,0,0,0,0,0,0,141.60000610351562,-1,0,0,0,-89,0,0,0,0,0,0,3036
1791,0,192,2000,500,835,0,0,0,0,0,0,0,0,0,0,141.60000610351562,-1,0,0,0,-89,0,0,0,0,0,0,3036
1792,0,193,2000,500,835,0,0,0,0,0,0,0,0,0,0,141.60000610351562,-1,0,0,0,-89,0,0,0,0,0,0,3036
1793,0,194,2000,500,835,0,0,0,0,0,0,0,0,0,0,141.60000610351562,-1,0,0,0,-89,0,0,0,0,0,0,3036
1794,0,195,2000,500,835,0,0,0,0,0,0,0,0,0,0,141.60000610351562,-1,0,0,0,-89,0,0,0,0,0,0,3036
1795,0,196,2000,500,835,0,0,0,0,0,0,0,0,0,0,141.60000610351562,-1,0,0,0,-89,0,0,0,0,0,0,3036
1796,0,197,2000,500,835,0,0,0,0,0,0,0,0,0,0,141.60000610351562,-1,0,0,0,-89,0,0,0,0,0,0,3036
1797,0,198,2000,500,835,0,0,0,0,0,0,0,0,0,0,141.60000610351562,-1,0,0,0,-89,0,0,0,0,0,0,3036
1798,0,199,2000,500,835,0,0,0,0,0,0,0,0,0,0,141.60000610351562,-1,0,0,0,-89,0,0,0,0,0,0,3036
1799,0,200,2000,500,835,0,0,0,0,0,0,0,0,0,0,141.60000610351562,-1,0,0,0,-89,0,0,0,0,0,0,3036
1800,0,201,2000,500,835,0,0,0,0,0,0,0,0,0,0,141.60000610351562,-1,0,0,0,-89,0,0,0,0,0,0,3036
1801,0,202,2000,500,835,0,0,0,0,0,0,0,0,0,0,141.60000610351562,-1,0,0,0,-89,0,0,0,0,0,0,3036
1802,0,203,2000,500,835,0,0,0,0,0,0,0,0,0,0,141.60000610351562,-1,0,0,0,-89,0,0,0,0,0,0,3036
1803,0,204,2000,500,835,0,0,0,0,0,0,0,0,0,0,141.60000610351562,-1,0,0,0,-89,0,0,0,0,0,0,3036
1804,0,205,2000,500,835,0,0,0,0,0,0,0,0,0,0,141.60000610351562,-1,0,0,0,-89,0,0,0,0,0,0,3036
1805,0,206,2000,500,835,0,0,0,0,0,0,0,0,0,0,141.60000610351562,-1,0,0,0,-89,0,0,0,0,0,0,3036
1806,0,207,2000,500,835,0,0,0,0,0,0,0,0,0,0,141.60000610351562,-1,0,0,0,-89,0,0,0,0,0,0,3036
1807,0,208,2000,500,835,0,0,0,0,0,0,0,0,0,0,141.60000610351562,-1,0,0,0,-89,0,0,0,0,0,0,3036
1808,0,209,2000,500,835,0,0,0,0,0,0,0,0,0,0,141.60000610351562,-1,0,0,0,-89,0,0,0,0,0,0,3036
1809,0,210,2000,500,835,0,0,0,0,0,0,0,0,0,0,141.60000610351562,-1,0,0,0,-89,0,0,0,0,0,0,3036
1810,0,1,3000,500,1000,0,0,0,0,0,0,0,0,0,0,64,1,0,0,0,-89,0,0,0,0,0,0,1000
1811,0,2,3000,500,1000,0,0,0,0,0,0,0,0,0,0,64,1,0,0,0,-89,0,0,0,0,0,0,1000
1812,0,3,3000,500,1000,0,0,0,0,0,0,0,0,0,0,64,1,0,0,0,-89,0,0,0,0,0,0,1000
1813,0,4,3000,500,1000,0,0,0,0,0,0,0,0,0,0,64,1,0,0,0,-89,0,0,0,0,0,0,1000
1814,0,5,3000,500,1000,0,0,0,0,0,0,0,0,0,0,64,1,0,0,0,-89,0,0,0,0,0,0,1000
1815,0,6,3000,500,1000,0,0,0,0,0,0,0,0,0,0,64,1,0,0,0,-89,0,0,0,0,0,0,1000
1816,0,7,3000,500,1000,0,0,0,0,0,0,0,0,0,0,64,1,0,0,0,-89,0,0,0,0,0,0,1000
1817,0,8,3000,500,1000,0,0,0,0,0,0,0,0,0,0,64,1,0,0,0,-89,0,0,0,0,0,0,1000
1818,0,9,3000,500,1000,0,0,0,0,0,0,0,0,0,0,64,1,0,0,0,-89,0,0,0,0,0,0,1000
1819,10,1,3000,500,1000,0,0,0,0,0,0,0,0,0,0,64,1,0,0,0,-89,0,0,0,0,0,0,1000
1820,10,2,3000,500,1000,0,0,0,0,0,0,0,0,0,0,64,1,0,0,0,-89,0,0,0,0,0,0,1000
1821,10,3,3000,500,1000,0,0,0,0,0,0,0,0,0,0,64,1,0,0,0,-89,0,0,0,0,0,0,1000
1822,10,4,3000,500,1000,0,0,0,0,0,0,0,0,0,0,64,1,0,0,0,-89,0,0,0,0,0,0,1000
1823,10,5,3000,500,1000,0,0,0,0,0,0,0,0,0,0,64,1,0,0,0,-89,0,0,0,0,0,0,1000
1824,10,6,3000,500,1000,0,0,0,0,0,0,0,0,0,0,64,1,0,0,0,-89,0,0,0,0,0,0,1000
1825,12,1,3000,500,1000,0,0,0,0,0,0,0,0,0,0,64,1,0,0,0,-89,0,0,0,0,0,0,1000
1826,20,1,3000,500,1000,0,0,0,0,0,0,0,0,0,0,65.8499984741211,1,0,0,0,-89,0,0,0,0,0,0,1000
1827,20,2,3000,500,1000,0,0,0,0,0,0,0,0,0,0,67.69999694824219,1,0,0,0,-89,0,0,0,0,0,0,1000
1828,10,1,3000,500,1000,0,0,0,0,0,0,0,0,0,0,67.69999694824219,1,0,0,0,-89,0,0,0,0,0,0,1000
1829,10,2,3000,500,1000,0,0,0,0,0,0,0,0,0,0,67.69999694824219,1,0,0,0,-89,0,0,0,0,0,0,1000
1830,10,3,3000,500,1000,0,0,0,0,0,0,0,0,0,0,67.69999694824219,1,0,0,0,-89,0,0,0,0,0,0,1000
1831,10,4,3000,500,1000,0,0,0,0,0,0,0,0,0,0,67.69999694824219,1,0,0,0,-89,0,0,0,0,0,0,1000
1832,10,5,3000,500,1000,0,0,0,0,0,0,0,0,0,0,67.69999694824219,1,0,0,0,-89,0,0,0,0,0,0,1000
1833,10,6,3000,500,1000,0,0,0,0,0,0,0,0,0,0,67.69999694824219,1,0,0,0,-89,0,0,0,0,0,0,1000
1834,10,7,3000,500,1000,0,0,0,0,0,0,0,0,0,0,67.69999694824219,1,0,0,0,-89,0,0,0,0,0,0,1000
1835,10,8,3000,500,1000,0,0,0,0,0,0,0,0,0,0,67.69999694824219,1,0,0,0,-89,0,0,0,0,0,0,1000
1836,10,9,3000,500,1000,0,0,0,0,0,0,0,0,0,0,67.69999694824219,1,0,0,0,-89,0,0,0,0,0,0,1000
1837,3500,1,2000,500,1000,0,0,0,0,0,0,0,0,0,0,67.69999694824219,1,0,0,0,-89,0,0,0,0,0,0,1000
1838,3500,2,2000,500,1000,0,0,0,0,0,0,0,0,0,0,67.69999694824219,1,0,0,0,-89,0,0,0,0,0,0,1000
1839,3500,3,2000,500,1000,0,0,0,0,0,0,0,0,0,0,67.69999694824219,1,0,0,0,-89,0,0,0,0,0,0,1000
1840,3500,4,2000,500,1000,0,0,0,0,0,0,0,0,0,0,67.69999694824219,1,0,0,0,-89,0,0,0,0,0,0,1000
1841,3500,5,2000,500,1000,0,0,0,0,0,0,0,0,0,0,67.69999694824219,1,0,0,0,-89,0,0,0,0,0,0,1000
1842,3500,6,2000,500,1000,0,0,0,0,0,0,0,0,0,0,67.69999694824219,1,0,0,0,-89,0,0,0,0,0,0,1000
1843,3500,7,2000,500,1000,0,0,0,0,0,0,0,0,0,0,67.69999694824219,1,0,0,0,-89,0,0,0,0,0,0,1000
1844,3500,7,2000,500,977,0,0,0,0,0,0,0,0,0,0,67.69999694824219,1,0,0,0,-89,0,0,0,0,0,0,1018
1845,3500,7,2000,500,977,0,0,0,0,0,0,0,0,0,0,67.69999694824219,1,0,0,0,-89,0,0,0,0,0,0,1018
1846,3500,7,2000,500,977,0,0,0,0,0,0,0,0,0,0,67.69999694824219,1,0,0,0,-89,0,0,0,0,0,0,1018
1847,3500,7,2000,500,977,0,0,0,0,0,0,0,0,0,0,67.69999694824219,1,0,0,0,-89,0,0,0,0,0,0,1018
1848,3500,7,2000,500,977,0,0,0,0,0,0,0,0,0,0,67.69999694824219,1,0,0,0,-89,0,0,0,0,0,0,1018
1849,3500,7,2000,500,977,0,0,0,0,0,0,0,0,0,0,67.69999694824219,1,0,0,0,-89,0,0,0,0,0,0,1018
1850,3500,8,2000,500,977,0,0,0,0,0,0,0,0,0,0,67.69999694824219,1,0,0,0,-89,0,0,0,0,0,0,1018
1851,3500,9,2000,500,977,0,0,0,0,0,0,0,0,0,0,67.69999694824219,1,0,0,0,-89,0,0,0,0,0,0,1018
1852,3500,10,2000,500,977,0,0,0,0,0,0,0,0,0,0,67.69999694824219,1,0,0,0,-89,0,0,0,0,0,0,1018
1853,3500,11,2000,500,977,0,0,0,0,0,0,0,0,0,0,67.69999694824219,1,0,0,0,-89,0,0,0,0,0,0,1018
1854,3500,12,2000,500,977,0,0,0,0,0,0,0,0,0,0,67.69999694824219,1,0,0,0,-89,0,0,0,0,0,0,1018
1855,3500,13,2000,500,977,0,0,0,0,0,0,0,0,0,0,67.69999694824219,1,0,0,0,-89,0,0,0,0,0,0,1018
1856,3500,13,2000,500,954,0,0,0,0,0,0,0,0,0,0,67.69999694824219,1,0,0,0,-89,0,0,0,0,0,0,2036
1857,3500,13,2000,500,954,0,0,0,0,0,0,0,0,0,0,67.69999694824219,1,0,0,0,-89,0,0,0,0,0,0,2036
1858,3500,13,2000,500,954,0,0,0,0,0,0,0,0,0,0,67.69999694824219,1,0,0,0,-89,0,0,0,0,0,0,2036
1859,3500,13,2000,500,954,0,0,0,0,0,0,0,0,0,0,67.69999694824219,1,0,0,0,-89,0,0,0,0,0,0,2036
1860,3500,13,2000,500,954,0,0,0,0,0,0,0,0,0,0,67.69999694824219,1,0,0,0,-89,0,0,0,0,0,0,2036
1861,3500,13,2000,500,954,0,0,0,0,0,0,0,0,0,0,67.69999694824219,1,0,0,0,-89,0,0,0,0,0,0,2036
1862,3500,14,2000,500,954,0,0,0,0,0,0,0,0,0,0,67.69999694824219,1,0,0,0,-89,0,0,0,0,0,0,2036
1863,3500,15,2000,500,954,0,0,0,0,0,0,0,0,0,0,67.69999694824219,1,0,0,0,-89,0,0,0,0,0,0,2036
1864,3500,16,2000,500,954,0,0,0,0,0,0,0,0,0,0,67.69999694824219,1,0,0,0,-89,0,0,0,0,0,0,2036
1865,3500,17,2000,500,954,0,0,0,0,0,0,0,0,0,0,67.69999694824219,1,0,0,0,-89,0,0,0,0,0,0,2036
1866,3500,18,2000,500,954,0,0,0,0,0,0,0,0,0,0,67.69999694824219,1,0,0,0,-89,0,0,0,0,0,0,2036
1867,3500,19,2000,500,954,0,0,0,0,0,0,0,0,0,0,67.69999694824219,1,0,0,0,-89,0,0,0,0,0,0,2036
1868,3500,19,2000,500,931,0,0,0,0,0,0,0,0,0,0,67.69999694824219,1,0,0,0,-89,0,0,0,0,0,0,3054
1869,3500,19,2000,500,931,0,0,0,0,0,0,0,0,0,0,67.69999694824219,1,0,0,0,-89,0,0,0,0,0,0,3054
1870,3500,19,2000,500,931,0,0,0,0,0,0,0,0,0,0,67.69999694824219,1,0,0,0,-89,0,0,0,0,0,0,3054
1871,3500,19,2000,500,931,0,0,0,0,0,0,0,0,0,0,67.69999694824219,1,0,0,0,-89,0,0,0,0,0,0,3054
1872,3500,19,2000,500,931,0,0,0,0,0,0,0,0,0,0,67.69999694824219,1,0,0,0,-89,0,0,0,0,0,0,3054
1873,3500,19,2000,500,931,0,0,0,0,0,0,0,0,0,0,67.69999694824219,1,0,0,0,-89,0,0,0,0,0,0,3054
1874,3500,20,2000,500,931,0,0,0,0,0,0,0,0,0,0,67.69999694824219,1,0,0,0,-89,0,0,0,0,0,0,3054
1875,3500,21,2000,500,931,0,0,0,0,0,0,0,0,0,0,67.69999694824219,1,0,0,0,-89,0,0,0,0,0,0,3054
1876,3500,22,2000,500,931,0,0,0,0,0,0,0,0,0,0,67.69999694824219,1,0,0,0,-89,0,0,0,0,0,0,3054
1877,3500,23,2000,500,931,0,0,0,0,0,0,0,0,0,0,67.69999694824219,1,0,0,0,-89,0,0,0,0,0,0,3054
1878,3500,24,2000,500,931,0,0,0,0,0,0,0,0,0,0,67.69999694824219,1,0,0,0,-89,0,0,0,0,0,0,3054
1879,3500,25,2000,500,931,0,0,0,0,0,0,0,0,0,0,67.69999694824219,1,0,0,0,-89,0,0,0,0,0,0,3054
1880,3500,25,2000,500,908,0,0,0,0,0,0,0,0,0,0,67.69999694824219,1,0,0,0,-89,0,0,0,0,0,0,4072
1881,3500,25,2000,500,908,0,0,0,0,0,0,0,0,0,0,67.69999694824219,1,0,0,0,-89,0,0,0,0,0,0,4072
1882,3500,25,2000,500,908,0,0,0,0,0,0,0,0,0,0,67.69999694824219,1,0,0,0,-89,0,0,0,0,0,0,4072
1883,3500,25,2000,500,908,0,0,0,0,0,0,0,0,0,0,67.69999694824219,1,0,0,0,-89,0,0,0,0,0,0,4072
1884,3500,25,2000,500,908,0,0,0,0,0,0,0,0,0,0,67.69999694824219,1,0,0,0,-89,0,0,0,0,0,0,4072
1885,3500,25,2000,500,908,0,0,0,0,0,0,0,0,0,0,67.69999694824219,1,0,0,0,-89,0,0,0,0,0,0,4072
1886,3500,26,2000,500,908,0,0,0,0,0,0,0,0,0,0,67.69999694824219,1,0,0,0,-89,0,0,0,0,0,0,4072
1887,3500,27,2000,500,908,0,0,0,0,0,0,0,0,0,0,67.69999694824219,1,0,0,0,-89,0,0,0,0,0,0,4072
1888,3500,28,2000,500,908,0,0,0,0,0,0,0,0,0,0,67.69999694824219,1,0,0,0,-89,0,0,0,0,0,0,4072
1889,3500,29,2000,500,908,0,0,0,0,0,0,0,0,0,0,67.69999694824219,1,0,0,0,-89,0,0,0,0,0,0,4072
1890,3500,30,2000,500,908,0,0,0,0,0,0,0,0,0,0,67.69999694824219,1,0,0,0,-89,0,0,0,0,0,0,4072
1891,3500,31,2000,500,908,0,0,0,0,0,0,0,0,0,0,67.69999694824219,1,0,0,0,-89,0,0,0,0,0,0,4072
1892,3500,31,2000,500,885,0,0,0,0,0,0,0,0,0,0,67.69999694824219,1,0,0,0,-89,0,0,0,0,0,0,5000
1893,3500,31,2000,500,885,0,0,0,0,0,0,0,0,0,0,67.69999694824219,1,0,0,0,-89,0,0,0,0,0,0,5000
1894,3500,31,2000,500,885,0,0,0,0,0,0,0,0,0,0,67.69999694824219,1,0,0,0,-89,0,0,0,0,0,0,5000
1895,3500,31,2000,500,885,0,0,0,0,0,0,0,0,0,0,67.69999694824219,1,0,0,0,-89,0,0,0,0,0,0,5000
1896,3500,31,2000,500,885,0,0,0,0,0,0,0,0,0,0,67.69999694824219,1,0,0,0,-89,0,0,0,0,0,0,5000
1897,3500,31,2000,500,885,0,0,0,0,0,0,0,0,0,0,67.69999694824219,1,0,0,0,-89,0,0,0,0,0,0,5000
1898,3500,32,2000,500,885,0,0,0,0,0,0,0,0,0,0,67.69999694824219,1,0,0,0,-89,0,0,0,0,0,0,5000
1899,3500,33,2000,500,885,0,0,0,0,0,0,0,0,0,0,67.69999694824219,1,0,0,0,-89,0,0,0,0,0,0,5000
1900,3500,34,2000,500,885,0,0,0,0,0,0,0,0,0,0,67.69999694824219,1,0,0,0,-89,0,0,0,0,0,0,5000
1901,3500,35,2000,500,885,0,0,0,0,0,0,0,0,0,0,67.69999694824219,1,0,0,0,-89,0,0,0,0,0,0,5000
1902,3500,36,2000,500,885,0,0,0,0,0,0,0,0,0,0,67.69999694824219,1,0,0,0,-89,0,0,0,0,0,0,5000
1903,3500,37,2000,500,885,0,0,0,0,0,0,0,0,0,0,67.69999694824219,1,0,0,0,-89,0,0,0,0,0,0,5000
1904,3500,37,2000,500,862,0,0,0,0,0,0,0,0,0,0,67.69999694824219,1,0,0,0,-89,0,0,0,0,0,0,5000
1905,3500,37,2000,500,862,0,0,0,0,0,0,0,0,0,0,67.69999694824219,1,0,0,0,-89,0,0,0,0,0,0,5000
1906,3500,37,2000,500,862,0,0,0,0,0,0,0,0,0,0,67.69999694824219,1,0,0,0,-89,0,0,0,0,0,0,5000
1907,3500,37,2000,500,862,0,0,0,0,0,0,0,0,0,0,67.69999694824219,1,0,0,0,-89,0,0,0,0,0,0,5000
1908,3500,37,2000,500,862,0,0,0,0,0,0,0,0,0,0,67.69999694824219,1,0,0,0,-89,0,0,0,0,0,0,5000
1909,3500,37,2000,500,862,0,0,0,0,0,0,0,0,0,0,67.69999694824219,1,0,0,0,-89,0,0,0,0,0,0,5000
1910,3500,38,2000,500,862,0,0,0,0,0,0,0,0,0,0,67.69999694824219,1,0,0,0,-89,0,0,0,0,0,0,5000
1911,3500,39,2000,500,862,0,0,0,0,0,0,0,0,0,0,67.69999694824219,1,0,0,0,-89,0,0,0,0,0,0,5000
1912,3500,40,2000,500,862,0,0,0,0,0,0,0,0,0,0,67.69999694824219,1,0,0,0,-89,0,0,0,0,0,0,5000
1913,3500,41,2000,500,862,0,0,0,0,0,0,0,0,0,0,67.69999694824219,1,0,0,0,-89,0,0,0,0,0,0,5000
1914,3500,42,2000,500,862,0,0,0,0,0,0,0,0,0,0,67.69999694824219,1,0,0,0,-89,0,0,0,0,0,0,5000
1915,3500,43,2000,500,862,0,0,0,0,0,0,0,0,0,0,67.69999694824219,1,0,0,0,-89,0,0,0,0,0,0,5000
1916,3500,44,2000,500,862,0,0,0,0,0,0,0,0,0,0,67.69999694824219,1,0,0,0,-89,0,0,0,0,0,0,5000
1917,3500,45,2000,500,862,0,0,0,0,0,0,0,0,0,0,67.69999694824219,1,0,0,0,-89,0,0,0,0,0,0,5000
1918,3500,45,2000,500,812,0,0,0,0,0,0,0,0,0,0,67.69999694824219,1,0,0,0,-89,0,0,0,0,0,0,5000
1919,3500,45,2000,500,812,0,0,0,0,0,0,0,0,0,0,67.69999694824219,1,0,0,0,-89,0,0,0,0,0,0,5000
1920,3500,45,2000,500,812,0,0,0,0,0,0,0,0,0,0,67.69999694824219,1,0,0,0,-89,0,0,0,0,0,0,5000
1921,3500,45,2000,500,812,0,0,0,0,0,0,0,0,0,0,67.69999694824219,1,0,0,0,-89,0,0,0,0,0,0,5000
1922,3500,45,2000,500,812,0,0,0,0,0,0,0,0,0,0,67.69999694824219,1,0,0,0,-89,0,0,0,0,0,0,5000
1923,3500,45,2000,500,812,0,0,0,0,0,0,0,0,0,0,67.69999694824219,1,0,0,0,-89,0,0,0,0,0,0,5000
1924,3500,46,2000,500,812,0,0,0,0,0,0,0,0,0,0,67.69999694824219,1,0,0,0,-89,0,0,0,0,0,0,5000
1925,3500,47,2000,500,812,0,0,0,0,0,0,0,0,0,0,67.69999694824219,1,0,0,0,-89,0,0,0,0,0,0,5000
1926,3500,48,2000,500,812,0,0,0,0,0,0,0,0,0,0,67.69999694824219,1,0,0,0,-89,0,0,0,0,0,0,5000
1927,3500,49,2000,500,812,0,0,0,0,0,0,0,0,0,0,63.70000076293945,1,0,0,0,-89,0,0,0,0,0,0,5000
1928,3500,50,2000,500,812,0,0,0,0,0,0,0,0,0,0,59.70000076293945,1,0,0,0,-85,0,0,0,0,0,0,5000
1929,3500,51,2000,500,812,0,0,0,0,0,0,0,0,0,0,55.70000076293945,1,0,0,0,-81,0,0,0,0,0,0,5000
1930,3500,52,2000,500,812,0,0,0,0,0,0,0,0,0,0,51.70000076293945,1,0,0,0,-77,0,0,0,0,0,0,5000
1931,3500,53,2000,500,812,0,0,0,0,0,0,0,0,0,0,47.70000076293945,1,0,0,0,-73,0,0,0,0,0,0,5000
1932,3500,54,2000,500,812,0,0,0,0,0,0,0,0,0,0,43.70000076293945,1,0,0,0,-69,0,0,0,0,0,0,5000
1933,3500,55,2000,500,812,0,0,0,0,0,0,0,0,0,0,39.70000076293945,1,0,0,0,-65,0,0,0,0,0,0,5000
1934,3500,56,2000,500,812,0,0,0,0,0,0,0,0,0,0,35.70000076293945,1,0,0,0,-61,0,0,0,0,0,0,5000
1935,3500,57,2000,500,812,0,0,0,0,0,0,0,0,0,0,31.700000762939453,1,0,0,0,-57,0,0,0,0,0,0,5000
1936,3500,58,2000,500,812,0,0,0,0,0,0,0,0,0,0,27.700000762939453,1,0,0,0,-53,0,0,0,0,0,0,5000
1937,0,1,2000,500,812,0,0,0,0,0,0,0,0,0,0,23.700000762939453,1,0,0,0,-49,0,0,0,0,0,0,5000
1938,0,2,2000,500,812,0,0,0,0,0,0,0,0,0,0,19.700000762939453,1,0,0,0,-45,0,0,0,0,0,0,5000
1939,0,3,2000,500,812,0,0,0,0,0,0,0,0,0,0,15.700000762939453,1,0,0,0,-41,0,0,0,0,0,0,5000
1940,0,4,2000,500,812,0,0,0,0,0,0,0,0,0,0,11.700000762939453,1,0,0,0,-37,0,0,0,0,0,0,5000
1941,0,5,2000,500,812,0,0,0,0,0,0,0,0,0,0,7.700000762939453,1,0,0,0,-33,0,0,0,0,0,0,5000
1942,0,6,2000,500,812,0,0,0,0,0,0,0,0,0,0,3.700000762939453,1,0,0,0,-29,0,0,0,0,0,0,5000
1943,0,7,2000,500,812,0,0,0,0,0,0,0,0,0,0,-0.2999992370605469,1,0,0,0,-25,0,0,0,0,0,0,5000
1944,0,8,2000,500,812,0,0,0,0,0,0,0,0,0,0,-4.299999237060547,1,0,0,0,-21,0,0,0,0,0,0,5000
1945,0,9,2000,500,812,0,0,0,0,0,0,0,0,0,0,-8.299999237060547,1,0,0,0,-17,0,0,0,0,0,0,5000
1946,0,10,2000,500,812,0,0,0,0,0,0,0,0,0,0,-12.299999237060547,1,0,0,0,-13,0,0,0,0,0,0,5000
1947,0,11,2000,500,812,0,0,0,0,0,0,0,0,0,0,-16.299999237060547,1,0,0,0,-9,0,0,0,0,0,0,5000
1948,0,12,2000,500,812,0,0,0,0,0,0,0,0,0,0,-20.299999237060547,1,0,0,0,-5,0,0,0,0,0,0,5000
1949,0,13,2000,500,812,0,0,0,0,0,0,0,0,0,0,-24.299999237060547,1,0,0,0,-1,0,0,0,0,0,0,5000
1950,0,14,2000,500,812,0,0,0,0,0,0,0,0,0,0,-28.299999237060547,1,0,0,0,3,0,0,0,0,0,0,5000
1951,0,15,2000,500,812,0,0,0,0,0,0,0,0,0,0,-32.29999923706055,1,0,0,0,7,0,0,0,0,0,0,5000
1952,0,16,2000,500,812,0,0,0,0,0,0,0,0,0,0,-36.29999923706055,1,0,0,0,11,0,0,0,0,0,0,5000
1953,0,17,2000,500,812,0,0,0,0,0,0,0,0,0,0,-40.29999923706055,1,0,0,0,15,0,0,0,0,0,0,5000
1954,0,18,2000,500,812,0,0,0,0,0,0,0,0,0,0,-44.29999923706055,1,0,0,0,19,0,0,0,0,0,0,5000
1955,0,19,2000,500,812,0,0,0,0,0,0,0,0,0,0,-48.29999923706055,1,0,0,0,23,0,0,0,0,0,0,5000
1956,0,20,2000,500,812,0,0,0,0,0,0,0,0,0,0,-52.29999923706055,1,0,0,0,27,0,0,0,0,0,0,5000
1957,0,21,2000,500,812,0,0,0,0,0,0,0,0,0,0,-56.29999923706055,1,0,0,0,31,0,0,0,0,0,0,5000
1958,0,22,2000,500,812,0,0,0,0,0,0,0,0,0,0,-60.29999923706055,1,0,0,0,35,0,0,0,0,0,0,5000
1959,0,23,2000,500,812,0,0,0,0,0,0,0,0,0,0,-64.30000305175781,1,0,0,0,39,0,0,0,0,0,0,5000
1960,0,24,2000,500,812,0,0,0,0,0,0,0,0,0,0,-68.30000305175781,1,0,0,0,43,0,0,0,0,0,0,5000
1961,0,25,2000,500,812,0,0,0,0,0,0,0,0,0,0,-72.30000305175781,1,0,0,0,47,0,0,0,0,0,0,5000
1962,0,26,2000,500,812,0,0,0,0,0,0,0,0,0,0,-76.30000305175781,1,0,0,0,51,0,0,0,0,0,0,5000
1963,0,27,2000,500,812,0,0,0,0,0,0,0,0,0,0,-80.30000305175781,1,0,0,0,55,0,0,0,0,0,0,5000
1964,0,28,2000,500,812,0,0,0,0,0,0,0,0,0,0,-84.30000305175781,1,0,0,0,59,0,0,0,0,0,0,5000
1965,0,29,2000,500,812,0,0,0,0,0,0,0,0,0,0,-88.30000305175781,1,0,0,0,63,0,0,0,0,0,0,5000
1966,0,30,2000,500,812,0,0,0,0,0,0,0,0,0,0,-92.30000305175781,1,0,0,0,67,0,0,0,0,0,0,5000
1967,0,31,2000,500,812,0,0,0,0,0,0,0,0,0,0,-96.30000305175781,1,0,0,0,71,0,0,0,0,0,0,5000
1968,0,32,2000,500,812,0,0,0,0,0,0,0,0,0,0,-100.30000305175781,1,0,0,0,75,0,0,0,0,0,0,5000
1969,0,33,2000,500,812,0,0,0,0,0,0,0,0,0,0,-104.30000305175781,1,0,0,0,79,0,0,0,0,0,0,5000
1970,0,34,2000,500,812,0,0,0,0,0,0,0,0,0,0,-108.30000305175781,1,0,0,0,83,0,0,0,0,0,0,5000
1971,0,35,2000,500,812,0,0,0,0,0,0,0,0,0,0,-112.30000305175781,1,0,0,0,87,0,0,0,0,0,0,5000
1972,0,36,2000,500,812,0,0,0,0,0,0,0,0,0,0,-112.30000305175781,1,0,0,0,91,0,0,0,0,0,0,5000
1973,0,37,2000,500,812,0,0,0,0,0,0,0,0,0,0,-112.30000305175781,1,0,0,0,91,0,0,0,0,0,0,5000
1974,0,38,2000,500,812,0,0,0,0,0,0,0,0,0,0,-112.30000305175781,1,0,0,0,91,0,0,0,0,0,0,5000
1975,0,39,2000,500,812,0,0,0,0,0,0,0,0,0,0,-112.30000305175781,1,0,0,0,91,0,0,0,0,0,0,5000
1976,0,40,2000,500,812,0,0,0,0,0,0,0,0,0,0,-112.30000305175781,1,0,0,0,91,0,0,0,0,0,0,5000
1977,0,41,2000,500,812,0,0,0,0,0,0,0,0,0,0,-112.30000305175781,1,0,0,0,91,0,0,0,0,0,0,5000
1978,0,42,2000,500,812,0,0,0,0,0,0,0,0,0,0,-112.30000305175781,1,0,0,0,91,0,0,0,0,0,0,5000
1979,0,43,2000,500,812,0,0,0,0,0,0,0,0,0,0,-112.30000305175781,1,0,0,0,91,0,0,0,0,0,0,5000
1980,0,44,2000,500,812,0,0,0,0,0,0,0,0,0,0,-115.30000305175781,1,0,0,0,91,0,0,0,0,0,0,5000
1981,0,45,2000,500,812,0,0,0,0,0,0,0,0,0,0,-116.80000305175781,1,0,0,0,94,0,0,0,0,0,0,5000
1982,0,46,2000,500,812,0,0,0,0,0,0,0,0,0,0,-118.30000305175781,1,0,0,0,95.5,0,0,0,0,0,0,5000
1983,0,47,2000,500,812,0,0,0,0,0,0,0,0,0,0,-119.80000305175781,1,0,0,0,97,0,0,0,0,0,0,5000
1984,0,48,2000,500,812,0,0,0,0,0,0,0,0,0,0,-121.30000305175781,1,0,0,0,98.5,0,0,0,0,0,0,5000
1985,0,49,2000,500,812,0,0,0,0,0,0,0,0,0,0,-122.80000305175781,1,0,0,0,100,0,0,0,0,0,0,5000
1986,0,50,2000,500,812,0,0,0,0,0,0,0,0,0,0,-124.30000305175781,1,0,0,0,101.5,0,0,0,0,0,0,5000
1987,0,51,2000,500,812,0,0,0,0,0,0,0,0,0,0,-125.80000305175781,1,0,0,0,103,0,0,0,0,0,0,5000
1988,0,52,2000,500,812,0,0,0,0,0,0,0,0,0,0,-127.30000305175781,1,0,0,0,104.5,0,0,0,0,0,0,5000
1989,0,53,2000,500,812,0,0,0,0,0,0,0,0,0,0,-128.8000030517578,1,0,0,0,106,0,0,0,0,0,0,5000
1990,0,54,2000,500,812,0,0,0,0,0,0,0,0,0,0,-130.3000030517578,1,0,0,0,107.5,0,0,0,0,0,0,5000
1991,0,55,2000,500,812,0,0,0,0,0,0,0,0,0,0,-131.8000030517578,1,0,0,0,109,0,0,0,0,0,0,5000
1992,0,56,2000,500,812,0,0,0,0,0,0,0,0,0,0,-133.3000030517578,1,0,0,0,110.5,0,0,0,0,0,0,5000
1993,0,57,2000,500,812,0,0,0,0,0,0,0,0,0,0,-134.8000030517578,1,0,0,0,112,0,0,0,0,0,0,5000
1994,0,58,2000,500,812,0,0,0,0,0,0,0,0,0,0,-136.3000030517578,1,0,0,0,113.5,0,0,0,0,0,0,5000
1995,0,59,2000,500,812,0,0,0,0,0,0,0,0,0,0,-137.8000030517578,1,0,0,0,115,0,0,0,0,0,0,5000
1996,0,60,2000,500,812,0,0,0,0,0,0,0,0,0,0,-139.3000030517578,1,0,0,0,116.5,0,0,0,0,0,0,5000
1997,0,61,2000,500,812,0,0,0,0,0,0,0,0,0,0,-140.8000030517578,1,0,0,0,118,0,0,0,0,0,0,5000
1998,0,62,2000,500,812,0,0,0,0,0,0,0,0,0,0,-142.3000030517578,1,0,0,0,119.5,0,0,0,0,0,0,5000
1999,0,63,2000,500,812,0,0,0,0,0,0,0,0,0,0,-143.5500030517578,1,0,0,0,121,0,0,0,0,0,0,5000
2000,0,64,2000,500,812,0,0,0,0,0,0,0,0,0,0,-144.3000030517578,1,0,0,0,122.25,0,0,0,0,0,0,5000
2001,0,65,2000,500,812,0,0,0,0,0,0,0,0,0,0,-144.5500030517578,1,0,0,0,123,0,0,0,0,0,0,5000
2002,0,66,2000,500,812,0,0,0,0,0,0,0,0,0,0,-144.8000030517578,1,0,0,0,123.25,0,0,0,0,0,0,5000
2003,0,67,2000,500,812,0,0,0,0,0,0,0,0,0,0,-144.8000030517578,1,0,0,0,123.5,0,0,0,0,0,0,5000
2004,0,68,2000,500,812,0,0,0,0,0,0,0,0,0,0,-144.8000030517578,1,0,0,0,123.5,0,0,0,0,0,0,5000
2005,0,69,2000,500,812,0,0,0,0,0,0,0,0,0,0,-144.8000030517578,1,0,0,0,123.5,0,0,0,0,0,0,5000
2006,0,70,2000,500,812,0,0,0,0,0,0,0,0,0,0,-144.8000030517578,1,0,0,0,123.5,0,0,0,0,0,0,5000
2007,0,71,2000,500,812,0,0,0,0,0,0,0,0,0,0,-144.8000030517578,1,0,0,0,123.5,0,0,0,0,0,0,5000
2008,0,72,2000,500,812,0,0,0,0,0,0,0,0,0,0,-144.8000030517578,1,0,0,0,123.5,0,0,0,0,0,0,5000
2009,0,73,2000,500,812,0,0,0,0,0,0,0,0,0,0,-144.8000030517578,1,0,0,0,123.5,0,0,0,0,0,0,5000
2010,0,74,2000,500,812,0,0,0,0,0,0,0,0,0,0,-144.8000030517578,1,0,0,0,123.5,0,0,0,0,0,0,5000
2011,0,75,2000,500,812,0,0,0,0,0,0,0,0,0,0,-144.8000030517578,1,0,0,0,123.5,0,0,0,0,0,0,5000
2012,0,76,2000,500,812,0,0,0,0,0,0,0,0,0,0,-144.8000030517578,1,0,0,0,123.5,0,0,0,0,0,0,5000
2013,0,77,2000,500,812,0,0,0,0,0,0,0,0,0,0,-144.8000030517578,1,0,0,0,123.5,0,0,0,0,0,0,5000
2014,0,78,2000,500,812,0,0,0,0,0,0,0,0,0,0,-144.8000030517578,1,0,0,0,123.5,0,0,0,0,0,0,5000
2015,0,79,2000,500,812,0,0,0,0,0,0,0,0,0,0,-144.8000030517578,1,0,0,0,123.5,0,0,0,0,0,0,5000
2016,0,80,2000,500,812,0,0,0,0,0,0,0,0,0,0,-144.8000030517578,1,0,0,0,123.5,0,0,0,0,0,0,5000
2017,0,81,2000,500,812,0,0,0,0,0,0,0,0,0,0,-144.8000030517578,1,0,0,0,123.5,0,0,0,0,0,0,5000
2018,0,82,2000,500,812,0,0,0,0,0,0,0,0,0,0,-144.8000030517578,1,0,0,0,123.5,0,0,0,0,0,0,5000
2019,0,83,2000,500,812,0,0,0,0,0,0,0,0,0,0,-144.8000030517578,1,0,0,0,123.5,0,0,0,0,0,0,5000
2020,0,84,2000,500,812,0,0,0,0,0,0,0,0,0,0,-144.8000030517578,1,0,0,0,123.5,0,0,0,0,0,0,5000
2021,0,85,2000,500,812,0,0,0,0,0,0,0,0,0,0,-144.8000030517578,1,0,0,0,123.5,0,0,0,0,0,0,5000
2022,0,86,2000,500,812,0,0,0,0,0,0,0,0,0,0,-144.8000030517578,1,0,0,0,123.5,0,0,0,0,0,0,5000
2023,0,87,2000,500,812,0,0,0,0,0,0,0,0,0,0,-144.8000030517578,1,0,0,0,123.5,0,0,0,0,0,0,5000
2024,0,88,2000,500,812,0,0,0,0,0,0,0,0,0,0,-144.8000030517578,1,0,0,0,123.5,0,0,0,0,0,0,5000
2025,0,89,2000,500,812,0,0,0,0,0,0,0,0,0,0,-144.8000030517578,1,0,0,0,123.5,0,0,0,0,0,0,5000
2026,0,90,2000,500,812,0,0,0,0,0,0,0,0,0,0,-144.8000030517578,1,0,0,0,123.5,0,0,0,0,0,0,5000
2027,0,91,2000,500,812,0,0,0,0,0,0,0,0,0,0,-144.8000030517578,1,0,0,0,123.5,0,0,0,0,0,0,5000
2028,0,92,2000,500,812,0,0,0,0,0,0,0,0,0,0,-144.8000030517578,1,0,0,0,123.5,0,0,0,0,0,0,5000
2029,0,93,2000,500,812,0,0,0,0,0,0,0,0,0,0,-144.8000030517578,1,0,0,0,123.5,0,0,0,0,0,0,5000
2030,0,94,2000,500,812,0,0,0,0,0,0,0,0,0,0,-144.8000030517578,1,0,0,0,123.5,0,0,0,0,0,0,5000
2031,0,95,2000,500,812,0,0,0,0,0,0,0,0,0,0,-144.8000030517578,1,0,0,0,123.5,0,0,0,0,0,0,5000
2032,0,96,2000,500,812,0,0,0,0,0,0,0,0,0,0,-144.8000030517578,1,0,0,0,123.5,0,0,0,0,0,0,5000
2033,0,97,2000,500,812,0,0,0,0,0,0,0,0,0,0,-144.8000030517578,1,0,0,0,123.5,0,0,0,0,0,0,5000
2034,0,98,2000,500,812,0,0,0,0,0,0,0,0,0,0,-144.8000030517578,1,0,0,0,123.5,0,0,0,0,0,0,5000
2035,0,99,2000,500,812,0,0,0,0,0,0,0,0,0,0,-144.8000030517578,1,0,0,0,123.5,0,0,0,0,0,0,5000
2036,0,100,2000,500,812,0,0,0,0,0,0,0,0,0,0,-144.8000030517578,1,0,0,0,123.5,0,0,0,0,0,0,5000
2037,0,101,2000,500,812,0,0,0,0,0,0,0,0,0,0,-144.8000030517578,1,0,0,0,123.5,0,0,0,0,0,0,5000
2038,0,102,2000,500,812,0,0,0,0,0,0,0,0,0,0,-144.8000030517578,1,0,0,0,123.5,0,0,0,0,0,0,5000
2039,0,103,2000,500,812,0,0,0,0,0,0,0,0,0,0,-144.8000030517578,1,0,0,0,123.5,0,0,0,0,0,0,5000
2040,0,104,2000,500,812,0,0,0,0,0,0,0,0,0,0,-144.8000030517578,1,0,0,0,123.5,0,0,0,0,0,0,5000
2041,0,105,2000,500,812,0,0,0,0,0,0,0,0,0,0,-144.8000030517578,1,0,0,0,123.5,0,0,0,0,0,0,5000
2042,0,106,2000,500,812,0,0,0,0,0,0,0,0,0,0,-144.8000030517578,1,0,0,0,123.5,0,0,0,0,0,0,5000
2043,0,107,2000,500,812,0,0,0,0,0,0,0,0,0,0,-144.8000030517578,1,0,0,0,123.5,0,0,0,0,0,0,5000
2044,0,108,2000,500,812,0,0,0,0,0,0,0,0,0,0,-144.8000030517578,1,0,0,0,123.5,0,0,0,0,0,0,5000
2045,0,109,2000,500,812,0,0,0,0,0,0,0,0,0,0,-144.8000030517578,1,0,0,0,123.5,0,0,0,0,0,0,5000
2046,0,110,2000,500,812,0,0,0,0,0,0,0,0,0,0,-144.8000030517578,1,0,0,0,123.5,0,0,0,0,0,0,5000
2047,0,111,2000,500,812,0,0,0,0,0,0,0,0,0,0,-144.8000030517578,1,0,0,0,123.5,0,0,0,0,0,0,5000
2048,0,112,2000,500,812,0,0,0,0,0,0,0,0,0,0,-144.8000030517578,1,0,0,0,123.5,0,0,0,0,0,0,5000
2049,0,113,2000,500,812,0,0,0,0,0,0,0,0,0,0,-144.8000030517578,1,0,0,0,123.5,0,0,0,0,0,0,5000
2050,0,114,2000,500,812,0,0,0,0,0,0,0,0,0,0,-144.8000030517578,1,0,0,0,123.5,0,0,0,0,0,0,5000
2051,0,115,2000,500,812,0,0,0,0,0,0,0,0,0,0,-144.8000030517578,1,0,0,0,123.5,0,0,0,0,0,0,5000
2052,0,116,2000,500,812,0,0,0,0,0,0,0,0,0,0,-144.8000030517578,1,0,0,0,123.5,0,0,0,0,0,0,5000
2053,0,117,2000,500,812,0,0,0,0,0,0,0,0,0,0,-144.8000030517578,1,0,0,0,123.5,0,0,0,0,0,0,5000
2054,0,118,2000,500,812,0,0,0,0,0,0,0,0,0,0,-144.8000030517578,1,0,0,0,123.5,0,0,0,0,0,0,5000
2055,0,119,2000,500,812,0,0,0,0,0,0,0,0,0,0,-144.8000030517578,1,0,0,0,123.5,0,0,0,0,0,0,5000
2056,0,120,2000,500,812,0,0,0,0,0,0,0,0,0,0,-144.8000030517578,1,0,0,0,123.5,0,0,0,0,0,0,5000
2057,0,121,2000,500,812,0,0,0,0,0,0,0,0,0,0,-144.8000030517578,1,0,0,0,123.5,0,0,0,0,0,0,5000
2058,0,122,2000,500,812,0,0,0,0,0,0,0,0,0,0,-144.8000030517578,1,0,0,0,123.5,0,0,0,0,0,0,5000
2059,0,123,2000,500,812,0,0,0,0,0,0,0,0,0,0,-144.8000030517578,1,0,0,0,123.5,0,0,0,0,0,0,5000
2060,0,124,2000,500,812,0,0,0,0,0,0,0,0,0,0,-144.8000030517578,1,0,0,0,123.5,0,0,0,0,0,0,5000
2061,0,125,2000,500,812,0,0,0,0,0,0,0,0,0,0,-144.8000030517578,1,0,0,0,123.5,0,0,0,0,0,0,5000
2062,0,126,2000,500,812,0,0,0,0,0,0,0,0,0,0,-144.8000030517578,1,0,0,0,123.5,0,0,0,0,0,0,5000
2063,0,127,2000,500,812,0,0,0,0,0,0,0,0,0,0,-144.8000030517578,1,0,0,0,123.5,0,0,0,0,0,0,5000
2064,0,128,2000,500,812,0,0,0,0,0,0,0,0,0,0,-144.8000030517578,1,0,0,0,123.5,0,0,0,0,0,0,5000
2065,0,129,2000,500,812,0,0,0,0,0,0,0,0,0,0,-144.8000030517578,1,0,0,0,123.5,0,0,0,0,0,0,5000
2066,0,130,2000,500,812,0,0,0,0,0,0,0,0,0,0,-144.8000030517578,1,0,0,0,123.5,0,0,0,0,0,0,5000
2067,0,131,2000,500,812,0,0,0,0,0,0,0,0,0,0,-144.8000030517578,1,0,0,0,123.5,0,0,0,0,0,0,5000
2068,0,132,2000,500,812,0,0,0,0,0,0,0,0,0,0,-144.8000030517578,1,0,0,0,123.5,0,0,0,0,0,0,5000
2069,0,133,2000,500,812,0,0,0,0,0,0,0,0,0,0,-144.8000030517578,1,0,0,0,123.5,0,0,0,0,0,0,5000
2070,0,134,2000,500,812,0,0,0,0,0,0,0,0,0,0,-144.8000030517578,1,0,0,0,123.5,0,0,0,0,0,0,5000
2071,0,135,2000,500,812,0,0,0,0,0,0,0,0,0,0,-144.8000030517578,1,0,0,0,123.5,0,0,0,0,0,0,5000
2072,0,136,2000,500,812,0,0,0,0,0,0,0,0,0,0,-144.8000030517578,1,0,0,0,123.5,0,0,0,0,0,0,5000
2073,0,137,2000,500,812,0,0,0,0,0,0,0,0,0,0,-144.8000030517578,1,0,0,0,123.5,0,0,0,0,0,0,5000
2074,0,138,2000,500,812,0,0,0,0,0,0,0,0,0,0,-144.8000030517578,1,0,0,0,123.5,0,0,0,0,0,0,5000
2075,0,139,2000,500,812,0,0,0,0,0,0,0,0,0,0,-144.8000030517578,1,0,0,0,123.5,0,0,0,0,0,0,5000
2076,0,140,2000,500,812,0,0,0,0,0,0,0,0,0,0,-144.8000030517578,1,0,0,0,123.5,0,0,0,0,0,0,5000
2077,0,141,2000,500,812,0,0,0,0,0,0,0,0,0,0,-144.8000030517578,1,0,0,0,123.5,0,0,0,0,0,0,5000
2078,0,142,2000,500,812,0,0,0,0,0,0,0,0,0,0,-144.8000030517578,1,0,0,0,123.5,0,0,0,0,0,0,5000
2079,0,143,2000,500,812,0,0,0,0,0,0,0,0,0,0,-144.8000030517578,1,0,0,0,123.5,0,0,0,0,0,0,5000
2080,0,144,2000,500,812,0,0,0,0,0,0,0,0,0,0,-144.8000030517578,1,0,0,0,123.5,0,0,0,0,0,0,5000
2081,0,145,2000,500,812,0,0,0,0,0,0,0,0,0,0,-144.8000030517578,1,0,0,0,123.5,0,0,0,0,0,0,5000
2082,0,146,2000,500,812,0,0,0,0,0,0,0,0,0,0,-144.8000030517578,1,0,0,0,123.5,0,0,0,0,0,0,5000
2083,0,147,2000,500,812,0,0,0,0,0,0,0,0,0,0,-144.8000030517578,1,0,0,0,123.5,0,0,0,0,0,0,5000
2084,0,148,2000,500,812,0,0,0,0,0,0,0,0,0,0,-144.8000030517578,1,0,0,0,123.5,0,0,0,0,0,0,5000
2085,0,149,2000,500,812,0,0,0,0,0,0,0,0,0,0,-144.8000030517578,1,0,0,0,123.5,0,0,0,0,0,0,5000
2086,0,150,2000,500,812,0,0,0,0,0,0,0,0,0,0,-144.8000030517578,1,0,0,0,123.5,0,0,0,0,0,0,5000
2087,0,151,2000,500,812,0,0,0,0,0,0,0,0,0,0,-144.8000030517578,1,0,0,0,123.5,0,0,0,0,0,0,5000
2088,0,152,2000,500,812,0,0,0,0,0,0,0,0,0,0,-144.8000030517578,1,0,0,0,123.5,0,0,0,0,0,0,5000
2089,0,153,2000,500,812,0,0,0,0,0,0,0,0,0,0,-144.8000030517578,1,0,0,0,123.5,0,0,0,0,0,0,5000
2090,0,154,2000,500,812,0,0,0,0,0,0,0,0,0,0,-144.8000030517578,1,0,0,0,123.5,0,0,0,0,0,0,5000
2091,0,155,2000,500,812,0,0,0,0,0,0,0,0,0,0,-144.8000030517578,1,0,0,0,123.5,0,0,0,0,0,0,5000
2092,0,156,2000,500,812,0,0,0,0,0,0,0,0,0,0,-144.8000030517578,1,0,0,0,123.5,0,0,0,0,0,0,5000
2093,0,157,2000,500,812,0,0,0,0,0,0,0,0,0,0,-144.8000030517578,1,0,0,0,123.5,0,0,0,0,0,0,5000
2094,0,158,2000,500,812,0,0,0,0,0,0,0,0,0,0,-144.8000030517578,1,0,0,0,123.5,0,0,0,0,0,0,5000
2095,0,159,2000,500,812,0,0,0,0,0,0,0,0,0,0,-144.8000030517578,1,0,0,0,123.5,0,0,0,0,0,0,5000
2096,0,160,2000,500,812,0,0,0,0,0,0,0,0,0,0,-144.8000030517578,1,0,0,0,123.5,0,0,0,0,0,0,5000
2097,0,161,2000,500,812,0,0,0,0,0,0,0,0,0,0,-144.8000030517578,1,0,0,0,123.5,0,0,0,0,0,0,5000
2098,0,162,2000,500,812,0,0,0,0,0,0,0,0,0,0,-144.8000030517578,1,0,0,0,123.5,0,0,0,0,0,0,5000
2099,0,163,2000,500,812,0,0,0,0,0,0,0,0,0,0,-144.8000030517578,1,0,0,0,123.5,0,0,0,0,0,0,5000
2100,0,164,2000,500,812,0,0,0,0,0,0,0,0,0,0,-144.8000030517578,1,0,0,0,123.5,0,0,0,0,0,0,5000
2101,0,165,2000,500,812,0,0,0,0,0,0,0,0,0,0,-144.8000030517578,1,0,0,0,123.5,0,0,0,0,0,0,5000
2102,0,166,2000,500,812,0,0,0,0,0,0,0,0,0,0,-144.8000030517578,1,0,0,0,123.5,0,0,0,0,0,0,5000
2103,0,167,2000,500,812,0,0,0,0,0,0,0,0,0,0,-144.8000030517578,1,0,0,0,123.5,0,0,0,0,0,0,5000
2104,0,168,2000,500,812,0,0,0,0,0,0,0,0,0,0,-144.8000030517578,1,0,0,0,123.5,0,0,0,0,0,0,5000
2105,0,169,2000,500,812,0,0,0,0,0,0,0,0,0,0,-144.8000030517578,1,0,0,0,123.5,0,0,0,0,0,0,5000
2106,0,170,2000,500,812,0,0,0,0,0,0,0,0,0,0,-144.8000030517578,1,0,0,0,123.5,0,0,0,0,0,0,5000
2107,0,171,2000,500,812,0,0,0,0,0,0,0,0,0,0,-144.8000030517578,1,0,0,0,123.5,0,0,0,0,0,0,5000
2108,0,172,2000,500,812,0,0,0,0,0,0,0,0,0,0,-144.8000030517578,1,0,0,0,123.5,0,0,0,0,0,0,5000
2109,0,173,2000,500,812,0,0,0,0,0,0,0,0,0,0,-144.8000030517578,1,0,0,0,123.5,0,0,0,0,0,0,5000
2110,0,1,3000,500,1000,500,0,0,0,0,0,0,0,0,0,-145.00262451171875,1,0,0,0,123.5,0,0,0,0,0,0,1000
2111,0,2,3000,500,1000,499,0,0,0,0,0,0,0,0,0,-145.00262451171875,1,0,0,0,123.5,0,0,0,0,0,0,1000
2112,0,3,3000,500,1000,498,0,0,0,0,0,0,0,0,0,-145.00262451171875,1,0,0,0,123.5,0,0,0,0,0,0,1000
2113,0,4,3000,500,1000,497,0,0,0,0,0,0,0,0,0,-145.00262451171875,1,0,0,0,123.5,0,0,0,0,0,0,1000
2114,0,5,3000,500,1000,496,0,0,0,0,0,0,0,0,0,-145.00262451171875,1,0,0,0,123.5,0,0,0,0,0,0,1000
2115,0,6,3000,500,1000,495,0,0,0,0,0,0,0,0,0,-145.00262451171875,1,0,0,0,123.5,0,0,0,0,0,0,1000
2116,0,7,3000,500,1000,494,0,0,0,0,0,0,0,0,0,-145.00262451171875,1,0,0,0,123.5,0,0,0,0,0,0,1000
2117,0,8,3000,500,1000,493,0,0,0,0,0,0,0,0,0,-145.00262451171875,1,0,0,0,123.5,0,0,0,0,0,0,1000
2118,0,9,3000,500,1000,492,0,0,0,0,0,0,0,0,0,-145.00262451171875,1,0,0,0,123.5,0,0,0,0,0,0,1000
2119,10,1,3000,500,1000,491,0,0,0,0,0,0,0,0,0,-145.00262451171875,1,0,0,0,123.5,0,0,0,0,0,0,1000
2120,10,2,3000,500,1000,490,0,0,0,0,0,0,0,0,0,-145.00262451171875,1,0,0,0,123.5,0,0,0,0,0,0,1000
2121,10,3,3000,500,1000,489,0,0,0,0,0,0,0,0,0,-145.00262451171875,1,0,0,0,123.5,0,0,0,0,0,0,1000
2122,10,4,3000,500,1000,488,0,0,0,0,0,0,0,0,0,-145.00262451171875,1,0,0,0,123.5,0,0,0,0,0,0,1000
2123,10,5,3000,500,1000,487,0,0,0,0,0,0,0,0,0,-145.00262451171875,1,0,0,0,123.5,0,0,0,0,0,0,1000
2124,10,6,3000,500,1000,486,0,0,0,0,0,0,0,0,0,-145.00262451171875,1,0,0,0,123.5,0,0,0,0,0,0,1000
2125,12,1,3000,500,1000,485,0,0,0,0,0,0,0,0,0,-145.00262451171875,1,0,0,0,123.5,0,0,0,0,0,0,1000
2126,20,1,3000,500,1000,484,0,0,0,0,0,0,0,0,0,-143.75262451171875,1,0,0,0,123.5,0,0,0,0,0,0,1000
2127,20,2,3000,500,1000,483,0,0,0,0,0,0,0,0,0,-143.7526092529297,1,0,0,0,122.25,0,0,0,0,0,0,1000
2128,10,1,3000,500,1000,482,0,0,0,0,0,0,0,0,0,-143.7526092529297,1,0,0,0,121,0,0,0,0,0,0,1000
2129,10,2,3000,500,1000,481,0,0,0,0,0,0,0,0,0,-143.7526092529297,1,0,0,0,121,0,0,0,0,0,0,1000
2130,10,3,3000,500,1000,480,0,0,0,0,0,0,0,0,0,-143.7526092529297,1,0,0,0,121,0,0,0,0,0,0,1000
2131,10,4,3000,500,1000,479,0,0,0,0,0,0,0,0,0,-143.7526092529297,1,0,0,0,121,0,0,0,0,0,0,1000
2132,10,5,3000,500,1000,478,0,0,0,0,0,0,0,0,0,-143.7526092529297,1,0,0,0,121,0,0,0,0,0,0,1000
2133,10,6,3000,500,1000,477,0,0,0,0,0,0,0,0,0,-143.7526092529297,1,0,0,0,121,0,0,0,0,0,0,1000
2134,4000,1,1000,500,1000,476,0,0,0,0,0,0,0,0,0,-143.7526092529297,1,0,0,0,121,0,0,0,0,0,0,1000
2135,4000,2,1000,500,1000,0,0,0,0,0,0,0,0,0,0,-143.7526092529297,1,0,0,0,121,0,0,0,0,0,0,1000
2136,4000,3,1000,500,1000,0,0,0,0,0,0,0,0,0,0,-143.7526092529297,1,0,0,0,121,0,0,0,0,0,0,1000
2137,4000,4,1000,500,1000,0,0,0,0,0,0,0,0,0,0,-140.5526123046875,1,0,0,0,121,0,0,0,0,-6,0,1000
2138,4000,5,1000,500,1000,0,0,0,0,0,0,0,0,0,0,-137.35260009765625,1,0,0,0,121,0,0,0,0,-11.5,0,1000
2139,4000,6,1000,500,1000,0,0,0,0,0,0,0,0,0,0,-134.15260314941406,1,0,0,0,121,0,0,0,0,-16.5,0,1000
2140,4000,7,1000,500,1000,0,0,0,0,0,0,0,0,0,0,-130.95260620117188,1,0,0,0,121,0,0,0,0,-21,0,1000
2141,4000,8,1000,500,1000,0,0,0,0,0,0,0,0,0,0,-127.75260925292969,1,0,0,0,121,0,0,0,0,-25,0,1000
2142,4000,9,1000,500,1000,0,0,0,0,0,0,0,0,0,0,-124.55260467529297,1,0,0,0,121,0,0,0,0,-28.5,0,1000
2143,4000,10,1000,500,1000,0,0,0,0,0,0,0,0,0,0,-121.35260772705078,1,0,0,0,121,0,0,0,0,-31.5,0,1000
2144,4000,11,1000,500,1000,0,0,0,0,0,0,0,0,0,0,-119.57630157470703,1,0,0,0,121,0,0,0,0,-34,0,1000
2145,4000,12,1000,500,1000,0,0,0,0,0,0,0,0,0,0,-117.97630310058594,1,0,0,0,121,0,0,0,0,-36,0,1000
2146,4000,13,1000,500,1000,0,0,0,0,0,0,0,0,0,0,-116.37630462646484,1,0,0,0,121,0,0,0,0,-37.5,0,1000
2147,4000,13,1000,500,915,0,0,0,0,0,0,0,0,0,0,-116.37630462646484,1,0,0,0,121,0,0,0,0,-37.5,0,1018
2148,4000,13,1000,500,915,0,0,0,0,0,0,0,0,0,0,-116.37630462646484,1,0,0,0,121,0,0,0,0,-37.5,0,1018
2149,4000,13,1000,500,915,0,0,0,0,0,0,0,0,0,0,-116.37630462646484,1,0,0,0,121,0,0,0,0,-37.5,0,1018
2150,4000,13,1000,500,915,0,0,0,0,0,0,0,0,0,0,-116.37630462646484,1,0,0,0,121,0,0,0,0,-37.5,0,1018
2151,4000,13,1000,500,915,0,0,0,0,0,0,0,0,0,0,-116.37630462646484,1,0,0,0,121,0,0,0,0,-37.5,0,1018
2152,4000,13,1000,500,915,0,0,0,0,0,0,0,0,0,0,-116.37630462646484,1,0,0,0,121,0,0,0,0,-37.5,0,1018
2153,4000,14,1000,500,915,0,0,0,0,0,0,0,0,0,0,-114.77630615234375,1,0,0,0,121,0,0,0,0,-38.5,0,1018
2154,4000,15,1000,500,915,0,0,0,0,0,0,0,0,0,0,-113.17630004882812,1,0,0,0,121,0,0,0,0,-39,0,1018
2155,4000,16,1000,500,915,0,0,0,0,0,0,0,0,0,0,-111.57630157470703,1,0,0,0,121,0,0,0,0,-39,0,1018
2156,4000,17,1000,500,915,0,0,0,0,0,0,0,0,0,0,-109.97630310058594,1,0,0,0,121,0,0,0,0,-38.5,0,1018
2157,4000,18,1000,500,915,0,0,0,0,0,0,0,0,0,0,-108.12630462646484,1,0,0,0,121,0,0,0,0,-37.5,0,2018
2158,4000,19,1000,500,915,0,0,0,0,0,0,0,0,0,0,-106.52630615234375,1,0,0,0,121,0,0,0,0,-36,0,2018
2159,4000,20,1000,500,915,0,0,0,0,0,0,0,0,0,0,-104.92630767822266,1,0,0,0,121,0,0,0,0,-34,0,2018
2160,4000,21,1000,500,915,0,0,0,0,0,0,0,0,0,0,-103.32630920410156,1,0,0,0,121,0,0,0,0,-31.5,0,2018
2161,4000,22,1000,500,915,0,0,0,0,0,0,0,0,0,0,-101.72631072998047,1,0,0,0,121,0,0,0,0,-28.5,0,2018
2162,4000,23,1000,500,915,0,0,0,0,0,0,0,0,0,0,-100.12631225585938,1,0,0,0,121,0,0,0,0,-25,0,2018
2163,4000,24,1000,500,915,0,0,0,0,0,0,0,0,0,0,-98.52631378173828,1,0,0,0,121,0,0,0,0,-21,0,2018
2164,4000,25,1000,500,915,0,0,0,0,0,0,0,0,0,0,-96.92631530761719,1,0,0,0,121,0,0,0,0,-16.5,0,2018
2165,4000,26,1000,500,915,0,0,0,0,0,0,0,0,0,0,-95.32630920410156,1,0,0,0,121,0,0,0,0,-11.5,0,2018
2166,4000,27,1000,500,915,0,0,0,0,0,0,0,0,0,0,-93.72631072998047,1,0,0,0,121,0,0,0,0,-6,0,2018
2167,4000,28,1000,500,915,0,0,0,0,0,0,0,0,0,0,-92.12631225585938,1,0,0,0,121,0,0,0,0,0,0,2018
2168,4000,29,1000,500,915,0,0,0,0,0,0,0,0,0,0,-93.62631225585938,1,0,0,0,121,0,0,0,0,0,0,2018
2169,4000,30,1000,500,915,0,0,0,0,0,0,0,0,0,0,-93.62631225585938,1,0,0,0,121,0,0,0,0,0,0,2018
2170,4000,31,1000,500,915,0,0,0,0,0,0,0,0,0,0,-93.62631225585938,1,0,0,0,121,0,0,0,0,0,0,2018
2171,4000,32,1000,500,915,0,0,0,0,0,0,0,0,0,0,-91.22631072998047,1,0,0,0,121,0,0,0,0,-5.5,0,2018
2172,4000,33,1000,500,915,0,0,0,0,0,0,0,0,0,0,-89.72631072998047,1,0,0,0,121,0,0,0,0,-10.5,0,2018
2173,4000,34,1000,500,915,0,0,0,0,0,0,0,0,0,0,-88.52630615234375,1,0,0,0,121,0,0,0,0,-15,0,2018
2174,4000,35,1000,500,915,0,0,0,0,0,0,0,0,0,0,-87.32630920410156,1,0,0,0,121,0,0,0,0,-19,0,2018
2175,4000,36,1000,500,915,0,0,0,0,0,0,0,0,0,0,-86.12631225585938,1,0,0,0,121,0,0,0,0,-22.5,0,2018
2176,4000,37,1000,500,915,0,0,0,0,0,0,0,0,0,0,-84.92630767822266,1,0,0,0,121,0,0,0,0,-25.5,0,2018
2177,4000,38,1000,500,915,0,0,0,0,0,0,0,0,0,0,-83.72630310058594,1,0,0,0,121,0,0,0,0,-28,0,2018
2178,4000,39,1000,500,915,0,0,0,0,0,0,0,0,0,0,-82.52630615234375,1,0,0,0,121,0,0,0,0,-30,0,2018
2179,4000,40,1000,500,915,0,0,0,0,0,0,0,0,0,0,-81.32630920410156,1,0,0,0,121,0,0,0,0,-31.5,0,2018
2180,4000,40,1000,500,835,0,0,0,0,0,0,0,0,0,0,-81.32630920410156,1,0,0,0,121,0,0,0,0,-31.5,0,3036
2181,4000,40,1000,500,835,0,0,0,0,0,0,0,0,0,0,-81.32630920410156,1,0,0,0,121,0,0,0,0,-31.5,0,3036
2182,4000,40,1000,500,835,0,0,0,0,0,0,0,0,0,0,-81.32630920410156,1,0,0,0,121,0,0,0,0,-31.5,0,3036
2183,4000,40,1000,500,835,0,0,0,0,0,0,0,0,0,0,-81.32630920410156,1,0,0,0,121,0,0,0,0,-31.5,0,3036
2184,4000,40,1000,500,835,0,0,0,0,0,0,0,0,0,0,-81.32630920410156,1,0,0,0,121,0,0,0,0,-31.5,0,3036
2185,4000,40,1000,500,835,0,0,0,0,0,0,0,0,0,0,-81.32630920410156,1,0,0,0,121,0,0,0,0,-31.5,0,3036
2186,4000,41,1000,500,835,0,0,0,0,0,0,0,0,0,0,-80.12631225585938,1,0,0,0,121,0,0,0,0,-32.5,0,3036
2187,4000,42,1000,500,835,0,0,0,0,0,0,0,0,0,0,-78.92631530761719,1,0,0,0,121,0,0,0,0,-33,0,3036
2188,4000,43,1000,500,835,0,0,0,0,0,0,0,0,0,0,-77.726318359375,1,0,0,0,121,0,0,0,0,-33,0,3036
2189,4000,44,1000,500,835,0,0,0,0,0,0,0,0,0,0,-76.27632141113281,1,0,0,0,121,0,0,0,0,-32.5,0,3036
2190,4000,45,1000,500,835,0,0,0,0,0,0,0,0,0,0,-75.07632446289062,1,0,0,0,121,0,0,0,0,-31.5,0,3036
2191,4000,46,1000,500,835,0,0,0,0,0,0,0,0,0,0,-73.87632751464844,1,0,0,0,121,0,0,0,0,-30,0,3036
2192,4000,47,1000,500,835,0,0,0,0,0,0,0,0,0,0,-72.67633056640625,1,0,0,0,121,0,0,0,0,-28,0,3036
2193,4000,48,1000,500,835,0,0,0,0,0,0,0,0,0,0,-71.47633361816406,1,0,0,0,121,0,0,0,0,-25.5,0,3036
2194,4000,49,1000,500,835,0,0,0,0,0,0,0,0,0,0,-70.27633666992188,1,0,0,0,121,0,0,0,0,-22.5,0,3036
2195,4000,50,1000,500,835,0,0,0,0,0,0,0,0,0,0,-69.07633972167969,1,0,0,0,121,0,0,0,0,-19,0,3036
2196,4000,51,1000,500,835,0,0,0,0,0,0,0,0,0,0,-67.8763427734375,1,0,0,0,121,0,0,0,0,-15,0,3036
2197,4000,52,1000,500,835,0,0,0,0,0,0,0,0,0,0,-66.67634582519531,1,0,0,0,121,0,0,0,0,-10.5,0,3036
2198,4000,53,1000,500,835,0,0,0,0,0,0,0,0,0,0,-65.4763412475586,1,0,0,0,121,0,0,0,0,-5.5,0,3036
2199,4000,54,1000,500,835,0,0,0,0,0,0,0,0,0,0,-64.27633666992188,1,0,0,0,121,0,0,0,0,0,0,3036
2200,4000,55,1000,500,835,0,0,0,0,0,0,0,0,0,0,-65.77633666992188,1,0,0,0,121,0,0,0,0,0,0,3036
2201,4000,56,1000,500,835,0,0,0,0,0,0,0,0,0,0,-65.77633666992188,1,0,0,0,121,0,0,0,0,0,0,3036
2202,4000,56,1000,500,735,0,0,0,0,0,0,0,0,0,0,-65.77633666992188,1,0,0,0,121,0,0,0,0,0,0,4054
2203,4000,56,1000,500,735,0,0,0,0,0,0,0,0,0,0,-65.77633666992188,1,0,0,0,121,0,0,0,0,0,0,4054
2204,4000,56,1000,500,735,0,0,0,0,0,0,0,0,0,0,-65.77633666992188,1,0,0,0,121,0,0,0,0,0,0,4054
2205,4000,56,1000,500,735,0,0,0,0,0,0,0,0,0,0,-65.77633666992188,1,0,0,0,121,0,0,0,0,0,0,4054
2206,4000,56,1000,500,735,0,0,0,0,0,0,0,0,0,0,-65.77633666992188,1,0,0,0,121,0,0,0,0,0,0,4054
2207,4000,56,1000,500,735,0,0,0,0,0,0,0,0,0,0,-65.77633666992188,1,0,0,0,121,0,0,0,0,0,0,4054
2208,4000,57,1000,500,735,0,0,0,0,0,0,0,0,0,0,-65.77633666992188,1,0,0,0,121,0,0,0,0,0,0,4054
2209,4000,58,1000,500,735,0,0,0,0,0,0,0,0,0,0,-65.77633666992188,1,0,0,0,121,0,0,0,0,0,0,4054
2210,4000,59,1000,500,735,0,0,0,0,0,0,0,0,0,0,-65.77633666992188,1,0,0,0,121,0,0,0,0,0,0,4054
2211,4000,60,1000,500,735,0,0,0,0,0,0,0,0,0,0,-65.77633666992188,1,0,0,0,121,0,0,0,0,0,0,4054
2212,4000,61,1000,500,735,0,0,0,0,0,0,0,0,0,0,-65.77633666992188,1,0,0,0,121,0,0,0,0,0,0,4054
2213,4000,62,1000,500,735,0,0,0,0,0,0,0,0,0,0,-65.77633666992188,1,0,0,0,121,0,0,0,0,0,0,4054
2214,4000,63,1000,500,735,0,0,0,0,0,0,0,0,0,0,-65.77633666992188,1,0,0,0,121,0,0,0,0,0,0,4054
2215,4000,64,1000,500,735,0,0,0,0,0,0,0,0,0,0,-65.77633666992188,1,0,0,0,121,0,0,0,0,0,0,4054
2216,4000,65,1000,500,735,0,0,0,0,0,0,0,0,0,0,-65.77633666992188,1,0,0,0,121,0,0,0,0,0,0,4054
2217,4000,66,1000,500,735,0,0,0,0,0,0,0,0,0,0,-65.77633666992188,1,0,0,0,121,0,0,0,0,0,0,4054
2218,4000,67,1000,500,735,0,0,0,0,0,0,0,0,0,0,-65.77633666992188,1,0,0,0,121,0,0,0,0,0,0,4054
2219,4000,68,1000,500,735,0,0,0,0,0,0,0,0,0,0,-65.77633666992188,1,0,0,0,121,0,0,0,0,0,0,4054
2220,0,1,1000,500,735,0,0,0,0,0,0,0,0,0,0,-65.77633666992188,1,0,0,0,121,0,0,0,0,0,0,4054
2221,0,2,1000,500,735,0,0,0,0,0,0,0,0,0,0,-65.77633666992188,1,0,0,0,121,0,0,0,0,0,0,4054
2222,0,3,1000,500,735,0,0,0,0,0,0,0,0,0,0,-65.77633666992188,1,0,0,0,121,0,0,0,0,0,0,4054
2223,0,4,1000,500,735,0,0,0,0,0,0,0,0,0,0,-65.77633666992188,1,0,0,0,121,0,0,0,0,0,0,4054
2224,0,5,1000,500,735,0,0,0,0,0,0,0,0,0,0,-65.77633666992188,1,0,0,0,121,0,0,0,0,0,0,4054
2225,0,6,1000,500,735,0,0,0,0,0,0,0,0,0,0,-65.77633666992188,1,0,0,0,121,0,0,0,0,0,0,4054
2226,0,7,1000,500,735,0,0,0,0,0,0,0,0,0,0,-65.77633666992188,1,0,0,0,121,0,0,0,0,0,0,4054
2227,0,8,1000,500,735,0,0,0,0,0,0,0,0,0,0,-65.77633666992188,1,0,0,0,121,0,0,0,0,0,0,4054
2228,0,9,1000,500,735,0,0,0,0,0,0,0,0,0,0,-65.77633666992188,1,0,0,0,121,0,0,0,0,0,0,4054
2229,0,10,1000,500,735,0,0,0,0,0,0,0,0,0,0,-65.77633666992188,1,0,0,0,121,0,0,0,0,0,0,4054
2230,0,11,1000,500,735,0,0,0,0,0,0,0,0,0,0,-65.77633666992188,1,0,0,0,121,0,0,0,0,0,0,4054
2231,0,12,1000,500,735,0,0,0,0,0,0,0,0,0,0,-65.77633666992188,1,0,0,0,121,0,0,0,0,0,0,4054
2232,0,13,1000,500,735,0,0,0,0,0,0,0,0,0,0,-65.77633666992188,1,0,0,0,121,0,0,0,0,0,0,4054
2233,0,14,1000,500,735,0,0,0,0,0,0,0,0,0,0,-65.77633666992188,1,0,0,0,121,0,0,0,0,0,0,4054
2234,0,15,1000,500,735,0,0,0,0,0,0,0,0,0,0,-65.77633666992188,1,0,0,0,121,0,0,0,0,0,0,4054
2235,0,16,1000,500,735,0,0,0,0,0,0,0,0,0,0,-65.77633666992188,1,0,0,0,121,0,0,0,0,0,0,4054
2236,0,17,1000,500,735,0,0,0,0,0,0,0,0,0,0,-65.77633666992188,1,0,0,0,121,0,0,0,0,0,0,4054
2237,0,18,1000,500,735,0,0,0,0,0,0,0,0,0,0,-65.77633666992188,1,0,0,0,121,0,0,0,0,0,0,4054
2238,0,19,1000,500,735,0,0,0,0,0,0,0,0,0,0,-65.77633666992188,1,0,0,0,121,0,0,0,0,0,0,4054
2239,0,20,1000,500,735,0,0,0,0,0,0,0,0,0,0,-65.77633666992188,1,0,0,0,121,0,0,0,0,0,0,4054
2240,0,21,1000,500,735,0,0,0,0,0,0,0,0,0,0,-65.77633666992188,1,0,0,0,121,0,0,0,0,0,0,4054
2241,0,22,1000,500,735,0,0,0,0,0,0,0,0,0,0,-65.77633666992188,1,0,0,0,121,0,0,0,0,0,0,4054
2242,0,23,1000,500,735,0,0,0,0,0,0,0,0,0,0,-65.77633666992188,1,0,0,0,121,0,0,0,0,0,0,4054
2243,0,24,1000,500,735,0,0,0,0,0,0,0,0,0,0,-65.77633666992188,1,0,0,0,121,0,0,0,0,0,0,4054
2244,0,25,1000,500,735,0,0,0,0,0,0,0,0,0,0,-65.77633666992188,1,0,0,0,121,0,0,0,0,0,0,4054
2245,0,26,1000,500,735,0,0,0,0,0,0,0,0,0,0,-65.77633666992188,1,0,0,0,121,0,0,0,0,0,0,4054
2246,0,27,1000,500,735,0,0,0,0,0,0,0,0,0,0,-65.77633666992188,1,0,0,0,121,0,0,0,0,0,0,4054
2247,0,28,1000,500,735,0,0,0,0,0,0,0,0,0,0,-66.02633666992188,1,0,0,0,121,0,0,0,0,0,0,4054
2248,0,29,1000,500,735,0,0,0,0,0,0,0,0,0,0,-70.02633666992188,1,0,0,0,121.25,0,0,0,0,0,0,4054
2249,0,30,1000,500,735,0,0,0,0,0,0,0,0,0,0,-74.02633666992188,1,0,0,0,125.25,0,0,0,0,0,0,4054
2250,0,31,1000,500,735,0,0,0,0,0,0,0,0,0,0,-78.02633666992188,1,0,0,0,129.25,0,0,0,0,0,0,4054
2251,0,32,1000,500,735,0,0,0,0,0,0,0,0,0,0,-82.02633666992188,1,0,0,0,133.25,0,0,0,0,0,0,4054
2252,0,33,1000,500,735,0,0,0,0,0,0,0,0,0,0,-86.02633666992188,1,0,0,0,137.25,0,0,0,0,0,0,4054
2253,0,34,1000,500,735,0,0,0,0,0,0,0,0,0,0,-90.02633666992188,1,0,0,0,141.25,0,0,0,0,0,0,4054
2254,0,35,1000,500,735,0,0,0,0,0,0,0,0,0,0,-94.02633666992188,1,0,0,0,145.25,0,0,0,0,0,0,4054
2255,0,36,1000,500,735,0,0,0,0,0,0,0,0,0,0,-98.02633666992188,1,0,0,0,149.25,0,0,0,0,0,0,4054
2256,0,37,1000,500,735,0,0,0,0,0,0,0,0,0,0,-98.02633666992188,1,0,0,0,153.25,0,0,0,0,0,0,4054
2257,0,38,1000,500,735,0,0,0,0,0,0,0,0,0,0,-98.02633666992188,1,0,0,0,153.25,0,0,0,0,0,0,4054
2258,0,39,1000,500,735,0,0,0,0,0,0,0,0,0,0,-98.02633666992188,1,0,0,0,153.25,0,0,0,0,0,0,4054
2259,0,40,1000,500,735,0,0,0,0,0,0,0,0,0,0,-98.02633666992188,1,0,0,0,153.25,0,0,0,0,0,0,4054
2260,0,41,1000,500,735,0,0,0,0,0,0,0,0,0,0,-98.02633666992188,1,0,0,0,153.25,0,0,0,0,0,0,4054
2261,0,42,1000,500,735,0,0,0,0,0,0,0,0,0,0,-98.02633666992188,1,0,0,0,153.25,0,0,0,0,0,0,4054
2262,0,43,1000,500,735,0,0,0,0,0,0,0,0,0,0,-98.02633666992188,1,0,0,0,153.25,0,0,0,0,0,0,4054
2263,0,44,1000,500,735,0,0,0,0,0,0,0,0,0,0,-98.02633666992188,1,0,0,0,153.25,0,0,0,0,0,0,4054
2264,0,45,1000,500,735,0,0,0,0,0,0,0,0,0,0,-101.02633666992188,1,0,0,0,153.25,0,0,0,0,0,0,4054
2265,0,46,1000,500,735,0,0,0,0,0,0,0,0,0,0,-104.02633666992188,1,0,0,0,156.25,0,0,0,0,0,0,4054
2266,0,47,1000,500,735,0,0,0,0,0,0,0,0,0,0,-104.77633666992188,1,0,0,0,159.25,0,0,0,0,0,0,4054
2267,0,48,1000,500,735,0,0,0,0,0,0,0,0,0,0,-104.77633666992188,1,0,0,0,160,0,0,0,0,0,0,4054
2268,0,49,1000,500,735,0,0,0,0,0,0,0,0,0,0,-104.77633666992188,1,0,0,0,160,0,0,0,0,0,0,4054
2269,0,50,1000,500,735,0,0,0,0,0,0,0,0,0,0,-104.77633666992188,1,0,0,0,160,0,0,0,0,0,0,4054
2270,0,51,1000,500,735,0,0,0,0,0,0,0,0,0,0,-104.77633666992188,1,0,0,0,160,0,0,0,0,0,0,4054
2271,0,52,1000,500,735,0,0,0,0,0,0,0,0,0,0,-104.77633666992188,1,0,0,0,160,0,0,0,0,0,0,4054
2272,0,53,1000,500,735,0,0,0,0,0,0,0,0,0,0,-104.77633666992188,1,0,0,0,160,0,0,0,0,0,0,4054
2273,0,54,1000,500,735,0,0,0,0,0,0,0,0,0,0,-104.77633666992188,1,0,0,0,160,0,0,0,0,0,0,4054
2274,0,55,1000,500,735,0,0,0,0,0,0,0,0,0,0,-104.77633666992188,1,0,0,0,160,0,0,0,0,0,0,4054
2275,0,56,1000,500,735,0,0,0,0,0,0,0,0,0,0,-104.77633666992188,1,0,0,0,160,0,0,0,0,0,0,4054
2276,0,57,1000,500,735,0,0,0,0,0,0,0,0,0,0,-104.77633666992188,1,0,0,0,160,0,0,0,0,0,0,4054
2277,0,58,1000,500,735,0,0,0,0,0,0,0,0,0,0,-104.77633666992188,1,0,0,0,160,0,0,0,0,0,0,4054
2278,0,59,1000,500,735,0,0,0,0,0,0,0,0,0,0,-104.77633666992188,1,0,0,0,160,0,0,0,0,0,0,4054
2279,0,60,1000,500,735,0,0,0,0,0,0,0,0,0,0,-104.77633666992188,1,0,0,0,160,0,0,0,0,0,0,4054
2280,0,61,1000,500,735,0,0,0,0,0,0,0,0,0,0,-104.77633666992188,1,0,0,0,160,0,0,0,0,0,0,4054
2281,0,62,1000,500,735,0,0,0,0,0,0,0,0,0,0,-104.77633666992188,1,0,0,0,160,0,0,0,0,0,0,4054
2282,0,63,1000,500,735,0,0,0,0,0,0,0,0,0,0,-104.77633666992188,1,0,0,0,160,0,0,0,0,0,0,4054
2283,0,64,1000,500,735,0,0,0,0,0,0,0,0,0,0,-104.77633666992188,1,0,0,0,160,0,0,0,0,0,0,4054
2284,0,65,1000,500,735,0,0,0,0,0,0,0,0,0,0,-104.77633666992188,1,0,0,0,160,0,0,0,0,0,0,4054
2285,0,66,1000,500,735,0,0,0,0,0,0,0,0,0,0,-104.77633666992188,1,0,0,0,160,0,0,0,0,0,0,4054
2286,0,67,1000,500,735,0,0,0,0,0,0,0,0,0,0,-104.77633666992188,1,0,0,0,160,0,0,0,0,0,0,4054
2287,0,68,1000,500,735,0,0,0,0,0,0,0,0,0,0,-104.77633666992188,1,0,0,0,160,0,0,0,0,0,0,4054
2288,0,69,1000,500,735,0,0,0,0,0,0,0,0,0,0,-104.77633666992188,1,0,0,0,160,0,0,0,0,0,0,4054
2289,0,70,1000,500,735,0,0,0,0,0,0,0,0,0,0,-104.77633666992188,1,0,0,0,160,0,0,0,0,0,0,4054
2290,0,71,1000,500,735,0,0,0,0,0,0,0,0,0,0,-104.77633666992188,1,0,0,0,160,0,0,0,0,0,0,4054
2291,0,72,1000,500,735,0,0,0,0,0,0,0,0,0,0,-104.77633666992188,1,0,0,0,160,0,0,0,0,0,0,4054
2292,0,73,1000,500,735,0,0,0,0,0,0,0,0,0,0,-104.77633666992188,1,0,0,0,160,0,0,0,0,0,0,4054
2293,0,74,1000,500,735,0,0,0,0,0,0,0,0,0,0,-104.77633666992188,1,0,0,0,160,0,0,0,0,0,0,4054
2294,0,75,1000,500,735,0,0,0,0,0,0,0,0,0,0,-104.77633666992188,1,0,0,0,160,0,0,0,0,0,0,4054
2295,0,76,1000,500,735,0,0,0,0,0,0,0,0,0,0,-104.77633666992188,1,0,0,0,160,0,0,0,0,0,0,4054
2296,0,77,1000,500,735,0,0,0,0,0,0,0,0,0,0,-104.77633666992188,1,0,0,0,160,0,0,0,0,0,0,4054
2297,0,78,1000,500,735,0,0,0,0,0,0,0,0,0,0,-104.77633666992188,1,0,0,0,160,0,0,0,0,0,0,4054
2298,0,79,1000,500,735,0,0,0,0,0,0,0,0,0,0,-104.77633666992188,1,0,0,0,160,0,0,0,0,0,0,4054
2299,0,80,1000,500,735,0,0,0,0,0,0,0,0,0,0,-104.77633666992188,1,0,0,0,160,0,0,0,0,0,0,4054
2300,0,81,1000,500,735,0,0,0,0,0,0,0,0,0,0,-104.77633666992188,1,0,0,0,160,0,0,0,0,0,0,4054
2301,0,82,1000,500,735,0,0,0,0,0,0,0,0,0,0,-104.77633666992188,1,0,0,0,160,0,0,0,0,0,0,4054
2302,0,83,1000,500,735,0,0,0,0,0,0,0,0,0,0,-104.77633666992188,1,0,0,0,160,0,0,0,0,0,0,4054
2303,0,84,1000,500,735,0,0,0,0,0,0,0,0,0,0,-104.77633666992188,1,0,0,0,160,0,0,0,0,0,0,4054
2304,0,85,1000,500,735,0,0,0,0,0,0,0,0,0,0,-104.77633666992188,1,0,0,0,160,0,0,0,0,0,0,4054
2305,0,86,1000,500,735,0,0,0,0,0,0,0,0,0,0,-104.77633666992188,1,0,0,0,160,0,0,0,0,0,0,4054
2306,0,87,1000,500,735,0,0,0,0,0,0,0,0,0,0,-104.77633666992188,1,0,0,0,160,0,0,0,0,0,0,4054
2307,0,88,1000,500,735,0,0,0,0,0,0,0,0,0,0,-104.77633666992188,1,0,0,0,160,0,0,0,0,0,0,4054
2308,0,89,1000,500,735,0,0,0,0,0,0,0,0,0,0,-104.77633666992188,1,0,0,0,160,0,0,0,0,0,0,4054
2309,0,90,1000,500,735,0,0,0,0,0,0,0,0,0,0,-104.77633666992188,1,0,0,0,160,0,0,0,0,0,0,4054
2310,0,91,1000,500,735,0,0,0,0,0,0,0,0,0,0,-104.77633666992188,1,0,0,0,160,0,0,0,0,0,0,4054
2311,0,92,1000,500,735,0,0,0,0,0,0,0,0,0,0,-104.77633666992188,1,0,0,0,160,0,0,0,0,0,0,4054
2312,0,93,1000,500,735,0,0,0,0,0,0,0,0,0,0,-104.77633666992188,1,0,0,0,160,0,0,0,0,0,0,4054
2313,0,94,1000,500,735,0,0,0,0,0,0,0,0,0,0,-104.77633666992188,1,0,0,0,160,0,0,0,0,0,0,4054
2314,0,95,1000,500,735,0,0,0,0,0,0,0,0,0,0,-104.77633666992188,1,0,0,0,160,0,0,0,0,0,0,4054
2315,0,96,1000,500,735,0,0,0,0,0,0,0,0,0,0,-104.77633666992188,1,0,0,0,160,0,0,0,0,0,0,4054
2316,0,97,1000,500,735,0,0,0,0,0,0,0,0,0,0,-104.77633666992188,1,0,0,0,160,0,0,0,0,0,0,4054
2317,0,98,1000,500,735,0,0,0,0,0,0,0,0,0,0,-104.77633666992188,1,0,0,0,160,0,0,0,0,0,0,4054
2318,0,99,1000,500,735,0,0,0,0,0,0,0,0,0,0,-104.77633666992188,1,0,0,0,160,0,0,0,0,0,0,4054
2319,0,100,1000,500,735,0,0,0,0,0,0,0,0,0,0,-104.77633666992188,1,0,0,0,160,0,0,0,0,0,0,4054
2320,0,101,1000,500,735,0,0,0,0,0,0,0,0,0,0,-104.77633666992188,1,0,0,0,160,0,0,0,0,0,0,4054
2321,0,102,1000,500,735,0,0,0,0,0,0,0,0,0,0,-104.77633666992188,1,0,0,0,160,0,0,0,0,0,0,4054
2322,0,103,1000,500,735,0,0,0,0,0,0,0,0,0,0,-104.77633666992188,1,0,0,0,160,0,0,0,0,0,0,4054
2323,0,104,1000,500,735,0,0,0,0,0,0,0,0,0,0,-104.77633666992188,1,0,0,0,160,0,0,0,0,0,0,4054
2324,0,105,1000,500,735,0,0,0,0,0,0,0,0,0,0,-104.77633666992188,1,0,0,0,160,0,0,0,0,0,0,4054
2325,0,106,1000,500,735,0,0,0,0,0,0,0,0,0,0,-104.77633666992188,1,0,0,0,160,0,0,0,0,0,0,4054
2326,0,107,1000,500,735,0,0,0,0,0,0,0,0,0,0,-104.77633666992188,1,0,0,0,160,0,0,0,0,0,0,4054
2327,0,108,1000,500,735,0,0,0,0,0,0,0,0,0,0,-104.77633666992188,1,0,0,0,160,0,0,0,0,0,0,4054
2328,0,109,1000,500,735,0,0,0,0,0,0,0,0,0,0,-104.77633666992188,1,0,0,0,160,0,0,0,0,0,0,4054
2329,0,110,1000,500,735,0,0,0,0,0,0,0,0,0,0,-104.77633666992188,1,0,0,0,160,0,0,0,0,0,0,4054
2330,0,111,1000,500,735,0,0,0,0,0,0,0,0,0,0,-104.77633666992188,1,0,0,0,160,0,0,0,0,0,0,4054
2331,0,112,1000,500,735,0,0,0,0,0,0,0,0,0,0,-104.77633666992188,1,0,0,0,160,0,0,0,0,0,0,4054
2332,0,113,1000,500,735,0,0,0,0,0,0,0,0,0,0,-104.77633666992188,1,0,0,0,160,0,0,0,0,0,0,4054
2333,0,114,1000,500,735,0,0,0,0,0,0,0,0,0,0,-104.77633666992188,1,0,0,0,160,0,0,0,0,0,0,4054
2334,0,115,1000,500,735,0,0,0,0,0,0,0,0,0,0,-104.77633666992188,1,0,0,0,160,0,0,0,0,0,0,4054
2335,0,116,1000,500,735,0,0,0,0,0,0,0,0,0,0,-104.77633666992188,1,0,0,0,160,0,0,0,0,0,0,4054
2336,0,117,1000,500,735,0,0,0,0,0,0,0,0,0,0,-104.77633666992188,1,0,0,0,160,0,0,0,0,0,0,4054
2337,0,118,1000,500,735,0,0,0,0,0,0,0,0,0,0,-104.77633666992188,1,0,0,0,160,0,0,0,0,0,0,4054
2338,0,119,1000,500,735,0,0,0,0,0,0,0,0,0,0,-104.77633666992188,1,0,0,0,160,0,0,0,0,0,0,4054
2339,0,120,1000,500,735,0,0,0,0,0,0,0,0,0,0,-104.77633666992188,1,0,0,0,160,0,0,0,0,0,0,4054
2340,0,121,1000,500,735,0,0,0,0,0,0,0,0,0,0,-104.77633666992188,1,0,0,0,160,0,0,0,0,0,0,4054
2341,0,122,1000,500,735,0,0,0,0,0,0,0,0,0,0,-104.77633666992188,1,0,0,0,160,0,0,0,0,0,0,4054
2342,0,123,1000,500,735,0,0,0,0,0,0,0,0,0,0,-104.77633666992188,1,0,0,0,160,0,0,0,0,0,0,4054
2343,0,124,1000,500,735,0,0,0,0,0,0,0,0,0,0,-104.77633666992188,1,0,0,0,160,0,0,0,0,0,0,4054
2344,0,125,1000,500,735,0,0,0,0,0,0,0,0,0,0,-104.77633666992188,1,0,0,0,160,0,0,0,0,0,0,4054
2345,0,126,1000,500,735,0,0,0,0,0,0,0,0,0,0,-104.77633666992188,1,0,0,0,160,0,0,0,0,0,0,4054
2346,0,127,1000,500,735,0,0,0,0,0,0,0,0,0,0,-104.77633666992188,1,0,0,0,160,0,0,0,0,0,0,4054
2347,0,128,1000,500,735,0,0,0,0,0,0,0,0,0,0,-104.77633666992188,1,0,0,0,160,0,0,0,0,0,0,4054
2348,0,129,1000,500,735,0,0,0,0,0,0,0,0,0,0,-104.77633666992188,1,0,0,0,160,0,0,0,0,0,0,4054
2349,0,130,1000,500,735,0,0,0,0,0,0,0,0,0,0,-104.77633666992188,1,0,0,0,160,0,0,0,0,0,0,4054
2350,0,131,1000,500,735,0,0,0,0,0,0,0,0,0,0,-104.77633666992188,1,0,0,0,160,0,0,0,0,0,0,4054
2351,0,132,1000,500,735,0,0,0,0,0,0,0,0,0,0,-104.77633666992188,1,0,0,0,160,0,0,0,0,0,0,4054
2352,0,133,1000,500,735,0,0,0,0,0,0,0,0,0,0,-104.77633666992188,1,0,0,0,160,0,0,0,0,0,0,4054
2353,0,134,1000,500,735,0,0,0,0,0,0,0,0,0,0,-104.77633666992188,1,0,0,0,160,0,0,0,0,0,0,4054
2354,0,135,1000,500,735,0,0,0,0,0,0,0,0,0,0,-104.77633666992188,1,0,0,0,160,0,0,0,0,0,0,4054
2355,0,136,1000,500,735,0,0,0,0,0,0,0,0,0,0,-104.77633666992188,1,0,0,0,160,0,0,0,0,0,0,4054
2356,0,137,1000,500,735,0,0,0,0,0,0,0,0,0,0,-104.77633666992188,1,0,0,0,160,0,0,0,0,0,0,4054
2357,0,138,1000,500,735,0,0,0,0,0,0,0,0,0,0,-104.77633666992188,1,0,0,0,160,0,0,0,0,0,0,4054
2358,0,139,1000,500,735,0,0,0,0,0,0,0,0,0,0,-104.77633666992188,1,0,0,0,160,0,0,0,0,0,0,4054
2359,0,140,1000,500,735,0,0,0,0,0,0,0,0,0,0,-104.77633666992188,1,0,0,0,160,0,0,0,0,0,0,4054
2360,0,141,1000,500,735,0,0,0,0,0,0,0,0,0,0,-104.77633666992188,1,0,0,0,160,0,0,0,0,0,0,4054
2361,0,142,1000,500,735,0,0,0,0,0,0,0,0,0,0,-104.77633666992188,1,0,0,0,160,0,0,0,0,0,0,4054
2362,0,143,1000,500,735,0,0,0,0,0,0,0,0,0,0,-104.77633666992188,1,0,0,0,160,0,0,0,0,0,0,4054
2363,0,144,1000,500,735,0,0,0,0,0,0,0,0,0,0,-104.77633666992188,1,0,0,0,160,0,0,0,0,0,0,4054
2364,0,145,1000,500,735,0,0,0,0,0,0,0,0,0,0,-104.77633666992188,1,0,0,0,160,0,0,0,0,0,0,4054
2365,0,146,1000,500,735,0,0,0,0,0,0,0,0,0,0,-104.77633666992188,1,0,0,0,160,0,0,0,0,0,0,4054
2366,0,147,1000,500,735,0,0,0,0,0,0,0,0,0,0,-104.77633666992188,1,0,0,0,160,0,0,0,0,0,0,4054
2367,0,148,1000,500,735,0,0,0,0,0,0,0,0,0,0,-104.77633666992188,1,0,0,0,160,0,0,0,0,0,0,4054
2368,0,149,1000,500,735,0,0,0,0,0,0,0,0,0,0,-104.77633666992188,1,0,0,0,160,0,0,0,0,0,0,4054
2369,0,150,1000,500,735,0,0,0,0,0,0,0,0,0,0,-104.77633666992188,1,0,0,0,160,0,0,0,0,0,0,4054
2370,0,151,1000,500,735,0,0,0,0,0,0,0,0,0,0,-104.77633666992188,1,0,0,0,160,0,0,0,0,0,0,4054
2371,0,152,1000,500,735,0,0,0,0,0,0,0,0,0,0,-104.77633666992188,1,0,0,0,160,0,0,0,0,0,0,4054
2372,0,153,1000,500,735,0,0,0,0,0,0,0,0,0,0,-104.77633666992188,1,0,0,0,160,0,0,0,0,0,0,4054
2373,0,154,1000,500,735,0,0,0,0,0,0,0,0,0,0,-104.77633666992188,1,0,0,0,160,0,0,0,0,0,0,4054
2374,0,155,1000,500,735,0,0,0,0,0,0,0,0,0,0,-104.77633666992188,1,0,0,0,160,0,0,0,0,0,0,4054
2375,0,156,1000,500,735,0,0,0,0,0,0,0,0,0,0,-104.77633666992188,1,0,0,0,160,0,0,0,0,0,0,4054
2376,0,157,1000,500,735,0,0,0,0,0,0,0,0,0,0,-104.77633666992188,1,0,0,0,160,0,0,0,0,0,0,4054
2377,0,158,1000,500,735,0,0,0,0,0,0,0,0,0,0,-104.77633666992188,1,0,0,0,160,0,0,0,0,0,0,4054
2378,0,159,1000,500,735,0,0,0,0,0,0,0,0,0,0,-104.77633666992188,1,0,0,0,160,0,0,0,0,0,0,4054
2379,0,160,1000,500,735,0,0,0,0,0,0,0,0,0,0,-104.77633666992188,1,0,0,0,160,0,0,0,0,0,0,4054
2380,0,161,1000,500,735,0,0,0,0,0,0,0,0,0,0,-104.77633666992188,1,0,0,0,160,0,0,0,0,0,0,4054
2381,0,162,1000,500,735,0,0,0,0,0,0,0,0,0,0,-104.77633666992188,1,0,0,0,160,0,0,0,0,0,0,4054
2382,0,163,1000,500,735,0,0,0,0,0,0,0,0,0,0,-104.77633666992188,1,0,0,0,160,0,0,0,0,0,0,4054
2383,0,164,1000,500,735,0,0,0,0,0,0,0,0,0,0,-104.77633666992188,1,0,0,0,160,0,0,0,0,0,0,4054
2384,0,165,1000,500,735,0,0,0,0,0,0,0,0,0,0,-104.77633666992188,1,0,0,0,160,0,0,0,0,0,0,4054
2385,0,166,1000,500,735,0,0,0,0,0,0,0,0,0,0,-104.77633666992188,1,0,0,0,160,0,0,0,0,0,0,4054
2386,0,167,1000,500,735,0,0,0,0,0,0,0,0,0,0,-104.77633666992188,1,0,0,0,160,0,0,0,0,0,0,4054
2387,0,168,1000,500,735,0,0,0,0,0,0,0,0,0,0,-104.77633666992188,1,0,0,0,160,0,0,0,0,0,0,4054
2388,0,169,1000,500,735,0,0,0,0,0,0,0,0,0,0,-104.77633666992188,1,0,0,0,160,0,0,0,0,0,0,4054
2389,0,170,1000,500,735,0,0,0,0,0,0,0,0,0,0,-104.77633666992188,1,0,0,0,160,0,0,0,0,0,0,4054
2390,0,171,1000,500,735,0,0,0,0,0,0,0,0,0,0,-104.77633666992188,1,0,0,0,160,0,0,0,0,0,0,4054
2391,0,172,1000,500,735,0,0,0,0,0,0,0,0,0,0,-104.77633666992188,1,0,0,0,160,0,0,0,0,0,0,4054
2392,0,173,1000,500,735,0,0,0,0,0,0,0,0,0,0,-104.77633666992188,1,0,0,0,160,0,0,0,0,0,0,4054
2393,0,174,1000,500,735,0,0,0,0,0,0,0,0,0,0,-104.77633666992188,1,0,0,0,160,0,0,0,0,0,0,4054
2394,0,175,1000,500,735,0,0,0,0,0,0,0,0,0,0,-104.77633666992188,1,0,0,0,160,0,0,0,0,0,0,4054
2395,0,176,1000,500,735,0,0,0,0,0,0,0,0,0,0,-104.77633666992188,1,0,0,0,160,0,0,0,0,0,0,4054
2396,0,177,1000,500,735,0,0,0,0,0,0,0,0,0,0,-104.77633666992188,1,0,0,0,160,0,0,0,0,0,0,4054
2397,0,178,1000,500,735,0,0,0,0,0,0,0,0,0,0,-104.77633666992188,1,0,0,0,160,0,0,0,0,0,0,4054
2398,0,179,1000,500,735,0,0,0,0,0,0,0,0,0,0,-104.77633666992188,1,0,0,0,160,0,0,0,0,0,0,4054
2399,0,180,1000,500,735,0,0,0,0,0,0,0,0,0,0,-104.77633666992188,1,0,0,0,160,0,0,0,0,0,0,4054
2400,0,181,1000,500,735,0,0,0,0,0,0,0,0,0,0,-104.77633666992188,1,0,0,0,160,0,0,0,0,0,0,4054
2401,0,182,1000,500,735,0,0,0,0,0,0,0,0,0,0,-104.77633666992188,1,0,0,0,160,0,0,0,0,0,0,4054
2402,0,183,1000,500,735,0,0,0,0,0,0,0,0,0,0,-104.77633666992188,1,0,0,0,160,0,0,0,0,0,0,4054
2403,0,184,1000,500,735,0,0,0,0,0,0,0,0,0,0,-104.77633666992188,1,0,0,0,160,0,0,0,0,0,0,4054
2404,0,185,1000,500,735,0,0,0,0,0,0,0,0,0,0,-104.77633666992188,1,0,0,0,160,0,0,0,0,0,0,4054
2405,0,186,1000,500,735,0,0,0,0,0,0,0,0,0,0,-104.77633666992188,1,0,0,0,160,0,0,0,0,0,0,4054
2406,0,187,1000,500,735,0,0,0,0,0,0,0,0,0,0,-104.77633666992188,1,0,0,0,160,0,0,0,0,0,0,4054
2407,0,188,1000,500,735,0,0,0,0,0,0,0,0,0,0,-104.77633666992188,1,0,0,0,160,0,0,0,0,0,0,4054
2408,0,189,1000,500,735,0,0,0,0,0,0,0,0,0,0,-104.77633666992188,1,0,0,0,160,0,0,0,0,0,0,4054
2409,0,190,1000,500,735,0,0,0,0,0,0,0,0,0,0,-104.77633666992188,1,0,0,0,160,0,0,0,0,0,0,4054
2410,0,1,3000,500,1000,0,0,0,0,0,0,0,0,0,0,-122.25,-1,0,0,0,160,0,0,0,0,0,0,1000
2411,0,2,3000,500,1000,0,0,0,0,0,0,0,0,0,0,-118.3125,-1,0,0,0,160,0,0,0,0,0,0,1000
2412,0,3,3000,500,1000,0,0,0,0,0,0,0,0,0,0,-117.328125,-1,0,0,0,160,0,0,0,0,0,0,1000
2413,0,4,3000,500,1000,0,0,0,0,0,0,0,0,0,0,-117.08203125,-1,0,0,0,160,0,0,0,0,0,0,1000
2414,0,5,3000,500,1000,0,0,0,0,0,0,0,0,0,0,-117.0205078125,-1,0,0,0,160,0,0,0,0,0,0,1000
2415,0,6,3000,500,1000,0,0,0,0,0,0,0,0,0,0,-117.005126953125,-1,0,0,0,160,0,0,0,0,0,0,1000
2416,0,7,3000,500,1000,0,0,0,0,0,0,0,0,0,0,-117.00128173828125,-1,0,0,0,160,0,0,0,0,0,0,1000
2417,0,8,3000,500,1000,0,0,0,0,0,0,0,0,0,0,-117.00032043457031,-1,0,0,0,160,0,0,0,0,0,0,1000
2418,0,9,3000,500,1000,0,0,0,0,0,0,0,0,0,0,-117.00007629394531,-1,0,0,0,160,0,0,0,0,0,0,1000
2419,10,1,3000,500,1000,0,0,0,0,0,0,0,0,0,0,-117.00001525878906,-1,0,0,0,160,0,0,0,0,0,0,1000
2420,10,2,3000,500,1000,0,0,0,0,0,0,0,0,0,0,-117,-1,0,0,0,160,0,0,0,0,0,0,1000
2421,10,3,3000,500,1000,0,0,0,0,0,0,0,0,0,0,-117,-1,0,0,0,160,0,0,0,0,0,0,1000
2422,10,4,3000,500,1000,0,0,0,0,0,0,0,0,0,0,-117,-1,0,0,0,160,0,0,0,0,0,0,1000
2423,10,5,3000,500,1000,0,0,0,0,0,0,0,0,0,0,-117,-1,0,0,0,160,0,0,0,0,0,0,1000
2424,10,6,3000,500,1000,0,0,0,0,0,0,0,0,0,0,-117,-1,0,0,0,160,0,0,0,0,0,0,1000
2425,1000,1,3000,500,1000,0,0,0,0,0,0,0,0,0,0,-117,-1,0,0,0,160,0,0,0,0,0,0,1000
2426,1000,2,3000,500,1000,0,0,0,0,0,0,0,0,0,0,-117,-1,0,0,0,160,0,0,0,0,0,0,1000
2427,1000,3,3000,500,1000,0,0,0,0,0,0,0,0,0,0,-117,-1,0,0,0,160,0,0,0,0,0,0,1000
2428,1000,4,3000,500,1000,0,0,0,0,0,0,0,0,0,0,-119.5,-1,0,0,0,160,0,0,0,0,-6,0,1000
2429,1000,5,3000,500,1000,0,0,0,0,0,0,0,0,0,0,-120.5,-1,0,0,0,160,0,0,0,0,-11.5,0,1000
2430,1000,6,3000,500,1000,0,0,0,0,0,0,0,0,0,0,-120.75,-1,0,0,0,160,0,0,0,0,-16.5,0,1000
2431,1000,7,3000,500,1000,0,0,0,0,0,0,0,0,0,0,-120.8125,-1,0,0,0,160,0,0,0,0,-21,0,1000
2432,1000,8,3000,500,1000,0,0,0,0,0,0,0,0,0,0,-120.828125,-1,0,0,0,160,0,0,0,0,-25,0,1000
2433,1000,9,3000,500,1000,0,0,0,0,0,0,0,0,0,0,-120.83203125,-1,0,0,0,160,0,0,0,0,-28.5,0,1000
2434,1000,10,3000,500,1000,0,0,0,0,0,0,0,0,0,0,-120.8330078125,-1,0,0,0,160,0,0,0,0,-31.5,0,1000
2435,1000,11,3000,500,1000,0,0,0,0,0,0,0,0,0,0,-120.833251953125,-1,0,0,0,160,0,0,0,0,-34,0,1000
2436,1000,12,3000,500,1000,0,0,0,0,0,0,0,0,0,0,-120.83331298828125,-1,0,0,0,160,0,0,0,0,-36,0,1000
2437,1000,13,3000,500,1000,0,0,0,0,0,0,0,0,0,0,-120.83332824707031,-1,0,0,0,160,0,0,0,0,-37.5,0,1000
2438,1000,14,3000,500,1000,0,0,0,0,0,0,0,0,0,0,-120.83332824707031,-1,0,0,0,160,0,0,0,0,-38.5,0,1000
2439,1000,15,3000,500,1000,0,0,0,0,0,0,0,0,0,0,-120.83332824707031,-1,0,0,0,160,0,0,0,0,-39,0,1000
2440,1000,16,3000,500,1000,0,0,0,0,0,0,0,0,0,0,-120.83332824707031,-1,0,0,0,160,0,0,0,0,-39,0,1000
2441,1000,17,3000,500,1000,0,0,0,0,0,0,0,0,0,0,-120.83332824707031,-1,0,0,0,160,0,0,0,0,-38.5,0,1000
2442,1000,18,3000,500,1000,0,0,0,0,0,0,0,0,0,0,-120.83332824707031,-1,0,0,0,160,0,0,0,0,-37.5,0,1000
2443,1000,19,3000,500,1000,0,0,0,0,0,0,0,0,0,0,-120.83332824707031,-1,0,0,0,160,0,0,0,0,-36,0,1000
2444,1000,20,3000,500,1000,0,0,0,0,0,0,0,0,0,0,-120.83332824707031,-1,0,0,0,160,0,0,0,0,-34,0,1000
2445,1000,21,3000,500,1000,0,0,0,0,0,0,0,0,0,0,-120.83332824707031,-1,0,0,0,160,0,0,0,0,-31.5,0,1000
2446,1000,22,3000,500,1000,0,0,0,0,0,0,0,0,0,0,-120.83332824707031,-1,0,0,0,160,0,0,0,0,-28.5,0,1000
2447,1000,22,4030,500,936,0,0,0,0,0,0,0,0,0,0,-120.83332824707031,-1,0,0,0,160,0,0,0,0,-28.5,0,2018
2448,1000,22,4030,500,936,0,0,0,0,0,0,0,0,0,0,-120.83332824707031,-1,0,0,0,160,0,0,0,0,-28.5,0,2018
2449,1000,22,4030,500,936,0,0,0,0,0,0,0,0,0,0,-120.83332824707031,-1,0,0,0,160,0,0,0,0,-28.5,0,2018
2450,1000,22,4030,500,936,0,0,0,0,0,0,0,0,0,0,-120.83332824707031,-1,0,0,0,160,0,0,0,0,-28.5,0,2018
2451,1000,22,4030,500,936,0,0,0,0,0,0,0,0,0,0,-120.83332824707031,-1,0,0,0,160,0,0,0,0,-28.5,0,2018
2452,1000,22,4030,500,936,0,0,0,0,0,0,0,0,0,0,-120.83332824707031,-1,0,0,0,160,0,0,0,0,-28.5,0,2018
2453,1000,23,4030,500,936,0,0,0,0,0,0,0,0,0,0,-118.13333129882812,-1,0,0,0,160,0,0,0,0,-25,0,2018
2454,1000,24,4030,500,936,0,0,0,0,0,0,0,0,0,0,-116.99333190917969,-1,0,0,0,160,0,0,0,0,-21,0,2018
2455,1000,25,4030,500,936,0,0,0,0,0,0,0,0,0,0,-116.94532775878906,-1,0,0,0,160,0,0,0,0,-16.5,0,2018
2456,1000,26,4030,500,936,0,0,0,0,0,0,0,0,0,0,-113.66172790527344,-1,0,0,0,160,0,0,0,0,-11.5,0,2018
2457,1000,27,4030,500,936,0,0,0,0,0,0,0,0,0,0,-110.9132080078125,-1,0,0,0,156,0,0,0,0,-6,0,2018
2458,1000,28,4030,500,936,0,0,0,0,0,0,0,0,0,0,-109.4132080078125,-1,0,0,0,152,0,0,0,0,0,0,2018
2459,1000,29,4030,500,936,0,0,0,0,0,0,0,0,0,0,-107.9132080078125,-1,0,0,0,148,0,0,0,0,6.5,0,2018
2460,1000,30,4030,500,936,0,0,0,0,0,0,0,0,0,0,-103.9132080078125,-1,0,0,0,144,0,0,0,0,0,0,2018
2461,1000,31,4030,500,936,0,0,0,0,0,0,0,0,0,0,-99.9132080078125,-1,0,0,0,140,0,0,0,0,0,0,2018
2462,1000,32,4030,500,936,0,0,0,0,0,0,0,0,0,0,-95.9132080078125,-1,0,0,0,136,0,0,0,0,0,0,2018
2463,1000,33,4030,500,936,0,0,0,0,0,0,0,0,0,0,-91.9132080078125,-1,0,0,0,132,0,0,0,0,0,0,2018
2464,1000,34,4030,500,936,0,0,0,0,0,0,0,0,0,0,-87.9132080078125,-1,0,0,0,128,0,0,0,0,0,0,2018
2465,1000,35,4030,500,936,0,0,0,0,0,0,0,0,0,0,-83.9132080078125,-1,0,0,0,124,0,0,0,0,0,0,2018
2466,1000,36,4030,500,936,0,0,0,0,0,0,0,0,0,0,-79.9132080078125,-1,0,0,0,120,0,0,0,0,0,0,2018
2467,1000,37,4030,500,936,0,0,0,0,0,0,0,0,0,0,-75.9132080078125,-1,0,0,0,116,0,0,0,0,0,0,2018
2468,1000,38,4030,500,936,0,0,0,0,0,0,0,0,0,0,-71.9132080078125,-1,0,0,0,112,0,0,0,0,0,0,2018
2469,1000,39,4030,500,936,0,0,0,0,0,0,0,0,0,0,-71.9132080078125,-1,0,0,0,108,0,0,0,0,0,0,2018
2470,1000,40,4030,500,936,0,0,0,0,0,0,0,0,0,0,-71.9132080078125,-1,0,0,0,108,0,0,0,0,0,0,2018
2471,1000,41,4030,500,936,0,0,0,0,0,0,0,0,0,0,-71.9132080078125,-1,0,0,0,108,0,0,0,0,0,0,2018
2472,1000,42,4030,500,936,0,0,0,0,0,0,0,0,0,0,-71.9132080078125,-1,0,0,0,108,0,0,0,0,0,0,2018
2473,0,1,4030,500,936,0,0,0,0,0,0,0,0,0,0,-71.9132080078125,-1,0,0,0,108,0,0,0,0,0,0,2018
2474,0,2,4030,500,936,0,0,0,0,0,0,0,0,0,0,-71.9132080078125,-1,0,0,0,108,0,0,0,0,0,0,2018
2475,0,3,4030,500,936,0,0,0,0,0,0,0,0,0,0,-71.9132080078125,-1,0,0,0,108,0,0,0,0,0,0,2018
2476,0,4,4030,500,936,0,0,0,0,0,0,0,0,0,0,-71.9132080078125,-1,0,0,0,108,0,0,0,0,0,0,2018
2477,0,5,4030,500,936,0,0,0,0,0,0,0,0,0,0,-68.9132080078125,-1,0,0,0,108,0,0,0,0,0,0,2018
2478,0,6,4030,500,936,0,0,0,0,0,0,0,0,0,0,-65.9132080078125,-1,0,0,0,105,0,0,0,0,0,0,2018
2479,0,7,4030,500,936,0,0,0,0,0,0,0,0,0,0,-62.913211822509766,-1,0,0,0,102,0,0,0,0,0,0,2018
2480,0,8,4030,500,936,0,0,0,0,0,0,0,0,0,0,-59.913211822509766,-1,0,0,0,99,0,0,0,0,0,0,2018
2481,0,9,4030,500,936,0,0,0,0,0,0,0,0,0,0,-56.913211822509766,-1,0,0,0,96,0,0,0,0,0,0,2018
2482,0,10,4030,500,936,0,0,0,0,0,0,0,0,0,0,-53.913211822509766,-1,0,0,0,93,0,0,0,0,0,0,2018
2483,0,11,4030,500,936,0,0,0,0,0,0,0,0,0,0,-50.913211822509766,-1,0,0,0,90,0,0,0,0,0,0,2018
2484,0,12,4030,500,936,0,0,0,0,0,0,0,0,0,0,-47.913211822509766,-1,0,0,0,87,0,0,0,0,0,0,2018
2485,0,13,4030,500,936,0,0,0,0,0,0,0,0,0,0,-44.913211822509766,-1,0,0,0,84,0,0,0,0,0,0,2018
2486,0,14,4030,500,936,0,0,0,0,0,0,0,0,0,0,-41.913211822509766,-1,0,0,0,81,0,0,0,0,0,0,2018
2487,0,15,4030,500,936,0,0,0,0,0,0,0,0,0,0,-38.913211822509766,-1,0,0,0,78,0,0,0,0,0,0,2018
2488,0,16,4030,500,936,0,0,0,0,0,0,0,0,0,0,-35.913211822509766,-1,0,0,0,75,0,0,0,0,0,0,2018
2489,0,17,4030,500,936,0,0,0,0,0,0,0,0,0,0,-32.913211822509766,-1,0,0,0,72,0,0,0,0,0,0,2018
2490,0,18,4030,500,936,0,0,0,0,0,0,0,0,0,0,-29.913211822509766,-1,0,0,0,69,0,0,0,0,0,0,2018
2491,0,19,4030,500,936,0,0,0,0,0,0,0,0,0,0,-26.913211822509766,-1,0,0,0,66,0,0,0,0,0,0,2018
2492,0,20,4030,500,936,0,0,0,0,0,0,0,0,0,0,-23.913211822509766,-1,0,0,0,63,0,0,0,0,0,0,2018
2493,0,21,4030,500,936,0,0,0,0,0,0,0,0,0,0,-20.913211822509766,-1,0,0,0,60,0,0,0,0,0,0,2018
2494,0,22,4030,500,936,0,0,0,0,0,0,0,0,0,0,-17.913211822509766,-1,0,0,0,57,0,0,0,0,0,0,2018
2495,0,23,4030,500,936,0,0,0,0,0,0,0,0,0,0,-14.913211822509766,-1,0,0,0,54,0,0,0,0,0,0,2018
2496,0,24,4030,500,936,0,0,0,0,0,0,0,0,0,0,-11.913211822509766,-1,0,0,0,51,0,0,0,0,0,0,2018
2497,0,25,4030,500,936,0,0,0,0,0,0,0,0,0,0,-9.413211822509766,-1,0,0,0,48,0,0,0,0,0,0,2018
2498,0,26,4030,500,936,0,0,0,0,0,0,0,0,0,0,-7.163211822509766,-1,0,0,0,45.5,0,0,0,0,0,0,2018
2499,0,27,4030,500,936,0,0,0,0,0,0,0,0,0,0,-5.163211822509766,-1,0,0,0,43.25,0,0,0,0,0,0,2018
2500,0,28,4030,500,936,0,0,0,0,0,0,0,0,0,0,-3.6632118225097656,-1,0,0,0,41.25,0,0,0,0,0,0,2018
2501,0,29,4030,500,936,0,0,0,0,0,0,0,0,0,0,-2.4132118225097656,-1,0,0,0,39.75,0,0,0,0,0,0,2018
2502,0,30,4030,500,936,0,0,0,0,0,0,0,0,0,0,-1.1632118225097656,-1,0,0,0,38.5,0,0,0,0,0,0,2018
2503,0,31,4030,500,936,0,0,0,0,0,0,0,0,0,0,-0.16321182250976562,-1,0,0,0,37.25,0,0,0,0,0,0,2018
2504,0,32,4030,500,936,0,0,0,0,0,0,0,0,0,0,0.5867881774902344,-1,0,0,0,36.25,0,0,0,0,0,0,2018
2505,0,33,4030,500,936,0,0,0,0,0,0,0,0,0,0,1.3367881774902344,-1,0,0,0,35.5,0,0,0,0,0,0,2018
2506,0,34,4030,500,936,0,0,0,0,0,0,0,0,0,0,1.8367881774902344,-1,0,0,0,34.75,0,0,0,0,0,0,2018
2507,0,35,4030,500,936,0,0,0,0,0,0,0,0,0,0,2.3367881774902344,-1,0,0,0,34.25,0,0,0,0,0,0,2018
2508,0,36,4030,500,936,0,0,0,0,0,0,0,0,0,0,2.8367881774902344,-1,0,0,0,33.75,0,0,0,0,0,0,2018
2509,0,37,4030,500,936,0,0,0,0,0,0,0,0,0,0,3.3367881774902344,-1,0,0,0,33.25,0,0,0,0,0,0,2018
2510,0,38,4030,500,936,0,0,0,0,0,0,0,0,0,0,3.5867881774902344,-1,0,0,0,32.75,0,0,0,0,0,0,2018
2511,0,39,4030,500,936,0,0,0,0,0,0,0,0,0,0,3.8367881774902344,-1,0,0,0,32.5,0,0,0,0,0,0,2018
2512,0,40,4030,500,936,0,0,0,0,0,0,0,0,0,0,4.086788177490234,-1,0,0,0,32.25,0,0,0,0,0,0,2018
2513,0,41,4030,500,936,0,0,0,0,0,0,0,0,0,0,4.336788177490234,-1,0,0,0,32,0,0,0,0,0,0,2018
2514,0,42,4030,500,936,0,0,0,0,0,0,0,0,0,0,4.586788177490234,-1,0,0,0,31.75,0,0,0,0,0,0,2018
2515,0,43,4030,500,936,0,0,0,0,0,0,0,0,0,0,4.836788177490234,-1,0,0,0,31.5,0,0,0,0,0,0,2018
2516,0,44,4030,500,936,0,0,0,0,0,0,0,0,0,0,5.086788177490234,-1,0,0,0,31.25,0,0,0,0,0,0,2018
2517,0,45,4030,500,936,0,0,0,0,0,0,0,0,0,0,5.336788177490234,-1,0,0,0,31,0,0,0,0,0,0,2018
2518,0,46,4030,500,936,0,0,0,0,0,0,0,0,0,0,5.336788177490234,-1,0,0,0,30.75,0,0,0,0,0,0,2018
2519,0,47,4030,500,936,0,0,0,0,0,0,0,0,0,0,5.336788177490234,-1,0,0,0,30.75,0,0,0,0,0,0,2018
2520,0,48,4030,500,936,0,0,0,0,0,0,0,0,0,0,5.336788177490234,-1,0,0,0,30.75,0,0,0,0,0,0,2018
2521,0,49,4030,500,936,0,0,0,0,0,0,0,0,0,0,5.336788177490234,-1,0,0,0,30.75,0,0,0,0,0,0,2018
2522,0,50,4030,500,936,0,0,0,0,0,0,0,0,0,0,5.336788177490234,-1,0,0,0,30.75,0,0,0,0,0,0,2018
2523,0,51,4030,500,936,0,0,0,0,0,0,0,0,0,0,5.336788177490234,-1,0,0,0,30.75,0,0,0,0,0,0,2018
2524,0,52,4030,500,936,0,0,0,0,0,0,0,0,0,0,5.336788177490234,-1,0,0,0,30.75,0,0,0,0,0,0,2018
2525,0,53,4030,500,936,0,0,0,0,0,0,0,0,0,0,5.336788177490234,-1,0,0,0,30.75,0,0,0,0,0,0,2018
2526,0,54,4030,500,936,0,0,0,0,0,0,0,0,0,0,5.336788177490234,-1,0,0,0,30.75,0,0,0,0,0,0,2018
2527,0,55,4030,500,936,0,0,0,0,0,0,0,0,0,0,5.336788177490234,-1,0,0,0,30.75,0,0,0,0,0,0,2018
2528,0,56,4030,500,936,0,0,0,0,0,0,0,0,0,0,5.336788177490234,-1,0,0,0,30.75,0,0,0,0,0,0,2018
2529,0,57,4030,500,936,0,0,0,0,0,0,0,0,0,0,5.336788177490234,-1,0,0,0,30.75,0,0,0,0,0,0,2018
2530,0,58,4030,500,936,0,0,0,0,0,0,0,0,0,0,5.336788177490234,-1,0,0,0,30.75,0,0,0,0,0,0,2018
2531,0,59,4030,500,936,0,0,0,0,0,0,0,0,0,0,5.336788177490234,-1,0,0,0,30.75,0,0,0,0,0,0,2018
2532,0,60,4030,500,936,0,0,0,0,0,0,0,0,0,0,5.336788177490234,-1,0,0,0,30.75,0,0,0,0,0,0,2018
2533,0,61,4030,500,936,0,0,0,0,0,0,0,0,0,0,5.336788177490234,-1,0,0,0,30.75,0,0,0,0,0,0,2018
2534,0,62,4030,500,936,0,0,0,0,0,0,0,0,0,0,5.336788177490234,-1,0,0,0,30.75,0,0,0,0,0,0,2018
2535,0,63,4030,500,936,0,0,0,0,0,0,0,0,0,0,5.336788177490234,-1,0,0,0,30.75,0,0,0,0,0,0,2018
2536,0,64,4030,500,936,0,0,0,0,0,0,0,0,0,0,5.336788177490234,-1,0,0,0,30.75,0,0,0,0,0,0,2018
2537,0,65,4030,500,936,0,0,0,0,0,0,0,0,0,0,5.336788177490234,-1,0,0,0,30.75,0,0,0,0,0,0,2018
2538,0,66,4030,500,936,0,0,0,0,0,0,0,0,0,0,5.336788177490234,-1,0,0,0,30.75,0,0,0,0,0,0,2018
2539,0,67,4030,500,936,0,0,0,0,0,0,0,0,0,0,5.336788177490234,-1,0,0,0,30.75,0,0,0,0,0,0,2018
2540,0,68,4030,500,936,0,0,0,0,0,0,0,0,0,0,5.336788177490234,-1,0,0,0,30.75,0,0,0,0,0,0,2018
2541,0,69,4030,500,936,0,0,0,0,0,0,0,0,0,0,5.336788177490234,-1,0,0,0,30.75,0,0,0,0,0,0,2018
2542,0,70,4030,500,936,0,0,0,0,0,0,0,0,0,0,5.336788177490234,-1,0,0,0,30.75,0,0,0,0,0,0,2018
2543,0,71,4030,500,936,0,0,0,0,0,0,0,0,0,0,5.336788177490234,-1,0,0,0,30.75,0,0,0,0,0,0,2018
2544,0,72,4030,500,936,0,0,0,0,0,0,0,0,0,0,5.336788177490234,-1,0,0,0,30.75,0,0,0,0,0,0,2018
2545,0,73,4030,500,936,0,0,0,0,0,0,0,0,0,0,5.336788177490234,-1,0,0,0,30.75,0,0,0,0,0,0,2018
2546,0,74,4030,500,936,0,0,0,0,0,0,0,0,0,0,5.336788177490234,-1,0,0,0,30.75,0,0,0,0,0,0,2018
2547,0,75,4030,500,936,0,0,0,0,0,0,0,0,0,0,5.336788177490234,-1,0,0,0,30.75,0,0,0,0,0,0,2018
2548,0,76,4030,500,936,0,0,0,0,0,0,0,0,0,0,5.336788177490234,-1,0,0,0,30.75,0,0,0,0,0,0,2018
2549,0,77,4030,500,936,0,0,0,0,0,0,0,0,0,0,5.336788177490234,-1,0,0,0,30.75,0,0,0,0,0,0,2018
2550,0,78,4030,500,936,0,0,0,0,0,0,0,0,0,0,5.336788177490234,-1,0,0,0,30.75,0,0,0,0,0,0,2018
2551,0,79,4030,500,936,0,0,0,0,0,0,0,0,0,0,5.336788177490234,-1,0,0,0,30.75,0,0,0,0,0,0,2018
2552,0,80,4030,500,936,0,0,0,0,0,0,0,0,0,0,5.336788177490234,-1,0,0,0,30.75,0,0,0,0,0,0,2018
2553,0,81,4030,500,936,0,0,0,0,0,0,0,0,0,0,5.336788177490234,-1,0,0,0,30.75,0,0,0,0,0,0,2018
2554,0,82,4030,500,936,0,0,0,0,0,0,0,0,0,0,5.336788177490234,-1,0,0,0,30.75,0,0,0,0,0,0,2018
2555,0,83,4030,500,936,0,0,0,0,0,0,0,0,0,0,5.336788177490234,-1,0,0,0,30.75,0,0,0,0,0,0,2018
2556,0,84,4030,500,936,0,0,0,0,0,0,0,0,0,0,5.336788177490234,-1,0,0,0,30.75,0,0,0,0,0,0,2018
2557,0,85,4030,500,936,0,0,0,0,0,0,0,0,0,0,5.336788177490234,-1,0,0,0,30.75,0,0,0,0,0,0,2018
2558,0,86,4030,500,936,0,0,0,0,0,0,0,0,0,0,5.336788177490234,-1,0,0,0,30.75,0,0,0,0,0,0,2018
2559,0,87,4030,500,936,0,0,0,0,0,0,0,0,0,0,5.336788177490234,-1,0,0,0,30.75,0,0,0,0,0,0,2018
2560,0,88,4030,500,936,0,0,0,0,0,0,0,0,0,0,5.336788177490234,-1,0,0,0,30.75,0,0,0,0,0,0,2018
2561,0,89,4030,500,936,0,0,0,0,0,0,0,0,0,0,5.336788177490234,-1,0,0,0,30.75,0,0,0,0,0,0,2018
2562,0,90,4030,500,936,0,0,0,0,0,0,0,0,0,0,5.336788177490234,-1,0,0,0,30.75,0,0,0,0,0,0,2018
2563,0,91,4030,500,936,0,0,0,0,0,0,0,0,0,0,5.336788177490234,-1,0,0,0,30.75,0,0,0,0,0,0,2018
2564,0,92,4030,500,936,0,0,0,0,0,0,0,0,0,0,5.336788177490234,-1,0,0,0,30.75,0,0,0,0,0,0,2018
2565,0,93,4030,500,936,0,0,0,0,0,0,0,0,0,0,5.336788177490234,-1,0,0,0,30.75,0,0,0,0,0,0,2018
2566,0,94,4030,500,936,0,0,0,0,0,0,0,0,0,0,5.336788177490234,-1,0,0,0,30.75,0,0,0,0,0,0,2018
2567,0,95,4030,500,936,0,0,0,0,0,0,0,0,0,0,5.336788177490234,-1,0,0,0,30.75,0,0,0,0,0,0,2018
2568,0,96,4030,500,936,0,0,0,0,0,0,0,0,0,0,5.336788177490234,-1,0,0,0,30.75,0,0,0,0,0,0,2018
2569,0,97,4030,500,936,0,0,0,0,0,0,0,0,0,0,5.336788177490234,-1,0,0,0,30.75,0,0,0,0,0,0,2018
2570,0,98,4030,500,936,0,0,0,0,0,0,0,0,0,0,5.336788177490234,-1,0,0,0,30.75,0,0,0,0,0,0,2018
2571,0,99,4030,500,936,0,0,0,0,0,0,0,0,0,0,5.336788177490234,-1,0,0,0,30.75,0,0,0,0,0,0,2018
2572,0,100,4030,500,936,0,0,0,0,0,0,0,0,0,0,5.336788177490234,-1,0,0,0,30.75,0,0,0,0,0,0,2018
2573,0,101,4030,500,936,0,0,0,0,0,0,0,0,0,0,5.336788177490234,-1,0,0,0,30.75,0,0,0,0,0,0,2018
2574,0,102,4030,500,936,0,0,0,0,0,0,0,0,0,0,5.336788177490234,-1,0,0,0,30.75,0,0,0,0,0,0,2018
2575,0,103,4030,500,936,0,0,0,0,0,0,0,0,0,0,5.336788177490234,-1,0,0,0,30.75,0,0,0,0,0,0,2018
2576,0,104,4030,500,936,0,0,0,0,0,0,0,0,0,0,5.336788177490234,-1,0,0,0,30.75,0,0,0,0,0,0,2018
2577,0,105,4030,500,936,0,0,0,0,0,0,0,0,0,0,5.336788177490234,-1,0,0,0,30.75,0,0,0,0,0,0,2018
2578,0,106,4030,500,936,0,0,0,0,0,0,0,0,0,0,5.336788177490234,-1,0,0,0,30.75,0,0,0,0,0,0,2018
2579,0,107,4030,500,936,0,0,0,0,0,0,0,0,0,0,5.336788177490234,-1,0,0,0,30.75,0,0,0,0,0,0,2018
2580,0,108,4030,500,936,0,0,0,0,0,0,0,0,0,0,5.336788177490234,-1,0,0,0,30.75,0,0,0,0,0,0,2018
2581,0,109,4030,500,936,0,0,0,0,0,0,0,0,0,0,5.336788177490234,-1,0,0,0,30.75,0,0,0,0,0,0,2018
2582,0,110,4030,500,936,0,0,0,0,0,0,0,0,0,0,5.336788177490234,-1,0,0,0,30.75,0,0,0,0,0,0,2018
2583,0,111,4030,500,936,0,0,0,0,0,0,0,0,0,0,5.336788177490234,-1,0,0,0,30.75,0,0,0,0,0,0,2018
2584,0,112,4030,500,936,0,0,0,0,0,0,0,0,0,0,5.336788177490234,-1,0,0,0,30.75,0,0,0,0,0,0,2018
2585,0,113,4030,500,936,0,0,0,0,0,0,0,0,0,0,5.336788177490234,-1,0,0,0,30.75,0,0,0,0,0,0,2018
2586,0,114,4030,500,936,0,0,0,0,0,0,0,0,0,0,5.336788177490234,-1,0,0,0,30.75,0,0,0,0,0,0,2018
2587,0,115,4030,500,936,0,0,0,0,0,0,0,0,0,0,5.336788177490234,-1,0,0,0,30.75,0,0,0,0,0,0,2018
2588,0,116,4030,500,936,0,0,0,0,0,0,0,0,0,0,5.336788177490234,-1,0,0,0,30.75,0,0,0,0,0,0,2018
2589,0,117,4030,500,936,0,0,0,0,0,0,0,0,0,0,5.336788177490234,-1,0,0,0,30.75,0,0,0,0,0,0,2018
2590,0,118,4030,500,936,0,0,0,0,0,0,0,0,0,0,5.336788177490234,-1,0,0,0,30.75,0,0,0,0,0,0,2018
2591,0,119,4030,500,936,0,0,0,0,0,0,0,0,0,0,5.336788177490234,-1,0,0,0,30.75,0,0,0,0,0,0,2018
2592,0,120,4030,500,936,0,0,0,0,0,0,0,0,0,0,5.336788177490234,-1,0,0,0,30.75,0,0,0,0,0,0,2018
2593,0,121,4030,500,936,0,0,0,0,0,0,0,0,0,0,5.336788177490234,-1,0,0,0,30.75,0,0,0,0,0,0,2018
2594,0,122,4030,500,936,0,0,0,0,0,0,0,0,0,0,5.336788177490234,-1,0,0,0,30.75,0,0,0,0,0,0,2018
2595,0,123,4030,500,936,0,0,0,0,0,0,0,0,0,0,5.336788177490234,-1,0,0,0,30.75,0,0,0,0,0,0,2018
2596,0,124,4030,500,936,0,0,0,0,0,0,0,0,0,0,5.336788177490234,-1,0,0,0,30.75,0,0,0,0,0,0,2018
2597,0,125,4030,500,936,0,0,0,0,0,0,0,0,0,0,5.336788177490234,-1,0,0,0,30.75,0,0,0,0,0,0,2018
2598,0,126,4030,500,936,0,0,0,0,0,0,0,0,0,0,5.336788177490234,-1,0,0,0,30.75,0,0,0,0,0,0,2018
2599,0,127,4030,500,936,0,0,0,0,0,0,0,0,0,0,5.336788177490234,-1,0,0,0,30.75,0,0,0,0,0,0,2018
2600,0,128,4030,500,936,0,0,0,0,0,0,0,0,0,0,5.336788177490234,-1,0,0,0,30.75,0,0,0,0,0,0,2018
2601,0,129,4030,500,936,0,0,0,0,0,0,0,0,0,0,5.336788177490234,-1,0,0,0,30.75,0,0,0,0,0,0,2018
2602,0,130,4030,500,936,0,0,0,0,0,0,0,0,0,0,5.336788177490234,-1,0,0,0,30.75,0,0,0,0,0,0,2018
2603,0,131,4030,500,936,0,0,0,0,0,0,0,0,0,0,5.336788177490234,-1,0,0,0,30.75,0,0,0,0,0,0,2018
2604,0,132,4030,500,936,0,0,0,0,0,0,0,0,0,0,5.336788177490234,-1,0,0,0,30.75,0,0,0,0,0,0,2018
2605,0,133,4030,500,936,0,0,0,0,0,0,0,0,0,0,5.336788177490234,-1,0,0,0,30.75,0,0,0,0,0,0,2018
2606,0,134,4030,500,936,0,0,0,0,0,0,0,0,0,0,5.336788177490234,-1,0,0,0,30.75,0,0,0,0,0,0,2018
2607,0,135,4030,500,936,0,0,0,0,0,0,0,0,0,0,5.336788177490234,-1,0,0,0,30.75,0,0,0,0,0,0,2018
2608,0,136,4030,500,936,0,0,0,0,0,0,0,0,0,0,5.336788177490234,-1,0,0,0,30.75,0,0,0,0,0,0,2018
2609,0,137,4030,500,936,0,0,0,0,0,0,0,0,0,0,5.336788177490234,-1,0,0,0,30.75,0,0,0,0,0,0,2018
2610,0,138,4030,500,936,0,0,0,0,0,0,0,0,0,0,5.336788177490234,-1,0,0,0,30.75,0,0,0,0,0,0,2018
2611,0,139,4030,500,936,0,0,0,0,0,0,0,0,0,0,5.336788177490234,-1,0,0,0,30.75,0,0,0,0,0,0,2018
2612,0,140,4030,500,936,0,0,0,0,0,0,0,0,0,0,5.336788177490234,-1,0,0,0,30.75,0,0,0,0,0,0,2018
2613,0,141,4030,500,936,0,0,0,0,0,0,0,0,0,0,5.336788177490234,-1,0,0,0,30.75,0,0,0,0,0,0,2018
2614,0,142,4030,500,936,0,0,0,0,0,0,0,0,0,0,5.336788177490234,-1,0,0,0,30.75,0,0,0,0,0,0,2018
2615,0,143,4030,500,936,0,0,0,0,0,0,0,0,0,0,5.336788177490234,-1,0,0,0,30.75,0,0,0,0,0,0,2018
2616,0,144,4030,500,936,0,0,0,0,0,0,0,0,0,0,5.336788177490234,-1,0,0,0,30.75,0,0,0,0,0,0,2018
2617,0,145,4030,500,936,0,0,0,0,0,0,0,0,0,0,5.336788177490234,-1,0,0,0,30.75,0,0,0,0,0,0,2018
2618,0,146,4030,500,936,0,0,0,0,0,0,0,0,0,0,5.336788177490234,-1,0,0,0,30.75,0,0,0,0,0,0,2018
2619,0,147,4030,500,936,0,0,0,0,0,0,0,0,0,0,5.336788177490234,-1,0,0,0,30.75,0,0,0,0,0,0,2018
2620,0,148,4030,500,936,0,0,0,0,0,0,0,0,0,0,5.336788177490234,-1,0,0,0,30.75,0,0,0,0,0,0,2018
2621,0,149,4030,500,936,0,0,0,0,0,0,0,0,0,0,5.336788177490234,-1,0,0,0,30.75,0,0,0,0,0,0,2018
2622,0,150,4030,500,936,0,0,0,0,0,0,0,0,0,0,5.336788177490234,-1,0,0,0,30.75,0,0,0,0,0,0,2018
2623,0,151,4030,500,936,0,0,0,0,0,0,0,0,0,0,5.336788177490234,-1,0,0,0,30.75,0,0,0,0,0,0,2018
2624,0,152,4030,500,936,0,0,0,0,0,0,0,0,0,0,5.336788177490234,-1,0,0,0,30.75,0,0,0,0,0,0,2018
2625,0,153,4030,500,936,0,0,0,0,0,0,0,0,0,0,5.336788177490234,-1,0,0,0,30.75,0,0,0,0,0,0,2018
2626,0,154,4030,500,936,0,0,0,0,0,0,0,0,0,0,5.336788177490234,-1,0,0,0,30.75,0,0,0,0,0,0,2018
2627,0,155,4030,500,936,0,0,0,0,0,0,0,0,0,0,5.336788177490234,-1,0,0,0,30.75,0,0,0,0,0,0,2018
2628,0,156,4030,500,936,0,0,0,0,0,0,0,0,0,0,5.336788177490234,-1,0,0,0,30.75,0,0,0,0,0,0,2018
2629,0,157,4030,500,936,0,0,0,0,0,0,0,0,0,0,5.336788177490234,-1,0,0,0,30.75,0,0,0,0,0,0,2018
2630,0,158,4030,500,936,0,0,0,0,0,0,0,0,0,0,5.336788177490234,-1,0,0,0,30.75,0,0,0,0,0,0,2018
2631,0,159,4030,500,936,0,0,0,0,0,0,0,0,0,0,5.336788177490234,-1,0,0,0,30.75,0,0,0,0,0,0,2018
2632,0,160,4030,500,936,0,0,0,0,0,0,0,0,0,0,5.336788177490234,-1,0,0,0,30.75,0,0,0,0,0,0,2018
2633,0,161,4030,500,936,0,0,0,0,0,0,0,0,0,0,5.336788177490234,-1,0,0,0,30.75,0,0,0,0,0,0,2018
2634,0,162,4030,500,936,0,0,0,0,0,0,0,0,0,0,5.336788177490234,-1,0,0,0,30.75,0,0,0,0,0,0,2018
2635,0,163,4030,500,936,0,0,0,0,0,0,0,0,0,0,5.336788177490234,-1,0,0,0,30.75,0,0,0,0,0,0,2018
2636,0,164,4030,500,936,0,0,0,0,0,0,0,0,0,0,5.336788177490234,-1,0,0,0,30.75,0,0,0,0,0,0,2018
2637,0,165,4030,500,936,0,0,0,0,0,0,0,0,0,0,5.336788177490234,-1,0,0,0,30.75,0,0,0,0,0,0,2018
2638,0,166,4030,500,936,0,0,0,0,0,0,0,0,0,0,5.336788177490234,-1,0,0,0,30.75,0,0,0,0,0,0,2018
2639,0,167,4030,500,936,0,0,0,0,0,0,0,0,0,0,5.336788177490234,-1,0,0,0,30.75,0,0,0,0,0,0,2018
2640,0,168,4030,500,936,0,0,0,0,0,0,0,0,0,0,5.336788177490234,-1,0,0,0,30.75,0,0,0,0,0,0,2018
2641,0,169,4030,500,936,0,0,0,0,0,0,0,0,0,0,5.336788177490234,-1,0,0,0,30.75,0,0,0,0,0,0,2018
2642,0,170,4030,500,936,0,0,0,0,0,0,0,0,0,0,5.336788177490234,-1,0,0,0,30.75,0,0,0,0,0,0,2018
2643,0,171,4030,500,936,0,0,0,0,0,0,0,0,0,0,5.336788177490234,-1,0,0,0,30.75,0,0,0,0,0,0,2018
2644,0,172,4030,500,936,0,0,0,0,0,0,0,0,0,0,5.336788177490234,-1,0,0,0,30.75,0,0,0,0,0,0,2018
2645,0,173,4030,500,936,0,0,0,0,0,0,0,0,0,0,5.336788177490234,-1,0,0,0,30.75,0,0,0,0,0,0,2018
2646,0,174,4030,500,936,0,0,0,0,0,0,0,0,0,0,5.336788177490234,-1,0,0,0,30.75,0,0,0,0,0,0,2018
2647,0,175,4030,500,936,0,0,0,0,0,0,0,0,0,0,5.336788177490234,-1,0,0,0,30.75,0,0,0,0,0,0,2018
2648,0,176,4030,500,936,0,0,0,0,0,0,0,0,0,0,5.336788177490234,-1,0,0,0,30.75,0,0,0,0,0,0,2018
2649,0,177,4030,500,936,0,0,0,0,0,0,0,0,0,0,5.336788177490234,-1,0,0,0,30.75,0,0,0,0,0,0,2018
2650,0,178,4030,500,936,0,0,0,0,0,0,0,0,0,0,5.336788177490234,-1,0,0,0,30.75,0,0,0,0,0,0,2018
2651,0,179,4030,500,936,0,0,0,0,0,0,0,0,0,0,5.336788177490234,-1,0,0,0,30.75,0,0,0,0,0,0,2018
2652,0,180,4030,500,936,0,0,0,0,0,0,0,0,0,0,5.336788177490234,-1,0,0,0,30.75,0,0,0,0,0,0,2018
2653,0,181,4030,500,936,0,0,0,0,0,0,0,0,0,0,5.336788177490234,-1,0,0,0,30.75,0,0,0,0,0,0,2018
2654,0,182,4030,500,936,0,0,0,0,0,0,0,0,0,0,5.336788177490234,-1,0,0,0,30.75,0,0,0,0,0,0,2018
2655,0,183,4030,500,936,0,0,0,0,0,0,0,0,0,0,5.336788177490234,-1,0,0,0,30.75,0,0,0,0,0,0,2018
2656,0,184,4030,500,936,0,0,0,0,0,0,0,0,0,0,5.336788177490234,-1,0,0,0,30.75,0,0,0,0,0,0,2018
2657,0,185,4030,500,936,0,0,0,0,0,0,0,0,0,0,5.336788177490234,-1,0,0,0,30.75,0,0,0,0,0,0,2018
2658,0,186,4030,500,936,0,0,0,0,0,0,0,0,0,0,5.336788177490234,-1,0,0,0,30.75,0,0,0,0,0,0,2018
2659,0,187,4030,500,936,0,0,0,0,0,0,0,0,0,0,5.336788177490234,-1,0,0,0,30.75,0,0,0,0,0,0,2018
2660,0,188,4030,500,936,0,0,0,0,0,0,0,0,0,0,5.336788177490234,-1,0,0,0,30.75,0,0,0,0,0,0,2018
2661,0,189,4030,500,936,0,0,0,0,0,0,0,0,0,0,5.336788177490234,-1,0,0,0,30.75,0,0,0,0,0,0,2018
2662,0,190,4030,500,936,0,0,0,0,0,0,0,0,0,0,5.336788177490234,-1,0,0,0,30.75,0,0,0,0,0,0,2018
2663,0,191,4030,500,936,0,0,0,0,0,0,0,0,0,0,5.336788177490234,-1,0,0,0,30.75,0,0,0,0,0,0,2018
2664,0,192,4030,500,936,0,0,0,0,0,0,0,0,0,0,5.336788177490234,-1,0,0,0,30.75,0,0,0,0,0,0,2018
2665,0,193,4030,500,936,0,0,0,0,0,0,0,0,0,0,5.336788177490234,-1,0,0,0,30.75,0,0,0,0,0,0,2018
2666,0,194,4030,500,936,0,0,0,0,0,0,0,0,0,0,5.336788177490234,-1,0,0,0,30.75,0,0,0,0,0,0,2018
2667,0,195,4030,500,936,0,0,0,0,0,0,0,0,0,0,5.336788177490234,-1,0,0,0,30.75,0,0,0,0,0,0,2018
2668,0,196,4030,500,936,0,0,0,0,0,0,0,0,0,0,5.336788177490234,-1,0,0,0,30.75,0,0,0,0,0,0,2018
2669,0,197,4030,500,936,0,0,0,0,0,0,0,0,0,0,5.336788177490234,-1,0,0,0,30.75,0,0,0,0,0,0,2018
2670,0,198,4030,500,936,0,0,0,0,0,0,0,0,0,0,5.336788177490234,-1,0,0,0,30.75,0,0,0,0,0,0,2018
2671,0,199,4030,500,936,0,0,0,0,0,0,0,0,0,0,5.336788177490234,-1,0,0,0,30.75,0,0,0,0,0,0,2018
2672,0,200,4030,500,936,0,0,0,0,0,0,0,0,0,0,5.336788177490234,-1,0,0,0,30.75,0,0,0,0,0,0,2018
2673,0,201,4030,500,936,0,0,0,0,0,0,0,0,0,0,5.336788177490234,-1,0,0,0,30.75,0,0,0,0,0,0,2018
2674,0,202,4030,500,936,0,0,0,0,0,0,0,0,0,0,5.336788177490234,-1,0,0,0,30.75,0,0,0,0,0,0,2018
2675,0,203,4030,500,936,0,0,0,0,0,0,0,0,0,0,5.336788177490234,-1,0,0,0,30.75,0,0,0,0,0,0,2018
2676,0,204,4030,500,936,0,0,0,0,0,0,0,0,0,0,5.336788177490234,-1,0,0,0,30.75,0,0,0,0,0,0,2018
2677,0,205,4030,500,936,0,0,0,0,0,0,0,0,0,0,5.336788177490234,-1,0,0,0,30.75,0,0,0,0,0,0,2018
2678,0,206,4030,500,936,0,0,0,0,0,0,0,0,0,0,5.336788177490234,-1,0,0,0,30.75,0,0,0,0,0,0,2018
2679,0,207,4030,500,936,0,0,0,0,0,0,0,0,0,0,5.336788177490234,-1,0,0,0,30.75,0,0,0,0,0,0,2018
2680,0,208,4030,500,936,0,0,0,0,0,0,0,0,0,0,5.336788177490234,-1,0,0,0,30.75,0,0,0,0,0,0,2018
2681,0,209,4030,500,936,0,0,0,0,0,0,0,0,0,0,5.336788177490234,-1,0,0,0,30.75,0,0,0,0,0,0,2018
2682,0,210,4030,500,936,0,0,0,0,0,0,0,0,0,0,5.336788177490234,-1,0,0,0,30.75,0,0,0,0,0,0,2018
2683,0,211,4030,500,936,0,0,0,0,0,0,0,0,0,0,5.336788177490234,-1,0,0,0,30.75,0,0,0,0,0,0,2018
2684,0,212,4030,500,936,0,0,0,0,0,0,0,0,0,0,5.336788177490234,-1,0,0,0,30.75,0,0,0,0,0,0,2018
2685,0,213,4030,500,936,0,0,0,0,0,0,0,0,0,0,5.336788177490234,-1,0,0,0,30.75,0,0,0,0,0,0,2018
2686,0,214,4030,500,936,0,0,0,0,0,0,0,0,0,0,5.336788177490234,-1,0,0,0,30.75,0,0,0,0,0,0,2018
2687,0,215,4030,500,936,0,0,0,0,0,0,0,0,0,0,5.336788177490234,-1,0,0,0,30.75,0,0,0,0,0,0,2018
2688,0,216,4030,500,936,0,0,0,0,0,0,0,0,0,0,5.336788177490234,-1,0,0,0,30.75,0,0,0,0,0,0,2018
2689,0,217,4030,500,936,0,0,0,0,0,0,0,0,0,0,5.336788177490234,-1,0,0,0,30.75,0,0,0,0,0,0,2018
2690,0,218,4030,500,936,0,0,0,0,0,0,0,0,0,0,5.336788177490234,-1,0,0,0,30.75,0,0,0,0,0,0,2018
2691,0,219,4030,500,936,0,0,0,0,0,0,0,0,0,0,5.336788177490234,-1,0,0,0,30.75,0,0,0,0,0,0,2018
2692,0,220,4030,500,936,0,0,0,0,0,0,0,0,0,0,5.336788177490234,-1,0,0,0,30.75,0,0,0,0,0,0,2018
2693,0,221,4030,500,936,0,0,0,0,0,0,0,0,0,0,5.336788177490234,-1,0,0,0,30.75,0,0,0,0,0,0,2018
2694,0,222,4030,500,936,0,0,0,0,0,0,0,0,0,0,5.336788177490234,-1,0,0,0,30.75,0,0,0,0,0,0,2018
2695,0,223,4030,500,936,0,0,0,0,0,0,0,0,0,0,5.336788177490234,-1,0,0,0,30.75,0,0,0,0,0,0,2018
2696,0,224,4030,500,936,0,0,0,0,0,0,0,0,0,0,5.336788177490234,-1,0,0,0,30.75,0,0,0,0,0,0,2018
2697,0,225,4030,500,936,0,0,0,0,0,0,0,0,0,0,5.336788177490234,-1,0,0,0,30.75,0,0,0,0,0,0,2018
2698,0,226,4030,500,936,0,0,0,0,0,0,0,0,0,0,5.336788177490234,-1,0,0,0,30.75,0,0,0,0,0,0,2018
2699,0,227,4030,500,936,0,0,0,0,0,0,0,0,0,0,5.336788177490234,-1,0,0,0,30.75,0,0,0,0,0,0,2018
2700,0,228,4030,500,936,0,0,0,0,0,0,0,0,0,0,5.336788177490234,-1,0,0,0,30.75,0,0,0,0,0,0,2018
2701,0,229,4030,500,936,0,0,0,0,0,0,0,0,0,0,5.336788177490234,-1,0,0,0,30.75,0,0,0,0,0,0,2018
2702,0,230,4030,500,936,0,0,0,0,0,0,0,0,0,0,5.336788177490234,-1,0,0,0,30.75,0,0,0,0,0,0,2018
2703,0,231,4030,500,936,0,0,0,0,0,0,0,0,0,0,5.336788177490234,-1,0,0,0,30.75,0,0,0,0,0,0,2018
2704,0,232,4030,500,936,0,0,0,0,0,0,0,0,0,0,5.336788177490234,-1,0,0,0,30.75,0,0,0,0,0,0,2018
2705,0,233,4030,500,936,0,0,0,0,0,0,0,0,0,0,5.336788177490234,-1,0,0,0,30.75,0,0,0,0,0,0,2018
2706,0,234,4030,500,936,0,0,0,0,0,0,0,0,0,0,5.336788177490234,-1,0,0,0,30.75,0,0,0,0,0,0,2018
2707,0,235,4030,500,936,0,0,0,0,0,0,0,0,0,0,5.336788177490234,-1,0,0,0,30.75,0,0,0,0,0,0,2018
2708,0,236,4030,500,936,0,0,0,0,0,0,0,0,0,0,5.336788177490234,-1,0,0,0,30.75,0,0,0,0,0,0,2018
2709,0,237,4030,500,936,0,0,0,0,0,0,0,0,0,0,5.336788177490234,-1,0,0,0,30.75,0,0,0,0,0,0,2018
2710,0,1,3000,500,1000,0,0,0,0,0,0,0,0,0,0,-5.75,-1,0,0,0,30.75,0,0,0,0,0,0,1000
2711,0,2,3000,500,1000,0,0,0,0,0,0,0,0,0,0,-5.75,-1,0,0,0,30.75,0,0,0,0,0,0,1000
2712,0,3,3000,500,1000,0,0,0,0,0,0,0,0,0,0,-5.75,-1,0,0,0,30.75,0,0,0,0,0,0,1000
2713,0,4,3000,500,1000,0,0,0,0,0,0,0,0,0,0,-5.75,-1,0,0,0,30.75,0,0,0,0,0,0,1000
2714,0,5,3000,500,1000,0,0,0,0,0,0,0,0,0,0,-5.75,-1,0,0,0,30.75,0,0,0,0,0,0,1000
2715,0,6,3000,500,1000,0,0,0,0,0,0,0,0,0,0,-5.75,-1,0,0,0,30.75,0,0,0,0,0,0,1000
2716,0,7,3000,500,1000,0,0,0,0,0,0,0,0,0,0,-5.75,-1,0,0,0,30.75,0,0,0,0,0,0,1000
2717,0,8,3000,500,1000,0,0,0,0,0,0,0,0,0,0,-5.75,-1,0,0,0,30.75,0,0,0,0,0,0,1000
2718,0,9,3000,500,1000,0,0,0,0,0,0,0,0,0,0,-5.75,-1,0,0,0,30.75,0,0,0,0,0,0,1000
2719,20,1,3000,500,1000,0,0,0,0,0,0,0,0,0,0,-7.600000381469727,-1,0,0,0,30.75,0,0,0,0,0,0,1000
2720,20,2,3000,500,1000,0,0,0,0,0,0,0,0,0,0,-9.450000762939453,-1,0,0,0,30.75,0,0,0,0,0,0,1000
2721,20,3,3000,500,1000,0,0,0,0,0,0,0,0,0,0,-11.30000114440918,-1,0,0,0,30.75,0,0,0,0,0,0,1000
2722,10,1,3000,500,1000,0,0,0,0,0,0,0,0,0,0,-11.30000114440918,-1,0,0,0,30.75,0,0,0,0,0,0,1000
2723,10,2,3000,500,1000,0,0,0,0,0,0,0,0,0,0,-11.30000114440918,-1,0,0,0,30.75,0,0,0,0,0,0,1000
2724,10,3,3000,500,1000,0,0,0,0,0,0,0,0,0,0,-11.30000114440918,-1,0,0,0,30.75,0,0,0,0,0,0,1000
2725,1010,1,3000,500,1000,0,0,0,0,0,0,0,0,0,0,-11.30000114440918,-1,0,0,0,30.75,0,0,0,0,0,0,1000
2726,1010,2,3000,500,1000,0,0,0,0,0,0,0,0,0,0,-11.30000114440918,-1,0,0,0,30.75,0,0,0,0,0,0,1000
2727,1010,3,3000,500,1000,0,0,0,0,0,0,0,0,0,0,-11.30000114440918,-1,0,0,0,30.75,0,0,0,0,0,0,1000
2728,1010,4,3000,500,1000,0,0,0,0,0,0,0,0,0,0,-11.30000114440918,-1,0,0,0,30.75,0,0,0,0,0,0,1000
2729,1010,5,3000,500,1000,0,0,0,0,0,0,0,0,0,0,-11.30000114440918,-1,0,0,0,30.75,0,0,0,0,0,0,1000
2730,1010,6,3000,500,1000,0,0,0,0,0,0,0,0,0,0,-11.30000114440918,-1,0,0,0,30.75,0,0,0,0,0,0,1000
2731,1010,7,3000,500,1000,0,0,0,0,0,0,0,0,0,0,-11.30000114440918,-1,0,0,0,30.75,0,0,0,0,0,0,1000
2732,1010,8,3000,500,1000,0,0,0,0,0,0,0,0,0,0,-11.30000114440918,-1,0,0,0,30.75,0,0,0,0,0,0,1000
2733,1010,9,3000,500,1000,0,0,0,0,0,0,0,0,0,0,-11.30000114440918,-1,0,0,0,30.75,0,0,0,0,0,0,1000
2734,1010,10,3000,500,1000,0,0,0,0,0,0,0,0,0,0,-11.30000114440918,-1,0,0,0,30.75,0,0,0,0,0,0,1000
2735,1010,11,3000,500,1000,0,0,0,0,0,0,0,0,0,0,-11.30000114440918,-1,0,0,0,30.75,0,0,0,0,0,0,1000
2736,1010,11,4030,500,928,0,0,0,0,0,0,0,0,0,0,-11.30000114440918,-1,0,0,0,30.75,0,0,0,0,0,0,2018
2737,1010,11,4030,500,928,0,0,0,0,0,0,0,0,0,0,-11.30000114440918,-1,0,0,0,30.75,0,0,0,0,0,0,2018
2738,1010,11,4030,500,928,0,0,0,0,0,0,0,0,0,0,-11.30000114440918,-1,0,0,0,30.75,0,0,0,0,0,0,2018
2739,1010,11,4030,500,928,0,0,0,0,0,0,0,0,0,0,-11.30000114440918,-1,0,0,0,30.75,0,0,0,0,0,0,2018
2740,1010,11,4030,500,928,0,0,0,0,0,0,0,0,0,0,-11.30000114440918,-1,0,0,0,30.75,0,0,0,0,0,0,2018
2741,1010,11,4030,500,928,0,0,0,0,0,0,0,0,0,0,-11.30000114440918,-1,0,0,0,30.75,0,0,0,0,0,0,2018
2742,1010,12,4030,500,928,0,0,0,0,0,0,0,0,0,0,-11.30000114440918,-1,0,0,0,30.75,0,0,0,0,0,0,2018
2743,1010,13,4030,500,928,0,0,0,0,0,0,0,0,0,0,-11.30000114440918,-1,0,0,0,30.75,0,0,0,0,0,0,2018
2744,1010,14,4030,500,928,0,0,0,0,0,0,0,0,0,0,-11.30000114440918,-1,0,0,0,30.75,0,0,0,0,0,0,2018
2745,1010,15,4030,500,928,0,0,0,0,0,0,0,0,0,0,-11.30000114440918,-1,0,0,0,30.75,0,0,0,0,0,0,2018
2746,1010,16,4030,500,928,0,0,0,0,0,0,0,0,0,0,-11.30000114440918,-1,0,0,0,30.75,0,0,0,0,0,0,2018
2747,1010,17,4030,500,928,0,0,0,0,0,0,0,0,0,0,-11.30000114440918,-1,0,0,0,30.75,0,0,0,0,0,0,2018
2748,1010,18,4030,500,928,0,0,0,0,0,0,0,0,0,0,-11.30000114440918,-1,0,0,0,30.75,0,0,0,0,0,0,2018
2749,1010,19,4030,500,928,0,0,0,0,0,0,0,0,0,0,-11.30000114440918,-1,0,0,0,30.75,0,0,0,0,0,0,2018
2750,1010,20,4030,500,928,0,0,0,0,0,0,0,0,0,0,-11.30000114440918,-1,0,0,0,30.75,0,0,0,0,0,0,2018
2751,1010,21,4030,500,928,0,0,0,0,0,0,0,0,0,0,-11.30000114440918,-1,0,0,0,30.75,0,0,0,0,0,0,2018
2752,1010,22,4030,500,928,0,0,0,0,0,0,0,0,0,0,-11.30000114440918,-1,0,0,0,30.75,0,0,0,0,0,0,2018
2753,1010,23,4030,500,928,0,0,0,0,0,0,0,0,0,0,-11.30000114440918,-1,0,0,0,30.75,0,0,0,0,0,0,2018
2754,1010,24,4030,500,928,0,0,0,0,0,0,0,0,0,0,-11.30000114440918,-1,0,0,0,30.75,0,0,0,0,0,0,2018
2755,1010,25,4030,500,928,0,0,0,0,0,0,0,0,0,0,-11.30000114440918,-1,0,0,0,30.75,0,0,0,0,0,0,2018
2756,1010,26,4030,500,928,0,0,0,0,0,0,0,0,0,0,-11.30000114440918,-1,0,0,0,30.75,0,0,0,0,0,0,2018
2757,1010,27,4030,500,928,0,0,0,0,0,0,0,0,0,0,-11.30000114440918,-1,0,0,0,30.75,0,0,0,0,0,0,2018
2758,1010,28,4030,500,928,0,0,0,0,0,0,0,0,0,0,-9.55000114440918,-1,0,0,0,30.75,0,0,0,0,0,0,2018
2759,1010,29,4030,500,928,0,0,0,0,0,0,0,0,0,0,-5.55000114440918,-1,0,0,0,29,0,0,0,0,0,0,2018
2760,1010,30,4030,500,928,0,0,0,0,0,0,0,0,0,0,-1.5500011444091797,-1,0,0,0,25,0,0,0,0,0,0,2018
2761,1010,31,4030,500,928,0,0,0,0,0,0,0,0,0,0,2.4499988555908203,-1,0,0,0,21,0,0,0,0,0,0,2018
2762,1010,32,4030,500,928,0,0,0,0,0,0,0,0,0,0,6.44999885559082,-1,0,0,0,17,0,0,0,0,0,0,2018
2763,1010,33,4030,500,928,0,0,0,0,0,0,0,0,0,0,10.44999885559082,-1,0,0,0,13,0,0,0,0,0,0,2018
2764,1010,34,4030,500,928,0,0,0,0,0,0,0,0,0,0,14.44999885559082,-1,0,0,0,9,0,0,0,0,0,0,2018
2765,1010,35,4030,500,928,0,0,0,0,0,0,0,0,0,0,18.44999885559082,-1,0,0,0,5,0,0,0,0,0,0,2018
2766,0,1,4030,500,928,0,0,0,0,0,0,0,0,0,0,22.44999885559082,-1,0,0,0,1,0,0,0,0,0,0,2018
2767,0,2,4030,500,928,0,0,0,0,0,0,0,0,0,0,26.44999885559082,-1,0,0,0,-3,0,0,0,0,0,0,2018
2768,0,3,4030,500,928,0,0,0,0,0,0,0,0,0,0,30.44999885559082,-1,0,0,0,-7,0,0,0,0,0,0,2018
2769,0,4,4030,500,928,0,0,0,0,0,0,0,0,0,0,34.44999694824219,-1,0,0,0,-11,0,0,0,0,0,0,2018
2770,0,5,4030,500,928,0,0,0,0,0,0,0,0,0,0,38.44999694824219,-1,0,0,0,-15,0,0,0,0,0,0,2018
2771,0,6,4030,500,928,0,0,0,0,0,0,0,0,0,0,42.44999694824219,-1,0,0,0,-19,0,0,0,0,0,0,2018
2772,0,7,4030,500,928,0,0,0,0,0,0,0,0,0,0,46.44999694824219,-1,0,0,0,-23,0,0,0,0,0,0,2018
2773,0,8,4030,500,928,0,0,0,0,0,0,0,0,0,0,50.44999694824219,-1,0,0,0,-27,0,0,0,0,0,0,2018
2774,0,9,4030,500,928,0,0,0,0,0,0,0,0,0,0,54.44999694824219,-1,0,0,0,-31,0,0,0,0,0,0,2018
2775,0,10,4030,500,928,0,0,0,0,0,0,0,0,0,0,58.44999694824219,-1,0,0,0,-35,0,0,0,0,0,0,2018
2776,0,11,4030,500,928,0,0,0,0,0,0,0,0,0,0,62.44999694824219,-1,0,0,0,-39,0,0,0,0,0,0,2018
2777,0,12,4030,500,928,0,0,0,0,0,0,0,0,0,0,66.44999694824219,-1,0,0,0,-43,0,0,0,0,0,0,2018
2778,0,13,4030,500,928,0,0,0,0,0,0,0,0,0,0,70.44999694824219,-1,0,0,0,-47,0,0,0,0,0,0,2018
2779,0,14,4030,500,928,0,0,0,0,0,0,0,0,0,0,74.44999694824219,-1,0,0,0,-51,0,0,0,0,0,0,2018
2780,0,15,4030,500,928,0,0,0,0,0,0,0,0,0,0,78.44999694824219,-1,0,0,0,-55,0,0,0,0,0,0,2018
2781,0,16,4030,500,928,0,0,0,0,0,0,0,0,0,0,82.44999694824219,-1,0,0,0,-59,0,0,0,0,0,0,2018
2782,0,17,4030,500,928,0,0,0,0,0,0,0,0,0,0,86.44999694824219,-1,0,0,0,-63,0,0,0,0,0,0,2018
2783,0,18,4030,500,928,0,0,0,0,0,0,0,0,0,0,90.44999694824219,-1,0,0,0,-67,0,0,0,0,0,0,2018
2784,0,19,4030,500,928,0,0,0,0,0,0,0,0,0,0,94.44999694824219,-1,0,0,0,-71,0,0,0,0,0,0,2018
2785,0,20,4030,500,928,0,0,0,0,0,0,0,0,0,0,98.44999694824219,-1,0,0,0,-75,0,0,0,0,0,0,2018
2786,0,21,4030,500,928,0,0,0,0,0,0,0,0,0,0,102.44999694824219,-1,0,0,0,-79,0,0,0,0,0,0,2018
2787,0,22,4030,500,928,0,0,0,0,0,0,0,0,0,0,106.44999694824219,-1,0,0,0,-83,0,0,0,0,0,0,2018
2788,0,23,4030,500,928,0,0,0,0,0,0,0,0,0,0,110.19999694824219,-1,0,0,0,-87,0,0,0,0,0,0,2018
2789,0,24,4030,500,928,0,0,0,0,0,0,0,0,0,0,112.19999694824219,-1,0,0,0,-90.75,0,0,0,0,0,0,2018
2790,0,25,4030,500,928,0,0,0,0,0,0,0,0,0,0,112.19999694824219,-1,0,0,0,-92.75,0,0,0,0,0,0,2018
2791,0,26,4030,500,928,0,0,0,0,0,0,0,0,0,0,112.19999694824219,-1,0,0,0,-92.75,0,0,0,0,0,0,2018
2792,0,27,4030,500,928,0,0,0,0,0,0,0,0,0,0,112.19999694824219,-1,0,0,0,-92.75,0,0,0,0,0,0,2018
2793,0,28,4030,500,928,0,0,0,0,0,0,0,0,0,0,112.19999694824219,-1,0,0,0,-92.75,0,0,0,0,0,0,2018
2794,0,29,4030,500,928,0,0,0,0,0,0,0,0,0,0,112.19999694824219,-1,0,0,0,-92.75,0,0,0,0,0,0,2018
2795,0,30,4030,500,928,0,0,0,0,0,0,0,0,0,0,112.19999694824219,-1,0,0,0,-92.75,0,0,0,0,0,0,2018
2796,0,31,4030,500,928,0,0,0,0,0,0,0,0,0,0,112.19999694824219,-1,0,0,0,-92.75,0,0,0,0,0,0,2018
2797,0,32,4030,500,928,0,0,0,0,0,0,0,0,0,0,112.19999694824219,-1,0,0,0,-92.75,0,0,0,0,0,0,2018
2798,0,33,4030,500,928,0,0,0,0,0,0,0,0,0,0,113.69999694824219,-1,0,0,0,-92.75,0,0,0,0,0,0,2018
2799,0,34,4030,500,928,0,0,0,0,0,0,0,0,0,0,115.19999694824219,-1,0,0,0,-94.25,0,0,0,0,0,0,2018
2800,0,35,4030,500,928,0,0,0,0,0,0,0,0,0,0,116.69999694824219,-1,0,0,0,-95.75,0,0,0,0,0,0,2018
2801,0,36,4030,500,928,0,0,0,0,0,0,0,0,0,0,118.19999694824219,-1,0,0,0,-97.25,0,0,0,0,0,0,2018
2802,0,37,4030,500,928,0,0,0,0,0,0,0,0,0,0,119.69999694824219,-1,0,0,0,-98.75,0,0,0,0,0,0,2018
2803,0,38,4030,500,928,0,0,0,0,0,0,0,0,0,0,121.19999694824219,-1,0,0,0,-100.25,0,0,0,0,0,0,2018
2804,0,39,4030,500,928,0,0,0,0,0,0,0,0,0,0,122.69999694824219,-1,0,0,0,-101.75,0,0,0,0,0,0,2018
2805,0,40,4030,500,928,0,0,0,0,0,0,0,0,0,0,124.19999694824219,-1,0,0,0,-103.25,0,0,0,0,0,0,2018
2806,0,41,4030,500,928,0,0,0,0,0,0,0,0,0,0,125.69999694824219,-1,0,0,0,-104.75,0,0,0,0,0,0,2018
2807,0,42,4030,500,928,0,0,0,0,0,0,0,0,0,0,127.19999694824219,-1,0,0,0,-106.25,0,0,0,0,0,0,2018
2808,0,43,4030,500,928,0,0,0,0,0,0,0,0,0,0,128.6999969482422,-1,0,0,0,-107.75,0,0,0,0,0,0,2018
2809,0,44,4030,500,928,0,0,0,0,0,0,0,0,0,0,130.1999969482422,-1,0,0,0,-109.25,0,0,0,0,0,0,2018
2810,0,45,4030,500,928,0,0,0,0,0,0,0,0,0,0,131.6999969482422,-1,0,0,0,-110.75,0,0,0,0,0,0,2018
2811,0,46,4030,500,928,0,0,0,0,0,0,0,0,0,0,133.1999969482422,-1,0,0,0,-112.25,0,0,0,0,0,0,2018
2812,0,47,4030,500,928,0,0,0,0,0,0,0,0,0,0,134.6999969482422,-1,0,0,0,-113.75,0,0,0,0,0,0,2018
2813,0,48,4030,500,928,0,0,0,0,0,0,0,0,0,0,136.1999969482422,-1,0,0,0,-115.25,0,0,0,0,0,0,2018
2814,0,49,4030,500,928,0,0,0,0,0,0,0,0,0,0,137.6999969482422,-1,0,0,0,-116.75,0,0,0,0,0,0,2018
2815,0,50,4030,500,928,0,0,0,0,0,0,0,0,0,0,139.1999969482422,-1,0,0,0,-118.25,0,0,0,0,0,0,2018
2816,0,51,4030,500,928,0,0,0,0,0,0,0,0,0,0,140.6999969482422,-1,0,0,0,-119.75,0,0,0,0,0,0,2018
2817,0,52,4030,500,928,0,0,0,0,0,0,0,0,0,0,142.1999969482422,-1,0,0,0,-121.25,0,0,0,0,0,0,2018
2818,0,53,4030,500,928,0,0,0,0,0,0,0,0,0,0,143.4499969482422,-1,0,0,0,-122.75,0,0,0,0,0,0,2018
2819,0,54,4030,500,928,0,0,0,0,0,0,0,0,0,0,144.1999969482422,-1,0,0,0,-124,0,0,0,0,0,0,2018
2820,0,55,4030,500,928,0,0,0,0,0,0,0,0,0,0,144.6999969482422,-1,0,0,0,-124.75,0,0,0,0,0,0,2018
2821,0,56,4030,500,928,0,0,0,0,0,0,0,0,0,0,144.9499969482422,-1,0,0,0,-125.25,0,0,0,0,0,0,2018
2822,0,57,4030,500,928,0,0,0,0,0,0,0,0,0,0,144.9499969482422,-1,0,0,0,-125.5,0,0,0,0,0,0,2018
2823,0,58,4030,500,928,0,0,0,0,0,0,0,0,0,0,144.9499969482422,-1,0,0,0,-125.5,0,0,0,0,0,0,2018
2824,0,59,4030,500,928,0,0,0,0,0,0,0,0,0,0,144.9499969482422,-1,0,0,0,-125.5,0,0,0,0,0,0,2018
2825,0,60,4030,500,928,0,0,0,0,0,0,0,0,0,0,144.9499969482422,-1,0,0,0,-125.5,0,0,0,0,0,0,2018
2826,0,61,4030,500,928,0,0,0,0,0,0,0,0,0,0,144.9499969482422,-1,0,0,0,-125.5,0,0,0,0,0,0,2018
2827,0,62,4030,500,928,0,0,0,0,0,0,0,0,0,0,144.9499969482422,-1,0,0,0,-125.5,0,0,0,0,0,0,2018
2828,0,63,4030,500,928,0,0,0,0,0,0,0,0,0,0,144.9499969482422,-1,0,0,0,-125.5,0,0,0,0,0,0,2018
2829,0,64,4030,500,928,0,0,0,0,0,0,0,0,0,0,144.9499969482422,-1,0,0,0,-125.5,0,0,0,0,0,0,2018
2830,0,65,4030,500,928,0,0,0,0,0,0,0,0,0,0,144.9499969482422,-1,0,0,0,-125.5,0,0,0,0,0,0,2018
2831,0,66,4030,500,928,0,0,0,0,0,0,0,0,0,0,144.9499969482422,-1,0,0,0,-125.5,0,0,0,0,0,0,2018
2832,0,67,4030,500,928,0,0,0,0,0,0,0,0,0,0,144.9499969482422,-1,0,0,0,-125.5,0,0,0,0,0,0,2018
2833,0,68,4030,500,928,0,0,0,0,0,0,0,0,0,0,144.9499969482422,-1,0,0,0,-125.5,0,0,0,0,0,0,2018
2834,0,69,4030,500,928,0,0,0,0,0,0,0,0,0,0,144.9499969482422,-1,0,0,0,-125.5,0,0,0,0,0,0,2018
2835,0,70,4030,500,928,0,0,0,0,0,0,0,0,0,0,144.9499969482422,-1,0,0,0,-125.5,0,0,0,0,0,0,2018
2836,0,71,4030,500,928,0,0,0,0,0,0,0,0,0,0,144.9499969482422,-1,0,0,0,-125.5,0,0,0,0,0,0,2018
2837,0,72,4030,500,928,0,0,0,0,0,0,0,0,0,0,144.9499969482422,-1,0,0,0,-125.5,0,0,0,0,0,0,2018
2838,0,73,4030,500,928,0,0,0,0,0,0,0,0,0,0,144.9499969482422,-1,0,0,0,-125.5,0,0,0,0,0,0,2018
2839,0,74,4030,500,928,0,0,0,0,0,0,0,0,0,0,144.9499969482422,-1,0,0,0,-125.5,0,0,0,0,0,0,2018
2840,0,75,4030,500,928,0,0,0,0,0,0,0,0,0,0,144.9499969482422,-1,0,0,0,-125.5,0,0,0,0,0,0,2018
2841,0,76,4030,500,928,0,0,0,0,0,0,0,0,0,0,144.9499969482422,-1,0,0,0,-125.5,0,0,0,0,0,0,2018
2842,0,77,4030,500,928,0,0,0,0,0,0,0,0,0,0,144.9499969482422,-1,0,0,0,-125.5,0,0,0,0,0,0,2018
2843,0,78,4030,500,928,0,0,0,0,0,0,0,0,0,0,144.9499969482422,-1,0,0,0,-125.5,0,0,0,0,0,0,2018
2844,0,79,4030,500,928,0,0,0,0,0,0,0,0,0,0,144.9499969482422,-1,0,0,0,-125.5,0,0,0,0,0,0,2018
2845,0,80,4030,500,928,0,0,0,0,0,0,0,0,0,0,144.9499969482422,-1,0,0,0,-125.5,0,0,0,0,0,0,2018
2846,0,81,4030,500,928,0,0,0,0,0,0,0,0,0,0,144.9499969482422,-1,0,0,0,-125.5,0,0,0,0,0,0,2018
2847,0,82,4030,500,928,0,0,0,0,0,0,0,0,0,0,144.9499969482422,-1,0,0,0,-125.5,0,0,0,0,0,0,2018
2848,0,83,4030,500,928,0,0,0,0,0,0,0,0,0,0,144.9499969482422,-1,0,0,0,-125.5,0,0,0,0,0,0,2018
2849,0,84,4030,500,928,0,0,0,0,0,0,0,0,0,0,144.9499969482422,-1,0,0,0,-125.5,0,0,0,0,0,0,2018
2850,0,85,4030,500,928,0,0,0,0,0,0,0,0,0,0,144.9499969482422,-1,0,0,0,-125.5,0,0,0,0,0,0,2018
2851,0,86,4030,500,928,0,0,0,0,0,0,0,0,0,0,144.9499969482422,-1,0,0,0,-125.5,0,0,0,0,0,0,2018
2852,0,87,4030,500,928,0,0,0,0,0,0,0,0,0,0,144.9499969482422,-1,0,0,0,-125.5,0,0,0,0,0,0,2018
2853,0,88,4030,500,928,0,0,0,0,0,0,0,0,0,0,144.9499969482422,-1,0,0,0,-125.5,0,0,0,0,0,0,2018
2854,0,89,4030,500,928,0,0,0,0,0,0,0,0,0,0,144.9499969482422,-1,0,0,0,-125.5,0,0,0,0,0,0,2018
2855,0,90,4030,500,928,0,0,0,0,0,0,0,0,0,0,144.9499969482422,-1,0,0,0,-125.5,0,0,0,0,0,0,2018
2856,0,91,4030,500,928,0,0,0,0,0,0,0,0,0,0,144.9499969482422,-1,0,0,0,-125.5,0,0,0,0,0,0,2018
2857,0,92,4030,500,928,0,0,0,0,0,0,0,0,0,0,144.9499969482422,-1,0,0,0,-125.5,0,0,0,0,0,0,2018
2858,0,93,4030,500,928,0,0,0,0,0,0,0,0,0,0,144.9499969482422,-1,0,0,0,-125.5,0,0,0,0,0,0,2018
2859,0,94,4030,500,928,0,0,0,0,0,0,0,0,0,0,144.9499969482422,-1,0,0,0,-125.5,0,0,0,0,0,0,2018
2860,0,95,4030,500,928,0,0,0,0,0,0,0,0,0,0,144.9499969482422,-1,0,0,0,-125.5,0,0,0,0,0,0,2018
2861,0,96,4030,500,928,0,0,0,0,0,0,0,0,0,0,144.9499969482422,-1,0,0,0,-125.5,0,0,0,0,0,0,2018
2862,0,97,4030,500,928,0,0,0,0,0,0,0,0,0,0,144.9499969482422,-1,0,0,0,-125.5,0,0,0,0,0,0,2018
2863,0,98,4030,500,928,0,0,0,0,0,0,0,0,0,0,144.9499969482422,-1,0,0,0,-125.5,0,0,0,0,0,0,2018
2864,0,99,4030,500,928,0,0,0,0,0,0,0,0,0,0,144.9499969482422,-1,0,0,0,-125.5,0,0,0,0,0,0,2018
2865,0,100,4030,500,928,0,0,0,0,0,0,0,0,0,0,144.9499969482422,-1,0,0,0,-125.5,0,0,0,0,0,0,2018
2866,0,101,4030,500,928,0,0,0,0,0,0,0,0,0,0,144.9499969482422,-1,0,0,0,-125.5,0,0,0,0,0,0,2018
2867,0,102,4030,500,928,0,0,0,0,0,0,0,0,0,0,144.9499969482422,-1,0,0,0,-125.5,0,0,0,0,0,0,2018
2868,0,103,4030,500,928,0,0,0,0,0,0,0,0,0,0,144.9499969482422,-1,0,0,0,-125.5,0,0,0,0,0,0,2018
2869,0,104,4030,500,928,0,0,0,0,0,0,0,0,0,0,144.9499969482422,-1,0,0,0,-125.5,0,0,0,0,0,0,2018
2870,0,105,4030,500,928,0,0,0,0,0,0,0,0,0,0,144.9499969482422,-1,0,0,0,-125.5,0,0,0,0,0,0,2018
2871,0,106,4030,500,928,0,0,0,0,0,0,0,0,0,0,144.9499969482422,-1,0,0,0,-125.5,0,0,0,0,0,0,2018
2872,0,107,4030,500,928,0,0,0,0,0,0,0,0,0,0,144.9499969482422,-1,0,0,0,-125.5,0,0,0,0,0,0,2018
2873,0,108,4030,500,928,0,0,0,0,0,0,0,0,0,0,144.9499969482422,-1,0,0,0,-125.5,0,0,0,0,0,0,2018
2874,0,109,4030,500,928,0,0,0,0,0,0,0,0,0,0,144.9499969482422,-1,0,0,0,-125.5,0,0,0,0,0,0,2018
2875,0,110,4030,500,928,0,0,0,0,0,0,0,0,0,0,144.9499969482422,-1,0,0,0,-125.5,0,0,0,0,0,0,2018
2876,0,111,4030,500,928,0,0,0,0,0,0,0,0,0,0,144.9499969482422,-1,0,0,0,-125.5,0,0,0,0,0,0,2018
2877,0,112,4030,500,928,0,0,0,0,0,0,0,0,0,0,144.9499969482422,-1,0,0,0,-125.5,0,0,0,0,0,0,2018
2878,0,113,4030,500,928,0,0,0,0,0,0,0,0,0,0,144.9499969482422,-1,0,0,0,-125.5,0,0,0,0,0,0,2018
2879,0,114,4030,500,928,0,0,0,0,0,0,0,0,0,0,144.9499969482422,-1,0,0,0,-125.5,0,0,0,0,0,0,2018
2880,0,115,4030,500,928,0,0,0,0,0,0,0,0,0,0,144.9499969482422,-1,0,0,0,-125.5,0,0,0,0,0,0,2018
2881,0,116,4030,500,928,0,0,0,0,0,0,0,0,0,0,144.9499969482422,-1,0,0,0,-125.5,0,0,0,0,0,0,2018
2882,0,117,4030,500,928,0,0,0,0,0,0,0,0,0,0,144.9499969482422,-1,0,0,0,-125.5,0,0,0,0,0,0,2018
2883,0,118,4030,500,928,0,0,0,0,0,0,0,0,0,0,144.9499969482422,-1,0,0,0,-125.5,0,0,0,0,0,0,2018
2884,0,119,4030,500,928,0,0,0,0,0,0,0,0,0,0,144.9499969482422,-1,0,0,0,-125.5,0,0,0,0,0,0,2018
2885,0,120,4030,500,928,0,0,0,0,0,0,0,0,0,0,144.9499969482422,-1,0,0,0,-125.5,0,0,0,0,0,0,2018
2886,0,121,4030,500,928,0,0,0,0,0,0,0,0,0,0,144.9499969482422,-1,0,0,0,-125.5,0,0,0,0,0,0,2018
2887,0,122,4030,500,928,0,0,0,0,0,0,0,0,0,0,144.9499969482422,-1,0,0,0,-125.5,0,0,0,0,0,0,2018
2888,0,123,4030,500,928,0,0,0,0,0,0,0,0,0,0,144.9499969482422,-1,0,0,0,-125.5,0,0,0,0,0,0,2018
2889,0,124,4030,500,928,0,0,0,0,0,0,0,0,0,0,144.9499969482422,-1,0,0,0,-125.5,0,0,0,0,0,0,2018
2890,0,125,4030,500,928,0,0,0,0,0,0,0,0,0,0,144.9499969482422,-1,0,0,0,-125.5,0,0,0,0,0,0,2018
2891,0,126,4030,500,928,0,0,0,0,0,0,0,0,0,0,144.9499969482422,-1,0,0,0,-125.5,0,0,0,0,0,0,2018
2892,0,127,4030,500,928,0,0,0,0,0,0,0,0,0,0,144.9499969482422,-1,0,0,0,-125.5,0,0,0,0,0,0,2018
2893,0,128,4030,500,928,0,0,0,0,0,0,0,0,0,0,144.9499969482422,-1,0,0,0,-125.5,0,0,0,0,0,0,2018
2894,0,129,4030,500,928,0,0,0,0,0,0,0,0,0,0,144.9499969482422,-1,0,0,0,-125.5,0,0,0,0,0,0,2018
2895,0,130,4030,500,928,0,0,0,0,0,0,0,0,0,0,144.9499969482422,-1,0,0,0,-125.5,0,0,0,0,0,0,2018
2896,0,131,4030,500,928,0,0,0,0,0,0,0,0,0,0,144.9499969482422,-1,0,0,0,-125.5,0,0,0,0,0,0,2018
2897,0,132,4030,500,928,0,0,0,0,0,0,0,0,0,0,144.9499969482422,-1,0,0,0,-125.5,0,0,0,0,0,0,2018
2898,0,133,4030,500,928,0,0,0,0,0,0,0,0,0,0,144.9499969482422,-1,0,0,0,-125.5,0,0,0,0,0,0,2018
2899,0,134,4030,500,928,0,0,0,0,0,0,0,0,0,0,144.9499969482422,-1,0,0,0,-125.5,0,0,0,0,0,0,2018
2900,0,135,4030,500,928,0,0,0,0,0,0,0,0,0,0,144.9499969482422,-1,0,0,0,-125.5,0,0,0,0,0,0,2018
2901,0,136,4030,500,928,0,0,0,0,0,0,0,0,0,0,144.9499969482422,-1,0,0,0,-125.5,0,0,0,0,0,0,2018
2902,0,137,4030,500,928,0,0,0,0,0,0,0,0,0,0,144.9499969482422,-1,0,0,0,-125.5,0,0,0,0,0,0,2018
2903,0,138,4030,500,928,0,0,0,0,0,0,0,0,0,0,144.9499969482422,-1,0,0,0,-125.5,0,0,0,0,0,0,2018
2904,0,139,4030,500,928,0,0,0,0,0,0,0,0,0,0,144.9499969482422,-1,0,0,0,-125.5,0,0,0,0,0,0,2018
2905,0,140,4030,500,928,0,0,0,0,0,0,0,0,0,0,144.9499969482422,-1,0,0,0,-125.5,0,0,0,0,0,0,2018
2906,0,141,4030,500,928,0,0,0,0,0,0,0,0,0,0,144.9499969482422,-1,0,0,0,-125.5,0,0,0,0,0,0,2018
2907,0,142,4030,500,928,0,0,0,0,0,0,0,0,0,0,144.9499969482422,-1,0,0,0,-125.5,0,0,0,0,0,0,2018
2908,0,143,4030,500,928,0,0,0,0,0,0,0,0,0,0,144.9499969482422,-1,0,0,0,-125.5,0,0,0,0,0,0,2018
2909,0,144,4030,500,928,0,0,0,0,0,0,0,0,0,0,144.9499969482422,-1,0,0,0,-125.5,0,0,0,0,0,0,2018
2910,0,145,4030,500,928,0,0,0,0,0,0,0,0,0,0,144.9499969482422,-1,0,0,0,-125.5,0,0,0,0,0,0,2018
2911,0,146,4030,500,928,0,0,0,0,0,0,0,0,0,0,144.9499969482422,-1,0,0,0,-125.5,0,0,0,0,0,0,2018
2912,0,147,4030,500,928,0,0,0,0,0,0,0,0,0,0,144.9499969482422,-1,0,0,0,-125.5,0,0,0,0,0,0,2018
2913,0,148,4030,500,928,0,0,0,0,0,0,0,0,0,0,144.9499969482422,-1,0,0,0,-125.5,0,0,0,0,0,0,2018
2914,0,149,4030,500,928,0,0,0,0,0,0,0,0,0,0,144.9499969482422,-1,0,0,0,-125.5,0,0,0,0,0,0,2018
2915,0,150,4030,500,928,0,0,0,0,0,0,0,0,0,0,144.9499969482422,-1,0,0,0,-125.5,0,0,0,0,0,0,2018
2916,0,151,4030,500,928,0,0,0,0,0,0,0,0,0,0,144.9499969482422,-1,0,0,0,-125.5,0,0,0,0,0,0,2018
2917,0,152,4030,500,928,0,0,0,0,0,0,0,0,0,0,144.9499969482422,-1,0,0,0,-125.5,0,0,0,0,0,0,2018
2918,0,153,4030,500,928,0,0,0,0,0,0,0,0,0,0,144.9499969482422,-1,0,0,0,-125.5,0,0,0,0,0,0,2018
2919,0,154,4030,500,928,0,0,0,0,0,0,0,0,0,0,144.9499969482422,-1,0,0,0,-125.5,0,0,0,0,0,0,2018
2920,0,155,4030,500,928,0,0,0,0,0,0,0,0,0,0,144.9499969482422,-1,0,0,0,-125.5,0,0,0,0,0,0,2018
2921,0,156,4030,500,928,0,0,0,0,0,0,0,0,0,0,144.9499969482422,-1,0,0,0,-125.5,0,0,0,0,0,0,2018
2922,0,157,4030,500,928,0,0,0,0,0,0,0,0,0,0,144.9499969482422,-1,0,0,0,-125.5,0,0,0,0,0,0,2018
2923,0,158,4030,500,928,0,0,0,0,0,0,0,0,0,0,144.9499969482422,-1,0,0,0,-125.5,0,0,0,0,0,0,2018
2924,0,159,4030,500,928,0,0,0,0,0,0,0,0,0,0,144.9499969482422,-1,0,0,0,-125.5,0,0,0,0,0,0,2018
2925,0,160,4030,500,928,0,0,0,0,0,0,0,0,0,0,144.9499969482422,-1,0,0,0,-125.5,0,0,0,0,0,0,2018
2926,0,161,4030,500,928,0,0,0,0,0,0,0,0,0,0,144.9499969482422,-1,0,0,0,-125.5,0,0,0,0,0,0,2018
2927,0,162,4030,500,928,0,0,0,0,0,0,0,0,0,0,144.9499969482422,-1,0,0,0,-125.5,0,0,0,0,0,0,2018
2928,0,163,4030,500,928,0,0,0,0,0,0,0,0,0,0,144.9499969482422,-1,0,0,0,-125.5,0,0,0,0,0,0,2018
2929,0,164,4030,500,928,0,0,0,0,0,0,0,0,0,0,144.9499969482422,-1,0,0,0,-125.5,0,0,0,0,0,0,2018
2930,0,165,4030,500,928,0,0,0,0,0,0,0,0,0,0,144.9499969482422,-1,0,0,0,-125.5,0,0,0,0,0,0,2018
2931,0,166,4030,500,928,0,0,0,0,0,0,0,0,0,0,144.9499969482422,-1,0,0,0,-125.5,0,0,0,0,0,0,2018
2932,0,167,4030,500,928,0,0,0,0,0,0,0,0,0,0,144.9499969482422,-1,0,0,0,-125.5,0,0,0,0,0,0,2018
2933,0,168,4030,500,928,0,0,0,0,0,0,0,0,0,0,144.9499969482422,-1,0,0,0,-125.5,0,0,0,0,0,0,2018
2934,0,169,4030,500,928,0,0,0,0,0,0,0,0,0,0,144.9499969482422,-1,0,0,0,-125.5,0,0,0,0,0,0,2018
2935,0,170,4030,500,928,0,0,0,0,0,0,0,0,0,0,144.9499969482422,-1,0,0,0,-125.5,0,0,0,0,0,0,2018
2936,0,171,4030,500,928,0,0,0,0,0,0,0,0,0,0,144.9499969482422,-1,0,0,0,-125.5,0,0,0,0,0,0,2018
2937,0,172,4030,500,928,0,0,0,0,0,0,0,0,0,0,144.9499969482422,-1,0,0,0,-125.5,0,0,0,0,0,0,2018
2938,0,173,4030,500,928,0,0,0,0,0,0,0,0,0,0,144.9499969482422,-1,0,0,0,-125.5,0,0,0,0,0,0,2018
2939,0,174,4030,500,928,0,0,0,0,0,0,0,0,0,0,144.9499969482422,-1,0,0,0,-125.5,0,0,0,0,0,0,2018
2940,0,175,4030,500,928,0,0,0,0,0,0,0,0,0,0,144.9499969482422,-1,0,0,0,-125.5,0,0,0,0,0,0,2018
2941,0,176,4030,500,928,0,0,0,0,0,0,0,0,0,0,144.9499969482422,-1,0,0,0,-125.5,0,0,0,0,0,0,2018
2942,0,177,4030,500,928,0,0,0,0,0,0,0,0,0,0,144.9499969482422,-1,0,0,0,-125.5,0,0,0,0,0,0,2018
2943,0,178,4030,500,928,0,0,0,0,0,0,0,0,0,0,144.9499969482422,-1,0,0,0,-125.5,0,0,0,0,0,0,2018
2944,0,179,4030,500,928,0,0,0,0,0,0,0,0,0,0,144.9499969482422,-1,0,0,0,-125.5,0,0,0,0,0,0,2018
2945,0,180,4030,500,928,0,0,0,0,0,0,0,0,0,0,144.9499969482422,-1,0,0,0,-125.5,0,0,0,0,0,0,2018
2946,0,181,4030,500,928,0,0,0,0,0,0,0,0,0,0,144.9499969482422,-1,0,0,0,-125.5,0,0,0,0,0,0,2018
2947,0,182,4030,500,928,0,0,0,0,0,0,0,0,0,0,144.9499969482422,-1,0,0,0,-125.5,0,0,0,0,0,0,2018
2948,0,183,4030,500,928,0,0,0,0,0,0,0,0,0,0,144.9499969482422,-1,0,0,0,-125.5,0,0,0,0,0,0,2018
2949,0,184,4030,500,928,0,0,0,0,0,0,0,0,0,0,144.9499969482422,-1,0,0,0,-125.5,0,0,0,0,0,0,2018
2950,0,185,4030,500,928,0,0,0,0,0,0,0,0,0,0,144.9499969482422,-1,0,0,0,-125.5,0,0,0,0,0,0,2018
2951,0,186,4030,500,928,0,0,0,0,0,0,0,0,0,0,144.9499969482422,-1,0,0,0,-125.5,0,0,0,0,0,0,2018
2952,0,187,4030,500,928,0,0,0,0,0,0,0,0,0,0,144.9499969482422,-1,0,0,0,-125.5,0,0,0,0,0,0,2018
2953,0,188,4030,500,928,0,0,0,0,0,0,0,0,0,0,144.9499969482422,-1,0,0,0,-125.5,0,0,0,0,0,0,2018
2954,0,189,4030,500,928,0,0,0,0,0,0,0,0,0,0,144.9499969482422,-1,0,0,0,-125.5,0,0,0,0,0,0,2018
2955,0,190,4030,500,928,0,0,0,0,0,0,0,0,0,0,144.9499969482422,-1,0,0,0,-125.5,0,0,0,0,0,0,2018
2956,0,191,4030,500,928,0,0,0,0,0,0,0,0,0,0,144.9499969482422,-1,0,0,0,-125.5,0,0,0,0,0,0,2018
2957,0,192,4030,500,928,0,0,0,0,0,0,0,0,0,0,144.9499969482422,-1,0,0,0,-125.5,0,0,0,0,0,0,2018
2958,0,193,4030,500,928,0,0,0,0,0,0,0,0,0,0,144.9499969482422,-1,0,0,0,-125.5,0,0,0,0,0,0,2018
2959,0,194,4030,500,928,0,0,0,0,0,0,0,0,0,0,144.9499969482422,-1,0,0,0,-125.5,0,0,0,0,0,0,2018
2960,0,195,4030,500,928,0,0,0,0,0,0,0,0,0,0,144.9499969482422,-1,0,0,0,-125.5,0,0,0,0,0,0,2018
2961,0,196,4030,500,928,0,0,0,0,0,0,0,0,0,0,144.9499969482422,-1,0,0,0,-125.5,0,0,0,0,0,0,2018
2962,0,197,4030,500,928,0,0,0,0,0,0,0,0,0,0,144.9499969482422,-1,0,0,0,-125.5,0,0,0,0,0,0,2018
2963,0,198,4030,500,928,0,0,0,0,0,0,0,0,0,0,144.9499969482422,-1,0,0,0,-125.5,0,0,0,0,0,0,2018
2964,0,199,4030,500,928,0,0,0,0,0,0,0,0,0,0,144.9499969482422,-1,0,0,0,-125.5,0,0,0,0,0,0,2018
2965,0,200,4030,500,928,0,0,0,0,0,0,0,0,0,0,144.9499969482422,-1,0,0,0,-125.5,0,0,0,0,0,0,2018
2966,0,201,4030,500,928,0,0,0,0,0,0,0,0,0,0,144.9499969482422,-1,0,0,0,-125.5,0,0,0,0,0,0,2018
2967,0,202,4030,500,928,0,0,0,0,0,0,0,0,0,0,144.9499969482422,-1,0,0,0,-125.5,0,0,0,0,0,0,2018
2968,0,203,4030,500,928,0,0,0,0,0,0,0,0,0,0,144.9499969482422,-1,0,0,0,-125.5,0,0,0,0,0,0,2018
2969,0,204,4030,500,928,0,0,0,0,0,0,0,0,0,0,144.9499969482422,-1,0,0,0,-125.5,0,0,0,0,0,0,2018
2970,0,205,4030,500,928,0,0,0,0,0,0,0,0,0,0,144.9499969482422,-1,0,0,0,-125.5,0,0,0,0,0,0,2018
2971,0,206,4030,500,928,0,0,0,0,0,0,0,0,0,0,144.9499969482422,-1,0,0,0,-125.5,0,0,0,0,0,0,2018
2972,0,207,4030,500,928,0,0,0,0,0,0,0,0,0,0,144.9499969482422,-1,0,0,0,-125.5,0,0,0,0,0,0,2018
2973,0,208,4030,500,928,0,0,0,0,0,0,0,0,0,0,144.9499969482422,-1,0,0,0,-125.5,0,0,0,0,0,0,2018
2974,0,209,4030,500,928,0,0,0,0,0,0,0,0,0,0,144.9499969482422,-1,0,0,0,-125.5,0,0,0,0,0,0,2018
2975,0,210,4030,500,928,0,0,0,0,0,0,0,0,0,0,144.9499969482422,-1,0,0,0,-125.5,0,0,0,0,0,0,2018
2976,0,211,4030,500,928,0,0,0,0,0,0,0,0,0,0,144.9499969482422,-1,0,0,0,-125.5,0,0,0,0,0,0,2018
2977,0,212,4030,500,928,0,0,0,0,0,0,0,0,0,0,144.9499969482422,-1,0,0,0,-125.5,0,0,0,0,0,0,2018
2978,0,213,4030,500,928,0,0,0,0,0,0,0,0,0,0,144.9499969482422,-1,0,0,0,-125.5,0,0,0,0,0,0,2018
2979,0,214,4030,500,928,0,0,0,0,0,0,0,0,0,0,144.9499969482422,-1,0,0,0,-125.5,0,0,0,0,0,0,2018
2980,0,215,4030,500,928,0,0,0,0,0,0,0,0,0,0,144.9499969482422,-1,0,0,0,-125.5,0,0,0,0,0,0,2018
2981,0,216,4030,500,928,0,0,0,0,0,0,0,0,0,0,144.9499969482422,-1,0,0,0,-125.5,0,0,0,0,0,0,2018
2982,0,217,4030,500,928,0,0,0,0,0,0,0,0,0,0,144.9499969482422,-1,0,0,0,-125.5,0,0,0,0,0,0,2018
2983,0,218,4030,500,928,0,0,0,0,0,0,0,0,0,0,144.9499969482422,-1,0,0,0,-125.5,0,0,0,0,0,0,2018
2984,0,219,4030,500,928,0,0,0,0,0,0,0,0,0,0,144.9499969482422,-1,0,0,0,-125.5,0,0,0,0,0,0,2018
2985,0,220,4030,500,928,0,0,0,0,0,0,0,0,0,0,144.9499969482422,-1,0,0,0,-125.5,0,0,0,0,0,0,2018
2986,0,221,4030,500,928,0,0,0,0,0,0,0,0,0,0,144.9499969482422,-1,0,0,0,-125.5,0,0,0,0,0,0,2018
2987,0,222,4030,500,928,0,0,0,0,0,0,0,0,0,0,144.9499969482422,-1,0,0,0,-125.5,0,0,0,0,0,0,2018
2988,0,223,4030,500,928,0,0,0,0,0,0,0,0,0,0,144.9499969482422,-1,0,0,0,-125.5,0,0,0,0,0,0,2018
2989,0,224,4030,500,928,0,0,0,0,0,0,0,0,0,0,144.9499969482422,-1,0,0,0,-125.5,0,0,0,0,0,0,2018
2990,0,225,4030,500,928,0,0,0,0,0,0,0,0,0,0,144.9499969482422,-1,0,0,0,-125.5,0,0,0,0,0,0,2018
2991,0,226,4030,500,928,0,0,0,0,0,0,0,0,0,0,144.9499969482422,-1,0,0,0,-125.5,0,0,0,0,0,0,2018
2992,0,227,4030,500,928,0,0,0,0,0,0,0,0,0,0,144.9499969482422,-1,0,0,0,-125.5,0,0,0,0,0,0,2018
2993,0,228,4030,500,928,0,0,0,0,0,0,0,0,0,0,144.9499969482422,-1,0,0,0,-125.5,0,0,0,0,0,0,2018
2994,0,229,4030,500,928,0,0,0,0,0,0,0,0,0,0,144.9499969482422,-1,0,0,0,-125.5,0,0,0,0,0,0,2018
2995,0,230,4030,500,928,0,0,0,0,0,0,0,0,0,0,144.9499969482422,-1,0,0,0,-125.5,0,0,0,0,0,0,2018
2996,0,231,4030,500,928,0,0,0,0,0,0,0,0,0,0,144.9499969482422,-1,0,0,0,-125.5,0,0,0,0,0,0,2018
2997,0,232,4030,500,928,0,0,0,0,0,0,0,0,0,0,144.9499969482422,-1,0,0,0,-125.5,0,0,0,0,0,0,2018
2998,0,233,4030,500,928,0,0,0,0,0,0,0,0,0,0,144.9499969482422,-1,0,0,0,-125.5,0,0,0,0,0,0,2018
2999,0,234,4030,500,928,0,0,0,0,0,0,0,0,0,0,144.9499969482422,-1,0,0,0,-125.5,0,0,0,0,0,0,2018
3000,0,235,4030,500,928,0,0,0,0,0,0,0,0,0,0,144.9499969482422,-1,0,0,0,-125.5,0,0,0,0,0,0,2018
3001,0,236,4030,500,928,0,0,0,0,0,0,0,0,0,0,144.9499969482422,-1,0,0,0,-125.5,0,0,0,0,0,0,2018
3002,0,237,4030,500,928,0,0,0,0,0,0,0,0,0,0,144.9499969482422,-1,0,0,0,-125.5,0,0,0,0,0,0,2018
3003,0,238,4030,500,928,0,0,0,0,0,0,0,0,0,0,144.9499969482422,-1,0,0,0,-125.5,0,0,0,0,0,0,2018
3004,0,239,4030,500,928,0,0,0,0,0,0,0,0,0,0,144.9499969482422,-1,0,0,0,-125.5,0,0,0,0,0,0,2018
3005,0,240,4030,500,928,0,0,0,0,0,0,0,0,0,0,144.9499969482422,-1,0,0,0,-125.5,0,0,0,0,0,0,2018
3006,0,241,4030,500,928,0,0,0,0,0,0,0,0,0,0,144.9499969482422,-1,0,0,0,-125.5,0,0,0,0,0,0,2018
3007,0,242,4030,500,928,0,0,0,0,0,0,0,0,0,0,144.9499969482422,-1,0,0,0,-125.5,0,0,0,0,0,0,2018
3008,0,243,4030,500,928,0,0,0,0,0,0,0,0,0,0,144.9499969482422,-1,0,0,0,-125.5,0,0,0,0,0,0,2018
3009,0,244,4030,500,928,0,0,0,0,0,0,0,0,0,0,144.9499969482422,-1,0,0,0,-125.5,0,0,0,0,0,0,2018
3010,0,1,3000,500,1000,0,0,0,0,0,0,0,0,0,0,145,-1,0,0,0,-125.5,0,0,0,0,0,0,1000
3011,0,2,3000,500,1000,0,0,0,0,0,0,0,0,0,0,145,-1,0,0,0,-125.5,0,0,0,0,0,0,1000
3012,0,3,3000,500,1000,0,0,0,0,0,0,0,0,0,0,145,-1,0,0,0,-125.5,0,0,0,0,0,0,1000
3013,0,4,3000,500,1000,0,0,0,0,0,0,0,0,0,0,145,-1,0,0,0,-125.5,0,0,0,0,0,0,1000
3014,0,5,3000,500,1000,0,0,0,0,0,0,0,0,0,0,145,-1,0,0,0,-125.5,0,0,0,0,0,0,1000
3015,0,6,3000,500,1000,0,0,0,0,0,0,0,0,0,0,145,-1,0,0,0,-125.5,0,0,0,0,0,0,1000
3016,0,7,3000,500,1000,0,0,0,0,0,0,0,0,0,0,145,-1,0,0,0,-125.5,0,0,0,0,0,0,1000
3017,0,8,3000,500,1000,0,0,0,0,0,0,0,0,0,0,145,-1,0,0,0,-125.5,0,0,0,0,0,0,1000
3018,0,9,3000,500,1000,0,0,0,0,0,0,0,0,0,0,145,-1,0,0,0,-125.5,0,0,0,0,0,0,1000
3019,10,1,3000,500,1000,0,0,0,0,0,0,0,0,0,0,145,-1,0,0,0,-125.5,0,0,0,0,0,0,1000
3020,10,2,3000,500,1000,0,0,0,0,0,0,0,0,0,0,145,-1,0,0,0,-125.5,0,0,0,0,0,0,1000
3021,10,3,3000,500,1000,0,0,0,0,0,0,0,0,0,0,145,-1,0,0,0,-125.5,0,0,0,0,0,0,1000
3022,10,4,3000,500,1000,0,0,0,0,0,0,0,0,0,0,145,-1,0,0,0,-125.5,0,0,0,0,0,0,1000
3023,10,5,3000,500,1000,0,0,0,0,0,0,0,0,0,0,145,-1,0,0,0,-125.5,0,0,0,0,0,0,1000
3024,10,6,3000,500,1000,0,0,0,0,0,0,0,0,0,0,145,-1,0,0,0,-125.5,0,0,0,0,0,0,1000
3025,1020,1,3000,500,1000,0,0,0,0,0,0,0,0,0,0,145,-1,0,0,0,-125.5,0,0,0,0,0,0,1000
3026,1020,2,3000,500,1000,0,0,0,0,0,0,0,0,0,0,145,-1,0,0,0,-125.5,0,0,0,0,0,0,1000
3027,1020,3,3000,500,1000,0,0,0,0,0,0,0,0,0,0,145,-1,0,0,0,-125.5,0,0,0,0,0,0,1000
3028,1020,4,3000,500,1000,0,0,0,0,0,0,0,0,0,0,138.60000610351562,-1,0,0,0,-125.5,0,0,0,0,0,0,1000
3029,1020,5,3000,500,1000,0,0,0,0,0,0,0,0,0,0,132.1999969482422,-1,0,0,0,-125.5,0,0,0,0,0,0,1000
3030,1020,6,3000,500,1000,0,0,0,0,0,0,0,0,0,0,127.1500015258789,-1,0,0,0,-125.5,0,0,0,0,0,0,1000
3031,1020,7,3000,500,1000,0,0,0,0,0,0,0,0,0,0,123.94999694824219,-1,0,0,0,-125.5,0,0,0,0,0,0,1000
3032,1020,8,3000,500,1000,0,0,0,0,0,0,0,0,0,0,120.75,-1,0,0,0,-125.5,0,0,0,0,0,0,1000
3033,1020,8,4030,500,924,0,0,0,0,0,0,0,0,0,0,120.75,-1,0,0,0,-125.5,0,0,0,0,0,0,2018
3034,1020,8,4030,500,924,0,0,0,0,0,0,0,0,0,0,120.75,-1,0,0,0,-125.5,0,0,0,0,0,0,2018
3035,1020,8,4030,500,924,0,0,0,0,0,0,0,0,0,0,120.75,-1,0,0,0,-125.5,0,0,0,0,0,0,2018
3036,1020,8,4030,500,924,0,0,0,0,0,0,0,0,0,0,120.75,-1,0,0,0,-125.5,0,0,0,0,0,0,2018
3037,1020,8,4030,500,924,0,0,0,0,0,0,0,0,0,0,120.75,-1,0,0,0,-125.5,0,0,0,0,0,0,2018
3038,1020,8,4030,500,924,0,0,0,0,0,0,0,0,0,0,120.75,-1,0,0,0,-125.5,0,0,0,0,0,0,2018
3039,1020,9,4030,500,924,0,0,0,0,0,0,0,0,0,0,116.05000305175781,-1,0,0,0,-125.5,0,0,0,0,0,0,2018
3040,1020,10,4030,500,924,0,0,0,0,0,0,0,0,0,0,112.8499984741211,-1,0,0,0,-125.5,0,0,0,0,0,0,2018
3041,1020,11,4030,500,924,0,0,0,0,0,0,0,0,0,0,109.6500015258789,-1,0,0,0,-125.5,0,0,0,0,0,0,2018
3042,1020,12,4030,500,924,0,0,0,0,0,0,0,0,0,0,104.44999694824219,-1,0,0,0,-125.5,0,0,0,0,0,0,2018
3043,1020,13,4030,500,924,0,0,0,0,0,0,0,0,0,0,99.25,-1,0,0,0,-125.5,0,0,0,0,0,0,2018
3044,1020,14,4030,500,924,0,0,0,0,0,0,0,0,0,0,94.05000305175781,-1,0,0,0,-125.5,0,0,0,0,0,0,2018
3045,1020,15,4030,500,924,0,0,0,0,0,0,0,0,0,0,88.8499984741211,-1,0,0,0,-125.5,0,0,0,0,0,0,2018
3046,1020,16,4030,500,924,0,0,0,0,0,0,0,0,0,0,83.64999389648438,-1,0,0,0,-125.5,0,0,0,0,0,0,2018
3047,1020,17,4030,500,924,0,0,0,0,0,0,0,0,0,0,78.44999694824219,-1,0,0,0,-125.5,0,0,0,0,0,0,2018
3048,1020,18,4030,500,924,0,0,0,0,0,0,0,0,0,0,73.25,-1,0,0,0,-125.5,0,0,0,0,0,0,2018
3049,1020,19,4030,500,924,0,0,0,0,0,0,0,0,0,0,68.05000305175781,-1,0,0,0,-125.5,0,0,0,0,0,0,2018
3050,1020,20,4030,500,924,0,0,0,0,0,0,0,0,0,0,62.849998474121094,-1,0,0,0,-125.5,0,0,0,0,0,0,2018
3051,1020,21,4030,500,924,0,0,0,0,0,0,0,0,0,0,57.649993896484375,-1,0,0,0,-125.5,0,0,0,0,0,0,2018
3052,1020,22,4030,500,924,0,0,0,0,0,0,0,0,0,0,57.649993896484375,-1,0,0,0,-125.5,0,0,0,0,0,0,2018
3053,1020,23,4030,500,924,0,0,0,0,0,0,0,0,0,0,57.649993896484375,-1,0,0,0,-125.5,0,0,0,0,0,0,2018
3054,1020,24,4030,500,924,0,0,0,0,0,0,0,0,0,0,57.649993896484375,-1,0,0,0,-125.5,0,0,0,0,0,0,2018
3055,1020,25,4030,500,924,0,0,0,0,0,0,0,0,0,0,57.649993896484375,-1,0,0,0,-125.5,0,0,0,0,0,0,2018
3056,1020,26,4030,500,924,0,0,0,0,0,0,0,0,0,0,57.649993896484375,-1,0,0,0,-125.5,0,0,0,0,0,0,2018
3057,1020,27,4030,500,924,0,0,0,0,0,0,0,0,0,0,57.649993896484375,-1,0,0,0,-125.5,0,0,0,0,0,0,2018
3058,1020,28,4030,500,924,0,0,0,0,0,0,0,0,0,0,57.649993896484375,-1,0,0,0,-125.5,0,0,0,0,0,0,2018
3059,1020,29,4030,500,924,0,0,0,0,0,0,0,0,0,0,57.649993896484375,-1,0,0,0,-125.5,0,0,0,0,0,0,2018
3060,1020,30,4030,500,924,0,0,0,0,0,0,0,0,0,0,57.649993896484375,-1,0,0,0,-125.5,0,0,0,0,0,0,2018
3061,1020,31,4030,500,924,0,0,0,0,0,0,0,0,0,0,57.649993896484375,-1,0,0,0,-125.5,0,0,0,0,0,0,2018
3062,1020,32,4030,500,924,0,0,0,0,0,0,0,0,0,0,57.649993896484375,-1,0,0,0,-125.5,0,0,0,0,0,0,2018
3063,1020,33,4030,500,924,0,0,0,0,0,0,0,0,0,0,57.649993896484375,-1,0,0,0,-125.5,0,0,0,0,0,0,2018
3064,1020,34,4030,500,924,0,0,0,0,0,0,0,0,0,0,57.649993896484375,-1,0,0,0,-125.5,0,0,0,0,0,0,2018
3065,1020,35,4030,500,924,0,0,0,0,0,0,0,0,0,0,57.649993896484375,-1,0,0,0,-125.5,0,0,0,0,0,0,2018
3066,1020,36,4030,500,924,0,0,0,0,0,0,0,0,0,0,57.649993896484375,-1,0,0,0,-125.5,0,0,0,0,0,0,2018
3067,0,1,4030,500,924,0,0,0,0,0,0,0,0,0,0,57.649993896484375,-1,0,0,0,-125.5,0,0,0,0,0,0,2018
3068,0,2,4030,500,924,0,0,0,0,0,0,0,0,0,0,57.649993896484375,-1,0,0,0,-125.5,0,0,0,0,0,0,2018
3069,0,3,4030,500,924,0,0,0,0,0,0,0,0,0,0,57.649993896484375,-1,0,0,0,-125.5,0,0,0,0,0,0,2018
3070,0,4,4030,500,924,0,0,0,0,0,0,0,0,0,0,57.649993896484375,-1,0,0,0,-125.5,0,0,0,0,0,0,2018
3071,0,5,4030,500,924,0,0,0,0,0,0,0,0,0,0,57.649993896484375,-1,0,0,0,-125.5,0,0,0,0,0,0,2018
3072,0,6,4030,500,924,0,0,0,0,0,0,0,0,0,0,57.649993896484375,-1,0,0,0,-125.5,0,0,0,0,0,0,2018
3073,0,7,4030,500,924,0,0,0,0,0,0,0,0,0,0,57.649993896484375,-1,0,0,0,-125.5,0,0,0,0,0,0,2018
3074,0,8,4030,500,924,0,0,0,0,0,0,0,0,0,0,57.649993896484375,-1,0,0,0,-125.5,0,0,0,0,0,0,2018
3075,0,9,4030,500,924,0,0,0,0,0,0,0,0,0,0,57.649993896484375,-1,0,0,0,-125.5,0,0,0,0,0,0,2018
3076,0,10,4030,500,924,0,0,0,0,0,0,0,0,0,0,57.649993896484375,-1,0,0,0,-125.5,0,0,0,0,0,0,2018
3077,0,11,4030,500,924,0,0,0,0,0,0,0,0,0,0,57.649993896484375,-1,0,0,0,-125.5,0,0,0,0,0,0,2018
3078,0,12,4030,500,924,0,0,0,0,0,0,0,0,0,0,57.649993896484375,-1,0,0,0,-125.5,0,0,0,0,0,0,2018
3079,0,13,4030,500,924,0,0,0,0,0,0,0,0,0,0,57.649993896484375,-1,0,0,0,-125.5,0,0,0,0,0,0,2018
3080,0,14,4030,500,924,0,0,0,0,0,0,0,0,0,0,57.649993896484375,-1,0,0,0,-125.5,0,0,0,0,0,0,2018
3081,0,15,4030,500,924,0,0,0,0,0,0,0,0,0,0,57.649993896484375,-1,0,0,0,-125.5,0,0,0,0,0,0,2018
3082,0,16,4030,500,924,0,0,0,0,0,0,0,0,0,0,57.649993896484375,-1,0,0,0,-125.5,0,0,0,0,0,0,2018
3083,0,17,4030,500,924,0,0,0,0,0,0,0,0,0,0,57.649993896484375,-1,0,0,0,-125.5,0,0,0,0,0,0,2018
3084,0,18,4030,500,924,0,0,0,0,0,0,0,0,0,0,57.649993896484375,-1,0,0,0,-125.5,0,0,0,0,0,0,2018
3085,0,19,4030,500,924,0,0,0,0,0,0,0,0,0,0,57.649993896484375,-1,0,0,0,-125.5,0,0,0,0,0,0,2018
3086,0,20,4030,500,924,0,0,0,0,0,0,0,0,0,0,57.649993896484375,-1,0,0,0,-125.5,0,0,0,0,0,0,2018
3087,0,21,4030,500,924,0,0,0,0,0,0,0,0,0,0,57.649993896484375,-1,0,0,0,-125.5,0,0,0,0,0,0,2018
3088,0,22,4030,500,924,0,0,0,0,0,0,0,0,0,0,57.649993896484375,-1,0,0,0,-125.5,0,0,0,0,0,0,2018
3089,0,23,4030,500,924,0,0,0,0,0,0,0,0,0,0,57.649993896484375,-1,0,0,0,-125.5,0,0,0,0,0,0,2018
3090,0,24,4030,500,924,0,0,0,0,0,0,0,0,0,0,57.649993896484375,-1,0,0,0,-125.5,0,0,0,0,0,0,2018
3091,0,25,4030,500,924,0,0,0,0,0,0,0,0,0,0,57.649993896484375,-1,0,0,0,-125.5,0,0,0,0,0,0,2018
3092,0,26,4030,500,924,0,0,0,0,0,0,0,0,0,0,57.649993896484375,-1,0,0,0,-125.5,0,0,0,0,0,0,2018
3093,0,27,4030,500,924,0,0,0,0,0,0,0,0,0,0,57.649993896484375,-1,0,0,0,-125.5,0,0,0,0,0,0,2018
3094,0,28,4030,500,924,0,0,0,0,0,0,0,0,0,0,57.649993896484375,-1,0,0,0,-125.5,0,0,0,0,0,0,2018
3095,0,29,4030,500,924,0,0,0,0,0,0,0,0,0,0,57.649993896484375,-1,0,0,0,-125.5,0,0,0,0,0,0,2018
3096,0,30,4030,500,924,0,0,0,0,0,0,0,0,0,0,57.649993896484375,-1,0,0,0,-125.5,0,0,0,0,0,0,2018
3097,0,31,4030,500,924,0,0,0,0,0,0,0,0,0,0,57.649993896484375,-1,0,0,0,-125.5,0,0,0,0,0,0,2018
3098,0,32,4030,500,924,0,0,0,0,0,0,0,0,0,0,57.649993896484375,-1,0,0,0,-125.5,0,0,0,0,0,0,2018
3099,0,33,4030,500,924,0,0,0,0,0,0,0,0,0,0,57.649993896484375,-1,0,0,0,-125.5,0,0,0,0,0,0,2018
3100,0,34,4030,500,924,0,0,0,0,0,0,0,0,0,0,57.649993896484375,-1,0,0,0,-125.5,0,0,0,0,0,0,2018
3101,0,35,4030,500,924,0,0,0,0,0,0,0,0,0,0,57.649993896484375,-1,0,0,0,-125.5,0,0,0,0,0,0,2018
3102,0,36,4030,500,924,0,0,0,0,0,0,0,0,0,0,57.649993896484375,-1,0,0,0,-125.5,0,0,0,0,0,0,2018
3103,0,37,4030,500,924,0,0,0,0,0,0,0,0,0,0,57.649993896484375,-1,0,0,0,-125.5,0,0,0,0,0,0,2018
3104,0,38,4030,500,924,0,0,0,0,0,0,0,0,0,0,57.649993896484375,-1,0,0,0,-125.5,0,0,0,0,0,0,2018
3105,0,39,4030,500,924,0,0,0,0,0,0,0,0,0,0,57.649993896484375,-1,0,0,0,-125.5,0,0,0,0,0,0,2018
3106,0,40,4030,500,924,0,0,0,0,0,0,0,0,0,0,57.649993896484375,-1,0,0,0,-125.5,0,0,0,0,0,0,2018
3107,0,41,4030,500,924,0,0,0,0,0,0,0,0,0,0,57.649993896484375,-1,0,0,0,-125.5,0,0,0,0,0,0,2018
3108,0,42,4030,500,924,0,0,0,0,0,0,0,0,0,0,57.649993896484375,-1,0,0,0,-125.5,0,0,0,0,0,0,2018
3109,0,43,4030,500,924,0,0,0,0,0,0,0,0,0,0,57.649993896484375,-1,0,0,0,-125.5,0,0,0,0,0,0,2018
3110,0,44,4030,500,924,0,0,0,0,0,0,0,0,0,0,57.649993896484375,-1,0,0,0,-125.5,0,0,0,0,0,0,2018
3111,0,45,4030,500,924,0,0,0,0,0,0,0,0,0,0,57.649993896484375,-1,0,0,0,-125.5,0,0,0,0,0,0,2018
3112,0,46,4030,500,924,0,0,0,0,0,0,0,0,0,0,57.649993896484375,-1,0,0,0,-125.5,0,0,0,0,0,0,2018
3113,0,47,4030,500,924,0,0,0,0,0,0,0,0,0,0,57.649993896484375,-1,0,0,0,-125.5,0,0,0,0,0,0,2018
3114,0,48,4030,500,924,0,0,0,0,0,0,0,0,0,0,57.649993896484375,-1,0,0,0,-125.5,0,0,0,0,0,0,2018
3115,0,49,4030,500,924,0,0,0,0,0,0,0,0,0,0,57.649993896484375,-1,0,0,0,-125.5,0,0,0,0,0,0,2018
3116,0,50,4030,500,924,0,0,0,0,0,0,0,0,0,0,57.649993896484375,-1,0,0,0,-125.5,0,0,0,0,0,0,2018
3117,0,51,4030,500,924,0,0,0,0,0,0,0,0,0,0,57.649993896484375,-1,0,0,0,-125.5,0,0,0,0,0,0,2018
3118,0,52,4030,500,924,0,0,0,0,0,0,0,0,0,0,57.649993896484375,-1,0,0,0,-125.5,0,0,0,0,0,0,2018
3119,0,53,4030,500,924,0,0,0,0,0,0,0,0,0,0,57.649993896484375,-1,0,0,0,-125.5,0,0,0,0,0,0,2018
3120,0,54,4030,500,924,0,0,0,0,0,0,0,0,0,0,57.649993896484375,-1,0,0,0,-125.5,0,0,0,0,0,0,2018
3121,0,55,4030,500,924,0,0,0,0,0,0,0,0,0,0,57.649993896484375,-1,0,0,0,-125.5,0,0,0,0,0,0,2018
3122,0,56,4030,500,924,0,0,0,0,0,0,0,0,0,0,57.649993896484375,-1,0,0,0,-125.5,0,0,0,0,0,0,2018
3123,0,57,4030,500,924,0,0,0,0,0,0,0,0,0,0,57.649993896484375,-1,0,0,0,-125.5,0,0,0,0,0,0,2018
3124,0,58,4030,500,924,0,0,0,0,0,0,0,0,0,0,57.649993896484375,-1,0,0,0,-125.5,0,0,0,0,0,0,2018
3125,0,59,4030,500,924,0,0,0,0,0,0,0,0,0,0,57.649993896484375,-1,0,0,0,-125.5,0,0,0,0,0,0,2018
3126,0,60,4030,500,924,0,0,0,0,0,0,0,0,0,0,57.649993896484375,-1,0,0,0,-125.5,0,0,0,0,0,0,2018
3127,0,61,4030,500,924,0,0,0,0,0,0,0,0,0,0,57.649993896484375,-1,0,0,0,-125.5,0,0,0,0,0,0,2018
3128,0,62,4030,500,924,0,0,0,0,0,0,0,0,0,0,57.649993896484375,-1,0,0,0,-125.5,0,0,0,0,0,0,2018
3129,0,63,4030,500,924,0,0,0,0,0,0,0,0,0,0,57.649993896484375,-1,0,0,0,-125.5,0,0,0,0,0,0,2018
3130,0,64,4030,500,924,0,0,0,0,0,0,0,0,0,0,57.649993896484375,-1,0,0,0,-125.5,0,0,0,0,0,0,2018
3131,0,65,4030,500,924,0,0,0,0,0,0,0,0,0,0,57.649993896484375,-1,0,0,0,-125.5,0,0,0,0,0,0,2018
3132,0,66,4030,500,924,0,0,0,0,0,0,0,0,0,0,57.649993896484375,-1,0,0,0,-125.5,0,0,0,0,0,0,2018
3133,0,67,4030,500,924,0,0,0,0,0,0,0,0,0,0,57.649993896484375,-1,0,0,0,-125.5,0,0,0,0,0,0,2018
3134,0,68,4030,500,924,0,0,0,0,0,0,0,0,0,0,57.649993896484375,-1,0,0,0,-125.5,0,0,0,0,0,0,2018
3135,0,69,4030,500,924,0,0,0,0,0,0,0,0,0,0,57.649993896484375,-1,0,0,0,-125.5,0,0,0,0,0,0,2018
3136,0,70,4030,500,924,0,0,0,0,0,0,0,0,0,0,57.649993896484375,-1,0,0,0,-125.5,0,0,0,0,0,0,2018
3137,0,71,4030,500,924,0,0,0,0,0,0,0,0,0,0,57.649993896484375,-1,0,0,0,-125.5,0,0,0,0,0,0,2018
3138,0,72,4030,500,924,0,0,0,0,0,0,0,0,0,0,57.649993896484375,-1,0,0,0,-125.5,0,0,0,0,0,0,2018
3139,0,73,4030,500,924,0,0,0,0,0,0,0,0,0,0,57.649993896484375,-1,0,0,0,-125.5,0,0,0,0,0,0,2018
3140,0,74,4030,500,924,0,0,0,0,0,0,0,0,0,0,57.649993896484375,-1,0,0,0,-125.5,0,0,0,0,0,0,2018
3141,0,75,4030,500,924,0,0,0,0,0,0,0,0,0,0,57.649993896484375,-1,0,0,0,-125.5,0,0,0,0,0,0,2018
3142,0,76,4030,500,924,0,0,0,0,0,0,0,0,0,0,57.649993896484375,-1,0,0,0,-125.5,0,0,0,0,0,0,2018
3143,0,77,4030,500,924,0,0,0,0,0,0,0,0,0,0,57.649993896484375,-1,0,0,0,-125.5,0,0,0,0,0,0,2018
3144,0,78,4030,500,924,0,0,0,0,0,0,0,0,0,0,57.649993896484375,-1,0,0,0,-125.5,0,0,0,0,0,0,2018
3145,0,79,4030,500,924,0,0,0,0,0,0,0,0,0,0,57.649993896484375,-1,0,0,0,-125.5,0,0,0,0,0,0,2018
3146,0,80,4030,500,924,0,0,0,0,0,0,0,0,0,0,57.649993896484375,-1,0,0,0,-125.5,0,0,0,0,0,0,2018
3147,0,81,4030,500,924,0,0,0,0,0,0,0,0,0,0,57.649993896484375,-1,0,0,0,-125.5,0,0,0,0,0,0,2018
3148,0,82,4030,500,924,0,0,0,0,0,0,0,0,0,0,57.649993896484375,-1,0,0,0,-125.5,0,0,0,0,0,0,2018
3149,0,83,4030,500,924,0,0,0,0,0,0,0,0,0,0,57.649993896484375,-1,0,0,0,-125.5,0,0,0,0,0,0,2018
3150,0,84,4030,500,924,0,0,0,0,0,0,0,0,0,0,57.649993896484375,-1,0,0,0,-125.5,0,0,0,0,0,0,2018
3151,0,85,4030,500,924,0,0,0,0,0,0,0,0,0,0,57.649993896484375,-1,0,0,0,-125.5,0,0,0,0,0,0,2018
3152,0,86,4030,500,924,0,0,0,0,0,0,0,0,0,0,57.649993896484375,-1,0,0,0,-125.5,0,0,0,0,0,0,2018
3153,0,87,4030,500,924,0,0,0,0,0,0,0,0,0,0,57.649993896484375,-1,0,0,0,-125.5,0,0,0,0,0,0,2018
3154,0,88,4030,500,924,0,0,0,0,0,0,0,0,0,0,57.649993896484375,-1,0,0,0,-125.5,0,0,0,0,0,0,2018
3155,0,89,4030,500,924,0,0,0,0,0,0,0,0,0,0,57.649993896484375,-1,0,0,0,-125.5,0,0,0,0,0,0,2018
3156,0,90,4030,500,924,0,0,0,0,0,0,0,0,0,0,57.649993896484375,-1,0,0,0,-125.5,0,0,0,0,0,0,2018
3157,0,91,4030,500,924,0,0,0,0,0,0,0,0,0,0,57.649993896484375,-1,0,0,0,-125.5,0,0,0,0,0,0,2018
3158,0,92,4030,500,924,0,0,0,0,0,0,0,0,0,0,57.649993896484375,-1,0,0,0,-125.5,0,0,0,0,0,0,2018
3159,0,93,4030,500,924,0,0,0,0,0,0,0,0,0,0,57.649993896484375,-1,0,0,0,-125.5,0,0,0,0,0,0,2018
3160,0,94,4030,500,924,0,0,0,0,0,0,0,0,0,0,57.649993896484375,-1,0,0,0,-125.5,0,0,0,0,0,0,2018
3161,0,95,4030,500,924,0,0,0,0,0,0,0,0,0,0,57.649993896484375,-1,0,0,0,-125.5,0,0,0,0,0,0,2018
3162,0,96,4030,500,924,0,0,0,0,0,0,0,0,0,0,57.649993896484375,-1,0,0,0,-125.5,0,0,0,0,0,0,2018
3163,0,97,4030,500,924,0,0,0,0,0,0,0,0,0,0,57.649993896484375,-1,0,0,0,-125.5,0,0,0,0,0,0,2018
3164,0,98,4030,500,924,0,0,0,0,0,0,0,0,0,0,57.649993896484375,-1,0,0,0,-125.5,0,0,0,0,0,0,2018
3165,0,99,4030,500,924,0,0,0,0,0,0,0,0,0,0,57.649993896484375,-1,0,0,0,-125.5,0,0,0,0,0,0,2018
3166,0,100,4030,500,924,0,0,0,0,0,0,0,0,0,0,57.649993896484375,-1,0,0,0,-125.5,0,0,0,0,0,0,2018
3167,0,101,4030,500,924,0,0,0,0,0,0,0,0,0,0,57.649993896484375,-1,0,0,0,-125.5,0,0,0,0,0,0,2018
3168,0,102,4030,500,924,0,0,0,0,0,0,0,0,0,0,57.649993896484375,-1,0,0,0,-125.5,0,0,0,0,0,0,2018
3169,0,103,4030,500,924,0,0,0,0,0,0,0,0,0,0,57.649993896484375,-1,0,0,0,-125.5,0,0,0,0,0,0,2018
3170,0,104,4030,500,924,0,0,0,0,0,0,0,0,0,0,57.649993896484375,-1,0,0,0,-125.5,0,0,0,0,0,0,2018
3171,0,105,4030,500,924,0,0,0,0,0,0,0,0,0,0,57.649993896484375,-1,0,0,0,-125.5,0,0,0,0,0,0,2018
3172,0,106,4030,500,924,0,0,0,0,0,0,0,0,0,0,57.649993896484375,-1,0,0,0,-125.5,0,0,0,0,0,0,2018
3173,0,107,4030,500,924,0,0,0,0,0,0,0,0,0,0,57.649993896484375,-1,0,0,0,-125.5,0,0,0,0,0,0,2018
3174,0,108,4030,500,924,0,0,0,0,0,0,0,0,0,0,57.649993896484375,-1,0,0,0,-125.5,0,0,0,0,0,0,2018
3175,0,109,4030,500,924,0,0,0,0,0,0,0,0,0,0,57.649993896484375,-1,0,0,0,-125.5,0,0,0,0,0,0,2018
3176,0,110,4030,500,924,0,0,0,0,0,0,0,0,0,0,57.649993896484375,-1,0,0,0,-125.5,0,0,0,0,0,0,2018
3177,0,111,4030,500,924,0,0,0,0,0,0,0,0,0,0,57.649993896484375,-1,0,0,0,-125.5,0,0,0,0,0,0,2018
3178,0,112,4030,500,924,0,0,0,0,0,0,0,0,0,0,57.649993896484375,-1,0,0,0,-125.5,0,0,0,0,0,0,2018
3179,0,113,4030,500,924,0,0,0,0,0,0,0,0,0,0,57.649993896484375,-1,0,0,0,-125.5,0,0,0,0,0,0,2018
3180,0,114,4030,500,924,0,0,0,0,0,0,0,0,0,0,57.649993896484375,-1,0,0,0,-125.5,0,0,0,0,0,0,2018
3181,0,115,4030,500,924,0,0,0,0,0,0,0,0,0,0,57.649993896484375,-1,0,0,0,-125.5,0,0,0,0,0,0,2018
3182,0,116,4030,500,924,0,0,0,0,0,0,0,0,0,0,57.649993896484375,-1,0,0,0,-125.5,0,0,0,0,0,0,2018
3183,0,117,4030,500,924,0,0,0,0,0,0,0,0,0,0,57.649993896484375,-1,0,0,0,-125.5,0,0,0,0,0,0,2018
3184,0,118,4030,500,924,0,0,0,0,0,0,0,0,0,0,57.649993896484375,-1,0,0,0,-125.5,0,0,0,0,0,0,2018
3185,0,119,4030,500,924,0,0,0,0,0,0,0,0,0,0,57.649993896484375,-1,0,0,0,-125.5,0,0,0,0,0,0,2018
3186,0,120,4030,500,924,0,0,0,0,0,0,0,0,0,0,57.649993896484375,-1,0,0,0,-125.5,0,0,0,0,0,0,2018
3187,0,121,4030,500,924,0,0,0,0,0,0,0,0,0,0,57.649993896484375,-1,0,0,0,-125.5,0,0,0,0,0,0,2018
3188,0,122,4030,500,924,0,0,0,0,0,0,0,0,0,0,57.649993896484375,-1,0,0,0,-125.5,0,0,0,0,0,0,2018
3189,0,123,4030,500,924,0,0,0,0,0,0,0,0,0,0,57.649993896484375,-1,0,0,0,-125.5,0,0,0,0,0,0,2018
3190,0,124,4030,500,924,0,0,0,0,0,0,0,0,0,0,57.649993896484375,-1,0,0,0,-125.5,0,0,0,0,0,0,2018
3191,0,125,4030,500,924,0,0,0,0,0,0,0,0,0,0,57.649993896484375,-1,0,0,0,-125.5,0,0,0,0,0,0,2018
3192,0,126,4030,500,924,0,0,0,0,0,0,0,0,0,0,57.649993896484375,-1,0,0,0,-125.5,0,0,0,0,0,0,2018
3193,0,127,4030,500,924,0,0,0,0,0,0,0,0,0,0,57.649993896484375,-1,0,0,0,-125.5,0,0,0,0,0,0,2018
3194,0,128,4030,500,924,0,0,0,0,0,0,0,0,0,0,57.649993896484375,-1,0,0,0,-125.5,0,0,0,0,0,0,2018
3195,0,129,4030,500,924,0,0,0,0,0,0,0,0,0,0,57.649993896484375,-1,0,0,0,-125.5,0,0,0,0,0,0,2018
3196,0,130,4030,500,924,0,0,0,0,0,0,0,0,0,0,57.649993896484375,-1,0,0,0,-125.5,0,0,0,0,0,0,2018
3197,0,131,4030,500,924,0,0,0,0,0,0,0,0,0,0,57.649993896484375,-1,0,0,0,-125.5,0,0,0,0,0,0,2018
3198,0,132,4030,500,924,0,0,0,0,0,0,0,0,0,0,57.649993896484375,-1,0,0,0,-125.5,0,0,0,0,0,0,2018
3199,0,133,4030,500,924,0,0,0,0,0,0,0,0,0,0,57.649993896484375,-1,0,0,0,-125.5,0,0,0,0,0,0,2018
3200,0,134,4030,500,924,0,0,0,0,0,0,0,0,0,0,57.649993896484375,-1,0,0,0,-125.5,0,0,0,0,0,0,2018
3201,0,135,4030,500,924,0,0,0,0,0,0,0,0,0,0,57.649993896484375,-1,0,0,0,-125.5,0,0,0,0,0,0,2018
3202,0,136,4030,500,924,0,0,0,0,0,0,0,0,0,0,57.649993896484375,-1,0,0,0,-125.5,0,0,0,0,0,0,2018
3203,0,137,4030,500,924,0,0,0,0,0,0,0,0,0,0,57.649993896484375,-1,0,0,0,-125.5,0,0,0,0,0,0,2018
3204,0,138,4030,500,924,0,0,0,0,0,0,0,0,0,0,57.649993896484375,-1,0,0,0,-125.5,0,0,0,0,0,0,2018
3205,0,139,4030,500,924,0,0,0,0,0,0,0,0,0,0,57.649993896484375,-1,0,0,0,-125.5,0,0,0,0,0,0,2018
3206,0,140,4030,500,924,0,0,0,0,0,0,0,0,0,0,57.649993896484375,-1,0,0,0,-125.5,0,0,0,0,0,0,2018
3207,0,141,4030,500,924,0,0,0,0,0,0,0,0,0,0,57.649993896484375,-1,0,0,0,-125.5,0,0,0,0,0,0,2018
3208,0,142,4030,500,924,0,0,0,0,0,0,0,0,0,0,57.649993896484375,-1,0,0,0,-125.5,0,0,0,0,0,0,2018
3209,0,143,4030,500,924,0,0,0,0,0,0,0,0,0,0,57.649993896484375,-1,0,0,0,-125.5,0,0,0,0,0,0,2018
3210,0,144,4030,500,924,0,0,0,0,0,0,0,0,0,0,57.649993896484375,-1,0,0,0,-125.5,0,0,0,0,0,0,2018
3211,0,145,4030,500,924,0,0,0,0,0,0,0,0,0,0,57.649993896484375,-1,0,0,0,-125.5,0,0,0,0,0,0,2018
3212,0,146,4030,500,924,0,0,0,0,0,0,0,0,0,0,57.649993896484375,-1,0,0,0,-125.5,0,0,0,0,0,0,2018
3213,0,147,4030,500,924,0,0,0,0,0,0,0,0,0,0,57.649993896484375,-1,0,0,0,-125.5,0,0,0,0,0,0,2018
3214,0,148,4030,500,924,0,0,0,0,0,0,0,0,0,0,57.649993896484375,-1,0,0,0,-125.5,0,0,0,0,0,0,2018
3215,0,149,4030,500,924,0,0,0,0,0,0,0,0,0,0,57.649993896484375,-1,0,0,0,-125.5,0,0,0,0,0,0,2018
3216,0,150,4030,500,924,0,0,0,0,0,0,0,0,0,0,57.649993896484375,-1,0,0,0,-125.5,0,0,0,0,0,0,2018
3217,0,151,4030,500,924,0,0,0,0,0,0,0,0,0,0,57.649993896484375,-1,0,0,0,-125.5,0,0,0,0,0,0,2018
3218,0,152,4030,500,924,0,0,0,0,0,0,0,0,0,0,57.649993896484375,-1,0,0,0,-125.5,0,0,0,0,0,0,2018
3219,0,153,4030,500,924,0,0,0,0,0,0,0,0,0,0,57.649993896484375,-1,0,0,0,-125.5,0,0,0,0,0,0,2018
3220,0,154,4030,500,924,0,0,0,0,0,0,0,0,0,0,57.649993896484375,-1,0,0,0,-125.5,0,0,0,0,0,0,2018
3221,0,155,4030,500,924,0,0,0,0,0,0,0,0,0,0,57.649993896484375,-1,0,0,0,-125.5,0,0,0,0,0,0,2018
3222,0,156,4030,500,924,0,0,0,0,0,0,0,0,0,0,57.649993896484375,-1,0,0,0,-125.5,0,0,0,0,0,0,2018
3223,0,157,4030,500,924,0,0,0,0,0,0,0,0,0,0,57.649993896484375,-1,0,0,0,-125.5,0,0,0,0,0,0,2018
3224,0,158,4030,500,924,0,0,0,0,0,0,0,0,0,0,57.649993896484375,-1,0,0,0,-125.5,0,0,0,0,0,0,2018
3225,0,159,4030,500,924,0,0,0,0,0,0,0,0,0,0,57.649993896484375,-1,0,0,0,-125.5,0,0,0,0,0,0,2018
3226,0,160,4030,500,924,0,0,0,0,0,0,0,0,0,0,57.649993896484375,-1,0,0,0,-125.5,0,0,0,0,0,0,2018
3227,0,161,4030,500,924,0,0,0,0,0,0,0,0,0,0,57.649993896484375,-1,0,0,0,-125.5,0,0,0,0,0,0,2018
3228,0,162,4030,500,924,0,0,0,0,0,0,0,0,0,0,57.649993896484375,-1,0,0,0,-125.5,0,0,0,0,0,0,2018
3229,0,163,4030,500,924,0,0,0,0,0,0,0,0,0,0,57.649993896484375,-1,0,0,0,-125.5,0,0,0,0,0,0,2018
3230,0,164,4030,500,924,0,0,0,0,0,0,0,0,0,0,57.649993896484375,-1,0,0,0,-125.5,0,0,0,0,0,0,2018
3231,0,165,4030,500,924,0,0,0,0,0,0,0,0,0,0,57.649993896484375,-1,0,0,0,-125.5,0,0,0,0,0,0,2018
3232,0,166,4030,500,924,0,0,0,0,0,0,0,0,0,0,57.649993896484375,-1,0,0,0,-125.5,0,0,0,0,0,0,2018
3233,0,167,4030,500,924,0,0,0,0,0,0,0,0,0,0,57.649993896484375,-1,0,0,0,-125.5,0,0,0,0,0,0,2018
3234,0,168,4030,500,924,0,0,0,0,0,0,0,0,0,0,57.649993896484375,-1,0,0,0,-125.5,0,0,0,0,0,0,2018
3235,0,169,4030,500,924,0,0,0,0,0,0,0,0,0,0,57.649993896484375,-1,0,0,0,-125.5,0,0,0,0,0,0,2018
3236,0,170,4030,500,924,0,0,0,0,0,0,0,0,0,0,57.649993896484375,-1,0,0,0,-125.5,0,0,0,0,0,0,2018
3237,0,171,4030,500,924,0,0,0,0,0,0,0,0,0,0,57.649993896484375,-1,0,0,0,-125.5,0,0,0,0,0,0,2018
3238,0,172,4030,500,924,0,0,0,0,0,0,0,0,0,0,57.649993896484375,-1,0,0,0,-125.5,0,0,0,0,0,0,2018
3239,0,173,4030,500,924,0,0,0,0,0,0,0,0,0,0,57.649993896484375,-1,0,0,0,-125.5,0,0,0,0,0,0,2018
3240,0,174,4030,500,924,0,0,0,0,0,0,0,0,0,0,57.649993896484375,-1,0,0,0,-125.5,0,0,0,0,0,0,2018
3241,0,175,4030,500,924,0,0,0,0,0,0,0,0,0,0,57.649993896484375,-1,0,0,0,-125.5,0,0,0,0,0,0,2018
3242,0,176,4030,500,924,0,0,0,0,0,0,0,0,0,0,57.649993896484375,-1,0,0,0,-125.5,0,0,0,0,0,0,2018
3243,0,177,4030,500,924,0,0,0,0,0,0,0,0,0,0,57.649993896484375,-1,0,0,0,-125.5,0,0,0,0,0,0,2018
3244,0,178,4030,500,924,0,0,0,0,0,0,0,0,0,0,57.649993896484375,-1,0,0,0,-125.5,0,0,0,0,0,0,2018
3245,0,179,4030,500,924,0,0,0,0,0,0,0,0,0,0,57.649993896484375,-1,0,0,0,-125.5,0,0,0,0,0,0,2018
3246,0,180,4030,500,924,0,0,0,0,0,0,0,0,0,0,57.649993896484375,-1,0,0,0,-125.5,0,0,0,0,0,0,2018
3247,0,181,4030,500,924,0,0,0,0,0,0,0,0,0,0,57.649993896484375,-1,0,0,0,-125.5,0,0,0,0,0,0,2018
3248,0,182,4030,500,924,0,0,0,0,0,0,0,0,0,0,57.649993896484375,-1,0,0,0,-125.5,0,0,0,0,0,0,2018
3249,0,183,4030,500,924,0,0,0,0,0,0,0,0,0,0,57.649993896484375,-1,0,0,0,-125.5,0,0,0,0,0,0,2018
3250,0,184,4030,500,924,0,0,0,0,0,0,0,0,0,0,57.649993896484375,-1,0,0,0,-125.5,0,0,0,0,0,0,2018
3251,0,185,4030,500,924,0,0,0,0,0,0,0,0,0,0,57.649993896484375,-1,0,0,0,-125.5,0,0,0,0,0,0,2018
3252,0,186,4030,500,924,0,0,0,0,0,0,0,0,0,0,57.649993896484375,-1,0,0,0,-125.5,0,0,0,0,0,0,2018
3253,0,187,4030,500,924,0,0,0,0,0,0,0,0,0,0,57.649993896484375,-1,0,0,0,-125.5,0,0,0,0,0,0,2018
3254,0,188,4030,500,924,0,0,0,0,0,0,0,0,0,0,57.649993896484375,-1,0,0,0,-125.5,0,0,0,0,0,0,2018
3255,0,189,4030,500,924,0,0,0,0,0,0,0,0,0,0,57.649993896484375,-1,0,0,0,-125.5,0,0,0,0,0,0,2018
3256,0,190,4030,500,924,0,0,0,0,0,0,0,0,0,0,57.649993896484375,-1,0,0,0,-125.5,0,0,0,0,0,0,2018
3257,0,191,4030,500,924,0,0,0,0,0,0,0,0,0,0,57.649993896484375,-1,0,0,0,-125.5,0,0,0,0,0,0,2018
3258,0,192,4030,500,924,0,0,0,0,0,0,0,0,0,0,57.649993896484375,-1,0,0,0,-125.5,0,0,0,0,0,0,2018
3259,0,193,4030,500,924,0,0,0,0,0,0,0,0,0,0,57.649993896484375,-1,0,0,0,-125.5,0,0,0,0,0,0,2018
3260,0,194,4030,500,924,0,0,0,0,0,0,0,0,0,0,57.649993896484375,-1,0,0,0,-125.5,0,0,0,0,0,0,2018
3261,0,195,4030,500,924,0,0,0,0,0,0,0,0,0,0,57.649993896484375,-1,0,0,0,-125.5,0,0,0,0,0,0,2018
3262,0,196,4030,500,924,0,0,0,0,0,0,0,0,0,0,57.649993896484375,-1,0,0,0,-125.5,0,0,0,0,0,0,2018
3263,0,197,4030,500,924,0,0,0,0,0,0,0,0,0,0,57.649993896484375,-1,0,0,0,-125.5,0,0,0,0,0,0,2018
3264,0,198,4030,500,924,0,0,0,0,0,0,0,0,0,0,57.649993896484375,-1,0,0,0,-125.5,0,0,0,0,0,0,2018
3265,0,199,4030,500,924,0,0,0,0,0,0,0,0,0,0,57.649993896484375,-1,0,0,0,-125.5,0,0,0,0,0,0,2018
3266,0,200,4030,500,924,0,0,0,0,0,0,0,0,0,0,57.649993896484375,-1,0,0,0,-125.5,0,0,0,0,0,0,2018
3267,0,201,4030,500,924,0,0,0,0,0,0,0,0,0,0,57.649993896484375,-1,0,0,0,-125.5,0,0,0,0,0,0,2018
3268,0,202,4030,500,924,0,0,0,0,0,0,0,0,0,0,57.649993896484375,-1,0,0,0,-125.5,0,0,0,0,0,0,2018
3269,0,203,4030,500,924,0,0,0,0,0,0,0,0,0,0,57.649993896484375,-1,0,0,0,-125.5,0,0,0,0,0,0,2018
3270,0,204,4030,500,924,0,0,0,0,0,0,0,0,0,0,57.649993896484375,-1,0,0,0,-125.5,0,0,0,0,0,0,2018
3271,0,205,4030,500,924,0,0,0,0,0,0,0,0,0,0,57.649993896484375,-1,0,0,0,-125.5,0,0,0,0,0,0,2018
3272,0,206,4030,500,924,0,0,0,0,0,0,0,0,0,0,57.649993896484375,-1,0,0,0,-125.5,0,0,0,0,0,0,2018
3273,0,207,4030,500,924,0,0,0,0,0,0,0,0,0,0,57.649993896484375,-1,0,0,0,-125.5,0,0,0,0,0,0,2018
3274,0,208,4030,500,924,0,0,0,0,0,0,0,0,0,0,57.649993896484375,-1,0,0,0,-125.5,0,0,0,0,0,0,2018
3275,0,209,4030,500,924,0,0,0,0,0,0,0,0,0,0,57.649993896484375,-1,0,0,0,-125.5,0,0,0,0,0,0,2018
3276,0,210,4030,500,924,0,0,0,0,0,0,0,0,0,0,57.649993896484375,-1,0,0,0,-125.5,0,0,0,0,0,0,2018
3277,0,211,4030,500,924,0,0,0,0,0,0,0,0,0,0,57.649993896484375,-1,0,0,0,-125.5,0,0,0,0,0,0,2018
3278,0,212,4030,500,924,0,0,0,0,0,0,0,0,0,0,57.649993896484375,-1,0,0,0,-125.5,0,0,0,0,0,0,2018
3279,0,213,4030,500,924,0,0,0,0,0,0,0,0,0,0,57.649993896484375,-1,0,0,0,-125.5,0,0,0,0,0,0,2018
3280,0,214,4030,500,924,0,0,0,0,0,0,0,0,0,0,57.649993896484375,-1,0,0,0,-125.5,0,0,0,0,0,0,2018
3281,0,215,4030,500,924,0,0,0,0,0,0,0,0,0,0,57.649993896484375,-1,0,0,0,-125.5,0,0,0,0,0,0,2018
3282,0,216,4030,500,924,0,0,0,0,0,0,0,0,0,0,57.649993896484375,-1,0,0,0,-125.5,0,0,0,0,0,0,2018
3283,0,217,4030,500,924,0,0,0,0,0,0,0,0,0,0,57.649993896484375,-1,0,0,0,-125.5,0,0,0,0,0,0,2018
3284,0,218,4030,500,924,0,0,0,0,0,0,0,0,0,0,57.649993896484375,-1,0,0,0,-125.5,0,0,0,0,0,0,2018
3285,0,219,4030,500,924,0,0,0,0,0,0,0,0,0,0,57.649993896484375,-1,0,0,0,-125.5,0,0,0,0,0,0,2018
3286,0,220,4030,500,924,0,0,0,0,0,0,0,0,0,0,57.649993896484375,-1,0,0,0,-125.5,0,0,0,0,0,0,2018
3287,0,221,4030,500,924,0,0,0,0,0,0,0,0,0,0,57.649993896484375,-1,0,0,0,-125.5,0,0,0,0,0,0,2018
3288,0,222,4030,500,924,0,0,0,0,0,0,0,0,0,0,57.649993896484375,-1,0,0,0,-125.5,0,0,0,0,0,0,2018
3289,0,223,4030,500,924,0,0,0,0,0,0,0,0,0,0,57.649993896484375,-1,0,0,0,-125.5,0,0,0,0,0,0,2018
3290,0,224,4030,500,924,0,0,0,0,0,0,0,0,0,0,57.649993896484375,-1,0,0,0,-125.5,0,0,0,0,0,0,2018
3291,0,225,4030,500,924,0,0,0,0,0,0,0,0,0,0,57.649993896484375,-1,0,0,0,-125.5,0,0,0,0,0,0,2018
3292,0,226,4030,500,924,0,0,0,0,0,0,0,0,0,0,57.649993896484375,-1,0,0,0,-125.5,0,0,0,0,0,0,2018
3293,0,227,4030,500,924,0,0,0,0,0,0,0,0,0,0,57.649993896484375,-1,0,0,0,-125.5,0,0,0,0,0,0,2018
3294,0,228,4030,500,924,0,0,0,0,0,0,0,0,0,0,57.649993896484375,-1,0,0,0,-125.5,0,0,0,0,0,0,2018
3295,0,229,4030,500,924,0,0,0,0,0,0,0,0,0,0,57.649993896484375,-1,0,0,0,-125.5,0,0,0,0,0,0,2018
3296,0,230,4030,500,924,0,0,0,0,0,0,0,0,0,0,57.649993896484375,-1,0,0,0,-125.5,0,0,0,0,0,0,2018
3297,0,231,4030,500,924,0,0,0,0,0,0,0,0,0,0,57.649993896484375,-1,0,0,0,-125.5,0,0,0,0,0,0,2018
3298,0,232,4030,500,924,0,0,0,0,0,0,0,0,0,0,57.649993896484375,-1,0,0,0,-125.5,0,0,0,0,0,0,2018
3299,0,233,4030,500,924,0,0,0,0,0,0,0,0,0,0,57.649993896484375,-1,0,0,0,-125.5,0,0,0,0,0,0,2018
3300,0,234,4030,500,924,0,0,0,0,0,0,0,0,0,0,57.649993896484375,-1,0,0,0,-125.5,0,0,0,0,0,0,2018
3301,0,235,4030,500,924,0,0,0,0,0,0,0,0,0,0,57.649993896484375,-1,0,0,0,-125.5,0,0,0,0,0,0,2018
3302,0,236,4030,500,924,0,0,0,0,0,0,0,0,0,0,57.649993896484375,-1,0,0,0,-125.5,0,0,0,0,0,0,2018
3303,0,237,4030,500,924,0,0,0,0,0,0,0,0,0,0,57.649993896484375,-1,0,0,0,-125.5,0,0,0,0,0,0,2018
3304,0,238,4030,500,924,0,0,0,0,0,0,0,0,0,0,57.649993896484375,-1,0,0,0,-125.5,0,0,0,0,0,0,2018
3305,0,239,4030,500,924,0,0,0,0,0,0,0,0,0,0,57.649993896484375,-1,0,0,0,-125.5,0,0,0,0,0,0,2018
3306,0,240,4030,500,924,0,0,0,0,0,0,0,0,0,0,57.649993896484375,-1,0,0,0,-125.5,0,0,0,0,0,0,2018
3307,0,241,4030,500,924,0,0,0,0,0,0,0,0,0,0,57.649993896484375,-1,0,0,0,-125.5,0,0,0,0,0,0,2018
3308,0,242,4030,500,924,0,0,0,0,0,0,0,0,0,0,57.649993896484375,-1,0,0,0,-125.5,0,0,0,0,0,0,2018
3309,0,243,4030,500,924,0,0,0,0,0,0,0,0,0,0,57.649993896484375,-1,0,0,0,-125.5,0,0,0,0,0,0,2018
3310,0,1,3000,500,1000,0,0,0,0,0,0,0,0,0,0,145,-1,0,0,0,-125.5,0,0,0,0,0,0,1000
3311,0,2,3000,500,1000,0,0,0,0,0,0,0,0,0,0,145,-1,0,0,0,-125.5,0,0,0,0,0,0,1000
3312,0,3,3000,500,1000,0,0,0,0,0,0,0,0,0,0,145,-1,0,0,0,-125.5,0,0,0,0,0,0,1000
3313,0,4,3000,500,1000,0,0,0,0,0,0,0,0,0,0,145,-1,0,0,0,-125.5,0,0,0,0,0,0,1000
3314,0,5,3000,500,1000,0,0,0,0,0,0,0,0,0,0,145,-1,0,0,0,-125.5,0,0,0,0,0,0,1000
3315,0,6,3000,500,1000,0,0,0,0,0,0,0,0,0,0,145,-1,0,0,0,-125.5,0,0,0,0,0,0,1000
3316,0,7,3000,500,1000,0,0,0,0,0,0,0,0,0,0,145,-1,0,0,0,-125.5,0,0,0,0,0,0,1000
3317,0,8,3000,500,1000,0,0,0,0,0,0,0,0,0,0,145,-1,0,0,0,-125.5,0,0,0,0,0,0,1000
3318,0,9,3000,500,1000,0,0,0,0,0,0,0,0,0,0,145,-1,0,0,0,-125.5,0,0,0,0,0,0,1000
3319,20,1,3000,500,1000,0,0,0,0,0,0,0,0,0,0,143.75,-1,0,0,0,-125.5,0,0,0,0,0,0,1000
3320,20,2,3000,500,1000,0,0,0,0,0,0,0,0,0,0,143.75,-1,0,0,0,-124.25,0,0,0,0,0,0,1000
3321,20,3,3000,500,1000,0,0,0,0,0,0,0,0,0,0,143.75,-1,0,0,0,-123,0,0,0,0,0,0,1000
3322,10,1,3000,500,1000,0,0,0,0,0,0,0,0,0,0,143.75,-1,0,0,0,-121.75,0,0,0,0,0,0,1000
3323,10,2,3000,500,1000,0,0,0,0,0,0,0,0,0,0,143.75,-1,0,0,0,-121.75,0,0,0,0,0,0,1000
3324,10,3,3000,500,1000,0,0,0,0,0,0,0,0,0,0,143.75,-1,0,0,0,-121.75,0,0,0,0,0,0,1000
3325,10,4,3000,500,1000,0,0,0,0,0,0,0,0,0,0,143.75,-1,0,0,0,-121.75,0,0,0,0,0,0,1000
3326,10,5,3000,500,1000,0,0,0,0,0,0,0,0,0,0,143.75,-1,0,0,0,-121.75,0,0,0,0,0,0,1000
3327,10,6,3000,500,1000,0,0,0,0,0,0,0,0,0,0,143.75,-1,0,0,0,-121.75,0,0,0,0,0,0,1000
3328,10,7,3000,500,1000,0,0,0,0,0,0,0,0,0,0,143.75,-1,0,0,0,-121.75,0,0,0,0,0,0,1000
3329,10,8,3000,500,1000,0,0,0,0,0,0,0,0,0,0,143.75,-1,0,0,0,-121.75,0,0,0,0,0,0,1000
3330,10,9,3000,500,1000,0,0,0,0,0,0,0,0,0,0,143.75,-1,0,0,0,-121.75,0,0,0,0,0,0,1000
3331,1030,1,3000,500,1000,0,0,0,0,0,0,0,0,0,0,143.75,-1,0,0,0,-121.75,0,0,0,0,0,0,1000
3332,1030,2,3000,500,1000,0,0,0,0,0,0,0,0,0,0,143.75,-1,0,0,0,-121.75,0,0,0,0,0,0,1000
3333,1030,3,3000,500,1000,0,0,0,0,0,0,0,0,0,0,143.75,-1,0,0,0,-121.75,0,0,0,0,0,0,1000
3334,1030,4,3000,500,1000,0,0,0,0,0,0,0,0,0,0,143.75,-1,0,0,0,-121.75,0,0,0,0,0,0,1000
3335,1030,5,3000,500,1000,0,0,0,0,0,0,0,0,0,0,143.75,-1,0,0,0,-121.75,0,0,0,0,0,0,1000
3336,1030,6,3000,500,1000,0,0,0,0,0,0,0,0,0,0,143.75,-1,0,0,0,-121.75,0,0,0,0,0,0,1000
3337,1030,7,3000,500,1000,0,0,0,0,0,0,0,0,0,0,143.75,-1,0,0,0,-121.75,0,0,0,0,0,0,1000
3338,1030,8,3000,500,1000,0,0,0,0,0,0,0,0,0,0,143.75,-1,0,0,0,-121.75,0,0,0,0,0,0,1000
3339,1030,9,3000,500,1000,0,0,0,0,0,0,0,0,0,0,143.75,-1,0,0,0,-121.75,0,0,0,0,0,0,1000
3340,1030,10,3000,500,1000,0,0,0,0,0,0,0,0,0,0,143.75,-1,0,0,0,-121.75,0,0,0,0,0,0,1000
3341,1030,10,4030,500,940,0,0,0,0,0,0,0,0,0,0,143.75,-1,0,0,0,-121.75,0,0,0,0,0,0,2018
3342,1030,10,4030,500,940,0,0,0,0,0,0,0,0,0,0,143.75,-1,0,0,0,-121.75,0,0,0,0,0,0,2018
3343,1030,10,4030,500,940,0,0,0,0,0,0,0,0,0,0,143.75,-1,0,0,0,-121.75,0,0,0,0,0,0,2018
3344,1030,10,4030,500,940,0,0,0,0,0,0,0,0,0,0,143.75,-1,0,0,0,-121.75,0,0,0,0,0,0,2018
3345,1030,10,4030,500,940,0,0,0,0,0,0,0,0,0,0,143.75,-1,0,0,0,-121.75,0,0,0,0,0,0,2018
3346,1030,10,4030,500,940,0,0,0,0,0,0,0,0,0,0,143.75,-1,0,0,0,-121.75,0,0,0,0,0,0,2018
3347,1030,11,4030,500,940,0,0,0,0,0,0,0,0,0,0,143.75,-1,0,0,0,-121.75,0,0,0,0,0,0,2018
3348,1030,12,4030,500,940,0,0,0,0,0,0,0,0,0,0,143.75,-1,0,0,0,-121.75,0,0,0,0,0,0,2018
3349,1030,13,4030,500,940,0,0,0,0,0,0,0,0,0,0,143.75,-1,0,0,0,-121.75,0,0,0,0,0,0,2018
3350,1030,14,4030,500,940,0,0,0,0,0,0,0,0,0,0,143.75,-1,0,0,0,-121.75,0,0,0,0,0,0,2018
3351,1030,15,4030,500,940,0,0,0,0,0,0,0,0,0,0,142,-1,0,0,0,-121.75,0,0,0,0,0,0,2018
3352,1030,16,4030,500,940,0,0,0,0,0,0,0,0,0,0,142,-1,0,0,0,-118.75,0,0,0,0,0,0,2018
3353,1030,17,4030,500,940,0,0,0,0,0,0,0,0,0,0,142,-1,0,0,0,-115.75,0,0,0,0,0,0,2018
3354,1030,18,4030,500,940,0,0,0,0,0,0,0,0,0,0,142,-1,0,0,0,-112.75,0,0,0,0,0,0,2018
3355,1030,19,4030,500,940,0,0,0,0,0,0,0,0,0,0,142,-1,0,0,0,-109.75,0,0,0,0,0,0,2018
3356,1030,20,4030,500,940,0,0,0,0,0,0,0,0,0,0,142,-1,0,0,0,-106.75,0,0,0,0,0,0,2018
3357,1030,21,4030,500,940,0,0,0,0,0,0,0,0,0,0,142,-1,0,0,0,-103.75,0,0,0,0,0,0,2018
3358,1030,22,4030,500,940,0,0,0,0,0,0,0,0,0,0,142,-1,0,0,0,-100.75,0,0,0,0,0,0,2018
3359,1030,23,4030,500,940,0,0,0,0,0,0,0,0,0,0,142,-1,0,0,0,-97.75,0,0,0,0,0,0,2018
3360,1030,24,4030,500,940,0,0,0,0,0,0,0,0,0,0,142,-1,0,0,0,-94.75,0,0,0,0,0,0,2018
3361,1030,25,4030,500,940,0,0,0,0,0,0,0,0,0,0,142,-1,0,0,0,-91.75,0,0,0,0,0,0,2018
3362,1030,26,4030,500,940,0,0,0,0,0,0,0,0,0,0,142,-1,0,0,0,-88.75,0,0,0,0,0,0,2018
3363,1030,27,4030,500,940,0,0,0,0,0,0,0,0,0,0,142,-1,0,0,0,-85.75,0,0,0,0,0,0,2018
3364,1030,28,4030,500,940,0,0,0,0,0,0,0,0,0,0,142,-1,0,0,0,-85.75,0,0,0,0,0,0,2018
3365,1030,29,4030,500,940,0,0,0,0,0,0,0,0,0,0,142,-1,0,0,0,-85.75,0,0,0,0,0,0,2018
3366,1030,30,4030,500,940,0,0,0,0,0,0,0,0,0,0,142,-1,0,0,0,-85.75,0,0,0,0,0,0,2018
3367,1030,31,4030,500,940,0,0,0,0,0,0,0,0,0,0,142,-1,0,0,0,-85.75,0,0,0,0,0,0,2018
3368,1030,32,4030,500,940,0,0,0,0,0,0,0,0,0,0,142,-1,0,0,0,-85.75,0,0,0,0,0,0,2018
3369,1030,33,4030,500,940,0,0,0,0,0,0,0,0,0,0,142,-1,0,0,0,-85.75,0,0,0,0,0,0,2018
3370,1030,34,4030,500,940,0,0,0,0,0,0,0,0,0,0,142,-1,0,0,0,-85.75,0,0,0,0,0,0,2018
3371,1030,35,4030,500,940,0,0,0,0,0,0,0,0,0,0,142,-1,0,0,0,-85.75,0,0,0,0,0,0,2018
3372,1030,36,4030,500,940,0,0,0,0,0,0,0,0,0,0,142,-1,0,0,0,-85.75,0,0,0,0,0,0,2018
3373,1030,37,4030,500,940,0,0,0,0,0,0,0,0,0,0,142,-1,0,0,0,-85.75,0,0,0,0,0,0,2018
3374,0,1,4030,500,940,0,0,0,0,0,0,0,0,0,0,142,-1,0,0,0,-85.75,0,0,0,0,0,0,2018
3375,0,2,4030,500,940,0,0,0,0,0,0,0,0,0,0,142,-1,0,0,0,-85.75,0,0,0,0,0,0,2018
3376,0,3,4030,500,940,0,0,0,0,0,0,0,0,0,0,142,-1,0,0,0,-85.75,0,0,0,0,0,0,2018
3377,0,4,4030,500,940,0,0,0,0,0,0,0,0,0,0,142,-1,0,0,0,-85.75,0,0,0,0,0,0,2018
3378,0,5,4030,500,940,0,0,0,0,0,0,0,0,0,0,142,-1,0,0,0,-85.75,0,0,0,0,0,0,2018
3379,0,6,4030,500,940,0,0,0,0,0,0,0,0,0,0,142,-1,0,0,0,-85.75,0,0,0,0,0,0,2018
3380,0,7,4030,500,940,0,0,0,0,0,0,0,0,0,0,142,-1,0,0,0,-85.75,0,0,0,0,0,0,2018
3381,0,8,4030,500,940,0,0,0,0,0,0,0,0,0,0,142,-1,0,0,0,-85.75,0,0,0,0,0,0,2018
3382,0,9,4030,500,940,0,0,0,0,0,0,0,0,0,0,142,-1,0,0,0,-85.75,0,0,0,0,0,0,2018
3383,0,10,4030,500,940,0,0,0,0,0,0,0,0,0,0,142,-1,0,0,0,-85.75,0,0,0,0,0,0,2018
3384,0,11,4030,500,940,0,0,0,0,0,0,0,0,0,0,142,-1,0,0,0,-85.75,0,0,0,0,0,0,2018
3385,0,12,4030,500,940,0,0,0,0,0,0,0,0,0,0,142,-1,0,0,0,-85.75,0,0,0,0,0,0,2018
3386,0,13,4030,500,940,0,0,0,0,0,0,0,0,0,0,142,-1,0,0,0,-85.75,0,0,0,0,0,0,2018
3387,0,14,4030,500,940,0,0,0,0,0,0,0,0,0,0,142,-1,0,0,0,-85.75,0,0,0,0,0,0,2018
3388,0,15,4030,500,940,0,0,0,0,0,0,0,0,0,0,142,-1,0,0,0,-85.75,0,0,0,0,0,0,2018
3389,0,16,4030,500,940,0,0,0,0,0,0,0,0,0,0,142,-1,0,0,0,-85.75,0,0,0,0,0,0,2018
3390,0,17,4030,500,940,0,0,0,0,0,0,0,0,0,0,142,-1,0,0,0,-85.75,0,0,0,0,0,0,2018
3391,0,18,4030,500,940,0,0,0,0,0,0,0,0,0,0,142,-1,0,0,0,-85.75,0,0,0,0,0,0,2018
3392,0,19,4030,500,940,0,0,0,0,0,0,0,0,0,0,142,-1,0,0,0,-85.75,0,0,0,0,0,0,2018
3393,0,20,4030,500,940,0,0,0,0,0,0,0,0,0,0,142,-1,0,0,0,-85.75,0,0,0,0,0,0,2018
3394,0,21,4030,500,940,0,0,0,0,0,0,0,0,0,0,142,-1,0,0,0,-85.75,0,0,0,0,0,0,2018
3395,0,22,4030,500,940,0,0,0,0,0,0,0,0,0,0,142,-1,0,0,0,-85.75,0,0,0,0,0,0,2018
3396,0,23,4030,500,940,0,0,0,0,0,0,0,0,0,0,142,-1,0,0,0,-85.75,0,0,0,0,0,0,2018
3397,0,24,4030,500,940,0,0,0,0,0,0,0,0,0,0,142,-1,0,0,0,-85.75,0,0,0,0,0,0,2018
3398,0,25,4030,500,940,0,0,0,0,0,0,0,0,0,0,142,-1,0,0,0,-85.75,0,0,0,0,0,0,2018
3399,0,26,4030,500,940,0,0,0,0,0,0,0,0,0,0,142,-1,0,0,0,-85.75,0,0,0,0,0,0,2018
3400,0,27,4030,500,940,0,0,0,0,0,0,0,0,0,0,142,-1,0,0,0,-85.75,0,0,0,0,0,0,2018
3401,0,28,4030,500,940,0,0,0,0,0,0,0,0,0,0,142,-1,0,0,0,-85.75,0,0,0,0,0,0,2018
3402,0,29,4030,500,940,0,0,0,0,0,0,0,0,0,0,142,-1,0,0,0,-85.75,0,0,0,0,0,0,2018
3403,0,30,4030,500,940,0,0,0,0,0,0,0,0,0,0,142,-1,0,0,0,-85.75,0,0,0,0,0,0,2018
3404,0,31,4030,500,940,0,0,0,0,0,0,0,0,0,0,142,-1,0,0,0,-85.75,0,0,0,0,0,0,2018
3405,0,32,4030,500,940,0,0,0,0,0,0,0,0,0,0,142,-1,0,0,0,-85.75,0,0,0,0,0,0,2018
3406,0,33,4030,500,940,0,0,0,0,0,0,0,0,0,0,142,-1,0,0,0,-85.75,0,0,0,0,0,0,2018
3407,0,34,4030,500,940,0,0,0,0,0,0,0,0,0,0,142,-1,0,0,0,-85.75,0,0,0,0,0,0,2018
3408,0,35,4030,500,940,0,0,0,0,0,0,0,0,0,0,142,-1,0,0,0,-85.75,0,0,0,0,0,0,2018
3409,0,36,4030,500,940,0,0,0,0,0,0,0,0,0,0,142,-1,0,0,0,-85.75,0,0,0,0,0,0,2018
3410,0,37,4030,500,940,0,0,0,0,0,0,0,0,0,0,142,-1,0,0,0,-85.75,0,0,0,0,0,0,2018
3411,0,38,4030,500,940,0,0,0,0,0,0,0,0,0,0,142,-1,0,0,0,-85.75,0,0,0,0,0,0,2018
3412,0,39,4030,500,940,0,0,0,0,0,0,0,0,0,0,142,-1,0,0,0,-85.75,0,0,0,0,0,0,2018
3413,0,40,4030,500,940,0,0,0,0,0,0,0,0,0,0,142,-1,0,0,0,-85.75,0,0,0,0,0,0,2018
3414,0,41,4030,500,940,0,0,0,0,0,0,0,0,0,0,142,-1,0,0,0,-85.75,0,0,0,0,0,0,2018
3415,0,42,4030,500,940,0,0,0,0,0,0,0,0,0,0,142,-1,0,0,0,-85.75,0,0,0,0,0,0,2018
3416,0,43,4030,500,940,0,0,0,0,0,0,0,0,0,0,142,-1,0,0,0,-85.75,0,0,0,0,0,0,2018
3417,0,44,4030,500,940,0,0,0,0,0,0,0,0,0,0,142,-1,0,0,0,-85.75,0,0,0,0,0,0,2018
3418,0,45,4030,500,940,0,0,0,0,0,0,0,0,0,0,142,-1,0,0,0,-85.75,0,0,0,0,0,0,2018
3419,0,46,4030,500,940,0,0,0,0,0,0,0,0,0,0,142,-1,0,0,0,-85.75,0,0,0,0,0,0,2018
3420,0,47,4030,500,940,0,0,0,0,0,0,0,0,0,0,142,-1,0,0,0,-85.75,0,0,0,0,0,0,2018
3421,0,48,4030,500,940,0,0,0,0,0,0,0,0,0,0,142,-1,0,0,0,-85.75,0,0,0,0,0,0,2018
3422,0,49,4030,500,940,0,0,0,0,0,0,0,0,0,0,142,-1,0,0,0,-85.75,0,0,0,0,0,0,2018
3423,0,50,4030,500,940,0,0,0,0,0,0,0,0,0,0,142,-1,0,0,0,-85.75,0,0,0,0,0,0,2018
3424,0,51,4030,500,940,0,0,0,0,0,0,0,0,0,0,142,-1,0,0,0,-85.75,0,0,0,0,0,0,2018
3425,0,52,4030,500,940,0,0,0,0,0,0,0,0,0,0,142,-1,0,0,0,-85.75,0,0,0,0,0,0,2018
3426,0,53,4030,500,940,0,0,0,0,0,0,0,0,0,0,142,-1,0,0,0,-85.75,0,0,0,0,0,0,2018
3427,0,54,4030,500,940,0,0,0,0,0,0,0,0,0,0,142,-1,0,0,0,-85.75,0,0,0,0,0,0,2018
3428,0,55,4030,500,940,0,0,0,0,0,0,0,0,0,0,142,-1,0,0,0,-85.75,0,0,0,0,0,0,2018
3429,0,56,4030,500,940,0,0,0,0,0,0,0,0,0,0,142,-1,0,0,0,-85.75,0,0,0,0,0,0,2018
3430,0,57,4030,500,940,0,0,0,0,0,0,0,0,0,0,142,-1,0,0,0,-85.75,0,0,0,0,0,0,2018
3431,0,58,4030,500,940,0,0,0,0,0,0,0,0,0,0,142,-1,0,0,0,-85.75,0,0,0,0,0,0,2018
3432,0,59,4030,500,940,0,0,0,0,0,0,0,0,0,0,142,-1,0,0,0,-85.75,0,0,0,0,0,0,2018
3433,0,60,4030,500,940,0,0,0,0,0,0,0,0,0,0,142,-1,0,0,0,-85.75,0,0,0,0,0,0,2018
3434,0,61,4030,500,940,0,0,0,0,0,0,0,0,0,0,142,-1,0,0,0,-85.75,0,0,0,0,0,0,2018
3435,0,62,4030,500,940,0,0,0,0,0,0,0,0,0,0,142,-1,0,0,0,-85.75,0,0,0,0,0,0,2018
3436,0,63,4030,500,940,0,0,0,0,0,0,0,0,0,0,142,-1,0,0,0,-85.75,0,0,0,0,0,0,2018
3437,0,64,4030,500,940,0,0,0,0,0,0,0,0,0,0,142,-1,0,0,0,-85.75,0,0,0,0,0,0,2018
3438,0,65,4030,500,940,0,0,0,0,0,0,0,0,0,0,142,-1,0,0,0,-85.75,0,0,0,0,0,0,2018
3439,0,66,4030,500,940,0,0,0,0,0,0,0,0,0,0,142,-1,0,0,0,-85.75,0,0,0,0,0,0,2018
3440,0,67,4030,500,940,0,0,0,0,0,0,0,0,0,0,142,-1,0,0,0,-85.75,0,0,0,0,0,0,2018
3441,0,68,4030,500,940,0,0,0,0,0,0,0,0,0,0,142,-1,0,0,0,-85.75,0,0,0,0,0,0,2018
3442,0,69,4030,500,940,0,0,0,0,0,0,0,0,0,0,142,-1,0,0,0,-85.75,0,0,0,0,0,0,2018
3443,0,70,4030,500,940,0,0,0,0,0,0,0,0,0,0,142,-1,0,0,0,-85.75,0,0,0,0,0,0,2018
3444,0,71,4030,500,940,0,0,0,0,0,0,0,0,0,0,142,-1,0,0,0,-85.75,0,0,0,0,0,0,2018
3445,0,72,4030,500,940,0,0,0,0,0,0,0,0,0,0,142,-1,0,0,0,-85.75,0,0,0,0,0,0,2018
3446,0,73,4030,500,940,0,0,0,0,0,0,0,0,0,0,142,-1,0,0,0,-85.75,0,0,0,0,0,0,2018
3447,0,74,4030,500,940,0,0,0,0,0,0,0,0,0,0,142,-1,0,0,0,-85.75,0,0,0,0,0,0,2018
3448,0,75,4030,500,940,0,0,0,0,0,0,0,0,0,0,142,-1,0,0,0,-85.75,0,0,0,0,0,0,2018
3449,0,76,4030,500,940,0,0,0,0,0,0,0,0,0,0,142,-1,0,0,0,-85.75,0,0,0,0,0,0,2018
3450,0,77,4030,500,940,0,0,0,0,0,0,0,0,0,0,142,-1,0,0,0,-85.75,0,0,0,0,0,0,2018
3451,0,78,4030,500,940,0,0,0,0,0,0,0,0,0,0,142,-1,0,0,0,-85.75,0,0,0,0,0,0,2018
3452,0,79,4030,500,940,0,0,0,0,0,0,0,0,0,0,142,-1,0,0,0,-85.75,0,0,0,0,0,0,2018
3453,0,80,4030,500,940,0,0,0,0,0,0,0,0,0,0,142,-1,0,0,0,-85.75,0,0,0,0,0,0,2018
3454,0,81,4030,500,940,0,0,0,0,0,0,0,0,0,0,142,-1,0,0,0,-85.75,0,0,0,0,0,0,2018
3455,0,82,4030,500,940,0,0,0,0,0,0,0,0,0,0,142,-1,0,0,0,-85.75,0,0,0,0,0,0,2018
3456,0,83,4030,500,940,0,0,0,0,0,0,0,0,0,0,142,-1,0,0,0,-85.75,0,0,0,0,0,0,2018
3457,0,84,4030,500,940,0,0,0,0,0,0,0,0,0,0,142,-1,0,0,0,-85.75,0,0,0,0,0,0,2018
3458,0,85,4030,500,940,0,0,0,0,0,0,0,0,0,0,142,-1,0,0,0,-85.75,0,0,0,0,0,0,2018
3459,0,86,4030,500,940,0,0,0,0,0,0,0,0,0,0,142,-1,0,0,0,-85.75,0,0,0,0,0,0,2018
3460,0,87,4030,500,940,0,0,0,0,0,0,0,0,0,0,142,-1,0,0,0,-85.75,0,0,0,0,0,0,2018
3461,0,88,4030,500,940,0,0,0,0,0,0,0,0,0,0,142,-1,0,0,0,-85.75,0,0,0,0,0,0,2018
3462,0,89,4030,500,940,0,0,0,0,0,0,0,0,0,0,142,-1,0,0,0,-85.75,0,0,0,0,0,0,2018
3463,0,90,4030,500,940,0,0,0,0,0,0,0,0,0,0,142,-1,0,0,0,-85.75,0,0,0,0,0,0,2018
3464,0,91,4030,500,940,0,0,0,0,0,0,0,0,0,0,142,-1,0,0,0,-85.75,0,0,0,0,0,0,2018
3465,0,92,4030,500,940,0,0,0,0,0,0,0,0,0,0,142,-1,0,0,0,-85.75,0,0,0,0,0,0,2018
3466,0,93,4030,500,940,0,0,0,0,0,0,0,0,0,0,142,-1,0,0,0,-85.75,0,0,0,0,0,0,2018
3467,0,94,4030,500,940,0,0,0,0,0,0,0,0,0,0,142,-1,0,0,0,-85.75,0,0,0,0,0,0,2018
3468,0,95,4030,500,940,0,0,0,0,0,0,0,0,0,0,142,-1,0,0,0,-85.75,0,0,0,0,0,0,2018
3469,0,96,4030,500,940,0,0,0,0,0,0,0,0,0,0,142,-1,0,0,0,-85.75,0,0,0,0,0,0,2018
3470,0,97,4030,500,940,0,0,0,0,0,0,0,0,0,0,142,-1,0,0,0,-85.75,0,0,0,0,0,0,2018
3471,0,98,4030,500,940,0,0,0,0,0,0,0,0,0,0,142,-1,0,0,0,-85.75,0,0,0,0,0,0,2018
3472,0,99,4030,500,940,0,0,0,0,0,0,0,0,0,0,142,-1,0,0,0,-85.75,0,0,0,0,0,0,2018
3473,0,100,4030,500,940,0,0,0,0,0,0,0,0,0,0,142,-1,0,0,0,-85.75,0,0,0,0,0,0,2018
3474,0,101,4030,500,940,0,0,0,0,0,0,0,0,0,0,142,-1,0,0,0,-85.75,0,0,0,0,0,0,2018
3475,0,102,4030,500,940,0,0,0,0,0,0,0,0,0,0,142,-1,0,0,0,-85.75,0,0,0,0,0,0,2018
3476,0,103,4030,500,940,0,0,0,0,0,0,0,0,0,0,142,-1,0,0,0,-85.75,0,0,0,0,0,0,2018
3477,0,104,4030,500,940,0,0,0,0,0,0,0,0,0,0,142,-1,0,0,0,-85.75,0,0,0,0,0,0,2018
3478,0,105,4030,500,940,0,0,0,0,0,0,0,0,0,0,142,-1,0,0,0,-85.75,0,0,0,0,0,0,2018
3479,0,106,4030,500,940,0,0,0,0,0,0,0,0,0,0,142,-1,0,0,0,-85.75,0,0,0,0,0,0,2018
3480,0,107,4030,500,940,0,0,0,0,0,0,0,0,0,0,142,-1,0,0,0,-85.75,0,0,0,0,0,0,2018
3481,0,108,4030,500,940,0,0,0,0,0,0,0,0,0,0,142,-1,0,0,0,-85.75,0,0,0,0,0,0,2018
3482,0,109,4030,500,940,0,0,0,0,0,0,0,0,0,0,142,-1,0,0,0,-85.75,0,0,0,0,0,0,2018
3483,0,110,4030,500,940,0,0,0,0,0,0,0,0,0,0,142,-1,0,0,0,-85.75,0,0,0,0,0,0,2018
3484,0,111,4030,500,940,0,0,0,0,0,0,0,0,0,0,142,-1,0,0,0,-85.75,0,0,0,0,0,0,2018
3485,0,112,4030,500,940,0,0,0,0,0,0,0,0,0,0,142,-1,0,0,0,-85.75,0,0,0,0,0,0,2018
3486,0,113,4030,500,940,0,0,0,0,0,0,0,0,0,0,142,-1,0,0,0,-85.75,0,0,0,0,0,0,2018
3487,0,114,4030,500,940,0,0,0,0,0,0,0,0,0,0,142,-1,0,0,0,-85.75,0,0,0,0,0,0,2018
3488,0,115,4030,500,940,0,0,0,0,0,0,0,0,0,0,142,-1,0,0,0,-85.75,0,0,0,0,0,0,2018
3489,0,116,4030,500,940,0,0,0,0,0,0,0,0,0,0,142,-1,0,0,0,-85.75,0,0,0,0,0,0,2018
3490,0,117,4030,500,940,0,0,0,0,0,0,0,0,0,0,142,-1,0,0,0,-85.75,0,0,0,0,0,0,2018
3491,0,118,4030,500,940,0,0,0,0,0,0,0,0,0,0,142,-1,0,0,0,-85.75,0,0,0,0,0,0,2018
3492,0,119,4030,500,940,0,0,0,0,0,0,0,0,0,0,142,-1,0,0,0,-85.75,0,0,0,0,0,0,2018
3493,0,120,4030,500,940,0,0,0,0,0,0,0,0,0,0,142,-1,0,0,0,-85.75,0,0,0,0,0,0,2018
3494,0,121,4030,500,940,0,0,0,0,0,0,0,0,0,0,142,-1,0,0,0,-85.75,0,0,0,0,0,0,2018
3495,0,122,4030,500,940,0,0,0,0,0,0,0,0,0,0,142,-1,0,0,0,-85.75,0,0,0,0,0,0,2018
3496,0,123,4030,500,940,0,0,0,0,0,0,0,0,0,0,142,-1,0,0,0,-85.75,0,0,0,0,0,0,2018
3497,0,124,4030,500,940,0,0,0,0,0,0,0,0,0,0,142,-1,0,0,0,-85.75,0,0,0,0,0,0,2018
3498,0,125,4030,500,940,0,0,0,0,0,0,0,0,0,0,142,-1,0,0,0,-85.75,0,0,0,0,0,0,2018
3499,0,126,4030,500,940,0,0,0,0,0,0,0,0,0,0,142,-1,0,0,0,-85.75,0,0,0,0,0,0,2018
3500,0,127,4030,500,940,0,0,0,0,0,0,0,0,0,0,142,-1,0,0,0,-85.75,0,0,0,0,0,0,2018
3501,0,128,4030,500,940,0,0,0,0,0,0,0,0,0,0,142,-1,0,0,0,-85.75,0,0,0,0,0,0,2018
3502,0,129,4030,500,940,0,0,0,0,0,0,0,0,0,0,142,-1,0,0,0,-85.75,0,0,0,0,0,0,2018
3503,0,130,4030,500,940,0,0,0,0,0,0,0,0,0,0,142,-1,0,0,0,-85.75,0,0,0,0,0,0,2018
3504,0,131,4030,500,940,0,0,0,0,0,0,0,0,0,0,142,-1,0,0,0,-85.75,0,0,0,0,0,0,2018
3505,0,132,4030,500,940,0,0,0,0,0,0,0,0,0,0,142,-1,0,0,0,-85.75,0,0,0,0,0,0,2018
3506,0,133,4030,500,940,0,0,0,0,0,0,0,0,0,0,142,-1,0,0,0,-85.75,0,0,0,0,0,0,2018
3507,0,134,4030,500,940,0,0,0,0,0,0,0,0,0,0,142,-1,0,0,0,-85.75,0,0,0,0,0,0,2018
3508,0,135,4030,500,940,0,0,0,0,0,0,0,0,0,0,142,-1,0,0,0,-85.75,0,0,0,0,0,0,2018
3509,0,136,4030,500,940,0,0,0,0,0,0,0,0,0,0,142,-1,0,0,0,-85.75,0,0,0,0,0,0,2018
3510,0,137,4030,500,940,0,0,0,0,0,0,0,0,0,0,142,-1,0,0,0,-85.75,0,0,0,0,0,0,2018
3511,0,138,4030,500,940,0,0,0,0,0,0,0,0,0,0,142,-1,0,0,0,-85.75,0,0,0,0,0,0,2018
3512,0,139,4030,500,940,0,0,0,0,0,0,0,0,0,0,142,-1,0,0,0,-85.75,0,0,0,0,0,0,2018
3513,0,140,4030,500,940,0,0,0,0,0,0,0,0,0,0,142,-1,0,0,0,-85.75,0,0,0,0,0,0,2018
3514,0,141,4030,500,940,0,0,0,0,0,0,0,0,0,0,142,-1,0,0,0,-85.75,0,0,0,0,0,0,2018
3515,0,142,4030,500,940,0,0,0,0,0,0,0,0,0,0,142,-1,0,0,0,-85.75,0,0,0,0,0,0,2018
3516,0,143,4030,500,940,0,0,0,0,0,0,0,0,0,0,142,-1,0,0,0,-85.75,0,0,0,0,0,0,2018
3517,0,144,4030,500,940,0,0,0,0,0,0,0,0,0,0,142,-1,0,0,0,-85.75,0,0,0,0,0,0,2018
3518,0,145,4030,500,940,0,0,0,0,0,0,0,0,0,0,142,-1,0,0,0,-85.75,0,0,0,0,0,0,2018
3519,0,146,4030,500,940,0,0,0,0,0,0,0,0,0,0,142,-1,0,0,0,-85.75,0,0,0,0,0,0,2018
3520,0,147,4030,500,940,0,0,0,0,0,0,0,0,0,0,142,-1,0,0,0,-85.75,0,0,0,0,0,0,2018
3521,0,148,4030,500,940,0,0,0,0,0,0,0,0,0,0,142,-1,0,0,0,-85.75,0,0,0,0,0,0,2018
3522,0,149,4030,500,940,0,0,0,0,0,0,0,0,0,0,142,-1,0,0,0,-85.75,0,0,0,0,0,0,2018
3523,0,150,4030,500,940,0,0,0,0,0,0,0,0,0,0,142,-1,0,0,0,-85.75,0,0,0,0,0,0,2018
3524,0,151,4030,500,940,0,0,0,0,0,0,0,0,0,0,142,-1,0,0,0,-85.75,0,0,0,0,0,0,2018
3525,0,152,4030,500,940,0,0,0,0,0,0,0,0,0,0,142,-1,0,0,0,-85.75,0,0,0,0,0,0,2018
3526,0,153,4030,500,940,0,0,0,0,0,0,0,0,0,0,142,-1,0,0,0,-85.75,0,0,0,0,0,0,2018
3527,0,154,4030,500,940,0,0,0,0,0,0,0,0,0,0,142,-1,0,0,0,-85.75,0,0,0,0,0,0,2018
3528,0,155,4030,500,940,0,0,0,0,0,0,0,0,0,0,142,-1,0,0,0,-85.75,0,0,0,0,0,0,2018
3529,0,156,4030,500,940,0,0,0,0,0,0,0,0,0,0,142,-1,0,0,0,-85.75,0,0,0,0,0,0,2018
3530,0,157,4030,500,940,0,0,0,0,0,0,0,0,0,0,142,-1,0,0,0,-85.75,0,0,0,0,0,0,2018
3531,0,158,4030,500,940,0,0,0,0,0,0,0,0,0,0,142,-1,0,0,0,-85.75,0,0,0,0,0,0,2018
3532,0,159,4030,500,940,0,0,0,0,0,0,0,0,0,0,142,-1,0,0,0,-85.75,0,0,0,0,0,0,2018
3533,0,160,4030,500,940,0,0,0,0,0,0,0,0,0,0,142,-1,0,0,0,-85.75,0,0,0,0,0,0,2018
3534,0,161,4030,500,940,0,0,0,0,0,0,0,0,0,0,142,-1,0,0,0,-85.75,0,0,0,0,0,0,2018
3535,0,162,4030,500,940,0,0,0,0,0,0,0,0,0,0,142,-1,0,0,0,-85.75,0,0,0,0,0,0,2018
3536,0,163,4030,500,940,0,0,0,0,0,0,0,0,0,0,142,-1,0,0,0,-85.75,0,0,0,0,0,0,2018
3537,0,164,4030,500,940,0,0,0,0,0,0,0,0,0,0,142,-1,0,0,0,-85.75,0,0,0,0,0,0,2018
3538,0,165,4030,500,940,0,0,0,0,0,0,0,0,0,0,142,-1,0,0,0,-85.75,0,0,0,0,0,0,2018
3539,0,166,4030,500,940,0,0,0,0,0,0,0,0,0,0,142,-1,0,0,0,-85.75,0,0,0,0,0,0,2018
3540,0,167,4030,500,940,0,0,0,0,0,0,0,0,0,0,142,-1,0,0,0,-85.75,0,0,0,0,0,0,2018
3541,0,168,4030,500,940,0,0,0,0,0,0,0,0,0,0,142,-1,0,0,0,-85.75,0,0,0,0,0,0,2018
3542,0,169,4030,500,940,0,0,0,0,0,0,0,0,0,0,142,-1,0,0,0,-85.75,0,0,0,0,0,0,2018
3543,0,170,4030,500,940,0,0,0,0,0,0,0,0,0,0,142,-1,0,0,0,-85.75,0,0,0,0,0,0,2018
3544,0,171,4030,500,940,0,0,0,0,0,0,0,0,0,0,142,-1,0,0,0,-85.75,0,0,0,0,0,0,2018
3545,0,172,4030,500,940,0,0,0,0,0,0,0,0,0,0,142,-1,0,0,0,-85.75,0,0,0,0,0,0,2018
3546,0,173,4030,500,940,0,0,0,0,0,0,0,0,0,0,142,-1,0,0,0,-85.75,0,0,0,0,0,0,2018
3547,0,174,4030,500,940,0,0,0,0,0,0,0,0,0,0,142,-1,0,0,0,-85.75,0,0,0,0,0,0,2018
3548,0,175,4030,500,940,0,0,0,0,0,0,0,0,0,0,142,-1,0,0,0,-85.75,0,0,0,0,0,0,2018
3549,0,176,4030,500,940,0,0,0,0,0,0,0,0,0,0,142,-1,0,0,0,-85.75,0,0,0,0,0,0,2018
3550,0,177,4030,500,940,0,0,0,0,0,0,0,0,0,0,142,-1,0,0,0,-85.75,0,0,0,0,0,0,2018
3551,0,178,4030,500,940,0,0,0,0,0,0,0,0,0,0,142,-1,0,0,0,-85.75,0,0,0,0,0,0,2018
3552,0,179,4030,500,940,0,0,0,0,0,0,0,0,0,0,142,-1,0,0,0,-85.75,0,0,0,0,0,0,2018
3553,0,180,4030,500,940,0,0,0,0,0,0,0,0,0,0,142,-1,0,0,0,-85.75,0,0,0,0,0,0,2018
3554,0,181,4030,500,940,0,0,0,0,0,0,0,0,0,0,142,-1,0,0,0,-85.75,0,0,0,0,0,0,2018
3555,0,182,4030,500,940,0,0,0,0,0,0,0,0,0,0,142,-1,0,0,0,-85.75,0,0,0,0,0,0,2018
3556,0,183,4030,500,940,0,0,0,0,0,0,0,0,0,0,142,-1,0,0,0,-85.75,0,0,0,0,0,0,2018
3557,0,184,4030,500,940,0,0,0,0,0,0,0,0,0,0,142,-1,0,0,0,-85.75,0,0,0,0,0,0,2018
3558,0,185,4030,500,940,0,0,0,0,0,0,0,0,0,0,142,-1,0,0,0,-85.75,0,0,0,0,0,0,2018
3559,0,186,4030,500,940,0,0,0,0,0,0,0,0,0,0,142,-1,0,0,0,-85.75,0,0,0,0,0,0,2018
3560,0,187,4030,500,940,0,0,0,0,0,0,0,0,0,0,142,-1,0,0,0,-85.75,0,0,0,0,0,0,2018
3561,0,188,4030,500,940,0,0,0,0,0,0,0,0,0,0,142,-1,0,0,0,-85.75,0,0,0,0,0,0,2018
3562,0,189,4030,500,940,0,0,0,0,0,0,0,0,0,0,142,-1,0,0,0,-85.75,0,0,0,0,0,0,2018
3563,0,190,4030,500,940,0,0,0,0,0,0,0,0,0,0,142,-1,0,0,0,-85.75,0,0,0,0,0,0,2018
3564,0,191,4030,500,940,0,0,0,0,0,0,0,0,0,0,142,-1,0,0,0,-85.75,0,0,0,0,0,0,2018
3565,0,192,4030,500,940,0,0,0,0,0,0,0,0,0,0,142,-1,0,0,0,-85.75,0,0,0,0,0,0,2018
3566,0,193,4030,500,940,0,0,0,0,0,0,0,0,0,0,142,-1,0,0,0,-85.75,0,0,0,0,0,0,2018
3567,0,194,4030,500,940,0,0,0,0,0,0,0,0,0,0,142,-1,0,0,0,-85.75,0,0,0,0,0,0,2018
3568,0,195,4030,500,940,0,0,0,0,0,0,0,0,0,0,142,-1,0,0,0,-85.75,0,0,0,0,0,0,2018
3569,0,196,4030,500,940,0,0,0,0,0,0,0,0,0,0,142,-1,0,0,0,-85.75,0,0,0,0,0,0,2018
3570,0,197,4030,500,940,0,0,0,0,0,0,0,0,0,0,142,-1,0,0,0,-85.75,0,0,0,0,0,0,2018
3571,0,198,4030,500,940,0,0,0,0,0,0,0,0,0,0,142,-1,0,0,0,-85.75,0,0,0,0,0,0,2018
3572,0,199,4030,500,940,0,0,0,0,0,0,0,0,0,0,142,-1,0,0,0,-85.75,0,0,0,0,0,0,2018
3573,0,200,4030,500,940,0,0,0,0,0,0,0,0,0,0,142,-1,0,0,0,-85.75,0,0,0,0,0,0,2018
3574,0,201,4030,500,940,0,0,0,0,0,0,0,0,0,0,142,-1,0,0,0,-85.75,0,0,0,0,0,0,2018
3575,0,202,4030,500,940,0,0,0,0,0,0,0,0,0,0,142,-1,0,0,0,-85.75,0,0,0,0,0,0,2018
3576,0,203,4030,500,940,0,0,0,0,0,0,0,0,0,0,142,-1,0,0,0,-85.75,0,0,0,0,0,0,2018
3577,0,204,4030,500,940,0,0,0,0,0,0,0,0,0,0,142,-1,0,0,0,-85.75,0,0,0,0,0,0,2018
3578,0,205,4030,500,940,0,0,0,0,0,0,0,0,0,0,142,-1,0,0,0,-85.75,0,0,0,0,0,0,2018
3579,0,206,4030,500,940,0,0,0,0,0,0,0,0,0,0,142,-1,0,0,0,-85.75,0,0,0,0,0,0,2018
3580,0,207,4030,500,940,0,0,0,0,0,0,0,0,0,0,142,-1,0,0,0,-85.75,0,0,0,0,0,0,2018
3581,0,208,4030,500,940,0,0,0,0,0,0,0,0,0,0,142,-1,0,0,0,-85.75,0,0,0,0,0,0,2018
3582,0,209,4030,500,940,0,0,0,0,0,0,0,0,0,0,142,-1,0,0,0,-85.75,0,0,0,0,0,0,2018
3583,0,210,4030,500,940,0,0,0,0,0,0,0,0,0,0,142,-1,0,0,0,-85.75,0,0,0,0,0,0,2018
3584,0,211,4030,500,940,0,0,0,0,0,0,0,0,0,0,142,-1,0,0,0,-85.75,0,0,0,0,0,0,2018
3585,0,212,4030,500,940,0,0,0,0,0,0,0,0,0,0,142,-1,0,0,0,-85.75,0,0,0,0,0,0,2018
3586,0,213,4030,500,940,0,0,0,0,0,0,0,0,0,0,142,-1,0,0,0,-85.75,0,0,0,0,0,0,2018
3587,0,214,4030,500,940,0,0,0,0,0,0,0,0,0,0,142,-1,0,0,0,-85.75,0,0,0,0,0,0,2018
3588,0,215,4030,500,940,0,0,0,0,0,0,0,0,0,0,142,-1,0,0,0,-85.75,0,0,0,0,0,0,2018
3589,0,216,4030,500,940,0,0,0,0,0,0,0,0,0,0,142,-1,0,0,0,-85.75,0,0,0,0,0,0,2018
3590,0,217,4030,500,940,0,0,0,0,0,0,0,0,0,0,142,-1,0,0,0,-85.75,0,0,0,0,0,0,2018
3591,0,218,4030,500,940,0,0,0,0,0,0,0,0,0,0,142,-1,0,0,0,-85.75,0,0,0,0,0,0,2018
3592,0,219,4030,500,940,0,0,0,0,0,0,0,0,0,0,142,-1,0,0,0,-85.75,0,0,0,0,0,0,2018
3593,0,220,4030,500,940,0,0,0,0,0,0,0,0,0,0,142,-1,0,0,0,-85.75,0,0,0,0,0,0,2018
3594,0,221,4030,500,940,0,0,0,0,0,0,0,0,0,0,142,-1,0,0,0,-85.75,0,0,0,0,0,0,2018
3595,0,222,4030,500,940,0,0,0,0,0,0,0,0,0,0,142,-1,0,0,0,-85.75,0,0,0,0,0,0,2018
3596,0,223,4030,500,940,0,0,0,0,0,0,0,0,0,0,142,-1,0,0,0,-85.75,0,0,0,0,0,0,2018
3597,0,224,4030,500,940,0,0,0,0,0,0,0,0,0,0,142,-1,0,0,0,-85.75,0,0,0,0,0,0,2018
3598,0,225,4030,500,940,0,0,0,0,0,0,0,0,0,0,142,-1,0,0,0,-85.75,0,0,0,0,0,0,2018
3599,0,226,4030,500,940,0,0,0,0,0,0,0,0,0,0,142,-1,0,0,0,-85.75,0,0,0,0,0,0,2018
3600,0,227,4030,500,940,0,0,0,0,0,0,0,0,0,0,142,-1,0,0,0,-85.75,0,0,0,0,0,0,2018
3601,0,228,4030,500,940,0,0,0,0,0,0,0,0,0,0,142,-1,0,0,0,-85.75,0,0,0,0,0,0,2018
3602,0,229,4030,500,940,0,0,0,0,0,0,0,0,0,0,142,-1,0,0,0,-85.75,0,0,0,0,0,0,2018
3603,0,230,4030,500,940,0,0,0,0,0,0,0,0,0,0,142,-1,0,0,0,-85.75,0,0,0,0,0,0,2018
3604,0,231,4030,500,940,0,0,0,0,0,0,0,0,0,0,142,-1,0,0,0,-85.75,0,0,0,0,0,0,2018
3605,0,232,4030,500,940,0,0,0,0,0,0,0,0,0,0,142,-1,0,0,0,-85.75,0,0,0,0,0,0,2018
3606,0,233,4030,500,940,0,0,0,0,0,0,0,0,0,0,142,-1,0,0,0,-85.75,0,0,0,0,0,0,2018
3607,0,234,4030,500,940,0,0,0,0,0,0,0,0,0,0,142,-1,0,0,0,-85.75,0,0,0,0,0,0,2018
3608,0,235,4030,500,940,0,0,0,0,0,0,0,0,0,0,142,-1,0,0,0,-85.75,0,0,0,0,0,0,2018
3609,0,236,4030,500,940,0,0,0,0,0,0,0,0,0,0,142,-1,0,0,0,-85.75,0,0,0,0,0,0,2018
3610,0,1,3000,500,1000,0,0,0,0,0,0,0,0,0,0,110.75,-1,0,0,0,-85.75,0,0,0,0,0,0,1000
3611,0,2,3000,500,1000,0,0,0,0,0,0,0,0,0,0,110.75,-1,0,0,0,-85.75,0,0,0,0,0,0,1000
3612,0,3,3000,500,1000,0,0,0,0,0,0,0,0,0,0,110.75,-1,0,0,0,-85.75,0,0,0,0,0,0,1000
3613,0,4,3000,500,1000,0,0,0,0,0,0,0,0,0,0,110.75,-1,0,0,0,-85.75,0,0,0,0,0,0,1000
3614,0,5,3000,500,1000,0,0,0,0,0,0,0,0,0,0,110.75,-1,0,0,0,-85.75,0,0,0,0,0,0,1000
3615,0,6,3000,500,1000,0,0,0,0,0,0,0,0,0,0,110.75,-1,0,0,0,-85.75,0,0,0,0,0,0,1000
3616,0,7,3000,500,1000,0,0,0,0,0,0,0,0,0,0,110.75,-1,0,0,0,-85.75,0,0,0,0,0,0,1000
3617,0,8,3000,500,1000,0,0,0,0,0,0,0,0,0,0,110.75,-1,0,0,0,-85.75,0,0,0,0,0,0,1000
3618,0,9,3000,500,1000,0,0,0,0,0,0,0,0,0,0,110.75,-1,0,0,0,-85.75,0,0,0,0,0,0,1000
3619,10,1,3000,500,1000,0,0,0,0,0,0,0,0,0,0,110.75,-1,0,0,0,-85.75,0,0,0,0,0,0,1000
3620,10,2,3000,500,1000,0,0,0,0,0,0,0,0,0,0,110.75,-1,0,0,0,-85.75,0,0,0,0,0,0,1000
3621,10,3,3000,500,1000,0,0,0,0,0,0,0,0,0,0,110.75,-1,0,0,0,-85.75,0,0,0,0,0,0,1000
3622,10,4,3000,500,1000,0,0,0,0,0,0,0,0,0,0,110.75,-1,0,0,0,-85.75,0,0,0,0,0,0,1000
3623,10,5,3000,500,1000,0,0,0,0,0,0,0,0,0,0,110.75,-1,0,0,0,-85.75,0,0,0,0,0,0,1000
3624,10,6,3000,500,1000,0,0,0,0,0,0,0,0,0,0,110.75,-1,0,0,0,-85.75,0,0,0,0,0,0,1000
3625,1040,1,3000,500,1000,0,0,230,0,0,0,0,0,0,0,110.75,-1,0,0,0,-85.75,0,0,0,0,0,0,1000
3626,1040,2,3000,500,1000,0,0,229,0,0,0,0,0,0,0,110.75,-1,0,0,0,-85.75,0,0,0,0,0,0,1000
3627,1040,3,3000,500,1000,0,0,228,0,0,0,0,0,0,0,110.75,-1,0,0,0,-85.75,0,0,0,0,0,0,1000
3628,1040,4,3000,500,1000,0,0,227,0,0,0,0,0,0,0,110.75,-1,0,0,0,-85.75,0,0,0,0,0,0,1000
3629,1040,5,3000,500,1000,0,0,226,0,0,0,0,0,0,0,110.75,-1,0,0,0,-85.75,0,0,0,0,0,0,1000
3630,1040,6,3000,500,1000,0,0,225,0,0,0,0,0,0,0,110.75,-1,0,0,0,-85.75,0,0,0,0,0,0,1000
3631,1040,7,3000,500,1000,0,0,224,0,0,0,0,0,0,0,110.75,-1,0,0,0,-85.75,0,0,0,0,0,0,1000
3632,1040,8,3000,500,1000,0,0,223,0,0,0,0,0,0,0,110.75,-1,0,0,0,-85.75,0,0,0,0,0,0,1000
3633,1040,9,3000,500,1000,0,0,222,0,0,0,0,0,0,0,110.75,-1,0,0,0,-85.75,0,0,0,0,0,0,1000
3634,1040,10,3000,500,1000,0,0,221,0,0,0,0,0,0,0,110.75,-1,0,0,0,-85.75,0,0,0,0,0,0,1000
3635,1040,11,3000,500,1000,0,0,220,0,0,0,0,0,0,0,110.75,-1,0,0,0,-85.75,0,0,0,0,0,0,1000
3636,1040,12,3000,500,1000,0,0,219,0,0,0,0,0,0,0,110.75,-1,0,0,0,-85.75,0,0,0,0,0,0,1000
3637,1040,13,3000,500,1000,0,0,218,0,0,0,0,0,0,0,110.75,-1,0,0,0,-85.75,0,0,0,0,0,0,1000
3638,1040,14,3000,500,1000,0,0,217,0,0,0,0,0,0,0,110.75,-1,0,0,0,-85.75,0,0,0,0,0,0,1000
3639,1040,15,3000,500,1000,0,0,216,0,0,0,0,0,0,0,110.75,-1,0,0,0,-85.75,0,0,0,0,0,0,1000
3640,1040,16,3000,500,1000,0,0,215,0,0,0,0,0,0,0,110.75,-1,0,0,0,-85.75,0,0,0,0,0,0,1000
3641,1040,17,3000,500,1000,0,0,214,0,0,0,0,0,0,0,110.75,-1,0,0,0,-85.75,0,0,0,0,0,0,1000
3642,1040,18,3000,500,1000,0,0,213,0,0,0,0,0,0,0,110.75,-1,0,0,0,-85.75,0,0,0,0,0,0,1000
3643,1040,19,3000,500,1000,0,0,212,0,0,0,0,0,0,0,110.75,-1,0,0,0,-85.75,0,0,0,0,0,0,1000
3644,1040,20,3000,500,1000,0,0,211,0,0,0,0,0,0,0,110.75,-1,0,0,0,-85.75,0,0,0,0,0,0,1000
3645,1040,21,3000,500,1000,0,0,210,0,0,0,0,0,0,0,110.75,-1,0,0,0,-85.75,0,0,0,0,0,0,1000
3646,1040,22,3000,500,1000,0,0,209,0,0,0,0,0,0,0,110.75,-1,0,0,0,-85.75,0,0,0,0,0,0,1000
3647,1040,23,3000,500,1000,0,0,208,0,0,0,0,0,0,0,110.75,-1,0,0,0,-85.75,0,0,0,0,0,0,1000
3648,1040,24,3000,500,1000,0,0,207,0,0,0,0,0,0,0,110.75,-1,0,0,0,-85.75,0,0,0,0,0,0,1000
3649,1040,25,3000,500,1000,0,0,206,0,0,0,0,0,0,0,110.75,-1,0,0,0,-85.75,0,0,1,0,0,0,1000
3650,1040,26,3000,500,1000,0,0,205,0,0,0,0,0,0,0,110.75,-1,0,0,0,-85.75,0,0,1,0,0,0,1000
3651,1040,27,3000,500,1000,0,0,204,0,0,0,0,0,0,0,110.75,-1,0,0,0,-85.75,0,0,1,0,0,0,1000
3652,1040,28,3000,500,1000,0,0,203,0,0,0,0,0,0,0,110.75,-1,0,0,0,-85.75,0,0,1,0,0,0,1000
3653,1040,29,3000,500,1000,0,0,202,0,0,0,0,0,0,0,110.75,-1,0,0,0,-85.75,0,0,1,0,0,0,1000
3654,1040,30,3000,500,1000,0,0,201,0,0,0,0,0,0,0,110.75,-1,0,0,0,-85.75,0,0,1,0,0,0,1000
3655,1040,31,3000,500,1000,0,0,200,0,0,0,0,0,0,0,110.75,-1,0,0,0,-85.75,0,0,1,0,0,0,1000
3656,1040,32,3000,500,1000,0,0,199,0,0,0,0,0,0,0,110.75,-1,0,0,0,-85.75,0,0,1,0,0,0,1000
3657,1040,33,3000,500,1000,0,0,198,0,0,0,0,0,0,0,110.75,-1,0,0,0,-85.75,0,0,1,0,0,0,1000
3658,1040,34,3000,500,1000,0,0,197,0,0,0,0,0,0,0,110.75,-1,0,0,0,-85.75,0,0,1,0,0,0,1000
3659,1040,35,3000,500,1000,0,0,196,0,0,0,0,0,0,0,110.75,-1,0,0,0,-85.75,0,0,1,0,0,0,1000
3660,1040,36,3000,500,1000,0,0,195,0,0,0,0,0,0,0,110.75,-1,0,0,0,-85.75,0,0,1,0,0,0,1000
3661,1040,37,3000,500,1000,0,0,194,0,0,0,0,0,0,0,110.75,-1,0,0,0,-85.75,0,0,1,0,0,0,1000
3662,1040,38,3000,500,1000,0,0,193,0,0,0,0,0,0,0,110.75,-1,0,0,0,-85.75,0,0,1,0,0,0,1000
3663,1040,39,3000,500,1000,0,0,192,0,0,0,0,0,0,0,110.75,-1,0,0,0,-85.75,0,0,1,0,0,0,1000
3664,1040,40,3000,500,1000,0,0,191,0,0,0,0,0,0,0,110.75,-1,0,0,0,-85.75,0,0,1,0,0,0,1000
3665,1040,41,3000,500,1000,0,0,190,0,0,0,0,0,0,0,110.75,-1,0,0,0,-85.75,0,0,1,0,0,0,1000
3666,1040,42,3000,500,1000,0,0,189,0,0,0,0,0,0,0,110.75,-1,0,0,0,-85.75,0,0,1,0,0,0,1000
3667,0,1,3000,500,1000,0,0,188,0,0,0,0,0,0,0,110.75,-1,0,0,0,-85.75,0,0,1,0,0,0,1000
3668,0,2,3000,500,1000,0,0,187,0,0,0,0,0,0,0,110.75,-1,0,0,0,-85.75,0,0,1,0,0,0,1000
3669,0,3,3000,500,1000,0,0,186,0,0,0,0,0,0,0,110.75,-1,0,0,0,-85.75,0,0,1,0,0,0,1000
3670,0,4,3000,500,1000,0,0,185,0,0,0,0,0,0,0,110.75,-1,0,0,0,-85.75,0,0,1,0,0,0,1000
3671,0,5,3000,500,1000,0,0,184,0,0,0,0,0,0,0,110.75,-1,0,0,0,-85.75,0,0,1,0,0,0,1000
3672,0,6,3000,500,1000,0,0,183,0,0,0,0,0,0,0,110.75,-1,0,0,0,-85.75,0,0,1,0,0,0,1000
3673,0,7,3000,500,1000,0,0,182,0,0,0,0,0,0,0,110.75,-1,0,0,0,-85.75,0,0,1,0,0,0,1000
3674,0,8,3000,500,1000,0,0,181,0,0,0,0,0,0,0,110.75,-1,0,0,0,-85.75,0,0,1,0,0,0,1000
3675,0,9,3000,500,1000,0,0,180,0,0,0,0,0,0,0,110.75,-1,0,0,0,-85.75,0,0,1,0,0,0,1000
3676,0,10,3000,500,1000,0,0,179,0,0,0,0,0,0,0,110.75,-1,0,0,0,-85.75,0,0,1,0,0,0,1000
3677,0,11,3000,500,1000,0,0,178,0,0,0,0,0,0,0,110.75,-1,0,0,0,-85.75,0,0,1,0,0,0,1000
3678,0,12,3000,500,1000,0,0,177,0,0,0,0,0,0,0,110.75,-1,0,0,0,-85.75,0,0,1,0,0,0,1000
3679,0,13,3000,500,1000,0,0,176,0,0,0,0,0,0,0,110.75,-1,0,0,0,-85.75,0,0,1,0,0,0,1000
3680,0,14,3000,500,1000,0,0,175,0,0,0,0,0,0,0,110.75,-1,0,0,0,-85.75,0,0,1,0,0,0,1000
3681,0,15,3000,500,1000,0,0,174,0,0,0,0,0,0,0,110.75,-1,0,0,0,-85.75,0,0,1,0,0,0,1000
3682,0,16,3000,500,1000,0,0,173,0,0,0,0,0,0,0,110.75,-1,0,0,0,-85.75,0,0,1,0,0,0,1000
3683,0,17,3000,500,1000,0,0,172,0,0,0,0,0,0,0,110.75,-1,0,0,0,-85.75,0,0,1,0,0,0,1000
3684,0,18,3000,500,1000,0,0,171,0,0,0,0,0,0,0,110.75,-1,0,0,0,-85.75,0,0,1,0,0,0,1000
3685,0,19,3000,500,1000,0,0,170,0,0,0,0,0,0,0,110.75,-1,0,0,0,-85.75,0,0,1,0,0,0,1000
3686,0,20,3000,500,1000,0,0,169,0,0,0,0,0,0,0,110.75,-1,0,0,0,-85.75,0,0,1,0,0,0,1000
3687,0,21,3000,500,1000,0,0,168,0,0,0,0,0,0,0,110.75,-1,0,0,0,-85.75,0,0,1,0,0,0,1000
3688,0,22,3000,500,1000,0,0,167,0,0,0,0,0,0,0,110.75,-1,0,0,0,-85.75,0,0,1,0,0,0,1000
3689,0,23,3000,500,1000,0,0,166,0,0,0,0,0,0,0,110.75,-1,0,0,0,-85.75,0,0,1,0,0,0,1000
3690,0,24,3000,500,1000,0,0,165,0,0,0,0,0,0,0,110.75,-1,0,0,0,-85.75,0,0,1,0,0,0,1000
3691,0,25,3000,500,1000,0,0,164,0,0,0,0,0,0,0,110.75,-1,0,0,0,-85.75,0,0,1,0,0,0,1000
3692,0,26,3000,500,1000,0,0,163,0,0,0,0,0,0,0,110.75,-1,0,0,0,-85.75,0,0,1,0,0,0,1000
3693,0,27,3000,500,1000,0,0,162,0,0,0,0,0,0,0,110.75,-1,0,0,0,-85.75,0,0,1,0,0,0,1000
3694,0,28,3000,500,1000,0,0,161,0,0,0,0,0,0,0,110.75,-1,0,0,0,-85.75,0,0,1,0,0,0,1000
3695,0,29,3000,500,1000,0,0,160,0,0,0,0,0,0,0,110.75,-1,0,0,0,-85.75,0,0,1,0,0,0,1000
3696,0,30,3000,500,1000,0,0,159,0,0,0,0,0,0,0,110.75,-1,0,0,0,-85.75,0,0,1,0,0,0,1000
3697,0,31,3000,500,1000,0,0,158,0,0,0,0,0,0,0,110.75,-1,0,0,0,-85.75,0,0,1,0,0,0,1000
3698,0,32,3000,500,1000,0,0,157,0,0,0,0,0,0,0,110.75,-1,0,0,0,-85.75,0,0,1,0,0,0,1000
3699,0,33,3000,500,1000,0,0,156,0,0,0,0,0,0,0,110.75,-1,0,0,0,-85.75,0,0,1,0,0,0,1000
3700,0,34,3000,500,1000,0,0,155,0,0,0,0,0,0,0,110.75,-1,0,0,0,-85.75,0,0,1,0,0,0,1000
3701,0,35,3000,500,1000,0,0,154,0,0,0,0,0,0,0,110.75,-1,0,0,0,-85.75,0,0,1,0,0,0,1000
3702,0,36,3000,500,1000,0,0,153,0,0,0,0,0,0,0,110.75,-1,0,0,0,-85.75,0,0,1,0,0,0,1000
3703,0,37,3000,500,1000,0,0,152,0,0,0,0,0,0,0,110.75,-1,0,0,0,-85.75,0,0,1,0,0,0,1000
3704,0,38,3000,500,1000,0,0,151,0,0,0,0,0,0,0,110.75,-1,0,0,0,-85.75,0,0,1,0,0,0,1000
3705,0,39,3000,500,1000,0,0,150,0,0,0,0,0,0,0,110.75,-1,0,0,0,-85.75,0,0,1,0,0,0,1000
3706,0,40,3000,500,1000,0,0,149,0,0,0,0,0,0,0,110.75,-1,0,0,0,-85.75,0,0,1,0,0,0,1000
3707,0,41,3000,500,1000,0,0,148,0,0,0,0,0,0,0,110.75,-1,0,0,0,-85.75,0,0,1,0,0,0,1000
3708,0,42,3000,500,1000,0,0,147,0,0,0,0,0,0,0,110.75,-1,0,0,0,-85.75,0,0,1,0,0,0,1000
3709,0,43,3000,500,1000,0,0,146,0,0,0,0,0,0,0,110.75,-1,0,0,0,-85.75,0,0,1,0,0,0,1000
3710,0,44,3000,500,1000,0,0,145,0,0,0,0,0,0,0,110.75,-1,0,0,0,-85.75,0,0,1,0,0,0,1000
3711,0,45,3000,500,1000,0,0,144,0,0,0,0,0,0,0,110.75,-1,0,0,0,-85.75,0,0,1,0,0,0,1000
3712,0,46,3000,500,1000,0,0,143,0,0,0,0,0,0,0,110.75,-1,0,0,0,-85.75,0,0,1,0,0,0,1000
3713,0,47,3000,500,1000,0,0,142,0,0,0,0,0,0,0,110.75,-1,0,0,0,-85.75,0,0,1,0,0,0,1000
3714,0,48,3000,500,1000,0,0,141,0,0,0,0,0,0,0,110.75,-1,0,0,0,-85.75,0,0,1,0,0,0,1000
3715,0,49,3000,500,1000,0,0,140,0,0,0,0,0,0,0,110.75,-1,0,0,0,-85.75,0,0,1,0,0,0,1000
3716,0,50,3000,500,1000,0,0,139,0,0,0,0,0,0,0,110.75,-1,0,0,0,-85.75,0,0,1,0,0,0,1000
3717,0,51,3000,500,1000,0,0,138,0,0,0,0,0,0,0,110.75,-1,0,0,0,-85.75,0,0,1,0,0,0,1000
3718,0,52,3000,500,1000,0,0,137,0,0,0,0,0,0,0,110.75,-1,0,0,0,-85.75,0,0,1,0,0,0,1000
3719,0,53,3000,500,1000,0,0,136,0,0,0,0,0,0,0,110.75,-1,0,0,0,-85.75,0,0,1,0,0,0,1000
3720,0,54,3000,500,1000,0,0,135,0,0,0,0,0,0,0,110.75,-1,0,0,0,-85.75,0,0,1,0,0,0,1000
3721,0,55,3000,500,1000,0,0,134,0,0,0,0,0,0,0,110.75,-1,0,0,0,-85.75,0,0,1,0,0,0,1000
3722,0,56,3000,500,1000,0,0,133,0,0,0,0,0,0,0,110.75,-1,0,0,0,-85.75,0,0,1,0,0,0,1000
3723,0,57,3000,500,1000,0,0,132,0,0,0,0,0,0,0,110.75,-1,0,0,0,-85.75,0,0,1,0,0,0,1000
3724,0,58,3000,500,1000,0,0,131,0,0,0,0,0,0,0,110.75,-1,0,0,0,-85.75,0,0,1,0,0,0,1000
3725,0,59,3000,500,1000,0,0,130,0,0,0,0,0,0,0,110.75,-1,0,0,0,-85.75,0,0,1,0,0,0,1000
3726,0,60,3000,500,1000,0,0,129,0,0,0,0,0,0,0,110.75,-1,0,0,0,-85.75,0,0,1,0,0,0,1000
3727,0,61,3000,500,1000,0,0,128,0,0,0,0,0,0,0,110.75,-1,0,0,0,-85.75,0,0,1,0,0,0,1000
3728,0,62,3000,500,1000,0,0,127,0,0,0,0,0,0,0,110.75,-1,0,0,0,-85.75,0,0,1,0,0,0,1000
3729,0,63,3000,500,1000,0,0,126,0,0,0,0,0,0,0,110.75,-1,0,0,0,-85.75,0,0,1,0,0,0,1000
3730,0,64,3000,500,1000,0,0,125,0,0,0,0,0,0,0,110.75,-1,0,0,0,-85.75,0,0,1,0,0,0,1000
3731,0,65,3000,500,1000,0,0,124,0,0,0,0,0,0,0,110.75,-1,0,0,0,-85.75,0,0,1,0,0,0,1000
3732,0,66,3000,500,1000,0,0,123,0,0,0,0,0,0,0,110.75,-1,0,0,0,-85.75,0,0,1,0,0,0,1000
3733,0,67,3000,500,1000,0,0,122,0,0,0,0,0,0,0,110.75,-1,0,0,0,-85.75,0,0,1,0,0,0,1000
3734,0,68,3000,500,1000,0,0,121,0,0,0,0,0,0,0,110.75,-1,0,0,0,-85.75,0,0,1,0,0,0,1000
3735,0,69,3000,500,1000,0,0,120,0,0,0,0,0,0,0,110.75,-1,0,0,0,-85.75,0,0,1,0,0,0,1000
3736,0,70,3000,500,1000,0,0,119,0,0,0,0,0,0,0,110.75,-1,0,0,0,-85.75,0,0,1,0,0,0,1000
3737,0,71,3000,500,1000,0,0,118,0,0,0,0,0,0,0,110.75,-1,0,0,0,-85.75,0,0,1,0,0,0,1000
3738,0,72,3000,500,1000,0,0,117,0,0,0,0,0,0,0,110.75,-1,0,0,0,-85.75,0,0,1,0,0,0,1000
3739,0,73,3000,500,1000,0,0,116,0,0,0,0,0,0,0,110.75,-1,0,0,0,-85.75,0,0,1,0,0,0,1000
3740,0,74,3000,500,1000,0,0,115,0,0,0,0,0,0,0,110.75,-1,0,0,0,-85.75,0,0,1,0,0,0,1000
3741,0,75,3000,500,1000,0,0,114,0,0,0,0,0,0,0,110.75,-1,0,0,0,-85.75,0,0,1,0,0,0,1000
3742,0,76,3000,500,1000,0,0,113,0,0,0,0,0,0,0,110.75,-1,0,0,0,-85.75,0,0,1,0,0,0,1000
3743,0,77,3000,500,1000,0,0,112,0,0,0,0,0,0,0,110.75,-1,0,0,0,-85.75,0,0,1,0,0,0,1000
3744,0,78,3000,500,1000,0,0,111,0,0,0,0,0,0,0,110.75,-1,0,0,0,-85.75,0,0,1,0,0,0,1000
3745,0,79,3000,500,1000,0,0,110,0,0,0,0,0,0,0,110.75,-1,0,0,0,-85.75,0,0,1,0,0,0,1000
3746,0,80,3000,500,1000,0,0,109,0,0,0,0,0,0,0,110.75,-1,0,0,0,-85.75,0,0,1,0,0,0,1000
3747,0,81,3000,500,1000,0,0,108,0,0,0,0,0,0,0,110.75,-1,0,0,0,-85.75,0,0,1,0,0,0,1000
3748,0,82,3000,500,1000,0,0,107,0,0,0,0,0,0,0,110.75,-1,0,0,0,-85.75,0,0,1,0,0,0,1000
3749,0,83,3000,500,1000,0,0,106,0,0,0,0,0,0,0,110.75,-1,0,0,0,-85.75,0,0,1,0,0,0,1000
3750,0,84,3000,500,1000,0,0,105,0,0,0,0,0,0,0,110.75,-1,0,0,0,-85.75,0,0,1,0,0,0,1000
3751,0,85,3000,500,1000,0,0,104,0,0,0,0,0,0,0,110.75,-1,0,0,0,-85.75,0,0,1,0,0,0,1000
3752,0,86,3000,500,1000,0,0,103,0,0,0,0,0,0,0,110.75,-1,0,0,0,-85.75,0,0,1,0,0,0,1000
3753,0,87,3000,500,1000,0,0,102,0,0,0,0,0,0,0,110.75,-1,0,0,0,-85.75,0,0,1,0,0,0,1000
3754,0,88,3000,500,1000,0,0,101,0,0,0,0,0,0,0,110.75,-1,0,0,0,-85.75,0,0,1,0,0,0,1000
3755,0,89,3000,500,1000,0,0,100,0,0,0,0,0,0,0,110.75,-1,0,0,0,-85.75,0,0,1,0,0,0,1000
3756,0,90,3000,500,1000,0,0,99,0,0,0,0,0,0,0,110.75,-1,0,0,0,-85.75,0,0,1,0,0,0,1000
3757,0,91,3000,500,1000,0,0,98,0,0,0,0,0,0,0,110.75,-1,0,0,0,-85.75,0,0,1,0,0,0,1000
3758,0,92,3000,500,1000,0,0,97,0,0,0,0,0,0,0,110.75,-1,0,0,0,-85.75,0,0,1,0,0,0,1000
3759,0,93,3000,500,1000,0,0,96,0,0,0,0,0,0,0,110.75,-1,0,0,0,-85.75,0,0,1,0,0,0,1000
3760,0,94,3000,500,1000,0,0,95,0,0,0,0,0,0,0,110.75,-1,0,0,0,-85.75,0,0,1,0,0,0,1000
3761,0,95,3000,500,1000,0,0,94,0,0,0,0,0,0,0,110.75,-1,0,0,0,-85.75,0,0,1,0,0,0,1000
3762,0,96,3000,500,1000,0,0,93,0,0,0,0,0,0,0,110.75,-1,0,0,0,-85.75,0,0,1,0,0,0,1000
3763,0,97,3000,500,1000,0,0,92,0,0,0,0,0,0,0,110.75,-1,0,0,0,-85.75,0,0,1,0,0,0,1000
3764,0,98,3000,500,1000,0,0,91,0,0,0,0,0,0,0,110.75,-1,0,0,0,-85.75,0,0,1,0,0,0,1000
3765,0,99,3000,500,1000,0,0,90,0,0,0,0,0,0,0,110.75,-1,0,0,0,-85.75,0,0,1,0,0,0,1000
3766,0,100,3000,500,1000,0,0,89,0,0,0,0,0,0,0,110.75,-1,0,0,0,-85.75,0,0,1,0,0,0,1000
3767,0,101,3000,500,1000,0,0,88,0,0,0,0,0,0,0,110.75,-1,0,0,0,-85.75,0,0,1,0,0,0,1000
3768,0,102,3000,500,1000,0,0,87,0,0,0,0,0,0,0,110.75,-1,0,0,0,-85.75,0,0,1,0,0,0,1000
3769,0,103,3000,500,1000,0,0,86,0,0,0,0,0,0,0,110.75,-1,0,0,0,-85.75,0,0,1,0,0,0,1000
3770,0,104,3000,500,1000,0,0,85,0,0,0,0,0,0,0,110.75,-1,0,0,0,-85.75,0,0,1,0,0,0,1000
3771,0,105,3000,500,1000,0,0,84,0,0,0,0,0,0,0,110.75,-1,0,0,0,-85.75,0,0,1,0,0,0,1000
3772,0,106,3000,500,1000,0,0,83,0,0,0,0,0,0,0,110.75,-1,0,0,0,-85.75,0,0,1,0,0,0,1000
3773,0,107,3000,500,1000,0,0,82,0,0,0,0,0,0,0,110.75,-1,0,0,0,-85.75,0,0,1,0,0,0,1000
3774,0,108,3000,500,1000,0,0,81,0,0,0,0,0,0,0,110.75,-1,0,0,0,-85.75,0,0,1,0,0,0,1000
3775,0,109,3000,500,1000,0,0,80,0,0,0,0,0,0,0,110.75,-1,0,0,0,-85.75,0,0,1,0,0,0,1000
3776,0,110,3000,500,1000,0,0,79,0,0,0,0,0,0,0,110.75,-1,0,0,0,-85.75,0,0,1,0,0,0,1000
3777,0,111,3000,500,1000,0,0,78,0,0,0,0,0,0,0,110.75,-1,0,0,0,-85.75,0,0,1,0,0,0,1000
3778,0,112,3000,500,1000,0,0,77,0,0,0,0,0,0,0,110.75,-1,0,0,0,-85.75,0,0,1,0,0,0,1000
3779,0,113,3000,500,1000,0,0,76,0,0,0,0,0,0,0,110.75,-1,0,0,0,-85.75,0,0,1,0,0,0,1000
3780,0,114,3000,500,1000,0,0,75,0,0,0,0,0,0,0,110.75,-1,0,0,0,-85.75,0,0,1,0,0,0,1000
3781,0,115,3000,500,1000,0,0,74,0,0,0,0,0,0,0,110.75,-1,0,0,0,-85.75,0,0,1,0,0,0,1000
3782,0,116,3000,500,1000,0,0,73,0,0,0,0,0,0,0,110.75,-1,0,0,0,-85.75,0,0,1,0,0,0,1000
3783,0,117,3000,500,1000,0,0,72,0,0,0,0,0,0,0,110.75,-1,0,0,0,-85.75,0,0,1,0,0,0,1000
3784,0,118,3000,500,1000,0,0,71,0,0,0,0,0,0,0,110.75,-1,0,0,0,-85.75,0,0,1,0,0,0,1000
3785,0,119,3000,500,1000,0,0,70,0,0,0,0,0,0,0,110.75,-1,0,0,0,-85.75,0,0,1,0,0,0,1000
3786,0,120,3000,500,1000,0,0,69,0,0,0,0,0,0,0,110.75,-1,0,0,0,-85.75,0,0,1,0,0,0,1000
3787,0,121,3000,500,1000,0,0,68,0,0,0,0,0,0,0,110.75,-1,0,0,0,-85.75,0,0,1,0,0,0,1000
3788,0,122,3000,500,1000,0,0,67,0,0,0,0,0,0,0,110.75,-1,0,0,0,-85.75,0,0,1,0,0,0,1000
3789,0,123,3000,500,1000,0,0,66,0,0,0,0,0,0,0,110.75,-1,0,0,0,-85.75,0,0,1,0,0,0,1000
3790,0,124,3000,500,1000,0,0,65,0,0,0,0,0,0,0,110.75,-1,0,0,0,-85.75,0,0,1,0,0,0,1000
3791,0,125,3000,500,1000,0,0,64,0,0,0,0,0,0,0,110.75,-1,0,0,0,-85.75,0,0,1,0,0,0,1000
3792,0,126,3000,500,1000,0,0,63,0,0,0,0,0,0,0,110.75,-1,0,0,0,-85.75,0,0,1,0,0,0,1000
3793,0,127,3000,500,1000,0,0,62,0,0,0,0,0,0,0,110.75,-1,0,0,0,-85.75,0,0,1,0,0,0,1000
3794,0,128,3000,500,1000,0,0,61,0,0,0,0,0,0,0,110.75,-1,0,0,0,-85.75,0,0,1,0,0,0,1000
3795,0,129,3000,500,1000,0,0,60,0,0,0,0,0,0,0,110.75,-1,0,0,0,-85.75,0,0,1,0,0,0,1000
3796,0,130,3000,500,1000,0,0,59,0,0,0,0,0,0,0,110.75,-1,0,0,0,-85.75,0,0,1,0,0,0,1000
3797,0,131,3000,500,1000,0,0,58,0,0,0,0,0,0,0,110.75,-1,0,0,0,-85.75,0,0,1,0,0,0,1000
3798,0,132,3000,500,1000,0,0,57,0,0,0,0,0,0,0,110.75,-1,0,0,0,-85.75,0,0,1,0,0,0,1000
3799,0,133,3000,500,1000,0,0,56,0,0,0,0,0,0,0,110.75,-1,0,0,0,-85.75,0,0,1,0,0,0,1000
3800,0,134,3000,500,1000,0,0,55,0,0,0,0,0,0,0,110.75,-1,0,0,0,-85.75,0,0,1,0,0,0,1000
3801,0,135,3000,500,1000,0,0,54,0,0,0,0,0,0,0,110.75,-1,0,0,0,-85.75,0,0,1,0,0,0,1000
3802,0,136,3000,500,1000,0,0,53,0,0,0,0,0,0,0,110.75,-1,0,0,0,-85.75,0,0,1,0,0,0,1000
3803,0,137,3000,500,1000,0,0,52,0,0,0,0,0,0,0,110.75,-1,0,0,0,-85.75,0,0,1,0,0,0,1000
3804,0,138,3000,500,1000,0,0,51,0,0,0,0,0,0,0,110.75,-1,0,0,0,-85.75,0,0,1,0,0,0,1000
3805,0,139,3000,500,1000,0,0,50,0,0,0,0,0,0,0,110.75,-1,0,0,0,-85.75,0,0,1,0,0,0,1000
3806,0,140,3000,500,1000,0,0,49,0,0,0,0,0,0,0,110.75,-1,0,0,0,-85.75,0,0,1,0,0,0,1000
3807,0,141,3000,500,1000,0,0,48,0,0,0,0,0,0,0,110.75,-1,0,0,0,-85.75,0,0,1,0,0,0,1000
3808,0,142,3000,500,1000,0,0,47,0,0,0,0,0,0,0,110.75,-1,0,0,0,-85.75,0,0,1,0,0,0,1000
3809,0,143,3000,500,1000,0,0,46,0,0,0,0,0,0,0,110.75,-1,0,0,0,-85.75,0,0,1,0,0,0,1000
3810,0,144,3000,500,1000,0,0,45,0,0,0,0,0,0,0,110.75,-1,0,0,0,-85.75,0,0,1,0,0,0,1000
3811,0,145,3000,500,1000,0,0,44,0,0,0,0,0,0,0,110.75,-1,0,0,0,-85.75,0,0,1,0,0,0,1000
3812,0,146,3000,500,1000,0,0,43,0,0,0,0,0,0,0,110.75,-1,0,0,0,-85.75,0,0,1,0,0,0,1000
3813,0,147,3000,500,1000,0,0,42,0,0,0,0,0,0,0,110.75,-1,0,0,0,-85.75,0,0,1,0,0,0,1000
3814,0,148,3000,500,1000,0,0,41,0,0,0,0,0,0,0,110.75,-1,0,0,0,-85.75,0,0,1,0,0,0,1000
3815,0,149,3000,500,1000,0,0,40,0,0,0,0,0,0,0,110.75,-1,0,0,0,-85.75,0,0,1,0,0,0,1000
3816,0,150,3000,500,1000,0,0,39,0,0,0,0,0,0,0,110.75,-1,0,0,0,-85.75,0,0,1,0,0,0,1000
3817,0,151,3000,500,1000,0,0,38,0,0,0,0,0,0,0,110.75,-1,0,0,0,-85.75,0,0,1,0,0,0,1000
3818,0,152,3000,500,1000,0,0,37,0,0,0,0,0,0,0,110.75,-1,0,0,0,-85.75,0,0,1,0,0,0,1000
3819,0,153,3000,500,1000,0,0,36,0,0,0,0,0,0,0,110.75,-1,0,0,0,-85.75,0,0,1,0,0,0,1000
3820,0,154,3000,500,1000,0,0,35,0,0,0,0,0,0,0,110.75,-1,0,0,0,-85.75,0,0,1,0,0,0,1000
3821,0,155,3000,500,1000,0,0,34,0,0,0,0,0,0,0,110.75,-1,0,0,0,-85.75,0,0,1,0,0,0,1000
3822,0,156,3000,500,1000,0,0,33,0,0,0,0,0,0,0,110.75,-1,0,0,0,-85.75,0,0,1,0,0,0,1000
3823,0,157,3000,500,1000,0,0,32,0,0,0,0,0,0,0,110.75,-1,0,0,0,-85.75,0,0,1,0,0,0,1000
3824,0,158,3000,500,1000,0,0,31,0,0,0,0,0,0,0,110.75,-1,0,0,0,-85.75,0,0,1,0,0,0,1000
3825,0,159,3000,500,1000,0,0,30,0,0,0,0,0,0,0,110.75,-1,0,0,0,-85.75,0,0,1,0,0,0,1000
3826,0,160,3000,500,1000,0,0,29,0,0,0,0,0,0,0,110.75,-1,0,0,0,-85.75,0,0,1,0,0,0,1000
3827,0,161,3000,500,1000,0,0,28,0,0,0,0,0,0,0,110.75,-1,0,0,0,-85.75,0,0,1,0,0,0,1000
3828,0,162,3000,500,1000,0,0,27,0,0,0,0,0,0,0,110.75,-1,0,0,0,-85.75,0,0,1,0,0,0,1000
3829,0,163,3000,500,1000,0,0,26,0,0,0,0,0,0,0,110.75,-1,0,0,0,-85.75,0,0,1,0,0,0,1000
3830,0,164,3000,500,1000,0,0,25,0,0,0,0,0,0,0,110.75,-1,0,0,0,-85.75,0,0,1,0,0,0,1000
3831,0,165,3000,500,1000,0,0,24,0,0,0,0,0,0,0,110.75,-1,0,0,0,-85.75,0,0,1,0,0,0,1000
3832,0,166,3000,500,1000,0,0,23,0,0,0,0,0,0,0,110.75,-1,0,0,0,-85.75,0,0,1,0,0,0,1000
3833,0,167,3000,500,1000,0,0,22,0,0,0,0,0,0,0,110.75,-1,0,0,0,-85.75,0,0,1,0,0,0,1000
3834,0,168,3000,500,1000,0,0,21,0,0,0,0,0,0,0,110.75,-1,0,0,0,-85.75,0,0,1,0,0,0,1000
3835,0,169,3000,500,1000,0,0,20,0,0,0,0,0,0,0,110.75,-1,0,0,0,-85.75,0,0,1,0,0,0,1000
3836,0,170,3000,500,1000,0,0,19,0,0,0,0,0,0,0,110.75,-1,0,0,0,-85.75,0,0,1,0,0,0,1000
3837,0,171,3000,500,1000,0,0,18,0,0,0,0,0,0,0,110.75,-1,0,0,0,-85.75,0,0,1,0,0,0,1000
3838,0,172,3000,500,1000,0,0,17,0,0,0,0,0,0,0,110.75,-1,0,0,0,-85.75,0,0,1,0,0,0,1000
3839,0,173,3000,500,1000,0,0,16,0,0,0,0,0,0,0,110.75,-1,0,0,0,-85.75,0,0,1,0,0,0,1000
3840,0,174,3000,500,1000,0,0,15,0,0,0,0,0,0,0,110.75,-1,0,0,0,-85.75,0,0,1,0,0,0,1000
3841,0,175,3000,500,1000,0,0,14,0,0,0,0,0,0,0,110.75,-1,0,0,0,-85.75,0,0,1,0,0,0,1000
3842,0,176,3000,500,1000,0,0,13,0,0,0,0,0,0,0,110.75,-1,0,0,0,-85.75,0,0,1,0,0,0,1000
3843,0,177,3000,500,1000,0,0,12,0,0,0,0,0,0,0,110.75,-1,0,0,0,-85.75,0,0,1,0,0,0,1000
3844,0,178,3000,500,1000,0,0,11,0,0,0,0,0,0,0,110.75,-1,0,0,0,-85.75,0,0,1,0,0,0,1000
3845,0,179,3000,500,1000,0,0,10,0,0,0,0,0,0,0,110.75,-1,0,0,0,-85.75,0,0,1,0,0,0,1000
3846,0,180,3000,500,1000,0,0,9,0,0,0,0,0,0,0,110.75,-1,0,0,0,-85.75,0,0,1,0,0,0,1000
3847,0,181,3000,500,1000,0,0,8,0,0,0,0,0,0,0,110.75,-1,0,0,0,-85.75,0,0,1,0,0,0,1000
3848,0,182,3000,500,1000,0,0,7,0,0,0,0,0,0,0,110.75,-1,0,0,0,-85.75,0,0,1,0,0,0,1000
3849,0,183,3000,500,1000,0,0,6,0,0,0,0,0,0,0,110.75,-1,0,0,0,-85.75,0,0,1,0,0,0,1000
3850,0,184,3000,500,1000,0,0,5,0,0,0,0,0,0,0,110.75,-1,0,0,0,-85.75,0,0,1,0,0,0,1000
3851,0,185,3000,500,1000,0,0,4,0,0,0,0,0,0,0,110.75,-1,0,0,0,-85.75,0,0,1,0,0,0,1000
3852,0,186,3000,500,1000,0,0,3,0,0,0,0,0,0,0,110.75,-1,0,0,0,-85.75,0,0,1,0,0,0,1000
3853,0,187,3000,500,1000,0,0,2,0,0,0,0,0,0,0,110.75,-1,0,0,0,-85.75,0,0,1,0,0,0,1000
3854,0,188,3000,500,1000,0,0,1,0,0,0,0,0,0,0,110.75,-1,0,0,0,-85.75,0,0,1,0,0,0,1000
3855,0,189,3000,500,1000,0,0,0,0,0,0,0,0,0,0,110.75,-1,0,0,0,-85.75,0,0,1,0,0,0,1000
3856,0,190,3000,500,1000,0,0,0,0,0,0,0,0,0,0,110.75,-1,0,0,0,-85.75,0,0,1,0,0,0,1000
3857,0,191,3000,500,1000,0,0,0,0,0,0,0,0,0,0,110.75,-1,0,0,0,-85.75,0,0,1,0,0,0,1000
3858,0,192,3000,500,1000,0,0,0,0,0,0,0,0,0,0,110.75,-1,0,0,0,-85.75,0,0,1,0,0,0,1000
3859,0,193,3000,500,1000,0,0,0,0,0,0,0,0,0,0,110.75,-1,0,0,0,-85.75,0,0,1,0,0,0,1000
3860,0,194,3000,500,1000,0,0,0,0,0,0,0,0,0,0,110.75,-1,0,0,0,-85.75,0,0,1,0,0,0,1000
3861,0,195,3000,500,1000,0,0,0,0,0,0,0,0,0,0,110.75,-1,0,0,0,-85.75,0,0,1,0,0,0,1000
3862,0,196,3000,500,1000,0,0,0,0,0,0,0,0,0,0,110.75,-1,0,0,0,-85.75,0,0,1,0,0,0,1000
3863,0,197,3000,500,1000,0,0,0,0,0,0,0,0,0,0,110.75,-1,0,0,0,-85.75,0,0,1,0,0,0,1000
3864,0,198,3000,500,1000,0,0,0,0,0,0,0,0,0,0,110.75,-1,0,0,0,-85.75,0,0,1,0,0,0,1000
3865,0,199,3000,500,1000,0,0,0,0,0,0,0,0,0,0,110.75,-1,0,0,0,-85.75,0,0,1,0,0,0,1000
3866,0,200,3000,500,1000,0,0,0,0,0,0,0,0,0,0,110.75,-1,0,0,0,-85.75,0,0,1,0,0,0,1000
3867,0,201,3000,500,1000,0,0,0,0,0,0,0,0,0,0,110.75,-1,0,0,0,-85.75,0,0,1,0,0,0,1000
3868,0,202,3000,500,1000,0,0,0,0,0,0,0,0,0,0,110.75,-1,0,0,0,-85.75,0,0,1,0,0,0,1000
3869,0,203,3000,500,1000,0,0,0,0,0,0,0,0,0,0,110.75,-1,0,0,0,-85.75,0,0,1,0,0,0,1000
3870,0,204,3000,500,1000,0,0,0,0,0,0,0,0,0,0,110.75,-1,0,0,0,-85.75,0,0,1,0,0,0,1000
3871,0,205,3000,500,1000,0,0,0,0,0,0,0,0,0,0,110.75,-1,0,0,0,-85.75,0,0,1,0,0,0,1000
3872,0,206,3000,500,1000,0,0,0,0,0,0,0,0,0,0,110.75,-1,0,0,0,-85.75,0,0,1,0,0,0,1000
3873,0,207,3000,500,1000,0,0,0,0,0,0,0,0,0,0,110.75,-1,0,0,0,-85.75,0,0,1,0,0,0,1000
3874,0,208,3000,500,1000,0,0,0,0,0,0,0,0,0,0,110.75,-1,0,0,0,-85.75,0,0,1,0,0,0,1000
3875,0,209,3000,500,1000,0,0,0,0,0,0,0,0,0,0,110.75,-1,0,0,0,-85.75,0,0,1,0,0,0,1000
3876,0,210,3000,500,1000,0,0,0,0,0,0,0,0,0,0,110.75,-1,0,0,0,-85.75,0,0,1,0,0,0,1000
3877,0,211,3000,500,1000,0,0,0,0,0,0,0,0,0,0,110.75,-1,0,0,0,-85.75,0,0,1,0,0,0,1000
3878,0,212,3000,500,1000,0,0,0,0,0,0,0,0,0,0,110.75,-1,0,0,0,-85.75,0,0,1,0,0,0,1000
3879,0,213,3000,500,1000,0,0,0,0,0,0,0,0,0,0,110.75,-1,0,0,0,-85.75,0,0,1,0,0,0,1000
3880,0,214,3000,500,1000,0,0,0,0,0,0,0,0,0,0,110.75,-1,0,0,0,-85.75,0,0,1,0,0,0,1000
3881,0,215,3000,500,1000,0,0,0,0,0,0,0,0,0,0,110.75,-1,0,0,0,-85.75,0,0,1,0,0,0,1000
3882,0,216,3000,500,1000,0,0,0,0,0,0,0,0,0,0,110.75,-1,0,0,0,-85.75,0,0,1,0,0,0,1000
3883,0,217,3000,500,1000,0,0,0,0,0,0,0,0,0,0,110.75,-1,0,0,0,-85.75,0,0,1,0,0,0,1000
3884,0,218,3000,500,1000,0,0,0,0,0,0,0,0,0,0,110.75,-1,0,0,0,-85.75,0,0,1,0,0,0,1000
3885,0,219,3000,500,1000,0,0,0,0,0,0,0,0,0,0,110.75,-1,0,0,0,-85.75,0,0,1,0,0,0,1000
3886,0,220,3000,500,1000,0,0,0,0,0,0,0,0,0,0,110.75,-1,0,0,0,-85.75,0,0,1,0,0,0,1000
3887,0,221,3000,500,1000,0,0,0,0,0,0,0,0,0,0,110.75,-1,0,0,0,-85.75,0,0,1,0,0,0,1000
3888,0,222,3000,500,1000,0,0,0,0,0,0,0,0,0,0,110.75,-1,0,0,0,-85.75,0,0,1,0,0,0,1000
3889,0,223,3000,500,1000,0,0,0,0,0,0,0,0,0,0,110.75,-1,0,0,0,-85.75,0,0,1,0,0,0,1000
3890,0,224,3000,500,1000,0,0,0,0,0,0,0,0,0,0,110.75,-1,0,0,0,-85.75,0,0,1,0,0,0,1000
3891,0,225,3000,500,1000,0,0,0,0,0,0,0,0,0,0,110.75,-1,0,0,0,-85.75,0,0,1,0,0,0,1000
3892,0,226,3000,500,1000,0,0,0,0,0,0,0,0,0,0,110.75,-1,0,0,0,-85.75,0,0,1,0,0,0,1000
3893,0,227,3000,500,1000,0,0,0,0,0,0,0,0,0,0,110.75,-1,0,0,0,-85.75,0,0,1,0,0,0,1000
3894,0,228,3000,500,1000,0,0,0,0,0,0,0,0,0,0,110.75,-1,0,0,0,-85.75,0,0,1,0,0,0,1000
3895,0,229,3000,500,1000,0,0,0,0,0,0,0,0,0,0,110.75,-1,0,0,0,-85.75,0,0,1,0,0,0,1000
3896,0,230,3000,500,1000,0,0,0,0,0,0,0,0,0,0,110.75,-1,0,0,0,-85.75,0,0,1,0,0,0,1000
3897,0,231,3000,500,1000,0,0,0,0,0,0,0,0,0,0,110.75,-1,0,0,0,-85.75,0,0,1,0,0,0,1000
3898,0,232,3000,500,1000,0,0,0,0,0,0,0,0,0,0,110.75,-1,0,0,0,-85.75,0,0,1,0,0,0,1000
3899,0,233,3000,500,1000,0,0,0,0,0,0,0,0,0,0,110.75,-1,0,0,0,-85.75,0,0,1,0,0,0,1000
3900,0,234,3000,500,1000,0,0,0,0,0,0,0,0,0,0,110.75,-1,0,0,0,-85.75,0,0,1,0,0,0,1000
3901,0,235,3000,500,1000,0,0,0,0,0,0,0,0,0,0,110.75,-1,0,0,0,-85.75,0,0,1,0,0,0,1000
3902,0,236,3000,500,1000,0,0,0,0,0,0,0,0,0,0,110.75,-1,0,0,0,-85.75,0,0,1,0,0,0,1000
3903,0,237,3000,500,1000,0,0,0,0,0,0,0,0,0,0,110.75,-1,0,0,0,-85.75,0,0,1,0,0,0,1000
3904,0,238,3000,500,1000,0,0,0,0,0,0,0,0,0,0,110.75,-1,0,0,0,-85.75,0,0,1,0,0,0,1000
3905,0,239,3000,500,1000,0,0,0,0,0,0,0,0,0,0,110.75,-1,0,0,0,-85.75,0,0,1,0,0,0,1000
3906,0,240,3000,500,1000,0,0,0,0,0,0,0,0,0,0,110.75,-1,0,0,0,-85.75,0,0,1,0,0,0,1000
3907,0,241,3000,500,1000,0,0,0,0,0,0,0,0,0,0,110.75,-1,0,0,0,-85.75,0,0,1,0,0,0,1000
3908,0,242,3000,500,1000,0,0,0,0,0,0,0,0,0,0,110.75,-1,0,0,0,-85.75,0,0,1,0,0,0,1000
3909,0,243,3000,500,1000,0,0,0,0,0,0,0,0,0,0,110.75,-1,0,0,0,-85.75,0,0,1,0,0,0,1000
3910,0,1,3000,500,1000,0,0,0,0,0,0,0,0,0,0,110.75,-1,0,0,0,-85.75,0,0,0,0,0,0,1000
3911,0,2,3000,500,1000,0,0,0,0,0,0,0,0,0,0,110.75,-1,0,0,0,-85.75,0,0,0,0,0,0,1000
3912,0,3,3000,500,1000,0,0,0,0,0,0,0,0,0,0,110.75,-1,0,0,0,-85.75,0,0,0,0,0,0,1000
3913,0,4,3000,500,1000,0,0,0,0,0,0,0,0,0,0,110.75,-1,0,0,0,-85.75,0,0,0,0,0,0,1000
3914,0,5,3000,500,1000,0,0,0,0,0,0,0,0,0,0,110.75,-1,0,0,0,-85.75,0,0,0,0,0,0,1000
3915,0,6,3000,500,1000,0,0,0,0,0,0,0,0,0,0,110.75,-1,0,0,0,-85.75,0,0,0,0,0,0,1000
3916,0,7,3000,500,1000,0,0,0,0,0,0,0,0,0,0,110.75,-1,0,0,0,-85.75,0,0,0,0,0,0,1000
3917,0,8,3000,500,1000,0,0,0,0,0,0,0,0,0,0,110.75,-1,0,0,0,-85.75,0,0,0,0,0,0,1000
3918,0,9,3000,500,1000,0,0,0,0,0,0,0,0,0,0,110.75,-1,0,0,0,-85.75,0,0,0,0,0,0,1000
3919,10,1,3000,500,1000,0,0,0,0,0,0,0,0,0,0,110.75,-1,0,0,0,-85.75,0,0,0,0,0,0,1000
3920,10,2,3000,500,1000,0,0,0,0,0,0,0,0,0,0,110.75,-1,0,0,0,-85.75,0,0,0,0,0,0,1000
3921,10,3,3000,500,1000,0,0,0,0,0,0,0,0,0,0,110.75,-1,0,0,0,-85.75,0,0,0,0,0,0,1000
3922,10,4,3000,500,1000,0,0,0,0,0,0,0,0,0,0,110.75,-1,0,0,0,-85.75,0,0,0,0,0,0,1000
3923,10,5,3000,500,1000,0,0,0,0,0,0,0,0,0,0,110.75,-1,0,0,0,-85.75,0,0,0,0,0,0,1000
3924,10,6,3000,500,1000,0,0,0,0,0,0,0,0,0,0,110.75,-1,0,0,0,-85.75,0,0,0,0,0,0,1000
3925,12,1,3000,500,1000,0,0,0,0,0,0,0,0,0,0,110.75,-1,0,0,0,-85.75,0,0,0,0,0,0,1000
3926,20,1,3000,500,1000,0,0,0,0,0,0,0,0,0,0,108.9000015258789,-1,0,0,0,-85.75,0,0,0,0,0,0,1000
3927,20,2,3000,500,1000,0,0,0,0,0,0,0,0,0,0,107.05000305175781,-1,0,0,0,-85.75,0,0,0,0,0,0,1000
3928,10,1,3000,500,1000,0,0,0,0,0,0,0,0,0,0,107.05000305175781,-1,0,0,0,-85.75,0,0,0,0,0,0,1000
3929,10,2,3000,500,1000,0,0,0,0,0,0,0,0,0,0,107.05000305175781,-1,0,0,0,-85.75,0,0,0,0,0,0,1000
3930,10,3,3000,500,1000,0,0,0,0,0,0,0,0,0,0,107.05000305175781,-1,0,0,0,-85.75,0,0,0,0,0,0,1000
3931,10,4,3000,500,1000,0,0,0,0,0,0,0,0,0,0,107.05000305175781,-1,0,0,0,-85.75,0,0,0,0,0,0,1000
3932,10,5,3000,500,1000,0,0,0,0,0,0,0,0,0,0,107.05000305175781,-1,0,0,0,-85.75,0,0,0,0,0,0,1000
3933,10,6,3000,500,1000,0,0,0,0,0,0,0,0,0,0,107.05000305175781,-1,0,0,0,-85.75,0,0,0,0,0,0,1000
3934,3000,1,2000,500,1000,0,0,0,0,0,0,0,0,0,0,107.05000305175781,-1,0,0,0,-85.75,0,0,0,0,0,0,1000
3935,3000,2,2000,500,1000,0,0,0,0,0,0,0,0,0,0,107.05000305175781,-1,0,0,0,-85.75,0,0,0,0,0,0,1000
3936,3000,3,2000,500,1000,0,0,0,0,0,0,0,0,0,0,107.05000305175781,-1,0,0,0,-85.75,0,0,0,0,0,0,1000
3937,3000,4,2000,500,1000,0,0,0,0,0,0,0,0,0,0,107.05000305175781,-1,0,0,0,-85.75,0,0,0,0,0,0,1000
3938,3000,5,2000,500,1000,0,0,0,0,0,0,0,0,0,0,100.05000305175781,-1,0,0,0,-85.75,0,0,0,0,0,0,1000
3939,3000,5,2000,500,935,0,0,0,0,0,0,0,0,0,0,100.05000305175781,-1,0,0,0,-85.75,0,0,0,0,0,0,1018
3940,3000,5,2000,500,935,0,0,0,0,0,0,0,0,0,0,100.05000305175781,-1,0,0,0,-85.75,0,0,0,0,0,0,1018
3941,3000,5,2000,500,935,0,0,0,0,0,0,0,0,0,0,100.05000305175781,-1,0,0,0,-85.75,0,0,0,0,0,0,1018
3942,3000,5,2000,500,935,0,0,0,0,0,0,0,0,0,0,100.05000305175781,-1,0,0,0,-85.75,0,0,0,0,0,0,1018
3943,3000,5,2000,500,935,0,0,0,0,0,0,0,0,0,0,100.05000305175781,-1,0,0,0,-85.75,0,0,0,0,0,0,1018
3944,3000,5,2000,500,935,0,0,0,0,0,0,0,0,0,0,100.05000305175781,-1,0,0,0,-85.75,0,0,0,0,0,0,1018
3945,3000,6,2000,500,935,0,0,0,0,0,0,0,0,0,0,93.05000305175781,-1,0,0,0,-85.75,0,0,0,0,0,0,1018
3946,3000,7,2000,500,935,0,0,0,0,0,0,0,0,0,0,86.05000305175781,-1,0,0,0,-85.75,0,0,0,0,0,0,1018
3947,3000,8,2000,500,935,0,0,0,0,0,0,0,0,0,0,79.05000305175781,-1,0,0,0,-85.75,0,0,0,0,0,0,1018
3948,3000,9,2000,500,935,0,0,0,0,0,0,0,0,0,0,72.05000305175781,-1,0,0,0,-85.75,0,0,0,0,0,0,1018
3949,3000,10,2000,500,935,0,0,0,0,0,0,0,0,0,0,65.05000305175781,-1,0,0,0,-85.75,0,0,0,0,0,0,1018
3950,3000,11,2000,500,935,0,0,0,0,0,0,0,0,0,0,58.04999923706055,-1,0,0,0,-85.75,0,0,0,0,0,0,1018
3951,3000,12,2000,500,935,0,0,0,0,0,0,0,0,0,0,51.04999923706055,-1,0,0,0,-85.75,0,0,0,0,0,0,1018
3952,3000,13,2000,500,935,0,0,0,0,0,0,0,0,0,0,44.04999923706055,-1,0,0,0,-85.75,0,0,0,0,0,0,1018
3953,3000,14,2000,500,935,0,0,0,0,0,0,0,0,0,0,37.04999923706055,-1,0,0,0,-85.75,0,0,0,0,0,0,2018
3954,3000,15,2000,500,935,0,0,0,0,0,0,0,0,0,0,30.049999237060547,-1,0,0,0,-85.75,0,0,0,0,0,0,2018
3955,3000,16,2000,500,935,0,0,0,0,0,0,0,0,0,0,23.049999237060547,-1,0,0,0,-85.75,0,0,0,0,0,0,2018
3956,3000,17,2000,500,935,0,0,0,0,0,0,0,0,0,0,16.050003051757812,-1,0,0,0,-85.75,0,0,0,0,0,0,2018
3957,3000,18,2000,500,935,0,0,0,0,0,0,0,0,0,0,9.050003051757812,1,0,0,0,-85.75,0,0,0,0,0,0,2018
3958,3000,19,2000,500,935,0,0,0,0,0,0,0,0,0,0,12.550003051757812,1,0,0,0,-85.75,0,0,0,0,0,0,2018
3959,3000,20,2000,500,935,0,0,0,0,0,0,0,0,0,0,16.050003051757812,1,0,0,0,-85.75,0,0,0,0,0,0,2018
3960,3000,21,2000,500,935,0,0,0,0,0,0,0,0,0,0,19.550003051757812,1,0,0,0,-85.75,0,0,0,0,0,0,2018
3961,3000,22,2000,500,935,0,0,0,0,0,0,0,0,0,0,23.050003051757812,1,0,0,0,-85.75,0,0,0,0,0,0,2018
3962,3000,23,2000,500,935,0,0,0,0,0,0,0,0,0,0,26.550003051757812,1,0,0,0,-85.75,0,0,0,0,0,0,2018
3963,3000,24,2000,500,935,0,0,0,0,0,0,0,0,0,0,30.050003051757812,1,0,0,0,-85.75,0,0,0,0,0,0,2018
3964,3000,25,2000,500,935,0,0,0,0,0,0,0,0,0,0,33.55000305175781,1,0,0,0,-85.75,0,0,0,0,0,0,2018
3965,3000,26,2000,500,935,0,0,0,0,0,0,0,0,0,0,33.150001525878906,1,0,0,0,-85.75,0,0,0,0,0,0,2018
3966,3000,27,2000,500,935,0,0,0,0,0,0,0,0,0,0,33.150001525878906,1,0,0,0,-85.75,0,0,0,0,0,0,2018
3967,3000,28,2000,500,935,0,0,0,0,0,0,0,0,0,0,33.150001525878906,1,0,0,0,-85.75,0,0,0,0,0,0,2018
3968,3000,29,2000,500,935,0,0,0,0,0,0,0,0,0,0,33.150001525878906,1,0,0,0,-85.75,0,0,0,0,0,0,2018
3969,3000,30,2000,500,935,0,0,0,0,0,0,0,0,0,0,33.150001525878906,1,0,0,0,-85.75,0,0,0,0,0,0,2018
3970,3000,31,2000,500,935,0,0,0,0,0,0,0,0,0,0,33.150001525878906,1,0,0,0,-85.75,0,0,0,0,0,0,2018
3971,3000,32,2000,500,935,0,0,0,0,0,0,0,0,0,0,33.150001525878906,1,0,0,0,-85.75,0,0,0,0,0,0,2018
3972,3000,33,2000,500,935,0,0,0,0,0,0,0,0,0,0,33.150001525878906,1,0,0,0,-85.75,0,0,0,0,0,0,2018
3973,3000,33,2000,500,835,0,0,0,0,0,0,0,0,0,0,33.150001525878906,1,0,0,0,-85.75,0,0,0,0,0,0,3036
3974,3000,33,2000,500,835,0,0,0,0,0,0,0,0,0,0,33.150001525878906,1,0,0,0,-85.75,0,0,0,0,0,0,3036
3975,3000,33,2000,500,835,0,0,0,0,0,0,0,0,0,0,33.150001525878906,1,0,0,0,-85.75,0,0,0,0,0,0,3036
3976,3000,33,2000,500,835,0,0,0,0,0,0,0,0,0,0,33.150001525878906,1,0,0,0,-85.75,0,0,0,0,0,0,3036
3977,3000,33,2000,500,835,0,0,0,0,0,0,0,0,0,0,33.150001525878906,1,0,0,0,-85.75,0,0,0,0,0,0,3036
3978,3000,33,2000,500,835,0,0,0,0,0,0,0,0,0,0,33.150001525878906,1,0,0,0,-85.75,0,0,0,0,0,0,3036
3979,3000,34,2000,500,835,0,0,0,0,0,0,0,0,0,0,33.150001525878906,1,0,0,0,-85.75,0,0,0,0,0,0,3036
3980,3000,35,2000,500,835,0,0,0,0,0,0,0,0,0,0,33.150001525878906,1,0,0,0,-85.75,0,0,0,0,0,0,3036
3981,3000,36,2000,500,835,0,0,0,0,0,0,0,0,0,0,33.150001525878906,1,0,0,0,-85.75,0,0,0,0,0,0,3036
3982,3000,37,2000,500,835,0,0,0,0,0,0,0,0,0,0,33.150001525878906,1,0,0,0,-85.75,0,0,0,0,0,0,3036
3983,3000,38,2000,500,835,0,0,0,0,0,0,0,0,0,0,33.150001525878906,1,0,0,0,-85.75,0,0,0,0,0,0,3036
3984,3000,39,2000,500,835,0,0,0,0,0,0,0,0,0,0,33.150001525878906,1,0,0,0,-85.75,0,0,0,0,0,0,3036
3985,3000,40,2000,500,835,0,0,0,0,0,0,0,0,0,0,33.150001525878906,1,0,0,0,-85.75,0,0,0,0,0,0,3036
3986,3000,41,2000,500,835,0,0,0,0,0,0,0,0,0,0,33.150001525878906,1,0,0,0,-85.75,0,0,0,0,0,0,3036
3987,3000,42,2000,500,835,0,0,0,0,0,0,0,0,0,0,33.150001525878906,1,0,0,0,-85.75,0,0,0,0,0,0,3036
3988,3000,43,2000,500,835,0,0,0,0,0,0,0,0,0,0,33.150001525878906,1,0,0,0,-85.75,0,0,0,0,0,0,3036
3989,3000,44,2000,500,835,0,0,0,0,0,0,0,0,0,0,33.150001525878906,1,0,0,0,-85.75,0,0,0,0,0,0,3036
3990,3000,45,2000,500,835,0,0,0,0,0,0,0,0,0,0,33.150001525878906,1,0,0,0,-85.75,0,0,0,0,0,0,3036
3991,3000,46,2000,500,835,0,0,0,0,0,0,0,0,0,0,33.150001525878906,1,0,0,0,-85.75,0,0,0,0,0,0,3036
3992,3000,47,2000,500,835,0,0,0,0,0,0,0,0,0,0,33.150001525878906,1,0,0,0,-85.75,0,0,0,0,0,0,3036
3993,3000,48,2000,500,835,0,0,0,0,0,0,0,0,0,0,33.150001525878906,1,0,0,0,-85.75,0,0,0,0,0,0,3036
3994,3000,49,2000,500,835,0,0,0,0,0,0,0,0,0,0,30.900001525878906,1,0,0,0,-85.75,0,0,0,0,0,0,3036
3995,3000,50,2000,500,835,0,0,0,0,0,0,0,0,0,0,26.900001525878906,1,0,0,0,-83.5,0,0,0,0,0,0,3036
3996,3000,51,2000,500,835,0,0,0,0,0,0,0,0,0,0,22.900001525878906,1,0,0,0,-79.5,0,0,0,0,0,0,3036
3997,3000,52,2000,500,835,0,0,0,0,0,0,0,0,0,0,18.900001525878906,1,0,0,0,-75.5,0,0,0,0,0,0,3036
3998,3000,53,2000,500,835,0,0,0,0,0,0,0,0,0,0,14.900001525878906,1,0,0,0,-71.5,0,0,0,0,0,0,3036
3999,3000,54,2000,500,835,0,0,0,0,0,0,0,0,0,0,10.900001525878906,1,0,0,0,-67.5,0,0,0,0,0,0,3036
4000,0,1,2000,500,835,0,0,0,0,0,0,0,0,0,0,6.900001525878906,1,0,0,0,-63.5,0,0,0,0,0,0,3036
4001,0,2,2000,500,835,0,0,0,0,0,0,0,0,0,0,2.9000015258789062,1,0,0,0,-59.5,0,0,0,0,0,0,3036
4002,0,3,2000,500,835,0,0,0,0,0,0,0,0,0,0,-1.0999984741210938,1,0,0,0,-55.5,0,0,0,0,0,0,3036
4003,0,4,2000,500,835,0,0,0,0,0,0,0,0,0,0,-5.099998474121094,1,0,0,0,-51.5,0,0,0,0,0,0,3036
4004,0,5,2000,500,835,0,0,0,0,0,0,0,0,0,0,-9.099998474121094,1,0,0,0,-47.5,0,0,0,0,0,0,3036
4005,0,6,2000,500,835,0,0,0,0,0,0,0,0,0,0,-13.099998474121094,1,0,0,0,-43.5,0,0,0,0,0,0,3036
4006,0,7,2000,500,835,0,0,0,0,0,0,0,0,0,0,-17.099998474121094,1,0,0,0,-39.5,0,0,0,0,0,0,3036
4007,0,8,2000,500,835,0,0,0,0,0,0,0,0,0,0,-21.099998474121094,1,0,0,0,-35.5,0,0,0,0,0,0,3036
4008,0,9,2000,500,835,0,0,0,0,0,0,0,0,0,0,-25.099998474121094,1,0,0,0,-31.5,0,0,0,0,0,0,3036
4009,0,10,2000,500,835,0,0,0,0,0,0,0,0,0,0,-29.099998474121094,1,0,0,0,-27.5,0,0,0,0,0,0,3036
4010,0,11,2000,500,835,0,0,0,0,0,0,0,0,0,0,-33.099998474121094,1,0,0,0,-23.5,0,0,0,0,0,0,3036
4011,0,12,2000,500,835,0,0,0,0,0,0,0,0,0,0,-37.099998474121094,1,0,0,0,-19.5,0,0,0,0,0,0,3036
4012,0,13,2000,500,835,0,0,0,0,0,0,0,0,0,0,-41.099998474121094,1,0,0,0,-15.5,0,0,0,0,0,0,3036
4013,0,14,2000,500,835,0,0,0,0,0,0,0,0,0,0,-45.099998474121094,1,0,0,0,-11.5,0,0,0,0,0,0,3036
4014,0,15,2000,500,835,0,0,0,0,0,0,0,0,0,0,-49.099998474121094,1,0,0,0,-7.5,0,0,0,0,0,0,3036
4015,0,16,2000,500,835,0,0,0,0,0,0,0,0,0,0,-53.099998474121094,1,0,0,0,-3.5,0,0,0,0,0,0,3036
4016,0,17,2000,500,835,0,0,0,0,0,0,0,0,0,0,-57.099998474121094,1,0,0,0,0.5,0,0,0,0,0,0,3036
4017,0,18,2000,500,835,0,0,0,0,0,0,0,0,0,0,-61.099998474121094,1,0,0,0,4.5,0,0,0,0,0,0,3036
4018,0,19,2000,500,835,0,0,0,0,0,0,0,0,0,0,-65.0999984741211,1,0,0,0,8.5,0,0,0,0,0,0,3036
4019,0,20,2000,500,835,0,0,0,0,0,0,0,0,0,0,-69.0999984741211,1,0,0,0,12.5,0,0,0,0,0,0,3036
4020,0,21,2000,500,835,0,0,0,0,0,0,0,0,0,0,-73.0999984741211,1,0,0,0,16.5,0,0,0,0,0,0,3036
4021,0,22,2000,500,835,0,0,0,0,0,0,0,0,0,0,-77.0999984741211,1,0,0,0,20.5,0,0,0,0,0,0,3036
4022,0,23,2000,500,835,0,0,0,0,0,0,0,0,0,0,-81.0999984741211,1,0,0,0,24.5,0,0,0,0,0,0,3036
4023,0,24,2000,500,835,0,0,0,0,0,0,0,0,0,0,-85.0999984741211,1,0,0,0,28.5,0,0,0,0,0,0,3036
4024,0,25,2000,500,835,0,0,0,0,0,0,0,0,0,0,-89.0999984741211,1,0,0,0,32.5,0,0,0,0,0,0,3036
4025,0,26,2000,500,835,0,0,0,0,0,0,0,0,0,0,-93.0999984741211,1,0,0,0,36.5,0,0,0,0,0,0,3036
4026,0,27,2000,500,835,0,0,0,0,0,0,0,0,0,0,-97.0999984741211,1,0,0,0,40.5,0,0,0,0,0,0,3036
4027,0,28,2000,500,835,0,0,0,0,0,0,0,0,0,0,-97.0999984741211,1,0,0,0,44.5,0,0,0,0,0,0,3036
4028,0,29,2000,500,835,0,0,0,0,0,0,0,0,0,0,-97.0999984741211,1,0,0,0,44.5,0,0,0,0,0,0,3036
4029,0,30,2000,500,835,0,0,0,0,0,0,0,0,0,0,-97.0999984741211,1,0,0,0,44.5,0,0,0,0,0,0,3036
4030,0,31,2000,500,835,0,0,0,0,0,0,0,0,0,0,-97.0999984741211,1,0,0,0,44.5,0,0,0,0,0,0,3036
4031,0,32,2000,500,835,0,0,0,0,0,0,0,0,0,0,-97.0999984741211,1,0,0,0,44.5,0,0,0,0,0,0,3036
4032,0,33,2000,500,835,0,0,0,0,0,0,0,0,0,0,-97.0999984741211,1,0,0,0,44.5,0,0,0,0,0,0,3036
4033,0,34,2000,500,835,0,0,0,0,0,0,0,0,0,0,-97.0999984741211,1,0,0,0,44.5,0,0,0,0,0,0,3036
4034,0,35,2000,500,835,0,0,0,0,0,0,0,0,0,0,-97.0999984741211,1,0,0,0,44.5,0,0,0,0,0,0,3036
4035,0,36,2000,500,835,0,0,0,0,0,0,0,0,0,0,-100.0999984741211,1,0,0,0,44.5,0,0,0,0,0,0,3036
4036,0,37,2000,500,835,0,0,0,0,0,0,0,0,0,0,-103.0999984741211,1,0,0,0,47.5,0,0,0,0,0,0,3036
4037,0,38,2000,500,835,0,0,0,0,0,0,0,0,0,0,-106.0999984741211,1,0,0,0,50.5,0,0,0,0,0,0,3036
4038,0,39,2000,500,835,0,0,0,0,0,0,0,0,0,0,-109.0999984741211,1,0,0,0,53.5,0,0,0,0,0,0,3036
4039,0,40,2000,500,835,0,0,0,0,0,0,0,0,0,0,-111.0999984741211,1,0,0,0,56.5,0,0,0,0,0,0,3036
4040,0,41,2000,500,835,0,0,0,0,0,0,0,0,0,0,-112.5999984741211,1,0,0,0,58.5,0,0,0,0,0,0,3036
4041,0,42,2000,500,835,0,0,0,0,0,0,0,0,0,0,-114.0999984741211,1,0,0,0,60,0,0,0,0,0,0,3036
4042,0,43,2000,500,835,0,0,0,0,0,0,0,0,0,0,-115.5999984741211,1,0,0,0,61.5,0,0,0,0,0,0,3036
4043,0,44,2000,500,835,0,0,0,0,0,0,0,0,0,0,-117.0999984741211,1,0,0,0,63,0,0,0,0,0,0,3036
4044,0,45,2000,500,835,0,0,0,0,0,0,0,0,0,0,-118.5999984741211,1,0,0,0,64.5,0,0,0,0,0,0,3036
4045,0,46,2000,500,835,0,0,0,0,0,0,0,0,0,0,-120.0999984741211,1,0,0,0,66,0,0,0,0,0,0,3036
4046,0,47,2000,500,835,0,0,0,0,0,0,0,0,0,0,-121.5999984741211,1,0,0,0,67.5,0,0,0,0,0,0,3036
4047,0,48,2000,500,835,0,0,0,0,0,0,0,0,0,0,-123.0999984741211,1,0,0,0,69,0,0,0,0,0,0,3036
4048,0,49,2000,500,835,0,0,0,0,0,0,0,0,0,0,-124.5999984741211,1,0,0,0,70.5,0,0,0,0,0,0,3036
4049,0,50,2000,500,835,0,0,0,0,0,0,0,0,0,0,-126.0999984741211,1,0,0,0,72,0,0,0,0,0,0,3036
4050,0,51,2000,500,835,0,0,0,0,0,0,0,0,0,0,-127.5999984741211,1,0,0,0,73.5,0,0,0,0,0,0,3036
4051,0,52,2000,500,835,0,0,0,0,0,0,0,0,0,0,-129.10000610351562,1,0,0,0,75,0,0,0,0,0,0,3036
4052,0,53,2000,500,835,0,0,0,0,0,0,0,0,0,0,-130.60000610351562,1,0,0,0,76.5,0,0,0,0,0,0,3036
4053,0,54,2000,500,835,0,0,0,0,0,0,0,0,0,0,-132.10000610351562,1,0,0,0,78,0,0,0,0,0,0,3036
4054,0,55,2000,500,835,0,0,0,0,0,0,0,0,0,0,-133.60000610351562,1,0,0,0,79.5,0,0,0,0,0,0,3036
4055,0,56,2000,500,835,0,0,0,0,0,0,0,0,0,0,-134.85000610351562,1,0,0,0,81,0,0,0,0,0,0,3036
4056,0,57,2000,500,835,0,0,0,0,0,0,0,0,0,0,-135.85000610351562,1,0,0,0,82.25,0,0,0,0,0,0,3036
4057,0,58,2000,500,835,0,0,0,0,0,0,0,0,0,0,-136.85000610351562,1,0,0,0,83.25,0,0,0,0,0,0,3036
4058,0,59,2000,500,835,0,0,0,0,0,0,0,0,0,0,-137.60000610351562,1,0,0,0,84.25,0,0,0,0,0,0,3036
4059,0,60,2000,500,835,0,0,0,0,0,0,0,0,0,0,-138.35000610351562,1,0,0,0,85,0,0,0,0,0,0,3036
4060,0,61,2000,500,835,0,0,0,0,0,0,0,0,0,0,-138.85000610351562,1,0,0,0,85.75,0,0,0,0,0,0,3036
4061,0,62,2000,500,835,0,0,0,0,0,0,0,0,0,0,-139.35000610351562,1,0,0,0,86.25,0,0,0,0,0,0,3036
4062,0,63,2000,500,835,0,0,0,0,0,0,0,0,0,0,-139.60000610351562,1,0,0,0,86.75,0,0,0,0,0,0,3036
4063,0,64,2000,500,835,0,0,0,0,0,0,0,0,0,0,-140.10000610351562,1,0,0,0,87,0,0,0,0,0,0,3036
4064,0,65,2000,500,835,0,0,0,0,0,0,0,0,0,0,-140.35000610351562,1,0,0,0,87.5,0,0,0,0,0,0,3036
4065,0,66,2000,500,835,0,0,0,0,0,0,0,0,0,0,-140.60000610351562,1,0,0,0,87.75,0,0,0,0,0,0,3036
4066,0,67,2000,500,835,0,0,0,0,0,0,0,0,0,0,-140.85000610351562,1,0,0,0,88,0,0,0,0,0,0,3036
4067,0,68,2000,500,835,0,0,0,0,0,0,0,0,0,0,-140.85000610351562,1,0,0,0,88.25,0,0,0,0,0,0,3036
4068,0,69,2000,500,835,0,0,0,0,0,0,0,0,0,0,-141.10000610351562,1,0,0,0,88.25,0,0,0,0,0,0,3036
4069,0,70,2000,500,835,0,0,0,0,0,0,0,0,0,0,-141.35000610351562,1,0,0,0,88.5,0,0,0,0,0,0,3036
4070,0,71,2000,500,835,0,0,0,0,0,0,0,0,0,0,-141.35000610351562,1,0,0,0,88.75,0,0,0,0,0,0,3036
4071,0,72,2000,500,835,0,0,0,0,0,0,0,0,0,0,-141.35000610351562,1,0,0,0,88.75,0,0,0,0,0,0,3036
4072,0,73,2000,500,835,0,0,0,0,0,0,0,0,0,0,-141.60000610351562,1,0,0,0,88.75,0,0,0,0,0,0,3036
4073,0,74,2000,500,835,0,0,0,0,0,0,0,0,0,0,-141.60000610351562,1,0,0,0,89,0,0,0,0,0,0,3036
4074,0,75,2000,500,835,0,0,0,0,0,0,0,0,0,0,-141.60000610351562,1,0,0,0,89,0,0,0,0,0,0,3036
4075,0,76,2000,500,835,0,0,0,0,0,0,0,0,0,0,-141.60000610351562,1,0,0,0,89,0,0,0,0,0,0,3036
4076,0,77,2000,500,835,0,0,0,0,0,0,0,0,0,0,-141.60000610351562,1,0,0,0,89,0,0,0,0,0,0,3036
4077,0,78,2000,500,835,0,0,0,0,0,0,0,0,0,0,-141.60000610351562,1,0,0,0,89,0,0,0,0,0,0,3036
4078,0,79,2000,500,835,0,0,0,0,0,0,0,0,0,0,-141.60000610351562,1,0,0,0,89,0,0,0,0,0,0,3036
4079,0,80,2000,500,835,0,0,0,0,0,0,0,0,0,0,-141.60000610351562,1,0,0,0,89,0,0,0,0,0,0,3036
4080,0,81,2000,500,835,0,0,0,0,0,0,0,0,0,0,-141.60000610351562,1,0,0,0,89,0,0,0,0,0,0,3036
4081,0,82,2000,500,835,0,0,0,0,0,0,0,0,0,0,-141.60000610351562,1,0,0,0,89,0,0,0,0,0,0,3036
4082,0,83,2000,500,835,0,0,0,0,0,0,0,0,0,0,-141.60000610351562,1,0,0,0,89,0,0,0,0,0,0,3036
4083,0,84,2000,500,835,0,0,0,0,0,0,0,0,0,0,-141.60000610351562,1,0,0,0,89,0,0,0,0,0,0,3036
4084,0,85,2000,500,835,0,0,0,0,0,0,0,0,0,0,-141.60000610351562,1,0,0,0,89,0,0,0,0,0,0,3036
4085,0,86,2000,500,835,0,0,0,0,0,0,0,0,0,0,-141.60000610351562,1,0,0,0,89,0,0,0,0,0,0,3036
4086,0,87,2000,500,835,0,0,0,0,0,0,0,0,0,0,-141.60000610351562,1,0,0,0,89,0,0,0,0,0,0,3036
4087,0,88,2000,500,835,0,0,0,0,0,0,0,0,0,0,-141.60000610351562,1,0,0,0,89,0,0,0,0,0,0,3036
4088,0,89,2000,500,835,0,0,0,0,0,0,0,0,0,0,-141.60000610351562,1,0,0,0,89,0,0,0,0,0,0,3036
4089,0,90,2000,500,835,0,0,0,0,0,0,0,0,0,0,-141.60000610351562,1,0,0,0,89,0,0,0,0,0,0,3036
4090,0,91,2000,500,835,0,0,0,0,0,0,0,0,0,0,-141.60000610351562,1,0,0,0,89,0,0,0,0,0,0,3036
4091,0,92,2000,500,835,0,0,0,0,0,0,0,0,0,0,-141.60000610351562,1,0,0,0,89,0,0,0,0,0,0,3036
4092,0,93,2000,500,835,0,0,0,0,0,0,0,0,0,0,-141.60000610351562,1,0,0,0,89,0,0,0,0,0,0,3036
4093,0,94,2000,500,835,0,0,0,0,0,0,0,0,0,0,-141.60000610351562,1,0,0,0,89,0,0,0,0,0,0,3036
4094,0,95,2000,500,835,0,0,0,0,0,0,0,0,0,0,-141.60000610351562,1,0,0,0,89,0,0,0,0,0,0,3036
4095,0,96,2000,500,835,0,0,0,0,0,0,0,0,0,0,-141.60000610351562,1,0,0,0,89,0,0,0,0,0,0,3036
4096,0,97,2000,500,835,0,0,0,0,0,0,0,0,0,0,-141.60000610351562,1,0,0,0,89,0,0,0,0,0,0,3036
4097,0,98,2000,500,835,0,0,0,0,0,0,0,0,0,0,-141.60000610351562,1,0,0,0,89,0,0,0,0,0,0,3036
4098,0,99,2000,500,835,0,0,0,0,0,0,0,0,0,0,-141.60000610351562,1,0,0,0,89,0,0,0,0,0,0,3036
4099,0,100,2000,500,835,0,0,0,0,0,0,0,0,0,0,-141.60000610351562,1,0,0,0,89,0,0,0,0,0,0,3036
4100,0,101,2000,500,835,0,0,0,0,0,0,0,0,0,0,-141.60000610351562,1,0,0,0,89,0,0,0,0,0,0,3036
4101,0,102,2000,500,835,0,0,0,0,0,0,0,0,0,0,-141.60000610351562,1,0,0,0,89,0,0,0,0,0,0,3036
4102,0,103,2000,500,835,0,0,0,0,0,0,0,0,0,0,-141.60000610351562,1,0,0,0,89,0,0,0,0,0,0,3036
4103,0,104,2000,500,835,0,0,0,0,0,0,0,0,0,0,-141.60000610351562,1,0,0,0,89,0,0,0,0,0,0,3036
4104,0,105,2000,500,835,0,0,0,0,0,0,0,0,0,0,-141.60000610351562,1,0,0,0,89,0,0,0,0,0,0,3036
4105,0,106,2000,500,835,0,0,0,0,0,0,0,0,0,0,-141.60000610351562,1,0,0,0,89,0,0,0,0,0,0,3036
4106,0,107,2000,500,835,0,0,0,0,0,0,0,0,0,0,-141.60000610351562,1,0,0,0,89,0,0,0,0,0,0,3036
4107,0,108,2000,500,835,0,0,0,0,0,0,0,0,0,0,-141.60000610351562,1,0,0,0,89,0,0,0,0,0,0,3036
4108,0,109,2000,500,835,0,0,0,0,0,0,0,0,0,0,-141.60000610351562,1,0,0,0,89,0,0,0,0,0,0,3036
4109,0,110,2000,500,835,0,0,0,0,0,0,0,0,0,0,-141.60000610351562,1,0,0,0,89,0,0,0,0,0,0,3036
4110,0,111,2000,500,835,0,0,0,0,0,0,0,0,0,0,-141.60000610351562,1,0,0,0,89,0,0,0,0,0,0,3036
4111,0,112,2000,500,835,0,0,0,0,0,0,0,0,0,0,-141.60000610351562,1,0,0,0,89,0,0,0,0,0,0,3036
4112,0,113,2000,500,835,0,0,0,0,0,0,0,0,0,0,-141.60000610351562,1,0,0,0,89,0,0,0,0,0,0,3036
4113,0,114,2000,500,835,0,0,0,0,0,0,0,0,0,0,-141.60000610351562,1,0,0,0,89,0,0,0,0,0,0,3036
4114,0,115,2000,500,835,0,0,0,0,0,0,0,0,0,0,-141.60000610351562,1,0,0,0,89,0,0,0,0,0,0,3036
4115,0,116,2000,500,835,0,0,0,0,0,0,0,0,0,0,-141.60000610351562,1,0,0,0,89,0,0,0,0,0,0,3036
4116,0,117,2000,500,835,0,0,0,0,0,0,0,0,0,0,-141.60000610351562,1,0,0,0,89,0,0,0,0,0,0,3036
4117,0,118,2000,500,835,0,0,0,0,0,0,0,0,0,0,-141.60000610351562,1,0,0,0,89,0,0,0,0,0,0,3036
4118,0,119,2000,500,835,0,0,0,0,0,0,0,0,0,0,-141.60000610351562,1,0,0,0,89,0,0,0,0,0,0,3036
4119,0,120,2000,500,835,0,0,0,0,0,0,0,0,0,0,-141.60000610351562,1,0,0,0,89,0,0,0,0,0,0,3036
4120,0,121,2000,500,835,0,0,0,0,0,0,0,0,0,0,-141.60000610351562,1,0,0,0,89,0,0,0,0,0,0,3036
4121,0,122,2000,500,835,0,0,0,0,0,0,0,0,0,0,-141.60000610351562,1,0,0,0,89,0,0,0,0,0,0,3036
4122,0,123,2000,500,835,0,0,0,0,0,0,0,0,0,0,-141.60000610351562,1,0,0,0,89,0,0,0,0,0,0,3036
4123,0,124,2000,500,835,0,0,0,0,0,0,0,0,0,0,-141.60000610351562,1,0,0,0,89,0,0,0,0,0,0,3036
4124,0,125,2000,500,835,0,0,0,0,0,0,0,0,0,0,-141.60000610351562,1,0,0,0,89,0,0,0,0,0,0,3036
4125,0,126,2000,500,835,0,0,0,0,0,0,0,0,0,0,-141.60000610351562,1,0,0,0,89,0,0,0,0,0,0,3036
4126,0,127,2000,500,835,0,0,0,0,0,0,0,0,0,0,-141.60000610351562,1,0,0,0,89,0,0,0,0,0,0,3036
4127,0,128,2000,500,835,0,0,0,0,0,0,0,0,0,0,-141.60000610351562,1,0,0,0,89,0,0,0,0,0,0,3036
4128,0,129,2000,500,835,0,0,0,0,0,0,0,0,0,0,-141.60000610351562,1,0,0,0,89,0,0,0,0,0,0,3036
4129,0,130,2000,500,835,0,0,0,0,0,0,0,0,0,0,-141.60000610351562,1,0,0,0,89,0,0,0,0,0,0,3036
4130,0,131,2000,500,835,0,0,0,0,0,0,0,0,0,0,-141.60000610351562,1,0,0,0,89,0,0,0,0,0,0,3036
4131,0,132,2000,500,835,0,0,0,0,0,0,0,0,0,0,-141.60000610351562,1,0,0,0,89,0,0,0,0,0,0,3036
4132,0,133,2000,500,835,0,0,0,0,0,0,0,0,0,0,-141.60000610351562,1,0,0,0,89,0,0,0,0,0,0,3036
4133,0,134,2000,500,835,0,0,0,0,0,0,0,0,0,0,-141.60000610351562,1,0,0,0,89,0,0,0,0,0,0,3036
4134,0,135,2000,500,835,0,0,0,0,0,0,0,0,0,0,-141.60000610351562,1,0,0,0,89,0,0,0,0,0,0,3036
4135,0,136,2000,500,835,0,0,0,0,0,0,0,0,0,0,-141.60000610351562,1,0,0,0,89,0,0,0,0,0,0,3036
4136,0,137,2000,500,835,0,0,0,0,0,0,0,0,0,0,-141.60000610351562,1,0,0,0,89,0,0,0,0,0,0,3036
4137,0,138,2000,500,835,0,0,0,0,0,0,0,0,0,0,-141.60000610351562,1,0,0,0,89,0,0,0,0,0,0,3036
4138,0,139,2000,500,835,0,0,0,0,0,0,0,0,0,0,-141.60000610351562,1,0,0,0,89,0,0,0,0,0,0,3036
4139,0,140,2000,500,835,0,0,0,0,0,0,0,0,0,0,-141.60000610351562,1,0,0,0,89,0,0,0,0,0,0,3036
4140,0,141,2000,500,835,0,0,0,0,0,0,0,0,0,0,-141.60000610351562,1,0,0,0,89,0,0,0,0,0,0,3036
4141,0,142,2000,500,835,0,0,0,0,0,0,0,0,0,0,-141.60000610351562,1,0,0,0,89,0,0,0,0,0,0,3036
4142,0,143,2000,500,835,0,0,0,0,0,0,0,0,0,0,-141.60000610351562,1,0,0,0,89,0,0,0,0,0,0,3036
4143,0,144,2000,500,835,0,0,0,0,0,0,0,0,0,0,-141.60000610351562,1,0,0,0,89,0,0,0,0,0,0,3036
4144,0,145,2000,500,835,0,0,0,0,0,0,0,0,0,0,-141.60000610351562,1,0,0,0,89,0,0,0,0,0,0,3036
4145,0,146,2000,500,835,0,0,0,0,0,0,0,0,0,0,-141.60000610351562,1,0,0,0,89,0,0,0,0,0,0,3036
4146,0,147,2000,500,835,0,0,0,0,0,0,0,0,0,0,-141.60000610351562,1,0,0,0,89,0,0,0,0,0,0,3036
4147,0,148,2000,500,835,0,0,0,0,0,0,0,0,0,0,-141.60000610351562,1,0,0,0,89,0,0,0,0,0,0,3036
4148,0,149,2000,500,835,0,0,0,0,0,0,0,0,0,0,-141.60000610351562,1,0,0,0,89,0,0,0,0,0,0,3036
4149,0,150,2000,500,835,0,0,0,0,0,0,0,0,0,0,-141.60000610351562,1,0,0,0,89,0,0,0,0,0,0,3036
4150,0,151,2000,500,835,0,0,0,0,0,0,0,0,0,0,-141.60000610351562,1,0,0,0,89,0,0,0,0,0,0,3036
4151,0,152,2000,500,835,0,0,0,0,0,0,0,0,0,0,-141.60000610351562,1,0,0,0,89,0,0,0,0,0,0,3036
4152,0,153,2000,500,835,0,0,0,0,0,0,0,0,0,0,-141.60000610351562,1,0,0,0,89,0,0,0,0,0,0,3036
4153,0,154,2000,500,835,0,0,0,0,0,0,0,0,0,0,-141.60000610351562,1,0,0,0,89,0,0,0,0,0,0,3036
4154,0,155,2000,500,835,0,0,0,0,0,0,0,0,0,0,-141.60000610351562,1,0,0,0,89,0,0,0,0,0,0,3036
4155,0,156,2000,500,835,0,0,0,0,0,0,0,0,0,0,-141.60000610351562,1,0,0,0,89,0,0,0,0,0,0,3036
4156,0,157,2000,500,835,0,0,0,0,0,0,0,0,0,0,-141.60000610351562,1,0,0,0,89,0,0,0,0,0,0,3036
4157,0,158,2000,500,835,0,0,0,0,0,0,0,0,0,0,-141.60000610351562,1,0,0,0,89,0,0,0,0,0,0,3036
4158,0,159,2000,500,835,0,0,0,0,0,0,0,0,0,0,-141.60000610351562,1,0,0,0,89,0,0,0,0,0,0,3036
4159,0,160,2000,500,835,0,0,0,0,0,0,0,0,0,0,-141.60000610351562,1,0,0,0,89,0,0,0,0,0,0,3036
4160,0,161,2000,500,835,0,0,0,0,0,0,0,0,0,0,-141.60000610351562,1,0,0,0,89,0,0,0,0,0,0,3036
4161,0,162,2000,500,835,0,0,0,0,0,0,0,0,0,0,-141.60000610351562,1,0,0,0,89,0,0,0,0,0,0,3036
4162,0,163,2000,500,835,0,0,0,0,0,0,0,0,0,0,-141.60000610351562,1,0,0,0,89,0,0,0,0,0,0,3036
4163,0,164,2000,500,835,0,0,0,0,0,0,0,0,0,0,-141.60000610351562,1,0,0,0,89,0,0,0,0,0,0,3036
4164,0,165,2000,500,835,0,0,0,0,0,0,0,0,0,0,-141.60000610351562,1,0,0,0,89,0,0,0,0,0,0,3036
4165,0,166,2000,500,835,0,0,0,0,0,0,0,0,0,0,-141.60000610351562,1,0,0,0,89,0,0,0,0,0,0,3036
4166,0,167,2000,500,835,0,0,0,0,0,0,0,0,0,0,-141.60000610351562,1,0,0,0,89,0,0,0,0,0,0,3036
4167,0,168,2000,500,835,0,0,0,0,0,0,0,0,0,0,-141.60000610351562,1,0,0,0,89,0,0,0,0,0,0,3036
4168,0,169,2000,500,835,0,0,0,0,0,0,0,0,0,0,-141.60000610351562,1,0,0,0,89,0,0,0,0,0,0,3036
4169,0,170,2000,500,835,0,0,0,0,0,0,0,0,0,0,-141.60000610351562,1,0,0,0,89,0,0,0,0,0,0,3036
4170,0,171,2000,500,835,0,0,0,0,0,0,0,0,0,0,-141.60000610351562,1,0,0,0,89,0,0,0,0,0,0,3036
4171,0,172,2000,500,835,0,0,0,0,0,0,0,0,0,0,-141.60000610351562,1,0,0,0,89,0,0,0,0,0,0,3036
4172,0,173,2000,500,835,0,0,0,0,0,0,0,0,0,0,-141.60000610351562,1,0,0,0,89,0,0,0,0,0,0,3036
4173,0,174,2000,500,835,0,0,0,0,0,0,0,0,0,0,-141.60000610351562,1,0,0,0,89,0,0,0,0,0,0,3036
4174,0,175,2000,500,835,0,0,0,0,0,0,0,0,0,0,-141.60000610351562,1,0,0,0,89,0,0,0,0,0,0,3036
4175,0,176,2000,500,835,0,0,0,0,0,0,0,0,0,0,-141.60000610351562,1,0,0,0,89,0,0,0,0,0,0,3036
4176,0,177,2000,500,835,0,0,0,0,0,0,0,0,0,0,-141.60000610351562,1,0,0,0,89,0,0,0,0,0,0,3036
4177,0,178,2000,500,835,0,0,0,0,0,0,0,0,0,0,-141.60000610351562,1,0,0,0,89,0,0,0,0,0,0,3036
4178,0,179,2000,500,835,0,0,0,0,0,0,0,0,0,0,-141.60000610351562,1,0,0,0,89,0,0,0,0,0,0,3036
4179,0,180,2000,500,835,0,0,0,0,0,0,0,0,0,0,-141.60000610351562,1,0,0,0,89,0,0,0,0,0,0,3036
4180,0,181,2000,500,835,0,0,0,0,0,0,0,0,0,0,-141.60000610351562,1,0,0,0,89,0,0,0,0,0,0,3036
4181,0,182,2000,500,835,0,0,0,0,0,0,0,0,0,0,-141.60000610351562,1,0,0,0,89,0,0,0,0,0,0,3036
4182,0,183,2000,500,835,0,0,0,0,0,0,0,0,0,0,-141.60000610351562,1,0,0,0,89,0,0,0,0,0,0,3036
4183,0,184,2000,500,835,0,0,0,0,0,0,0,0,0,0,-141.60000610351562,1,0,0,0,89,0,0,0,0,0,0,3036
4184,0,185,2000,500,835,0,0,0,0,0,0,0,0,0,0,-141.60000610351562,1,0,0,0,89,0,0,0,0,0,0,3036
4185,0,186,2000,500,835,0,0,0,0,0,0,0,0,0,0,-141.60000610351562,1,0,0,0,89,0,0,0,0,0,0,3036
4186,0,187,2000,500,835,0,0,0,0,0,0,0,0,0,0,-141.60000610351562,1,0,0,0,89,0,0,0,0,0,0,3036
4187,0,188,2000,500,835,0,0,0,0,0,0,0,0,0,0,-141.60000610351562,1,0,0,0,89,0,0,0,0,0,0,3036
4188,0,189,2000,500,835,0,0,0,0,0,0,0,0,0,0,-141.60000610351562,1,0,0,0,89,0,0,0,0,0,0,3036
4189,0,190,2000,500,835,0,0,0,0,0,0,0,0,0,0,-141.60000610351562,1,0,0,0,89,0,0,0,0,0,0,3036
4190,0,191,2000,500,835,0,0,0,0,0,0,0,0,0,0,-141.60000610351562,1,0,0,0,89,0,0,0,0,0,0,3036
4191,0,192,2000,500,835,0,0,0,0,0,0,0,0,0,0,-141.60000610351562,1,0,0,0,89,0,0,0,0,0,0,3036
4192,0,193,2000,500,835,0,0,0,0,0,0,0,0,0,0,-141.60000610351562,1,0,0,0,89,0,0,0,0,0,0,3036
4193,0,194,2000,500,835,0,0,0,0,0,0,0,0,0,0,-141.60000610351562,1,0,0,0,89,0,0,0,0,0,0,3036
4194,0,195,2000,500,835,0,0,0,0,0,0,0,0,0,0,-141.60000610351562,1,0,0,0,89,0,0,0,0,0,0,3036
4195,0,196,2000,500,835,0,0,0,0,0,0,0,0,0,0,-141.60000610351562,1,0,0,0,89,0,0,0,0,0,0,3036
4196,0,197,2000,500,835,0,0,0,0,0,0,0,0,0,0,-141.60000610351562,1,0,0,0,89,0,0,0,0,0,0,3036
4197,0,198,2000,500,835,0,0,0,0,0,0,0,0,0,0,-141.60000610351562,1,0,0,0,89,0,0,0,0,0,0,3036
4198,0,199,2000,500,835,0,0,0,0,0,0,0,0,0,0,-141.60000610351562,1,0,0,0,89,0,0,0,0,0,0,3036
4199,0,200,2000,500,835,0,0,0,0,0,0,0,0,0,0,-141.60000610351562,1,0,0,0,89,0,0,0,0,0,0,3036
4200,0,201,2000,500,835,0,0,0,0,0,0,0,0,0,0,-141.60000610351562,1,0,0,0,89,0,0,0,0,0,0,3036
4201,0,202,2000,500,835,0,0,0,0,0,0,0,0,0,0,-141.60000610351562,1,0,0,0,89,0,0,0,0,0,0,3036
4202,0,203,2000,500,835,0,0,0,0,0,0,0,0,0,0,-141.60000610351562,1,0,0,0,89,0,0,0,0,0,0,3036
4203,0,204,2000,500,835,0,0,0,0,0,0,0,0,0,0,-141.60000610351562,1,0,0,0,89,0,0,0,0,0,0,3036
4204,0,205,2000,500,835,0,0,0,0,0,0,0,0,0,0,-141.60000610351562,1,0,0,0,89,0,0,0,0,0,0,3036
4205,0,206,2000,500,835,0,0,0,0,0,0,0,0,0,0,-141.60000610351562,1,0,0,0,89,0,0,0,0,0,0,3036
4206,0,207,2000,500,835,0,0,0,0,0,0,0,0,0,0,-141.60000610351562,1,0,0,0,89,0,0,0,0,0,0,3036
4207,0,208,2000,500,835,0,0,0,0,0,0,0,0,0,0,-141.60000610351562,1,0,0,0,89,0,0,0,0,0,0,3036
4208,0,209,2000,500,835,0,0,0,0,0,0,0,0,0,0,-141.60000610351562,1,0,0,0,89,0,0,0,0,0,0,3036
4209,0,210,2000,500,835,0,0,0,0,0,0,0,0,0,0,-141.60000610351562,1,0,0,0,89,0,0,0,0,0,0,3036
4210,0,1,3000,500,1000,0,0,0,0,0,0,0,0,0,0,-64,-1,0,0,0,89,0,0,0,0,0,0,1000
4211,0,2,3000,500,1000,0,0,0,0,0,0,0,0,0,0,-64,-1,0,0,0,89,0,0,0,0,0,0,1000
4212,0,3,3000,500,1000,0,0,0,0,0,0,0,0,0,0,-64,-1,0,0,0,89,0,0,0,0,0,0,1000
4213,0,4,3000,500,1000,0,0,0,0,0,0,0,0,0,0,-64,-1,0,0,0,89,0,0,0,0,0,0,1000
4214,0,5,3000,500,1000,0,0,0,0,0,0,0,0,0,0,-64,-1,0,0,0,89,0,0,0,0,0,0,1000
4215,0,6,3000,500,1000,0,0,0,0,0,0,0,0,0,0,-64,-1,0,0,0,89,0,0,0,0,0,0,1000
4216,0,7,3000,500,1000,0,0,0,0,0,0,0,0,0,0,-64,-1,0,0,0,89,0,0,0,0,0,0,1000
4217,0,8,3000,500,1000,0,0,0,0,0,0,0,0,0,0,-64,-1,0,0,0,89,0,0,0,0,0,0,1000
4218,0,9,3000,500,1000,0,0,0,0,0,0,0,0,0,0,-64,-1,0,0,0,89,0,0,0,0,0,0,1000
4219,10,1,3000,500,1000,0,0,0,0,0,0,0,0,0,0,-64,-1,0,0,0,89,0,0,0,0,0,0,1000
4220,10,2,3000,500,1000,0,0,0,0,0,0,0,0,0,0,-64,-1,0,0,0,89,0,0,0,0,0,0,1000
4221,10,3,3000,500,1000,0,0,0,0,0,0,0,0,0,0,-64,-1,0,0,0,89,0,0,0,0,0,0,1000
4222,10,4,3000,500,1000,0,0,0,0,0,0,0,0,0,0,-64,-1,0,0,0,89,0,0,0,0,0,0,1000
4223,10,5,3000,500,1000,0,0,0,0,0,0,0,0,0,0,-64,-1,0,0,0,89,0,0,0,0,0,0,1000
4224,10,6,3000,500,1000,0,0,0,0,0,0,0,0,0,0,-64,-1,0,0,0,89,0,0,0,0,0,0,1000
4225,12,1,3000,500,1000,0,0,0,0,0,0,0,0,0,0,-64,-1,0,0,0,89,0,0,0,0,0,0,1000
4226,20,1,3000,500,1000,0,0,0,0,0,0,0,0,0,0,-65.8499984741211,-1,0,0,0,89,0,0,0,0,0,0,1000
4227,20,2,3000,500,1000,0,0,0,0,0,0,0,0,0,0,-67.69999694824219,-1,0,0,0,89,0,0,0,0,0,0,1000
4228,10,1,3000,500,1000,0,0,0,0,0,0,0,0,0,0,-67.69999694824219,-1,0,0,0,89,0,0,0,0,0,0,1000
4229,10,2,3000,500,1000,0,0,0,0,0,0,0,0,0,0,-67.69999694824219,-1,0,0,0,89,0,0,0,0,0,0,1000
4230,10,3,3000,500,1000,0,0,0,0,0,0,0,0,0,0,-67.69999694824219,-1,0,0,0,89,0,0,0,0,0,0,1000
4231,10,4,3000,500,1000,0,0,0,0,0,0,0,0,0,0,-67.69999694824219,-1,0,0,0,89,0,0,0,0,0,0,1000
4232,10,5,3000,500,1000,0,0,0,0,0,0,0,0,0,0,-67.69999694824219,-1,0,0,0,89,0,0,0,0,0,0,1000
4233,10,6,3000,500,1000,0,0,0,0,0,0,0,0,0,0,-67.69999694824219,-1,0,0,0,89,0,0,0,0,0,0,1000
4234,10,7,3000,500,1000,0,0,0,0,0,0,0,0,0,0,-67.69999694824219,-1,0,0,0,89,0,0,0,0,0,0,1000
4235,10,8,3000,500,1000,0,0,0,0,0,0,0,0,0,0,-67.69999694824219,-1,0,0,0,89,0,0,0,0,0,0,1000
4236,10,9,3000,500,1000,0,0,0,0,0,0,0,0,0,0,-67.69999694824219,-1,0,0,0,89,0,0,0,0,0,0,1000
4237,3500,1,2000,500,1000,0,0,0,0,0,0,0,0,0,0,-67.69999694824219,-1,0,0,0,89,0,0,0,0,0,0,1000
4238,3500,2,2000,500,1000,0,0,0,0,0,0,0,0,0,0,-67.69999694824219,-1,0,0,0,89,0,0,0,0,0,0,1000
4239,3500,3,2000,500,1000,0,0,0,0,0,0,0,0,0,0,-67.69999694824219,-1,0,0,0,89,0,0,0,0,0,0,1000
4240,3500,4,2000,500,1000,0,0,0,0,0,0,0,0,0,0,-67.69999694824219,-1,0,0,0,89,0,0,0,0,0,0,1000
4241,3500,5,2000,500,1000,0,0,0,0,0,0,0,0,0,0,-67.69999694824219,-1,0,0,0,89,0,0,0,0,0,0,1000
4242,3500,6,2000,500,1000,0,0,0,0,0,0,0,0,0,0,-67.69999694824219,-1,0,0,0,89,0,0,0,0,0,0,1000
4243,3500,7,2000,500,1000,0,0,0,0,0,0,0,0,0,0,-67.69999694824219,-1,0,0,0,89,0,0,0,0,0,0,1000
4244,3500,7,2000,500,977,0,0,0,0,0,0,0,0,0,0,-67.69999694824219,-1,0,0,0,89,0,0,0,0,0,0,1018
4245,3500,7,2000,500,977,0,0,0,0,0,0,0,0,0,0,-67.69999694824219,-1,0,0,0,89,0,0,0,0,0,0,1018
4246,3500,7,2000,500,977,0,0,0,0,0,0,0,0,0,0,-67.69999694824219,-1,0,0,0,89,0,0,0,0,0,0,1018
4247,3500,7,2000,500,977,0,0,0,0,0,0,0,0,0,0,-67.69999694824219,-1,0,0,0,89,0,0,0,0,0,0,1018
4248,3500,7,2000,500,977,0,0,0,0,0,0,0,0,0,0,-67.69999694824219,-1,0,0,0,89,0,0,0,0,0,0,1018
4249,3500,7,2000,500,977,0,0,0,0,0,0,0,0,0,0,-67.69999694824219,-1,0,0,0,89,0,0,0,0,0,0,1018
4250,3500,8,2000,500,977,0,0,0,0,0,0,0,0,0,0,-67.69999694824219,-1,0,0,0,89,0,0,0,0,0,0,1018
4251,3500,9,2000,500,977,0,0,0,0,0,0,0,0,0,0,-67.69999694824219,-1,0,0,0,89,0,0,0,0,0,0,1018
4252,3500,10,2000,500,977,0,0,0,0,0,0,0,0,0,0,-67.69999694824219,-1,0,0,0,89,0,0,0,0,0,0,1018
4253,3500,11,2000,500,977,0,0,0,0,0,0,0,0,0,0,-67.69999694824219,-1,0,0,0,89,0,0,0,0,0,0,1018
4254,3500,12,2000,500,977,0,0,0,0,0,0,0,0,0,0,-67.69999694824219,-1,0,0,0,89,0,0,0,0,0,0,1018
4255,3500,13,2000,500,977,0,0,0,0,0,0,0,0,0,0,-67.69999694824219,-1,0,0,0,89,0,0,0,0,0,0,1018
4256,3500,13,2000,500,954,0,0,0,0,0,0,0,0,0,0,-67.69999694824219,-1,0,0,0,89,0,0,0,0,0,0,2036
4257,3500,13,2000,500,954,0,0,0,0,0,0,0,0,0,0,-67.69999694824219,-1,0,0,0,89,0,0,0,0,0,0,2036
4258,3500,13,2000,500,954,0,0,0,0,0,0,0,0,0,0,-67.69999694824219,-1,0,0,0,89,0,0,0,0,0,0,2036
4259,3500,13,2000,500,954,0,0,0,0,0,0,0,0,0,0,-67.69999694824219,-1,0,0,0,89,0,0,0,0,0,0,2036
4260,3500,13,2000,500,954,0,0,0,0,0,0,0,0,0,0,-67.69999694824219,-1,0,0,0,89,0,0,0,0,0,0,2036
4261,3500,13,2000,500,954,0,0,0,0,0,0,0,0,0,0,-67.69999694824219,-1,0,0,0,89,0,0,0,0,0,0,2036
4262,3500,14,2000,500,954,0,0,0,0,0,0,0,0,0,0,-67.69999694824219,-1,0,0,0,89,0,0,0,0,0,0,2036
4263,3500,15,2000,500,954,0,0,0,0,0,0,0,0,0,0,-67.69999694824219,-1,0,0,0,89,0,0,0,0,0,0,2036
4264,3500,16,2000,500,954,0,0,0,0,0,0,0,0,0,0,-67.69999694824219,-1,0,0,0,89,0,0,0,0,0,0,2036
4265,3500,17,2000,500,954,0,0,0,0,0,0,0,0,0,0,-67.69999694824219,-1,0,0,0,89,0,0,0,0,0,0,2036
4266,3500,18,2000,500,954,0,0,0,0,0,0,0,0,0,0,-67.69999694824219,-1,0,0,0,89,0,0,0,0,0,0,2036
4267,3500,19,2000,500,954,0,0,0,0,0,0,0,0,0,0,-67.69999694824219,-1,0,0,0,89,0,0,0,0,0,0,2036
4268,3500,19,2000,500,931,0,0,0,0,0,0,0,0,0,0,-67.69999694824219,-1,0,0,0,89,0,0,0,0,0,0,3054
4269,3500,19,2000,500,931,0,0,0,0,0,0,0,0,0,0,-67.69999694824219,-1,0,0,0,89,0,0,0,0,0,0,3054
4270,3500,19,2000,500,931,0,0,0,0,0,0,0,0,0,0,-67.69999694824219,-1,0,0,0,89,0,0,0,0,0,0,3054
4271,3500,19,2000,500,931,0,0,0,0,0,0,0,0,0,0,-67.69999694824219,-1,0,0,0,89,0,0,0,0,0,0,3054
4272,3500,19,2000,500,931,0,0,0,0,0,0,0,0,0,0,-67.69999694824219,-1,0,0,0,89,0,0,0,0,0,0,3054
4273,3500,19,2000,500,931,0,0,0,0,0,0,0,0,0,0,-67.69999694824219,-1,0,0,0,89,0,0,0,0,0,0,3054
4274,3500,20,2000,500,931,0,0,0,0,0,0,0,0,0,0,-67.69999694824219,-1,0,0,0,89,0,0,0,0,0,0,3054
4275,3500,21,2000,500,931,0,0,0,0,0,0,0,0,0,0,-67.69999694824219,-1,0,0,0,89,0,0,0,0,0,0,3054
4276,3500,22,2000,500,931,0,0,0,0,0,0,0,0,0,0,-67.69999694824219,-1,0,0,0,89,0,0,0,0,0,0,3054
4277,3500,23,2000,500,931,0,0,0,0,0,0,0,0,0,0,-67.69999694824219,-1,0,0,0,89,0,0,0,0,0,0,3054
4278,3500,24,2000,500,931,0,0,0,0,0,0,0,0,0,0,-67.69999694824219,-1,0,0,0,89,0,0,0,0,0,0,3054
4279,3500,25,2000,500,931,0,0,0,0,0,0,0,0,0,0,-67.69999694824219,-1,0,0,0,89,0,0,0,0,0,0,3054
4280,3500,25,2000,500,908,0,0,0,0,0,0,0,0,0,0,-67.69999694824219,-1,0,0,0,89,0,0,0,0,0,0,4072
4281,3500,25,2000,500,908,0,0,0,0,0,0,0,0,0,0,-67.69999694824219,-1,0,0,0,89,0,0,0,0,0,0,4072
4282,3500,25,2000,500,908,0,0,0,0,0,0,0,0,0,0,-67.69999694824219,-1,0,0,0,89,0,0,0,0,0,0,4072
4283,3500,25,2000,500,908,0,0,0,0,0,0,0,0,0,0,-67.69999694824219,-1,0,0,0,89,0,0,0,0,0,0,4072
4284,3500,25,2000,500,908,0,0,0,0,0,0,0,0,0,0,-67.69999694824219,-1,0,0,0,89,0,0,0,0,0,0,4072
4285,3500,25,2000,500,908,0,0,0,0,0,0,0,0,0,0,-67.69999694824219,-1,0,0,0,89,0,0,0,0,0,0,4072
4286,3500,26,2000,500,908,0,0,0,0,0,0,0,0,0,0,-67.69999694824219,-1,0,0,0,89,0,0,0,0,0,0,4072
4287,3500,27,2000,500,908,0,0,0,0,0,0,0,0,0,0,-67.69999694824219,-1,0,0,0,89,0,0,0,0,0,0,4072
4288,3500,28,2000,500,908,0,0,0,0,0,0,0,0,0,0,-67.69999694824219,-1,0,0,0,89,0,0,0,0,0,0,4072
4289,3500,29,2000,500,908,0,0,0,0,0,0,0,0,0,0,-67.69999694824219,-1,0,0,0,89,0,0,0,0,0,0,4072
4290,3500,30,2000,500,908,0,0,0,0,0,0,0,0,0,0,-67.69999694824219,-1,0,0,0,89,0,0,0,0,0,0,4072
4291,3500,31,2000,500,908,0,0,0,0,0,0,0,0,0,0,-67.69999694824219,-1,0,0,0,89,0,0,0,0,0,0,4072
4292,3500,31,2000,500,885,0,0,0,0,0,0,0,0,0,0,-67.69999694824219,-1,0,0,0,89,0,0,0,0,0,0,5000
4293,3500,31,2000,500,885,0,0,0,0,0,0,0,0,0,0,-67.69999694824219,-1,0,0,0,89,0,0,0,0,0,0,5000
4294,3500,31,2000,500,885,0,0,0,0,0,0,0,0,0,0,-67.69999694824219,-1,0,0,0,89,0,0,0,0,0,0,5000
4295,3500,31,2000,500,885,0,0,0,0,0,0,0,0,0,0,-67.69999694824219,-1,0,0,0,89,0,0,0,0,0,0,5000
4296,3500,31,2000,500,885,0,0,0,0,0,0,0,0,0,0,-67.69999694824219,-1,0,0,0,89,0,0,0,0,0,0,5000
4297,3500,31,2000,500,885,0,0,0,0,0,0,0,0,0,0,-67.69999694824219,-1,0,0,0,89,0,0,0,0,0,0,5000
4298,3500,32,2000,500,885,0,0,0,0,0,0,0,0,0,0,-67.69999694824219,-1,0,0,0,89,0,0,0,0,0,0,5000
4299,3500,33,2000,500,885,0,0,0,0,0,0,0,0,0,0,-67.69999694824219,-1,0,0,0,89,0,0,0,0,0,0,5000
4300,3500,34,2000,500,885,0,0,0,0,0,0,0,0,0,0,-67.69999694824219,-1,0,0,0,89,0,0,0,0,0,0,5000
4301,3500,35,2000,500,885,0,0,0,0,0,0,0,0,0,0,-67.69999694824219,-1,0,0,0,89,0,0,0,0,0,0,5000
4302,3500,36,2000,500,885,0,0,0,0,0,0,0,0,0,0,-67.69999694824219,-1,0,0,0,89,0,0,0,0,0,0,5000
4303,3500,37,2000,500,885,0,0,0,0,0,0,0,0,0,0,-67.69999694824219,-1,0,0,0,89,0,0,0,0,0,0,5000
4304,3500,37,2000,500,862,0,0,0,0,0,0,0,0,0,0,-67.69999694824219,-1,0,0,0,89,0,0,0,0,0,0,5000
4305,3500,37,2000,500,862,0,0,0,0,0,0,0,0,0,0,-67.69999694824219,-1,0,0,0,89,0,0,0,0,0,0,5000
4306,3500,37,2000,500,862,0,0,0,0,0,0,0,0,0,0,-67.69999694824219,-1,0,0,0,89,0,0,0,0,0,0,5000
4307,3500,37,2000,500,862,0,0,0,0,0,0,0,0,0,0,-67.69999694824219,-1,0,0,0,89,0,0,0,0,0,0,5000
4308,3500,37,2000,500,862,0,0,0,0,0,0,0,0,0,0,-67.69999694824219,-1,0,0,0,89,0,0,0,0,0,0,5000
4309,3500,37,2000,500,862,0,0,0,0,0,0,0,0,0,0,-67.69999694824219,-1,0,0,0,89,0,0,0,0,0,0,5000
4310,3500,38,2000,500,862,0,0,0,0,0,0,0,0,0,0,-67.69999694824219,-1,0,0,0,89,0,0,0,0,0,0,5000
4311,3500,39,2000,500,862,0,0,0,0,0,0,0,0,0,0,-67.69999694824219,-1,0,0,0,89,0,0,0,0,0,0,5000
4312,3500,40,2000,500,862,0,0,0,0,0,0,0,0,0,0,-67.69999694824219,-1,0,0,0,89,0,0,0,0,0,0,5000
4313,3500,41,2000,500,862,0,0,0,0,0,0,0,0,0,0,-67.69999694824219,-1,0,0,0,89,0,0,0,0,0,0,5000
4314,3500,42,2000,500,862,0,0,0,0,0,0,0,0,0,0,-67.69999694824219,-1,0,0,0,89,0,0,0,0,0,0,5000
4315,3500,43,2000,500,862,0,0,0,0,0,0,0,0,0,0,-67.69999694824219,-1,0,0,0,89,0,0,0,0,0,0,5000
4316,3500,44,2000,500,862,0,0,0,0,0,0,0,0,0,0,-67.69999694824219,-1,0,0,0,89,0,0,0,0,0,0,5000
4317,3500,45,2000,500,862,0,0,0,0,0,0,0,0,0,0,-67.69999694824219,-1,0,0,0,89,0,0,0,0,0,0,5000
4318,3500,45,2000,500,812,0,0,0,0,0,0,0,0,0,0,-67.69999694824219,-1,0,0,0,89,0,0,0,0,0,0,5000
4319,3500,45,2000,500,812,0,0,0,0,0,0,0,0,0,0,-67.69999694824219,-1,0,0,0,89,0,0,0,0,0,0,5000
4320,3500,45,2000,500,812,0,0,0,0,0,0,0,0,0,0,-67.69999694824219,-1,0,0,0,89,0,0,0,0,0,0,5000
4321,3500,45,2000,500,812,0,0,0,0,0,0,0,0,0,0,-67.69999694824219,-1,0,0,0,89,0,0,0,0,0,0,5000
4322,3500,45,2000,500,812,0,0,0,0,0,0,0,0,0,0,-67.69999694824219,-1,0,0,0,89,0,0,0,0,0,0,5000
4323,3500,45,2000,500,812,0,0,0,0,0,0,0,0,0,0,-67.69999694824219,-1,0,0,0,89,0,0,0,0,0,0,5000
4324,3500,46,2000,500,812,0,0,0,0,0,0,0,0,0,0,-67.69999694824219,-1,0,0,0,89,0,0,0,0,0,0,5000
4325,3500,47,2000,500,812,0,0,0,0,0,0,0,0,0,0,-67.69999694824219,-1,0,0,0,89,0,0,0,0,0,0,5000
4326,3500,48,2000,500,812,0,0,0,0,0,0,0,0,0,0,-67.69999694824219,-1,0,0,0,89,0,0,0,0,0,0,5000
4327,3500,49,2000,500,812,0,0,0,0,0,0,0,0,0,0,-63.70000076293945,-1,0,0,0,89,0,0,0,0,0,0,5000
4328,3500,50,2000,500,812,0,0,0,0,0,0,0,0,0,0,-59.70000076293945,-1,0,0,0,85,0,0,0,0,0,0,5000
4329,3500,51,2000,500,812,0,0,0,0,0,0,0,0,0,0,-55.70000076293945,-1,0,0,0,81,0,0,0,0,0,0,5000
4330,3500,52,2000,500,812,0,0,0,0,0,0,0,0,0,0,-51.70000076293945,-1,0,0,0,77,0,0,0,0,0,0,5000
4331,3500,53,2000,500,812,0,0,0,0,0,0,0,0,0,0,-47.70000076293945,-1,0,0,0,73,0,0,0,0,0,0,5000
4332,3500,54,2000,500,812,0,0,0,0,0,0,0,0,0,0,-43.70000076293945,-1,0,0,0,69,0,0,0,0,0,0,5000
4333,3500,55,2000,500,812,0,0,0,0,0,0,0,0,0,0,-39.70000076293945,-1,0,0,0,65,0,0,0,0,0,0,5000
4334,3500,56,2000,500,812,0,0,0,0,0,0,0,0,0,0,-35.70000076293945,-1,0,0,0,61,0,0,0,0,0,0,5000
4335,3500,57,2000,500,812,0,0,0,0,0,0,0,0,0,0,-31.700000762939453,-1,0,0,0,57,0,0,0,0,0,0,5000
4336,3500,58,2000,500,812,0,0,0,0,0,0,0,0,0,0,-27.700000762939453,-1,0,0,0,53,0,0,0,0,0,0,5000
4337,0,1,2000,500,812,0,0,0,0,0,0,0,0,0,0,-23.700000762939453,-1,0,0,0,49,0,0,0,0,0,0,5000
4338,0,2,2000,500,812,0,0,0,0,0,0,0,0,0,0,-19.700000762939453,-1,0,0,0,45,0,0,0,0,0,0,5000
4339,0,3,2000,500,812,0,0,0,0,0,0,0,0,0,0,-15.700000762939453,-1,0,0,0,41,0,0,0,0,0,0,5000
4340,0,4,2000,500,812,0,0,0,0,0,0,0,0,0,0,-11.700000762939453,-1,0,0,0,37,0,0,0,0,0,0,5000
4341,0,5,2000,500,812,0,0,0,0,0,0,0,0,0,0,-7.700000762939453,-1,0,0,0,33,0,0,0,0,0,0,5000
4342,0,6,2000,500,812,0,0,0,0,0,0,0,0,0,0,-3.700000762939453,-1,0,0,0,29,0,0,0,0,0,0,5000
4343,0,7,2000,500,812,0,0,0,0,0,0,0,0,0,0,0.2999992370605469,-1,0,0,0,25,0,0,0,0,0,0,5000
4344,0,8,2000,500,812,0,0,0,0,0,0,0,0,0,0,4.299999237060547,-1,0,0,0,21,0,0,0,0,0,0,5000
4345,0,9,2000,500,812,0,0,0,0,0,0,0,0,0,0,8.299999237060547,-1,0,0,0,17,0,0,0,0,0,0,5000
4346,0,10,2000,500,812,0,0,0,0,0,0,0,0,0,0,12.299999237060547,-1,0,0,0,13,0,0,0,0,0,0,5000
4347,0,11,2000,500,812,0,0,0,0,0,0,0,0,0,0,16.299999237060547,-1,0,0,0,9,0,0,0,0,0,0,5000
4348,0,12,2000,500,812,0,0,0,0,0,0,0,0,0,0,20.299999237060547,-1,0,0,0,5,0,0,0,0,0,0,5000
4349,0,13,2000,500,812,0,0,0,0,0,0,0,0,0,0,24.299999237060547,-1,0,0,0,1,0,0,0,0,0,0,5000
4350,0,14,2000,500,812,0,0,0,0,0,0,0,0,0,0,28.299999237060547,-1,0,0,0,-3,0,0,0,0,0,0,5000
4351,0,15,2000,500,812,0,0,0,0,0,0,0,0,0,0,32.29999923706055,-1,0,0,0,-7,0,0,0,0,0,0,5000
4352,0,16,2000,500,812,0,0,0,0,0,0,0,0,0,0,36.29999923706055,-1,0,0,0,-11,0,0,0,0,0,0,5000
4353,0,17,2000,500,812,0,0,0,0,0,0,0,0,0,0,40.29999923706055,-1,0,0,0,-15,0,0,0,0,0,0,5000
4354,0,18,2000,500,812,0,0,0,0,0,0,0,0,0,0,44.29999923706055,-1,0,0,0,-19,0,0,0,0,0,0,5000
4355,0,19,2000,500,812,0,0,0,0,0,0,0,0,0,0,48.29999923706055,-1,0,0,0,-23,0,0,0,0,0,0,5000
4356,0,20,2000,500,812,0,0,0,0,0,0,0,0,0,0,52.29999923706055,-1,0,0,0,-27,0,0,0,0,0,0,5000
4357,0,21,2000,500,812,0,0,0,0,0,0,0,0,0,0,56.29999923706055,-1,0,0,0,-31,0,0,0,0,0,0,5000
4358,0,22,2000,500,812,0,0,0,0,0,0,0,0,0,0,60.29999923706055,-1,0,0,0,-35,0,0,0,0,0,0,5000
4359,0,23,2000,500,812,0,0,0,0,0,0,0,0,0,0,64.30000305175781,-1,0,0,0,-39,0,0,0,0,0,0,5000
4360,0,24,2000,500,812,0,0,0,0,0,0,0,0,0,0,68.30000305175781,-1,0,0,0,-43,0,0,0,0,0,0,5000
4361,0,25,2000,500,812,0,0,0,0,0,0,0,0,0,0,72.30000305175781,-1,0,0,0,-47,0,0,0,0,0,0,5000
4362,0,26,2000,500,812,0,0,0,0,0,0,0,0,0,0,76.30000305175781,-1,0,0,0,-51,0,0,0,0,0,0,5000
4363,0,27,2000,500,812,0,0,0,0,0,0,0,0,0,0,80.30000305175781,-1,0,0,0,-55,0,0,0,0,0,0,5000
4364,0,28,2000,500,812,0,0,0,0,0,0,0,0,0,0,84.30000305175781,-1,0,0,0,-59,0,0,0,0,0,0,5000
4365,0,29,2000,500,812,0,0,0,0,0,0,0,0,0,0,88.30000305175781,-1,0,0,0,-63,0,0,0,0,0,0,5000
4366,0,30,2000,500,812,0,0,0,0,0,0,0,0,0,0,92.30000305175781,-1,0,0,0,-67,0,0,0,0,0,0,5000
4367,0,31,2000,500,812,0,0,0,0,0,0,0,0,0,0,96.30000305175781,-1,0,0,0,-71,0,0,0,0,0,0,5000
4368,0,32,2000,500,812,0,0,0,0,0,0,0,0,0,0,100.30000305175781,-1,0,0,0,-75,0,0,0,0,0,0,5000
4369,0,33,2000,500,812,0,0,0,0,0,0,0,0,0,0,104.30000305175781,-1,0,0,0,-79,0,0,0,0,0,0,5000
4370,0,34,2000,500,812,0,0,0,0,0,0,0,0,0,0,108.30000305175781,-1,0,0,0,-83,0,0,0,0,0,0,5000
4371,0,35,2000,500,812,0,0,0,0,0,0,0,0,0,0,112.30000305175781,-1,0,0,0,-87,0,0,0,0,0,0,5000
4372,0,36,2000,500,812,0,0,0,0,0,0,0,0,0,0,112.30000305175781,-1,0,0,0,-91,0,0,0,0,0,0,5000
4373,0,37,2000,500,812,0,0,0,0,0,0,0,0,0,0,112.30000305175781,-1,0,0,0,-91,0,0,0,0,0,0,5000
4374,0,38,2000,500,812,0,0,0,0,0,0,0,0,0,0,112.30000305175781,-1,0,0,0,-91,0,0,0,0,0,0,5000
4375,0,39,2000,500,812,0,0,0,0,0,0,0,0,0,0,112.30000305175781,-1,0,0,0,-91,0,0,0,0,0,0,5000
4376,0,40,2000,500,812,0,0,0,0,0,0,0,0,0,0,112.30000305175781,-1,0,0,0,-91,0,0,0,0,0,0,5000
4377,0,41,2000,500,812,0,0,0,0,0,0,0,0,0,0,112.30000305175781,-1,0,0,0,-91,0,0,0,0,0,0,5000
4378,0,42,2000,500,812,0,0,0,0,0,0,0,0,0,0,112.30000305175781,-1,0,0,0,-91,0,0,0,0,0,0,5000
4379,0,43,2000,500,812,0,0,0,0,0,0,0,0,0,0,112.30000305175781,-1,0,0,0,-91,0,0,0,0,0,0,5000
4380,0,44,2000,500,812,0,0,0,0,0,0,0,0,0,0,115.30000305175781,-1,0,0,0,-91,0,0,0,0,0,0,5000
4381,0,45,2000,500,812,0,0,0,0,0,0,0,0,0,0,116.80000305175781,-1,0,0,0,-94,0,0,0,0,0,0,5000
4382,0,46,2000,500,812,0,0,0,0,0,0,0,0,0,0,118.30000305175781,-1,0,0,0,-95.5,0,0,0,0,0,0,5000
4383,0,47,2000,500,812,0,0,0,0,0,0,0,0,0,0,119.80000305175781,-1,0,0,0,-97,0,0,0,0,0,0,5000
4384,0,48,2000,500,812,0,0,0,0,0,0,0,0,0,0,121.30000305175781,-1,0,0,0,-98.5,0,0,0,0,0,0,5000
4385,0,49,2000,500,812,0,0,0,0,0,0,0,0,0,0,122.80000305175781,-1,0,0,0,-100,0,0,0,0,0,0,5000
4386,0,50,2000,500,812,0,0,0,0,0,0,0,0,0,0,124.30000305175781,-1,0,0,0,-101.5,0,0,0,0,0,0,5000
4387,0,51,2000,500,812,0,0,0,0,0,0,0,0,0,0,125.80000305175781,-1,0,0,0,-103,0,0,0,0,0,0,5000
4388,0,52,2000,500,812,0,0,0,0,0,0,0,0,0,0,127.30000305175781,-1,0,0,0,-104.5,0,0,0,0,0,0,5000
4389,0,53,2000,500,812,0,0,0,0,0,0,0,0,0,0,128.8000030517578,-1,0,0,0,-106,0,0,0,0,0,0,5000
4390,0,54,2000,500,812,0,0,0,0,0,0,0,0,0,0,130.3000030517578,-1,0,0,0,-107.5,0,0,0,0,0,0,5000
4391,0,55,2000,500,812,0,0,0,0,0,0,0,0,0,0,131.8000030517578,-1,0,0,0,-109,0,0,0,0,0,0,5000
4392,0,56,2000,500,812,0,0,0,0,0,0,0,0,0,0,133.3000030517578,-1,0,0,0,-110.5,0,0,0,0,0,0,5000
4393,0,57,2000,500,812,0,0,0,0,0,0,0,0,0,0,134.8000030517578,-1,0,0,0,-112,0,0,0,0,0,0,5000
4394,0,58,2000,500,812,0,0,0,0,0,0,0,0,0,0,136.3000030517578,-1,0,0,0,-113.5,0,0,0,0,0,0,5000
4395,0,59,2000,500,812,0,0,0,0,0,0,0,0,0,0,137.8000030517578,-1,0,0,0,-115,0,0,0,0,0,0,5000
4396,0,60,2000,500,812,0,0,0,0,0,0,0,0,0,0,139.3000030517578,-1,0,0,0,-116.5,0,0,0,0,0,0,5000
4397,0,61,2000,500,812,0,0,0,0,0,0,0,0,0,0,140.8000030517578,-1,0,0,0,-118,0,0,0,0,0,0,5000
4398,0,62,2000,500,812,0,0,0,0,0,0,0,0,0,0,142.3000030517578,-1,0,0,0,-119.5,0,0,0,0,0,0,5000
4399,0,63,2000,500,812,0,0,0,0,0,0,0,0,0,0,143.5500030517578,-1,0,0,0,-121,0,0,0,0,0,0,5000
4400,0,64,2000,500,812,0,0,0,0,0,0,0,0,0,0,144.3000030517578,-1,0,0,0,-122.25,0,0,0,0,0,0,5000
4401,0,65,2000,500,812,0,0,0,0,0,0,0,0,0,0,144.5500030517578,-1,0,0,0,-123,0,0,0,0,0,0,5000
4402,0,66,2000,500,812,0,0,0,0,0,0,0,0,0,0,144.8000030517578,-1,0,0,0,-123.25,0,0,0,0,0,0,5000
4403,0,67,2000,500,812,0,0,0,0,0,0,0,0,0,0,144.8000030517578,-1,0,0,0,-123.5,0,0,0,0,0,0,5000
4404,0,68,2000,500,812,0,0,0,0,0,0,0,0,0,0,144.8000030517578,-1,0,0,0,-123.5,0,0,0,0,0,0,5000
4405,0,69,2000,500,812,0,0,0,0,0,0,0,0,0,0,144.8000030517578,-1,0,0,0,-123.5,0,0,0,0,0,0,5000
4406,0,70,2000,500,812,0,0,0,0,0,0,0,0,0,0,144.8000030517578,-1,0,0,0,-123.5,0,0,0,0,0,0,5000
4407,0,71,2000,500,812,0,0,0,0,0,0,0,0,0,0,144.8000030517578,-1,0,0,0,-123.5,0,0,0,0,0,0,5000
4408,0,72,2000,500,812,0,0,0,0,0,0,0,0,0,0,144.8000030517578,-1,0,0,0,-123.5,0,0,0,0,0,0,5000
4409,0,73,2000,500,812,0,0,0,0,0,0,0,0,0,0,144.8000030517578,-1,0,0,0,-123.5,0,0,0,0,0,0,5000
4410,0,74,2000,500,812,0,0,0,0,0,0,0,0,0,0,144.8000030517578,-1,0,0,0,-123.5,0,0,0,0,0,0,5000
4411,0,75,2000,500,812,0,0,0,0,0,0,0,0,0,0,144.8000030517578,-1,0,0,0,-123.5,0,0,0,0,0,0,5000
4412,0,76,2000,500,812,0,0,0,0,0,0,0,0,0,0,144.8000030517578,-1,0,0,0,-123.5,0,0,0,0,0,0,5000
4413,0,77,2000,500,812,0,0,0,0,0,0,0,0,0,0,144.8000030517578,-1,0,0,0,-123.5,0,0,0,0,0,0,5000
4414,0,78,2000,500,812,0,0,0,0,0,0,0,0,0,0,144.8000030517578,-1,0,0,0,-123.5,0,0,0,0,0,0,5000
4415,0,79,2000,500,812,0,0,0,0,0,0,0,0,0,0,144.8000030517578,-1,0,0,0,-123.5,0,0,0,0,0,0,5000
4416,0,80,2000,500,812,0,0,0,0,0,0,0,0,0,0,144.8000030517578,-1,0,0,0,-123.5,0,0,0,0,0,0,5000
4417,0,81,2000,500,812,0,0,0,0,0,0,0,0,0,0,144.8000030517578,-1,0,0,0,-123.5,0,0,0,0,0,0,5000
4418,0,82,2000,500,812,0,0,0,0,0,0,0,0,0,0,144.8000030517578,-1,0,0,0,-123.5,0,0,0,0,0,0,5000
4419,0,83,2000,500,812,0,0,0,0,0,0,0,0,0,0,144.8000030517578,-1,0,0,0,-123.5,0,0,0,0,0,0,5000
4420,0,84,2000,500,812,0,0,0,0,0,0,0,0,0,0,144.8000030517578,-1,0,0,0,-123.5,0,0,0,0,0,0,5000
4421,0,85,2000,500,812,0,0,0,0,0,0,0,0,0,0,144.8000030517578,-1,0,0,0,-123.5,0,0,0,0,0,0,5000
4422,0,86,2000,500,812,0,0,0,0,0,0,0,0,0,0,144.8000030517578,-1,0,0,0,-123.5,0,0,0,0,0,0,5000
4423,0,87,2000,500,812,0,0,0,0,0,0,0,0,0,0,144.8000030517578,-1,0,0,0,-123.5,0,0,0,0,0,0,5000
4424,0,88,2000,500,812,0,0,0,0,0,0,0,0,0,0,144.8000030517578,-1,0,0,0,-123.5,0,0,0,0,0,0,5000
4425,0,89,2000,500,812,0,0,0,0,0,0,0,0,0,0,144.8000030517578,-1,0,0,0,-123.5,0,0,0,0,0,0,5000
4426,0,90,2000,500,812,0,0,0,0,0,0,0,0,0,0,144.8000030517578,-1,0,0,0,-123.5,0,0,0,0,0,0,5000
4427,0,91,2000,500,812,0,0,0,0,0,0,0,0,0,0,144.8000030517578,-1,0,0,0,-123.5,0,0,0,0,0,0,5000
4428,0,92,2000,500,812,0,0,0,0,0,0,0,0,0,0,144.8000030517578,-1,0,0,0,-123.5,0,0,0,0,0,0,5000
4429,0,93,2000,500,812,0,0,0,0,0,0,0,0,0,0,144.8000030517578,-1,0,0,0,-123.5,0,0,0,0,0,0,5000
4430,0,94,2000,500,812,0,0,0,0,0,0,0,0,0,0,144.8000030517578,-1,0,0,0,-123.5,0,0,0,0,0,0,5000
4431,0,95,2000,500,812,0,0,0,0,0,0,0,0,0,0,144.8000030517578,-1,0,0,0,-123.5,0,0,0,0,0,0,5000
4432,0,96,2000,500,812,0,0,0,0,0,0,0,0,0,0,144.8000030517578,-1,0,0,0,-123.5,0,0,0,0,0,0,5000
4433,0,97,2000,500,812,0,0,0,0,0,0,0,0,0,0,144.8000030517578,-1,0,0,0,-123.5,0,0,0,0,0,0,5000
4434,0,98,2000,500,812,0,0,0,0,0,0,0,0,0,0,144.8000030517578,-1,0,0,0,-123.5,0,0,0,0,0,0,5000
4435,0,99,2000,500,812,0,0,0,0,0,0,0,0,0,0,144.8000030517578,-1,0,0,0,-123.5,0,0,0,0,0,0,5000
4436,0,100,2000,500,812,0,0,0,0,0,0,0,0,0,0,144.8000030517578,-1,0,0,0,-123.5,0,0,0,0,0,0,5000
4437,0,101,2000,500,812,0,0,0,0,0,0,0,0,0,0,144.8000030517578,-1,0,0,0,-123.5,0,0,0,0,0,0,5000
4438,0,102,2000,500,812,0,0,0,0,0,0,0,0,0,0,144.8000030517578,-1,0,0,0,-123.5,0,0,0,0,0,0,5000
4439,0,103,2000,500,812,0,0,0,0,0,0,0,0,0,0,144.8000030517578,-1,0,0,0,-123.5,0,0,0,0,0,0,5000
4440,0,104,2000,500,812,0,0,0,0,0,0,0,0,0,0,144.8000030517578,-1,0,0,0,-123.5,0,0,0,0,0,0,5000
4441,0,105,2000,500,812,0,0,0,0,0,0,0,0,0,0,144.8000030517578,-1,0,0,0,-123.5,0,0,0,0,0,0,5000
4442,0,106,2000,500,812,0,0,0,0,0,0,0,0,0,0,144.8000030517578,-1,0,0,0,-123.5,0,0,0,0,0,0,5000
4443,0,107,2000,500,812,0,0,0,0,0,0,0,0,0,0,144.8000030517578,-1,0,0,0,-123.5,0,0,0,0,0,0,5000
4444,0,108,2000,500,812,0,0,0,0,0,0,0,0,0,0,144.8000030517578,-1,0,0,0,-123.5,0,0,0,0,0,0,5000
4445,0,109,2000,500,812,0,0,0,0,0,0,0,0,0,0,144.8000030517578,-1,0,0,0,-123.5,0,0,0,0,0,0,5000
4446,0,110,2000,500,812,0,0,0,0,0,0,0,0,0,0,144.8000030517578,-1,0,0,0,-123.5,0,0,0,0,0,0,5000
4447,0,111,2000,500,812,0,0,0,0,0,0,0,0,0,0,144.8000030517578,-1,0,0,0,-123.5,0,0,0,0,0,0,5000
4448,0,112,2000,500,812,0,0,0,0,0,0,0,0,0,0,144.8000030517578,-1,0,0,0,-123.5,0,0,0,0,0,0,5000
4449,0,113,2000,500,812,0,0,0,0,0,0,0,0,0,0,144.8000030517578,-1,0,0,0,-123.5,0,0,0,0,0,0,5000
4450,0,114,2000,500,812,0,0,0,0,0,0,0,0,0,0,144.8000030517578,-1,0,0,0,-123.5,0,0,0,0,0,0,5000
4451,0,115,2000,500,812,0,0,0,0,0,0,0,0,0,0,144.8000030517578,-1,0,0,0,-123.5,0,0,0,0,0,0,5000
4452,0,116,2000,500,812,0,0,0,0,0,0,0,0,0,0,144.8000030517578,-1,0,0,0,-123.5,0,0,0,0,0,0,5000
4453,0,117,2000,500,812,0,0,0,0,0,0,0,0,0,0,144.8000030517578,-1,0,0,0,-123.5,0,0,0,0,0,0,5000
4454,0,118,2000,500,812,0,0,0,0,0,0,0,0,0,0,144.8000030517578,-1,0,0,0,-123.5,0,0,0,0,0,0,5000
4455,0,119,2000,500,812,0,0,0,0,0,0,0,0,0,0,144.8000030517578,-1,0,0,0,-123.5,0,0,0,0,0,0,5000
4456,0,120,2000,500,812,0,0,0,0,0,0,0,0,0,0,144.8000030517578,-1,0,0,0,-123.5,0,0,0,0,0,0,5000
4457,0,121,2000,500,812,0,0,0,0,0,0,0,0,0,0,144.8000030517578,-1,0,0,0,-123.5,0,0,0,0,0,0,5000
4458,0,122,2000,500,812,0,0,0,0,0,0,0,0,0,0,144.8000030517578,-1,0,0,0,-123.5,0,0,0,0,0,0,5000
4459,0,123,2000,500,812,0,0,0,0,0,0,0,0,0,0,144.8000030517578,-1,0,0,0,-123.5,0,0,0,0,0,0,5000
4460,0,124,2000,500,812,0,0,0,0,0,0,0,0,0,0,144.8000030517578,-1,0,0,0,-123.5,0,0,0,0,0,0,5000
4461,0,125,2000,500,812,0,0,0,0,0,0,0,0,0,0,144.8000030517578,-1,0,0,0,-123.5,0,0,0,0,0,0,5000
4462,0,126,2000,500,812,0,0,0,0,0,0,0,0,0,0,144.8000030517578,-1,0,0,0,-123.5,0,0,0,0,0,0,5000
4463,0,127,2000,500,812,0,0,0,0,0,0,0,0,0,0,144.8000030517578,-1,0,0,0,-123.5,0,0,0,0,0,0,5000
4464,0,128,2000,500,812,0,0,0,0,0,0,0,0,0,0,144.8000030517578,-1,0,0,0,-123.5,0,0,0,0,0,0,5000
4465,0,129,2000,500,812,0,0,0,0,0,0,0,0,0,0,144.8000030517578,-1,0,0,0,-123.5,0,0,0,0,0,0,5000
4466,0,130,2000,500,812,0,0,0,0,0,0,0,0,0,0,144.8000030517578,-1,0,0,0,-123.5,0,0,0,0,0,0,5000
4467,0,131,2000,500,812,0,0,0,0,0,0,0,0,0,0,144.8000030517578,-1,0,0,0,-123.5,0,0,0,0,0,0,5000
4468,0,132,2000,500,812,0,0,0,0,0,0,0,0,0,0,144.8000030517578,-1,0,0,0,-123.5,0,0,0,0,0,0,5000
4469,0,133,2000,500,812,0,0,0,0,0,0,0,0,0,0,144.8000030517578,-1,0,0,0,-123.5,0,0,0,0,0,0,5000
4470,0,134,2000,500,812,0,0,0,0,0,0,0,0,0,0,144.8000030517578,-1,0,0,0,-123.5,0,0,0,0,0,0,5000
4471,0,135,2000,500,812,0,0,0,0,0,0,0,0,0,0,144.8000030517578,-1,0,0,0,-123.5,0,0,0,0,0,0,5000
4472,0,136,2000,500,812,0,0,0,0,0,0,0,0,0,0,144.8000030517578,-1,0,0,0,-123.5,0,0,0,0,0,0,5000
4473,0,137,2000,500,812,0,0,0,0,0,0,0,0,0,0,144.8000030517578,-1,0,0,0,-123.5,0,0,0,0,0,0,5000
4474,0,138,2000,500,812,0,0,0,0,0,0,0,0,0,0,144.8000030517578,-1,0,0,0,-123.5,0,0,0,0,0,0,5000
4475,0,139,2000,500,812,0,0,0,0,0,0,0,0,0,0,144.8000030517578,-1,0,0,0,-123.5,0,0,0,0,0,0,5000
4476,0,140,2000,500,812,0,0,0,0,0,0,0,0,0,0,144.8000030517578,-1,0,0,0,-123.5,0,0,0,0,0,0,5000
4477,0,141,2000,500,812,0,0,0,0,0,0,0,0,0,0,144.8000030517578,-1,0,0,0,-123.5,0,0,0,0,0,0,5000
4478,0,142,2000,500,812,0,0,0,0,0,0,0,0,0,0,144.8000030517578,-1,0,0,0,-123.5,0,0,0,0,0,0,5000
4479,0,143,2000,500,812,0,0,0,0,0,0,0,0,0,0,144.8000030517578,-1,0,0,0,-123.5,0,0,0,0,0,0,5000
4480,0,144,2000,500,812,0,0,0,0,0,0,0,0,0,0,144.8000030517578,-1,0,0,0,-123.5,0,0,0,0,0,0,5000
4481,0,145,2000,500,812,0,0,0,0,0,0,0,0,0,0,144.8000030517578,-1,0,0,0,-123.5,0,0,0,0,0,0,5000
4482,0,146,2000,500,812,0,0,0,0,0,0,0,0,0,0,144.8000030517578,-1,0,0,0,-123.5,0,0,0,0,0,0,5000
4483,0,147,2000,500,812,0,0,0,0,0,0,0,0,0,0,144.8000030517578,-1,0,0,0,-123.5,0,0,0,0,0,0,5000
4484,0,148,2000,500,812,0,0,0,0,0,0,0,0,0,0,144.8000030517578,-1,0,0,0,-123.5,0,0,0,0,0,0,5000
4485,0,149,2000,500,812,0,0,0,0,0,0,0,0,0,0,144.8000030517578,-1,0,0,0,-123.5,0,0,0,0,0,0,5000
4486,0,150,2000,500,812,0,0,0,0,0,0,0,0,0,0,144.8000030517578,-1,0,0,0,-123.5,0,0,0,0,0,0,5000
4487,0,151,2000,500,812,0,0,0,0,0,0,0,0,0,0,144.8000030517578,-1,0,0,0,-123.5,0,0,0,0,0,0,5000
4488,0,152,2000,500,812,0,0,0,0,0,0,0,0,0,0,144.8000030517578,-1,0,0,0,-123.5,0,0,0,0,0,0,5000
4489,0,153,2000,500,812,0,0,0,0,0,0,0,0,0,0,144.8000030517578,-1,0,0,0,-123.5,0,0,0,0,0,0,5000
4490,0,154,2000,500,812,0,0,0,0,0,0,0,0,0,0,144.8000030517578,-1,0,0,0,-123.5,0,0,0,0,0,0,5000
4491,0,155,2000,500,812,0,0,0,0,0,0,0,0,0,0,144.8000030517578,-1,0,0,0,-123.5,0,0,0,0,0,0,5000
4492,0,156,2000,500,812,0,0,0,0,0,0,0,0,0,0,144.8000030517578,-1,0,0,0,-123.5,0,0,0,0,0,0,5000
4493,0,157,2000,500,812,0,0,0,0,0,0,0,0,0,0,144.8000030517578,-1,0,0,0,-123.5,0,0,0,0,0,0,5000
4494,0,158,2000,500,812,0,0,0,0,0,0,0,0,0,0,144.8000030517578,-1,0,0,0,-123.5,0,0,0,0,0,0,5000
4495,0,159,2000,500,812,0,0,0,0,0,0,0,0,0,0,144.8000030517578,-1,0,0,0,-123.5,0,0,0,0,0,0,5000
4496,0,160,2000,500,812,0,0,0,0,0,0,0,0,0,0,144.8000030517578,-1,0,0,0,-123.5,0,0,0,0,0,0,5000
4497,0,161,2000,500,812,0,0,0,0,0,0,0,0,0,0,144.8000030517578,-1,0,0,0,-123.5,0,0,0,0,0,0,5000
4498,0,162,2000,500,812,0,0,0,0,0,0,0,0,0,0,144.8000030517578,-1,0,0,0,-123.5,0,0,0,0,0,0,5000
4499,0,163,2000,500,812,0,0,0,0,0,0,0,0,0,0,144.8000030517578,-1,0,0,0,-123.5,0,0,0,0,0,0,5000
4500,0,164,2000,500,812,0,0,0,0,0,0,0,0,0,0,144.8000030517578,-1,0,0,0,-123.5,0,0,0,0,0,0,5000
4501,0,165,2000,500,812,0,0,0,0,0,0,0,0,0,0,144.8000030517578,-1,0,0,0,-123.5,0,0,0,0,0,0,5000
4502,0,166,2000,500,812,0,0,0,0,0,0,0,0,0,0,144.8000030517578,-1,0,0,0,-123.5,0,0,0,0,0,0,5000
4503,0,167,2000,500,812,0,0,0,0,0,0,0,0,0,0,144.8000030517578,-1,0,0,0,-123.5,0,0,0,0,0,0,5000
4504,0,168,2000,500,812,0,0,0,0,0,0,0,0,0,0,144.8000030517578,-1,0,0,0,-123.5,0,0,0,0,0,0,5000
4505,0,169,2000,500,812,0,0,0,0,0,0,0,0,0,0,144.8000030517578,-1,0,0,0,-123.5,0,0,0,0,0,0,5000
4506,0,170,2000,500,812,0,0,0,0,0,0,0,0,0,0,144.8000030517578,-1,0,0,0,-123.5,0,0,0,0,0,0,5000
4507,0,171,2000,500,812,0,0,0,0,0,0,0,0,0,0,144.8000030517578,-1,0,0,0,-123.5,0,0,0,0,0,0,5000
4508,0,172,2000,500,812,0,0,0,0,0,0,0,0,0,0,144.8000030517578,-1,0,0,0,-123.5,0,0,0,0,0,0,5000
4509,0,173,2000,500,812,0,0,0,0,0,0,0,0,0,0,144.8000030517578,-1,0,0,0,-123.5,0,0,0,0,0,0,5000
4510,0,1,3000,500,1000,500,0,0,0,0,0,0,0,0,0,145.00262451171875,-1,0,0,0,-123.5,0,0,0,0,0,0,1000
4511,0,2,3000,500,1000,499,0,0,0,0,0,0,0,0,0,145.00262451171875,-1,0,0,0,-123.5,0,0,0,0,0,0,1000
4512,0,3,3000,500,1000,498,0,0,0,0,0,0,0,0,0,145.00262451171875,-1,0,0,0,-123.5,0,0,0,0,0,0,1000
4513,0,4,3000,500,1000,497,0,0,0,0,0,0,0,0,0,145.00262451171875,-1,0,0,0,-123.5,0,0,0,0,0,0,1000
4514,0,5,3000,500,1000,496,0,0,0,0,0,0,0,0,0,145.00262451171875,-1,0,0,0,-123.5,0,0,0,0,0,0,1000
4515,0,6,3000,500,1000,495,0,0,0,0,0,0,0,0,0,145.00262451171875,-1,0,0,0,-123.5,0,0,0,0,0,0,1000
4516,0,7,3000,500,1000,494,0,0,0,0,0,0,0,0,0,145.00262451171875,-1,0,0,0,-123.5,0,0,0,0,0,0,1000
4517,0,8,3000,500,1000,493,0,0,0,0,0,0,0,0,0,145.00262451171875,-1,0,0,0,-123.5,0,0,0,0,0,0,1000
4518,0,9,3000,500,1000,492,0,0,0,0,0,0,0,0,0,145.00262451171875,-1,0,0,0,-123.5,0,0,0,0,0,0,1000
4519,10,1,3000,500,1000,491,0,0,0,0,0,0,0,0,0,145.00262451171875,-1,0,0,0,-123.5,0,0,0,0,0,0,1000
4520,10,2,3000,500,1000,490,0,0,0,0,0,0,0,0,0,145.00262451171875,-1,0,0,0,-123.5,0,0,0,0,0,0,1000
4521,10,3,3000,500,1000,489,0,0,0,0,0,0,0,0,0,145.00262451171875,-1,0,0,0,-123.5,0,0,0,0,0,0,1000
4522,10,4,3000,500,1000,488,0,0,0,0,0,0,0,0,0,145.00262451171875,-1,0,0,0,-123.5,0,0,0,0,0,0,1000
4523,10,5,3000,500,1000,487,0,0,0,0,0,0,0,0,0,145.00262451171875,-1,0,0,0,-123.5,0,0,0,0,0,0,1000
4524,10,6,3000,500,1000,486,0,0,0,0,0,0,0,0,0,145.00262451171875,-1,0,0,0,-123.5,0,0,0,0,0,0,1000
4525,12,1,3000,500,1000,485,0,0,0,0,0,0,0,0,0,145.00262451171875,-1,0,0,0,-123.5,0,0,0,0,0,0,1000
4526,20,1,3000,500,1000,484,0,0,0,0,0,0,0,0,0,143.75262451171875,-1,0,0,0,-123.5,0,0,0,0,0,0,1000
4527,20,2,3000,500,1000,483,0,0,0,0,0,0,0,0,0,143.75259399414062,-1,0,0,0,-122.25,0,0,0,0,0,0,1000
4528,10,1,3000,500,1000,482,0,0,0,0,0,0,0,0,0,143.75259399414062,-1,0,0,0,-121,0,0,0,0,0,0,1000
4529,10,2,3000,500,1000,481,0,0,0,0,0,0,0,0,0,143.75259399414062,-1,0,0,0,-121,0,0,0,0,0,0,1000
4530,10,3,3000,500,1000,480,0,0,0,0,0,0,0,0,0,143.75259399414062,-1,0,0,0,-121,0,0,0,0,0,0,1000
4531,10,4,3000,500,1000,479,0,0,0,0,0,0,0,0,0,143.75259399414062,-1,0,0,0,-121,0,0,0,0,0,0,1000
4532,10,5,3000,500,1000,478,0,0,0,0,0,0,0,0,0,143.75259399414062,-1,0,0,0,-121,0,0,0,0,0,0,1000
4533,10,6,3000,500,1000,477,0,0,0,0,0,0,0,0,0,143.75259399414062,-1,0,0,0,-121,0,0,0,0,0,0,1000
4534,4000,1,1000,500,1000,476,0,0,0,0,0,0,0,0,0,143.75259399414062,-1,0,0,0,-121,0,0,0,0,0,0,1000
4535,4000,2,1000,500,1000,0,0,0,0,0,0,0,0,0,0,143.75259399414062,-1,0,0,0,-121,0,0,0,0,0,0,1000
4536,4000,3,1000,500,1000,0,0,0,0,0,0,0,0,0,0,143.75259399414062,-1,0,0,0,-121,0,0,0,0,0,0,1000
4537,4000,4,1000,500,1000,0,0,0,0,0,0,0,0,0,0,140.55259704589844,-1,0,0,0,-121,0,0,0,0,-6,0,1000
4538,4000,5,1000,500,1000,0,0,0,0,0,0,0,0,0,0,137.35260009765625,-1,0,0,0,-121,0,0,0,0,-11.5,0,1000
4539,4000,6,1000,500,1000,0,0,0,0,0,0,0,0,0,0,134.152587890625,-1,0,0,0,-121,0,0,0,0,-16.5,0,1000
4540,4000,7,1000,500,1000,0,0,0,0,0,0,0,0,0,0,130.9525909423828,-1,0,0,0,-121,0,0,0,0,-21,0,1000
4541,4000,8,1000,500,1000,0,0,0,0,0,0,0,0,0,0,127.75259399414062,-1,0,0,0,-121,0,0,0,0,-25,0,1000
4542,4000,9,1000,500,1000,0,0,0,0,0,0,0,0,0,0,124.5525894165039,-1,0,0,0,-121,0,0,0,0,-28.5,0,1000
4543,4000,10,1000,500,1000,0,0,0,0,0,0,0,0,0,0,121.35259246826172,-1,0,0,0,-121,0,0,0,0,-31.5,0,1000
4544,4000,11,1000,500,1000,0,0,0,0,0,0,0,0,0,0,119.5762939453125,-1,0,0,0,-121,0,0,0,0,-34,0,1000
4545,4000,12,1000,500,1000,0,0,0,0,0,0,0,0,0,0,117.9762954711914,-1,0,0,0,-121,0,0,0,0,-36,0,1000
4546,4000,13,1000,500,1000,0,0,0,0,0,0,0,0,0,0,116.37629699707031,-1,0,0,0,-121,0,0,0,0,-37.5,0,1000
4547,4000,13,1000,500,915,0,0,0,0,0,0,0,0,0,0,116.37629699707031,-1,0,0,0,-121,0,0,0,0,-37.5,0,1018
4548,4000,13,1000,500,915,0,0,0,0,0,0,0,0,0,0,116.37629699707031,-1,0,0,0,-121,0,0,0,0,-37.5,0,1018
4549,4000,13,1000,500,915,0,0,0,0,0,0,0,0,0,0,116.37629699707031,-1,0,0,0,-121,0,0,0,0,-37.5,0,1018
4550,4000,13,1000,500,915,0,0,0,0,0,0,0,0,0,0,116.37629699707031,-1,0,0,0,-121,0,0,0,0,-37.5,0,1018
4551,4000,13,1000,500,915,0,0,0,0,0,0,0,0,0,0,116.37629699707031,-1,0,0,0,-121,0,0,0,0,-37.5,0,1018
4552,4000,13,1000,500,915,0,0,0,0,0,0,0,0,0,0,116.37629699707031,-1,0,0,0,-121,0,0,0,0,-37.5,0,1018
4553,4000,14,1000,500,915,0,0,0,0,0,0,0,0,0,0,114.77629852294922,-1,0,0,0,-121,0,0,0,0,-38.5,0,1018
4554,4000,15,1000,500,915,0,0,0,0,0,0,0,0,0,0,113.1762924194336,-1,0,0,0,-121,0,0,0,0,-39,0,1018
4555,4000,16,1000,500,915,0,0,0,0,0,0,0,0,0,0,111.5762939453125,-1,0,0,0,-121,0,0,0,0,-39,0,1018
4556,4000,17,1000,500,915,0,0,0,0,0,0,0,0,0,0,109.9762954711914,-1,0,0,0,-121,0,0,0,0,-38.5,0,1018
4557,4000,18,1000,500,915,0,0,0,0,0,0,0,0,0,0,108.12629699707031,-1,0,0,0,-121,0,0,0,0,-37.5,0,2018
4558,4000,19,1000,500,915,0,0,0,0,0,0,0,0,0,0,106.52629852294922,-1,0,0,0,-121,0,0,0,0,-36,0,2018
4559,4000,20,1000,500,915,0,0,0,0,0,0,0,0,0,0,104.92630004882812,-1,0,0,0,-121,0,0,0,0,-34,0,2018
4560,4000,21,1000,500,915,0,0,0,0,0,0,0,0,0,0,103.32630157470703,-1,0,0,0,-121,0,0,0,0,-31.5,0,2018
4561,4000,22,1000,500,915,0,0,0,0,0,0,0,0,0,0,101.72630310058594,-1,0,0,0,-121,0,0,0,0,-28.5,0,2018
4562,4000,23,1000,500,915,0,0,0,0,0,0,0,0,0,0,100.12630462646484,-1,0,0,0,-121,0,0,0,0,-25,0,2018
4563,4000,24,1000,500,915,0,0,0,0,0,0,0,0,0,0,98.52630615234375,-1,0,0,0,-121,0,0,0,0,-21,0,2018
4564,4000,25,1000,500,915,0,0,0,0,0,0,0,0,0,0,96.92630767822266,-1,0,0,0,-121,0,0,0,0,-16.5,0,2018
4565,4000,26,1000,500,915,0,0,0,0,0,0,0,0,0,0,95.32630920410156,-1,0,0,0,-121,0,0,0,0,-11.5,0,2018
4566,4000,27,1000,500,915,0,0,0,0,0,0,0,0,0,0,93.72630310058594,-1,0,0,0,-121,0,0,0,0,-6,0,2018
4567,4000,28,1000,500,915,0,0,0,0,0,0,0,0,0,0,92.12630462646484,-1,0,0,0,-121,0,0,0,0,0,0,2018
4568,4000,29,1000,500,915,0,0,0,0,0,0,0,0,0,0,93.62630462646484,-1,0,0,0,-121,0,0,0,0,0,0,2018
4569,4000,30,1000,500,915,0,0,0,0,0,0,0,0,0,0,93.62630462646484,-1,0,0,0,-121,0,0,0,0,0,0,2018
4570,4000,31,1000,500,915,0,0,0,0,0,0,0,0,0,0,93.62630462646484,-1,0,0,0,-121,0,0,0,0,0,0,2018
4571,4000,32,1000,500,915,0,0,0,0,0,0,0,0,0,0,91.22630310058594,-1,0,0,0,-121,0,0,0,0,-5.5,0,2018
4572,4000,33,1000,500,915,0,0,0,0,0,0,0,0,0,0,89.72630310058594,-1,0,0,0,-121,0,0,0,0,-10.5,0,2018
4573,4000,34,1000,500,915,0,0,0,0,0,0,0,0,0,0,88.52630615234375,-1,0,0,0,-121,0,0,0,0,-15,0,2018
4574,4000,35,1000,500,915,0,0,0,0,0,0,0,0,0,0,87.32630157470703,-1,0,0,0,-121,0,0,0,0,-19,0,2018
4575,4000,36,1000,500,915,0,0,0,0,0,0,0,0,0,0,86.12629699707031,-1,0,0,0,-121,0,0,0,0,-22.5,0,2018
4576,4000,37,1000,500,915,0,0,0,0,0,0,0,0,0,0,84.92630004882812,-1,0,0,0,-121,0,0,0,0,-25.5,0,2018
4577,4000,38,1000,500,915,0,0,0,0,0,0,0,0,0,0,83.72630310058594,-1,0,0,0,-121,0,0,0,0,-28,0,2018
4578,4000,39,1000,500,915,0,0,0,0,0,0,0,0,0,0,82.52629852294922,-1,0,0,0,-121,0,0,0,0,-30,0,2018
4579,4000,40,1000,500,915,0,0,0,0,0,0,0,0,0,0,81.3262939453125,-1,0,0,0,-121,0,0,0,0,-31.5,0,2018
4580,4000,40,1000,500,835,0,0,0,0,0,0,0,0,0,0,81.3262939453125,-1,0,0,0,-121,0,0,0,0,-31.5,0,3036
4581,4000,40,1000,500,835,0,0,0,0,0,0,0,0,0,0,81.3262939453125,-1,0,0,0,-121,0,0,0,0,-31.5,0,3036
4582,4000,40,1000,500,835,0,0,0,0,0,0,0,0,0,0,81.3262939453125,-1,0,0,0,-121,0,0,0,0,-31.5,0,3036
4583,4000,40,1000,500,835,0,0,0,0,0,0,0,0,0,0,81.3262939453125,-1,0,0,0,-121,0,0,0,0,-31.5,0,3036
4584,4000,40,1000,500,835,0,0,0,0,0,0,0,0,0,0,81.3262939453125,-1,0,0,0,-121,0,0,0,0,-31.5,0,3036
4585,4000,40,1000,500,835,0,0,0,0,0,0,0,0,0,0,81.3262939453125,-1,0,0,0,-121,0,0,0,0,-31.5,0,3036
4586,4000,41,1000,500,835,0,0,0,0,0,0,0,0,0,0,80.12629699707031,-1,0,0,0,-121,0,0,0,0,-32.5,0,3036
4587,4000,42,1000,500,835,0,0,0,0,0,0,0,0,0,0,78.92630004882812,-1,0,0,0,-121,0,0,0,0,-33,0,3036
4588,4000,43,1000,500,835,0,0,0,0,0,0,0,0,0,0,77.72630310058594,-1,0,0,0,-121,0,0,0,0,-33,0,3036
4589,4000,44,1000,500,835,0,0,0,0,0,0,0,0,0,0,76.27630615234375,-1,0,0,0,-121,0,0,0,0,-32.5,0,3036
4590,4000,45,1000,500,835,0,0,0,0,0,0,0,0,0,0,75.07630920410156,-1,0,0,0,-121,0,0,0,0,-31.5,0,3036
4591,4000,46,1000,500,835,0,0,0,0,0,0,0,0,0,0,73.87631225585938,-1,0,0,0,-121,0,0,0,0,-30,0,3036
4592,4000,47,1000,500,835,0,0,0,0,0,0,0,0,0,0,72.67631530761719,-1,0,0,0,-121,0,0,0,0,-28,0,3036
4593,4000,48,1000,500,835,0,0,0,0,0,0,0,0,0,0,71.476318359375,-1,0,0,0,-121,0,0,0,0,-25.5,0,3036
4594,4000,49,1000,500,835,0,0,0,0,0,0,0,0,0,0,70.27632141113281,-1,0,0,0,-121,0,0,0,0,-22.5,0,3036
4595,4000,50,1000,500,835,0,0,0,0,0,0,0,0,0,0,69.07632446289062,-1,0,0,0,-121,0,0,0,0,-19,0,3036
4596,4000,51,1000,500,835,0,0,0,0,0,0,0,0,0,0,67.87632751464844,-1,0,0,0,-121,0,0,0,0,-15,0,3036
4597,4000,52,1000,500,835,0,0,0,0,0,0,0,0,0,0,66.67633056640625,-1,0,0,0,-121,0,0,0,0,-10.5,0,3036
4598,4000,53,1000,500,835,0,0,0,0,0,0,0,0,0,0,65.47632598876953,-1,0,0,0,-121,0,0,0,0,-5.5,0,3036
4599,4000,54,1000,500,835,0,0,0,0,0,0,0,0,0,0,64.27632141113281,-1,0,0,0,-121,0,0,0,0,0,0,3036
4600,4000,55,1000,500,835,0,0,0,0,0,0,0,0,0,0,65.77632141113281,-1,0,0,0,-121,0,0,0,0,0,0,3036
4601,4000,56,1000,500,835,0,0,0,0,0,0,0,0,0,0,65.77632141113281,-1,0,0,0,-121,0,0,0,0,0,0,3036
4602,4000,56,1000,500,735,0,0,0,0,0,0,0,0,0,0,65.77632141113281,-1,0,0,0,-121,0,0,0,0,0,0,4054
4603,4000,56,1000,500,735,0,0,0,0,0,0,0,0,0,0,65.77632141113281,-1,0,0,0,-121,0,0,0,0,0,0,4054
4604,4000,56,1000,500,735,0,0,0,0,0,0,0,0,0,0,65.77632141113281,-1,0,0,0,-121,0,0,0,0,0,0,4054
4605,4000,56,1000,500,735,0,0,0,0,0,0,0,0,0,0,65.77632141113281,-1,0,0,0,-121,0,0,0,0,0,0,4054
4606,4000,56,1000,500,735,0,0,0,0,0,0,0,0,0,0,65.77632141113281,-1,0,0,0,-121,0,0,0,0,0,0,4054
4607,4000,56,1000,500,735,0,0,0,0,0,0,0,0,0,0,65.77632141113281,-1,0,0,0,-121,0,0,0,0,0,0,4054
4608,4000,57,1000,500,735,0,0,0,0,0,0,0,0,0,0,65.77632141113281,-1,0,0,0,-121,0,0,0,0,0,0,4054
4609,4000,58,1000,500,735,0,0,0,0,0,0,0,0,0,0,65.77632141113281,-1,0,0,0,-121,0,0,0,0,0,0,4054
4610,4000,59,1000,500,735,0,0,0,0,0,0,0,0,0,0,65.77632141113281,-1,0,0,0,-121,0,0,0,0,0,0,4054
4611,4000,60,1000,500,735,0,0,0,0,0,0,0,0,0,0,65.77632141113281,-1,0,0,0,-121,0,0,0,0,0,0,4054
4612,4000,61,1000,500,735,0,0,0,0,0,0,0,0,0,0,65.77632141113281,-1,0,0,0,-121,0,0,0,0,0,0,4054
4613,4000,62,1000,500,735,0,0,0,0,0,0,0,0,0,0,65.77632141113281,-1,0,0,0,-121,0,0,0,0,0,0,4054
4614,4000,63,1000,500,735,0,0,0,0,0,0,0,0,0,0,65.77632141113281,-1,0,0,0,-121,0,0,0,0,0,0,4054
4615,4000,64,1000,500,735,0,0,0,0,0,0,0,0,0,0,65.77632141113281,-1,0,0,0,-121,0,0,0,0,0,0,4054
4616,4000,65,1000,500,735,0,0,0,0,0,0,0,0,0,0,65.77632141113281,-1,0,0,0,-121,0,0,0,0,0,0,4054
4617,4000,66,1000,500,735,0,0,0,0,0,0,0,0,0,0,65.77632141113281,-1,0,0,0,-121,0,0,0,0,0,0,4054
4618,4000,67,1000,500,735,0,0,0,0,0,0,0,0,0,0,65.77632141113281,-1,0,0,0,-121,0,0,0,0,0,0,4054
4619,4000,68,1000,500,735,0,0,0,0,0,0,0,0,0,0,65.77632141113281,-1,0,0,0,-121,0,0,0,0,0,0,4054
4620,0,1,1000,500,735,0,0,0,0,0,0,0,0,0,0,65.77632141113281,-1,0,0,0,-121,0,0,0,0,0,0,4054
4621,0,2,1000,500,735,0,0,0,0,0,0,0,0,0,0,65.77632141113281,-1,0,0,0,-121,0,0,0,0,0,0,4054
4622,0,3,1000,500,735,0,0,0,0,0,0,0,0,0,0,65.77632141113281,-1,0,0,0,-121,0,0,0,0,0,0,4054
4623,0,4,1000,500,735,0,0,0,0,0,0,0,0,0,0,65.77632141113281,-1,0,0,0,-121,0,0,0,0,0,0,4054
4624,0,5,1000,500,735,0,0,0,0,0,0,0,0,0,0,65.77632141113281,-1,0,0,0,-121,0,0,0,0,0,0,4054
4625,0,6,1000,500,735,0,0,0,0,0,0,0,0,0,0,65.77632141113281,-1,0,0,0,-121,0,0,0,0,0,0,4054
4626,0,7,1000,500,735,0,0,0,0,0,0,0,0,0,0,65.77632141113281,-1,0,0,0,-121,0,0,0,0,0,0,4054
4627,0,8,1000,500,735,0,0,0,0,0,0,0,0,0,0,65.77632141113281,-1,0,0,0,-121,0,0,0,0,0,0,4054
4628,0,9,1000,500,735,0,0,0,0,0,0,0,0,0,0,65.77632141113281,-1,0,0,0,-121,0,0,0,0,0,0,4054
4629,0,10,1000,500,735,0,0,0,0,0,0,0,0,0,0,65.77632141113281,-1,0,0,0,-121,0,0,0,0,0,0,4054
4630,0,11,1000,500,735,0,0,0,0,0,0,0,0,0,0,65.77632141113281,-1,0,0,0,-121,0,0,0,0,0,0,4054
4631,0,12,1000,500,735,0,0,0,0,0,0,0,0,0,0,65.77632141113281,-1,0,0,0,-121,0,0,0,0,0,0,4054
4632,0,13,1000,500,735,0,0,0,0,0,0,0,0,0,0,65.77632141113281,-1,0,0,0,-121,0,0,0,0,0,0,4054
4633,0,14,1000,500,735,0,0,0,0,0,0,0,0,0,0,65.77632141113281,-1,0,0,0,-121,0,0,0,0,0,0,4054
4634,0,15,1000,500,735,0,0,0,0,0,0,0,0,0,0,65.77632141113281,-1,0,0,0,-121,0,0,0,0,0,0,4054
4635,0,16,1000,500,735,0,0,0,0,0,0,0,0,0,0,65.77632141113281,-1,0,0,0,-121,0,0,0,0,0,0,4054
4636,0,17,1000,500,735,0,0,0,0,0,0,0,0,0,0,65.77632141113281,-1,0,0,0,-121,0,0,0,0,0,0,4054
4637,0,18,1000,500,735,0,0,0,0,0,0,0,0,0,0,65.77632141113281,-1,0,0,0,-121,0,0,0,0,0,0,4054
4638,0,19,1000,500,735,0,0,0,0,0,0,0,0,0,0,65.77632141113281,-1,0,0,0,-121,0,0,0,0,0,0,4054
4639,0,20,1000,500,735,0,0,0,0,0,0,0,0,0,0,65.77632141113281,-1,0,0,0,-121,0,0,0,0,0,0,4054
4640,0,21,1000,500,735,0,0,0,0,0,0,0,0,0,0,65.77632141113281,-1,0,0,0,-121,0,0,0,0,0,0,4054
4641,0,22,1000,500,735,0,0,0,0,0,0,0,0,0,0,65.77632141113281,-1,0,0,0,-121,0,0,0,0,0,0,4054
4642,0,23,1000,500,735,0,0,0,0,0,0,0,0,0,0,65.77632141113281,-1,0,0,0,-121,0,0,0,0,0,0,4054
4643,0,24,1000,500,735,0,0,0,0,0,0,0,0,0,0,65.77632141113281,-1,0,0,0,-121,0,0,0,0,0,0,4054
4644,0,25,1000,500,735,0,0,0,0,0,0,0,0,0,0,65.77632141113281,-1,0,0,0,-121,0,0,0,0,0,0,4054
4645,0,26,1000,500,735,0,0,0,0,0,0,0,0,0,0,65.77632141113281,-1,0,0,0,-121,0,0,0,0,0,0,4054
4646,0,27,1000,500,735,0,0,0,0,0,0,0,0,0,0,65.77632141113281,-1,0,0,0,-121,0,0,0,0,0,0,4054
4647,0,28,1000,500,735,0,0,0,0,0,0,0,0,0,0,66.02632141113281,-1,0,0,0,-121,0,0,0,0,0,0,4054
4648,0,29,1000,500,735,0,0,0,0,0,0,0,0,0,0,70.02632141113281,-1,0,0,0,-121.25,0,0,0,0,0,0,4054
4649,0,30,1000,500,735,0,0,0,0,0,0,0,0,0,0,74.02632141113281,-1,0,0,0,-125.25,0,0,0,0,0,0,4054
4650,0,31,1000,500,735,0,0,0,0,0,0,0,0,0,0,78.02632141113281,-1,0,0,0,-129.25,0,0,0,0,0,0,4054
4651,0,32,1000,500,735,0,0,0,0,0,0,0,0,0,0,82.02632141113281,-1,0,0,0,-133.25,0,0,0,0,0,0,4054
4652,0,33,1000,500,735,0,0,0,0,0,0,0,0,0,0,86.02632141113281,-1,0,0,0,-137.25,0,0,0,0,0,0,4054
4653,0,34,1000,500,735,0,0,0,0,0,0,0,0,0,0,90.02632141113281,-1,0,0,0,-141.25,0,0,0,0,0,0,4054
4654,0,35,1000,500,735,0,0,0,0,0,0,0,0,0,0,94.02632141113281,-1,0,0,0,-145.25,0,0,0,0,0,0,4054
4655,0,36,1000,500,735,0,0,0,0,0,0,0,0,0,0,98.02632141113281,-1,0,0,0,-149.25,0,0,0,0,0,0,4054
4656,0,37,1000,500,735,0,0,0,0,0,0,0,0,0,0,98.02632141113281,-1,0,0,0,-153.25,0,0,0,0,0,0,4054
4657,0,38,1000,500,735,0,0,0,0,0,0,0,0,0,0,98.02632141113281,-1,0,0,0,-153.25,0,0,0,0,0,0,4054
4658,0,39,1000,500,735,0,0,0,0,0,0,0,0,0,0,98.02632141113281,-1,0,0,0,-153.25,0,0,0,0,0,0,4054
4659,0,40,1000,500,735,0,0,0,0,0,0,0,0,0,0,98.02632141113281,-1,0,0,0,-153.25,0,0,0,0,0,0,4054
4660,0,41,1000,500,735,0,0,0,0,0,0,0,0,0,0,98.02632141113281,-1,0,0,0,-153.25,0,0,0,0,0,0,4054
4661,0,42,1000,500,735,0,0,0,0,0,0,0,0,0,0,98.02632141113281,-1,0,0,0,-153.25,0,0,0,0,0,0,4054
4662,0,43,1000,500,735,0,0,0,0,0,0,0,0,0,0,98.02632141113281,-1,0,0,0,-153.25,0,0,0,0,0,0,4054
4663,0,44,1000,500,735,0,0,0,0,0,0,0,0,0,0,98.02632141113281,-1,0,0,0,-153.25,0,0,0,0,0,0,4054
4664,0,45,1000,500,735,0,0,0,0,0,0,0,0,0,0,101.02632141113281,-1,0,0,0,-153.25,0,0,0,0,0,0,4054
4665,0,46,1000,500,735,0,0,0,0,0,0,0,0,0,0,104.02632141113281,-1,0,0,0,-156.25,0,0,0,0,0,0,4054
4666,0,47,1000,500,735,0,0,0,0,0,0,0,0,0,0,104.77632141113281,-1,0,0,0,-159.25,0,0,0,0,0,0,4054
4667,0,48,1000,500,735,0,0,0,0,0,0,0,0,0,0,104.77632141113281,-1,0,0,0,-160,0,0,0,0,0,0,4054
4668,0,49,1000,500,735,0,0,0,0,0,0,0,0,0,0,104.77632141113281,-1,0,0,0,-160,0,0,0,0,0,0,4054
4669,0,50,1000,500,735,0,0,0,0,0,0,0,0,0,0,104.77632141113281,-1,0,0,0,-160,0,0,0,0,0,0,4054
4670,0,51,1000,500,735,0,0,0,0,0,0,0,0,0,0,104.77632141113281,-1,0,0,0,-160,0,0,0,0,0,0,4054
4671,0,52,1000,500,735,0,0,0,0,0,0,0,0,0,0,104.77632141113281,-1,0,0,0,-160,0,0,0,0,0,0,4054
4672,0,53,1000,500,735,0,0,0,0,0,0,0,0,0,0,104.77632141113281,-1,0,0,0,-160,0,0,0,0,0,0,4054
4673,0,54,1000,500,735,0,0,0,0,0,0,0,0,0,0,104.77632141113281,-1,0,0,0,-160,0,0,0,0,0,0,4054
4674,0,55,1000,500,735,0,0,0,0,0,0,0,0,0,0,104.77632141113281,-1,0,0,0,-160,0,0,0,0,0,0,4054
4675,0,56,1000,500,735,0,0,0,0,0,0,0,0,0,0,104.77632141113281,-1,0,0,0,-160,0,0,0,0,0,0,4054
4676,0,57,1000,500,735,0,0,0,0,0,0,0,0,0,0,104.77632141113281,-1,0,0,0,-160,0,0,0,0,0,0,4054
4677,0,58,1000,500,735,0,0,0,0,0,0,0,0,0,0,104.77632141113281,-1,0,0,0,-160,0,0,0,0,0,0,4054
4678,0,59,1000,500,735,0,0,0,0,0,0,0,0,0,0,104.77632141113281,-1,0,0,0,-160,0,0,0,0,0,0,4054
4679,0,60,1000,500,735,0,0,0,0,0,0,0,0,0,0,104.77632141113281,-1,0,0,0,-160,0,0,0,0,0,0,4054
4680,0,61,1000,500,735,0,0,0,0,0,0,0,0,0,0,104.77632141113281,-1,0,0,0,-160,0,0,0,0,0,0,4054
4681,0,62,1000,500,735,0,0,0,0,0,0,0,0,0,0,104.77632141113281,-1,0,0,0,-160,0,0,0,0,0,0,4054
4682,0,63,1000,500,735,0,0,0,0,0,0,0,0,0,0,104.77632141113281,-1,0,0,0,-160,0,0,0,0,0,0,4054
4683,0,64,1000,500,735,0,0,0,0,0,0,0,0,0,0,104.77632141113281,-1,0,0,0,-160,0,0,0,0,0,0,4054
4684,0,65,1000,500,735,0,0,0,0,0,0,0,0,0,0,104.77632141113281,-1,0,0,0,-160,0,0,0,0,0,0,4054
4685,0,66,1000,500,735,0,0,0,0,0,0,0,0,0,0,104.77632141113281,-1,0,0,0,-160,0,0,0,0,0,0,4054
4686,0,67,1000,500,735,0,0,0,0,0,0,0,0,0,0,104.77632141113281,-1,0,0,0,-160,0,0,0,0,0,0,4054
4687,0,68,1000,500,735,0,0,0,0,0,0,0,0,0,0,104.77632141113281,-1,0,0,0,-160,0,0,0,0,0,0,4054
4688,0,69,1000,500,735,0,0,0,0,0,0,0,0,0,0,104.77632141113281,-1,0,0,0,-160,0,0,0,0,0,0,4054
4689,0,70,1000,500,735,0,0,0,0,0,0,0,0,0,0,104.77632141113281,-1,0,0,0,-160,0,0,0,0,0,0,4054
4690,0,71,1000,500,735,0,0,0,0,0,0,0,0,0,0,104.77632141113281,-1,0,0,0,-160,0,0,0,0,0,0,4054
4691,0,72,1000,500,735,0,0,0,0,0,0,0,0,0,0,104.77632141113281,-1,0,0,0,-160,0,0,0,0,0,0,4054
4692,0,73,1000,500,735,0,0,0,0,0,0,0,0,0,0,104.77632141113281,-1,0,0,0,-160,0,0,0,0,0,0,4054
4693,0,74,1000,500,735,0,0,0,0,0,0,0,0,0,0,104.77632141113281,-1,0,0,0,-160,0,0,0,0,0,0,4054
4694,0,75,1000,500,735,0,0,0,0,0,0,0,0,0,0,104.77632141113281,-1,0,0,0,-160,0,0,0,0,0,0,4054
4695,0,76,1000,500,735,0,0,0,0,0,0,0,0,0,0,104.77632141113281,-1,0,0,0,-160,0,0,0,0,0,0,4054
4696,0,77,1000,500,735,0,0,0,0,0,0,0,0,0,0,104.77632141113281,-1,0,0,0,-160,0,0,0,0,0,0,4054
4697,0,78,1000,500,735,0,0,0,0,0,0,0,0,0,0,104.77632141113281,-1,0,0,0,-160,0,0,0,0,0,0,4054
4698,0,79,1000,500,735,0,0,0,0,0,0,0,0,0,0,104.77632141113281,-1,0,0,0,-160,0,0,0,0,0,0,4054
4699,0,80,1000,500,735,0,0,0,0,0,0,0,0,0,0,104.77632141113281,-1,0,0,0,-160,0,0,0,0,0,0,4054
4700,0,81,1000,500,735,0,0,0,0,0,0,0,0,0,0,104.77632141113281,-1,0,0,0,-160,0,0,0,0,0,0,4054
4701,0,82,1000,500,735,0,0,0,0,0,0,0,0,0,0,104.77632141113281,-1,0,0,0,-160,0,0,0,0,0,0,4054
4702,0,83,1000,500,735,0,0,0,0,0,0,0,0,0,0,104.77632141113281,-1,0,0,0,-160,0,0,0,0,0,0,4054
4703,0,84,1000,500,735,0,0,0,0,0,0,0,0,0,0,104.77632141113281,-1,0,0,0,-160,0,0,0,0,0,0,4054
4704,0,85,1000,500,735,0,0,0,0,0,0,0,0,0,0,104.77632141113281,-1,0,0,0,-160,0,0,0,0,0,0,4054
4705,0,86,1000,500,735,0,0,0,0,0,0,0,0,0,0,104.77632141113281,-1,0,0,0,-160,0,0,0,0,0,0,4054
4706,0,87,1000,500,735,0,0,0,0,0,0,0,0,0,0,104.77632141113281,-1,0,0,0,-160,0,0,0,0,0,0,4054
4707,0,88,1000,500,735,0,0,0,0,0,0,0,0,0,0,104.77632141113281,-1,0,0,0,-160,0,0,0,0,0,0,4054
4708,0,89,1000,500,735,0,0,0,0,0,0,0,0,0,0,104.77632141113281,-1,0,0,0,-160,0,0,0,0,0,0,4054
4709,0,90,1000,500,735,0,0,0,0,0,0,0,0,0,0,104.77632141113281,-1,0,0,0,-160,0,0,0,0,0,0,4054
4710,0,91,1000,500,735,0,0,0,0,0,0,0,0,0,0,104.77632141113281,-1,0,0,0,-160,0,0,0,0,0,0,4054
4711,0,92,1000,500,735,0,0,0,0,0,0,0,0,0,0,104.77632141113281,-1,0,0,0,-160,0,0,0,0,0,0,4054
4712,0,93,1000,500,735,0,0,0,0,0,0,0,0,0,0,104.77632141113281,-1,0,0,0,-160,0,0,0,0,0,0,4054
4713,0,94,1000,500,735,0,0,0,0,0,0,0,0,0,0,104.77632141113281,-1,0,0,0,-160,0,0,0,0,0,0,4054
4714,0,95,1000,500,735,0,0,0,0,0,0,0,0,0,0,104.77632141113281,-1,0,0,0,-160,0,0,0,0,0,0,4054
4715,0,96,1000,500,735,0,0,0,0,0,0,0,0,0,0,104.77632141113281,-1,0,0,0,-160,0,0,0,0,0,0,4054
4716,0,97,1000,500,735,0,0,0,0,0,0,0,0,0,0,104.77632141113281,-1,0,0,0,-160,0,0,0,0,0,0,4054
4717,0,98,1000,500,735,0,0,0,0,0,0,0,0,0,0,104.77632141113281,-1,0,0,0,-160,0,0,0,0,0,0,4054
4718,0,99,1000,500,735,0,0,0,0,0,0,0,0,0,0,104.77632141113281,-1,0,0,0,-160,0,0,0,0,0,0,4054
4719,0,100,1000,500,735,0,0,0,0,0,0,0,0,0,0,104.77632141113281,-1,0,0,0,-160,0,0,0,0,0,0,4054
4720,0,101,1000,500,735,0,0,0,0,0,0,0,0,0,0,104.77632141113281,-1,0,0,0,-160,0,0,0,0,0,0,4054
4721,0,102,1000,500,735,0,0,0,0,0,0,0,0,0,0,104.77632141113281,-1,0,0,0,-160,0,0,0,0,0,0,4054
4722,0,103,1000,500,735,0,0,0,0,0,0,0,0,0,0,104.77632141113281,-1,0,0,0,-160,0,0,0,0,0,0,4054
4723,0,104,1000,500,735,0,0,0,0,0,0,0,0,0,0,104.77632141113281,-1,0,0,0,-160,0,0,0,0,0,0,4054
4724,0,105,1000,500,735,0,0,0,0,0,0,0,0,0,0,104.77632141113281,-1,0,0,0,-160,0,0,0,0,0,0,4054
4725,0,106,1000,500,735,0,0,0,0,0,0,0,0,0,0,104.77632141113281,-1,0,0,0,-160,0,0,0,0,0,0,4054
4726,0,107,1000,500,735,0,0,0,0,0,0,0,0,0,0,104.77632141113281,-1,0,0,0,-160,0,0,0,0,0,0,4054
4727,0,108,1000,500,735,0,0,0,0,0,0,0,0,0,0,104.77632141113281,-1,0,0,0,-160,0,0,0,0,0,0,4054
4728,0,109,1000,500,735,0,0,0,0,0,0,0,0,0,0,104.77632141113281,-1,0,0,0,-160,0,0,0,0,0,0,4054
4729,0,110,1000,500,735,0,0,0,0,0,0,0,0,0,0,104.77632141113281,-1,0,0,0,-160,0,0,0,0,0,0,4054
4730,0,111,1000,500,735,0,0,0,0,0,0,0,0,0,0,104.77632141113281,-1,0,0,0,-160,0,0,0,0,0,0,4054
4731,0,112,1000,500,735,0,0,0,0,0,0,0,0,0,0,104.77632141113281,-1,0,0,0,-160,0,0,0,0,0,0,4054
4732,0,113,1000,500,735,0,0,0,0,0,0,0,0,0,0,104.77632141113281,-1,0,0,0,-160,0,0,0,0,0,0,4054
4733,0,114,1000,500,735,0,0,0,0,0,0,0,0,0,0,104.77632141113281,-1,0,0,0,-160,0,0,0,0,0,0,4054
4734,0,115,1000,500,735,0,0,0,0,0,0,0,0,0,0,104.77632141113281,-1,0,0,0,-160,0,0,0,0,0,0,4054
4735,0,116,1000,500,735,0,0,0,0,0,0,0,0,0,0,104.77632141113281,-1,0,0,0,-160,0,0,0,0,0,0,4054
4736,0,117,1000,500,735,0,0,0,0,0,0,0,0,0,0,104.77632141113281,-1,0,0,0,-160,0,0,0,0,0,0,4054
4737,0,118,1000,500,735,0,0,0,0,0,0,0,0,0,0,104.77632141113281,-1,0,0,0,-160,0,0,0,0,0,0,4054
4738,0,119,1000,500,735,0,0,0,0,0,0,0,0,0,0,104.77632141113281,-1,0,0,0,-160,0,0,0,0,0,0,4054
4739,0,120,1000,500,735,0,0,0,0,0,0,0,0,0,0,104.77632141113281,-1,0,0,0,-160,0,0,0,0,0,0,4054
4740,0,121,1000,500,735,0,0,0,0,0,0,0,0,0,0,104.77632141113281,-1,0,0,0,-160,0,0,0,0,0,0,4054
4741,0,122,1000,500,735,0,0,0,0,0,0,0,0,0,0,104.77632141113281,-1,0,0,0,-160,0,0,0,0,0,0,4054
4742,0,123,1000,500,735,0,0,0,0,0,0,0,0,0,0,104.77632141113281,-1,0,0,0,-160,0,0,0,0,0,0,4054
4743,0,124,1000,500,735,0,0,0,0,0,0,0,0,0,0,104.77632141113281,-1,0,0,0,-160,0,0,0,0,0,0,4054
4744,0,125,1000,500,735,0,0,0,0,0,0,0,0,0,0,104.77632141113281,-1,0,0,0,-160,0,0,0,0,0,0,4054
4745,0,126,1000,500,735,0,0,0,0,0,0,0,0,0,0,104.77632141113281,-1,0,0,0,-160,0,0,0,0,0,0,4054
4746,0,127,1000,500,735,0,0,0,0,0,0,0,0,0,0,104.77632141113281,-1,0,0,0,-160,0,0,0,0,0,0,4054
4747,0,128,1000,500,735,0,0,0,0,0,0,0,0,0,0,104.77632141113281,-1,0,0,0,-160,0,0,0,0,0,0,4054
4748,0,129,1000,500,735,0,0,0,0,0,0,0,0,0,0,104.77632141113281,-1,0,0,0,-160,0,0,0,0,0,0,4054
4749,0,130,1000,500,735,0,0,0,0,0,0,0,0,0,0,104.77632141113281,-1,0,0,0,-160,0,0,0,0,0,0,4054
4750,0,131,1000,500,735,0,0,0,0,0,0,0,0,0,0,104.77632141113281,-1,0,0,0,-160,0,0,0,0,0,0,4054
4751,0,132,1000,500,735,0,0,0,0,0,0,0,0,0,0,104.77632141113281,-1,0,0,0,-160,0,0,0,0,0,0,4054
4752,0,133,1000,500,735,0,0,0,0,0,0,0,0,0,0,104.77632141113281,-1,0,0,0,-160,0,0,0,0,0,0,4054
4753,0,134,1000,500,735,0,0,0,0,0,0,0,0,0,0,104.77632141113281,-1,0,0,0,-160,0,0,0,0,0,0,4054
4754,0,135,1000,500,735,0,0,0,0,0,0,0,0,0,0,104.77632141113281,-1,0,0,0,-160,0,0,0,0,0,0,4054
4755,0,136,1000,500,735,0,0,0,0,0,0,0,0,0,0,104.77632141113281,-1,0,0,0,-160,0,0,0,0,0,0,4054
4756,0,137,1000,500,735,0,0,0,0,0,0,0,0,0,0,104.77632141113281,-1,0,0,0,-160,0,0,0,0,0,0,4054
4757,0,138,1000,500,735,0,0,0,0,0,0,0,0,0,0,104.77632141113281,-1,0,0,0,-160,0,0,0,0,0,0,4054
4758,0,139,1000,500,735,0,0,0,0,0,0,0,0,0,0,104.77632141113281,-1,0,0,0,-160,0,0,0,0,0,0,4054
4759,0,140,1000,500,735,0,0,0,0,0,0,0,0,0,0,104.77632141113281,-1,0,0,0,-160,0,0,0,0,0,0,4054
4760,0,141,1000,500,735,0,0,0,0,0,0,0,0,0,0,104.77632141113281,-1,0,0,0,-160,0,0,0,0,0,0,4054
4761,0,142,1000,500,735,0,0,0,0,0,0,0,0,0,0,104.77632141113281,-1,0,0,0,-160,0,0,0,0,0,0,4054
4762,0,143,1000,500,735,0,0,0,0,0,0,0,0,0,0,104.77632141113281,-1,0,0,0,-160,0,0,0,0,0,0,4054
4763,0,144,1000,500,735,0,0,0,0,0,0,0,0,0,0,104.77632141113281,-1,0,0,0,-160,0,0,0,0,0,0,4054
4764,0,145,1000,500,735,0,0,0,0,0,0,0,0,0,0,104.77632141113281,-1,0,0,0,-160,0,0,0,0,0,0,4054
4765,0,146,1000,500,735,0,0,0,0,0,0,0,0,0,0,104.77632141113281,-1,0,0,0,-160,0,0,0,0,0,0,4054
4766,0,147,1000,500,735,0,0,0,0,0,0,0,0,0,0,104.77632141113281,-1,0,0,0,-160,0,0,0,0,0,0,4054
4767,0,148,1000,500,735,0,0,0,0,0,0,0,0,0,0,104.77632141113281,-1,0,0,0,-160,0,0,0,0,0,0,4054
4768,0,149,1000,500,735,0,0,0,0,0,0,0,0,0,0,104.77632141113281,-1,0,0,0,-160,0,0,0,0,0,0,4054
4769,0,150,1000,500,735,0,0,0,0,0,0,0,0,0,0,104.77632141113281,-1,0,0,0,-160,0,0,0,0,0,0,4054
4770,0,151,1000,500,735,0,0,0,0,0,0,0,0,0,0,104.77632141113281,-1,0,0,0,-160,0,0,0,0,0,0,4054
4771,0,152,1000,500,735,0,0,0,0,0,0,0,0,0,0,104.77632141113281,-1,0,0,0,-160,0,0,0,0,0,0,4054
4772,0,153,1000,500,735,0,0,0,0,0,0,0,0,0,0,104.77632141113281,-1,0,0,0,-160,0,0,0,0,0,0,4054
4773,0,154,1000,500,735,0,0,0,0,0,0,0,0,0,0,104.77632141113281,-1,0,0,0,-160,0,0,0,0,0,0,4054
4774,0,155,1000,500,735,0,0,0,0,0,0,0,0,0,0,104.77632141113281,-1,0,0,0,-160,0,0,0,0,0,0,4054
4775,0,156,1000,500,735,0,0,0,0,0,0,0,0,0,0,104.77632141113281,-1,0,0,0,-160,0,0,0,0,0,0,4054
4776,0,157,1000,500,735,0,0,0,0,0,0,0,0,0,0,104.77632141113281,-1,0,0,0,-160,0,0,0,0,0,0,4054
4777,0,158,1000,500,735,0,0,0,0,0,0,0,0,0,0,104.77632141113281,-1,0,0,0,-160,0,0,0,0,0,0,4054
4778,0,159,1000,500,735,0,0,0,0,0,0,0,0,0,0,104.77632141113281,-1,0,0,0,-160,0,0,0,0,0,0,4054
4779,0,160,1000,500,735,0,0,0,0,0,0,0,0,0,0,104.77632141113281,-1,0,0,0,-160,0,0,0,0,0,0,4054
4780,0,161,1000,500,735,0,0,0,0,0,0,0,0,0,0,104.77632141113281,-1,0,0,0,-160,0,0,0,0,0,0,4054
4781,0,162,1000,500,735,0,0,0,0,0,0,0,0,0,0,104.77632141113281,-1,0,0,0,-160,0,0,0,0,0,0,4054
4782,0,163,1000,500,735,0,0,0,0,0,0,0,0,0,0,104.77632141113281,-1,0,0,0,-160,0,0,0,0,0,0,4054
4783,0,164,1000,500,735,0,0,0,0,0,0,0,0,0,0,104.77632141113281,-1,0,0,0,-160,0,0,0,0,0,0,4054
4784,0,165,1000,500,735,0,0,0,0,0,0,0,0,0,0,104.77632141113281,-1,0,0,0,-160,0,0,0,0,0,0,4054
4785,0,166,1000,500,735,0,0,0,0,0,0,0,0,0,0,104.77632141113281,-1,0,0,0,-160,0,0,0,0,0,0,4054
4786,0,167,1000,500,735,0,0,0,0,0,0,0,0,0,0,104.77632141113281,-1,0,0,0,-160,0,0,0,0,0,0,4054
4787,0,168,1000,500,735,0,0,0,0,0,0,0,0,0,0,104.77632141113281,-1,0,0,0,-160,0,0,0,0,0,0,4054
4788,0,169,1000,500,735,0,0,0,0,0,0,0,0,0,0,104.77632141113281,-1,0,0,0,-160,0,0,0,0,0,0,4054
4789,0,170,1000,500,735,0,0,0,0,0,0,0,0,0,0,104.77632141113281,-1,0,0,0,-160,0,0,0,0,0,0,4054
4790,0,171,1000,500,735,0,0,0,0,0,0,0,0,0,0,104.77632141113281,-1,0,0,0,-160,0,0,0,0,0,0,4054
4791,0,172,1000,500,735,0,0,0,0,0,0,0,0,0,0,104.77632141113281,-1,0,0,0,-160,0,0,0,0,0,0,4054
4792,0,173,1000,500,735,0,0,0,0,0,0,0,0,0,0,104.77632141113281,-1,0,0,0,-160,0,0,0,0,0,0,4054
4793,0,174,1000,500,735,0,0,0,0,0,0,0,0,0,0,104.77632141113281,-1,0,0,0,-160,0,0,0,0,0,0,4054
4794,0,175,1000,500,735,0,0,0,0,0,0,0,0,0,0,104.77632141113281,-1,0,0,0,-160,0,0,0,0,0,0,4054
4795,0,176,1000,500,735,0,0,0,0,0,0,0,0,0,0,104.77632141113281,-1,0,0,0,-160,0,0,0,0,0,0,4054
4796,0,177,1000,500,735,0,0,0,0,0,0,0,0,0,0,104.77632141113281,-1,0,0,0,-160,0,0,0,0,0,0,4054
4797,0,178,1000,500,735,0,0,0,0,0,0,0,0,0,0,104.77632141113281,-1,0,0,0,-160,0,0,0,0,0,0,4054
4798,0,179,1000,500,735,0,0,0,0,0,0,0,0,0,0,104.77632141113281,-1,0,0,0,-160,0,0,0,0,0,0,4054
4799,0,180,1000,500,735,0,0,0,0,0,0,0,0,0,0,104.77632141113281,-1,0,0,0,-160,0,0,0,0,0,0,4054
4800,0,181,1000,500,735,0,0,0,0,0,0,0,0,0,0,104.77632141113281,-1,0,0,0,-160,0,0,0,0,0,0,4054
4801,0,182,1000,500,735,0,0,0,0,0,0,0,0,0,0,104.77632141113281,-1,0,0,0,-160,0,0,0,0,0,0,4054
4802,0,183,1000,500,735,0,0,0,0,0,0,0,0,0,0,104.77632141113281,-1,0,0,0,-160,0,0,0,0,0,0,4054
4803,0,184,1000,500,735,0,0,0,0,0,0,0,0,0,0,104.77632141113281,-1,0,0,0,-160,0,0,0,0,0,0,4054
4804,0,185,1000,500,735,0,0,0,0,0,0,0,0,0,0,104.77632141113281,-1,0,0,0,-160,0,0,0,0,0,0,4054
4805,0,186,1000,500,735,0,0,0,0,0,0,0,0,0,0,104.77632141113281,-1,0,0,0,-160,0,0,0,0,0,0,4054
4806,0,187,1000,500,735,0,0,0,0,0,0,0,0,0,0,104.77632141113281,-1,0,0,0,-160,0,0,0,0,0,0,4054
4807,0,188,1000,500,735,0,0,0,0,0,0,0,0,0,0,104.77632141113281,-1,0,0,0,-160,0,0,0,0,0,0,4054
4808,0,189,1000,500,735,0,0,0,0,0,0,0,0,0,0,104.77632141113281,-1,0,0,0,-160,0,0,0,0,0,0,4054
4809,0,190,1000,500,735,0,0,0,0,0,0,0,0,0,0,104.77632141113281,-1,0,0,0,-160,0,0,0,0,0,0,4054
4810,0,1,3000,500,1000,0,0,240,0,0,0,0,0,0,0,122.25,1,0,0,0,-160,0,0,0,0,0,0,1000
4811,0,2,3000,500,1000,0,0,239,0,0,0,0,0,0,0,118.3125,1,0,0,0,-160,0,0,0,0,0,0,1000
4812,0,3,3000,500,1000,0,0,238,0,0,0,0,0,0,0,117.328125,1,0,0,0,-160,0,0,0,0,0,0,1000
4813,0,4,3000,500,1000,0,0,237,0,0,0,0,0,0,0,117.08203125,1,0,0,0,-160,0,0,0,0,0,0,1000
4814,0,5,3000,500,1000,0,0,236,0,0,0,0,0,0,0,117.0205078125,1,0,0,0,-160,0,0,0,0,0,0,1000
4815,0,6,3000,500,1000,0,0,235,0,0,0,0,0,0,0,117.005126953125,1,0,0,0,-160,0,0,0,0,0,0,1000
4816,0,7,3000,500,1000,0,0,234,0,0,0,0,0,0,0,117.00128173828125,1,0,0,0,-160,0,0,0,0,0,0,1000
4817,0,8,3000,500,1000,0,0,233,0,0,0,0,0,0,0,117.00032043457031,1,0,0,0,-160,0,0,0,0,0,0,1000
4818,0,9,3000,500,1000,0,0,232,0,0,0,0,0,0,0,117.00007629394531,1,0,0,0,-160,0,0,0,0,0,0,1000
4819,10,1,3000,500,1000,0,0,231,0,0,0,0,0,0,0,117.00001525878906,1,0,0,0,-160,0,0,0,0,0,0,1000
4820,10,2,3000,500,1000,0,0,230,0,0,0,0,0,0,0,117,1,0,0,0,-160,0,0,0,0,0,0,1000
4821,10,3,3000,500,1000,0,0,229,0,0,0,0,0,0,0,117,1,0,0,0,-160,0,0,0,0,0,0,1000
4822,10,4,3000,500,1000,0,0,228,0,0,0,0,0,0,0,117,1,0,0,0,-160,0,0,0,0,0,0,1000
4823,10,5,3000,500,1000,0,0,227,0,0,0,0,0,0,0,117,1,0,0,0,-160,0,0,0,0,0,0,1000
4824,10,6,3000,500,1000,0,0,226,0,0,0,0,0,0,0,117,1,0,0,0,-160,0,0,0,0,0,0,1000
4825,430,1,3012,500,1000,0,0,225,0,0,0,0,0,0,0,117,1,0,0,0,-160,0,0,0,0,0,0,1000
4826,430,2,3012,500,1000,0,0,224,0,0,0,0,0,0,0,117,1,0,0,0,-160,0,0,0,0,0,0,1000
4827,430,3,3012,500,1000,0,0,223,0,0,0,0,0,0,0,117,1,0,0,0,-160,0,0,0,0,0,0,1000
4828,430,4,3012,500,1000,0,0,222,0,0,0,0,0,0,0,117,1,0,0,0,-160,0,0,0,0,0,0,1000
4829,430,5,3012,500,1000,0,0,221,0,0,0,0,0,0,0,117,1,0,0,0,-160,0,0,0,0,0,0,1000
4830,430,6,3012,500,1000,0,0,220,0,0,0,0,0,0,0,117,1,0,0,0,-160,0,0,0,0,0,0,1000
4831,430,7,3012,500,1000,0,0,219,0,0,0,0,0,0,0,117,1,0,0,0,-160,0,0,0,0,0,0,1000
4832,430,8,3012,500,1000,0,0,218,0,0,0,0,0,0,0,117,1,0,0,0,-160,0,0,0,0,0,0,1000
4833,430,8,4031,500,972,0,0,217,0,0,0,0,0,0,0,117,1,0,0,0,-160,0,0,0,0,0,0,2016
4834,430,8,4031,500,972,0,0,216,0,0,0,0,0,0,0,117,1,0,0,0,-160,0,0,0,0,0,0,2016
4835,430,8,4031,500,972,0,0,215,0,0,0,0,0,0,0,117,1,0,0,0,-160,0,0,0,0,0,0,2016
4836,430,8,4031,500,972,0,0,214,0,0,0,0,0,0,0,117,1,0,0,0,-160,0,0,0,0,0,0,2016
4837,430,8,4031,500,972,0,0,213,0,0,0,0,0,0,0,117,1,0,0,0,-160,0,0,0,0,0,0,2016
4838,430,8,4031,500,972,0,0,212,0,0,0,0,0,0,0,117,1,0,0,0,-160,0,0,0,0,0,0,2016
4839,430,9,4031,500,972,0,0,211,0,0,0,0,0,0,0,112.83999633789062,1,0,0,0,-160,0,0,0,0,0,0,2016
4840,430,10,4031,500,972,0,0,210,0,0,0,0,0,0,0,107.1780014038086,1,0,0,0,-160,0,0,0,0,0,0,2016
4841,430,11,4031,500,972,0,0,209,0,0,0,0,0,0,0,104.9280014038086,1,0,0,0,-157.25,0,0,0,0,0,0,2016
4842,430,12,4031,500,972,0,0,208,0,0,0,0,0,0,0,101.5011215209961,1,0,0,0,-155,0,0,0,0,0,0,2016
4843,430,13,4031,500,972,0,0,207,0,0,0,0,0,0,0,99.7511215209961,1,0,0,0,-153,0,0,0,0,0,0,2016
4844,430,14,4031,500,972,0,0,206,0,0,0,0,0,0,0,98.2511215209961,1,0,0,0,-151.25,0,0,0,0,0,0,2016
4845,430,15,4031,500,972,0,0,205,0,0,0,0,0,0,0,97.0011215209961,1,0,0,0,-149.75,0,0,0,0,0,0,2016
4846,430,16,4031,500,972,0,0,204,0,0,0,0,0,0,0,96.0011215209961,1,0,0,0,-148.5,0,0,0,0,0,0,2016
4847,430,17,4031,500,972,0,0,203,0,0,0,0,0,0,0,96.0011215209961,1,0,0,0,-147.5,0,0,0,0,0,0,2016
4848,430,18,4031,500,972,0,0,202,0,0,0,0,0,0,0,96.0011215209961,1,0,0,0,-147.5,0,0,0,0,0,0,2016
4849,11,1,4031,500,972,0,0,201,0,0,0,0,0,0,0,96.0011215209961,1,0,0,0,-147.5,0,0,0,0,0,0,2016
4850,12,1,4031,500,972,0,0,200,0,0,0,0,0,0,0,96.0011215209961,1,0,0,0,-147.5,0,0,0,0,0,0,2016
4851,12,2,4031,500,972,0,0,199,0,0,0,0,0,0,0,96.0011215209961,1,0,0,0,-147.5,0,0,0,0,0,0,2016
4852,12,3,4031,500,972,0,0,198,0,0,0,0,0,0,0,96.0011215209961,1,0,0,0,-147.5,0,0,0,0,0,0,2016
4853,12,4,4031,500,972,0,0,197,0,0,0,0,0,0,0,96.0011215209961,1,0,0,0,-147.5,0,0,0,0,0,0,2016
4854,12,5,4031,500,972,0,0,196,0,0,0,0,0,0,0,96.0011215209961,1,0,0,0,-147.5,0,0,0,0,0,0,2016
4855,12,6,4031,500,972,0,0,195,0,0,0,0,0,0,0,96.0011215209961,1,0,0,0,-147.5,0,0,0,0,0,0,2016
4856,12,7,4031,500,972,0,0,194,0,0,0,0,0,0,0,96.0011215209961,1,0,0,0,-147.5,0,0,0,0,0,0,2016
4857,12,8,4031,500,972,0,0,193,0,0,0,0,0,0,0,96.0011215209961,1,0,0,0,-147.5,0,0,0,0,0,0,2016
4858,12,9,4031,500,972,0,0,192,0,0,0,0,0,0,0,96.0011215209961,1,0,0,0,-147.5,0,0,0,0,0,0,2016
4859,0,1,4031,500,972,0,0,191,0,0,0,0,0,0,0,96.0011215209961,1,0,0,0,-147.5,0,0,0,0,0,0,2016
4860,0,2,4031,500,972,0,0,190,0,0,0,0,0,0,0,96.0011215209961,1,0,0,0,-147.5,0,0,0,0,0,0,2016
4861,0,3,4031,500,972,0,0,189,0,0,0,0,0,0,0,96.0011215209961,1,0,0,0,-147.5,0,0,0,0,0,0,2016
4862,0,4,4031,500,972,0,0,188,0,0,0,0,0,0,0,96.0011215209961,1,0,0,0,-147.5,0,0,0,0,0,0,2016
4863,0,5,4031,500,972,0,0,187,0,0,0,0,0,0,0,96.0011215209961,1,0,0,0,-147.5,0,0,0,0,0,0,2016
4864,0,6,4031,500,972,0,0,186,0,0,0,0,0,0,0,96.0011215209961,1,0,0,0,-147.5,0,0,0,0,0,0,2016
4865,0,7,4031,500,972,0,0,185,0,0,0,0,0,0,0,96.0011215209961,1,0,0,0,-147.5,0,0,0,0,0,0,2016
4866,0,8,4031,500,972,0,0,184,0,0,0,0,0,0,0,96.0011215209961,1,0,0,0,-147.5,0,0,0,0,0,0,2016
4867,0,9,4031,500,972,0,0,183,0,0,0,0,0,0,0,96.0011215209961,1,0,0,0,-147.5,0,0,0,0,0,0,2016
4868,0,10,4031,500,972,0,0,182,0,0,0,0,0,0,0,96.0011215209961,1,0,0,0,-147.5,0,0,0,0,0,0,2016
4869,0,11,4031,500,972,0,0,181,0,0,0,0,0,0,0,96.0011215209961,1,0,0,0,-147.5,0,0,0,0,0,0,2016
4870,0,12,4031,500,972,0,0,180,0,0,0,0,0,0,0,96.0011215209961,1,0,0,0,-147.5,0,0,0,0,0,0,2016
4871,0,13,4031,500,972,0,0,179,0,0,0,0,0,0,0,96.0011215209961,1,0,0,0,-147.5,0,0,0,0,0,0,2016
4872,0,14,4031,500,972,0,0,178,0,0,0,0,0,0,0,96.0011215209961,1,0,0,0,-147.5,0,0,0,0,0,0,2016
4873,0,15,4031,500,972,0,0,177,0,0,0,0,0,0,0,96.0011215209961,1,0,0,0,-147.5,0,0,0,0,0,0,2016
4874,0,16,4031,500,972,0,0,176,0,0,0,0,0,0,0,96.0011215209961,1,0,0,0,-147.5,0,0,0,0,0,0,2016
4875,0,17,4031,500,972,0,0,175,0,0,0,0,0,0,0,96.0011215209961,1,0,0,0,-147.5,0,0,0,0,0,0,2016
4876,0,18,4031,500,972,0,0,174,0,0,0,0,0,0,0,96.0011215209961,1,0,0,0,-147.5,0,0,0,0,0,0,2016
4877,0,19,4031,500,972,0,0,173,0,0,0,0,0,0,0,96.0011215209961,1,0,0,0,-147.5,0,0,0,0,0,0,2016
4878,0,20,4031,500,972,0,0,172,0,0,0,0,0,0,0,96.0011215209961,1,0,0,0,-147.5,0,0,0,0,0,0,2016
4879,0,21,4031,500,972,0,0,171,0,0,0,0,0,0,0,96.0011215209961,1,0,0,0,-147.5,0,0,0,0,0,0,2016
4880,0,22,4031,500,972,0,0,170,0,0,0,0,0,0,0,96.0011215209961,1,0,0,0,-147.5,0,0,0,0,0,0,2016
4881,0,23,4031,500,972,0,0,169,0,0,0,0,0,0,0,96.0011215209961,1,0,0,0,-147.5,0,0,0,0,0,0,2016
4882,0,24,4031,500,972,0,0,168,0,0,0,0,0,0,0,96.0011215209961,1,0,0,0,-147.5,0,0,0,0,0,0,2016
4883,0,25,4031,500,972,0,0,167,0,0,0,0,0,0,0,96.0011215209961,1,0,0,0,-147.5,0,0,0,0,0,0,2016
4884,0,26,4031,500,972,0,0,166,0,0,0,0,0,0,0,96.0011215209961,1,0,0,0,-147.5,0,0,0,0,0,0,2016
4885,0,27,4031,500,972,0,0,165,0,0,0,0,0,0,0,96.0011215209961,1,0,0,0,-147.5,0,0,0,0,0,0,2016
4886,0,28,4031,500,972,0,0,164,0,0,0,0,0,0,0,96.0011215209961,1,0,0,0,-147.5,0,0,0,0,0,0,2016
4887,0,29,4031,500,972,0,0,163,0,0,0,0,0,0,0,96.0011215209961,1,0,0,0,-147.5,0,0,0,0,0,0,2016
4888,0,30,4031,500,972,0,0,162,0,0,0,0,0,0,0,96.0011215209961,1,0,0,0,-147.5,0,0,0,0,0,0,2016
4889,0,31,4031,500,972,0,0,161,0,0,0,0,0,0,0,96.0011215209961,1,0,0,0,-147.5,0,0,0,0,0,0,2016
4890,0,32,4031,500,972,0,0,160,0,0,0,0,0,0,0,96.0011215209961,1,0,0,0,-147.5,0,0,0,0,0,0,2016
4891,0,33,4031,500,972,0,0,159,0,0,0,0,0,0,0,96.0011215209961,1,0,0,0,-147.5,0,0,0,0,0,0,2016
4892,0,34,4031,500,972,0,0,158,0,0,0,0,0,0,0,96.0011215209961,1,0,0,0,-147.5,0,0,0,0,0,0,2016
4893,0,35,4031,500,972,0,0,157,0,0,0,0,0,0,0,96.0011215209961,1,0,0,0,-147.5,0,0,0,0,0,0,2016
4894,0,36,4031,500,972,0,0,156,0,0,0,0,0,0,0,96.0011215209961,1,0,0,0,-147.5,0,0,0,0,0,0,2016
4895,0,37,4031,500,972,0,0,155,0,0,0,0,0,0,0,96.0011215209961,1,0,0,0,-147.5,0,0,0,0,0,0,2016
4896,0,38,4031,500,972,0,0,154,0,0,0,0,0,0,0,96.0011215209961,1,0,0,0,-147.5,0,0,0,0,0,0,2016
4897,0,39,4031,500,972,0,0,153,0,0,0,0,0,0,0,96.0011215209961,1,0,0,0,-147.5,0,0,0,0,0,0,2016
4898,0,40,4031,500,972,0,0,152,0,0,0,0,0,0,0,96.0011215209961,1,0,0,0,-147.5,0,0,0,0,0,0,2016
4899,0,41,4031,500,972,0,0,151,0,0,0,0,0,0,0,96.0011215209961,1,0,0,0,-147.5,0,0,0,0,0,0,2016
4900,0,42,4031,500,972,0,0,150,0,0,0,0,0,0,0,96.0011215209961,1,0,0,0,-147.5,0,0,0,0,0,0,2016
4901,0,43,4031,500,972,0,0,149,0,0,0,0,0,0,0,96.0011215209961,1,0,0,0,-147.5,0,0,0,0,0,0,2016
4902,0,44,4031,500,972,0,0,148,0,0,0,0,0,0,0,96.0011215209961,1,0,0,0,-147.5,0,0,0,0,0,0,2016
4903,0,45,4031,500,972,0,0,147,0,0,0,0,0,0,0,96.0011215209961,1,0,0,0,-147.5,0,0,0,0,0,0,2016
4904,0,46,4031,500,972,0,0,146,0,0,0,0,0,0,0,96.0011215209961,1,0,0,0,-147.5,0,0,0,0,0,0,2016
4905,0,47,4031,500,972,0,0,145,0,0,0,0,0,0,0,96.0011215209961,1,0,0,0,-147.5,0,0,0,0,0,0,2016
4906,0,48,4031,500,972,0,0,144,0,0,0,0,0,0,0,96.0011215209961,1,0,0,0,-147.5,0,0,0,0,0,0,2016
4907,0,49,4031,500,972,0,0,143,0,0,0,0,0,0,0,96.0011215209961,1,0,0,0,-147.5,0,0,0,0,0,0,2016
4908,0,50,4031,500,972,0,0,142,0,0,0,0,0,0,0,96.0011215209961,1,0,0,0,-147.5,0,0,0,0,0,0,2016
4909,0,51,4031,500,972,0,0,141,0,0,0,0,0,0,0,96.0011215209961,1,0,0,0,-147.5,0,0,0,0,0,0,2016
4910,0,52,4031,500,972,0,0,140,0,0,0,0,0,0,0,96.0011215209961,1,0,0,0,-147.5,0,0,0,0,0,0,2016
4911,0,53,4031,500,972,0,0,139,0,0,0,0,0,0,0,96.0011215209961,1,0,0,0,-147.5,0,0,0,0,0,0,2016
4912,0,54,4031,500,972,0,0,138,0,0,0,0,0,0,0,96.0011215209961,1,0,0,0,-147.5,0,0,0,0,0,0,2016
4913,0,55,4031,500,972,0,0,137,0,0,0,0,0,0,0,96.0011215209961,1,0,0,0,-147.5,0,0,0,0,0,0,2016
4914,0,56,4031,500,972,0,0,136,0,0,0,0,0,0,0,96.0011215209961,1,0,0,0,-147.5,0,0,0,0,0,0,2016
4915,0,57,4031,500,972,0,0,135,0,0,0,0,0,0,0,96.0011215209961,1,0,0,0,-147.5,0,0,0,0,0,0,2016
4916,0,58,4031,500,972,0,0,134,0,0,0,0,0,0,0,96.0011215209961,1,0,0,0,-147.5,0,0,0,0,0,0,2016
4917,0,59,4031,500,972,0,0,133,0,0,0,0,0,0,0,96.0011215209961,1,0,0,0,-147.5,0,0,0,0,0,0,2016
4918,0,60,4031,500,972,0,0,132,0,0,0,0,0,0,0,96.0011215209961,1,0,0,0,-147.5,0,0,0,0,0,0,2016
4919,0,61,4031,500,972,0,0,131,0,0,0,0,0,0,0,96.0011215209961,1,0,0,0,-147.5,0,0,0,0,0,0,2016
4920,0,62,4031,500,972,0,0,130,0,0,0,0,0,0,0,96.0011215209961,1,0,0,0,-147.5,0,0,0,0,0,0,2016
4921,0,63,4031,500,972,0,0,129,0,0,0,0,0,0,0,96.0011215209961,1,0,0,0,-147.5,0,0,0,0,0,0,2016
4922,0,64,4031,500,972,0,0,128,0,0,0,0,0,0,0,96.0011215209961,1,0,0,0,-147.5,0,0,0,0,0,0,2016
4923,0,65,4031,500,972,0,0,127,0,0,0,0,0,0,0,96.0011215209961,1,0,0,0,-147.5,0,0,0,0,0,0,2016
4924,0,66,4031,500,972,0,0,126,0,0,0,0,0,0,0,96.0011215209961,1,0,0,0,-147.5,0,0,0,0,0,0,2016
4925,0,67,4031,500,972,0,0,125,0,0,0,0,0,0,0,96.0011215209961,1,0,0,0,-147.5,0,0,0,0,0,0,2016
4926,0,68,4031,500,972,0,0,124,0,0,0,0,0,0,0,96.0011215209961,1,0,0,0,-147.5,0,0,0,0,0,0,2016
4927,0,69,4031,500,972,0,0,123,0,0,0,0,0,0,0,96.0011215209961,1,0,0,0,-147.5,0,0,0,0,0,0,2016
4928,0,70,4031,500,972,0,0,122,0,0,0,0,0,0,0,96.0011215209961,1,0,0,0,-147.5,0,0,0,0,0,0,2016
4929,0,71,4031,500,972,0,0,121,0,0,0,0,0,0,0,96.0011215209961,1,0,0,0,-147.5,0,0,0,0,0,0,2016
4930,0,72,4031,500,972,0,0,120,0,0,0,0,0,0,0,96.0011215209961,1,0,0,0,-147.5,0,0,0,0,0,0,2016
4931,0,73,4031,500,972,0,0,119,0,0,0,0,0,0,0,96.0011215209961,1,0,0,0,-147.5,0,0,0,0,0,0,2016
4932,0,74,4031,500,972,0,0,118,0,0,0,0,0,0,0,96.0011215209961,1,0,0,0,-147.5,0,0,0,0,0,0,2016
4933,0,75,4031,500,972,0,0,117,0,0,0,0,0,0,0,96.0011215209961,1,0,0,0,-147.5,0,0,0,0,0,0,2016
4934,0,76,4031,500,972,0,0,116,0,0,0,0,0,0,0,96.0011215209961,1,0,0,0,-147.5,0,0,0,0,0,0,2016
4935,0,77,4031,500,972,0,0,115,0,0,0,0,0,0,0,96.0011215209961,1,0,0,0,-147.5,0,0,0,0,0,0,2016
4936,0,78,4031,500,972,0,0,114,0,0,0,0,0,0,0,96.0011215209961,1,0,0,0,-147.5,0,0,0,0,0,0,2016
4937,0,79,4031,500,972,0,0,113,0,0,0,0,0,0,0,96.0011215209961,1,0,0,0,-147.5,0,0,0,0,0,0,2016
4938,0,80,4031,500,972,0,0,112,0,0,0,0,0,0,0,96.0011215209961,1,0,0,0,-147.5,0,0,0,0,0,0,2016
4939,0,81,4031,500,972,0,0,111,0,0,0,0,0,0,0,96.0011215209961,1,0,0,0,-147.5,0,0,0,0,0,0,2016
4940,0,82,4031,500,972,0,0,110,0,0,0,0,0,0,0,96.0011215209961,1,0,0,0,-147.5,0,0,0,0,0,0,2016
4941,0,83,4031,500,972,0,0,109,0,0,0,0,0,0,0,96.0011215209961,1,0,0,0,-147.5,0,0,0,0,0,0,2016
4942,0,84,4031,500,972,0,0,108,0,0,0,0,0,0,0,96.0011215209961,1,0,0,0,-147.5,0,0,0,0,0,0,2016
4943,0,85,4031,500,972,0,0,107,0,0,0,0,0,0,0,96.0011215209961,1,0,0,0,-147.5,0,0,0,0,0,0,2016
4944,0,86,4031,500,972,0,0,106,0,0,0,0,0,0,0,96.0011215209961,1,0,0,0,-147.5,0,0,0,0,0,0,2016
4945,0,87,4031,500,972,0,0,105,0,0,0,0,0,0,0,96.0011215209961,1,0,0,0,-147.5,0,0,0,0,0,0,2016
4946,0,88,4031,500,972,0,0,104,0,0,0,0,0,0,0,96.0011215209961,1,0,0,0,-147.5,0,0,0,0,0,0,2016
4947,0,89,4031,500,972,0,0,103,0,0,0,0,0,0,0,96.0011215209961,1,0,0,0,-147.5,0,0,0,0,0,0,2016
4948,0,90,4031,500,972,0,0,102,0,0,0,0,0,0,0,96.0011215209961,1,0,0,0,-147.5,0,0,0,0,0,0,2016
4949,0,91,4031,500,972,0,0,101,0,0,0,0,0,0,0,96.0011215209961,1,0,0,0,-147.5,0,0,0,0,0,0,2016
4950,0,92,4031,500,972,0,0,100,0,0,0,0,0,0,0,96.0011215209961,1,0,0,0,-147.5,0,0,0,0,0,0,2016
4951,0,93,4031,500,972,0,0,99,0,0,0,0,0,0,0,96.0011215209961,1,0,0,0,-147.5,0,0,0,0,0,0,2016
4952,0,94,4031,500,972,0,0,98,0,0,0,0,0,0,0,96.0011215209961,1,0,0,0,-147.5,0,0,0,0,0,0,2016
4953,0,95,4031,500,972,0,0,97,0,0,0,0,0,0,0,96.0011215209961,1,0,0,0,-147.5,0,0,0,0,0,0,2016
4954,0,96,4031,500,972,0,0,96,0,0,0,0,0,0,0,96.0011215209961,1,0,0,0,-147.5,0,0,0,0,0,0,2016
4955,0,97,4031,500,972,0,0,95,0,0,0,0,0,0,0,96.0011215209961,1,0,0,0,-147.5,0,0,0,0,0,0,2016
4956,0,98,4031,500,972,0,0,94,0,0,0,0,0,0,0,96.0011215209961,1,0,0,0,-147.5,0,0,0,0,0,0,2016
4957,0,99,4031,500,972,0,0,93,0,0,0,0,0,0,0,96.0011215209961,1,0,0,0,-147.5,0,0,0,0,0,0,2016
4958,0,100,4031,500,972,0,0,92,0,0,0,0,0,0,0,96.0011215209961,1,0,0,0,-147.5,0,0,0,0,0,0,2016
4959,0,101,4031,500,972,0,0,91,0,0,0,0,0,0,0,96.0011215209961,1,0,0,0,-147.5,0,0,0,0,0,0,2016
4960,0,102,4031,500,972,0,0,90,0,0,0,0,0,0,0,96.0011215209961,1,0,0,0,-147.5,0,0,0,0,0,0,2016
4961,0,103,4031,500,972,0,0,89,0,0,0,0,0,0,0,96.0011215209961,1,0,0,0,-147.5,0,0,0,0,0,0,2016
4962,0,104,4031,500,972,0,0,88,0,0,0,0,0,0,0,96.0011215209961,1,0,0,0,-147.5,0,0,0,0,0,0,2016
4963,0,105,4031,500,972,0,0,87,0,0,0,0,0,0,0,96.0011215209961,1,0,0,0,-147.5,0,0,0,0,0,0,2016
4964,0,106,4031,500,972,0,0,86,0,0,0,0,0,0,0,96.0011215209961,1,0,0,0,-147.5,0,0,0,0,0,0,2016
4965,0,107,4031,500,972,0,0,85,0,0,0,0,0,0,0,96.0011215209961,1,0,0,0,-147.5,0,0,0,0,0,0,2016
4966,0,108,4031,500,972,0,0,84,0,0,0,0,0,0,0,96.0011215209961,1,0,0,0,-147.5,0,0,0,0,0,0,2016
4967,0,109,4031,500,972,0,0,83,0,0,0,0,0,0,0,96.0011215209961,1,0,0,0,-147.5,0,0,0,0,0,0,2016
4968,0,110,4031,500,972,0,0,82,0,0,0,0,0,0,0,96.0011215209961,1,0,0,0,-147.5,0,0,0,0,0,0,2016
4969,0,111,4031,500,972,0,0,81,0,0,0,0,0,0,0,96.0011215209961,1,0,0,0,-147.5,0,0,0,0,0,0,2016
4970,0,112,4031,500,972,0,0,80,0,0,0,0,0,0,0,96.0011215209961,1,0,0,0,-147.5,0,0,0,0,0,0,2016
4971,0,113,4031,500,972,0,0,79,0,0,0,0,0,0,0,96.0011215209961,1,0,0,0,-147.5,0,0,0,0,0,0,2016
4972,0,114,4031,500,972,0,0,78,0,0,0,0,0,0,0,96.0011215209961,1,0,0,0,-147.5,0,0,0,0,0,0,2016
4973,0,115,4031,500,972,0,0,77,0,0,0,0,0,0,0,96.0011215209961,1,0,0,0,-147.5,0,0,0,0,0,0,2016
4974,0,116,4031,500,972,0,0,76,0,0,0,0,0,0,0,96.0011215209961,1,0,0,0,-147.5,0,0,0,0,0,0,2016
4975,0,117,4031,500,972,0,0,75,0,0,0,0,0,0,0,96.0011215209961,1,0,0,0,-147.5,0,0,0,0,0,0,2016
4976,0,118,4031,500,972,0,0,74,0,0,0,0,0,0,0,96.0011215209961,1,0,0,0,-147.5,0,0,0,0,0,0,2016
4977,0,119,4031,500,972,0,0,73,0,0,0,0,0,0,0,96.0011215209961,1,0,0,0,-147.5,0,0,0,0,0,0,2016
4978,0,120,4031,500,972,0,0,72,0,0,0,0,0,0,0,96.0011215209961,1,0,0,0,-147.5,0,0,0,0,0,0,2016
4979,0,121,4031,500,972,0,0,71,0,0,0,0,0,0,0,96.0011215209961,1,0,0,0,-147.5,0,0,0,0,0,0,2016
4980,0,122,4031,500,972,0,0,70,0,0,0,0,0,0,0,96.0011215209961,1,0,0,0,-147.5,0,0,0,0,0,0,2016
4981,0,123,4031,500,972,0,0,69,0,0,0,0,0,0,0,96.0011215209961,1,0,0,0,-147.5,0,0,0,0,0,0,2016
4982,0,124,4031,500,972,0,0,68,0,0,0,0,0,0,0,96.0011215209961,1,0,0,0,-147.5,0,0,0,0,0,0,2016
4983,0,125,4031,500,972,0,0,67,0,0,0,0,0,0,0,96.0011215209961,1,0,0,0,-147.5,0,0,0,0,0,0,2016
4984,0,126,4031,500,972,0,0,66,0,0,0,0,0,0,0,96.0011215209961,1,0,0,0,-147.5,0,0,0,0,0,0,2016
4985,0,127,4031,500,972,0,0,65,0,0,0,0,0,0,0,96.0011215209961,1,0,0,0,-147.5,0,0,0,0,0,0,2016
4986,0,128,4031,500,972,0,0,64,0,0,0,0,0,0,0,96.0011215209961,1,0,0,0,-147.5,0,0,0,0,0,0,2016
4987,0,129,4031,500,972,0,0,63,0,0,0,0,0,0,0,96.0011215209961,1,0,0,0,-147.5,0,0,0,0,0,0,2016
4988,0,130,4031,500,972,0,0,62,0,0,0,0,0,0,0,96.0011215209961,1,0,0,0,-147.5,0,0,0,0,0,0,2016
4989,0,131,4031,500,972,0,0,61,0,0,0,0,0,0,0,96.0011215209961,1,0,0,0,-147.5,0,0,0,0,0,0,2016
4990,0,132,4031,500,972,0,0,60,0,0,0,0,0,0,0,96.0011215209961,1,0,0,0,-147.5,0,0,0,0,0,0,2016
4991,0,133,4031,500,972,0,0,59,0,0,0,0,0,0,0,96.0011215209961,1,0,0,0,-147.5,0,0,0,0,0,0,2016
4992,0,134,4031,500,972,0,0,58,0,0,0,0,0,0,0,96.0011215209961,1,0,0,0,-147.5,0,0,0,0,0,0,2016
4993,0,135,4031,500,972,0,0,57,0,0,0,0,0,0,0,96.0011215209961,1,0,0,0,-147.5,0,0,0,0,0,0,2016
4994,0,136,4031,500,972,0,0,56,0,0,0,0,0,0,0,96.0011215209961,1,0,0,0,-147.5,0,0,0,0,0,0,2016
4995,0,137,4031,500,972,0,0,55,0,0,0,0,0,0,0,96.0011215209961,1,0,0,0,-147.5,0,0,0,0,0,0,2016
4996,0,138,4031,500,972,0,0,54,0,0,0,0,0,0,0,96.0011215209961,1,0,0,0,-147.5,0,0,0,0,0,0,2016
4997,0,139,4031,500,972,0,0,53,0,0,0,0,0,0,0,96.0011215209961,1,0,0,0,-147.5,0,0,0,0,0,0,2016
4998,0,140,4031,500,972,0,0,52,0,0,0,0,0,0,0,96.0011215209961,1,0,0,0,-147.5,0,0,0,0,0,0,2016
4999,0,141,4031,500,972,0,0,51,0,0,0,0,0,0,0,96.0011215209961,1,0,0,0,-147.5,0,0,0,0,0,0,2016
5000,0,142,4031,500,972,0,0,50,0,0,0,0,0,0,0,96.0011215209961,1,0,0,0,-147.5,0,0,0,0,0,0,2016
5001,0,143,4031,500,972,0,0,49,0,0,0,0,0,0,0,96.0011215209961,1,0,0,0,-147.5,0,0,0,0,0,0,2016
5002,0,144,4031,500,972,0,0,48,0,0,0,0,0,0,0,96.0011215209961,1,0,0,0,-147.5,0,0,0,0,0,0,2016
5003,0,145,4031,500,972,0,0,47,0,0,0,0,0,0,0,96.0011215209961,1,0,0,0,-147.5,0,0,0,0,0,0,2016
5004,0,146,4031,500,972,0,0,46,0,0,0,0,0,0,0,96.0011215209961,1,0,0,0,-147.5,0,0,0,0,0,0,2016
5005,0,147,4031,500,972,0,0,45,0,0,0,0,0,0,0,96.0011215209961,1,0,0,0,-147.5,0,0,0,0,0,0,2016
5006,0,148,4031,500,972,0,0,44,0,0,0,0,0,0,0,96.0011215209961,1,0,0,0,-147.5,0,0,0,0,0,0,2016
5007,0,149,4031,500,972,0,0,43,0,0,0,0,0,0,0,96.0011215209961,1,0,0,0,-147.5,0,0,0,0,0,0,2016
5008,0,150,4031,500,972,0,0,42,0,0,0,0,0,0,0,96.0011215209961,1,0,0,0,-147.5,0,0,0,0,0,0,2016
5009,0,151,4031,500,972,0,0,41,0,0,0,0,0,0,0,96.0011215209961,1,0,0,0,-147.5,0,0,0,0,0,0,2016
5010,0,152,4031,500,972,0,0,40,0,0,0,0,0,0,0,96.0011215209961,1,0,0,0,-147.5,0,0,0,0,0,0,2016
5011,0,153,4031,500,972,0,0,39,0,0,0,0,0,0,0,96.0011215209961,1,0,0,0,-147.5,0,0,0,0,0,0,2016
5012,0,154,4031,500,972,0,0,38,0,0,0,0,0,0,0,96.0011215209961,1,0,0,0,-147.5,0,0,0,0,0,0,2016
5013,0,155,4031,500,972,0,0,37,0,0,0,0,0,0,0,96.0011215209961,1,0,0,0,-147.5,0,0,0,0,0,0,2016
5014,0,156,4031,500,972,0,0,36,0,0,0,0,0,0,0,96.0011215209961,1,0,0,0,-147.5,0,0,0,0,0,0,2016
5015,0,157,4031,500,972,0,0,35,0,0,0,0,0,0,0,96.0011215209961,1,0,0,0,-147.5,0,0,0,0,0,0,2016
5016,0,158,4031,500,972,0,0,34,0,0,0,0,0,0,0,96.0011215209961,1,0,0,0,-147.5,0,0,0,0,0,0,2016
5017,0,159,4031,500,972,0,0,33,0,0,0,0,0,0,0,96.0011215209961,1,0,0,0,-147.5,0,0,0,0,0,0,2016
5018,0,160,4031,500,972,0,0,32,0,0,0,0,0,0,0,96.0011215209961,1,0,0,0,-147.5,0,0,0,0,0,0,2016
5019,0,161,4031,500,972,0,0,31,0,0,0,0,0,0,0,96.0011215209961,1,0,0,0,-147.5,0,0,0,0,0,0,2016
5020,0,162,4031,500,972,0,0,30,0,0,0,0,0,0,0,96.0011215209961,1,0,0,0,-147.5,0,0,0,0,0,0,2016
5021,0,163,4031,500,972,0,0,29,0,0,0,0,0,0,0,96.0011215209961,1,0,0,0,-147.5,0,0,0,0,0,0,2016
5022,0,164,4031,500,972,0,0,28,0,0,0,0,0,0,0,96.0011215209961,1,0,0,0,-147.5,0,0,0,0,0,0,2016
5023,0,165,4031,500,972,0,0,27,0,0,0,0,0,0,0,96.0011215209961,1,0,0,0,-147.5,0,0,0,0,0,0,2016
5024,0,166,4031,500,972,0,0,26,0,0,0,0,0,0,0,96.0011215209961,1,0,0,0,-147.5,0,0,0,0,0,0,2016
5025,0,167,4031,500,972,0,0,25,0,0,0,0,0,0,0,96.0011215209961,1,0,0,0,-147.5,0,0,0,0,0,0,2016
5026,0,168,4031,500,972,0,0,24,0,0,0,0,0,0,0,96.0011215209961,1,0,0,0,-147.5,0,0,0,0,0,0,2016
5027,0,169,4031,500,972,0,0,23,0,0,0,0,0,0,0,96.0011215209961,1,0,0,0,-147.5,0,0,0,0,0,0,2016
5028,0,170,4031,500,972,0,0,22,0,0,0,0,0,0,0,96.0011215209961,1,0,0,0,-147.5,0,0,0,0,0,0,2016
5029,0,171,4031,500,972,0,0,21,0,0,0,0,0,0,0,96.0011215209961,1,0,0,0,-147.5,0,0,0,0,0,0,2016
5030,0,172,4031,500,972,0,0,20,0,0,0,0,0,0,0,96.0011215209961,1,0,0,0,-147.5,0,0,0,0,0,0,2016
5031,0,173,4031,500,972,0,0,19,0,0,0,0,0,0,0,96.0011215209961,1,0,0,0,-147.5,0,0,0,0,0,0,2016
5032,0,174,4031,500,972,0,0,18,0,0,0,0,0,0,0,96.0011215209961,1,0,0,0,-147.5,0,0,0,0,0,0,2016
5033,0,175,4031,500,972,0,0,17,0,0,0,0,0,0,0,96.0011215209961,1,0,0,0,-147.5,0,0,0,0,0,0,2016
5034,0,176,4031,500,972,0,0,16,0,0,0,0,0,0,0,96.0011215209961,1,0,0,0,-147.5,0,0,0,0,0,0,2016
5035,0,177,4031,500,972,0,0,15,0,0,0,0,0,0,0,96.0011215209961,1,0,0,0,-147.5,0,0,0,0,0,0,2016
5036,0,178,4031,500,972,0,0,14,0,0,0,0,0,0,0,96.0011215209961,1,0,0,0,-147.5,0,0,0,0,0,0,2016
5037,0,179,4031,500,972,0,0,13,0,0,0,0,0,0,0,96.0011215209961,1,0,0,0,-147.5,0,0,0,0,0,0,2016
5038,0,180,4031,500,972,0,0,12,0,0,0,0,0,0,0,96.0011215209961,1,0,0,0,-147.5,0,0,0,0,0,0,2016
5039,0,181,4031,500,972,0,0,11,0,0,0,0,0,0,0,96.0011215209961,1,0,0,0,-147.5,0,0,0,0,0,0,2016
5040,0,182,4031,500,972,0,0,10,0,0,0,0,0,0,0,96.0011215209961,1,0,0,0,-147.5,0,0,0,0,0,0,2016
5041,0,183,4031,500,972,0,0,9,0,0,0,0,0,0,0,96.0011215209961,1,0,0,0,-147.5,0,0,0,0,0,0,2016
5042,0,184,4031,500,972,0,0,8,0,0,0,0,0,0,0,96.0011215209961,1,0,0,0,-147.5,0,0,0,0,0,0,2016
5043,0,185,4031,500,972,0,0,7,0,0,0,0,0,0,0,96.0011215209961,1,0,0,0,-147.5,0,0,0,0,0,0,2016
5044,0,186,4031,500,972,0,0,6,0,0,0,0,0,0,0,96.0011215209961,1,0,0,0,-147.5,0,0,0,0,0,0,2016
5045,0,187,4031,500,972,0,0,5,0,0,0,0,0,0,0,96.0011215209961,1,0,0,0,-147.5,0,0,0,0,0,0,2016
5046,0,188,4031,500,972,0,0,4,0,0,0,0,0,0,0,96.0011215209961,1,0,0,0,-147.5,0,0,0,0,0,0,2016
5047,0,189,4031,500,972,0,0,3,0,0,0,0,0,0,0,96.0011215209961,1,0,0,0,-147.5,0,0,0,0,0,0,2016
5048,0,190,4031,500,972,0,0,2,0,0,0,0,0,0,0,96.0011215209961,1,0,0,0,-147.5,0,0,0,0,0,0,2016
5049,0,191,4031,500,972,0,0,1,0,0,0,0,0,0,0,96.0011215209961,1,0,0,0,-147.5,0,0,0,0,0,0,2016
5050,0,192,4031,500,972,0,0,0,0,0,0,0,0,0,0,96.0011215209961,1,0,0,0,-147.5,0,0,0,0,0,0,2016
5051,0,193,4031,500,972,0,0,0,0,0,0,0,0,0,0,96.0011215209961,1,0,0,0,-147.5,0,0,0,0,0,0,2016
5052,0,194,4031,500,972,0,0,0,0,0,0,0,0,0,0,96.0011215209961,1,0,0,0,-147.5,0,0,0,0,0,0,2016
5053,0,195,4031,500,972,0,0,0,0,0,0,0,0,0,0,96.0011215209961,1,0,0,0,-147.5,0,0,0,0,0,0,2016
5054,0,196,4031,500,972,0,0,0,0,0,0,0,0,0,0,96.0011215209961,1,0,0,0,-147.5,0,0,0,0,0,0,2016
5055,0,197,4031,500,972,0,0,0,0,0,0,0,0,0,0,96.0011215209961,1,0,0,0,-147.5,0,0,0,0,0,0,2016
5056,0,198,4031,500,972,0,0,0,0,0,0,0,0,0,0,96.0011215209961,1,0,0,0,-147.5,0,0,0,0,0,0,2016
5057,0,199,4031,500,972,0,0,0,0,0,0,0,0,0,0,96.0011215209961,1,0,0,0,-147.5,0,0,0,0,0,0,2016
5058,0,200,4031,500,972,0,0,0,0,0,0,0,0,0,0,96.0011215209961,1,0,0,0,-147.5,0,0,0,0,0,0,2016
5059,0,201,4031,500,972,0,0,0,0,0,0,0,0,0,0,96.0011215209961,1,0,0,0,-147.5,0,0,0,0,0,0,2016
5060,0,202,4031,500,972,0,0,0,0,0,0,0,0,0,0,96.0011215209961,1,0,0,0,-147.5,0,0,0,0,0,0,2016
5061,0,203,4031,500,972,0,0,0,0,0,0,0,0,0,0,96.0011215209961,1,0,0,0,-147.5,0,0,0,0,0,0,2016
5062,0,204,4031,500,972,0,0,0,0,0,0,0,0,0,0,96.0011215209961,1,0,0,0,-147.5,0,0,0,0,0,0,2016
5063,0,205,4031,500,972,0,0,0,0,0,0,0,0,0,0,96.0011215209961,1,0,0,0,-147.5,0,0,0,0,0,0,2016
5064,0,206,4031,500,972,0,0,0,0,0,0,0,0,0,0,96.0011215209961,1,0,0,0,-147.5,0,0,0,0,0,0,2016
5065,0,207,4031,500,972,0,0,0,0,0,0,0,0,0,0,96.0011215209961,1,0,0,0,-147.5,0,0,0,0,0,0,2016
5066,0,208,4031,500,972,0,0,0,0,0,0,0,0,0,0,96.0011215209961,1,0,0,0,-147.5,0,0,0,0,0,0,2016
5067,0,209,4031,500,972,0,0,0,0,0,0,0,0,0,0,96.0011215209961,1,0,0,0,-147.5,0,0,0,0,0,0,2016
5068,0,210,4031,500,972,0,0,0,0,0,0,0,0,0,0,96.0011215209961,1,0,0,0,-147.5,0,0,0,0,0,0,2016
5069,0,211,4031,500,972,0,0,0,0,0,0,0,0,0,0,96.0011215209961,1,0,0,0,-147.5,0,0,0,0,0,0,2016
5070,0,212,4031,500,972,0,0,0,0,0,0,0,0,0,0,96.0011215209961,1,0,0,0,-147.5,0,0,0,0,0,0,2016
5071,0,213,4031,500,972,0,0,0,0,0,0,0,0,0,0,96.0011215209961,1,0,0,0,-147.5,0,0,0,0,0,0,2016
5072,0,214,4031,500,972,0,0,0,0,0,0,0,0,0,0,96.0011215209961,1,0,0,0,-147.5,0,0,0,0,0,0,2016
5073,0,215,4031,500,972,0,0,0,0,0,0,0,0,0,0,96.0011215209961,1,0,0,0,-147.5,0,0,0,0,0,0,2016
5074,0,216,4031,500,972,0,0,0,0,0,0,0,0,0,0,96.0011215209961,1,0,0,0,-147.5,0,0,0,0,0,0,2016
5075,0,217,4031,500,972,0,0,0,0,0,0,0,0,0,0,96.0011215209961,1,0,0,0,-147.5,0,0,0,0,0,0,2016
5076,0,218,4031,500,972,0,0,0,0,0,0,0,0,0,0,96.0011215209961,1,0,0,0,-147.5,0,0,0,0,0,0,2016
5077,0,219,4031,500,972,0,0,0,0,0,0,0,0,0,0,96.0011215209961,1,0,0,0,-147.5,0,0,0,0,0,0,2016
5078,0,220,4031,500,972,0,0,0,0,0,0,0,0,0,0,96.0011215209961,1,0,0,0,-147.5,0,0,0,0,0,0,2016
5079,0,221,4031,500,972,0,0,0,0,0,0,0,0,0,0,96.0011215209961,1,0,0,0,-147.5,0,0,0,0,0,0,2016
5080,0,222,4031,500,972,0,0,0,0,0,0,0,0,0,0,96.0011215209961,1,0,0,0,-147.5,0,0,0,0,0,0,2016
5081,0,223,4031,500,972,0,0,0,0,0,0,0,0,0,0,96.0011215209961,1,0,0,0,-147.5,0,0,0,0,0,0,2016
5082,0,224,4031,500,972,0,0,0,0,0,0,0,0,0,0,96.0011215209961,1,0,0,0,-147.5,0,0,0,0,0,0,2016
5083,0,225,4031,500,972,0,0,0,0,0,0,0,0,0,0,96.0011215209961,1,0,0,0,-147.5,0,0,0,0,0,0,2016
5084,0,226,4031,500,972,0,0,0,0,0,0,0,0,0,0,96.0011215209961,1,0,0,0,-147.5,0,0,0,0,0,0,2016
5085,0,227,4031,500,972,0,0,0,0,0,0,0,0,0,0,96.0011215209961,1,0,0,0,-147.5,0,0,0,0,0,0,2016
5086,0,228,4031,500,972,0,0,0,0,0,0,0,0,0,0,96.0011215209961,1,0,0,0,-147.5,0,0,0,0,0,0,2016
5087,0,229,4031,500,972,0,0,0,0,0,0,0,0,0,0,96.0011215209961,1,0,0,0,-147.5,0,0,0,0,0,0,2016
5088,0,230,4031,500,972,0,0,0,0,0,0,0,0,0,0,96.0011215209961,1,0,0,0,-147.5,0,0,0,0,0,0,2016
5089,0,231,4031,500,972,0,0,0,0,0,0,0,0,0,0,96.0011215209961,1,0,0,0,-147.5,0,0,0,0,0,0,2016
5090,0,232,4031,500,972,0,0,0,0,0,0,0,0,0,0,96.0011215209961,1,0,0,0,-147.5,0,0,0,0,0,0,2016
5091,0,233,4031,500,972,0,0,0,0,0,0,0,0,0,0,96.0011215209961,1,0,0,0,-147.5,0,0,0,0,0,0,2016
5092,0,234,4031,500,972,0,0,0,0,0,0,0,0,0,0,96.0011215209961,1,0,0,0,-147.5,0,0,0,0,0,0,2016
5093,0,235,4031,500,972,0,0,0,0,0,0,0,0,0,0,96.0011215209961,1,0,0,0,-147.5,0,0,0,0,0,0,2016
5094,0,236,4031,500,972,0,0,0,0,0,0,0,0,0,0,96.0011215209961,1,0,0,0,-147.5,0,0,0,0,0,0,2016
5095,0,237,4031,500,972,0,0,0,0,0,0,0,0,0,0,96.0011215209961,1,0,0,0,-147.5,0,0,0,0,0,0,2016
5096,0,238,4031,500,972,0,0,0,0,0,0,0,0,0,0,96.0011215209961,1,0,0,0,-147.5,0,0,0,0,0,0,2016
5097,0,239,4031,500,972,0,0,0,0,0,0,0,0,0,0,96.0011215209961,1,0,0,0,-147.5,0,0,0,0,0,0,2016
5098,0,240,4031,500,972,0,0,0,0,0,0,0,0,0,0,96.0011215209961,1,0,0,0,-147.5,0,0,0,0,0,0,2016
5099,0,241,4031,500,972,0,0,0,0,0,0,0,0,0,0,96.0011215209961,1,0,0,0,-147.5,0,0,0,0,0,0,2016
5100,0,242,4031,500,972,0,0,0,0,0,0,0,0,0,0,96.0011215209961,1,0,0,0,-147.5,0,0,0,0,0,0,2016
5101,0,243,4031,500,972,0,0,0,0,0,0,0,0,0,0,96.0011215209961,1,0,0,0,-147.5,0,0,0,0,0,0,2016
5102,0,244,4031,500,972,0,0,0,0,0,0,0,0,0,0,96.0011215209961,1,0,0,0,-147.5,0,0,0,0,0,0,2016
5103,0,245,4031,500,972,0,0,0,0,0,0,0,0,0,0,96.0011215209961,1,0,0,0,-147.5,0,0,0,0,0,0,2016
5104,0,246,4031,500,972,0,0,0,0,0,0,0,0,0,0,96.0011215209961,1,0,0,0,-147.5,0,0,0,0,0,0,2016
5105,0,247,4031,500,972,0,0,0,0,0,0,0,0,0,0,96.0011215209961,1,0,0,0,-147.5,0,0,0,0,0,0,2016
5106,0,248,4031,500,972,0,0,0,0,0,0,0,0,0,0,96.0011215209961,1,0,0,0,-147.5,0,0,0,0,0,0,2016
5107,0,249,4031,500,972,0,0,0,0,0,0,0,0,0,0,96.0011215209961,1,0,0,0,-147.5,0,0,0,0,0,0,2016
5108,0,250,4031,500,972,0,0,0,0,0,0,0,0,0,0,96.0011215209961,1,0,0,0,-147.5,0,0,0,0,0,0,2016
5109,0,251,4031,500,972,0,0,0,0,0,0,0,0,0,0,96.0011215209961,1,0,0,0,-147.5,0,0,0,0,0,0,2016
5110,0,1,0,500,1000,0,0,0,0,0,0,0,0,0,0,118.375,1,0,0,0,-147.5,0,0,0,0,0,0,1000
5111,0,2,0,500,1000,0,0,0,0,0,0,0,0,0,0,117.34375,1,0,0,0,-147.5,0,0,0,0,0,0,1000
5112,0,3,0,500,1000,0,0,0,0,0,0,0,0,0,0,117.0859375,1,0,0,0,-147.5,0,0,0,0,0,0,1000
5113,0,4,0,500,1000,0,0,0,0,0,0,0,0,0,0,117.021484375,1,0,0,0,-147.5,0,0,0,0,0,0,1000
5114,0,5,0,500,1000,0,0,0,0,0,0,0,0,0,0,117.00537109375,1,0,0,0,-147.5,0,0,0,0,0,0,1000
5115,0,6,0,500,1000,0,0,0,0,0,0,0,0,0,0,117.0013427734375,1,0,0,0,-147.5,0,0,0,0,0,0,1000
5116,0,7,0,500,1000,0,0,0,0,0,0,0,0,0,0,117.00033569335938,1,0,0,0,-147.5,0,0,0,0,0,0,1000
5117,0,8,0,500,1000,0,0,0,0,0,0,0,0,0,0,117.00008392333984,1,0,0,0,-147.5,0,0,0,0,0,0,1000
5118,0,9,0,500,1000,0,0,0,0,0,0,0,0,0,0,117.0000228881836,1,0,0,0,-147.5,0,0,0,0,0,0,1000
5119,10,1,0,500,1000,0,0,0,0,0,0,0,0,0,0,117.00000762939453,1,0,0,0,-147.5,0,0,0,0,0,0,1000
5120,10,2,0,500,1000,0,0,0,0,0,0,0,0,0,0,117,1,0,0,0,-147.5,0,0,0,0,0,0,1000
5121,10,3,0,500,1000,0,0,0,0,0,0,0,0,0,0,117,1,0,0,0,-147.5,0,0,0,0,0,0,1000
5122,10,4,0,500,1000,0,0,0,0,0,0,0,0,0,0,117,1,0,0,0,-147.5,0,0,0,0,0,0,1000
5123,10,5,0,500,1000,0,0,0,0,0,0,0,0,0,0,117,1,0,0,0,-147.5,0,0,0,0,0,0,1000
5124,10,6,0,500,1000,0,0,0,0,0,0,0,0,0,0,117,1,0,0,0,-147.5,0,0,0,0,0,0,1000
5125,1040,1,0,500,1000,0,0,230,0,0,0,0,0,0,0,117,1,0,0,0,-147.5,0,0,0,0,0,0,1000
5126,1040,2,0,500,1000,0,0,229,0,0,0,0,0,0,0,117,1,0,0,0,-147.5,0,0,0,0,0,0,1000
5127,1040,3,0,500,1000,0,0,228,0,0,0,0,0,0,0,117,1,0,0,0,-147.5,0,0,0,0,0,0,1000
5128,1040,4,0,500,1000,0,0,227,0,0,0,0,0,0,0,117,1,0,0,0,-147.5,0,0,0,0,0,0,1000
5129,1040,5,0,500,1000,0,0,226,0,0,0,0,0,0,0,117,1,0,0,0,-147.5,0,0,0,0,0,0,1000
5130,1040,6,0,500,1000,0,0,225,0,0,0,0,0,0,0,117,1,0,0,0,-147.5,0,0,0,0,0,0,1000
5131,1040,7,0,500,1000,0,0,224,0,0,0,0,0,0,0,117,1,0,0,0,-147.5,0,0,0,0,0,0,1000
5132,1040,8,0,500,1000,0,0,223,0,0,0,0,0,0,0,117,1,0,0,0,-147.5,0,0,0,0,0,0,1000
5133,1040,9,0,500,1000,0,0,222,0,0,0,0,0,0,0,117,1,0,0,0,-147.5,0,0,0,0,0,0,1000
5134,1040,10,0,500,1000,0,0,221,0,0,0,0,0,0,0,117,1,0,0,0,-147.5,0,0,0,0,0,0,1000
5135,1040,11,0,500,1000,0,0,220,0,0,0,0,0,0,0,117,1,0,0,0,-147.5,0,0,0,0,0,0,1000
5136,1040,12,0,500,1000,0,0,219,0,0,0,0,0,0,0,117,1,0,0,0,-147.5,0,0,0,0,0,0,1000
5137,1040,13,0,500,1000,0,0,218,0,0,0,0,0,0,0,117,1,0,0,0,-147.5,0,0,0,0,0,0,1000
5138,1040,14,0,500,1000,0,0,217,0,0,0,0,0,0,0,117,1,0,0,0,-147.5,0,0,0,0,0,0,1000
5139,1040,15,0,500,1000,0,0,216,0,0,0,0,0,0,0,117,1,0,0,0,-147.5,0,0,0,0,0,0,1000
5140,1040,16,0,500,1000,0,0,215,0,0,0,0,0,0,0,117,1,0,0,0,-147.5,0,0,0,0,0,0,1000
5141,1040,17,0,500,1000,0,0,214,0,0,0,0,0,0,0,117,1,0,0,0,-147.5,0,0,0,0,0,0,1000
5142,1040,18,0,500,1000,0,0,213,0,0,0,0,0,0,0,117,1,0,0,0,-147.5,0,0,0,0,0,0,1000
5143,1040,19,0,500,1000,0,0,212,0,0,0,0,0,0,0,117,1,0,0,0,-147.5,0,0,0,0,0,0,1000
5144,1040,20,0,500,1000,0,0,211,0,0,0,0,0,0,0,117,1,0,0,0,-147.5,0,0,0,0,0,0,1000
5145,1040,21,0,500,1000,0,0,210,0,0,0,0,0,0,0,117,1,0,0,0,-147.5,0,0,0,0,0,0,1000
5146,1040,22,0,500,1000,0,0,209,0,0,0,0,0,0,0,117,1,0,0,0,-147.5,0,0,0,0,0,0,1000
5147,1040,23,0,500,1000,0,0,208,0,0,0,0,0,0,0,117,1,0,0,0,-147.5,0,0,0,0,0,0,1000
5148,1040,24,0,500,1000,0,0,207,0,0,0,0,0,0,0,117,1,0,0,0,-147.5,0,0,0,0,0,0,1000
5149,1040,25,0,500,1000,0,0,206,0,0,0,0,0,0,0,117,1,0,0,0,-147.5,0,0,1,0,0,0,1000
5150,1040,26,0,500,1000,0,0,205,0,0,0,0,0,0,0,117,1,0,0,0,-147.5,0,0,1,0,0,0,1000
5151,1040,27,0,500,1000,0,0,204,0,0,0,0,0,0,0,117,1,0,0,0,-147.5,0,0,1,0,0,0,1000
5152,1040,28,0,500,1000,0,0,203,0,0,0,0,0,0,0,117,1,0,0,0,-147.5,0,0,1,0,0,0,1000
5153,1040,29,0,500,1000,0,0,202,0,0,0,0,0,0,0,117,1,0,0,0,-147.5,0,0,1,0,0,0,1000
5154,1040,30,0,500,1000,0,0,201,0,0,0,0,0,0,0,117,1,0,0,0,-147.5,0,0,1,0,0,0,1000
5155,1040,31,0,500,1000,0,0,200,0,0,0,0,0,0,0,117,1,0,0,0,-147.5,0,0,1,0,0,0,1000
5156,1040,32,0,500,1000,0,0,199,0,0,0,0,0,0,0,117,1,0,0,0,-147.5,0,0,1,0,0,0,1000
5157,1040,33,0,500,1000,0,0,198,0,0,0,0,0,0,0,117,1,0,0,0,-147.5,0,0,1,0,0,0,1000
5158,1040,34,0,500,1000,0,0,197,0,0,0,0,0,0,0,117,1,0,0,0,-147.5,0,0,1,0,0,0,1000
5159,1040,35,0,500,1000,0,0,196,0,0,0,0,0,0,0,117,1,0,0,0,-147.5,0,0,1,0,0,0,1000
5160,1040,36,0,500,1000,0,0,195,0,0,0,0,0,0,0,117,1,0,0,0,-147.5,0,0,1,0,0,0,1000
5161,1040,37,0,500,1000,0,0,194,0,0,0,0,0,0,0,117,1,0,0,0,-147.5,0,0,1,0,0,0,1000
5162,1040,38,0,500,1000,0,0,193,0,0,0,0,0,0,0,117,1,0,0,0,-147.5,0,0,1,0,0,0,1000
5163,1040,39,0,500,1000,0,0,192,0,0,0,0,0,0,0,117,1,0,0,0,-147.5,0,0,1,0,0,0,1000
5164,1040,40,0,500,1000,0,0,191,0,0,0,0,0,0,0,117,1,0,0,0,-147.5,0,0,1,0,0,0,1000
5165,1040,41,0,500,1000,0,0,190,0,0,0,0,0,0,0,117,1,0,0,0,-147.5,0,0,1,0,0,0,1000
5166,1040,42,0,500,1000,0,0,189,0,0,0,0,0,0,0,117,1,0,0,0,-147.5,0,0,1,0,0,0,1000
5167,0,1,0,500,1000,0,0,188,0,0,0,0,0,0,0,117,1,0,0,0,-147.5,0,0,1,0,0,0,1000
5168,0,2,0,500,1000,0,0,187,0,0,0,0,0,0,0,117,1,0,0,0,-147.5,0,0,1,0,0,0,1000
5169,0,3,0,500,1000,0,0,186,0,0,0,0,0,0,0,117,1,0,0,0,-147.5,0,0,1,0,0,0,1000
5170,0,4,0,500,1000,0,0,185,0,0,0,0,0,0,0,117,1,0,0,0,-147.5,0,0,1,0,0,0,1000
5171,0,5,0,500,1000,0,0,184,0,0,0,0,0,0,0,117,1,0,0,0,-147.5,0,0,1,0,0,0,1000
5172,0,6,0,500,1000,0,0,183,0,0,0,0,0,0,0,117,1,0,0,0,-147.5,0,0,1,0,0,0,1000
5173,0,7,0,500,1000,0,0,182,0,0,0,0,0,0,0,117,1,0,0,0,-147.5,0,0,1,0,0,0,1000
5174,0,8,0,500,1000,0,0,181,0,0,0,0,0,0,0,117,1,0,0,0,-147.5,0,0,1,0,0,0,1000
5175,0,9,0,500,1000,0,0,180,0,0,0,0,0,0,0,117,1,0,0,0,-147.5,0,0,1,0,0,0,1000
5176,0,10,0,500,1000,0,0,179,0,0,0,0,0,0,0,117,1,0,0,0,-147.5,0,0,1,0,0,0,1000
5177,0,11,0,500,1000,0,0,178,0,0,0,0,0,0,0,117,1,0,0,0,-147.5,0,0,1,0,0,0,1000
5178,0,12,0,500,1000,0,0,177,0,0,0,0,0,0,0,117,1,0,0,0,-147.5,0,0,1,0,0,0,1000
5179,0,13,0,500,1000,0,0,176,0,0,0,0,0,0,0,117,1,0,0,0,-147.5,0,0,1,0,0,0,1000
5180,0,14,0,500,1000,0,0,175,0,0,0,0,0,0,0,117,1,0,0,0,-147.5,0,0,1,0,0,0,1000
5181,0,15,0,500,1000,0,0,174,0,0,0,0,0,0,0,117,1,0,0,0,-147.5,0,0,1,0,0,0,1000
5182,0,16,0,500,1000,0,0,173,0,0,0,0,0,0,0,117,1,0,0,0,-147.5,0,0,1,0,0,0,1000
5183,0,17,0,500,1000,0,0,172,0,0,0,0,0,0,0,117,1,0,0,0,-147.5,0,0,1,0,0,0,1000
5184,0,18,0,500,1000,0,0,171,0,0,0,0,0,0,0,117,1,0,0,0,-147.5,0,0,1,0,0,0,1000
5185,0,19,0,500,1000,0,0,170,0,0,0,0,0,0,0,117,1,0,0,0,-147.5,0,0,1,0,0,0,1000
5186,0,20,0,500,1000,0,0,169,0,0,0,0,0,0,0,117,1,0,0,0,-147.5,0,0,1,0,0,0,1000
5187,0,21,0,500,1000,0,0,168,0,0,0,0,0,0,0,117,1,0,0,0,-147.5,0,0,1,0,0,0,1000
5188,0,22,0,500,1000,0,0,167,0,0,0,0,0,0,0,117,1,0,0,0,-147.5,0,0,1,0,0,0,1000
5189,0,23,0,500,1000,0,0,166,0,0,0,0,0,0,0,117,1,0,0,0,-147.5,0,0,1,0,0,0,1000
5190,0,24,0,500,1000,0,0,165,0,0,0,0,0,0,0,117,1,0,0,0,-147.5,0,0,1,0,0,0,1000
5191,0,25,0,500,1000,0,0,164,0,0,0,0,0,0,0,117,1,0,0,0,-147.5,0,0,1,0,0,0,1000
5192,0,26,0,500,1000,0,0,163,0,0,0,0,0,0,0,117,1,0,0,0,-147.5,0,0,1,0,0,0,1000
5193,0,27,0,500,1000,0,0,162,0,0,0,0,0,0,0,117,1,0,0,0,-147.5,0,0,1,0,0,0,1000
5194,0,28,0,500,1000,0,0,161,0,0,0,0,0,0,0,117,1,0,0,0,-147.5,0,0,1,0,0,0,1000
5195,0,29,0,500,1000,0,0,160,0,0,0,0,0,0,0,117,1,0,0,0,-147.5,0,0,1,0,0,0,1000
5196,0,30,0,500,1000,0,0,159,0,0,0,0,0,0,0,117,1,0,0,0,-147.5,0,0,1,0,0,0,1000
5197,0,31,0,500,1000,0,0,158,0,0,0,0,0,0,0,117,1,0,0,0,-147.5,0,0,1,0,0,0,1000
5198,0,32,0,500,1000,0,0,157,0,0,0,0,0,0,0,117,1,0,0,0,-147.5,0,0,1,0,0,0,1000
5199,0,33,0,500,1000,0,0,156,0,0,0,0,0,0,0,117,1,0,0,0,-147.5,0,0,1,0,0,0,1000
5200,0,34,0,500,1000,0,0,155,0,0,0,0,0,0,0,117,1,0,0,0,-147.5,0,0,1,0,0,0,1000
5201,0,35,0,500,1000,0,0,154,0,0,0,0,0,0,0,117,1,0,0,0,-147.5,0,0,1,0,0,0,1000
5202,0,36,0,500,1000,0,0,153,0,0,0,0,0,0,0,117,1,0,0,0,-147.5,0,0,1,0,0,0,1000
5203,0,37,0,500,1000,0,0,152,0,0,0,0,0,0,0,117,1,0,0,0,-147.5,0,0,1,0,0,0,1000
5204,0,38,0,500,1000,0,0,151,0,0,0,0,0,0,0,117,1,0,0,0,-147.5,0,0,1,0,0,0,1000
5205,0,39,0,500,1000,0,0,150,0,0,0,0,0,0,0,117,1,0,0,0,-147.5,0,0,1,0,0,0,1000
5206,0,40,0,500,1000,0,0,149,0,0,0,0,0,0,0,117,1,0,0,0,-147.5,0,0,1,0,0,0,1000
5207,0,41,0,500,1000,0,0,148,0,0,0,0,0,0,0,117,1,0,0,0,-147.5,0,0,1,0,0,0,1000
5208,0,42,0,500,1000,0,0,147,0,0,0,0,0,0,0,117,1,0,0,0,-147.5,0,0,1,0,0,0,1000
5209,0,43,0,500,1000,0,0,146,0,0,0,0,0,0,0,117,1,0,0,0,-147.5,0,0,1,0,0,0,1000
5210,0,44,0,500,1000,0,0,145,0,0,0,0,0,0,0,117,1,0,0,0,-147.5,0,0,1,0,0,0,1000
5211,0,45,0,500,1000,0,0,144,0,0,0,0,0,0,0,117,1,0,0,0,-147.5,0,0,1,0,0,0,1000
5212,0,46,0,500,1000,0,0,143,0,0,0,0,0,0,0,117,1,0,0,0,-147.5,0,0,1,0,0,0,1000
5213,0,47,0,500,1000,0,0,142,0,0,0,0,0,0,0,117,1,0,0,0,-147.5,0,0,1,0,0,0,1000
5214,0,48,0,500,1000,0,0,141,0,0,0,0,0,0,0,117,1,0,0,0,-147.5,0,0,1,0,0,0,1000
5215,0,49,0,500,1000,0,0,140,0,0,0,0,0,0,0,117,1,0,0,0,-147.5,0,0,1,0,0,0,1000
5216,0,50,0,500,1000,0,0,139,0,0,0,0,0,0,0,117,1,0,0,0,-147.5,0,0,1,0,0,0,1000
5217,0,51,0,500,1000,0,0,138,0,0,0,0,0,0,0,117,1,0,0,0,-147.5,0,0,1,0,0,0,1000
5218,0,52,0,500,1000,0,0,137,0,0,0,0,0,0,0,117,1,0,0,0,-147.5,0,0,1,0,0,0,1000
5219,0,53,0,500,1000,0,0,136,0,0,0,0,0,0,0,117,1,0,0,0,-147.5,0,0,1,0,0,0,1000
5220,0,54,0,500,1000,0,0,135,0,0,0,0,0,0,0,117,1,0,0,0,-147.5,0,0,1,0,0,0,1000
5221,0,55,0,500,1000,0,0,134,0,0,0,0,0,0,0,117,1,0,0,0,-147.5,0,0,1,0,0,0,1000
5222,0,56,0,500,1000,0,0,133,0,0,0,0,0,0,0,117,1,0,0,0,-147.5,0,0,1,0,0,0,1000
5223,0,57,0,500,1000,0,0,132,0,0,0,0,0,0,0,117,1,0,0,0,-147.5,0,0,1,0,0,0,1000
5224,0,58,0,500,1000,0,0,131,0,0,0,0,0,0,0,117,1,0,0,0,-147.5,0,0,1,0,0,0,1000
5225,0,59,0,500,1000,0,0,130,0,0,0,0,0,0,0,117,1,0,0,0,-147.5,0,0,1,0,0,0,1000
5226,0,60,0,500,1000,0,0,129,0,0,0,0,0,0,0,117,1,0,0,0,-147.5,0,0,1,0,0,0,1000
5227,0,61,0,500,1000,0,0,128,0,0,0,0,0,0,0,117,1,0,0,0,-147.5,0,0,1,0,0,0,1000
5228,0,62,0,500,1000,0,0,127,0,0,0,0,0,0,0,117,1,0,0,0,-147.5,0,0,1,0,0,0,1000
5229,0,63,0,500,1000,0,0,126,0,0,0,0,0,0,0,117,1,0,0,0,-147.5,0,0,1,0,0,0,1000
5230,0,64,0,500,1000,0,0,125,0,0,0,0,0,0,0,117,1,0,0,0,-147.5,0,0,1,0,0,0,1000
5231,0,65,0,500,1000,0,0,124,0,0,0,0,0,0,0,117,1,0,0,0,-147.5,0,0,1,0,0,0,1000
5232,0,66,0,500,1000,0,0,123,0,0,0,0,0,0,0,117,1,0,0,0,-147.5,0,0,1,0,0,0,1000
5233,0,67,0,500,1000,0,0,122,0,0,0,0,0,0,0,117,1,0,0,0,-147.5,0,0,1,0,0,0,1000
5234,0,68,0,500,1000,0,0,121,0,0,0,0,0,0,0,117,1,0,0,0,-147.5,0,0,1,0,0,0,1000
5235,0,69,0,500,1000,0,0,120,0,0,0,0,0,0,0,117,1,0,0,0,-147.5,0,0,1,0,0,0,1000
5236,0,70,0,500,1000,0,0,119,0,0,0,0,0,0,0,117,1,0,0,0,-147.5,0,0,1,0,0,0,1000
5237,0,71,0,500,1000,0,0,118,0,0,0,0,0,0,0,117,1,0,0,0,-147.5,0,0,1,0,0,0,1000
5238,0,72,0,500,1000,0,0,117,0,0,0,0,0,0,0,117,1,0,0,0,-147.5,0,0,1,0,0,0,1000
5239,0,73,0,500,1000,0,0,116,0,0,0,0,0,0,0,117,1,0,0,0,-147.5,0,0,1,0,0,0,1000
5240,0,74,0,500,1000,0,0,115,0,0,0,0,0,0,0,117,1,0,0,0,-147.5,0,0,1,0,0,0,1000
5241,0,75,0,500,1000,0,0,114,0,0,0,0,0,0,0,117,1,0,0,0,-147.5,0,0,1,0,0,0,1000
5242,0,76,0,500,1000,0,0,113,0,0,0,0,0,0,0,117,1,0,0,0,-147.5,0,0,1,0,0,0,1000
5243,0,77,0,500,1000,0,0,112,0,0,0,0,0,0,0,117,1,0,0,0,-147.5,0,0,1,0,0,0,1000
5244,0,78,0,500,1000,0,0,111,0,0,0,0,0,0,0,117,1,0,0,0,-147.5,0,0,1,0,0,0,1000
5245,0,79,0,500,1000,0,0,110,0,0,0,0,0,0,0,117,1,0,0,0,-147.5,0,0,1,0,0,0,1000
5246,0,80,0,500,1000,0,0,109,0,0,0,0,0,0,0,117,1,0,0,0,-147.5,0,0,1,0,0,0,1000
5247,0,81,0,500,1000,0,0,108,0,0,0,0,0,0,0,117,1,0,0,0,-147.5,0,0,1,0,0,0,1000
5248,0,82,0,500,1000,0,0,107,0,0,0,0,0,0,0,117,1,0,0,0,-147.5,0,0,1,0,0,0,1000
5249,0,83,0,500,1000,0,0,106,0,0,0,0,0,0,0,117,1,0,0,0,-147.5,0,0,1,0,0,0,1000
5250,0,84,0,500,1000,0,0,105,0,0,0,0,0,0,0,117,1,0,0,0,-147.5,0,0,1,0,0,0,1000
5251,0,85,0,500,1000,0,0,104,0,0,0,0,0,0,0,117,1,0,0,0,-147.5,0,0,1,0,0,0,1000
5252,0,86,0,500,1000,0,0,103,0,0,0,0,0,0,0,117,1,0,0,0,-147.5,0,0,1,0,0,0,1000
5253,0,87,0,500,1000,0,0,102,0,0,0,0,0,0,0,117,1,0,0,0,-147.5,0,0,1,0,0,0,1000
5254,0,88,0,500,1000,0,0,101,0,0,0,0,0,0,0,117,1,0,0,0,-147.5,0,0,1,0,0,0,1000
5255,0,89,0,500,1000,0,0,100,0,0,0,0,0,0,0,117,1,0,0,0,-147.5,0,0,1,0,0,0,1000
5256,0,90,0,500,1000,0,0,99,0,0,0,0,0,0,0,117,1,0,0,0,-147.5,0,0,1,0,0,0,1000
5257,0,91,0,500,1000,0,0,98,0,0,0,0,0,0,0,117,1,0,0,0,-147.5,0,0,1,0,0,0,1000
5258,0,92,0,500,1000,0,0,97,0,0,0,0,0,0,0,117,1,0,0,0,-147.5,0,0,1,0,0,0,1000
5259,0,93,0,500,1000,0,0,96,0,0,0,0,0,0,0,117,1,0,0,0,-147.5,0,0,1,0,0,0,1000
5260,0,94,0,500,1000,0,0,95,0,0,0,0,0,0,0,117,1,0,0,0,-147.5,0,0,1,0,0,0,1000
5261,0,95,0,500,1000,0,0,94,0,0,0,0,0,0,0,117,1,0,0,0,-147.5,0,0,1,0,0,0,1000
5262,0,96,0,500,1000,0,0,93,0,0,0,0,0,0,0,117,1,0,0,0,-147.5,0,0,1,0,0,0,1000
5263,0,97,0,500,1000,0,0,92,0,0,0,0,0,0,0,117,1,0,0,0,-147.5,0,0,1,0,0,0,1000
5264,0,98,0,500,1000,0,0,91,0,0,0,0,0,0,0,117,1,0,0,0,-147.5,0,0,1,0,0,0,1000
5265,0,99,0,500,1000,0,0,90,0,0,0,0,0,0,0,117,1,0,0,0,-147.5,0,0,1,0,0,0,1000
5266,0,100,0,500,1000,0,0,89,0,0,0,0,0,0,0,117,1,0,0,0,-147.5,0,0,1,0,0,0,1000
5267,0,101,0,500,1000,0,0,88,0,0,0,0,0,0,0,117,1,0,0,0,-147.5,0,0,1,0,0,0,1000
5268,0,102,0,500,1000,0,0,87,0,0,0,0,0,0,0,117,1,0,0,0,-147.5,0,0,1,0,0,0,1000
5269,0,103,0,500,1000,0,0,86,0,0,0,0,0,0,0,117,1,0,0,0,-147.5,0,0,1,0,0,0,1000
5270,0,104,0,500,1000,0,0,85,0,0,0,0,0,0,0,117,1,0,0,0,-147.5,0,0,1,0,0,0,1000
5271,0,105,0,500,1000,0,0,84,0,0,0,0,0,0,0,117,1,0,0,0,-147.5,0,0,1,0,0,0,1000
5272,0,106,0,500,1000,0,0,83,0,0,0,0,0,0,0,117,1,0,0,0,-147.5,0,0,1,0,0,0,1000
5273,0,107,0,500,1000,0,0,82,0,0,0,0,0,0,0,117,1,0,0,0,-147.5,0,0,1,0,0,0,1000
5274,0,108,0,500,1000,0,0,81,0,0,0,0,0,0,0,117,1,0,0,0,-147.5,0,0,1,0,0,0,1000
5275,0,109,0,500,1000,0,0,80,0,0,0,0,0,0,0,117,1,0,0,0,-147.5,0,0,1,0,0,0,1000
5276,0,110,0,500,1000,0,0,79,0,0,0,0,0,0,0,117,1,0,0,0,-147.5,0,0,1,0,0,0,1000
5277,0,111,0,500,1000,0,0,78,0,0,0,0,0,0,0,117,1,0,0,0,-147.5,0,0,1,0,0,0,1000
5278,0,112,0,500,1000,0,0,77,0,0,0,0,0,0,0,117,1,0,0,0,-147.5,0,0,1,0,0,0,1000
5279,0,113,0,500,1000,0,0,76,0,0,0,0,0,0,0,117,1,0,0,0,-147.5,0,0,1,0,0,0,1000
5280,0,114,0,500,1000,0,0,75,0,0,0,0,0,0,0,117,1,0,0,0,-147.5,0,0,1,0,0,0,1000
5281,0,115,0,500,1000,0,0,74,0,0,0,0,0,0,0,117,1,0,0,0,-147.5,0,0,1,0,0,0,1000
5282,0,116,0,500,1000,0,0,73,0,0,0,0,0,0,0,117,1,0,0,0,-147.5,0,0,1,0,0,0,1000
5283,0,117,0,500,1000,0,0,72,0,0,0,0,0,0,0,117,1,0,0,0,-147.5,0,0,1,0,0,0,1000
5284,0,118,0,500,1000,0,0,71,0,0,0,0,0,0,0,117,1,0,0,0,-147.5,0,0,1,0,0,0,1000
5285,0,119,0,500,1000,0,0,70,0,0,0,0,0,0,0,117,1,0,0,0,-147.5,0,0,1,0,0,0,1000
5286,0,120,0,500,1000,0,0,69,0,0,0,0,0,0,0,117,1,0,0,0,-147.5,0,0,1,0,0,0,1000
5287,0,121,0,500,1000,0,0,68,0,0,0,0,0,0,0,117,1,0,0,0,-147.5,0,0,1,0,0,0,1000
5288,0,122,0,500,1000,0,0,67,0,0,0,0,0,0,0,117,1,0,0,0,-147.5,0,0,1,0,0,0,1000
5289,0,123,0,500,1000,0,0,66,0,0,0,0,0,0,0,117,1,0,0,0,-147.5,0,0,1,0,0,0,1000
5290,0,124,0,500,1000,0,0,65,0,0,0,0,0,0,0,117,1,0,0,0,-147.5,0,0,1,0,0,0,1000
5291,0,125,0,500,1000,0,0,64,0,0,0,0,0,0,0,117,1,0,0,0,-147.5,0,0,1,0,0,0,1000
5292,0,126,0,500,1000,0,0,63,0,0,0,0,0,0,0,117,1,0,0,0,-147.5,0,0,1,0,0,0,1000
5293,0,127,0,500,1000,0,0,62,0,0,0,0,0,0,0,117,1,0,0,0,-147.5,0,0,1,0,0,0,1000
5294,0,128,0,500,1000,0,0,61,0,0,0,0,0,0,0,117,1,0,0,0,-147.5,0,0,1,0,0,0,1000
5295,0,129,0,500,1000,0,0,60,0,0,0,0,0,0,0,117,1,0,0,0,-147.5,0,0,1,0,0,0,1000
5296,0,130,0,500,1000,0,0,59,0,0,0,0,0,0,0,117,1,0,0,0,-147.5,0,0,1,0,0,0,1000
5297,0,131,0,500,1000,0,0,58,0,0,0,0,0,0,0,117,1,0,0,0,-147.5,0,0,1,0,0,0,1000
5298,0,132,0,500,1000,0,0,57,0,0,0,0,0,0,0,117,1,0,0,0,-147.5,0,0,1,0,0,0,1000
5299,0,133,0,500,1000,0,0,56,0,0,0,0,0,0,0,117,1,0,0,0,-147.5,0,0,1,0,0,0,1000
5300,0,134,0,500,1000,0,0,55,0,0,0,0,0,0,0,117,1,0,0,0,-147.5,0,0,1,0,0,0,1000
5301,0,135,0,500,1000,0,0,54,0,0,0,0,0,0,0,117,1,0,0,0,-147.5,0,0,1,0,0,0,1000
5302,0,136,0,500,1000,0,0,53,0,0,0,0,0,0,0,117,1,0,0,0,-147.5,0,0,1,0,0,0,1000
5303,0,137,0,500,1000,0,0,52,0,0,0,0,0,0,0,117,1,0,0,0,-147.5,0,0,1,0,0,0,1000
5304,0,138,0,500,1000,0,0,51,0,0,0,0,0,0,0,117,1,0,0,0,-147.5,0,0,1,0,0,0,1000
5305,0,139,0,500,1000,0,0,50,0,0,0,0,0,0,0,117,1,0,0,0,-147.5,0,0,1,0,0,0,1000
5306,0,140,0,500,1000,0,0,49,0,0,0,0,0,0,0,117,1,0,0,0,-147.5,0,0,1,0,0,0,1000
5307,0,141,0,500,1000,0,0,48,0,0,0,0,0,0,0,117,1,0,0,0,-147.5,0,0,1,0,0,0,1000
5308,0,142,0,500,1000,0,0,47,0,0,0,0,0,0,0,117,1,0,0,0,-147.5,0,0,1,0,0,0,1000
5309,0,143,0,500,1000,0,0,46,0,0,0,0,0,0,0,117,1,0,0,0,-147.5,0,0,1,0,0,0,1000
5310,0,144,0,500,1000,0,0,45,0,0,0,0,0,0,0,117,1,0,0,0,-147.5,0,0,1,0,0,0,1000
5311,0,145,0,500,1000,0,0,44,0,0,0,0,0,0,0,117,1,0,0,0,-147.5,0,0,1,0,0,0,1000
5312,0,146,0,500,1000,0,0,43,0,0,0,0,0,0,0,117,1,0,0,0,-147.5,0,0,1,0,0,0,1000
5313,0,147,0,500,1000,0,0,42,0,0,0,0,0,0,0,117,1,0,0,0,-147.5,0,0,1,0,0,0,1000
5314,0,148,0,500,1000,0,0,41,0,0,0,0,0,0,0,117,1,0,0,0,-147.5,0,0,1,0,0,0,1000
5315,0,149,0,500,1000,0,0,40,0,0,0,0,0,0,0,117,1,0,0,0,-147.5,0,0,1,0,0,0,1000
5316,0,150,0,500,1000,0,0,39,0,0,0,0,0,0,0,117,1,0,0,0,-147.5,0,0,1,0,0,0,1000
5317,0,151,0,500,1000,0,0,38,0,0,0,0,0,0,0,117,1,0,0,0,-147.5,0,0,1,0,0,0,1000
5318,0,152,0,500,1000,0,0,37,0,0,0,0,0,0,0,117,1,0,0,0,-147.5,0,0,1,0,0,0,1000
5319,0,153,0,500,1000,0,0,36,0,0,0,0,0,0,0,117,1,0,0,0,-147.5,0,0,1,0,0,0,1000
5320,0,154,0,500,1000,0,0,35,0,0,0,0,0,0,0,117,1,0,0,0,-147.5,0,0,1,0,0,0,1000
5321,0,155,0,500,1000,0,0,34,0,0,0,0,0,0,0,117,1,0,0,0,-147.5,0,0,1,0,0,0,1000
5322,0,156,0,500,1000,0,0,33,0,0,0,0,0,0,0,117,1,0,0,0,-147.5,0,0,1,0,0,0,1000
5323,0,157,0,500,1000,0,0,32,0,0,0,0,0,0,0,117,1,0,0,0,-147.5,0,0,1,0,0,0,1000
5324,0,158,0,500,1000,0,0,31,0,0,0,0,0,0,0,117,1,0,0,0,-147.5,0,0,1,0,0,0,1000
5325,0,159,0,500,1000,0,0,30,0,0,0,0,0,0,0,117,1,0,0,0,-147.5,0,0,1,0,0,0,1000
5326,0,160,0,500,1000,0,0,29,0,0,0,0,0,0,0,117,1,0,0,0,-147.5,0,0,1,0,0,0,1000
5327,0,161,0,500,1000,0,0,28,0,0,0,0,0,0,0,117,1,0,0,0,-147.5,0,0,1,0,0,0,1000
5328,0,162,0,500,1000,0,0,27,0,0,0,0,0,0,0,117,1,0,0,0,-147.5,0,0,1,0,0,0,1000
5329,0,163,0,500,1000,0,0,26,0,0,0,0,0,0,0,117,1,0,0,0,-147.5,0,0,1,0,0,0,1000
5330,0,164,0,500,1000,0,0,25,0,0,0,0,0,0,0,117,1,0,0,0,-147.5,0,0,1,0,0,0,1000
5331,0,165,0,500,1000,0,0,24,0,0,0,0,0,0,0,117,1,0,0,0,-147.5,0,0,1,0,0,0,1000
5332,0,166,0,500,1000,0,0,23,0,0,0,0,0,0,0,117,1,0,0,0,-147.5,0,0,1,0,0,0,1000
5333,0,167,0,500,1000,0,0,22,0,0,0,0,0,0,0,117,1,0,0,0,-147.5,0,0,1,0,0,0,1000
5334,0,168,0,500,1000,0,0,21,0,0,0,0,0,0,0,117,1,0,0,0,-147.5,0,0,1,0,0,0,1000
5335,0,169,0,500,1000,0,0,20,0,0,0,0,0,0,0,117,1,0,0,0,-147.5,0,0,1,0,0,0,1000
5336,0,170,0,500,1000,0,0,19,0,0,0,0,0,0,0,117,1,0,0,0,-147.5,0,0,1,0,0,0,1000
5337,0,171,0,500,1000,0,0,18,0,0,0,0,0,0,0,117,1,0,0,0,-147.5,0,0,1,0,0,0,1000
5338,0,172,0,500,1000,0,0,17,0,0,0,0,0,0,0,117,1,0,0,0,-147.5,0,0,1,0,0,0,1000
5339,0,173,0,500,1000,0,0,16,0,0,0,0,0,0,0,117,1,0,0,0,-147.5,0,0,1,0,0,0,1000
5340,0,174,0,500,1000,0,0,15,0,0,0,0,0,0,0,117,1,0,0,0,-147.5,0,0,1,0,0,0,1000
5341,0,175,0,500,1000,0,0,14,0,0,0,0,0,0,0,117,1,0,0,0,-147.5,0,0,1,0,0,0,1000
5342,0,176,0,500,1000,0,0,13,0,0,0,0,0,0,0,117,1,0,0,0,-147.5,0,0,1,0,0,0,1000
5343,0,177,0,500,1000,0,0,12,0,0,0,0,0,0,0,117,1,0,0,0,-147.5,0,0,1,0,0,0,1000
5344,0,178,0,500,1000,0,0,11,0,0,0,0,0,0,0,117,1,0,0,0,-147.5,0,0,1,0,0,0,1000
5345,0,179,0,500,1000,0,0,10,0,0,0,0,0,0,0,117,1,0,0,0,-147.5,0,0,1,0,0,0,1000
5346,0,180,0,500,1000,0,0,9,0,0,0,0,0,0,0,117,1,0,0,0,-147.5,0,0,1,0,0,0,1000
5347,0,181,0,500,1000,0,0,8,0,0,0,0,0,0,0,117,1,0,0,0,-147.5,0,0,1,0,0,0,1000
5348,0,182,0,500,1000,0,0,7,0,0,0,0,0,0,0,117,1,0,0,0,-147.5,0,0,1,0,0,0,1000
5349,0,183,0,500,1000,0,0,6,0,0,0,0,0,0,0,117,1,0,0,0,-147.5,0,0,1,0,0,0,1000
5350,0,184,0,500,1000,0,0,5,0,0,0,0,0,0,0,117,1,0,0,0,-147.5,0,0,1,0,0,0,1000
5351,0,185,0,500,1000,0,0,4,0,0,0,0,0,0,0,117,1,0,0,0,-147.5,0,0,1,0,0,0,1000
5352,0,186,0,500,1000,0,0,3,0,0,0,0,0,0,0,117,1,0,0,0,-147.5,0,0,1,0,0,0,1000
5353,0,187,0,500,1000,0,0,2,0,0,0,0,0,0,0,117,1,0,0,0,-147.5,0,0,1,0,0,0,1000
5354,0,188,0,500,1000,0,0,1,0,0,0,0,0,0,0,117,1,0,0,0,-147.5,0,0,1,0,0,0,1000
5355,0,189,0,500,1000,0,0,0,0,0,0,0,0,0,0,117,1,0,0,0,-147.5,0,0,1,0,0,0,1000
5356,0,190,0,500,1000,0,0,0,0,0,0,0,0,0,0,117,1,0,0,0,-147.5,0,0,1,0,0,0,1000
5357,0,191,0,500,1000,0,0,0,0,0,0,0,0,0,0,117,1,0,0,0,-147.5,0,0,1,0,0,0,1000
5358,0,192,0,500,1000,0,0,0,0,0,0,0,0,0,0,117,1,0,0,0,-147.5,0,0,1,0,0,0,1000
5359,0,193,0,500,1000,0,0,0,0,0,0,0,0,0,0,117,1,0,0,0,-147.5,0,0,1,0,0,0,1000
5360,0,194,0,500,1000,0,0,0,0,0,0,0,0,0,0,117,1,0,0,0,-147.5,0,0,1,0,0,0,1000
5361,0,195,0,500,1000,0,0,0,0,0,0,0,0,0,0,117,1,0,0,0,-147.5,0,0,1,0,0,0,1000
5362,0,196,0,500,1000,0,0,0,0,0,0,0,0,0,0,117,1,0,0,0,-147.5,0,0,1,0,0,0,1000
5363,0,197,0,500,1000,0,0,0,0,0,0,0,0,0,0,117,1,0,0,0,-147.5,0,0,1,0,0,0,1000
5364,0,198,0,500,1000,0,0,0,0,0,0,0,0,0,0,117,1,0,0,0,-147.5,0,0,1,0,0,0,1000
5365,0,199,0,500,1000,0,0,0,0,0,0,0,0,0,0,117,1,0,0,0,-147.5,0,0,1,0,0,0,1000
5366,0,200,0,500,1000,0,0,0,0,0,0,0,0,0,0,117,1,0,0,0,-147.5,0,0,1,0,0,0,1000
5367,0,201,0,500,1000,0,0,0,0,0,0,0,0,0,0,117,1,0,0,0,-147.5,0,0,1,0,0,0,1000
5368,0,202,0,500,1000,0,0,0,0,0,0,0,0,0,0,117,1,0,0,0,-147.5,0,0,1,0,0,0,1000
5369,0,203,0,500,1000,0,0,0,0,0,0,0,0,0,0,117,1,0,0,0,-147.5,0,0,1,0,0,0,1000
5370,0,204,0,500,1000,0,0,0,0,0,0,0,0,0,0,117,1,0,0,0,-147.5,0,0,1,0,0,0,1000
5371,0,205,0,500,1000,0,0,0,0,0,0,0,0,0,0,117,1,0,0,0,-147.5,0,0,1,0,0,0,1000
5372,0,206,0,500,1000,0,0,0,0,0,0,0,0,0,0,117,1,0,0,0,-147.5,0,0,1,0,0,0,1000
5373,0,207,0,500,1000,0,0,0,0,0,0,0,0,0,0,117,1,0,0,0,-147.5,0,0,1,0,0,0,1000
5374,0,208,0,500,1000,0,0,0,0,0,0,0,0,0,0,117,1,0,0,0,-147.5,0,0,1,0,0,0,1000
5375,0,209,0,500,1000,0,0,0,0,0,0,0,0,0,0,117,1,0,0,0,-147.5,0,0,1,0,0,0,1000
5376,0,210,0,500,1000,0,0,0,0,0,0,0,0,0,0,117,1,0,0,0,-147.5,0,0,1,0,0,0,1000
5377,0,211,0,500,1000,0,0,0,0,0,0,0,0,0,0,117,1,0,0,0,-147.5,0,0,1,0,0,0,1000
5378,0,212,0,500,1000,0,0,0,0,0,0,0,0,0,0,117,1,0,0,0,-147.5,0,0,1,0,0,0,1000
5379,0,213,0,500,1000,0,0,0,0,0,0,0,0,0,0,117,1,0,0,0,-147.5,0,0,1,0,0,0,1000
5380,0,214,0,500,1000,0,0,0,0,0,0,0,0,0,0,117,1,0,0,0,-147.5,0,0,1,0,0,0,1000
5381,0,215,0,500,1000,0,0,0,0,0,0,0,0,0,0,117,1,0,0,0,-147.5,0,0,1,0,0,0,1000
5382,0,216,0,500,1000,0,0,0,0,0,0,0,0,0,0,117,1,0,0,0,-147.5,0,0,1,0,0,0,1000
5383,0,217,0,500,1000,0,0,0,0,0,0,0,0,0,0,117,1,0,0,0,-147.5,0,0,1,0,0,0,1000
5384,0,218,0,500,1000,0,0,0,0,0,0,0,0,0,0,117,1,0,0,0,-147.5,0,0,1,0,0,0,1000
5385,0,219,0,500,1000,0,0,0,0,0,0,0,0,0,0,117,1,0,0,0,-147.5,0,0,1,0,0,0,1000
5386,0,220,0,500,1000,0,0,0,0,0,0,0,0,0,0,117,1,0,0,0,-147.5,0,0,1,0,0,0,1000
5387,0,221,0,500,1000,0,0,0,0,0,0,0,0,0,0,117,1,0,0,0,-147.5,0,0,1,0,0,0,1000
5388,0,222,0,500,1000,0,0,0,0,0,0,0,0,0,0,117,1,0,0,0,-147.5,0,0,1,0,0,0,1000
5389,0,223,0,500,1000,0,0,0,0,0,0,0,0,0,0,117,1,0,0,0,-147.5,0,0,1,0,0,0,1000
5390,0,224,0,500,1000,0,0,0,0,0,0,0,0,0,0,117,1,0,0,0,-147.5,0,0,1,0,0,0,1000
5391,0,225,0,500,1000,0,0,0,0,0,0,0,0,0,0,117,1,0,0,0,-147.5,0,0,1,0,0,0,1000
5392,0,226,0,500,1000,0,0,0,0,0,0,0,0,0,0,117,1,0,0,0,-147.5,0,0,1,0,0,0,1000
5393,0,227,0,500,1000,0,0,0,0,0,0,0,0,0,0,117,1,0,0,0,-147.5,0,0,1,0,0,0,1000
5394,0,228,0,500,1000,0,0,0,0,0,0,0,0,0,0,117,1,0,0,0,-147.5,0,0,1,0,0,0,1000
5395,0,229,0,500,1000,0,0,0,0,0,0,0,0,0,0,117,1,0,0,0,-147.5,0,0,1,0,0,0,1000
5396,0,230,0,500,1000,0,0,0,0,0,0,0,0,0,0,117,1,0,0,0,-147.5,0,0,1,0,0,0,1000
5397,0,231,0,500,1000,0,0,0,0,0,0,0,0,0,0,117,1,0,0,0,-147.5,0,0,1,0,0,0,1000
5398,0,232,0,500,1000,0,0,0,0,0,0,0,0,0,0,117,1,0,0,0,-147.5,0,0,1,0,0,0,1000
5399,0,233,0,500,1000,0,0,0,0,0,0,0,0,0,0,117,1,0,0,0,-147.5,0,0,1,0,0,0,1000
5400,0,234,0,500,1000,0,0,0,0,0,0,0,0,0,0,117,1,0,0,0,-147.5,0,0,1,0,0,0,1000
5401,0,235,0,500,1000,0,0,0,0,0,0,0,0,0,0,117,1,0,0,0,-147.5,0,0,1,0,0,0,1000
5402,0,236,0,500,1000,0,0,0,0,0,0,0,0,0,0,117,1,0,0,0,-147.5,0,0,1,0,0,0,1000
5403,0,237,0,500,1000,0,0,0,0,0,0,0,0,0,0,117,1,0,0,0,-147.5,0,0,1,0,0,0,1000
5404,0,238,0,500,1000,0,0,0,0,0,0,0,0,0,0,117,1,0,0,0,-147.5,0,0,1,0,0,0,1000
5405,0,239,0,500,1000,0,0,0,0,0,0,0,0,0,0,117,1,0,0,0,-147.5,0,0,1,0,0,0,1000
5406,0,240,0,500,1000,0,0,0,0,0,0,0,0,0,0,117,1,0,0,0,-147.5,0,0,1,0,0,0,1000
5407,0,241,0,500,1000,0,0,0,0,0,0,0,0,0,0,117,1,0,0,0,-147.5,0,0,1,0,0,0,1000
5408,0,242,0,500,1000,0,0,0,0,0,0,0,0,0,0,117,1,0,0,0,-147.5,0,0,1,0,0,0,1000
5409,0,243,0,500,1000,0,0,0,0,0,0,0,0,0,0,117,1,0,0,0,-147.5,0,0,1,0,0,0,1000
5410,0,1,3000,500,1000,0,240,0,0,0,0,0,0,0,0,118.375,1,0,0,0,-147.5,0,0,0,0,0,0,1000
5411,0,2,3000,500,1000,0,239,0,0,0,0,0,0,0,0,117.34375,1,0,0,0,-147.5,0,0,0,0,0,0,1000
5412,0,3,3000,500,1000,0,238,0,0,0,0,0,0,0,0,117.0859375,1,0,0,0,-147.5,0,0,0,0,0,0,1000
5413,0,4,3000,500,1000,0,237,0,0,0,0,0,0,0,0,117.021484375,1,0,0,0,-147.5,0,0,0,0,0,0,1000
5414,0,5,3000,500,1000,0,236,0,0,0,0,0,0,0,0,117.00537109375,1,0,0,0,-147.5,0,0,0,0,0,0,1000
5415,0,6,3000,500,1000,0,235,0,0,0,0,0,0,0,0,117.0013427734375,1,0,0,0,-147.5,0,0,0,0,0,0,1000
5416,0,7,3000,500,1000,0,234,0,0,0,0,0,0,0,0,117.00033569335938,1,0,0,0,-147.5,0,0,0,0,0,0,1000
5417,0,8,3000,500,1000,0,233,0,0,0,0,0,0,0,0,117.00008392333984,1,0,0,0,-147.5,0,0,0,0,0,0,1000
5418,0,9,3000,500,1000,0,232,0,0,0,0,0,0,0,0,117.0000228881836,1,0,0,0,-147.5,0,0,0,0,0,0,1000
5419,10,1,3000,500,1000,0,231,0,0,0,0,0,0,0,0,117.00000762939453,1,0,0,0,-147.5,0,0,0,0,0,0,1000
5420,10,2,3000,500,1000,0,230,0,0,0,0,0,0,0,0,117,1,0,0,0,-147.5,0,0,0,0,0,0,1000
5421,10,3,3000,500,1000,0,229,0,0,0,0,0,0,0,0,117,1,0,0,0,-147.5,0,0,0,0,0,0,1000
5422,10,4,3000,500,1000,0,228,0,0,0,0,0,0,0,0,117,1,0,0,0,-147.5,0,0,0,0,0,0,1000
5423,10,5,3000,500,1000,0,227,0,0,0,0,0,0,0,0,117,1,0,0,0,-147.5,0,0,0,0,0,0,1000
5424,10,6,3000,500,1000,0,226,0,0,0,0,0,0,0,0,117,1,0,0,0,-147.5,0,0,0,0,0,0,1000
5425,1000,1,3000,500,1000,0,225,0,0,0,0,0,0,0,0,117,1,0,0,0,-147.5,0,0,0,0,0,0,1000
5426,1000,2,3000,500,1000,0,224,0,0,0,0,0,0,0,0,117,1,0,0,0,-147.5,0,0,0,0,0,0,1000
5427,1000,3,3000,500,1000,0,223,0,0,0,0,0,0,0,0,117,1,0,0,0,-147.5,0,0,0,0,0,0,1000
5428,1000,4,3000,500,1000,0,222,0,0,0,0,0,0,0,0,119.5,1,0,0,0,-147.5,0,0,0,0,-6,0,1000
5429,1000,5,3000,500,1000,0,221,0,0,0,0,0,0,0,0,120.5,1,0,0,0,-147.5,0,0,0,0,-11.5,0,1000
5430,1000,6,3000,500,1000,0,220,0,0,0,0,0,0,0,0,120.75,1,0,0,0,-147.5,0,0,0,0,-16.5,0,1000
5431,1000,7,3000,500,1000,0,219,0,0,0,0,0,0,0,0,120.8125,1,0,0,0,-147.5,0,0,0,0,-21,0,1000
5432,1000,8,3000,500,1000,0,218,0,0,0,0,0,0,0,0,120.828125,1,0,0,0,-147.5,0,0,0,0,-25,0,1000
5433,1000,9,3000,500,1000,0,217,0,0,0,0,0,0,0,0,120.83203125,1,0,0,0,-147.5,0,0,0,0,-28.5,0,1000
5434,1000,10,3000,500,1000,0,216,0,0,0,0,0,0,0,0,120.8330078125,1,0,0,0,-147.5,0,0,0,0,-31.5,0,1000
5435,1000,11,3000,500,1000,0,215,0,0,0,0,0,0,0,0,120.833251953125,1,0,0,0,-147.5,0,0,0,0,-34,0,1000
5436,1000,12,3000,500,1000,0,214,0,0,0,0,0,0,0,0,120.83331298828125,1,0,0,0,-147.5,0,0,0,0,-36,0,1000
5437,1000,13,3000,500,1000,0,213,0,0,0,0,0,0,0,0,120.83332824707031,1,0,0,0,-147.5,0,0,0,0,-37.5,0,1000
5438,1000,14,3000,500,1000,0,212,0,0,0,0,0,0,0,0,120.83332824707031,1,0,0,0,-147.5,0,0,0,0,-38.5,0,1000
5439,1000,15,3000,500,1000,0,211,0,0,0,0,0,0,0,0,120.83332824707031,1,0,0,0,-147.5,0,0,0,0,-39,0,1000
5440,1000,16,3000,500,1000,0,210,0,0,0,0,0,0,0,0,120.83332824707031,1,0,0,0,-147.5,0,0,0,0,-39,0,1000
5441,1000,17,3000,500,1000,0,209,0,0,0,0,0,0,0,0,120.83332824707031,1,0,0,0,-147.5,0,0,0,0,-38.5,0,1000
5442,1000,18,3000,500,1000,0,208,0,0,0,0,0,0,0,0,120.83332824707031,1,0,0,0,-147.5,0,0,0,0,-37.5,0,1000
5443,1000,19,3000,500,1000,0,207,0,0,0,0,0,0,0,0,120.83332824707031,1,0,0,0,-147.5,0,0,0,0,-36,0,1000
5444,1000,20,3000,500,1000,0,206,0,0,0,0,0,0,0,0,120.83332824707031,1,0,0,0,-147.5,0,0,0,0,-34,0,1000
5445,1000,21,3000,500,1000,0,205,0,0,0,0,0,0,0,0,120.83332824707031,1,0,0,0,-147.5,0,0,0,0,-31.5,0,1000
5446,1000,22,3000,500,1000,0,204,0,0,0,0,0,0,0,0,120.83332824707031,1,0,0,0,-147.5,0,0,0,0,-28.5,0,1000
5447,1000,22,4030,500,936,0,203,0,0,0,0,0,0,0,0,120.83332824707031,1,0,0,0,-147.5,0,0,0,0,-28.5,0,2018
5448,1000,22,4030,500,936,0,202,0,0,0,0,0,0,0,0,120.83332824707031,1,0,0,0,-147.5,0,0,0,0,-28.5,0,2018
5449,1000,22,4030,500,936,0,201,0,0,0,0,0,0,0,0,120.83332824707031,1,0,0,0,-147.5,0,0,0,0,-28.5,0,2018
5450,1000,22,4030,500,936,0,200,0,0,0,0,0,0,0,0,120.83332824707031,1,0,0,0,-147.5,0,0,0,0,-28.5,0,2018
5451,1000,22,4030,500,936,0,199,0,0,0,0,0,0,0,0,120.83332824707031,1,0,0,0,-147.5,0,0,0,0,-28.5,0,2018
5452,1000,22,4030,500,936,0,198,0,0,0,0,0,0,0,0,120.83332824707031,1,0,0,0,-147.5,0,0,0,0,-28.5,0,2018
5453,1000,23,4030,500,936,0,197,0,0,0,0,0,0,0,0,118.13333129882812,1,0,0,0,-147.5,0,0,0,0,-25,0,2018
5454,1000,24,4030,500,936,0,196,0,0,0,0,0,0,0,0,116.99333190917969,1,0,0,0,-147.5,0,0,0,0,-21,0,2018
5455,1000,25,4030,500,936,0,195,0,0,0,0,0,0,0,0,116.94532775878906,1,0,0,0,-147.5,0,0,0,0,-16.5,0,2018
5456,1000,26,4030,500,936,0,194,0,0,0,0,0,0,0,0,113.66172790527344,1,0,0,0,-147.5,0,0,0,0,-11.5,0,2018
5457,1000,27,4030,500,936,0,193,0,0,0,0,0,0,0,0,110.9132080078125,1,0,0,0,-143.5,0,0,0,0,-6,0,2018
5458,1000,28,4030,500,936,0,192,0,0,0,0,0,0,0,0,109.4132080078125,1,0,0,0,-139.5,0,0,0,0,0,0,2018
5459,1000,29,4030,500,936,0,191,0,0,0,0,0,0,0,0,107.9132080078125,1,0,0,0,-135.5,0,0,0,0,6.5,0,2018
5460,1000,30,4030,500,936,0,190,0,0,0,0,0,0,0,0,103.9132080078125,1,0,0,0,-131.5,0,0,0,0,0,0,2018
5461,1000,31,4030,500,936,0,189,0,0,0,0,0,0,0,0,99.9132080078125,1,0,0,0,-127.5,0,0,0,0,0,0,2018
5462,1000,32,4030,500,936,0,188,0,0,0,0,0,0,0,0,95.9132080078125,1,0,0,0,-123.5,0,0,0,0,0,0,2018
5463,1000,33,4030,500,936,0,187,0,0,0,0,0,0,0,0,91.9132080078125,1,0,0,0,-119.5,0,0,0,0,0,0,2018
5464,1000,34,4030,500,936,0,186,0,0,0,0,0,0,0,0,87.9132080078125,1,0,0,0,-115.5,0,0,0,0,0,0,2018
5465,1000,35,4030,500,936,0,185,0,0,0,0,0,0,0,0,83.9132080078125,1,0,0,0,-111.5,0,0,0,0,0,0,2018
5466,1000,36,4030,500,936,0,184,0,0,0,0,0,0,0,0,79.9132080078125,1,0,0,0,-107.5,0,0,0,0,0,0,2018
5467,1000,37,4030,500,936,0,183,0,0,0,0,0,0,0,0,75.9132080078125,1,0,0,0,-103.5,0,0,0,0,0,0,2018
5468,1000,38,4030,500,936,0,182,0,0,0,0,0,0,0,0,71.9132080078125,1,0,0,0,-99.5,0,0,0,0,0,0,2018
5469,1000,39,4030,500,936,0,181,0,0,0,0,0,0,0,0,71.9132080078125,1,0,0,0,-95.5,0,0,0,0,0,0,2018
5470,1000,40,4030,500,936,0,180,0,0,0,0,0,0,0,0,71.9132080078125,1,0,0,0,-95.5,0,0,0,0,0,0,2018
5471,1000,41,4030,500,936,0,179,0,0,0,0,0,0,0,0,71.9132080078125,1,0,0,0,-95.5,0,0,0,0,0,0,2018
5472,1000,42,4030,500,936,0,178,0,0,0,0,0,0,0,0,71.9132080078125,1,0,0,0,-95.5,0,0,0,0,0,0,2018
5473,0,1,4030,500,936,0,177,0,0,0,0,0,0,0,0,71.9132080078125,1,0,0,0,-95.5,0,0,0,0,0,0,2018
5474,0,2,4030,500,936,0,176,0,0,0,0,0,0,0,0,71.9132080078125,1,0,0,0,-95.5,0,0,0,0,0,0,2018
5475,0,3,4030,500,936,0,175,0,0,0,0,0,0,0,0,71.9132080078125,1,0,0,0,-95.5,0,0,0,0,0,0,2018
5476,0,4,4030,500,936,0,174,0,0,0,0,0,0,0,0,71.9132080078125,1,0,0,0,-95.5,0,0,0,0,0,0,2018
5477,0,5,4030,500,936,0,173,0,0,0,0,0,0,0,0,68.9132080078125,1,0,0,0,-95.5,0,0,0,0,0,0,2018
5478,0,6,4030,500,936,0,172,0,0,0,0,0,0,0,0,65.9132080078125,1,0,0,0,-92.5,0,0,0,0,0,0,2018
5479,0,7,4030,500,936,0,171,0,0,0,0,0,0,0,0,62.913211822509766,1,0,0,0,-89.5,0,0,0,0,0,0,2018
5480,0,8,4030,500,936,0,170,0,0,0,0,0,0,0,0,59.913211822509766,1,0,0,0,-86.5,0,0,0,0,0,0,2018
5481,0,9,4030,500,936,0,169,0,0,0,0,0,0,0,0,56.913211822509766,1,0,0,0,-83.5,0,0,0,0,0,0,2018
5482,0,10,4030,500,936,0,168,0,0,0,0,0,0,0,0,53.913211822509766,1,0,0,0,-80.5,0,0,0,0,0,0,2018
5483,0,11,4030,500,936,0,167,0,0,0,0,0,0,0,0,50.913211822509766,1,0,0,0,-77.5,0,0,0,0,0,0,2018
5484,0,12,4030,500,936,0,166,0,0,0,0,0,0,0,0,47.913211822509766,1,0,0,0,-74.5,0,0,0,0,0,0,2018
5485,0,13,4030,500,936,0,165,0,0,0,0,0,0,0,0,44.913211822509766,1,0,0,0,-71.5,0,0,0,0,0,0,2018
5486,0,14,4030,500,936,0,164,0,0,0,0,0,0,0,0,41.913211822509766,1,0,0,0,-68.5,0,0,0,0,0,0,2018
5487,0,15,4030,500,936,0,163,0,0,0,0,0,0,0,0,38.913211822509766,1,0,0,0,-65.5,0,0,0,0,0,0,2018
5488,0,16,4030,500,936,0,162,0,0,0,0,0,0,0,0,35.913211822509766,1,0,0,0,-62.5,0,0,0,0,0,0,2018
5489,0,17,4030,500,936,0,161,0,0,0,0,0,0,0,0,32.913211822509766,1,0,0,0,-59.5,0,0,0,0,0,0,2018
5490,0,18,4030,500,936,0,160,0,0,0,0,0,0,0,0,29.913211822509766,1,0,0,0,-56.5,0,0,0,0,0,0,2018
5491,0,19,4030,500,936,0,159,0,0,0,0,0,0,0,0,26.913211822509766,1,0,0,0,-53.5,0,0,0,0,0,0,2018
5492,0,20,4030,500,936,0,158,0,0,0,0,0,0,0,0,23.913211822509766,1,0,0,0,-50.5,0,0,0,0,0,0,2018
5493,0,21,4030,500,936,0,157,0,0,0,0,0,0,0,0,20.913211822509766,1,0,0,0,-47.5,0,0,0,0,0,0,2018
5494,0,22,4030,500,936,0,156,0,0,0,0,0,0,0,0,17.913211822509766,1,0,0,0,-44.5,0,0,0,0,0,0,2018
5495,0,23,4030,500,936,0,155,0,0,0,0,0,0,0,0,14.913211822509766,1,0,0,0,-41.5,0,0,0,0,0,0,2018
5496,0,24,4030,500,936,0,154,0,0,0,0,0,0,0,0,11.913211822509766,1,0,0,0,-38.5,0,0,0,0,0,0,2018
5497,0,25,4030,500,936,0,153,0,0,0,0,0,0,0,0,9.413211822509766,1,0,0,0,-35.5,0,0,0,0,0,0,2018
5498,0,26,4030,500,936,0,152,0,0,0,0,0,0,0,0,7.163211822509766,1,0,0,0,-33,0,0,0,0,0,0,2018
5499,0,27,4030,500,936,0,151,0,0,0,0,0,0,0,0,5.163211822509766,1,0,0,0,-30.75,0,0,0,0,0,0,2018
5500,0,28,4030,500,936,0,150,0,0,0,0,0,0,0,0,3.6632118225097656,1,0,0,0,-28.75,0,0,0,0,0,0,2018
5501,0,29,4030,500,936,0,149,0,0,0,0,0,0,0,0,2.4132118225097656,1,0,0,0,-27.25,0,0,0,0,0,0,2018
5502,0,30,4030,500,936,0,148,0,0,0,0,0,0,0,0,1.1632118225097656,1,0,0,0,-26,0,0,0,0,0,0,2018
5503,0,31,4030,500,936,0,147,0,0,0,0,0,0,0,0,0.16321182250976562,1,0,0,0,-24.75,0,0,0,0,0,0,2018
5504,0,32,4030,500,936,0,146,0,0,0,0,0,0,0,0,-0.5867881774902344,1,0,0,0,-23.75,0,0,0,0,0,0,2018
5505,0,33,4030,500,936,0,145,0,0,0,0,0,0,0,0,-1.3367881774902344,1,0,0,0,-23,0,0,0,0,0,0,2018
5506,0,34,4030,500,936,0,144,0,0,0,0,0,0,0,0,-1.8367881774902344,1,0,0,0,-22.25,0,0,0,0,0,0,2018
5507,0,35,4030,500,936,0,143,0,0,0,0,0,0,0,0,-2.3367881774902344,1,0,0,0,-21.75,0,0,0,0,0,0,2018
5508,0,36,4030,500,936,0,142,0,0,0,0,0,0,0,0,-2.8367881774902344,1,0,0,0,-21.25,0,0,0,0,0,0,2018
5509,0,37,4030,500,936,0,141,0,0,0,0,0,0,0,0,-3.3367881774902344,1,0,0,0,-20.75,0,0,0,0,0,0,2018
5510,0,38,4030,500,936,0,140,0,0,0,0,0,0,0,0,-3.5867881774902344,1,0,0,0,-20.25,0,0,0,0,0,0,2018
5511,0,39,4030,500,936,0,139,0,0,0,0,0,0,0,0,-3.8367881774902344,1,0,0,0,-20,0,0,0,0,0,0,2018
5512,0,40,4030,500,936,0,138,0,0,0,0,0,0,0,0,-4.086788177490234,1,0,0,0,-19.75,0,0,0,0,0,0,2018
5513,0,41,4030,500,936,0,137,0,0,0,0,0,0,0,0,-4.336788177490234,1,0,0,0,-19.5,0,0,0,0,0,0,2018
5514,0,42,4030,500,936,0,136,0,0,0,0,0,0,0,0,-4.586788177490234,1,0,0,0,-19.25,0,0,0,0,0,0,2018
5515,0,43,4030,500,936,0,135,0,0,0,0,0,0,0,0,-4.836788177490234,1,0,0,0,-19,0,0,0,0,0,0,2018
5516,0,44,4030,500,936,0,134,0,0,0,0,0,0,0,0,-5.086788177490234,1,0,0,0,-18.75,0,0,0,0,0,0,2018
5517,0,45,4030,500,936,0,133,0,0,0,0,0,0,0,0,-5.336788177490234,1,0,0,0,-18.5,0,0,0,0,0,0,2018
5518,0,46,4030,500,936,0,132,0,0,0,0,0,0,0,0,-5.336788177490234,1,0,0,0,-18.25,0,0,0,0,0,0,2018
5519,0,47,4030,500,936,0,131,0,0,0,0,0,0,0,0,-5.336788177490234,1,0,0,0,-18.25,0,0,0,0,0,0,2018
5520,0,48,4030,500,936,0,130,0,0,0,0,0,0,0,0,-5.336788177490234,1,0,0,0,-18.25,0,0,0,0,0,0,2018
5521,0,49,4030,500,936,0,129,0,0,0,0,0,0,0,0,-5.336788177490234,1,0,0,0,-18.25,0,0,0,0,0,0,2018
5522,0,50,4030,500,936,0,128,0,0,0,0,0,0,0,0,-5.336788177490234,1,0,0,0,-18.25,0,0,0,0,0,0,2018
5523,0,51,4030,500,936,0,127,0,0,0,0,0,0,0,0,-5.336788177490234,1,0,0,0,-18.25,0,0,0,0,0,0,2018
5524,0,52,4030,500,936,0,126,0,0,0,0,0,0,0,0,-5.336788177490234,1,0,0,0,-18.25,0,0,0,0,0,0,2018
5525,0,53,4030,500,936,0,125,0,0,0,0,0,0,0,0,-5.336788177490234,1,0,0,0,-18.25,0,0,0,0,0,0,2018
5526,0,54,4030,500,936,0,124,0,0,0,0,0,0,0,0,-5.336788177490234,1,0,0,0,-18.25,0,0,0,0,0,0,2018
5527,0,55,4030,500,936,0,123,0,0,0,0,0,0,0,0,-5.336788177490234,1,0,0,0,-18.25,0,0,0,0,0,0,2018
5528,0,56,4030,500,936,0,122,0,0,0,0,0,0,0,0,-5.336788177490234,1,0,0,0,-18.25,0,0,0,0,0,0,2018
5529,0,57,4030,500,936,0,121,0,0,0,0,0,0,0,0,-5.336788177490234,1,0,0,0,-18.25,0,0,0,0,0,0,2018
5530,0,58,4030,500,936,0,120,0,0,0,0,0,0,0,0,-5.336788177490234,1,0,0,0,-18.25,0,0,0,0,0,0,2018
5531,0,59,4030,500,936,0,119,0,0,0,0,0,0,0,0,-5.336788177490234,1,0,0,0,-18.25,0,0,0,0,0,0,2018
5532,0,60,4030,500,936,0,118,0,0,0,0,0,0,0,0,-5.336788177490234,1,0,0,0,-18.25,0,0,0,0,0,0,2018
5533,0,61,4030,500,936,0,117,0,0,0,0,0,0,0,0,-5.336788177490234,1,0,0,0,-18.25,0,0,0,0,0,0,2018
5534,0,62,4030,500,936,0,116,0,0,0,0,0,0,0,0,-5.336788177490234,1,0,0,0,-18.25,0,0,0,0,0,0,2018
5535,0,63,4030,500,936,0,115,0,0,0,0,0,0,0,0,-5.336788177490234,1,0,0,0,-18.25,0,0,0,0,0,0,2018
5536,0,64,4030,500,936,0,114,0,0,0,0,0,0,0,0,-5.336788177490234,1,0,0,0,-18.25,0,0,0,0,0,0,2018
5537,0,65,4030,500,936,0,113,0,0,0,0,0,0,0,0,-5.336788177490234,1,0,0,0,-18.25,0,0,0,0,0,0,2018
5538,0,66,4030,500,936,0,112,0,0,0,0,0,0,0,0,-5.336788177490234,1,0,0,0,-18.25,0,0,0,0,0,0,2018
5539,0,67,4030,500,936,0,111,0,0,0,0,0,0,0,0,-5.336788177490234,1,0,0,0,-18.25,0,0,0,0,0,0,2018
5540,0,68,4030,500,936,0,110,0,0,0,0,0,0,0,0,-5.336788177490234,1,0,0,0,-18.25,0,0,0,0,0,0,2018
5541,0,69,4030,500,936,0,109,0,0,0,0,0,0,0,0,-5.336788177490234,1,0,0,0,-18.25,0,0,0,0,0,0,2018
5542,0,70,4030,500,936,0,108,0,0,0,0,0,0,0,0,-5.336788177490234,1,0,0,0,-18.25,0,0,0,0,0,0,2018
5543,0,71,4030,500,936,0,107,0,0,0,0,0,0,0,0,-5.336788177490234,1,0,0,0,-18.25,0,0,0,0,0,0,2018
5544,0,72,4030,500,936,0,106,0,0,0,0,0,0,0,0,-5.336788177490234,1,0,0,0,-18.25,0,0,0,0,0,0,2018
5545,0,73,4030,500,936,0,105,0,0,0,0,0,0,0,0,-5.336788177490234,1,0,0,0,-18.25,0,0,0,0,0,0,2018
5546,0,74,4030,500,936,0,104,0,0,0,0,0,0,0,0,-5.336788177490234,1,0,0,0,-18.25,0,0,0,0,0,0,2018
5547,0,75,4030,500,936,0,103,0,0,0,0,0,0,0,0,-5.336788177490234,1,0,0,0,-18.25,0,0,0,0,0,0,2018
5548,0,76,4030,500,936,0,102,0,0,0,0,0,0,0,0,-5.336788177490234,1,0,0,0,-18.25,0,0,0,0,0,0,2018
5549,0,77,4030,500,936,0,101,0,0,0,0,0,0,0,0,-5.336788177490234,1,0,0,0,-18.25,0,0,0,0,0,0,2018
5550,0,78,4030,500,936,0,100,0,0,0,0,0,0,0,0,-5.336788177490234,1,0,0,0,-18.25,0,0,0,0,0,0,2018
5551,0,79,4030,500,936,0,99,0,0,0,0,0,0,0,0,-5.336788177490234,1,0,0,0,-18.25,0,0,0,0,0,0,2018
5552,0,80,4030,500,936,0,98,0,0,0,0,0,0,0,0,-5.336788177490234,1,0,0,0,-18.25,0,0,0,0,0,0,2018
5553,0,81,4030,500,936,0,97,0,0,0,0,0,0,0,0,-5.336788177490234,1,0,0,0,-18.25,0,0,0,0,0,0,2018
5554,0,82,4030,500,936,0,96,0,0,0,0,0,0,0,0,-5.336788177490234,1,0,0,0,-18.25,0,0,0,0,0,0,2018
5555,0,83,4030,500,936,0,95,0,0,0,0,0,0,0,0,-5.336788177490234,1,0,0,0,-18.25,0,0,0,0,0,0,2018
5556,0,84,4030,500,936,0,94,0,0,0,0,0,0,0,0,-5.336788177490234,1,0,0,0,-18.25,0,0,0,0,0,0,2018
5557,0,85,4030,500,936,0,93,0,0,0,0,0,0,0,0,-5.336788177490234,1,0,0,0,-18.25,0,0,0,0,0,0,2018
5558,0,86,4030,500,936,0,92,0,0,0,0,0,0,0,0,-5.336788177490234,1,0,0,0,-18.25,0,0,0,0,0,0,2018
5559,0,87,4030,500,936,0,91,0,0,0,0,0,0,0,0,-5.336788177490234,1,0,0,0,-18.25,0,0,0,0,0,0,2018
5560,0,88,4030,500,936,0,90,0,0,0,0,0,0,0,0,-5.336788177490234,1,0,0,0,-18.25,0,0,0,0,0,0,2018
5561,0,89,4030,500,936,0,89,0,0,0,0,0,0,0,0,-5.336788177490234,1,0,0,0,-18.25,0,0,0,0,0,0,2018
5562,0,90,4030,500,936,0,88,0,0,0,0,0,0,0,0,-5.336788177490234,1,0,0,0,-18.25,0,0,0,0,0,0,2018
5563,0,91,4030,500,936,0,87,0,0,0,0,0,0,0,0,-5.336788177490234,1,0,0,0,-18.25,0,0,0,0,0,0,2018
5564,0,92,4030,500,936,0,86,0,0,0,0,0,0,0,0,-5.336788177490234,1,0,0,0,-18.25,0,0,0,0,0,0,2018
5565,0,93,4030,500,936,0,85,0,0,0,0,0,0,0,0,-5.336788177490234,1,0,0,0,-18.25,0,0,0,0,0,0,2018
5566,0,94,4030,500,936,0,84,0,0,0,0,0,0,0,0,-5.336788177490234,1,0,0,0,-18.25,0,0,0,0,0,0,2018
5567,0,95,4030,500,936,0,83,0,0,0,0,0,0,0,0,-5.336788177490234,1,0,0,0,-18.25,0,0,0,0,0,0,2018
5568,0,96,4030,500,936,0,82,0,0,0,0,0,0,0,0,-5.336788177490234,1,0,0,0,-18.25,0,0,0,0,0,0,2018
5569,0,97,4030,500,936,0,81,0,0,0,0,0,0,0,0,-5.336788177490234,1,0,0,0,-18.25,0,0,0,0,0,0,2018
5570,0,98,4030,500,936,0,80,0,0,0,0,0,0,0,0,-5.336788177490234,1,0,0,0,-18.25,0,0,0,0,0,0,2018
5571,0,99,4030,500,936,0,79,0,0,0,0,0,0,0,0,-5.336788177490234,1,0,0,0,-18.25,0,0,0,0,0,0,2018
5572,0,100,4030,500,936,0,78,0,0,0,0,0,0,0,0,-5.336788177490234,1,0,0,0,-18.25,0,0,0,0,0,0,2018
5573,0,101,4030,500,936,0,77,0,0,0,0,0,0,0,0,-5.336788177490234,1,0,0,0,-18.25,0,0,0,0,0,0,2018
5574,0,102,4030,500,936,0,76,0,0,0,0,0,0,0,0,-5.336788177490234,1,0,0,0,-18.25,0,0,0,0,0,0,2018
5575,0,103,4030,500,936,0,75,0,0,0,0,0,0,0,0,-5.336788177490234,1,0,0,0,-18.25,0,0,0,0,0,0,2018
5576,0,104,4030,500,936,0,74,0,0,0,0,0,0,0,0,-5.336788177490234,1,0,0,0,-18.25,0,0,0,0,0,0,2018
5577,0,105,4030,500,936,0,73,0,0,0,0,0,0,0,0,-5.336788177490234,1,0,0,0,-18.25,0,0,0,0,0,0,2018
5578,0,106,4030,500,936,0,72,0,0,0,0,0,0,0,0,-5.336788177490234,1,0,0,0,-18.25,0,0,0,0,0,0,2018
5579,0,107,4030,500,936,0,71,0,0,0,0,0,0,0,0,-5.336788177490234,1,0,0,0,-18.25,0,0,0,0,0,0,2018
5580,0,108,4030,500,936,0,70,0,0,0,0,0,0,0,0,-5.336788177490234,1,0,0,0,-18.25,0,0,0,0,0,0,2018
5581,0,109,4030,500,936,0,69,0,0,0,0,0,0,0,0,-5.336788177490234,1,0,0,0,-18.25,0,0,0,0,0,0,2018
5582,0,110,4030,500,936,0,68,0,0,0,0,0,0,0,0,-5.336788177490234,1,0,0,0,-18.25,0,0,0,0,0,0,2018
5583,0,111,4030,500,936,0,67,0,0,0,0,0,0,0,0,-5.336788177490234,1,0,0,0,-18.25,0,0,0,0,0,0,2018
5584,0,112,4030,500,936,0,66,0,0,0,0,0,0,0,0,-5.336788177490234,1,0,0,0,-18.25,0,0,0,0,0,0,2018
5585,0,113,4030,500,936,0,65,0,0,0,0,0,0,0,0,-5.336788177490234,1,0,0,0,-18.25,0,0,0,0,0,0,2018
5586,0,114,4030,500,936,0,64,0,0,0,0,0,0,0,0,-5.336788177490234,1,0,0,0,-18.25,0,0,0,0,0,0,2018
5587,0,115,4030,500,936,0,63,0,0,0,0,0,0,0,0,-5.336788177490234,1,0,0,0,-18.25,0,0,0,0,0,0,2018
5588,0,116,4030,500,936,0,62,0,0,0,0,0,0,0,0,-5.336788177490234,1,0,0,0,-18.25,0,0,0,0,0,0,2018
5589,0,117,4030,500,936,0,61,0,0,0,0,0,0,0,0,-5.336788177490234,1,0,0,0,-18.25,0,0,0,0,0,0,2018
5590,0,118,4030,500,936,0,60,0,0,0,0,0,0,0,0,-5.336788177490234,1,0,0,0,-18.25,0,0,0,0,0,0,2018
5591,0,119,4030,500,936,0,59,0,0,0,0,0,0,0,0,-5.336788177490234,1,0,0,0,-18.25,0,0,0,0,0,0,2018
5592,0,120,4030,500,936,0,58,0,0,0,0,0,0,0,0,-5.336788177490234,1,0,0,0,-18.25,0,0,0,0,0,0,2018
5593,0,121,4030,500,936,0,57,0,0,0,0,0,0,0,0,-5.336788177490234,1,0,0,0,-18.25,0,0,0,0,0,0,2018
5594,0,122,4030,500,936,0,56,0,0,0,0,0,0,0,0,-5.336788177490234,1,0,0,0,-18.25,0,0,0,0,0,0,2018
5595,0,123,4030,500,936,0,55,0,0,0,0,0,0,0,0,-5.336788177490234,1,0,0,0,-18.25,0,0,0,0,0,0,2018
5596,0,124,4030,500,936,0,54,0,0,0,0,0,0,0,0,-5.336788177490234,1,0,0,0,-18.25,0,0,0,0,0,0,2018
5597,0,125,4030,500,936,0,53,0,0,0,0,0,0,0,0,-5.336788177490234,1,0,0,0,-18.25,0,0,0,0,0,0,2018
5598,0,126,4030,500,936,0,52,0,0,0,0,0,0,0,0,-5.336788177490234,1,0,0,0,-18.25,0,0,0,0,0,0,2018
5599,0,127,4030,500,936,0,51,0,0,0,0,0,0,0,0,-5.336788177490234,1,0,0,0,-18.25,0,0,0,0,0,0,2018
5600,0,128,4030,500,936,0,50,0,0,0,0,0,0,0,0,-5.336788177490234,1,0,0,0,-18.25,0,0,0,0,0,0,2018
5601,0,129,4030,500,936,0,49,0,0,0,0,0,0,0,0,-5.336788177490234,1,0,0,0,-18.25,0,0,0,0,0,0,2018
5602,0,130,4030,500,936,0,48,0,0,0,0,0,0,0,0,-5.336788177490234,1,0,0,0,-18.25,0,0,0,0,0,0,2018
5603,0,131,4030,500,936,0,47,0,0,0,0,0,0,0,0,-5.336788177490234,1,0,0,0,-18.25,0,0,0,0,0,0,2018
5604,0,132,4030,500,936,0,46,0,0,0,0,0,0,0,0,-5.336788177490234,1,0,0,0,-18.25,0,0,0,0,0,0,2018
5605,0,133,4030,500,936,0,45,0,0,0,0,0,0,0,0,-5.336788177490234,1,0,0,0,-18.25,0,0,0,0,0,0,2018
5606,0,134,4030,500,936,0,44,0,0,0,0,0,0,0,0,-5.336788177490234,1,0,0,0,-18.25,0,0,0,0,0,0,2018
5607,0,135,4030,500,936,0,43,0,0,0,0,0,0,0,0,-5.336788177490234,1,0,0,0,-18.25,0,0,0,0,0,0,2018
5608,0,136,4030,500,936,0,42,0,0,0,0,0,0,0,0,-5.336788177490234,1,0,0,0,-18.25,0,0,0,0,0,0,2018
5609,0,137,4030,500,936,0,41,0,0,0,0,0,0,0,0,-5.336788177490234,1,0,0,0,-18.25,0,0,0,0,0,0,2018
5610,0,138,4030,500,936,0,40,0,0,0,0,0,0,0,0,-5.336788177490234,1,0,0,0,-18.25,0,0,0,0,0,0,2018
5611,0,139,4030,500,936,0,39,0,0,0,0,0,0,0,0,-5.336788177490234,1,0,0,0,-18.25,0,0,0,0,0,0,2018
5612,0,140,4030,500,936,0,38,0,0,0,0,0,0,0,0,-5.336788177490234,1,0,0,0,-18.25,0,0,0,0,0,0,2018
5613,0,141,4030,500,936,0,37,0,0,0,0,0,0,0,0,-5.336788177490234,1,0,0,0,-18.25,0,0,0,0,0,0,2018
5614,0,142,4030,500,936,0,36,0,0,0,0,0,0,0,0,-5.336788177490234,1,0,0,0,-18.25,0,0,0,0,0,0,2018
5615,0,143,4030,500,936,0,35,0,0,0,0,0,0,0,0,-5.336788177490234,1,0,0,0,-18.25,0,0,0,0,0,0,2018
5616,0,144,4030,500,936,0,34,0,0,0,0,0,0,0,0,-5.336788177490234,1,0,0,0,-18.25,0,0,0,0,0,0,2018
5617,0,145,4030,500,936,0,33,0,0,0,0,0,0,0,0,-5.336788177490234,1,0,0,0,-18.25,0,0,0,0,0,0,2018
5618,0,146,4030,500,936,0,32,0,0,0,0,0,0,0,0,-5.336788177490234,1,0,0,0,-18.25,0,0,0,0,0,0,2018
5619,0,147,4030,500,936,0,31,0,0,0,0,0,0,0,0,-5.336788177490234,1,0,0,0,-18.25,0,0,0,0,0,0,2018
5620,0,148,4030,500,936,0,30,0,0,0,0,0,0,0,0,-5.336788177490234,1,0,0,0,-18.25,0,0,0,0,0,0,2018
5621,0,149,4030,500,936,0,29,0,0,0,0,0,0,0,0,-5.336788177490234,1,0,0,0,-18.25,0,0,0,0,0,0,2018
5622,0,150,4030,500,936,0,28,0,0,0,0,0,0,0,0,-5.336788177490234,1,0,0,0,-18.25,0,0,0,0,0,0,2018
5623,0,151,4030,500,936,0,27,0,0,0,0,0,0,0,0,-5.336788177490234,1,0,0,0,-18.25,0,0,0,0,0,0,2018
5624,0,152,4030,500,936,0,26,0,0,0,0,0,0,0,0,-5.336788177490234,1,0,0,0,-18.25,0,0,0,0,0,0,2018
5625,0,153,4030,500,936,0,25,0,0,0,0,0,0,0,0,-5.336788177490234,1,0,0,0,-18.25,0,0,0,0,0,0,2018
5626,0,154,4030,500,936,0,24,0,0,0,0,0,0,0,0,-5.336788177490234,1,0,0,0,-18.25,0,0,0,0,0,0,2018
5627,0,155,4030,500,936,0,23,0,0,0,0,0,0,0,0,-5.336788177490234,1,0,0,0,-18.25,0,0,0,0,0,0,2018
5628,0,156,4030,500,936,0,22,0,0,0,0,0,0,0,0,-5.336788177490234,1,0,0,0,-18.25,0,0,0,0,0,0,2018
5629,0,157,4030,500,936,0,21,0,0,0,0,0,0,0,0,-5.336788177490234,1,0,0,0,-18.25,0,0,0,0,0,0,2018
5630,0,158,4030,500,936,0,20,0,0,0,0,0,0,0,0,-5.336788177490234,1,0,0,0,-18.25,0,0,0,0,0,0,2018
5631,0,159,4030,500,936,0,19,0,0,0,0,0,0,0,0,-5.336788177490234,1,0,0,0,-18.25,0,0,0,0,0,0,2018
5632,0,160,4030,500,936,0,18,0,0,0,0,0,0,0,0,-5.336788177490234,1,0,0,0,-18.25,0,0,0,0,0,0,2018
5633,0,161,4030,500,936,0,17,0,0,0,0,0,0,0,0,-5.336788177490234,1,0,0,0,-18.25,0,0,0,0,0,0,2018
5634,0,162,4030,500,936,0,16,0,0,0,0,0,0,0,0,-5.336788177490234,1,0,0,0,-18.25,0,0,0,0,0,0,2018
5635,0,163,4030,500,936,0,15,0,0,0,0,0,0,0,0,-5.336788177490234,1,0,0,0,-18.25,0,0,0,0,0,0,2018
5636,0,164,4030,500,936,0,14,0,0,0,0,0,0,0,0,-5.336788177490234,1,0,0,0,-18.25,0,0,0,0,0,0,2018
5637,0,165,4030,500,936,0,13,0,0,0,0,0,0,0,0,-5.336788177490234,1,0,0,0,-18.25,0,0,0,0,0,0,2018
5638,0,166,4030,500,936,0,12,0,0,0,0,0,0,0,0,-5.336788177490234,1,0,0,0,-18.25,0,0,0,0,0,0,2018
5639,0,167,4030,500,936,0,11,0,0,0,0,0,0,0,0,-5.336788177490234,1,0,0,0,-18.25,0,0,0,0,0,0,2018
5640,0,168,4030,500,936,0,10,0,0,0,0,0,0,0,0,-5.336788177490234,1,0,0,0,-18.25,0,0,0,0,0,0,2018
5641,0,169,4030,500,936,0,9,0,0,0,0,0,0,0,0,-5.336788177490234,1,0,0,0,-18.25,0,0,0,0,0,0,2018
5642,0,170,4030,500,936,0,8,0,0,0,0,0,0,0,0,-5.336788177490234,1,0,0,0,-18.25,0,0,0,0,0,0,2018
5643,0,171,4030,500,936,0,7,0,0,0,0,0,0,0,0,-5.336788177490234,1,0,0,0,-18.25,0,0,0,0,0,0,2018
5644,0,172,4030,500,936,0,6,0,0,0,0,0,0,0,0,-5.336788177490234,1,0,0,0,-18.25,0,0,0,0,0,0,2018
5645,0,173,4030,500,936,0,5,0,0,0,0,0,0,0,0,-5.336788177490234,1,0,0,0,-18.25,0,0,0,0,0,0,2018
5646,0,174,4030,500,936,0,4,0,0,0,0,0,0,0,0,-5.336788177490234,1,0,0,0,-18.25,0,0,0,0,0,0,2018
5647,0,175,4030,500,936,0,3,0,0,0,0,0,0,0,0,-5.336788177490234,1,0,0,0,-18.25,0,0,0,0,0,0,2018
5648,0,176,4030,500,936,0,2,0,0,0,0,0,0,0,0,-5.336788177490234,1,0,0,0,-18.25,0,0,0,0,0,0,2018
5649,0,177,4030,500,936,0,1,0,0,0,0,0,0,0,0,-5.336788177490234,1,0,0,0,-18.25,0,0,0,0,0,0,2018
5650,0,178,4030,500,936,0,0,0,0,0,0,0,0,0,0,-5.336788177490234,1,0,0,0,-18.25,0,0,0,0,0,0,2018
5651,0,179,4030,500,936,0,0,0,0,0,0,0,0,0,0,-5.336788177490234,1,0,0,0,-18.25,0,0,0,0,0,0,2018
5652,0,180,4030,500,936,0,0,0,0,0,0,0,0,0,0,-5.336788177490234,1,0,0,0,-18.25,0,0,0,0,0,0,2018
5653,0,181,4030,500,936,0,0,0,0,0,0,0,0,0,0,-5.336788177490234,1,0,0,0,-18.25,0,0,0,0,0,0,2018
5654,0,182,4030,500,936,0,0,0,0,0,0,0,0,0,0,-5.336788177490234,1,0,0,0,-18.25,0,0,0,0,0,0,2018
5655,0,183,4030,500,936,0,0,0,0,0,0,0,0,0,0,-5.336788177490234,1,0,0,0,-18.25,0,0,0,0,0,0,2018
5656,0,184,4030,500,936,0,0,0,0,0,0,0,0,0,0,-5.336788177490234,1,0,0,0,-18.25,0,0,0,0,0,0,2018
5657,0,185,4030,500,936,0,0,0,0,0,0,0,0,0,0,-5.336788177490234,1,0,0,0,-18.25,0,0,0,0,0,0,2018
5658,0,186,4030,500,936,0,0,0,0,0,0,0,0,0,0,-5.336788177490234,1,0,0,0,-18.25,0,0,0,0,0,0,2018
5659,0,187,4030,500,936,0,0,0,0,0,0,0,0,0,0,-5.336788177490234,1,0,0,0,-18.25,0,0,0,0,0,0,2018
5660,0,188,4030,500,936,0,0,0,0,0,0,0,0,0,0,-5.336788177490234,1,0,0,0,-18.25,0,0,0,0,0,0,2018
5661,0,189,4030,500,936,0,0,0,0,0,0,0,0,0,0,-5.336788177490234,1,0,0,0,-18.25,0,0,0,0,0,0,2018
5662,0,190,4030,500,936,0,0,0,0,0,0,0,0,0,0,-5.336788177490234,1,0,0,0,-18.25,0,0,0,0,0,0,2018
5663,0,191,4030,500,936,0,0,0,0,0,0,0,0,0,0,-5.336788177490234,1,0,0,0,-18.25,0,0,0,0,0,0,2018
5664,0,192,4030,500,936,0,0,0,0,0,0,0,0,0,0,-5.336788177490234,1,0,0,0,-18.25,0,0,0,0,0,0,2018
5665,0,193,4030,500,936,0,0,0,0,0,0,0,0,0,0,-5.336788177490234,1,0,0,0,-18.25,0,0,0,0,0,0,2018
5666,0,194,4030,500,936,0,0,0,0,0,0,0,0,0,0,-5.336788177490234,1,0,0,0,-18.25,0,0,0,0,0,0,2018
5667,0,195,4030,500,936,0,0,0,0,0,0,0,0,0,0,-5.336788177490234,1,0,0,0,-18.25,0,0,0,0,0,0,2018
5668,0,196,4030,500,936,0,0,0,0,0,0,0,0,0,0,-5.336788177490234,1,0,0,0,-18.25,0,0,0,0,0,0,2018
5669,0,197,4030,500,936,0,0,0,0,0,0,0,0,0,0,-5.336788177490234,1,0,0,0,-18.25,0,0,0,0,0,0,2018
5670,0,198,4030,500,936,0,0,0,0,0,0,0,0,0,0,-5.336788177490234,1,0,0,0,-18.25,0,0,0,0,0,0,2018
5671,0,199,4030,500,936,0,0,0,0,0,0,0,0,0,0,-5.336788177490234,1,0,0,0,-18.25,0,0,0,0,0,0,2018
5672,0,200,4030,500,936,0,0,0,0,0,0,0,0,0,0,-5.336788177490234,1,0,0,0,-18.25,0,0,0,0,0,0,2018
5673,0,201,4030,500,936,0,0,0,0,0,0,0,0,0,0,-5.336788177490234,1,0,0,0,-18.25,0,0,0,0,0,0,2018
5674,0,202,4030,500,936,0,0,0,0,0,0,0,0,0,0,-5.336788177490234,1,0,0,0,-18.25,0,0,0,0,0,0,2018
5675,0,203,4030,500,936,0,0,0,0,0,0,0,0,0,0,-5.336788177490234,1,0,0,0,-18.25,0,0,0,0,0,0,2018
5676,0,204,4030,500,936,0,0,0,0,0,0,0,0,0,0,-5.336788177490234,1,0,0,0,-18.25,0,0,0,0,0,0,2018
5677,0,205,4030,500,936,0,0,0,0,0,0,0,0,0,0,-5.336788177490234,1,0,0,0,-18.25,0,0,0,0,0,0,2018
5678,0,206,4030,500,936,0,0,0,0,0,0,0,0,0,0,-5.336788177490234,1,0,0,0,-18.25,0,0,0,0,0,0,2018
5679,0,207,4030,500,936,0,0,0,0,0,0,0,0,0,0,-5.336788177490234,1,0,0,0,-18.25,0,0,0,0,0,0,2018
5680,0,208,4030,500,936,0,0,0,0,0,0,0,0,0,0,-5.336788177490234,1,0,0,0,-18.25,0,0,0,0,0,0,2018
5681,0,209,4030,500,936,0,0,0,0,0,0,0,0,0,0,-5.336788177490234,1,0,0,0,-18.25,0,0,0,0,0,0,2018
5682,0,210,4030,500,936,0,0,0,0,0,0,0,0,0,0,-5.336788177490234,1,0,0,0,-18.25,0,0,0,0,0,0,2018
5683,0,211,4030,500,936,0,0,0,0,0,0,0,0,0,0,-5.336788177490234,1,0,0,0,-18.25,0,0,0,0,0,0,2018
5684,0,212,4030,500,936,0,0,0,0,0,0,0,0,0,0,-5.336788177490234,1,0,0,0,-18.25,0,0,0,0,0,0,2018
5685,0,213,4030,500,936,0,0,0,0,0,0,0,0,0,0,-5.336788177490234,1,0,0,0,-18.25,0,0,0,0,0,0,2018
5686,0,214,4030,500,936,0,0,0,0,0,0,0,0,0,0,-5.336788177490234,1,0,0,0,-18.25,0,0,0,0,0,0,2018
5687,0,215,4030,500,936,0,0,0,0,0,0,0,0,0,0,-5.336788177490234,1,0,0,0,-18.25,0,0,0,0,0,0,2018
5688,0,216,4030,500,936,0,0,0,0,0,0,0,0,0,0,-5.336788177490234,1,0,0,0,-18.25,0,0,0,0,0,0,2018
5689,0,217,4030,500,936,0,0,0,0,0,0,0,0,0,0,-5.336788177490234,1,0,0,0,-18.25,0,0,0,0,0,0,2018
5690,0,218,4030,500,936,0,0,0,0,0,0,0,0,0,0,-5.336788177490234,1,0,0,0,-18.25,0,0,0,0,0,0,2018
5691,0,219,4030,500,936,0,0,0,0,0,0,0,0,0,0,-5.336788177490234,1,0,0,0,-18.25,0,0,0,0,0,0,2018
5692,0,220,4030,500,936,0,0,0,0,0,0,0,0,0,0,-5.336788177490234,1,0,0,0,-18.25,0,0,0,0,0,0,2018
5693,0,221,4030,500,936,0,0,0,0,0,0,0,0,0,0,-5.336788177490234,1,0,0,0,-18.25,0,0,0,0,0,0,2018
5694,0,222,4030,500,936,0,0,0,0,0,0,0,0,0,0,-5.336788177490234,1,0,0,0,-18.25,0,0,0,0,0,0,2018
5695,0,223,4030,500,936,0,0,0,0,0,0,0,0,0,0,-5.336788177490234,1,0,0,0,-18.25,0,0,0,0,0,0,2018
5696,0,224,4030,500,936,0,0,0,0,0,0,0,0,0,0,-5.336788177490234,1,0,0,0,-18.25,0,0,0,0,0,0,2018
5697,0,225,4030,500,936,0,0,0,0,0,0,0,0,0,0,-5.336788177490234,1,0,0,0,-18.25,0,0,0,0,0,0,2018
5698,0,226,4030,500,936,0,0,0,0,0,0,0,0,0,0,-5.336788177490234,1,0,0,0,-18.25,0,0,0,0,0,0,2018
5699,0,227,4030,500,936,0,0,0,0,0,0,0,0,0,0,-5.336788177490234,1,0,0,0,-18.25,0,0,0,0,0,0,2018
5700,0,228,4030,500,936,0,0,0,0,0,0,0,0,0,0,-5.336788177490234,1,0,0,0,-18.25,0,0,0,0,0,0,2018
5701,0,229,4030,500,936,0,0,0,0,0,0,0,0,0,0,-5.336788177490234,1,0,0,0,-18.25,0,0,0,0,0,0,2018
5702,0,230,4030,500,936,0,0,0,0,0,0,0,0,0,0,-5.336788177490234,1,0,0,0,-18.25,0,0,0,0,0,0,2018
5703,0,231,4030,500,936,0,0,0,0,0,0,0,0,0,0,-5.336788177490234,1,0,0,0,-18.25,0,0,0,0,0,0,2018
5704,0,232,4030,500,936,0,0,0,0,0,0,0,0,0,0,-5.336788177490234,1,0,0,0,-18.25,0,0,0,0,0,0,2018
5705,0,233,4030,500,936,0,0,0,0,0,0,0,0,0,0,-5.336788177490234,1,0,0,0,-18.25,0,0,0,0,0,0,2018
5706,0,234,4030,500,936,0,0,0,0,0,0,0,0,0,0,-5.336788177490234,1,0,0,0,-18.25,0,0,0,0,0,0,2018
5707,0,235,4030,500,936,0,0,0,0,0,0,0,0,0,0,-5.336788177490234,1,0,0,0,-18.25,0,0,0,0,0,0,2018
5708,0,236,4030,500,936,0,0,0,0,0,0,0,0,0,0,-5.336788177490234,1,0,0,0,-18.25,0,0,0,0,0,0,2018
5709,0,237,4030,500,936,0,0,0,0,0,0,0,0,0,0,-5.336788177490234,1,0,0,0,-18.25,0,0,0,0,0,0,2018
5710,0,1,3000,500,1000,0,0,0,0,0,0,0,0,0,0,-141.75,1,0,0,0,-18.25,0,0,0,0,0,0,1000
5711,0,2,3000,500,1000,0,0,0,0,0,0,0,0,0,0,-141.75,1,0,0,0,-18.25,0,0,0,0,0,0,1000
5712,0,3,3000,500,1000,0,0,0,0,0,0,0,0,0,0,-141.75,1,0,0,0,-18.25,0,0,0,0,0,0,1000
5713,0,4,3000,500,1000,0,0,0,0,0,0,0,0,0,0,-141.75,1,0,0,0,-18.25,0,0,0,0,0,0,1000
5714,0,5,3000,500,1000,0,0,0,0,0,0,0,0,0,0,-141.75,1,0,0,0,-18.25,0,0,0,0,0,0,1000
5715,0,6,3000,500,1000,0,0,0,0,0,0,0,0,0,0,-141.75,1,0,0,0,-18.25,0,0,0,0,0,0,1000
5716,0,7,3000,500,1000,0,0,0,0,0,0,0,0,0,0,-141.75,1,0,0,0,-18.25,0,0,0,0,0,0,1000
5717,0,8,3000,500,1000,0,0,0,0,0,0,0,0,0,0,-141.75,1,0,0,0,-18.25,0,0,0,0,0,0,1000
5718,0,9,3000,500,1000,0,0,0,0,0,0,0,0,0,0,-141.75,1,0,0,0,-18.25,0,0,0,0,0,0,1000
5719,10,1,3000,500,1000,0,0,0,0,0,0,0,0,0,0,-141.75,1,0,0,0,-18.25,0,0,0,0,0,0,1000
5720,10,2,3000,500,1000,0,0,0,0,0,0,0,0,0,0,-141.75,1,0,0,0,-18.25,0,0,0,0,0,0,1000
5721,10,3,3000,500,1000,0,0,0,0,0,0,0,0,0,0,-141.75,1,0,0,0,-18.25,0,0,0,0,0,0,1000
5722,10,4,3000,500,1000,0,0,0,0,0,0,0,0,0,0,-141.75,1,0,0,0,-18.25,0,0,0,0,0,0,1000
5723,10,5,3000,500,1000,0,0,0,0,0,0,0,0,0,0,-141.75,1,0,0,0,-18.25,0,0,0,0,0,0,1000
5724,10,6,3000,500,1000,0,0,0,0,0,0,0,0,0,0,-141.75,1,0,0,0,-18.25,0,0,0,0,0,0,1000
5725,1000,1,3000,500,1000,0,0,0,0,0,0,0,0,0,0,-141.75,1,0,0,0,-18.25,0,0,0,0,0,0,1000
5726,1000,2,3000,500,1000,0,0,0,0,0,0,0,0,0,0,-141.75,1,0,0,0,-18.25,0,0,0,0,0,0,1000
5727,1000,3,3000,500,1000,0,0,0,0,0,0,0,0,0,0,-141.75,1,0,0,0,-18.25,0,0,0,0,0,0,1000
5728,1000,4,3000,500,1000,0,0,0,0,0,0,0,0,0,0,-139.25,1,0,0,0,-18.25,0,0,0,0,-6,0,1000
5729,1000,5,3000,500,1000,0,0,0,0,0,0,0,0,0,0,-136.75,1,0,0,0,-18.25,0,0,0,0,-11.5,0,1000
5730,1000,6,3000,500,1000,0,0,0,0,0,0,0,0,0,0,-134.25,1,0,0,0,-18.25,0,0,0,0,-16.5,0,1000
5731,1000,7,3000,500,1000,0,0,0,0,0,0,0,0,0,0,-131.75,1,0,0,0,-18.25,0,0,0,0,-21,0,1000
5732,1000,8,3000,500,1000,0,0,0,0,0,0,0,0,0,0,-129.25,1,0,0,0,-18.25,0,0,0,0,-25,0,1000
5733,1000,9,3000,500,1000,0,0,0,0,0,0,0,0,0,0,-126.75,1,0,0,0,-18.25,0,0,0,0,-28.5,0,1000
5734,1000,10,3000,500,1000,0,0,0,0,0,0,0,0,0,0,-124.25,1,0,0,0,-18.25,0,0,0,0,-31.5,0,1000
5735,1000,11,3000,500,1000,0,0,0,0,0,0,0,0,0,0,-121.75,1,0,0,0,-18.25,0,0,0,0,-34,0,1000
5736,1000,12,3000,500,1000,0,0,0,0,0,0,0,0,0,0,-119.25,1,0,0,0,-18.25,0,0,0,0,-36,0,1000
5737,1000,13,3000,500,1000,0,0,0,0,0,0,0,0,0,0,-116.75,1,0,0,0,-18.25,0,0,0,0,-37.5,0,1000
5738,1000,14,3000,500,1000,0,0,0,0,0,0,0,0,0,0,-114.25,1,0,0,0,-18.25,0,0,0,0,-38.5,0,1000
5739,1000,15,3000,500,1000,0,0,0,0,0,0,0,0,0,0,-111.75,1,0,0,0,-18.25,0,0,0,0,-39,0,1000
5740,1000,16,3000,500,1000,0,0,0,0,0,0,0,0,0,0,-109.25,1,0,0,0,-18.25,0,0,0,0,-39,0,1000
5741,1000,17,3000,500,1000,0,0,0,0,0,0,0,0,0,0,-106.75,1,0,0,0,-18.25,0,0,0,0,-38.5,0,1000
5742,1000,18,3000,500,1000,0,0,0,0,0,0,0,0,0,0,-104.25,1,0,0,0,-18.25,0,0,0,0,-37.5,0,1000
5743,1000,19,3000,500,1000,0,0,0,0,0,0,0,0,0,0,-101.75,1,0,0,0,-18.25,0,0,0,0,-36,0,1000
5744,1000,20,3000,500,1000,0,0,0,0,0,0,0,0,0,0,-99.25,1,0,0,0,-18.25,0,0,0,0,-34,0,1000
5745,1000,21,3000,500,1000,0,0,0,0,0,0,0,0,0,0,-96.75,1,0,0,0,-18.25,0,0,0,0,-31.5,0,1000
5746,1000,22,3000,500,1000,0,0,0,0,0,0,0,0,0,0,-94.25,1,0,0,0,-18.25,0,0,0,0,-28.5,0,1000
5747,1000,23,3000,500,1000,0,0,0,0,0,0,0,0,0,0,-91.75,1,0,0,0,-18.25,0,0,0,0,-25,0,1000
5748,1000,24,3000,500,1000,0,0,0,0,0,0,0,0,0,0,-89.25,1,0,0,0,-18.25,0,0,0,0,-21,0,1000
5749,1000,25,3000,500,1000,0,0,0,0,0,0,0,0,0,0,-86.75,1,0,0,0,-18.25,0,0,0,0,-16.5,0,1000
5750,1000,26,3000,500,1000,0,0,0,0,0,0,0,0,0,0,-84.25,1,0,0,0,-18.25,0,0,0,0,-11.5,0,1000
5751,1000,27,3000,500,1000,0,0,0,0,0,0,0,0,0,0,-81.75,1,0,0,0,-18.25,0,0,0,0,-6,0,1000
5752,1000,28,3000,500,1000,0,0,0,0,0,0,0,0,0,0,-79.25,1,0,0,0,-18.25,0,0,0,0,0,0,1000
5753,1000,29,3000,500,1000,0,0,0,0,0,0,0,0,0,0,-76.75,1,0,0,0,-18.25,0,0,0,0,6.5,0,1000
5754,1000,30,3000,500,1000,0,0,0,0,0,0,0,0,0,0,-76.75,1,0,0,0,-18.25,0,0,0,0,0,0,1000
5755,1000,31,3000,500,1000,0,0,0,0,0,0,0,0,0,0,-76.75,1,0,0,0,-18.25,0,0,0,0,0,0,1000
5756,1000,32,3000,500,1000,0,0,0,0,0,0,0,0,0,0,-76.75,1,0,0,0,-18.25,0,0,0,0,0,0,1000
5757,1000,33,3000,500,1000,0,0,0,0,0,0,0,0,0,0,-76.75,1,0,0,0,-18.25,0,0,0,0,0,0,1000
5758,1000,34,3000,500,1000,0,0,0,0,0,0,0,0,0,0,-76.75,1,0,0,0,-18.25,0,0,0,0,0,0,1000
5759,1000,35,3000,500,1000,0,0,0,0,0,0,0,0,0,0,-76.75,1,0,0,0,-18.25,0,0,0,0,0,0,1000
5760,1000,36,3000,500,1000,0,0,0,0,0,0,0,0,0,0,-76.75,1,0,0,0,-18.25,0,0,0,0,0,0,1000
5761,1000,37,3000,500,1000,0,0,0,0,0,0,0,0,0,0,-76.75,1,0,0,0,-18.25,0,0,0,0,0,0,1000
5762,1000,38,3000,500,1000,0,0,0,0,0,0,0,0,0,0,-76.75,1,0,0,0,-18.25,0,0,0,0,0,0,1000
5763,1000,39,3000,500,1000,0,0,0,0,0,0,0,0,0,0,-76.75,1,0,0,0,-18.25,0,0,0,0,0,0,1000
5764,1000,40,3000,500,1000,0,0,0,0,0,0,0,0,0,0,-76.75,1,0,0,0,-18.25,0,0,0,0,0,0,1000
5765,1000,41,3000,500,1000,0,0,0,0,0,0,0,0,0,0,-76.75,1,0,0,0,-18.25,0,0,0,0,0,0,1000
5766,1000,42,3000,500,1000,0,0,0,0,0,0,0,0,0,0,-76.75,1,0,0,0,-18.25,0,0,0,0,0,0,1000
5767,0,1,3000,500,1000,0,0,0,0,0,0,0,0,0,0,-76.75,1,0,0,0,-18.25,0,0,0,0,0,0,1000
5768,0,2,3000,500,1000,0,0,0,0,0,0,0,0,0,0,-76.75,1,0,0,0,-18.25,0,0,0,0,0,0,1000
5769,0,3,3000,500,1000,0,0,0,0,0,0,0,0,0,0,-76.75,1,0,0,0,-18.25,0,0,0,0,0,0,1000
5770,0,4,3000,500,1000,0,0,0,0,0,0,0,0,0,0,-76.75,1,0,0,0,-18.25,0,0,0,0,0,0,1000
5771,0,5,3000,500,1000,0,0,0,0,0,0,0,0,0,0,-76.75,1,0,0,0,-18.25,0,0,0,0,0,0,1000
5772,0,6,3000,500,1000,0,0,0,0,0,0,0,0,0,0,-76.75,1,0,0,0,-18.25,0,0,0,0,0,0,1000
5773,0,7,3000,500,1000,0,0,0,0,0,0,0,0,0,0,-76.75,1,0,0,0,-18.25,0,0,0,0,0,0,1000
5774,0,8,3000,500,1000,0,0,0,0,0,0,0,0,0,0,-76.75,1,0,0,0,-18.25,0,0,0,0,0,0,1000
5775,0,9,3000,500,1000,0,0,0,0,0,0,0,0,0,0,-76.75,1,0,0,0,-18.25,0,0,0,0,0,0,1000
5776,0,10,3000,500,1000,0,0,0,0,0,0,0,0,0,0,-76.75,1,0,0,0,-18.25,0,0,0,0,0,0,1000
5777,0,11,3000,500,1000,0,0,0,0,0,0,0,0,0,0,-76.75,1,0,0,0,-18.25,0,0,0,0,0,0,1000
5778,0,12,3000,500,1000,0,0,0,0,0,0,0,0,0,0,-76.75,1,0,0,0,-18.25,0,0,0,0,0,0,1000
5779,0,13,3000,500,1000,0,0,0,0,0,0,0,0,0,0,-76.75,1,0,0,0,-18.25,0,0,0,0,0,0,1000
5780,0,14,3000,500,1000,0,0,0,0,0,0,0,0,0,0,-76.75,1,0,0,0,-18.25,0,0,0,0,0,0,1000
5781,0,15,3000,500,1000,0,0,0,0,0,0,0,0,0,0,-76.75,1,0,0,0,-18.25,0,0,0,0,0,0,1000
5782,0,16,3000,500,1000,0,0,0,0,0,0,0,0,0,0,-76.75,1,0,0,0,-18.25,0,0,0,0,0,0,1000
5783,0,17,3000,500,1000,0,0,0,0,0,0,0,0,0,0,-76.75,1,0,0,0,-18.25,0,0,0,0,0,0,1000
5784,0,18,3000,500,1000,0,0,0,0,0,0,0,0,0,0,-76.75,1,0,0,0,-18.25,0,0,0,0,0,0,1000
5785,0,19,3000,500,1000,0,0,0,0,0,0,0,0,0,0,-76.75,1,0,0,0,-18.25,0,0,0,0,0,0,1000
5786,0,20,3000,500,1000,0,0,0,0,0,0,0,0,0,0,-76.75,1,0,0,0,-18.25,0,0,0,0,0,0,1000
5787,0,21,3000,500,1000,0,0,0,0,0,0,0,0,0,0,-76.75,1,0,0,0,-18.25,0,0,0,0,0,0,1000
5788,0,22,3000,500,1000,0,0,0,0,0,0,0,0,0,0,-76.75,1,0,0,0,-18.25,0,0,0,0,0,0,1000
5789,0,23,3000,500,1000,0,0,0,0,0,0,0,0,0,0,-76.75,1,0,0,0,-18.25,0,0,0,0,0,0,1000
5790,0,24,3000,500,1000,0,0,0,0,0,0,0,0,0,0,-76.75,1,0,0,0,-18.25,0,0,0,0,0,0,1000
5791,0,25,3000,500,1000,0,0,0,0,0,0,0,0,0,0,-76.75,1,0,0,0,-18.25,0,0,0,0,0,0,1000
5792,0,26,3000,500,1000,0,0,0,0,0,0,0,0,0,0,-76.75,1,0,0,0,-18.25,0,0,0,0,0,0,1000
5793,0,27,3000,500,1000,0,0,0,0,0,0,0,0,0,0,-76.75,1,0,0,0,-18.25,0,0,0,0,0,0,1000
5794,0,28,3000,500,1000,0,0,0,0,0,0,0,0,0,0,-76.75,1,0,0,0,-18.25,0,0,0,0,0,0,1000
5795,0,29,3000,500,1000,0,0,0,0,0,0,0,0,0,0,-76.75,1,0,0,0,-18.25,0,0,0,0,0,0,1000
5796,0,30,3000,500,1000,0,0,0,0,0,0,0,0,0,0,-76.75,1,0,0,0,-18.25,0,0,0,0,0,0,1000
5797,0,31,3000,500,1000,0,0,0,0,0,0,0,0,0,0,-76.75,1,0,0,0,-18.25,0,0,0,0,0,0,1000
5798,0,32,3000,500,1000,0,0,0,0,0,0,0,0,0,0,-76.75,1,0,0,0,-18.25,0,0,0,0,0,0,1000
5799,0,33,3000,500,1000,0,0,0,0,0,0,0,0,0,0,-76.75,1,0,0,0,-18.25,0,0,0,0,0,0,1000
5800,0,34,3000,500,1000,0,0,0,0,0,0,0,0,0,0,-76.75,1,0,0,0,-18.25,0,0,0,0,0,0,1000
5801,0,35,3000,500,1000,0,0,0,0,0,0,0,0,0,0,-76.75,1,0,0,0,-18.25,0,0,0,0,0,0,1000
5802,0,36,3000,500,1000,0,0,0,0,0,0,0,0,0,0,-76.75,1,0,0,0,-18.25,0,0,0,0,0,0,1000
5803,0,37,3000,500,1000,0,0,0,0,0,0,0,0,0,0,-76.75,1,0,0,0,-18.25,0,0,0,0,0,0,1000
5804,0,38,3000,500,1000,0,0,0,0,0,0,0,0,0,0,-76.75,1,0,0,0,-18.25,0,0,0,0,0,0,1000
5805,0,39,3000,500,1000,0,0,0,0,0,0,0,0,0,0,-76.75,1,0,0,0,-18.25,0,0,0,0,0,0,1000
5806,0,40,3000,500,1000,0,0,0,0,0,0,0,0,0,0,-76.75,1,0,0,0,-18.25,0,0,0,0,0,0,1000
5807,0,41,3000,500,1000,0,0,0,0,0,0,0,0,0,0,-76.75,1,0,0,0,-18.25,0,0,0,0,0,0,1000
5808,0,42,3000,500,1000,0,0,0,0,0,0,0,0,0,0,-76.75,1,0,0,0,-18.25,0,0,0,0,0,0,1000
5809,0,43,3000,500,1000,0,0,0,0,0,0,0,0,0,0,-76.75,1,0,0,0,-18.25,0,0,0,0,0,0,1000
5810,0,44,3000,500,1000,0,0,0,0,0,0,0,0,0,0,-76.75,1,0,0,0,-18.25,0,0,0,0,0,0,1000
5811,0,45,3000,500,1000,0,0,0,0,0,0,0,0,0,0,-76.75,1,0,0,0,-18.25,0,0,0,0,0,0,1000
5812,0,46,3000,500,1000,0,0,0,0,0,0,0,0,0,0,-76.75,1,0,0,0,-18.25,0,0,0,0,0,0,1000
5813,0,47,3000,500,1000,0,0,0,0,0,0,0,0,0,0,-76.75,1,0,0,0,-18.25,0,0,0,0,0,0,1000
5814,0,48,3000,500,1000,0,0,0,0,0,0,0,0,0,0,-76.75,1,0,0,0,-18.25,0,0,0,0,0,0,1000
5815,0,49,3000,500,1000,0,0,0,0,0,0,0,0,0,0,-76.75,1,0,0,0,-18.25,0,0,0,0,0,0,1000
5816,0,50,3000,500,1000,0,0,0,0,0,0,0,0,0,0,-76.75,1,0,0,0,-18.25,0,0,0,0,0,0,1000
5817,0,51,3000,500,1000,0,0,0,0,0,0,0,0,0,0,-76.75,1,0,0,0,-18.25,0,0,0,0,0,0,1000
5818,0,52,3000,500,1000,0,0,0,0,0,0,0,0,0,0,-76.75,1,0,0,0,-18.25,0,0,0,0,0,0,1000
5819,0,53,3000,500,1000,0,0,0,0,0,0,0,0,0,0,-76.75,1,0,0,0,-18.25,0,0,0,0,0,0,1000
5820,0,54,3000,500,1000,0,0,0,0,0,0,0,0,0,0,-76.75,1,0,0,0,-18.25,0,0,0,0,0,0,1000
5821,0,55,3000,500,1000,0,0,0,0,0,0,0,0,0,0,-76.75,1,0,0,0,-18.25,0,0,0,0,0,0,1000
5822,0,56,3000,500,1000,0,0,0,0,0,0,0,0,0,0,-76.75,1,0,0,0,-18.25,0,0,0,0,0,0,1000
5823,0,57,3000,500,1000,0,0,0,0,0,0,0,0,0,0,-76.75,1,0,0,0,-18.25,0,0,0,0,0,0,1000
5824,0,58,3000,500,1000,0,0,0,0,0,0,0,0,0,0,-76.75,1,0,0,0,-18.25,0,0,0,0,0,0,1000
5825,0,59,3000,500,1000,0,0,0,0,0,0,0,0,0,0,-76.75,1,0,0,0,-18.25,0,0,0,0,0,0,1000
5826,0,60,3000,500,1000,0,0,0,0,0,0,0,0,0,0,-76.75,1,0,0,0,-18.25,0,0,0,0,0,0,1000
5827,0,61,3000,500,1000,0,0,0,0,0,0,0,0,0,0,-76.75,1,0,0,0,-18.25,0,0,0,0,0,0,1000
5828,0,62,3000,500,1000,0,0,0,0,0,0,0,0,0,0,-76.75,1,0,0,0,-18.25,0,0,0,0,0,0,1000
5829,0,63,3000,500,1000,0,0,0,0,0,0,0,0,0,0,-76.75,1,0,0,0,-18.25,0,0,0,0,0,0,1000
5830,0,64,3000,500,1000,0,0,0,0,0,0,0,0,0,0,-76.75,1,0,0,0,-18.25,0,0,0,0,0,0,1000
5831,0,65,3000,500,1000,0,0,0,0,0,0,0,0,0,0,-76.75,1,0,0,0,-18.25,0,0,0,0,0,0,1000
5832,0,66,3000,500,1000,0,0,0,0,0,0,0,0,0,0,-76.75,1,0,0,0,-18.25,0,0,0,0,0,0,1000
5833,0,67,3000,500,1000,0,0,0,0,0,0,0,0,0,0,-76.75,1,0,0,0,-18.25,0,0,0,0,0,0,1000
5834,0,68,3000,500,1000,0,0,0,0,0,0,0,0,0,0,-76.75,1,0,0,0,-18.25,0,0,0,0,0,0,1000
5835,0,69,3000,500,1000,0,0,0,0,0,0,0,0,0,0,-76.75,1,0,0,0,-18.25,0,0,0,0,0,0,1000
5836,0,70,3000,500,1000,0,0,0,0,0,0,0,0,0,0,-76.75,1,0,0,0,-18.25,0,0,0,0,0,0,1000
5837,0,71,3000,500,1000,0,0,0,0,0,0,0,0,0,0,-76.75,1,0,0,0,-18.25,0,0,0,0,0,0,1000
5838,0,72,3000,500,1000,0,0,0,0,0,0,0,0,0,0,-76.75,1,0,0,0,-18.25,0,0,0,0,0,0,1000
5839,0,73,3000,500,1000,0,0,0,0,0,0,0,0,0,0,-76.75,1,0,0,0,-18.25,0,0,0,0,0,0,1000
5840,0,74,3000,500,1000,0,0,0,0,0,0,0,0,0,0,-76.75,1,0,0,0,-18.25,0,0,0,0,0,0,1000
5841,0,75,3000,500,1000,0,0,0,0,0,0,0,0,0,0,-76.75,1,0,0,0,-18.25,0,0,0,0,0,0,1000
5842,0,76,3000,500,1000,0,0,0,0,0,0,0,0,0,0,-76.75,1,0,0,0,-18.25,0,0,0,0,0,0,1000
5843,0,77,3000,500,1000,0,0,0,0,0,0,0,0,0,0,-76.75,1,0,0,0,-18.25,0,0,0,0,0,0,1000
5844,0,78,3000,500,1000,0,0,0,0,0,0,0,0,0,0,-76.75,1,0,0,0,-18.25,0,0,0,0,0,0,1000
5845,0,79,3000,500,1000,0,0,0,0,0,0,0,0,0,0,-76.75,1,0,0,0,-18.25,0,0,0,0,0,0,1000
5846,0,80,3000,500,1000,0,0,0,0,0,0,0,0,0,0,-76.75,1,0,0,0,-18.25,0,0,0,0,0,0,1000
5847,0,81,3000,500,1000,0,0,0,0,0,0,0,0,0,0,-76.75,1,0,0,0,-18.25,0,0,0,0,0,0,1000
5848,0,82,3000,500,1000,0,0,0,0,0,0,0,0,0,0,-76.75,1,0,0,0,-18.25,0,0,0,0,0,0,1000
5849,0,83,3000,500,1000,0,0,0,0,0,0,0,0,0,0,-76.75,1,0,0,0,-18.25,0,0,0,0,0,0,1000
5850,0,84,3000,500,1000,0,0,0,0,0,0,0,0,0,0,-76.75,1,0,0,0,-18.25,0,0,0,0,0,0,1000
5851,0,85,3000,500,1000,0,0,0,0,0,0,0,0,0,0,-76.75,1,0,0,0,-18.25,0,0,0,0,0,0,1000
5852,0,86,3000,500,1000,0,0,0,0,0,0,0,0,0,0,-76.75,1,0,0,0,-18.25,0,0,0,0,0,0,1000
5853,0,87,3000,500,1000,0,0,0,0,0,0,0,0,0,0,-76.75,1,0,0,0,-18.25,0,0,0,0,0,0,1000
5854,0,88,3000,500,1000,0,0,0,0,0,0,0,0,0,0,-76.75,1,0,0,0,-18.25,0,0,0,0,0,0,1000
5855,0,89,3000,500,1000,0,0,0,0,0,0,0,0,0,0,-76.75,1,0,0,0,-18.25,0,0,0,0,0,0,1000
5856,0,90,3000,500,1000,0,0,0,0,0,0,0,0,0,0,-76.75,1,0,0,0,-18.25,0,0,0,0,0,0,1000
5857,0,91,3000,500,1000,0,0,0,0,0,0,0,0,0,0,-76.75,1,0,0,0,-18.25,0,0,0,0,0,0,1000
5858,0,92,3000,500,1000,0,0,0,0,0,0,0,0,0,0,-76.75,1,0,0,0,-18.25,0,0,0,0,0,0,1000
5859,0,93,3000,500,1000,0,0,0,0,0,0,0,0,0,0,-76.75,1,0,0,0,-18.25,0,0,0,0,0,0,1000
5860,0,94,3000,500,1000,0,0,0,0,0,0,0,0,0,0,-76.75,1,0,0,0,-18.25,0,0,0,0,0,0,1000
5861,0,95,3000,500,1000,0,0,0,0,0,0,0,0,0,0,-76.75,1,0,0,0,-18.25,0,0,0,0,0,0,1000
5862,0,96,3000,500,1000,0,0,0,0,0,0,0,0,0,0,-76.75,1,0,0,0,-18.25,0,0,0,0,0,0,1000
5863,0,97,3000,500,1000,0,0,0,0,0,0,0,0,0,0,-76.75,1,0,0,0,-18.25,0,0,0,0,0,0,1000
5864,0,98,3000,500,1000,0,0,0,0,0,0,0,0,0,0,-76.75,1,0,0,0,-18.25,0,0,0,0,0,0,1000
5865,0,99,3000,500,1000,0,0,0,0,0,0,0,0,0,0,-76.75,1,0,0,0,-18.25,0,0,0,0,0,0,1000
5866,0,100,3000,500,1000,0,0,0,0,0,0,0,0,0,0,-76.75,1,0,0,0,-18.25,0,0,0,0,0,0,1000
5867,0,101,3000,500,1000,0,0,0,0,0,0,0,0,0,0,-76.75,1,0,0,0,-18.25,0,0,0,0,0,0,1000
5868,0,102,3000,500,1000,0,0,0,0,0,0,0,0,0,0,-76.75,1,0,0,0,-18.25,0,0,0,0,0,0,1000
5869,0,103,3000,500,1000,0,0,0,0,0,0,0,0,0,0,-76.75,1,0,0,0,-18.25,0,0,0,0,0,0,1000
5870,0,104,3000,500,1000,0,0,0,0,0,0,0,0,0,0,-76.75,1,0,0,0,-18.25,0,0,0,0,0,0,1000
5871,0,105,3000,500,1000,0,0,0,0,0,0,0,0,0,0,-76.75,1,0,0,0,-18.25,0,0,0,0,0,0,1000
5872,0,106,3000,500,1000,0,0,0,0,0,0,0,0,0,0,-76.75,1,0,0,0,-18.25,0,0,0,0,0,0,1000
5873,0,107,3000,500,1000,0,0,0,0,0,0,0,0,0,0,-76.75,1,0,0,0,-18.25,0,0,0,0,0,0,1000
5874,0,108,3000,500,1000,0,0,0,0,0,0,0,0,0,0,-76.75,1,0,0,0,-18.25,0,0,0,0,0,0,1000
5875,0,109,3000,500,1000,0,0,0,0,0,0,0,0,0,0,-76.75,1,0,0,0,-18.25,0,0,0,0,0,0,1000
5876,0,110,3000,500,1000,0,0,0,0,0,0,0,0,0,0,-76.75,1,0,0,0,-18.25,0,0,0,0,0,0,1000
5877,0,111,3000,500,1000,0,0,0,0,0,0,0,0,0,0,-76.75,1,0,0,0,-18.25,0,0,0,0,0,0,1000
5878,0,112,3000,500,1000,0,0,0,0,0,0,0,0,0,0,-76.75,1,0,0,0,-18.25,0,0,0,0,0,0,1000
5879,0,113,3000,500,1000,0,0,0,0,0,0,0,0,0,0,-76.75,1,0,0,0,-18.25,0,0,0,0,0,0,1000
5880,0,114,3000,500,1000,0,0,0,0,0,0,0,0,0,0,-76.75,1,0,0,0,-18.25,0,0,0,0,0,0,1000
5881,0,115,3000,500,1000,0,0,0,0,0,0,0,0,0,0,-76.75,1,0,0,0,-18.25,0,0,0,0,0,0,1000
5882,0,116,3000,500,1000,0,0,0,0,0,0,0,0,0,0,-76.75,1,0,0,0,-18.25,0,0,0,0,0,0,1000
5883,0,117,3000,500,1000,0,0,0,0,0,0,0,0,0,0,-76.75,1,0,0,0,-18.25,0,0,0,0,0,0,1000
5884,0,118,3000,500,1000,0,0,0,0,0,0,0,0,0,0,-76.75,1,0,0,0,-18.25,0,0,0,0,0,0,1000
5885,0,119,3000,500,1000,0,0,0,0,0,0,0,0,0,0,-76.75,1,0,0,0,-18.25,0,0,0,0,0,0,1000
5886,0,120,3000,500,1000,0,0,0,0,0,0,0,0,0,0,-76.75,1,0,0,0,-18.25,0,0,0,0,0,0,1000
5887,0,121,3000,500,1000,0,0,0,0,0,0,0,0,0,0,-76.75,1,0,0,0,-18.25,0,0,0,0,0,0,1000
5888,0,122,3000,500,1000,0,0,0,0,0,0,0,0,0,0,-76.75,1,0,0,0,-18.25,0,0,0,0,0,0,1000
5889,0,123,3000,500,1000,0,0,0,0,0,0,0,0,0,0,-76.75,1,0,0,0,-18.25,0,0,0,0,0,0,1000
5890,0,124,3000,500,1000,0,0,0,0,0,0,0,0,0,0,-76.75,1,0,0,0,-18.25,0,0,0,0,0,0,1000
5891,0,125,3000,500,1000,0,0,0,0,0,0,0,0,0,0,-76.75,1,0,0,0,-18.25,0,0,0,0,0,0,1000
5892,0,126,3000,500,1000,0,0,0,0,0,0,0,0,0,0,-76.75,1,0,0,0,-18.25,0,0,0,0,0,0,1000
5893,0,127,3000,500,1000,0,0,0,0,0,0,0,0,0,0,-76.75,1,0,0,0,-18.25,0,0,0,0,0,0,1000
5894,0,128,3000,500,1000,0,0,0,0,0,0,0,0,0,0,-76.75,1,0,0,0,-18.25,0,0,0,0,0,0,1000
5895,0,129,3000,500,1000,0,0,0,0,0,0,0,0,0,0,-76.75,1,0,0,0,-18.25,0,0,0,0,0,0,1000
5896,0,130,3000,500,1000,0,0,0,0,0,0,0,0,0,0,-76.75,1,0,0,0,-18.25,0,0,0,0,0,0,1000
5897,0,131,3000,500,1000,0,0,0,0,0,0,0,0,0,0,-76.75,1,0,0,0,-18.25,0,0,0,0,0,0,1000
5898,0,132,3000,500,1000,0,0,0,0,0,0,0,0,0,0,-76.75,1,0,0,0,-18.25,0,0,0,0,0,0,1000
5899,0,133,3000,500,1000,0,0,0,0,0,0,0,0,0,0,-76.75,1,0,0,0,-18.25,0,0,0,0,0,0,1000
5900,0,134,3000,500,1000,0,0,0,0,0,0,0,0,0,0,-76.75,1,0,0,0,-18.25,0,0,0,0,0,0,1000
5901,0,135,3000,500,1000,0,0,0,0,0,0,0,0,0,0,-76.75,1,0,0,0,-18.25,0,0,0,0,0,0,1000
5902,0,136,3000,500,1000,0,0,0,0,0,0,0,0,0,0,-76.75,1,0,0,0,-18.25,0,0,0,0,0,0,1000
5903,0,137,3000,500,1000,0,0,0,0,0,0,0,0,0,0,-76.75,1,0,0,0,-18.25,0,0,0,0,0,0,1000
5904,0,138,3000,500,1000,0,0,0,0,0,0,0,0,0,0,-76.75,1,0,0,0,-18.25,0,0,0,0,0,0,1000
5905,0,139,3000,500,1000,0,0,0,0,0,0,0,0,0,0,-76.75,1,0,0,0,-18.25,0,0,0,0,0,0,1000
5906,0,140,3000,500,1000,0,0,0,0,0,0,0,0,0,0,-76.75,1,0,0,0,-18.25,0,0,0,0,0,0,1000
5907,0,141,3000,500,1000,0,0,0,0,0,0,0,0,0,0,-76.75,1,0,0,0,-18.25,0,0,0,0,0,0,1000
5908,0,142,3000,500,1000,0,0,0,0,0,0,0,0,0,0,-76.75,1,0,0,0,-18.25,0,0,0,0,0,0,1000
5909,0,143,3000,500,1000,0,0,0,0,0,0,0,0,0,0,-76.75,1,0,0,0,-18.25,0,0,0,0,0,0,1000
5910,0,144,3000,500,1000,0,0,0,0,0,0,0,0,0,0,-76.75,1,0,0,0,-18.25,0,0,0,0,0,0,1000
5911,0,145,3000,500,1000,0,0,0,0,0,0,0,0,0,0,-76.75,1,0,0,0,-18.25,0,0,0,0,0,0,1000
5912,0,146,3000,500,1000,0,0,0,0,0,0,0,0,0,0,-76.75,1,0,0,0,-18.25,0,0,0,0,0,0,1000
5913,0,147,3000,500,1000,0,0,0,0,0,0,0,0,0,0,-76.75,1,0,0,0,-18.25,0,0,0,0,0,0,1000
5914,0,148,3000,500,1000,0,0,0,0,0,0,0,0,0,0,-76.75,1,0,0,0,-18.25,0,0,0,0,0,0,1000
5915,0,149,3000,500,1000,0,0,0,0,0,0,0,0,0,0,-76.75,1,0,0,0,-18.25,0,0,0,0,0,0,1000
5916,0,150,3000,500,1000,0,0,0,0,0,0,0,0,0,0,-76.75,1,0,0,0,-18.25,0,0,0,0,0,0,1000
5917,0,151,3000,500,1000,0,0,0,0,0,0,0,0,0,0,-76.75,1,0,0,0,-18.25,0,0,0,0,0,0,1000
5918,0,152,3000,500,1000,0,0,0,0,0,0,0,0,0,0,-76.75,1,0,0,0,-18.25,0,0,0,0,0,0,1000
5919,0,153,3000,500,1000,0,0,0,0,0,0,0,0,0,0,-76.75,1,0,0,0,-18.25,0,0,0,0,0,0,1000
5920,0,154,3000,500,1000,0,0,0,0,0,0,0,0,0,0,-76.75,1,0,0,0,-18.25,0,0,0,0,0,0,1000
5921,0,155,3000,500,1000,0,0,0,0,0,0,0,0,0,0,-76.75,1,0,0,0,-18.25,0,0,0,0,0,0,1000
5922,0,156,3000,500,1000,0,0,0,0,0,0,0,0,0,0,-76.75,1,0,0,0,-18.25,0,0,0,0,0,0,1000
5923,0,157,3000,500,1000,0,0,0,0,0,0,0,0,0,0,-76.75,1,0,0,0,-18.25,0,0,0,0,0,0,1000
5924,0,158,3000,500,1000,0,0,0,0,0,0,0,0,0,0,-76.75,1,0,0,0,-18.25,0,0,0,0,0,0,1000
5925,0,159,3000,500,1000,0,0,0,0,0,0,0,0,0,0,-76.75,1,0,0,0,-18.25,0,0,0,0,0,0,1000
5926,0,160,3000,500,1000,0,0,0,0,0,0,0,0,0,0,-76.75,1,0,0,0,-18.25,0,0,0,0,0,0,1000
5927,0,161,3000,500,1000,0,0,0,0,0,0,0,0,0,0,-76.75,1,0,0,0,-18.25,0,0,0,0,0,0,1000
5928,0,162,3000,500,1000,0,0,0,0,0,0,0,0,0,0,-76.75,1,0,0,0,-18.25,0,0,0,0,0,0,1000
5929,0,163,3000,500,1000,0,0,0,0,0,0,0,0,0,0,-76.75,1,0,0,0,-18.25,0,0,0,0,0,0,1000
5930,0,164,3000,500,1000,0,0,0,0,0,0,0,0,0,0,-76.75,1,0,0,0,-18.25,0,0,0,0,0,0,1000
5931,0,165,3000,500,1000,0,0,0,0,0,0,0,0,0,0,-76.75,1,0,0,0,-18.25,0,0,0,0,0,0,1000
5932,0,166,3000,500,1000,0,0,0,0,0,0,0,0,0,0,-76.75,1,0,0,0,-18.25,0,0,0,0,0,0,1000
5933,0,167,3000,500,1000,0,0,0,0,0,0,0,0,0,0,-76.75,1,0,0,0,-18.25,0,0,0,0,0,0,1000
5934,0,168,3000,500,1000,0,0,0,0,0,0,0,0,0,0,-76.75,1,0,0,0,-18.25,0,0,0,0,0,0,1000
5935,0,169,3000,500,1000,0,0,0,0,0,0,0,0,0,0,-76.75,1,0,0,0,-18.25,0,0,0,0,0,0,1000
5936,0,170,3000,500,1000,0,0,0,0,0,0,0,0,0,0,-76.75,1,0,0,0,-18.25,0,0,0,0,0,0,1000
5937,0,171,3000,500,1000,0,0,0,0,0,0,0,0,0,0,-76.75,1,0,0,0,-18.25,0,0,0,0,0,0,1000
5938,0,172,3000,500,1000,0,0,0,0,0,0,0,0,0,0,-76.75,1,0,0,0,-18.25,0,0,0,0,0,0,1000
5939,0,173,3000,500,1000,0,0,0,0,0,0,0,0,0,0,-76.75,1,0,0,0,-18.25,0,0,0,0,0,0,1000
5940,0,174,3000,500,1000,0,0,0,0,0,0,0,0,0,0,-76.75,1,0,0,0,-18.25,0,0,0,0,0,0,1000
5941,0,175,3000,500,1000,0,0,0,0,0,0,0,0,0,0,-76.75,1,0,0,0,-18.25,0,0,0,0,0,0,1000
5942,0,176,3000,500,1000,0,0,0,0,0,0,0,0,0,0,-76.75,1,0,0,0,-18.25,0,0,0,0,0,0,1000
5943,0,177,3000,500,1000,0,0,0,0,0,0,0,0,0,0,-76.75,1,0,0,0,-18.25,0,0,0,0,0,0,1000
5944,0,178,3000,500,1000,0,0,0,0,0,0,0,0,0,0,-76.75,1,0,0,0,-18.25,0,0,0,0,0,0,1000
5945,0,179,3000,500,1000,0,0,0,0,0,0,0,0,0,0,-76.75,1,0,0,0,-18.25,0,0,0,0,0,0,1000
5946,0,180,3000,500,1000,0,0,0,0,0,0,0,0,0,0,-76.75,1,0,0,0,-18.25,0,0,0,0,0,0,1000
5947,0,181,3000,500,1000,0,0,0,0,0,0,0,0,0,0,-76.75,1,0,0,0,-18.25,0,0,0,0,0,0,1000
5948,0,182,3000,500,1000,0,0,0,0,0,0,0,0,0,0,-76.75,1,0,0,0,-18.25,0,0,0,0,0,0,1000
5949,0,183,3000,500,1000,0,0,0,0,0,0,0,0,0,0,-76.75,1,0,0,0,-18.25,0,0,0,0,0,0,1000
5950,0,184,3000,500,1000,0,0,0,0,0,0,0,0,0,0,-76.75,1,0,0,0,-18.25,0,0,0,0,0,0,1000
5951,0,185,3000,500,1000,0,0,0,0,0,0,0,0,0,0,-76.75,1,0,0,0,-18.25,0,0,0,0,0,0,1000
5952,0,186,3000,500,1000,0,0,0,0,0,0,0,0,0,0,-76.75,1,0,0,0,-18.25,0,0,0,0,0,0,1000
5953,0,187,3000,500,1000,0,0,0,0,0,0,0,0,0,0,-76.75,1,0,0,0,-18.25,0,0,0,0,0,0,1000
5954,0,188,3000,500,1000,0,0,0,0,0,0,0,0,0,0,-76.75,1,0,0,0,-18.25,0,0,0,0,0,0,1000
5955,0,189,3000,500,1000,0,0,0,0,0,0,0,0,0,0,-76.75,1,0,0,0,-18.25,0,0,0,0,0,0,1000
5956,0,190,3000,500,1000,0,0,0,0,0,0,0,0,0,0,-76.75,1,0,0,0,-18.25,0,0,0,0,0,0,1000
5957,0,191,3000,500,1000,0,0,0,0,0,0,0,0,0,0,-76.75,1,0,0,0,-18.25,0,0,0,0,0,0,1000
5958,0,192,3000,500,1000,0,0,0,0,0,0,0,0,0,0,-76.75,1,0,0,0,-18.25,0,0,0,0,0,0,1000
5959,0,193,3000,500,1000,0,0,0,0,0,0,0,0,0,0,-76.75,1,0,0,0,-18.25,0,0,0,0,0,0,1000
5960,0,194,3000,500,1000,0,0,0,0,0,0,0,0,0,0,-76.75,1,0,0,0,-18.25,0,0,0,0,0,0,1000
5961,0,195,3000,500,1000,0,0,0,0,0,0,0,0,0,0,-76.75,1,0,0,0,-18.25,0,0,0,0,0,0,1000
5962,0,196,3000,500,1000,0,0,0,0,0,0,0,0,0,0,-76.75,1,0,0,0,-18.25,0,0,0,0,0,0,1000
5963,0,197,3000,500,1000,0,0,0,0,0,0,0,0,0,0,-76.75,1,0,0,0,-18.25,0,0,0,0,0,0,1000
5964,0,198,3000,500,1000,0,0,0,0,0,0,0,0,0,0,-76.75,1,0,0,0,-18.25,0,0,0,0,0,0,1000
5965,0,199,3000,500,1000,0,0,0,0,0,0,0,0,0,0,-76.75,1,0,0,0,-18.25,0,0,0,0,0,0,1000
5966,0,200,3000,500,1000,0,0,0,0,0,0,0,0,0,0,-76.75,1,0,0,0,-18.25,0,0,0,0,0,0,1000
5967,0,201,3000,500,1000,0,0,0,0,0,0,0,0,0,0,-76.75,1,0,0,0,-18.25,0,0,0,0,0,0,1000
5968,0,202,3000,500,1000,0,0,0,0,0,0,0,0,0,0,-76.75,1,0,0,0,-18.25,0,0,0,0,0,0,1000
5969,0,203,3000,500,1000,0,0,0,0,0,0,0,0,0,0,-76.75,1,0,0,0,-18.25,0,0,0,0,0,0,1000
5970,0,204,3000,500,1000,0,0,0,0,0,0,0,0,0,0,-76.75,1,0,0,0,-18.25,0,0,0,0,0,0,1000
5971,0,205,3000,500,1000,0,0,0,0,0,0,0,0,0,0,-76.75,1,0,0,0,-18.25,0,0,0,0,0,0,1000
5972,0,206,3000,500,1000,0,0,0,0,0,0,0,0,0,0,-76.75,1,0,0,0,-18.25,0,0,0,0,0,0,1000
5973,0,207,3000,500,1000,0,0,0,0,0,0,0,0,0,0,-76.75,1,0,0,0,-18.25,0,0,0,0,0,0,1000
5974,0,208,3000,500,1000,0,0,0,0,0,0,0,0,0,0,-76.75,1,0,0,0,-18.25,0,0,0,0,0,0,1000
5975,0,209,3000,500,1000,0,0,0,0,0,0,0,0,0,0,-76.75,1,0,0,0,-18.25,0,0,0,0,0,0,1000
5976,0,210,3000,500,1000,0,0,0,0,0,0,0,0,0,0,-76.75,1,0,0,0,-18.25,0,0,0,0,0,0,1000
5977,0,211,3000,500,1000,0,0,0,0,0,0,0,0,0,0,-76.75,1,0,0,0,-18.25,0,0,0,0,0,0,1000
5978,0,212,3000,500,1000,0,0,0,0,0,0,0,0,0,0,-76.75,1,0,0,0,-18.25,0,0,0,0,0,0,1000
5979,0,213,3000,500,1000,0,0,0,0,0,0,0,0,0,0,-76.75,1,0,0,0,-18.25,0,0,0,0,0,0,1000
5980,0,214,3000,500,1000,0,0,0,0,0,0,0,0,0,0,-76.75,1,0,0,0,-18.25,0,0,0,0,0,0,1000
5981,0,215,3000,500,1000,0,0,0,0,0,0,0,0,0,0,-76.75,1,0,0,0,-18.25,0,0,0,0,0,0,1000
5982,0,216,3000,500,1000,0,0,0,0,0,0,0,0,0,0,-76.75,1,0,0,0,-18.25,0,0,0,0,0,0,1000
5983,0,217,3000,500,1000,0,0,0,0,0,0,0,0,0,0,-76.75,1,0,0,0,-18.25,0,0,0,0,0,0,1000
5984,0,218,3000,500,1000,0,0,0,0,0,0,0,0,0,0,-76.75,1,0,0,0,-18.25,0,0,0,0,0,0,1000
5985,0,219,3000,500,1000,0,0,0,0,0,0,0,0,0,0,-76.75,1,0,0,0,-18.25,0,0,0,0,0,0,1000
5986,0,220,3000,500,1000,0,0,0,0,0,0,0,0,0,0,-76.75,1,0,0,0,-18.25,0,0,0,0,0,0,1000
5987,0,221,3000,500,1000,0,0,0,0,0,0,0,0,0,0,-76.75,1,0,0,0,-18.25,0,0,0,0,0,0,1000
5988,0,222,3000,500,1000,0,0,0,0,0,0,0,0,0,0,-76.75,1,0,0,0,-18.25,0,0,0,0,0,0,1000
5989,0,223,3000,500,1000,0,0,0,0,0,0,0,0,0,0,-76.75,1,0,0,0,-18.25,0,0,0,0,0,0,1000
5990,0,224,3000,500,1000,0,0,0,0,0,0,0,0,0,0,-76.75,1,0,0,0,-18.25,0,0,0,0,0,0,1000
5991,0,225,3000,500,1000,0,0,0,0,0,0,0,0,0,0,-76.75,1,0,0,0,-18.25,0,0,0,0,0,0,1000
5992,0,226,3000,500,1000,0,0,0,0,0,0,0,0,0,0,-76.75,1,0,0,0,-18.25,0,0,0,0,0,0,1000
5993,0,227,3000,500,1000,0,0,0,0,0,0,0,0,0,0,-76.75,1,0,0,0,-18.25,0,0,0,0,0,0,1000
5994,0,228,3000,500,1000,0,0,0,0,0,0,0,0,0,0,-76.75,1,0,0,0,-18.25,0,0,0,0,0,0,1000
5995,0,229,3000,500,1000,0,0,0,0,0,0,0,0,0,0,-76.75,1,0,0,0,-18.25,0,0,0,0,0,0,1000
5996,0,230,3000,500,1000,0,0,0,0,0,0,0,0,0,0,-76.75,1,0,0,0,-18.25,0,0,0,0,0,0,1000
5997,0,231,3000,500,1000,0,0,0,0,0,0,0,0,0,0,-76.75,1,0,0,0,-18.25,0,0,0,0,0,0,1000
5998,0,232,3000,500,1000,0,0,0,0,0,0,0,0,0,0,-76.75,1,0,0,0,-18.25,0,0,0,0,0,0,1000
5999,0,233,3000,500,1000,0,0,0,0,0,0,0,0,0,0,-76.75,1,0,0,0,-18.25,0,0,0,0,0,0,1000
6000,0,234,3000,500,1000,0,0,0,0,0,0,0,0,0,0,-76.75,1,0,0,0,-18.25,0,0,0,0,0,0,1000
6001,0,235,3000,500,1000,0,0,0,0,0,0,0,0,0,0,-76.75,1,0,0,0,-18.25,0,0,0,0,0,0,1000
6002,0,236,3000,500,1000,0,0,0,0,0,0,0,0,0,0,-76.75,1,0,0,0,-18.25,0,0,0,0,0,0,1000
6003,0,237,3000,500,1000,0,0,0,0,0,0,0,0,0,0,-76.75,1,0,0,0,-18.25,0,0,0,0,0,0,1000
6004,0,238,3000,500,1000,0,0,0,0,0,0,0,0,0,0,-76.75,1,0,0,0,-18.25,0,0,0,0,0,0,1000
6005,0,239,3000,500,1000,0,0,0,0,0,0,0,0,0,0,-76.75,1,0,0,0,-18.25,0,0,0,0,0,0,1000
6006,0,240,3000,500,1000,0,0,0,0,0,0,0,0,0,0,-76.75,1,0,0,0,-18.25,0,0,0,0,0,0,1000
6007,0,241,3000,500,1000,0,0,0,0,0,0,0,0,0,0,-76.75,1,0,0,0,-18.25,0,0,0,0,0,0,1000
6008,0,242,3000,500,1000,0,0,0,0,0,0,0,0,0,0,-76.75,1,0,0,0,-18.25,0,0,0,0,0,0,1000
6009,0,243,3000,500,1000,0,0,0,0,0,0,0,0,0,0,-76.75,1,0,0,0,-18.25,0,0,0,0,0,0,1000
6010,0,1,3000,500,1000,0,0,0,0,0,0,0,0,0,0,-61.75,1,0,0,0,-18.25,0,0,0,0,0,0,1000
6011,0,2,3000,500,1000,0,0,0,0,0,0,0,0,0,0,-61.75,1,0,0,0,-18.25,0,0,0,0,0,0,1000
6012,0,3,3000,500,1000,0,0,0,0,0,0,0,0,0,0,-61.75,1,0,0,0,-18.25,0,0,0,0,0,0,1000
6013,0,4,3000,500,1000,0,0,0,0,0,0,0,0,0,0,-61.75,1,0,0,0,-18.25,0,0,0,0,0,0,1000
6014,0,5,3000,500,1000,0,0,0,0,0,0,0,0,0,0,-61.75,1,0,0,0,-18.25,0,0,0,0,0,0,1000
6015,0,6,3000,500,1000,0,0,0,0,0,0,0,0,0,0,-61.75,1,0,0,0,-18.25,0,0,0,0,0,0,1000
6016,0,7,3000,500,1000,0,0,0,0,0,0,0,0,0,0,-61.75,1,0,0,0,-18.25,0,0,0,0,0,0,1000
6017,0,8,3000,500,1000,0,0,0,0,0,0,0,0,0,0,-61.75,1,0,0,0,-18.25,0,0,0,0,0,0,1000
6018,0,9,3000,500,1000,0,0,0,0,0,0,0,0,0,0,-61.75,1,0,0,0,-18.25,0,0,0,0,0,0,1000
6019,10,1,3000,500,1000,0,0,0,0,0,0,0,0,0,0,-61.75,1,0,0,0,-18.25,0,0,0,0,0,0,1000
6020,10,2,3000,500,1000,0,0,0,0,0,0,0,0,0,0,-61.75,1,0,0,0,-18.25,0,0,0,0,0,0,1000
6021,10,3,3000,500,1000,0,0,0,0,0,0,0,0,0,0,-61.75,1,0,0,0,-18.25,0,0,0,0,0,0,1000
6022,10,4,3000,500,1000,0,0,0,0,0,0,0,0,0,0,-61.75,1,0,0,0,-18.25,0,0,0,0,0,0,1000
6023,10,5,3000,500,1000,0,0,0,0,0,0,0,0,0,0,-61.75,1,0,0,0,-18.25,0,0,0,0,0,0,1000
6024,10,6,3000,500,1000,0,0,0,0,0,0,0,0,0,0,-61.75,1,0,0,0,-18.25,0,0,0,0,0,0,1000
6025,1020,1,3000,500,1000,0,0,0,0,0,0,0,0,0,0,-61.75,1,0,0,0,-18.25,0,0,0,0,0,0,1000
6026,1020,2,3000,500,1000,0,0,0,0,0,0,0,0,0,0,-61.75,1,0,0,0,-18.25,0,0,0,0,0,0,1000
6027,1020,3,3000,500,1000,0,0,0,0,0,0,0,0,0,0,-61.75,1,0,0,0,-18.25,0,0,0,0,0,0,1000
6028,1020,4,3000,500,1000,0,0,0,0,0,0,0,0,0,0,-55.349998474121094,1,0,0,0,-18.25,0,0,0,0,0,0,1000
6029,1020,5,3000,500,1000,0,0,0,0,0,0,0,0,0,0,-48.94999694824219,1,0,0,0,-18.25,0,0,0,0,0,0,1000
6030,1020,6,3000,500,1000,0,0,0,0,0,0,0,0,0,0,-42.54999542236328,1,0,0,0,-18.25,0,0,0,0,0,0,1000
6031,1020,7,3000,500,1000,0,0,0,0,0,0,0,0,0,0,-36.149993896484375,1,0,0,0,-18.25,0,0,0,0,0,0,1000
6032,1020,8,3000,500,1000,0,0,0,0,0,0,0,0,0,0,-29.74999237060547,1,0,0,0,-18.25,0,0,0,0,0,0,1000
6033,1020,9,3000,500,1000,0,0,0,0,0,0,0,0,0,0,-23.349990844726562,1,0,0,0,-18.25,0,0,0,0,0,0,1000
6034,1020,10,3000,500,1000,0,0,0,0,0,0,0,0,0,0,-16.949989318847656,1,0,0,0,-18.25,0,0,0,0,0,0,1000
6035,1020,11,3000,500,1000,0,0,0,0,0,0,0,0,0,0,-10.549989700317383,1,0,0,0,-18.25,0,0,0,0,0,0,1000
6036,1020,12,3000,500,1000,0,0,0,0,0,0,0,0,0,0,-4.149990081787109,1,0,0,0,-18.25,0,0,0,0,0,0,1000
6037,1020,13,3000,500,1000,0,0,0,0,0,0,0,0,0,0,2.250009536743164,1,0,0,0,-18.25,0,0,0,0,0,0,1000
6038,1020,14,3000,500,1000,0,0,0,0,0,0,0,0,0,0,8.650009155273438,1,0,0,0,-18.25,0,0,0,0,0,0,1000
6039,1020,14,4030,500,924,0,0,0,0,0,0,0,0,0,0,8.650009155273438,1,0,0,0,-18.25,0,0,0,0,0,0,2018
6040,1020,14,4030,500,924,0,0,0,0,0,0,0,0,0,0,8.650009155273438,1,0,0,0,-18.25,0,0,0,0,0,0,2018
6041,1020,14,4030,500,924,0,0,0,0,0,0,0,0,0,0,8.650009155273438,1,0,0,0,-18.25,0,0,0,0,0,0,2018
6042,1020,14,4030,500,924,0,0,0,0,0,0,0,0,0,0,8.650009155273438,1,0,0,0,-18.25,0,0,0,0,0,0,2018
6043,1020,14,4030,500,924,0,0,0,0,0,0,0,0,0,0,8.650009155273438,1,0,0,0,-18.25,0,0,0,0,0,0,2018
6044,1020,14,4030,500,924,0,0,0,0,0,0,0,0,0,0,8.650009155273438,1,0,0,0,-18.25,0,0,0,0,0,0,2018
6045,1020,15,4030,500,924,0,0,0,0,0,0,0,0,0,0,15.050008773803711,1,0,0,0,-18.25,0,0,0,0,0,0,2018
6046,1020,16,4030,500,924,0,0,0,0,0,0,0,0,0,0,21.450008392333984,1,0,0,0,-18.25,0,0,0,0,0,0,2018
6047,1020,17,4030,500,924,0,0,0,0,0,0,0,0,0,0,27.85000991821289,1,0,0,0,-18.25,0,0,0,0,0,0,2018
6048,1020,18,4030,500,924,0,0,0,0,0,0,0,0,0,0,34.25000762939453,1,0,0,0,-18.25,0,0,0,0,0,0,2018
6049,1020,19,4030,500,924,0,0,0,0,0,0,0,0,0,0,40.65000915527344,1,0,0,0,-18.25,0,0,0,0,0,0,2018
6050,1020,20,4030,500,924,0,0,0,0,0,0,0,0,0,0,46.800010681152344,1,0,0,0,-18.25,0,0,0,0,0,0,2018
6051,1020,21,4030,500,924,0,0,0,0,0,0,0,0,0,0,49.200008392333984,1,0,0,0,-18,0,0,0,0,0,0,2018
6052,1020,22,4030,500,924,0,0,0,0,0,0,0,0,0,0,45.200008392333984,1,0,0,0,-14,0,0,0,0,0,0,2018
6053,1020,23,4030,500,924,0,0,0,0,0,0,0,0,0,0,41.200008392333984,1,0,0,0,-10,0,0,0,0,0,0,2018
6054,1020,24,4030,500,924,0,0,0,0,0,0,0,0,0,0,37.200008392333984,1,0,0,0,-6,0,0,0,0,0,0,2018
6055,1020,25,4030,500,924,0,0,0,0,0,0,0,0,0,0,33.200008392333984,1,0,0,0,-2,0,0,0,0,0,0,2018
6056,1020,26,4030,500,924,0,0,0,0,0,0,0,0,0,0,29.200008392333984,1,0,0,0,2,0,0,0,0,0,0,2018
6057,1020,27,4030,500,924,0,0,0,0,0,0,0,0,0,0,25.200008392333984,1,0,0,0,6,0,0,0,0,0,0,2018
6058,1020,28,4030,500,924,0,0,0,0,0,0,0,0,0,0,21.200008392333984,1,0,0,0,10,0,0,0,0,0,0,2018
6059,1020,29,4030,500,924,0,0,0,0,0,0,0,0,0,0,17.200008392333984,1,0,0,0,14,0,0,0,0,0,0,2018
6060,1020,30,4030,500,924,0,0,0,0,0,0,0,0,0,0,13.200008392333984,1,0,0,0,18,0,0,0,0,0,0,2018
6061,1020,31,4030,500,924,0,0,0,0,0,0,0,0,0,0,13.200008392333984,1,0,0,0,22,0,0,0,0,0,0,2018
6062,1020,32,4030,500,924,0,0,0,0,0,0,0,0,0,0,13.200008392333984,1,0,0,0,22,0,0,0,0,0,0,2018
6063,1020,33,4030,500,924,0,0,0,0,0,0,0,0,0,0,13.200008392333984,1,0,0,0,22,0,0,0,0,0,0,2018
6064,1020,34,4030,500,924,0,0,0,0,0,0,0,0,0,0,13.200008392333984,1,0,0,0,22,0,0,0,0,0,0,2018
6065,1020,35,4030,500,924,0,0,0,0,0,0,0,0,0,0,13.200008392333984,1,0,0,0,22,0,0,0,0,0,0,2018
6066,1020,36,4030,500,924,0,0,0,0,0,0,0,0,0,0,13.200008392333984,1,0,0,0,22,0,0,0,0,0,0,2018
6067,0,1,4030,500,924,0,0,0,0,0,0,0,0,0,0,13.200008392333984,1,0,0,0,22,0,0,0,0,0,0,2018
6068,0,2,4030,500,924,0,0,0,0,0,0,0,0,0,0,13.200008392333984,1,0,0,0,22,0,0,0,0,0,0,2018
6069,0,3,4030,500,924,0,0,0,0,0,0,0,0,0,0,10.200008392333984,1,0,0,0,22,0,0,0,0,0,0,2018
6070,0,4,4030,500,924,0,0,0,0,0,0,0,0,0,0,7.200008392333984,1,0,0,0,25,0,0,0,0,0,0,2018
6071,0,5,4030,500,924,0,0,0,0,0,0,0,0,0,0,4.200008392333984,1,0,0,0,28,0,0,0,0,0,0,2018
6072,0,6,4030,500,924,0,0,0,0,0,0,0,0,0,0,1.2000083923339844,1,0,0,0,31,0,0,0,0,0,0,2018
6073,0,7,4030,500,924,0,0,0,0,0,0,0,0,0,0,-1.7999916076660156,1,0,0,0,34,0,0,0,0,0,0,2018
6074,0,8,4030,500,924,0,0,0,0,0,0,0,0,0,0,-4.799991607666016,1,0,0,0,37,0,0,0,0,0,0,2018
6075,0,9,4030,500,924,0,0,0,0,0,0,0,0,0,0,-7.799991607666016,1,0,0,0,40,0,0,0,0,0,0,2018
6076,0,10,4030,500,924,0,0,0,0,0,0,0,0,0,0,-10.799991607666016,1,0,0,0,43,0,0,0,0,0,0,2018
6077,0,11,4030,500,924,0,0,0,0,0,0,0,0,0,0,-13.799991607666016,1,0,0,0,46,0,0,0,0,0,0,2018
6078,0,12,4030,500,924,0,0,0,0,0,0,0,0,0,0,-16.799991607666016,1,0,0,0,49,0,0,0,0,0,0,2018
6079,0,13,4030,500,924,0,0,0,0,0,0,0,0,0,0,-19.799991607666016,1,0,0,0,52,0,0,0,0,0,0,2018
6080,0,14,4030,500,924,0,0,0,0,0,0,0,0,0,0,-22.799991607666016,1,0,0,0,55,0,0,0,0,0,0,2018
6081,0,15,4030,500,924,0,0,0,0,0,0,0,0,0,0,-25.799991607666016,1,0,0,0,58,0,0,0,0,0,0,2018
6082,0,16,4030,500,924,0,0,0,0,0,0,0,0,0,0,-28.799991607666016,1,0,0,0,61,0,0,0,0,0,0,2018
6083,0,17,4030,500,924,0,0,0,0,0,0,0,0,0,0,-31.799991607666016,1,0,0,0,64,0,0,0,0,0,0,2018
6084,0,18,4030,500,924,0,0,0,0,0,0,0,0,0,0,-34.799991607666016,1,0,0,0,67,0,0,0,0,0,0,2018
6085,0,19,4030,500,924,0,0,0,0,0,0,0,0,0,0,-37.799991607666016,1,0,0,0,70,0,0,0,0,0,0,2018
6086,0,20,4030,500,924,0,0,0,0,0,0,0,0,0,0,-40.799991607666016,1,0,0,0,73,0,0,0,0,0,0,2018
6087,0,21,4030,500,924,0,0,0,0,0,0,0,0,0,0,-43.799991607666016,1,0,0,0,76,0,0,0,0,0,0,2018
6088,0,22,4030,500,924,0,0,0,0,0,0,0,0,0,0,-46.799991607666016,1,0,0,0,79,0,0,0,0,0,0,2018
6089,0,23,4030,500,924,0,0,0,0,0,0,0,0,0,0,-49.299991607666016,1,0,0,0,82,0,0,0,0,0,0,2018
6090,0,24,4030,500,924,0,0,0,0,0,0,0,0,0,0,-51.549991607666016,1,0,0,0,84.5,0,0,0,0,0,0,2018
6091,0,25,4030,500,924,0,0,0,0,0,0,0,0,0,0,-53.299991607666016,1,0,0,0,86.75,0,0,0,0,0,0,2018
6092,0,26,4030,500,924,0,0,0,0,0,0,0,0,0,0,-54.799991607666016,1,0,0,0,88.5,0,0,0,0,0,0,2018
6093,0,27,4030,500,924,0,0,0,0,0,0,0,0,0,0,-56.049991607666016,1,0,0,0,90,0,0,0,0,0,0,2018
6094,0,28,4030,500,924,0,0,0,0,0,0,0,0,0,0,-57.299991607666016,1,0,0,0,91.25,0,0,0,0,0,0,2018
6095,0,29,4030,500,924,0,0,0,0,0,0,0,0,0,0,-58.299991607666016,1,0,0,0,92.5,0,0,0,0,0,0,2018
6096,0,30,4030,500,924,0,0,0,0,0,0,0,0,0,0,-59.049991607666016,1,0,0,0,93.5,0,0,0,0,0,0,2018
6097,0,31,4030,500,924,0,0,0,0,0,0,0,0,0,0,-59.799991607666016,1,0,0,0,94.25,0,0,0,0,0,0,2018
6098,0,32,4030,500,924,0,0,0,0,0,0,0,0,0,0,-60.299991607666016,1,0,0,0,95,0,0,0,0,0,0,2018
6099,0,33,4030,500,924,0,0,0,0,0,0,0,0,0,0,-60.799991607666016,1,0,0,0,95.5,0,0,0,0,0,0,2018
6100,0,34,4030,500,924,0,0,0,0,0,0,0,0,0,0,-61.299991607666016,1,0,0,0,96,0,0,0,0,0,0,2018
6101,0,35,4030,500,924,0,0,0,0,0,0,0,0,0,0,-61.549991607666016,1,0,0,0,96.5,0,0,0,0,0,0,2018
6102,0,36,4030,500,924,0,0,0,0,0,0,0,0,0,0,-61.799991607666016,1,0,0,0,96.75,0,0,0,0,0,0,2018
6103,0,37,4030,500,924,0,0,0,0,0,0,0,0,0,0,-62.049991607666016,1,0,0,0,97,0,0,0,0,0,0,2018
6104,0,38,4030,500,924,0,0,0,0,0,0,0,0,0,0,-62.299991607666016,1,0,0,0,97.25,0,0,0,0,0,0,2018
6105,0,39,4030,500,924,0,0,0,0,0,0,0,0,0,0,-62.549991607666016,1,0,0,0,97.5,0,0,0,0,0,0,2018
6106,0,40,4030,500,924,0,0,0,0,0,0,0,0,0,0,-62.799991607666016,1,0,0,0,97.75,0,0,0,0,0,0,2018
6107,0,41,4030,500,924,0,0,0,0,0,0,0,0,0,0,-63.049991607666016,1,0,0,0,98,0,0,0,0,0,0,2018
6108,0,42,4030,500,924,0,0,0,0,0,0,0,0,0,0,-63.049991607666016,1,0,0,0,98.25,0,0,0,0,0,0,2018
6109,0,43,4030,500,924,0,0,0,0,0,0,0,0,0,0,-63.049991607666016,1,0,0,0,98.25,0,0,0,0,0,0,2018
6110,0,44,4030,500,924,0,0,0,0,0,0,0,0,0,0,-63.049991607666016,1,0,0,0,98.25,0,0,0,0,0,0,2018
6111,0,45,4030,500,924,0,0,0,0,0,0,0,0,0,0,-63.049991607666016,1,0,0,0,98.25,0,0,0,0,0,0,2018
6112,0,46,4030,500,924,0,0,0,0,0,0,0,0,0,0,-63.049991607666016,1,0,0,0,98.25,0,0,0,0,0,0,2018
6113,0,47,4030,500,924,0,0,0,0,0,0,0,0,0,0,-63.049991607666016,1,0,0,0,98.25,0,0,0,0,0,0,2018
6114,0,48,4030,500,924,0,0,0,0,0,0,0,0,0,0,-63.049991607666016,1,0,0,0,98.25,0,0,0,0,0,0,2018
6115,0,49,4030,500,924,0,0,0,0,0,0,0,0,0,0,-63.049991607666016,1,0,0,0,98.25,0,0,0,0,0,0,2018
6116,0,50,4030,500,924,0,0,0,0,0,0,0,0,0,0,-63.049991607666016,1,0,0,0,98.25,0,0,0,0,0,0,2018
6117,0,51,4030,500,924,0,0,0,0,0,0,0,0,0,0,-63.049991607666016,1,0,0,0,98.25,0,0,0,0,0,0,2018
6118,0,52,4030,500,924,0,0,0,0,0,0,0,0,0,0,-63.049991607666016,1,0,0,0,98.25,0,0,0,0,0,0,2018
6119,0,53,4030,500,924,0,0,0,0,0,0,0,0,0,0,-63.049991607666016,1,0,0,0,98.25,0,0,0,0,0,0,2018
6120,0,54,4030,500,924,0,0,0,0,0,0,0,0,0,0,-63.049991607666016,1,0,0,0,98.25,0,0,0,0,0,0,2018
6121,0,55,4030,500,924,0,0,0,0,0,0,0,0,0,0,-63.049991607666016,1,0,0,0,98.25,0,0,0,0,0,0,2018
6122,0,56,4030,500,924,0,0,0,0,0,0,0,0,0,0,-63.049991607666016,1,0,0,0,98.25,0,0,0,0,0,0,2018
6123,0,57,4030,500,924,0,0,0,0,0,0,0,0,0,0,-63.049991607666016,1,0,0,0,98.25,0,0,0,0,0,0,2018
6124,0,58,4030,500,924,0,0,0,0,0,0,0,0,0,0,-63.049991607666016,1,0,0,0,98.25,0,0,0,0,0,0,2018
6125,0,59,4030,500,924,0,0,0,0,0,0,0,0,0,0,-63.049991607666016,1,0,0,0,98.25,0,0,0,0,0,0,2018
6126,0,60,4030,500,924,0,0,0,0,0,0,0,0,0,0,-63.049991607666016,1,0,0,0,98.25,0,0,0,0,0,0,2018
6127,0,61,4030,500,924,0,0,0,0,0,0,0,0,0,0,-63.049991607666016,1,0,0,0,98.25,0,0,0,0,0,0,2018
6128,0,62,4030,500,924,0,0,0,0,0,0,0,0,0,0,-63.049991607666016,1,0,0,0,98.25,0,0,0,0,0,0,2018
6129,0,63,4030,500,924,0,0,0,0,0,0,0,0,0,0,-63.049991607666016,1,0,0,0,98.25,0,0,0,0,0,0,2018
6130,0,64,4030,500,924,0,0,0,0,0,0,0,0,0,0,-63.049991607666016,1,0,0,0,98.25,0,0,0,0,0,0,2018
6131,0,65,4030,500,924,0,0,0,0,0,0,0,0,0,0,-63.049991607666016,1,0,0,0,98.25,0,0,0,0,0,0,2018
6132,0,66,4030,500,924,0,0,0,0,0,0,0,0,0,0,-63.049991607666016,1,0,0,0,98.25,0,0,0,0,0,0,2018
6133,0,67,4030,500,924,0,0,0,0,0,0,0,0,0,0,-63.049991607666016,1,0,0,0,98.25,0,0,0,0,0,0,2018
6134,0,68,4030,500,924,0,0,0,0,0,0,0,0,0,0,-63.049991607666016,1,0,0,0,98.25,0,0,0,0,0,0,2018
6135,0,69,4030,500,924,0,0,0,0,0,0,0,0,0,0,-63.049991607666016,1,0,0,0,98.25,0,0,0,0,0,0,2018
6136,0,70,4030,500,924,0,0,0,0,0,0,0,0,0,0,-63.049991607666016,1,0,0,0,98.25,0,0,0,0,0,0,2018
6137,0,71,4030,500,924,0,0,0,0,0,0,0,0,0,0,-63.049991607666016,1,0,0,0,98.25,0,0,0,0,0,0,2018
6138,0,72,4030,500,924,0,0,0,0,0,0,0,0,0,0,-63.049991607666016,1,0,0,0,98.25,0,0,0,0,0,0,2018
6139,0,73,4030,500,924,0,0,0,0,0,0,0,0,0,0,-63.049991607666016,1,0,0,0,98.25,0,0,0,0,0,0,2018
6140,0,74,4030,500,924,0,0,0,0,0,0,0,0,0,0,-63.049991607666016,1,0,0,0,98.25,0,0,0,0,0,0,2018
6141,0,75,4030,500,924,0,0,0,0,0,0,0,0,0,0,-63.049991607666016,1,0,0,0,98.25,0,0,0,0,0,0,2018
6142,0,76,4030,500,924,0,0,0,0,0,0,0,0,0,0,-63.049991607666016,1,0,0,0,98.25,0,0,0,0,0,0,2018
6143,0,77,4030,500,924,0,0,0,0,0,0,0,0,0,0,-63.049991607666016,1,0,0,0,98.25,0,0,0,0,0,0,2018
6144,0,78,4030,500,924,0,0,0,0,0,0,0,0,0,0,-63.049991607666016,1,0,0,0,98.25,0,0,0,0,0,0,2018
6145,0,79,4030,500,924,0,0,0,0,0,0,0,0,0,0,-63.049991607666016,1,0,0,0,98.25,0,0,0,0,0,0,2018
6146,0,80,4030,500,924,0,0,0,0,0,0,0,0,0,0,-63.049991607666016,1,0,0,0,98.25,0,0,0,0,0,0,2018
6147,0,81,4030,500,924,0,0,0,0,0,0,0,0,0,0,-63.049991607666016,1,0,0,0,98.25,0,0,0,0,0,0,2018
6148,0,82,4030,500,924,0,0,0,0,0,0,0,0,0,0,-63.049991607666016,1,0,0,0,98.25,0,0,0,0,0,0,2018
6149,0,83,4030,500,924,0,0,0,0,0,0,0,0,0,0,-63.049991607666016,1,0,0,0,98.25,0,0,0,0,0,0,2018
6150,0,84,4030,500,924,0,0,0,0,0,0,0,0,0,0,-63.049991607666016,1,0,0,0,98.25,0,0,0,0,0,0,2018
6151,0,85,4030,500,924,0,0,0,0,0,0,0,0,0,0,-63.049991607666016,1,0,0,0,98.25,0,0,0,0,0,0,2018
6152,0,86,4030,500,924,0,0,0,0,0,0,0,0,0,0,-63.049991607666016,1,0,0,0,98.25,0,0,0,0,0,0,2018
6153,0,87,4030,500,924,0,0,0,0,0,0,0,0,0,0,-63.049991607666016,1,0,0,0,98.25,0,0,0,0,0,0,2018
6154,0,88,4030,500,924,0,0,0,0,0,0,0,0,0,0,-63.049991607666016,1,0,0,0,98.25,0,0,0,0,0,0,2018
6155,0,89,4030,500,924,0,0,0,0,0,0,0,0,0,0,-63.049991607666016,1,0,0,0,98.25,0,0,0,0,0,0,2018
6156,0,90,4030,500,924,0,0,0,0,0,0,0,0,0,0,-63.049991607666016,1,0,0,0,98.25,0,0,0,0,0,0,2018
6157,0,91,4030,500,924,0,0,0,0,0,0,0,0,0,0,-63.049991607666016,1,0,0,0,98.25,0,0,0,0,0,0,2018
6158,0,92,4030,500,924,0,0,0,0,0,0,0,0,0,0,-63.049991607666016,1,0,0,0,98.25,0,0,0,0,0,0,2018
6159,0,93,4030,500,924,0,0,0,0,0,0,0,0,0,0,-63.049991607666016,1,0,0,0,98.25,0,0,0,0,0,0,2018
6160,0,94,4030,500,924,0,0,0,0,0,0,0,0,0,0,-63.049991607666016,1,0,0,0,98.25,0,0,0,0,0,0,2018
6161,0,95,4030,500,924,0,0,0,0,0,0,0,0,0,0,-63.049991607666016,1,0,0,0,98.25,0,0,0,0,0,0,2018
6162,0,96,4030,500,924,0,0,0,0,0,0,0,0,0,0,-63.049991607666016,1,0,0,0,98.25,0,0,0,0,0,0,2018
6163,0,97,4030,500,924,0,0,0,0,0,0,0,0,0,0,-63.049991607666016,1,0,0,0,98.25,0,0,0,0,0,0,2018
6164,0,98,4030,500,924,0,0,0,0,0,0,0,0,0,0,-63.049991607666016,1,0,0,0,98.25,0,0,0,0,0,0,2018
6165,0,99,4030,500,924,0,0,0,0,0,0,0,0,0,0,-63.049991607666016,1,0,0,0,98.25,0,0,0,0,0,0,2018
6166,0,100,4030,500,924,0,0,0,0,0,0,0,0,0,0,-63.049991607666016,1,0,0,0,98.25,0,0,0,0,0,0,2018
6167,0,101,4030,500,924,0,0,0,0,0,0,0,0,0,0,-63.049991607666016,1,0,0,0,98.25,0,0,0,0,0,0,2018
6168,0,102,4030,500,924,0,0,0,0,0,0,0,0,0,0,-63.049991607666016,1,0,0,0,98.25,0,0,0,0,0,0,2018
6169,0,103,4030,500,924,0,0,0,0,0,0,0,0,0,0,-63.049991607666016,1,0,0,0,98.25,0,0,0,0,0,0,2018
6170,0,104,4030,500,924,0,0,0,0,0,0,0,0,0,0,-63.049991607666016,1,0,0,0,98.25,0,0,0,0,0,0,2018
6171,0,105,4030,500,924,0,0,0,0,0,0,0,0,0,0,-63.049991607666016,1,0,0,0,98.25,0,0,0,0,0,0,2018
6172,0,106,4030,500,924,0,0,0,0,0,0,0,0,0,0,-63.049991607666016,1,0,0,0,98.25,0,0,0,0,0,0,2018
6173,0,107,4030,500,924,0,0,0,0,0,0,0,0,0,0,-63.049991607666016,1,0,0,0,98.25,0,0,0,0,0,0,2018
6174,0,108,4030,500,924,0,0,0,0,0,0,0,0,0,0,-63.049991607666016,1,0,0,0,98.25,0,0,0,0,0,0,2018
6175,0,109,4030,500,924,0,0,0,0,0,0,0,0,0,0,-63.049991607666016,1,0,0,0,98.25,0,0,0,0,0,0,2018
6176,0,110,4030,500,924,0,0,0,0,0,0,0,0,0,0,-63.049991607666016,1,0,0,0,98.25,0,0,0,0,0,0,2018
6177,0,111,4030,500,924,0,0,0,0,0,0,0,0,0,0,-63.049991607666016,1,0,0,0,98.25,0,0,0,0,0,0,2018
6178,0,112,4030,500,924,0,0,0,0,0,0,0,0,0,0,-63.049991607666016,1,0,0,0,98.25,0,0,0,0,0,0,2018
6179,0,113,4030,500,924,0,0,0,0,0,0,0,0,0,0,-63.049991607666016,1,0,0,0,98.25,0,0,0,0,0,0,2018
6180,0,114,4030,500,924,0,0,0,0,0,0,0,0,0,0,-63.049991607666016,1,0,0,0,98.25,0,0,0,0,0,0,2018
6181,0,115,4030,500,924,0,0,0,0,0,0,0,0,0,0,-63.049991607666016,1,0,0,0,98.25,0,0,0,0,0,0,2018
6182,0,116,4030,500,924,0,0,0,0,0,0,0,0,0,0,-63.049991607666016,1,0,0,0,98.25,0,0,0,0,0,0,2018
6183,0,117,4030,500,924,0,0,0,0,0,0,0,0,0,0,-63.049991607666016,1,0,0,0,98.25,0,0,0,0,0,0,2018
6184,0,118,4030,500,924,0,0,0,0,0,0,0,0,0,0,-63.049991607666016,1,0,0,0,98.25,0,0,0,0,0,0,2018
6185,0,119,4030,500,924,0,0,0,0,0,0,0,0,0,0,-63.049991607666016,1,0,0,0,98.25,0,0,0,0,0,0,2018
6186,0,120,4030,500,924,0,0,0,0,0,0,0,0,0,0,-63.049991607666016,1,0,0,0,98.25,0,0,0,0,0,0,2018
6187,0,121,4030,500,924,0,0,0,0,0,0,0,0,0,0,-63.049991607666016,1,0,0,0,98.25,0,0,0,0,0,0,2018
6188,0,122,4030,500,924,0,0,0,0,0,0,0,0,0,0,-63.049991607666016,1,0,0,0,98.25,0,0,0,0,0,0,2018
6189,0,123,4030,500,924,0,0,0,0,0,0,0,0,0,0,-63.049991607666016,1,0,0,0,98.25,0,0,0,0,0,0,2018
6190,0,124,4030,500,924,0,0,0,0,0,0,0,0,0,0,-63.049991607666016,1,0,0,0,98.25,0,0,0,0,0,0,2018
6191,0,125,4030,500,924,0,0,0,0,0,0,0,0,0,0,-63.049991607666016,1,0,0,0,98.25,0,0,0,0,0,0,2018
6192,0,126,4030,500,924,0,0,0,0,0,0,0,0,0,0,-63.049991607666016,1,0,0,0,98.25,0,0,0,0,0,0,2018
6193,0,127,4030,500,924,0,0,0,0,0,0,0,0,0,0,-63.049991607666016,1,0,0,0,98.25,0,0,0,0,0,0,2018
6194,0,128,4030,500,924,0,0,0,0,0,0,0,0,0,0,-63.049991607666016,1,0,0,0,98.25,0,0,0,0,0,0,2018
6195,0,129,4030,500,924,0,0,0,0,0,0,0,0,0,0,-63.049991607666016,1,0,0,0,98.25,0,0,0,0,0,0,2018
6196,0,130,4030,500,924,0,0,0,0,0,0,0,0,0,0,-63.049991607666016,1,0,0,0,98.25,0,0,0,0,0,0,2018
6197,0,131,4030,500,924,0,0,0,0,0,0,0,0,0,0,-63.049991607666016,1,0,0,0,98.25,0,0,0,0,0,0,2018
6198,0,132,4030,500,924,0,0,0,0,0,0,0,0,0,0,-63.049991607666016,1,0,0,0,98.25,0,0,0,0,0,0,2018
6199,0,133,4030,500,924,0,0,0,0,0,0,0,0,0,0,-63.049991607666016,1,0,0,0,98.25,0,0,0,0,0,0,2018
6200,0,134,4030,500,924,0,0,0,0,0,0,0,0,0,0,-63.049991607666016,1,0,0,0,98.25,0,0,0,0,0,0,2018
6201,0,135,4030,500,924,0,0,0,0,0,0,0,0,0,0,-63.049991607666016,1,0,0,0,98.25,0,0,0,0,0,0,2018
6202,0,136,4030,500,924,0,0,0,0,0,0,0,0,0,0,-63.049991607666016,1,0,0,0,98.25,0,0,0,0,0,0,2018
6203,0,137,4030,500,924,0,0,0,0,0,0,0,0,0,0,-63.049991607666016,1,0,0,0,98.25,0,0,0,0,0,0,2018
6204,0,138,4030,500,924,0,0,0,0,0,0,0,0,0,0,-63.049991607666016,1,0,0,0,98.25,0,0,0,0,0,0,2018
6205,0,139,4030,500,924,0,0,0,0,0,0,0,0,0,0,-63.049991607666016,1,0,0,0,98.25,0,0,0,0,0,0,2018
6206,0,140,4030,500,924,0,0,0,0,0,0,0,0,0,0,-63.049991607666016,1,0,0,0,98.25,0,0,0,0,0,0,2018
6207,0,141,4030,500,924,0,0,0,0,0,0,0,0,0,0,-63.049991607666016,1,0,0,0,98.25,0,0,0,0,0,0,2018
6208,0,142,4030,500,924,0,0,0,0,0,0,0,0,0,0,-63.049991607666016,1,0,0,0,98.25,0,0,0,0,0,0,2018
6209,0,143,4030,500,924,0,0,0,0,0,0,0,0,0,0,-63.049991607666016,1,0,0,0,98.25,0,0,0,0,0,0,2018
6210,0,144,4030,500,924,0,0,0,0,0,0,0,0,0,0,-63.049991607666016,1,0,0,0,98.25,0,0,0,0,0,0,2018
6211,0,145,4030,500,924,0,0,0,0,0,0,0,0,0,0,-63.049991607666016,1,0,0,0,98.25,0,0,0,0,0,0,2018
6212,0,146,4030,500,924,0,0,0,0,0,0,0,0,0,0,-63.049991607666016,1,0,0,0,98.25,0,0,0,0,0,0,2018
6213,0,147,4030,500,924,0,0,0,0,0,0,0,0,0,0,-63.049991607666016,1,0,0,0,98.25,0,0,0,0,0,0,2018
6214,0,148,4030,500,924,0,0,0,0,0,0,0,0,0,0,-63.049991607666016,1,0,0,0,98.25,0,0,0,0,0,0,2018
6215,0,149,4030,500,924,0,0,0,0,0,0,0,0,0,0,-63.049991607666016,1,0,0,0,98.25,0,0,0,0,0,0,2018
6216,0,150,4030,500,924,0,0,0,0,0,0,0,0,0,0,-63.049991607666016,1,0,0,0,98.25,0,0,0,0,0,0,2018
6217,0,151,4030,500,924,0,0,0,0,0,0,0,0,0,0,-63.049991607666016,1,0,0,0,98.25,0,0,0,0,0,0,2018
6218,0,152,4030,500,924,0,0,0,0,0,0,0,0,0,0,-63.049991607666016,1,0,0,0,98.25,0,0,0,0,0,0,2018
6219,0,153,4030,500,924,0,0,0,0,0,0,0,0,0,0,-63.049991607666016,1,0,0,0,98.25,0,0,0,0,0,0,2018
6220,0,154,4030,500,924,0,0,0,0,0,0,0,0,0,0,-63.049991607666016,1,0,0,0,98.25,0,0,0,0,0,0,2018
6221,0,155,4030,500,924,0,0,0,0,0,0,0,0,0,0,-63.049991607666016,1,0,0,0,98.25,0,0,0,0,0,0,2018
6222,0,156,4030,500,924,0,0,0,0,0,0,0,0,0,0,-63.049991607666016,1,0,0,0,98.25,0,0,0,0,0,0,2018
6223,0,157,4030,500,924,0,0,0,0,0,0,0,0,0,0,-63.049991607666016,1,0,0,0,98.25,0,0,0,0,0,0,2018
6224,0,158,4030,500,924,0,0,0,0,0,0,0,0,0,0,-63.049991607666016,1,0,0,0,98.25,0,0,0,0,0,0,2018
6225,0,159,4030,500,924,0,0,0,0,0,0,0,0,0,0,-63.049991607666016,1,0,0,0,98.25,0,0,0,0,0,0,2018
6226,0,160,4030,500,924,0,0,0,0,0,0,0,0,0,0,-63.049991607666016,1,0,0,0,98.25,0,0,0,0,0,0,2018
6227,0,161,4030,500,924,0,0,0,0,0,0,0,0,0,0,-63.049991607666016,1,0,0,0,98.25,0,0,0,0,0,0,2018
6228,0,162,4030,500,924,0,0,0,0,0,0,0,0,0,0,-63.049991607666016,1,0,0,0,98.25,0,0,0,0,0,0,2018
6229,0,163,4030,500,924,0,0,0,0,0,0,0,0,0,0,-63.049991607666016,1,0,0,0,98.25,0,0,0,0,0,0,2018
6230,0,164,4030,500,924,0,0,0,0,0,0,0,0,0,0,-63.049991607666016,1,0,0,0,98.25,0,0,0,0,0,0,2018
6231,0,165,4030,500,924,0,0,0,0,0,0,0,0,0,0,-63.049991607666016,1,0,0,0,98.25,0,0,0,0,0,0,2018
6232,0,166,4030,500,924,0,0,0,0,0,0,0,0,0,0,-63.049991607666016,1,0,0,0,98.25,0,0,0,0,0,0,2018
6233,0,167,4030,500,924,0,0,0,0,0,0,0,0,0,0,-63.049991607666016,1,0,0,0,98.25,0,0,0,0,0,0,2018
6234,0,168,4030,500,924,0,0,0,0,0,0,0,0,0,0,-63.049991607666016,1,0,0,0,98.25,0,0,0,0,0,0,2018
6235,0,169,4030,500,924,0,0,0,0,0,0,0,0,0,0,-63.049991607666016,1,0,0,0,98.25,0,0,0,0,0,0,2018
6236,0,170,4030,500,924,0,0,0,0,0,0,0,0,0,0,-63.049991607666016,1,0,0,0,98.25,0,0,0,0,0,0,2018
6237,0,171,4030,500,924,0,0,0,0,0,0,0,0,0,0,-63.049991607666016,1,0,0,0,98.25,0,0,0,0,0,0,2018
6238,0,172,4030,500,924,0,0,0,0,0,0,0,0,0,0,-63.049991607666016,1,0,0,0,98.25,0,0,0,0,0,0,2018
6239,0,173,4030,500,924,0,0,0,0,0,0,0,0,0,0,-63.049991607666016,1,0,0,0,98.25,0,0,0,0,0,0,2018
6240,0,174,4030,500,924,0,0,0,0,0,0,0,0,0,0,-63.049991607666016,1,0,0,0,98.25,0,0,0,0,0,0,2018
6241,0,175,4030,500,924,0,0,0,0,0,0,0,0,0,0,-63.049991607666016,1,0,0,0,98.25,0,0,0,0,0,0,2018
6242,0,176,4030,500,924,0,0,0,0,0,0,0,0,0,0,-63.049991607666016,1,0,0,0,98.25,0,0,0,0,0,0,2018
6243,0,177,4030,500,924,0,0,0,0,0,0,0,0,0,0,-63.049991607666016,1,0,0,0,98.25,0,0,0,0,0,0,2018
6244,0,178,4030,500,924,0,0,0,0,0,0,0,0,0,0,-63.049991607666016,1,0,0,0,98.25,0,0,0,0,0,0,2018
6245,0,179,4030,500,924,0,0,0,0,0,0,0,0,0,0,-63.049991607666016,1,0,0,0,98.25,0,0,0,0,0,0,2018
6246,0,180,4030,500,924,0,0,0,0,0,0,0,0,0,0,-63.049991607666016,1,0,0,0,98.25,0,0,0,0,0,0,2018
6247,0,181,4030,500,924,0,0,0,0,0,0,0,0,0,0,-63.049991607666016,1,0,0,0,98.25,0,0,0,0,0,0,2018
6248,0,182,4030,500,924,0,0,0,0,0,0,0,0,0,0,-63.049991607666016,1,0,0,0,98.25,0,0,0,0,0,0,2018
6249,0,183,4030,500,924,0,0,0,0,0,0,0,0,0,0,-63.049991607666016,1,0,0,0,98.25,0,0,0,0,0,0,2018
6250,0,184,4030,500,924,0,0,0,0,0,0,0,0,0,0,-63.049991607666016,1,0,0,0,98.25,0,0,0,0,0,0,2018
6251,0,185,4030,500,924,0,0,0,0,0,0,0,0,0,0,-63.049991607666016,1,0,0,0,98.25,0,0,0,0,0,0,2018
6252,0,186,4030,500,924,0,0,0,0,0,0,0,0,0,0,-63.049991607666016,1,0,0,0,98.25,0,0,0,0,0,0,2018
6253,0,187,4030,500,924,0,0,0,0,0,0,0,0,0,0,-63.049991607666016,1,0,0,0,98.25,0,0,0,0,0,0,2018
6254,0,188,4030,500,924,0,0,0,0,0,0,0,0,0,0,-63.049991607666016,1,0,0,0,98.25,0,0,0,0,0,0,2018
6255,0,189,4030,500,924,0,0,0,0,0,0,0,0,0,0,-63.049991607666016,1,0,0,0,98.25,0,0,0,0,0,0,2018
6256,0,190,4030,500,924,0,0,0,0,0,0,0,0,0,0,-63.049991607666016,1,0,0,0,98.25,0,0,0,0,0,0,2018
6257,0,191,4030,500,924,0,0,0,0,0,0,0,0,0,0,-63.049991607666016,1,0,0,0,98.25,0,0,0,0,0,0,2018
6258,0,192,4030,500,924,0,0,0,0,0,0,0,0,0,0,-63.049991607666016,1,0,0,0,98.25,0,0,0,0,0,0,2018
6259,0,193,4030,500,924,0,0,0,0,0,0,0,0,0,0,-63.049991607666016,1,0,0,0,98.25,0,0,0,0,0,0,2018
6260,0,194,4030,500,924,0,0,0,0,0,0,0,0,0,0,-63.049991607666016,1,0,0,0,98.25,0,0,0,0,0,0,2018
6261,0,195,4030,500,924,0,0,0,0,0,0,0,0,0,0,-63.049991607666016,1,0,0,0,98.25,0,0,0,0,0,0,2018
6262,0,196,4030,500,924,0,0,0,0,0,0,0,0,0,0,-63.049991607666016,1,0,0,0,98.25,0,0,0,0,0,0,2018
6263,0,197,4030,500,924,0,0,0,0,0,0,0,0,0,0,-63.049991607666016,1,0,0,0,98.25,0,0,0,0,0,0,2018
6264,0,198,4030,500,924,0,0,0,0,0,0,0,0,0,0,-63.049991607666016,1,0,0,0,98.25,0,0,0,0,0,0,2018
6265,0,199,4030,500,924,0,0,0,0,0,0,0,0,0,0,-63.049991607666016,1,0,0,0,98.25,0,0,0,0,0,0,2018
6266,0,200,4030,500,924,0,0,0,0,0,0,0,0,0,0,-63.049991607666016,1,0,0,0,98.25,0,0,0,0,0,0,2018
6267,0,201,4030,500,924,0,0,0,0,0,0,0,0,0,0,-63.049991607666016,1,0,0,0,98.25,0,0,0,0,0,0,2018
6268,0,202,4030,500,924,0,0,0,0,0,0,0,0,0,0,-63.049991607666016,1,0,0,0,98.25,0,0,0,0,0,0,2018
6269,0,203,4030,500,924,0,0,0,0,0,0,0,0,0,0,-63.049991607666016,1,0,0,0,98.25,0,0,0,0,0,0,2018
6270,0,204,4030,500,924,0,0,0,0,0,0,0,0,0,0,-63.049991607666016,1,0,0,0,98.25,0,0,0,0,0,0,2018
6271,0,205,4030,500,924,0,0,0,0,0,0,0,0,0,0,-63.049991607666016,1,0,0,0,98.25,0,0,0,0,0,0,2018
6272,0,206,4030,500,924,0,0,0,0,0,0,0,0,0,0,-63.049991607666016,1,0,0,0,98.25,0,0,0,0,0,0,2018
6273,0,207,4030,500,924,0,0,0,0,0,0,0,0,0,0,-63.049991607666016,1,0,0,0,98.25,0,0,0,0,0,0,2018
6274,0,208,4030,500,924,0,0,0,0,0,0,0,0,0,0,-63.049991607666016,1,0,0,0,98.25,0,0,0,0,0,0,2018
6275,0,209,4030,500,924,0,0,0,0,0,0,0,0,0,0,-63.049991607666016,1,0,0,0,98.25,0,0,0,0,0,0,2018
6276,0,210,4030,500,924,0,0,0,0,0,0,0,0,0,0,-63.049991607666016,1,0,0,0,98.25,0,0,0,0,0,0,2018
6277,0,211,4030,500,924,0,0,0,0,0,0,0,0,0,0,-63.049991607666016,1,0,0,0,98.25,0,0,0,0,0,0,2018
6278,0,212,4030,500,924,0,0,0,0,0,0,0,0,0,0,-63.049991607666016,1,0,0,0,98.25,0,0,0,0,0,0,2018
6279,0,213,4030,500,924,0,0,0,0,0,0,0,0,0,0,-63.049991607666016,1,0,0,0,98.25,0,0,0,0,0,0,2018
6280,0,214,4030,500,924,0,0,0,0,0,0,0,0,0,0,-63.049991607666016,1,0,0,0,98.25,0,0,0,0,0,0,2018
6281,0,215,4030,500,924,0,0,0,0,0,0,0,0,0,0,-63.049991607666016,1,0,0,0,98.25,0,0,0,0,0,0,2018
6282,0,216,4030,500,924,0,0,0,0,0,0,0,0,0,0,-63.049991607666016,1,0,0,0,98.25,0,0,0,0,0,0,2018
6283,0,217,4030,500,924,0,0,0,0,0,0,0,0,0,0,-63.049991607666016,1,0,0,0,98.25,0,0,0,0,0,0,2018
6284,0,218,4030,500,924,0,0,0,0,0,0,0,0,0,0,-63.049991607666016,1,0,0,0,98.25,0,0,0,0,0,0,2018
6285,0,219,4030,500,924,0,0,0,0,0,0,0,0,0,0,-63.049991607666016,1,0,0,0,98.25,0,0,0,0,0,0,2018
6286,0,220,4030,500,924,0,0,0,0,0,0,0,0,0,0,-63.049991607666016,1,0,0,0,98.25,0,0,0,0,0,0,2018
6287,0,221,4030,500,924,0,0,0,0,0,0,0,0,0,0,-63.049991607666016,1,0,0,0,98.25,0,0,0,0,0,0,2018
6288,0,222,4030,500,924,0,0,0,0,0,0,0,0,0,0,-63.049991607666016,1,0,0,0,98.25,0,0,0,0,0,0,2018
6289,0,223,4030,500,924,0,0,0,0,0,0,0,0,0,0,-63.049991607666016,1,0,0,0,98.25,0,0,0,0,0,0,2018
6290,0,224,4030,500,924,0,0,0,0,0,0,0,0,0,0,-63.049991607666016,1,0,0,0,98.25,0,0,0,0,0,0,2018
6291,0,225,4030,500,924,0,0,0,0,0,0,0,0,0,0,-63.049991607666016,1,0,0,0,98.25,0,0,0,0,0,0,2018
6292,0,226,4030,500,924,0,0,0,0,0,0,0,0,0,0,-63.049991607666016,1,0,0,0,98.25,0,0,0,0,0,0,2018
6293,0,227,4030,500,924,0,0,0,0,0,0,0,0,0,0,-63.049991607666016,1,0,0,0,98.25,0,0,0,0,0,0,2018
6294,0,228,4030,500,924,0,0,0,0,0,0,0,0,0,0,-63.049991607666016,1,0,0,0,98.25,0,0,0,0,0,0,2018
6295,0,229,4030,500,924,0,0,0,0,0,0,0,0,0,0,-63.049991607666016,1,0,0,0,98.25,0,0,0,0,0,0,2018
6296,0,230,4030,500,924,0,0,0,0,0,0,0,0,0,0,-63.049991607666016,1,0,0,0,98.25,0,0,0,0,0,0,2018
6297,0,231,4030,500,924,0,0,0,0,0,0,0,0,0,0,-63.049991607666016,1,0,0,0,98.25,0,0,0,0,0,0,2018
6298,0,232,4030,500,924,0,0,0,0,0,0,0,0,0,0,-63.049991607666016,1,0,0,0,98.25,0,0,0,0,0,0,2018
6299,0,233,4030,500,924,0,0,0,0,0,0,0,0,0,0,-63.049991607666016,1,0,0,0,98.25,0,0,0,0,0,0,2018
6300,0,234,4030,500,924,0,0,0,0,0,0,0,0,0,0,-63.049991607666016,1,0,0,0,98.25,0,0,0,0,0,0,2018
6301,0,235,4030,500,924,0,0,0,0,0,0,0,0,0,0,-63.049991607666016,1,0,0,0,98.25,0,0,0,0,0,0,2018
6302,0,236,4030,500,924,0,0,0,0,0,0,0,0,0,0,-63.049991607666016,1,0,0,0,98.25,0,0,0,0,0,0,2018
6303,0,237,4030,500,924,0,0,0,0,0,0,0,0,0,0,-63.049991607666016,1,0,0,0,98.25,0,0,0,0,0,0,2018
6304,0,238,4030,500,924,0,0,0,0,0,0,0,0,0,0,-63.049991607666016,1,0,0,0,98.25,0,0,0,0,0,0,2018
6305,0,239,4030,500,924,0,0,0,0,0,0,0,0,0,0,-63.049991607666016,1,0,0,0,98.25,0,0,0,0,0,0,2018
6306,0,240,4030,500,924,0,0,0,0,0,0,0,0,0,0,-63.049991607666016,1,0,0,0,98.25,0,0,0,0,0,0,2018
6307,0,241,4030,500,924,0,0,0,0,0,0,0,0,0,0,-63.049991607666016,1,0,0,0,98.25,0,0,0,0,0,0,2018
6308,0,242,4030,500,924,0,0,0,0,0,0,0,0,0,0,-63.049991607666016,1,0,0,0,98.25,0,0,0,0,0,0,2018
6309,0,243,4030,500,924,0,0,0,0,0,0,0,0,0,0,-63.049991607666016,1,0,0,0,98.25,0,0,0,0,0,0,2018
6310,0,1,3000,500,1000,0,0,0,0,0,0,0,0,0,0,-145,1,0,0,0,98.25,0,0,0,0,0,0,1000
6311,0,2,3000,500,1000,0,0,0,0,0,0,0,0,0,0,-343,1,0,0,0,98.25,0,0,0,0,0,0,1000
6312,0,3,3000,500,1000,0,0,0,0,0,0,0,0,0,0,-342.75,1,0,0,0,98,0,0,0,0,0,0,1000
6313,0,4,3000,500,1000,0,0,0,0,0,0,0,0,0,0,-342.5,1,0,0,0,97.75,0,0,0,0,0,0,1000
6314,0,5,3000,500,1000,0,0,0,0,0,0,0,0,0,0,-342.25,1,0,0,0,97.5,0,0,0,0,0,0,1000
6315,0,6,3000,500,1000,0,0,0,0,0,0,0,0,0,0,-342,1,0,0,0,97.25,0,0,0,0,0,0,1000
6316,0,7,3000,500,1000,0,0,0,0,0,0,0,0,0,0,-341.75,1,0,0,0,97,0,0,0,0,0,0,1000
6317,0,8,3000,500,1000,0,0,0,0,0,0,0,0,0,0,-341.5,1,0,0,0,96.75,0,0,0,0,0,0,1000
6318,0,9,3000,500,1000,0,0,0,0,0,0,0,0,0,0,-341.25,1,0,0,0,96.5,0,0,0,0,0,0,1000
6319,0,10,3000,500,1000,0,0,0,0,0,0,0,0,0,0,-341,1,0,0,0,96.25,0,0,0,0,0,0,1000
6320,0,11,3000,500,1000,0,0,0,0,0,0,0,0,0,0,-340.75,1,0,0,0,96,0,0,0,0,0,0,1000
6321,0,12,3000,500,1000,0,0,0,0,0,0,0,0,0,0,-340.5,1,0,0,0,95.75,0,0,0,0,0,0,1000
6322,0,13,3000,500,1000,0,0,0,0,0,0,0,0,0,0,-340.25,1,0,0,0,95.5,0,0,0,0,0,0,1000
6323,0,14,3000,500,1000,0,0,0,0,0,0,0,0,0,0,-340,1,0,0,0,95.25,0,0,0,0,0,0,1000
6324,0,15,3000,500,1000,0,0,0,0,0,0,0,0,0,0,-339.75,1,0,0,0,95,0,0,0,0,0,0,1000
6325,0,16,3000,500,1000,0,0,0,0,0,0,0,0,0,0,-339.5,1,0,0,0,94.75,0,0,0,0,0,0,1000
6326,0,17,3000,500,1000,0,0,0,0,0,0,0,0,0,0,-339.25,1,0,0,0,94.5,0,0,0,0,0,0,1000
6327,0,18,3000,500,1000,0,0,0,0,0,0,0,0,0,0,-339,1,0,0,0,94.25,0,0,0,0,0,0,1000
6328,0,19,3000,500,1000,0,0,0,0,0,0,0,0,0,0,-338.75,1,0,0,0,94,0,0,0,0,0,0,1000
6329,0,20,3000,500,1000,0,0,0,0,0,0,0,0,0,0,-338.5,1,0,0,0,93.75,0,0,0,0,0,0,1000
6330,0,21,3000,500,1000,0,0,0,0,0,0,0,0,0,0,-338.25,1,0,0,0,93.5,0,0,0,0,0,0,1000
6331,0,22,3000,500,1000,0,0,0,0,0,0,0,0,0,0,-338,1,0,0,0,93.25,0,0,0,0,0,0,1000
6332,0,23,3000,500,1000,0,0,0,0,0,0,0,0,0,0,-337.75,1,0,0,0,93,0,0,0,0,0,0,1000
6333,0,24,3000,500,1000,0,0,0,0,0,0,0,0,0,0,-337.5,1,0,0,0,92.75,0,0,0,0,0,0,1000
6334,0,25,3000,500,1000,0,0,0,0,0,0,0,0,0,0,-337.25,1,0,0,0,92.5,0,0,0,0,0,0,1000
6335,0,26,3000,500,1000,0,0,0,0,0,0,0,0,0,0,-337,1,0,0,0,92.25,0,0,0,0,0,0,1000
6336,0,27,3000,500,1000,0,0,0,0,0,0,0,0,0,0,-336.75,1,0,0,0,92,0,0,0,0,0,0,1000
6337,0,28,3000,500,1000,0,0,0,0,0,0,0,0,0,0,-336.5,1,0,0,0,91.75,0,0,0,0,0,0,1000
6338,0,29,3000,500,1000,0,0,0,0,0,0,0,0,0,0,-336.25,1,0,0,0,91.5,0,0,0,0,0,0,1000
6339,0,30,3000,500,1000,0,0,0,0,0,0,0,0,0,0,-336,1,0,0,0,91.25,0,0,0,0,0,0,1000
6340,0,31,3000,500,1000,0,0,0,0,0,0,0,0,0,0,-335.75,1,0,0,0,91,0,0,0,0,0,0,1000
6341,0,32,3000,500,1000,0,0,0,0,0,0,0,0,0,0,-335.5,1,0,0,0,90.75,0,0,0,0,0,0,1000
6342,0,33,3000,500,1000,0,0,0,0,0,0,0,0,0,0,-335.25,1,0,0,0,90.5,0,0,0,0,0,0,1000
6343,0,34,3000,500,1000,0,0,0,0,0,0,0,0,0,0,-335,1,0,0,0,90.25,0,0,0,0,0,0,1000
6344,0,35,3000,500,1000,0,0,0,0,0,0,0,0,0,0,-334.75,1,0,0,0,90,0,0,0,0,0,0,1000
6345,0,36,3000,500,1000,0,0,0,0,0,0,0,0,0,0,-334.5,1,0,0,0,89.75,0,0,0,0,0,0,1000
6346,0,37,3000,500,1000,0,0,0,0,0,0,0,0,0,0,-334.25,1,0,0,0,89.5,0,0,0,0,0,0,1000
6347,0,38,3000,500,1000,0,0,0,0,0,0,0,0,0,0,-334,1,0,0,0,89.25,0,0,0,0,0,0,1000
6348,0,39,3000,500,1000,0,0,0,0,0,0,0,0,0,0,-333.75,1,0,0,0,89,0,0,0,0,0,0,1000
6349,0,40,3000,500,1000,0,0,0,0,0,0,0,0,0,0,-333.5,1,0,0,0,88.75,0,0,0,0,0,0,1000
6350,0,41,3000,500,1000,0,0,0,0,0,0,0,0,0,0,-333.25,1,0,0,0,88.5,0,0,0,0,0,0,1000
6351,0,42,3000,500,1000,0,0,0,0,0,0,0,0,0,0,-333,1,0,0,0,88.25,0,0,0,0,0,0,1000
6352,0,43,3000,500,1000,0,0,0,0,0,0,0,0,0,0,-332.75,1,0,0,0,88,0,0,0,0,0,0,1000
6353,0,44,3000,500,1000,0,0,0,0,0,0,0,0,0,0,-332.5,1,0,0,0,87.75,0,0,0,0,0,0,1000
6354,0,45,3000,500,1000,0,0,0,0,0,0,0,0,0,0,-332.25,1,0,0,0,87.5,0,0,0,0,0,0,1000
6355,0,46,3000,500,1000,0,0,0,0,0,0,0,0,0,0,-332,1,0,0,0,87.25,0,0,0,0,0,0,1000
6356,0,47,3000,500,1000,0,0,0,0,0,0,0,0,0,0,-331.75,1,0,0,0,87,0,0,0,0,0,0,1000
6357,0,48,3000,500,1000,0,0,0,0,0,0,0,0,0,0,-331.5,1,0,0,0,86.75,0,0,0,0,0,0,1000
6358,0,49,3000,500,1000,0,0,0,0,0,0,0,0,0,0,-331.25,1,0,0,0,86.5,0,0,0,0,0,0,1000
6359,0,50,3000,500,1000,0,0,0,0,0,0,0,0,0,0,-331,1,0,0,0,86.25,0,0,0,0,0,0,1000
6360,0,51,3000,500,1000,0,0,0,0,0,0,0,0,0,0,-330.75,1,0,0,0,86,0,0,0,0,0,0,1000
6361,0,52,3000,500,1000,0,0,0,0,0,0,0,0,0,0,-330.5,1,0,0,0,85.75,0,0,0,0,0,0,1000
6362,0,53,3000,500,1000,0,0,0,0,0,0,0,0,0,0,-330.25,1,0,0,0,85.5,0,0,0,0,0,0,1000
6363,0,54,3000,500,1000,0,0,0,0,0,0,0,0,0,0,-330,1,0,0,0,85.25,0,0,0,0,0,0,1000
6364,0,55,3000,500,1000,0,0,0,0,0,0,0,0,0,0,-329.75,1,0,0,0,85,0,0,0,0,0,0,1000
6365,0,56,3000,500,1000,0,0,0,0,0,0,0,0,0,0,-329.5,1,0,0,0,84.75,0,0,0,0,0,0,1000
6366,0,57,3000,500,1000,0,0,0,0,0,0,0,0,0,0,-329.25,1,0,0,0,84.5,0,0,0,0,0,0,1000
6367,0,58,3000,500,1000,0,0,0,0,0,0,0,0,0,0,-329,1,0,0,0,84.25,0,0,0,0,0,0,1000
6368,0,59,3000,500,1000,0,0,0,0,0,0,0,0,0,0,-328.75,1,0,0,0,84,0,0,0,0,0,0,1000
6369,0,60,3000,500,1000,0,0,0,0,0,0,0,0,0,0,-328.5,1,0,0,0,83.75,0,0,0,0,0,0,1000
6370,0,61,3000,500,1000,0,0,0,0,0,0,0,0,0,0,-328.25,1,0,0,0,83.5,0,0,0,0,0,0,1000
6371,0,62,3000,500,1000,0,0,0,0,0,0,0,0,0,0,-328,1,0,0,0,83.25,0,0,0,0,0,0,1000
6372,0,63,3000,500,1000,0,0,0,0,0,0,0,0,0,0,-327.75,1,0,0,0,83,0,0,0,0,0,0,1000
6373,0,64,3000,500,1000,0,0,0,0,0,0,0,0,0,0,-327.5,1,0,0,0,82.75,0,0,0,0,0,0,1000
6374,0,65,3000,500,1000,0,0,0,0,0,0,0,0,0,0,-327.25,1,0,0,0,82.5,0,0,0,0,0,0,1000
6375,0,66,3000,500,1000,0,0,0,0,0,0,0,0,0,0,-327,1,0,0,0,82.25,0,0,0,0,0,0,1000
6376,0,67,3000,500,1000,0,0,0,0,0,0,0,0,0,0,-326.75,1,0,0,0,82,0,0,0,0,0,0,1000
6377,0,68,3000,500,1000,0,0,0,0,0,0,0,0,0,0,-326.5,1,0,0,0,81.75,0,0,0,0,0,0,1000
6378,0,69,3000,500,1000,0,0,0,0,0,0,0,0,0,0,-326.25,1,0,0,0,81.5,0,0,0,0,0,0,1000
6379,0,70,3000,500,1000,0,0,0,0,0,0,0,0,0,0,-326,1,0,0,0,81.25,0,0,0,0,0,0,1000
6380,0,71,3000,500,1000,0,0,0,0,0,0,0,0,0,0,-325.75,1,0,0,0,81,0,0,0,0,0,0,1000
6381,0,72,3000,500,1000,0,0,0,0,0,0,0,0,0,0,-325.5,1,0,0,0,80.75,0,0,0,0,0,0,1000
6382,0,73,3000,500,1000,0,0,0,0,0,0,0,0,0,0,-325.25,1,0,0,0,80.5,0,0,0,0,0,0,1000
6383,0,74,3000,500,1000,0,0,0,0,0,0,0,0,0,0,-325,1,0,0,0,80.25,0,0,0,0,0,0,1000
6384,0,75,3000,500,1000,0,0,0,0,0,0,0,0,0,0,-324.75,1,0,0,0,80,0,0,0,0,0,0,1000
6385,0,76,3000,500,1000,0,0,0,0,0,0,0,0,0,0,-324.5,1,0,0,0,79.75,0,0,0,0,0,0,1000
6386,0,77,3000,500,1000,0,0,0,0,0,0,0,0,0,0,-324.25,1,0,0,0,79.5,0,0,0,0,0,0,1000
6387,0,78,3000,500,1000,0,0,0,0,0,0,0,0,0,0,-324,1,0,0,0,79.25,0,0,0,0,0,0,1000
6388,0,79,3000,500,1000,0,0,0,0,0,0,0,0,0,0,-323.75,1,0,0,0,79,0,0,0,0,0,0,1000
6389,0,80,3000,500,1000,0,0,0,0,0,0,0,0,0,0,-323.5,1,0,0,0,78.75,0,0,0,0,0,0,1000
6390,0,81,3000,500,1000,0,0,0,0,0,0,0,0,0,0,-323.25,1,0,0,0,78.5,0,0,0,0,0,0,1000
6391,0,82,3000,500,1000,0,0,0,0,0,0,0,0,0,0,-323,1,0,0,0,78.25,0,0,0,0,0,0,1000
6392,0,83,3000,500,1000,0,0,0,0,0,0,0,0,0,0,-322.75,1,0,0,0,78,0,0,0,0,0,0,1000
6393,0,84,3000,500,1000,0,0,0,0,0,0,0,0,0,0,-322.5,1,0,0,0,77.75,0,0,0,0,0,0,1000
6394,0,85,3000,500,1000,0,0,0,0,0,0,0,0,0,0,-322.25,1,0,0,0,77.5,0,0,0,0,0,0,1000
6395,0,86,3000,500,1000,0,0,0,0,0,0,0,0,0,0,-322,1,0,0,0,77.25,0,0,0,0,0,0,1000
6396,0,87,3000,500,1000,0,0,0,0,0,0,0,0,0,0,-321.75,1,0,0,0,77,0,0,0,0,0,0,1000
6397,0,88,3000,500,1000,0,0,0,0,0,0,0,0,0,0,-321.5,1,0,0,0,76.75,0,0,0,0,0,0,1000
6398,0,89,3000,500,1000,0,0,0,0,0,0,0,0,0,0,-321.25,1,0,0,0,76.5,0,0,0,0,0,0,1000
6399,0,90,3000,500,1000,0,0,0,0,0,0,0,0,0,0,-321,1,0,0,0,76.25,0,0,0,0,0,0,1000
6400,0,91,3000,500,1000,0,0,0,0,0,0,0,0,0,0,-320.75,1,0,0,0,76,0,0,0,0,0,0,1000
6401,0,92,3000,500,1000,0,0,0,0,0,0,0,0,0,0,-320.5,1,0,0,0,75.75,0,0,0,0,0,0,1000
6402,0,93,3000,500,1000,0,0,0,0,0,0,0,0,0,0,-320.25,1,0,0,0,75.5,0,0,0,0,0,0,1000
6403,0,94,3000,500,1000,0,0,0,0,0,0,0,0,0,0,-320,1,0,0,0,75.25,0,0,0,0,0,0,1000
6404,0,95,3000,500,1000,0,0,0,0,0,0,0,0,0,0,-319.75,1,0,0,0,75,0,0,0,0,0,0,1000
6405,0,96,3000,500,1000,0,0,0,0,0,0,0,0,0,0,-319.5,1,0,0,0,74.75,0,0,0,0,0,0,1000
6406,0,97,3000,500,1000,0,0,0,0,0,0,0,0,0,0,-319.25,1,0,0,0,74.5,0,0,0,0,0,0,1000
6407,0,98,3000,500,1000,0,0,0,0,0,0,0,0,0,0,-319,1,0,0,0,74.25,0,0,0,0,0,0,1000
6408,0,99,3000,500,1000,0,0,0,0,0,0,0,0,0,0,-318.75,1,0,0,0,74,0,0,0,0,0,0,1000
6409,0,100,3000,500,1000,0,0,0,0,0,0,0,0,0,0,-318.5,1,0,0,0,73.75,0,0,0,0,0,0,1000
6410,0,101,3000,500,1000,0,0,0,0,0,0,0,0,0,0,-318.25,1,0,0,0,73.5,0,0,0,0,0,0,1000
6411,0,102,3000,500,1000,0,0,0,0,0,0,0,0,0,0,-318,1,0,0,0,73.25,0,0,0,0,0,0,1000
6412,0,103,3000,500,1000,0,0,0,0,0,0,0,0,0,0,-317.75,1,0,0,0,73,0,0,0,0,0,0,1000
6413,0,104,3000,500,1000,0,0,0,0,0,0,0,0,0,0,-317.5,1,0,0,0,72.75,0,0,0,0,0,0,1000
6414,0,105,3000,500,1000,0,0,0,0,0,0,0,0,0,0,-317.25,1,0,0,0,72.5,0,0,0,0,0,0,1000
6415,0,106,3000,500,1000,0,0,0,0,0,0,0,0,0,0,-317,1,0,0,0,72.25,0,0,0,0,0,0,1000
6416,0,107,3000,500,1000,0,0,0,0,0,0,0,0,0,0,-316.75,1,0,0,0,72,0,0,0,0,0,0,1000
6417,0,108,3000,500,1000,0,0,0,0,0,0,0,0,0,0,-316.5,1,0,0,0,71.75,0,0,0,0,0,0,1000
6418,0,109,3000,500,1000,0,0,0,0,0,0,0,0,0,0,-316.25,1,0,0,0,71.5,0,0,0,0,0,0,1000
6419,0,110,3000,500,1000,0,0,0,0,0,0,0,0,0,0,-316,1,0,0,0,71.25,0,0,0,0,0,0,1000
6420,0,111,3000,500,1000,0,0,0,0,0,0,0,0,0,0,-315.75,1,0,0,0,71,0,0,0,0,0,0,1000
6421,0,112,3000,500,1000,0,0,0,0,0,0,0,0,0,0,-315.5,1,0,0,0,70.75,0,0,0,0,0,0,1000
6422,0,113,3000,500,1000,0,0,0,0,0,0,0,0,0,0,-315.25,1,0,0,0,70.5,0,0,0,0,0,0,1000
6423,0,114,3000,500,1000,0,0,0,0,0,0,0,0,0,0,-315,1,0,0,0,70.25,0,0,0,0,0,0,1000
6424,0,115,3000,500,1000,0,0,0,0,0,0,0,0,0,0,-314.75,1,0,0,0,70,0,0,0,0,0,0,1000
6425,0,116,3000,500,1000,0,0,0,0,0,0,0,0,0,0,-314.5,1,0,0,0,69.75,0,0,0,0,0,0,1000
6426,0,117,3000,500,1000,0,0,0,0,0,0,0,0,0,0,-314.25,1,0,0,0,69.5,0,0,0,0,0,0,1000
6427,0,118,3000,500,1000,0,0,0,0,0,0,0,0,0,0,-314,1,0,0,0,69.25,0,0,0,0,0,0,1000
6428,0,119,3000,500,1000,0,0,0,0,0,0,0,0,0,0,-313.75,1,0,0,0,69,0,0,0,0,0,0,1000
6429,0,120,3000,500,1000,0,0,0,0,0,0,0,0,0,0,-313.5,1,0,0,0,68.75,0,0,0,0,0,0,1000
6430,0,121,3000,500,1000,0,0,0,0,0,0,0,0,0,0,-313.25,1,0,0,0,68.5,0,0,0,0,0,0,1000
6431,0,122,3000,500,1000,0,0,0,0,0,0,0,0,0,0,-313,1,0,0,0,68.25,0,0,0,0,0,0,1000
6432,0,123,3000,500,1000,0,0,0,0,0,0,0,0,0,0,-312.75,1,0,0,0,68,0,0,0,0,0,0,1000
6433,0,124,3000,500,1000,0,0,0,0,0,0,0,0,0,0,-312.5,1,0,0,0,67.75,0,0,0,0,0,0,1000
6434,0,125,3000,500,1000,0,0,0,0,0,0,0,0,0,0,-312.25,1,0,0,0,67.5,0,0,0,0,0,0,1000
6435,0,126,3000,500,1000,0,0,0,0,0,0,0,0,0,0,-312,1,0,0,0,67.25,0,0,0,0,0,0,1000
6436,0,127,3000,500,1000,0,0,0,0,0,0,0,0,0,0,-311.75,1,0,0,0,67,0,0,0,0,0,0,1000
6437,0,128,3000,500,1000,0,0,0,0,0,0,0,0,0,0,-311.5,1,0,0,0,66.75,0,0,0,0,0,0,1000
6438,0,129,3000,500,1000,0,0,0,0,0,0,0,0,0,0,-311.25,1,0,0,0,66.5,0,0,0,0,0,0,1000
6439,0,130,3000,500,1000,0,0,0,0,0,0,0,0,0,0,-311,1,0,0,0,66.25,0,0,0,0,0,0,1000
6440,0,131,3000,500,1000,0,0,0,0,0,0,0,0,0,0,-310.75,1,0,0,0,66,0,0,0,0,0,0,1000
6441,0,132,3000,500,1000,0,0,0,0,0,0,0,0,0,0,-310.5,1,0,0,0,65.75,0,0,0,0,0,0,1000
6442,0,133,3000,500,1000,0,0,0,0,0,0,0,0,0,0,-310.25,1,0,0,0,65.5,0,0,0,0,0,0,1000
6443,0,134,3000,500,1000,0,0,0,0,0,0,0,0,0,0,-310,1,0,0,0,65.25,0,0,0,0,0,0,1000
6444,0,135,3000,500,1000,0,0,0,0,0,0,0,0,0,0,-309.75,1,0,0,0,65,0,0,0,0,0,0,1000
6445,0,136,3000,500,1000,0,0,0,0,0,0,0,0,0,0,-309.5,1,0,0,0,64.75,0,0,0,0,0,0,1000
6446,0,137,3000,500,1000,0,0,0,0,0,0,0,0,0,0,-309.25,1,0,0,0,64.5,0,0,0,0,0,0,1000
6447,0,138,3000,500,1000,0,0,0,0,0,0,0,0,0,0,-309,1,0,0,0,64.25,0,0,0,0,0,0,1000
6448,0,139,3000,500,1000,0,0,0,0,0,0,0,0,0,0,-308.75,1,0,0,0,64,0,0,0,0,0,0,1000
6449,0,140,3000,500,1000,0,0,0,0,0,0,0,0,0,0,-308.5,1,0,0,0,63.75,0,0,0,0,0,0,1000
6450,0,141,3000,500,1000,0,0,0,0,0,0,0,0,0,0,-308.25,1,0,0,0,63.5,0,0,0,0,0,0,1000
6451,0,142,3000,500,1000,0,0,0,0,0,0,0,0,0,0,-308,1,0,0,0,63.25,0,0,0,0,0,0,1000
6452,0,143,3000,500,1000,0,0,0,0,0,0,0,0,0,0,-307.75,1,0,0,0,63,0,0,0,0,0,0,1000
6453,0,144,3000,500,1000,0,0,0,0,0,0,0,0,0,0,-307.5,1,0,0,0,62.75,0,0,0,0,0,0,1000
6454,0,145,3000,500,1000,0,0,0,0,0,0,0,0,0,0,-307.25,1,0,0,0,62.5,0,0,0,0,0,0,1000
6455,0,146,3000,500,1000,0,0,0,0,0,0,0,0,0,0,-307,1,0,0,0,62.25,0,0,0,0,0,0,1000
6456,0,147,3000,500,1000,0,0,0,0,0,0,0,0,0,0,-306.75,1,0,0,0,62,0,0,0,0,0,0,1000
6457,0,148,3000,500,1000,0,0,0,0,0,0,0,0,0,0,-306.5,1,0,0,0,61.75,0,0,0,0,0,0,1000
6458,0,149,3000,500,1000,0,0,0,0,0,0,0,0,0,0,-306.25,1,0,0,0,61.5,0,0,0,0,0,0,1000
6459,0,150,3000,500,1000,0,0,0,0,0,0,0,0,0,0,-306,1,0,0,0,61.25,0,0,0,0,0,0,1000
6460,0,151,3000,500,1000,0,0,0,0,0,0,0,0,0,0,-305.75,1,0,0,0,61,0,0,0,0,0,0,1000
6461,0,152,3000,500,1000,0,0,0,0,0,0,0,0,0,0,-305.5,1,0,0,0,60.75,0,0,0,0,0,0,1000
6462,0,153,3000,500,1000,0,0,0,0,0,0,0,0,0,0,-305.25,1,0,0,0,60.5,0,0,0,0,0,0,1000
6463,0,154,3000,500,1000,0,0,0,0,0,0,0,0,0,0,-305,1,0,0,0,60.25,0,0,0,0,0,0,1000
6464,0,155,3000,500,1000,0,0,0,0,0,0,0,0,0,0,-304.75,1,0,0,0,60,0,0,0,0,0,0,1000
6465,0,156,3000,500,1000,0,0,0,0,0,0,0,0,0,0,-304.5,1,0,0,0,59.75,0,0,0,0,0,0,1000
6466,0,157,3000,500,1000,0,0,0,0,0,0,0,0,0,0,-304.25,1,0,0,0,59.5,0,0,0,0,0,0,1000
6467,0,158,3000,500,1000,0,0,0,0,0,0,0,0,0,0,-304,1,0,0,0,59.25,0,0,0,0,0,0,1000
6468,0,159,3000,500,1000,0,0,0,0,0,0,0,0,0,0,-303.75,1,0,0,0,59,0,0,0,0,0,0,1000
6469,0,160,3000,500,1000,0,0,0,0,0,0,0,0,0,0,-303.5,1,0,0,0,58.75,0,0,0,0,0,0,1000
6470,0,161,3000,500,1000,0,0,0,0,0,0,0,0,0,0,-303.25,1,0,0,0,58.5,0,0,0,0,0,0,1000
6471,0,162,3000,500,1000,0,0,0,0,0,0,0,0,0,0,-303,1,0,0,0,58.25,0,0,0,0,0,0,1000
6472,0,163,3000,500,1000,0,0,0,0,0,0,0,0,0,0,-302.75,1,0,0,0,58,0,0,0,0,0,0,1000
6473,0,164,3000,500,1000,0,0,0,0,0,0,0,0,0,0,-302.5,1,0,0,0,57.75,0,0,0,0,0,0,1000
6474,0,165,3000,500,1000,0,0,0,0,0,0,0,0,0,0,-302.25,1,0,0,0,57.5,0,0,0,0,0,0,1000
6475,0,166,3000,500,1000,0,0,0,0,0,0,0,0,0,0,-302,1,0,0,0,57.25,0,0,0,0,0,0,1000
6476,0,167,3000,500,1000,0,0,0,0,0,0,0,0,0,0,-301.75,1,0,0,0,57,0,0,0,0,0,0,1000
6477,0,168,3000,500,1000,0,0,0,0,0,0,0,0,0,0,-301.5,1,0,0,0,56.75,0,0,0,0,0,0,1000
6478,0,169,3000,500,1000,0,0,0,0,0,0,0,0,0,0,-301.25,1,0,0,0,56.5,0,0,0,0,0,0,1000
6479,0,170,3000,500,1000,0,0,0,0,0,0,0,0,0,0,-301,1,0,0,0,56.25,0,0,0,0,0,0,1000
6480,0,171,3000,500,1000,0,0,0,0,0,0,0,0,0,0,-300.75,1,0,0,0,56,0,0,0,0,0,0,1000
6481,0,172,3000,500,1000,0,0,0,0,0,0,0,0,0,0,-300.5,1,0,0,0,55.75,0,0,0,0,0,0,1000
6482,0,173,3000,500,1000,0,0,0,0,0,0,0,0,0,0,-300.25,1,0,0,0,55.5,0,0,0,0,0,0,1000
6483,0,174,3000,500,1000,0,0,0,0,0,0,0,0,0,0,-300,1,0,0,0,55.25,0,0,0,0,0,0,1000
6484,0,175,3000,500,1000,0,0,0,0,0,0,0,0,0,0,-299.75,1,0,0,0,55,0,0,0,0,0,0,1000
6485,0,176,3000,500,1000,0,0,0,0,0,0,0,0,0,0,-299.5,1,0,0,0,54.75,0,0,0,0,0,0,1000
6486,0,177,3000,500,1000,0,0,0,0,0,0,0,0,0,0,-299.25,1,0,0,0,54.5,0,0,0,0,0,0,1000
6487,0,178,3000,500,1000,0,0,0,0,0,0,0,0,0,0,-299,1,0,0,0,54.25,0,0,0,0,0,0,1000
6488,0,179,3000,500,1000,0,0,0,0,0,0,0,0,0,0,-298.75,1,0,0,0,54,0,0,0,0,0,0,1000
6489,0,180,3000,500,1000,0,0,0,0,0,0,0,0,0,0,-298.5,1,0,0,0,53.75,0,0,0,0,0,0,1000
6490,0,181,3000,500,1000,0,0,0,0,0,0,0,0,0,0,-298.25,1,0,0,0,53.5,0,0,0,0,0,0,1000
6491,0,182,3000,500,1000,0,0,0,0,0,0,0,0,0,0,-298,1,0,0,0,53.25,0,0,0,0,0,0,1000
6492,0,183,3000,500,1000,0,0,0,0,0,0,0,0,0,0,-297.75,1,0,0,0,53,0,0,0,0,0,0,1000
6493,0,184,3000,500,1000,0,0,0,0,0,0,0,0,0,0,-297.5,1,0,0,0,52.75,0,0,0,0,0,0,1000
6494,0,185,3000,500,1000,0,0,0,0,0,0,0,0,0,0,-297.25,1,0,0,0,52.5,0,0,0,0,0,0,1000
6495,0,186,3000,500,1000,0,0,0,0,0,0,0,0,0,0,-297,1,0,0,0,52.25,0,0,0,0,0,0,1000
6496,0,187,3000,500,1000,0,0,0,0,0,0,0,0,0,0,-296.75,1,0,0,0,52,0,0,0,0,0,0,1000
6497,0,188,3000,500,1000,0,0,0,0,0,0,0,0,0,0,-296.5,1,0,0,0,51.75,0,0,0,0,0,0,1000
6498,0,189,3000,500,1000,0,0,0,0,0,0,0,0,0,0,-296.25,1,0,0,0,51.5,0,0,0,0,0,0,1000
6499,0,190,3000,500,1000,0,0,0,0,0,0,0,0,0,0,-296,1,0,0,0,51.25,0,0,0,0,0,0,1000
6500,0,191,3000,500,1000,0,0,0,0,0,0,0,0,0,0,-295.75,1,0,0,0,51,0,0,0,0,0,0,1000
6501,0,192,3000,500,1000,0,0,0,0,0,0,0,0,0,0,-295.5,1,0,0,0,50.75,0,0,0,0,0,0,1000
6502,0,193,3000,500,1000,0,0,0,0,0,0,0,0,0,0,-295.25,1,0,0,0,50.5,0,0,0,0,0,0,1000
6503,0,194,3000,500,1000,0,0,0,0,0,0,0,0,0,0,-295,1,0,0,0,50.25,0,0,0,0,0,0,1000
6504,0,195,3000,500,1000,0,0,0,0,0,0,0,0,0,0,-294.75,1,0,0,0,50,0,0,0,0,0,0,1000
6505,0,196,3000,500,1000,0,0,0,0,0,0,0,0,0,0,-294.5,1,0,0,0,49.75,0,0,0,0,0,0,1000
6506,0,197,3000,500,1000,0,0,0,0,0,0,0,0,0,0,-294.25,1,0,0,0,49.5,0,0,0,0,0,0,1000
6507,0,198,3000,500,1000,0,0,0,0,0,0,0,0,0,0,-294,1,0,0,0,49.25,0,0,0,0,0,0,1000
6508,0,199,3000,500,1000,0,0,0,0,0,0,0,0,0,0,-293.75,1,0,0,0,49,0,0,0,0,0,0,1000
6509,0,200,3000,500,1000,0,0,0,0,0,0,0,0,0,0,-293.5,1,0,0,0,48.75,0,0,0,0,0,0,1000
6510,0,201,3000,500,1000,0,0,0,0,0,0,0,0,0,0,-293.25,1,0,0,0,48.5,0,0,0,0,0,0,1000
6511,0,202,3000,500,1000,0,0,0,0,0,0,0,0,0,0,-293,1,0,0,0,48.25,0,0,0,0,0,0,1000
6512,0,203,3000,500,1000,0,0,0,0,0,0,0,0,0,0,-292.75,1,0,0,0,48,0,0,0,0,0,0,1000
6513,0,204,3000,500,1000,0,0,0,0,0,0,0,0,0,0,-292.5,1,0,0,0,47.75,0,0,0,0,0,0,1000
6514,0,205,3000,500,1000,0,0,0,0,0,0,0,0,0,0,-292.25,1,0,0,0,47.5,0,0,0,0,0,0,1000
6515,0,206,3000,500,1000,0,0,0,0,0,0,0,0,0,0,-292,1,0,0,0,47.25,0,0,0,0,0,0,1000
6516,0,207,3000,500,1000,0,0,0,0,0,0,0,0,0,0,-291.75,1,0,0,0,47,0,0,0,0,0,0,1000
6517,0,208,3000,500,1000,0,0,0,0,0,0,0,0,0,0,-291.5,1,0,0,0,46.75,0,0,0,0,0,0,1000
6518,0,209,3000,500,1000,0,0,0,0,0,0,0,0,0,0,-291.25,1,0,0,0,46.5,0,0,0,0,0,0,1000
6519,0,210,3000,500,1000,0,0,0,0,0,0,0,0,0,0,-291,1,0,0,0,46.25,0,0,0,0,0,0,1000
6520,0,211,3000,500,1000,0,0,0,0,0,0,0,0,0,0,-290.75,1,0,0,0,46,0,0,0,0,0,0,1000
6521,0,212,3000,500,1000,0,0,0,0,0,0,0,0,0,0,-290.5,1,0,0,0,45.75,0,0,0,0,0,0,1000
6522,0,213,3000,500,1000,0,0,0,0,0,0,0,0,0,0,-290.25,1,0,0,0,45.5,0,0,0,0,0,0,1000
6523,0,214,3000,500,1000,0,0,0,0,0,0,0,0,0,0,-290,1,0,0,0,45.25,0,0,0,0,0,0,1000
6524,0,215,3000,500,1000,0,0,0,0,0,0,0,0,0,0,-289.75,1,0,0,0,45,0,0,0,0,0,0,1000
6525,0,216,3000,500,1000,0,0,0,0,0,0,0,0,0,0,-289.5,1,0,0,0,44.75,0,0,0,0,0,0,1000
6526,0,217,3000,500,1000,0,0,0,0,0,0,0,0,0,0,-289.25,1,0,0,0,44.5,0,0,0,0,0,0,1000
6527,0,218,3000,500,1000,0,0,0,0,0,0,0,0,0,0,-289,1,0,0,0,44.25,0,0,0,0,0,0,1000
6528,0,219,3000,500,1000,0,0,0,0,0,0,0,0,0,0,-288.75,1,0,0,0,44,0,0,0,0,0,0,1000
6529,0,220,3000,500,1000,0,0,0,0,0,0,0,0,0,0,-288.5,1,0,0,0,43.75,0,0,0,0,0,0,1000
6530,0,221,3000,500,1000,0,0,0,0,0,0,0,0,0,0,-288.25,1,0,0,0,43.5,0,0,0,0,0,0,1000
6531,0,222,3000,500,1000,0,0,0,0,0,0,0,0,0,0,-288,1,0,0,0,43.25,0,0,0,0,0,0,1000
6532,0,223,3000,500,1000,0,0,0,0,0,0,0,0,0,0,-287.75,1,0,0,0,43,0,0,0,0,0,0,1000
6533,0,224,3000,500,1000,0,0,0,0,0,0,0,0,0,0,-287.5,1,0,0,0,42.75,0,0,0,0,0,0,1000
6534,0,225,3000,500,1000,0,0,0,0,0,0,0,0,0,0,-287.25,1,0,0,0,42.5,0,0,0,0,0,0,1000
6535,0,226,3000,500,1000,0,0,0,0,0,0,0,0,0,0,-287,1,0,0,0,42.25,0,0,0,0,0,0,1000
6536,0,227,3000,500,1000,0,0,0,0,0,0,0,0,0,0,-286.75,1,0,0,0,42,0,0,0,0,0,0,1000
6537,0,228,3000,500,1000,0,0,0,0,0,0,0,0,0,0,-286.5,1,0,0,0,41.75,0,0,0,0,0,0,1000
6538,0,229,3000,500,1000,0,0,0,0,0,0,0,0,0,0,-286.25,1,0,0,0,41.5,0,0,0,0,0,0,1000
6539,0,230,3000,500,1000,0,0,0,0,0,0,0,0,0,0,-286,1,0,0,0,41.25,0,0,0,0,0,0,1000
6540,0,231,3000,500,1000,0,0,0,0,0,0,0,0,0,0,-285.75,1,0,0,0,41,0,0,0,0,0,0,1000
6541,0,232,3000,500,1000,0,0,0,0,0,0,0,0,0,0,-285.5,1,0,0,0,40.75,0,0,0,0,0,0,1000
6542,0,233,3000,500,1000,0,0,0,0,0,0,0,0,0,0,-285.25,1,0,0,0,40.5,0,0,0,0,0,0,1000
6543,0,234,3000,500,1000,0,0,0,0,0,0,0,0,0,0,-285,1,0,0,0,40.25,0,0,0,0,0,0,1000
6544,0,235,3000,500,1000,0,0,0,0,0,0,0,0,0,0,-284.75,1,0,0,0,40,0,0,0,0,0,0,1000
6545,0,236,3000,500,1000,0,0,0,0,0,0,0,0,0,0,-284.5,1,0,0,0,39.75,0,0,0,0,0,0,1000
6546,0,237,3000,500,1000,0,0,0,0,0,0,0,0,0,0,-284.25,1,0,0,0,39.5,0,0,0,0,0,0,1000
6547,0,238,3000,500,1000,0,0,0,0,0,0,0,0,0,0,-284,1,0,0,0,39.25,0,0,0,0,0,0,1000
6548,0,239,3000,500,1000,0,0,0,0,0,0,0,0,0,0,-283.75,1,0,0,0,39,0,0,0,0,0,0,1000
6549,0,240,3000,500,1000,0,0,0,0,0,0,0,0,0,0,-283.5,1,0,0,0,38.75,0,0,0,0,0,0,1000
6550,0,241,3000,500,1000,0,0,0,0,0,0,0,0,0,0,-283.25,1,0,0,0,38.5,0,0,0,0,0,0,1000
6551,0,242,3000,500,1000,0,0,0,0,0,0,0,0,0,0,-283,1,0,0,0,38.25,0,0,0,0,0,0,1000
6552,0,243,3000,500,1000,0,0,0,0,0,0,0,0,0,0,-282.75,1,0,0,0,38,0,0,0,0,0,0,1000
6553,0,244,3000,500,1000,0,0,0,0,0,0,0,0,0,0,-282.5,1,0,0,0,37.75,0,0,0,0,0,0,1000
6554,0,245,3000,500,1000,0,0,0,0,0,0,0,0,0,0,-282.25,1,0,0,0,37.5,0,0,0,0,0,0,1000
6555,0,246,3000,500,1000,0,0,0,0,0,0,0,0,0,0,-282,1,0,0,0,37.25,0,0,0,0,0,0,1000
6556,0,247,3000,500,1000,0,0,0,0,0,0,0,0,0,0,-281.75,1,0,0,0,37,0,0,0,0,0,0,1000
6557,0,248,3000,500,1000,0,0,0,0,0,0,0,0,0,0,-281.5,1,0,0,0,36.75,0,0,0,0,0,0,1000
6558,0,249,3000,500,1000,0,0,0,0,0,0,0,0,0,0,-281.25,1,0,0,0,36.5,0,0,0,0,0,0,1000
6559,0,250,3000,500,1000,0,0,0,0,0,0,0,0,0,0,-281,1,0,0,0,36.25,0,0,0,0,0,0,1000
6560,0,251,3000,500,1000,0,0,0,0,0,0,0,0,0,0,-280.75,1,0,0,0,36,0,0,0,0,0,0,1000
6561,0,252,3000,500,1000,0,0,0,0,0,0,0,0,0,0,-280.5,1,0,0,0,35.75,0,0,0,0,0,0,1000
6562,0,253,3000,500,1000,0,0,0,0,0,0,0,0,0,0,-280.25,1,0,0,0,35.5,0,0,0,0,0,0,1000
6563,0,254,3000,500,1000,0,0,0,0,0,0,0,0,0,0,-280,1,0,0,0,35.25,0,0,0,0,0,0,1000
6564,0,255,3000,500,1000,0,0,0,0,0,0,0,0,0,0,-279.75,1,0,0,0,35,0,0,0,0,0,0,1000
6565,0,256,3000,500,1000,0,0,0,0,0,0,0,0,0,0,-279.5,1,0,0,0,34.75,0,0,0,0,0,0,1000
6566,0,257,3000,500,1000,0,0,0,0,0,0,0,0,0,0,-279.25,1,0,0,0,34.5,0,0,0,0,0,0,1000
6567,0,258,3000,500,1000,0,0,0,0,0,0,0,0,0,0,-279,1,0,0,0,34.25,0,0,0,0,0,0,1000
6568,0,259,3000,500,1000,0,0,0,0,0,0,0,0,0,0,-278.75,1,0,0,0,34,0,0,0,0,0,0,1000
6569,0,260,3000,500,1000,0,0,0,0,0,0,0,0,0,0,-278.5,1,0,0,0,33.75,0,0,0,0,0,0,1000
6570,0,261,3000,500,1000,0,0,0,0,0,0,0,0,0,0,-278.25,1,0,0,0,33.5,0,0,0,0,0,0,1000
6571,0,262,3000,500,1000,0,0,0,0,0,0,0,0,0,0,-278,1,0,0,0,33.25,0,0,0,0,0,0,1000
6572,0,263,3000,500,1000,0,0,0,0,0,0,0,0,0,0,-277.75,1,0,0,0,33,0,0,0,0,0,0,1000
6573,0,264,3000,500,1000,0,0,0,0,0,0,0,0,0,0,-277.5,1,0,0,0,32.75,0,0,0,0,0,0,1000
6574,0,265,3000,500,1000,0,0,0,0,0,0,0,0,0,0,-277.25,1,0,0,0,32.5,0,0,0,0,0,0,1000
6575,0,266,3000,500,1000,0,0,0,0,0,0,0,0,0,0,-277,1,0,0,0,32.25,0,0,0,0,0,0,1000
6576,0,267,3000,500,1000,0,0,0,0,0,0,0,0,0,0,-276.75,1,0,0,0,32,0,0,0,0,0,0,1000
6577,0,268,3000,500,1000,0,0,0,0,0,0,0,0,0,0,-276.5,1,0,0,0,31.75,0,0,0,0,0,0,1000
6578,0,269,3000,500,1000,0,0,0,0,0,0,0,0,0,0,-276.25,1,0,0,0,31.5,0,0,0,0,0,0,1000
6579,0,270,3000,500,1000,0,0,0,0,0,0,0,0,0,0,-276,1,0,0,0,31.25,0,0,0,0,0,0,1000
6580,0,271,3000,500,1000,0,0,0,0,0,0,0,0,0,0,-275.75,1,0,0,0,31,0,0,0,0,0,0,1000
6581,0,272,3000,500,1000,0,0,0,0,0,0,0,0,0,0,-275.5,1,0,0,0,30.75,0,0,0,0,0,0,1000
6582,0,273,3000,500,1000,0,0,0,0,0,0,0,0,0,0,-275.25,1,0,0,0,30.5,0,0,0,0,0,0,1000
6583,0,274,3000,500,1000,0,0,0,0,0,0,0,0,0,0,-275,1,0,0,0,30.25,0,0,0,0,0,0,1000
6584,0,275,3000,500,1000,0,0,0,0,0,0,0,0,0,0,-274.75,1,0,0,0,30,0,0,0,0,0,0,1000
6585,0,276,3000,500,1000,0,0,0,0,0,0,0,0,0,0,-274.5,1,0,0,0,29.75,0,0,0,0,0,0,1000
6586,0,277,3000,500,1000,0,0,0,0,0,0,0,0,0,0,-274.25,1,0,0,0,29.5,0,0,0,0,0,0,1000
6587,0,278,3000,500,1000,0,0,0,0,0,0,0,0,0,0,-274,1,0,0,0,29.25,0,0,0,0,0,0,1000
6588,0,279,3000,500,1000,0,0,0,0,0,0,0,0,0,0,-273.75,1,0,0,0,29,0,0,0,0,0,0,1000
6589,0,280,3000,500,1000,0,0,0,0,0,0,0,0,0,0,-273.5,1,0,0,0,28.75,0,0,0,0,0,0,1000
6590,0,281,3000,500,1000,0,0,0,0,0,0,0,0,0,0,-273.25,1,0,0,0,28.5,0,0,0,0,0,0,1000
6591,0,282,3000,500,1000,0,0,0,0,0,0,0,0,0,0,-273,1,0,0,0,28.25,0,0,0,0,0,0,1000
6592,0,283,3000,500,1000,0,0,0,0,0,0,0,0,0,0,-272.75,1,0,0,0,28,0,0,0,0,0,0,1000
6593,0,284,3000,500,1000,0,0,0,0,0,0,0,0,0,0,-272.5,1,0,0,0,27.75,0,0,0,0,0,0,1000
6594,0,285,3000,500,1000,0,0,0,0,0,0,0,0,0,0,-272.25,1,0,0,0,27.5,0,0,0,0,0,0,1000
6595,0,286,3000,500,1000,0,0,0,0,0,0,0,0,0,0,-272,1,0,0,0,27.25,0,0,0,0,0,0,1000
6596,0,287,3000,500,1000,0,0,0,0,0,0,0,0,0,0,-271.75,1,0,0,0,27,0,0,0,0,0,0,1000
6597,0,288,3000,500,1000,0,0,0,0,0,0,0,0,0,0,-271.5,1,0,0,0,26.75,0,0,0,0,0,0,1000
6598,0,289,3000,500,1000,0,0,0,0,0,0,0,0,0,0,-271.25,1,0,0,0,26.5,0,0,0,0,0,0,1000
6599,0,290,3000,500,1000,0,0,0,0,0,0,0,0,0,0,-271,1,0,0,0,26.25,0,0,0,0,0,0,1000
6600,0,291,3000,500,1000,0,0,0,0,0,0,0,0,0,0,-270.75,1,0,0,0,26,0,0,0,0,0,0,1000
6601,0,292,3000,500,1000,0,0,0,0,0,0,0,0,0,0,-270.5,1,0,0,0,25.75,0,0,0,0,0,0,1000
6602,0,293,3000,500,1000,0,0,0,0,0,0,0,0,0,0,-270.25,1,0,0,0,25.5,0,0,0,0,0,0,1000
6603,0,294,3000,500,1000,0,0,0,0,0,0,0,0,0,0,-270,1,0,0,0,25.25,0,0,0,0,0,0,1000
6604,0,295,3000,500,1000,0,0,0,0,0,0,0,0,0,0,-269.75,1,0,0,0,25,0,0,0,0,0,0,1000
6605,0,296,3000,500,1000,0,0,0,0,0,0,0,0,0,0,-269.5,1,0,0,0,24.75,0,0,0,0,0,0,1000
6606,0,297,3000,500,1000,0,0,0,0,0,0,0,0,0,0,-269.25,1,0,0,0,24.5,0,0,0,0,0,0,1000
6607,0,298,3000,500,1000,0,0,0,0,0,0,0,0,0,0,-269,1,0,0,0,24.25,0,0,0,0,0,0,1000
6608,0,299,3000,500,1000,0,0,0,0,0,0,0,0,0,0,-268.75,1,0,0,0,24,0,0,0,0,0,0,1000
6609,0,300,3000,500,1000,0,0,0,0,0,0,0,0,0,0,-145,1,0,0,0,23.75,0,0,0,0,0,0,1000
6610,0,1,3000,500,1000,0,0,0,0,0,0,0,0,0,0,124.75,-1,0,0,0,23.75,0,0,0,0,0,0,1000
6611,0,2,3000,500,1000,0,0,0,0,0,0,0,0,0,0,221,1,0,0,0,23.75,0,0,0,0,0,0,1000
6612,0,3,3000,500,1000,0,0,0,0,0,0,0,0,0,0,220.75,-1,0,0,0,24,0,0,0,0,0,0,1000
6613,0,4,3000,500,1000,0,0,0,0,0,0,0,0,0,0,220.5,-1,0,0,0,24.25,0,0,0,0,0,0,1000
6614,0,5,3000,500,1000,0,0,0,0,0,0,0,0,0,0,220.25,-1,0,0,0,24.5,0,0,0,0,0,0,1000
6615,0,6,3000,500,1000,0,0,0,0,0,0,0,0,0,0,220,-1,0,0,0,24.75,0,0,0,0,0,0,1000
6616,0,7,3000,500,1000,0,0,0,0,0,0,0,0,0,0,219.75,-1,0,0,0,25,0,0,0,0,0,0,1000
6617,0,8,3000,500,1000,0,0,0,0,0,0,0,0,0,0,219.5,-1,0,0,0,25.25,0,0,0,0,0,0,1000
6618,0,9,3000,500,1000,0,0,0,0,0,0,0,0,0,0,219.25,-1,0,0,0,25.5,0,0,0,0,0,0,1000
6619,0,10,3000,500,1000,0,0,0,0,0,0,0,0,0,0,219,-1,0,0,0,25.75,0,0,0,0,0,0,1000
6620,0,11,3000,500,1000,0,0,0,0,0,0,0,0,0,0,218.75,-1,0,0,0,26,0,0,0,0,0,0,1000
6621,0,12,3000,500,1000,0,0,0,0,0,0,0,0,0,0,218.5,-1,0,0,0,26.25,0,0,0,0,0,0,1000
6622,0,13,3000,500,1000,0,0,0,0,0,0,0,0,0,0,218.25,-1,0,0,0,26.5,0,0,0,0,0,0,1000
6623,0,14,3000,500,1000,0,0,0,0,0,0,0,0,0,0,218,-1,0,0,0,26.75,0,0,0,0,0,0,1000
6624,0,15,3000,500,1000,0,0,0,0,0,0,0,0,0,0,217.75,-1,0,0,0,27,0,0,0,0,0,0,1000
6625,0,16,3000,500,1000,0,0,0,0,0,0,0,0,0,0,217.5,-1,0,0,0,27.25,0,0,0,0,0,0,1000
6626,0,17,3000,500,1000,0,0,0,0,0,0,0,0,0,0,217.25,-1,0,0,0,27.5,0,0,0,0,0,0,1000
6627,0,18,3000,500,1000,0,0,0,0,0,0,0,0,0,0,217,-1,0,0,0,27.75,0,0,0,0,0,0,1000
6628,0,19,3000,500,1000,0,0,0,0,0,0,0,0,0,0,216.75,-1,0,0,0,28,0,0,0,0,0,0,1000
6629,0,20,3000,500,1000,0,0,0,0,0,0,0,0,0,0,216.5,-1,0,0,0,28.25,0,0,0,0,0,0,1000
6630,0,21,3000,500,1000,0,0,0,0,0,0,0,0,0,0,216.25,-1,0,0,0,28.5,0,0,0,0,0,0,1000
6631,0,22,3000,500,1000,0,0,0,0,0,0,0,0,0,0,216,-1,0,0,0,28.75,0,0,0,0,0,0,1000
6632,0,23,3000,500,1000,0,0,0,0,0,0,0,0,0,0,215.75,-1,0,0,0,29,0,0,0,0,0,0,1000
6633,0,24,3000,500,1000,0,0,0,0,0,0,0,0,0,0,215.5,-1,0,0,0,29.25,0,0,0,0,0,0,1000
6634,0,25,3000,500,1000,0,0,0,0,0,0,0,0,0,0,215.25,-1,0,0,0,29.5,0,0,0,0,0,0,1000
6635,0,26,3000,500,1000,0,0,0,0,0,0,0,0,0,0,215,-1,0,0,0,29.75,0,0,0,0,0,0,1000
6636,0,27,3000,500,1000,0,0,0,0,0,0,0,0,0,0,214.75,-1,0,0,0,30,0,0,0,0,0,0,1000
6637,0,28,3000,500,1000,0,0,0,0,0,0,0,0,0,0,214.5,-1,0,0,0,30.25,0,0,0,0,0,0,1000
6638,0,29,3000,500,1000,0,0,0,0,0,0,0,0,0,0,214.25,-1,0,0,0,30.5,0,0,0,0,0,0,1000
6639,0,30,3000,500,1000,0,0,0,0,0,0,0,0,0,0,214,-1,0,0,0,30.75,0,0,0,0,0,0,1000
6640,0,31,3000,500,1000,0,0,0,0,0,0,0,0,0,0,213.75,-1,0,0,0,31,0,0,0,0,0,0,1000
6641,0,32,3000,500,1000,0,0,0,0,0,0,0,0,0,0,213.5,-1,0,0,0,31.25,0,0,0,0,0,0,1000
6642,0,33,3000,500,1000,0,0,0,0,0,0,0,0,0,0,213.25,-1,0,0,0,31.5,0,0,0,0,0,0,1000
6643,0,34,3000,500,1000,0,0,0,0,0,0,0,0,0,0,213,-1,0,0,0,31.75,0,0,0,0,0,0,1000
6644,0,35,3000,500,1000,0,0,0,0,0,0,0,0,0,0,212.75,-1,0,0,0,32,0,0,0,0,0,0,1000
6645,0,36,3000,500,1000,0,0,0,0,0,0,0,0,0,0,212.5,-1,0,0,0,32.25,0,0,0,0,0,0,1000
6646,0,37,3000,500,1000,0,0,0,0,0,0,0,0,0,0,212.25,-1,0,0,0,32.5,0,0,0,0,0,0,1000
6647,0,38,3000,500,1000,0,0,0,0,0,0,0,0,0,0,212,-1,0,0,0,32.75,0,0,0,0,0,0,1000
6648,0,39,3000,500,1000,0,0,0,0,0,0,0,0,0,0,211.75,-1,0,0,0,33,0,0,0,0,0,0,1000
6649,0,40,3000,500,1000,0,0,0,0,0,0,0,0,0,0,211.5,-1,0,0,0,33.25,0,0,0,0,0,0,1000
6650,0,41,3000,500,1000,0,0,0,0,0,0,0,0,0,0,211.25,-1,0,0,0,33.5,0,0,0,0,0,0,1000
6651,0,42,3000,500,1000,0,0,0,0,0,0,0,0,0,0,211,-1,0,0,0,33.75,0,0,0,0,0,0,1000
6652,0,43,3000,500,1000,0,0,0,0,0,0,0,0,0,0,210.75,-1,0,0,0,34,0,0,0,0,0,0,1000
6653,0,44,3000,500,1000,0,0,0,0,0,0,0,0,0,0,210.5,-1,0,0,0,34.25,0,0,0,0,0,0,1000
6654,0,45,3000,500,1000,0,0,0,0,0,0,0,0,0,0,210.25,-1,0,0,0,34.5,0,0,0,0,0,0,1000
6655,0,46,3000,500,1000,0,0,0,0,0,0,0,0,0,0,210,-1,0,0,0,34.75,0,0,0,0,0,0,1000
6656,0,47,3000,500,1000,0,0,0,0,0,0,0,0,0,0,209.75,-1,0,0,0,35,0,0,0,0,0,0,1000
6657,0,48,3000,500,1000,0,0,0,0,0,0,0,0,0,0,209.5,-1,0,0,0,35.25,0,0,0,0,0,0,1000
6658,0,49,3000,500,1000,0,0,0,0,0,0,0,0,0,0,209.25,-1,0,0,0,35.5,0,0,0,0,0,0,1000
6659,0,50,3000,500,1000,0,0,0,0,0,0,0,0,0,0,209,-1,0,0,0,35.75,0,0,0,0,0,0,1000
6660,0,51,3000,500,1000,0,0,0,0,0,0,0,0,0,0,208.75,-1,0,0,0,36,0,0,0,0,0,0,1000
6661,0,52,3000,500,1000,0,0,0,0,0,0,0,0,0,0,208.5,-1,0,0,0,36.25,0,0,0,0,0,0,1000
6662,0,53,3000,500,1000,0,0,0,0,0,0,0,0,0,0,208.25,-1,0,0,0,36.5,0,0,0,0,0,0,1000
6663,0,54,3000,500,1000,0,0,0,0,0,0,0,0,0,0,208,-1,0,0,0,36.75,0,0,0,0,0,0,1000
6664,0,55,3000,500,1000,0,0,0,0,0,0,0,0,0,0,207.75,-1,0,0,0,37,0,0,0,0,0,0,1000
6665,0,56,3000,500,1000,0,0,0,0,0,0,0,0,0,0,207.5,-1,0,0,0,37.25,0,0,0,0,0,0,1000
6666,0,57,3000,500,1000,0,0,0,0,0,0,0,0,0,0,207.25,-1,0,0,0,37.5,0,0,0,0,0,0,1000
6667,0,58,3000,500,1000,0,0,0,0,0,0,0,0,0,0,207,-1,0,0,0,37.75,0,0,0,0,0,0,1000
6668,0,59,3000,500,1000,0,0,0,0,0,0,0,0,0,0,206.75,-1,0,0,0,38,0,0,0,0,0,0,1000
6669,0,60,3000,500,1000,0,0,0,0,0,0,0,0,0,0,206.5,-1,0,0,0,38.25,0,0,0,0,0,0,1000
6670,0,61,3000,500,1000,0,0,0,0,0,0,0,0,0,0,206.25,-1,0,0,0,38.5,0,0,0,0,0,0,1000
6671,0,62,3000,500,1000,0,0,0,0,0,0,0,0,0,0,206,-1,0,0,0,38.75,0,0,0,0,0,0,1000
6672,0,63,3000,500,1000,0,0,0,0,0,0,0,0,0,0,205.75,-1,0,0,0,39,0,0,0,0,0,0,1000
6673,0,64,3000,500,1000,0,0,0,0,0,0,0,0,0,0,205.5,-1,0,0,0,39.25,0,0,0,0,0,0,1000
6674,0,65,3000,500,1000,0,0,0,0,0,0,0,0,0,0,205.25,-1,0,0,0,39.5,0,0,0,0,0,0,1000
6675,0,66,3000,500,1000,0,0,0,0,0,0,0,0,0,0,205,-1,0,0,0,39.75,0,0,0,0,0,0,1000
6676,0,67,3000,500,1000,0,0,0,0,0,0,0,0,0,0,204.75,-1,0,0,0,40,0,0,0,0,0,0,1000
6677,0,68,3000,500,1000,0,0,0,0,0,0,0,0,0,0,204.5,-1,0,0,0,40.25,0,0,0,0,0,0,1000
6678,0,69,3000,500,1000,0,0,0,0,0,0,0,0,0,0,204.25,-1,0,0,0,40.5,0,0,0,0,0,0,1000
6679,0,70,3000,500,1000,0,0,0,0,0,0,0,0,0,0,204,-1,0,0,0,40.75,0,0,0,0,0,0,1000
6680,0,71,3000,500,1000,0,0,0,0,0,0,0,0,0,0,203.75,-1,0,0,0,41,0,0,0,0,0,0,1000
6681,0,72,3000,500,1000,0,0,0,0,0,0,0,0,0,0,203.5,-1,0,0,0,41.25,0,0,0,0,0,0,1000
6682,0,73,3000,500,1000,0,0,0,0,0,0,0,0,0,0,203.25,-1,0,0,0,41.5,0,0,0,0,0,0,1000
6683,0,74,3000,500,1000,0,0,0,0,0,0,0,0,0,0,203,-1,0,0,0,41.75,0,0,0,0,0,0,1000
6684,0,75,3000,500,1000,0,0,0,0,0,0,0,0,0,0,202.75,-1,0,0,0,42,0,0,0,0,0,0,1000
6685,0,76,3000,500,1000,0,0,0,0,0,0,0,0,0,0,202.5,-1,0,0,0,42.25,0,0,0,0,0,0,1000
6686,0,77,3000,500,1000,0,0,0,0,0,0,0,0,0,0,202.25,-1,0,0,0,42.5,0,0,0,0,0,0,1000
6687,0,78,3000,500,1000,0,0,0,0,0,0,0,0,0,0,202,-1,0,0,0,42.75,0,0,0,0,0,0,1000
6688,0,79,3000,500,1000,0,0,0,0,0,0,0,0,0,0,201.75,-1,0,0,0,43,0,0,0,0,0,0,1000
6689,0,80,3000,500,1000,0,0,0,0,0,0,0,0,0,0,201.5,-1,0,0,0,43.25,0,0,0,0,0,0,1000
6690,0,81,3000,500,1000,0,0,0,0,0,0,0,0,0,0,201.25,-1,0,0,0,43.5,0,0,0,0,0,0,1000
6691,0,82,3000,500,1000,0,0,0,0,0,0,0,0,0,0,201,-1,0,0,0,43.75,0,0,0,0,0,0,1000
6692,0,83,3000,500,1000,0,0,0,0,0,0,0,0,0,0,200.75,-1,0,0,0,44,0,0,0,0,0,0,1000
6693,0,84,3000,500,1000,0,0,0,0,0,0,0,0,0,0,200.5,-1,0,0,0,44.25,0,0,0,0,0,0,1000
6694,0,85,3000,500,1000,0,0,0,0,0,0,0,0,0,0,200.25,-1,0,0,0,44.5,0,0,0,0,0,0,1000
6695,0,86,3000,500,1000,0,0,0,0,0,0,0,0,0,0,200,-1,0,0,0,44.75,0,0,0,0,0,0,1000
6696,0,87,3000,500,1000,0,0,0,0,0,0,0,0,0,0,199.75,-1,0,0,0,45,0,0,0,0,0,0,1000
6697,0,88,3000,500,1000,0,0,0,0,0,0,0,0,0,0,199.5,-1,0,0,0,45.25,0,0,0,0,0,0,1000
6698,0,89,3000,500,1000,0,0,0,0,0,0,0,0,0,0,199.25,-1,0,0,0,45.5,0,0,0,0,0,0,1000
6699,0,90,3000,500,1000,0,0,0,0,0,0,0,0,0,0,199,-1,0,0,0,45.75,0,0,0,0,0,0,1000
6700,0,91,3000,500,1000,0,0,0,0,0,0,0,0,0,0,198.75,-1,0,0,0,46,0,0,0,0,0,0,1000
6701,0,92,3000,500,1000,0,0,0,0,0,0,0,0,0,0,198.5,-1,0,0,0,46.25,0,0,0,0,0,0,1000
6702,0,93,3000,500,1000,0,0,0,0,0,0,0,0,0,0,198.25,-1,0,0,0,46.5,0,0,0,0,0,0,1000
6703,0,94,3000,500,1000,0,0,0,0,0,0,0,0,0,0,198,-1,0,0,0,46.75,0,0,0,0,0,0,1000
6704,0,95,3000,500,1000,0,0,0,0,0,0,0,0,0,0,197.75,-1,0,0,0,47,0,0,0,0,0,0,1000
6705,0,96,3000,500,1000,0,0,0,0,0,0,0,0,0,0,197.5,-1,0,0,0,47.25,0,0,0,0,0,0,1000
6706,0,97,3000,500,1000,0,0,0,0,0,0,0,0,0,0,197.25,-1,0,0,0,47.5,0,0,0,0,0,0,1000
6707,0,98,3000,500,1000,0,0,0,0,0,0,0,0,0,0,197,-1,0,0,0,47.75,0,0,0,0,0,0,1000
6708,0,99,3000,500,1000,0,0,0,0,0,0,0,0,0,0,196.75,-1,0,0,0,48,0,0,0,0,0,0,1000
6709,0,100,3000,500,1000,0,0,0,0,0,0,0,0,0,0,196.5,-1,0,0,0,48.25,0,0,0,0,0,0,1000
6710,0,101,3000,500,1000,0,0,0,0,0,0,0,0,0,0,196.25,-1,0,0,0,48.5,0,0,0,0,0,0,1000
6711,0,102,3000,500,1000,0,0,0,0,0,0,0,0,0,0,196,-1,0,0,0,48.75,0,0,0,0,0,0,1000
6712,0,103,3000,500,1000,0,0,0,0,0,0,0,0,0,0,195.75,-1,0,0,0,49,0,0,0,0,0,0,1000
6713,0,104,3000,500,1000,0,0,0,0,0,0,0,0,0,0,195.5,-1,0,0,0,49.25,0,0,0,0,0,0,1000
6714,0,105,3000,500,1000,0,0,0,0,0,0,0,0,0,0,195.25,-1,0,0,0,49.5,0,0,0,0,0,0,1000
6715,0,106,3000,500,1000,0,0,0,0,0,0,0,0,0,0,195,-1,0,0,0,49.75,0,0,0,0,0,0,1000
6716,0,107,3000,500,1000,0,0,0,0,0,0,0,0,0,0,194.75,-1,0,0,0,50,0,0,0,0,0,0,1000
6717,0,108,3000,500,1000,0,0,0,0,0,0,0,0,0,0,194.5,-1,0,0,0,50.25,0,0,0,0,0,0,1000
6718,0,109,3000,500,1000,0,0,0,0,0,0,0,0,0,0,194.25,-1,0,0,0,50.5,0,0,0,0,0,0,1000
6719,0,110,3000,500,1000,0,0,0,0,0,0,0,0,0,0,194,-1,0,0,0,50.75,0,0,0,0,0,0,1000
6720,0,111,3000,500,1000,0,0,0,0,0,0,0,0,0,0,193.75,-1,0,0,0,51,0,0,0,0,0,0,1000
6721,0,112,3000,500,1000,0,0,0,0,0,0,0,0,0,0,193.5,-1,0,0,0,51.25,0,0,0,0,0,0,1000
6722,0,113,3000,500,1000,0,0,0,0,0,0,0,0,0,0,193.25,-1,0,0,0,51.5,0,0,0,0,0,0,1000
6723,0,114,3000,500,1000,0,0,0,0,0,0,0,0,0,0,193,-1,0,0,0,51.75,0,0,0,0,0,0,1000
6724,0,115,3000,500,1000,0,0,0,0,0,0,0,0,0,0,192.75,-1,0,0,0,52,0,0,0,0,0,0,1000
6725,0,116,3000,500,1000,0,0,0,0,0,0,0,0,0,0,192.5,-1,0,0,0,52.25,0,0,0,0,0,0,1000
6726,0,117,3000,500,1000,0,0,0,0,0,0,0,0,0,0,192.25,-1,0,0,0,52.5,0,0,0,0,0,0,1000
6727,0,118,3000,500,1000,0,0,0,0,0,0,0,0,0,0,192,-1,0,0,0,52.75,0,0,0,0,0,0,1000
6728,0,119,3000,500,1000,0,0,0,0,0,0,0,0,0,0,191.75,-1,0,0,0,53,0,0,0,0,0,0,1000
6729,0,120,3000,500,1000,0,0,0,0,0,0,0,0,0,0,191.5,-1,0,0,0,53.25,0,0,0,0,0,0,1000
6730,0,121,3000,500,1000,0,0,0,0,0,0,0,0,0,0,191.25,-1,0,0,0,53.5,0,0,0,0,0,0,1000
6731,0,122,3000,500,1000,0,0,0,0,0,0,0,0,0,0,191.25,-1,0,0,0,53.75,0,0,0,0,0,0,1000
6732,0,123,3000,500,1000,0,0,0,0,0,0,0,0,0,0,191.25,-1,0,0,0,53.75,0,0,0,0,0,0,1000
6733,0,124,3000,500,1000,0,0,0,0,0,0,0,0,0,0,191.25,-1,0,0,0,53.75,0,0,0,0,0,0,1000
6734,0,125,3000,500,1000,0,0,0,0,0,0,0,0,0,0,191.25,-1,0,0,0,53.75,0,0,0,0,0,0,1000
6735,0,126,3000,500,1000,0,0,0,0,0,0,0,0,0,0,191.25,-1,0,0,0,53.75,0,0,0,0,0,0,1000
6736,0,127,3000,500,1000,0,0,0,0,0,0,0,0,0,0,191.25,-1,0,0,0,53.75,0,0,0,0,0,0,1000
6737,0,128,3000,500,1000,0,0,0,0,0,0,0,0,0,0,191.25,-1,0,0,0,53.75,0,0,0,0,0,0,1000
6738,0,129,3000,500,1000,0,0,0,0,0,0,0,0,0,0,191.25,-1,0,0,0,53.75,0,0,0,0,0,0,1000
6739,0,130,3000,500,1000,0,0,0,0,0,0,0,0,0,0,191.25,-1,0,0,0,53.75,0,0,0,0,0,0,1000
6740,0,131,3000,500,1000,0,0,0,0,0,0,0,0,0,0,191.25,-1,0,0,0,53.75,0,0,0,0,0,0,1000
6741,0,132,3000,500,1000,0,0,0,0,0,0,0,0,0,0,191.25,-1,0,0,0,53.75,0,0,0,0,0,0,1000
6742,0,133,3000,500,1000,0,0,0,0,0,0,0,0,0,0,191.25,-1,0,0,0,53.75,0,0,0,0,0,0,1000
6743,0,134,3000,500,1000,0,0,0,0,0,0,0,0,0,0,191.25,-1,0,0,0,53.75,0,0,0,0,0,0,1000
6744,0,135,3000,500,1000,0,0,0,0,0,0,0,0,0,0,191.25,-1,0,0,0,53.75,0,0,0,0,0,0,1000
6745,0,136,3000,500,1000,0,0,0,0,0,0,0,0,0,0,191.25,-1,0,0,0,53.75,0,0,0,0,0,0,1000
6746,0,137,3000,500,1000,0,0,0,0,0,0,0,0,0,0,191.25,-1,0,0,0,53.75,0,0,0,0,0,0,1000
6747,0,138,3000,500,1000,0,0,0,0,0,0,0,0,0,0,191.25,-1,0,0,0,53.75,0,0,0,0,0,0,1000
6748,0,139,3000,500,1000,0,0,0,0,0,0,0,0,0,0,191.25,-1,0,0,0,53.75,0,0,0,0,0,0,1000
6749,0,140,3000,500,1000,0,0,0,0,0,0,0,0,0,0,191.25,-1,0,0,0,53.75,0,0,0,0,0,0,1000
6750,0,141,3000,500,1000,0,0,0,0,0,0,0,0,0,0,191.25,-1,0,0,0,53.75,0,0,0,0,0,0,1000
6751,0,142,3000,500,1000,0,0,0,0,0,0,0,0,0,0,191.25,-1,0,0,0,53.75,0,0,0,0,0,0,1000
6752,0,143,3000,500,1000,0,0,0,0,0,0,0,0,0,0,191.25,-1,0,0,0,53.75,0,0,0,0,0,0,1000
6753,0,144,3000,500,1000,0,0,0,0,0,0,0,0,0,0,191.25,-1,0,0,0,53.75,0,0,0,0,0,0,1000
6754,0,145,3000,500,1000,0,0,0,0,0,0,0,0,0,0,191.25,-1,0,0,0,53.75,0,0,0,0,0,0,1000
6755,0,146,3000,500,1000,0,0,0,0,0,0,0,0,0,0,191.25,-1,0,0,0,53.75,0,0,0,0,0,0,1000
6756,0,147,3000,500,1000,0,0,0,0,0,0,0,0,0,0,191.25,-1,0,0,0,53.75,0,0,0,0,0,0,1000
6757,0,148,3000,500,1000,0,0,0,0,0,0,0,0,0,0,191.25,-1,0,0,0,53.75,0,0,0,0,0,0,1000
6758,0,149,3000,500,1000,0,0,0,0,0,0,0,0,0,0,191.25,-1,0,0,0,53.75,0,0,0,0,0,0,1000
6759,0,150,3000,500,1000,0,0,0,0,0,0,0,0,0,0,191.25,-1,0,0,0,53.75,0,0,0,0,0,0,1000
6760,0,151,3000,500,1000,0,0,0,0,0,0,0,0,0,0,191.25,-1,0,0,0,53.75,0,0,0,0,0,0,1000
6761,0,152,3000,500,1000,0,0,0,0,0,0,0,0,0,0,191.25,-1,0,0,0,53.75,0,0,0,0,0,0,1000
6762,0,153,3000,500,1000,0,0,0,0,0,0,0,0,0,0,191.25,-1,0,0,0,53.75,0,0,0,0,0,0,1000
6763,0,154,3000,500,1000,0,0,0,0,0,0,0,0,0,0,191.25,-1,0,0,0,53.75,0,0,0,0,0,0,1000
6764,0,155,3000,500,1000,0,0,0,0,0,0,0,0,0,0,191.25,-1,0,0,0,53.75,0,0,0,0,0,0,1000
6765,0,156,3000,500,1000,0,0,0,0,0,0,0,0,0,0,191.25,-1,0,0,0,53.75,0,0,0,0,0,0,1000
6766,0,157,3000,500,1000,0,0,0,0,0,0,0,0,0,0,191.25,-1,0,0,0,53.75,0,0,0,0,0,0,1000
6767,0,158,3000,500,1000,0,0,0,0,0,0,0,0,0,0,191.25,-1,0,0,0,53.75,0,0,0,0,0,0,1000
6768,0,159,3000,500,1000,0,0,0,0,0,0,0,0,0,0,191.25,-1,0,0,0,53.75,0,0,0,0,0,0,1000
6769,0,160,3000,500,1000,0,0,0,0,0,0,0,0,0,0,191.25,-1,0,0,0,53.75,0,0,0,0,0,0,1000
6770,0,161,3000,500,1000,0,0,0,0,0,0,0,0,0,0,191.25,-1,0,0,0,53.75,0,0,0,0,0,0,1000
6771,0,162,3000,500,1000,0,0,0,0,0,0,0,0,0,0,191.25,-1,0,0,0,53.75,0,0,0,0,0,0,1000
6772,0,163,3000,500,1000,0,0,0,0,0,0,0,0,0,0,191.25,-1,0,0,0,53.75,0,0,0,0,0,0,1000
6773,0,164,3000,500,1000,0,0,0,0,0,0,0,0,0,0,191.25,-1,0,0,0,53.75,0,0,0,0,0,0,1000
6774,0,165,3000,500,1000,0,0,0,0,0,0,0,0,0,0,191.25,-1,0,0,0,53.75,0,0,0,0,0,0,1000
6775,0,166,3000,500,1000,0,0,0,0,0,0,0,0,0,0,191.25,-1,0,0,0,53.75,0,0,0,0,0,0,1000
6776,0,167,3000,500,1000,0,0,0,0,0,0,0,0,0,0,191.25,-1,0,0,0,53.75,0,0,0,0,0,0,1000
6777,0,168,3000,500,1000,0,0,0,0,0,0,0,0,0,0,191.25,-1,0,0,0,53.75,0,0,0,0,0,0,1000
6778,0,169,3000,500,1000,0,0,0,0,0,0,0,0,0,0,191.25,-1,0,0,0,53.75,0,0,0,0,0,0,1000
6779,0,170,3000,500,1000,0,0,0,0,0,0,0,0,0,0,191.25,-1,0,0,0,53.75,0,0,0,0,0,0,1000
6780,0,171,3000,500,1000,0,0,0,0,0,0,0,0,0,0,191.25,-1,0,0,0,53.75,0,0,0,0,0,0,1000
6781,0,172,3000,500,1000,0,0,0,0,0,0,0,0,0,0,191.25,-1,0,0,0,53.75,0,0,0,0,0,0,1000
6782,0,173,3000,500,1000,0,0,0,0,0,0,0,0,0,0,191.25,-1,0,0,0,53.75,0,0,0,0,0,0,1000
6783,0,174,3000,500,1000,0,0,0,0,0,0,0,0,0,0,191.25,-1,0,0,0,53.75,0,0,0,0,0,0,1000
6784,0,175,3000,500,1000,0,0,0,0,0,0,0,0,0,0,191.25,-1,0,0,0,53.75,0,0,0,0,0,0,1000
6785,0,176,3000,500,1000,0,0,0,0,0,0,0,0,0,0,191.25,-1,0,0,0,53.75,0,0,0,0,0,0,1000
6786,0,177,3000,500,1000,0,0,0,0,0,0,0,0,0,0,191.25,-1,0,0,0,53.75,0,0,0,0,0,0,1000
6787,0,178,3000,500,1000,0,0,0,0,0,0,0,0,0,0,191.25,-1,0,0,0,53.75,0,0,0,0,0,0,1000
6788,0,179,3000,500,1000,0,0,0,0,0,0,0,0,0,0,191.25,-1,0,0,0,53.75,0,0,0,0,0,0,1000
6789,0,180,3000,500,1000,0,0,0,0,0,0,0,0,0,0,191.25,-1,0,0,0,53.75,0,0,0,0,0,0,1000
6790,0,181,3000,500,1000,0,0,0,0,0,0,0,0,0,0,191.25,-1,0,0,0,53.75,0,0,0,0,0,0,1000
6791,0,182,3000,500,1000,0,0,0,0,0,0,0,0,0,0,191.25,-1,0,0,0,53.75,0,0,0,0,0,0,1000
6792,0,183,3000,500,1000,0,0,0,0,0,0,0,0,0,0,191.25,-1,0,0,0,53.75,0,0,0,0,0,0,1000
6793,0,184,3000,500,1000,0,0,0,0,0,0,0,0,0,0,191.25,-1,0,0,0,53.75,0,0,0,0,0,0,1000
6794,0,185,3000,500,1000,0,0,0,0,0,0,0,0,0,0,191.25,-1,0,0,0,53.75,0,0,0,0,0,0,1000
6795,0,186,3000,500,1000,0,0,0,0,0,0,0,0,0,0,191.25,-1,0,0,0,53.75,0,0,0,0,0,0,1000
6796,0,187,3000,500,1000,0,0,0,0,0,0,0,0,0,0,191.25,-1,0,0,0,53.75,0,0,0,0,0,0,1000
6797,0,188,3000,500,1000,0,0,0,0,0,0,0,0,0,0,191.25,-1,0,0,0,53.75,0,0,0,0,0,0,1000
6798,0,189,3000,500,1000,0,0,0,0,0,0,0,0,0,0,191.25,-1,0,0,0,53.75,0,0,0,0,0,0,1000
6799,0,190,3000,500,1000,0,0,0,0,0,0,0,0,0,0,191.25,-1,0,0,0,53.75,0,0,0,0,0,0,1000
6800,0,191,3000,500,1000,0,0,0,0,0,0,0,0,0,0,191.25,-1,0,0,0,53.75,0,0,0,0,0,0,1000
6801,0,192,3000,500,1000,0,0,0,0,0,0,0,0,0,0,191.25,-1,0,0,0,53.75,0,0,0,0,0,0,1000
6802,0,193,3000,500,1000,0,0,0,0,0,0,0,0,0,0,191.25,-1,0,0,0,53.75,0,0,0,0,0,0,1000
6803,0,194,3000,500,1000,0,0,0,0,0,0,0,0,0,0,191.25,-1,0,0,0,53.75,0,0,0,0,0,0,1000
6804,0,195,3000,500,1000,0,0,0,0,0,0,0,0,0,0,191.25,-1,0,0,0,53.75,0,0,0,0,0,0,1000
6805,0,196,3000,500,1000,0,0,0,0,0,0,0,0,0,0,191.25,-1,0,0,0,53.75,0,0,0,0,0,0,1000
6806,0,197,3000,500,1000,0,0,0,0,0,0,0,0,0,0,191.25,-1,0,0,0,53.75,0,0,0,0,0,0,1000
6807,0,198,3000,500,1000,0,0,0,0,0,0,0,0,0,0,191.25,-1,0,0,0,53.75,0,0,0,0,0,0,1000
6808,0,199,3000,500,1000,0,0,0,0,0,0,0,0,0,0,191.25,-1,0,0,0,53.75,0,0,0,0,0,0,1000
6809,0,200,3000,500,1000,0,0,0,0,0,0,0,0,0,0,191.25,-1,0,0,0,53.75,0,0,0,0,0,0,1000
6810,0,201,3000,500,1000,0,0,0,0,0,0,0,0,0,0,191.25,-1,0,0,0,53.75,0,0,0,0,0,0,1000
6811,0,202,3000,500,1000,0,0,0,0,0,0,0,0,0,0,191.25,-1,0,0,0,53.75,0,0,0,0,0,0,1000
6812,0,203,3000,500,1000,0,0,0,0,0,0,0,0,0,0,191.25,-1,0,0,0,53.75,0,0,0,0,0,0,1000
6813,0,204,3000,500,1000,0,0,0,0,0,0,0,0,0,0,191.25,-1,0,0,0,53.75,0,0,0,0,0,0,1000
6814,0,205,3000,500,1000,0,0,0,0,0,0,0,0,0,0,191.25,-1,0,0,0,53.75,0,0,0,0,0,0,1000
6815,0,206,3000,500,1000,0,0,0,0,0,0,0,0,0,0,191.25,-1,0,0,0,53.75,0,0,0,0,0,0,1000
6816,0,207,3000,500,1000,0,0,0,0,0,0,0,0,0,0,191.25,-1,0,0,0,53.75,0,0,0,0,0,0,1000
6817,0,208,3000,500,1000,0,0,0,0,0,0,0,0,0,0,191.25,-1,0,0,0,53.75,0,0,0,0,0,0,1000
6818,0,209,3000,500,1000,0,0,0,0,0,0,0,0,0,0,191.25,-1,0,0,0,53.75,0,0,0,0,0,0,1000
6819,0,210,3000,500,1000,0,0,0,0,0,0,0,0,0,0,191.25,-1,0,0,0,53.75,0,0,0,0,0,0,1000
6820,0,211,3000,500,1000,0,0,0,0,0,0,0,0,0,0,191.25,-1,0,0,0,53.75,0,0,0,0,0,0,1000
6821,0,212,3000,500,1000,0,0,0,0,0,0,0,0,0,0,191.25,-1,0,0,0,53.75,0,0,0,0,0,0,1000
6822,0,213,3000,500,1000,0,0,0,0,0,0,0,0,0,0,191.25,-1,0,0,0,53.75,0,0,0,0,0,0,1000
6823,0,214,3000,500,1000,0,0,0,0,0,0,0,0,0,0,191.25,-1,0,0,0,53.75,0,0,0,0,0,0,1000
6824,0,215,3000,500,1000,0,0,0,0,0,0,0,0,0,0,191.25,-1,0,0,0,53.75,0,0,0,0,0,0,1000
6825,0,216,3000,500,1000,0,0,0,0,0,0,0,0,0,0,191.25,-1,0,0,0,53.75,0,0,0,0,0,0,1000
6826,0,217,3000,500,1000,0,0,0,0,0,0,0,0,0,0,191.25,-1,0,0,0,53.75,0,0,0,0,0,0,1000
6827,0,218,3000,500,1000,0,0,0,0,0,0,0,0,0,0,191.25,-1,0,0,0,53.75,0,0,0,0,0,0,1000
6828,0,219,3000,500,1000,0,0,0,0,0,0,0,0,0,0,191.25,-1,0,0,0,53.75,0,0,0,0,0,0,1000
6829,0,220,3000,500,1000,0,0,0,0,0,0,0,0,0,0,191.25,-1,0,0,0,53.75,0,0,0,0,0,0,1000
6830,0,221,3000,500,1000,0,0,0,0,0,0,0,0,0,0,191.25,-1,0,0,0,53.75,0,0,0,0,0,0,1000
6831,0,222,3000,500,1000,0,0,0,0,0,0,0,0,0,0,191.25,-1,0,0,0,53.75,0,0,0,0,0,0,1000
6832,0,223,3000,500,1000,0,0,0,0,0,0,0,0,0,0,191.25,-1,0,0,0,53.75,0,0,0,0,0,0,1000
6833,0,224,3000,500,1000,0,0,0,0,0,0,0,0,0,0,191.25,-1,0,0,0,53.75,0,0,0,0,0,0,1000
6834,0,225,3000,500,1000,0,0,0,0,0,0,0,0,0,0,191.25,-1,0,0,0,53.75,0,0,0,0,0,0,1000
6835,0,226,3000,500,1000,0,0,0,0,0,0,0,0,0,0,191.25,-1,0,0,0,53.75,0,0,0,0,0,0,1000
6836,0,227,3000,500,1000,0,0,0,0,0,0,0,0,0,0,191.25,-1,0,0,0,53.75,0,0,0,0,0,0,1000
6837,0,228,3000,500,1000,0,0,0,0,0,0,0,0,0,0,191.25,-1,0,0,0,53.75,0,0,0,0,0,0,1000
6838,0,229,3000,500,1000,0,0,0,0,0,0,0,0,0,0,191.25,-1,0,0,0,53.75,0,0,0,0,0,0,1000
6839,0,230,3000,500,1000,0,0,0,0,0,0,0,0,0,0,191.25,-1,0,0,0,53.75,0,0,0,0,0,0,1000
6840,0,231,3000,500,1000,0,0,0,0,0,0,0,0,0,0,191.25,-1,0,0,0,53.75,0,0,0,0,0,0,1000
6841,0,232,3000,500,1000,0,0,0,0,0,0,0,0,0,0,191.25,-1,0,0,0,53.75,0,0,0,0,0,0,1000
6842,0,233,3000,500,1000,0,0,0,0,0,0,0,0,0,0,191.25,-1,0,0,0,53.75,0,0,0,0,0,0,1000
6843,0,234,3000,500,1000,0,0,0,0,0,0,0,0,0,0,191.25,-1,0,0,0,53.75,0,0,0,0,0,0,1000
6844,0,235,3000,500,1000,0,0,0,0,0,0,0,0,0,0,191.25,-1,0,0,0,53.75,0,0,0,0,0,0,1000
6845,0,236,3000,500,1000,0,0,0,0,0,0,0,0,0,0,191.25,-1,0,0,0,53.75,0,0,0,0,0,0,1000
6846,0,237,3000,500,1000,0,0,0,0,0,0,0,0,0,0,191.25,-1,0,0,0,53.75,0,0,0,0,0,0,1000
6847,0,238,3000,500,1000,0,0,0,0,0,0,0,0,0,0,191.25,-1,0,0,0,53.75,0,0,0,0,0,0,1000
6848,0,239,3000,500,1000,0,0,0,0,0,0,0,0,0,0,191.25,-1,0,0,0,53.75,0,0,0,0,0,0,1000
6849,0,240,3000,500,1000,0,0,0,0,0,0,0,0,0,0,191.25,-1,0,0,0,53.75,0,0,0,0,0,0,1000
6850,0,241,3000,500,1000,0,0,0,0,0,0,0,0,0,0,191.25,-1,0,0,0,53.75,0,0,0,0,0,0,1000
6851,0,242,3000,500,1000,0,0,0,0,0,0,0,0,0,0,191.25,-1,0,0,0,53.75,0,0,0,0,0,0,1000
6852,0,243,3000,500,1000,0,0,0,0,0,0,0,0,0,0,191.25,-1,0,0,0,53.75,0,0,0,0,0,0,1000
6853,0,244,3000,500,1000,0,0,0,0,0,0,0,0,0,0,191.25,-1,0,0,0,53.75,0,0,0,0,0,0,1000
6854,0,245,3000,500,1000,0,0,0,0,0,0,0,0,0,0,191.25,-1,0,0,0,53.75,0,0,0,0,0,0,1000
6855,0,246,3000,500,1000,0,0,0,0,0,0,0,0,0,0,191.25,-1,0,0,0,53.75,0,0,0,0,0,0,1000
6856,0,247,3000,500,1000,0,0,0,0,0,0,0,0,0,0,191.25,-1,0,0,0,53.75,0,0,0,0,0,0,1000
6857,0,248,3000,500,1000,0,0,0,0,0,0,0,0,0,0,191.25,-1,0,0,0,53.75,0,0,0,0,0,0,1000
6858,0,249,3000,500,1000,0,0,0,0,0,0,0,0,0,0,191.25,-1,0,0,0,53.75,0,0,0,0,0,0,1000
6859,0,250,3000,500,1000,0,0,0,0,0,0,0,0,0,0,191.25,-1,0,0,0,53.75,0,0,0,0,0,0,1000
6860,0,251,3000,500,1000,0,0,0,0,0,0,0,0,0,0,191.25,-1,0,0,0,53.75,0,0,0,0,0,0,1000
6861,0,252,3000,500,1000,0,0,0,0,0,0,0,0,0,0,191.25,-1,0,0,0,53.75,0,0,0,0,0,0,1000
6862,0,253,3000,500,1000,0,0,0,0,0,0,0,0,0,0,191.25,-1,0,0,0,53.75,0,0,0,0,0,0,1000
6863,0,254,3000,500,1000,0,0,0,0,0,0,0,0,0,0,191.25,-1,0,0,0,53.75,0,0,0,0,0,0,1000
6864,0,255,3000,500,1000,0,0,0,0,0,0,0,0,0,0,191.25,-1,0,0,0,53.75,0,0,0,0,0,0,1000
6865,0,256,3000,500,1000,0,0,0,0,0,0,0,0,0,0,191.25,-1,0,0,0,53.75,0,0,0,0,0,0,1000
6866,0,257,3000,500,1000,0,0,0,0,0,0,0,0,0,0,191.25,-1,0,0,0,53.75,0,0,0,0,0,0,1000
6867,0,258,3000,500,1000,0,0,0,0,0,0,0,0,0,0,191.25,-1,0,0,0,53.75,0,0,0,0,0,0,1000
6868,0,259,3000,500,1000,0,0,0,0,0,0,0,0,0,0,191.25,-1,0,0,0,53.75,0,0,0,0,0,0,1000
6869,0,260,3000,500,1000,0,0,0,0,0,0,0,0,0,0,191.25,-1,0,0,0,53.75,0,0,0,0,0,0,1000
6870,0,261,3000,500,1000,0,0,0,0,0,0,0,0,0,0,191.25,-1,0,0,0,53.75,0,0,0,0,0,0,1000
6871,0,262,3000,500,1000,0,0,0,0,0,0,0,0,0,0,191.25,-1,0,0,0,53.75,0,0,0,0,0,0,1000
6872,0,263,3000,500,1000,0,0,0,0,0,0,0,0,0,0,191.25,-1,0,0,0,53.75,0,0,0,0,0,0,1000
6873,0,264,3000,500,1000,0,0,0,0,0,0,0,0,0,0,191.25,-1,0,0,0,53.75,0,0,0,0,0,0,1000
6874,0,265,3000,500,1000,0,0,0,0,0,0,0,0,0,0,191.25,-1,0,0,0,53.75,0,0,0,0,0,0,1000
6875,0,266,3000,500,1000,0,0,0,0,0,0,0,0,0,0,191.25,-1,0,0,0,53.75,0,0,0,0,0,0,1000
6876,0,267,3000,500,1000,0,0,0,0,0,0,0,0,0,0,191.25,-1,0,0,0,53.75,0,0,0,0,0,0,1000
6877,0,268,3000,500,1000,0,0,0,0,0,0,0,0,0,0,191.25,-1,0,0,0,53.75,0,0,0,0,0,0,1000
6878,0,269,3000,500,1000,0,0,0,0,0,0,0,0,0,0,191.25,-1,0,0,0,53.75,0,0,0,0,0,0,1000
6879,0,270,3000,500,1000,0,0,0,0,0,0,0,0,0,0,191.25,-1,0,0,0,53.75,0,0,0,0,0,0,1000
6880,0,271,3000,500,1000,0,0,0,0,0,0,0,0,0,0,191.25,-1,0,0,0,53.75,0,0,0,0,0,0,1000
6881,0,272,3000,500,1000,0,0,0,0,0,0,0,0,0,0,191.25,-1,0,0,0,53.75,0,0,0,0,0,0,1000
6882,0,273,3000,500,1000,0,0,0,0,0,0,0,0,0,0,191.25,-1,0,0,0,53.75,0,0,0,0,0,0,1000
6883,0,274,3000,500,1000,0,0,0,0,0,0,0,0,0,0,191.25,-1,0,0,0,53.75,0,0,0,0,0,0,1000
6884,0,275,3000,500,1000,0,0,0,0,0,0,0,0,0,0,191.25,-1,0,0,0,53.75,0,0,0,0,0,0,1000
6885,0,276,3000,500,1000,0,0,0,0,0,0,0,0,0,0,191.25,-1,0,0,0,53.75,0,0,0,0,0,0,1000
6886,0,277,3000,500,1000,0,0,0,0,0,0,0,0,0,0,191.25,-1,0,0,0,53.75,0,0,0,0,0,0,1000
6887,0,278,3000,500,1000,0,0,0,0,0,0,0,0,0,0,191.25,-1,0,0,0,53.75,0,0,0,0,0,0,1000
6888,0,279,3000,500,1000,0,0,0,0,0,0,0,0,0,0,191.25,-1,0,0,0,53.75,0,0,0,0,0,0,1000
6889,0,280,3000,500,1000,0,0,0,0,0,0,0,0,0,0,191.25,-1,0,0,0,53.75,0,0,0,0,0,0,1000
6890,0,281,3000,500,1000,0,0,0,0,0,0,0,0,0,0,191.25,-1,0,0,0,53.75,0,0,0,0,0,0,1000
6891,0,282,3000,500,1000,0,0,0,0,0,0,0,0,0,0,191.25,-1,0,0,0,53.75,0,0,0,0,0,0,1000
6892,0,283,3000,500,1000,0,0,0,0,0,0,0,0,0,0,191.25,-1,0,0,0,53.75,0,0,0,0,0,0,1000
6893,0,284,3000,500,1000,0,0,0,0,0,0,0,0,0,0,191.25,-1,0,0,0,53.75,0,0,0,0,0,0,1000
6894,0,285,3000,500,1000,0,0,0,0,0,0,0,0,0,0,191.25,-1,0,0,0,53.75,0,0,0,0,0,0,1000
6895,0,286,3000,500,1000,0,0,0,0,0,0,0,0,0,0,191.25,-1,0,0,0,53.75,0,0,0,0,0,0,1000
6896,0,287,3000,500,1000,0,0,0,0,0,0,0,0,0,0,191.25,-1,0,0,0,53.75,0,0,0,0,0,0,1000
6897,0,288,3000,500,1000,0,0,0,0,0,0,0,0,0,0,191.25,-1,0,0,0,53.75,0,0,0,0,0,0,1000
6898,0,289,3000,500,1000,0,0,0,0,0,0,0,0,0,0,191.25,-1,0,0,0,53.75,0,0,0,0,0,0,1000
6899,0,290,3000,500,1000,0,0,0,0,0,0,0,0,0,0,191.25,-1,0,0,0,53.75,0,0,0,0,0,0,1000
6900,0,291,3000,500,1000,0,0,0,0,0,0,0,0,0,0,191.25,-1,0,0,0,53.75,0,0,0,0,0,0,1000
6901,0,292,3000,500,1000,0,0,0,0,0,0,0,0,0,0,191.25,-1,0,0,0,53.75,0,0,0,0,0,0,1000
6902,0,293,3000,500,1000,0,0,0,0,0,0,0,0,0,0,191.25,-1,0,0,0,53.75,0,0,0,0,0,0,1000
6903,0,294,3000,500,1000,0,0,0,0,0,0,0,0,0,0,191.25,-1,0,0,0,53.75,0,0,0,0,0,0,1000
6904,0,295,3000,500,1000,0,0,0,0,0,0,0,0,0,0,191.25,-1,0,0,0,53.75,0,0,0,0,0,0,1000
6905,0,296,3000,500,1000,0,0,0,0,0,0,0,0,0,0,191.25,-1,0,0,0,53.75,0,0,0,0,0,0,1000
6906,0,297,3000,500,1000,0,0,0,0,0,0,0,0,0,0,191.25,-1,0,0,0,53.75,0,0,0,0,0,0,1000
6907,0,298,3000,500,1000,0,0,0,0,0,0,0,0,0,0,191.25,-1,0,0,0,53.75,0,0,0,0,0,0,1000
6908,0,299,3000,500,1000,0,0,0,0,0,0,0,0,0,0,191.25,-1,0,0,0,53.75,0,0,0,0,0,0,1000
6909,0,300,3000,500,1000,0,0,0,0,0,0,0,0,0,0,145.00265502929688,-1,0,0,0,53.75,0,0,0,0,0,0,1000
6910,0,1,3000,500,1000,0,240,0,0,0,0,0,0,0,0,-78.75,1,0,0,0,53.75,0,0,0,0,0,0,1000
6911,0,2,3000,500,1000,0,239,0,0,0,0,0,0,0,0,-78.75,1,0,0,0,53.75,0,0,0,0,0,0,1000
6912,0,3,3000,500,1000,0,238,0,0,0,0,0,0,0,0,-78.75,1,0,0,0,53.75,0,0,0,0,0,0,1000
6913,0,4,3000,500,1000,0,237,0,0,0,0,0,0,0,0,-78.75,1,0,0,0,53.75,0,0,0,0,0,0,1000
6914,0,5,3000,500,1000,0,236,0,0,0,0,0,0,0,0,-78.75,1,0,0,0,53.75,0,0,0,0,0,0,1000
6915,0,6,3000,500,1000,0,235,0,0,0,0,0,0,0,0,-78.75,1,0,0,0,53.75,0,0,0,0,0,0,1000
6916,0,7,3000,500,1000,0,234,0,0,0,0,0,0,0,0,-78.75,1,0,0,0,53.75,0,0,0,0,0,0,1000
6917,0,8,3000,500,1000,0,233,0,0,0,0,0,0,0,0,-78.75,1,0,0,0,53.75,0,0,0,0,0,0,1000
6918,0,9,3000,500,1000,0,232,0,0,0,0,0,0,0,0,-78.75,1,0,0,0,53.75,0,0,0,0,0,0,1000
6919,10,1,3000,500,1000,0,231,0,0,0,0,0,0,0,0,-78.75,1,0,0,0,53.75,0,0,0,0,0,0,1000
6920,10,2,3000,500,1000,0,230,0,0,0,0,0,0,0,0,-78.75,1,0,0,0,53.75,0,0,0,0,0,0,1000
6921,10,3,3000,500,1000,0,229,0,0,0,0,0,0,0,0,-78.75,1,0,0,0,53.75,0,0,0,0,0,0,1000
6922,10,4,3000,500,1000,0,228,0,0,0,0,0,0,0,0,-78.75,1,0,0,0,53.75,0,0,0,0,0,0,1000
6923,10,5,3000,500,1000,0,227,0,0,0,0,0,0,0,0,-78.75,1,0,0,0,53.75,0,0,0,0,0,0,1000
6924,10,6,3000,500,1000,0,226,0,0,0,0,0,0,0,0,-78.75,1,0,0,0,53.75,0,0,0,0,0,0,1000
6925,12,1,3000,500,1000,0,225,0,0,0,0,0,0,0,0,-78.75,1,0,0,0,53.75,0,0,0,0,0,0,1000
6926,20,1,3000,500,1000,0,224,0,0,0,0,0,0,0,0,-76.9000015258789,1,0,0,0,53.75,0,0,0,0,0,0,1000
6927,20,2,3000,500,1000,0,223,0,0,0,0,0,0,0,0,-75.05000305175781,1,0,0,0,53.75,0,0,0,0,0,0,1000
6928,10,1,3000,500,1000,0,222,0,0,0,0,0,0,0,0,-75.05000305175781,1,0,0,0,53.75,0,0,0,0,0,0,1000
6929,10,2,3000,500,1000,0,221,0,0,0,0,0,0,0,0,-75.05000305175781,1,0,0,0,53.75,0,0,0,0,0,0,1000
6930,10,3,3000,500,1000,0,220,0,0,0,0,0,0,0,0,-75.05000305175781,1,0,0,0,53.75,0,0,0,0,0,0,1000
6931,10,4,3000,500,1000,0,219,0,0,0,0,0,0,0,0,-75.05000305175781,1,0,0,0,53.75,0,0,0,0,0,0,1000
6932,10,5,3000,500,1000,0,218,0,0,0,0,0,0,0,0,-75.05000305175781,1,0,0,0,53.75,0,0,0,0,0,0,1000
6933,10,6,3000,500,1000,0,217,0,0,0,0,0,0,0,0,-75.05000305175781,1,0,0,0,53.75,0,0,0,0,0,0,1000
6934,10,7,3000,500,1000,0,216,0,0,0,0,0,0,0,0,-75.05000305175781,1,0,0,0,53.75,0,0,0,0,0,0,1000
6935,10,8,3000,500,1000,0,215,0,0,0,0,0,0,0,0,-75.05000305175781,1,0,0,0,53.75,0,0,0,0,0,0,1000
6936,10,9,3000,500,1000,0,214,0,0,0,0,0,0,0,0,-75.05000305175781,1,0,0,0,53.75,0,0,0,0,0,0,1000
6937,3500,1,2000,500,1000,0,213,0,0,0,0,0,0,0,0,-75.05000305175781,1,0,0,0,53.75,0,0,0,0,0,0,1000
6938,3500,2,2000,500,1000,0,212,0,0,0,0,0,0,0,0,-75.05000305175781,1,0,0,0,53.75,0,0,0,0,0,0,1000
6939,3500,3,2000,500,1000,0,211,0,0,0,0,0,0,0,0,-75.05000305175781,1,0,0,0,53.75,0,0,0,0,0,0,1000
6940,3500,4,2000,500,1000,0,210,0,0,0,0,0,0,0,0,-75.05000305175781,1,0,0,0,53.75,0,0,0,0,0,0,1000
6941,3500,5,2000,500,1000,0,209,0,0,0,0,0,0,0,0,-75.05000305175781,1,0,0,0,53.75,0,0,0,0,0,0,1000
6942,3500,6,2000,500,1000,0,208,0,0,0,0,0,0,0,0,-75.05000305175781,1,0,0,0,53.75,0,0,0,0,0,0,1000
6943,3500,7,2000,500,1000,0,207,0,0,0,0,0,0,0,0,-75.05000305175781,1,0,0,0,53.75,0,0,0,0,0,0,1000
6944,3500,7,2000,500,977,0,206,0,0,0,0,0,0,0,0,-75.05000305175781,1,0,0,0,53.75,0,0,0,0,0,0,1018
6945,3500,7,2000,500,977,0,205,0,0,0,0,0,0,0,0,-75.05000305175781,1,0,0,0,53.75,0,0,0,0,0,0,1018
6946,3500,7,2000,500,977,0,204,0,0,0,0,0,0,0,0,-75.05000305175781,1,0,0,0,53.75,0,0,0,0,0,0,1018
6947,3500,7,2000,500,977,0,203,0,0,0,0,0,0,0,0,-75.05000305175781,1,0,0,0,53.75,0,0,0,0,0,0,1018
6948,3500,7,2000,500,977,0,202,0,0,0,0,0,0,0,0,-75.05000305175781,1,0,0,0,53.75,0,0,0,0,0,0,1018
6949,3500,7,2000,500,977,0,201,0,0,0,0,0,0,0,0,-75.05000305175781,1,0,0,0,53.75,0,0,0,0,0,0,1018
6950,3500,8,2000,500,977,0,200,0,0,0,0,0,0,0,0,-75.05000305175781,1,0,0,0,53.75,0,0,0,0,0,0,1018
6951,3500,9,2000,500,977,0,199,0,0,0,0,0,0,0,0,-75.05000305175781,1,0,0,0,53.75,0,0,0,0,0,0,1018
6952,3500,10,2000,500,977,0,198,0,0,0,0,0,0,0,0,-75.05000305175781,1,0,0,0,53.75,0,0,0,0,0,0,1018
6953,3500,11,2000,500,977,0,197,0,0,0,0,0,0,0,0,-75.05000305175781,1,0,0,0,53.75,0,0,0,0,0,0,1018
6954,3500,12,2000,500,977,0,196,0,0,0,0,0,0,0,0,-75.05000305175781,1,0,0,0,53.75,0,0,0,0,0,0,1018
6955,3500,13,2000,500,977,0,195,0,0,0,0,0,0,0,0,-75.05000305175781,1,0,0,0,53.75,0,0,0,0,0,0,1018
6956,3500,13,2000,500,954,0,194,0,0,0,0,0,0,0,0,-75.05000305175781,1,0,0,0,53.75,0,0,0,0,0,0,2036
6957,3500,13,2000,500,954,0,193,0,0,0,0,0,0,0,0,-75.05000305175781,1,0,0,0,53.75,0,0,0,0,0,0,2036
6958,3500,13,2000,500,954,0,192,0,0,0,0,0,0,0,0,-75.05000305175781,1,0,0,0,53.75,0,0,0,0,0,0,2036
6959,3500,13,2000,500,954,0,191,0,0,0,0,0,0,0,0,-75.05000305175781,1,0,0,0,53.75,0,0,0,0,0,0,2036
6960,3500,13,2000,500,954,0,190,0,0,0,0,0,0,0,0,-75.05000305175781,1,0,0,0,53.75,0,0,0,0,0,0,2036
6961,3500,13,2000,500,954,0,189,0,0,0,0,0,0,0,0,-75.05000305175781,1,0,0,0,53.75,0,0,0,0,0,0,2036
6962,3500,14,2000,500,954,0,188,0,0,0,0,0,0,0,0,-75.05000305175781,1,0,0,0,53.75,0,0,0,0,0,0,2036
6963,3500,15,2000,500,954,0,187,0,0,0,0,0,0,0,0,-75.05000305175781,1,0,0,0,53.75,0,0,0,0,0,0,2036
6964,3500,16,2000,500,954,0,186,0,0,0,0,0,0,0,0,-75.05000305175781,1,0,0,0,53.75,0,0,0,0,0,0,2036
6965,3500,17,2000,500,954,0,185,0,0,0,0,0,0,0,0,-75.05000305175781,1,0,0,0,53.75,0,0,0,0,0,0,2036
6966,3500,18,2000,500,954,0,184,0,0,0,0,0,0,0,0,-75.05000305175781,1,0,0,0,53.75,0,0,0,0,0,0,2036
6967,3500,19,2000,500,954,0,183,0,0,0,0,0,0,0,0,-75.05000305175781,1,0,0,0,53.75,0,0,0,0,0,0,2036
6968,3500,19,2000,500,931,0,182,0,0,0,0,0,0,0,0,-75.05000305175781,1,0,0,0,53.75,0,0,0,0,0,0,3054
6969,3500,19,2000,500,931,0,181,0,0,0,0,0,0,0,0,-75.05000305175781,1,0,0,0,53.75,0,0,0,0,0,0,3054
6970,3500,19,2000,500,931,0,180,0,0,0,0,0,0,0,0,-75.05000305175781,1,0,0,0,53.75,0,0,0,0,0,0,3054
6971,3500,19,2000,500,931,0,179,0,0,0,0,0,0,0,0,-75.05000305175781,1,0,0,0,53.75,0,0,0,0,0,0,3054
6972,3500,19,2000,500,931,0,178,0,0,0,0,0,0,0,0,-75.05000305175781,1,0,0,0,53.75,0,0,0,0,0,0,3054
6973,3500,19,2000,500,931,0,177,0,0,0,0,0,0,0,0,-75.05000305175781,1,0,0,0,53.75,0,0,0,0,0,0,3054
6974,3500,20,2000,500,931,0,176,0,0,0,0,0,0,0,0,-75.05000305175781,1,0,0,0,53.75,0,0,0,0,0,0,3054
6975,3500,21,2000,500,931,0,175,0,0,0,0,0,0,0,0,-75.05000305175781,1,0,0,0,53.75,0,0,0,0,0,0,3054
6976,3500,22,2000,500,931,0,174,0,0,0,0,0,0,0,0,-75.05000305175781,1,0,0,0,53.75,0,0,0,0,0,0,3054
6977,3500,23,2000,500,931,0,173,0,0,0,0,0,0,0,0,-75.05000305175781,1,0,0,0,53.75,0,0,0,0,0,0,3054
6978,3500,24,2000,500,931,0,172,0,0,0,0,0,0,0,0,-75.05000305175781,1,0,0,0,53.75,0,0,0,0,0,0,3054
6979,3500,25,2000,500,931,0,171,0,0,0,0,0,0,0,0,-75.05000305175781,1,0,0,0,53.75,0,0,0,0,0,0,3054
6980,3500,25,2000,500,908,0,170,0,0,0,0,0,0,0,0,-75.05000305175781,1,0,0,0,53.75,0,0,0,0,0,0,4072
6981,3500,25,2000,500,908,0,169,0,0,0,0,0,0,0,0,-75.05000305175781,1,0,0,0,53.75,0,0,0,0,0,0,4072
6982,3500,25,2000,500,908,0,168,0,0,0,0,0,0,0,0,-75.05000305175781,1,0,0,0,53.75,0,0,0,0,0,0,4072
6983,3500,25,2000,500,908,0,167,0,0,0,0,0,0,0,0,-75.05000305175781,1,0,0,0,53.75,0,0,0,0,0,0,4072
6984,3500,25,2000,500,908,0,166,0,0,0,0,0,0,0,0,-75.05000305175781,1,0,0,0,53.75,0,0,0,0,0,0,4072
6985,3500,25,2000,500,908,0,165,0,0,0,0,0,0,0,0,-75.05000305175781,1,0,0,0,53.75,0,0,0,0,0,0,4072
6986,3500,26,2000,500,908,0,164,0,0,0,0,0,0,0,0,-75.05000305175781,1,0,0,0,53.75,0,0,0,0,0,0,4072
6987,3500,27,2000,500,908,0,163,0,0,0,0,0,0,0,0,-75.05000305175781,1,0,0,0,53.75,0,0,0,0,0,0,4072
6988,3500,28,2000,500,908,0,162,0,0,0,0,0,0,0,0,-75.05000305175781,1,0,0,0,53.75,0,0,0,0,0,0,4072
6989,3500,29,2000,500,908,0,161,0,0,0,0,0,0,0,0,-75.05000305175781,1,0,0,0,53.75,0,0,0,0,0,0,4072
6990,3500,30,2000,500,908,0,160,0,0,0,0,0,0,0,0,-75.05000305175781,1,0,0,0,53.75,0,0,0,0,0,0,4072
6991,3500,31,2000,500,908,0,159,0,0,0,0,0,0,0,0,-75.05000305175781,1,0,0,0,53.75,0,0,0,0,0,0,4072
6992,3500,31,2000,500,885,0,158,0,0,0,0,0,0,0,0,-75.05000305175781,1,0,0,0,53.75,0,0,0,0,0,0,5000
6993,3500,31,2000,500,885,0,157,0,0,0,0,0,0,0,0,-75.05000305175781,1,0,0,0,53.75,0,0,0,0,0,0,5000
6994,3500,31,2000,500,885,0,156,0,0,0,0,0,0,0,0,-75.05000305175781,1,0,0,0,53.75,0,0,0,0,0,0,5000
6995,3500,31,2000,500,885,0,155,0,0,0,0,0,0,0,0,-75.05000305175781,1,0,0,0,53.75,0,0,0,0,0,0,5000
6996,3500,31,2000,500,885,0,154,0,0,0,0,0,0,0,0,-75.05000305175781,1,0,0,0,53.75,0,0,0,0,0,0,5000
6997,3500,31,2000,500,885,0,153,0,0,0,0,0,0,0,0,-75.05000305175781,1,0,0,0,53.75,0,0,0,0,0,0,5000
6998,3500,32,2000,500,885,0,152,0,0,0,0,0,0,0,0,-75.05000305175781,1,0,0,0,53.75,0,0,0,0,0,0,5000
6999,3500,33,2000,500,885,0,151,0,0,0,0,0,0,0,0,-75.05000305175781,1,0,0,0,53.75,0,0,0,0,0,0,5000
7000,3500,34,2000,500,885,0,150,0,0,0,0,0,0,0,0,-75.05000305175781,1,0,0,0,53.75,0,0,0,0,0,0,5000
7001,3500,35,2000,500,885,0,149,0,0,0,0,0,0,0,0,-75.05000305175781,1,0,0,0,53.75,0,0,0,0,0,0,5000
7002,3500,36,2000,500,885,0,148,0,0,0,0,0,0,0,0,-75.05000305175781,1,0,0,0,53.75,0,0,0,0,0,0,5000
7003,3500,37,2000,500,885,0,147,0,0,0,0,0,0,0,0,-75.05000305175781,1,0,0,0,53.75,0,0,0,0,0,0,5000
7004,3500,37,2000,500,862,0,146,0,0,0,0,0,0,0,0,-75.05000305175781,1,0,0,0,53.75,0,0,0,0,0,0,5000
7005,3500,37,2000,500,862,0,145,0,0,0,0,0,0,0,0,-75.05000305175781,1,0,0,0,53.75,0,0,0,0,0,0,5000
7006,3500,37,2000,500,862,0,144,0,0,0,0,0,0,0,0,-75.05000305175781,1,0,0,0,53.75,0,0,0,0,0,0,5000
7007,3500,37,2000,500,862,0,143,0,0,0,0,0,0,0,0,-75.05000305175781,1,0,0,0,53.75,0,0,0,0,0,0,5000
7008,3500,37,2000,500,862,0,142,0,0,0,0,0,0,0,0,-75.05000305175781,1,0,0,0,53.75,0,0,0,0,0,0,5000
7009,3500,37,2000,500,862,0,141,0,0,0,0,0,0,0,0,-75.05000305175781,1,0,0,0,53.75,0,0,0,0,0,0,5000
7010,3500,38,2000,500,862,0,140,0,0,0,0,0,0,0,0,-75.05000305175781,1,0,0,0,53.75,0,0,0,0,0,0,5000
7011,3500,39,2000,500,862,0,139,0,0,0,0,0,0,0,0,-75.05000305175781,1,0,0,0,53.75,0,0,0,0,0,0,5000
7012,3500,40,2000,500,862,0,138,0,0,0,0,0,0,0,0,-75.05000305175781,1,0,0,0,53.75,0,0,0,0,0,0,5000
7013,3500,41,2000,500,862,0,137,0,0,0,0,0,0,0,0,-75.05000305175781,1,0,0,0,53.75,0,0,0,0,0,0,5000
7014,3500,42,2000,500,862,0,136,0,0,0,0,0,0,0,0,-75.05000305175781,1,0,0,0,53.75,0,0,0,0,0,0,5000
7015,3500,43,2000,500,862,0,135,0,0,0,0,0,0,0,0,-75.05000305175781,1,0,0,0,53.75,0,0,0,0,0,0,5000
7016,3500,44,2000,500,862,0,134,0,0,0,0,0,0,0,0,-75.05000305175781,1,0,0,0,53.75,0,0,0,0,0,0,5000
7017,3500,45,2000,500,862,0,133,0,0,0,0,0,0,0,0,-75.05000305175781,1,0,0,0,53.75,0,0,0,0,0,0,5000
7018,3500,45,2000,500,812,0,132,0,0,0,0,0,0,0,0,-75.05000305175781,1,0,0,0,53.75,0,0,0,0,0,0,5000
7019,3500,45,2000,500,812,0,131,0,0,0,0,0,0,0,0,-75.05000305175781,1,0,0,0,53.75,0,0,0,0,0,0,5000
7020,3500,45,2000,500,812,0,130,0,0,0,0,0,0,0,0,-75.05000305175781,1,0,0,0,53.75,0,0,0,0,0,0,5000
7021,3500,45,2000,500,812,0,129,0,0,0,0,0,0,0,0,-75.05000305175781,1,0,0,0,53.75,0,0,0,0,0,0,5000
7022,3500,45,2000,500,812,0,128,0,0,0,0,0,0,0,0,-75.05000305175781,1,0,0,0,53.75,0,0,0,0,0,0,5000
7023,3500,45,2000,500,812,0,127,0,0,0,0,0,0,0,0,-75.05000305175781,1,0,0,0,53.75,0,0,0,0,0,0,5000
7024,3500,46,2000,500,812,0,126,0,0,0,0,0,0,0,0,-75.05000305175781,1,0,0,0,53.75,0,0,0,0,0,0,5000
7025,3500,47,2000,500,812,0,125,0,0,0,0,0,0,0,0,-75.05000305175781,1,0,0,0,53.75,0,0,0,0,0,0,5000
7026,3500,48,2000,500,812,0,124,0,0,0,0,0,0,0,0,-75.05000305175781,1,0,0,0,53.75,0,0,0,0,0,0,5000
7027,3500,49,2000,500,812,0,123,0,0,0,0,0,0,0,0,-75.05000305175781,1,0,0,0,53.75,0,0,0,0,0,0,5000
7028,3500,50,2000,500,812,0,122,0,0,0,0,0,0,0,0,-75.05000305175781,1,0,0,0,53.75,0,0,0,0,0,0,5000
7029,3500,51,2000,500,812,0,121,0,0,0,0,0,0,0,0,-75.05000305175781,1,0,0,0,53.75,0,0,0,0,0,0,5000
7030,3500,52,2000,500,812,0,120,0,0,0,0,0,0,0,0,-75.05000305175781,1,0,0,0,53.75,0,0,0,0,0,0,5000
7031,3500,53,2000,500,812,0,119,0,0,0,0,0,0,0,0,-75.05000305175781,1,0,0,0,53.75,0,0,0,0,0,0,5000
7032,3500,54,2000,500,812,0,118,0,0,0,0,0,0,0,0,-75.05000305175781,1,0,0,0,53.75,0,0,0,0,0,0,5000
7033,3500,55,2000,500,812,0,117,0,0,0,0,0,0,0,0,-75.05000305175781,1,0,0,0,53.75,0,0,0,0,0,0,5000
7034,3500,56,2000,500,812,0,116,0,0,0,0,0,0,0,0,-75.05000305175781,1,0,0,0,53.75,0,0,0,0,0,0,5000
7035,3500,57,2000,500,812,0,115,0,0,0,0,0,0,0,0,-75.05000305175781,1,0,0,0,53.75,0,0,0,0,0,0,5000
7036,3500,58,2000,500,812,0,114,0,0,0,0,0,0,0,0,-75.05000305175781,1,0,0,0,53.75,0,0,0,0,0,0,5000
7037,0,1,2000,500,812,0,113,0,0,0,0,0,0,0,0,-75.05000305175781,1,0,0,0,53.75,0,0,0,0,0,0,5000
7038,0,2,2000,500,812,0,112,0,0,0,0,0,0,0,0,-75.05000305175781,1,0,0,0,53.75,0,0,0,0,0,0,5000
7039,0,3,2000,500,812,0,111,0,0,0,0,0,0,0,0,-75.05000305175781,1,0,0,0,53.75,0,0,0,0,0,0,5000
7040,0,4,2000,500,812,0,110,0,0,0,0,0,0,0,0,-75.05000305175781,1,0,0,0,53.75,0,0,0,0,0,0,5000
7041,0,5,2000,500,812,0,109,0,0,0,0,0,0,0,0,-75.05000305175781,1,0,0,0,53.75,0,0,0,0,0,0,5000
7042,0,6,2000,500,812,0,108,0,0,0,0,0,0,0,0,-75.05000305175781,1,0,0,0,53.75,0,0,0,0,0,0,5000
7043,0,7,2000,500,812,0,107,0,0,0,0,0,0,0,0,-75.05000305175781,1,0,0,0,53.75,0,0,0,0,0,0,5000
7044,0,8,2000,500,812,0,106,0,0,0,0,0,0,0,0,-75.05000305175781,1,0,0,0,53.75,0,0,0,0,0,0,5000
7045,0,9,2000,500,812,0,105,0,0,0,0,0,0,0,0,-75.05000305175781,1,0,0,0,53.75,0,0,0,0,0,0,5000
7046,0,10,2000,500,812,0,104,0,0,0,0,0,0,0,0,-75.05000305175781,1,0,0,0,53.75,0,0,0,0,0,0,5000
7047,0,11,2000,500,812,0,103,0,0,0,0,0,0,0,0,-75.05000305175781,1,0,0,0,53.75,0,0,0,0,0,0,5000
7048,0,12,2000,500,812,0,102,0,0,0,0,0,0,0,0,-75.05000305175781,1,0,0,0,53.75,0,0,0,0,0,0,5000
7049,0,13,2000,500,812,0,101,0,0,0,0,0,0,0,0,-75.05000305175781,1,0,0,0,53.75,0,0,0,0,0,0,5000
7050,0,14,2000,500,812,0,100,0,0,0,0,0,0,0,0,-75.05000305175781,1,0,0,0,53.75,0,0,0,0,0,0,5000
7051,0,15,2000,500,812,0,99,0,0,0,0,0,0,0,0,-75.05000305175781,1,0,0,0,53.75,0,0,0,0,0,0,5000
7052,0,16,2000,500,812,0,98,0,0,0,0,0,0,0,0,-75.05000305175781,1,0,0,0,53.75,0,0,0,0,0,0,5000
7053,0,17,2000,500,812,0,97,0,0,0,0,0,0,0,0,-75.05000305175781,1,0,0,0,53.75,0,0,0,0,0,0,5000
7054,0,18,2000,500,812,0,96,0,0,0,0,0,0,0,0,-75.05000305175781,1,0,0,0,53.75,0,0,0,0,0,0,5000
7055,0,19,2000,500,812,0,95,0,0,0,0,0,0,0,0,-75.05000305175781,1,0,0,0,53.75,0,0,0,0,0,0,5000
7056,0,20,2000,500,812,0,94,0,0,0,0,0,0,0,0,-75.05000305175781,1,0,0,0,53.75,0,0,0,0,0,0,5000
7057,0,21,2000,500,812,0,93,0,0,0,0,0,0,0,0,-75.05000305175781,1,0,0,0,53.75,0,0,0,0,0,0,5000
7058,0,22,2000,500,812,0,92,0,0,0,0,0,0,0,0,-75.05000305175781,1,0,0,0,53.75,0,0,0,0,0,0,5000
7059,0,23,2000,500,812,0,91,0,0,0,0,0,0,0,0,-75.05000305175781,1,0,0,0,53.75,0,0,0,0,0,0,5000
7060,0,24,2000,500,812,0,90,0,0,0,0,0,0,0,0,-75.05000305175781,1,0,0,0,53.75,0,0,0,0,0,0,5000
7061,0,25,2000,500,812,0,89,0,0,0,0,0,0,0,0,-77.80000305175781,1,0,0,0,53.75,0,0,0,0,0,0,5000
7062,0,26,2000,500,812,0,88,0,0,0,0,0,0,0,0,-81.80000305175781,1,0,0,0,56.5,0,0,0,0,0,0,5000
7063,0,27,2000,500,812,0,87,0,0,0,0,0,0,0,0,-85.80000305175781,1,0,0,0,60.5,0,0,0,0,0,0,5000
7064,0,28,2000,500,812,0,86,0,0,0,0,0,0,0,0,-89.80000305175781,1,0,0,0,64.5,0,0,0,0,0,0,5000
7065,0,29,2000,500,812,0,85,0,0,0,0,0,0,0,0,-93.80000305175781,1,0,0,0,68.5,0,0,0,0,0,0,5000
7066,0,30,2000,500,812,0,84,0,0,0,0,0,0,0,0,-97.80000305175781,1,0,0,0,72.5,0,0,0,0,0,0,5000
7067,0,31,2000,500,812,0,83,0,0,0,0,0,0,0,0,-101.80000305175781,1,0,0,0,76.5,0,0,0,0,0,0,5000
7068,0,32,2000,500,812,0,82,0,0,0,0,0,0,0,0,-105.80000305175781,1,0,0,0,80.5,0,0,0,0,0,0,5000
7069,0,33,2000,500,812,0,81,0,0,0,0,0,0,0,0,-109.80000305175781,1,0,0,0,84.5,0,0,0,0,0,0,5000
7070,0,34,2000,500,812,0,80,0,0,0,0,0,0,0,0,-111.80000305175781,1,0,0,0,88.5,0,0,0,0,0,0,5000
7071,0,35,2000,500,812,0,79,0,0,0,0,0,0,0,0,-113.80000305175781,1,0,0,0,90.5,0,0,0,0,0,0,5000
7072,0,36,2000,500,812,0,78,0,0,0,0,0,0,0,0,-113.80000305175781,1,0,0,0,92.5,0,0,0,0,0,0,5000
7073,0,37,2000,500,812,0,77,0,0,0,0,0,0,0,0,-113.80000305175781,1,0,0,0,92.5,0,0,0,0,0,0,5000
7074,0,38,2000,500,812,0,76,0,0,0,0,0,0,0,0,-113.80000305175781,1,0,0,0,92.5,0,0,0,0,0,0,5000
7075,0,39,2000,500,812,0,75,0,0,0,0,0,0,0,0,-113.80000305175781,1,0,0,0,92.5,0,0,0,0,0,0,5000
7076,0,40,2000,500,812,0,74,0,0,0,0,0,0,0,0,-113.80000305175781,1,0,0,0,92.5,0,0,0,0,0,0,5000
7077,0,41,2000,500,812,0,73,0,0,0,0,0,0,0,0,-113.80000305175781,1,0,0,0,92.5,0,0,0,0,0,0,5000
7078,0,42,2000,500,812,0,72,0,0,0,0,0,0,0,0,-113.80000305175781,1,0,0,0,92.5,0,0,0,0,0,0,5000
7079,0,43,2000,500,812,0,71,0,0,0,0,0,0,0,0,-113.80000305175781,1,0,0,0,92.5,0,0,0,0,0,0,5000
7080,0,44,2000,500,812,0,70,0,0,0,0,0,0,0,0,-115.30000305175781,1,0,0,0,92.5,0,0,0,0,0,0,5000
7081,0,45,2000,500,812,0,69,0,0,0,0,0,0,0,0,-116.80000305175781,1,0,0,0,94,0,0,0,0,0,0,5000
7082,0,46,2000,500,812,0,68,0,0,0,0,0,0,0,0,-118.30000305175781,1,0,0,0,95.5,0,0,0,0,0,0,5000
7083,0,47,2000,500,812,0,67,0,0,0,0,0,0,0,0,-119.80000305175781,1,0,0,0,97,0,0,0,0,0,0,5000
7084,0,48,2000,500,812,0,66,0,0,0,0,0,0,0,0,-121.30000305175781,1,0,0,0,98.5,0,0,0,0,0,0,5000
7085,0,49,2000,500,812,0,65,0,0,0,0,0,0,0,0,-122.80000305175781,1,0,0,0,100,0,0,0,0,0,0,5000
7086,0,50,2000,500,812,0,64,0,0,0,0,0,0,0,0,-124.30000305175781,1,0,0,0,101.5,0,0,0,0,0,0,5000
7087,0,51,2000,500,812,0,63,0,0,0,0,0,0,0,0,-125.80000305175781,1,0,0,0,103,0,0,0,0,0,0,5000
7088,0,52,2000,500,812,0,62,0,0,0,0,0,0,0,0,-127.30000305175781,1,0,0,0,104.5,0,0,0,0,0,0,5000
7089,0,53,2000,500,812,0,61,0,0,0,0,0,0,0,0,-128.8000030517578,1,0,0,0,106,0,0,0,0,0,0,5000
7090,0,54,2000,500,812,0,60,0,0,0,0,0,0,0,0,-130.3000030517578,1,0,0,0,107.5,0,0,0,0,0,0,5000
7091,0,55,2000,500,812,0,59,0,0,0,0,0,0,0,0,-131.8000030517578,1,0,0,0,109,0,0,0,0,0,0,5000
7092,0,56,2000,500,812,0,58,0,0,0,0,0,0,0,0,-133.3000030517578,1,0,0,0,110.5,0,0,0,0,0,0,5000
7093,0,57,2000,500,812,0,57,0,0,0,0,0,0,0,0,-134.8000030517578,1,0,0,0,112,0,0,0,0,0,0,5000
7094,0,58,2000,500,812,0,56,0,0,0,0,0,0,0,0,-136.3000030517578,1,0,0,0,113.5,0,0,0,0,0,0,5000
7095,0,59,2000,500,812,0,55,0,0,0,0,0,0,0,0,-137.8000030517578,1,0,0,0,115,0,0,0,0,0,0,5000
7096,0,60,2000,500,812,0,54,0,0,0,0,0,0,0,0,-139.3000030517578,1,0,0,0,116.5,0,0,0,0,0,0,5000
7097,0,61,2000,500,812,0,53,0,0,0,0,0,0,0,0,-140.8000030517578,1,0,0,0,118,0,0,0,0,0,0,5000
7098,0,62,2000,500,812,0,52,0,0,0,0,0,0,0,0,-142.3000030517578,1,0,0,0,119.5,0,0,0,0,0,0,5000
7099,0,63,2000,500,812,0,51,0,0,0,0,0,0,0,0,-143.5500030517578,1,0,0,0,121,0,0,0,0,0,0,5000
7100,0,64,2000,500,812,0,50,0,0,0,0,0,0,0,0,-144.3000030517578,1,0,0,0,122.25,0,0,0,0,0,0,5000
7101,0,65,2000,500,812,0,49,0,0,0,0,0,0,0,0,-144.5500030517578,1,0,0,0,123,0,0,0,0,0,0,5000
7102,0,66,2000,500,812,0,48,0,0,0,0,0,0,0,0,-144.8000030517578,1,0,0,0,123.25,0,0,0,0,0,0,5000
7103,0,67,2000,500,812,0,47,0,0,0,0,0,0,0,0,-144.8000030517578,1,0,0,0,123.5,0,0,0,0,0,0,5000
7104,0,68,2000,500,812,0,46,0,0,0,0,0,0,0,0,-144.8000030517578,1,0,0,0,123.5,0,0,0,0,0,0,5000
7105,0,69,2000,500,812,0,45,0,0,0,0,0,0,0,0,-144.8000030517578,1,0,0,0,123.5,0,0,0,0,0,0,5000
7106,0,70,2000,500,812,0,44,0,0,0,0,0,0,0,0,-144.8000030517578,1,0,0,0,123.5,0,0,0,0,0,0,5000
7107,0,71,2000,500,812,0,43,0,0,0,0,0,0,0,0,-144.8000030517578,1,0,0,0,123.5,0,0,0,0,0,0,5000
7108,0,72,2000,500,812,0,42,0,0,0,0,0,0,0,0,-144.8000030517578,1,0,0,0,123.5,0,0,0,0,0,0,5000
7109,0,73,2000,500,812,0,41,0,0,0,0,0,0,0,0,-144.8000030517578,1,0,0,0,123.5,0,0,0,0,0,0,5000
7110,0,74,2000,500,812,0,40,0,0,0,0,0,0,0,0,-144.8000030517578,1,0,0,0,123.5,0,0,0,0,0,0,5000
7111,0,75,2000,500,812,0,39,0,0,0,0,0,0,0,0,-144.8000030517578,1,0,0,0,123.5,0,0,0,0,0,0,5000
7112,0,76,2000,500,812,0,38,0,0,0,0,0,0,0,0,-144.8000030517578,1,0,0,0,123.5,0,0,0,0,0,0,5000
7113,0,77,2000,500,812,0,37,0,0,0,0,0,0,0,0,-144.8000030517578,1,0,0,0,123.5,0,0,0,0,0,0,5000
7114,0,78,2000,500,812,0,36,0,0,0,0,0,0,0,0,-144.8000030517578,1,0,0,0,123.5,0,0,0,0,0,0,5000
7115,0,79,2000,500,812,0,35,0,0,0,0,0,0,0,0,-144.8000030517578,1,0,0,0,123.5,0,0,0,0,0,0,5000
7116,0,80,2000,500,812,0,34,0,0,0,0,0,0,0,0,-144.8000030517578,1,0,0,0,123.5,0,0,0,0,0,0,5000
7117,0,81,2000,500,812,0,33,0,0,0,0,0,0,0,0,-144.8000030517578,1,0,0,0,123.5,0,0,0,0,0,0,5000
7118,0,82,2000,500,812,0,32,0,0,0,0,0,0,0,0,-144.8000030517578,1,0,0,0,123.5,0,0,0,0,0,0,5000
7119,0,83,2000,500,812,0,31,0,0,0,0,0,0,0,0,-144.8000030517578,1,0,0,0,123.5,0,0,0,0,0,0,5000
7120,0,84,2000,500,812,0,30,0,0,0,0,0,0,0,0,-144.8000030517578,1,0,0,0,123.5,0,0,0,0,0,0,5000
7121,0,85,2000,500,812,0,29,0,0,0,0,0,0,0,0,-144.8000030517578,1,0,0,0,123.5,0,0,0,0,0,0,5000
7122,0,86,2000,500,812,0,28,0,0,0,0,0,0,0,0,-144.8000030517578,1,0,0,0,123.5,0,0,0,0,0,0,5000
7123,0,87,2000,500,812,0,27,0,0,0,0,0,0,0,0,-144.8000030517578,1,0,0,0,123.5,0,0,0,0,0,0,5000
7124,0,88,2000,500,812,0,26,0,0,0,0,0,0,0,0,-144.8000030517578,1,0,0,0,123.5,0,0,0,0,0,0,5000
7125,0,89,2000,500,812,0,25,0,0,0,0,0,0,0,0,-144.8000030517578,1,0,0,0,123.5,0,0,0,0,0,0,5000
7126,0,90,2000,500,812,0,24,0,0,0,0,0,0,0,0,-144.8000030517578,1,0,0,0,123.5,0,0,0,0,0,0,5000
7127,0,91,2000,500,812,0,23,0,0,0,0,0,0,0,0,-144.8000030517578,1,0,0,0,123.5,0,0,0,0,0,0,5000
7128,0,92,2000,500,812,0,22,0,0,0,0,0,0,0,0,-144.8000030517578,1,0,0,0,123.5,0,0,0,0,0,0,5000
7129,0,93,2000,500,812,0,21,0,0,0,0,0,0,0,0,-144.8000030517578,1,0,0,0,123.5,0,0,0,0,0,0,5000
7130,0,94,2000,500,812,0,20,0,0,0,0,0,0,0,0,-144.8000030517578,1,0,0,0,123.5,0,0,0,0,0,0,5000
7131,0,95,2000,500,812,0,19,0,0,0,0,0,0,0,0,-144.8000030517578,1,0,0,0,123.5,0,0,0,0,0,0,5000
7132,0,96,2000,500,812,0,18,0,0,0,0,0,0,0,0,-144.8000030517578,1,0,0,0,123.5,0,0,0,0,0,0,5000
7133,0,97,2000,500,812,0,17,0,0,0,0,0,0,0,0,-144.8000030517578,1,0,0,0,123.5,0,0,0,0,0,0,5000
7134,0,98,2000,500,812,0,16,0,0,0,0,0,0,0,0,-144.8000030517578,1,0,0,0,123.5,0,0,0,0,0,0,5000
7135,0,99,2000,500,812,0,15,0,0,0,0,0,0,0,0,-144.8000030517578,1,0,0,0,123.5,0,0,0,0,0,0,5000
7136,0,100,2000,500,812,0,14,0,0,0,0,0,0,0,0,-144.8000030517578,1,0,0,0,123.5,0,0,0,0,0,0,5000
7137,0,101,2000,500,812,0,13,0,0,0,0,0,0,0,0,-144.8000030517578,1,0,0,0,123.5,0,0,0,0,0,0,5000
7138,0,102,2000,500,812,0,12,0,0,0,0,0,0,0,0,-144.8000030517578,1,0,0,0,123.5,0,0,0,0,0,0,5000
7139,0,103,2000,500,812,0,11,0,0,0,0,0,0,0,0,-144.8000030517578,1,0,0,0,123.5,0,0,0,0,0,0,5000
7140,0,104,2000,500,812,0,10,0,0,0,0,0,0,0,0,-144.8000030517578,1,0,0,0,123.5,0,0,0,0,0,0,5000
7141,0,105,2000,500,812,0,9,0,0,0,0,0,0,0,0,-144.8000030517578,1,0,0,0,123.5,0,0,0,0,0,0,5000
7142,0,106,2000,500,812,0,8,0,0,0,0,0,0,0,0,-144.8000030517578,1,0,0,0,123.5,0,0,0,0,0,0,5000
7143,0,107,2000,500,812,0,7,0,0,0,0,0,0,0,0,-144.8000030517578,1,0,0,0,123.5,0,0,0,0,0,0,5000
7144,0,108,2000,500,812,0,6,0,0,0,0,0,0,0,0,-144.8000030517578,1,0,0,0,123.5,0,0,0,0,0,0,5000
7145,0,109,2000,500,812,0,5,0,0,0,0,0,0,0,0,-144.8000030517578,1,0,0,0,123.5,0,0,0,0,0,0,5000
7146,0,110,2000,500,812,0,4,0,0,0,0,0,0,0,0,-144.8000030517578,1,0,0,0,123.5,0,0,0,0,0,0,5000
7147,0,111,2000,500,812,0,3,0,0,0,0,0,0,0,0,-144.8000030517578,1,0,0,0,123.5,0,0,0,0,0,0,5000
7148,0,112,2000,500,812,0,2,0,0,0,0,0,0,0,0,-144.8000030517578,1,0,0,0,123.5,0,0,0,0,0,0,5000
7149,0,113,2000,500,812,0,1,0,0,0,0,0,0,0,0,-144.8000030517578,1,0,0,0,123.5,0,0,0,0,0,0,5000
7150,0,114,2000,500,812,0,0,0,0,0,0,0,0,0,0,-144.8000030517578,1,0,0,0,123.5,0,0,0,0,0,0,5000
7151,0,115,2000,500,812,0,0,0,0,0,0,0,0,0,0,-144.8000030517578,1,0,0,0,123.5,0,0,0,0,0,0,5000
7152,0,116,2000,500,812,0,0,0,0,0,0,0,0,0,0,-144.8000030517578,1,0,0,0,123.5,0,0,0,0,0,0,5000
7153,0,117,2000,500,812,0,0,0,0,0,0,0,0,0,0,-144.8000030517578,1,0,0,0,123.5,0,0,0,0,0,0,5000
7154,0,118,2000,500,812,0,0,0,0,0,0,0,0,0,0,-144.8000030517578,1,0,0,0,123.5,0,0,0,0,0,0,5000
7155,0,119,2000,500,812,0,0,0,0,0,0,0,0,0,0,-144.8000030517578,1,0,0,0,123.5,0,0,0,0,0,0,5000
7156,0,120,2000,500,812,0,0,0,0,0,0,0,0,0,0,-144.8000030517578,1,0,0,0,123.5,0,0,0,0,0,0,5000
7157,0,121,2000,500,812,0,0,0,0,0,0,0,0,0,0,-144.8000030517578,1,0,0,0,123.5,0,0,0,0,0,0,5000
7158,0,122,2000,500,812,0,0,0,0,0,0,0,0,0,0,-144.8000030517578,1,0,0,0,123.5,0,0,0,0,0,0,5000
7159,0,123,2000,500,812,0,0,0,0,0,0,0,0,0,0,-144.8000030517578,1,0,0,0,123.5,0,0,0,0,0,0,5000
7160,0,124,2000,500,812,0,0,0,0,0,0,0,0,0,0,-144.8000030517578,1,0,0,0,123.5,0,0,0,0,0,0,5000
7161,0,125,2000,500,812,0,0,0,0,0,0,0,0,0,0,-144.8000030517578,1,0,0,0,123.5,0,0,0,0,0,0,5000
7162,0,126,2000,500,812,0,0,0,0,0,0,0,0,0,0,-144.8000030517578,1,0,0,0,123.5,0,0,0,0,0,0,5000
7163,0,127,2000,500,812,0,0,0,0,0,0,0,0,0,0,-144.8000030517578,1,0,0,0,123.5,0,0,0,0,0,0,5000
7164,0,128,2000,500,812,0,0,0,0,0,0,0,0,0,0,-144.8000030517578,1,0,0,0,123.5,0,0,0,0,0,0,5000
7165,0,129,2000,500,812,0,0,0,0,0,0,0,0,0,0,-144.8000030517578,1,0,0,0,123.5,0,0,0,0,0,0,5000
7166,0,130,2000,500,812,0,0,0,0,0,0,0,0,0,0,-144.8000030517578,1,0,0,0,123.5,0,0,0,0,0,0,5000
7167,0,131,2000,500,812,0,0,0,0,0,0,0,0,0,0,-144.8000030517578,1,0,0,0,123.5,0,0,0,0,0,0,5000
7168,0,132,2000,500,812,0,0,0,0,0,0,0,0,0,0,-144.8000030517578,1,0,0,0,123.5,0,0,0,0,0,0,5000
7169,0,133,2000,500,812,0,0,0,0,0,0,0,0,0,0,-144.8000030517578,1,0,0,0,123.5,0,0,0,0,0,0,5000
7170,0,134,2000,500,812,0,0,0,0,0,0,0,0,0,0,-144.8000030517578,1,0,0,0,123.5,0,0,0,0,0,0,5000
7171,0,135,2000,500,812,0,0,0,0,0,0,0,0,0,0,-144.8000030517578,1,0,0,0,123.5,0,0,0,0,0,0,5000
7172,0,136,2000,500,812,0,0,0,0,0,0,0,0,0,0,-144.8000030517578,1,0,0,0,123.5,0,0,0,0,0,0,5000
7173,0,137,2000,500,812,0,0,0,0,0,0,0,0,0,0,-144.8000030517578,1,0,0,0,123.5,0,0,0,0,0,0,5000
7174,0,138,2000,500,812,0,0,0,0,0,0,0,0,0,0,-144.8000030517578,1,0,0,0,123.5,0,0,0,0,0,0,5000
7175,0,139,2000,500,812,0,0,0,0,0,0,0,0,0,0,-144.8000030517578,1,0,0,0,123.5,0,0,0,0,0,0,5000
7176,0,140,2000,500,812,0,0,0,0,0,0,0,0,0,0,-144.8000030517578,1,0,0,0,123.5,0,0,0,0,0,0,5000
7177,0,141,2000,500,812,0,0,0,0,0,0,0,0,0,0,-144.8000030517578,1,0,0,0,123.5,0,0,0,0,0,0,5000
7178,0,142,2000,500,812,0,0,0,0,0,0,0,0,0,0,-144.8000030517578,1,0,0,0,123.5,0,0,0,0,0,0,5000
7179,0,143,2000,500,812,0,0,0,0,0,0,0,0,0,0,-144.8000030517578,1,0,0,0,123.5,0,0,0,0,0,0,5000
7180,0,144,2000,500,812,0,0,0,0,0,0,0,0,0,0,-144.8000030517578,1,0,0,0,123.5,0,0,0,0,0,0,5000
7181,0,145,2000,500,812,0,0,0,0,0,0,0,0,0,0,-144.8000030517578,1,0,0,0,123.5,0,0,0,0,0,0,5000
7182,0,146,2000,500,812,0,0,0,0,0,0,0,0,0,0,-144.8000030517578,1,0,0,0,123.5,0,0,0,0,0,0,5000
7183,0,147,2000,500,812,0,0,0,0,0,0,0,0,0,0,-144.8000030517578,1,0,0,0,123.5,0,0,0,0,0,0,5000
7184,0,148,2000,500,812,0,0,0,0,0,0,0,0,0,0,-144.8000030517578,1,0,0,0,123.5,0,0,0,0,0,0,5000
7185,0,149,2000,500,812,0,0,0,0,0,0,0,0,0,0,-144.8000030517578,1,0,0,0,123.5,0,0,0,0,0,0,5000
7186,0,150,2000,500,812,0,0,0,0,0,0,0,0,0,0,-144.8000030517578,1,0,0,0,123.5,0,0,0,0,0,0,5000
7187,0,151,2000,500,812,0,0,0,0,0,0,0,0,0,0,-144.8000030517578,1,0,0,0,123.5,0,0,0,0,0,0,5000
7188,0,152,2000,500,812,0,0,0,0,0,0,0,0,0,0,-144.8000030517578,1,0,0,0,123.5,0,0,0,0,0,0,5000
7189,0,153,2000,500,812,0,0,0,0,0,0,0,0,0,0,-144.8000030517578,1,0,0,0,123.5,0,0,0,0,0,0,5000
7190,0,154,2000,500,812,0,0,0,0,0,0,0,0,0,0,-144.8000030517578,1,0,0,0,123.5,0,0,0,0,0,0,5000
7191,0,155,2000,500,812,0,0,0,0,0,0,0,0,0,0,-144.8000030517578,1,0,0,0,123.5,0,0,0,0,0,0,5000
7192,0,156,2000,500,812,0,0,0,0,0,0,0,0,0,0,-144.8000030517578,1,0,0,0,123.5,0,0,0,0,0,0,5000
7193,0,157,2000,500,812,0,0,0,0,0,0,0,0,0,0,-144.8000030517578,1,0,0,0,123.5,0,0,0,0,0,0,5000
7194,0,158,2000,500,812,0,0,0,0,0,0,0,0,0,0,-144.8000030517578,1,0,0,0,123.5,0,0,0,0,0,0,5000
7195,0,159,2000,500,812,0,0,0,0,0,0,0,0,0,0,-144.8000030517578,1,0,0,0,123.5,0,0,0,0,0,0,5000
7196,0,160,2000,500,812,0,0,0,0,0,0,0,0,0,0,-144.8000030517578,1,0,0,0,123.5,0,0,0,0,0,0,5000
7197,0,161,2000,500,812,0,0,0,0,0,0,0,0,0,0,-144.8000030517578,1,0,0,0,123.5,0,0,0,0,0,0,5000
7198,0,162,2000,500,812,0,0,0,0,0,0,0,0,0,0,-144.8000030517578,1,0,0,0,123.5,0,0,0,0,0,0,5000
7199,0,163,2000,500,812,0,0,0,0,0,0,0,0,0,0,-144.8000030517578,1,0,0,0,123.5,0,0,0,0,0,0,5000
7200,0,164,2000,500,812,0,0,0,0,0,0,0,0,0,0,-144.8000030517578,1,0,0,0,123.5,0,0,0,0,0,0,5000
7201,0,165,2000,500,812,0,0,0,0,0,0,0,0,0,0,-144.8000030517578,1,0,0,0,123.5,0,0,0,0,0,0,5000
7202,0,166,2000,500,812,0,0,0,0,0,0,0,0,0,0,-144.8000030517578,1,0,0,0,123.5,0,0,0,0,0,0,5000
7203,0,167,2000,500,812,0,0,0,0,0,0,0,0,0,0,-144.8000030517578,1,0,0,0,123.5,0,0,0,0,0,0,5000
7204,0,168,2000,500,812,0,0,0,0,0,0,0,0,0,0,-144.8000030517578,1,0,0,0,123.5,0,0,0,0,0,0,5000
7205,0,169,2000,500,812,0,0,0,0,0,0,0,0,0,0,-144.8000030517578,1,0,0,0,123.5,0,0,0,0,0,0,5000
7206,0,170,2000,500,812,0,0,0,0,0,0,0,0,0,0,-144.8000030517578,1,0,0,0,123.5,0,0,0,0,0,0,5000
7207,0,171,2000,500,812,0,0,0,0,0,0,0,0,0,0,-144.8000030517578,1,0,0,0,123.5,0,0,0,0,0,0,5000
7208,0,172,2000,500,812,0,0,0,0,0,0,0,0,0,0,-144.8000030517578,1,0,0,0,123.5,0,0,0,0,0,0,5000
7209,0,173,2000,500,812,0,0,0,0,0,0,0,0,0,0,-144.8000030517578,1,0,0,0,123.5,0,0,0,0,0,0,5000
7210,0,1,3000,500,1000,0,0,0,0,0,0,0,0,0,0,-145.00262451171875,1,0,0,0,123.5,0,0,3,0,0,0,1000
7211,0,2,3000,500,1000,0,0,0,0,0,0,0,0,0,0,-145.00262451171875,1,0,0,0,123.5,0,0,3,0,0,0,1000
7212,0,3,3000,500,1000,0,0,0,0,0,0,0,0,0,0,-145.00262451171875,1,0,0,0,123.5,0,0,3,0,0,0,1000
7213,0,4,3000,500,1000,0,0,0,0,0,0,0,0,0,0,-145.00262451171875,1,0,0,0,123.5,0,0,3,0,0,0,1000
7214,0,5,3000,500,1000,0,0,0,0,0,0,0,0,0,0,-145.00262451171875,1,0,0,0,123.5,0,0,3,0,0,0,1000
7215,0,6,3000,500,1000,0,0,0,0,0,0,0,0,0,0,-145.00262451171875,1,0,0,0,123.5,0,0,3,0,0,0,1000
7216,0,7,3000,500,1000,0,0,0,0,0,0,0,0,0,0,-145.00262451171875,1,0,0,0,123.5,0,0,3,0,0,0,1000
7217,0,8,3000,500,1000,0,0,0,0,0,0,0,0,0,0,-145.00262451171875,1,0,0,0,123.5,0,0,3,0,0,0,1000
7218,0,9,3000,500,1000,0,0,0,0,0,0,0,0,0,0,-145.00262451171875,1,0,0,0,123.5,0,0,3,0,0,0,1000
7219,20,1,3000,500,1000,0,0,0,0,0,0,0,0,0,0,-143.75262451171875,1,0,0,0,123.5,0,0,3,0,0,0,1000
7220,20,2,3000,500,1000,0,0,0,0,0,0,0,0,0,0,-143.7526092529297,1,0,0,0,122.25,0,0,3,0,0,0,1000
7221,20,3,3000,500,1000,0,0,0,0,0,0,0,0,0,0,-143.75259399414062,1,0,0,0,121,0,0,3,0,0,0,1000
7222,10,1,3000,500,1000,0,0,0,0,0,0,0,0,0,0,-143.75259399414062,1,0,0,0,119.75,0,0,3,0,0,0,1000
7223,10,2,3000,500,1000,0,0,0,0,0,0,0,0,0,0,-143.75259399414062,1,0,0,0,119.75,0,0,3,0,0,0,1000
7224,10,3,3000,500,1000,0,0,0,0,0,0,0,0,0,0,-143.75259399414062,1,0,0,0,119.75,0,0,3,0,0,0,1000
7225,10,4,3000,500,1000,0,0,0,0,0,0,0,0,0,0,-143.75259399414062,1,0,0,0,119.75,0,0,3,0,0,0,1000
7226,10,5,3000,500,1000,0,0,0,0,0,0,0,0,0,0,-143.75259399414062,1,0,0,0,119.75,0,0,3,0,0,0,1000
7227,10,6,3000,500,1000,0,0,0,0,0,0,0,0,0,0,-143.75259399414062,1,0,0,0,119.75,0,0,3,0,0,0,1000
7228,10,7,3000,500,1000,0,0,0,0,0,0,0,0,0,0,-143.75259399414062,1,0,0,0,119.75,0,0,3,0,0,0,1000
7229,10,8,3000,500,1000,0,0,0,0,0,0,0,0,0,0,-143.75259399414062,1,0,0,0,119.75,0,0,3,0,0,0,1000
7230,10,9,3000,500,1000,0,0,0,0,0,0,0,0,0,0,-143.75259399414062,1,0,0,0,119.75,0,0,3,0,0,0,1000
7231,1030,1,3000,500,1000,0,0,0,0,0,0,0,0,0,0,-143.75259399414062,1,0,0,0,119.75,0,0,3,0,0,0,1000
7232,1030,2,3000,500,1000,0,0,0,0,0,0,0,0,0,0,-143.75259399414062,1,0,0,0,119.75,0,0,3,0,0,0,1000
7233,1030,3,3000,500,1000,0,0,0,0,0,0,0,0,0,0,-143.75259399414062,1,0,0,0,119.75,0,0,3,0,0,0,1000
7234,1030,4,3000,500,1000,0,0,0,0,0,0,0,0,0,0,-143.75259399414062,1,0,0,0,119.75,0,0,3,0,0,0,1000
7235,1030,5,3000,500,1000,0,0,0,0,0,0,0,0,0,0,-143.75259399414062,1,0,0,0,119.75,0,0,3,0,0,0,1000
7236,1030,6,3000,500,1000,0,0,0,0,0,0,0,0,0,0,-143.75259399414062,1,0,0,0,119.75,0,0,3,0,0,0,1000
7237,1030,7,3000,500,1000,0,0,0,0,0,0,0,0,0,0,-143.75259399414062,1,0,0,0,119.75,0,0,3,0,0,0,1000
7238,1030,8,3000,500,1000,0,0,0,0,0,0,0,0,0,0,-143.75259399414062,1,0,0,0,119.75,0,0,3,0,0,0,1000
7239,1030,9,3000,500,1000,0,0,0,0,0,0,0,0,0,0,-143.75259399414062,1,0,0,0,119.75,0,0,3,0,0,0,1000
7240,1030,10,3000,500,1000,0,0,0,0,0,0,0,0,0,0,-143.75259399414062,1,0,0,0,119.75,0,0,3,0,0,0,1000
7241,1030,10,4030,500,940,0,0,0,0,0,0,0,0,0,0,-143.75259399414062,1,0,0,0,119.75,0,0,3,0,0,0,2018
7242,1030,10,4030,500,940,0,0,0,0,0,0,0,0,0,0,-143.75259399414062,1,0,0,0,119.75,0,0,3,0,0,0,2018
7243,1030,10,4030,500,940,0,0,0,0,0,0,0,0,0,0,-143.75259399414062,1,0,0,0,119.75,0,0,3,0,0,0,2018
7244,1030,10,4030,500,940,0,0,0,0,0,0,0,0,0,0,-143.75259399414062,1,0,0,0,119.75,0,0,3,0,0,0,2018
7245,1030,10,4030,500,940,0,0,0,0,0,0,0,0,0,0,-143.75259399414062,1,0,0,0,119.75,0,0,3,0,0,0,2018
7246,1030,10,4030,500,940,0,0,0,0,0,0,0,0,0,0,-143.75259399414062,1,0,0,0,119.75,0,0,3,0,0,0,2018
7247,1030,11,4030,500,940,0,0,0,0,0,0,0,0,0,0,-143.75259399414062,1,0,0,0,119.75,0,0,3,0,0,0,2018
7248,1030,12,4030,500,940,0,0,0,0,0,0,0,0,0,0,-143.75259399414062,1,0,0,0,119.75,0,0,3,0,0,0,2018
7249,1030,13,4030,500,940,0,0,0,0,0,0,0,0,0,0,-143.75259399414062,1,0,0,0,119.75,0,0,3,0,0,0,2018
7250,1030,14,4030,500,940,0,0,0,0,0,0,0,0,0,0,-143.75259399414062,1,0,0,0,119.75,0,0,3,0,0,0,2018
7251,1030,15,4030,500,940,0,0,0,0,0,0,0,0,0,0,-142.00254821777344,1,0,0,0,119.75,0,0,3,0,0,0,2018
7252,1030,16,4030,500,940,0,0,0,0,0,0,0,0,0,0,-142.00254821777344,1,0,0,0,116.75,0,0,3,0,0,0,2018
7253,1030,17,4030,500,940,0,0,0,0,0,0,0,0,0,0,-142.00254821777344,1,0,0,0,113.75,0,0,3,0,0,0,2018
7254,1030,18,4030,500,940,0,0,0,0,0,0,0,0,0,0,-142.00254821777344,1,0,0,0,110.75,0,0,3,0,0,0,2018
7255,1030,19,4030,500,940,0,0,0,0,0,0,0,0,0,0,-142.00254821777344,1,0,0,0,107.75,0,0,3,0,0,0,2018
7256,1030,20,4030,500,940,0,0,0,0,0,0,0,0,0,0,-142.00254821777344,1,0,0,0,104.75,0,0,3,0,0,0,2018
7257,1030,21,4030,500,940,0,0,0,0,0,0,0,0,0,0,-142.00254821777344,1,0,0,0,101.75,0,0,3,0,0,0,2018
7258,1030,22,4030,500,940,0,0,0,0,0,0,0,0,0,0,-142.00254821777344,1,0,0,0,98.75,0,0,3,0,0,0,2018
7259,1030,23,4030,500,940,0,0,0,0,0,0,0,0,0,0,-142.00254821777344,1,0,0,0,95.75,0,0,3,0,0,0,2018
7260,1030,24,4030,500,940,0,0,0,0,0,0,0,0,0,0,-142.00253295898438,1,0,0,0,92.75,0,0,3,0,0,0,2018
7261,1030,25,4030,500,940,0,0,0,0,0,0,0,0,0,0,-142.0025177001953,1,0,0,0,89.75,0,0,3,0,0,0,2018
7262,1030,26,4030,500,940,0,0,0,0,0,0,0,0,0,0,-142.00250244140625,1,0,0,0,86.75,0,0,3,0,0,0,2018
7263,1030,27,4030,500,940,0,0,0,0,0,0,0,0,0,0,-142.00250244140625,1,0,0,0,83.75,0,0,3,0,0,0,2018
7264,1030,28,4030,500,940,0,0,0,0,0,0,0,0,0,0,-142.00250244140625,1,0,0,0,83.75,0,0,3,0,0,0,2018
7265,1030,29,4030,500,940,0,0,0,0,0,0,0,0,0,0,-142.00250244140625,1,0,0,0,83.75,0,0,3,0,0,0,2018
7266,1030,30,4030,500,940,0,0,0,0,0,0,0,0,0,0,-142.00250244140625,1,0,0,0,83.75,0,0,3,0,0,0,2018
7267,1030,31,4030,500,940,0,0,0,0,0,0,0,0,0,0,-142.00250244140625,1,0,0,0,83.75,0,0,3,0,0,0,2018
7268,1030,32,4030,500,940,0,0,0,0,0,0,0,0,0,0,-142.00250244140625,1,0,0,0,83.75,0,0,3,0,0,0,2018
7269,1030,33,4030,500,940,0,0,0,0,0,0,0,0,0,0,-142.00250244140625,1,0,0,0,83.75,0,0,3,0,0,0,2018
7270,1030,34,4030,500,940,0,0,0,0,0,0,0,0,0,0,-142.00250244140625,1,0,0,0,83.75,0,0,3,0,0,0,2018
7271,1030,35,4030,500,940,0,0,0,0,0,0,0,0,0,0,-142.00250244140625,1,0,0,0,83.75,0,0,3,0,0,0,2018
7272,1030,36,4030,500,940,0,0,0,0,0,0,0,0,0,0,-142.00250244140625,1,0,0,0,83.75,0,0,3,0,0,0,2018
7273,1030,37,4030,500,940,0,0,0,0,0,0,0,0,0,0,-142.00250244140625,1,0,0,0,83.75,0,0,3,0,0,0,2018
7274,0,1,4030,500,940,0,0,0,0,0,0,0,0,0,0,-142.00250244140625,1,0,0,0,83.75,0,0,3,0,0,0,2018
7275,0,2,4030,500,940,0,0,0,0,0,0,0,0,0,0,-142.00250244140625,1,0,0,0,83.75,0,0,3,0,0,0,2018
7276,0,3,4030,500,940,0,0,0,0,0,0,0,0,0,0,-142.00250244140625,1,0,0,0,83.75,0,0,3,0,0,0,2018
7277,0,4,4030,500,940,0,0,0,0,0,0,0,0,0,0,-142.00250244140625,1,0,0,0,83.75,0,0,3,0,0,0,2018
7278,0,5,4030,500,940,0,0,0,0,0,0,0,0,0,0,-142.00250244140625,1,0,0,0,83.75,0,0,3,0,0,0,2018
7279,0,6,4030,500,940,0,0,0,0,0,0,0,0,0,0,-142.00250244140625,1,0,0,0,83.75,0,0,3,0,0,0,2018
7280,0,7,4030,500,940,0,0,0,0,0,0,0,0,0,0,-142.00250244140625,1,0,0,0,83.75,0,0,3,0,0,0,2018
7281,0,8,4030,500,940,0,0,0,0,0,0,0,0,0,0,-142.00250244140625,1,0,0,0,83.75,0,0,3,0,0,0,2018
7282,0,9,4030,500,940,0,0,0,0,0,0,0,0,0,0,-142.00250244140625,1,0,0,0,83.75,0,0,3,0,0,0,2018
7283,0,10,4030,500,940,0,0,0,0,0,0,0,0,0,0,-142.00250244140625,1,0,0,0,83.75,0,0,3,0,0,0,2018
7284,0,11,4030,500,940,0,0,0,0,0,0,0,0,0,0,-142.00250244140625,1,0,0,0,83.75,0,0,3,0,0,0,2018
7285,0,12,4030,500,940,0,0,0,0,0,0,0,0,0,0,-142.00250244140625,1,0,0,0,83.75,0,0,3,0,0,0,2018
7286,0,13,4030,500,940,0,0,0,0,0,0,0,0,0,0,-142.00250244140625,1,0,0,0,83.75,0,0,3,0,0,0,2018
7287,0,14,4030,500,940,0,0,0,0,0,0,0,0,0,0,-142.00250244140625,1,0,0,0,83.75,0,0,3,0,0,0,2018
7288,0,15,4030,500,940,0,0,0,0,0,0,0,0,0,0,-142.00250244140625,1,0,0,0,83.75,0,0,3,0,0,0,2018
7289,0,16,4030,500,940,0,0,0,0,0,0,0,0,0,0,-142.00250244140625,1,0,0,0,83.75,0,0,3,0,0,0,2018
7290,0,17,4030,500,940,0,0,0,0,0,0,0,0,0,0,-142.00250244140625,1,0,0,0,83.75,0,0,3,0,0,0,2018
7291,0,18,4030,500,940,0,0,0,0,0,0,0,0,0,0,-142.00250244140625,1,0,0,0,83.75,0,0,3,0,0,0,2018
7292,0,19,4030,500,940,0,0,0,0,0,0,0,0,0,0,-142.00250244140625,1,0,0,0,83.75,0,0,3,0,0,0,2018
7293,0,20,4030,500,940,0,0,0,0,0,0,0,0,0,0,-142.00250244140625,1,0,0,0,83.75,0,0,3,0,0,0,2018
7294,0,21,4030,500,940,0,0,0,0,0,0,0,0,0,0,-142.00250244140625,1,0,0,0,83.75,0,0,3,0,0,0,2018
7295,0,22,4030,500,940,0,0,0,0,0,0,0,0,0,0,-142.00250244140625,1,0,0,0,83.75,0,0,3,0,0,0,2018
7296,0,23,4030,500,940,0,0,0,0,0,0,0,0,0,0,-142.00250244140625,1,0,0,0,83.75,0,0,3,0,0,0,2018
7297,0,24,4030,500,940,0,0,0,0,0,0,0,0,0,0,-142.00250244140625,1,0,0,0,83.75,0,0,3,0,0,0,2018
7298,0,25,4030,500,940,0,0,0,0,0,0,0,0,0,0,-142.00250244140625,1,0,0,0,83.75,0,0,3,0,0,0,2018
7299,0,26,4030,500,940,0,0,0,0,0,0,0,0,0,0,-142.00250244140625,1,0,0,0,83.75,0,0,3,0,0,0,2018
7300,0,27,4030,500,940,0,0,0,0,0,0,0,0,0,0,-142.00250244140625,1,0,0,0,83.75,0,0,3,0,0,0,2018
7301,0,28,4030,500,940,0,0,0,0,0,0,0,0,0,0,-142.00250244140625,1,0,0,0,83.75,0,0,3,0,0,0,2018
7302,0,29,4030,500,940,0,0,0,0,0,0,0,0,0,0,-142.00250244140625,1,0,0,0,83.75,0,0,3,0,0,0,2018
7303,0,30,4030,500,940,0,0,0,0,0,0,0,0,0,0,-142.00250244140625,1,0,0,0,83.75,0,0,3,0,0,0,2018
7304,0,31,4030,500,940,0,0,0,0,0,0,0,0,0,0,-142.00250244140625,1,0,0,0,83.75,0,0,3,0,0,0,2018
7305,0,32,4030,500,940,0,0,0,0,0,0,0,0,0,0,-142.00250244140625,1,0,0,0,83.75,0,0,3,0,0,0,2018
7306,0,33,4030,500,940,0,0,0,0,0,0,0,0,0,0,-142.00250244140625,1,0,0,0,83.75,0,0,3,0,0,0,2018
7307,0,34,4030,500,940,0,0,0,0,0,0,0,0,0,0,-142.00250244140625,1,0,0,0,83.75,0,0,3,0,0,0,2018
7308,0,35,4030,500,940,0,0,0,0,0,0,0,0,0,0,-142.00250244140625,1,0,0,0,83.75,0,0,3,0,0,0,2018
7309,0,36,4030,500,940,0,0,0,0,0,0,0,0,0,0,-142.00250244140625,1,0,0,0,83.75,0,0,3,0,0,0,2018
7310,0,37,4030,500,940,0,0,0,0,0,0,0,0,0,0,-142.00250244140625,1,0,0,0,83.75,0,0,3,0,0,0,2018
7311,0,38,4030,500,940,0,0,0,0,0,0,0,0,0,0,-142.00250244140625,1,0,0,0,83.75,0,0,3,0,0,0,2018
7312,0,39,4030,500,940,0,0,0,0,0,0,0,0,0,0,-142.00250244140625,1,0,0,0,83.75,0,0,3,0,0,0,2018
7313,0,40,4030,500,940,0,0,0,0,0,0,0,0,0,0,-142.00250244140625,1,0,0,0,83.75,0,0,3,0,0,0,2018
7314,0,41,4030,500,940,0,0,0,0,0,0,0,0,0,0,-142.00250244140625,1,0,0,0,83.75,0,0,3,0,0,0,2018
7315,0,42,4030,500,940,0,0,0,0,0,0,0,0,0,0,-142.00250244140625,1,0,0,0,83.75,0,0,3,0,0,0,2018
7316,0,43,4030,500,940,0,0,0,0,0,0,0,0,0,0,-142.00250244140625,1,0,0,0,83.75,0,0,3,0,0,0,2018
7317,0,44,4030,500,940,0,0,0,0,0,0,0,0,0,0,-142.00250244140625,1,0,0,0,83.75,0,0,3,0,0,0,2018
7318,0,45,4030,500,940,0,0,0,0,0,0,0,0,0,0,-142.00250244140625,1,0,0,0,83.75,0,0,3,0,0,0,2018
7319,0,46,4030,500,940,0,0,0,0,0,0,0,0,0,0,-142.00250244140625,1,0,0,0,83.75,0,0,3,0,0,0,2018
7320,0,47,4030,500,940,0,0,0,0,0,0,0,0,0,0,-142.00250244140625,1,0,0,0,83.75,0,0,3,0,0,0,2018
7321,0,48,4030,500,940,0,0,0,0,0,0,0,0,0,0,-142.00250244140625,1,0,0,0,83.75,0,0,3,0,0,0,2018
7322,0,49,4030,500,940,0,0,0,0,0,0,0,0,0,0,-142.00250244140625,1,0,0,0,83.75,0,0,3,0,0,0,2018
7323,0,50,4030,500,940,0,0,0,0,0,0,0,0,0,0,-142.00250244140625,1,0,0,0,83.75,0,0,3,0,0,0,2018
7324,0,51,4030,500,940,0,0,0,0,0,0,0,0,0,0,-142.00250244140625,1,0,0,0,83.75,0,0,3,0,0,0,2018
7325,0,52,4030,500,940,0,0,0,0,0,0,0,0,0,0,-142.00250244140625,1,0,0,0,83.75,0,0,3,0,0,0,2018
7326,0,53,4030,500,940,0,0,0,0,0,0,0,0,0,0,-142.00250244140625,1,0,0,0,83.75,0,0,3,0,0,0,2018
7327,0,54,4030,500,940,0,0,0,0,0,0,0,0,0,0,-142.00250244140625,1,0,0,0,83.75,0,0,3,0,0,0,2018
7328,0,55,4030,500,940,0,0,0,0,0,0,0,0,0,0,-142.00250244140625,1,0,0,0,83.75,0,0,3,0,0,0,2018
7329,0,56,4030,500,940,0,0,0,0,0,0,0,0,0,0,-142.00250244140625,1,0,0,0,83.75,0,0,3,0,0,0,2018
7330,0,57,4030,500,940,0,0,0,0,0,0,0,0,0,0,-142.00250244140625,1,0,0,0,83.75,0,0,3,0,0,0,2018
7331,0,58,4030,500,940,0,0,0,0,0,0,0,0,0,0,-142.00250244140625,1,0,0,0,83.75,0,0,3,0,0,0,2018
7332,0,59,4030,500,940,0,0,0,0,0,0,0,0,0,0,-142.00250244140625,1,0,0,0,83.75,0,0,3,0,0,0,2018
7333,0,60,4030,500,940,0,0,0,0,0,0,0,0,0,0,-142.00250244140625,1,0,0,0,83.75,0,0,3,0,0,0,2018
7334,0,61,4030,500,940,0,0,0,0,0,0,0,0,0,0,-142.00250244140625,1,0,0,0,83.75,0,0,3,0,0,0,2018
7335,0,62,4030,500,940,0,0,0,0,0,0,0,0,0,0,-142.00250244140625,1,0,0,0,83.75,0,0,3,0,0,0,2018
7336,0,63,4030,500,940,0,0,0,0,0,0,0,0,0,0,-142.00250244140625,1,0,0,0,83.75,0,0,3,0,0,0,2018
7337,0,64,4030,500,940,0,0,0,0,0,0,0,0,0,0,-142.00250244140625,1,0,0,0,83.75,0,0,3,0,0,0,2018
7338,0,65,4030,500,940,0,0,0,0,0,0,0,0,0,0,-142.00250244140625,1,0,0,0,83.75,0,0,3,0,0,0,2018
7339,0,66,4030,500,940,0,0,0,0,0,0,0,0,0,0,-142.00250244140625,1,0,0,0,83.75,0,0,3,0,0,0,2018
7340,0,67,4030,500,940,0,0,0,0,0,0,0,0,0,0,-142.00250244140625,1,0,0,0,83.75,0,0,3,0,0,0,2018
7341,0,68,4030,500,940,0,0,0,0,0,0,0,0,0,0,-142.00250244140625,1,0,0,0,83.75,0,0,3,0,0,0,2018
7342,0,69,4030,500,940,0,0,0,0,0,0,0,0,0,0,-142.00250244140625,1,0,0,0,83.75,0,0,3,0,0,0,2018
7343,0,70,4030,500,940,0,0,0,0,0,0,0,0,0,0,-142.00250244140625,1,0,0,0,83.75,0,0,3,0,0,0,2018
7344,0,71,4030,500,940,0,0,0,0,0,0,0,0,0,0,-142.00250244140625,1,0,0,0,83.75,0,0,3,0,0,0,2018
7345,0,72,4030,500,940,0,0,0,0,0,0,0,0,0,0,-142.00250244140625,1,0,0,0,83.75,0,0,3,0,0,0,2018
7346,0,73,4030,500,940,0,0,0,0,0,0,0,0,0,0,-142.00250244140625,1,0,0,0,83.75,0,0,3,0,0,0,2018
7347,0,74,4030,500,940,0,0,0,0,0,0,0,0,0,0,-142.00250244140625,1,0,0,0,83.75,0,0,3,0,0,0,2018
7348,0,75,4030,500,940,0,0,0,0,0,0,0,0,0,0,-142.00250244140625,1,0,0,0,83.75,0,0,3,0,0,0,2018
7349,0,76,4030,500,940,0,0,0,0,0,0,0,0,0,0,-142.00250244140625,1,0,0,0,83.75,0,0,3,0,0,0,2018
7350,0,77,4030,500,940,0,0,0,0,0,0,0,0,0,0,-142.00250244140625,1,0,0,0,83.75,0,0,3,0,0,0,2018
7351,0,78,4030,500,940,0,0,0,0,0,0,0,0,0,0,-142.00250244140625,1,0,0,0,83.75,0,0,3,0,0,0,2018
7352,0,79,4030,500,940,0,0,0,0,0,0,0,0,0,0,-142.00250244140625,1,0,0,0,83.75,0,0,3,0,0,0,2018
7353,0,80,4030,500,940,0,0,0,0,0,0,0,0,0,0,-142.00250244140625,1,0,0,0,83.75,0,0,3,0,0,0,2018
7354,0,81,4030,500,940,0,0,0,0,0,0,0,0,0,0,-142.00250244140625,1,0,0,0,83.75,0,0,3,0,0,0,2018
7355,0,82,4030,500,940,0,0,0,0,0,0,0,0,0,0,-142.00250244140625,1,0,0,0,83.75,0,0,3,0,0,0,2018
7356,0,83,4030,500,940,0,0,0,0,0,0,0,0,0,0,-142.00250244140625,1,0,0,0,83.75,0,0,3,0,0,0,2018
7357,0,84,4030,500,940,0,0,0,0,0,0,0,0,0,0,-142.00250244140625,1,0,0,0,83.75,0,0,3,0,0,0,2018
7358,0,85,4030,500,940,0,0,0,0,0,0,0,0,0,0,-142.00250244140625,1,0,0,0,83.75,0,0,3,0,0,0,2018
7359,0,86,4030,500,940,0,0,0,0,0,0,0,0,0,0,-142.00250244140625,1,0,0,0,83.75,0,0,3,0,0,0,2018
7360,0,87,4030,500,940,0,0,0,0,0,0,0,0,0,0,-142.00250244140625,1,0,0,0,83.75,0,0,3,0,0,0,2018
7361,0,88,4030,500,940,0,0,0,0,0,0,0,0,0,0,-142.00250244140625,1,0,0,0,83.75,0,0,3,0,0,0,2018
7362,0,89,4030,500,940,0,0,0,0,0,0,0,0,0,0,-142.00250244140625,1,0,0,0,83.75,0,0,3,0,0,0,2018
7363,0,90,4030,500,940,0,0,0,0,0,0,0,0,0,0,-142.00250244140625,1,0,0,0,83.75,0,0,3,0,0,0,2018
7364,0,91,4030,500,940,0,0,0,0,0,0,0,0,0,0,-142.00250244140625,1,0,0,0,83.75,0,0,3,0,0,0,2018
7365,0,92,4030,500,940,0,0,0,0,0,0,0,0,0,0,-142.00250244140625,1,0,0,0,83.75,0,0,3,0,0,0,2018
7366,0,93,4030,500,940,0,0,0,0,0,0,0,0,0,0,-142.00250244140625,1,0,0,0,83.75,0,0,3,0,0,0,2018
7367,0,94,4030,500,940,0,0,0,0,0,0,0,0,0,0,-142.00250244140625,1,0,0,0,83.75,0,0,3,0,0,0,2018
7368,0,95,4030,500,940,0,0,0,0,0,0,0,0,0,0,-142.00250244140625,1,0,0,0,83.75,0,0,3,0,0,0,2018
7369,0,96,4030,500,940,0,0,0,0,0,0,0,0,0,0,-142.00250244140625,1,0,0,0,83.75,0,0,3,0,0,0,2018
7370,0,97,4030,500,940,0,0,0,0,0,0,0,0,0,0,-142.00250244140625,1,0,0,0,83.75,0,0,3,0,0,0,2018
7371,0,98,4030,500,940,0,0,0,0,0,0,0,0,0,0,-142.00250244140625,1,0,0,0,83.75,0,0,3,0,0,0,2018
7372,0,99,4030,500,940,0,0,0,0,0,0,0,0,0,0,-142.00250244140625,1,0,0,0,83.75,0,0,3,0,0,0,2018
7373,0,100,4030,500,940,0,0,0,0,0,0,0,0,0,0,-142.00250244140625,1,0,0,0,83.75,0,0,3,0,0,0,2018
7374,0,101,4030,500,940,0,0,0,0,0,0,0,0,0,0,-142.00250244140625,1,0,0,0,83.75,0,0,3,0,0,0,2018
7375,0,102,4030,500,940,0,0,0,0,0,0,0,0,0,0,-142.00250244140625,1,0,0,0,83.75,0,0,3,0,0,0,2018
7376,0,103,4030,500,940,0,0,0,0,0,0,0,0,0,0,-142.00250244140625,1,0,0,0,83.75,0,0,3,0,0,0,2018
7377,0,104,4030,500,940,0,0,0,0,0,0,0,0,0,0,-142.00250244140625,1,0,0,0,83.75,0,0,3,0,0,0,2018
7378,0,105,4030,500,940,0,0,0,0,0,0,0,0,0,0,-142.00250244140625,1,0,0,0,83.75,0,0,3,0,0,0,2018
7379,0,106,4030,500,940,0,0,0,0,0,0,0,0,0,0,-142.00250244140625,1,0,0,0,83.75,0,0,3,0,0,0,2018
7380,0,107,4030,500,940,0,0,0,0,0,0,0,0,0,0,-142.00250244140625,1,0,0,0,83.75,0,0,3,0,0,0,2018
7381,0,108,4030,500,940,0,0,0,0,0,0,0,0,0,0,-142.00250244140625,1,0,0,0,83.75,0,0,3,0,0,0,2018
7382,0,109,4030,500,940,0,0,0,0,0,0,0,0,0,0,-142.00250244140625,1,0,0,0,83.75,0,0,3,0,0,0,2018
7383,0,110,4030,500,940,0,0,0,0,0,0,0,0,0,0,-142.00250244140625,1,0,0,0,83.75,0,0,3,0,0,0,2018
7384,0,111,4030,500,940,0,0,0,0,0,0,0,0,0,0,-142.00250244140625,1,0,0,0,83.75,0,0,3,0,0,0,2018
7385,0,112,4030,500,940,0,0,0,0,0,0,0,0,0,0,-142.00250244140625,1,0,0,0,83.75,0,0,3,0,0,0,2018
7386,0,113,4030,500,940,0,0,0,0,0,0,0,0,0,0,-142.00250244140625,1,0,0,0,83.75,0,0,3,0,0,0,2018
7387,0,114,4030,500,940,0,0,0,0,0,0,0,0,0,0,-142.00250244140625,1,0,0,0,83.75,0,0,3,0,0,0,2018
7388,0,115,4030,500,940,0,0,0,0,0,0,0,0,0,0,-142.00250244140625,1,0,0,0,83.75,0,0,3,0,0,0,2018
7389,0,116,4030,500,940,0,0,0,0,0,0,0,0,0,0,-142.00250244140625,1,0,0,0,83.75,0,0,3,0,0,0,2018
7390,0,117,4030,500,940,0,0,0,0,0,0,0,0,0,0,-142.00250244140625,1,0,0,0,83.75,0,0,3,0,0,0,2018
7391,0,118,4030,500,940,0,0,0,0,0,0,0,0,0,0,-142.00250244140625,1,0,0,0,83.75,0,0,3,0,0,0,2018
7392,0,119,4030,500,940,0,0,0,0,0,0,0,0,0,0,-142.00250244140625,1,0,0,0,83.75,0,0,3,0,0,0,2018
7393,0,120,4030,500,940,0,0,0,0,0,0,0,0,0,0,-142.00250244140625,1,0,0,0,83.75,0,0,3,0,0,0,2018
7394,0,121,4030,500,940,0,0,0,0,0,0,0,0,0,0,-142.00250244140625,1,0,0,0,83.75,0,0,3,0,0,0,2018
7395,0,122,4030,500,940,0,0,0,0,0,0,0,0,0,0,-142.00250244140625,1,0,0,0,83.75,0,0,3,0,0,0,2018
7396,0,123,4030,500,940,0,0,0,0,0,0,0,0,0,0,-142.00250244140625,1,0,0,0,83.75,0,0,3,0,0,0,2018
7397,0,124,4030,500,940,0,0,0,0,0,0,0,0,0,0,-142.00250244140625,1,0,0,0,83.75,0,0,3,0,0,0,2018
7398,0,125,4030,500,940,0,0,0,0,0,0,0,0,0,0,-142.00250244140625,1,0,0,0,83.75,0,0,3,0,0,0,2018
7399,0,126,4030,500,940,0,0,0,0,0,0,0,0,0,0,-142.00250244140625,1,0,0,0,83.75,0,0,3,0,0,0,2018
7400,0,127,4030,500,940,0,0,0,0,0,0,0,0,0,0,-142.00250244140625,1,0,0,0,83.75,0,0,3,0,0,0,2018
7401,0,128,4030,500,940,0,0,0,0,0,0,0,0,0,0,-142.00250244140625,1,0,0,0,83.75,0,0,3,0,0,0,2018
7402,0,129,4030,500,940,0,0,0,0,0,0,0,0,0,0,-142.00250244140625,1,0,0,0,83.75,0,0,3,0,0,0,2018
7403,0,130,4030,500,940,0,0,0,0,0,0,0,0,0,0,-142.00250244140625,1,0,0,0,83.75,0,0,3,0,0,0,2018
7404,0,131,4030,500,940,0,0,0,0,0,0,0,0,0,0,-142.00250244140625,1,0,0,0,83.75,0,0,3,0,0,0,2018
7405,0,132,4030,500,940,0,0,0,0,0,0,0,0,0,0,-142.00250244140625,1,0,0,0,83.75,0,0,3,0,0,0,2018
7406,0,133,4030,500,940,0,0,0,0,0,0,0,0,0,0,-142.00250244140625,1,0,0,0,83.75,0,0,3,0,0,0,2018
7407,0,134,4030,500,940,0,0,0,0,0,0,0,0,0,0,-142.00250244140625,1,0,0,0,83.75,0,0,3,0,0,0,2018
7408,0,135,4030,500,940,0,0,0,0,0,0,0,0,0,0,-142.00250244140625,1,0,0,0,83.75,0,0,3,0,0,0,2018
7409,0,136,4030,500,940,0,0,0,0,0,0,0,0,0,0,-142.00250244140625,1,0,0,0,83.75,0,0,3,0,0,0,2018
7410,0,137,4030,500,940,0,0,0,0,0,0,0,0,0,0,-142.00250244140625,1,0,0,0,83.75,0,0,3,0,0,0,2018
7411,0,138,4030,500,940,0,0,0,0,0,0,0,0,0,0,-142.00250244140625,1,0,0,0,83.75,0,0,3,0,0,0,2018
7412,0,139,4030,500,940,0,0,0,0,0,0,0,0,0,0,-142.00250244140625,1,0,0,0,83.75,0,0,3,0,0,0,2018
7413,0,140,4030,500,940,0,0,0,0,0,0,0,0,0,0,-142.00250244140625,1,0,0,0,83.75,0,0,3,0,0,0,2018
7414,0,141,4030,500,940,0,0,0,0,0,0,0,0,0,0,-142.00250244140625,1,0,0,0,83.75,0,0,3,0,0,0,2018
7415,0,142,4030,500,940,0,0,0,0,0,0,0,0,0,0,-142.00250244140625,1,0,0,0,83.75,0,0,3,0,0,0,2018
7416,0,143,4030,500,940,0,0,0,0,0,0,0,0,0,0,-142.00250244140625,1,0,0,0,83.75,0,0,3,0,0,0,2018
7417,0,144,4030,500,940,0,0,0,0,0,0,0,0,0,0,-142.00250244140625,1,0,0,0,83.75,0,0,3,0,0,0,2018
7418,0,145,4030,500,940,0,0,0,0,0,0,0,0,0,0,-142.00250244140625,1,0,0,0,83.75,0,0,3,0,0,0,2018
7419,0,146,4030,500,940,0,0,0,0,0,0,0,0,0,0,-142.00250244140625,1,0,0,0,83.75,0,0,3,0,0,0,2018
7420,0,147,4030,500,940,0,0,0,0,0,0,0,0,0,0,-142.00250244140625,1,0,0,0,83.75,0,0,3,0,0,0,2018
7421,0,148,4030,500,940,0,0,0,0,0,0,0,0,0,0,-142.00250244140625,1,0,0,0,83.75,0,0,3,0,0,0,2018
7422,0,149,4030,500,940,0,0,0,0,0,0,0,0,0,0,-142.00250244140625,1,0,0,0,83.75,0,0,3,0,0,0,2018
7423,0,150,4030,500,940,0,0,0,0,0,0,0,0,0,0,-142.00250244140625,1,0,0,0,83.75,0,0,3,0,0,0,2018
7424,0,151,4030,500,940,0,0,0,0,0,0,0,0,0,0,-142.00250244140625,1,0,0,0,83.75,0,0,3,0,0,0,2018
7425,0,152,4030,500,940,0,0,0,0,0,0,0,0,0,0,-142.00250244140625,1,0,0,0,83.75,0,0,3,0,0,0,2018
7426,0,153,4030,500,940,0,0,0,0,0,0,0,0,0,0,-142.00250244140625,1,0,0,0,83.75,0,0,3,0,0,0,2018
7427,0,154,4030,500,940,0,0,0,0,0,0,0,0,0,0,-142.00250244140625,1,0,0,0,83.75,0,0,3,0,0,0,2018
7428,0,155,4030,500,940,0,0,0,0,0,0,0,0,0,0,-142.00250244140625,1,0,0,0,83.75,0,0,3,0,0,0,2018
7429,0,156,4030,500,940,0,0,0,0,0,0,0,0,0,0,-142.00250244140625,1,0,0,0,83.75,0,0,3,0,0,0,2018
7430,0,157,4030,500,940,0,0,0,0,0,0,0,0,0,0,-142.00250244140625,1,0,0,0,83.75,0,0,3,0,0,0,2018
7431,0,158,4030,500,940,0,0,0,0,0,0,0,0,0,0,-142.00250244140625,1,0,0,0,83.75,0,0,3,0,0,0,2018
7432,0,159,4030,500,940,0,0,0,0,0,0,0,0,0,0,-142.00250244140625,1,0,0,0,83.75,0,0,3,0,0,0,2018
7433,0,160,4030,500,940,0,0,0,0,0,0,0,0,0,0,-142.00250244140625,1,0,0,0,83.75,0,0,3,0,0,0,2018
7434,0,161,4030,500,940,0,0,0,0,0,0,0,0,0,0,-142.00250244140625,1,0,0,0,83.75,0,0,3,0,0,0,2018
7435,0,162,4030,500,940,0,0,0,0,0,0,0,0,0,0,-142.00250244140625,1,0,0,0,83.75,0,0,3,0,0,0,2018
7436,0,163,4030,500,940,0,0,0,0,0,0,0,0,0,0,-142.00250244140625,1,0,0,0,83.75,0,0,3,0,0,0,2018
7437,0,164,4030,500,940,0,0,0,0,0,0,0,0,0,0,-142.00250244140625,1,0,0,0,83.75,0,0,3,0,0,0,2018
7438,0,165,4030,500,940,0,0,0,0,0,0,0,0,0,0,-142.00250244140625,1,0,0,0,83.75,0,0,3,0,0,0,2018
7439,0,166,4030,500,940,0,0,0,0,0,0,0,0,0,0,-142.00250244140625,1,0,0,0,83.75,0,0,3,0,0,0,2018
7440,0,167,4030,500,940,0,0,0,0,0,0,0,0,0,0,-142.00250244140625,1,0,0,0,83.75,0,0,3,0,0,0,2018
7441,0,168,4030,500,940,0,0,0,0,0,0,0,0,0,0,-142.00250244140625,1,0,0,0,83.75,0,0,3,0,0,0,2018
7442,0,169,4030,500,940,0,0,0,0,0,0,0,0,0,0,-142.00250244140625,1,0,0,0,83.75,0,0,3,0,0,0,2018
7443,0,170,4030,500,940,0,0,0,0,0,0,0,0,0,0,-142.00250244140625,1,0,0,0,83.75,0,0,3,0,0,0,2018
7444,0,171,4030,500,940,0,0,0,0,0,0,0,0,0,0,-142.00250244140625,1,0,0,0,83.75,0,0,3,0,0,0,2018
7445,0,172,4030,500,940,0,0,0,0,0,0,0,0,0,0,-142.00250244140625,1,0,0,0,83.75,0,0,3,0,0,0,2018
7446,0,173,4030,500,940,0,0,0,0,0,0,0,0,0,0,-142.00250244140625,1,0,0,0,83.75,0,0,3,0,0,0,2018
7447,0,174,4030,500,940,0,0,0,0,0,0,0,0,0,0,-142.00250244140625,1,0,0,0,83.75,0,0,3,0,0,0,2018
7448,0,175,4030,500,940,0,0,0,0,0,0,0,0,0,0,-142.00250244140625,1,0,0,0,83.75,0,0,3,0,0,0,2018
7449,0,176,4030,500,940,0,0,0,0,0,0,0,0,0,0,-142.00250244140625,1,0,0,0,83.75,0,0,3,0,0,0,2018
7450,0,177,4030,500,940,0,0,0,0,0,0,0,0,0,0,-142.00250244140625,1,0,0,0,83.75,0,0,3,0,0,0,2018
7451,0,178,4030,500,940,0,0,0,0,0,0,0,0,0,0,-142.00250244140625,1,0,0,0,83.75,0,0,3,0,0,0,2018
7452,0,179,4030,500,940,0,0,0,0,0,0,0,0,0,0,-142.00250244140625,1,0,0,0,83.75,0,0,3,0,0,0,2018
7453,0,180,4030,500,940,0,0,0,0,0,0,0,0,0,0,-142.00250244140625,1,0,0,0,83.75,0,0,3,0,0,0,2018
7454,0,181,4030,500,940,0,0,0,0,0,0,0,0,0,0,-142.00250244140625,1,0,0,0,83.75,0,0,3,0,0,0,2018
7455,0,182,4030,500,940,0,0,0,0,0,0,0,0,0,0,-142.00250244140625,1,0,0,0,83.75,0,0,3,0,0,0,2018
7456,0,183,4030,500,940,0,0,0,0,0,0,0,0,0,0,-142.00250244140625,1,0,0,0,83.75,0,0,3,0,0,0,2018
7457,0,184,4030,500,940,0,0,0,0,0,0,0,0,0,0,-142.00250244140625,1,0,0,0,83.75,0,0,3,0,0,0,2018
7458,0,185,4030,500,940,0,0,0,0,0,0,0,0,0,0,-142.00250244140625,1,0,0,0,83.75,0,0,3,0,0,0,2018
7459,0,186,4030,500,940,0,0,0,0,0,0,0,0,0,0,-142.00250244140625,1,0,0,0,83.75,0,0,3,0,0,0,2018
7460,0,187,4030,500,940,0,0,0,0,0,0,0,0,0,0,-142.00250244140625,1,0,0,0,83.75,0,0,3,0,0,0,2018
7461,0,188,4030,500,940,0,0,0,0,0,0,0,0,0,0,-142.00250244140625,1,0,0,0,83.75,0,0,3,0,0,0,2018
7462,0,189,4030,500,940,0,0,0,0,0,0,0,0,0,0,-142.00250244140625,1,0,0,0,83.75,0,0,3,0,0,0,2018
7463,0,190,4030,500,940,0,0,0,0,0,0,0,0,0,0,-142.00250244140625,1,0,0,0,83.75,0,0,3,0,0,0,2018
7464,0,191,4030,500,940,0,0,0,0,0,0,0,0,0,0,-142.00250244140625,1,0,0,0,83.75,0,0,3,0,0,0,2018
7465,0,192,4030,500,940,0,0,0,0,0,0,0,0,0,0,-142.00250244140625,1,0,0,0,83.75,0,0,3,0,0,0,2018
7466,0,193,4030,500,940,0,0,0,0,0,0,0,0,0,0,-142.00250244140625,1,0,0,0,83.75,0,0,3,0,0,0,2018
7467,0,194,4030,500,940,0,0,0,0,0,0,0,0,0,0,-142.00250244140625,1,0,0,0,83.75,0,0,3,0,0,0,2018
7468,0,195,4030,500,940,0,0,0,0,0,0,0,0,0,0,-142.00250244140625,1,0,0,0,83.75,0,0,3,0,0,0,2018
7469,0,196,4030,500,940,0,0,0,0,0,0,0,0,0,0,-142.00250244140625,1,0,0,0,83.75,0,0,3,0,0,0,2018
7470,0,197,4030,500,940,0,0,0,0,0,0,0,0,0,0,-142.00250244140625,1,0,0,0,83.75,0,0,3,0,0,0,2018
7471,0,198,4030,500,940,0,0,0,0,0,0,0,0,0,0,-142.00250244140625,1,0,0,0,83.75,0,0,3,0,0,0,2018
7472,0,199,4030,500,940,0,0,0,0,0,0,0,0,0,0,-142.00250244140625,1,0,0,0,83.75,0,0,3,0,0,0,2018
7473,0,200,4030,500,940,0,0,0,0,0,0,0,0,0,0,-142.00250244140625,1,0,0,0,83.75,0,0,3,0,0,0,2018
7474,0,201,4030,500,940,0,0,0,0,0,0,0,0,0,0,-142.00250244140625,1,0,0,0,83.75,0,0,3,0,0,0,2018
7475,0,202,4030,500,940,0,0,0,0,0,0,0,0,0,0,-142.00250244140625,1,0,0,0,83.75,0,0,3,0,0,0,2018
7476,0,203,4030,500,940,0,0,0,0,0,0,0,0,0,0,-142.00250244140625,1,0,0,0,83.75,0,0,3,0,0,0,2018
7477,0,204,4030,500,940,0,0,0,0,0,0,0,0,0,0,-142.00250244140625,1,0,0,0,83.75,0,0,3,0,0,0,2018
7478,0,205,4030,500,940,0,0,0,0,0,0,0,0,0,0,-142.00250244140625,1,0,0,0,83.75,0,0,3,0,0,0,2018
7479,0,206,4030,500,940,0,0,0,0,0,0,0,0,0,0,-142.00250244140625,1,0,0,0,83.75,0,0,3,0,0,0,2018
7480,0,207,4030,500,940,0,0,0,0,0,0,0,0,0,0,-142.00250244140625,1,0,0,0,83.75,0,0,3,0,0,0,2018
7481,0,208,4030,500,940,0,0,0,0,0,0,0,0,0,0,-142.00250244140625,1,0,0,0,83.75,0,0,3,0,0,0,2018
7482,0,209,4030,500,940,0,0,0,0,0,0,0,0,0,0,-142.00250244140625,1,0,0,0,83.75,0,0,3,0,0,0,2018
7483,0,210,4030,500,940,0,0,0,0,0,0,0,0,0,0,-142.00250244140625,1,0,0,0,83.75,0,0,3,0,0,0,2018
7484,0,211,4030,500,940,0,0,0,0,0,0,0,0,0,0,-142.00250244140625,1,0,0,0,83.75,0,0,3,0,0,0,2018
7485,0,212,4030,500,940,0,0,0,0,0,0,0,0,0,0,-142.00250244140625,1,0,0,0,83.75,0,0,3,0,0,0,2018
7486,0,213,4030,500,940,0,0,0,0,0,0,0,0,0,0,-142.00250244140625,1,0,0,0,83.75,0,0,3,0,0,0,2018
7487,0,214,4030,500,940,0,0,0,0,0,0,0,0,0,0,-142.00250244140625,1,0,0,0,83.75,0,0,3,0,0,0,2018
7488,0,215,4030,500,940,0,0,0,0,0,0,0,0,0,0,-142.00250244140625,1,0,0,0,83.75,0,0,3,0,0,0,2018
7489,0,216,4030,500,940,0,0,0,0,0,0,0,0,0,0,-142.00250244140625,1,0,0,0,83.75,0,0,3,0,0,0,2018
7490,0,217,4030,500,940,0,0,0,0,0,0,0,0,0,0,-142.00250244140625,1,0,0,0,83.75,0,0,3,0,0,0,2018
7491,0,218,4030,500,940,0,0,0,0,0,0,0,0,0,0,-142.00250244140625,1,0,0,0,83.75,0,0,3,0,0,0,2018
7492,0,219,4030,500,940,0,0,0,0,0,0,0,0,0,0,-142.00250244140625,1,0,0,0,83.75,0,0,3,0,0,0,2018
7493,0,220,4030,500,940,0,0,0,0,0,0,0,0,0,0,-142.00250244140625,1,0,0,0,83.75,0,0,3,0,0,0,2018
7494,0,221,4030,500,940,0,0,0,0,0,0,0,0,0,0,-142.00250244140625,1,0,0,0,83.75,0,0,3,0,0,0,2018
7495,0,222,4030,500,940,0,0,0,0,0,0,0,0,0,0,-142.00250244140625,1,0,0,0,83.75,0,0,3,0,0,0,2018
7496,0,223,4030,500,940,0,0,0,0,0,0,0,0,0,0,-142.00250244140625,1,0,0,0,83.75,0,0,3,0,0,0,2018
7497,0,224,4030,500,940,0,0,0,0,0,0,0,0,0,0,-142.00250244140625,1,0,0,0,83.75,0,0,3,0,0,0,2018
7498,0,225,4030,500,940,0,0,0,0,0,0,0,0,0,0,-142.00250244140625,1,0,0,0,83.75,0,0,3,0,0,0,2018
7499,0,226,4030,500,940,0,0,0,0,0,0,0,0,0,0,-142.00250244140625,1,0,0,0,83.75,0,0,3,0,0,0,2018
7500,0,227,4030,500,940,0,0,0,0,0,0,0,0,0,0,-142.00250244140625,1,0,0,0,83.75,0,0,3,0,0,0,2018
7501,0,228,4030,500,940,0,0,0,0,0,0,0,0,0,0,-142.00250244140625,1,0,0,0,83.75,0,0,3,0,0,0,2018
7502,0,229,4030,500,940,0,0,0,0,0,0,0,0,0,0,-142.00250244140625,1,0,0,0,83.75,0,0,3,0,0,0,2018
7503,0,230,4030,500,940,0,0,0,0,0,0,0,0,0,0,-142.00250244140625,1,0,0,0,83.75,0,0,3,0,0,0,2018
7504,0,231,4030,500,940,0,0,0,0,0,0,0,0,0,0,-142.00250244140625,1,0,0,0,83.75,0,0,3,0,0,0,2018
7505,0,232,4030,500,940,0,0,0,0,0,0,0,0,0,0,-142.00250244140625,1,0,0,0,83.75,0,0,3,0,0,0,2018
7506,0,233,4030,500,940,0,0,0,0,0,0,0,0,0,0,-142.00250244140625,1,0,0,0,83.75,0,0,3,0,0,0,2018
7507,0,234,4030,500,940,0,0,0,0,0,0,0,0,0,0,-142.00250244140625,1,0,0,0,83.75,0,0,3,0,0,0,2018
7508,0,235,4030,500,940,0,0,0,0,0,0,0,0,0,0,-142.00250244140625,1,0,0,0,83.75,0,0,3,0,0,0,2018
7509,0,236,4030,500,940,0,0,0,0,0,0,0,0,0,0,-142.00250244140625,1,0,0,0,83.75,0,0,3,0,0,0,2018
7510,0,1,3000,500,1000,0,0,0,0,0,0,0,0,0,0,-108.75,1,0,0,0,83.75,0,0,3,0,0,0,1000
7511,0,2,3000,500,1000,0,0,0,0,0,0,0,0,0,0,-108.75,1,0,0,0,83.75,0,0,3,0,0,0,1000
7512,0,3,3000,500,1000,0,0,0,0,0,0,0,0,0,0,-108.75,1,0,0,0,83.75,0,0,3,0,0,0,1000
7513,0,4,3000,500,1000,0,0,0,0,0,0,0,0,0,0,-108.75,1,0,0,0,83.75,0,0,3,0,0,0,1000
7514,0,5,3000,500,1000,0,0,0,0,0,0,0,0,0,0,-108.75,1,0,0,0,83.75,0,0,3,0,0,0,1000
7515,0,6,3000,500,1000,0,0,0,0,0,0,0,0,0,0,-108.75,1,0,0,0,83.75,0,0,3,0,0,0,1000
7516,0,7,3000,500,1000,0,0,0,0,0,0,0,0,0,0,-108.75,1,0,0,0,83.75,0,0,3,0,0,0,1000
7517,0,8,3000,500,1000,0,0,0,0,0,0,0,0,0,0,-108.75,1,0,0,0,83.75,0,0,3,0,0,0,1000
7518,0,9,3000,500,1000,0,0,0,0,0,0,0,0,0,0,-108.75,1,0,0,0,83.75,0,0,3,0,0,0,1000
7519,10,1,3000,500,1000,0,0,0,0,0,0,0,0,0,0,-108.75,1,0,0,0,83.75,0,0,3,0,0,0,1000
7520,10,2,3000,500,1000,0,0,0,0,0,0,0,0,0,0,-108.75,1,0,0,0,83.75,0,0,3,0,0,0,1000
7521,10,3,3000,500,1000,0,0,0,0,0,0,0,0,0,0,-108.75,1,0,0,0,83.75,0,0,3,0,0,0,1000
7522,10,4,3000,500,1000,0,0,0,0,0,0,0,0,0,0,-108.75,1,0,0,0,83.75,0,0,3,0,0,0,1000
7523,10,5,3000,500,1000,0,0,0,0,0,0,0,0,0,0,-108.75,1,0,0,0,83.75,0,0,3,0,0,0,1000
7524,10,6,3000,500,1000,0,0,0,0,0,0,0,0,0,0,-108.75,1,0,0,0,83.75,0,0,3,0,0,0,1000
7525,1040,1,3000,500,1000,0,0,230,0,0,0,0,0,0,0,-108.75,1,0,0,0,83.75,0,0,3,0,0,0,1000
7526,1040,2,3000,500,1000,0,0,229,0,0,0,0,0,0,0,-108.75,1,0,0,0,83.75,0,0,3,0,0,0,1000
7527,1040,3,3000,500,1000,0,0,228,0,0,0,0,0,0,0,-108.75,1,0,0,0,83.75,0,0,3,0,0,0,1000
7528,1040,4,3000,500,1000,0,0,227,0,0,0,0,0,0,0,-108.75,1,0,0,0,83.75,0,0,3,0,0,0,1000
7529,1040,5,3000,500,1000,0,0,226,0,0,0,0,0,0,0,-108.75,1,0,0,0,83.75,0,0,3,0,0,0,1000
7530,1040,6,3000,500,1000,0,0,225,0,0,0,0,0,0,0,-108.75,1,0,0,0,83.75,0,0,3,0,0,0,1000
7531,1040,7,3000,500,1000,0,0,224,0,0,0,0,0,0,0,-108.75,1,0,0,0,83.75,0,0,3,0,0,0,1000
7532,1040,8,3000,500,1000,0,0,223,0,0,0,0,0,0,0,-108.75,1,0,0,0,83.75,0,0,3,0,0,0,1000
7533,1040,9,3000,500,1000,0,0,222,0,0,0,0,0,0,0,-108.75,1,0,0,0,83.75,0,0,3,0,0,0,1000
7534,1040,10,3000,500,1000,0,0,221,0,0,0,0,0,0,0,-108.75,1,0,0,0,83.75,0,0,3,0,0,0,1000
7535,1040,11,3000,500,1000,0,0,220,0,0,0,0,0,0,0,-108.75,1,0,0,0,83.75,0,0,3,0,0,0,1000
7536,1040,12,3000,500,1000,0,0,219,0,0,0,0,0,0,0,-108.75,1,0,0,0,83.75,0,0,3,0,0,0,1000
7537,1040,13,3000,500,1000,0,0,218,0,0,0,0,0,0,0,-108.75,1,0,0,0,83.75,0,0,3,0,0,0,1000
7538,1040,14,3000,500,1000,0,0,217,0,0,0,0,0,0,0,-108.75,1,0,0,0,83.75,0,0,3,0,0,0,1000
7539,1040,15,3000,500,1000,0,0,216,0,0,0,0,0,0,0,-108.75,1,0,0,0,83.75,0,0,3,0,0,0,1000
7540,1040,16,3000,500,1000,0,0,215,0,0,0,0,0,0,0,-108.75,1,0,0,0,83.75,0,0,3,0,0,0,1000
7541,1040,17,3000,500,1000,0,0,214,0,0,0,0,0,0,0,-108.75,1,0,0,0,83.75,0,0,3,0,0,0,1000
7542,1040,18,3000,500,1000,0,0,213,0,0,0,0,0,0,0,-108.75,1,0,0,0,83.75,0,0,3,0,0,0,1000
7543,1040,19,3000,500,1000,0,0,212,0,0,0,0,0,0,0,-108.75,1,0,0,0,83.75,0,0,3,0,0,0,1000
7544,1040,20,3000,500,1000,0,0,211,0,0,0,0,0,0,0,-108.75,1,0,0,0,83.75,0,0,3,0,0,0,1000
7545,1040,21,3000,500,1000,0,0,210,0,0,0,0,0,0,0,-108.75,1,0,0,0,83.75,0,0,3,0,0,0,1000
7546,1040,22,3000,500,1000,0,0,209,0,0,0,0,0,0,0,-108.75,1,0,0,0,83.75,0,0,3,0,0,0,1000
7547,1040,23,3000,500,1000,0,0,208,0,0,0,0,0,0,0,-108.75,1,0,0,0,83.75,0,0,3,0,0,0,1000
7548,1040,24,3000,500,1000,0,0,207,0,0,0,0,0,0,0,-108.75,1,0,0,0,83.75,0,0,3,0,0,0,1000
7549,1040,25,3000,500,1000,0,0,206,0,0,0,0,0,0,0,-108.75,1,0,0,0,83.75,0,0,3,0,0,0,1000
7550,1040,26,3000,500,1000,0,0,205,0,0,0,0,0,0,0,-108.75,1,0,0,0,83.75,0,0,3,0,0,0,1000
7551,1040,27,3000,500,1000,0,0,204,0,0,0,0,0,0,0,-108.75,1,0,0,0,83.75,0,0,3,0,0,0,1000
7552,1040,28,3000,500,1000,0,0,203,0,0,0,0,0,0,0,-108.75,1,0,0,0,83.75,0,0,3,0,0,0,1000
7553,1040,29,3000,500,1000,0,0,202,0,0,0,0,0,0,0,-108.75,1,0,0,0,83.75,0,0,3,0,0,0,1000
7554,1040,30,3000,500,1000,0,0,201,0,0,0,0,0,0,0,-108.75,1,0,0,0,83.75,0,0,3,0,0,0,1000
7555,1040,31,3000,500,1000,0,0,200,0,0,0,0,0,0,0,-108.75,1,0,0,0,83.75,0,0,3,0,0,0,1000
7556,1040,32,3000,500,1000,0,0,199,0,0,0,0,0,0,0,-108.75,1,0,0,0,83.75,0,0,3,0,0,0,1000
7557,1040,33,3000,500,1000,0,0,198,0,0,0,0,0,0,0,-108.75,1,0,0,0,83.75,0,0,3,0,0,0,1000
7558,1040,34,3000,500,1000,0,0,197,0,0,0,0,0,0,0,-108.75,1,0,0,0,83.75,0,0,3,0,0,0,1000
7559,1040,35,3000,500,1000,0,0,196,0,0,0,0,0,0,0,-108.75,1,0,0,0,83.75,0,0,3,0,0,0,1000
7560,1040,36,3000,500,1000,0,0,195,0,0,0,0,0,0,0,-108.75,1,0,0,0,83.75,0,0,3,0,0,0,1000
7561,1040,37,3000,500,1000,0,0,194,0,0,0,0,0,0,0,-108.75,1,0,0,0,83.75,0,0,3,0,0,0,1000
7562,1040,38,3000,500,1000,0,0,193,0,0,0,0,0,0,0,-108.75,1,0,0,0,83.75,0,0,3,0,0,0,1000
7563,1040,39,3000,500,1000,0,0,192,0,0,0,0,0,0,0,-108.75,1,0,0,0,83.75,0,0,3,0,0,0,1000
7564,1040,40,3000,500,1000,0,0,191,0,0,0,0,0,0,0,-108.75,1,0,0,0,83.75,0,0,3,0,0,0,1000
7565,1040,41,3000,500,1000,0,0,190,0,0,0,0,0,0,0,-108.75,1,0,0,0,83.75,0,0,3,0,0,0,1000
7566,1040,42,3000,500,1000,0,0,189,0,0,0,0,0,0,0,-108.75,1,0,0,0,83.75,0,0,3,0,0,0,1000
7567,0,1,3000,500,1000,0,0,188,0,0,0,0,0,0,0,-108.75,1,0,0,0,83.75,0,0,3,0,0,0,1000
7568,0,2,3000,500,1000,0,0,187,0,0,0,0,0,0,0,-108.75,1,0,0,0,83.75,0,0,3,0,0,0,1000
7569,0,3,3000,500,1000,0,0,186,0,0,0,0,0,0,0,-108.75,1,0,0,0,83.75,0,0,3,0,0,0,1000
7570,0,4,3000,500,1000,0,0,185,0,0,0,0,0,0,0,-108.75,1,0,0,0,83.75,0,0,3,0,0,0,1000
7571,0,5,3000,500,1000,0,0,184,0,0,0,0,0,0,0,-108.75,1,0,0,0,83.75,0,0,3,0,0,0,1000
7572,0,6,3000,500,1000,0,0,183,0,0,0,0,0,0,0,-108.75,1,0,0,0,83.75,0,0,3,0,0,0,1000
7573,0,7,3000,500,1000,0,0,182,0,0,0,0,0,0,0,-108.75,1,0,0,0,83.75,0,0,3,0,0,0,1000
7574,0,8,3000,500,1000,0,0,181,0,0,0,0,0,0,0,-108.75,1,0,0,0,83.75,0,0,3,0,0,0,1000
7575,0,9,3000,500,1000,0,0,180,0,0,0,0,0,0,0,-108.75,1,0,0,0,83.75,0,0,3,0,0,0,1000
7576,0,10,3000,500,1000,0,0,179,0,0,0,0,0,0,0,-108.75,1,0,0,0,83.75,0,0,3,0,0,0,1000
7577,0,11,3000,500,1000,0,0,178,0,0,0,0,0,0,0,-108.75,1,0,0,0,83.75,0,0,3,0,0,0,1000
7578,0,12,3000,500,1000,0,0,177,0,0,0,0,0,0,0,-108.75,1,0,0,0,83.75,0,0,3,0,0,0,1000
7579,0,13,3000,500,1000,0,0,176,0,0,0,0,0,0,0,-108.75,1,0,0,0,83.75,0,0,3,0,0,0,1000
7580,0,14,3000,500,1000,0,0,175,0,0,0,0,0,0,0,-108.75,1,0,0,0,83.75,0,0,3,0,0,0,1000
7581,0,15,3000,500,1000,0,0,174,0,0,0,0,0,0,0,-108.75,1,0,0,0,83.75,0,0,3,0,0,0,1000
7582,0,16,3000,500,1000,0,0,173,0,0,0,0,0,0,0,-108.75,1,0,0,0,83.75,0,0,3,0,0,0,1000
7583,0,17,3000,500,1000,0,0,172,0,0,0,0,0,0,0,-108.75,1,0,0,0,83.75,0,0,3,0,0,0,1000
7584,0,18,3000,500,1000,0,0,171,0,0,0,0,0,0,0,-108.75,1,0,0,0,83.75,0,0,3,0,0,0,1000
7585,0,19,3000,500,1000,0,0,170,0,0,0,0,0,0,0,-108.75,1,0,0,0,83.75,0,0,3,0,0,0,1000
7586,0,20,3000,500,1000,0,0,169,0,0,0,0,0,0,0,-108.75,1,0,0,0,83.75,0,0,3,0,0,0,1000
7587,0,21,3000,500,1000,0,0,168,0,0,0,0,0,0,0,-108.75,1,0,0,0,83.75,0,0,3,0,0,0,1000
7588,0,22,3000,500,1000,0,0,167,0,0,0,0,0,0,0,-108.75,1,0,0,0,83.75,0,0,3,0,0,0,1000
7589,0,23,3000,500,1000,0,0,166,0,0,0,0,0,0,0,-108.75,1,0,0,0,83.75,0,0,3,0,0,0,1000
7590,0,24,3000,500,1000,0,0,165,0,0,0,0,0,0,0,-108.75,1,0,0,0,83.75,0,0,3,0,0,0,1000
7591,0,25,3000,500,1000,0,0,164,0,0,0,0,0,0,0,-108.75,1,0,0,0,83.75,0,0,3,0,0,0,1000
7592,0,26,3000,500,1000,0,0,163,0,0,0,0,0,0,0,-108.75,1,0,0,0,83.75,0,0,3,0,0,0,1000
7593,0,27,3000,500,1000,0,0,162,0,0,0,0,0,0,0,-108.75,1,0,0,0,83.75,0,0,3,0,0,0,1000
7594,0,28,3000,500,1000,0,0,161,0,0,0,0,0,0,0,-108.75,1,0,0,0,83.75,0,0,3,0,0,0,1000
7595,0,29,3000,500,1000,0,0,160,0,0,0,0,0,0,0,-108.75,1,0,0,0,83.75,0,0,3,0,0,0,1000
7596,0,30,3000,500,1000,0,0,159,0,0,0,0,0,0,0,-108.75,1,0,0,0,83.75,0,0,3,0,0,0,1000
7597,0,31,3000,500,1000,0,0,158,0,0,0,0,0,0,0,-108.75,1,0,0,0,83.75,0,0,3,0,0,0,1000
7598,0,32,3000,500,1000,0,0,157,0,0,0,0,0,0,0,-108.75,1,0,0,0,83.75,0,0,3,0,0,0,1000
7599,0,33,3000,500,1000,0,0,156,0,0,0,0,0,0,0,-108.75,1,0,0,0,83.75,0,0,3,0,0,0,1000
7600,0,34,3000,500,1000,0,0,155,0,0,0,0,0,0,0,-108.75,1,0,0,0,83.75,0,0,3,0,0,0,1000
7601,0,35,3000,500,1000,0,0,154,0,0,0,0,0,0,0,-108.75,1,0,0,0,83.75,0,0,3,0,0,0,1000
7602,0,36,3000,500,1000,0,0,153,0,0,0,0,0,0,0,-108.75,1,0,0,0,83.75,0,0,3,0,0,0,1000
7603,0,37,3000,500,1000,0,0,152,0,0,0,0,0,0,0,-108.75,1,0,0,0,83.75,0,0,3,0,0,0,1000
7604,0,38,3000,500,1000,0,0,151,0,0,0,0,0,0,0,-108.75,1,0,0,0,83.75,0,0,3,0,0,0,1000
7605,0,39,3000,500,1000,0,0,150,0,0,0,0,0,0,0,-108.75,1,0,0,0,83.75,0,0,3,0,0,0,1000
7606,0,40,3000,500,1000,0,0,149,0,0,0,0,0,0,0,-108.75,1,0,0,0,83.75,0,0,3,0,0,0,1000
7607,0,41,3000,500,1000,0,0,148,0,0,0,0,0,0,0,-108.75,1,0,0,0,83.75,0,0,3,0,0,0,1000
7608,0,42,3000,500,1000,0,0,147,0,0,0,0,0,0,0,-108.75,1,0,0,0,83.75,0,0,3,0,0,0,1000
7609,0,43,3000,500,1000,0,0,146,0,0,0,0,0,0,0,-108.75,1,0,0,0,83.75,0,0,3,0,0,0,1000
7610,0,44,3000,500,1000,0,0,145,0,0,0,0,0,0,0,-108.75,1,0,0,0,83.75,0,0,3,0,0,0,1000
7611,0,45,3000,500,1000,0,0,144,0,0,0,0,0,0,0,-108.75,1,0,0,0,83.75,0,0,3,0,0,0,1000
7612,0,46,3000,500,1000,0,0,143,0,0,0,0,0,0,0,-108.75,1,0,0,0,83.75,0,0,3,0,0,0,1000
7613,0,47,3000,500,1000,0,0,142,0,0,0,0,0,0,0,-108.75,1,0,0,0,83.75,0,0,3,0,0,0,1000
7614,0,48,3000,500,1000,0,0,141,0,0,0,0,0,0,0,-108.75,1,0,0,0,83.75,0,0,3,0,0,0,1000
7615,0,49,3000,500,1000,0,0,140,0,0,0,0,0,0,0,-108.75,1,0,0,0,83.75,0,0,3,0,0,0,1000
7616,0,50,3000,500,1000,0,0,139,0,0,0,0,0,0,0,-108.75,1,0,0,0,83.75,0,0,3,0,0,0,1000
7617,0,51,3000,500,1000,0,0,138,0,0,0,0,0,0,0,-108.75,1,0,0,0,83.75,0,0,3,0,0,0,1000
7618,0,52,3000,500,1000,0,0,137,0,0,0,0,0,0,0,-108.75,1,0,0,0,83.75,0,0,3,0,0,0,1000
7619,0,53,3000,500,1000,0,0,136,0,0,0,0,0,0,0,-108.75,1,0,0,0,83.75,0,0,3,0,0,0,1000
7620,0,54,3000,500,1000,0,0,135,0,0,0,0,0,0,0,-108.75,1,0,0,0,83.75,0,0,3,0,0,0,1000
7621,0,55,3000,500,1000,0,0,134,0,0,0,0,0,0,0,-108.75,1,0,0,0,83.75,0,0,3,0,0,0,1000
7622,0,56,3000,500,1000,0,0,133,0,0,0,0,0,0,0,-108.75,1,0,0,0,83.75,0,0,3,0,0,0,1000
7623,0,57,3000,500,1000,0,0,132,0,0,0,0,0,0,0,-108.75,1,0,0,0,83.75,0,0,3,0,0,0,1000
7624,0,58,3000,500,1000,0,0,131,0,0,0,0,0,0,0,-108.75,1,0,0,0,83.75,0,0,3,0,0,0,1000
7625,0,59,3000,500,1000,0,0,130,0,0,0,0,0,0,0,-108.75,1,0,0,0,83.75,0,0,3,0,0,0,1000
7626,0,60,3000,500,1000,0,0,129,0,0,0,0,0,0,0,-108.75,1,0,0,0,83.75,0,0,3,0,0,0,1000
7627,0,61,3000,500,1000,0,0,128,0,0,0,0,0,0,0,-108.75,1,0,0,0,83.75,0,0,3,0,0,0,1000
7628,0,62,3000,500,1000,0,0,127,0,0,0,0,0,0,0,-108.75,1,0,0,0,83.75,0,0,3,0,0,0,1000
7629,0,63,3000,500,1000,0,0,126,0,0,0,0,0,0,0,-108.75,1,0,0,0,83.75,0,0,3,0,0,0,1000
7630,0,64,3000,500,1000,0,0,125,0,0,0,0,0,0,0,-108.75,1,0,0,0,83.75,0,0,3,0,0,0,1000
7631,0,65,3000,500,1000,0,0,124,0,0,0,0,0,0,0,-108.75,1,0,0,0,83.75,0,0,3,0,0,0,1000
7632,0,66,3000,500,1000,0,0,123,0,0,0,0,0,0,0,-108.75,1,0,0,0,83.75,0,0,3,0,0,0,1000
7633,0,67,3000,500,1000,0,0,122,0,0,0,0,0,0,0,-108.75,1,0,0,0,83.75,0,0,3,0,0,0,1000
7634,0,68,3000,500,1000,0,0,121,0,0,0,0,0,0,0,-108.75,1,0,0,0,83.75,0,0,3,0,0,0,1000
7635,0,69,3000,500,1000,0,0,120,0,0,0,0,0,0,0,-108.75,1,0,0,0,83.75,0,0,3,0,0,0,1000
7636,0,70,3000,500,1000,0,0,119,0,0,0,0,0,0,0,-108.75,1,0,0,0,83.75,0,0,3,0,0,0,1000
7637,0,71,3000,500,1000,0,0,118,0,0,0,0,0,0,0,-108.75,1,0,0,0,83.75,0,0,3,0,0,0,1000
7638,0,72,3000,500,1000,0,0,117,0,0,0,0,0,0,0,-108.75,1,0,0,0,83.75,0,0,3,0,0,0,1000
7639,0,73,3000,500,1000,0,0,116,0,0,0,0,0,0,0,-108.75,1,0,0,0,83.75,0,0,3,0,0,0,1000
7640,0,74,3000,500,1000,0,0,115,0,0,0,0,0,0,0,-108.75,1,0,0,0,83.75,0,0,3,0,0,0,1000
7641,0,75,3000,500,1000,0,0,114,0,0,0,0,0,0,0,-108.75,1,0,0,0,83.75,0,0,3,0,0,0,1000
7642,0,76,3000,500,1000,0,0,113,0,0,0,0,0,0,0,-108.75,1,0,0,0,83.75,0,0,3,0,0,0,1000
7643,0,77,3000,500,1000,0,0,112,0,0,0,0,0,0,0,-108.75,1,0,0,0,83.75,0,0,3,0,0,0,1000
7644,0,78,3000,500,1000,0,0,111,0,0,0,0,0,0,0,-108.75,1,0,0,0,83.75,0,0,3,0,0,0,1000
7645,0,79,3000,500,1000,0,0,110,0,0,0,0,0,0,0,-108.75,1,0,0,0,83.75,0,0,3,0,0,0,1000
7646,0,80,3000,500,1000,0,0,109,0,0,0,0,0,0,0,-108.75,1,0,0,0,83.75,0,0,3,0,0,0,1000
7647,0,81,3000,500,1000,0,0,108,0,0,0,0,0,0,0,-108.75,1,0,0,0,83.75,0,0,3,0,0,0,1000
7648,0,82,3000,500,1000,0,0,107,0,0,0,0,0,0,0,-108.75,1,0,0,0,83.75,0,0,3,0,0,0,1000
7649,0,83,3000,500,1000,0,0,106,0,0,0,0,0,0,0,-108.75,1,0,0,0,83.75,0,0,3,0,0,0,1000
7650,0,84,3000,500,1000,0,0,105,0,0,0,0,0,0,0,-108.75,1,0,0,0,83.75,0,0,3,0,0,0,1000
7651,0,85,3000,500,1000,0,0,104,0,0,0,0,0,0,0,-108.75,1,0,0,0,83.75,0,0,3,0,0,0,1000
7652,0,86,3000,500,1000,0,0,103,0,0,0,0,0,0,0,-108.75,1,0,0,0,83.75,0,0,3,0,0,0,1000
7653,0,87,3000,500,1000,0,0,102,0,0,0,0,0,0,0,-108.75,1,0,0,0,83.75,0,0,3,0,0,0,1000
7654,0,88,3000,500,1000,0,0,101,0,0,0,0,0,0,0,-108.75,1,0,0,0,83.75,0,0,3,0,0,0,1000
7655,0,89,3000,500,1000,0,0,100,0,0,0,0,0,0,0,-108.75,1,0,0,0,83.75,0,0,3,0,0,0,1000
7656,0,90,3000,500,1000,0,0,99,0,0,0,0,0,0,0,-108.75,1,0,0,0,83.75,0,0,3,0,0,0,1000
7657,0,91,3000,500,1000,0,0,98,0,0,0,0,0,0,0,-108.75,1,0,0,0,83.75,0,0,3,0,0,0,1000
7658,0,92,3000,500,1000,0,0,97,0,0,0,0,0,0,0,-108.75,1,0,0,0,83.75,0,0,3,0,0,0,1000
7659,0,93,3000,500,1000,0,0,96,0,0,0,0,0,0,0,-108.75,1,0,0,0,83.75,0,0,3,0,0,0,1000
7660,0,94,3000,500,1000,0,0,95,0,0,0,0,0,0,0,-108.75,1,0,0,0,83.75,0,0,3,0,0,0,1000
7661,0,95,3000,500,1000,0,0,94,0,0,0,0,0,0,0,-108.75,1,0,0,0,83.75,0,0,3,0,0,0,1000
7662,0,96,3000,500,1000,0,0,93,0,0,0,0,0,0,0,-108.75,1,0,0,0,83.75,0,0,3,0,0,0,1000
7663,0,97,3000,500,1000,0,0,92,0,0,0,0,0,0,0,-108.75,1,0,0,0,83.75,0,0,3,0,0,0,1000
7664,0,98,3000,500,1000,0,0,91,0,0,0,0,0,0,0,-108.75,1,0,0,0,83.75,0,0,3,0,0,0,1000
7665,0,99,3000,500,1000,0,0,90,0,0,0,0,0,0,0,-108.75,1,0,0,0,83.75,0,0,3,0,0,0,1000
7666,0,100,3000,500,1000,0,0,89,0,0,0,0,0,0,0,-108.75,1,0,0,0,83.75,0,0,3,0,0,0,1000
7667,0,101,3000,500,1000,0,0,88,0,0,0,0,0,0,0,-108.75,1,0,0,0,83.75,0,0,3,0,0,0,1000
7668,0,102,3000,500,1000,0,0,87,0,0,0,0,0,0,0,-108.75,1,0,0,0,83.75,0,0,3,0,0,0,1000
7669,0,103,3000,500,1000,0,0,86,0,0,0,0,0,0,0,-108.75,1,0,0,0,83.75,0,0,3,0,0,0,1000
7670,0,104,3000,500,1000,0,0,85,0,0,0,0,0,0,0,-108.75,1,0,0,0,83.75,0,0,3,0,0,0,1000
7671,0,105,3000,500,1000,0,0,84,0,0,0,0,0,0,0,-108.75,1,0,0,0,83.75,0,0,3,0,0,0,1000
7672,0,106,3000,500,1000,0,0,83,0,0,0,0,0,0,0,-108.75,1,0,0,0,83.75,0,0,3,0,0,0,1000
7673,0,107,3000,500,1000,0,0,82,0,0,0,0,0,0,0,-108.75,1,0,0,0,83.75,0,0,3,0,0,0,1000
7674,0,108,3000,500,1000,0,0,81,0,0,0,0,0,0,0,-108.75,1,0,0,0,83.75,0,0,3,0,0,0,1000
7675,0,109,3000,500,1000,0,0,80,0,0,0,0,0,0,0,-108.75,1,0,0,0,83.75,0,0,3,0,0,0,1000
7676,0,110,3000,500,1000,0,0,79,0,0,0,0,0,0,0,-108.75,1,0,0,0,83.75,0,0,3,0,0,0,1000
7677,0,111,3000,500,1000,0,0,78,0,0,0,0,0,0,0,-108.75,1,0,0,0,83.75,0,0,3,0,0,0,1000
7678,0,112,3000,500,1000,0,0,77,0,0,0,0,0,0,0,-108.75,1,0,0,0,83.75,0,0,3,0,0,0,1000
7679,0,113,3000,500,1000,0,0,76,0,0,0,0,0,0,0,-108.75,1,0,0,0,83.75,0,0,3,0,0,0,1000
7680,0,114,3000,500,1000,0,0,75,0,0,0,0,0,0,0,-108.75,1,0,0,0,83.75,0,0,3,0,0,0,1000
7681,0,115,3000,500,1000,0,0,74,0,0,0,0,0,0,0,-108.75,1,0,0,0,83.75,0,0,3,0,0,0,1000
7682,0,116,3000,500,1000,0,0,73,0,0,0,0,0,0,0,-108.75,1,0,0,0,83.75,0,0,3,0,0,0,1000
7683,0,117,3000,500,1000,0,0,72,0,0,0,0,0,0,0,-108.75,1,0,0,0,83.75,0,0,3,0,0,0,1000
7684,0,118,3000,500,1000,0,0,71,0,0,0,0,0,0,0,-108.75,1,0,0,0,83.75,0,0,3,0,0,0,1000
7685,0,119,3000,500,1000,0,0,70,0,0,0,0,0,0,0,-108.75,1,0,0,0,83.75,0,0,3,0,0,0,1000
7686,0,120,3000,500,1000,0,0,69,0,0,0,0,0,0,0,-108.75,1,0,0,0,83.75,0,0,3,0,0,0,1000
7687,0,121,3000,500,1000,0,0,68,0,0,0,0,0,0,0,-108.75,1,0,0,0,83.75,0,0,3,0,0,0,1000
7688,0,122,3000,500,1000,0,0,67,0,0,0,0,0,0,0,-108.75,1,0,0,0,83.75,0,0,3,0,0,0,1000
7689,0,123,3000,500,1000,0,0,66,0,0,0,0,0,0,0,-108.75,1,0,0,0,83.75,0,0,3,0,0,0,1000
7690,0,124,3000,500,1000,0,0,65,0,0,0,0,0,0,0,-108.75,1,0,0,0,83.75,0,0,3,0,0,0,1000
7691,0,125,3000,500,1000,0,0,64,0,0,0,0,0,0,0,-108.75,1,0,0,0,83.75,0,0,3,0,0,0,1000
7692,0,126,3000,500,1000,0,0,63,0,0,0,0,0,0,0,-108.75,1,0,0,0,83.75,0,0,3,0,0,0,1000
7693,0,127,3000,500,1000,0,0,62,0,0,0,0,0,0,0,-108.75,1,0,0,0,83.75,0,0,3,0,0,0,1000
7694,0,128,3000,500,1000,0,0,61,0,0,0,0,0,0,0,-108.75,1,0,0,0,83.75,0,0,3,0,0,0,1000
7695,0,129,3000,500,1000,0,0,60,0,0,0,0,0,0,0,-108.75,1,0,0,0,83.75,0,0,3,0,0,0,1000
7696,0,130,3000,500,1000,0,0,59,0,0,0,0,0,0,0,-108.75,1,0,0,0,83.75,0,0,3,0,0,0,1000
7697,0,131,3000,500,1000,0,0,58,0,0,0,0,0,0,0,-108.75,1,0,0,0,83.75,0,0,3,0,0,0,1000
7698,0,132,3000,500,1000,0,0,57,0,0,0,0,0,0,0,-108.75,1,0,0,0,83.75,0,0,3,0,0,0,1000
7699,0,133,3000,500,1000,0,0,56,0,0,0,0,0,0,0,-108.75,1,0,0,0,83.75,0,0,3,0,0,0,1000
7700,0,134,3000,500,1000,0,0,55,0,0,0,0,0,0,0,-108.75,1,0,0,0,83.75,0,0,3,0,0,0,1000
7701,0,135,3000,500,1000,0,0,54,0,0,0,0,0,0,0,-108.75,1,0,0,0,83.75,0,0,3,0,0,0,1000
7702,0,136,3000,500,1000,0,0,53,0,0,0,0,0,0,0,-108.75,1,0,0,0,83.75,0,0,3,0,0,0,1000
7703,0,137,3000,500,1000,0,0,52,0,0,0,0,0,0,0,-108.75,1,0,0,0,83.75,0,0,3,0,0,0,1000
7704,0,138,3000,500,1000,0,0,51,0,0,0,0,0,0,0,-108.75,1,0,0,0,83.75,0,0,3,0,0,0,1000
7705,0,139,3000,500,1000,0,0,50,0,0,0,0,0,0,0,-108.75,1,0,0,0,83.75,0,0,3,0,0,0,1000
7706,0,140,3000,500,1000,0,0,49,0,0,0,0,0,0,0,-108.75,1,0,0,0,83.75,0,0,3,0,0,0,1000
7707,0,141,3000,500,1000,0,0,48,0,0,0,0,0,0,0,-108.75,1,0,0,0,83.75,0,0,3,0,0,0,1000
7708,0,142,3000,500,1000,0,0,47,0,0,0,0,0,0,0,-108.75,1,0,0,0,83.75,0,0,3,0,0,0,1000
7709,0,143,3000,500,1000,0,0,46,0,0,0,0,0,0,0,-108.75,1,0,0,0,83.75,0,0,3,0,0,0,1000
7710,0,144,3000,500,1000,0,0,45,0,0,0,0,0,0,0,-108.75,1,0,0,0,83.75,0,0,3,0,0,0,1000
7711,0,145,3000,500,1000,0,0,44,0,0,0,0,0,0,0,-108.75,1,0,0,0,83.75,0,0,3,0,0,0,1000
7712,0,146,3000,500,1000,0,0,43,0,0,0,0,0,0,0,-108.75,1,0,0,0,83.75,0,0,3,0,0,0,1000
7713,0,147,3000,500,1000,0,0,42,0,0,0,0,0,0,0,-108.75,1,0,0,0,83.75,0,0,3,0,0,0,1000
7714,0,148,3000,500,1000,0,0,41,0,0,0,0,0,0,0,-108.75,1,0,0,0,83.75,0,0,3,0,0,0,1000
7715,0,149,3000,500,1000,0,0,40,0,0,0,0,0,0,0,-108.75,1,0,0,0,83.75,0,0,3,0,0,0,1000
7716,0,150,3000,500,1000,0,0,39,0,0,0,0,0,0,0,-108.75,1,0,0,0,83.75,0,0,3,0,0,0,1000
7717,0,151,3000,500,1000,0,0,38,0,0,0,0,0,0,0,-108.75,1,0,0,0,83.75,0,0,3,0,0,0,1000
7718,0,152,3000,500,1000,0,0,37,0,0,0,0,0,0,0,-108.75,1,0,0,0,83.75,0,0,3,0,0,0,1000
7719,0,153,3000,500,1000,0,0,36,0,0,0,0,0,0,0,-108.75,1,0,0,0,83.75,0,0,3,0,0,0,1000
7720,0,154,3000,500,1000,0,0,35,0,0,0,0,0,0,0,-108.75,1,0,0,0,83.75,0,0,3,0,0,0,1000
7721,0,155,3000,500,1000,0,0,34,0,0,0,0,0,0,0,-108.75,1,0,0,0,83.75,0,0,3,0,0,0,1000
7722,0,156,3000,500,1000,0,0,33,0,0,0,0,0,0,0,-108.75,1,0,0,0,83.75,0,0,3,0,0,0,1000
7723,0,157,3000,500,1000,0,0,32,0,0,0,0,0,0,0,-108.75,1,0,0,0,83.75,0,0,3,0,0,0,1000
7724,0,158,3000,500,1000,0,0,31,0,0,0,0,0,0,0,-108.75,1,0,0,0,83.75,0,0,3,0,0,0,1000
7725,0,159,3000,500,1000,0,0,30,0,0,0,0,0,0,0,-108.75,1,0,0,0,83.75,0,0,3,0,0,0,1000
7726,0,160,3000,500,1000,0,0,29,0,0,0,0,0,0,0,-108.75,1,0,0,0,83.75,0,0,3,0,0,0,1000
7727,0,161,3000,500,1000,0,0,28,0,0,0,0,0,0,0,-108.75,1,0,0,0,83.75,0,0,3,0,0,0,1000
7728,0,162,3000,500,1000,0,0,27,0,0,0,0,0,0,0,-108.75,1,0,0,0,83.75,0,0,3,0,0,0,1000
7729,0,163,3000,500,1000,0,0,26,0,0,0,0,0,0,0,-108.75,1,0,0,0,83.75,0,0,3,0,0,0,1000
7730,0,164,3000,500,1000,0,0,25,0,0,0,0,0,0,0,-108.75,1,0,0,0,83.75,0,0,3,0,0,0,1000
7731,0,165,3000,500,1000,0,0,24,0,0,0,0,0,0,0,-108.75,1,0,0,0,83.75,0,0,3,0,0,0,1000
7732,0,166,3000,500,1000,0,0,23,0,0,0,0,0,0,0,-108.75,1,0,0,0,83.75,0,0,3,0,0,0,1000
7733,0,167,3000,500,1000,0,0,22,0,0,0,0,0,0,0,-108.75,1,0,0,0,83.75,0,0,3,0,0,0,1000
7734,0,168,3000,500,1000,0,0,21,0,0,0,0,0,0,0,-108.75,1,0,0,0,83.75,0,0,3,0,0,0,1000
7735,0,169,3000,500,1000,0,0,20,0,0,0,0,0,0,0,-108.75,1,0,0,0,83.75,0,0,3,0,0,0,1000
7736,0,170,3000,500,1000,0,0,19,0,0,0,0,0,0,0,-108.75,1,0,0,0,83.75,0,0,3,0,0,0,1000
7737,0,171,3000,500,1000,0,0,18,0,0,0,0,0,0,0,-108.75,1,0,0,0,83.75,0,0,3,0,0,0,1000
7738,0,172,3000,500,1000,0,0,17,0,0,0,0,0,0,0,-108.75,1,0,0,0,83.75,0,0,3,0,0,0,1000
7739,0,173,3000,500,1000,0,0,16,0,0,0,0,0,0,0,-108.75,1,0,0,0,83.75,0,0,3,0,0,0,1000
7740,0,174,3000,500,1000,0,0,15,0,0,0,0,0,0,0,-108.75,1,0,0,0,83.75,0,0,3,0,0,0,1000
7741,0,175,3000,500,1000,0,0,14,0,0,0,0,0,0,0,-108.75,1,0,0,0,83.75,0,0,3,0,0,0,1000
7742,0,176,3000,500,1000,0,0,13,0,0,0,0,0,0,0,-108.75,1,0,0,0,83.75,0,0,3,0,0,0,1000
7743,0,177,3000,500,1000,0,0,12,0,0,0,0,0,0,0,-108.75,1,0,0,0,83.75,0,0,3,0,0,0,1000
7744,0,178,3000,500,1000,0,0,11,0,0,0,0,0,0,0,-108.75,1,0,0,0,83.75,0,0,3,0,0,0,1000
7745,0,179,3000,500,1000,0,0,10,0,0,0,0,0,0,0,-108.75,1,0,0,0,83.75,0,0,3,0,0,0,1000
7746,0,180,3000,500,1000,0,0,9,0,0,0,0,0,0,0,-108.75,1,0,0,0,83.75,0,0,3,0,0,0,1000
7747,0,181,3000,500,1000,0,0,8,0,0,0,0,0,0,0,-108.75,1,0,0,0,83.75,0,0,3,0,0,0,1000
7748,0,182,3000,500,1000,0,0,7,0,0,0,0,0,0,0,-108.75,1,0,0,0,83.75,0,0,3,0,0,0,1000
7749,0,183,3000,500,1000,0,0,6,0,0,0,0,0,0,0,-108.75,1,0,0,0,83.75,0,0,3,0,0,0,1000
7750,0,184,3000,500,1000,0,0,5,0,0,0,0,0,0,0,-108.75,1,0,0,0,83.75,0,0,3,0,0,0,1000
7751,0,185,3000,500,1000,0,0,4,0,0,0,0,0,0,0,-108.75,1,0,0,0,83.75,0,0,3,0,0,0,1000
7752,0,186,3000,500,1000,0,0,3,0,0,0,0,0,0,0,-108.75,1,0,0,0,83.75,0,0,3,0,0,0,1000
7753,0,187,3000,500,1000,0,0,2,0,0,0,0,0,0,0,-108.75,1,0,0,0,83.75,0,0,3,0,0,0,1000
7754,0,188,3000,500,1000,0,0,1,0,0,0,0,0,0,0,-108.75,1,0,0,0,83.75,0,0,3,0,0,0,1000
7755,0,189,3000,500,1000,0,0,0,0,0,0,0,0,0,0,-108.75,1,0,0,0,83.75,0,0,3,0,0,0,1000
7756,0,190,3000,500,1000,0,0,0,0,0,0,0,0,0,0,-108.75,1,0,0,0,83.75,0,0,3,0,0,0,1000
7757,0,191,3000,500,1000,0,0,0,0,0,0,0,0,0,0,-108.75,1,0,0,0,83.75,0,0,3,0,0,0,1000
7758,0,192,3000,500,1000,0,0,0,0,0,0,0,0,0,0,-108.75,1,0,0,0,83.75,0,0,3,0,0,0,1000
7759,0,193,3000,500,1000,0,0,0,0,0,0,0,0,0,0,-108.75,1,0,0,0,83.75,0,0,3,0,0,0,1000
7760,0,194,3000,500,1000,0,0,0,0,0,0,0,0,0,0,-108.75,1,0,0,0,83.75,0,0,3,0,0,0,1000
7761,0,195,3000,500,1000,0,0,0,0,0,0,0,0,0,0,-108.75,1,0,0,0,83.75,0,0,3,0,0,0,1000
7762,0,196,3000,500,1000,0,0,0,0,0,0,0,0,0,0,-108.75,1,0,0,0,83.75,0,0,3,0,0,0,1000
7763,0,197,3000,500,1000,0,0,0,0,0,0,0,0,0,0,-108.75,1,0,0,0,83.75,0,0,3,0,0,0,1000
7764,0,198,3000,500,1000,0,0,0,0,0,0,0,0,0,0,-108.75,1,0,0,0,83.75,0,0,3,0,0,0,1000
7765,0,199,3000,500,1000,0,0,0,0,0,0,0,0,0,0,-108.75,1,0,0,0,83.75,0,0,3,0,0,0,1000
7766,0,200,3000,500,1000,0,0,0,0,0,0,0,0,0,0,-108.75,1,0,0,0,83.75,0,0,3,0,0,0,1000
7767,0,201,3000,500,1000,0,0,0,0,0,0,0,0,0,0,-108.75,1,0,0,0,83.75,0,0,3,0,0,0,1000
7768,0,202,3000,500,1000,0,0,0,0,0,0,0,0,0,0,-108.75,1,0,0,0,83.75,0,0,3,0,0,0,1000
7769,0,203,3000,500,1000,0,0,0,0,0,0,0,0,0,0,-108.75,1,0,0,0,83.75,0,0,3,0,0,0,1000
7770,0,204,3000,500,1000,0,0,0,0,0,0,0,0,0,0,-108.75,1,0,0,0,83.75,0,0,3,0,0,0,1000
7771,0,205,3000,500,1000,0,0,0,0,0,0,0,0,0,0,-108.75,1,0,0,0,83.75,0,0,3,0,0,0,1000
7772,0,206,3000,500,1000,0,0,0,0,0,0,0,0,0,0,-108.75,1,0,0,0,83.75,0,0,3,0,0,0,1000
7773,0,207,3000,500,1000,0,0,0,0,0,0,0,0,0,0,-108.75,1,0,0,0,83.75,0,0,3,0,0,0,1000
7774,0,208,3000,500,1000,0,0,0,0,0,0,0,0,0,0,-108.75,1,0,0,0,83.75,0,0,3,0,0,0,1000
7775,0,209,3000,500,1000,0,0,0,0,0,0,0,0,0,0,-108.75,1,0,0,0,83.75,0,0,3,0,0,0,1000
7776,0,210,3000,500,1000,0,0,0,0,0,0,0,0,0,0,-108.75,1,0,0,0,83.75,0,0,3,0,0,0,1000
7777,0,211,3000,500,1000,0,0,0,0,0,0,0,0,0,0,-108.75,1,0,0,0,83.75,0,0,3,0,0,0,1000
7778,0,212,3000,500,1000,0,0,0,0,0,0,0,0,0,0,-108.75,1,0,0,0,83.75,0,0,3,0,0,0,1000
7779,0,213,3000,500,1000,0,0,0,0,0,0,0,0,0,0,-108.75,1,0,0,0,83.75,0,0,3,0,0,0,1000
7780,0,214,3000,500,1000,0,0,0,0,0,0,0,0,0,0,-108.75,1,0,0,0,83.75,0,0,3,0,0,0,1000
7781,0,215,3000,500,1000,0,0,0,0,0,0,0,0,0,0,-108.75,1,0,0,0,83.75,0,0,3,0,0,0,1000
7782,0,216,3000,500,1000,0,0,0,0,0,0,0,0,0,0,-108.75,1,0,0,0,83.75,0,0,3,0,0,0,1000
7783,0,217,3000,500,1000,0,0,0,0,0,0,0,0,0,0,-108.75,1,0,0,0,83.75,0,0,3,0,0,0,1000
7784,0,218,3000,500,1000,0,0,0,0,0,0,0,0,0,0,-108.75,1,0,0,0,83.75,0,0,3,0,0,0,1000
7785,0,219,3000,500,1000,0,0,0,0,0,0,0,0,0,0,-108.75,1,0,0,0,83.75,0,0,3,0,0,0,1000
7786,0,220,3000,500,1000,0,0,0,0,0,0,0,0,0,0,-108.75,1,0,0,0,83.75,0,0,3,0,0,0,1000
7787,0,221,3000,500,1000,0,0,0,0,0,0,0,0,0,0,-108.75,1,0,0,0,83.75,0,0,3,0,0,0,1000
7788,0,222,3000,500,1000,0,0,0,0,0,0,0,0,0,0,-108.75,1,0,0,0,83.75,0,0,3,0,0,0,1000
7789,0,223,3000,500,1000,0,0,0,0,0,0,0,0,0,0,-108.75,1,0,0,0,83.75,0,0,3,0,0,0,1000
7790,0,224,3000,500,1000,0,0,0,0,0,0,0,0,0,0,-108.75,1,0,0,0,83.75,0,0,3,0,0,0,1000
7791,0,225,3000,500,1000,0,0,0,0,0,0,0,0,0,0,-108.75,1,0,0,0,83.75,0,0,3,0,0,0,1000
7792,0,226,3000,500,1000,0,0,0,0,0,0,0,0,0,0,-108.75,1,0,0,0,83.75,0,0,3,0,0,0,1000
7793,0,227,3000,500,1000,0,0,0,0,0,0,0,0,0,0,-108.75,1,0,0,0,83.75,0,0,3,0,0,0,1000
7794,0,228,3000,500,1000,0,0,0,0,0,0,0,0,0,0,-108.75,1,0,0,0,83.75,0,0,3,0,0,0,1000
7795,0,229,3000,500,1000,0,0,0,0,0,0,0,0,0,0,-108.75,1,0,0,0,83.75,0,0,3,0,0,0,1000
7796,0,230,3000,500,1000,0,0,0,0,0,0,0,0,0,0,-108.75,1,0,0,0,83.75,0,0,3,0,0,0,1000
7797,0,231,3000,500,1000,0,0,0,0,0,0,0,0,0,0,-108.75,1,0,0,0,83.75,0,0,3,0,0,0,1000
7798,0,232,3000,500,1000,0,0,0,0,0,0,0,0,0,0,-108.75,1,0,0,0,83.75,0,0,3,0,0,0,1000
7799,0,233,3000,500,1000,0,0,0,0,0,0,0,0,0,0,-108.75,1,0,0,0,83.75,0,0,3,0,0,0,1000
7800,0,234,3000,500,1000,0,0,0,0,0,0,0,0,0,0,-108.75,1,0,0,0,83.75,0,0,3,0,0,0,1000
7801,0,235,3000,500,1000,0,0,0,0,0,0,0,0,0,0,-108.75,1,0,0,0,83.75,0,0,3,0,0,0,1000
7802,0,236,3000,500,1000,0,0,0,0,0,0,0,0,0,0,-108.75,1,0,0,0,83.75,0,0,3,0,0,0,1000
7803,0,237,3000,500,1000,0,0,0,0,0,0,0,0,0,0,-108.75,1,0,0,0,83.75,0,0,3,0,0,0,1000
7804,0,238,3000,500,1000,0,0,0,0,0,0,0,0,0,0,-108.75,1,0,0,0,83.75,0,0,3,0,0,0,1000
7805,0,239,3000,500,1000,0,0,0,0,0,0,0,0,0,0,-108.75,1,0,0,0,83.75,0,0,3,0,0,0,1000
7806,0,240,3000,500,1000,0,0,0,0,0,0,0,0,0,0,-108.75,1,0,0,0,83.75,0,0,3,0,0,0,1000
7807,0,241,3000,500,1000,0,0,0,0,0,0,0,0,0,0,-108.75,1,0,0,0,83.75,0,0,3,0,0,0,1000
7808,0,242,3000,500,1000,0,0,0,0,0,0,0,0,0,0,-108.75,1,0,0,0,83.75,0,0,3,0,0,0,1000
7809,0,243,3000,500,1000,0,0,0,0,0,0,0,0,0,0,-108.75,1,0,0,0,83.75,0,0,3,0,0,0,1000
7810,0,1,3000,500,1000,500,0,0,0,0,0,0,0,0,0,-108.75,1,0,0,0,83.75,0,0,3,0,0,0,1000
7811,0,2,3000,500,1000,499,0,0,0,0,0,0,0,0,0,-108.75,1,0,0,0,83.75,0,0,3,0,0,0,1000
7812,0,3,3000,500,1000,498,0,0,0,0,0,0,0,0,0,-108.75,1,0,0,0,83.75,0,0,3,0,0,0,1000
7813,0,4,3000,500,1000,497,0,0,0,0,0,0,0,0,0,-108.75,1,0,0,0,83.75,0,0,3,0,0,0,1000
7814,0,5,3000,500,1000,496,0,0,0,0,0,0,0,0,0,-108.75,1,0,0,0,83.75,0,0,3,0,0,0,1000
7815,0,6,3000,500,1000,495,0,0,0,0,0,0,0,0,0,-108.75,1,0,0,0,83.75,0,0,3,0,0,0,1000
7816,0,7,3000,500,1000,494,0,0,0,0,0,0,0,0,0,-108.75,1,0,0,0,83.75,0,0,3,0,0,0,1000
7817,0,8,3000,500,1000,493,0,0,0,0,0,0,0,0,0,-108.75,1,0,0,0,83.75,0,0,3,0,0,0,1000
7818,0,9,3000,500,1000,492,0,0,0,0,0,0,0,0,0,-108.75,1,0,0,0,83.75,0,0,3,0,0,0,1000
7819,10,1,3000,500,1000,491,0,0,0,0,0,0,0,0,0,-108.75,1,0,0,0,83.75,0,0,3,0,0,0,1000
7820,10,2,3000,500,1000,490,0,0,0,0,0,0,0,0,0,-108.75,1,0,0,0,83.75,0,0,3,0,0,0,1000
7821,10,3,3000,500,1000,489,0,0,0,0,0,0,0,0,0,-108.75,1,0,0,0,83.75,0,0,3,0,0,0,1000
7822,10,4,3000,500,1000,488,0,0,0,0,0,0,0,0,0,-108.75,1,0,0,0,83.75,0,0,3,0,0,0,1000
7823,10,5,3000,500,1000,487,0,0,0,0,0,0,0,0,0,-108.75,1,0,0,0,83.75,0,0,3,0,0,0,1000
7824,10,6,3000,500,1000,486,0,0,0,0,0,0,0,0,0,-108.75,1,0,0,0,83.75,0,0,3,0,0,0,1000
7825,12,1,3000,500,1000,485,0,0,0,0,0,0,0,0,0,-108.75,1,0,0,0,83.75,0,0,3,0,0,0,1000
7826,20,1,3000,500,1000,484,0,0,0,0,0,0,0,0,0,-109.97999572753906,1,0,0,0,83.75,0,0,3,0,0,0,1000
7827,20,2,3000,500,1000,483,0,0,0,0,0,0,0,0,0,-110.20999908447266,1,0,0,0,83.5,0,0,3,0,0,0,1000
7828,10,1,3000,500,1000,482,0,0,0,0,0,0,0,0,0,-110.20999908447266,1,0,0,0,82.25,0,0,3,0,0,0,1000
7829,10,2,3000,500,1000,481,0,0,0,0,0,0,0,0,0,-110.20999908447266,1,0,0,0,82.25,0,0,3,0,0,0,1000
7830,10,3,3000,500,1000,480,0,0,0,0,0,0,0,0,0,-110.20999908447266,1,0,0,0,82.25,0,0,3,0,0,0,1000
7831,10,4,3000,500,1000,479,0,0,0,0,0,0,0,0,0,-110.20999908447266,1,0,0,0,82.25,0,0,3,0,0,0,1000
7832,10,5,3000,500,1000,478,0,0,0,0,0,0,0,0,0,-110.20999908447266,1,0,0,0,82.25,0,0,3,0,0,0,1000
7833,10,6,3000,500,1000,477,0,0,0,0,0,0,0,0,0,-110.20999908447266,1,0,0,0,82.25,0,0,3,0,0,0,1000
7834,4000,1,1000,500,1000,476,0,0,0,0,0,0,0,0,0,-110.20999908447266,1,0,0,0,82.25,0,0,0,3,0,0,1000
7835,4000,2,1000,500,1000,0,0,0,0,0,0,0,0,0,0,-110.20999908447266,1,0,0,0,82.25,0,0,0,3,0,0,1000
7836,4000,3,1000,500,1000,0,0,0,0,0,0,0,0,0,0,-110.20999908447266,1,0,0,0,82.25,0,0,0,3,0,0,1000
7837,4000,4,1000,500,1000,0,0,0,0,0,0,0,0,0,0,-107.00999450683594,1,0,0,0,82.25,0,0,0,3,-6,0,1000
7838,4000,5,1000,500,1000,0,0,0,0,0,0,0,0,0,0,-103.80999755859375,1,0,0,0,82.25,0,0,0,3,-11.5,0,1000
7839,4000,6,1000,500,1000,0,0,0,0,0,0,0,0,0,0,-100.61000061035156,1,0,0,0,82.25,0,0,0,3,-16.5,0,1000
7840,4000,7,1000,500,1000,0,0,0,0,0,0,0,0,0,0,-97.40999603271484,1,0,0,0,82.25,0,0,0,3,-21,0,1000
7841,4000,8,1000,500,1000,0,0,0,0,0,0,0,0,0,0,-94.20999908447266,1,0,0,0,82.25,0,0,0,3,-25,0,1000
7842,4000,9,1000,500,1000,0,0,0,0,0,0,0,0,0,0,-91.00999450683594,1,0,0,0,82.25,0,0,0,3,-28.5,0,1000
7843,4000,10,1000,500,1000,0,0,0,0,0,0,0,0,0,0,-87.80999755859375,1,0,0,0,82.25,0,0,0,3,-31.5,0,1000
7844,4000,11,1000,500,1000,0,0,0,0,0,0,0,0,0,0,-84.61000061035156,1,0,0,0,82.25,0,0,0,3,-34,0,1000
7845,4000,12,1000,500,1000,0,0,0,0,0,0,0,0,0,0,-81.83000183105469,1,0,0,0,82.25,0,0,0,3,-36,0,1000
7846,4000,13,1000,500,1000,0,0,0,0,0,0,0,0,0,0,-80.22999572753906,1,0,0,0,82.25,0,0,0,3,-37.5,0,1000
7847,4000,13,1000,500,915,0,0,0,0,0,0,0,0,0,0,-80.22999572753906,1,0,0,0,82.25,0,0,0,3,-37.5,0,1018
7848,4000,13,1000,500,915,0,0,0,0,0,0,0,0,0,0,-80.22999572753906,1,0,0,0,82.25,0,0,0,3,-37.5,0,1018
7849,4000,13,1000,500,915,0,0,0,0,0,0,0,0,0,0,-80.22999572753906,1,0,0,0,82.25,0,0,0,3,-37.5,0,1018
7850,4000,13,1000,500,915,0,0,0,0,0,0,0,0,0,0,-80.22999572753906,1,0,0,0,82.25,0,0,0,3,-37.5,0,1018
7851,4000,13,1000,500,915,0,0,0,0,0,0,0,0,0,0,-80.22999572753906,1,0,0,0,82.25,0,0,0,3,-37.5,0,1018
7852,4000,13,1000,500,915,0,0,0,0,0,0,0,0,0,0,-80.22999572753906,1,0,0,0,82.25,0,0,0,3,-37.5,0,1018
7853,4000,14,1000,500,915,0,0,0,0,0,0,0,0,0,0,-78.62999725341797,1,0,0,0,82.25,0,0,0,3,-38.5,0,1018
7854,4000,15,1000,500,915,0,0,0,0,0,0,0,0,0,0,-77.02999877929688,1,0,0,0,82.25,0,0,0,3,-39,0,1018
7855,4000,16,1000,500,915,0,0,0,0,0,0,0,0,0,0,-75.43000030517578,1,0,0,0,82.25,0,0,0,3,-39,0,1018
7856,4000,17,1000,500,915,0,0,0,0,0,0,0,0,0,0,-73.82999420166016,1,0,0,0,82.25,0,0,0,3,-38.5,0,1018
7857,4000,18,1000,500,915,0,0,0,0,0,0,0,0,0,0,-71.97999572753906,1,0,0,0,82.25,0,0,0,3,-37.5,0,2018
7858,4000,19,1000,500,915,0,0,0,0,0,0,0,0,0,0,-70.37999725341797,1,0,0,0,82.25,0,0,0,3,-36,0,2018
7859,4000,20,1000,500,915,0,0,0,0,0,0,0,0,0,0,-68.77999877929688,1,0,0,0,82.25,0,0,0,3,-34,0,2018
7860,4000,21,1000,500,915,0,0,0,0,0,0,0,0,0,0,-67.18000030517578,1,0,0,0,82.25,0,0,0,3,-31.5,0,2018
7861,4000,22,1000,500,915,0,0,0,0,0,0,0,0,0,0,-65.58000183105469,1,0,0,0,82.25,0,0,0,3,-28.5,0,2018
7862,4000,23,1000,500,915,0,0,0,0,0,0,0,0,0,0,-63.980003356933594,1,0,0,0,82.25,0,0,0,3,-25,0,2018
7863,4000,24,1000,500,915,0,0,0,0,0,0,0,0,0,0,-62.3800048828125,1,0,0,0,82.25,0,0,0,3,-21,0,2018
7864,4000,25,1000,500,915,0,0,0,0,0,0,0,0,0,0,-60.780006408691406,1,0,0,0,82.25,0,0,0,3,-16.5,0,2018
7865,4000,26,1000,500,915,0,0,0,0,0,0,0,0,0,0,-59.18000793457031,1,0,0,0,82.25,0,0,0,3,-11.5,0,2018
7866,4000,27,1000,500,915,0,0,0,0,0,0,0,0,0,0,-57.58000564575195,1,0,0,0,82.25,0,0,0,3,-6,0,2018
7867,4000,28,1000,500,915,0,0,0,0,0,0,0,0,0,0,-55.980003356933594,1,0,0,0,82.25,0,0,0,3,0,0,2018
7868,4000,29,1000,500,915,0,0,0,0,0,0,0,0,0,0,-57.480003356933594,1,0,0,0,82.25,0,0,0,3,0,0,2018
7869,4000,30,1000,500,915,0,0,0,0,0,0,0,0,0,0,-57.480003356933594,1,0,0,0,82.25,0,0,0,3,0,0,2018
7870,4000,31,1000,500,915,0,0,0,0,0,0,0,0,0,0,-57.480003356933594,1,0,0,0,82.25,0,0,0,3,0,0,2018
7871,4000,32,1000,500,915,0,0,0,0,0,0,0,0,0,0,-55.08000183105469,1,0,0,0,82.25,0,0,0,3,-5.5,0,2018
7872,4000,33,1000,500,915,0,0,0,0,0,0,0,0,0,0,-53.58000183105469,1,0,0,0,82.25,0,0,0,3,-10.5,0,2018
7873,4000,34,1000,500,915,0,0,0,0,0,0,0,0,0,0,-52.3800048828125,1,0,0,0,82.25,0,0,0,3,-15,0,2018
7874,4000,35,1000,500,915,0,0,0,0,0,0,0,0,0,0,-51.18000411987305,1,0,0,0,82.25,0,0,0,3,-19,0,2018
7875,4000,36,1000,500,915,0,0,0,0,0,0,0,0,0,0,-49.980003356933594,1,0,0,0,82.25,0,0,0,3,-22.5,0,2018
7876,4000,37,1000,500,915,0,0,0,0,0,0,0,0,0,0,-48.78000259399414,1,0,0,0,82.25,0,0,0,3,-25.5,0,2018
7877,4000,38,1000,500,915,0,0,0,0,0,0,0,0,0,0,-47.58000183105469,1,0,0,0,82.25,0,0,0,3,-28,0,2018
7878,4000,39,1000,500,915,0,0,0,0,0,0,0,0,0,0,-46.380001068115234,1,0,0,0,82.25,0,0,0,3,-30,0,2018
7879,4000,40,1000,500,915,0,0,0,0,0,0,0,0,0,0,-45.18000030517578,1,0,0,0,82.25,0,0,0,3,-31.5,0,2018
7880,4000,40,1000,500,835,0,0,0,0,0,0,0,0,0,0,-45.18000030517578,1,0,0,0,82.25,0,0,0,3,-31.5,0,3036
7881,4000,40,1000,500,835,0,0,0,0,0,0,0,0,0,0,-45.18000030517578,1,0,0,0,82.25,0,0,0,3,-31.5,0,3036
7882,4000,40,1000,500,835,0,0,0,0,0,0,0,0,0,0,-45.18000030517578,1,0,0,0,82.25,0,0,0,3,-31.5,0,3036
7883,4000,40,1000,500,835,0,0,0,0,0,0,0,0,0,0,-45.18000030517578,1,0,0,0,82.25,0,0,0,3,-31.5,0,3036
7884,4000,40,1000,500,835,0,0,0,0,0,0,0,0,0,0,-45.18000030517578,1,0,0,0,82.25,0,0,0,3,-31.5,0,3036
7885,4000,40,1000,500,835,0,0,0,0,0,0,0,0,0,0,-45.18000030517578,1,0,0,0,82.25,0,0,0,3,-31.5,0,3036
7886,4000,41,1000,500,835,0,0,0,0,0,0,0,0,0,0,-43.97999954223633,1,0,0,0,82.25,0,0,0,3,-32.5,0,3036
7887,4000,42,1000,500,835,0,0,0,0,0,0,0,0,0,0,-42.779998779296875,1,0,0,0,82.25,0,0,0,3,-33,0,3036
7888,4000,43,1000,500,835,0,0,0,0,0,0,0,0,0,0,-41.58000183105469,1,0,0,0,82.25,0,0,0,3,-33,0,3036
7889,4000,44,1000,500,835,0,0,0,0,0,0,0,0,0,0,-40.1300048828125,1,0,0,0,82.25,0,0,0,3,-32.5,0,3036
7890,4000,45,1000,500,835,0,0,0,0,0,0,0,0,0,0,-38.93000793457031,1,0,0,0,82.25,0,0,0,3,-31.5,0,3036
7891,4000,46,1000,500,835,0,0,0,0,0,0,0,0,0,0,-37.730010986328125,1,0,0,0,82.25,0,0,0,3,-30,0,3036
7892,4000,47,1000,500,835,0,0,0,0,0,0,0,0,0,0,-36.53001403808594,1,0,0,0,82.25,0,0,0,3,-28,0,3036
7893,4000,48,1000,500,835,0,0,0,0,0,0,0,0,0,0,-35.33001708984375,1,0,0,0,82.25,0,0,0,3,-25.5,0,3036
7894,4000,49,1000,500,835,0,0,0,0,0,0,0,0,0,0,-34.13002014160156,1,0,0,0,82.25,0,0,0,3,-22.5,0,3036
7895,4000,50,1000,500,835,0,0,0,0,0,0,0,0,0,0,-32.930023193359375,1,0,0,0,82.25,0,0,0,3,-19,0,3036
7896,4000,51,1000,500,835,0,0,0,0,0,0,0,0,0,0,-31.730026245117188,1,0,0,0,82.25,0,0,0,3,-15,0,3036
7897,4000,52,1000,500,835,0,0,0,0,0,0,0,0,0,0,-30.530029296875,1,0,0,0,82.25,0,0,0,3,-10.5,0,3036
7898,4000,53,1000,500,835,0,0,0,0,0,0,0,0,0,0,-29.330032348632812,1,0,0,0,82.25,0,0,0,3,-5.5,0,3036
7899,4000,54,1000,500,835,0,0,0,0,0,0,0,0,0,0,-28.13003158569336,1,0,0,0,82.25,0,0,0,3,0,0,3036
7900,4000,55,1000,500,835,0,0,0,0,0,0,0,0,0,0,-29.63003158569336,1,0,0,0,82.25,0,0,0,3,0,0,3036
7901,4000,56,1000,500,835,0,0,0,0,0,0,0,0,0,0,-29.63003158569336,1,0,0,0,82.25,0,0,0,3,0,0,3036
7902,4000,56,1000,500,705,0,0,0,0,0,0,0,0,0,0,-29.63003158569336,1,0,0,0,82.25,0,0,0,3,0,0,4054
7903,4000,56,1000,500,705,0,0,0,0,0,0,0,0,0,0,-29.63003158569336,1,0,0,0,82.25,0,0,0,3,0,0,4054
7904,4000,56,1000,500,705,0,0,0,0,0,0,0,0,0,0,-29.63003158569336,1,0,0,0,82.25,0,0,0,3,0,0,4054
7905,4000,56,1000,500,705,0,0,0,0,0,0,0,0,0,0,-29.63003158569336,1,0,0,0,82.25,0,0,0,3,0,0,4054
7906,4000,56,1000,500,705,0,0,0,0,0,0,0,0,0,0,-29.63003158569336,1,0,0,0,82.25,0,0,0,3,0,0,4054
7907,4000,56,1000,500,705,0,0,0,0,0,0,0,0,0,0,-29.63003158569336,1,0,0,0,82.25,0,0,0,3,0,0,4054
7908,4000,57,1000,500,705,0,0,0,0,0,0,0,0,0,0,-29.63003158569336,1,0,0,0,82.25,0,0,0,3,0,0,4054
7909,4000,58,1000,500,705,0,0,0,0,0,0,0,0,0,0,-29.63003158569336,1,0,0,0,82.25,0,0,0,3,0,0,4054
7910,4000,59,1000,500,705,0,0,0,0,0,0,0,0,0,0,-29.63003158569336,1,0,0,0,82.25,0,0,0,3,0,0,4054
7911,4000,60,1000,500,705,0,0,0,0,0,0,0,0,0,0,-29.63003158569336,1,0,0,0,82.25,0,0,0,3,0,0,4054
7912,4000,61,1000,500,705,0,0,0,0,0,0,0,0,0,0,-29.63003158569336,1,0,0,0,82.25,0,0,0,3,0,0,4054
7913,4000,62,1000,500,705,0,0,0,0,0,0,0,0,0,0,-29.63003158569336,1,0,0,0,82.25,0,0,0,3,0,0,4054
7914,4000,63,1000,500,705,0,0,0,0,0,0,0,0,0,0,-29.63003158569336,1,0,0,0,82.25,0,0,0,3,0,0,4054
7915,4000,64,1000,500,705,0,0,0,0,0,0,0,0,0,0,-29.63003158569336,1,0,0,0,82.25,0,0,0,3,0,0,4054
7916,4000,65,1000,500,705,0,0,0,0,0,0,0,0,0,0,-29.63003158569336,1,0,0,0,82.25,0,0,0,3,0,0,4054
7917,4000,66,1000,500,705,0,0,0,0,0,0,0,0,0,0,-29.63003158569336,1,0,0,0,82.25,0,0,0,3,0,0,4054
7918,4000,67,1000,500,705,0,0,0,0,0,0,0,0,0,0,-29.63003158569336,1,0,0,0,82.25,0,0,0,3,0,0,4054
7919,4000,68,1000,500,705,0,0,0,0,0,0,0,0,0,0,-29.63003158569336,1,0,0,0,82.25,0,0,0,3,0,0,4054
7920,0,1,1000,500,705,0,0,0,0,0,0,0,0,0,0,-29.63003158569336,1,0,0,0,82.25,0,0,0,3,0,0,4054
7921,0,2,1000,500,705,0,0,0,0,0,0,0,0,0,0,-29.63003158569336,1,0,0,0,82.25,0,0,0,3,0,0,4054
7922,0,3,1000,500,705,0,0,0,0,0,0,0,0,0,0,-29.63003158569336,1,0,0,0,82.25,0,0,0,3,0,0,4054
7923,0,4,1000,500,705,0,0,0,0,0,0,0,0,0,0,-29.63003158569336,1,0,0,0,82.25,0,0,0,3,0,0,4054
7924,0,5,1000,500,705,0,0,0,0,0,0,0,0,0,0,-29.63003158569336,1,0,0,0,82.25,0,0,0,3,0,0,4054
7925,0,6,1000,500,705,0,0,0,0,0,0,0,0,0,0,-29.63003158569336,1,0,0,0,82.25,0,0,0,3,0,0,4054
7926,0,7,1000,500,705,0,0,0,0,0,0,0,0,0,0,-29.63003158569336,1,0,0,0,82.25,0,0,0,3,0,0,4054
7927,0,8,1000,500,705,0,0,0,0,0,0,0,0,0,0,-29.63003158569336,1,0,0,0,82.25,0,0,0,3,0,0,4054
7928,0,9,1000,500,705,0,0,0,0,0,0,0,0,0,0,-29.63003158569336,1,0,0,0,82.25,0,0,0,3,0,0,4054
7929,0,10,1000,500,705,0,0,0,0,0,0,0,0,0,0,-29.63003158569336,1,0,0,0,82.25,0,0,0,3,0,0,4054
7930,0,11,1000,500,705,0,0,0,0,0,0,0,0,0,0,-29.63003158569336,1,0,0,0,82.25,0,0,0,3,0,0,4054
7931,0,12,1000,500,705,0,0,0,0,0,0,0,0,0,0,-29.63003158569336,1,0,0,0,82.25,0,0,0,3,0,0,4054
7932,0,13,1000,500,705,0,0,0,0,0,0,0,0,0,0,-29.63003158569336,1,0,0,0,82.25,0,0,0,3,0,0,4054
7933,0,14,1000,500,705,0,0,0,0,0,0,0,0,0,0,-29.63003158569336,1,0,0,0,82.25,0,0,0,3,0,0,4054
7934,0,15,1000,500,705,0,0,0,0,0,0,0,0,0,0,-29.63003158569336,1,0,0,0,82.25,0,0,0,3,0,0,4054
7935,0,16,1000,500,705,0,0,0,0,0,0,0,0,0,0,-29.63003158569336,1,0,0,0,82.25,0,0,0,3,0,0,4054
7936,0,17,1000,500,705,0,0,0,0,0,0,0,0,0,0,-29.63003158569336,1,0,0,0,82.25,0,0,0,3,0,0,4054
7937,0,18,1000,500,705,0,0,0,0,0,0,0,0,0,0,-29.63003158569336,1,0,0,0,82.25,0,0,0,3,0,0,4054
7938,0,19,1000,500,705,0,0,0,0,0,0,0,0,0,0,-29.88003158569336,1,0,0,0,82.25,0,0,0,3,0,0,4054
7939,0,20,1000,500,705,0,0,0,0,0,0,0,0,0,0,-33.88003158569336,1,0,0,0,82.5,0,0,0,3,0,0,4054
7940,0,21,1000,500,705,0,0,0,0,0,0,0,0,0,0,-37.88003158569336,1,0,0,0,86.5,0,0,0,3,0,0,4054
7941,0,22,1000,500,705,0,0,0,0,0,0,0,0,0,0,-41.88003158569336,1,0,0,0,90.5,0,0,0,3,0,0,4054
7942,0,23,1000,500,705,0,0,0,0,0,0,0,0,0,0,-45.88003158569336,1,0,0,0,94.5,0,0,0,3,0,0,4054
7943,0,24,1000,500,705,0,0,0,0,0,0,0,0,0,0,-49.88003158569336,1,0,0,0,98.5,0,0,0,3,0,0,4054
7944,0,25,1000,500,705,0,0,0,0,0,0,0,0,0,0,-53.88003158569336,1,0,0,0,102.5,0,0,0,3,0,0,4054
7945,0,26,1000,500,705,0,0,0,0,0,0,0,0,0,0,-57.88003158569336,1,0,0,0,106.5,0,0,0,3,0,0,4054
7946,0,27,1000,500,705,0,0,0,0,0,0,0,0,0,0,-61.88003158569336,1,0,0,0,110.5,0,0,0,3,0,0,4054
7947,0,28,1000,500,705,0,0,0,0,0,0,0,0,0,0,-65.88003540039062,1,0,0,0,114.5,0,0,0,3,0,0,4054
7948,0,29,1000,500,705,0,0,0,0,0,0,0,0,0,0,-69.88003540039062,1,0,0,0,118.5,0,0,0,3,0,0,4054
7949,0,30,1000,500,705,0,0,0,0,0,0,0,0,0,0,-73.88003540039062,1,0,0,0,122.5,0,0,0,3,0,0,4054
7950,0,31,1000,500,705,0,0,0,0,0,0,0,0,0,0,-77.88003540039062,1,0,0,0,126.5,0,0,0,3,0,0,4054
7951,0,32,1000,500,705,0,0,0,0,0,0,0,0,0,0,-81.88003540039062,1,0,0,0,130.5,0,0,0,3,0,0,4054
7952,0,33,1000,500,705,0,0,0,0,0,0,0,0,0,0,-85.88003540039062,1,0,0,0,134.5,0,0,0,3,0,0,4054
7953,0,34,1000,500,705,0,0,0,0,0,0,0,0,0,0,-89.88003540039062,1,0,0,0,138.5,0,0,0,3,0,0,4054
7954,0,35,1000,500,705,0,0,0,0,0,0,0,0,0,0,-93.88003540039062,1,0,0,0,142.5,0,0,0,3,0,0,4054
7955,0,36,1000,500,705,0,0,0,0,0,0,0,0,0,0,-97.88003540039062,1,0,0,0,146.5,0,0,0,3,0,0,4054
7956,0,37,1000,500,705,0,0,0,0,0,0,0,0,0,0,-97.88003540039062,1,0,0,0,150.5,0,0,0,3,0,0,4054
7957,0,38,1000,500,705,0,0,0,0,0,0,0,0,0,0,-97.88003540039062,1,0,0,0,150.5,0,0,0,3,0,0,4054
7958,0,39,1000,500,705,0,0,0,0,0,0,0,0,0,0,-97.88003540039062,1,0,0,0,150.5,0,0,0,3,0,0,4054
7959,0,40,1000,500,705,0,0,0,0,0,0,0,0,0,0,-97.88003540039062,1,0,0,0,150.5,0,0,0,3,0,0,4054
7960,0,41,1000,500,705,0,0,0,0,0,0,0,0,0,0,-97.88003540039062,1,0,0,0,150.5,0,0,0,3,0,0,4054
7961,0,42,1000,500,705,0,0,0,0,0,0,0,0,0,0,-97.88003540039062,1,0,0,0,150.5,0,0,0,3,0,0,4054
7962,0,43,1000,500,705,0,0,0,0,0,0,0,0,0,0,-97.88003540039062,1,0,0,0,150.5,0,0,0,3,0,0,4054
7963,0,44,1000,500,705,0,0,0,0,0,0,0,0,0,0,-97.88003540039062,1,0,0,0,150.5,0,0,0,3,0,0,4054
7964,0,45,1000,500,705,0,0,0,0,0,0,0,0,0,0,-100.88003540039062,1,0,0,0,150.5,0,0,0,3,0,0,4054
7965,0,46,1000,500,705,0,0,0,0,0,0,0,0,0,0,-103.88003540039062,1,0,0,0,153.5,0,0,0,3,0,0,4054
7966,0,47,1000,500,705,0,0,0,0,0,0,0,0,0,0,-106.88003540039062,1,0,0,0,156.5,0,0,0,3,0,0,4054
7967,0,48,1000,500,705,0,0,0,0,0,0,0,0,0,0,-107.38003540039062,1,0,0,0,159.5,0,0,0,3,0,0,4054
7968,0,49,1000,500,705,0,0,0,0,0,0,0,0,0,0,-107.38003540039062,1,0,0,0,160,0,0,0,3,0,0,4054
7969,0,50,1000,500,705,0,0,0,0,0,0,0,0,0,0,-107.38003540039062,1,0,0,0,160,0,0,0,3,0,0,4054
7970,0,51,1000,500,705,0,0,0,0,0,0,0,0,0,0,-107.38003540039062,1,0,0,0,160,0,0,0,3,0,0,4054
7971,0,52,1000,500,705,0,0,0,0,0,0,0,0,0,0,-107.38003540039062,1,0,0,0,160,0,0,0,3,0,0,4054
7972,0,53,1000,500,705,0,0,0,0,0,0,0,0,0,0,-107.38003540039062,1,0,0,0,160,0,0,0,3,0,0,4054
7973,0,54,1000,500,705,0,0,0,0,0,0,0,0,0,0,-107.38003540039062,1,0,0,0,160,0,0,0,3,0,0,4054
7974,0,55,1000,500,705,0,0,0,0,0,0,0,0,0,0,-107.38003540039062,1,0,0,0,160,0,0,0,3,0,0,4054
7975,0,56,1000,500,705,0,0,0,0,0,0,0,0,0,0,-107.38003540039062,1,0,0,0,160,0,0,0,3,0,0,4054
7976,0,57,1000,500,705,0,0,0,0,0,0,0,0,0,0,-107.38003540039062,1,0,0,0,160,0,0,0,3,0,0,4054
7977,0,58,1000,500,705,0,0,0,0,0,0,0,0,0,0,-107.38003540039062,1,0,0,0,160,0,0,0,3,0,0,4054
7978,0,59,1000,500,705,0,0,0,0,0,0,0,0,0,0,-107.38003540039062,1,0,0,0,160,0,0,0,3,0,0,4054
7979,0,60,1000,500,705,0,0,0,0,0,0,0,0,0,0,-107.38003540039062,1,0,0,0,160,0,0,0,3,0,0,4054
7980,0,61,1000,500,705,0,0,0,0,0,0,0,0,0,0,-107.38003540039062,1,0,0,0,160,0,0,0,3,0,0,4054
7981,0,62,1000,500,705,0,0,0,0,0,0,0,0,0,0,-107.38003540039062,1,0,0,0,160,0,0,0,3,0,0,4054
7982,0,63,1000,500,705,0,0,0,0,0,0,0,0,0,0,-107.38003540039062,1,0,0,0,160,0,0,0,3,0,0,4054
7983,0,64,1000,500,705,0,0,0,0,0,0,0,0,0,0,-107.38003540039062,1,0,0,0,160,0,0,0,3,0,0,4054
7984,0,65,1000,500,705,0,0,0,0,0,0,0,0,0,0,-107.38003540039062,1,0,0,0,160,0,0,0,3,0,0,4054
7985,0,66,1000,500,705,0,0,0,0,0,0,0,0,0,0,-107.38003540039062,1,0,0,0,160,0,0,0,3,0,0,4054
7986,0,67,1000,500,705,0,0,0,0,0,0,0,0,0,0,-107.38003540039062,1,0,0,0,160,0,0,0,3,0,0,4054
7987,0,68,1000,500,705,0,0,0,0,0,0,0,0,0,0,-107.38003540039062,1,0,0,0,160,0,0,0,3,0,0,4054
7988,0,69,1000,500,705,0,0,0,0,0,0,0,0,0,0,-107.38003540039062,1,0,0,0,160,0,0,0,3,0,0,4054
7989,0,70,1000,500,705,0,0,0,0,0,0,0,0,0,0,-107.38003540039062,1,0,0,0,160,0,0,0,3,0,0,4054
7990,0,71,1000,500,705,0,0,0,0,0,0,0,0,0,0,-107.38003540039062,1,0,0,0,160,0,0,0,3,0,0,4054
7991,0,72,1000,500,705,0,0,0,0,0,0,0,0,0,0,-107.38003540039062,1,0,0,0,160,0,0,0,3,0,0,4054
7992,0,73,1000,500,705,0,0,0,0,0,0,0,0,0,0,-107.38003540039062,1,0,0,0,160,0,0,0,3,0,0,4054
7993,0,74,1000,500,705,0,0,0,0,0,0,0,0,0,0,-107.38003540039062,1,0,0,0,160,0,0,0,3,0,0,4054
7994,0,75,1000,500,705,0,0,0,0,0,0,0,0,0,0,-107.38003540039062,1,0,0,0,160,0,0,0,3,0,0,4054
7995,0,76,1000,500,705,0,0,0,0,0,0,0,0,0,0,-107.38003540039062,1,0,0,0,160,0,0,0,3,0,0,4054
7996,0,77,1000,500,705,0,0,0,0,0,0,0,0,0,0,-107.38003540039062,1,0,0,0,160,0,0,0,3,0,0,4054
7997,0,78,1000,500,705,0,0,0,0,0,0,0,0,0,0,-107.38003540039062,1,0,0,0,160,0,0,0,3,0,0,4054
7998,0,79,1000,500,705,0,0,0,0,0,0,0,0,0,0,-107.38003540039062,1,0,0,0,160,0,0,0,3,0,0,4054
7999,0,80,1000,500,705,0,0,0,0,0,0,0,0,0,0,-107.38003540039062,1,0,0,0,160,0,0,0,3,0,0,4054
8000,0,81,1000,500,705,0,0,0,0,0,0,0,0,0,0,-107.38003540039062,1,0,0,0,160,0,0,0,3,0,0,4054
8001,0,82,1000,500,705,0,0,0,0,0,0,0,0,0,0,-107.38003540039062,1,0,0,0,160,0,0,0,3,0,0,4054
8002,0,83,1000,500,705,0,0,0,0,0,0,0,0,0,0,-107.38003540039062,1,0,0,0,160,0,0,0,3,0,0,4054
8003,0,84,1000,500,705,0,0,0,0,0,0,0,0,0,0,-107.38003540039062,1,0,0,0,160,0,0,0,3,0,0,4054
8004,0,85,1000,500,705,0,0,0,0,0,0,0,0,0,0,-107.38003540039062,1,0,0,0,160,0,0,0,3,0,0,4054
8005,0,86,1000,500,705,0,0,0,0,0,0,0,0,0,0,-107.38003540039062,1,0,0,0,160,0,0,0,3,0,0,4054
8006,0,87,1000,500,705,0,0,0,0,0,0,0,0,0,0,-107.38003540039062,1,0,0,0,160,0,0,0,3,0,0,4054
8007,0,88,1000,500,705,0,0,0,0,0,0,0,0,0,0,-107.38003540039062,1,0,0,0,160,0,0,0,3,0,0,4054
8008,0,89,1000,500,705,0,0,0,0,0,0,0,0,0,0,-107.38003540039062,1,0,0,0,160,0,0,0,3,0,0,4054
8009,0,90,1000,500,705,0,0,0,0,0,0,0,0,0,0,-107.38003540039062,1,0,0,0,160,0,0,0,3,0,0,4054
8010,0,91,1000,500,705,0,0,0,0,0,0,0,0,0,0,-107.38003540039062,1,0,0,0,160,0,0,0,3,0,0,4054
8011,0,92,1000,500,705,0,0,0,0,0,0,0,0,0,0,-107.38003540039062,1,0,0,0,160,0,0,0,3,0,0,4054
8012,0,93,1000,500,705,0,0,0,0,0,0,0,0,0,0,-107.38003540039062,1,0,0,0,160,0,0,0,3,0,0,4054
8013,0,94,1000,500,705,0,0,0,0,0,0,0,0,0,0,-107.38003540039062,1,0,0,0,160,0,0,0,3,0,0,4054
8014,0,95,1000,500,705,0,0,0,0,0,0,0,0,0,0,-107.38003540039062,1,0,0,0,160,0,0,0,3,0,0,4054
8015,0,96,1000,500,705,0,0,0,0,0,0,0,0,0,0,-107.38003540039062,1,0,0,0,160,0,0,0,3,0,0,4054
8016,0,97,1000,500,705,0,0,0,0,0,0,0,0,0,0,-107.38003540039062,1,0,0,0,160,0,0,0,3,0,0,4054
8017,0,98,1000,500,705,0,0,0,0,0,0,0,0,0,0,-107.38003540039062,1,0,0,0,160,0,0,0,3,0,0,4054
8018,0,99,1000,500,705,0,0,0,0,0,0,0,0,0,0,-107.38003540039062,1,0,0,0,160,0,0,0,3,0,0,4054
8019,0,100,1000,500,705,0,0,0,0,0,0,0,0,0,0,-107.38003540039062,1,0,0,0,160,0,0,0,3,0,0,4054
8020,0,101,1000,500,705,0,0,0,0,0,0,0,0,0,0,-107.38003540039062,1,0,0,0,160,0,0,0,3,0,0,4054
8021,0,102,1000,500,705,0,0,0,0,0,0,0,0,0,0,-107.38003540039062,1,0,0,0,160,0,0,0,3,0,0,4054
8022,0,103,1000,500,705,0,0,0,0,0,0,0,0,0,0,-107.38003540039062,1,0,0,0,160,0,0,0,3,0,0,4054
8023,0,104,1000,500,705,0,0,0,0,0,0,0,0,0,0,-107.38003540039062,1,0,0,0,160,0,0,0,3,0,0,4054
8024,0,105,1000,500,705,0,0,0,0,0,0,0,0,0,0,-107.38003540039062,1,0,0,0,160,0,0,0,3,0,0,4054
8025,0,106,1000,500,705,0,0,0,0,0,0,0,0,0,0,-107.38003540039062,1,0,0,0,160,0,0,0,3,0,0,4054
8026,0,107,1000,500,705,0,0,0,0,0,0,0,0,0,0,-107.38003540039062,1,0,0,0,160,0,0,0,3,0,0,4054
8027,0,108,1000,500,705,0,0,0,0,0,0,0,0,0,0,-107.38003540039062,1,0,0,0,160,0,0,0,3,0,0,4054
8028,0,109,1000,500,705,0,0,0,0,0,0,0,0,0,0,-107.38003540039062,1,0,0,0,160,0,0,0,3,0,0,4054
8029,0,110,1000,500,705,0,0,0,0,0,0,0,0,0,0,-107.38003540039062,1,0,0,0,160,0,0,0,3,0,0,4054
8030,0,111,1000,500,705,0,0,0,0,0,0,0,0,0,0,-107.38003540039062,1,0,0,0,160,0,0,0,3,0,0,4054
8031,0,112,1000,500,705,0,0,0,0,0,0,0,0,0,0,-107.38003540039062,1,0,0,0,160,0,0,0,3,0,0,4054
8032,0,113,1000,500,705,0,0,0,0,0,0,0,0,0,0,-107.38003540039062,1,0,0,0,160,0,0,0,3,0,0,4054
8033,0,114,1000,500,705,0,0,0,0,0,0,0,0,0,0,-107.38003540039062,1,0,0,0,160,0,0,0,3,0,0,4054
8034,0,115,1000,500,705,0,0,0,0,0,0,0,0,0,0,-107.38003540039062,1,0,0,0,160,0,0,0,3,0,0,4054
8035,0,116,1000,500,705,0,0,0,0,0,0,0,0,0,0,-107.38003540039062,1,0,0,0,160,0,0,0,3,0,0,4054
8036,0,117,1000,500,705,0,0,0,0,0,0,0,0,0,0,-107.38003540039062,1,0,0,0,160,0,0,0,3,0,0,4054
8037,0,118,1000,500,705,0,0,0,0,0,0,0,0,0,0,-107.38003540039062,1,0,0,0,160,0,0,0,3,0,0,4054
8038,0,119,1000,500,705,0,0,0,0,0,0,0,0,0,0,-107.38003540039062,1,0,0,0,160,0,0,0,3,0,0,4054
8039,0,120,1000,500,705,0,0,0,0,0,0,0,0,0,0,-107.38003540039062,1,0,0,0,160,0,0,0,3,0,0,4054
8040,0,121,1000,500,705,0,0,0,0,0,0,0,0,0,0,-107.38003540039062,1,0,0,0,160,0,0,0,3,0,0,4054
8041,0,122,1000,500,705,0,0,0,0,0,0,0,0,0,0,-107.38003540039062,1,0,0,0,160,0,0,0,3,0,0,4054
8042,0,123,1000,500,705,0,0,0,0,0,0,0,0,0,0,-107.38003540039062,1,0,0,0,160,0,0,0,3,0,0,4054
8043,0,124,1000,500,705,0,0,0,0,0,0,0,0,0,0,-107.38003540039062,1,0,0,0,160,0,0,0,3,0,0,4054
8044,0,125,1000,500,705,0,0,0,0,0,0,0,0,0,0,-107.38003540039062,1,0,0,0,160,0,0,0,3,0,0,4054
8045,0,126,1000,500,705,0,0,0,0,0,0,0,0,0,0,-107.38003540039062,1,0,0,0,160,0,0,0,3,0,0,4054
8046,0,127,1000,500,705,0,0,0,0,0,0,0,0,0,0,-107.38003540039062,1,0,0,0,160,0,0,0,3,0,0,4054
8047,0,128,1000,500,705,0,0,0,0,0,0,0,0,0,0,-107.38003540039062,1,0,0,0,160,0,0,0,3,0,0,4054
8048,0,129,1000,500,705,0,0,0,0,0,0,0,0,0,0,-107.38003540039062,1,0,0,0,160,0,0,0,3,0,0,4054
8049,0,130,1000,500,705,0,0,0,0,0,0,0,0,0,0,-107.38003540039062,1,0,0,0,160,0,0,0,3,0,0,4054
8050,0,131,1000,500,705,0,0,0,0,0,0,0,0,0,0,-107.38003540039062,1,0,0,0,160,0,0,0,3,0,0,4054
8051,0,132,1000,500,705,0,0,0,0,0,0,0,0,0,0,-107.38003540039062,1,0,0,0,160,0,0,0,3,0,0,4054
8052,0,133,1000,500,705,0,0,0,0,0,0,0,0,0,0,-107.38003540039062,1,0,0,0,160,0,0,0,3,0,0,4054
8053,0,134,1000,500,705,0,0,0,0,0,0,0,0,0,0,-107.38003540039062,1,0,0,0,160,0,0,0,3,0,0,4054
8054,0,135,1000,500,705,0,0,0,0,0,0,0,0,0,0,-107.38003540039062,1,0,0,0,160,0,0,0,3,0,0,4054
8055,0,136,1000,500,705,0,0,0,0,0,0,0,0,0,0,-107.38003540039062,1,0,0,0,160,0,0,0,3,0,0,4054
8056,0,137,1000,500,705,0,0,0,0,0,0,0,0,0,0,-107.38003540039062,1,0,0,0,160,0,0,0,3,0,0,4054
8057,0,138,1000,500,705,0,0,0,0,0,0,0,0,0,0,-107.38003540039062,1,0,0,0,160,0,0,0,3,0,0,4054
8058,0,139,1000,500,705,0,0,0,0,0,0,0,0,0,0,-107.38003540039062,1,0,0,0,160,0,0,0,3,0,0,4054
8059,0,140,1000,500,705,0,0,0,0,0,0,0,0,0,0,-107.38003540039062,1,0,0,0,160,0,0,0,3,0,0,4054
8060,0,141,1000,500,705,0,0,0,0,0,0,0,0,0,0,-107.38003540039062,1,0,0,0,160,0,0,0,3,0,0,4054
8061,0,142,1000,500,705,0,0,0,0,0,0,0,0,0,0,-107.38003540039062,1,0,0,0,160,0,0,0,3,0,0,4054
8062,0,143,1000,500,705,0,0,0,0,0,0,0,0,0,0,-107.38003540039062,1,0,0,0,160,0,0,0,3,0,0,4054
8063,0,144,1000,500,705,0,0,0,0,0,0,0,0,0,0,-107.38003540039062,1,0,0,0,160,0,0,0,3,0,0,4054
8064,0,145,1000,500,705,0,0,0,0,0,0,0,0,0,0,-107.38003540039062,1,0,0,0,160,0,0,0,3,0,0,4054
8065,0,146,1000,500,705,0,0,0,0,0,0,0,0,0,0,-107.38003540039062,1,0,0,0,160,0,0,0,3,0,0,4054
8066,0,147,1000,500,705,0,0,0,0,0,0,0,0,0,0,-107.38003540039062,1,0,0,0,160,0,0,0,3,0,0,4054
8067,0,148,1000,500,705,0,0,0,0,0,0,0,0,0,0,-107.38003540039062,1,0,0,0,160,0,0,0,3,0,0,4054
8068,0,149,1000,500,705,0,0,0,0,0,0,0,0,0,0,-107.38003540039062,1,0,0,0,160,0,0,0,3,0,0,4054
8069,0,150,1000,500,705,0,0,0,0,0,0,0,0,0,0,-107.38003540039062,1,0,0,0,160,0,0,0,3,0,0,4054
8070,0,151,1000,500,705,0,0,0,0,0,0,0,0,0,0,-107.38003540039062,1,0,0,0,160,0,0,0,3,0,0,4054
8071,0,152,1000,500,705,0,0,0,0,0,0,0,0,0,0,-107.38003540039062,1,0,0,0,160,0,0,0,3,0,0,4054
8072,0,153,1000,500,705,0,0,0,0,0,0,0,0,0,0,-107.38003540039062,1,0,0,0,160,0,0,0,3,0,0,4054
8073,0,154,1000,500,705,0,0,0,0,0,0,0,0,0,0,-107.38003540039062,1,0,0,0,160,0,0,0,3,0,0,4054
8074,0,155,1000,500,705,0,0,0,0,0,0,0,0,0,0,-107.38003540039062,1,0,0,0,160,0,0,0,3,0,0,4054
8075,0,156,1000,500,705,0,0,0,0,0,0,0,0,0,0,-107.38003540039062,1,0,0,0,160,0,0,0,3,0,0,4054
8076,0,157,1000,500,705,0,0,0,0,0,0,0,0,0,0,-107.38003540039062,1,0,0,0,160,0,0,0,3,0,0,4054
8077,0,158,1000,500,705,0,0,0,0,0,0,0,0,0,0,-107.38003540039062,1,0,0,0,160,0,0,0,3,0,0,4054
8078,0,159,1000,500,705,0,0,0,0,0,0,0,0,0,0,-107.38003540039062,1,0,0,0,160,0,0,0,3,0,0,4054
8079,0,160,1000,500,705,0,0,0,0,0,0,0,0,0,0,-107.38003540039062,1,0,0,0,160,0,0,0,3,0,0,4054
8080,0,161,1000,500,705,0,0,0,0,0,0,0,0,0,0,-107.38003540039062,1,0,0,0,160,0,0,0,3,0,0,4054
8081,0,162,1000,500,705,0,0,0,0,0,0,0,0,0,0,-107.38003540039062,1,0,0,0,160,0,0,0,3,0,0,4054
8082,0,163,1000,500,705,0,0,0,0,0,0,0,0,0,0,-107.38003540039062,1,0,0,0,160,0,0,0,3,0,0,4054
8083,0,164,1000,500,705,0,0,0,0,0,0,0,0,0,0,-107.38003540039062,1,0,0,0,160,0,0,0,3,0,0,4054
8084,0,165,1000,500,705,0,0,0,0,0,0,0,0,0,0,-107.38003540039062,1,0,0,0,160,0,0,0,3,0,0,4054
8085,0,166,1000,500,705,0,0,0,0,0,0,0,0,0,0,-107.38003540039062,1,0,0,0,160,0,0,0,3,0,0,4054
8086,0,167,1000,500,705,0,0,0,0,0,0,0,0,0,0,-107.38003540039062,1,0,0,0,160,0,0,0,3,0,0,4054
8087,0,168,1000,500,705,0,0,0,0,0,0,0,0,0,0,-107.38003540039062,1,0,0,0,160,0,0,0,3,0,0,4054
8088,0,169,1000,500,705,0,0,0,0,0,0,0,0,0,0,-107.38003540039062,1,0,0,0,160,0,0,0,3,0,0,4054
8089,0,170,1000,500,705,0,0,0,0,0,0,0,0,0,0,-107.38003540039062,1,0,0,0,160,0,0,0,3,0,0,4054
8090,0,171,1000,500,705,0,0,0,0,0,0,0,0,0,0,-107.38003540039062,1,0,0,0,160,0,0,0,3,0,0,4054
8091,0,172,1000,500,705,0,0,0,0,0,0,0,0,0,0,-107.38003540039062,1,0,0,0,160,0,0,0,3,0,0,4054
8092,0,173,1000,500,705,0,0,0,0,0,0,0,0,0,0,-107.38003540039062,1,0,0,0,160,0,0,0,3,0,0,4054
8093,0,174,1000,500,705,0,0,0,0,0,0,0,0,0,0,-107.38003540039062,1,0,0,0,160,0,0,0,3,0,0,4054
8094,0,175,1000,500,705,0,0,0,0,0,0,0,0,0,0,-107.38003540039062,1,0,0,0,160,0,0,0,3,0,0,4054
8095,0,176,1000,500,705,0,0,0,0,0,0,0,0,0,0,-107.38003540039062,1,0,0,0,160,0,0,0,3,0,0,4054
8096,0,177,1000,500,705,0,0,0,0,0,0,0,0,0,0,-107.38003540039062,1,0,0,0,160,0,0,0,3,0,0,4054
8097,0,178,1000,500,705,0,0,0,0,0,0,0,0,0,0,-107.38003540039062,1,0,0,0,160,0,0,0,3,0,0,4054
8098,0,179,1000,500,705,0,0,0,0,0,0,0,0,0,0,-107.38003540039062,1,0,0,0,160,0,0,0,3,0,0,4054
8099,0,180,1000,500,705,0,0,0,0,0,0,0,0,0,0,-107.38003540039062,1,0,0,0,160,0,0,0,3,0,0,4054
8100,0,181,1000,500,705,0,0,0,0,0,0,0,0,0,0,-107.38003540039062,1,0,0,0,160,0,0,0,3,0,0,4054
8101,0,182,1000,500,705,0,0,0,0,0,0,0,0,0,0,-107.38003540039062,1,0,0,0,160,0,0,0,3,0,0,4054
8102,0,183,1000,500,705,0,0,0,0,0,0,0,0,0,0,-107.38003540039062,1,0,0,0,160,0,0,0,3,0,0,4054
8103,0,184,1000,500,705,0,0,0,0,0,0,0,0,0,0,-107.38003540039062,1,0,0,0,160,0,0,0,3,0,0,4054
8104,0,185,1000,500,705,0,0,0,0,0,0,0,0,0,0,-107.38003540039062,1,0,0,0,160,0,0,0,3,0,0,4054
8105,0,186,1000,500,705,0,0,0,0,0,0,0,0,0,0,-107.38003540039062,1,0,0,0,160,0,0,0,3,0,0,4054
8106,0,187,1000,500,705,0,0,0,0,0,0,0,0,0,0,-107.38003540039062,1,0,0,0,160,0,0,0,3,0,0,4054
8107,0,188,1000,500,705,0,0,0,0,0,0,0,0,0,0,-107.38003540039062,1,0,0,0,160,0,0,0,3,0,0,4054
8108,0,189,1000,500,705,0,0,0,0,0,0,0,0,0,0,-107.38003540039062,1,0,0,0,160,0,0,0,3,0,0,4054
8109,0,190,1000,500,705,0,0,0,0,0,0,0,0,0,0,-107.38003540039062,1,0,0,0,160,0,0,0,3,0,0,4054
8110,0,1,3000,500,1000,0,0,0,0,0,0,0,0,0,0,-145,1,0,0,0,160,0,0,0,0,0,0,1000
8111,0,2,3000,500,1000,0,0,0,0,0,0,0,0,0,0,-145,1,0,0,0,160,0,0,0,0,0,0,1000
8112,0,3,3000,500,1000,0,0,0,0,0,0,0,0,0,0,-145,1,0,0,0,160,0,0,0,0,0,0,1000
8113,0,4,3000,500,1000,0,0,0,0,0,0,0,0,0,0,-145,1,0,0,0,160,0,0,0,0,0,0,1000
8114,0,5,3000,500,1000,0,0,0,0,0,0,0,0,0,0,-145,1,0,0,0,160,0,0,0,0,0,0,1000
8115,0,6,3000,500,1000,0,0,0,0,0,0,0,0,0,0,-145,1,0,0,0,160,0,0,0,0,0,0,1000
8116,0,7,3000,500,1000,0,0,0,0,0,0,0,0,0,0,-145,1,0,0,0,160,0,0,0,0,0,0,1000
8117,0,8,3000,500,1000,0,0,0,0,0,0,0,0,0,0,-145,1,0,0,0,160,0,0,0,0,0,0,1000
8118,0,9,3000,500,1000,0,0,0,0,0,0,0,0,0,0,-145,1,0,0,0,160,0,0,0,0,0,0,1000
8119,0,10,3000,500,1000,0,0,0,0,0,0,0,0,0,0,-145,1,0,0,0,160,0,0,0,0,0,0,1000
8120,0,11,3000,500,1000,0,0,0,0,0,0,0,0,0,0,-145,1,0,0,0,160,0,0,0,0,0,0,1000
8121,0,12,3000,500,1000,0,0,0,0,0,0,0,0,0,0,-145,1,0,0,0,160,0,0,0,0,0,0,1000
8122,0,13,3000,500,1000,0,0,0,0,0,0,0,0,0,0,-145,1,0,0,0,160,0,0,0,0,0,0,1000
8123,0,14,3000,500,1000,0,0,0,0,0,0,0,0,0,0,-145,1,0,0,0,160,0,0,0,0,0,0,1000
8124,0,15,3000,500,1000,0,0,0,0,0,0,0,0,0,0,-145,1,0,0,0,160,0,0,0,0,0,0,1000
8125,0,16,3000,500,1000,0,0,0,0,0,0,0,0,0,0,-145,1,0,0,0,160,0,0,0,0,0,0,1000
8126,0,17,3000,500,1000,0,0,0,0,0,0,0,0,0,0,-145,1,0,0,0,160,0,0,0,0,0,0,1000
8127,0,18,3000,500,1000,0,0,0,0,0,0,0,0,0,0,-145,1,0,0,0,160,0,0,0,0,0,0,1000
8128,0,19,3000,500,1000,0,0,0,0,0,0,0,0,0,0,-145,1,0,0,0,160,0,0,0,0,0,0,1000
8129,0,20,3000,500,1000,0,0,0,0,0,0,0,0,0,0,-145,1,0,0,0,160,0,0,0,0,0,0,1000
8130,0,21,3000,500,1000,0,0,0,0,0,0,0,0,0,0,-145,1,0,0,0,160,0,0,0,0,0,0,1000
8131,0,22,3000,500,1000,0,0,0,0,0,0,0,0,0,0,-145,1,0,0,0,160,0,0,0,0,0,0,1000
8132,0,23,3000,500,1000,0,0,0,0,0,0,0,0,0,0,-145,1,0,0,0,160,0,0,0,0,0,0,1000
8133,0,24,3000,500,1000,0,0,0,0,0,0,0,0,0,0,-145,1,0,0,0,160,0,0,0,0,0,0,1000
8134,0,25,3000,500,1000,0,0,0,0,0,0,0,0,0,0,-145,1,0,0,0,160,0,0,0,0,0,0,1000
8135,0,26,3000,500,1000,0,0,0,0,0,0,0,0,0,0,-145,1,0,0,0,160,0,0,0,0,0,0,1000
8136,0,27,3000,500,1000,0,0,0,0,0,0,0,0,0,0,-145,1,0,0,0,160,0,0,0,0,0,0,1000
8137,0,28,3000,500,1000,0,0,0,0,0,0,0,0,0,0,-145,1,0,0,0,160,0,0,0,0,0,0,1000
8138,0,29,3000,500,1000,0,0,0,0,0,0,0,0,0,0,-145,1,0,0,0,160,0,0,0,0,0,0,1000
8139,0,30,3000,500,1000,0,0,0,0,0,0,0,0,0,0,-145,1,0,0,0,160,0,0,0,0,0,0,1000
8140,0,31,3000,500,1000,0,0,0,0,0,0,0,0,0,0,-145,1,0,0,0,160,0,0,0,0,0,0,1000
8141,0,32,3000,500,1000,0,0,0,0,0,0,0,0,0,0,-145,1,0,0,0,160,0,0,0,0,0,0,1000
8142,0,33,3000,500,1000,0,0,0,0,0,0,0,0,0,0,-145,1,0,0,0,160,0,0,0,0,0,0,1000
8143,0,34,3000,500,1000,0,0,0,0,0,0,0,0,0,0,-145,1,0,0,0,160,0,0,0,0,0,0,1000
8144,0,35,3000,500,1000,0,0,0,0,0,0,0,0,0,0,-145,1,0,0,0,160,0,0,0,0,0,0,1000
8145,0,36,3000,500,1000,0,0,0,0,0,0,0,0,0,0,-145,1,0,0,0,160,0,0,0,0,0,0,1000
8146,0,37,3000,500,1000,0,0,0,0,0,0,0,0,0,0,-145,1,0,0,0,160,0,0,0,0,0,0,1000
8147,0,38,3000,500,1000,0,0,0,0,0,0,0,0,0,0,-145,1,0,0,0,160,0,0,0,0,0,0,1000
8148,0,39,3000,500,1000,0,0,0,0,0,0,0,0,0,0,-145,1,0,0,0,160,0,0,0,0,0,0,1000
8149,0,40,3000,500,1000,0,0,0,0,0,0,0,0,0,0,-145,1,0,0,0,160,0,0,0,0,0,0,1000
8150,0,41,3000,500,1000,0,0,0,0,0,0,0,0,0,0,-145,1,0,0,0,160,0,0,0,0,0,0,1000
8151,0,42,3000,500,1000,0,0,0,0,0,0,0,0,0,0,-145,1,0,0,0,160,0,0,0,0,0,0,1000
8152,0,43,3000,500,1000,0,0,0,0,0,0,0,0,0,0,-145,1,0,0,0,160,0,0,0,0,0,0,1000
8153,0,44,3000,500,1000,0,0,0,0,0,0,0,0,0,0,-145,1,0,0,0,160,0,0,0,0,0,0,1000
8154,0,45,3000,500,1000,0,0,0,0,0,0,0,0,0,0,-145,1,0,0,0,160,0,0,0,0,0,0,1000
8155,0,46,3000,500,1000,0,0,0,0,0,0,0,0,0,0,-145,1,0,0,0,160,0,0,0,0,0,0,1000
8156,0,47,3000,500,1000,0,0,0,0,0,0,0,0,0,0,-145,1,0,0,0,160,0,0,0,0,0,0,1000
8157,0,48,3000,500,1000,0,0,0,0,0,0,0,0,0,0,-145,1,0,0,0,160,0,0,0,0,0,0,1000
8158,0,49,3000,500,1000,0,0,0,0,0,0,0,0,0,0,-145,1,0,0,0,160,0,0,0,0,0,0,1000
8159,0,50,3000,500,1000,0,0,0,0,0,0,0,0,0,0,-145,1,0,0,0,160,0,0,0,0,0,0,1000
8160,0,51,3000,500,1000,0,0,0,0,0,0,0,0,0,0,-145,1,0,0,0,160,0,0,0,0,0,0,1000
8161,0,52,3000,500,1000,0,0,0,0,0,0,0,0,0,0,-145,1,0,0,0,160,0,0,0,0,0,0,1000
8162,0,53,3000,500,1000,0,0,0,0,0,0,0,0,0,0,-145,1,0,0,0,160,0,0,0,0,0,0,1000
8163,0,54,3000,500,1000,0,0,0,0,0,0,0,0,0,0,-145,1,0,0,0,160,0,0,0,0,0,0,1000
8164,0,55,3000,500,1000,0,0,0,0,0,0,0,0,0,0,-145,1,0,0,0,160,0,0,0,0,0,0,1000
8165,0,56,3000,500,1000,0,0,0,0,0,0,0,0,0,0,-145,1,0,0,0,160,0,0,0,0,0,0,1000
8166,0,57,3000,500,1000,0,0,0,0,0,0,0,0,0,0,-145,1,0,0,0,160,0,0,0,0,0,0,1000
8167,0,58,3000,500,1000,0,0,0,0,0,0,0,0,0,0,-145,1,0,0,0,160,0,0,0,0,0,0,1000
8168,0,59,3000,500,1000,0,0,0,0,0,0,0,0,0,0,-145,1,0,0,0,160,0,0,0,0,0,0,1000
8169,0,60,3000,500,1000,0,0,0,0,0,0,0,0,0,0,-145,1,0,0,0,160,0,0,0,0,0,0,1000
8170,0,61,3000,500,1000,0,0,0,0,0,0,0,0,0,0,-145,1,0,0,0,160,0,0,0,0,0,0,1000
8171,0,62,3000,500,1000,0,0,0,0,0,0,0,0,0,0,-145,1,0,0,0,160,0,0,0,0,0,0,1000
8172,0,63,3000,500,1000,0,0,0,0,0,0,0,0,0,0,-145,1,0,0,0,160,0,0,0,0,0,0,1000
8173,0,64,3000,500,1000,0,0,0,0,0,0,0,0,0,0,-145,1,0,0,0,160,0,0,0,0,0,0,1000
8174,0,65,3000,500,1000,0,0,0,0,0,0,0,0,0,0,-145,1,0,0,0,160,0,0,0,0,0,0,1000
8175,0,66,3000,500,1000,0,0,0,0,0,0,0,0,0,0,-145,1,0,0,0,160,0,0,0,0,0,0,1000
8176,0,67,3000,500,1000,0,0,0,0,0,0,0,0,0,0,-145,1,0,0,0,160,0,0,0,0,0,0,1000
8177,0,68,3000,500,1000,0,0,0,0,0,0,0,0,0,0,-145,1,0,0,0,160,0,0,0,0,0,0,1000
8178,0,69,3000,500,1000,0,0,0,0,0,0,0,0,0,0,-145,1,0,0,0,160,0,0,0,0,0,0,1000
8179,0,70,3000,500,1000,0,0,0,0,0,0,0,0,0,0,-145,1,0,0,0,160,0,0,0,0,0,0,1000
8180,0,71,3000,500,1000,0,0,0,0,0,0,0,0,0,0,-145,1,0,0,0,160,0,0,0,0,0,0,1000
8181,0,72,3000,500,1000,0,0,0,0,0,0,0,0,0,0,-145,1,0,0,0,160,0,0,0,0,0,0,1000
8182,0,73,3000,500,1000,0,0,0,0,0,0,0,0,0,0,-145,1,0,0,0,160,0,0,0,0,0,0,1000
8183,0,74,3000,500,1000,0,0,0,0,0,0,0,0,0,0,-145,1,0,0,0,160,0,0,0,0,0,0,1000
8184,0,75,3000,500,1000,0,0,0,0,0,0,0,0,0,0,-145,1,0,0,0,160,0,0,0,0,0,0,1000
8185,0,76,3000,500,1000,0,0,0,0,0,0,0,0,0,0,-145,1,0,0,0,160,0,0,0,0,0,0,1000
8186,0,77,3000,500,1000,0,0,0,0,0,0,0,0,0,0,-145,1,0,0,0,160,0,0,0,0,0,0,1000
8187,0,78,3000,500,1000,0,0,0,0,0,0,0,0,0,0,-145,1,0,0,0,160,0,0,0,0,0,0,1000
8188,0,79,3000,500,1000,0,0,0,0,0,0,0,0,0,0,-145,1,0,0,0,160,0,0,0,0,0,0,1000
8189,0,80,3000,500,1000,0,0,0,0,0,0,0,0,0,0,-145,1,0,0,0,160,0,0,0,0,0,0,1000
8190,0,81,3000,500,1000,0,0,0,0,0,0,0,0,0,0,-145,1,0,0,0,160,0,0,0,0,0,0,1000
8191,0,82,3000,500,1000,0,0,0,0,0,0,0,0,0,0,-145,1,0,0,0,160,0,0,0,0,0,0,1000
8192,0,83,3000,500,1000,0,0,0,0,0,0,0,0,0,0,-145,1,0,0,0,160,0,0,0,0,0,0,1000
8193,0,84,3000,500,1000,0,0,0,0,0,0,0,0,0,0,-145,1,0,0,0,160,0,0,0,0,0,0,1000
8194,0,85,3000,500,1000,0,0,0,0,0,0,0,0,0,0,-145,1,0,0,0,160,0,0,0,0,0,0,1000
8195,0,86,3000,500,1000,0,0,0,0,0,0,0,0,0,0,-145,1,0,0,0,160,0,0,0,0,0,0,1000
8196,0,87,3000,500,1000,0,0,0,0,0,0,0,0,0,0,-145,1,0,0,0,160,0,0,0,0,0,0,1000
8197,0,88,3000,500,1000,0,0,0,0,0,0,0,0,0,0,-145,1,0,0,0,160,0,0,0,0,0,0,1000
8198,0,89,3000,500,1000,0,0,0,0,0,0,0,0,0,0,-145,1,0,0,0,160,0,0,0,0,0,0,1000
8199,0,90,3000,500,1000,0,0,0,0,0,0,0,0,0,0,-145,1,0,0,0,160,0,0,0,0,0,0,1000
8200,0,91,3000,500,1000,0,0,0,0,0,0,0,0,0,0,-145,1,0,0,0,160,0,0,0,0,0,0,1000
8201,0,92,3000,500,1000,0,0,0,0,0,0,0,0,0,0,-145,1,0,0,0,160,0,0,0,0,0,0,1000
8202,0,93,3000,500,1000,0,0,0,0,0,0,0,0,0,0,-145,1,0,0,0,160,0,0,0,0,0,0,1000
8203,0,94,3000,500,1000,0,0,0,0,0,0,0,0,0,0,-145,1,0,0,0,160,0,0,0,0,0,0,1000
8204,0,95,3000,500,1000,0,0,0,0,0,0,0,0,0,0,-145,1,0,0,0,160,0,0,0,0,0,0,1000
8205,0,96,3000,500,1000,0,0,0,0,0,0,0,0,0,0,-145,1,0,0,0,160,0,0,0,0,0,0,1000
8206,0,97,3000,500,1000,0,0,0,0,0,0,0,0,0,0,-145,1,0,0,0,160,0,0,0,0,0,0,1000
8207,0,98,3000,500,1000,0,0,0,0,0,0,0,0,0,0,-145,1,0,0,0,160,0,0,0,0,0,0,1000
8208,0,99,3000,500,1000,0,0,0,0,0,0,0,0,0,0,-145,1,0,0,0,160,0,0,0,0,0,0,1000
8209,0,100,3000,500,1000,0,0,0,0,0,0,0,0,0,0,-145,1,0,0,0,160,0,0,0,0,0,0,1000
8210,0,101,3000,500,1000,0,0,0,0,0,0,0,0,0,0,-145,1,0,0,0,160,0,0,0,0,0,0,1000
8211,0,102,3000,500,1000,0,0,0,0,0,0,0,0,0,0,-145,1,0,0,0,160,0,0,0,0,0,0,1000
8212,0,103,3000,500,1000,0,0,0,0,0,0,0,0,0,0,-145,1,0,0,0,160,0,0,0,0,0,0,1000
8213,0,104,3000,500,1000,0,0,0,0,0,0,0,0,0,0,-145,1,0,0,0,160,0,0,0,0,0,0,1000
8214,0,105,3000,500,1000,0,0,0,0,0,0,0,0,0,0,-145,1,0,0,0,160,0,0,0,0,0,0,1000
8215,0,106,3000,500,1000,0,0,0,0,0,0,0,0,0,0,-145,1,0,0,0,160,0,0,0,0,0,0,1000
8216,0,107,3000,500,1000,0,0,0,0,0,0,0,0,0,0,-145,1,0,0,0,160,0,0,0,0,0,0,1000
8217,0,108,3000,500,1000,0,0,0,0,0,0,0,0,0,0,-145,1,0,0,0,160,0,0,0,0,0,0,1000
8218,0,109,3000,500,1000,0,0,0,0,0,0,0,0,0,0,-145,1,0,0,0,160,0,0,0,0,0,0,1000
8219,0,110,3000,500,1000,0,0,0,0,0,0,0,0,0,0,-145,1,0,0,0,160,0,0,0,0,0,0,1000
8220,0,111,3000,500,1000,0,0,0,0,0,0,0,0,0,0,-145,1,0,0,0,160,0,0,0,0,0,0,1000
8221,0,112,3000,500,1000,0,0,0,0,0,0,0,0,0,0,-145,1,0,0,0,160,0,0,0,0,0,0,1000
8222,0,113,3000,500,1000,0,0,0,0,0,0,0,0,0,0,-145,1,0,0,0,160,0,0,0,0,0,0,1000
8223,0,114,3000,500,1000,0,0,0,0,0,0,0,0,0,0,-145,1,0,0,0,160,0,0,0,0,0,0,1000
8224,0,115,3000,500,1000,0,0,0,0,0,0,0,0,0,0,-145,1,0,0,0,160,0,0,0,0,0,0,1000
8225,0,116,3000,500,1000,0,0,0,0,0,0,0,0,0,0,-145,1,0,0,0,160,0,0,0,0,0,0,1000
8226,0,117,3000,500,1000,0,0,0,0,0,0,0,0,0,0,-145,1,0,0,0,160,0,0,0,0,0,0,1000
8227,0,118,3000,500,1000,0,0,0,0,0,0,0,0,0,0,-145,1,0,0,0,160,0,0,0,0,0,0,1000
8228,0,119,3000,500,1000,0,0,0,0,0,0,0,0,0,0,-145,1,0,0,0,160,0,0,0,0,0,0,1000
8229,0,120,3000,500,1000,0,0,0,0,0,0,0,0,0,0,-145,1,0,0,0,160,0,0,0,0,0,0,1000
8230,0,121,3000,500,1000,0,0,0,0,0,0,0,0,0,0,-145,1,0,0,0,160,0,0,0,0,0,0,1000
8231,0,122,3000,500,1000,0,0,0,0,0,0,0,0,0,0,-145,1,0,0,0,160,0,0,0,0,0,0,1000
8232,0,123,3000,500,1000,0,0,0,0,0,0,0,0,0,0,-145,1,0,0,0,160,0,0,0,0,0,0,1000
8233,0,124,3000,500,1000,0,0,0,0,0,0,0,0,0,0,-145,1,0,0,0,160,0,0,0,0,0,0,1000
8234,0,125,3000,500,1000,0,0,0,0,0,0,0,0,0,0,-145,1,0,0,0,160,0,0,0,0,0,0,1000
8235,0,126,3000,500,1000,0,0,0,0,0,0,0,0,0,0,-145,1,0,0,0,160,0,0,0,0,0,0,1000
8236,0,127,3000,500,1000,0,0,0,0,0,0,0,0,0,0,-145,1,0,0,0,160,0,0,0,0,0,0,1000
8237,0,128,3000,500,1000,0,0,0,0,0,0,0,0,0,0,-145,1,0,0,0,160,0,0,0,0,0,0,1000
8238,0,129,3000,500,1000,0,0,0,0,0,0,0,0,0,0,-145,1,0,0,0,160,0,0,0,0,0,0,1000
8239,0,130,3000,500,1000,0,0,0,0,0,0,0,0,0,0,-145,1,0,0,0,160,0,0,0,0,0,0,1000
8240,0,131,3000,500,1000,0,0,0,0,0,0,0,0,0,0,-145,1,0,0,0,160,0,0,0,0,0,0,1000
8241,0,132,3000,500,1000,0,0,0,0,0,0,0,0,0,0,-145,1,0,0,0,160,0,0,0,0,0,0,1000
8242,0,133,3000,500,1000,0,0,0,0,0,0,0,0,0,0,-145,1,0,0,0,160,0,0,0,0,0,0,1000
8243,0,134,3000,500,1000,0,0,0,0,0,0,0,0,0,0,-145,1,0,0,0,160,0,0,0,0,0,0,1000
8244,0,135,3000,500,1000,0,0,0,0,0,0,0,0,0,0,-145,1,0,0,0,160,0,0,0,0,0,0,1000
8245,0,136,3000,500,1000,0,0,0,0,0,0,0,0,0,0,-145,1,0,0,0,160,0,0,0,0,0,0,1000
8246,0,137,3000,500,1000,0,0,0,0,0,0,0,0,0,0,-145,1,0,0,0,160,0,0,0,0,0,0,1000
8247,0,138,3000,500,1000,0,0,0,0,0,0,0,0,0,0,-145,1,0,0,0,160,0,0,0,0,0,0,1000
8248,0,139,3000,500,1000,0,0,0,0,0,0,0,0,0,0,-145,1,0,0,0,160,0,0,0,0,0,0,1000
8249,0,140,3000,500,1000,0,0,0,0,0,0,0,0,0,0,-145,1,0,0,0,160,0,0,0,0,0,0,1000
8250,0,141,3000,500,1000,0,0,0,0,0,0,0,0,0,0,-145,1,0,0,0,160,0,0,0,0,0,0,1000
8251,0,142,3000,500,1000,0,0,0,0,0,0,0,0,0,0,-145,1,0,0,0,160,0,0,0,0,0,0,1000
8252,0,143,3000,500,1000,0,0,0,0,0,0,0,0,0,0,-145,1,0,0,0,160,0,0,0,0,0,0,1000
8253,0,144,3000,500,1000,0,0,0,0,0,0,0,0,0,0,-145,1,0,0,0,160,0,0,0,0,0,0,1000
8254,0,145,3000,500,1000,0,0,0,0,0,0,0,0,0,0,-145,1,0,0,0,160,0,0,0,0,0,0,1000
8255,0,146,3000,500,1000,0,0,0,0,0,0,0,0,0,0,-145,1,0,0,0,160,0,0,0,0,0,0,1000
8256,0,147,3000,500,1000,0,0,0,0,0,0,0,0,0,0,-145,1,0,0,0,160,0,0,0,0,0,0,1000
8257,0,148,3000,500,1000,0,0,0,0,0,0,0,0,0,0,-145,1,0,0,0,160,0,0,0,0,0,0,1000
8258,0,149,3000,500,1000,0,0,0,0,0,0,0,0,0,0,-145,1,0,0,0,160,0,0,0,0,0,0,1000
8259,0,150,3000,500,1000,0,0,0,0,0,0,0,0,0,0,-145,1,0,0,0,160,0,0,0,0,0,0,1000
8260,0,151,3000,500,1000,0,0,0,0,0,0,0,0,0,0,-145,1,0,0,0,160,0,0,0,0,0,0,1000
8261,0,152,3000,500,1000,0,0,0,0,0,0,0,0,0,0,-145,1,0,0,0,160,0,0,0,0,0,0,1000
8262,0,153,3000,500,1000,0,0,0,0,0,0,0,0,0,0,-145,1,0,0,0,160,0,0,0,0,0,0,1000
8263,0,154,3000,500,1000,0,0,0,0,0,0,0,0,0,0,-145,1,0,0,0,160,0,0,0,0,0,0,1000
8264,0,155,3000,500,1000,0,0,0,0,0,0,0,0,0,0,-145,1,0,0,0,160,0,0,0,0,0,0,1000
8265,0,156,3000,500,1000,0,0,0,0,0,0,0,0,0,0,-145,1,0,0,0,160,0,0,0,0,0,0,1000
8266,0,157,3000,500,1000,0,0,0,0,0,0,0,0,0,0,-145,1,0,0,0,160,0,0,0,0,0,0,1000
8267,0,158,3000,500,1000,0,0,0,0,0,0,0,0,0,0,-145,1,0,0,0,160,0,0,0,0,0,0,1000
8268,0,159,3000,500,1000,0,0,0,0,0,0,0,0,0,0,-145,1,0,0,0,160,0,0,0,0,0,0,1000
8269,0,160,3000,500,1000,0,0,0,0,0,0,0,0,0,0,-145,1,0,0,0,160,0,0,0,0,0,0,1000
8270,0,161,3000,500,1000,0,0,0,0,0,0,0,0,0,0,-145,1,0,0,0,160,0,0,0,0,0,0,1000
8271,0,162,3000,500,1000,0,0,0,0,0,0,0,0,0,0,-145,1,0,0,0,160,0,0,0,0,0,0,1000
8272,0,163,3000,500,1000,0,0,0,0,0,0,0,0,0,0,-145,1,0,0,0,160,0,0,0,0,0,0,1000
8273,0,164,3000,500,1000,0,0,0,0,0,0,0,0,0,0,-145,1,0,0,0,160,0,0,0,0,0,0,1000
8274,0,165,3000,500,1000,0,0,0,0,0,0,0,0,0,0,-145,1,0,0,0,160,0,0,0,0,0,0,1000
8275,0,166,3000,500,1000,0,0,0,0,0,0,0,0,0,0,-145,1,0,0,0,160,0,0,0,0,0,0,1000
8276,0,167,3000,500,1000,0,0,0,0,0,0,0,0,0,0,-145,1,0,0,0,160,0,0,0,0,0,0,1000
8277,0,168,3000,500,1000,0,0,0,0,0,0,0,0,0,0,-145,1,0,0,0,160,0,0,0,0,0,0,1000
8278,0,169,3000,500,1000,0,0,0,0,0,0,0,0,0,0,-145,1,0,0,0,160,0,0,0,0,0,0,1000
8279,0,170,3000,500,1000,0,0,0,0,0,0,0,0,0,0,-145,1,0,0,0,160,0,0,0,0,0,0,1000
8280,0,171,3000,500,1000,0,0,0,0,0,0,0,0,0,0,-145,1,0,0,0,160,0,0,0,0,0,0,1000
8281,0,172,3000,500,1000,0,0,0,0,0,0,0,0,0,0,-145,1,0,0,0,160,0,0,0,0,0,0,1000
8282,0,173,3000,500,1000,0,0,0,0,0,0,0,0,0,0,-145,1,0,0,0,160,0,0,0,0,0,0,1000
8283,0,174,3000,500,1000,0,0,0,0,0,0,0,0,0,0,-145,1,0,0,0,160,0,0,0,0,0,0,1000
8284,0,175,3000,500,1000,0,0,0,0,0,0,0,0,0,0,-145,1,0,0,0,160,0,0,0,0,0,0,1000
8285,0,176,3000,500,1000,0,0,0,0,0,0,0,0,0,0,-145,1,0,0,0,160,0,0,0,0,0,0,1000
8286,0,177,3000,500,1000,0,0,0,0,0,0,0,0,0,0,-145,1,0,0,0,160,0,0,0,0,0,0,1000
8287,0,178,3000,500,1000,0,0,0,0,0,0,0,0,0,0,-145,1,0,0,0,160,0,0,0,0,0,0,1000
8288,0,179,3000,500,1000,0,0,0,0,0,0,0,0,0,0,-145,1,0,0,0,160,0,0,0,0,0,0,1000
8289,0,180,3000,500,1000,0,0,0,0,0,0,0,0,0,0,-145,1,0,0,0,160,0,0,0,0,0,0,1000
8290,0,181,3000,500,1000,0,0,0,0,0,0,0,0,0,0,-145,1,0,0,0,160,0,0,0,0,0,0,1000
8291,0,182,3000,500,1000,0,0,0,0,0,0,0,0,0,0,-145,1,0,0,0,160,0,0,0,0,0,0,1000
8292,0,183,3000,500,1000,0,0,0,0,0,0,0,0,0,0,-145,1,0,0,0,160,0,0,0,0,0,0,1000
8293,0,184,3000,500,1000,0,0,0,0,0,0,0,0,0,0,-145,1,0,0,0,160,0,0,0,0,0,0,1000
8294,0,185,3000,500,1000,0,0,0,0,0,0,0,0,0,0,-145,1,0,0,0,160,0,0,0,0,0,0,1000
8295,0,186,3000,500,1000,0,0,0,0,0,0,0,0,0,0,-145,1,0,0,0,160,0,0,0,0,0,0,1000
8296,0,187,3000,500,1000,0,0,0,0,0,0,0,0,0,0,-145,1,0,0,0,160,0,0,0,0,0,0,1000
8297,0,188,3000,500,1000,0,0,0,0,0,0,0,0,0,0,-145,1,0,0,0,160,0,0,0,0,0,0,1000
8298,0,189,3000,500,1000,0,0,0,0,0,0,0,0,0,0,-145,1,0,0,0,160,0,0,0,0,0,0,1000
8299,0,190,3000,500,1000,0,0,0,0,0,0,0,0,0,0,-145,1,0,0,0,160,0,0,0,0,0,0,1000
8300,0,191,3000,500,1000,0,0,0,0,0,0,0,0,0,0,-145,1,0,0,0,160,0,0,0,0,0,0,1000
8301,0,192,3000,500,1000,0,0,0,0,0,0,0,0,0,0,-145,1,0,0,0,160,0,0,0,0,0,0,1000
8302,0,193,3000,500,1000,0,0,0,0,0,0,0,0,0,0,-145,1,0,0,0,160,0,0,0,0,0,0,1000
8303,0,194,3000,500,1000,0,0,0,0,0,0,0,0,0,0,-145,1,0,0,0,160,0,0,0,0,0,0,1000
8304,0,195,3000,500,1000,0,0,0,0,0,0,0,0,0,0,-145,1,0,0,0,160,0,0,0,0,0,0,1000
8305,0,196,3000,500,1000,0,0,0,0,0,0,0,0,0,0,-145,1,0,0,0,160,0,0,0,0,0,0,1000
8306,0,197,3000,500,1000,0,0,0,0,0,0,0,0,0,0,-145,1,0,0,0,160,0,0,0,0,0,0,1000
8307,0,198,3000,500,1000,0,0,0,0,0,0,0,0,0,0,-145,1,0,0,0,160,0,0,0,0,0,0,1000
8308,0,199,3000,500,1000,0,0,0,0,0,0,0,0,0,0,-145,1,0,0,0,160,0,0,0,0,0,0,1000
8309,0,200,3000,500,1000,0,0,0,0,0,0,0,0,0,0,-145,1,0,0,0,160,0,0,0,0,0,0,1000
8310,0,201,3000,500,1000,0,0,0,0,0,0,0,0,0,0,-145,1,0,0,0,160,0,0,0,0,0,0,1000
8311,0,202,3000,500,1000,0,0,0,0,0,0,0,0,0,0,-145,1,0,0,0,160,0,0,0,0,0,0,1000
8312,0,203,3000,500,1000,0,0,0,0,0,0,0,0,0,0,-145,1,0,0,0,160,0,0,0,0,0,0,1000
8313,0,204,3000,500,1000,0,0,0,0,0,0,0,0,0,0,-145,1,0,0,0,160,0,0,0,0,0,0,1000
8314,0,205,3000,500,1000,0,0,0,0,0,0,0,0,0,0,-145,1,0,0,0,160,0,0,0,0,0,0,1000
8315,0,206,3000,500,1000,0,0,0,0,0,0,0,0,0,0,-145,1,0,0,0,160,0,0,0,0,0,0,1000
8316,0,207,3000,500,1000,0,0,0,0,0,0,0,0,0,0,-145,1,0,0,0,160,0,0,0,0,0,0,1000
8317,0,208,3000,500,1000,0,0,0,0,0,0,0,0,0,0,-145,1,0,0,0,160,0,0,0,0,0,0,1000
8318,0,209,3000,500,1000,0,0,0,0,0,0,0,0,0,0,-145,1,0,0,0,160,0,0,0,0,0,0,1000
8319,0,210,3000,500,1000,0,0,0,0,0,0,0,0,0,0,-145,1,0,0,0,160,0,0,0,0,0,0,1000
8320,0,211,3000,500,1000,0,0,0,0,0,0,0,0,0,0,-145,1,0,0,0,160,0,0,0,0,0,0,1000
8321,0,212,3000,500,1000,0,0,0,0,0,0,0,0,0,0,-145,1,0,0,0,160,0,0,0,0,0,0,1000
8322,0,213,3000,500,1000,0,0,0,0,0,0,0,0,0,0,-145,1,0,0,0,160,0,0,0,0,0,0,1000
8323,0,214,3000,500,1000,0,0,0,0,0,0,0,0,0,0,-145,1,0,0,0,160,0,0,0,0,0,0,1000
8324,0,215,3000,500,1000,0,0,0,0,0,0,0,0,0,0,-145,1,0,0,0,160,0,0,0,0,0,0,1000
8325,0,216,3000,500,1000,0,0,0,0,0,0,0,0,0,0,-145,1,0,0,0,160,0,0,0,0,0,0,1000
8326,0,217,3000,500,1000,0,0,0,0,0,0,0,0,0,0,-145,1,0,0,0,160,0,0,0,0,0,0,1000
8327,0,218,3000,500,1000,0,0,0,0,0,0,0,0,0,0,-145,1,0,0,0,160,0,0,0,0,0,0,1000
8328,0,219,3000,500,1000,0,0,0,0,0,0,0,0,0,0,-145,1,0,0,0,160,0,0,0,0,0,0,1000
8329,0,220,3000,500,1000,0,0,0,0,0,0,0,0,0,0,-145,1,0,0,0,160,0,0,0,0,0,0,1000
8330,0,221,3000,500,1000,0,0,0,0,0,0,0,0,0,0,-145,1,0,0,0,160,0,0,0,0,0,0,1000
8331,0,222,3000,500,1000,0,0,0,0,0,0,0,0,0,0,-145,1,0,0,0,160,0,0,0,0,0,0,1000
8332,0,223,3000,500,1000,0,0,0,0,0,0,0,0,0,0,-145,1,0,0,0,160,0,0,0,0,0,0,1000
8333,0,224,3000,500,1000,0,0,0,0,0,0,0,0,0,0,-145,1,0,0,0,160,0,0,0,0,0,0,1000
8334,0,225,3000,500,1000,0,0,0,0,0,0,0,0,0,0,-145,1,0,0,0,160,0,0,0,0,0,0,1000
8335,0,226,3000,500,1000,0,0,0,0,0,0,0,0,0,0,-145,1,0,0,0,160,0,0,0,0,0,0,1000
8336,0,227,3000,500,1000,0,0,0,0,0,0,0,0,0,0,-145,1,0,0,0,160,0,0,0,0,0,0,1000
8337,0,228,3000,500,1000,0,0,0,0,0,0,0,0,0,0,-145,1,0,0,0,160,0,0,0,0,0,0,1000
8338,0,229,3000,500,1000,0,0,0,0,0,0,0,0,0,0,-145,1,0,0,0,160,0,0,0,0,0,0,1000
8339,0,230,3000,500,1000,0,0,0,0,0,0,0,0,0,0,-145,1,0,0,0,160,0,0,0,0,0,0,1000
8340,0,231,3000,500,1000,0,0,0,0,0,0,0,0,0,0,-145,1,0,0,0,160,0,0,0,0,0,0,1000
8341,0,232,3000,500,1000,0,0,0,0,0,0,0,0,0,0,-145,1,0,0,0,160,0,0,0,0,0,0,1000
8342,0,233,3000,500,1000,0,0,0,0,0,0,0,0,0,0,-145,1,0,0,0,160,0,0,0,0,0,0,1000
8343,0,234,3000,500,1000,0,0,0,0,0,0,0,0,0,0,-145,1,0,0,0,160,0,0,0,0,0,0,1000
8344,0,235,3000,500,1000,0,0,0,0,0,0,0,0,0,0,-145,1,0,0,0,160,0,0,0,0,0,0,1000
8345,0,236,3000,500,1000,0,0,0,0,0,0,0,0,0,0,-145,1,0,0,0,160,0,0,0,0,0,0,1000
8346,0,237,3000,500,1000,0,0,0,0,0,0,0,0,0,0,-145,1,0,0,0,160,0,0,0,0,0,0,1000
8347,0,238,3000,500,1000,0,0,0,0,0,0,0,0,0,0,-145,1,0,0,0,160,0,0,0,0,0,0,1000
8348,0,239,3000,500,1000,0,0,0,0,0,0,0,0,0,0,-145,1,0,0,0,160,0,0,0,0,0,0,1000
8349,0,240,3000,500,1000,0,0,0,0,0,0,0,0,0,0,-145,1,0,0,0,160,0,0,0,0,0,0,1000
8350,0,241,3000,500,1000,0,0,0,0,0,0,0,0,0,0,-145,1,0,0,0,160,0,0,0,0,0,0,1000
8351,0,242,3000,500,1000,0,0,0,0,0,0,0,0,0,0,-145,1,0,0,0,160,0,0,0,0,0,0,1000
8352,0,243,3000,500,1000,0,0,0,0,0,0,0,0,0,0,-145,1,0,0,0,160,0,0,0,0,0,0,1000
8353,0,244,3000,500,1000,0,0,0,0,0,0,0,0,0,0,-145,1,0,0,0,160,0,0,0,0,0,0,1000
8354,0,245,3000,500,1000,0,0,0,0,0,0,0,0,0,0,-145,1,0,0,0,160,0,0,0,0,0,0,1000
8355,0,246,3000,500,1000,0,0,0,0,0,0,0,0,0,0,-145,1,0,0,0,160,0,0,0,0,0,0,1000
8356,0,247,3000,500,1000,0,0,0,0,0,0,0,0,0,0,-145,1,0,0,0,160,0,0,0,0,0,0,1000
8357,0,248,3000,500,1000,0,0,0,0,0,0,0,0,0,0,-145,1,0,0,0,160,0,0,0,0,0,0,1000
8358,0,249,3000,500,1000,0,0,0,0,0,0,0,0,0,0,-145,1,0,0,0,160,0,0,0,0,0,0,1000
8359,0,250,3000,500,1000,0,0,0,0,0,0,0,0,0,0,-145,1,0,0,0,160,0,0,0,0,0,0,1000
8360,0,251,3000,500,1000,0,0,0,0,0,0,0,0,0,0,-145,1,0,0,0,160,0,0,0,0,0,0,1000
8361,0,252,3000,500,1000,0,0,0,0,0,0,0,0,0,0,-145,1,0,0,0,160,0,0,0,0,0,0,1000
8362,0,253,3000,500,1000,0,0,0,0,0,0,0,0,0,0,-145,1,0,0,0,160,0,0,0,0,0,0,1000
8363,0,254,3000,500,1000,0,0,0,0,0,0,0,0,0,0,-145,1,0,0,0,160,0,0,0,0,0,0,1000
8364,0,255,3000,500,1000,0,0,0,0,0,0,0,0,0,0,-145,1,0,0,0,160,0,0,0,0,0,0,1000
8365,0,256,3000,500,1000,0,0,0,0,0,0,0,0,0,0,-145,1,0,0,0,160,0,0,0,0,0,0,1000
8366,0,257,3000,500,1000,0,0,0,0,0,0,0,0,0,0,-145,1,0,0,0,160,0,0,0,0,0,0,1000
8367,0,258,3000,500,1000,0,0,0,0,0,0,0,0,0,0,-145,1,0,0,0,160,0,0,0,0,0,0,1000
8368,0,259,3000,500,1000,0,0,0,0,0,0,0,0,0,0,-145,1,0,0,0,160,0,0,0,0,0,0,1000
8369,0,260,3000,500,1000,0,0,0,0,0,0,0,0,0,0,-145,1,0,0,0,160,0,0,0,0,0,0,1000
8370,0,261,3000,500,1000,0,0,0,0,0,0,0,0,0,0,-145,1,0,0,0,160,0,0,0,0,0,0,1000
8371,0,262,3000,500,1000,0,0,0,0,0,0,0,0,0,0,-145,1,0,0,0,160,0,0,0,0,0,0,1000
8372,0,263,3000,500,1000,0,0,0,0,0,0,0,0,0,0,-145,1,0,0,0,160,0,0,0,0,0,0,1000
8373,0,264,3000,500,1000,0,0,0,0,0,0,0,0,0,0,-145,1,0,0,0,160,0,0,0,0,0,0,1000
8374,0,265,3000,500,1000,0,0,0,0,0,0,0,0,0,0,-145,1,0,0,0,160,0,0,0,0,0,0,1000
8375,0,266,3000,500,1000,0,0,0,0,0,0,0,0,0,0,-145,1,0,0,0,160,0,0,0,0,0,0,1000
8376,0,267,3000,500,1000,0,0,0,0,0,0,0,0,0,0,-145,1,0,0,0,160,0,0,0,0,0,0,1000
8377,0,268,3000,500,1000,0,0,0,0,0,0,0,0,0,0,-145,1,0,0,0,160,0,0,0,0,0,0,1000
8378,0,269,3000,500,1000,0,0,0,0,0,0,0,0,0,0,-145,1,0,0,0,160,0,0,0,0,0,0,1000
8379,0,270,3000,500,1000,0,0,0,0,0,0,0,0,0,0,-145,1,0,0,0,160,0,0,0,0,0,0,1000
8380,0,271,3000,500,1000,0,0,0,0,0,0,0,0,0,0,-145,1,0,0,0,160,0,0,0,0,0,0,1000
8381,0,272,3000,500,1000,0,0,0,0,0,0,0,0,0,0,-145,1,0,0,0,160,0,0,0,0,0,0,1000
8382,0,273,3000,500,1000,0,0,0,0,0,0,0,0,0,0,-145,1,0,0,0,160,0,0,0,0,0,0,1000
8383,0,274,3000,500,1000,0,0,0,0,0,0,0,0,0,0,-145,1,0,0,0,160,0,0,0,0,0,0,1000
8384,0,275,3000,500,1000,0,0,0,0,0,0,0,0,0,0,-145,1,0,0,0,160,0,0,0,0,0,0,1000
8385,0,276,3000,500,1000,0,0,0,0,0,0,0,0,0,0,-145,1,0,0,0,160,0,0,0,0,0,0,1000
8386,0,277,3000,500,1000,0,0,0,0,0,0,0,0,0,0,-145,1,0,0,0,160,0,0,0,0,0,0,1000
8387,0,278,3000,500,1000,0,0,0,0,0,0,0,0,0,0,-145,1,0,0,0,160,0,0,0,0,0,0,1000
8388,0,279,3000,500,1000,0,0,0,0,0,0,0,0,0,0,-145,1,0,0,0,160,0,0,0,0,0,0,1000
8389,0,280,3000,500,1000,0,0,0,0,0,0,0,0,0,0,-145,1,0,0,0,160,0,0,0,0,0,0,1000
8390,0,281,3000,500,1000,0,0,0,0,0,0,0,0,0,0,-145,1,0,0,0,160,0,0,0,0,0,0,1000
8391,0,282,3000,500,1000,0,0,0,0,0,0,0,0,0,0,-145,1,0,0,0,160,0,0,0,0,0,0,1000
8392,0,283,3000,500,1000,0,0,0,0,0,0,0,0,0,0,-145,1,0,0,0,160,0,0,0,0,0,0,1000
8393,0,284,3000,500,1000,0,0,0,0,0,0,0,0,0,0,-145,1,0,0,0,160,0,0,0,0,0,0,1000
8394,0,285,3000,500,1000,0,0,0,0,0,0,0,0,0,0,-145,1,0,0,0,160,0,0,0,0,0,0,1000
8395,0,286,3000,500,1000,0,0,0,0,0,0,0,0,0,0,-145,1,0,0,0,160,0,0,0,0,0,0,1000
8396,0,287,3000,500,1000,0,0,0,0,0,0,0,0,0,0,-145,1,0,0,0,160,0,0,0,0,0,0,1000
8397,0,288,3000,500,1000,0,0,0,0,0,0,0,0,0,0,-145,1,0,0,0,160,0,0,0,0,0,0,1000
8398,0,289,3000,500,1000,0,0,0,0,0,0,0,0,0,0,-145,1,0,0,0,160,0,0,0,0,0,0,1000
8399,0,290,3000,500,1000,0,0,0,0,0,0,0,0,0,0,-145,1,0,0,0,160,0,0,0,0,0,0,1000
8400,0,291,3000,500,1000,0,0,0,0,0,0,0,0,0,0,-145,1,0,0,0,160,0,0,0,0,0,0,1000
8401,0,292,3000,500,1000,0,0,0,0,0,0,0,0,0,0,-145,1,0,0,0,160,0,0,0,0,0,0,1000
8402,0,293,3000,500,1000,0,0,0,0,0,0,0,0,0,0,-145,1,0,0,0,160,0,0,0,0,0,0,1000
8403,0,294,3000,500,1000,0,0,0,0,0,0,0,0,0,0,-145,1,0,0,0,160,0,0,0,0,0,0,1000
8404,0,295,3000,500,1000,0,0,0,0,0,0,0,0,0,0,-145,1,0,0,0,160,0,0,0,0,0,0,1000
8405,0,296,3000,500,1000,0,0,0,0,0,0,0,0,0,0,-145,1,0,0,0,160,0,0,0,0,0,0,1000
8406,0,297,3000,500,1000,0,0,0,0,0,0,0,0,0,0,-145,1,0,0,0,160,0,0,0,0,0,0,1000
8407,0,298,3000,500,1000,0,0,0,0,0,0,0,0,0,0,-145,1,0,0,0,160,0,0,0,0,0,0,1000
8408,0,299,3000,500,1000,0,0,0,0,0,0,0,0,0,0,-145,1,0,0,0,160,0,0,0,0,0,0,1000
8409,0,300,3000,500,1000,0,0,0,0,0,0,0,0,0,0,-145,1,0,0,0,160,0,0,0,0,0,0,1000
8410,0,1,3000,500,1000,0,0,0,0,0,0,0,0,0,0,-145,1,0,0,0,160,0,0,0,0,0,0,1000
8411,0,2,3000,500,1000,0,0,0,0,0,0,0,0,0,0,-145,1,0,0,0,160,0,0,0,0,0,0,1000
8412,0,3,3000,500,1000,0,0,0,0,0,0,0,0,0,0,-145,1,0,0,0,160,0,0,0,0,0,0,1000
8413,0,4,3000,500,1000,0,0,0,0,0,0,0,0,0,0,-145,1,0,0,0,160,0,0,0,0,0,0,1000
8414,0,5,3000,500,1000,0,0,0,0,0,0,0,0,0,0,-145,1,0,0,0,160,0,0,0,0,0,0,1000
8415,0,6,3000,500,1000,0,0,0,0,0,0,0,0,0,0,-145,1,0,0,0,160,0,0,0,0,0,0,1000
8416,0,7,3000,500,1000,0,0,0,0,0,0,0,0,0,0,-145,1,0,0,0,160,0,0,0,0,0,0,1000
8417,0,8,3000,500,1000,0,0,0,0,0,0,0,0,0,0,-145,1,0,0,0,160,0,0,0,0,0,0,1000
8418,0,9,3000,500,1000,0,0,0,0,0,0,0,0,0,0,-145,1,0,0,0,160,0,0,0,0,0,0,1000
8419,0,10,3000,500,1000,0,0,0,0,0,0,0,0,0,0,-145,1,0,0,0,160,0,0,0,0,0,0,1000
8420,0,11,3000,500,1000,0,0,0,0,0,0,0,0,0,0,-145,1,0,0,0,160,0,0,0,0,0,0,1000
8421,0,12,3000,500,1000,0,0,0,0,0,0,0,0,0,0,-145,1,0,0,0,160,0,0,0,0,0,0,1000
8422,0,13,3000,500,1000,0,0,0,0,0,0,0,0,0,0,-145,1,0,0,0,160,0,0,0,0,0,0,1000
8423,0,14,3000,500,1000,0,0,0,0,0,0,0,0,0,0,-145,1,0,0,0,160,0,0,0,0,0,0,1000
8424,0,15,3000,500,1000,0,0,0,0,0,0,0,0,0,0,-145,1,0,0,0,160,0,0,0,0,0,0,1000
8425,0,16,3000,500,1000,0,0,0,0,0,0,0,0,0,0,-145,1,0,0,0,160,0,0,0,0,0,0,1000
8426,0,17,3000,500,1000,0,0,0,0,0,0,0,0,0,0,-145,1,0,0,0,160,0,0,0,0,0,0,1000
8427,0,18,3000,500,1000,0,0,0,0,0,0,0,0,0,0,-145,1,0,0,0,160,0,0,0,0,0,0,1000
8428,0,19,3000,500,1000,0,0,0,0,0,0,0,0,0,0,-145,1,0,0,0,160,0,0,0,0,0,0,1000
8429,0,20,3000,500,1000,0,0,0,0,0,0,0,0,0,0,-145,1,0,0,0,160,0,0,0,0,0,0,1000
8430,0,21,3000,500,1000,0,0,0,0,0,0,0,0,0,0,-145,1,0,0,0,160,0,0,0,0,0,0,1000
8431,0,22,3000,500,1000,0,0,0,0,0,0,0,0,0,0,-145,1,0,0,0,160,0,0,0,0,0,0,1000
8432,0,23,3000,500,1000,0,0,0,0,0,0,0,0,0,0,-145,1,0,0,0,160,0,0,0,0,0,0,1000
8433,0,24,3000,500,1000,0,0,0,0,0,0,0,0,0,0,-145,1,0,0,0,160,0,0,0,0,0,0,1000
8434,0,25,3000,500,1000,0,0,0,0,0,0,0,0,0,0,-145,1,0,0,0,160,0,0,0,0,0,0,1000
8435,0,26,3000,500,1000,0,0,0,0,0,0,0,0,0,0,-145,1,0,0,0,160,0,0,0,0,0,0,1000
8436,0,27,3000,500,1000,0,0,0,0,0,0,0,0,0,0,-145,1,0,0,0,160,0,0,0,0,0,0,1000
8437,0,28,3000,500,1000,0,0,0,0,0,0,0,0,0,0,-145,1,0,0,0,160,0,0,0,0,0,0,1000
8438,0,29,3000,500,1000,0,0,0,0,0,0,0,0,0,0,-145,1,0,0,0,160,0,0,0,0,0,0,1000
8439,0,30,3000,500,1000,0,0,0,0,0,0,0,0,0,0,-145,1,0,0,0,160,0,0,0,0,0,0,1000
8440,0,31,3000,500,1000,0,0,0,0,0,0,0,0,0,0,-145,1,0,0,0,160,0,0,0,0,0,0,1000
8441,0,32,3000,500,1000,0,0,0,0,0,0,0,0,0,0,-145,1,0,0,0,160,0,0,0,0,0,0,1000
8442,0,33,3000,500,1000,0,0,0,0,0,0,0,0,0,0,-145,1,0,0,0,160,0,0,0,0,0,0,1000
8443,0,34,3000,500,1000,0,0,0,0,0,0,0,0,0,0,-145,1,0,0,0,160,0,0,0,0,0,0,1000
8444,0,35,3000,500,1000,0,0,0,0,0,0,0,0,0,0,-145,1,0,0,0,160,0,0,0,0,0,0,1000
8445,0,36,3000,500,1000,0,0,0,0,0,0,0,0,0,0,-145,1,0,0,0,160,0,0,0,0,0,0,1000
8446,0,37,3000,500,1000,0,0,0,0,0,0,0,0,0,0,-145,1,0,0,0,160,0,0,0,0,0,0,1000
8447,0,38,3000,500,1000,0,0,0,0,0,0,0,0,0,0,-145,1,0,0,0,160,0,0,0,0,0,0,1000
8448,0,39,3000,500,1000,0,0,0,0,0,0,0,0,0,0,-145,1,0,0,0,160,0,0,0,0,0,0,1000
8449,0,40,3000,500,1000,0,0,0,0,0,0,0,0,0,0,-145,1,0,0,0,160,0,0,0,0,0,0,1000
8450,0,41,3000,500,1000,0,0,0,0,0,0,0,0,0,0,-145,1,0,0,0,160,0,0,0,0,0,0,1000
8451,0,42,3000,500,1000,0,0,0,0,0,0,0,0,0,0,-145,1,0,0,0,160,0,0,0,0,0,0,1000
8452,0,43,3000,500,1000,0,0,0,0,0,0,0,0,0,0,-145,1,0,0,0,160,0,0,0,0,0,0,1000
8453,0,44,3000,500,1000,0,0,0,0,0,0,0,0,0,0,-145,1,0,0,0,160,0,0,0,0,0,0,1000
8454,0,45,3000,500,1000,0,0,0,0,0,0,0,0,0,0,-145,1,0,0,0,160,0,0,0,0,0,0,1000
8455,0,46,3000,500,1000,0,0,0,0,0,0,0,0,0,0,-145,1,0,0,0,160,0,0,0,0,0,0,1000
8456,0,47,3000,500,1000,0,0,0,0,0,0,0,0,0,0,-145,1,0,0,0,160,0,0,0,0,0,0,1000
8457,0,48,3000,500,1000,0,0,0,0,0,0,0,0,0,0,-145,1,0,0,0,160,0,0,0,0,0,0,1000
8458,0,49,3000,500,1000,0,0,0,0,0,0,0,0,0,0,-145,1,0,0,0,160,0,0,0,0,0,0,1000
8459,0,50,3000,500,1000,0,0,0,0,0,0,0,0,0,0,-145,1,0,0,0,160,0,0,0,0,0,0,1000
8460,0,51,3000,500,1000,0,0,0,0,0,0,0,0,0,0,-145,1,0,0,0,160,0,0,0,0,0,0,1000
8461,0,52,3000,500,1000,0,0,0,0,0,0,0,0,0,0,-145,1,0,0,0,160,0,0,0,0,0,0,1000
8462,0,53,3000,500,1000,0,0,0,0,0,0,0,0,0,0,-145,1,0,0,0,160,0,0,0,0,0,0,1000
8463,0,54,3000,500,1000,0,0,0,0,0,0,0,0,0,0,-145,1,0,0,0,160,0,0,0,0,0,0,1000
8464,0,55,3000,500,1000,0,0,0,0,0,0,0,0,0,0,-145,1,0,0,0,160,0,0,0,0,0,0,1000
8465,0,56,3000,500,1000,0,0,0,0,0,0,0,0,0,0,-145,1,0,0,0,160,0,0,0,0,0,0,1000
8466,0,57,3000,500,1000,0,0,0,0,0,0,0,0,0,0,-145,1,0,0,0,160,0,0,0,0,0,0,1000
8467,0,58,3000,500,1000,0,0,0,0,0,0,0,0,0,0,-145,1,0,0,0,160,0,0,0,0,0,0,1000
8468,0,59,3000,500,1000,0,0,0,0,0,0,0,0,0,0,-145,1,0,0,0,160,0,0,0,0,0,0,1000
8469,0,60,3000,500,1000,0,0,0,0,0,0,0,0,0,0,-145,1,0,0,0,160,0,0,0,0,0,0,1000
8470,0,61,3000,500,1000,0,0,0,0,0,0,0,0,0,0,-145,1,0,0,0,160,0,0,0,0,0,0,1000
8471,0,62,3000,500,1000,0,0,0,0,0,0,0,0,0,0,-145,1,0,0,0,160,0,0,0,0,0,0,1000
8472,0,63,3000,500,1000,0,0,0,0,0,0,0,0,0,0,-145,1,0,0,0,160,0,0,0,0,0,0,1000
8473,0,64,3000,500,1000,0,0,0,0,0,0,0,0,0,0,-145,1,0,0,0,160,0,0,0,0,0,0,1000
8474,0,65,3000,500,1000,0,0,0,0,0,0,0,0,0,0,-145,1,0,0,0,160,0,0,0,0,0,0,1000
8475,0,66,3000,500,1000,0,0,0,0,0,0,0,0,0,0,-145,1,0,0,0,160,0,0,0,0,0,0,1000
8476,0,67,3000,500,1000,0,0,0,0,0,0,0,0,0,0,-145,1,0,0,0,160,0,0,0,0,0,0,1000
8477,0,68,3000,500,1000,0,0,0,0,0,0,0,0,0,0,-145,1,0,0,0,160,0,0,0,0,0,0,1000
8478,0,69,3000,500,1000,0,0,0,0,0,0,0,0,0,0,-145,1,0,0,0,160,0,0,0,0,0,0,1000
8479,0,70,3000,500,1000,0,0,0,0,0,0,0,0,0,0,-145,1,0,0,0,160,0,0,0,0,0,0,1000
8480,0,71,3000,500,1000,0,0,0,0,0,0,0,0,0,0,-145,1,0,0,0,160,0,0,0,0,0,0,1000
8481,0,72,3000,500,1000,0,0,0,0,0,0,0,0,0,0,-145,1,0,0,0,160,0,0,0,0,0,0,1000
8482,0,73,3000,500,1000,0,0,0,0,0,0,0,0,0,0,-145,1,0,0,0,160,0,0,0,0,0,0,1000
8483,0,74,3000,500,1000,0,0,0,0,0,0,0,0,0,0,-145,1,0,0,0,160,0,0,0,0,0,0,1000
8484,0,75,3000,500,1000,0,0,0,0,0,0,0,0,0,0,-145,1,0,0,0,160,0,0,0,0,0,0,1000
8485,0,76,3000,500,1000,0,0,0,0,0,0,0,0,0,0,-145,1,0,0,0,160,0,0,0,0,0,0,1000
8486,0,77,3000,500,1000,0,0,0,0,0,0,0,0,0,0,-145,1,0,0,0,160,0,0,0,0,0,0,1000
8487,0,78,3000,500,1000,0,0,0,0,0,0,0,0,0,0,-145,1,0,0,0,160,0,0,0,0,0,0,1000
8488,0,79,3000,500,1000,0,0,0,0,0,0,0,0,0,0,-145,1,0,0,0,160,0,0,0,0,0,0,1000
8489,0,80,3000,500,1000,0,0,0,0,0,0,0,0,0,0,-145,1,0,0,0,160,0,0,0,0,0,0,1000
8490,0,81,3000,500,1000,0,0,0,0,0,0,0,0,0,0,-145,1,0,0,0,160,0,0,0,0,0,0,1000
8491,0,82,3000,500,1000,0,0,0,0,0,0,0,0,0,0,-145,1,0,0,0,160,0,0,0,0,0,0,1000
8492,0,83,3000,500,1000,0,0,0,0,0,0,0,0,0,0,-145,1,0,0,0,160,0,0,0,0,0,0,1000
8493,0,84,3000,500,1000,0,0,0,0,0,0,0,0,0,0,-145,1,0,0,0,160,0,0,0,0,0,0,1000
8494,0,85,3000,500,1000,0,0,0,0,0,0,0,0,0,0,-145,1,0,0,0,160,0,0,0,0,0,0,1000
8495,0,86,3000,500,1000,0,0,0,0,0,0,0,0,0,0,-145,1,0,0,0,160,0,0,0,0,0,0,1000
8496,0,87,3000,500,1000,0,0,0,0,0,0,0,0,0,0,-145,1,0,0,0,160,0,0,0,0,0,0,1000
8497,0,88,3000,500,1000,0,0,0,0,0,0,0,0,0,0,-145,1,0,0,0,160,0,0,0,0,0,0,1000
8498,0,89,3000,500,1000,0,0,0,0,0,0,0,0,0,0,-145,1,0,0,0,160,0,0,0,0,0,0,1000
8499,0,90,3000,500,1000,0,0,0,0,0,0,0,0,0,0,-145,1,0,0,0,160,0,0,0,0,0,0,1000
8500,0,91,3000,500,1000,0,0,0,0,0,0,0,0,0,0,-145,1,0,0,0,160,0,0,0,0,0,0,1000
8501,0,92,3000,500,1000,0,0,0,0,0,0,0,0,0,0,-145,1,0,0,0,160,0,0,0,0,0,0,1000
8502,0,93,3000,500,1000,0,0,0,0,0,0,0,0,0,0,-145,1,0,0,0,160,0,0,0,0,0,0,1000
8503,0,94,3000,500,1000,0,0,0,0,0,0,0,0,0,0,-145,1,0,0,0,160,0,0,0,0,0,0,1000
8504,0,95,3000,500,1000,0,0,0,0,0,0,0,0,0,0,-145,1,0,0,0,160,0,0,0,0,0,0,1000
8505,0,96,3000,500,1000,0,0,0,0,0,0,0,0,0,0,-145,1,0,0,0,160,0,0,0,0,0,0,1000
8506,0,97,3000,500,1000,0,0,0,0,0,0,0,0,0,0,-145,1,0,0,0,160,0,0,0,0,0,0,1000
8507,0,98,3000,500,1000,0,0,0,0,0,0,0,0,0,0,-145,1,0,0,0,160,0,0,0,0,0,0,1000
8508,0,99,3000,500,1000,0,0,0,0,0,0,0,0,0,0,-145,1,0,0,0,160,0,0,0,0,0,0,1000
8509,0,100,3000,500,1000,0,0,0,0,0,0,0,0,0,0,-145,1,0,0,0,160,0,0,0,0,0,0,1000
8510,0,101,3000,500,1000,0,0,0,0,0,0,0,0,0,0,-145,1,0,0,0,160,0,0,0,0,0,0,1000
8511,0,102,3000,500,1000,0,0,0,0,0,0,0,0,0,0,-145,1,0,0,0,160,0,0,0,0,0,0,1000
8512,0,103,3000,500,1000,0,0,0,0,0,0,0,0,0,0,-145,1,0,0,0,160,0,0,0,0,0,0,1000
8513,0,104,3000,500,1000,0,0,0,0,0,0,0,0,0,0,-145,1,0,0,0,160,0,0,0,0,0,0,1000
8514,0,105,3000,500,1000,0,0,0,0,0,0,0,0,0,0,-145,1,0,0,0,160,0,0,0,0,0,0,1000
8515,0,106,3000,500,1000,0,0,0,0,0,0,0,0,0,0,-145,1,0,0,0,160,0,0,0,0,0,0,1000
8516,0,107,3000,500,1000,0,0,0,0,0,0,0,0,0,0,-145,1,0,0,0,160,0,0,0,0,0,0,1000
8517,0,108,3000,500,1000,0,0,0,0,0,0,0,0,0,0,-145,1,0,0,0,160,0,0,0,0,0,0,1000
8518,0,109,3000,500,1000,0,0,0,0,0,0,0,0,0,0,-145,1,0,0,0,160,0,0,0,0,0,0,1000
8519,0,110,3000,500,1000,0,0,0,0,0,0,0,0,0,0,-145,1,0,0,0,160,0,0,0,0,0,0,1000
8520,0,111,3000,500,1000,0,0,0,0,0,0,0,0,0,0,-145,1,0,0,0,160,0,0,0,0,0,0,1000
8521,0,112,3000,500,1000,0,0,0,0,0,0,0,0,0,0,-145,1,0,0,0,160,0,0,0,0,0,0,1000
8522,0,113,3000,500,1000,0,0,0,0,0,0,0,0,0,0,-145,1,0,0,0,160,0,0,0,0,0,0,1000
8523,0,114,3000,500,1000,0,0,0,0,0,0,0,0,0,0,-145,1,0,0,0,160,0,0,0,0,0,0,1000
8524,0,115,3000,500,1000,0,0,0,0,0,0,0,0,0,0,-145,1,0,0,0,160,0,0,0,0,0,0,1000
8525,0,116,3000,500,1000,0,0,0,0,0,0,0,0,0,0,-145,1,0,0,0,160,0,0,0,0,0,0,1000
8526,0,117,3000,500,1000,0,0,0,0,0,0,0,0,0,0,-145,1,0,0,0,160,0,0,0,0,0,0,1000
8527,0,118,3000,500,1000,0,0,0,0,0,0,0,0,0,0,-145,1,0,0,0,160,0,0,0,0,0,0,1000
8528,0,119,3000,500,1000,0,0,0,0,0,0,0,0,0,0,-145,1,0,0,0,160,0,0,0,0,0,0,1000
8529,0,120,3000,500,1000,0,0,0,0,0,0,0,0,0,0,-145,1,0,0,0,160,0,0,0,0,0,0,1000
8530,0,121,3000,500,1000,0,0,0,0,0,0,0,0,0,0,-145,1,0,0,0,160,0,0,0,0,0,0,1000
8531,0,122,3000,500,1000,0,0,0,0,0,0,0,0,0,0,-145,1,0,0,0,160,0,0,0,0,0,0,1000
8532,0,123,3000,500,1000,0,0,0,0,0,0,0,0,0,0,-145,1,0,0,0,160,0,0,0,0,0,0,1000
8533,0,124,3000,500,1000,0,0,0,0,0,0,0,0,0,0,-145,1,0,0,0,160,0,0,0,0,0,0,1000
8534,0,125,3000,500,1000,0,0,0,0,0,0,0,0,0,0,-145,1,0,0,0,160,0,0,0,0,0,0,1000
8535,0,126,3000,500,1000,0,0,0,0,0,0,0,0,0,0,-145,1,0,0,0,160,0,0,0,0,0,0,1000
8536,0,127,3000,500,1000,0,0,0,0,0,0,0,0,0,0,-145,1,0,0,0,160,0,0,0,0,0,0,1000
8537,0,128,3000,500,1000,0,0,0,0,0,0,0,0,0,0,-145,1,0,0,0,160,0,0,0,0,0,0,1000
8538,0,129,3000,500,1000,0,0,0,0,0,0,0,0,0,0,-145,1,0,0,0,160,0,0,0,0,0,0,1000
8539,0,130,3000,500,1000,0,0,0,0,0,0,0,0,0,0,-145,1,0,0,0,160,0,0,0,0,0,0,1000
8540,0,131,3000,500,1000,0,0,0,0,0,0,0,0,0,0,-145,1,0,0,0,160,0,0,0,0,0,0,1000
8541,0,132,3000,500,1000,0,0,0,0,0,0,0,0,0,0,-145,1,0,0,0,160,0,0,0,0,0,0,1000
8542,0,133,3000,500,1000,0,0,0,0,0,0,0,0,0,0,-145,1,0,0,0,160,0,0,0,0,0,0,1000
8543,0,134,3000,500,1000,0,0,0,0,0,0,0,0,0,0,-145,1,0,0,0,160,0,0,0,0,0,0,1000
8544,0,135,3000,500,1000,0,0,0,0,0,0,0,0,0,0,-145,1,0,0,0,160,0,0,0,0,0,0,1000
8545,0,136,3000,500,1000,0,0,0,0,0,0,0,0,0,0,-145,1,0,0,0,160,0,0,0,0,0,0,1000
8546,0,137,3000,500,1000,0,0,0,0,0,0,0,0,0,0,-145,1,0,0,0,160,0,0,0,0,0,0,1000
8547,0,138,3000,500,1000,0,0,0,0,0,0,0,0,0,0,-145,1,0,0,0,160,0,0,0,0,0,0,1000
8548,0,139,3000,500,1000,0,0,0,0,0,0,0,0,0,0,-145,1,0,0,0,160,0,0,0,0,0,0,1000
8549,0,140,3000,500,1000,0,0,0,0,0,0,0,0,0,0,-145,1,0,0,0,160,0,0,0,0,0,0,1000
8550,0,141,3000,500,1000,0,0,0,0,0,0,0,0,0,0,-145,1,0,0,0,160,0,0,0,0,0,0,1000
8551,0,142,3000,500,1000,0,0,0,0,0,0,0,0,0,0,-145,1,0,0,0,160,0,0,0,0,0,0,1000
8552,0,143,3000,500,1000,0,0,0,0,0,0,0,0,0,0,-145,1,0,0,0,160,0,0,0,0,0,0,1000
8553,0,144,3000,500,1000,0,0,0,0,0,0,0,0,0,0,-145,1,0,0,0,160,0,0,0,0,0,0,1000
8554,0,145,3000,500,1000,0,0,0,0,0,0,0,0,0,0,-145,1,0,0,0,160,0,0,0,0,0,0,1000
8555,0,146,3000,500,1000,0,0,0,0,0,0,0,0,0,0,-145,1,0,0,0,160,0,0,0,0,0,0,1000
8556,0,147,3000,500,1000,0,0,0,0,0,0,0,0,0,0,-145,1,0,0,0,160,0,0,0,0,0,0,1000
8557,0,148,3000,500,1000,0,0,0,0,0,0,0,0,0,0,-145,1,0,0,0,160,0,0,0,0,0,0,1000
8558,0,149,3000,500,1000,0,0,0,0,0,0,0,0,0,0,-145,1,0,0,0,160,0,0,0,0,0,0,1000
8559,0,150,3000,500,1000,0,0,0,0,0,0,0,0,0,0,-145,1,0,0,0,160,0,0,0,0,0,0,1000
8560,0,151,3000,500,1000,0,0,0,0,0,0,0,0,0,0,-145,1,0,0,0,160,0,0,0,0,0,0,1000
8561,0,152,3000,500,1000,0,0,0,0,0,0,0,0,0,0,-145,1,0,0,0,160,0,0,0,0,0,0,1000
8562,0,153,3000,500,1000,0,0,0,0,0,0,0,0,0,0,-145,1,0,0,0,160,0,0,0,0,0,0,1000
8563,0,154,3000,500,1000,0,0,0,0,0,0,0,0,0,0,-145,1,0,0,0,160,0,0,0,0,0,0,1000
8564,0,155,3000,500,1000,0,0,0,0,0,0,0,0,0,0,-145,1,0,0,0,160,0,0,0,0,0,0,1000
8565,0,156,3000,500,1000,0,0,0,0,0,0,0,0,0,0,-145,1,0,0,0,160,0,0,0,0,0,0,1000
8566,0,157,3000,500,1000,0,0,0,0,0,0,0,0,0,0,-145,1,0,0,0,160,0,0,0,0,0,0,1000
8567,0,158,3000,500,1000,0,0,0,0,0,0,0,0,0,0,-145,1,0,0,0,160,0,0,0,0,0,0,1000
8568,0,159,3000,500,1000,0,0,0,0,0,0,0,0,0,0,-145,1,0,0,0,160,0,0,0,0,0,0,1000
8569,0,160,3000,500,1000,0,0,0,0,0,0,0,0,0,0,-145,1,0,0,0,160,0,0,0,0,0,0,1000
8570,0,161,3000,500,1000,0,0,0,0,0,0,0,0,0,0,-145,1,0,0,0,160,0,0,0,0,0,0,1000
8571,0,162,3000,500,1000,0,0,0,0,0,0,0,0,0,0,-145,1,0,0,0,160,0,0,0,0,0,0,1000
8572,0,163,3000,500,1000,0,0,0,0,0,0,0,0,0,0,-145,1,0,0,0,160,0,0,0,0,0,0,1000
8573,0,164,3000,500,1000,0,0,0,0,0,0,0,0,0,0,-145,1,0,0,0,160,0,0,0,0,0,0,1000
8574,0,165,3000,500,1000,0,0,0,0,0,0,0,0,0,0,-145,1,0,0,0,160,0,0,0,0,0,0,1000
8575,0,166,3000,500,1000,0,0,0,0,0,0,0,0,0,0,-145,1,0,0,0,160,0,0,0,0,0,0,1000
8576,0,167,3000,500,1000,0,0,0,0,0,0,0,0,0,0,-145,1,0,0,0,160,0,0,0,0,0,0,1000
8577,0,168,3000,500,1000,0,0,0,0,0,0,0,0,0,0,-145,1,0,0,0,160,0,0,0,0,0,0,1000
8578,0,169,3000,500,1000,0,0,0,0,0,0,0,0,0,0,-145,1,0,0,0,160,0,0,0,0,0,0,1000
8579,0,170,3000,500,1000,0,0,0,0,0,0,0,0,0,0,-145,1,0,0,0,160,0,0,0,0,0,0,1000
8580,0,171,3000,500,1000,0,0,0,0,0,0,0,0,0,0,-145,1,0,0,0,160,0,0,0,0,0,0,1000
8581,0,172,3000,500,1000,0,0,0,0,0,0,0,0,0,0,-145,1,0,0,0,160,0,0,0,0,0,0,1000
8582,0,173,3000,500,1000,0,0,0,0,0,0,0,0,0,0,-145,1,0,0,0,160,0,0,0,0,0,0,1000
8583,0,174,3000,500,1000,0,0,0,0,0,0,0,0,0,0,-145,1,0,0,0,160,0,0,0,0,0,0,1000
8584,0,175,3000,500,1000,0,0,0,0,0,0,0,0,0,0,-145,1,0,0,0,160,0,0,0,0,0,0,1000
8585,0,176,3000,500,1000,0,0,0,0,0,0,0,0,0,0,-145,1,0,0,0,160,0,0,0,0,0,0,1000
8586,0,177,3000,500,1000,0,0,0,0,0,0,0,0,0,0,-145,1,0,0,0,160,0,0,0,0,0,0,1000
8587,0,178,3000,500,1000,0,0,0,0,0,0,0,0,0,0,-145,1,0,0,0,160,0,0,0,0,0,0,1000
8588,0,179,3000,500,1000,0,0,0,0,0,0,0,0,0,0,-145,1,0,0,0,160,0,0,0,0,0,0,1000
8589,0,180,3000,500,1000,0,0,0,0,0,0,0,0,0,0,-145,1,0,0,0,160,0,0,0,0,0,0,1000
8590,0,181,3000,500,1000,0,0,0,0,0,0,0,0,0,0,-145,1,0,0,0,160,0,0,0,0,0,0,1000
8591,0,182,3000,500,1000,0,0,0,0,0,0,0,0,0,0,-145,1,0,0,0,160,0,0,0,0,0,0,1000
8592,0,183,3000,500,1000,0,0,0,0,0,0,0,0,0,0,-145,1,0,0,0,160,0,0,0,0,0,0,1000
8593,0,184,3000,500,1000,0,0,0,0,0,0,0,0,0,0,-145,1,0,0,0,160,0,0,0,0,0,0,1000
8594,0,185,3000,500,1000,0,0,0,0,0,0,0,0,0,0,-145,1,0,0,0,160,0,0,0,0,0,0,1000
8595,0,186,3000,500,1000,0,0,0,0,0,0,0,0,0,0,-145,1,0,0,0,160,0,0,0,0,0,0,1000
8596,0,187,3000,500,1000,0,0,0,0,0,0,0,0,0,0,-145,1,0,0,0,160,0,0,0,0,0,0,1000
8597,0,188,3000,500,1000,0,0,0,0,0,0,0,0,0,0,-145,1,0,0,0,160,0,0,0,0,0,0,1000
8598,0,189,3000,500,1000,0,0,0,0,0,0,0,0,0,0,-145,1,0,0,0,160,0,0,0,0,0,0,1000
8599,0,190,3000,500,1000,0,0,0,0,0,0,0,0,0,0,-145,1,0,0,0,160,0,0,0,0,0,0,1000
8600,0,191,3000,500,1000,0,0,0,0,0,0,0,0,0,0,-145,1,0,0,0,160,0,0,0,0,0,0,1000
8601,0,192,3000,500,1000,0,0,0,0,0,0,0,0,0,0,-145,1,0,0,0,160,0,0,0,0,0,0,1000
8602,0,193,3000,500,1000,0,0,0,0,0,0,0,0,0,0,-145,1,0,0,0,160,0,0,0,0,0,0,1000
8603,0,194,3000,500,1000,0,0,0,0,0,0,0,0,0,0,-145,1,0,0,0,160,0,0,0,0,0,0,1000
8604,0,195,3000,500,1000,0,0,0,0,0,0,0,0,0,0,-145,1,0,0,0,160,0,0,0,0,0,0,1000
8605,0,196,3000,500,1000,0,0,0,0,0,0,0,0,0,0,-145,1,0,0,0,160,0,0,0,0,0,0,1000
8606,0,197,3000,500,1000,0,0,0,0,0,0,0,0,0,0,-145,1,0,0,0,160,0,0,0,0,0,0,1000
8607,0,198,3000,500,1000,0,0,0,0,0,0,0,0,0,0,-145,1,0,0,0,160,0,0,0,0,0,0,1000
8608,0,199,3000,500,1000,0,0,0,0,0,0,0,0,0,0,-145,1,0,0,0,160,0,0,0,0,0,0,1000
8609,0,200,3000,500,1000,0,0,0,0,0,0,0,0,0,0,-145,1,0,0,0,160,0,0,0,0,0,0,1000
8610,0,201,3000,500,1000,0,0,0,0,0,0,0,0,0,0,-145,1,0,0,0,160,0,0,0,0,0,0,1000
8611,0,202,3000,500,1000,0,0,0,0,0,0,0,0,0,0,-145,1,0,0,0,160,0,0,0,0,0,0,1000
8612,0,203,3000,500,1000,0,0,0,0,0,0,0,0,0,0,-145,1,0,0,0,160,0,0,0,0,0,0,1000
8613,0,204,3000,500,1000,0,0,0,0,0,0,0,0,0,0,-145,1,0,0,0,160,0,0,0,0,0,0,1000
8614,0,205,3000,500,1000,0,0,0,0,0,0,0,0,0,0,-145,1,0,0,0,160,0,0,0,0,0,0,1000
8615,0,206,3000,500,1000,0,0,0,0,0,0,0,0,0,0,-145,1,0,0,0,160,0,0,0,0,0,0,1000
8616,0,207,3000,500,1000,0,0,0,0,0,0,0,0,0,0,-145,1,0,0,0,160,0,0,0,0,0,0,1000
8617,0,208,3000,500,1000,0,0,0,0,0,0,0,0,0,0,-145,1,0,0,0,160,0,0,0,0,0,0,1000
8618,0,209,3000,500,1000,0,0,0,0,0,0,0,0,0,0,-145,1,0,0,0,160,0,0,0,0,0,0,1000
8619,0,210,3000,500,1000,0,0,0,0,0,0,0,0,0,0,-145,1,0,0,0,160,0,0,0,0,0,0,1000
8620,0,211,3000,500,1000,0,0,0,0,0,0,0,0,0,0,-145,1,0,0,0,160,0,0,0,0,0,0,1000
8621,0,212,3000,500,1000,0,0,0,0,0,0,0,0,0,0,-145,1,0,0,0,160,0,0,0,0,0,0,1000
8622,0,213,3000,500,1000,0,0,0,0,0,0,0,0,0,0,-145,1,0,0,0,160,0,0,0,0,0,0,1000
8623,0,214,3000,500,1000,0,0,0,0,0,0,0,0,0,0,-145,1,0,0,0,160,0,0,0,0,0,0,1000
8624,0,215,3000,500,1000,0,0,0,0,0,0,0,0,0,0,-145,1,0,0,0,160,0,0,0,0,0,0,1000
8625,0,216,3000,500,1000,0,0,0,0,0,0,0,0,0,0,-145,1,0,0,0,160,0,0,0,0,0,0,1000
8626,0,217,3000,500,1000,0,0,0,0,0,0,0,0,0,0,-145,1,0,0,0,160,0,0,0,0,0,0,1000
8627,0,218,3000,500,1000,0,0,0,0,0,0,0,0,0,0,-145,1,0,0,0,160,0,0,0,0,0,0,1000
8628,0,219,3000,500,1000,0,0,0,0,0,0,0,0,0,0,-145,1,0,0,0,160,0,0,0,0,0,0,1000
8629,0,220,3000,500,1000,0,0,0,0,0,0,0,0,0,0,-145,1,0,0,0,160,0,0,0,0,0,0,1000
8630,0,221,3000,500,1000,0,0,0,0,0,0,0,0,0,0,-145,1,0,0,0,160,0,0,0,0,0,0,1000
8631,0,222,3000,500,1000,0,0,0,0,0,0,0,0,0,0,-145,1,0,0,0,160,0,0,0,0,0,0,1000
8632,0,223,3000,500,1000,0,0,0,0,0,0,0,0,0,0,-145,1,0,0,0,160,0,0,0,0,0,0,1000
8633,0,224,3000,500,1000,0,0,0,0,0,0,0,0,0,0,-145,1,0,0,0,160,0,0,0,0,0,0,1000
8634,0,225,3000,500,1000,0,0,0,0,0,0,0,0,0,0,-145,1,0,0,0,160,0,0,0,0,0,0,1000
8635,0,226,3000,500,1000,0,0,0,0,0,0,0,0,0,0,-145,1,0,0,0,160,0,0,0,0,0,0,1000
8636,0,227,3000,500,1000,0,0,0,0,0,0,0,0,0,0,-145,1,0,0,0,160,0,0,0,0,0,0,1000
8637,0,228,3000,500,1000,0,0,0,0,0,0,0,0,0,0,-145,1,0,0,0,160,0,0,0,0,0,0,1000
8638,0,229,3000,500,1000,0,0,0,0,0,0,0,0,0,0,-145,1,0,0,0,160,0,0,0,0,0,0,1000
8639,0,230,3000,500,1000,0,0,0,0,0,0,0,0,0,0,-145,1,0,0,0,160,0,0,0,0,0,0,1000
8640,0,231,3000,500,1000,0,0,0,0,0,0,0,0,0,0,-145,1,0,0,0,160,0,0,0,0,0,0,1000
8641,0,232,3000,500,1000,0,0,0,0,0,0,0,0,0,0,-145,1,0,0,0,160,0,0,0,0,0,0,1000
8642,0,233,3000,500,1000,0,0,0,0,0,0,0,0,0,0,-145,1,0,0,0,160,0,0,0,0,0,0,1000
8643,0,234,3000,500,1000,0,0,0,0,0,0,0,0,0,0,-145,1,0,0,0,160,0,0,0,0,0,0,1000
8644,0,235,3000,500,1000,0,0,0,0,0,0,0,0,0,0,-145,1,0,0,0,160,0,0,0,0,0,0,1000
8645,0,236,3000,500,1000,0,0,0,0,0,0,0,0,0,0,-145,1,0,0,0,160,0,0,0,0,0,0,1000
8646,0,237,3000,500,1000,0,0,0,0,0,0,0,0,0,0,-145,1,0,0,0,160,0,0,0,0,0,0,1000
8647,0,238,3000,500,1000,0,0,0,0,0,0,0,0,0,0,-145,1,0,0,0,160,0,0,0,0,0,0,1000
8648,0,239,3000,500,1000,0,0,0,0,0,0,0,0,0,0,-145,1,0,0,0,160,0,0,0,0,0,0,1000
8649,0,240,3000,500,1000,0,0,0,0,0,0,0,0,0,0,-145,1,0,0,0,160,0,0,0,0,0,0,1000
8650,0,241,3000,500,1000,0,0,0,0,0,0,0,0,0,0,-145,1,0,0,0,160,0,0,0,0,0,0,1000
8651,0,242,3000,500,1000,0,0,0,0,0,0,0,0,0,0,-145,1,0,0,0,160,0,0,0,0,0,0,1000
8652,0,243,3000,500,1000,0,0,0,0,0,0,0,0,0,0,-145,1,0,0,0,160,0,0,0,0,0,0,1000
8653,0,244,3000,500,1000,0,0,0,0,0,0,0,0,0,0,-145,1,0,0,0,160,0,0,0,0,0,0,1000
8654,0,245,3000,500,1000,0,0,0,0,0,0,0,0,0,0,-145,1,0,0,0,160,0,0,0,0,0,0,1000
8655,0,246,3000,500,1000,0,0,0,0,0,0,0,0,0,0,-145,1,0,0,0,160,0,0,0,0,0,0,1000
8656,0,247,3000,500,1000,0,0,0,0,0,0,0,0,0,0,-145,1,0,0,0,160,0,0,0,0,0,0,1000
8657,0,248,3000,500,1000,0,0,0,0,0,0,0,0,0,0,-145,1,0,0,0,160,0,0,0,0,0,0,1000
8658,0,249,3000,500,1000,0,0,0,0,0,0,0,0,0,0,-145,1,0,0,0,160,0,0,0,0,0,0,1000
8659,0,250,3000,500,1000,0,0,0,0,0,0,0,0,0,0,-145,1,0,0,0,160,0,0,0,0,0,0,1000
8660,0,251,3000,500,1000,0,0,0,0,0,0,0,0,0,0,-145,1,0,0,0,160,0,0,0,0,0,0,1000
8661,0,252,3000,500,1000,0,0,0,0,0,0,0,0,0,0,-145,1,0,0,0,160,0,0,0,0,0,0,1000
8662,0,253,3000,500,1000,0,0,0,0,0,0,0,0,0,0,-145,1,0,0,0,160,0,0,0,0,0,0,1000
8663,0,254,3000,500,1000,0,0,0,0,0,0,0,0,0,0,-145,1,0,0,0,160,0,0,0,0,0,0,1000
8664,0,255,3000,500,1000,0,0,0,0,0,0,0,0,0,0,-145,1,0,0,0,160,0,0,0,0,0,0,1000
8665,0,256,3000,500,1000,0,0,0,0,0,0,0,0,0,0,-145,1,0,0,0,160,0,0,0,0,0,0,1000
8666,0,257,3000,500,1000,0,0,0,0,0,0,0,0,0,0,-145,1,0,0,0,160,0,0,0,0,0,0,1000
8667,0,258,3000,500,1000,0,0,0,0,0,0,0,0,0,0,-145,1,0,0,0,160,0,0,0,0,0,0,1000
8668,0,259,3000,500,1000,0,0,0,0,0,0,0,0,0,0,-145,1,0,0,0,160,0,0,0,0,0,0,1000
8669,0,260,3000,500,1000,0,0,0,0,0,0,0,0,0,0,-145,1,0,0,0,160,0,0,0,0,0,0,1000
8670,0,261,3000,500,1000,0,0,0,0,0,0,0,0,0,0,-145,1,0,0,0,160,0,0,0,0,0,0,1000
8671,0,262,3000,500,1000,0,0,0,0,0,0,0,0,0,0,-145,1,0,0,0,160,0,0,0,0,0,0,1000
8672,0,263,3000,500,1000,0,0,0,0,0,0,0,0,0,0,-145,1,0,0,0,160,0,0,0,0,0,0,1000
8673,0,264,3000,500,1000,0,0,0,0,0,0,0,0,0,0,-145,1,0,0,0,160,0,0,0,0,0,0,1000
8674,0,265,3000,500,1000,0,0,0,0,0,0,0,0,0,0,-145,1,0,0,0,160,0,0,0,0,0,0,1000
8675,0,266,3000,500,1000,0,0,0,0,0,0,0,0,0,0,-145,1,0,0,0,160,0,0,0,0,0,0,1000
8676,0,267,3000,500,1000,0,0,0,0,0,0,0,0,0,0,-145,1,0,0,0,160,0,0,0,0,0,0,1000
8677,0,268,3000,500,1000,0,0,0,0,0,0,0,0,0,0,-145,1,0,0,0,160,0,0,0,0,0,0,1000
8678,0,269,3000,500,1000,0,0,0,0,0,0,0,0,0,0,-145,1,0,0,0,160,0,0,0,0,0,0,1000
8679,0,270,3000,500,1000,0,0,0,0,0,0,0,0,0,0,-145,1,0,0,0,160,0,0,0,0,0,0,1000
8680,0,271,3000,500,1000,0,0,0,0,0,0,0,0,0,0,-145,1,0,0,0,160,0,0,0,0,0,0,1000
8681,0,272,3000,500,1000,0,0,0,0,0,0,0,0,0,0,-145,1,0,0,0,160,0,0,0,0,0,0,1000
8682,0,273,3000,500,1000,0,0,0,0,0,0,0,0,0,0,-145,1,0,0,0,160,0,0,0,0,0,0,1000
8683,0,274,3000,500,1000,0,0,0,0,0,0,0,0,0,0,-145,1,0,0,0,160,0,0,0,0,0,0,1000
8684,0,275,3000,500,1000,0,0,0,0,0,0,0,0,0,0,-145,1,0,0,0,160,0,0,0,0,0,0,1000
8685,0,276,3000,500,1000,0,0,0,0,0,0,0,0,0,0,-145,1,0,0,0,160,0,0,0,0,0,0,1000
8686,0,277,3000,500,1000,0,0,0,0,0,0,0,0,0,0,-145,1,0,0,0,160,0,0,0,0,0,0,1000
8687,0,278,3000,500,1000,0,0,0,0,0,0,0,0,0,0,-145,1,0,0,0,160,0,0,0,0,0,0,1000
8688,0,279,3000,500,1000,0,0,0,0,0,0,0,0,0,0,-145,1,0,0,0,160,0,0,0,0,0,0,1000
8689,0,280,3000,500,1000,0,0,0,0,0,0,0,0,0,0,-145,1,0,0,0,160,0,0,0,0,0,0,1000
8690,0,281,3000,500,1000,0,0,0,0,0,0,0,0,0,0,-145,1,0,0,0,160,0,0,0,0,0,0,1000
8691,0,282,3000,500,1000,0,0,0,0,0,0,0,0,0,0,-145,1,0,0,0,160,0,0,0,0,0,0,1000
8692,0,283,3000,500,1000,0,0,0,0,0,0,0,0,0,0,-145,1,0,0,0,160,0,0,0,0,0,0,1000
8693,0,284,3000,500,1000,0,0,0,0,0,0,0,0,0,0,-145,1,0,0,0,160,0,0,0,0,0,0,1000
8694,0,285,3000,500,1000,0,0,0,0,0,0,0,0,0,0,-145,1,0,0,0,160,0,0,0,0,0,0,1000
8695,0,286,3000,500,1000,0,0,0,0,0,0,0,0,0,0,-145,1,0,0,0,160,0,0,0,0,0,0,1000
8696,0,287,3000,500,1000,0,0,0,0,0,0,0,0,0,0,-145,1,0,0,0,160,0,0,0,0,0,0,1000
8697,0,288,3000,500,1000,0,0,0,0,0,0,0,0,0,0,-145,1,0,0,0,160,0,0,0,0,0,0,1000
8698,0,289,3000,500,1000,0,0,0,0,0,0,0,0,0,0,-145,1,0,0,0,160,0,0,0,0,0,0,1000
8699,0,290,3000,500,1000,0,0,0,0,0,0,0,0,0,0,-145,1,0,0,0,160,0,0,0,0,0,0,1000
8700,0,291,3000,500,1000,0,0,0,0,0,0,0,0,0,0,-145,1,0,0,0,160,0,0,0,0,0,0,1000
8701,0,292,3000,500,1000,0,0,0,0,0,0,0,0,0,0,-145,1,0,0,0,160,0,0,0,0,0,0,1000
8702,0,293,3000,500,1000,0,0,0,0,0,0,0,0,0,0,-145,1,0,0,0,160,0,0,0,0,0,0,1000
8703,0,294,3000,500,1000,0,0,0,0,0,0,0,0,0,0,-145,1,0,0,0,160,0,0,0,0,0,0,1000
8704,0,295,3000,500,1000,0,0,0,0,0,0,0,0,0,0,-145,1,0,0,0,160,0,0,0,0,0,0,1000
8705,0,296,3000,500,1000,0,0,0,0,0,0,0,0,0,0,-145,1,0,0,0,160,0,0,0,0,0,0,1000
8706,0,297,3000,500,1000,0,0,0,0,0,0,0,0,0,0,-145,1,0,0,0,160,0,0,0,0,0,0,1000
8707,0,298,3000,500,1000,0,0,0,0,0,0,0,0,0,0,-145,1,0,0,0,160,0,0,0,0,0,0,1000
8708,0,299,3000,500,1000,0,0,0,0,0,0,0,0,0,0,-145,1,0,0,0,160,0,0,0,0,0,0,1000
8709,0,300,3000,500,1000,0,0,0,0,0,0,0,0,0,0,-145,1,0,0,0,160,0,0,0,0,0,0,1000
8710,0,1,3000,500,1000,0,40,0,0,0,0,0,0,0,0,-145,1,0,0,0,160,0,0,3,0,0,0,1000
8711,0,2,3000,500,1000,0,39,0,0,0,0,0,0,0,0,-145,1,0,0,0,160,0,0,3,0,0,0,1000
8712,0,3,3000,500,1000,0,38,0,0,0,0,0,0,0,0,-145,1,0,0,0,160,0,0,3,0,0,0,1000
8713,0,4,3000,500,1000,0,37,0,0,0,0,0,0,0,0,-145,1,0,0,0,160,0,0,3,0,0,0,1000
8714,0,5,3000,500,1000,0,36,0,0,0,0,0,0,0,0,-145,1,0,0,0,160,0,0,3,0,0,0,1000
8715,0,6,3000,500,1000,0,35,0,0,0,0,0,0,0,0,-145,1,0,0,0,160,0,0,3,0,0,0,1000
8716,0,7,3000,500,1000,0,34,0,0,0,0,0,0,0,0,-145,1,0,0,0,160,0,0,3,0,0,0,1000
8717,0,8,3000,500,1000,0,33,0,0,0,0,0,0,0,0,-145,1,0,0,0,160,0,0,3,0,0,0,1000
8718,0,9,3000,500,1000,0,32,0,0,0,0,0,0,0,0,-145,1,0,0,0,160,0,0,3,0,0,0,1000
8719,0,10,3000,500,1000,0,31,0,0,0,0,0,0,0,0,-145,1,0,0,0,160,0,0,3,0,0,0,1000
8720,0,11,3000,500,1000,0,30,0,0,0,0,0,0,0,0,-145,1,0,0,0,160,0,0,3,0,0,0,1000
8721,0,12,3000,500,1000,0,29,0,0,0,0,0,0,0,0,-145,1,0,0,0,160,0,0,3,0,0,0,1000
8722,0,13,3000,500,1000,0,28,0,0,0,0,0,0,0,0,-145,1,0,0,0,160,0,0,3,0,0,0,1000
8723,0,14,3000,500,1000,0,27,0,0,0,0,0,0,0,0,-145,1,0,0,0,160,0,0,3,0,0,0,1000
8724,0,15,3000,500,1000,0,26,0,0,0,0,0,0,0,0,-145,1,0,0,0,160,0,0,3,0,0,0,1000
8725,0,16,3000,500,1000,0,25,0,0,0,0,0,0,0,0,-145,1,0,0,0,160,0,0,3,0,0,0,1000
8726,0,17,3000,500,1000,0,24,0,0,0,0,0,0,0,0,-145,1,0,0,0,160,0,0,3,0,0,0,1000
8727,0,18,3000,500,1000,0,23,0,0,0,0,0,0,0,0,-145,1,0,0,0,160,0,0,3,0,0,0,1000
8728,0,19,3000,500,1000,0,22,0,0,0,0,0,0,0,0,-145,1,0,0,0,160,0,0,3,0,0,0,1000
8729,0,20,3000,500,1000,0,21,0,0,0,0,0,0,0,0,-145,1,0,0,0,160,0,0,3,0,0,0,1000
8730,0,21,3000,500,1000,0,20,0,0,0,0,0,0,0,0,-145,1,0,0,0,160,0,0,3,0,0,0,1000
8731,0,22,3000,500,1000,0,19,0,0,0,0,0,0,0,0,-145,1,0,0,0,160,0,0,3,0,0,0,1000
8732,0,23,3000,500,1000,0,18,0,0,0,0,0,0,0,0,-145,1,0,0,0,160,0,0,3,0,0,0,1000
8733,0,24,3000,500,1000,0,17,0,0,0,0,0,0,0,0,-145,1,0,0,0,160,0,0,3,0,0,0,1000
8734,0,25,3000,500,1000,0,16,0,0,0,0,0,0,0,0,-145,1,0,0,0,160,0,0,3,0,0,0,1000
8735,0,26,3000,500,1000,0,15,0,0,0,0,0,0,0,0,-145,1,0,0,0,160,0,0,3,0,0,0,1000
8736,0,27,3000,500,1000,0,14,0,0,0,0,0,0,0,0,-145,1,0,0,0,160,0,0,3,0,0,0,1000
8737,0,28,3000,500,1000,0,13,0,0,0,0,0,0,0,0,-145,1,0,0,0,160,0,0,3,0,0,0,1000
8738,0,29,3000,500,1000,0,12,0,0,0,0,0,0,0,0,-145,1,0,0,0,160,0,0,3,0,0,0,1000
8739,0,30,3000,500,1000,0,11,0,0,0,0,0,0,0,0,-145,1,0,0,0,160,0,0,3,0,0,0,1000
8740,0,31,3000,500,1000,0,10,0,0,0,0,0,0,0,0,-145,1,0,0,0,160,0,0,3,0,0,0,1000
8741,0,32,3000,500,1000,0,9,0,0,0,0,0,0,0,0,-145,1,0,0,0,160,0,0,3,0,0,0,1000
8742,0,33,3000,500,1000,0,8,0,0,0,0,0,0,0,0,-145,1,0,0,0,160,0,0,3,0,0,0,1000
8743,0,34,3000,500,1000,0,7,0,0,0,0,0,0,0,0,-145,1,0,0,0,160,0,0,3,0,0,0,1000
8744,0,35,3000,500,1000,0,6,0,0,0,0,0,0,0,0,-145,1,0,0,0,160,0,0,3,0,0,0,1000
8745,0,36,3000,500,1000,0,5,0,0,0,0,0,0,0,0,-145,1,0,0,0,160,0,0,3,0,0,0,1000
8746,0,37,3000,500,1000,0,4,0,0,0,0,0,0,0,0,-145,1,0,0,0,160,0,0,3,0,0,0,1000
8747,0,38,3000,500,1000,0,3,0,0,0,0,0,0,0,0,-145,1,0,0,0,160,0,0,3,0,0,0,1000
8748,0,39,3000,500,1000,0,2,0,0,0,0,0,0,0,0,-145,1,0,0,0,160,0,0,3,0,0,0,1000
8749,0,40,3000,500,1000,0,1,0,0,0,0,0,0,0,0,-145,1,0,0,0,160,0,0,3,0,0,0,1000
8750,0,41,3000,500,1000,0,0,0,0,0,0,0,0,0,0,-145,1,0,0,0,160,0,0,3,0,0,0,1000
8751,0,42,3000,500,1000,0,0,0,0,0,0,0,0,0,0,-145,1,0,0,0,160,0,0,3,0,0,0,1000
8752,0,43,3000,500,1000,0,0,0,0,0,0,0,0,0,0,-145,1,0,0,0,160,0,0,3,0,0,0,1000
8753,0,44,3000,500,1000,0,0,0,0,0,0,0,0,0,0,-145,1,0,0,0,160,0,0,3,0,0,0,1000
8754,0,45,3000,500,1000,0,0,0,0,0,0,0,0,0,0,-145,1,0,0,0,160,0,0,3,0,0,0,1000
8755,0,46,3000,500,1000,0,0,0,0,0,0,0,0,0,0,-145,1,0,0,0,160,0,0,3,0,0,0,1000
8756,0,47,3000,500,1000,0,0,0,0,0,0,0,0,0,0,-145,1,0,0,0,160,0,0,3,0,0,0,1000
8757,0,48,3000,500,1000,0,0,0,0,0,0,0,0,0,0,-145,1,0,0,0,160,0,0,3,0,0,0,1000
8758,0,49,3000,500,1000,0,0,0,0,0,0,0,0,0,0,-145,1,0,0,0,160,0,0,3,0,0,0,1000
8759,0,50,3000,500,1000,0,0,0,0,0,0,0,0,0,0,-145,1,0,0,0,160,0,0,3,0,0,0,1000
8760,0,51,3000,500,1000,0,0,0,0,0,0,0,0,0,0,-145,1,0,0,0,160,0,0,3,0,0,0,1000
8761,0,52,3000,500,1000,0,0,0,0,0,0,0,0,0,0,-145,1,0,0,0,160,0,0,3,0,0,0,1000
8762,0,53,3000,500,1000,0,0,0,0,0,0,0,0,0,0,-145,1,0,0,0,160,0,0,3,0,0,0,1000
8763,0,54,3000,500,1000,0,0,0,0,0,0,0,0,0,0,-145,1,0,0,0,160,0,0,3,0,0,0,1000
8764,0,55,3000,500,1000,0,0,0,0,0,0,0,0,0,0,-145,1,0,0,0,160,0,0,3,0,0,0,1000
8765,0,56,3000,500,1000,0,0,0,0,0,0,0,0,0,0,-145,1,0,0,0,160,0,0,3,0,0,0,1000
8766,0,57,3000,500,1000,0,0,0,0,0,0,0,0,0,0,-145,1,0,0,0,160,0,0,3,0,0,0,1000
8767,0,58,3000,500,1000,0,0,0,0,0,0,0,0,0,0,-145,1,0,0,0,160,0,0,3,0,0,0,1000
8768,0,59,3000,500,1000,0,0,0,0,0,0,0,0,0,0,-145,1,0,0,0,160,0,0,3,0,0,0,1000
8769,0,60,3000,500,1000,0,0,0,0,0,0,0,0,0,0,-145,1,0,0,0,160,0,0,3,0,0,0,1000
8770,0,61,3000,500,1000,0,0,0,0,0,0,0,0,0,0,-145,1,0,0,0,160,0,0,3,0,0,0,1000
8771,0,62,3000,500,1000,0,0,0,0,0,0,0,0,0,0,-145,1,0,0,0,160,0,0,3,0,0,0,1000
8772,0,63,3000,500,1000,0,0,0,0,0,0,0,0,0,0,-145,1,0,0,0,160,0,0,3,0,0,0,1000
8773,0,64,3000,500,1000,0,0,0,0,0,0,0,0,0,0,-145,1,0,0,0,160,0,0,3,0,0,0,1000
8774,0,65,3000,500,1000,0,0,0,0,0,0,0,0,0,0,-145,1,0,0,0,160,0,0,3,0,0,0,1000
8775,0,66,3000,500,1000,0,0,0,0,0,0,0,0,0,0,-145,1,0,0,0,160,0,0,3,0,0,0,1000
8776,0,67,3000,500,1000,0,0,0,0,0,0,0,0,0,0,-145,1,0,0,0,160,0,0,3,0,0,0,1000
8777,0,68,3000,500,1000,0,0,0,0,0,0,0,0,0,0,-145,1,0,0,0,160,0,0,3,0,0,0,1000
8778,0,69,3000,500,1000,0,0,0,0,0,0,0,0,0,0,-145,1,0,0,0,160,0,0,3,0,0,0,1000
8779,0,70,3000,500,1000,0,0,0,0,0,0,0,0,0,0,-145,1,0,0,0,160,0,0,3,0,0,0,1000
8780,0,71,3000,500,1000,0,0,0,0,0,0,0,0,0,0,-145,1,0,0,0,160,0,0,3,0,0,0,1000
8781,0,72,3000,500,1000,0,0,0,0,0,0,0,0,0,0,-145,1,0,0,0,160,0,0,3,0,0,0,1000
8782,0,73,3000,500,1000,0,0,0,0,0,0,0,0,0,0,-145,1,0,0,0,160,0,0,3,0,0,0,1000
8783,0,74,3000,500,1000,0,0,0,0,0,0,0,0,0,0,-145,1,0,0,0,160,0,0,3,0,0,0,1000
8784,0,75,3000,500,1000,0,0,0,0,0,0,0,0,0,0,-145,1,0,0,0,160,0,0,3,0,0,0,1000
8785,0,76,3000,500,1000,0,0,0,0,0,0,0,0,0,0,-145,1,0,0,0,160,0,0,3,0,0,0,1000
8786,0,77,3000,500,1000,0,0,0,0,0,0,0,0,0,0,-145,1,0,0,0,160,0,0,3,0,0,0,1000
8787,0,78,3000,500,1000,0,0,0,0,0,0,0,0,0,0,-145,1,0,0,0,160,0,0,3,0,0,0,1000
8788,0,79,3000,500,1000,0,0,0,0,0,0,0,0,0,0,-145,1,0,0,0,160,0,0,3,0,0,0,1000
8789,0,80,3000,500,1000,0,0,0,0,0,0,0,0,0,0,-145,1,0,0,0,160,0,0,3,0,0,0,1000
8790,0,81,3000,500,1000,0,0,0,0,0,0,0,0,0,0,-145,1,0,0,0,160,0,0,3,0,0,0,1000
8791,0,82,3000,500,1000,0,0,0,0,0,0,0,0,0,0,-145,1,0,0,0,160,0,0,3,0,0,0,1000
8792,0,83,3000,500,1000,0,0,0,0,0,0,0,0,0,0,-145,1,0,0,0,160,0,0,3,0,0,0,1000
8793,0,84,3000,500,1000,0,0,0,0,0,0,0,0,0,0,-145,1,0,0,0,160,0,0,3,0,0,0,1000
8794,0,85,3000,500,1000,0,0,0,0,0,0,0,0,0,0,-145,1,0,0,0,160,0,0,3,0,0,0,1000
8795,0,86,3000,500,1000,0,0,0,0,0,0,0,0,0,0,-145,1,0,0,0,160,0,0,3,0,0,0,1000
8796,0,87,3000,500,1000,0,0,0,0,0,0,0,0,0,0,-145,1,0,0,0,160,0,0,3,0,0,0,1000
8797,0,88,3000,500,1000,0,0,0,0,0,0,0,0,0,0,-145,1,0,0,0,160,0,0,3,0,0,0,1000
8798,0,89,3000,500,1000,0,0,0,0,0,0,0,0,0,0,-145,1,0,0,0,160,0,0,3,0,0,0,1000
8799,0,90,3000,500,1000,0,0,0,0,0,0,0,0,0,0,-145,1,0,0,0,160,0,0,3,0,0,0,1000
8800,0,91,3000,500,1000,0,0,0,0,0,0,0,0,0,0,-145,1,0,0,0,160,0,0,3,0,0,0,1000
8801,0,92,3000,500,1000,0,0,0,0,0,0,0,0,0,0,-145,1,0,0,0,160,0,0,3,0,0,0,1000
8802,0,93,3000,500,1000,0,0,0,0,0,0,0,0,0,0,-145,1,0,0,0,160,0,0,3,0,0,0,1000
8803,0,94,3000,500,1000,0,0,0,0,0,0,0,0,0,0,-145,1,0,0,0,160,0,0,3,0,0,0,1000
8804,0,95,3000,500,1000,0,0,0,0,0,0,0,0,0,0,-145,1,0,0,0,160,0,0,3,0,0,0,1000
8805,0,96,3000,500,1000,0,0,0,0,0,0,0,0,0,0,-145,1,0,0,0,160,0,0,3,0,0,0,1000
8806,0,97,3000,500,1000,0,0,0,0,0,0,0,0,0,0,-145,1,0,0,0,160,0,0,3,0,0,0,1000
8807,0,98,3000,500,1000,0,0,0,0,0,0,0,0,0,0,-145,1,0,0,0,160,0,0,3,0,0,0,1000
8808,0,99,3000,500,1000,0,0,0,0,0,0,0,0,0,0,-145,1,0,0,0,160,0,0,3,0,0,0,1000
8809,0,100,3000,500,1000,0,0,0,0,0,0,0,0,0,0,-145,1,0,0,0,160,0,0,3,0,0,0,1000
8810,0,101,3000,500,1000,0,0,0,0,0,0,0,0,0,0,-145,1,0,0,0,160,0,0,3,0,0,0,1000
8811,0,102,3000,500,1000,0,0,0,0,0,0,0,0,0,0,-145,1,0,0,0,160,0,0,3,0,0,0,1000
8812,0,103,3000,500,1000,0,0,0,0,0,0,0,0,0,0,-145,1,0,0,0,160,0,0,3,0,0,0,1000
8813,0,104,3000,500,1000,0,0,0,0,0,0,0,0,0,0,-145,1,0,0,0,160,0,0,3,0,0,0,1000
8814,0,105,3000,500,1000,0,0,0,0,0,0,0,0,0,0,-145,1,0,0,0,160,0,0,3,0,0,0,1000
8815,0,106,3000,500,1000,0,0,0,0,0,0,0,0,0,0,-145,1,0,0,0,160,0,0,3,0,0,0,1000
8816,0,107,3000,500,1000,0,0,0,0,0,0,0,0,0,0,-145,1,0,0,0,160,0,0,3,0,0,0,1000
8817,0,108,3000,500,1000,0,0,0,0,0,0,0,0,0,0,-145,1,0,0,0,160,0,0,3,0,0,0,1000
8818,0,109,3000,500,1000,0,0,0,0,0,0,0,0,0,0,-145,1,0,0,0,160,0,0,3,0,0,0,1000
8819,0,110,3000,500,1000,0,0,0,0,0,0,0,0,0,0,-145,1,0,0,0,160,0,0,3,0,0,0,1000
8820,0,111,3000,500,1000,0,0,0,0,0,0,0,0,0,0,-145,1,0,0,0,160,0,0,3,0,0,0,1000
8821,0,112,3000,500,1000,0,0,0,0,0,0,0,0,0,0,-145,1,0,0,0,160,0,0,3,0,0,0,1000
8822,0,113,3000,500,1000,0,0,0,0,0,0,0,0,0,0,-145,1,0,0,0,160,0,0,3,0,0,0,1000
8823,0,114,3000,500,1000,0,0,0,0,0,0,0,0,0,0,-145,1,0,0,0,160,0,0,3,0,0,0,1000
8824,0,115,3000,500,1000,0,0,0,0,0,0,0,0,0,0,-145,1,0,0,0,160,0,0,3,0,0,0,1000
8825,0,116,3000,500,1000,0,0,0,0,0,0,0,0,0,0,-145,1,0,0,0,160,0,0,3,0,0,0,1000
8826,0,117,3000,500,1000,0,0,0,0,0,0,0,0,0,0,-145,1,0,0,0,160,0,0,3,0,0,0,1000
8827,0,118,3000,500,1000,0,0,0,0,0,0,0,0,0,0,-145,1,0,0,0,160,0,0,3,0,0,0,1000
8828,0,119,3000,500,1000,0,0,0,0,0,0,0,0,0,0,-145,1,0,0,0,160,0,0,3,0,0,0,1000
8829,0,120,3000,500,1000,0,0,0,0,0,0,0,0,0,0,-145,1,0,0,0,160,0,0,3,0,0,0,1000
8830,0,121,3000,500,1000,0,0,0,0,0,0,0,0,0,0,-145,1,0,0,0,160,0,0,3,0,0,0,1000
8831,0,122,3000,500,1000,0,0,0,0,0,0,0,0,0,0,-145,1,0,0,0,160,0,0,3,0,0,0,1000
8832,0,123,3000,500,1000,0,0,0,0,0,0,0,0,0,0,-145,1,0,0,0,160,0,0,3,0,0,0,1000
8833,0,124,3000,500,1000,0,0,0,0,0,0,0,0,0,0,-145,1,0,0,0,160,0,0,3,0,0,0,1000
8834,0,125,3000,500,1000,0,0,0,0,0,0,0,0,0,0,-145,1,0,0,0,160,0,0,3,0,0,0,1000
8835,0,126,3000,500,1000,0,0,0,0,0,0,0,0,0,0,-145,1,0,0,0,160,0,0,3,0,0,0,1000
8836,0,127,3000,500,1000,0,0,0,0,0,0,0,0,0,0,-145,1,0,0,0,160,0,0,3,0,0,0,1000
8837,0,128,3000,500,1000,0,0,0,0,0,0,0,0,0,0,-145,1,0,0,0,160,0,0,3,0,0,0,1000
8838,0,129,3000,500,1000,0,0,0,0,0,0,0,0,0,0,-145,1,0,0,0,160,0,0,3,0,0,0,1000
8839,0,130,3000,500,1000,0,0,0,0,0,0,0,0,0,0,-145,1,0,0,0,160,0,0,3,0,0,0,1000
8840,0,131,3000,500,1000,0,0,0,0,0,0,0,0,0,0,-145,1,0,0,0,160,0,0,3,0,0,0,1000
8841,0,132,3000,500,1000,0,0,0,0,0,0,0,0,0,0,-145,1,0,0,0,160,0,0,3,0,0,0,1000
8842,0,133,3000,500,1000,0,0,0,0,0,0,0,0,0,0,-145,1,0,0,0,160,0,0,3,0,0,0,1000
8843,0,134,3000,500,1000,0,0,0,0,0,0,0,0,0,0,-145,1,0,0,0,160,0,0,3,0,0,0,1000
8844,0,135,3000,500,1000,0,0,0,0,0,0,0,0,0,0,-145,1,0,0,0,160,0,0,3,0,0,0,1000
8845,0,136,3000,500,1000,0,0,0,0,0,0,0,0,0,0,-145,1,0,0,0,160,0,0,3,0,0,0,1000
8846,0,137,3000,500,1000,0,0,0,0,0,0,0,0,0,0,-145,1,0,0,0,160,0,0,3,0,0,0,1000
8847,0,138,3000,500,1000,0,0,0,0,0,0,0,0,0,0,-145,1,0,0,0,160,0,0,3,0,0,0,1000
8848,0,139,3000,500,1000,0,0,0,0,0,0,0,0,0,0,-145,1,0,0,0,160,0,0,3,0,0,0,1000
8849,0,140,3000,500,1000,0,0,0,0,0,0,0,0,0,0,-145,1,0,0,0,160,0,0,3,0,0,0,1000
8850,0,141,3000,500,1000,0,0,0,0,0,0,0,0,0,0,-145,1,0,0,0,160,0,0,3,0,0,0,1000
8851,0,142,3000,500,1000,0,0,0,0,0,0,0,0,0,0,-145,1,0,0,0,160,0,0,3,0,0,0,1000
8852,0,143,3000,500,1000,0,0,0,0,0,0,0,0,0,0,-145,1,0,0,0,160,0,0,3,0,0,0,1000
8853,0,144,3000,500,1000,0,0,0,0,0,0,0,0,0,0,-145,1,0,0,0,160,0,0,3,0,0,0,1000
8854,0,145,3000,500,1000,0,0,0,0,0,0,0,0,0,0,-145,1,0,0,0,160,0,0,3,0,0,0,1000
8855,0,146,3000,500,1000,0,0,0,0,0,0,0,0,0,0,-145,1,0,0,0,160,0,0,3,0,0,0,1000
8856,0,147,3000,500,1000,0,0,0,0,0,0,0,0,0,0,-145,1,0,0,0,160,0,0,3,0,0,0,1000
8857,0,148,3000,500,1000,0,0,0,0,0,0,0,0,0,0,-145,1,0,0,0,160,0,0,3,0,0,0,1000
8858,0,149,3000,500,1000,0,0,0,0,0,0,0,0,0,0,-145,1,0,0,0,160,0,0,3,0,0,0,1000
8859,0,150,3000,500,1000,0,0,0,0,0,0,0,0,0,0,-145,1,0,0,0,160,0,0,3,0,0,0,1000
8860,0,151,3000,500,1000,0,0,0,0,0,0,0,0,0,0,-145,1,0,0,0,160,0,0,3,0,0,0,1000
8861,0,152,3000,500,1000,0,0,0,0,0,0,0,0,0,0,-145,1,0,0,0,160,0,0,3,0,0,0,1000
8862,0,153,3000,500,1000,0,0,0,0,0,0,0,0,0,0,-145,1,0,0,0,160,0,0,3,0,0,0,1000
8863,0,154,3000,500,1000,0,0,0,0,0,0,0,0,0,0,-145,1,0,0,0,160,0,0,3,0,0,0,1000
8864,0,155,3000,500,1000,0,0,0,0,0,0,0,0,0,0,-145,1,0,0,0,160,0,0,3,0,0,0,1000
8865,0,156,3000,500,1000,0,0,0,0,0,0,0,0,0,0,-145,1,0,0,0,160,0,0,3,0,0,0,1000
8866,0,157,3000,500,1000,0,0,0,0,0,0,0,0,0,0,-145,1,0,0,0,160,0,0,3,0,0,0,1000
8867,0,158,3000,500,1000,0,0,0,0,0,0,0,0,0,0,-145,1,0,0,0,160,0,0,3,0,0,0,1000
8868,0,159,3000,500,1000,0,0,0,0,0,0,0,0,0,0,-145,1,0,0,0,160,0,0,3,0,0,0,1000
8869,0,160,3000,500,1000,0,0,0,0,0,0,0,0,0,0,-145,1,0,0,0,160,0,0,3,0,0,0,1000
8870,0,161,3000,500,1000,0,0,0,0,0,0,0,0,0,0,-145,1,0,0,0,160,0,0,3,0,0,0,1000
8871,0,162,3000,500,1000,0,0,0,0,0,0,0,0,0,0,-145,1,0,0,0,160,0,0,3,0,0,0,1000
8872,0,163,3000,500,1000,0,0,0,0,0,0,0,0,0,0,-145,1,0,0,0,160,0,0,3,0,0,0,1000
8873,0,164,3000,500,1000,0,0,0,0,0,0,0,0,0,0,-145,1,0,0,0,160,0,0,3,0,0,0,1000
8874,0,165,3000,500,1000,0,0,0,0,0,0,0,0,0,0,-145,1,0,0,0,160,0,0,3,0,0,0,1000
8875,0,166,3000,500,1000,0,0,0,0,0,0,0,0,0,0,-145,1,0,0,0,160,0,0,3,0,0,0,1000
8876,0,167,3000,500,1000,0,0,0,0,0,0,0,0,0,0,-145,1,0,0,0,160,0,0,3,0,0,0,1000
8877,0,168,3000,500,1000,0,0,0,0,0,0,0,0,0,0,-145,1,0,0,0,160,0,0,3,0,0,0,1000
8878,0,169,3000,500,1000,0,0,0,0,0,0,0,0,0,0,-145,1,0,0,0,160,0,0,3,0,0,0,1000
8879,0,170,3000,500,1000,0,0,0,0,0,0,0,0,0,0,-145,1,0,0,0,160,0,0,3,0,0,0,1000
8880,0,171,3000,500,1000,0,0,0,0,0,0,0,0,0,0,-145,1,0,0,0,160,0,0,3,0,0,0,1000
8881,0,172,3000,500,1000,0,0,0,0,0,0,0,0,0,0,-145,1,0,0,0,160,0,0,3,0,0,0,1000
8882,0,173,3000,500,1000,0,0,0,0,0,0,0,0,0,0,-145,1,0,0,0,160,0,0,3,0,0,0,1000
8883,0,174,3000,500,1000,0,0,0,0,0,0,0,0,0,0,-145,1,0,0,0,160,0,0,3,0,0,0,1000
8884,0,175,3000,500,1000,0,0,0,0,0,0,0,0,0,0,-145,1,0,0,0,160,0,0,3,0,0,0,1000
8885,0,176,3000,500,1000,0,0,0,0,0,0,0,0,0,0,-145,1,0,0,0,160,0,0,3,0,0,0,1000
8886,0,177,3000,500,1000,0,0,0,0,0,0,0,0,0,0,-145,1,0,0,0,160,0,0,3,0,0,0,1000
8887,0,178,3000,500,1000,0,0,0,0,0,0,0,0,0,0,-145,1,0,0,0,160,0,0,3,0,0,0,1000
8888,0,179,3000,500,1000,0,0,0,0,0,0,0,0,0,0,-145,1,0,0,0,160,0,0,3,0,0,0,1000
8889,0,180,3000,500,1000,0,0,0,0,0,0,0,0,0,0,-145,1,0,0,0,160,0,0,3,0,0,0,1000
8890,0,181,3000,500,1000,0,0,0,0,0,0,0,0,0,0,-145,1,0,0,0,160,0,0,3,0,0,0,1000
8891,0,182,3000,500,1000,0,0,0,0,0,0,0,0,0,0,-145,1,0,0,0,160,0,0,3,0,0,0,1000
8892,0,183,3000,500,1000,0,0,0,0,0,0,0,0,0,0,-145,1,0,0,0,160,0,0,3,0,0,0,1000
8893,0,184,3000,500,1000,0,0,0,0,0,0,0,0,0,0,-145,1,0,0,0,160,0,0,3,0,0,0,1000
8894,0,185,3000,500,1000,0,0,0,0,0,0,0,0,0,0,-145,1,0,0,0,160,0,0,3,0,0,0,1000
8895,0,186,3000,500,1000,0,0,0,0,0,0,0,0,0,0,-145,1,0,0,0,160,0,0,3,0,0,0,1000
8896,0,187,3000,500,1000,0,0,0,0,0,0,0,0,0,0,-145,1,0,0,0,160,0,0,3,0,0,0,1000
8897,0,188,3000,500,1000,0,0,0,0,0,0,0,0,0,0,-145,1,0,0,0,160,0,0,3,0,0,0,1000
8898,0,189,3000,500,1000,0,0,0,0,0,0,0,0,0,0,-145,1,0,0,0,160,0,0,3,0,0,0,1000
8899,0,190,3000,500,1000,0,0,0,0,0,0,0,0,0,0,-145,1,0,0,0,160,0,0,3,0,0,0,1000
8900,0,191,3000,500,1000,0,0,0,0,0,0,0,0,0,0,-145,1,0,0,0,160,0,0,3,0,0,0,1000
8901,0,192,3000,500,1000,0,0,0,0,0,0,0,0,0,0,-145,1,0,0,0,160,0,0,3,0,0,0,1000
8902,0,193,3000,500,1000,0,0,0,0,0,0,0,0,0,0,-145,1,0,0,0,160,0,0,3,0,0,0,1000
8903,0,194,3000,500,1000,0,0,0,0,0,0,0,0,0,0,-145,1,0,0,0,160,0,0,3,0,0,0,1000
8904,0,195,3000,500,1000,0,0,0,0,0,0,0,0,0,0,-145,1,0,0,0,160,0,0,3,0,0,0,1000
8905,0,196,3000,500,1000,0,0,0,0,0,0,0,0,0,0,-145,1,0,0,0,160,0,0,3,0,0,0,1000
8906,0,197,3000,500,1000,0,0,0,0,0,0,0,0,0,0,-145,1,0,0,0,160,0,0,3,0,0,0,1000
8907,0,198,3000,500,1000,0,0,0,0,0,0,0,0,0,0,-145,1,0,0,0,160,0,0,3,0,0,0,1000
8908,0,199,3000,500,1000,0,0,0,0,0,0,0,0,0,0,-145,1,0,0,0,160,0,0,3,0,0,0,1000
8909,0,200,3000,500,1000,0,0,0,0,0,0,0,0,0,0,-145,1,0,0,0,160,0,0,3,0,0,0,1000
8910,0,201,3000,500,1000,0,0,0,0,0,0,0,0,0,0,-145,1,0,0,0,160,0,0,3,0,0,0,1000
8911,0,202,3000,500,1000,0,0,0,0,0,0,0,0,0,0,-145,1,0,0,0,160,0,0,3,0,0,0,1000
8912,0,203,3000,500,1000,0,0,0,0,0,0,0,0,0,0,-145,1,0,0,0,160,0,0,3,0,0,0,1000
8913,0,204,3000,500,1000,0,0,0,0,0,0,0,0,0,0,-145,1,0,0,0,160,0,0,3,0,0,0,1000
8914,0,205,3000,500,1000,0,0,0,0,0,0,0,0,0,0,-145,1,0,0,0,160,0,0,3,0,0,0,1000
8915,0,206,3000,500,1000,0,0,0,0,0,0,0,0,0,0,-145,1,0,0,0,160,0,0,3,0,0,0,1000
8916,0,207,3000,500,1000,0,0,0,0,0,0,0,0,0,0,-145,1,0,0,0,160,0,0,3,0,0,0,1000
8917,0,208,3000,500,1000,0,0,0,0,0,0,0,0,0,0,-145,1,0,0,0,160,0,0,3,0,0,0,1000
8918,0,209,3000,500,1000,0,0,0,0,0,0,0,0,0,0,-145,1,0,0,0,160,0,0,3,0,0,0,1000
8919,0,210,3000,500,1000,0,0,0,0,0,0,0,0,0,0,-145,1,0,0,0,160,0,0,3,0,0,0,1000
8920,0,211,3000,500,1000,0,0,0,0,0,0,0,0,0,0,-145,1,0,0,0,160,0,0,3,0,0,0,1000
8921,0,212,3000,500,1000,0,0,0,0,0,0,0,0,0,0,-145,1,0,0,0,160,0,0,3,0,0,0,1000
8922,0,213,3000,500,1000,0,0,0,0,0,0,0,0,0,0,-145,1,0,0,0,160,0,0,3,0,0,0,1000
8923,0,214,3000,500,1000,0,0,0,0,0,0,0,0,0,0,-145,1,0,0,0,160,0,0,3,0,0,0,1000
8924,0,215,3000,500,1000,0,0,0,0,0,0,0,0,0,0,-145,1,0,0,0,160,0,0,3,0,0,0,1000
8925,0,216,3000,500,1000,0,0,0,0,0,0,0,0,0,0,-145,1,0,0,0,160,0,0,3,0,0,0,1000
8926,0,217,3000,500,1000,0,0,0,0,0,0,0,0,0,0,-145,1,0,0,0,160,0,0,3,0,0,0,1000
8927,0,218,3000,500,1000,0,0,0,0,0,0,0,0,0,0,-145,1,0,0,0,160,0,0,3,0,0,0,1000
8928,0,219,3000,500,1000,0,0,0,0,0,0,0,0,0,0,-145,1,0,0,0,160,0,0,3,0,0,0,1000
8929,0,220,3000,500,1000,0,0,0,0,0,0,0,0,0,0,-145,1,0,0,0,160,0,0,3,0,0,0,1000
8930,0,221,3000,500,1000,0,0,0,0,0,0,0,0,0,0,-145,1,0,0,0,160,0,0,3,0,0,0,1000
8931,0,222,3000,500,1000,0,0,0,0,0,0,0,0,0,0,-145,1,0,0,0,160,0,0,3,0,0,0,1000
8932,0,223,3000,500,1000,0,0,0,0,0,0,0,0,0,0,-145,1,0,0,0,160,0,0,3,0,0,0,1000
8933,0,224,3000,500,1000,0,0,0,0,0,0,0,0,0,0,-145,1,0,0,0,160,0,0,3,0,0,0,1000
8934,0,225,3000,500,1000,0,0,0,0,0,0,0,0,0,0,-145,1,0,0,0,160,0,0,3,0,0,0,1000
8935,0,226,3000,500,1000,0,0,0,0,0,0,0,0,0,0,-145,1,0,0,0,160,0,0,3,0,0,0,1000
8936,0,227,3000,500,1000,0,0,0,0,0,0,0,0,0,0,-145,1,0,0,0,160,0,0,3,0,0,0,1000
8937,0,228,3000,500,1000,0,0,0,0,0,0,0,0,0,0,-145,1,0,0,0,160,0,0,3,0,0,0,1000
8938,0,229,3000,500,1000,0,0,0,0,0,0,0,0,0,0,-145,1,0,0,0,160,0,0,3,0,0,0,1000
8939,0,230,3000,500,1000,0,0,0,0,0,0,0,0,0,0,-145,1,0,0,0,160,0,0,3,0,0,0,1000
8940,0,231,3000,500,1000,0,0,0,0,0,0,0,0,0,0,-145,1,0,0,0,160,0,0,3,0,0,0,1000
8941,0,232,3000,500,1000,0,0,0,0,0,0,0,0,0,0,-145,1,0,0,0,160,0,0,3,0,0,0,1000
8942,0,233,3000,500,1000,0,0,0,0,0,0,0,0,0,0,-145,1,0,0,0,160,0,0,3,0,0,0,1000
8943,0,234,3000,500,1000,0,0,0,0,0,0,0,0,0,0,-145,1,0,0,0,160,0,0,3,0,0,0,1000
8944,0,235,3000,500,1000,0,0,0,0,0,0,0,0,0,0,-145,1,0,0,0,160,0,0,3,0,0,0,1000
8945,0,236,3000,500,1000,0,0,0,0,0,0,0,0,0,0,-145,1,0,0,0,160,0,0,3,0,0,0,1000
8946,0,237,3000,500,1000,0,0,0,0,0,0,0,0,0,0,-145,1,0,0,0,160,0,0,3,0,0,0,1000
8947,0,238,3000,500,1000,0,0,0,0,0,0,0,0,0,0,-145,1,0,0,0,160,0,0,3,0,0,0,1000
8948,0,239,3000,500,1000,0,0,0,0,0,0,0,0,0,0,-145,1,0,0,0,160,0,0,3,0,0,0,1000
8949,0,240,3000,500,1000,0,0,0,0,0,0,0,0,0,0,-145,1,0,0,0,160,0,0,3,0,0,0,1000
8950,0,241,3000,500,1000,0,0,0,0,0,0,0,0,0,0,-145,1,0,0,0,160,0,0,3,0,0,0,1000
8951,0,242,3000,500,1000,0,0,0,0,0,0,0,0,0,0,-145,1,0,0,0,160,0,0,3,0,0,0,1000
8952,0,243,3000,500,1000,0,0,0,0,0,0,0,0,0,0,-145,1,0,0,0,160,0,0,3,0,0,0,1000
8953,0,244,3000,500,1000,0,0,0,0,0,0,0,0,0,0,-145,1,0,0,0,160,0,0,3,0,0,0,1000
8954,0,245,3000,500,1000,0,0,0,0,0,0,0,0,0,0,-145,1,0,0,0,160,0,0,3,0,0,0,1000
8955,0,246,3000,500,1000,0,0,0,0,0,0,0,0,0,0,-145,1,0,0,0,160,0,0,3,0,0,0,1000
8956,0,247,3000,500,1000,0,0,0,0,0,0,0,0,0,0,-145,1,0,0,0,160,0,0,3,0,0,0,1000
8957,0,248,3000,500,1000,0,0,0,0,0,0,0,0,0,0,-145,1,0,0,0,160,0,0,3,0,0,0,1000
8958,0,249,3000,500,1000,0,0,0,0,0,0,0,0,0,0,-145,1,0,0,0,160,0,0,3,0,0,0,1000
8959,0,250,3000,500,1000,0,0,0,0,0,0,0,0,0,0,-145,1,0,0,0,160,0,0,3,0,0,0,1000
8960,0,251,3000,500,1000,0,0,0,0,0,0,0,0,0,0,-145,1,0,0,0,160,0,0,3,0,0,0,1000
8961,0,252,3000,500,1000,0,0,0,0,0,0,0,0,0,0,-145,1,0,0,0,160,0,0,3,0,0,0,1000
8962,0,253,3000,500,1000,0,0,0,0,0,0,0,0,0,0,-145,1,0,0,0,160,0,0,3,0,0,0,1000
8963,0,254,3000,500,1000,0,0,0,0,0,0,0,0,0,0,-145,1,0,0,0,160,0,0,3,0,0,0,1000
8964,0,255,3000,500,1000,0,0,0,0,0,0,0,0,0,0,-145,1,0,0,0,160,0,0,3,0,0,0,1000
8965,0,256,3000,500,1000,0,0,0,0,0,0,0,0,0,0,-145,1,0,0,0,160,0,0,3,0,0,0,1000
8966,0,257,3000,500,1000,0,0,0,0,0,0,0,0,0,0,-145,1,0,0,0,160,0,0,3,0,0,0,1000
8967,0,258,3000,500,1000,0,0,0,0,0,0,0,0,0,0,-145,1,0,0,0,160,0,0,3,0,0,0,1000
8968,0,259,3000,500,1000,0,0,0,0,0,0,0,0,0,0,-145,1,0,0,0,160,0,0,3,0,0,0,1000
8969,0,260,3000,500,1000,0,0,0,0,0,0,0,0,0,0,-145,1,0,0,0,160,0,0,3,0,0,0,1000
8970,0,261,3000,500,1000,0,0,0,0,0,0,0,0,0,0,-145,1,0,0,0,160,0,0,3,0,0,0,1000
8971,0,262,3000,500,1000,0,0,0,0,0,0,0,0,0,0,-145,1,0,0,0,160,0,0,3,0,0,0,1000
8972,0,263,3000,500,1000,0,0,0,0,0,0,0,0,0,0,-145,1,0,0,0,160,0,0,3,0,0,0,1000
8973,0,264,3000,500,1000,0,0,0,0,0,0,0,0,0,0,-145,1,0,0,0,160,0,0,3,0,0,0,1000
8974,0,265,3000,500,1000,0,0,0,0,0,0,0,0,0,0,-145,1,0,0,0,160,0,0,3,0,0,0,1000
8975,0,266,3000,500,1000,0,0,0,0,0,0,0,0,0,0,-145,1,0,0,0,160,0,0,3,0,0,0,1000
8976,0,267,3000,500,1000,0,0,0,0,0,0,0,0,0,0,-145,1,0,0,0,160,0,0,3,0,0,0,1000
8977,0,268,3000,500,1000,0,0,0,0,0,0,0,0,0,0,-145,1,0,0,0,160,0,0,3,0,0,0,1000
8978,0,269,3000,500,1000,0,0,0,0,0,0,0,0,0,0,-145,1,0,0,0,160,0,0,3,0,0,0,1000
8979,0,270,3000,500,1000,0,0,0,0,0,0,0,0,0,0,-145,1,0,0,0,160,0,0,3,0,0,0,1000
8980,0,271,3000,500,1000,0,0,0,0,0,0,0,0,0,0,-145,1,0,0,0,160,0,0,3,0,0,0,1000
8981,0,272,3000,500,1000,0,0,0,0,0,0,0,0,0,0,-145,1,0,0,0,160,0,0,3,0,0,0,1000
8982,0,273,3000,500,1000,0,0,0,0,0,0,0,0,0,0,-145,1,0,0,0,160,0,0,3,0,0,0,1000
8983,0,274,3000,500,1000,0,0,0,0,0,0,0,0,0,0,-145,1,0,0,0,160,0,0,3,0,0,0,1000
8984,0,275,3000,500,1000,0,0,0,0,0,0,0,0,0,0,-145,1,0,0,0,160,0,0,3,0,0,0,1000
8985,0,276,3000,500,1000,0,0,0,0,0,0,0,0,0,0,-145,1,0,0,0,160,0,0,3,0,0,0,1000
8986,0,277,3000,500,1000,0,0,0,0,0,0,0,0,0,0,-145,1,0,0,0,160,0,0,3,0,0,0,1000
8987,0,278,3000,500,1000,0,0,0,0,0,0,0,0,0,0,-145,1,0,0,0,160,0,0,3,0,0,0,1000
8988,0,279,3000,500,1000,0,0,0,0,0,0,0,0,0,0,-145,1,0,0,0,160,0,0,3,0,0,0,1000
8989,0,280,3000,500,1000,0,0,0,0,0,0,0,0,0,0,-145,1,0,0,0,160,0,0,3,0,0,0,1000
8990,0,281,3000,500,1000,0,0,0,0,0,0,0,0,0,0,-145,1,0,0,0,160,0,0,3,0,0,0,1000
8991,0,282,3000,500,1000,0,0,0,0,0,0,0,0,0,0,-145,1,0,0,0,160,0,0,3,0,0,0,1000
8992,0,283,3000,500,1000,0,0,0,0,0,0,0,0,0,0,-145,1,0,0,0,160,0,0,3,0,0,0,1000
8993,0,284,3000,500,1000,0,0,0,0,0,0,0,0,0,0,-145,1,0,0,0,160,0,0,3,0,0,0,1000
8994,0,285,3000,500,1000,0,0,0,0,0,0,0,0,0,0,-145,1,0,0,0,160,0,0,3,0,0,0,1000
8995,0,286,3000,500,1000,0,0,0,0,0,0,0,0,0,0,-145,1,0,0,0,160,0,0,3,0,0,0,1000
8996,0,287,3000,500,1000,0,0,0,0,0,0,0,0,0,0,-145,1,0,0,0,160,0,0,3,0,0,0,1000
8997,0,288,3000,500,1000,0,0,0,0,0,0,0,0,0,0,-145,1,0,0,0,160,0,0,3,0,0,0,1000
8998,0,289,3000,500,1000,0,0,0,0,0,0,0,0,0,0,-145,1,0,0,0,160,0,0,3,0,0,0,1000
8999,0,290,3000,500,1000,0,0,0,0,0,0,0,0,0,0,-145,1,0,0,0,160,0,0,3,0,0,0,1000
9000,0,291,3000,500,1000,0,0,0,0,0,0,0,0,0,0,-145,1,0,0,0,160,0,0,3,0,0,0,1000
