1,0,112,0,1000,1000,0,0,0,0,0,0,0,0,0,0,-70,1,0,0,0,0,0,0,0,0,0,0,0
2,0,113,0,1000,1000,0,0,0,0,0,0,0,0,0,0,-70,1,0,0,0,0,0,0,0,0,0,0,0
3,0,114,0,1000,1000,0,0,0,0,0,0,0,0,0,0,-70,1,0,0,0,0,0,0,0,0,0,0,0
4,0,115,0,1000,1000,0,0,0,0,0,0,0,0,0,0,-70,1,0,0,0,0,0,0,0,0,0,0,0
5,0,116,0,1000,1000,0,0,0,0,0,0,0,0,0,0,-70,1,0,0,0,0,0,0,0,0,0,0,0
6,0,117,0,1000,1000,0,0,0,0,0,0,0,0,0,0,-70,1,0,0,0,0,0,0,0,0,0,0,0
7,0,118,0,1000,1000,0,0,0,0,0,0,0,0,0,0,-70,1,0,0,0,0,0,0,0,0,0,0,0
8,0,119,0,1000,1000,0,0,0,0,0,0,0,0,0,0,-70,1,0,0,0,0,0,0,0,0,0,0,0
9,0,120,0,1000,1000,0,0,0,0,0,0,0,0,0,0,-70,1,0,0,0,0,0,0,0,0,0,0,0
10,0,1,3000,500,1000,0,0,0,0,0,0,0,0,0,0,-25,1,0,0,0,0,0,0,0,0,0,0,1000
11,0,2,3000,500,1000,0,0,0,0,0,0,0,0,0,0,-25,1,0,0,0,0,0,0,0,0,0,0,1000
12,0,3,3000,500,1000,0,0,0,0,0,0,0,0,0,0,-25,1,0,0,0,0,0,0,0,0,0,0,1000
13,0,4,3000,500,1000,0,0,0,0,0,0,0,0,0,0,-25,1,0,0,0,0,0,0,0,0,0,0,1000
14,0,5,3000,500,1000,0,0,0,0,0,0,0,0,0,0,-25,1,0,0,0,0,0,0,0,0,0,0,1000
15,0,6,3000,500,1000,0,0,0,0,0,0,0,0,0,0,-25,1,0,0,0,0,0,0,0,0,0,0,1000
16,0,7,3000,500,1000,0,0,0,0,0,0,0,0,0,0,-25,1,0,0,0,0,0,0,0,0,0,0,1000
17,0,8,3000,500,1000,0,0,0,0,0,0,0,0,0,0,-25,1,0,0,0,0,0,0,0,0,0,0,1000
18,0,9,3000,500,1000,0,0,0,0,0,0,0,0,0,0,-25,1,0,0,0,0,0,0,0,0,0,0,1000
19,10,1,3000,500,1000,0,0,0,0,0,0,0,0,0,0,-25,1,0,0,0,0,0,0,0,0,0,0,1000
20,10,2,3000,500,1000,0,0,0,0,0,0,0,0,0,0,-25,1,0,0,0,0,0,0,0,0,0,0,1000
21,10,3,3000,500,1000,0,0,0,0,0,0,0,0,0,0,-25,1,0,0,0,0,0,0,0,0,0,0,1000
22,10,4,3000,500,1000,0,0,0,0,0,0,0,0,0,0,-25,1,0,0,0,0,0,0,0,0,0,0,1000
23,10,5,3000,500,1000,0,0,0,0,0,0,0,0,0,0,-25,1,0,0,0,0,0,0,0,0,0,0,1000
24,10,6,3000,500,1000,0,0,0,0,0,0,0,0,0,0,-25,1,0,0,0,0,0,0,0,0,0,0,1000
25,1000,1,3000,500,1000,0,0,0,0,0,0,0,0,0,0,-25,1,0,0,0,0,0,0,0,0,0,0,1000
26,1000,2,3000,500,1000,0,0,0,0,0,0,0,0,0,0,-25,1,0,0,0,0,0,0,0,0,0,0,1000
27,1000,3,3000,500,1000,0,0,0,0,0,0,0,0,0,0,-25,1,0,0,0,0,0,0,0,0,0,0,1000
28,1000,4,3000,500,1000,0,0,0,0,0,0,0,0,0,0,-25,1,0,0,0,0,0,0,0,0,0,0,1000
29,1000,5,3000,500,1000,0,0,0,0,0,0,0,0,0,0,-25,1,0,0,0,0,0,0,0,0,0,0,1000
30,1000,6,3000,500,1000,0,0,0,0,0,0,0,0,0,0,-25,1,0,0,0,0,0,0,0,0,0,0,1000
31,1000,7,3000,500,1000,0,0,0,0,0,0,0,0,0,0,-25,1,0,0,0,0,0,0,0,0,0,0,1000
32,1000,8,3000,500,1000,0,0,0,0,0,0,0,0,0,0,-25,1,0,0,0,0,0,0,0,0,0,0,1000
33,1000,9,3000,500,1000,0,0,0,0,0,0,0,0,0,0,-25,1,0,0,0,0,0,0,0,0,0,0,1000
34,1000,10,3000,500,1000,0,0,0,0,0,0,0,0,0,0,-25,1,0,0,0,0,0,0,0,0,0,0,1000
35,1000,11,3000,500,1000,0,0,0,0,0,0,0,0,0,0,-25,1,0,0,0,0,0,0,0,0,0,0,1000
36,1000,11,4030,500,974,0,0,0,0,0,0,0,0,0,0,-25,1,0,0,0,0,0,0,0,0,0,0,2018
37,1000,11,4030,500,974,0,0,0,0,0,0,0,0,0,0,-25,1,0,0,0,0,0,0,0,0,0,0,2018
38,1000,11,4030,500,974,0,0,0,0,0,0,0,0,0,0,-25,1,0,0,0,0,0,0,0,0,0,0,2018
39,1000,11,4030,500,974,0,0,0,0,0,0,0,0,0,0,-25,1,0,0,0,0,0,0,0,0,0,0,2018
40,1000,11,4030,500,974,0,0,0,0,0,0,0,0,0,0,-25,1,0,0,0,0,0,0,0,0,0,0,2018
41,1000,11,4030,500,974,0,0,0,0,0,0,0,0,0,0,-25,1,0,0,0,0,0,0,0,0,0,0,2018
42,1000,12,4030,500,974,0,0,0,0,0,0,0,0,0,0,-25,1,0,0,0,0,0,0,0,0,0,0,2018
43,1000,13,4030,500,974,0,0,0,0,0,0,0,0,0,0,-25,1,0,0,0,0,0,0,0,0,0,0,2018
44,1000,14,4030,500,974,0,0,0,0,0,0,0,0,0,0,-25,1,0,0,0,0,0,0,0,0,0,0,2018
45,1000,15,4030,500,974,0,0,0,0,0,0,0,0,0,0,-25,1,0,0,0,0,0,0,0,0,0,0,2018
46,1000,16,4030,500,974,0,0,0,0,0,0,0,0,0,0,-25,1,0,0,0,0,0,0,0,0,0,0,2018
47,1000,17,4030,500,974,0,0,0,0,0,0,0,0,0,0,-25,1,0,0,0,0,0,0,0,0,0,0,2018
48,1000,18,4030,500,974,0,0,0,0,0,0,0,0,0,0,-25,1,0,0,0,0,0,0,0,0,0,0,2018
49,1000,19,4030,500,974,0,0,0,0,0,0,0,0,0,0,-25,1,0,0,0,0,0,0,0,0,0,0,2018
50,1000,20,4030,500,974,0,0,0,0,0,0,0,0,0,0,-25,1,0,0,0,0,0,0,0,0,0,0,2018
51,1000,21,4030,500,974,0,0,0,0,0,0,0,0,0,0,-25,1,0,0,0,0,0,0,0,0,0,0,2018
52,1000,21,5000,500,948,0,0,0,0,0,0,0,0,0,0,-25,1,0,0,0,0,0,0,0,0,0,0,3036
53,1000,21,5000,500,948,0,0,0,0,0,0,0,0,0,0,-25,1,0,0,0,0,0,0,0,0,0,0,3036
54,1000,21,5000,500,948,0,0,0,0,0,0,0,0,0,0,-25,1,0,0,0,0,0,0,0,0,0,0,3036
55,1000,21,5000,500,948,0,0,0,0,0,0,0,0,0,0,-25,1,0,0,0,0,0,0,0,0,0,0,3036
56,1000,21,5000,500,948,0,0,0,0,0,0,0,0,0,0,-25,1,0,0,0,0,0,0,0,0,0,0,3036
57,1000,21,5000,500,948,0,0,0,0,0,0,0,0,0,0,-25,1,0,0,0,0,0,0,0,0,0,0,3036
58,1000,22,5000,500,948,0,0,0,0,0,0,0,0,0,0,-25,1,0,0,0,0,0,0,0,0,0,0,3036
59,1000,23,5000,500,948,0,0,0,0,0,0,0,0,0,0,-25,1,0,0,0,0,0,0,0,0,0,0,3036
60,1000,24,5000,500,948,0,0,0,0,0,0,0,0,0,0,-25,1,0,0,0,0,0,0,0,0,0,0,3036
61,1000,25,5000,500,948,0,0,0,0,0,0,0,0,0,0,-25,1,0,0,0,0,0,0,0,0,0,0,3036
62,1000,26,5000,500,948,0,0,0,0,0,0,0,0,0,0,-25,1,0,0,0,0,0,0,0,0,0,0,3036
63,1000,27,5000,500,948,0,0,0,0,0,0,0,0,0,0,-25,1,0,0,0,0,0,0,0,0,0,0,3036
64,1000,28,5000,500,948,0,0,0,0,0,0,0,0,0,0,-25,1,0,0,0,0,0,0,0,0,0,0,3036
65,1000,29,5000,500,948,0,0,0,0,0,0,0,0,0,0,-25,1,0,0,0,0,0,0,0,0,0,0,3036
66,1000,30,5000,500,948,0,0,0,0,0,0,0,0,0,0,-25,1,0,0,0,0,0,0,0,0,0,0,3036
67,0,1,5000,500,948,0,0,0,0,0,0,0,0,0,0,-25,1,0,0,0,0,0,0,0,0,0,0,3036
68,0,2,5000,500,948,0,0,0,0,0,0,0,0,0,0,-25,1,0,0,0,0,0,0,0,0,0,0,3036
69,0,3,5000,500,948,0,0,0,0,0,0,0,0,0,0,-25,1,0,0,0,0,0,0,0,0,0,0,3036
70,0,4,5000,500,948,0,0,0,0,0,0,0,0,0,0,-25,1,0,0,0,0,0,0,0,0,0,0,3036
71,0,5,5000,500,948,0,0,0,0,0,0,0,0,0,0,-25,1,0,0,0,0,0,0,0,0,0,0,3036
72,0,6,5000,500,948,0,0,0,0,0,0,0,0,0,0,-25,1,0,0,0,0,0,0,0,0,0,0,3036
73,0,7,5000,500,948,0,0,0,0,0,0,0,0,0,0,-25,1,0,0,0,0,0,0,0,0,0,0,3036
74,0,8,5000,500,948,0,0,0,0,0,0,0,0,0,0,-25,1,0,0,0,0,0,0,0,0,0,0,3036
75,0,9,5000,500,948,0,0,0,0,0,0,0,0,0,0,-25,1,0,0,0,0,0,0,0,0,0,0,3036
76,0,10,5000,500,948,0,0,0,0,0,0,0,0,0,0,-25,1,0,0,0,0,0,0,0,0,0,0,3036
77,0,11,5000,500,948,0,0,0,0,0,0,0,0,0,0,-25,1,0,0,0,0,0,0,0,0,0,0,3036
78,0,12,5000,500,948,0,0,0,0,0,0,0,0,0,0,-25,1,0,0,0,0,0,0,0,0,0,0,3036
79,0,13,5000,500,948,0,0,0,0,0,0,0,0,0,0,-25,1,0,0,0,0,0,0,0,0,0,0,3036
80,0,14,5000,500,948,0,0,0,0,0,0,0,0,0,0,-25,1,0,0,0,0,0,0,0,0,0,0,3036
81,0,15,5000,500,948,0,0,0,0,0,0,0,0,0,0,-25,1,0,0,0,0,0,0,0,0,0,0,3036
82,0,16,5000,500,948,0,0,0,0,0,0,0,0,0,0,-25,1,0,0,0,0,0,0,0,0,0,0,3036
83,0,17,5000,500,948,0,0,0,0,0,0,0,0,0,0,-25,1,0,0,0,0,0,0,0,0,0,0,3036
84,0,18,5000,500,948,0,0,0,0,0,0,0,0,0,0,-25,1,0,0,0,0,0,0,0,0,0,0,3036
85,0,19,5000,500,948,0,0,0,0,0,0,0,0,0,0,-25,1,0,0,0,0,0,0,0,0,0,0,3036
86,0,20,5000,500,948,0,0,0,0,0,0,0,0,0,0,-25,1,0,0,0,0,0,0,0,0,0,0,3036
87,0,21,5000,500,948,0,0,0,0,0,0,0,0,0,0,-25,1,0,0,0,0,0,0,0,0,0,0,3036
88,0,22,5000,500,948,0,0,0,0,0,0,0,0,0,0,-25,1,0,0,0,0,0,0,0,0,0,0,3036
89,0,23,5000,500,948,0,0,0,0,0,0,0,0,0,0,-25,1,0,0,0,0,0,0,0,0,0,0,3036
90,0,24,5000,500,948,0,0,0,0,0,0,0,0,0,0,-25,1,0,0,0,0,0,0,0,0,0,0,3036
91,0,25,5000,500,948,0,0,0,0,0,0,0,0,0,0,-25,1,0,0,0,0,0,0,0,0,0,0,3036
92,0,26,5000,500,948,0,0,0,0,0,0,0,0,0,0,-25,1,0,0,0,0,0,0,0,0,0,0,3036
93,0,27,5000,500,948,0,0,0,0,0,0,0,0,0,0,-25,1,0,0,0,0,0,0,0,0,0,0,3036
94,0,28,5000,500,948,0,0,0,0,0,0,0,0,0,0,-25,1,0,0,0,0,0,0,0,0,0,0,3036
95,0,29,5000,500,948,0,0,0,0,0,0,0,0,0,0,-25,1,0,0,0,0,0,0,0,0,0,0,3036
96,0,30,5000,500,948,0,0,0,0,0,0,0,0,0,0,-25,1,0,0,0,0,0,0,0,0,0,0,3036
97,0,31,5000,500,948,0,0,0,0,0,0,0,0,0,0,-25,1,0,0,0,0,0,0,0,0,0,0,3036
98,0,32,5000,500,948,0,0,0,0,0,0,0,0,0,0,-25,1,0,0,0,0,0,0,0,0,0,0,3036
99,0,33,5000,500,948,0,0,0,0,0,0,0,0,0,0,-25,1,0,0,0,0,0,0,0,0,0,0,3036
100,0,34,5000,500,948,0,0,0,0,0,0,0,0,0,0,-25,1,0,0,0,0,0,0,0,0,0,0,3036
101,0,35,5000,500,948,0,0,0,0,0,0,0,0,0,0,-25,1,0,0,0,0,0,0,0,0,0,0,3036
102,0,36,5000,500,948,0,0,0,0,0,0,0,0,0,0,-25,1,0,0,0,0,0,0,0,0,0,0,3036
103,0,37,5000,500,948,0,0,0,0,0,0,0,0,0,0,-25,1,0,0,0,0,0,0,0,0,0,0,3036
104,0,38,5000,500,948,0,0,0,0,0,0,0,0,0,0,-25,1,0,0,0,0,0,0,0,0,0,0,3036
105,0,39,5000,500,948,0,0,0,0,0,0,0,0,0,0,-25,1,0,0,0,0,0,0,0,0,0,0,3036
106,0,40,5000,500,948,0,0,0,0,0,0,0,0,0,0,-25,1,0,0,0,0,0,0,0,0,0,0,3036
107,0,41,5000,500,948,0,0,0,0,0,0,0,0,0,0,-25,1,0,0,0,0,0,0,0,0,0,0,3036
108,0,42,5000,500,948,0,0,0,0,0,0,0,0,0,0,-25,1,0,0,0,0,0,0,0,0,0,0,3036
109,0,43,5000,500,948,0,0,0,0,0,0,0,0,0,0,-25,1,0,0,0,0,0,0,0,0,0,0,3036
110,0,44,5000,500,948,0,0,0,0,0,0,0,0,0,0,-25,1,0,0,0,0,0,0,0,0,0,0,3036
111,0,45,5000,500,948,0,0,0,0,0,0,0,0,0,0,-25,1,0,0,0,0,0,0,0,0,0,0,3036
112,0,46,5000,500,948,0,0,0,0,0,0,0,0,0,0,-25,1,0,0,0,0,0,0,0,0,0,0,3036
113,0,47,5000,500,948,0,0,0,0,0,0,0,0,0,0,-25,1,0,0,0,0,0,0,0,0,0,0,3036
114,0,48,5000,500,948,0,0,0,0,0,0,0,0,0,0,-25,1,0,0,0,0,0,0,0,0,0,0,3036
115,0,49,5000,500,948,0,0,0,0,0,0,0,0,0,0,-25,1,0,0,0,0,0,0,0,0,0,0,3036
116,0,50,5000,500,948,0,0,0,0,0,0,0,0,0,0,-25,1,0,0,0,0,0,0,0,0,0,0,3036
117,0,51,5000,500,948,0,0,0,0,0,0,0,0,0,0,-25,1,0,0,0,0,0,0,0,0,0,0,3036
118,0,52,5000,500,948,0,0,0,0,0,0,0,0,0,0,-25,1,0,0,0,0,0,0,0,0,0,0,3036
119,0,53,5000,500,948,0,0,0,0,0,0,0,0,0,0,-25,1,0,0,0,0,0,0,0,0,0,0,3036
120,0,54,5000,500,948,0,0,0,0,0,0,0,0,0,0,-25,1,0,0,0,0,0,0,0,0,0,0,3036
121,0,55,5000,500,948,0,0,0,0,0,0,0,0,0,0,-25,1,0,0,0,0,0,0,0,0,0,0,3036
122,0,56,5000,500,948,0,0,0,0,0,0,0,0,0,0,-25,1,0,0,0,0,0,0,0,0,0,0,3036
123,0,57,5000,500,948,0,0,0,0,0,0,0,0,0,0,-25,1,0,0,0,0,0,0,0,0,0,0,3036
124,0,58,5000,500,948,0,0,0,0,0,0,0,0,0,0,-25,1,0,0,0,0,0,0,0,0,0,0,3036
125,0,59,5000,500,948,0,0,0,0,0,0,0,0,0,0,-25,1,0,0,0,0,0,0,0,0,0,0,3036
126,0,60,5000,500,948,0,0,0,0,0,0,0,0,0,0,-25,1,0,0,0,0,0,0,0,0,0,0,3036
127,0,61,5000,500,948,0,0,0,0,0,0,0,0,0,0,-25,1,0,0,0,0,0,0,0,0,0,0,3036
128,0,62,5000,500,948,0,0,0,0,0,0,0,0,0,0,-25,1,0,0,0,0,0,0,0,0,0,0,3036
129,0,63,5000,500,948,0,0,0,0,0,0,0,0,0,0,-25,1,0,0,0,0,0,0,0,0,0,0,3036
130,0,64,5000,500,948,0,0,0,0,0,0,0,0,0,0,-25,1,0,0,0,0,0,0,0,0,0,0,3036
131,0,65,5000,500,948,0,0,0,0,0,0,0,0,0,0,-25,1,0,0,0,0,0,0,0,0,0,0,3036
132,0,66,5000,500,948,0,0,0,0,0,0,0,0,0,0,-25,1,0,0,0,0,0,0,0,0,0,0,3036
133,0,67,5000,500,948,0,0,0,0,0,0,0,0,0,0,-25,1,0,0,0,0,0,0,0,0,0,0,3036
134,0,68,5000,500,948,0,0,0,0,0,0,0,0,0,0,-25,1,0,0,0,0,0,0,0,0,0,0,3036
135,0,69,5000,500,948,0,0,0,0,0,0,0,0,0,0,-25,1,0,0,0,0,0,0,0,0,0,0,3036
136,0,70,5000,500,948,0,0,0,0,0,0,0,0,0,0,-25,1,0,0,0,0,0,0,0,0,0,0,3036
137,0,71,5000,500,948,0,0,0,0,0,0,0,0,0,0,-25,1,0,0,0,0,0,0,0,0,0,0,3036
138,0,72,5000,500,948,0,0,0,0,0,0,0,0,0,0,-25,1,0,0,0,0,0,0,0,0,0,0,3036
139,0,73,5000,500,948,0,0,0,0,0,0,0,0,0,0,-25,1,0,0,0,0,0,0,0,0,0,0,3036
140,0,74,5000,500,948,0,0,0,0,0,0,0,0,0,0,-25,1,0,0,0,0,0,0,0,0,0,0,3036
141,0,75,5000,500,948,0,0,0,0,0,0,0,0,0,0,-25,1,0,0,0,0,0,0,0,0,0,0,3036
142,0,76,5000,500,948,0,0,0,0,0,0,0,0,0,0,-25,1,0,0,0,0,0,0,0,0,0,0,3036
143,0,77,5000,500,948,0,0,0,0,0,0,0,0,0,0,-25,1,0,0,0,0,0,0,0,0,0,0,3036
144,0,78,5000,500,948,0,0,0,0,0,0,0,0,0,0,-25,1,0,0,0,0,0,0,0,0,0,0,3036
145,0,79,5000,500,948,0,0,0,0,0,0,0,0,0,0,-25,1,0,0,0,0,0,0,0,0,0,0,3036
146,0,80,5000,500,948,0,0,0,0,0,0,0,0,0,0,-25,1,0,0,0,0,0,0,0,0,0,0,3036
147,0,81,5000,500,948,0,0,0,0,0,0,0,0,0,0,-25,1,0,0,0,0,0,0,0,0,0,0,3036
148,0,82,5000,500,948,0,0,0,0,0,0,0,0,0,0,-25,1,0,0,0,0,0,0,0,0,0,0,3036
149,0,83,5000,500,948,0,0,0,0,0,0,0,0,0,0,-25,1,0,0,0,0,0,0,0,0,0,0,3036
150,0,84,5000,500,948,0,0,0,0,0,0,0,0,0,0,-25,1,0,0,0,0,0,0,0,0,0,0,3036
151,0,85,5000,500,948,0,0,0,0,0,0,0,0,0,0,-25,1,0,0,0,0,0,0,0,0,0,0,3036
152,0,86,5000,500,948,0,0,0,0,0,0,0,0,0,0,-25,1,0,0,0,0,0,0,0,0,0,0,3036
153,0,87,5000,500,948,0,0,0,0,0,0,0,0,0,0,-25,1,0,0,0,0,0,0,0,0,0,0,3036
154,0,88,5000,500,948,0,0,0,0,0,0,0,0,0,0,-25,1,0,0,0,0,0,0,0,0,0,0,3036
155,0,89,5000,500,948,0,0,0,0,0,0,0,0,0,0,-25,1,0,0,0,0,0,0,0,0,0,0,3036
156,0,90,5000,500,948,0,0,0,0,0,0,0,0,0,0,-25,1,0,0,0,0,0,0,0,0,0,0,3036
157,0,91,5000,500,948,0,0,0,0,0,0,0,0,0,0,-25,1,0,0,0,0,0,0,0,0,0,0,3036
158,0,92,5000,500,948,0,0,0,0,0,0,0,0,0,0,-25,1,0,0,0,0,0,0,0,0,0,0,3036
159,0,93,5000,500,948,0,0,0,0,0,0,0,0,0,0,-25,1,0,0,0,0,0,0,0,0,0,0,3036
160,0,94,5000,500,948,0,0,0,0,0,0,0,0,0,0,-25,1,0,0,0,0,0,0,0,0,0,0,3036
161,0,95,5000,500,948,0,0,0,0,0,0,0,0,0,0,-25,1,0,0,0,0,0,0,0,0,0,0,3036
162,0,96,5000,500,948,0,0,0,0,0,0,0,0,0,0,-25,1,0,0,0,0,0,0,0,0,0,0,3036
163,0,97,5000,500,948,0,0,0,0,0,0,0,0,0,0,-25,1,0,0,0,0,0,0,0,0,0,0,3036
164,0,98,5000,500,948,0,0,0,0,0,0,0,0,0,0,-25,1,0,0,0,0,0,0,0,0,0,0,3036
165,0,99,5000,500,948,0,0,0,0,0,0,0,0,0,0,-25,1,0,0,0,0,0,0,0,0,0,0,3036
166,0,100,5000,500,948,0,0,0,0,0,0,0,0,0,0,-25,1,0,0,0,0,0,0,0,0,0,0,3036
167,0,101,5000,500,948,0,0,0,0,0,0,0,0,0,0,-25,1,0,0,0,0,0,0,0,0,0,0,3036
168,0,102,5000,500,948,0,0,0,0,0,0,0,0,0,0,-25,1,0,0,0,0,0,0,0,0,0,0,3036
169,0,103,5000,500,948,0,0,0,0,0,0,0,0,0,0,-25,1,0,0,0,0,0,0,0,0,0,0,3036
170,0,104,5000,500,948,0,0,0,0,0,0,0,0,0,0,-25,1,0,0,0,0,0,0,0,0,0,0,3036
171,0,105,5000,500,948,0,0,0,0,0,0,0,0,0,0,-25,1,0,0,0,0,0,0,0,0,0,0,3036
172,0,106,5000,500,948,0,0,0,0,0,0,0,0,0,0,-25,1,0,0,0,0,0,0,0,0,0,0,3036
173,0,107,5000,500,948,0,0,0,0,0,0,0,0,0,0,-25,1,0,0,0,0,0,0,0,0,0,0,3036
174,0,108,5000,500,948,0,0,0,0,0,0,0,0,0,0,-25,1,0,0,0,0,0,0,0,0,0,0,3036
175,0,109,5000,500,948,0,0,0,0,0,0,0,0,0,0,-25,1,0,0,0,0,0,0,0,0,0,0,3036
176,0,110,5000,500,948,0,0,0,0,0,0,0,0,0,0,-25,1,0,0,0,0,0,0,0,0,0,0,3036
177,0,111,5000,500,948,0,0,0,0,0,0,0,0,0,0,-25,1,0,0,0,0,0,0,0,0,0,0,3036
178,0,112,5000,500,948,0,0,0,0,0,0,0,0,0,0,-25,1,0,0,0,0,0,0,0,0,0,0,3036
179,0,113,5000,500,948,0,0,0,0,0,0,0,0,0,0,-25,1,0,0,0,0,0,0,0,0,0,0,3036
180,0,114,5000,500,948,0,0,0,0,0,0,0,0,0,0,-25,1,0,0,0,0,0,0,0,0,0,0,3036
181,0,115,5000,500,948,0,0,0,0,0,0,0,0,0,0,-25,1,0,0,0,0,0,0,0,0,0,0,3036
182,0,116,5000,500,948,0,0,0,0,0,0,0,0,0,0,-25,1,0,0,0,0,0,0,0,0,0,0,3036
183,0,117,5000,500,948,0,0,0,0,0,0,0,0,0,0,-25,1,0,0,0,0,0,0,0,0,0,0,3036
184,0,118,5000,500,948,0,0,0,0,0,0,0,0,0,0,-25,1,0,0,0,0,0,0,0,0,0,0,3036
185,0,119,5000,500,948,0,0,0,0,0,0,0,0,0,0,-25,1,0,0,0,0,0,0,0,0,0,0,3036
186,0,120,5000,500,948,0,0,0,0,0,0,0,0,0,0,-25,1,0,0,0,0,0,0,0,0,0,0,3036
187,0,121,5000,500,948,0,0,0,0,0,0,0,0,0,0,-25,1,0,0,0,0,0,0,0,0,0,0,3036
188,0,122,5000,500,948,0,0,0,0,0,0,0,0,0,0,-25,1,0,0,0,0,0,0,0,0,0,0,3036
189,0,123,5000,500,948,0,0,0,0,0,0,0,0,0,0,-25,1,0,0,0,0,0,0,0,0,0,0,3036
190,0,124,5000,500,948,0,0,0,0,0,0,0,0,0,0,-25,1,0,0,0,0,0,0,0,0,0,0,3036
191,0,125,5000,500,948,0,0,0,0,0,0,0,0,0,0,-25,1,0,0,0,0,0,0,0,0,0,0,3036
192,0,126,5000,500,948,0,0,0,0,0,0,0,0,0,0,-25,1,0,0,0,0,0,0,0,0,0,0,3036
193,0,127,5000,500,948,0,0,0,0,0,0,0,0,0,0,-25,1,0,0,0,0,0,0,0,0,0,0,3036
194,0,128,5000,500,948,0,0,0,0,0,0,0,0,0,0,-25,1,0,0,0,0,0,0,0,0,0,0,3036
195,0,129,5000,500,948,0,0,0,0,0,0,0,0,0,0,-25,1,0,0,0,0,0,0,0,0,0,0,3036
196,0,130,5000,500,948,0,0,0,0,0,0,0,0,0,0,-25,1,0,0,0,0,0,0,0,0,0,0,3036
197,0,131,5000,500,948,0,0,0,0,0,0,0,0,0,0,-25,1,0,0,0,0,0,0,0,0,0,0,3036
198,0,132,5000,500,948,0,0,0,0,0,0,0,0,0,0,-25,1,0,0,0,0,0,0,0,0,0,0,3036
199,0,133,5000,500,948,0,0,0,0,0,0,0,0,0,0,-25,1,0,0,0,0,0,0,0,0,0,0,3036
200,0,134,5000,500,948,0,0,0,0,0,0,0,0,0,0,-25,1,0,0,0,0,0,0,0,0,0,0,3036
201,0,135,5000,500,948,0,0,0,0,0,0,0,0,0,0,-25,1,0,0,0,0,0,0,0,0,0,0,3036
202,0,136,5000,500,948,0,0,0,0,0,0,0,0,0,0,-25,1,0,0,0,0,0,0,0,0,0,0,3036
203,0,137,5000,500,948,0,0,0,0,0,0,0,0,0,0,-25,1,0,0,0,0,0,0,0,0,0,0,3036
204,0,138,5000,500,948,0,0,0,0,0,0,0,0,0,0,-25,1,0,0,0,0,0,0,0,0,0,0,3036
205,0,139,5000,500,948,0,0,0,0,0,0,0,0,0,0,-25,1,0,0,0,0,0,0,0,0,0,0,3036
206,0,140,5000,500,948,0,0,0,0,0,0,0,0,0,0,-25,1,0,0,0,0,0,0,0,0,0,0,3036
207,0,141,5000,500,948,0,0,0,0,0,0,0,0,0,0,-25,1,0,0,0,0,0,0,0,0,0,0,3036
208,0,142,5000,500,948,0,0,0,0,0,0,0,0,0,0,-25,1,0,0,0,0,0,0,0,0,0,0,3036
209,0,143,5000,500,948,0,0,0,0,0,0,0,0,0,0,-25,1,0,0,0,0,0,0,0,0,0,0,3036
210,0,144,5000,500,948,0,0,0,0,0,0,0,0,0,0,-25,1,0,0,0,0,0,0,0,0,0,0,3036
211,0,145,5000,500,948,0,0,0,0,0,0,0,0,0,0,-25,1,0,0,0,0,0,0,0,0,0,0,3036
212,0,146,5000,500,948,0,0,0,0,0,0,0,0,0,0,-25,1,0,0,0,0,0,0,0,0,0,0,3036
213,0,147,5000,500,948,0,0,0,0,0,0,0,0,0,0,-25,1,0,0,0,0,0,0,0,0,0,0,3036
214,0,148,5000,500,948,0,0,0,0,0,0,0,0,0,0,-25,1,0,0,0,0,0,0,0,0,0,0,3036
215,0,149,5000,500,948,0,0,0,0,0,0,0,0,0,0,-25,1,0,0,0,0,0,0,0,0,0,0,3036
216,0,150,5000,500,948,0,0,0,0,0,0,0,0,0,0,-25,1,0,0,0,0,0,0,0,0,0,0,3036
217,0,151,5000,500,948,0,0,0,0,0,0,0,0,0,0,-25,1,0,0,0,0,0,0,0,0,0,0,3036
218,0,152,5000,500,948,0,0,0,0,0,0,0,0,0,0,-25,1,0,0,0,0,0,0,0,0,0,0,3036
219,0,153,5000,500,948,0,0,0,0,0,0,0,0,0,0,-25,1,0,0,0,0,0,0,0,0,0,0,3036
220,0,154,5000,500,948,0,0,0,0,0,0,0,0,0,0,-25,1,0,0,0,0,0,0,0,0,0,0,3036
221,0,155,5000,500,948,0,0,0,0,0,0,0,0,0,0,-25,1,0,0,0,0,0,0,0,0,0,0,3036
222,0,156,5000,500,948,0,0,0,0,0,0,0,0,0,0,-25,1,0,0,0,0,0,0,0,0,0,0,3036
223,0,157,5000,500,948,0,0,0,0,0,0,0,0,0,0,-25,1,0,0,0,0,0,0,0,0,0,0,3036
224,0,158,5000,500,948,0,0,0,0,0,0,0,0,0,0,-25,1,0,0,0,0,0,0,0,0,0,0,3036
225,0,159,5000,500,948,0,0,0,0,0,0,0,0,0,0,-25,1,0,0,0,0,0,0,0,0,0,0,3036
226,0,160,5000,500,948,0,0,0,0,0,0,0,0,0,0,-25,1,0,0,0,0,0,0,0,0,0,0,3036
227,0,161,5000,500,948,0,0,0,0,0,0,0,0,0,0,-25,1,0,0,0,0,0,0,0,0,0,0,3036
228,0,162,5000,500,948,0,0,0,0,0,0,0,0,0,0,-25,1,0,0,0,0,0,0,0,0,0,0,3036
229,0,163,5000,500,948,0,0,0,0,0,0,0,0,0,0,-25,1,0,0,0,0,0,0,0,0,0,0,3036
230,0,164,5000,500,948,0,0,0,0,0,0,0,0,0,0,-25,1,0,0,0,0,0,0,0,0,0,0,3036
231,0,165,5000,500,948,0,0,0,0,0,0,0,0,0,0,-25,1,0,0,0,0,0,0,0,0,0,0,3036
232,0,166,5000,500,948,0,0,0,0,0,0,0,0,0,0,-25,1,0,0,0,0,0,0,0,0,0,0,3036
233,0,167,5000,500,948,0,0,0,0,0,0,0,0,0,0,-25,1,0,0,0,0,0,0,0,0,0,0,3036
234,0,168,5000,500,948,0,0,0,0,0,0,0,0,0,0,-25,1,0,0,0,0,0,0,0,0,0,0,3036
235,0,169,5000,500,948,0,0,0,0,0,0,0,0,0,0,-25,1,0,0,0,0,0,0,0,0,0,0,3036
236,0,170,5000,500,948,0,0,0,0,0,0,0,0,0,0,-25,1,0,0,0,0,0,0,0,0,0,0,3036
237,0,171,5000,500,948,0,0,0,0,0,0,0,0,0,0,-25,1,0,0,0,0,0,0,0,0,0,0,3036
238,0,172,5000,500,948,0,0,0,0,0,0,0,0,0,0,-25,1,0,0,0,0,0,0,0,0,0,0,3036
239,0,173,5000,500,948,0,0,0,0,0,0,0,0,0,0,-25,1,0,0,0,0,0,0,0,0,0,0,3036
240,0,174,5000,500,948,0,0,0,0,0,0,0,0,0,0,-25,1,0,0,0,0,0,0,0,0,0,0,3036
241,0,175,5000,500,948,0,0,0,0,0,0,0,0,0,0,-25,1,0,0,0,0,0,0,0,0,0,0,3036
242,0,176,5000,500,948,0,0,0,0,0,0,0,0,0,0,-25,1,0,0,0,0,0,0,0,0,0,0,3036
243,0,177,5000,500,948,0,0,0,0,0,0,0,0,0,0,-25,1,0,0,0,0,0,0,0,0,0,0,3036
244,0,178,5000,500,948,0,0,0,0,0,0,0,0,0,0,-25,1,0,0,0,0,0,0,0,0,0,0,3036
245,0,179,5000,500,948,0,0,0,0,0,0,0,0,0,0,-25,1,0,0,0,0,0,0,0,0,0,0,3036
246,0,180,5000,500,948,0,0,0,0,0,0,0,0,0,0,-25,1,0,0,0,0,0,0,0,0,0,0,3036
247,0,181,5000,500,948,0,0,0,0,0,0,0,0,0,0,-25,1,0,0,0,0,0,0,0,0,0,0,3036
248,0,182,5000,500,948,0,0,0,0,0,0,0,0,0,0,-25,1,0,0,0,0,0,0,0,0,0,0,3036
249,0,183,5000,500,948,0,0,0,0,0,0,0,0,0,0,-25,1,0,0,0,0,0,0,0,0,0,0,3036
250,0,184,5000,500,948,0,0,0,0,0,0,0,0,0,0,-25,1,0,0,0,0,0,0,0,0,0,0,3036
251,0,185,5000,500,948,0,0,0,0,0,0,0,0,0,0,-25,1,0,0,0,0,0,0,0,0,0,0,3036
252,0,186,5000,500,948,0,0,0,0,0,0,0,0,0,0,-25,1,0,0,0,0,0,0,0,0,0,0,3036
253,0,187,5000,500,948,0,0,0,0,0,0,0,0,0,0,-25,1,0,0,0,0,0,0,0,0,0,0,3036
254,0,188,5000,500,948,0,0,0,0,0,0,0,0,0,0,-25,1,0,0,0,0,0,0,0,0,0,0,3036
255,0,189,5000,500,948,0,0,0,0,0,0,0,0,0,0,-25,1,0,0,0,0,0,0,0,0,0,0,3036
256,0,190,5000,500,948,0,0,0,0,0,0,0,0,0,0,-25,1,0,0,0,0,0,0,0,0,0,0,3036
257,0,191,5000,500,948,0,0,0,0,0,0,0,0,0,0,-25,1,0,0,0,0,0,0,0,0,0,0,3036
258,0,192,5000,500,948,0,0,0,0,0,0,0,0,0,0,-25,1,0,0,0,0,0,0,0,0,0,0,3036
259,0,193,5000,500,948,0,0,0,0,0,0,0,0,0,0,-25,1,0,0,0,0,0,0,0,0,0,0,3036
260,0,194,5000,500,948,0,0,0,0,0,0,0,0,0,0,-25,1,0,0,0,0,0,0,0,0,0,0,3036
261,0,195,5000,500,948,0,0,0,0,0,0,0,0,0,0,-25,1,0,0,0,0,0,0,0,0,0,0,3036
262,0,196,5000,500,948,0,0,0,0,0,0,0,0,0,0,-25,1,0,0,0,0,0,0,0,0,0,0,3036
263,0,197,5000,500,948,0,0,0,0,0,0,0,0,0,0,-25,1,0,0,0,0,0,0,0,0,0,0,3036
264,0,198,5000,500,948,0,0,0,0,0,0,0,0,0,0,-25,1,0,0,0,0,0,0,0,0,0,0,3036
265,0,199,5000,500,948,0,0,0,0,0,0,0,0,0,0,-25,1,0,0,0,0,0,0,0,0,0,0,3036
266,0,200,5000,500,948,0,0,0,0,0,0,0,0,0,0,-25,1,0,0,0,0,0,0,0,0,0,0,3036
267,0,201,5000,500,948,0,0,0,0,0,0,0,0,0,0,-25,1,0,0,0,0,0,0,0,0,0,0,3036
268,0,202,5000,500,948,0,0,0,0,0,0,0,0,0,0,-25,1,0,0,0,0,0,0,0,0,0,0,3036
269,0,203,5000,500,948,0,0,0,0,0,0,0,0,0,0,-25,1,0,0,0,0,0,0,0,0,0,0,3036
270,0,204,5000,500,948,0,0,0,0,0,0,0,0,0,0,-25,1,0,0,0,0,0,0,0,0,0,0,3036
271,0,205,5000,500,948,0,0,0,0,0,0,0,0,0,0,-25,1,0,0,0,0,0,0,0,0,0,0,3036
272,0,206,5000,500,948,0,0,0,0,0,0,0,0,0,0,-25,1,0,0,0,0,0,0,0,0,0,0,3036
273,0,207,5000,500,948,0,0,0,0,0,0,0,0,0,0,-25,1,0,0,0,0,0,0,0,0,0,0,3036
274,0,208,5000,500,948,0,0,0,0,0,0,0,0,0,0,-25,1,0,0,0,0,0,0,0,0,0,0,3036
275,0,209,5000,500,948,0,0,0,0,0,0,0,0,0,0,-25,1,0,0,0,0,0,0,0,0,0,0,3036
276,0,210,5000,500,948,0,0,0,0,0,0,0,0,0,0,-25,1,0,0,0,0,0,0,0,0,0,0,3036
277,0,211,5000,500,948,0,0,0,0,0,0,0,0,0,0,-25,1,0,0,0,0,0,0,0,0,0,0,3036
278,0,212,5000,500,948,0,0,0,0,0,0,0,0,0,0,-25,1,0,0,0,0,0,0,0,0,0,0,3036
279,0,213,5000,500,948,0,0,0,0,0,0,0,0,0,0,-25,1,0,0,0,0,0,0,0,0,0,0,3036
280,0,214,5000,500,948,0,0,0,0,0,0,0,0,0,0,-25,1,0,0,0,0,0,0,0,0,0,0,3036
281,0,215,5000,500,948,0,0,0,0,0,0,0,0,0,0,-25,1,0,0,0,0,0,0,0,0,0,0,3036
282,0,216,5000,500,948,0,0,0,0,0,0,0,0,0,0,-25,1,0,0,0,0,0,0,0,0,0,0,3036
283,0,217,5000,500,948,0,0,0,0,0,0,0,0,0,0,-25,1,0,0,0,0,0,0,0,0,0,0,3036
284,0,218,5000,500,948,0,0,0,0,0,0,0,0,0,0,-25,1,0,0,0,0,0,0,0,0,0,0,3036
285,0,219,5000,500,948,0,0,0,0,0,0,0,0,0,0,-25,1,0,0,0,0,0,0,0,0,0,0,3036
286,0,220,5000,500,948,0,0,0,0,0,0,0,0,0,0,-25,1,0,0,0,0,0,0,0,0,0,0,3036
287,0,221,5000,500,948,0,0,0,0,0,0,0,0,0,0,-25,1,0,0,0,0,0,0,0,0,0,0,3036
288,0,222,5000,500,948,0,0,0,0,0,0,0,0,0,0,-25,1,0,0,0,0,0,0,0,0,0,0,3036
289,0,223,5000,500,948,0,0,0,0,0,0,0,0,0,0,-25,1,0,0,0,0,0,0,0,0,0,0,3036
290,0,224,5000,500,948,0,0,0,0,0,0,0,0,0,0,-25,1,0,0,0,0,0,0,0,0,0,0,3036
291,0,225,5000,500,948,0,0,0,0,0,0,0,0,0,0,-25,1,0,0,0,0,0,0,0,0,0,0,3036
292,0,226,5000,500,948,0,0,0,0,0,0,0,0,0,0,-25,1,0,0,0,0,0,0,0,0,0,0,3036
293,0,227,5000,500,948,0,0,0,0,0,0,0,0,0,0,-25,1,0,0,0,0,0,0,0,0,0,0,3036
294,0,228,5000,500,948,0,0,0,0,0,0,0,0,0,0,-25,1,0,0,0,0,0,0,0,0,0,0,3036
295,0,229,5000,500,948,0,0,0,0,0,0,0,0,0,0,-25,1,0,0,0,0,0,0,0,0,0,0,3036
296,0,230,5000,500,948,0,0,0,0,0,0,0,0,0,0,-25,1,0,0,0,0,0,0,0,0,0,0,3036
297,0,231,5000,500,948,0,0,0,0,0,0,0,0,0,0,-25,1,0,0,0,0,0,0,0,0,0,0,3036
298,0,232,5000,500,948,0,0,0,0,0,0,0,0,0,0,-25,1,0,0,0,0,0,0,0,0,0,0,3036
299,0,233,5000,500,948,0,0,0,0,0,0,0,0,0,0,-25,1,0,0,0,0,0,0,0,0,0,0,3036
300,0,234,5000,500,948,0,0,0,0,0,0,0,0,0,0,-25,1,0,0,0,0,0,0,0,0,0,0,3036
301,0,235,5000,500,948,0,0,0,0,0,0,0,0,0,0,-25,1,0,0,0,0,0,0,0,0,0,0,3036
302,0,236,5000,500,948,0,0,0,0,0,0,0,0,0,0,-25,1,0,0,0,0,0,0,0,0,0,0,3036
303,0,237,5000,500,948,0,0,0,0,0,0,0,0,0,0,-25,1,0,0,0,0,0,0,0,0,0,0,3036
304,0,238,5000,500,948,0,0,0,0,0,0,0,0,0,0,-25,1,0,0,0,0,0,0,0,0,0,0,3036
305,0,239,5000,500,948,0,0,0,0,0,0,0,0,0,0,-25,1,0,0,0,0,0,0,0,0,0,0,3036
306,0,240,5000,500,948,0,0,0,0,0,0,0,0,0,0,-25,1,0,0,0,0,0,0,0,0,0,0,3036
307,0,241,5000,500,948,0,0,0,0,0,0,0,0,0,0,-25,1,0,0,0,0,0,0,0,0,0,0,3036
308,0,242,5000,500,948,0,0,0,0,0,0,0,0,0,0,-25,1,0,0,0,0,0,0,0,0,0,0,3036
309,0,243,5000,500,948,0,0,0,0,0,0,0,0,0,0,-25,1,0,0,0,0,0,0,0,0,0,0,3036
310,0,1,3000,500,1000,0,0,0,0,0,0,0,0,0,0,-25,1,0,0,0,0,0,0,0,0,0,0,1000
311,0,2,3000,500,1000,0,0,0,0,0,0,0,0,0,0,-25,1,0,0,0,0,0,0,0,0,0,0,1000
312,0,3,3000,500,1000,0,0,0,0,0,0,0,0,0,0,-25,1,0,0,0,0,0,0,0,0,0,0,1000
313,0,4,3000,500,1000,0,0,0,0,0,0,0,0,0,0,-25,1,0,0,0,0,0,0,0,0,0,0,1000
314,0,5,3000,500,1000,0,0,0,0,0,0,0,0,0,0,-25,1,0,0,0,0,0,0,0,0,0,0,1000
315,0,6,3000,500,1000,0,0,0,0,0,0,0,0,0,0,-25,1,0,0,0,0,0,0,0,0,0,0,1000
316,0,7,3000,500,1000,0,0,0,0,0,0,0,0,0,0,-25,1,0,0,0,0,0,0,0,0,0,0,1000
317,0,8,3000,500,1000,0,0,0,0,0,0,0,0,0,0,-25,1,0,0,0,0,0,0,0,0,0,0,1000
318,0,9,3000,500,1000,0,0,0,0,0,0,0,0,0,0,-25,1,0,0,0,0,0,0,0,0,0,0,1000
319,20,1,3000,500,1000,0,0,0,0,0,0,0,0,0,0,-22.850000381469727,1,0,0,0,0,0,0,0,0,0,0,1000
320,20,2,3000,500,1000,0,0,0,0,0,0,0,0,0,0,-20.700000762939453,1,0,0,0,0,0,0,0,0,0,0,1000
321,20,3,3000,500,1000,0,0,0,0,0,0,0,0,0,0,-18.55000114440918,1,0,0,0,0,0,0,0,0,0,0,1000
322,10,1,3000,500,1000,0,0,0,0,0,0,0,0,0,0,-18.55000114440918,1,0,0,0,0,0,0,0,0,0,0,1000
323,10,2,3000,500,1000,0,0,0,0,0,0,0,0,0,0,-18.55000114440918,1,0,0,0,0,0,0,0,0,0,0,1000
324,10,3,3000,500,1000,0,0,0,0,0,0,0,0,0,0,-18.55000114440918,1,0,0,0,0,0,0,0,0,0,0,1000
325,1010,1,3000,500,1000,0,0,0,0,0,0,0,0,0,0,-18.55000114440918,1,0,0,0,0,0,0,0,0,0,0,1000
326,1010,2,3000,500,1000,0,0,0,0,0,0,0,0,0,0,-18.55000114440918,1,0,0,0,0,0,0,0,0,0,0,1000
327,1010,3,3000,500,1000,0,0,0,0,0,0,0,0,0,0,-18.55000114440918,1,0,0,0,0,0,0,0,0,0,0,1000
328,1010,4,3000,500,1000,0,0,0,0,0,0,0,0,0,0,-16.55000114440918,1,0,0,0,0,0,0,0,0,-5.199999809265137,0,1000
329,1010,5,3000,500,1000,0,0,0,0,0,0,0,0,0,0,-14.55000114440918,1,0,0,0,0,0,0,0,0,-9.899999618530273,0,1000
330,1010,6,3000,500,1000,0,0,0,0,0,0,0,0,0,0,-12.55000114440918,1,0,0,0,0,0,0,0,0,-14.09999942779541,0,1000
331,1010,7,3000,500,1000,0,0,0,0,0,0,0,0,0,0,-10.55000114440918,1,0,0,0,0,0,0,0,0,-17.799999237060547,0,1000
332,1010,8,3000,500,1000,0,0,0,0,0,0,0,0,0,0,-8.55000114440918,1,0,0,0,0,0,0,0,0,-21,0,1000
333,1010,9,3000,500,1000,0,0,0,0,0,0,0,0,0,0,-6.55000114440918,1,0,0,0,0,0,0,0,0,-23.700000762939453,0,1000
334,1010,9,4030,500,933,0,0,0,0,0,0,0,0,0,0,-6.55000114440918,1,0,0,0,0,0,0,0,0,-23.700000762939453,0,2018
335,1010,9,4030,500,933,0,0,0,0,0,0,0,0,0,0,-6.55000114440918,1,0,0,0,0,0,0,0,0,-23.700000762939453,0,2018
336,1010,9,4030,500,933,0,0,0,0,0,0,0,0,0,0,-6.55000114440918,1,0,0,0,0,0,0,0,0,-23.700000762939453,0,2018
337,1010,9,4030,500,933,0,0,0,0,0,0,0,0,0,0,-6.55000114440918,1,0,0,0,0,0,0,0,0,-23.700000762939453,0,2018
338,1010,9,4030,500,933,0,0,0,0,0,0,0,0,0,0,-6.55000114440918,1,0,0,0,0,0,0,0,0,-23.700000762939453,0,2018
339,1010,9,4030,500,933,0,0,0,0,0,0,0,0,0,0,-6.55000114440918,1,0,0,0,0,0,0,0,0,-23.700000762939453,0,2018
340,1010,10,4030,500,933,0,0,0,0,0,0,0,0,0,0,-4.55000114440918,1,0,0,0,0,0,0,0,0,-25.900001525878906,0,2018
341,1010,11,4030,500,933,0,0,0,0,0,0,0,0,0,0,-2.5500011444091797,1,0,0,0,0,0,0,0,0,-27.60000228881836,0,2018
342,1010,12,4030,500,933,0,0,0,0,0,0,0,0,0,0,-0.5500011444091797,1,0,0,0,0,0,0,0,0,-28.800003051757812,0,2018
343,1010,13,4030,500,933,0,0,0,0,0,0,0,0,0,0,1.4499988555908203,1,0,0,0,0,0,0,0,0,-29.500003814697266,0,2018
344,1010,14,4030,500,933,0,0,0,0,0,0,0,0,0,0,3.4499988555908203,1,0,0,0,0,0,0,0,0,-29.70000457763672,0,2018
345,1010,15,4030,500,933,0,0,0,0,0,0,0,0,0,0,5.44999885559082,1,0,0,0,0,0,0,0,0,-29.400005340576172,0,2018
346,1010,16,4030,500,933,0,0,0,0,0,0,0,0,0,0,7.44999885559082,1,0,0,0,0,0,0,0,0,-28.600006103515625,0,2018
347,1010,17,4030,500,933,0,0,0,0,0,0,0,0,0,0,9.44999885559082,1,0,0,0,0,0,0,0,0,-27.300006866455078,0,2018
348,1010,18,4030,500,933,0,0,0,0,0,0,0,0,0,0,11.44999885559082,1,0,0,0,0,0,0,0,0,-25.50000762939453,0,2018
349,1010,19,4030,500,933,0,0,0,0,0,0,0,0,0,0,13.44999885559082,1,0,0,0,0,0,0,0,0,-23.200008392333984,0,2018
350,1010,20,4030,500,933,0,0,0,0,0,0,0,0,0,0,15.44999885559082,1,0,0,0,0,0,0,0,0,-20.400009155273438,0,2018
351,1010,21,4030,500,933,0,0,0,0,0,0,0,0,0,0,17.44999885559082,1,0,0,0,0,0,0,0,0,-17.10000991821289,0,2018
352,1010,22,4030,500,933,0,0,0,0,0,0,0,0,0,0,19.44999885559082,1,0,0,0,0,0,0,0,0,-13.300009727478027,0,2018
353,1010,23,4030,500,933,0,0,0,0,0,0,0,0,0,0,21.44999885559082,1,0,0,0,0,0,0,0,0,-9.000009536743164,0,2018
354,1010,24,4030,500,933,0,0,0,0,0,0,0,0,0,0,23.44999885559082,1,0,0,0,0,0,0,0,0,-4.200009346008301,0,2018
355,1010,25,4030,500,933,0,0,0,0,0,0,0,0,0,0,25.44999885559082,1,0,0,0,0,0,0,0,0,1.0999908447265625,0,2018
356,1010,26,4030,500,933,0,0,0,0,0,0,0,0,0,0,27.44999885559082,1,0,0,0,0,0,0,0,0,6.899991035461426,0,2018
357,1010,27,4030,500,933,0,0,0,0,0,0,0,0,0,0,27.44999885559082,1,0,0,0,0,0,0,0,0,0,0,2018
358,1010,28,4030,500,933,0,0,0,0,0,0,0,0,0,0,27.44999885559082,1,0,0,0,0,0,0,0,0,0,0,2018
359,1010,29,4030,500,933,0,0,0,0,0,0,0,0,0,0,27.44999885559082,1,0,0,0,0,0,0,0,0,0,0,2018
360,1010,30,4030,500,933,0,0,0,0,0,0,0,0,0,0,27.44999885559082,1,0,0,0,0,0,0,0,0,0,0,2018
361,1010,31,4030,500,933,0,0,0,0,0,0,0,0,0,0,27.44999885559082,1,0,0,0,0,0,0,0,0,0,0,2018
362,1010,32,4030,500,933,0,0,0,0,0,0,0,0,0,0,27.44999885559082,1,0,0,0,0,0,0,0,0,0,0,2018
363,1010,33,4030,500,933,0,0,0,0,0,0,0,0,0,0,27.44999885559082,1,0,0,0,0,0,0,0,0,0,0,2018
364,1010,34,4030,500,933,0,0,0,0,0,0,0,0,0,0,24.44999885559082,1,0,0,0,0,0,0,0,0,0,0,2018
365,1010,35,4030,500,933,0,0,0,0,0,0,0,0,0,0,20.44999885559082,1,0,0,0,3,0,0,0,0,0,0,2018
366,1010,36,4030,500,933,0,0,0,0,0,0,0,0,0,0,16.44999885559082,1,0,0,0,7,0,0,0,0,0,0,2018
367,1010,37,4030,500,933,0,0,0,0,0,0,0,0,0,0,12.44999885559082,1,0,0,0,11,0,0,0,0,0,0,2018
368,1010,38,4030,500,933,0,0,0,0,0,0,0,0,0,0,8.44999885559082,1,0,0,0,15,0,0,0,0,0,0,2018
369,0,1,4030,500,933,0,0,0,0,0,0,0,0,0,0,4.44999885559082,1,0,0,0,19,0,0,0,0,0,0,2018
370,0,2,4030,500,933,0,0,0,0,0,0,0,0,0,0,0.4499988555908203,1,0,0,0,23,0,0,0,0,0,0,2018
371,0,3,4030,500,933,0,0,0,0,0,0,0,0,0,0,-3.5500011444091797,1,0,0,0,27,0,0,0,0,0,0,2018
372,0,4,4030,500,933,0,0,0,0,0,0,0,0,0,0,-7.55000114440918,1,0,0,0,31,0,0,0,0,0,0,2018
373,0,5,4030,500,933,0,0,0,0,0,0,0,0,0,0,-11.55000114440918,1,0,0,0,35,0,0,0,0,0,0,2018
374,0,6,4030,500,933,0,0,0,0,0,0,0,0,0,0,-15.55000114440918,1,0,0,0,39,0,0,0,0,0,0,2018
375,0,7,4030,500,933,0,0,0,0,0,0,0,0,0,0,-19.55000114440918,1,0,0,0,43,0,0,0,0,0,0,2018
376,0,8,4030,500,933,0,0,0,0,0,0,0,0,0,0,-23.55000114440918,1,0,0,0,47,0,0,0,0,0,0,2018
377,0,9,4030,500,933,0,0,0,0,0,0,0,0,0,0,-27.55000114440918,1,0,0,0,51,0,0,0,0,0,0,2018
378,0,10,4030,500,933,0,0,0,0,0,0,0,0,0,0,-31.55000114440918,1,0,0,0,55,0,0,0,0,0,0,2018
379,0,11,4030,500,933,0,0,0,0,0,0,0,0,0,0,-35.55000305175781,1,0,0,0,59,0,0,0,0,0,0,2018
380,0,12,4030,500,933,0,0,0,0,0,0,0,0,0,0,-39.55000305175781,1,0,0,0,63,0,0,0,0,0,0,2018
381,0,13,4030,500,933,0,0,0,0,0,0,0,0,0,0,-43.55000305175781,1,0,0,0,67,0,0,0,0,0,0,2018
382,0,14,4030,500,933,0,0,0,0,0,0,0,0,0,0,-47.55000305175781,1,0,0,0,71,0,0,0,0,0,0,2018
383,0,15,4030,500,933,0,0,0,0,0,0,0,0,0,0,-51.55000305175781,1,0,0,0,75,0,0,0,0,0,0,2018
384,0,16,4030,500,933,0,0,0,0,0,0,0,0,0,0,-55.55000305175781,1,0,0,0,79,0,0,0,0,0,0,2018
385,0,17,4030,500,933,0,0,0,0,0,0,0,0,0,0,-59.55000305175781,1,0,0,0,83,0,0,0,0,0,0,2018
386,0,18,4030,500,933,0,0,0,0,0,0,0,0,0,0,-63.55000305175781,1,0,0,0,87,0,0,0,0,0,0,2018
387,0,19,4030,500,933,0,0,0,0,0,0,0,0,0,0,-67.55000305175781,1,0,0,0,91,0,0,0,0,0,0,2018
388,0,20,4030,500,933,0,0,0,0,0,0,0,0,0,0,-67.55000305175781,1,0,0,0,95,0,0,0,0,0,0,2018
389,0,21,4030,500,933,0,0,0,0,0,0,0,0,0,0,-67.55000305175781,1,0,0,0,95,0,0,0,0,0,0,2018
390,0,22,4030,500,933,0,0,0,0,0,0,0,0,0,0,-67.55000305175781,1,0,0,0,95,0,0,0,0,0,0,2018
391,0,23,4030,500,933,0,0,0,0,0,0,0,0,0,0,-67.55000305175781,1,0,0,0,95,0,0,0,0,0,0,2018
392,0,24,4030,500,933,0,0,0,0,0,0,0,0,0,0,-67.55000305175781,1,0,0,0,95,0,0,0,0,0,0,2018
393,0,25,4030,500,933,0,0,0,0,0,0,0,0,0,0,-67.55000305175781,1,0,0,0,95,0,0,0,0,0,0,2018
394,0,26,4030,500,933,0,0,0,0,0,0,0,0,0,0,-67.55000305175781,1,0,0,0,95,0,0,0,0,0,0,2018
395,0,27,4030,500,933,0,0,0,0,0,0,0,0,0,0,-67.55000305175781,1,0,0,0,95,0,0,0,0,0,0,2018
396,0,28,4030,500,933,0,0,0,0,0,0,0,0,0,0,-70.55000305175781,1,0,0,0,95,0,0,0,0,0,0,2018
397,0,29,4030,500,933,0,0,0,0,0,0,0,0,0,0,-73.55000305175781,1,0,0,0,98,0,0,0,0,0,0,2018
398,0,30,4030,500,933,0,0,0,0,0,0,0,0,0,0,-76.55000305175781,1,0,0,0,101,0,0,0,0,0,0,2018
399,0,31,4030,500,933,0,0,0,0,0,0,0,0,0,0,-79.55000305175781,1,0,0,0,104,0,0,0,0,0,0,2018
400,0,32,4030,500,933,0,0,0,0,0,0,0,0,0,0,-82.55000305175781,1,0,0,0,107,0,0,0,0,0,0,2018
401,0,33,4030,500,933,0,0,0,0,0,0,0,0,0,0,-85.55000305175781,1,0,0,0,110,0,0,0,0,0,0,2018
402,0,34,4030,500,933,0,0,0,0,0,0,0,0,0,0,-88.55000305175781,1,0,0,0,113,0,0,0,0,0,0,2018
403,0,35,4030,500,933,0,0,0,0,0,0,0,0,0,0,-91.55000305175781,1,0,0,0,116,0,0,0,0,0,0,2018
404,0,36,4030,500,933,0,0,0,0,0,0,0,0,0,0,-94.55000305175781,1,0,0,0,119,0,0,0,0,0,0,2018
405,0,37,4030,500,933,0,0,0,0,0,0,0,0,0,0,-97.55000305175781,1,0,0,0,122,0,0,0,0,0,0,2018
406,0,38,4030,500,933,0,0,0,0,0,0,0,0,0,0,-100.55000305175781,1,0,0,0,125,0,0,0,0,0,0,2018
407,0,39,4030,500,933,0,0,0,0,0,0,0,0,0,0,-103.55000305175781,1,0,0,0,128,0,0,0,0,0,0,2018
408,0,40,4030,500,933,0,0,0,0,0,0,0,0,0,0,-106.55000305175781,1,0,0,0,131,0,0,0,0,0,0,2018
409,0,41,4030,500,933,0,0,0,0,0,0,0,0,0,0,-109.55000305175781,1,0,0,0,134,0,0,0,0,0,0,2018
410,0,42,4030,500,933,0,0,0,0,0,0,0,0,0,0,-111.30000305175781,1,0,0,0,137,0,0,0,0,0,0,2018
411,0,43,4030,500,933,0,0,0,0,0,0,0,0,0,0,-112.80000305175781,1,0,0,0,138.75,0,0,0,0,0,0,2018
412,0,44,4030,500,933,0,0,0,0,0,0,0,0,0,0,-114.30000305175781,1,0,0,0,140.25,0,0,0,0,0,0,2018
413,0,45,4030,500,933,0,0,0,0,0,0,0,0,0,0,-115.80000305175781,1,0,0,0,141.75,0,0,0,0,0,0,2018
414,0,46,4030,500,933,0,0,0,0,0,0,0,0,0,0,-117.30000305175781,1,0,0,0,143.25,0,0,0,0,0,0,2018
415,0,47,4030,500,933,0,0,0,0,0,0,0,0,0,0,-118.80000305175781,1,0,0,0,144.75,0,0,0,0,0,0,2018
416,0,48,4030,500,933,0,0,0,0,0,0,0,0,0,0,-120.05000305175781,1,0,0,0,146.25,0,0,0,0,0,0,2018
417,0,49,4030,500,933,0,0,0,0,0,0,0,0,0,0,-121.05000305175781,1,0,0,0,147.5,0,0,0,0,0,0,2018
418,0,50,4030,500,933,0,0,0,0,0,0,0,0,0,0,-122.05000305175781,1,0,0,0,148.5,0,0,0,0,0,0,2018
419,0,51,4030,500,933,0,0,0,0,0,0,0,0,0,0,-122.80000305175781,1,0,0,0,149.5,0,0,0,0,0,0,2018
420,0,52,4030,500,933,0,0,0,0,0,0,0,0,0,0,-123.55000305175781,1,0,0,0,150.25,0,0,0,0,0,0,2018
421,0,53,4030,500,933,0,0,0,0,0,0,0,0,0,0,-124.05000305175781,1,0,0,0,151,0,0,0,0,0,0,2018
422,0,54,4030,500,933,0,0,0,0,0,0,0,0,0,0,-124.55000305175781,1,0,0,0,151.5,0,0,0,0,0,0,2018
423,0,55,4030,500,933,0,0,0,0,0,0,0,0,0,0,-125.05000305175781,1,0,0,0,152,0,0,0,0,0,0,2018
424,0,56,4030,500,933,0,0,0,0,0,0,0,0,0,0,-125.30000305175781,1,0,0,0,152.5,0,0,0,0,0,0,2018
425,0,57,4030,500,933,0,0,0,0,0,0,0,0,0,0,-125.55000305175781,1,0,0,0,152.75,0,0,0,0,0,0,2018
426,0,58,4030,500,933,0,0,0,0,0,0,0,0,0,0,-125.80000305175781,1,0,0,0,153,0,0,0,0,0,0,2018
427,0,59,4030,500,933,0,0,0,0,0,0,0,0,0,0,-126.05000305175781,1,0,0,0,153.25,0,0,0,0,0,0,2018
428,0,60,4030,500,933,0,0,0,0,0,0,0,0,0,0,-126.30000305175781,1,0,0,0,153.5,0,0,0,0,0,0,2018
429,0,61,4030,500,933,0,0,0,0,0,0,0,0,0,0,-126.30000305175781,1,0,0,0,153.75,0,0,0,0,0,0,2018
430,0,62,4030,500,933,0,0,0,0,0,0,0,0,0,0,-126.55000305175781,1,0,0,0,153.75,0,0,0,0,0,0,2018
431,0,63,4030,500,933,0,0,0,0,0,0,0,0,0,0,-126.55000305175781,1,0,0,0,154,0,0,0,0,0,0,2018
432,0,64,4030,500,933,0,0,0,0,0,0,0,0,0,0,-126.80000305175781,1,0,0,0,154,0,0,0,0,0,0,2018
433,0,65,4030,500,933,0,0,0,0,0,0,0,0,0,0,-126.80000305175781,1,0,0,0,154.25,0,0,0,0,0,0,2018
434,0,66,4030,500,933,0,0,0,0,0,0,0,0,0,0,-126.80000305175781,1,0,0,0,154.25,0,0,0,0,0,0,2018
435,0,67,4030,500,933,0,0,0,0,0,0,0,0,0,0,-126.80000305175781,1,0,0,0,154.25,0,0,0,0,0,0,2018
436,0,68,4030,500,933,0,0,0,0,0,0,0,0,0,0,-126.80000305175781,1,0,0,0,154.25,0,0,0,0,0,0,2018
437,0,69,4030,500,933,0,0,0,0,0,0,0,0,0,0,-126.80000305175781,1,0,0,0,154.25,0,0,0,0,0,0,2018
438,0,70,4030,500,933,0,0,0,0,0,0,0,0,0,0,-126.80000305175781,1,0,0,0,154.25,0,0,0,0,0,0,2018
439,0,71,4030,500,933,0,0,0,0,0,0,0,0,0,0,-126.80000305175781,1,0,0,0,154.25,0,0,0,0,0,0,2018
440,0,72,4030,500,933,0,0,0,0,0,0,0,0,0,0,-126.80000305175781,1,0,0,0,154.25,0,0,0,0,0,0,2018
441,0,73,4030,500,933,0,0,0,0,0,0,0,0,0,0,-126.80000305175781,1,0,0,0,154.25,0,0,0,0,0,0,2018
442,0,74,4030,500,933,0,0,0,0,0,0,0,0,0,0,-126.80000305175781,1,0,0,0,154.25,0,0,0,0,0,0,2018
443,0,75,4030,500,933,0,0,0,0,0,0,0,0,0,0,-126.80000305175781,1,0,0,0,154.25,0,0,0,0,0,0,2018
444,0,76,4030,500,933,0,0,0,0,0,0,0,0,0,0,-126.80000305175781,1,0,0,0,154.25,0,0,0,0,0,0,2018
445,0,77,4030,500,933,0,0,0,0,0,0,0,0,0,0,-126.80000305175781,1,0,0,0,154.25,0,0,0,0,0,0,2018
446,0,78,4030,500,933,0,0,0,0,0,0,0,0,0,0,-126.80000305175781,1,0,0,0,154.25,0,0,0,0,0,0,2018
447,0,79,4030,500,933,0,0,0,0,0,0,0,0,0,0,-126.80000305175781,1,0,0,0,154.25,0,0,0,0,0,0,2018
448,0,80,4030,500,933,0,0,0,0,0,0,0,0,0,0,-126.80000305175781,1,0,0,0,154.25,0,0,0,0,0,0,2018
449,0,81,4030,500,933,0,0,0,0,0,0,0,0,0,0,-126.80000305175781,1,0,0,0,154.25,0,0,0,0,0,0,2018
450,0,82,4030,500,933,0,0,0,0,0,0,0,0,0,0,-126.80000305175781,1,0,0,0,154.25,0,0,0,0,0,0,2018
451,0,83,4030,500,933,0,0,0,0,0,0,0,0,0,0,-126.80000305175781,1,0,0,0,154.25,0,0,0,0,0,0,2018
452,0,84,4030,500,933,0,0,0,0,0,0,0,0,0,0,-126.80000305175781,1,0,0,0,154.25,0,0,0,0,0,0,2018
453,0,85,4030,500,933,0,0,0,0,0,0,0,0,0,0,-126.80000305175781,1,0,0,0,154.25,0,0,0,0,0,0,2018
454,0,86,4030,500,933,0,0,0,0,0,0,0,0,0,0,-126.80000305175781,1,0,0,0,154.25,0,0,0,0,0,0,2018
455,0,87,4030,500,933,0,0,0,0,0,0,0,0,0,0,-126.80000305175781,1,0,0,0,154.25,0,0,0,0,0,0,2018
456,0,88,4030,500,933,0,0,0,0,0,0,0,0,0,0,-126.80000305175781,1,0,0,0,154.25,0,0,0,0,0,0,2018
457,0,89,4030,500,933,0,0,0,0,0,0,0,0,0,0,-126.80000305175781,1,0,0,0,154.25,0,0,0,0,0,0,2018
458,0,90,4030,500,933,0,0,0,0,0,0,0,0,0,0,-126.80000305175781,1,0,0,0,154.25,0,0,0,0,0,0,2018
459,0,91,4030,500,933,0,0,0,0,0,0,0,0,0,0,-126.80000305175781,1,0,0,0,154.25,0,0,0,0,0,0,2018
460,0,92,4030,500,933,0,0,0,0,0,0,0,0,0,0,-126.80000305175781,1,0,0,0,154.25,0,0,0,0,0,0,2018
461,0,93,4030,500,933,0,0,0,0,0,0,0,0,0,0,-126.80000305175781,1,0,0,0,154.25,0,0,0,0,0,0,2018
462,0,94,4030,500,933,0,0,0,0,0,0,0,0,0,0,-126.80000305175781,1,0,0,0,154.25,0,0,0,0,0,0,2018
463,0,95,4030,500,933,0,0,0,0,0,0,0,0,0,0,-126.80000305175781,1,0,0,0,154.25,0,0,0,0,0,0,2018
464,0,96,4030,500,933,0,0,0,0,0,0,0,0,0,0,-126.80000305175781,1,0,0,0,154.25,0,0,0,0,0,0,2018
465,0,97,4030,500,933,0,0,0,0,0,0,0,0,0,0,-126.80000305175781,1,0,0,0,154.25,0,0,0,0,0,0,2018
466,0,98,4030,500,933,0,0,0,0,0,0,0,0,0,0,-126.80000305175781,1,0,0,0,154.25,0,0,0,0,0,0,2018
467,0,99,4030,500,933,0,0,0,0,0,0,0,0,0,0,-126.80000305175781,1,0,0,0,154.25,0,0,0,0,0,0,2018
468,0,100,4030,500,933,0,0,0,0,0,0,0,0,0,0,-126.80000305175781,1,0,0,0,154.25,0,0,0,0,0,0,2018
469,0,101,4030,500,933,0,0,0,0,0,0,0,0,0,0,-126.80000305175781,1,0,0,0,154.25,0,0,0,0,0,0,2018
470,0,102,4030,500,933,0,0,0,0,0,0,0,0,0,0,-126.80000305175781,1,0,0,0,154.25,0,0,0,0,0,0,2018
471,0,103,4030,500,933,0,0,0,0,0,0,0,0,0,0,-126.80000305175781,1,0,0,0,154.25,0,0,0,0,0,0,2018
472,0,104,4030,500,933,0,0,0,0,0,0,0,0,0,0,-126.80000305175781,1,0,0,0,154.25,0,0,0,0,0,0,2018
473,0,105,4030,500,933,0,0,0,0,0,0,0,0,0,0,-126.80000305175781,1,0,0,0,154.25,0,0,0,0,0,0,2018
474,0,106,4030,500,933,0,0,0,0,0,0,0,0,0,0,-126.80000305175781,1,0,0,0,154.25,0,0,0,0,0,0,2018
475,0,107,4030,500,933,0,0,0,0,0,0,0,0,0,0,-126.80000305175781,1,0,0,0,154.25,0,0,0,0,0,0,2018
476,0,108,4030,500,933,0,0,0,0,0,0,0,0,0,0,-126.80000305175781,1,0,0,0,154.25,0,0,0,0,0,0,2018
477,0,109,4030,500,933,0,0,0,0,0,0,0,0,0,0,-126.80000305175781,1,0,0,0,154.25,0,0,0,0,0,0,2018
478,0,110,4030,500,933,0,0,0,0,0,0,0,0,0,0,-126.80000305175781,1,0,0,0,154.25,0,0,0,0,0,0,2018
479,0,111,4030,500,933,0,0,0,0,0,0,0,0,0,0,-126.80000305175781,1,0,0,0,154.25,0,0,0,0,0,0,2018
480,0,112,4030,500,933,0,0,0,0,0,0,0,0,0,0,-126.80000305175781,1,0,0,0,154.25,0,0,0,0,0,0,2018
481,0,113,4030,500,933,0,0,0,0,0,0,0,0,0,0,-126.80000305175781,1,0,0,0,154.25,0,0,0,0,0,0,2018
482,0,114,4030,500,933,0,0,0,0,0,0,0,0,0,0,-126.80000305175781,1,0,0,0,154.25,0,0,0,0,0,0,2018
483,0,115,4030,500,933,0,0,0,0,0,0,0,0,0,0,-126.80000305175781,1,0,0,0,154.25,0,0,0,0,0,0,2018
484,0,116,4030,500,933,0,0,0,0,0,0,0,0,0,0,-126.80000305175781,1,0,0,0,154.25,0,0,0,0,0,0,2018
485,0,117,4030,500,933,0,0,0,0,0,0,0,0,0,0,-126.80000305175781,1,0,0,0,154.25,0,0,0,0,0,0,2018
486,0,118,4030,500,933,0,0,0,0,0,0,0,0,0,0,-126.80000305175781,1,0,0,0,154.25,0,0,0,0,0,0,2018
487,0,119,4030,500,933,0,0,0,0,0,0,0,0,0,0,-126.80000305175781,1,0,0,0,154.25,0,0,0,0,0,0,2018
488,0,120,4030,500,933,0,0,0,0,0,0,0,0,0,0,-126.80000305175781,1,0,0,0,154.25,0,0,0,0,0,0,2018
489,0,121,4030,500,933,0,0,0,0,0,0,0,0,0,0,-126.80000305175781,1,0,0,0,154.25,0,0,0,0,0,0,2018
490,0,122,4030,500,933,0,0,0,0,0,0,0,0,0,0,-126.80000305175781,1,0,0,0,154.25,0,0,0,0,0,0,2018
491,0,123,4030,500,933,0,0,0,0,0,0,0,0,0,0,-126.80000305175781,1,0,0,0,154.25,0,0,0,0,0,0,2018
492,0,124,4030,500,933,0,0,0,0,0,0,0,0,0,0,-126.80000305175781,1,0,0,0,154.25,0,0,0,0,0,0,2018
493,0,125,4030,500,933,0,0,0,0,0,0,0,0,0,0,-126.80000305175781,1,0,0,0,154.25,0,0,0,0,0,0,2018
494,0,126,4030,500,933,0,0,0,0,0,0,0,0,0,0,-126.80000305175781,1,0,0,0,154.25,0,0,0,0,0,0,2018
495,0,127,4030,500,933,0,0,0,0,0,0,0,0,0,0,-126.80000305175781,1,0,0,0,154.25,0,0,0,0,0,0,2018
496,0,128,4030,500,933,0,0,0,0,0,0,0,0,0,0,-126.80000305175781,1,0,0,0,154.25,0,0,0,0,0,0,2018
497,0,129,4030,500,933,0,0,0,0,0,0,0,0,0,0,-126.80000305175781,1,0,0,0,154.25,0,0,0,0,0,0,2018
498,0,130,4030,500,933,0,0,0,0,0,0,0,0,0,0,-126.80000305175781,1,0,0,0,154.25,0,0,0,0,0,0,2018
499,0,131,4030,500,933,0,0,0,0,0,0,0,0,0,0,-126.80000305175781,1,0,0,0,154.25,0,0,0,0,0,0,2018
500,0,132,4030,500,933,0,0,0,0,0,0,0,0,0,0,-126.80000305175781,1,0,0,0,154.25,0,0,0,0,0,0,2018
501,0,133,4030,500,933,0,0,0,0,0,0,0,0,0,0,-126.80000305175781,1,0,0,0,154.25,0,0,0,0,0,0,2018
502,0,134,4030,500,933,0,0,0,0,0,0,0,0,0,0,-126.80000305175781,1,0,0,0,154.25,0,0,0,0,0,0,2018
503,0,135,4030,500,933,0,0,0,0,0,0,0,0,0,0,-126.80000305175781,1,0,0,0,154.25,0,0,0,0,0,0,2018
504,0,136,4030,500,933,0,0,0,0,0,0,0,0,0,0,-126.80000305175781,1,0,0,0,154.25,0,0,0,0,0,0,2018
505,0,137,4030,500,933,0,0,0,0,0,0,0,0,0,0,-126.80000305175781,1,0,0,0,154.25,0,0,0,0,0,0,2018
506,0,138,4030,500,933,0,0,0,0,0,0,0,0,0,0,-126.80000305175781,1,0,0,0,154.25,0,0,0,0,0,0,2018
507,0,139,4030,500,933,0,0,0,0,0,0,0,0,0,0,-126.80000305175781,1,0,0,0,154.25,0,0,0,0,0,0,2018
508,0,140,4030,500,933,0,0,0,0,0,0,0,0,0,0,-126.80000305175781,1,0,0,0,154.25,0,0,0,0,0,0,2018
509,0,141,4030,500,933,0,0,0,0,0,0,0,0,0,0,-126.80000305175781,1,0,0,0,154.25,0,0,0,0,0,0,2018
510,0,142,4030,500,933,0,0,0,0,0,0,0,0,0,0,-126.80000305175781,1,0,0,0,154.25,0,0,0,0,0,0,2018
511,0,143,4030,500,933,0,0,0,0,0,0,0,0,0,0,-126.80000305175781,1,0,0,0,154.25,0,0,0,0,0,0,2018
512,0,144,4030,500,933,0,0,0,0,0,0,0,0,0,0,-126.80000305175781,1,0,0,0,154.25,0,0,0,0,0,0,2018
513,0,145,4030,500,933,0,0,0,0,0,0,0,0,0,0,-126.80000305175781,1,0,0,0,154.25,0,0,0,0,0,0,2018
514,0,146,4030,500,933,0,0,0,0,0,0,0,0,0,0,-126.80000305175781,1,0,0,0,154.25,0,0,0,0,0,0,2018
515,0,147,4030,500,933,0,0,0,0,0,0,0,0,0,0,-126.80000305175781,1,0,0,0,154.25,0,0,0,0,0,0,2018
516,0,148,4030,500,933,0,0,0,0,0,0,0,0,0,0,-126.80000305175781,1,0,0,0,154.25,0,0,0,0,0,0,2018
517,0,149,4030,500,933,0,0,0,0,0,0,0,0,0,0,-126.80000305175781,1,0,0,0,154.25,0,0,0,0,0,0,2018
518,0,150,4030,500,933,0,0,0,0,0,0,0,0,0,0,-126.80000305175781,1,0,0,0,154.25,0,0,0,0,0,0,2018
519,0,151,4030,500,933,0,0,0,0,0,0,0,0,0,0,-126.80000305175781,1,0,0,0,154.25,0,0,0,0,0,0,2018
520,0,152,4030,500,933,0,0,0,0,0,0,0,0,0,0,-126.80000305175781,1,0,0,0,154.25,0,0,0,0,0,0,2018
521,0,153,4030,500,933,0,0,0,0,0,0,0,0,0,0,-126.80000305175781,1,0,0,0,154.25,0,0,0,0,0,0,2018
522,0,154,4030,500,933,0,0,0,0,0,0,0,0,0,0,-126.80000305175781,1,0,0,0,154.25,0,0,0,0,0,0,2018
523,0,155,4030,500,933,0,0,0,0,0,0,0,0,0,0,-126.80000305175781,1,0,0,0,154.25,0,0,0,0,0,0,2018
524,0,156,4030,500,933,0,0,0,0,0,0,0,0,0,0,-126.80000305175781,1,0,0,0,154.25,0,0,0,0,0,0,2018
525,0,157,4030,500,933,0,0,0,0,0,0,0,0,0,0,-126.80000305175781,1,0,0,0,154.25,0,0,0,0,0,0,2018
526,0,158,4030,500,933,0,0,0,0,0,0,0,0,0,0,-126.80000305175781,1,0,0,0,154.25,0,0,0,0,0,0,2018
527,0,159,4030,500,933,0,0,0,0,0,0,0,0,0,0,-126.80000305175781,1,0,0,0,154.25,0,0,0,0,0,0,2018
528,0,160,4030,500,933,0,0,0,0,0,0,0,0,0,0,-126.80000305175781,1,0,0,0,154.25,0,0,0,0,0,0,2018
529,0,161,4030,500,933,0,0,0,0,0,0,0,0,0,0,-126.80000305175781,1,0,0,0,154.25,0,0,0,0,0,0,2018
530,0,162,4030,500,933,0,0,0,0,0,0,0,0,0,0,-126.80000305175781,1,0,0,0,154.25,0,0,0,0,0,0,2018
531,0,163,4030,500,933,0,0,0,0,0,0,0,0,0,0,-126.80000305175781,1,0,0,0,154.25,0,0,0,0,0,0,2018
532,0,164,4030,500,933,0,0,0,0,0,0,0,0,0,0,-126.80000305175781,1,0,0,0,154.25,0,0,0,0,0,0,2018
533,0,165,4030,500,933,0,0,0,0,0,0,0,0,0,0,-126.80000305175781,1,0,0,0,154.25,0,0,0,0,0,0,2018
534,0,166,4030,500,933,0,0,0,0,0,0,0,0,0,0,-126.80000305175781,1,0,0,0,154.25,0,0,0,0,0,0,2018
535,0,167,4030,500,933,0,0,0,0,0,0,0,0,0,0,-126.80000305175781,1,0,0,0,154.25,0,0,0,0,0,0,2018
536,0,168,4030,500,933,0,0,0,0,0,0,0,0,0,0,-126.80000305175781,1,0,0,0,154.25,0,0,0,0,0,0,2018
537,0,169,4030,500,933,0,0,0,0,0,0,0,0,0,0,-126.80000305175781,1,0,0,0,154.25,0,0,0,0,0,0,2018
538,0,170,4030,500,933,0,0,0,0,0,0,0,0,0,0,-126.80000305175781,1,0,0,0,154.25,0,0,0,0,0,0,2018
539,0,171,4030,500,933,0,0,0,0,0,0,0,0,0,0,-126.80000305175781,1,0,0,0,154.25,0,0,0,0,0,0,2018
540,0,172,4030,500,933,0,0,0,0,0,0,0,0,0,0,-126.80000305175781,1,0,0,0,154.25,0,0,0,0,0,0,2018
541,0,173,4030,500,933,0,0,0,0,0,0,0,0,0,0,-126.80000305175781,1,0,0,0,154.25,0,0,0,0,0,0,2018
542,0,174,4030,500,933,0,0,0,0,0,0,0,0,0,0,-126.80000305175781,1,0,0,0,154.25,0,0,0,0,0,0,2018
543,0,175,4030,500,933,0,0,0,0,0,0,0,0,0,0,-126.80000305175781,1,0,0,0,154.25,0,0,0,0,0,0,2018
544,0,176,4030,500,933,0,0,0,0,0,0,0,0,0,0,-126.80000305175781,1,0,0,0,154.25,0,0,0,0,0,0,2018
545,0,177,4030,500,933,0,0,0,0,0,0,0,0,0,0,-126.80000305175781,1,0,0,0,154.25,0,0,0,0,0,0,2018
546,0,178,4030,500,933,0,0,0,0,0,0,0,0,0,0,-126.80000305175781,1,0,0,0,154.25,0,0,0,0,0,0,2018
547,0,179,4030,500,933,0,0,0,0,0,0,0,0,0,0,-126.80000305175781,1,0,0,0,154.25,0,0,0,0,0,0,2018
548,0,180,4030,500,933,0,0,0,0,0,0,0,0,0,0,-126.80000305175781,1,0,0,0,154.25,0,0,0,0,0,0,2018
549,0,181,4030,500,933,0,0,0,0,0,0,0,0,0,0,-126.80000305175781,1,0,0,0,154.25,0,0,0,0,0,0,2018
550,0,182,4030,500,933,0,0,0,0,0,0,0,0,0,0,-126.80000305175781,1,0,0,0,154.25,0,0,0,0,0,0,2018
551,0,183,4030,500,933,0,0,0,0,0,0,0,0,0,0,-126.80000305175781,1,0,0,0,154.25,0,0,0,0,0,0,2018
552,0,184,4030,500,933,0,0,0,0,0,0,0,0,0,0,-126.80000305175781,1,0,0,0,154.25,0,0,0,0,0,0,2018
553,0,185,4030,500,933,0,0,0,0,0,0,0,0,0,0,-126.80000305175781,1,0,0,0,154.25,0,0,0,0,0,0,2018
554,0,186,4030,500,933,0,0,0,0,0,0,0,0,0,0,-126.80000305175781,1,0,0,0,154.25,0,0,0,0,0,0,2018
555,0,187,4030,500,933,0,0,0,0,0,0,0,0,0,0,-126.80000305175781,1,0,0,0,154.25,0,0,0,0,0,0,2018
556,0,188,4030,500,933,0,0,0,0,0,0,0,0,0,0,-126.80000305175781,1,0,0,0,154.25,0,0,0,0,0,0,2018
557,0,189,4030,500,933,0,0,0,0,0,0,0,0,0,0,-126.80000305175781,1,0,0,0,154.25,0,0,0,0,0,0,2018
558,0,190,4030,500,933,0,0,0,0,0,0,0,0,0,0,-126.80000305175781,1,0,0,0,154.25,0,0,0,0,0,0,2018
559,0,191,4030,500,933,0,0,0,0,0,0,0,0,0,0,-126.80000305175781,1,0,0,0,154.25,0,0,0,0,0,0,2018
560,0,192,4030,500,933,0,0,0,0,0,0,0,0,0,0,-126.80000305175781,1,0,0,0,154.25,0,0,0,0,0,0,2018
561,0,193,4030,500,933,0,0,0,0,0,0,0,0,0,0,-126.80000305175781,1,0,0,0,154.25,0,0,0,0,0,0,2018
562,0,194,4030,500,933,0,0,0,0,0,0,0,0,0,0,-126.80000305175781,1,0,0,0,154.25,0,0,0,0,0,0,2018
563,0,195,4030,500,933,0,0,0,0,0,0,0,0,0,0,-126.80000305175781,1,0,0,0,154.25,0,0,0,0,0,0,2018
564,0,196,4030,500,933,0,0,0,0,0,0,0,0,0,0,-126.80000305175781,1,0,0,0,154.25,0,0,0,0,0,0,2018
565,0,197,4030,500,933,0,0,0,0,0,0,0,0,0,0,-126.80000305175781,1,0,0,0,154.25,0,0,0,0,0,0,2018
566,0,198,4030,500,933,0,0,0,0,0,0,0,0,0,0,-126.80000305175781,1,0,0,0,154.25,0,0,0,0,0,0,2018
567,0,199,4030,500,933,0,0,0,0,0,0,0,0,0,0,-126.80000305175781,1,0,0,0,154.25,0,0,0,0,0,0,2018
568,0,200,4030,500,933,0,0,0,0,0,0,0,0,0,0,-126.80000305175781,1,0,0,0,154.25,0,0,0,0,0,0,2018
569,0,201,4030,500,933,0,0,0,0,0,0,0,0,0,0,-126.80000305175781,1,0,0,0,154.25,0,0,0,0,0,0,2018
570,0,202,4030,500,933,0,0,0,0,0,0,0,0,0,0,-126.80000305175781,1,0,0,0,154.25,0,0,0,0,0,0,2018
571,0,203,4030,500,933,0,0,0,0,0,0,0,0,0,0,-126.80000305175781,1,0,0,0,154.25,0,0,0,0,0,0,2018
572,0,204,4030,500,933,0,0,0,0,0,0,0,0,0,0,-126.80000305175781,1,0,0,0,154.25,0,0,0,0,0,0,2018
573,0,205,4030,500,933,0,0,0,0,0,0,0,0,0,0,-126.80000305175781,1,0,0,0,154.25,0,0,0,0,0,0,2018
574,0,206,4030,500,933,0,0,0,0,0,0,0,0,0,0,-126.80000305175781,1,0,0,0,154.25,0,0,0,0,0,0,2018
575,0,207,4030,500,933,0,0,0,0,0,0,0,0,0,0,-126.80000305175781,1,0,0,0,154.25,0,0,0,0,0,0,2018
576,0,208,4030,500,933,0,0,0,0,0,0,0,0,0,0,-126.80000305175781,1,0,0,0,154.25,0,0,0,0,0,0,2018
577,0,209,4030,500,933,0,0,0,0,0,0,0,0,0,0,-126.80000305175781,1,0,0,0,154.25,0,0,0,0,0,0,2018
578,0,210,4030,500,933,0,0,0,0,0,0,0,0,0,0,-126.80000305175781,1,0,0,0,154.25,0,0,0,0,0,0,2018
579,0,211,4030,500,933,0,0,0,0,0,0,0,0,0,0,-126.80000305175781,1,0,0,0,154.25,0,0,0,0,0,0,2018
580,0,212,4030,500,933,0,0,0,0,0,0,0,0,0,0,-126.80000305175781,1,0,0,0,154.25,0,0,0,0,0,0,2018
581,0,213,4030,500,933,0,0,0,0,0,0,0,0,0,0,-126.80000305175781,1,0,0,0,154.25,0,0,0,0,0,0,2018
582,0,214,4030,500,933,0,0,0,0,0,0,0,0,0,0,-126.80000305175781,1,0,0,0,154.25,0,0,0,0,0,0,2018
583,0,215,4030,500,933,0,0,0,0,0,0,0,0,0,0,-126.80000305175781,1,0,0,0,154.25,0,0,0,0,0,0,2018
584,0,216,4030,500,933,0,0,0,0,0,0,0,0,0,0,-126.80000305175781,1,0,0,0,154.25,0,0,0,0,0,0,2018
585,0,217,4030,500,933,0,0,0,0,0,0,0,0,0,0,-126.80000305175781,1,0,0,0,154.25,0,0,0,0,0,0,2018
586,0,218,4030,500,933,0,0,0,0,0,0,0,0,0,0,-126.80000305175781,1,0,0,0,154.25,0,0,0,0,0,0,2018
587,0,219,4030,500,933,0,0,0,0,0,0,0,0,0,0,-126.80000305175781,1,0,0,0,154.25,0,0,0,0,0,0,2018
588,0,220,4030,500,933,0,0,0,0,0,0,0,0,0,0,-126.80000305175781,1,0,0,0,154.25,0,0,0,0,0,0,2018
589,0,221,4030,500,933,0,0,0,0,0,0,0,0,0,0,-126.80000305175781,1,0,0,0,154.25,0,0,0,0,0,0,2018
590,0,222,4030,500,933,0,0,0,0,0,0,0,0,0,0,-126.80000305175781,1,0,0,0,154.25,0,0,0,0,0,0,2018
591,0,223,4030,500,933,0,0,0,0,0,0,0,0,0,0,-126.80000305175781,1,0,0,0,154.25,0,0,0,0,0,0,2018
592,0,224,4030,500,933,0,0,0,0,0,0,0,0,0,0,-126.80000305175781,1,0,0,0,154.25,0,0,0,0,0,0,2018
593,0,225,4030,500,933,0,0,0,0,0,0,0,0,0,0,-126.80000305175781,1,0,0,0,154.25,0,0,0,0,0,0,2018
594,0,226,4030,500,933,0,0,0,0,0,0,0,0,0,0,-126.80000305175781,1,0,0,0,154.25,0,0,0,0,0,0,2018
595,0,227,4030,500,933,0,0,0,0,0,0,0,0,0,0,-126.80000305175781,1,0,0,0,154.25,0,0,0,0,0,0,2018
596,0,228,4030,500,933,0,0,0,0,0,0,0,0,0,0,-126.80000305175781,1,0,0,0,154.25,0,0,0,0,0,0,2018
597,0,229,4030,500,933,0,0,0,0,0,0,0,0,0,0,-126.80000305175781,1,0,0,0,154.25,0,0,0,0,0,0,2018
598,0,230,4030,500,933,0,0,0,0,0,0,0,0,0,0,-126.80000305175781,1,0,0,0,154.25,0,0,0,0,0,0,2018
599,0,231,4030,500,933,0,0,0,0,0,0,0,0,0,0,-126.80000305175781,1,0,0,0,154.25,0,0,0,0,0,0,2018
600,0,232,4030,500,933,0,0,0,0,0,0,0,0,0,0,-126.80000305175781,1,0,0,0,154.25,0,0,0,0,0,0,2018
601,0,233,4030,500,933,0,0,0,0,0,0,0,0,0,0,-126.80000305175781,1,0,0,0,154.25,0,0,0,0,0,0,2018
602,0,234,4030,500,933,0,0,0,0,0,0,0,0,0,0,-126.80000305175781,1,0,0,0,154.25,0,0,0,0,0,0,2018
603,0,235,4030,500,933,0,0,0,0,0,0,0,0,0,0,-126.80000305175781,1,0,0,0,154.25,0,0,0,0,0,0,2018
604,0,236,4030,500,933,0,0,0,0,0,0,0,0,0,0,-126.80000305175781,1,0,0,0,154.25,0,0,0,0,0,0,2018
605,0,237,4030,500,933,0,0,0,0,0,0,0,0,0,0,-126.80000305175781,1,0,0,0,154.25,0,0,0,0,0,0,2018
606,0,238,4030,500,933,0,0,0,0,0,0,0,0,0,0,-126.80000305175781,1,0,0,0,154.25,0,0,0,0,0,0,2018
607,0,239,4030,500,933,0,0,0,0,0,0,0,0,0,0,-126.80000305175781,1,0,0,0,154.25,0,0,0,0,0,0,2018
608,0,240,4030,500,933,0,0,0,0,0,0,0,0,0,0,-126.80000305175781,1,0,0,0,154.25,0,0,0,0,0,0,2018
609,0,241,4030,500,933,0,0,0,0,0,0,0,0,0,0,-126.80000305175781,1,0,0,0,154.25,0,0,0,0,0,0,2018
610,0,1,3000,500,1000,0,0,0,0,0,0,0,0,0,0,-145.00009155273438,1,0,0,0,154.25,0,0,0,0,0,0,1000
611,0,2,3000,500,1000,0,0,0,0,0,0,0,0,0,0,-145.00009155273438,1,0,0,0,154.25,0,0,0,0,0,0,1000
612,0,3,3000,500,1000,0,0,0,0,0,0,0,0,0,0,-145.00009155273438,1,0,0,0,154.25,0,0,0,0,0,0,1000
613,0,4,3000,500,1000,0,0,0,0,0,0,0,0,0,0,-145.00009155273438,1,0,0,0,154.25,0,0,0,0,0,0,1000
614,0,5,3000,500,1000,0,0,0,0,0,0,0,0,0,0,-145.00009155273438,1,0,0,0,154.25,0,0,0,0,0,0,1000
615,0,6,3000,500,1000,0,0,0,0,0,0,0,0,0,0,-145.00009155273438,1,0,0,0,154.25,0,0,0,0,0,0,1000
616,0,7,3000,500,1000,0,0,0,0,0,0,0,0,0,0,-145.00009155273438,1,0,0,0,154.25,0,0,0,0,0,0,1000
617,0,8,3000,500,1000,0,0,0,0,0,0,0,0,0,0,-145.00009155273438,1,0,0,0,154.25,0,0,0,0,0,0,1000
618,0,9,3000,500,1000,0,0,0,0,0,0,0,0,0,0,-145.00009155273438,1,0,0,0,154.25,0,0,0,0,0,0,1000
619,10,1,3000,500,1000,0,0,0,0,0,0,0,0,0,0,-145.00009155273438,1,0,0,0,154.25,0,0,0,0,0,0,1000
620,10,2,3000,500,1000,0,0,0,0,0,0,0,0,0,0,-145.00009155273438,1,0,0,0,154.25,0,0,0,0,0,0,1000
621,10,3,3000,500,1000,0,0,0,0,0,0,0,0,0,0,-145.00009155273438,1,0,0,0,154.25,0,0,0,0,0,0,1000
622,10,4,3000,500,1000,0,0,0,0,0,0,0,0,0,0,-145.00009155273438,1,0,0,0,154.25,0,0,0,0,0,0,1000
623,10,5,3000,500,1000,0,0,0,0,0,0,0,0,0,0,-145.00009155273438,1,0,0,0,154.25,0,0,0,0,0,0,1000
624,10,6,3000,500,1000,0,0,0,0,0,0,0,0,0,0,-145.00009155273438,1,0,0,0,154.25,0,0,0,0,0,0,1000
625,1020,1,3000,500,1000,0,0,0,0,0,0,0,0,0,0,-145.00009155273438,1,0,0,0,154.25,0,0,0,0,0,0,1000
626,1020,2,3000,500,1000,0,0,0,0,0,0,0,0,0,0,-145.00009155273438,1,0,0,0,154.25,0,0,0,0,0,0,1000
627,1020,3,3000,500,1000,0,0,0,0,0,0,0,0,0,0,-145.00009155273438,1,0,0,0,154.25,0,0,0,0,0,0,1000
628,1020,4,3000,500,1000,0,0,0,0,0,0,0,0,0,0,-145.00009155273438,1,0,0,0,154.25,0,0,0,0,0,0,1000
629,1020,5,3000,500,1000,0,0,0,0,0,0,0,0,0,0,-145.00009155273438,1,0,0,0,154.25,0,0,0,0,0,0,1000
630,1020,6,3000,500,1000,0,0,0,0,0,0,0,0,0,0,-145.00009155273438,1,0,0,0,154.25,0,0,0,0,0,0,1000
631,1020,7,3000,500,1000,0,0,0,0,0,0,0,0,0,0,-145.00009155273438,1,0,0,0,154.25,0,0,0,0,0,0,1000
632,1020,8,3000,500,1000,0,0,0,0,0,0,0,0,0,0,-121.00009155273438,1,0,0,0,154.25,0,0,0,0,0,0,1000
633,1020,9,3000,500,1000,0,0,0,0,0,0,0,0,0,0,-121.00009155273438,1,0,0,0,154.25,0,0,0,0,0,0,1000
634,1020,10,3000,500,1000,0,0,0,0,0,0,0,0,0,0,-121.00009155273438,1,0,0,0,154.25,0,0,0,0,0,0,1000
635,1020,11,3000,500,1000,0,0,0,0,0,0,0,0,0,0,-121.00009155273438,1,0,0,0,154.25,0,0,0,0,0,0,1000
636,1020,12,3000,500,1000,0,0,0,0,0,0,0,0,0,0,-121.00009155273438,1,0,0,0,154.25,0,0,0,0,0,0,1000
637,1020,12,4030,500,937,0,0,0,0,0,0,0,0,0,0,-121.00009155273438,1,0,0,0,154.25,0,0,0,0,0,0,2018
638,1020,12,4030,500,937,0,0,0,0,0,0,0,0,0,0,-121.00009155273438,1,0,0,0,154.25,0,0,0,0,0,0,2018
639,1020,12,4030,500,937,0,0,0,0,0,0,0,0,0,0,-121.00009155273438,1,0,0,0,154.25,0,0,0,0,0,0,2018
640,1020,12,4030,500,937,0,0,0,0,0,0,0,0,0,0,-121.00009155273438,1,0,0,0,154.25,0,0,0,0,0,0,2018
641,1020,12,4030,500,937,0,0,0,0,0,0,0,0,0,0,-121.00009155273438,1,0,0,0,154.25,0,0,0,0,0,0,2018
642,1020,12,4030,500,937,0,0,0,0,0,0,0,0,0,0,-121.00009155273438,1,0,0,0,154.25,0,0,0,0,0,0,2018
643,1020,13,4030,500,937,0,0,0,0,0,0,0,0,0,0,-121.00009155273438,1,0,0,0,154.25,0,0,0,0,0,0,2018
644,1020,14,4030,500,937,0,0,0,0,0,0,0,0,0,0,-121.00009155273438,1,0,0,0,154.25,0,0,0,0,0,0,2018
645,1020,15,4030,500,937,0,0,0,0,0,0,0,0,0,0,-121.00009155273438,1,0,0,0,154.25,0,0,0,0,0,0,2018
646,1020,16,4030,500,937,0,0,0,0,0,0,0,0,0,0,-121.00009155273438,1,0,0,0,154.25,0,0,0,0,0,0,2018
647,1020,17,4030,500,937,0,0,0,0,0,0,0,0,0,0,-129.3000946044922,1,0,0,0,154.25,0,0,0,0,0,0,2018
648,1020,18,4030,500,937,0,0,0,0,0,0,0,0,0,0,-129.3000946044922,1,0,0,0,154.25,0,0,0,0,0,0,2018
649,1020,19,4030,500,937,0,0,0,0,0,0,0,0,0,0,-129.3000946044922,1,0,0,0,154.25,0,0,0,0,0,0,2018
650,1020,20,4030,500,937,0,0,0,0,0,0,0,0,0,0,-129.3000946044922,1,0,0,0,154.25,0,0,0,0,0,0,2018
651,1020,21,4030,500,937,0,0,0,0,0,0,0,0,0,0,-129.3000946044922,1,0,0,0,154.25,0,0,0,0,0,0,2018
652,1020,22,4030,500,937,0,0,0,0,0,0,0,0,0,0,-129.3000946044922,1,0,0,0,154.25,0,0,0,0,0,0,2018
653,1020,23,4030,500,937,0,0,0,0,0,0,0,0,0,0,-129.3000946044922,1,0,0,0,154.25,0,0,0,0,0,0,2018
654,1020,24,4030,500,937,0,0,0,0,0,0,0,0,0,0,-129.3000946044922,1,0,0,0,154.25,0,0,0,0,0,0,2018
655,1020,25,4030,500,937,0,0,0,0,0,0,0,0,0,0,-129.3000946044922,1,0,0,0,154.25,0,0,0,0,0,0,2018
656,1020,26,4030,500,937,0,0,0,0,0,0,0,0,0,0,-129.3000946044922,1,0,0,0,154.25,0,0,0,0,0,0,2018
657,1020,27,4030,500,937,0,0,0,0,0,0,0,0,0,0,-129.3000946044922,1,0,0,0,154.25,0,0,0,0,0,0,2018
658,1020,28,4030,500,937,0,0,0,0,0,0,0,0,0,0,-129.3000946044922,1,0,0,0,154.25,0,0,0,0,0,0,2018
659,1020,29,4030,500,937,0,0,0,0,0,0,0,0,0,0,-129.3000946044922,1,0,0,0,154.25,0,0,0,0,0,0,2018
660,0,1,4030,500,937,0,0,0,0,0,0,0,0,0,0,-129.3000946044922,1,0,0,0,154.25,0,0,0,0,0,0,2018
661,0,2,4030,500,937,0,0,0,0,0,0,0,0,0,0,-129.3000946044922,1,0,0,0,154.25,0,0,0,0,0,0,2018
662,0,3,4030,500,937,0,0,0,0,0,0,0,0,0,0,-129.3000946044922,1,0,0,0,154.25,0,0,0,0,0,0,2018
663,0,4,4030,500,937,0,0,0,0,0,0,0,0,0,0,-129.3000946044922,1,0,0,0,154.25,0,0,0,0,0,0,2018
664,0,5,4030,500,937,0,0,0,0,0,0,0,0,0,0,-129.3000946044922,1,0,0,0,154.25,0,0,0,0,0,0,2018
665,0,6,4030,500,937,0,0,0,0,0,0,0,0,0,0,-129.3000946044922,1,0,0,0,154.25,0,0,0,0,0,0,2018
666,0,7,4030,500,937,0,0,0,0,0,0,0,0,0,0,-129.3000946044922,1,0,0,0,154.25,0,0,0,0,0,0,2018
667,0,8,4030,500,937,0,0,0,0,0,0,0,0,0,0,-129.3000946044922,1,0,0,0,154.25,0,0,0,0,0,0,2018
668,0,9,4030,500,937,0,0,0,0,0,0,0,0,0,0,-129.3000946044922,1,0,0,0,154.25,0,0,0,0,0,0,2018
669,0,10,4030,500,937,0,0,0,0,0,0,0,0,0,0,-129.3000946044922,1,0,0,0,154.25,0,0,0,0,0,0,2018
670,0,11,4030,500,937,0,0,0,0,0,0,0,0,0,0,-129.3000946044922,1,0,0,0,154.25,0,0,0,0,0,0,2018
671,0,12,4030,500,937,0,0,0,0,0,0,0,0,0,0,-129.3000946044922,1,0,0,0,154.25,0,0,0,0,0,0,2018
672,0,13,4030,500,937,0,0,0,0,0,0,0,0,0,0,-129.3000946044922,1,0,0,0,154.25,0,0,0,0,0,0,2018
673,0,14,4030,500,937,0,0,0,0,0,0,0,0,0,0,-129.3000946044922,1,0,0,0,154.25,0,0,0,0,0,0,2018
674,0,15,4030,500,937,0,0,0,0,0,0,0,0,0,0,-129.3000946044922,1,0,0,0,154.25,0,0,0,0,0,0,2018
675,0,16,4030,500,937,0,0,0,0,0,0,0,0,0,0,-129.3000946044922,1,0,0,0,154.25,0,0,0,0,0,0,2018
676,0,17,4030,500,937,0,0,0,0,0,0,0,0,0,0,-129.3000946044922,1,0,0,0,154.25,0,0,0,0,0,0,2018
677,0,18,4030,500,937,0,0,0,0,0,0,0,0,0,0,-129.3000946044922,1,0,0,0,154.25,0,0,0,0,0,0,2018
678,0,19,4030,500,937,0,0,0,0,0,0,0,0,0,0,-129.3000946044922,1,0,0,0,154.25,0,0,0,0,0,0,2018
679,0,20,4030,500,937,0,0,0,0,0,0,0,0,0,0,-129.3000946044922,1,0,0,0,154.25,0,0,0,0,0,0,2018
680,0,21,4030,500,937,0,0,0,0,0,0,0,0,0,0,-129.3000946044922,1,0,0,0,154.25,0,0,0,0,0,0,2018
681,0,22,4030,500,937,0,0,0,0,0,0,0,0,0,0,-129.3000946044922,1,0,0,0,154.25,0,0,0,0,0,0,2018
682,0,23,4030,500,937,0,0,0,0,0,0,0,0,0,0,-129.3000946044922,1,0,0,0,154.25,0,0,0,0,0,0,2018
683,0,24,4030,500,937,0,0,0,0,0,0,0,0,0,0,-129.3000946044922,1,0,0,0,154.25,0,0,0,0,0,0,2018
684,0,25,4030,500,937,0,0,0,0,0,0,0,0,0,0,-129.3000946044922,1,0,0,0,154.25,0,0,0,0,0,0,2018
685,0,26,4030,500,937,0,0,0,0,0,0,0,0,0,0,-129.3000946044922,1,0,0,0,154.25,0,0,0,0,0,0,2018
686,0,27,4030,500,937,0,0,0,0,0,0,0,0,0,0,-129.3000946044922,1,0,0,0,154.25,0,0,0,0,0,0,2018
687,0,28,4030,500,937,0,0,0,0,0,0,0,0,0,0,-129.3000946044922,1,0,0,0,154.25,0,0,0,0,0,0,2018
688,0,29,4030,500,937,0,0,0,0,0,0,0,0,0,0,-129.3000946044922,1,0,0,0,154.25,0,0,0,0,0,0,2018
689,0,30,4030,500,937,0,0,0,0,0,0,0,0,0,0,-129.3000946044922,1,0,0,0,154.25,0,0,0,0,0,0,2018
690,0,31,4030,500,937,0,0,0,0,0,0,0,0,0,0,-129.3000946044922,1,0,0,0,154.25,0,0,0,0,0,0,2018
691,0,32,4030,500,937,0,0,0,0,0,0,0,0,0,0,-129.3000946044922,1,0,0,0,154.25,0,0,0,0,0,0,2018
692,0,33,4030,500,937,0,0,0,0,0,0,0,0,0,0,-129.3000946044922,1,0,0,0,154.25,0,0,0,0,0,0,2018
693,0,34,4030,500,937,0,0,0,0,0,0,0,0,0,0,-129.3000946044922,1,0,0,0,154.25,0,0,0,0,0,0,2018
694,0,35,4030,500,937,0,0,0,0,0,0,0,0,0,0,-129.3000946044922,1,0,0,0,154.25,0,0,0,0,0,0,2018
695,0,36,4030,500,937,0,0,0,0,0,0,0,0,0,0,-129.3000946044922,1,0,0,0,154.25,0,0,0,0,0,0,2018
696,0,37,4030,500,937,0,0,0,0,0,0,0,0,0,0,-129.3000946044922,1,0,0,0,154.25,0,0,0,0,0,0,2018
697,0,38,4030,500,937,0,0,0,0,0,0,0,0,0,0,-129.3000946044922,1,0,0,0,154.25,0,0,0,0,0,0,2018
698,0,39,4030,500,937,0,0,0,0,0,0,0,0,0,0,-129.3000946044922,1,0,0,0,154.25,0,0,0,0,0,0,2018
699,0,40,4030,500,937,0,0,0,0,0,0,0,0,0,0,-129.3000946044922,1,0,0,0,154.25,0,0,0,0,0,0,2018
700,0,41,4030,500,937,0,0,0,0,0,0,0,0,0,0,-129.3000946044922,1,0,0,0,154.25,0,0,0,0,0,0,2018
701,0,42,4030,500,937,0,0,0,0,0,0,0,0,0,0,-129.3000946044922,1,0,0,0,154.25,0,0,0,0,0,0,2018
702,0,43,4030,500,937,0,0,0,0,0,0,0,0,0,0,-129.3000946044922,1,0,0,0,154.25,0,0,0,0,0,0,2018
703,0,44,4030,500,937,0,0,0,0,0,0,0,0,0,0,-129.3000946044922,1,0,0,0,154.25,0,0,0,0,0,0,2018
704,0,45,4030,500,937,0,0,0,0,0,0,0,0,0,0,-129.3000946044922,1,0,0,0,154.25,0,0,0,0,0,0,2018
705,0,46,4030,500,937,0,0,0,0,0,0,0,0,0,0,-129.3000946044922,1,0,0,0,154.25,0,0,0,0,0,0,2018
706,0,47,4030,500,937,0,0,0,0,0,0,0,0,0,0,-129.3000946044922,1,0,0,0,154.25,0,0,0,0,0,0,2018
707,0,48,4030,500,937,0,0,0,0,0,0,0,0,0,0,-129.3000946044922,1,0,0,0,154.25,0,0,0,0,0,0,2018
708,0,49,4030,500,937,0,0,0,0,0,0,0,0,0,0,-129.3000946044922,1,0,0,0,154.25,0,0,0,0,0,0,2018
709,0,50,4030,500,937,0,0,0,0,0,0,0,0,0,0,-129.3000946044922,1,0,0,0,154.25,0,0,0,0,0,0,2018
710,0,51,4030,500,937,0,0,0,0,0,0,0,0,0,0,-129.3000946044922,1,0,0,0,154.25,0,0,0,0,0,0,2018
711,0,52,4030,500,937,0,0,0,0,0,0,0,0,0,0,-129.3000946044922,1,0,0,0,154.25,0,0,0,0,0,0,2018
712,0,53,4030,500,937,0,0,0,0,0,0,0,0,0,0,-129.3000946044922,1,0,0,0,154.25,0,0,0,0,0,0,2018
713,0,54,4030,500,937,0,0,0,0,0,0,0,0,0,0,-129.3000946044922,1,0,0,0,154.25,0,0,0,0,0,0,2018
714,0,55,4030,500,937,0,0,0,0,0,0,0,0,0,0,-129.3000946044922,1,0,0,0,154.25,0,0,0,0,0,0,2018
715,0,56,4030,500,937,0,0,0,0,0,0,0,0,0,0,-129.3000946044922,1,0,0,0,154.25,0,0,0,0,0,0,2018
716,0,57,4030,500,937,0,0,0,0,0,0,0,0,0,0,-129.3000946044922,1,0,0,0,154.25,0,0,0,0,0,0,2018
717,0,58,4030,500,937,0,0,0,0,0,0,0,0,0,0,-129.3000946044922,1,0,0,0,154.25,0,0,0,0,0,0,2018
718,0,59,4030,500,937,0,0,0,0,0,0,0,0,0,0,-129.3000946044922,1,0,0,0,154.25,0,0,0,0,0,0,2018
719,0,60,4030,500,937,0,0,0,0,0,0,0,0,0,0,-129.3000946044922,1,0,0,0,154.25,0,0,0,0,0,0,2018
720,0,61,4030,500,937,0,0,0,0,0,0,0,0,0,0,-129.3000946044922,1,0,0,0,154.25,0,0,0,0,0,0,2018
721,0,62,4030,500,937,0,0,0,0,0,0,0,0,0,0,-129.3000946044922,1,0,0,0,154.25,0,0,0,0,0,0,2018
722,0,63,4030,500,937,0,0,0,0,0,0,0,0,0,0,-129.3000946044922,1,0,0,0,154.25,0,0,0,0,0,0,2018
723,0,64,4030,500,937,0,0,0,0,0,0,0,0,0,0,-129.3000946044922,1,0,0,0,154.25,0,0,0,0,0,0,2018
724,0,65,4030,500,937,0,0,0,0,0,0,0,0,0,0,-129.3000946044922,1,0,0,0,154.25,0,0,0,0,0,0,2018
725,0,66,4030,500,937,0,0,0,0,0,0,0,0,0,0,-129.3000946044922,1,0,0,0,154.25,0,0,0,0,0,0,2018
726,0,67,4030,500,937,0,0,0,0,0,0,0,0,0,0,-129.3000946044922,1,0,0,0,154.25,0,0,0,0,0,0,2018
727,0,68,4030,500,937,0,0,0,0,0,0,0,0,0,0,-129.3000946044922,1,0,0,0,154.25,0,0,0,0,0,0,2018
728,0,69,4030,500,937,0,0,0,0,0,0,0,0,0,0,-129.3000946044922,1,0,0,0,154.25,0,0,0,0,0,0,2018
729,0,70,4030,500,937,0,0,0,0,0,0,0,0,0,0,-129.3000946044922,1,0,0,0,154.25,0,0,0,0,0,0,2018
730,0,71,4030,500,937,0,0,0,0,0,0,0,0,0,0,-129.3000946044922,1,0,0,0,154.25,0,0,0,0,0,0,2018
731,0,72,4030,500,937,0,0,0,0,0,0,0,0,0,0,-129.3000946044922,1,0,0,0,154.25,0,0,0,0,0,0,2018
732,0,73,4030,500,937,0,0,0,0,0,0,0,0,0,0,-129.3000946044922,1,0,0,0,154.25,0,0,0,0,0,0,2018
733,0,74,4030,500,937,0,0,0,0,0,0,0,0,0,0,-129.3000946044922,1,0,0,0,154.25,0,0,0,0,0,0,2018
734,0,75,4030,500,937,0,0,0,0,0,0,0,0,0,0,-129.3000946044922,1,0,0,0,154.25,0,0,0,0,0,0,2018
735,0,76,4030,500,937,0,0,0,0,0,0,0,0,0,0,-129.3000946044922,1,0,0,0,154.25,0,0,0,0,0,0,2018
736,0,77,4030,500,937,0,0,0,0,0,0,0,0,0,0,-129.3000946044922,1,0,0,0,154.25,0,0,0,0,0,0,2018
737,0,78,4030,500,937,0,0,0,0,0,0,0,0,0,0,-129.3000946044922,1,0,0,0,154.25,0,0,0,0,0,0,2018
738,0,79,4030,500,937,0,0,0,0,0,0,0,0,0,0,-129.3000946044922,1,0,0,0,154.25,0,0,0,0,0,0,2018
739,0,80,4030,500,937,0,0,0,0,0,0,0,0,0,0,-129.3000946044922,1,0,0,0,154.25,0,0,0,0,0,0,2018
740,0,81,4030,500,937,0,0,0,0,0,0,0,0,0,0,-129.3000946044922,1,0,0,0,154.25,0,0,0,0,0,0,2018
741,0,82,4030,500,937,0,0,0,0,0,0,0,0,0,0,-129.3000946044922,1,0,0,0,154.25,0,0,0,0,0,0,2018
742,0,83,4030,500,937,0,0,0,0,0,0,0,0,0,0,-129.3000946044922,1,0,0,0,154.25,0,0,0,0,0,0,2018
743,0,84,4030,500,937,0,0,0,0,0,0,0,0,0,0,-129.3000946044922,1,0,0,0,154.25,0,0,0,0,0,0,2018
744,0,85,4030,500,937,0,0,0,0,0,0,0,0,0,0,-129.3000946044922,1,0,0,0,154.25,0,0,0,0,0,0,2018
745,0,86,4030,500,937,0,0,0,0,0,0,0,0,0,0,-129.3000946044922,1,0,0,0,154.25,0,0,0,0,0,0,2018
746,0,87,4030,500,937,0,0,0,0,0,0,0,0,0,0,-129.3000946044922,1,0,0,0,154.25,0,0,0,0,0,0,2018
747,0,88,4030,500,937,0,0,0,0,0,0,0,0,0,0,-129.3000946044922,1,0,0,0,154.25,0,0,0,0,0,0,2018
748,0,89,4030,500,937,0,0,0,0,0,0,0,0,0,0,-129.3000946044922,1,0,0,0,154.25,0,0,0,0,0,0,2018
749,0,90,4030,500,937,0,0,0,0,0,0,0,0,0,0,-129.3000946044922,1,0,0,0,154.25,0,0,0,0,0,0,2018
750,0,91,4030,500,937,0,0,0,0,0,0,0,0,0,0,-129.3000946044922,1,0,0,0,154.25,0,0,0,0,0,0,2018
751,0,92,4030,500,937,0,0,0,0,0,0,0,0,0,0,-129.3000946044922,1,0,0,0,154.25,0,0,0,0,0,0,2018
752,0,93,4030,500,937,0,0,0,0,0,0,0,0,0,0,-129.3000946044922,1,0,0,0,154.25,0,0,0,0,0,0,2018
753,0,94,4030,500,937,0,0,0,0,0,0,0,0,0,0,-129.3000946044922,1,0,0,0,154.25,0,0,0,0,0,0,2018
754,0,95,4030,500,937,0,0,0,0,0,0,0,0,0,0,-129.3000946044922,1,0,0,0,154.25,0,0,0,0,0,0,2018
755,0,96,4030,500,937,0,0,0,0,0,0,0,0,0,0,-129.3000946044922,1,0,0,0,154.25,0,0,0,0,0,0,2018
756,0,97,4030,500,937,0,0,0,0,0,0,0,0,0,0,-129.3000946044922,1,0,0,0,154.25,0,0,0,0,0,0,2018
757,0,98,4030,500,937,0,0,0,0,0,0,0,0,0,0,-129.3000946044922,1,0,0,0,154.25,0,0,0,0,0,0,2018
758,0,99,4030,500,937,0,0,0,0,0,0,0,0,0,0,-129.3000946044922,1,0,0,0,154.25,0,0,0,0,0,0,2018
759,0,100,4030,500,937,0,0,0,0,0,0,0,0,0,0,-129.3000946044922,1,0,0,0,154.25,0,0,0,0,0,0,2018
760,0,101,4030,500,937,0,0,0,0,0,0,0,0,0,0,-129.3000946044922,1,0,0,0,154.25,0,0,0,0,0,0,2018
761,0,102,4030,500,937,0,0,0,0,0,0,0,0,0,0,-129.3000946044922,1,0,0,0,154.25,0,0,0,0,0,0,2018
762,0,103,4030,500,937,0,0,0,0,0,0,0,0,0,0,-129.3000946044922,1,0,0,0,154.25,0,0,0,0,0,0,2018
763,0,104,4030,500,937,0,0,0,0,0,0,0,0,0,0,-129.3000946044922,1,0,0,0,154.25,0,0,0,0,0,0,2018
764,0,105,4030,500,937,0,0,0,0,0,0,0,0,0,0,-129.3000946044922,1,0,0,0,154.25,0,0,0,0,0,0,2018
765,0,106,4030,500,937,0,0,0,0,0,0,0,0,0,0,-129.3000946044922,1,0,0,0,154.25,0,0,0,0,0,0,2018
766,0,107,4030,500,937,0,0,0,0,0,0,0,0,0,0,-129.3000946044922,1,0,0,0,154.25,0,0,0,0,0,0,2018
767,0,108,4030,500,937,0,0,0,0,0,0,0,0,0,0,-129.3000946044922,1,0,0,0,154.25,0,0,0,0,0,0,2018
768,0,109,4030,500,937,0,0,0,0,0,0,0,0,0,0,-129.3000946044922,1,0,0,0,154.25,0,0,0,0,0,0,2018
769,0,110,4030,500,937,0,0,0,0,0,0,0,0,0,0,-129.3000946044922,1,0,0,0,154.25,0,0,0,0,0,0,2018
770,0,111,4030,500,937,0,0,0,0,0,0,0,0,0,0,-129.3000946044922,1,0,0,0,154.25,0,0,0,0,0,0,2018
771,0,112,4030,500,937,0,0,0,0,0,0,0,0,0,0,-129.3000946044922,1,0,0,0,154.25,0,0,0,0,0,0,2018
772,0,113,4030,500,937,0,0,0,0,0,0,0,0,0,0,-129.3000946044922,1,0,0,0,154.25,0,0,0,0,0,0,2018
773,0,114,4030,500,937,0,0,0,0,0,0,0,0,0,0,-129.3000946044922,1,0,0,0,154.25,0,0,0,0,0,0,2018
774,0,115,4030,500,937,0,0,0,0,0,0,0,0,0,0,-129.3000946044922,1,0,0,0,154.25,0,0,0,0,0,0,2018
775,0,116,4030,500,937,0,0,0,0,0,0,0,0,0,0,-129.3000946044922,1,0,0,0,154.25,0,0,0,0,0,0,2018
776,0,117,4030,500,937,0,0,0,0,0,0,0,0,0,0,-129.3000946044922,1,0,0,0,154.25,0,0,0,0,0,0,2018
777,0,118,4030,500,937,0,0,0,0,0,0,0,0,0,0,-129.3000946044922,1,0,0,0,154.25,0,0,0,0,0,0,2018
778,0,119,4030,500,937,0,0,0,0,0,0,0,0,0,0,-129.3000946044922,1,0,0,0,154.25,0,0,0,0,0,0,2018
779,0,120,4030,500,937,0,0,0,0,0,0,0,0,0,0,-129.3000946044922,1,0,0,0,154.25,0,0,0,0,0,0,2018
780,0,121,4030,500,937,0,0,0,0,0,0,0,0,0,0,-129.3000946044922,1,0,0,0,154.25,0,0,0,0,0,0,2018
781,0,122,4030,500,937,0,0,0,0,0,0,0,0,0,0,-129.3000946044922,1,0,0,0,154.25,0,0,0,0,0,0,2018
782,0,123,4030,500,937,0,0,0,0,0,0,0,0,0,0,-129.3000946044922,1,0,0,0,154.25,0,0,0,0,0,0,2018
783,0,124,4030,500,937,0,0,0,0,0,0,0,0,0,0,-129.3000946044922,1,0,0,0,154.25,0,0,0,0,0,0,2018
784,0,125,4030,500,937,0,0,0,0,0,0,0,0,0,0,-129.3000946044922,1,0,0,0,154.25,0,0,0,0,0,0,2018
785,0,126,4030,500,937,0,0,0,0,0,0,0,0,0,0,-129.3000946044922,1,0,0,0,154.25,0,0,0,0,0,0,2018
786,0,127,4030,500,937,0,0,0,0,0,0,0,0,0,0,-129.3000946044922,1,0,0,0,154.25,0,0,0,0,0,0,2018
787,0,128,4030,500,937,0,0,0,0,0,0,0,0,0,0,-129.3000946044922,1,0,0,0,154.25,0,0,0,0,0,0,2018
788,0,129,4030,500,937,0,0,0,0,0,0,0,0,0,0,-129.3000946044922,1,0,0,0,154.25,0,0,0,0,0,0,2018
789,0,130,4030,500,937,0,0,0,0,0,0,0,0,0,0,-129.3000946044922,1,0,0,0,154.25,0,0,0,0,0,0,2018
790,0,131,4030,500,937,0,0,0,0,0,0,0,0,0,0,-129.3000946044922,1,0,0,0,154.25,0,0,0,0,0,0,2018
791,0,132,4030,500,937,0,0,0,0,0,0,0,0,0,0,-129.3000946044922,1,0,0,0,154.25,0,0,0,0,0,0,2018
792,0,133,4030,500,937,0,0,0,0,0,0,0,0,0,0,-129.3000946044922,1,0,0,0,154.25,0,0,0,0,0,0,2018
793,0,134,4030,500,937,0,0,0,0,0,0,0,0,0,0,-129.3000946044922,1,0,0,0,154.25,0,0,0,0,0,0,2018
794,0,135,4030,500,937,0,0,0,0,0,0,0,0,0,0,-129.3000946044922,1,0,0,0,154.25,0,0,0,0,0,0,2018
795,0,136,4030,500,937,0,0,0,0,0,0,0,0,0,0,-129.3000946044922,1,0,0,0,154.25,0,0,0,0,0,0,2018
796,0,137,4030,500,937,0,0,0,0,0,0,0,0,0,0,-129.3000946044922,1,0,0,0,154.25,0,0,0,0,0,0,2018
797,0,138,4030,500,937,0,0,0,0,0,0,0,0,0,0,-129.3000946044922,1,0,0,0,154.25,0,0,0,0,0,0,2018
798,0,139,4030,500,937,0,0,0,0,0,0,0,0,0,0,-129.3000946044922,1,0,0,0,154.25,0,0,0,0,0,0,2018
799,0,140,4030,500,937,0,0,0,0,0,0,0,0,0,0,-129.3000946044922,1,0,0,0,154.25,0,0,0,0,0,0,2018
800,0,141,4030,500,937,0,0,0,0,0,0,0,0,0,0,-129.3000946044922,1,0,0,0,154.25,0,0,0,0,0,0,2018
801,0,142,4030,500,937,0,0,0,0,0,0,0,0,0,0,-129.3000946044922,1,0,0,0,154.25,0,0,0,0,0,0,2018
802,0,143,4030,500,937,0,0,0,0,0,0,0,0,0,0,-129.3000946044922,1,0,0,0,154.25,0,0,0,0,0,0,2018
803,0,144,4030,500,937,0,0,0,0,0,0,0,0,0,0,-129.3000946044922,1,0,0,0,154.25,0,0,0,0,0,0,2018
804,0,145,4030,500,937,0,0,0,0,0,0,0,0,0,0,-129.3000946044922,1,0,0,0,154.25,0,0,0,0,0,0,2018
805,0,146,4030,500,937,0,0,0,0,0,0,0,0,0,0,-129.3000946044922,1,0,0,0,154.25,0,0,0,0,0,0,2018
806,0,147,4030,500,937,0,0,0,0,0,0,0,0,0,0,-129.3000946044922,1,0,0,0,154.25,0,0,0,0,0,0,2018
807,0,148,4030,500,937,0,0,0,0,0,0,0,0,0,0,-129.3000946044922,1,0,0,0,154.25,0,0,0,0,0,0,2018
808,0,149,4030,500,937,0,0,0,0,0,0,0,0,0,0,-129.3000946044922,1,0,0,0,154.25,0,0,0,0,0,0,2018
809,0,150,4030,500,937,0,0,0,0,0,0,0,0,0,0,-129.3000946044922,1,0,0,0,154.25,0,0,0,0,0,0,2018
810,0,151,4030,500,937,0,0,0,0,0,0,0,0,0,0,-129.3000946044922,1,0,0,0,154.25,0,0,0,0,0,0,2018
811,0,152,4030,500,937,0,0,0,0,0,0,0,0,0,0,-129.3000946044922,1,0,0,0,154.25,0,0,0,0,0,0,2018
812,0,153,4030,500,937,0,0,0,0,0,0,0,0,0,0,-129.3000946044922,1,0,0,0,154.25,0,0,0,0,0,0,2018
813,0,154,4030,500,937,0,0,0,0,0,0,0,0,0,0,-129.3000946044922,1,0,0,0,154.25,0,0,0,0,0,0,2018
814,0,155,4030,500,937,0,0,0,0,0,0,0,0,0,0,-129.3000946044922,1,0,0,0,154.25,0,0,0,0,0,0,2018
815,0,156,4030,500,937,0,0,0,0,0,0,0,0,0,0,-129.3000946044922,1,0,0,0,154.25,0,0,0,0,0,0,2018
816,0,157,4030,500,937,0,0,0,0,0,0,0,0,0,0,-129.3000946044922,1,0,0,0,154.25,0,0,0,0,0,0,2018
817,0,158,4030,500,937,0,0,0,0,0,0,0,0,0,0,-129.3000946044922,1,0,0,0,154.25,0,0,0,0,0,0,2018
818,0,159,4030,500,937,0,0,0,0,0,0,0,0,0,0,-129.3000946044922,1,0,0,0,154.25,0,0,0,0,0,0,2018
819,0,160,4030,500,937,0,0,0,0,0,0,0,0,0,0,-129.3000946044922,1,0,0,0,154.25,0,0,0,0,0,0,2018
820,0,161,4030,500,937,0,0,0,0,0,0,0,0,0,0,-129.3000946044922,1,0,0,0,154.25,0,0,0,0,0,0,2018
821,0,162,4030,500,937,0,0,0,0,0,0,0,0,0,0,-129.3000946044922,1,0,0,0,154.25,0,0,0,0,0,0,2018
822,0,163,4030,500,937,0,0,0,0,0,0,0,0,0,0,-129.3000946044922,1,0,0,0,154.25,0,0,0,0,0,0,2018
823,0,164,4030,500,937,0,0,0,0,0,0,0,0,0,0,-129.3000946044922,1,0,0,0,154.25,0,0,0,0,0,0,2018
824,0,165,4030,500,937,0,0,0,0,0,0,0,0,0,0,-129.3000946044922,1,0,0,0,154.25,0,0,0,0,0,0,2018
825,0,166,4030,500,937,0,0,0,0,0,0,0,0,0,0,-129.3000946044922,1,0,0,0,154.25,0,0,0,0,0,0,2018
826,0,167,4030,500,937,0,0,0,0,0,0,0,0,0,0,-129.3000946044922,1,0,0,0,154.25,0,0,0,0,0,0,2018
827,0,168,4030,500,937,0,0,0,0,0,0,0,0,0,0,-129.3000946044922,1,0,0,0,154.25,0,0,0,0,0,0,2018
828,0,169,4030,500,937,0,0,0,0,0,0,0,0,0,0,-129.3000946044922,1,0,0,0,154.25,0,0,0,0,0,0,2018
829,0,170,4030,500,937,0,0,0,0,0,0,0,0,0,0,-129.3000946044922,1,0,0,0,154.25,0,0,0,0,0,0,2018
830,0,171,4030,500,937,0,0,0,0,0,0,0,0,0,0,-129.3000946044922,1,0,0,0,154.25,0,0,0,0,0,0,2018
831,0,172,4030,500,937,0,0,0,0,0,0,0,0,0,0,-129.3000946044922,1,0,0,0,154.25,0,0,0,0,0,0,2018
832,0,173,4030,500,937,0,0,0,0,0,0,0,0,0,0,-129.3000946044922,1,0,0,0,154.25,0,0,0,0,0,0,2018
833,0,174,4030,500,937,0,0,0,0,0,0,0,0,0,0,-129.3000946044922,1,0,0,0,154.25,0,0,0,0,0,0,2018
834,0,175,4030,500,937,0,0,0,0,0,0,0,0,0,0,-129.3000946044922,1,0,0,0,154.25,0,0,0,0,0,0,2018
835,0,176,4030,500,937,0,0,0,0,0,0,0,0,0,0,-129.3000946044922,1,0,0,0,154.25,0,0,0,0,0,0,2018
836,0,177,4030,500,937,0,0,0,0,0,0,0,0,0,0,-129.3000946044922,1,0,0,0,154.25,0,0,0,0,0,0,2018
837,0,178,4030,500,937,0,0,0,0,0,0,0,0,0,0,-129.3000946044922,1,0,0,0,154.25,0,0,0,0,0,0,2018
838,0,179,4030,500,937,0,0,0,0,0,0,0,0,0,0,-129.3000946044922,1,0,0,0,154.25,0,0,0,0,0,0,2018
839,0,180,4030,500,937,0,0,0,0,0,0,0,0,0,0,-129.3000946044922,1,0,0,0,154.25,0,0,0,0,0,0,2018
840,0,181,4030,500,937,0,0,0,0,0,0,0,0,0,0,-129.3000946044922,1,0,0,0,154.25,0,0,0,0,0,0,2018
841,0,182,4030,500,937,0,0,0,0,0,0,0,0,0,0,-129.3000946044922,1,0,0,0,154.25,0,0,0,0,0,0,2018
842,0,183,4030,500,937,0,0,0,0,0,0,0,0,0,0,-129.3000946044922,1,0,0,0,154.25,0,0,0,0,0,0,2018
843,0,184,4030,500,937,0,0,0,0,0,0,0,0,0,0,-129.3000946044922,1,0,0,0,154.25,0,0,0,0,0,0,2018
844,0,185,4030,500,937,0,0,0,0,0,0,0,0,0,0,-129.3000946044922,1,0,0,0,154.25,0,0,0,0,0,0,2018
845,0,186,4030,500,937,0,0,0,0,0,0,0,0,0,0,-129.3000946044922,1,0,0,0,154.25,0,0,0,0,0,0,2018
846,0,187,4030,500,937,0,0,0,0,0,0,0,0,0,0,-129.3000946044922,1,0,0,0,154.25,0,0,0,0,0,0,2018
847,0,188,4030,500,937,0,0,0,0,0,0,0,0,0,0,-129.3000946044922,1,0,0,0,154.25,0,0,0,0,0,0,2018
848,0,189,4030,500,937,0,0,0,0,0,0,0,0,0,0,-129.3000946044922,1,0,0,0,154.25,0,0,0,0,0,0,2018
849,0,190,4030,500,937,0,0,0,0,0,0,0,0,0,0,-129.3000946044922,1,0,0,0,154.25,0,0,0,0,0,0,2018
850,0,191,4030,500,937,0,0,0,0,0,0,0,0,0,0,-129.3000946044922,1,0,0,0,154.25,0,0,0,0,0,0,2018
851,0,192,4030,500,937,0,0,0,0,0,0,0,0,0,0,-129.3000946044922,1,0,0,0,154.25,0,0,0,0,0,0,2018
852,0,193,4030,500,937,0,0,0,0,0,0,0,0,0,0,-129.3000946044922,1,0,0,0,154.25,0,0,0,0,0,0,2018
853,0,194,4030,500,937,0,0,0,0,0,0,0,0,0,0,-129.3000946044922,1,0,0,0,154.25,0,0,0,0,0,0,2018
854,0,195,4030,500,937,0,0,0,0,0,0,0,0,0,0,-129.3000946044922,1,0,0,0,154.25,0,0,0,0,0,0,2018
855,0,196,4030,500,937,0,0,0,0,0,0,0,0,0,0,-129.3000946044922,1,0,0,0,154.25,0,0,0,0,0,0,2018
856,0,197,4030,500,937,0,0,0,0,0,0,0,0,0,0,-129.3000946044922,1,0,0,0,154.25,0,0,0,0,0,0,2018
857,0,198,4030,500,937,0,0,0,0,0,0,0,0,0,0,-129.3000946044922,1,0,0,0,154.25,0,0,0,0,0,0,2018
858,0,199,4030,500,937,0,0,0,0,0,0,0,0,0,0,-129.3000946044922,1,0,0,0,154.25,0,0,0,0,0,0,2018
859,0,200,4030,500,937,0,0,0,0,0,0,0,0,0,0,-129.3000946044922,1,0,0,0,154.25,0,0,0,0,0,0,2018
860,0,201,4030,500,937,0,0,0,0,0,0,0,0,0,0,-129.3000946044922,1,0,0,0,154.25,0,0,0,0,0,0,2018
861,0,202,4030,500,937,0,0,0,0,0,0,0,0,0,0,-129.3000946044922,1,0,0,0,154.25,0,0,0,0,0,0,2018
862,0,203,4030,500,937,0,0,0,0,0,0,0,0,0,0,-129.3000946044922,1,0,0,0,154.25,0,0,0,0,0,0,2018
863,0,204,4030,500,937,0,0,0,0,0,0,0,0,0,0,-129.3000946044922,1,0,0,0,154.25,0,0,0,0,0,0,2018
864,0,205,4030,500,937,0,0,0,0,0,0,0,0,0,0,-129.3000946044922,1,0,0,0,154.25,0,0,0,0,0,0,2018
865,0,206,4030,500,937,0,0,0,0,0,0,0,0,0,0,-129.3000946044922,1,0,0,0,154.25,0,0,0,0,0,0,2018
866,0,207,4030,500,937,0,0,0,0,0,0,0,0,0,0,-129.3000946044922,1,0,0,0,154.25,0,0,0,0,0,0,2018
867,0,208,4030,500,937,0,0,0,0,0,0,0,0,0,0,-129.3000946044922,1,0,0,0,154.25,0,0,0,0,0,0,2018
868,0,209,4030,500,937,0,0,0,0,0,0,0,0,0,0,-129.3000946044922,1,0,0,0,154.25,0,0,0,0,0,0,2018
869,0,210,4030,500,937,0,0,0,0,0,0,0,0,0,0,-129.3000946044922,1,0,0,0,154.25,0,0,0,0,0,0,2018
870,0,211,4030,500,937,0,0,0,0,0,0,0,0,0,0,-129.3000946044922,1,0,0,0,154.25,0,0,0,0,0,0,2018
871,0,212,4030,500,937,0,0,0,0,0,0,0,0,0,0,-129.3000946044922,1,0,0,0,154.25,0,0,0,0,0,0,2018
872,0,213,4030,500,937,0,0,0,0,0,0,0,0,0,0,-129.3000946044922,1,0,0,0,154.25,0,0,0,0,0,0,2018
873,0,214,4030,500,937,0,0,0,0,0,0,0,0,0,0,-129.3000946044922,1,0,0,0,154.25,0,0,0,0,0,0,2018
874,0,215,4030,500,937,0,0,0,0,0,0,0,0,0,0,-129.3000946044922,1,0,0,0,154.25,0,0,0,0,0,0,2018
875,0,216,4030,500,937,0,0,0,0,0,0,0,0,0,0,-129.3000946044922,1,0,0,0,154.25,0,0,0,0,0,0,2018
876,0,217,4030,500,937,0,0,0,0,0,0,0,0,0,0,-129.3000946044922,1,0,0,0,154.25,0,0,0,0,0,0,2018
877,0,218,4030,500,937,0,0,0,0,0,0,0,0,0,0,-129.3000946044922,1,0,0,0,154.25,0,0,0,0,0,0,2018
878,0,219,4030,500,937,0,0,0,0,0,0,0,0,0,0,-129.3000946044922,1,0,0,0,154.25,0,0,0,0,0,0,2018
879,0,220,4030,500,937,0,0,0,0,0,0,0,0,0,0,-129.3000946044922,1,0,0,0,154.25,0,0,0,0,0,0,2018
880,0,221,4030,500,937,0,0,0,0,0,0,0,0,0,0,-129.3000946044922,1,0,0,0,154.25,0,0,0,0,0,0,2018
881,0,222,4030,500,937,0,0,0,0,0,0,0,0,0,0,-129.3000946044922,1,0,0,0,154.25,0,0,0,0,0,0,2018
882,0,223,4030,500,937,0,0,0,0,0,0,0,0,0,0,-129.3000946044922,1,0,0,0,154.25,0,0,0,0,0,0,2018
883,0,224,4030,500,937,0,0,0,0,0,0,0,0,0,0,-129.3000946044922,1,0,0,0,154.25,0,0,0,0,0,0,2018
884,0,225,4030,500,937,0,0,0,0,0,0,0,0,0,0,-129.3000946044922,1,0,0,0,154.25,0,0,0,0,0,0,2018
885,0,226,4030,500,937,0,0,0,0,0,0,0,0,0,0,-129.3000946044922,1,0,0,0,154.25,0,0,0,0,0,0,2018
886,0,227,4030,500,937,0,0,0,0,0,0,0,0,0,0,-129.3000946044922,1,0,0,0,154.25,0,0,0,0,0,0,2018
887,0,228,4030,500,937,0,0,0,0,0,0,0,0,0,0,-129.3000946044922,1,0,0,0,154.25,0,0,0,0,0,0,2018
888,0,229,4030,500,937,0,0,0,0,0,0,0,0,0,0,-129.3000946044922,1,0,0,0,154.25,0,0,0,0,0,0,2018
889,0,230,4030,500,937,0,0,0,0,0,0,0,0,0,0,-129.3000946044922,1,0,0,0,154.25,0,0,0,0,0,0,2018
890,0,231,4030,500,937,0,0,0,0,0,0,0,0,0,0,-129.3000946044922,1,0,0,0,154.25,0,0,0,0,0,0,2018
891,0,232,4030,500,937,0,0,0,0,0,0,0,0,0,0,-129.3000946044922,1,0,0,0,154.25,0,0,0,0,0,0,2018
892,0,233,4030,500,937,0,0,0,0,0,0,0,0,0,0,-129.3000946044922,1,0,0,0,154.25,0,0,0,0,0,0,2018
893,0,234,4030,500,937,0,0,0,0,0,0,0,0,0,0,-129.3000946044922,1,0,0,0,154.25,0,0,0,0,0,0,2018
894,0,235,4030,500,937,0,0,0,0,0,0,0,0,0,0,-129.3000946044922,1,0,0,0,154.25,0,0,0,0,0,0,2018
895,0,236,4030,500,937,0,0,0,0,0,0,0,0,0,0,-129.3000946044922,1,0,0,0,154.25,0,0,0,0,0,0,2018
896,0,237,4030,500,937,0,0,0,0,0,0,0,0,0,0,-129.3000946044922,1,0,0,0,154.25,0,0,0,0,0,0,2018
897,0,238,4030,500,937,0,0,0,0,0,0,0,0,0,0,-129.3000946044922,1,0,0,0,154.25,0,0,0,0,0,0,2018
898,0,239,4030,500,937,0,0,0,0,0,0,0,0,0,0,-129.3000946044922,1,0,0,0,154.25,0,0,0,0,0,0,2018
899,0,240,4030,500,937,0,0,0,0,0,0,0,0,0,0,-129.3000946044922,1,0,0,0,154.25,0,0,0,0,0,0,2018
900,0,241,4030,500,937,0,0,0,0,0,0,0,0,0,0,-129.3000946044922,1,0,0,0,154.25,0,0,0,0,0,0,2018
901,0,242,4030,500,937,0,0,0,0,0,0,0,0,0,0,-129.3000946044922,1,0,0,0,154.25,0,0,0,0,0,0,2018
902,0,243,4030,500,937,0,0,0,0,0,0,0,0,0,0,-129.3000946044922,1,0,0,0,154.25,0,0,0,0,0,0,2018
903,0,244,4030,500,937,0,0,0,0,0,0,0,0,0,0,-129.3000946044922,1,0,0,0,154.25,0,0,0,0,0,0,2018
904,0,245,4030,500,937,0,0,0,0,0,0,0,0,0,0,-129.3000946044922,1,0,0,0,154.25,0,0,0,0,0,0,2018
905,0,246,4030,500,937,0,0,0,0,0,0,0,0,0,0,-129.3000946044922,1,0,0,0,154.25,0,0,0,0,0,0,2018
906,0,247,4030,500,937,0,0,0,0,0,0,0,0,0,0,-129.3000946044922,1,0,0,0,154.25,0,0,0,0,0,0,2018
907,0,248,4030,500,937,0,0,0,0,0,0,0,0,0,0,-129.3000946044922,1,0,0,0,154.25,0,0,0,0,0,0,2018
908,0,249,4030,500,937,0,0,0,0,0,0,0,0,0,0,-129.3000946044922,1,0,0,0,154.25,0,0,0,0,0,0,2018
909,0,250,4030,500,937,0,0,0,0,0,0,0,0,0,0,-129.3000946044922,1,0,0,0,154.25,0,0,0,0,0,0,2018
910,0,1,3000,500,1000,0,0,0,0,0,0,0,0,0,0,-145.0000457763672,1,0,0,0,154.25,0,0,0,0,0,0,1000
911,0,2,3000,500,1000,0,0,0,0,0,0,0,0,0,0,-145.0000457763672,1,0,0,0,154.25,0,0,0,0,0,0,1000
912,0,3,3000,500,1000,0,0,0,0,0,0,0,0,0,0,-145.0000457763672,1,0,0,0,154.25,0,0,0,0,0,0,1000
913,0,4,3000,500,1000,0,0,0,0,0,0,0,0,0,0,-145.0000457763672,1,0,0,0,154.25,0,0,0,0,0,0,1000
914,0,5,3000,500,1000,0,0,0,0,0,0,0,0,0,0,-145.0000457763672,1,0,0,0,154.25,0,0,0,0,0,0,1000
915,0,6,3000,500,1000,0,0,0,0,0,0,0,0,0,0,-145.0000457763672,1,0,0,0,154.25,0,0,0,0,0,0,1000
916,0,7,3000,500,1000,0,0,0,0,0,0,0,0,0,0,-145.0000457763672,1,0,0,0,154.25,0,0,0,0,0,0,1000
917,0,8,3000,500,1000,0,0,0,0,0,0,0,0,0,0,-145.0000457763672,1,0,0,0,154.25,0,0,0,0,0,0,1000
918,0,9,3000,500,1000,0,0,0,0,0,0,0,0,0,0,-145.0000457763672,1,0,0,0,154.25,0,0,0,0,0,0,1000
919,20,1,3000,500,1000,0,0,0,0,0,0,0,0,0,0,-143.5000457763672,1,0,0,0,154.25,0,0,0,0,0,0,1000
920,20,2,3000,500,1000,0,0,0,0,0,0,0,0,0,0,-143.50006103515625,1,0,0,0,152.75,0,0,0,0,0,0,1000
921,20,3,3000,500,1000,0,0,0,0,0,0,0,0,0,0,-143.50006103515625,1,0,0,0,151.25,0,0,0,0,0,0,1000
922,10,1,3000,500,1000,0,0,0,0,0,0,0,0,0,0,-143.50006103515625,1,0,0,0,149.75,0,0,0,0,0,0,1000
923,10,2,3000,500,1000,0,0,0,0,0,0,0,0,0,0,-143.50006103515625,1,0,0,0,149.75,0,0,0,0,0,0,1000
924,10,3,3000,500,1000,0,0,0,0,0,0,0,0,0,0,-143.50006103515625,1,0,0,0,149.75,0,0,0,0,0,0,1000
925,10,4,3000,500,1000,0,0,0,0,0,0,0,0,0,0,-143.50006103515625,1,0,0,0,149.75,0,0,0,0,0,0,1000
926,10,5,3000,500,1000,0,0,0,0,0,0,0,0,0,0,-143.50006103515625,1,0,0,0,149.75,0,0,0,0,0,0,1000
927,10,6,3000,500,1000,0,0,0,0,0,0,0,0,0,0,-143.50006103515625,1,0,0,0,149.75,0,0,0,0,0,0,1000
928,10,7,3000,500,1000,0,0,0,0,0,0,0,0,0,0,-143.50006103515625,1,0,0,0,149.75,0,0,0,0,0,0,1000
929,10,8,3000,500,1000,0,0,0,0,0,0,0,0,0,0,-143.50006103515625,1,0,0,0,149.75,0,0,0,0,0,0,1000
930,10,9,3000,500,1000,0,0,0,0,0,0,0,0,0,0,-143.50006103515625,1,0,0,0,149.75,0,0,0,0,0,0,1000
931,1030,1,3000,500,1000,0,0,0,0,0,0,0,0,0,0,-143.50006103515625,1,0,0,0,149.75,0,0,0,0,0,0,1000
932,1030,2,3000,500,1000,0,0,0,0,0,0,0,0,0,0,-143.50006103515625,1,0,0,0,149.75,0,0,0,0,0,0,1000
933,1030,3,3000,500,1000,0,0,0,0,0,0,0,0,0,0,-143.50006103515625,1,0,0,0,149.75,0,0,0,0,0,0,1000
934,1030,4,3000,500,1000,0,0,0,0,0,0,0,0,0,0,-143.50006103515625,1,0,0,0,149.75,0,0,0,0,0,0,1000
935,1030,5,3000,500,1000,0,0,0,0,0,0,0,0,0,0,-143.50006103515625,1,0,0,0,149.75,0,0,0,0,0,0,1000
936,1030,6,3000,500,1000,0,0,0,0,0,0,0,0,0,0,-143.50006103515625,1,0,0,0,149.75,0,0,0,0,0,0,1000
937,1030,7,3000,500,1000,0,0,0,0,0,0,0,0,0,0,-143.50006103515625,1,0,0,0,149.75,0,0,0,0,0,0,1000
938,1030,8,3000,500,1000,0,0,0,0,0,0,0,0,0,0,-143.50006103515625,1,0,0,0,149.75,0,0,0,0,0,0,1000
939,1030,9,3000,500,1000,0,0,0,0,0,0,0,0,0,0,-143.50006103515625,1,0,0,0,149.75,0,0,0,0,0,0,1000
940,1030,10,3000,500,1000,0,0,0,0,0,0,0,0,0,0,-143.50006103515625,1,0,0,0,149.75,0,0,0,0,0,0,1000
941,1030,11,3000,500,1000,0,0,0,0,0,0,0,0,0,0,-143.50006103515625,1,0,0,0,149.75,0,0,0,0,0,0,1000
942,1030,12,3000,500,1000,0,0,0,0,0,0,0,0,0,0,-143.50006103515625,1,0,0,0,149.75,0,0,0,0,0,0,1000
943,1030,13,3000,500,1000,0,0,0,0,0,0,0,0,0,0,-143.50006103515625,1,0,0,0,149.75,0,0,0,0,0,0,1000
944,1030,14,3000,500,1000,0,0,0,0,0,0,0,0,0,0,-143.50006103515625,1,0,0,0,149.75,0,0,0,0,0,0,1000
945,1030,15,3000,500,1000,0,0,0,0,0,0,0,0,0,0,-143.50006103515625,1,0,0,0,149.75,0,0,0,0,0,0,1012
946,1030,16,3000,500,1000,0,0,0,0,0,0,0,0,0,0,-143.50006103515625,1,0,0,0,149.75,0,0,0,0,0,0,1012
947,1030,17,3000,500,1000,0,0,0,0,0,0,0,0,0,0,-143.50006103515625,1,0,0,0,149.75,0,0,0,0,0,0,1012
948,1030,18,3000,500,1000,0,0,0,0,0,0,0,0,0,0,-143.50006103515625,1,0,0,0,149.75,0,0,0,0,0,0,1012
949,1030,19,3000,500,1000,0,0,0,0,0,0,0,0,0,0,-143.50006103515625,1,0,0,0,149.75,0,0,0,0,0,0,1012
950,1030,20,3000,500,1000,0,0,0,0,0,0,0,0,0,0,-143.50006103515625,1,0,0,0,149.75,0,0,0,0,0,0,1012
951,1070,0,3000,500,1000,0,0,0,0,0,0,0,0,0,0,-143.50006103515625,1,0,0,0,149.75,0,0,0,0,0,0,1012
952,1070,1,4016,500,1000,0,0,0,0,0,0,0,0,0,0,-143.50006103515625,1,0,0,0,149.75,0,0,0,0,0,0,2031
953,1070,2,4016,500,1000,0,0,0,0,0,0,0,0,0,0,-143.50006103515625,1,0,0,0,149.75,0,0,0,0,0,0,2031
954,1070,3,4016,500,1000,0,0,0,0,0,0,0,0,0,0,-143.50006103515625,1,0,0,0,149.75,0,0,0,0,0,0,2031
955,1070,4,4016,500,1000,0,0,0,0,0,0,0,0,0,0,-143.50006103515625,1,0,0,0,149.75,0,0,0,0,0,0,2031
956,1070,5,4016,500,1000,0,0,0,0,0,0,0,0,0,0,-143.50006103515625,1,0,0,0,149.75,0,0,0,0,0,0,2031
957,1070,6,4016,500,1000,0,0,0,0,0,0,0,0,0,0,-143.50006103515625,1,0,0,0,149.75,0,0,0,0,0,0,2031
958,1070,7,4016,500,1000,0,0,0,0,0,0,0,0,0,0,-143.50006103515625,1,0,0,0,149.75,0,0,0,0,0,0,2031
959,1070,8,4016,500,1000,0,0,0,0,0,0,0,0,0,0,-143.50006103515625,1,0,0,0,149.75,0,0,0,0,0,0,2031
960,1070,9,4016,500,1000,0,0,0,0,0,0,0,0,0,0,-143.50006103515625,1,0,0,0,149.75,0,0,0,0,0,0,2031
961,1070,10,4016,500,1000,0,0,0,0,0,0,0,0,0,0,-143.50006103515625,1,0,0,0,149.75,0,0,0,0,0,0,2031
962,1070,11,4016,500,1000,0,0,0,0,0,0,0,0,0,0,-143.50006103515625,1,0,0,0,149.75,0,0,0,0,0,0,2031
963,1070,12,4016,500,1000,0,0,0,0,0,0,0,0,0,0,-143.50006103515625,1,0,0,0,149.75,0,0,0,0,0,0,2031
964,1070,13,4016,500,1000,0,0,0,0,0,0,0,0,0,0,-143.50006103515625,1,0,0,0,149.75,0,0,0,0,0,0,2031
965,1070,13,5000,500,910,0,0,0,0,0,0,0,0,0,0,-143.50006103515625,1,0,0,0,149.75,0,0,0,0,0,0,3049
966,1070,13,5000,500,910,0,0,0,0,0,0,0,0,0,0,-143.50006103515625,1,0,0,0,149.75,0,0,0,0,0,0,3049
967,1070,13,5000,500,910,0,0,0,0,0,0,0,0,0,0,-143.50006103515625,1,0,0,0,149.75,0,0,0,0,0,0,3049
968,1070,13,5000,500,910,0,0,0,0,0,0,0,0,0,0,-143.50006103515625,1,0,0,0,149.75,0,0,0,0,0,0,3049
969,1070,13,5000,500,910,0,0,0,0,0,0,0,0,0,0,-143.50006103515625,1,0,0,0,149.75,0,0,0,0,0,0,3049
970,1070,13,5000,500,910,0,0,0,0,0,0,0,0,0,0,-143.50006103515625,1,0,0,0,149.75,0,0,0,0,0,0,3049
971,1070,14,5000,500,910,0,0,0,0,0,0,0,0,0,0,-143.50006103515625,1,0,0,0,149.75,0,0,0,0,0,0,3049
972,1070,15,5000,500,910,0,0,0,0,0,0,0,0,0,0,-143.50006103515625,1,0,0,0,149.75,0,0,0,0,0,0,3049
973,1070,16,5000,500,910,0,0,0,0,0,0,0,0,0,0,-143.50006103515625,1,0,0,0,149.75,0,0,0,0,0,0,3049
974,1070,17,5000,500,910,0,0,0,0,0,0,0,0,0,0,-143.50006103515625,1,0,0,0,149.75,0,0,0,0,0,0,3049
975,1070,18,5000,500,910,0,0,0,0,0,0,0,0,0,0,-143.50006103515625,1,0,0,0,149.75,0,0,0,0,0,0,3049
976,1070,19,5000,500,910,0,0,0,0,0,0,0,0,0,0,-143.50006103515625,1,0,0,0,149.75,0,0,1,0,0,0,3049
977,1070,20,5000,500,910,0,0,0,0,0,0,0,0,0,0,-143.50006103515625,1,0,0,0,149.75,0,0,1,0,0,0,3049
978,1070,21,5000,500,910,0,0,0,0,0,0,0,0,0,0,-143.50006103515625,1,0,0,0,149.75,0,0,1,0,0,0,3049
979,1070,22,5000,500,910,0,0,0,0,0,0,0,0,0,0,-143.50006103515625,1,0,0,0,149.75,0,0,1,0,0,0,3049
980,1070,23,5000,500,910,0,0,0,0,0,0,0,0,0,0,-143.50006103515625,1,0,0,0,149.75,0,0,1,0,0,0,3049
981,1070,24,5000,500,910,0,0,0,0,0,0,0,0,0,0,-143.50006103515625,1,0,0,0,149.75,0,0,1,0,0,0,3049
982,1070,25,5000,500,910,0,0,0,0,0,0,0,0,0,0,-143.50006103515625,1,0,0,0,149.75,0,0,1,0,0,0,3049
983,1070,26,5000,500,910,0,0,0,0,0,0,0,0,0,0,-143.50006103515625,1,0,0,0,149.75,0,0,1,0,0,0,3049
984,1070,27,5000,500,910,0,0,0,0,0,0,0,0,0,0,-143.50006103515625,1,0,0,0,149.75,0,0,1,0,0,0,3049
985,1070,28,5000,500,910,0,0,0,0,0,0,0,0,0,0,-143.50006103515625,1,0,0,0,149.75,0,0,1,0,0,0,3049
986,1070,29,5000,500,910,0,0,0,0,0,0,0,0,0,0,-143.50006103515625,1,0,0,0,149.75,0,0,1,0,0,0,3049
987,1070,30,5000,500,910,0,0,0,0,0,0,0,0,0,0,-143.50006103515625,1,0,0,0,149.75,0,0,1,0,0,0,3049
988,1070,31,5000,500,910,0,0,0,0,0,0,0,0,0,0,-143.50006103515625,1,0,0,0,149.75,0,0,1,0,0,0,3049
989,1070,32,5000,500,910,0,0,0,0,0,0,0,0,0,0,-143.50006103515625,1,0,0,0,149.75,0,0,1,0,0,0,3049
990,1070,33,5000,500,910,0,0,0,0,0,0,0,0,0,0,-143.50006103515625,1,0,0,0,149.75,0,0,1,0,0,0,3049
991,1070,34,5000,500,910,0,0,0,0,0,0,0,0,0,0,-143.50006103515625,1,0,0,0,149.75,0,0,1,0,0,0,3049
992,1070,35,5000,500,910,0,0,0,0,0,0,0,0,0,0,-143.50006103515625,1,0,0,0,149.75,0,0,1,0,0,0,3049
993,0,1,5000,500,910,0,0,0,0,0,0,0,0,0,0,-143.50006103515625,1,0,0,0,149.75,0,0,1,0,0,0,3049
994,0,2,5000,500,910,0,0,0,0,0,0,0,0,0,0,-143.50006103515625,1,0,0,0,149.75,0,0,1,0,0,0,3049
995,0,3,5000,500,910,0,0,0,0,0,0,0,0,0,0,-143.50006103515625,1,0,0,0,149.75,0,0,1,0,0,0,3049
996,0,4,5000,500,910,0,0,0,0,0,0,0,0,0,0,-143.50006103515625,1,0,0,0,149.75,0,0,1,0,0,0,3049
997,0,5,5000,500,910,0,0,0,0,0,0,0,0,0,0,-143.50006103515625,1,0,0,0,149.75,0,0,1,0,0,0,3049
998,0,6,5000,500,910,0,0,0,0,0,0,0,0,0,0,-143.50006103515625,1,0,0,0,149.75,0,0,1,0,0,0,3049
999,0,7,5000,500,910,0,0,0,0,0,0,0,0,0,0,-143.50006103515625,1,0,0,0,149.75,0,0,1,0,0,0,3049
1000,0,8,5000,500,910,0,0,0,0,0,0,0,0,0,0,-143.50006103515625,1,0,0,0,149.75,0,0,1,0,0,0,3049
1001,0,9,5000,500,910,0,0,0,0,0,0,0,0,0,0,-143.50006103515625,1,0,0,0,149.75,0,0,1,0,0,0,3049
1002,0,10,5000,500,910,0,0,0,0,0,0,0,0,0,0,-143.50006103515625,1,0,0,0,149.75,0,0,1,0,0,0,3049
1003,0,11,5000,500,910,0,0,0,0,0,0,0,0,0,0,-143.50006103515625,1,0,0,0,149.75,0,0,1,0,0,0,3049
1004,0,12,5000,500,910,0,0,0,0,0,0,0,0,0,0,-143.50006103515625,1,0,0,0,149.75,0,0,1,0,0,0,3049
1005,0,13,5000,500,910,0,0,0,0,0,0,0,0,0,0,-143.50006103515625,1,0,0,0,149.75,0,0,1,0,0,0,3049
1006,0,14,5000,500,910,0,0,0,0,0,0,0,0,0,0,-143.50006103515625,1,0,0,0,149.75,0,0,1,0,0,0,3049
1007,0,15,5000,500,910,0,0,0,0,0,0,0,0,0,0,-143.50006103515625,1,0,0,0,149.75,0,0,1,0,0,0,3049
1008,0,16,5000,500,910,0,0,0,0,0,0,0,0,0,0,-143.50006103515625,1,0,0,0,149.75,0,0,1,0,0,0,3049
1009,0,17,5000,500,910,0,0,0,0,0,0,0,0,0,0,-143.50006103515625,1,0,0,0,149.75,0,0,1,0,0,0,3049
1010,0,18,5000,500,910,0,0,0,0,0,0,0,0,0,0,-143.50006103515625,1,0,0,0,149.75,0,0,1,0,0,0,3049
1011,0,19,5000,500,910,0,0,0,0,0,0,0,0,0,0,-143.50006103515625,1,0,0,0,149.75,0,0,1,0,0,0,3049
1012,0,20,5000,500,910,0,0,0,0,0,0,0,0,0,0,-143.50006103515625,1,0,0,0,149.75,0,0,1,0,0,0,3049
1013,0,21,5000,500,910,0,0,0,0,0,0,0,0,0,0,-143.50006103515625,1,0,0,0,149.75,0,0,1,0,0,0,3049
1014,0,22,5000,500,910,0,0,0,0,0,0,0,0,0,0,-143.50006103515625,1,0,0,0,149.75,0,0,1,0,0,0,3049
1015,0,23,5000,500,910,0,0,0,0,0,0,0,0,0,0,-143.50006103515625,1,0,0,0,149.75,0,0,1,0,0,0,3049
1016,0,24,5000,500,910,0,0,0,0,0,0,0,0,0,0,-143.50006103515625,1,0,0,0,149.75,0,0,1,0,0,0,3049
1017,0,25,5000,500,910,0,0,0,0,0,0,0,0,0,0,-143.50006103515625,1,0,0,0,149.75,0,0,1,0,0,0,3049
1018,0,26,5000,500,910,0,0,0,0,0,0,0,0,0,0,-143.50006103515625,1,0,0,0,149.75,0,0,1,0,0,0,3049
1019,0,27,5000,500,910,0,0,0,0,0,0,0,0,0,0,-143.50006103515625,1,0,0,0,149.75,0,0,1,0,0,0,3049
1020,0,28,5000,500,910,0,0,0,0,0,0,0,0,0,0,-143.50006103515625,1,0,0,0,149.75,0,0,1,0,0,0,3049
1021,0,29,5000,500,910,0,0,0,0,0,0,0,0,0,0,-143.50006103515625,1,0,0,0,149.75,0,0,1,0,0,0,3049
1022,0,30,5000,500,910,0,0,0,0,0,0,0,0,0,0,-143.50006103515625,1,0,0,0,149.75,0,0,1,0,0,0,3049
1023,0,31,5000,500,910,0,0,0,0,0,0,0,0,0,0,-143.50006103515625,1,0,0,0,149.75,0,0,1,0,0,0,3049
1024,0,32,5000,500,910,0,0,0,0,0,0,0,0,0,0,-143.50006103515625,1,0,0,0,149.75,0,0,1,0,0,0,3049
1025,0,33,5000,500,910,0,0,0,0,0,0,0,0,0,0,-143.50006103515625,1,0,0,0,149.75,0,0,1,0,0,0,3049
1026,0,34,5000,500,910,0,0,0,0,0,0,0,0,0,0,-143.50006103515625,1,0,0,0,149.75,0,0,1,0,0,0,3049
1027,0,35,5000,500,910,0,0,0,0,0,0,0,0,0,0,-143.50006103515625,1,0,0,0,149.75,0,0,1,0,0,0,3049
1028,0,36,5000,500,910,0,0,0,0,0,0,0,0,0,0,-143.50006103515625,1,0,0,0,149.75,0,0,1,0,0,0,3049
1029,0,37,5000,500,910,0,0,0,0,0,0,0,0,0,0,-143.50006103515625,1,0,0,0,149.75,0,0,1,0,0,0,3049
1030,0,38,5000,500,910,0,0,0,0,0,0,0,0,0,0,-143.50006103515625,1,0,0,0,149.75,0,0,1,0,0,0,3049
1031,0,39,5000,500,910,0,0,0,0,0,0,0,0,0,0,-143.50006103515625,1,0,0,0,149.75,0,0,1,0,0,0,3049
1032,0,40,5000,500,910,0,0,0,0,0,0,0,0,0,0,-143.50006103515625,1,0,0,0,149.75,0,0,1,0,0,0,3049
1033,0,41,5000,500,910,0,0,0,0,0,0,0,0,0,0,-143.50006103515625,1,0,0,0,149.75,0,0,1,0,0,0,3049
1034,0,42,5000,500,910,0,0,0,0,0,0,0,0,0,0,-143.50006103515625,1,0,0,0,149.75,0,0,1,0,0,0,3049
1035,0,43,5000,500,910,0,0,0,0,0,0,0,0,0,0,-143.50006103515625,1,0,0,0,149.75,0,0,1,0,0,0,3049
1036,0,44,5000,500,910,0,0,0,0,0,0,0,0,0,0,-143.50006103515625,1,0,0,0,149.75,0,0,1,0,0,0,3049
1037,0,45,5000,500,910,0,0,0,0,0,0,0,0,0,0,-143.50006103515625,1,0,0,0,149.75,0,0,1,0,0,0,3049
1038,0,46,5000,500,910,0,0,0,0,0,0,0,0,0,0,-143.50006103515625,1,0,0,0,149.75,0,0,1,0,0,0,3049
1039,0,47,5000,500,910,0,0,0,0,0,0,0,0,0,0,-143.50006103515625,1,0,0,0,149.75,0,0,1,0,0,0,3049
1040,0,48,5000,500,910,0,0,0,0,0,0,0,0,0,0,-143.50006103515625,1,0,0,0,149.75,0,0,1,0,0,0,3049
1041,0,49,5000,500,910,0,0,0,0,0,0,0,0,0,0,-143.50006103515625,1,0,0,0,149.75,0,0,1,0,0,0,3049
1042,0,50,5000,500,910,0,0,0,0,0,0,0,0,0,0,-143.50006103515625,1,0,0,0,149.75,0,0,1,0,0,0,3049
1043,0,51,5000,500,910,0,0,0,0,0,0,0,0,0,0,-143.50006103515625,1,0,0,0,149.75,0,0,1,0,0,0,3049
1044,0,52,5000,500,910,0,0,0,0,0,0,0,0,0,0,-143.50006103515625,1,0,0,0,149.75,0,0,1,0,0,0,3049
1045,0,53,5000,500,910,0,0,0,0,0,0,0,0,0,0,-143.50006103515625,1,0,0,0,149.75,0,0,1,0,0,0,3049
1046,0,54,5000,500,910,0,0,0,0,0,0,0,0,0,0,-143.50006103515625,1,0,0,0,149.75,0,0,1,0,0,0,3049
1047,0,55,5000,500,910,0,0,0,0,0,0,0,0,0,0,-143.50006103515625,1,0,0,0,149.75,0,0,1,0,0,0,3049
1048,0,56,5000,500,910,0,0,0,0,0,0,0,0,0,0,-143.50006103515625,1,0,0,0,149.75,0,0,1,0,0,0,3049
1049,0,57,5000,500,910,0,0,0,0,0,0,0,0,0,0,-143.50006103515625,1,0,0,0,149.75,0,0,1,0,0,0,3049
1050,0,58,5000,500,910,0,0,0,0,0,0,0,0,0,0,-143.50006103515625,1,0,0,0,149.75,0,0,1,0,0,0,3049
1051,0,59,5000,500,910,0,0,0,0,0,0,0,0,0,0,-143.50006103515625,1,0,0,0,149.75,0,0,1,0,0,0,3049
1052,0,60,5000,500,910,0,0,0,0,0,0,0,0,0,0,-143.50006103515625,1,0,0,0,149.75,0,0,1,0,0,0,3049
1053,0,61,5000,500,910,0,0,0,0,0,0,0,0,0,0,-143.50006103515625,1,0,0,0,149.75,0,0,1,0,0,0,3049
1054,0,62,5000,500,910,0,0,0,0,0,0,0,0,0,0,-143.50006103515625,1,0,0,0,149.75,0,0,1,0,0,0,3049
1055,0,63,5000,500,910,0,0,0,0,0,0,0,0,0,0,-143.50006103515625,1,0,0,0,149.75,0,0,1,0,0,0,3049
1056,0,64,5000,500,910,0,0,0,0,0,0,0,0,0,0,-143.50006103515625,1,0,0,0,149.75,0,0,1,0,0,0,3049
1057,0,65,5000,500,910,0,0,0,0,0,0,0,0,0,0,-143.50006103515625,1,0,0,0,149.75,0,0,1,0,0,0,3049
1058,0,66,5000,500,910,0,0,0,0,0,0,0,0,0,0,-143.50006103515625,1,0,0,0,149.75,0,0,1,0,0,0,3049
1059,0,67,5000,500,910,0,0,0,0,0,0,0,0,0,0,-143.50006103515625,1,0,0,0,149.75,0,0,1,0,0,0,3049
1060,0,68,5000,500,910,0,0,0,0,0,0,0,0,0,0,-143.50006103515625,1,0,0,0,149.75,0,0,1,0,0,0,3049
1061,0,69,5000,500,910,0,0,0,0,0,0,0,0,0,0,-143.50006103515625,1,0,0,0,149.75,0,0,1,0,0,0,3049
1062,0,70,5000,500,910,0,0,0,0,0,0,0,0,0,0,-143.50006103515625,1,0,0,0,149.75,0,0,1,0,0,0,3049
1063,0,71,5000,500,910,0,0,0,0,0,0,0,0,0,0,-143.50006103515625,1,0,0,0,149.75,0,0,1,0,0,0,3049
1064,0,72,5000,500,910,0,0,0,0,0,0,0,0,0,0,-143.50006103515625,1,0,0,0,149.75,0,0,1,0,0,0,3049
1065,0,73,5000,500,910,0,0,0,0,0,0,0,0,0,0,-143.50006103515625,1,0,0,0,149.75,0,0,1,0,0,0,3049
1066,0,74,5000,500,910,0,0,0,0,0,0,0,0,0,0,-143.50006103515625,1,0,0,0,149.75,0,0,1,0,0,0,3049
1067,0,75,5000,500,910,0,0,0,0,0,0,0,0,0,0,-143.50006103515625,1,0,0,0,149.75,0,0,1,0,0,0,3049
1068,0,76,5000,500,910,0,0,0,0,0,0,0,0,0,0,-143.50006103515625,1,0,0,0,149.75,0,0,1,0,0,0,3049
1069,0,77,5000,500,910,0,0,0,0,0,0,0,0,0,0,-143.50006103515625,1,0,0,0,149.75,0,0,1,0,0,0,3049
1070,0,78,5000,500,910,0,0,0,0,0,0,0,0,0,0,-143.50006103515625,1,0,0,0,149.75,0,0,1,0,0,0,3049
1071,0,79,5000,500,910,0,0,0,0,0,0,0,0,0,0,-143.50006103515625,1,0,0,0,149.75,0,0,1,0,0,0,3049
1072,0,80,5000,500,910,0,0,0,0,0,0,0,0,0,0,-143.50006103515625,1,0,0,0,149.75,0,0,1,0,0,0,3049
1073,0,81,5000,500,910,0,0,0,0,0,0,0,0,0,0,-143.50006103515625,1,0,0,0,149.75,0,0,1,0,0,0,3049
1074,0,82,5000,500,910,0,0,0,0,0,0,0,0,0,0,-143.50006103515625,1,0,0,0,149.75,0,0,1,0,0,0,3049
1075,0,83,5000,500,910,0,0,0,0,0,0,0,0,0,0,-143.50006103515625,1,0,0,0,149.75,0,0,1,0,0,0,3049
1076,0,84,5000,500,910,0,0,0,0,0,0,0,0,0,0,-143.50006103515625,1,0,0,0,149.75,0,0,1,0,0,0,3049
1077,0,85,5000,500,910,0,0,0,0,0,0,0,0,0,0,-143.50006103515625,1,0,0,0,149.75,0,0,1,0,0,0,3049
1078,0,86,5000,500,910,0,0,0,0,0,0,0,0,0,0,-143.50006103515625,1,0,0,0,149.75,0,0,1,0,0,0,3049
1079,0,87,5000,500,910,0,0,0,0,0,0,0,0,0,0,-143.50006103515625,1,0,0,0,149.75,0,0,1,0,0,0,3049
1080,0,88,5000,500,910,0,0,0,0,0,0,0,0,0,0,-143.50006103515625,1,0,0,0,149.75,0,0,1,0,0,0,3049
1081,0,89,5000,500,910,0,0,0,0,0,0,0,0,0,0,-143.50006103515625,1,0,0,0,149.75,0,0,1,0,0,0,3049
1082,0,90,5000,500,910,0,0,0,0,0,0,0,0,0,0,-143.50006103515625,1,0,0,0,149.75,0,0,1,0,0,0,3049
1083,0,91,5000,500,910,0,0,0,0,0,0,0,0,0,0,-143.50006103515625,1,0,0,0,149.75,0,0,1,0,0,0,3049
1084,0,92,5000,500,910,0,0,0,0,0,0,0,0,0,0,-143.50006103515625,1,0,0,0,149.75,0,0,1,0,0,0,3049
1085,0,93,5000,500,910,0,0,0,0,0,0,0,0,0,0,-143.50006103515625,1,0,0,0,149.75,0,0,1,0,0,0,3049
1086,0,94,5000,500,910,0,0,0,0,0,0,0,0,0,0,-143.50006103515625,1,0,0,0,149.75,0,0,1,0,0,0,3049
1087,0,95,5000,500,910,0,0,0,0,0,0,0,0,0,0,-143.50006103515625,1,0,0,0,149.75,0,0,1,0,0,0,3049
1088,0,96,5000,500,910,0,0,0,0,0,0,0,0,0,0,-143.50006103515625,1,0,0,0,149.75,0,0,1,0,0,0,3049
1089,0,97,5000,500,910,0,0,0,0,0,0,0,0,0,0,-143.50006103515625,1,0,0,0,149.75,0,0,1,0,0,0,3049
1090,0,98,5000,500,910,0,0,0,0,0,0,0,0,0,0,-143.50006103515625,1,0,0,0,149.75,0,0,1,0,0,0,3049
1091,0,99,5000,500,910,0,0,0,0,0,0,0,0,0,0,-143.50006103515625,1,0,0,0,149.75,0,0,1,0,0,0,3049
1092,0,100,5000,500,910,0,0,0,0,0,0,0,0,0,0,-143.50006103515625,1,0,0,0,149.75,0,0,1,0,0,0,3049
1093,0,101,5000,500,910,0,0,0,0,0,0,0,0,0,0,-143.50006103515625,1,0,0,0,149.75,0,0,1,0,0,0,3049
1094,0,102,5000,500,910,0,0,0,0,0,0,0,0,0,0,-143.50006103515625,1,0,0,0,149.75,0,0,1,0,0,0,3049
1095,0,103,5000,500,910,0,0,0,0,0,0,0,0,0,0,-143.50006103515625,1,0,0,0,149.75,0,0,1,0,0,0,3049
1096,0,104,5000,500,910,0,0,0,0,0,0,0,0,0,0,-143.50006103515625,1,0,0,0,149.75,0,0,1,0,0,0,3049
1097,0,105,5000,500,910,0,0,0,0,0,0,0,0,0,0,-143.50006103515625,1,0,0,0,149.75,0,0,1,0,0,0,3049
1098,0,106,5000,500,910,0,0,0,0,0,0,0,0,0,0,-143.50006103515625,1,0,0,0,149.75,0,0,1,0,0,0,3049
1099,0,107,5000,500,910,0,0,0,0,0,0,0,0,0,0,-143.50006103515625,1,0,0,0,149.75,0,0,1,0,0,0,3049
1100,0,108,5000,500,910,0,0,0,0,0,0,0,0,0,0,-143.50006103515625,1,0,0,0,149.75,0,0,1,0,0,0,3049
1101,0,109,5000,500,910,0,0,0,0,0,0,0,0,0,0,-143.50006103515625,1,0,0,0,149.75,0,0,1,0,0,0,3049
1102,0,110,5000,500,910,0,0,0,0,0,0,0,0,0,0,-143.50006103515625,1,0,0,0,149.75,0,0,1,0,0,0,3049
1103,0,111,5000,500,910,0,0,0,0,0,0,0,0,0,0,-143.50006103515625,1,0,0,0,149.75,0,0,1,0,0,0,3049
1104,0,112,5000,500,910,0,0,0,0,0,0,0,0,0,0,-143.50006103515625,1,0,0,0,149.75,0,0,1,0,0,0,3049
1105,0,113,5000,500,910,0,0,0,0,0,0,0,0,0,0,-143.50006103515625,1,0,0,0,149.75,0,0,1,0,0,0,3049
1106,0,114,5000,500,910,0,0,0,0,0,0,0,0,0,0,-143.50006103515625,1,0,0,0,149.75,0,0,1,0,0,0,3049
1107,0,115,5000,500,910,0,0,0,0,0,0,0,0,0,0,-143.50006103515625,1,0,0,0,149.75,0,0,1,0,0,0,3049
1108,0,116,5000,500,910,0,0,0,0,0,0,0,0,0,0,-143.50006103515625,1,0,0,0,149.75,0,0,1,0,0,0,3049
1109,0,117,5000,500,910,0,0,0,0,0,0,0,0,0,0,-143.50006103515625,1,0,0,0,149.75,0,0,1,0,0,0,3049
1110,0,118,5000,500,910,0,0,0,0,0,0,0,0,0,0,-143.50006103515625,1,0,0,0,149.75,0,0,1,0,0,0,3049
1111,0,119,5000,500,910,0,0,0,0,0,0,0,0,0,0,-143.50006103515625,1,0,0,0,149.75,0,0,1,0,0,0,3049
1112,0,120,5000,500,910,0,0,0,0,0,0,0,0,0,0,-143.50006103515625,1,0,0,0,149.75,0,0,1,0,0,0,3049
1113,0,121,5000,500,910,0,0,0,0,0,0,0,0,0,0,-143.50006103515625,1,0,0,0,149.75,0,0,1,0,0,0,3049
1114,0,122,5000,500,910,0,0,0,0,0,0,0,0,0,0,-143.50006103515625,1,0,0,0,149.75,0,0,1,0,0,0,3049
1115,0,123,5000,500,910,0,0,0,0,0,0,0,0,0,0,-143.50006103515625,1,0,0,0,149.75,0,0,1,0,0,0,3049
1116,0,124,5000,500,910,0,0,0,0,0,0,0,0,0,0,-143.50006103515625,1,0,0,0,149.75,0,0,1,0,0,0,3049
1117,0,125,5000,500,910,0,0,0,0,0,0,0,0,0,0,-143.50006103515625,1,0,0,0,149.75,0,0,1,0,0,0,3049
1118,0,126,5000,500,910,0,0,0,0,0,0,0,0,0,0,-143.50006103515625,1,0,0,0,149.75,0,0,1,0,0,0,3049
1119,0,127,5000,500,910,0,0,0,0,0,0,0,0,0,0,-143.50006103515625,1,0,0,0,149.75,0,0,1,0,0,0,3049
1120,0,128,5000,500,910,0,0,0,0,0,0,0,0,0,0,-143.50006103515625,1,0,0,0,149.75,0,0,1,0,0,0,3049
1121,0,129,5000,500,910,0,0,0,0,0,0,0,0,0,0,-143.50006103515625,1,0,0,0,149.75,0,0,1,0,0,0,3049
1122,0,130,5000,500,910,0,0,0,0,0,0,0,0,0,0,-143.50006103515625,1,0,0,0,149.75,0,0,1,0,0,0,3049
1123,0,131,5000,500,910,0,0,0,0,0,0,0,0,0,0,-143.50006103515625,1,0,0,0,149.75,0,0,1,0,0,0,3049
1124,0,132,5000,500,910,0,0,0,0,0,0,0,0,0,0,-143.50006103515625,1,0,0,0,149.75,0,0,1,0,0,0,3049
1125,0,133,5000,500,910,0,0,0,0,0,0,0,0,0,0,-143.50006103515625,1,0,0,0,149.75,0,0,1,0,0,0,3049
1126,0,134,5000,500,910,0,0,0,0,0,0,0,0,0,0,-143.50006103515625,1,0,0,0,149.75,0,0,1,0,0,0,3049
1127,0,135,5000,500,910,0,0,0,0,0,0,0,0,0,0,-143.50006103515625,1,0,0,0,149.75,0,0,1,0,0,0,3049
1128,0,136,5000,500,910,0,0,0,0,0,0,0,0,0,0,-143.50006103515625,1,0,0,0,149.75,0,0,1,0,0,0,3049
1129,0,137,5000,500,910,0,0,0,0,0,0,0,0,0,0,-143.50006103515625,1,0,0,0,149.75,0,0,1,0,0,0,3049
1130,0,138,5000,500,910,0,0,0,0,0,0,0,0,0,0,-143.50006103515625,1,0,0,0,149.75,0,0,1,0,0,0,3049
1131,0,139,5000,500,910,0,0,0,0,0,0,0,0,0,0,-143.50006103515625,1,0,0,0,149.75,0,0,1,0,0,0,3049
1132,0,140,5000,500,910,0,0,0,0,0,0,0,0,0,0,-143.50006103515625,1,0,0,0,149.75,0,0,1,0,0,0,3049
1133,0,141,5000,500,910,0,0,0,0,0,0,0,0,0,0,-143.50006103515625,1,0,0,0,149.75,0,0,1,0,0,0,3049
1134,0,142,5000,500,910,0,0,0,0,0,0,0,0,0,0,-143.50006103515625,1,0,0,0,149.75,0,0,1,0,0,0,3049
1135,0,143,5000,500,910,0,0,0,0,0,0,0,0,0,0,-143.50006103515625,1,0,0,0,149.75,0,0,1,0,0,0,3049
1136,0,144,5000,500,910,0,0,0,0,0,0,0,0,0,0,-143.50006103515625,1,0,0,0,149.75,0,0,1,0,0,0,3049
1137,0,145,5000,500,910,0,0,0,0,0,0,0,0,0,0,-143.50006103515625,1,0,0,0,149.75,0,0,1,0,0,0,3049
1138,0,146,5000,500,910,0,0,0,0,0,0,0,0,0,0,-143.50006103515625,1,0,0,0,149.75,0,0,1,0,0,0,3049
1139,0,147,5000,500,910,0,0,0,0,0,0,0,0,0,0,-143.50006103515625,1,0,0,0,149.75,0,0,1,0,0,0,3049
1140,0,148,5000,500,910,0,0,0,0,0,0,0,0,0,0,-143.50006103515625,1,0,0,0,149.75,0,0,1,0,0,0,3049
1141,0,149,5000,500,910,0,0,0,0,0,0,0,0,0,0,-143.50006103515625,1,0,0,0,149.75,0,0,1,0,0,0,3049
1142,0,150,5000,500,910,0,0,0,0,0,0,0,0,0,0,-143.50006103515625,1,0,0,0,149.75,0,0,1,0,0,0,3049
1143,0,151,5000,500,910,0,0,0,0,0,0,0,0,0,0,-143.50006103515625,1,0,0,0,149.75,0,0,1,0,0,0,3049
1144,0,152,5000,500,910,0,0,0,0,0,0,0,0,0,0,-143.50006103515625,1,0,0,0,149.75,0,0,1,0,0,0,3049
1145,0,153,5000,500,910,0,0,0,0,0,0,0,0,0,0,-143.50006103515625,1,0,0,0,149.75,0,0,1,0,0,0,3049
1146,0,154,5000,500,910,0,0,0,0,0,0,0,0,0,0,-143.50006103515625,1,0,0,0,149.75,0,0,1,0,0,0,3049
1147,0,155,5000,500,910,0,0,0,0,0,0,0,0,0,0,-143.50006103515625,1,0,0,0,149.75,0,0,1,0,0,0,3049
1148,0,156,5000,500,910,0,0,0,0,0,0,0,0,0,0,-143.50006103515625,1,0,0,0,149.75,0,0,1,0,0,0,3049
1149,0,157,5000,500,910,0,0,0,0,0,0,0,0,0,0,-143.50006103515625,1,0,0,0,149.75,0,0,1,0,0,0,3049
1150,0,158,5000,500,910,0,0,0,0,0,0,0,0,0,0,-143.50006103515625,1,0,0,0,149.75,0,0,1,0,0,0,3049
1151,0,159,5000,500,910,0,0,0,0,0,0,0,0,0,0,-143.50006103515625,1,0,0,0,149.75,0,0,1,0,0,0,3049
1152,0,160,5000,500,910,0,0,0,0,0,0,0,0,0,0,-143.50006103515625,1,0,0,0,149.75,0,0,1,0,0,0,3049
1153,0,161,5000,500,910,0,0,0,0,0,0,0,0,0,0,-143.50006103515625,1,0,0,0,149.75,0,0,1,0,0,0,3049
1154,0,162,5000,500,910,0,0,0,0,0,0,0,0,0,0,-143.50006103515625,1,0,0,0,149.75,0,0,1,0,0,0,3049
1155,0,163,5000,500,910,0,0,0,0,0,0,0,0,0,0,-143.50006103515625,1,0,0,0,149.75,0,0,1,0,0,0,3049
1156,0,164,5000,500,910,0,0,0,0,0,0,0,0,0,0,-143.50006103515625,1,0,0,0,149.75,0,0,1,0,0,0,3049
1157,0,165,5000,500,910,0,0,0,0,0,0,0,0,0,0,-143.50006103515625,1,0,0,0,149.75,0,0,1,0,0,0,3049
1158,0,166,5000,500,910,0,0,0,0,0,0,0,0,0,0,-143.50006103515625,1,0,0,0,149.75,0,0,1,0,0,0,3049
1159,0,167,5000,500,910,0,0,0,0,0,0,0,0,0,0,-143.50006103515625,1,0,0,0,149.75,0,0,1,0,0,0,3049
1160,0,168,5000,500,910,0,0,0,0,0,0,0,0,0,0,-143.50006103515625,1,0,0,0,149.75,0,0,1,0,0,0,3049
1161,0,169,5000,500,910,0,0,0,0,0,0,0,0,0,0,-143.50006103515625,1,0,0,0,149.75,0,0,1,0,0,0,3049
1162,0,170,5000,500,910,0,0,0,0,0,0,0,0,0,0,-143.50006103515625,1,0,0,0,149.75,0,0,1,0,0,0,3049
1163,0,171,5000,500,910,0,0,0,0,0,0,0,0,0,0,-143.50006103515625,1,0,0,0,149.75,0,0,1,0,0,0,3049
1164,0,172,5000,500,910,0,0,0,0,0,0,0,0,0,0,-143.50006103515625,1,0,0,0,149.75,0,0,1,0,0,0,3049
1165,0,173,5000,500,910,0,0,0,0,0,0,0,0,0,0,-143.50006103515625,1,0,0,0,149.75,0,0,1,0,0,0,3049
1166,0,174,5000,500,910,0,0,0,0,0,0,0,0,0,0,-143.50006103515625,1,0,0,0,149.75,0,0,1,0,0,0,3049
1167,0,175,5000,500,910,0,0,0,0,0,0,0,0,0,0,-143.50006103515625,1,0,0,0,149.75,0,0,1,0,0,0,3049
1168,0,176,5000,500,910,0,0,0,0,0,0,0,0,0,0,-143.50006103515625,1,0,0,0,149.75,0,0,1,0,0,0,3049
1169,0,177,5000,500,910,0,0,0,0,0,0,0,0,0,0,-143.50006103515625,1,0,0,0,149.75,0,0,1,0,0,0,3049
1170,0,178,5000,500,910,0,0,0,0,0,0,0,0,0,0,-143.50006103515625,1,0,0,0,149.75,0,0,1,0,0,0,3049
1171,0,179,5000,500,910,0,0,0,0,0,0,0,0,0,0,-143.50006103515625,1,0,0,0,149.75,0,0,1,0,0,0,3049
1172,0,180,5000,500,910,0,0,0,0,0,0,0,0,0,0,-143.50006103515625,1,0,0,0,149.75,0,0,1,0,0,0,3049
1173,0,181,5000,500,910,0,0,0,0,0,0,0,0,0,0,-143.50006103515625,1,0,0,0,149.75,0,0,1,0,0,0,3049
1174,0,182,5000,500,910,0,0,0,0,0,0,0,0,0,0,-143.50006103515625,1,0,0,0,149.75,0,0,1,0,0,0,3049
1175,0,183,5000,500,910,0,0,0,0,0,0,0,0,0,0,-143.50006103515625,1,0,0,0,149.75,0,0,1,0,0,0,3049
1176,0,184,5000,500,910,0,0,0,0,0,0,0,0,0,0,-143.50006103515625,1,0,0,0,149.75,0,0,1,0,0,0,3049
1177,0,185,5000,500,910,0,0,0,0,0,0,0,0,0,0,-143.50006103515625,1,0,0,0,149.75,0,0,1,0,0,0,3049
1178,0,186,5000,500,910,0,0,0,0,0,0,0,0,0,0,-143.50006103515625,1,0,0,0,149.75,0,0,1,0,0,0,3049
1179,0,187,5000,500,910,0,0,0,0,0,0,0,0,0,0,-143.50006103515625,1,0,0,0,149.75,0,0,1,0,0,0,3049
1180,0,188,5000,500,910,0,0,0,0,0,0,0,0,0,0,-143.50006103515625,1,0,0,0,149.75,0,0,1,0,0,0,3049
1181,0,189,5000,500,910,0,0,0,0,0,0,0,0,0,0,-143.50006103515625,1,0,0,0,149.75,0,0,1,0,0,0,3049
1182,0,190,5000,500,910,0,0,0,0,0,0,0,0,0,0,-143.50006103515625,1,0,0,0,149.75,0,0,1,0,0,0,3049
1183,0,191,5000,500,910,0,0,0,0,0,0,0,0,0,0,-143.50006103515625,1,0,0,0,149.75,0,0,1,0,0,0,3049
1184,0,192,5000,500,910,0,0,0,0,0,0,0,0,0,0,-143.50006103515625,1,0,0,0,149.75,0,0,1,0,0,0,3049
1185,0,193,5000,500,910,0,0,0,0,0,0,0,0,0,0,-143.50006103515625,1,0,0,0,149.75,0,0,1,0,0,0,3049
1186,0,194,5000,500,910,0,0,0,0,0,0,0,0,0,0,-143.50006103515625,1,0,0,0,149.75,0,0,1,0,0,0,3049
1187,0,195,5000,500,910,0,0,0,0,0,0,0,0,0,0,-143.50006103515625,1,0,0,0,149.75,0,0,1,0,0,0,3049
1188,0,196,5000,500,910,0,0,0,0,0,0,0,0,0,0,-143.50006103515625,1,0,0,0,149.75,0,0,1,0,0,0,3049
1189,0,197,5000,500,910,0,0,0,0,0,0,0,0,0,0,-143.50006103515625,1,0,0,0,149.75,0,0,1,0,0,0,3049
1190,0,198,5000,500,910,0,0,0,0,0,0,0,0,0,0,-143.50006103515625,1,0,0,0,149.75,0,0,1,0,0,0,3049
1191,0,199,5000,500,910,0,0,0,0,0,0,0,0,0,0,-143.50006103515625,1,0,0,0,149.75,0,0,1,0,0,0,3049
1192,0,200,5000,500,910,0,0,0,0,0,0,0,0,0,0,-143.50006103515625,1,0,0,0,149.75,0,0,1,0,0,0,3049
1193,0,201,5000,500,910,0,0,0,0,0,0,0,0,0,0,-143.50006103515625,1,0,0,0,149.75,0,0,1,0,0,0,3049
1194,0,202,5000,500,910,0,0,0,0,0,0,0,0,0,0,-143.50006103515625,1,0,0,0,149.75,0,0,1,0,0,0,3049
1195,0,203,5000,500,910,0,0,0,0,0,0,0,0,0,0,-143.50006103515625,1,0,0,0,149.75,0,0,1,0,0,0,3049
1196,0,204,5000,500,910,0,0,0,0,0,0,0,0,0,0,-143.50006103515625,1,0,0,0,149.75,0,0,1,0,0,0,3049
1197,0,205,5000,500,910,0,0,0,0,0,0,0,0,0,0,-143.50006103515625,1,0,0,0,149.75,0,0,1,0,0,0,3049
1198,0,206,5000,500,910,0,0,0,0,0,0,0,0,0,0,-143.50006103515625,1,0,0,0,149.75,0,0,1,0,0,0,3049
1199,0,207,5000,500,910,0,0,0,0,0,0,0,0,0,0,-143.50006103515625,1,0,0,0,149.75,0,0,1,0,0,0,3049
1200,0,208,5000,500,910,0,0,0,0,0,0,0,0,0,0,-143.50006103515625,1,0,0,0,149.75,0,0,1,0,0,0,3049
1201,0,209,5000,500,910,0,0,0,0,0,0,0,0,0,0,-143.50006103515625,1,0,0,0,149.75,0,0,1,0,0,0,3049
1202,0,210,5000,500,910,0,0,0,0,0,0,0,0,0,0,-143.50006103515625,1,0,0,0,149.75,0,0,1,0,0,0,3049
1203,0,211,5000,500,910,0,0,0,0,0,0,0,0,0,0,-143.50006103515625,1,0,0,0,149.75,0,0,1,0,0,0,3049
1204,0,212,5000,500,910,0,0,0,0,0,0,0,0,0,0,-143.50006103515625,1,0,0,0,149.75,0,0,1,0,0,0,3049
1205,0,213,5000,500,910,0,0,0,0,0,0,0,0,0,0,-143.50006103515625,1,0,0,0,149.75,0,0,1,0,0,0,3049
1206,0,214,5000,500,910,0,0,0,0,0,0,0,0,0,0,-143.50006103515625,1,0,0,0,149.75,0,0,1,0,0,0,3049
1207,0,215,5000,500,910,0,0,0,0,0,0,0,0,0,0,-143.50006103515625,1,0,0,0,149.75,0,0,1,0,0,0,3049
1208,0,216,5000,500,910,0,0,0,0,0,0,0,0,0,0,-143.50006103515625,1,0,0,0,149.75,0,0,1,0,0,0,3049
1209,0,217,5000,500,910,0,0,0,0,0,0,0,0,0,0,-143.50006103515625,1,0,0,0,149.75,0,0,1,0,0,0,3049
1210,0,1,3000,500,1000,0,0,0,0,0,0,0,0,0,0,-145.0028533935547,1,0,0,0,149.75,0,0,0,0,0,0,1000
1211,0,2,3000,500,1000,0,0,0,0,0,0,0,0,0,0,-145.0028533935547,1,0,0,0,149.75,0,0,0,0,0,0,1000
1212,0,3,3000,500,1000,0,0,0,0,0,0,0,0,0,0,-145.0028533935547,1,0,0,0,149.75,0,0,0,0,0,0,1000
1213,0,4,3000,500,1000,0,0,0,0,0,0,0,0,0,0,-145.0028533935547,1,0,0,0,149.75,0,0,0,0,0,0,1000
1214,0,5,3000,500,1000,0,0,0,0,0,0,0,0,0,0,-145.0028533935547,1,0,0,0,149.75,0,0,0,0,0,0,1000
1215,0,6,3000,500,1000,0,0,0,0,0,0,0,0,0,0,-145.0028533935547,1,0,0,0,149.75,0,0,0,0,0,0,1000
1216,0,7,3000,500,1000,0,0,0,0,0,0,0,0,0,0,-145.0028533935547,1,0,0,0,149.75,0,0,0,0,0,0,1000
1217,0,8,3000,500,1000,0,0,0,0,0,0,0,0,0,0,-145.0028533935547,1,0,0,0,149.75,0,0,0,0,0,0,1000
1218,0,9,3000,500,1000,0,0,0,0,0,0,0,0,0,0,-145.0028533935547,1,0,0,0,149.75,0,0,0,0,0,0,1000
1219,10,1,3000,500,1000,0,0,0,0,0,0,0,0,0,0,-145.0028533935547,1,0,0,0,149.75,0,0,0,0,0,0,1000
1220,10,2,3000,500,1000,0,0,0,0,0,0,0,0,0,0,-145.0028533935547,1,0,0,0,149.75,0,0,0,0,0,0,1000
1221,10,3,3000,500,1000,0,0,0,0,0,0,0,0,0,0,-145.0028533935547,1,0,0,0,149.75,0,0,0,0,0,0,1000
1222,10,4,3000,500,1000,0,0,0,0,0,0,0,0,0,0,-145.0028533935547,1,0,0,0,149.75,0,0,0,0,0,0,1000
1223,10,5,3000,500,1000,0,0,0,0,0,0,0,0,0,0,-145.0028533935547,1,0,0,0,149.75,0,0,0,0,0,0,1000
1224,10,6,3000,500,1000,0,0,0,0,0,0,0,0,0,0,-145.0028533935547,1,0,0,0,149.75,0,0,0,0,0,0,1000
1225,1040,1,2900,500,1000,0,0,180,0,0,0,0,0,0,0,-145.0028533935547,1,0,0,0,149.75,0,0,0,0,0,0,1000
1226,1040,2,2900,500,1000,0,0,179,0,0,0,0,0,0,0,-145.0028533935547,1,0,0,0,149.75,0,0,0,0,0,0,1000
1227,1040,3,2900,500,1000,0,0,178,0,0,0,0,0,0,0,-145.0028533935547,1,0,0,0,149.75,0,0,0,0,0,0,1000
1228,1040,4,2900,500,1000,0,0,177,0,0,0,0,0,0,0,-140.5028533935547,1,0,0,0,149.75,0,0,0,0,0,0,1000
1229,1040,5,2900,500,1000,0,0,176,0,0,0,0,0,0,0,-140.5028533935547,1,0,0,0,145.25,0,0,0,0,0,0,1000
1230,1040,6,2900,500,1000,0,0,175,0,0,0,0,0,0,0,-140.5028533935547,1,0,0,0,140.75,0,0,0,0,0,0,1000
1231,1040,7,2900,500,1000,0,0,174,0,0,0,0,0,0,0,-140.5028533935547,1,0,0,0,136.25,0,0,0,0,0,0,1000
1232,1040,8,2900,500,1000,0,0,173,0,0,0,0,0,0,0,-140.5028533935547,1,0,0,0,131.75,0,0,0,0,0,0,1000
1233,1040,9,2900,500,1000,0,0,172,0,0,0,0,0,0,0,-140.5028533935547,1,0,0,0,127.25,0,0,0,0,0,0,1000
1234,1040,10,2900,500,1000,0,0,171,0,0,0,0,0,0,0,-140.5028533935547,1,0,0,0,122.75,0,0,0,0,0,0,1000
1235,1040,11,2900,500,1000,0,0,170,0,0,0,0,0,0,0,-140.5028533935547,1,0,0,0,118.25,0,0,0,0,0,0,1000
1236,1040,12,2900,500,1000,0,0,169,0,0,0,0,0,0,0,-140.5028533935547,1,0,0,0,113.75,0,0,0,0,0,0,1000
1237,1040,13,2900,500,1000,0,0,168,0,0,0,0,0,0,0,-140.5028533935547,1,0,0,0,109.25,0,0,0,0,0,0,1000
1238,1040,14,2900,500,1000,0,0,167,0,0,0,0,0,0,0,-140.5028533935547,1,0,0,0,104.75,0,0,0,0,0,0,1000
1239,1040,15,2900,500,1000,0,0,166,0,0,0,0,0,0,0,-140.5028533935547,1,0,0,0,100.25,0,0,0,0,0,0,1000
1240,1040,16,2900,500,1000,0,0,165,0,0,0,0,0,0,0,-140.5028533935547,1,0,0,0,95.75,0,0,0,0,0,0,1000
1241,1040,17,2900,500,1000,0,0,164,0,0,0,0,0,0,0,-140.5028533935547,1,0,0,0,95.75,0,0,0,0,0,0,1000
1242,1040,18,2900,500,1000,0,0,163,0,0,0,0,0,0,0,-140.5028533935547,1,0,0,0,95.75,0,0,0,0,0,0,1000
1243,1040,19,2900,500,1000,0,0,162,0,0,0,0,0,0,0,-140.5028533935547,1,0,0,0,95.75,0,0,2,0,0,0,1000
1244,1040,20,2900,500,1000,0,0,161,0,0,0,0,0,0,0,-140.5028533935547,1,0,0,0,95.75,0,0,2,0,0,0,1000
1245,1040,21,2900,500,1000,0,0,160,0,0,0,0,0,0,0,-140.5028533935547,1,0,0,0,95.75,0,0,2,0,0,0,1000
1246,1040,22,2900,500,1000,0,0,159,0,0,0,0,0,0,0,-140.5028533935547,1,0,0,0,95.75,0,0,2,0,0,0,1000
1247,1040,23,2900,500,1000,0,0,158,0,0,0,0,0,0,0,-140.5028533935547,1,0,0,0,95.75,0,0,2,0,0,0,1000
1248,1040,24,2900,500,1000,0,0,157,0,0,0,0,0,0,0,-140.5028533935547,1,0,0,0,95.75,0,0,2,0,0,0,1000
1249,1040,25,2900,500,1000,0,0,156,0,0,0,0,0,0,0,-140.5028533935547,1,0,0,0,95.75,0,0,2,0,0,0,1000
1250,1040,26,2900,500,1000,0,0,155,0,0,0,0,0,0,0,-140.5028533935547,1,0,0,0,95.75,0,0,2,0,0,0,1000
1251,0,1,2900,500,1000,0,0,154,0,0,0,0,0,0,0,-140.5028533935547,1,0,0,0,95.75,0,0,2,0,0,0,1000
1252,0,2,2900,500,1000,0,0,153,0,0,0,0,0,0,0,-140.5028533935547,1,0,0,0,95.75,0,0,2,0,0,0,1000
1253,0,3,2900,500,1000,0,0,152,0,0,0,0,0,0,0,-140.5028533935547,1,0,0,0,95.75,0,0,2,0,0,0,1000
1254,0,4,2900,500,1000,0,0,151,0,0,0,0,0,0,0,-140.5028533935547,1,0,0,0,95.75,0,0,2,0,0,0,1000
1255,0,5,2900,500,1000,0,0,150,0,0,0,0,0,0,0,-140.5028533935547,1,0,0,0,95.75,0,0,2,0,0,0,1000
1256,0,6,2900,500,1000,0,0,149,0,0,0,0,0,0,0,-140.5028533935547,1,0,0,0,95.75,0,0,2,0,0,0,1000
1257,0,7,2900,500,1000,0,0,148,0,0,0,0,0,0,0,-140.5028533935547,1,0,0,0,95.75,0,0,2,0,0,0,1000
1258,0,8,2900,500,1000,0,0,147,0,0,0,0,0,0,0,-140.5028533935547,1,0,0,0,95.75,0,0,2,0,0,0,1000
1259,0,9,2900,500,1000,0,0,146,0,0,0,0,0,0,0,-140.5028533935547,1,0,0,0,95.75,0,0,2,0,0,0,1000
1260,0,10,2900,500,1000,0,0,145,0,0,0,0,0,0,0,-140.5028533935547,1,0,0,0,95.75,0,0,2,0,0,0,1000
1261,0,11,2900,500,1000,0,0,144,0,0,0,0,0,0,0,-140.5028533935547,1,0,0,0,95.75,0,0,2,0,0,0,1000
1262,0,12,2900,500,1000,0,0,143,0,0,0,0,0,0,0,-140.5028533935547,1,0,0,0,95.75,0,0,2,0,0,0,1000
1263,0,13,2900,500,1000,0,0,142,0,0,0,0,0,0,0,-140.5028533935547,1,0,0,0,95.75,0,0,2,0,0,0,1000
1264,0,14,2900,500,1000,0,0,141,0,0,0,0,0,0,0,-140.5028533935547,1,0,0,0,95.75,0,0,2,0,0,0,1000
1265,0,15,2900,500,1000,0,0,140,0,0,0,0,0,0,0,-140.5028533935547,1,0,0,0,95.75,0,0,2,0,0,0,1000
1266,0,16,2900,500,1000,0,0,139,0,0,0,0,0,0,0,-140.5028533935547,1,0,0,0,95.75,0,0,2,0,0,0,1000
1267,0,17,2900,500,1000,0,0,138,0,0,0,0,0,0,0,-140.5028533935547,1,0,0,0,95.75,0,0,2,0,0,0,1000
1268,0,18,2900,500,1000,0,0,137,0,0,0,0,0,0,0,-140.5028533935547,1,0,0,0,95.75,0,0,2,0,0,0,1000
1269,0,19,2900,500,1000,0,0,136,0,0,0,0,0,0,0,-140.5028533935547,1,0,0,0,95.75,0,0,2,0,0,0,1000
1270,0,20,2900,500,1000,0,0,135,0,0,0,0,0,0,0,-140.5028533935547,1,0,0,0,95.75,0,0,2,0,0,0,1000
1271,0,21,2900,500,1000,0,0,134,0,0,0,0,0,0,0,-140.5028533935547,1,0,0,0,95.75,0,0,2,0,0,0,1000
1272,0,22,2900,500,1000,0,0,133,0,0,0,0,0,0,0,-140.5028533935547,1,0,0,0,95.75,0,0,2,0,0,0,1000
1273,0,23,2900,500,1000,0,0,132,0,0,0,0,0,0,0,-140.5028533935547,1,0,0,0,95.75,0,0,2,0,0,0,1000
1274,0,24,2900,500,1000,0,0,131,0,0,0,0,0,0,0,-140.5028533935547,1,0,0,0,95.75,0,0,2,0,0,0,1000
1275,0,25,2900,500,1000,0,0,130,0,0,0,0,0,0,0,-140.5028533935547,1,0,0,0,95.75,0,0,2,0,0,0,1000
1276,0,26,2900,500,1000,0,0,129,0,0,0,0,0,0,0,-140.5028533935547,1,0,0,0,95.75,0,0,2,0,0,0,1000
1277,0,27,2900,500,1000,0,0,128,0,0,0,0,0,0,0,-140.5028533935547,1,0,0,0,95.75,0,0,2,0,0,0,1000
1278,0,28,2900,500,1000,0,0,127,0,0,0,0,0,0,0,-140.5028533935547,1,0,0,0,95.75,0,0,2,0,0,0,1000
1279,0,29,2900,500,1000,0,0,126,0,0,0,0,0,0,0,-140.5028533935547,1,0,0,0,95.75,0,0,2,0,0,0,1000
1280,0,30,2900,500,1000,0,0,125,0,0,0,0,0,0,0,-140.5028533935547,1,0,0,0,95.75,0,0,2,0,0,0,1000
1281,0,31,2900,500,1000,0,0,124,0,0,0,0,0,0,0,-140.5028533935547,1,0,0,0,95.75,0,0,2,0,0,0,1000
1282,0,32,2900,500,1000,0,0,123,0,0,0,0,0,0,0,-140.5028533935547,1,0,0,0,95.75,0,0,2,0,0,0,1000
1283,0,33,2900,500,1000,0,0,122,0,0,0,0,0,0,0,-140.5028533935547,1,0,0,0,95.75,0,0,2,0,0,0,1000
1284,0,34,2900,500,1000,0,0,121,0,0,0,0,0,0,0,-140.5028533935547,1,0,0,0,95.75,0,0,2,0,0,0,1000
1285,0,35,2900,500,1000,0,0,120,0,0,0,0,0,0,0,-140.5028533935547,1,0,0,0,95.75,0,0,2,0,0,0,1000
1286,0,36,2900,500,1000,0,0,119,0,0,0,0,0,0,0,-140.5028533935547,1,0,0,0,95.75,0,0,2,0,0,0,1000
1287,0,37,2900,500,1000,0,0,118,0,0,0,0,0,0,0,-140.5028533935547,1,0,0,0,95.75,0,0,2,0,0,0,1000
1288,0,38,2900,500,1000,0,0,117,0,0,0,0,0,0,0,-140.5028533935547,1,0,0,0,95.75,0,0,2,0,0,0,1000
1289,0,39,2900,500,1000,0,0,116,0,0,0,0,0,0,0,-140.5028533935547,1,0,0,0,95.75,0,0,2,0,0,0,1000
1290,0,40,2900,500,1000,0,0,115,0,0,0,0,0,0,0,-140.5028533935547,1,0,0,0,95.75,0,0,2,0,0,0,1000
1291,0,41,2900,500,1000,0,0,114,0,0,0,0,0,0,0,-140.5028533935547,1,0,0,0,95.75,0,0,2,0,0,0,1000
1292,0,42,2900,500,1000,0,0,113,0,0,0,0,0,0,0,-140.5028533935547,1,0,0,0,95.75,0,0,2,0,0,0,1000
1293,0,43,2900,500,1000,0,0,112,0,0,0,0,0,0,0,-140.5028533935547,1,0,0,0,95.75,0,0,2,0,0,0,1000
1294,0,44,2900,500,1000,0,0,111,0,0,0,0,0,0,0,-140.5028533935547,1,0,0,0,95.75,0,0,2,0,0,0,1000
1295,0,45,2900,500,1000,0,0,110,0,0,0,0,0,0,0,-140.5028533935547,1,0,0,0,95.75,0,0,2,0,0,0,1000
1296,0,46,2900,500,1000,0,0,109,0,0,0,0,0,0,0,-140.5028533935547,1,0,0,0,95.75,0,0,2,0,0,0,1000
1297,0,47,2900,500,1000,0,0,108,0,0,0,0,0,0,0,-140.5028533935547,1,0,0,0,95.75,0,0,2,0,0,0,1000
1298,0,48,2900,500,1000,0,0,107,0,0,0,0,0,0,0,-140.5028533935547,1,0,0,0,95.75,0,0,2,0,0,0,1000
1299,0,49,2900,500,1000,0,0,106,0,0,0,0,0,0,0,-140.5028533935547,1,0,0,0,95.75,0,0,2,0,0,0,1000
1300,0,50,2900,500,1000,0,0,105,0,0,0,0,0,0,0,-140.5028533935547,1,0,0,0,95.75,0,0,2,0,0,0,1000
1301,0,51,2900,500,1000,0,0,104,0,0,0,0,0,0,0,-140.5028533935547,1,0,0,0,95.75,0,0,2,0,0,0,1000
1302,0,52,2900,500,1000,0,0,103,0,0,0,0,0,0,0,-140.5028533935547,1,0,0,0,95.75,0,0,2,0,0,0,1000
1303,0,53,2900,500,1000,0,0,102,0,0,0,0,0,0,0,-140.5028533935547,1,0,0,0,95.75,0,0,2,0,0,0,1000
1304,0,54,2900,500,1000,0,0,101,0,0,0,0,0,0,0,-140.5028533935547,1,0,0,0,95.75,0,0,2,0,0,0,1000
1305,0,55,2900,500,1000,0,0,100,0,0,0,0,0,0,0,-140.5028533935547,1,0,0,0,95.75,0,0,2,0,0,0,1000
1306,0,56,2900,500,1000,0,0,99,0,0,0,0,0,0,0,-140.5028533935547,1,0,0,0,95.75,0,0,2,0,0,0,1000
1307,0,57,2900,500,1000,0,0,98,0,0,0,0,0,0,0,-140.5028533935547,1,0,0,0,95.75,0,0,2,0,0,0,1000
1308,0,58,2900,500,1000,0,0,97,0,0,0,0,0,0,0,-140.5028533935547,1,0,0,0,95.75,0,0,2,0,0,0,1000
1309,0,59,2900,500,1000,0,0,96,0,0,0,0,0,0,0,-140.5028533935547,1,0,0,0,95.75,0,0,2,0,0,0,1000
1310,0,60,2900,500,1000,0,0,95,0,0,0,0,0,0,0,-140.5028533935547,1,0,0,0,95.75,0,0,2,0,0,0,1000
1311,0,61,2900,500,1000,0,0,94,0,0,0,0,0,0,0,-140.5028533935547,1,0,0,0,95.75,0,0,2,0,0,0,1000
1312,0,62,2900,500,1000,0,0,93,0,0,0,0,0,0,0,-140.5028533935547,1,0,0,0,95.75,0,0,2,0,0,0,1000
1313,0,63,2900,500,1000,0,0,92,0,0,0,0,0,0,0,-140.5028533935547,1,0,0,0,95.75,0,0,2,0,0,0,1000
1314,0,64,2900,500,1000,0,0,91,0,0,0,0,0,0,0,-140.5028533935547,1,0,0,0,95.75,0,0,2,0,0,0,1000
1315,0,65,2900,500,1000,0,0,90,0,0,0,0,0,0,0,-140.5028533935547,1,0,0,0,95.75,0,0,2,0,0,0,1000
1316,0,66,2900,500,1000,0,0,89,0,0,0,0,0,0,0,-140.5028533935547,1,0,0,0,95.75,0,0,2,0,0,0,1000
1317,0,67,2900,500,1000,0,0,88,0,0,0,0,0,0,0,-140.5028533935547,1,0,0,0,95.75,0,0,2,0,0,0,1000
1318,0,68,2900,500,1000,0,0,87,0,0,0,0,0,0,0,-140.5028533935547,1,0,0,0,95.75,0,0,2,0,0,0,1000
1319,0,69,2900,500,1000,0,0,86,0,0,0,0,0,0,0,-140.5028533935547,1,0,0,0,95.75,0,0,2,0,0,0,1000
1320,0,70,2900,500,1000,0,0,85,0,0,0,0,0,0,0,-140.5028533935547,1,0,0,0,95.75,0,0,2,0,0,0,1000
1321,0,71,2900,500,1000,0,0,84,0,0,0,0,0,0,0,-140.5028533935547,1,0,0,0,95.75,0,0,2,0,0,0,1000
1322,0,72,2900,500,1000,0,0,83,0,0,0,0,0,0,0,-140.5028533935547,1,0,0,0,95.75,0,0,2,0,0,0,1000
1323,0,73,2900,500,1000,0,0,82,0,0,0,0,0,0,0,-140.5028533935547,1,0,0,0,95.75,0,0,2,0,0,0,1000
1324,0,74,2900,500,1000,0,0,81,0,0,0,0,0,0,0,-140.5028533935547,1,0,0,0,95.75,0,0,2,0,0,0,1000
1325,0,75,2900,500,1000,0,0,80,0,0,0,0,0,0,0,-140.5028533935547,1,0,0,0,95.75,0,0,2,0,0,0,1000
1326,0,76,2900,500,1000,0,0,79,0,0,0,0,0,0,0,-140.5028533935547,1,0,0,0,95.75,0,0,2,0,0,0,1000
1327,0,77,2900,500,1000,0,0,78,0,0,0,0,0,0,0,-140.5028533935547,1,0,0,0,95.75,0,0,2,0,0,0,1000
1328,0,78,2900,500,1000,0,0,77,0,0,0,0,0,0,0,-140.5028533935547,1,0,0,0,95.75,0,0,2,0,0,0,1000
1329,0,79,2900,500,1000,0,0,76,0,0,0,0,0,0,0,-140.5028533935547,1,0,0,0,95.75,0,0,2,0,0,0,1000
1330,0,80,2900,500,1000,0,0,75,0,0,0,0,0,0,0,-140.5028533935547,1,0,0,0,95.75,0,0,2,0,0,0,1000
1331,0,81,2900,500,1000,0,0,74,0,0,0,0,0,0,0,-140.5028533935547,1,0,0,0,95.75,0,0,2,0,0,0,1000
1332,0,82,2900,500,1000,0,0,73,0,0,0,0,0,0,0,-140.5028533935547,1,0,0,0,95.75,0,0,2,0,0,0,1000
1333,0,83,2900,500,1000,0,0,72,0,0,0,0,0,0,0,-140.5028533935547,1,0,0,0,95.75,0,0,2,0,0,0,1000
1334,0,84,2900,500,1000,0,0,71,0,0,0,0,0,0,0,-140.5028533935547,1,0,0,0,95.75,0,0,2,0,0,0,1000
1335,0,85,2900,500,1000,0,0,70,0,0,0,0,0,0,0,-140.5028533935547,1,0,0,0,95.75,0,0,2,0,0,0,1000
1336,0,86,2900,500,1000,0,0,69,0,0,0,0,0,0,0,-140.5028533935547,1,0,0,0,95.75,0,0,2,0,0,0,1000
1337,0,87,2900,500,1000,0,0,68,0,0,0,0,0,0,0,-140.5028533935547,1,0,0,0,95.75,0,0,2,0,0,0,1000
1338,0,88,2900,500,1000,0,0,67,0,0,0,0,0,0,0,-140.5028533935547,1,0,0,0,95.75,0,0,2,0,0,0,1000
1339,0,89,2900,500,1000,0,0,66,0,0,0,0,0,0,0,-140.5028533935547,1,0,0,0,95.75,0,0,2,0,0,0,1000
1340,0,90,2900,500,1000,0,0,65,0,0,0,0,0,0,0,-140.5028533935547,1,0,0,0,95.75,0,0,2,0,0,0,1000
1341,0,91,2900,500,1000,0,0,64,0,0,0,0,0,0,0,-140.5028533935547,1,0,0,0,95.75,0,0,2,0,0,0,1000
1342,0,92,2900,500,1000,0,0,63,0,0,0,0,0,0,0,-140.5028533935547,1,0,0,0,95.75,0,0,2,0,0,0,1000
1343,0,93,2900,500,1000,0,0,62,0,0,0,0,0,0,0,-140.5028533935547,1,0,0,0,95.75,0,0,2,0,0,0,1000
1344,0,94,2900,500,1000,0,0,61,0,0,0,0,0,0,0,-140.5028533935547,1,0,0,0,95.75,0,0,2,0,0,0,1000
1345,0,95,2900,500,1000,0,0,60,0,0,0,0,0,0,0,-140.5028533935547,1,0,0,0,95.75,0,0,2,0,0,0,1000
1346,0,96,2900,500,1000,0,0,59,0,0,0,0,0,0,0,-140.5028533935547,1,0,0,0,95.75,0,0,2,0,0,0,1000
1347,0,97,2900,500,1000,0,0,58,0,0,0,0,0,0,0,-140.5028533935547,1,0,0,0,95.75,0,0,2,0,0,0,1000
1348,0,98,2900,500,1000,0,0,57,0,0,0,0,0,0,0,-140.5028533935547,1,0,0,0,95.75,0,0,2,0,0,0,1000
1349,0,99,2900,500,1000,0,0,56,0,0,0,0,0,0,0,-140.5028533935547,1,0,0,0,95.75,0,0,2,0,0,0,1000
1350,0,100,2900,500,1000,0,0,55,0,0,0,0,0,0,0,-140.5028533935547,1,0,0,0,95.75,0,0,2,0,0,0,1000
1351,0,101,2900,500,1000,0,0,54,0,0,0,0,0,0,0,-140.5028533935547,1,0,0,0,95.75,0,0,2,0,0,0,1000
1352,0,102,2900,500,1000,0,0,53,0,0,0,0,0,0,0,-140.5028533935547,1,0,0,0,95.75,0,0,2,0,0,0,1000
1353,0,103,2900,500,1000,0,0,52,0,0,0,0,0,0,0,-140.5028533935547,1,0,0,0,95.75,0,0,2,0,0,0,1000
1354,0,104,2900,500,1000,0,0,51,0,0,0,0,0,0,0,-140.5028533935547,1,0,0,0,95.75,0,0,2,0,0,0,1000
1355,0,105,2900,500,1000,0,0,50,0,0,0,0,0,0,0,-140.5028533935547,1,0,0,0,95.75,0,0,2,0,0,0,1000
1356,0,106,2900,500,1000,0,0,49,0,0,0,0,0,0,0,-140.5028533935547,1,0,0,0,95.75,0,0,2,0,0,0,1000
1357,0,107,2900,500,1000,0,0,48,0,0,0,0,0,0,0,-140.5028533935547,1,0,0,0,95.75,0,0,2,0,0,0,1000
1358,0,108,2900,500,1000,0,0,47,0,0,0,0,0,0,0,-140.5028533935547,1,0,0,0,95.75,0,0,2,0,0,0,1000
1359,0,109,2900,500,1000,0,0,46,0,0,0,0,0,0,0,-140.5028533935547,1,0,0,0,95.75,0,0,2,0,0,0,1000
1360,0,110,2900,500,1000,0,0,45,0,0,0,0,0,0,0,-140.5028533935547,1,0,0,0,95.75,0,0,2,0,0,0,1000
1361,0,111,2900,500,1000,0,0,44,0,0,0,0,0,0,0,-140.5028533935547,1,0,0,0,95.75,0,0,2,0,0,0,1000
1362,0,112,2900,500,1000,0,0,43,0,0,0,0,0,0,0,-140.5028533935547,1,0,0,0,95.75,0,0,2,0,0,0,1000
1363,0,113,2900,500,1000,0,0,42,0,0,0,0,0,0,0,-140.5028533935547,1,0,0,0,95.75,0,0,2,0,0,0,1000
1364,0,114,2900,500,1000,0,0,41,0,0,0,0,0,0,0,-140.5028533935547,1,0,0,0,95.75,0,0,2,0,0,0,1000
1365,0,115,2900,500,1000,0,0,40,0,0,0,0,0,0,0,-140.5028533935547,1,0,0,0,95.75,0,0,2,0,0,0,1000
1366,0,116,2900,500,1000,0,0,39,0,0,0,0,0,0,0,-140.5028533935547,1,0,0,0,95.75,0,0,2,0,0,0,1000
1367,0,117,2900,500,1000,0,0,38,0,0,0,0,0,0,0,-140.5028533935547,1,0,0,0,95.75,0,0,2,0,0,0,1000
1368,0,118,2900,500,1000,0,0,37,0,0,0,0,0,0,0,-140.5028533935547,1,0,0,0,95.75,0,0,2,0,0,0,1000
1369,0,119,2900,500,1000,0,0,36,0,0,0,0,0,0,0,-140.5028533935547,1,0,0,0,95.75,0,0,2,0,0,0,1000
1370,0,120,2900,500,1000,0,0,35,0,0,0,0,0,0,0,-140.5028533935547,1,0,0,0,95.75,0,0,2,0,0,0,1000
1371,0,121,2900,500,1000,0,0,34,0,0,0,0,0,0,0,-140.5028533935547,1,0,0,0,95.75,0,0,2,0,0,0,1000
1372,0,122,2900,500,1000,0,0,33,0,0,0,0,0,0,0,-140.5028533935547,1,0,0,0,95.75,0,0,2,0,0,0,1000
1373,0,123,2900,500,1000,0,0,32,0,0,0,0,0,0,0,-140.5028533935547,1,0,0,0,95.75,0,0,2,0,0,0,1000
1374,0,124,2900,500,1000,0,0,31,0,0,0,0,0,0,0,-140.5028533935547,1,0,0,0,95.75,0,0,2,0,0,0,1000
1375,0,125,2900,500,1000,0,0,30,0,0,0,0,0,0,0,-140.5028533935547,1,0,0,0,95.75,0,0,2,0,0,0,1000
1376,0,126,2900,500,1000,0,0,29,0,0,0,0,0,0,0,-140.5028533935547,1,0,0,0,95.75,0,0,2,0,0,0,1000
1377,0,127,2900,500,1000,0,0,28,0,0,0,0,0,0,0,-140.5028533935547,1,0,0,0,95.75,0,0,2,0,0,0,1000
1378,0,128,2900,500,1000,0,0,27,0,0,0,0,0,0,0,-140.5028533935547,1,0,0,0,95.75,0,0,2,0,0,0,1000
1379,0,129,2900,500,1000,0,0,26,0,0,0,0,0,0,0,-140.5028533935547,1,0,0,0,95.75,0,0,2,0,0,0,1000
1380,0,130,2900,500,1000,0,0,25,0,0,0,0,0,0,0,-140.5028533935547,1,0,0,0,95.75,0,0,2,0,0,0,1000
1381,0,131,2900,500,1000,0,0,24,0,0,0,0,0,0,0,-140.5028533935547,1,0,0,0,95.75,0,0,2,0,0,0,1000
1382,0,132,2900,500,1000,0,0,23,0,0,0,0,0,0,0,-140.5028533935547,1,0,0,0,95.75,0,0,2,0,0,0,1000
1383,0,133,2900,500,1000,0,0,22,0,0,0,0,0,0,0,-140.5028533935547,1,0,0,0,95.75,0,0,2,0,0,0,1000
1384,0,134,2900,500,1000,0,0,21,0,0,0,0,0,0,0,-140.5028533935547,1,0,0,0,95.75,0,0,2,0,0,0,1000
1385,0,135,2900,500,1000,0,0,20,0,0,0,0,0,0,0,-140.5028533935547,1,0,0,0,95.75,0,0,2,0,0,0,1000
1386,0,136,2900,500,1000,0,0,19,0,0,0,0,0,0,0,-140.5028533935547,1,0,0,0,95.75,0,0,2,0,0,0,1000
1387,0,137,2900,500,1000,0,0,18,0,0,0,0,0,0,0,-140.5028533935547,1,0,0,0,95.75,0,0,2,0,0,0,1000
1388,0,138,2900,500,1000,0,0,17,0,0,0,0,0,0,0,-140.5028533935547,1,0,0,0,95.75,0,0,2,0,0,0,1000
1389,0,139,2900,500,1000,0,0,16,0,0,0,0,0,0,0,-140.5028533935547,1,0,0,0,95.75,0,0,2,0,0,0,1000
1390,0,140,2900,500,1000,0,0,15,0,0,0,0,0,0,0,-140.5028533935547,1,0,0,0,95.75,0,0,2,0,0,0,1000
1391,0,141,2900,500,1000,0,0,14,0,0,0,0,0,0,0,-140.5028533935547,1,0,0,0,95.75,0,0,2,0,0,0,1000
1392,0,142,2900,500,1000,0,0,13,0,0,0,0,0,0,0,-140.5028533935547,1,0,0,0,95.75,0,0,2,0,0,0,1000
1393,0,143,2900,500,1000,0,0,12,0,0,0,0,0,0,0,-140.5028533935547,1,0,0,0,95.75,0,0,2,0,0,0,1000
1394,0,144,2900,500,1000,0,0,11,0,0,0,0,0,0,0,-140.5028533935547,1,0,0,0,95.75,0,0,2,0,0,0,1000
1395,0,145,2900,500,1000,0,0,10,0,0,0,0,0,0,0,-140.5028533935547,1,0,0,0,95.75,0,0,2,0,0,0,1000
1396,0,146,2900,500,1000,0,0,9,0,0,0,0,0,0,0,-140.5028533935547,1,0,0,0,95.75,0,0,2,0,0,0,1000
1397,0,147,2900,500,1000,0,0,8,0,0,0,0,0,0,0,-140.5028533935547,1,0,0,0,95.75,0,0,2,0,0,0,1000
1398,0,148,2900,500,1000,0,0,7,0,0,0,0,0,0,0,-140.5028533935547,1,0,0,0,95.75,0,0,2,0,0,0,1000
1399,0,149,2900,500,1000,0,0,6,0,0,0,0,0,0,0,-140.5028533935547,1,0,0,0,95.75,0,0,2,0,0,0,1000
1400,0,150,2900,500,1000,0,0,5,0,0,0,0,0,0,0,-140.5028533935547,1,0,0,0,95.75,0,0,2,0,0,0,1000
1401,0,151,2900,500,1000,0,0,4,0,0,0,0,0,0,0,-140.5028533935547,1,0,0,0,95.75,0,0,2,0,0,0,1000
1402,0,152,2900,500,1000,0,0,3,0,0,0,0,0,0,0,-140.5028533935547,1,0,0,0,95.75,0,0,2,0,0,0,1000
1403,0,153,2900,500,1000,0,0,2,0,0,0,0,0,0,0,-140.5028533935547,1,0,0,0,95.75,0,0,2,0,0,0,1000
1404,0,154,2900,500,1000,0,0,1,0,0,0,0,0,0,0,-140.5028533935547,1,0,0,0,95.75,0,0,2,0,0,0,1000
1405,0,155,2900,500,1000,0,0,0,0,0,0,0,0,0,0,-140.5028533935547,1,0,0,0,95.75,0,0,2,0,0,0,1000
1406,0,156,2900,500,1000,0,0,0,0,0,0,0,0,0,0,-140.5028533935547,1,0,0,0,95.75,0,0,2,0,0,0,1000
1407,0,157,2900,500,1000,0,0,0,0,0,0,0,0,0,0,-140.5028533935547,1,0,0,0,95.75,0,0,2,0,0,0,1000
1408,0,158,2900,500,1000,0,0,0,0,0,0,0,0,0,0,-140.5028533935547,1,0,0,0,95.75,0,0,2,0,0,0,1000
1409,0,159,2900,500,1000,0,0,0,0,0,0,0,0,0,0,-140.5028533935547,1,0,0,0,95.75,0,0,2,0,0,0,1000
1410,0,160,2900,500,1000,0,0,0,0,0,0,0,0,0,0,-140.5028533935547,1,0,0,0,95.75,0,0,2,0,0,0,1000
1411,0,161,2900,500,1000,0,0,0,0,0,0,0,0,0,0,-140.5028533935547,1,0,0,0,95.75,0,0,2,0,0,0,1000
1412,0,162,2900,500,1000,0,0,0,0,0,0,0,0,0,0,-140.5028533935547,1,0,0,0,95.75,0,0,2,0,0,0,1000
1413,0,163,2900,500,1000,0,0,0,0,0,0,0,0,0,0,-140.5028533935547,1,0,0,0,95.75,0,0,2,0,0,0,1000
1414,0,164,2900,500,1000,0,0,0,0,0,0,0,0,0,0,-140.5028533935547,1,0,0,0,95.75,0,0,2,0,0,0,1000
1415,0,165,2900,500,1000,0,0,0,0,0,0,0,0,0,0,-140.5028533935547,1,0,0,0,95.75,0,0,2,0,0,0,1000
1416,0,166,2900,500,1000,0,0,0,0,0,0,0,0,0,0,-140.5028533935547,1,0,0,0,95.75,0,0,2,0,0,0,1000
1417,0,167,2900,500,1000,0,0,0,0,0,0,0,0,0,0,-140.5028533935547,1,0,0,0,95.75,0,0,2,0,0,0,1000
1418,0,168,2900,500,1000,0,0,0,0,0,0,0,0,0,0,-140.5028533935547,1,0,0,0,95.75,0,0,2,0,0,0,1000
1419,0,169,2900,500,1000,0,0,0,0,0,0,0,0,0,0,-140.5028533935547,1,0,0,0,95.75,0,0,2,0,0,0,1000
1420,0,170,2900,500,1000,0,0,0,0,0,0,0,0,0,0,-140.5028533935547,1,0,0,0,95.75,0,0,2,0,0,0,1000
1421,0,171,2900,500,1000,0,0,0,0,0,0,0,0,0,0,-140.5028533935547,1,0,0,0,95.75,0,0,2,0,0,0,1000
1422,0,172,2900,500,1000,0,0,0,0,0,0,0,0,0,0,-140.5028533935547,1,0,0,0,95.75,0,0,2,0,0,0,1000
1423,0,173,2900,500,1000,0,0,0,0,0,0,0,0,0,0,-140.5028533935547,1,0,0,0,95.75,0,0,2,0,0,0,1000
1424,0,174,2900,500,1000,0,0,0,0,0,0,0,0,0,0,-140.5028533935547,1,0,0,0,95.75,0,0,2,0,0,0,1000
1425,0,175,2900,500,1000,0,0,0,0,0,0,0,0,0,0,-140.5028533935547,1,0,0,0,95.75,0,0,2,0,0,0,1000
1426,0,176,2900,500,1000,0,0,0,0,0,0,0,0,0,0,-140.5028533935547,1,0,0,0,95.75,0,0,2,0,0,0,1000
1427,0,177,2900,500,1000,0,0,0,0,0,0,0,0,0,0,-140.5028533935547,1,0,0,0,95.75,0,0,2,0,0,0,1000
1428,0,178,2900,500,1000,0,0,0,0,0,0,0,0,0,0,-140.5028533935547,1,0,0,0,95.75,0,0,2,0,0,0,1000
1429,0,179,2900,500,1000,0,0,0,0,0,0,0,0,0,0,-140.5028533935547,1,0,0,0,95.75,0,0,2,0,0,0,1000
1430,0,180,2900,500,1000,0,0,0,0,0,0,0,0,0,0,-140.5028533935547,1,0,0,0,95.75,0,0,2,0,0,0,1000
1431,0,181,2900,500,1000,0,0,0,0,0,0,0,0,0,0,-140.5028533935547,1,0,0,0,95.75,0,0,2,0,0,0,1000
1432,0,182,2900,500,1000,0,0,0,0,0,0,0,0,0,0,-140.5028533935547,1,0,0,0,95.75,0,0,2,0,0,0,1000
1433,0,183,2900,500,1000,0,0,0,0,0,0,0,0,0,0,-140.5028533935547,1,0,0,0,95.75,0,0,2,0,0,0,1000
1434,0,184,2900,500,1000,0,0,0,0,0,0,0,0,0,0,-140.5028533935547,1,0,0,0,95.75,0,0,2,0,0,0,1000
1435,0,185,2900,500,1000,0,0,0,0,0,0,0,0,0,0,-140.5028533935547,1,0,0,0,95.75,0,0,2,0,0,0,1000
1436,0,186,2900,500,1000,0,0,0,0,0,0,0,0,0,0,-140.5028533935547,1,0,0,0,95.75,0,0,2,0,0,0,1000
1437,0,187,2900,500,1000,0,0,0,0,0,0,0,0,0,0,-140.5028533935547,1,0,0,0,95.75,0,0,2,0,0,0,1000
1438,0,188,2900,500,1000,0,0,0,0,0,0,0,0,0,0,-140.5028533935547,1,0,0,0,95.75,0,0,2,0,0,0,1000
1439,0,189,2900,500,1000,0,0,0,0,0,0,0,0,0,0,-140.5028533935547,1,0,0,0,95.75,0,0,2,0,0,0,1000
1440,0,190,2900,500,1000,0,0,0,0,0,0,0,0,0,0,-140.5028533935547,1,0,0,0,95.75,0,0,2,0,0,0,1000
1441,0,191,2900,500,1000,0,0,0,0,0,0,0,0,0,0,-140.5028533935547,1,0,0,0,95.75,0,0,2,0,0,0,1000
1442,0,192,2900,500,1000,0,0,0,0,0,0,0,0,0,0,-140.5028533935547,1,0,0,0,95.75,0,0,2,0,0,0,1000
1443,0,193,2900,500,1000,0,0,0,0,0,0,0,0,0,0,-140.5028533935547,1,0,0,0,95.75,0,0,2,0,0,0,1000
1444,0,194,2900,500,1000,0,0,0,0,0,0,0,0,0,0,-140.5028533935547,1,0,0,0,95.75,0,0,2,0,0,0,1000
1445,0,195,2900,500,1000,0,0,0,0,0,0,0,0,0,0,-140.5028533935547,1,0,0,0,95.75,0,0,2,0,0,0,1000
1446,0,196,2900,500,1000,0,0,0,0,0,0,0,0,0,0,-140.5028533935547,1,0,0,0,95.75,0,0,2,0,0,0,1000
1447,0,197,2900,500,1000,0,0,0,0,0,0,0,0,0,0,-140.5028533935547,1,0,0,0,95.75,0,0,2,0,0,0,1000
1448,0,198,2900,500,1000,0,0,0,0,0,0,0,0,0,0,-140.5028533935547,1,0,0,0,95.75,0,0,2,0,0,0,1000
1449,0,199,2900,500,1000,0,0,0,0,0,0,0,0,0,0,-140.5028533935547,1,0,0,0,95.75,0,0,2,0,0,0,1000
1450,0,200,2900,500,1000,0,0,0,0,0,0,0,0,0,0,-140.5028533935547,1,0,0,0,95.75,0,0,2,0,0,0,1000
1451,0,201,2900,500,1000,0,0,0,0,0,0,0,0,0,0,-140.5028533935547,1,0,0,0,95.75,0,0,2,0,0,0,1000
1452,0,202,2900,500,1000,0,0,0,0,0,0,0,0,0,0,-140.5028533935547,1,0,0,0,95.75,0,0,2,0,0,0,1000
1453,0,203,2900,500,1000,0,0,0,0,0,0,0,0,0,0,-140.5028533935547,1,0,0,0,95.75,0,0,2,0,0,0,1000
1454,0,204,2900,500,1000,0,0,0,0,0,0,0,0,0,0,-140.5028533935547,1,0,0,0,95.75,0,0,2,0,0,0,1000
1455,0,205,2900,500,1000,0,0,0,0,0,0,0,0,0,0,-140.5028533935547,1,0,0,0,95.75,0,0,2,0,0,0,1000
1456,0,206,2900,500,1000,0,0,0,0,0,0,0,0,0,0,-140.5028533935547,1,0,0,0,95.75,0,0,2,0,0,0,1000
1457,0,207,2900,500,1000,0,0,0,0,0,0,0,0,0,0,-140.5028533935547,1,0,0,0,95.75,0,0,2,0,0,0,1000
1458,0,208,2900,500,1000,0,0,0,0,0,0,0,0,0,0,-140.5028533935547,1,0,0,0,95.75,0,0,2,0,0,0,1000
1459,0,209,2900,500,1000,0,0,0,0,0,0,0,0,0,0,-140.5028533935547,1,0,0,0,95.75,0,0,2,0,0,0,1000
1460,0,210,2900,500,1000,0,0,0,0,0,0,0,0,0,0,-140.5028533935547,1,0,0,0,95.75,0,0,2,0,0,0,1000
1461,0,211,2900,500,1000,0,0,0,0,0,0,0,0,0,0,-140.5028533935547,1,0,0,0,95.75,0,0,2,0,0,0,1000
1462,0,212,2900,500,1000,0,0,0,0,0,0,0,0,0,0,-140.5028533935547,1,0,0,0,95.75,0,0,2,0,0,0,1000
1463,0,213,2900,500,1000,0,0,0,0,0,0,0,0,0,0,-140.5028533935547,1,0,0,0,95.75,0,0,2,0,0,0,1000
1464,0,214,2900,500,1000,0,0,0,0,0,0,0,0,0,0,-140.5028533935547,1,0,0,0,95.75,0,0,2,0,0,0,1000
1465,0,215,2900,500,1000,0,0,0,0,0,0,0,0,0,0,-140.5028533935547,1,0,0,0,95.75,0,0,2,0,0,0,1000
1466,0,216,2900,500,1000,0,0,0,0,0,0,0,0,0,0,-140.5028533935547,1,0,0,0,95.75,0,0,2,0,0,0,1000
1467,0,217,2900,500,1000,0,0,0,0,0,0,0,0,0,0,-140.5028533935547,1,0,0,0,95.75,0,0,2,0,0,0,1000
1468,0,218,2900,500,1000,0,0,0,0,0,0,0,0,0,0,-140.5028533935547,1,0,0,0,95.75,0,0,2,0,0,0,1000
1469,0,219,2900,500,1000,0,0,0,0,0,0,0,0,0,0,-140.5028533935547,1,0,0,0,95.75,0,0,2,0,0,0,1000
1470,0,220,2900,500,1000,0,0,0,0,0,0,0,0,0,0,-140.5028533935547,1,0,0,0,95.75,0,0,2,0,0,0,1000
1471,0,221,2900,500,1000,0,0,0,0,0,0,0,0,0,0,-140.5028533935547,1,0,0,0,95.75,0,0,2,0,0,0,1000
1472,0,222,2900,500,1000,0,0,0,0,0,0,0,0,0,0,-140.5028533935547,1,0,0,0,95.75,0,0,2,0,0,0,1000
1473,0,223,2900,500,1000,0,0,0,0,0,0,0,0,0,0,-140.5028533935547,1,0,0,0,95.75,0,0,2,0,0,0,1000
1474,0,224,2900,500,1000,0,0,0,0,0,0,0,0,0,0,-140.5028533935547,1,0,0,0,95.75,0,0,2,0,0,0,1000
1475,0,225,2900,500,1000,0,0,0,0,0,0,0,0,0,0,-140.5028533935547,1,0,0,0,95.75,0,0,2,0,0,0,1000
1476,0,226,2900,500,1000,0,0,0,0,0,0,0,0,0,0,-140.5028533935547,1,0,0,0,95.75,0,0,2,0,0,0,1000
1477,0,227,2900,500,1000,0,0,0,0,0,0,0,0,0,0,-140.5028533935547,1,0,0,0,95.75,0,0,2,0,0,0,1000
1478,0,228,2900,500,1000,0,0,0,0,0,0,0,0,0,0,-140.5028533935547,1,0,0,0,95.75,0,0,2,0,0,0,1000
1479,0,229,2900,500,1000,0,0,0,0,0,0,0,0,0,0,-140.5028533935547,1,0,0,0,95.75,0,0,2,0,0,0,1000
1480,0,230,2900,500,1000,0,0,0,0,0,0,0,0,0,0,-140.5028533935547,1,0,0,0,95.75,0,0,2,0,0,0,1000
1481,0,231,2900,500,1000,0,0,0,0,0,0,0,0,0,0,-140.5028533935547,1,0,0,0,95.75,0,0,2,0,0,0,1000
1482,0,232,2900,500,1000,0,0,0,0,0,0,0,0,0,0,-140.5028533935547,1,0,0,0,95.75,0,0,2,0,0,0,1000
1483,0,233,2900,500,1000,0,0,0,0,0,0,0,0,0,0,-140.5028533935547,1,0,0,0,95.75,0,0,2,0,0,0,1000
1484,0,234,2900,500,1000,0,0,0,0,0,0,0,0,0,0,-140.5028533935547,1,0,0,0,95.75,0,0,2,0,0,0,1000
1485,0,235,2900,500,1000,0,0,0,0,0,0,0,0,0,0,-140.5028533935547,1,0,0,0,95.75,0,0,2,0,0,0,1000
1486,0,236,2900,500,1000,0,0,0,0,0,0,0,0,0,0,-140.5028533935547,1,0,0,0,95.75,0,0,2,0,0,0,1000
1487,0,237,2900,500,1000,0,0,0,0,0,0,0,0,0,0,-140.5028533935547,1,0,0,0,95.75,0,0,2,0,0,0,1000
1488,0,238,2900,500,1000,0,0,0,0,0,0,0,0,0,0,-140.5028533935547,1,0,0,0,95.75,0,0,2,0,0,0,1000
1489,0,239,2900,500,1000,0,0,0,0,0,0,0,0,0,0,-140.5028533935547,1,0,0,0,95.75,0,0,2,0,0,0,1000
1490,0,240,2900,500,1000,0,0,0,0,0,0,0,0,0,0,-140.5028533935547,1,0,0,0,95.75,0,0,2,0,0,0,1000
1491,0,241,2900,500,1000,0,0,0,0,0,0,0,0,0,0,-140.5028533935547,1,0,0,0,95.75,0,0,2,0,0,0,1000
1492,0,242,2900,500,1000,0,0,0,0,0,0,0,0,0,0,-140.5028533935547,1,0,0,0,95.75,0,0,2,0,0,0,1000
1493,0,243,2900,500,1000,0,0,0,0,0,0,0,0,0,0,-140.5028533935547,1,0,0,0,95.75,0,0,2,0,0,0,1000
1494,0,244,2900,500,1000,0,0,0,0,0,0,0,0,0,0,-140.5028533935547,1,0,0,0,95.75,0,0,2,0,0,0,1000
1495,0,245,2900,500,1000,0,0,0,0,0,0,0,0,0,0,-140.5028533935547,1,0,0,0,95.75,0,0,2,0,0,0,1000
1496,0,246,2900,500,1000,0,0,0,0,0,0,0,0,0,0,-140.5028533935547,1,0,0,0,95.75,0,0,2,0,0,0,1000
1497,0,247,2900,500,1000,0,0,0,0,0,0,0,0,0,0,-140.5028533935547,1,0,0,0,95.75,0,0,2,0,0,0,1000
1498,0,248,2900,500,1000,0,0,0,0,0,0,0,0,0,0,-140.5028533935547,1,0,0,0,95.75,0,0,2,0,0,0,1000
1499,0,249,2900,500,1000,0,0,0,0,0,0,0,0,0,0,-140.5028533935547,1,0,0,0,95.75,0,0,2,0,0,0,1000
1500,0,250,2900,500,1000,0,0,0,0,0,0,0,0,0,0,-140.5028533935547,1,0,0,0,95.75,0,0,2,0,0,0,1000
1501,0,251,2900,500,1000,0,0,0,0,0,0,0,0,0,0,-140.5028533935547,1,0,0,0,95.75,0,0,2,0,0,0,1000
1502,0,252,2900,500,1000,0,0,0,0,0,0,0,0,0,0,-140.5028533935547,1,0,0,0,95.75,0,0,2,0,0,0,1000
1503,0,253,2900,500,1000,0,0,0,0,0,0,0,0,0,0,-140.5028533935547,1,0,0,0,95.75,0,0,2,0,0,0,1000
1504,0,254,2900,500,1000,0,0,0,0,0,0,0,0,0,0,-140.5028533935547,1,0,0,0,95.75,0,0,2,0,0,0,1000
1505,0,255,2900,500,1000,0,0,0,0,0,0,0,0,0,0,-140.5028533935547,1,0,0,0,95.75,0,0,2,0,0,0,1000
1506,0,256,2900,500,1000,0,0,0,0,0,0,0,0,0,0,-140.5028533935547,1,0,0,0,95.75,0,0,2,0,0,0,1000
1507,0,257,2900,500,1000,0,0,0,0,0,0,0,0,0,0,-140.5028533935547,1,0,0,0,95.75,0,0,2,0,0,0,1000
1508,0,258,2900,500,1000,0,0,0,0,0,0,0,0,0,0,-140.5028533935547,1,0,0,0,95.75,0,0,2,0,0,0,1000
1509,0,259,2900,500,1000,0,0,0,0,0,0,0,0,0,0,-140.5028533935547,1,0,0,0,95.75,0,0,2,0,0,0,1000
1510,0,1,3000,500,1000,0,0,0,0,0,0,0,0,0,0,-120.75,1,0,0,0,95.75,0,0,0,0,0,0,1000
1511,0,2,3000,500,1000,0,0,0,0,0,0,0,0,0,0,-120.75,1,0,0,0,95.75,0,0,0,0,0,0,1000
1512,0,3,3000,500,1000,0,0,0,0,0,0,0,0,0,0,-120.75,1,0,0,0,95.75,0,0,0,0,0,0,1000
1513,0,4,3000,500,1000,0,0,0,0,0,0,0,0,0,0,-120.75,1,0,0,0,95.75,0,0,0,0,0,0,1000
1514,0,5,3000,500,1000,0,0,0,0,0,0,0,0,0,0,-120.75,1,0,0,0,95.75,0,0,0,0,0,0,1000
1515,0,6,3000,500,1000,0,0,0,0,0,0,0,0,0,0,-120.75,1,0,0,0,95.75,0,0,0,0,0,0,1000
1516,0,7,3000,500,1000,0,0,0,0,0,0,0,0,0,0,-120.75,1,0,0,0,95.75,0,0,0,0,0,0,1000
1517,0,8,3000,500,1000,0,0,0,0,0,0,0,0,0,0,-120.75,1,0,0,0,95.75,0,0,0,0,0,0,1000
1518,0,9,3000,500,1000,0,0,0,0,0,0,0,0,0,0,-120.75,1,0,0,0,95.75,0,0,0,0,0,0,1000
1519,10,1,3000,500,1000,0,0,0,0,0,0,0,0,0,0,-120.75,1,0,0,0,95.75,0,0,0,0,0,0,1000
1520,10,2,3000,500,1000,0,0,0,0,0,0,0,0,0,0,-120.75,1,0,0,0,95.75,0,0,0,0,0,0,1000
1521,10,3,3000,500,1000,0,0,0,0,0,0,0,0,0,0,-120.75,1,0,0,0,95.75,0,0,0,0,0,0,1000
1522,10,4,3000,500,1000,0,0,0,0,0,0,0,0,0,0,-120.75,1,0,0,0,95.75,0,0,0,0,0,0,1000
1523,10,5,3000,500,1000,0,0,0,0,0,0,0,0,0,0,-120.75,1,0,0,0,95.75,0,0,0,0,0,0,1000
1524,10,6,3000,500,1000,0,0,0,0,0,0,0,0,0,0,-120.75,1,0,0,0,95.75,0,0,0,0,0,0,1000
1525,12,1,3000,500,1000,0,0,0,0,0,0,0,0,0,0,-120.75,1,0,0,0,95.75,0,0,0,0,0,0,1000
1526,20,1,3000,500,1000,0,0,0,0,0,0,0,0,0,0,-118.5999984741211,1,0,0,0,95.75,0,0,0,0,0,0,1000
1527,20,2,3000,500,1000,0,0,0,0,0,0,0,0,0,0,-116.44999694824219,1,0,0,0,95.75,0,0,0,0,0,0,1000
1528,10,1,3000,500,1000,0,0,0,0,0,0,0,0,0,0,-116.44999694824219,1,0,0,0,95.75,0,0,0,0,0,0,1000
1529,10,2,3000,500,1000,0,0,0,0,0,0,0,0,0,0,-116.44999694824219,1,0,0,0,95.75,0,0,0,0,0,0,1000
1530,10,3,3000,500,1000,0,0,0,0,0,0,0,0,0,0,-116.44999694824219,1,0,0,0,95.75,0,0,0,0,0,0,1000
1531,10,4,3000,500,1000,0,0,0,0,0,0,0,0,0,0,-116.44999694824219,1,0,0,0,95.75,0,0,0,0,0,0,1000
1532,10,5,3000,500,1000,0,0,0,0,0,0,0,0,0,0,-116.44999694824219,1,0,0,0,95.75,0,0,0,0,0,0,1000
1533,10,6,3000,500,1000,0,0,0,0,0,0,0,0,0,0,-116.44999694824219,1,0,0,0,95.75,0,0,0,0,0,0,1000
1534,3000,1,2000,500,1000,0,0,0,0,0,0,0,0,0,0,-116.44999694824219,1,0,0,0,95.75,0,0,0,0,0,0,1000
1535,3000,2,2000,500,1000,0,0,0,0,0,0,0,0,0,0,-116.44999694824219,1,0,0,0,95.75,0,0,0,0,0,0,1000
1536,3000,3,2000,500,1000,0,0,0,0,0,0,0,0,0,0,-116.44999694824219,1,0,0,0,95.75,0,0,0,0,0,0,1000
1537,3000,4,2000,500,1000,0,0,0,0,0,0,0,0,0,0,-116.44999694824219,1,0,0,0,95.75,0,0,0,0,0,0,1000
1538,3000,5,2000,500,1000,0,0,0,0,0,0,0,0,0,0,-116.44999694824219,1,0,0,0,95.75,0,0,0,0,0,0,1000
1539,3000,6,2000,500,1000,0,0,0,0,0,0,0,0,0,0,-116.44999694824219,1,0,0,0,95.75,0,0,0,0,0,0,1000
1540,3000,7,2000,500,1000,0,0,0,0,0,0,0,0,0,0,-116.44999694824219,1,0,0,0,95.75,0,0,0,0,0,0,1000
1541,3000,8,2000,500,1000,0,0,0,0,0,0,0,0,0,0,-116.44999694824219,1,0,0,0,95.75,0,0,0,0,0,0,1000
1542,3000,9,2000,500,1000,0,0,0,0,0,0,0,0,0,0,-116.44999694824219,1,0,0,0,95.75,0,0,0,0,0,0,1000
1543,3000,10,2000,500,1000,0,0,0,0,0,0,0,0,0,0,-116.44999694824219,1,0,0,0,95.75,0,0,0,0,0,0,1000
1544,3000,11,2000,500,1000,0,0,0,0,0,0,0,0,0,0,-116.44999694824219,1,0,0,0,95.75,0,0,0,0,0,0,1000
1545,3000,12,2000,500,1000,0,0,0,0,0,0,0,0,0,0,-116.44999694824219,1,0,0,0,95.75,0,0,0,0,0,0,1000
1546,3000,13,2000,500,1000,0,0,0,0,0,0,0,0,0,0,-116.44999694824219,1,0,0,0,95.75,0,0,0,0,0,0,1000
1547,3000,14,2000,500,1000,0,0,0,0,0,0,0,0,0,0,-116.44999694824219,1,0,0,0,95.75,0,0,0,0,0,0,1000
1548,3000,15,2000,500,1000,0,0,0,0,0,0,0,0,0,0,-116.44999694824219,1,0,0,0,95.75,0,0,0,0,0,0,1000
1549,3000,16,2000,500,1000,0,0,0,0,0,0,0,0,0,0,-116.44999694824219,1,0,0,0,95.75,0,0,0,0,0,0,1000
1550,3000,17,2000,500,1000,0,0,0,0,0,0,0,0,0,0,-116.44999694824219,1,0,0,0,95.75,0,0,0,0,0,0,1000
1551,3000,18,2000,500,1000,0,0,0,0,0,0,0,0,0,0,-116.44999694824219,1,0,0,0,95.75,0,0,0,0,0,0,1000
1552,3000,19,2000,500,1000,0,0,0,0,0,0,0,0,0,0,-116.44999694824219,1,0,0,0,95.75,0,0,0,0,0,0,1000
1553,3000,20,2000,500,1000,0,0,0,0,0,0,0,0,0,0,-116.44999694824219,1,0,0,0,95.75,0,0,0,0,0,0,1012
1554,3000,21,2000,500,1000,0,0,0,0,0,0,0,0,0,0,-116.44999694824219,1,0,0,0,95.75,0,0,0,0,0,0,1012
1555,3000,22,2000,500,1000,0,0,0,0,0,0,0,0,0,0,-116.44999694824219,1,0,0,0,95.75,0,0,0,0,0,0,1012
1556,3000,23,2000,500,1000,0,0,0,0,0,0,0,0,0,0,-116.44999694824219,1,0,0,0,95.75,0,0,0,0,0,0,1012
1557,3000,24,2000,500,1000,0,0,0,0,0,0,0,0,0,0,-116.44999694824219,1,0,0,0,95.75,0,0,0,0,0,0,1012
1558,3000,25,2000,500,1000,0,0,0,0,0,0,0,0,0,0,-116.44999694824219,1,0,0,0,95.75,0,0,0,0,0,0,1012
1559,3015,0,2000,500,1000,0,0,0,0,0,0,0,0,0,0,-116.44999694824219,1,0,0,0,95.75,0,0,0,0,0,0,1012
1560,3015,1,2016,500,1000,0,0,0,0,0,0,0,0,0,0,-116.44999694824219,1,0,0,0,95.75,0,0,0,0,0,0,2031
1561,3015,2,2016,500,1000,0,0,0,0,0,0,0,0,0,0,-116.44999694824219,1,0,0,0,95.75,0,0,0,0,0,0,2031
1562,3015,3,2016,500,1000,0,0,0,0,0,0,0,0,0,0,-116.44999694824219,1,0,0,0,95.75,0,0,0,0,0,0,2031
1563,3015,4,2016,500,1000,0,0,0,0,0,0,0,0,0,0,-116.44999694824219,1,0,0,0,95.75,0,0,0,0,0,0,2031
1564,3015,5,2016,500,1000,0,0,0,0,0,0,0,0,0,0,-116.44999694824219,1,0,0,0,95.75,0,0,0,0,0,0,2031
1565,3015,6,2016,500,1000,0,0,0,0,0,0,0,0,0,0,-116.44999694824219,1,0,0,0,95.75,0,0,0,0,0,0,2031
1566,3015,7,2016,500,1000,0,0,0,0,0,0,0,0,0,0,-116.44999694824219,1,0,0,0,95.75,0,0,0,0,0,0,2031
1567,3015,8,2016,500,1000,0,0,0,0,0,0,0,0,0,0,-116.44999694824219,1,0,0,0,95.75,0,0,0,0,0,0,2031
1568,3015,9,2016,500,1000,0,0,0,0,0,0,0,0,0,0,-116.44999694824219,1,0,0,0,95.75,0,0,0,0,0,0,2031
1569,3015,9,2016,500,830,0,0,0,0,0,0,0,0,0,0,-116.44999694824219,1,0,0,0,95.75,0,0,0,0,0,0,3049
1570,3015,9,2016,500,830,0,0,0,0,0,0,0,0,0,0,-116.44999694824219,1,0,0,0,95.75,0,0,0,0,0,0,3049
1571,3015,9,2016,500,830,0,0,0,0,0,0,0,0,0,0,-116.44999694824219,1,0,0,0,95.75,0,0,0,0,0,0,3049
1572,3015,9,2016,500,830,0,0,0,0,0,0,0,0,0,0,-116.44999694824219,1,0,0,0,95.75,0,0,0,0,0,0,3049
1573,3015,9,2016,500,830,0,0,0,0,0,0,0,0,0,0,-116.44999694824219,1,0,0,0,95.75,0,0,0,0,0,0,3049
1574,3015,9,2016,500,830,0,0,0,0,0,0,0,0,0,0,-116.44999694824219,1,0,0,0,95.75,0,0,0,0,0,0,3049
1575,3015,10,2016,500,830,0,0,0,0,0,0,0,0,0,0,-116.44999694824219,1,0,0,0,95.75,0,0,0,0,0,0,3049
1576,3015,11,2016,500,830,0,0,0,0,0,0,0,0,0,0,-116.44999694824219,1,0,0,0,95.75,0,0,0,0,0,0,3049
1577,3015,12,2016,500,830,0,0,0,0,0,0,0,0,0,0,-116.44999694824219,1,0,0,0,95.75,0,0,0,0,0,0,3049
1578,3015,13,2016,500,830,0,0,0,0,0,0,0,0,0,0,-116.44999694824219,1,0,0,0,95.75,0,0,0,0,0,0,3049
1579,3015,14,2016,500,830,0,0,0,0,0,0,0,0,0,0,-116.44999694824219,1,0,0,0,95.75,0,0,0,0,0,0,3049
1580,3015,15,2016,500,830,0,0,0,0,0,0,0,0,0,0,-116.44999694824219,1,0,0,0,95.75,0,0,0,0,0,0,3049
1581,3015,16,2016,500,830,0,0,0,0,0,0,0,0,0,0,-116.44999694824219,1,0,0,0,95.75,0,0,0,0,0,0,3049
1582,3015,17,2016,500,830,0,0,0,0,0,0,0,0,0,0,-116.44999694824219,1,0,0,0,95.75,0,0,0,0,0,0,3049
1583,3015,18,2016,500,830,0,0,0,0,0,0,0,0,0,0,-116.44999694824219,1,0,0,0,95.75,0,0,0,0,0,0,3049
1584,3015,19,2016,500,830,0,0,0,0,0,0,0,0,0,0,-116.44999694824219,1,0,0,0,95.75,0,0,0,0,0,0,3049
1585,3015,20,2016,500,830,0,0,0,0,0,0,0,0,0,0,-116.44999694824219,1,0,0,0,95.75,0,0,0,0,0,0,3049
1586,3015,21,2016,500,830,0,0,0,0,0,0,0,0,0,0,-116.44999694824219,1,0,0,0,95.75,0,0,0,0,0,0,3049
1587,3015,22,2016,500,830,0,0,0,0,0,0,0,0,0,0,-116.44999694824219,1,0,0,0,95.75,0,0,0,0,0,0,3049
1588,3015,23,2016,500,830,0,0,0,0,0,0,0,0,0,0,-116.44999694824219,1,0,0,0,95.75,0,0,0,0,0,0,3049
1589,3015,24,2016,500,830,0,0,0,0,0,0,0,0,0,0,-116.44999694824219,1,0,0,0,95.75,0,0,0,0,0,0,3049
1590,3015,25,2016,500,830,0,0,0,0,0,0,0,0,0,0,-116.44999694824219,1,0,0,0,95.75,0,0,0,0,0,0,3049
1591,3015,26,2016,500,830,0,0,0,0,0,0,0,0,0,0,-116.44999694824219,1,0,0,0,95.75,0,0,0,0,0,0,3049
1592,3015,27,2016,500,830,0,0,0,0,0,0,0,0,0,0,-116.44999694824219,1,0,0,0,95.75,0,0,0,0,0,0,3049
1593,3015,28,2016,500,830,0,0,0,0,0,0,0,0,0,0,-116.44999694824219,1,0,0,0,95.75,0,0,0,0,0,0,3049
1594,3015,29,2016,500,830,0,0,0,0,0,0,0,0,0,0,-116.44999694824219,1,0,0,0,95.75,0,0,0,0,0,0,3049
1595,3015,30,2016,500,830,0,0,0,0,0,0,0,0,0,0,-116.44999694824219,1,0,0,0,95.75,0,0,0,0,0,0,3049
1596,3015,31,2016,500,830,0,0,0,0,0,0,0,0,0,0,-116.44999694824219,1,0,0,0,95.75,0,0,0,0,0,0,3049
1597,3015,32,2016,500,830,0,0,0,0,0,0,0,0,0,0,-116.44999694824219,1,0,0,0,95.75,0,0,0,0,0,0,3049
1598,3015,33,2016,500,830,0,0,0,0,0,0,0,0,0,0,-116.44999694824219,1,0,0,0,95.75,0,0,0,0,0,0,3049
1599,3015,34,2016,500,830,0,0,0,0,0,0,0,0,0,0,-116.44999694824219,1,0,0,0,95.75,0,0,0,0,0,0,3049
1600,3015,35,2016,500,830,0,0,0,0,0,0,0,0,0,0,-116.44999694824219,1,0,0,0,95.75,0,0,0,0,0,0,3049
1601,3015,36,2016,500,830,0,0,0,0,0,0,0,0,0,0,-116.44999694824219,1,0,0,0,95.75,0,0,0,0,0,0,3049
1602,3015,37,2016,500,830,0,0,0,0,0,0,0,0,0,0,-116.44999694824219,1,0,0,0,95.75,0,0,0,0,0,0,3049
1603,3015,38,2016,500,830,0,0,0,0,0,0,0,0,0,0,-116.44999694824219,1,0,0,0,95.75,0,0,0,0,0,0,3049
1604,3015,39,2016,500,830,0,0,0,0,0,0,0,0,0,0,-116.44999694824219,1,0,0,0,95.75,0,0,0,0,0,0,3049
1605,3015,40,2016,500,830,0,0,0,0,0,0,0,0,0,0,-116.44999694824219,1,0,0,0,95.75,0,0,0,0,0,0,3049
1606,3015,41,2016,500,830,0,0,0,0,0,0,0,0,0,0,-116.44999694824219,1,0,0,0,95.75,0,0,0,0,0,0,3049
1607,3015,42,2016,500,830,0,0,0,0,0,0,0,0,0,0,-116.44999694824219,1,0,0,0,95.75,0,0,0,0,0,0,3049
1608,0,1,2016,500,830,0,0,0,0,0,0,0,0,0,0,-116.44999694824219,1,0,0,0,95.75,0,0,0,0,0,0,3049
1609,0,2,2016,500,830,0,0,0,0,0,0,0,0,0,0,-116.44999694824219,1,0,0,0,95.75,0,0,0,0,0,0,3049
1610,0,3,2016,500,830,0,0,0,0,0,0,0,0,0,0,-116.44999694824219,1,0,0,0,95.75,0,0,0,0,0,0,3049
1611,0,4,2016,500,830,0,0,0,0,0,0,0,0,0,0,-116.44999694824219,1,0,0,0,95.75,0,0,0,0,0,0,3049
1612,0,5,2016,500,830,0,0,0,0,0,0,0,0,0,0,-116.44999694824219,1,0,0,0,95.75,0,0,0,0,0,0,3049
1613,0,6,2016,500,830,0,0,0,0,0,0,0,0,0,0,-116.44999694824219,1,0,0,0,95.75,0,0,0,0,0,0,3049
1614,0,7,2016,500,830,0,0,0,0,0,0,0,0,0,0,-116.44999694824219,1,0,0,0,95.75,0,0,0,0,0,0,3049
1615,0,8,2016,500,830,0,0,0,0,0,0,0,0,0,0,-116.44999694824219,1,0,0,0,95.75,0,0,0,0,0,0,3049
1616,0,9,2016,500,830,0,0,0,0,0,0,0,0,0,0,-116.44999694824219,1,0,0,0,95.75,0,0,0,0,0,0,3049
1617,0,10,2016,500,830,0,0,0,0,0,0,0,0,0,0,-116.44999694824219,1,0,0,0,95.75,0,0,0,0,0,0,3049
1618,0,11,2016,500,830,0,0,0,0,0,0,0,0,0,0,-116.44999694824219,1,0,0,0,95.75,0,0,0,0,0,0,3049
1619,0,12,2016,500,830,0,0,0,0,0,0,0,0,0,0,-116.44999694824219,1,0,0,0,95.75,0,0,0,0,0,0,3049
1620,0,13,2016,500,830,0,0,0,0,0,0,0,0,0,0,-116.44999694824219,1,0,0,0,95.75,0,0,0,0,0,0,3049
1621,0,14,2016,500,830,0,0,0,0,0,0,0,0,0,0,-116.44999694824219,1,0,0,0,95.75,0,0,0,0,0,0,3049
1622,0,15,2016,500,830,0,0,0,0,0,0,0,0,0,0,-116.44999694824219,1,0,0,0,95.75,0,0,0,0,0,0,3049
1623,0,16,2016,500,830,0,0,0,0,0,0,0,0,0,0,-116.44999694824219,1,0,0,0,95.75,0,0,0,0,0,0,3049
1624,0,17,2016,500,830,0,0,0,0,0,0,0,0,0,0,-116.44999694824219,1,0,0,0,95.75,0,0,0,0,0,0,3049
1625,0,18,2016,500,830,0,0,0,0,0,0,0,0,0,0,-116.44999694824219,1,0,0,0,95.75,0,0,0,0,0,0,3049
1626,0,19,2016,500,830,0,0,0,0,0,0,0,0,0,0,-116.44999694824219,1,0,0,0,95.75,0,0,0,0,0,0,3049
1627,0,20,2016,500,830,0,0,0,0,0,0,0,0,0,0,-116.44999694824219,1,0,0,0,95.75,0,0,0,0,0,0,3049
1628,0,21,2016,500,830,0,0,0,0,0,0,0,0,0,0,-116.44999694824219,1,0,0,0,95.75,0,0,0,0,0,0,3049
1629,0,22,2016,500,830,0,0,0,0,0,0,0,0,0,0,-116.44999694824219,1,0,0,0,95.75,0,0,0,0,0,0,3049
1630,0,23,2016,500,830,0,0,0,0,0,0,0,0,0,0,-116.44999694824219,1,0,0,0,95.75,0,0,0,0,0,0,3049
1631,0,24,2016,500,830,0,0,0,0,0,0,0,0,0,0,-116.44999694824219,1,0,0,0,95.75,0,0,0,0,0,0,3049
1632,0,25,2016,500,830,0,0,0,0,0,0,0,0,0,0,-116.44999694824219,1,0,0,0,95.75,0,0,0,0,0,0,3049
1633,0,26,2016,500,830,0,0,0,0,0,0,0,0,0,0,-117.44999694824219,1,0,0,0,95.75,0,0,0,0,0,0,3049
1634,0,27,2016,500,830,0,0,0,0,0,0,0,0,0,0,-118.94999694824219,1,0,0,0,96.75,0,0,0,0,0,0,3049
1635,0,28,2016,500,830,0,0,0,0,0,0,0,0,0,0,-120.44999694824219,1,0,0,0,98.25,0,0,0,0,0,0,3049
1636,0,29,2016,500,830,0,0,0,0,0,0,0,0,0,0,-121.94999694824219,1,0,0,0,99.75,0,0,0,0,0,0,3049
1637,0,30,2016,500,830,0,0,0,0,0,0,0,0,0,0,-123.44999694824219,1,0,0,0,101.25,0,0,0,0,0,0,3049
1638,0,31,2016,500,830,0,0,0,0,0,0,0,0,0,0,-124.94999694824219,1,0,0,0,102.75,0,0,0,0,0,0,3049
1639,0,32,2016,500,830,0,0,0,0,0,0,0,0,0,0,-126.44999694824219,1,0,0,0,104.25,0,0,0,0,0,0,3049
1640,0,33,2016,500,830,0,0,0,0,0,0,0,0,0,0,-127.94999694824219,1,0,0,0,105.75,0,0,0,0,0,0,3049
1641,0,34,2016,500,830,0,0,0,0,0,0,0,0,0,0,-129.4499969482422,1,0,0,0,107.25,0,0,0,0,0,0,3049
1642,0,35,2016,500,830,0,0,0,0,0,0,0,0,0,0,-130.9499969482422,1,0,0,0,108.75,0,0,0,0,0,0,3049
1643,0,36,2016,500,830,0,0,0,0,0,0,0,0,0,0,-132.4499969482422,1,0,0,0,110.25,0,0,0,0,0,0,3049
1644,0,37,2016,500,830,0,0,0,0,0,0,0,0,0,0,-133.9499969482422,1,0,0,0,111.75,0,0,0,0,0,0,3049
1645,0,38,2016,500,830,0,0,0,0,0,0,0,0,0,0,-135.4499969482422,1,0,0,0,113.25,0,0,0,0,0,0,3049
1646,0,39,2016,500,830,0,0,0,0,0,0,0,0,0,0,-136.9499969482422,1,0,0,0,114.75,0,0,0,0,0,0,3049
1647,0,40,2016,500,830,0,0,0,0,0,0,0,0,0,0,-138.4499969482422,1,0,0,0,116.25,0,0,0,0,0,0,3049
1648,0,41,2016,500,830,0,0,0,0,0,0,0,0,0,0,-139.9499969482422,1,0,0,0,117.75,0,0,0,0,0,0,3049
1649,0,42,2016,500,830,0,0,0,0,0,0,0,0,0,0,-141.4499969482422,1,0,0,0,119.25,0,0,0,0,0,0,3049
1650,0,43,2016,500,830,0,0,0,0,0,0,0,0,0,0,-142.9499969482422,1,0,0,0,120.75,0,0,0,0,0,0,3049
1651,0,44,2016,500,830,0,0,0,0,0,0,0,0,0,0,-143.9499969482422,1,0,0,0,122.25,0,0,0,0,0,0,3049
1652,0,45,2016,500,830,0,0,0,0,0,0,0,0,0,0,-144.4499969482422,1,0,0,0,123.25,0,0,0,0,0,0,3049
1653,0,46,2016,500,830,0,0,0,0,0,0,0,0,0,0,-144.6999969482422,1,0,0,0,123.75,0,0,0,0,0,0,3049
1654,0,47,2016,500,830,0,0,0,0,0,0,0,0,0,0,-144.9499969482422,1,0,0,0,124,0,0,0,0,0,0,3049
1655,0,48,2016,500,830,0,0,0,0,0,0,0,0,0,0,-144.9499969482422,1,0,0,0,124.25,0,0,0,0,0,0,3049
1656,0,49,2016,500,830,0,0,0,0,0,0,0,0,0,0,-144.9499969482422,1,0,0,0,124.25,0,0,0,0,0,0,3049
1657,0,50,2016,500,830,0,0,0,0,0,0,0,0,0,0,-144.9499969482422,1,0,0,0,124.25,0,0,0,0,0,0,3049
1658,0,51,2016,500,830,0,0,0,0,0,0,0,0,0,0,-144.9499969482422,1,0,0,0,124.25,0,0,0,0,0,0,3049
1659,0,52,2016,500,830,0,0,0,0,0,0,0,0,0,0,-144.9499969482422,1,0,0,0,124.25,0,0,0,0,0,0,3049
1660,0,53,2016,500,830,0,0,0,0,0,0,0,0,0,0,-144.9499969482422,1,0,0,0,124.25,0,0,0,0,0,0,3049
1661,0,54,2016,500,830,0,0,0,0,0,0,0,0,0,0,-144.9499969482422,1,0,0,0,124.25,0,0,0,0,0,0,3049
1662,0,55,2016,500,830,0,0,0,0,0,0,0,0,0,0,-144.9499969482422,1,0,0,0,124.25,0,0,0,0,0,0,3049
1663,0,56,2016,500,830,0,0,0,0,0,0,0,0,0,0,-144.9499969482422,1,0,0,0,124.25,0,0,0,0,0,0,3049
1664,0,57,2016,500,830,0,0,0,0,0,0,0,0,0,0,-144.9499969482422,1,0,0,0,124.25,0,0,0,0,0,0,3049
1665,0,58,2016,500,830,0,0,0,0,0,0,0,0,0,0,-144.9499969482422,1,0,0,0,124.25,0,0,0,0,0,0,3049
1666,0,59,2016,500,830,0,0,0,0,0,0,0,0,0,0,-144.9499969482422,1,0,0,0,124.25,0,0,0,0,0,0,3049
1667,0,60,2016,500,830,0,0,0,0,0,0,0,0,0,0,-144.9499969482422,1,0,0,0,124.25,0,0,0,0,0,0,3049
1668,0,61,2016,500,830,0,0,0,0,0,0,0,0,0,0,-144.9499969482422,1,0,0,0,124.25,0,0,0,0,0,0,3049
1669,0,62,2016,500,830,0,0,0,0,0,0,0,0,0,0,-144.9499969482422,1,0,0,0,124.25,0,0,0,0,0,0,3049
1670,0,63,2016,500,830,0,0,0,0,0,0,0,0,0,0,-144.9499969482422,1,0,0,0,124.25,0,0,0,0,0,0,3049
1671,0,64,2016,500,830,0,0,0,0,0,0,0,0,0,0,-144.9499969482422,1,0,0,0,124.25,0,0,0,0,0,0,3049
1672,0,65,2016,500,830,0,0,0,0,0,0,0,0,0,0,-144.9499969482422,1,0,0,0,124.25,0,0,0,0,0,0,3049
1673,0,66,2016,500,830,0,0,0,0,0,0,0,0,0,0,-144.9499969482422,1,0,0,0,124.25,0,0,0,0,0,0,3049
1674,0,67,2016,500,830,0,0,0,0,0,0,0,0,0,0,-144.9499969482422,1,0,0,0,124.25,0,0,0,0,0,0,3049
1675,0,68,2016,500,830,0,0,0,0,0,0,0,0,0,0,-144.9499969482422,1,0,0,0,124.25,0,0,0,0,0,0,3049
1676,0,69,2016,500,830,0,0,0,0,0,0,0,0,0,0,-144.9499969482422,1,0,0,0,124.25,0,0,0,0,0,0,3049
1677,0,70,2016,500,830,0,0,0,0,0,0,0,0,0,0,-144.9499969482422,1,0,0,0,124.25,0,0,0,0,0,0,3049
1678,0,71,2016,500,830,0,0,0,0,0,0,0,0,0,0,-144.9499969482422,1,0,0,0,124.25,0,0,0,0,0,0,3049
1679,0,72,2016,500,830,0,0,0,0,0,0,0,0,0,0,-144.9499969482422,1,0,0,0,124.25,0,0,0,0,0,0,3049
1680,0,73,2016,500,830,0,0,0,0,0,0,0,0,0,0,-144.9499969482422,1,0,0,0,124.25,0,0,0,0,0,0,3049
1681,0,74,2016,500,830,0,0,0,0,0,0,0,0,0,0,-144.9499969482422,1,0,0,0,124.25,0,0,0,0,0,0,3049
1682,0,75,2016,500,830,0,0,0,0,0,0,0,0,0,0,-144.9499969482422,1,0,0,0,124.25,0,0,0,0,0,0,3049
1683,0,76,2016,500,830,0,0,0,0,0,0,0,0,0,0,-144.9499969482422,1,0,0,0,124.25,0,0,0,0,0,0,3049
1684,0,77,2016,500,830,0,0,0,0,0,0,0,0,0,0,-144.9499969482422,1,0,0,0,124.25,0,0,0,0,0,0,3049
1685,0,78,2016,500,830,0,0,0,0,0,0,0,0,0,0,-144.9499969482422,1,0,0,0,124.25,0,0,0,0,0,0,3049
1686,0,79,2016,500,830,0,0,0,0,0,0,0,0,0,0,-144.9499969482422,1,0,0,0,124.25,0,0,0,0,0,0,3049
1687,0,80,2016,500,830,0,0,0,0,0,0,0,0,0,0,-144.9499969482422,1,0,0,0,124.25,0,0,0,0,0,0,3049
1688,0,81,2016,500,830,0,0,0,0,0,0,0,0,0,0,-144.9499969482422,1,0,0,0,124.25,0,0,0,0,0,0,3049
1689,0,82,2016,500,830,0,0,0,0,0,0,0,0,0,0,-144.9499969482422,1,0,0,0,124.25,0,0,0,0,0,0,3049
1690,0,83,2016,500,830,0,0,0,0,0,0,0,0,0,0,-144.9499969482422,1,0,0,0,124.25,0,0,0,0,0,0,3049
1691,0,84,2016,500,830,0,0,0,0,0,0,0,0,0,0,-144.9499969482422,1,0,0,0,124.25,0,0,0,0,0,0,3049
1692,0,85,2016,500,830,0,0,0,0,0,0,0,0,0,0,-144.9499969482422,1,0,0,0,124.25,0,0,0,0,0,0,3049
1693,0,86,2016,500,830,0,0,0,0,0,0,0,0,0,0,-144.9499969482422,1,0,0,0,124.25,0,0,0,0,0,0,3049
1694,0,87,2016,500,830,0,0,0,0,0,0,0,0,0,0,-144.9499969482422,1,0,0,0,124.25,0,0,0,0,0,0,3049
1695,0,88,2016,500,830,0,0,0,0,0,0,0,0,0,0,-144.9499969482422,1,0,0,0,124.25,0,0,0,0,0,0,3049
1696,0,89,2016,500,830,0,0,0,0,0,0,0,0,0,0,-144.9499969482422,1,0,0,0,124.25,0,0,0,0,0,0,3049
1697,0,90,2016,500,830,0,0,0,0,0,0,0,0,0,0,-144.9499969482422,1,0,0,0,124.25,0,0,0,0,0,0,3049
1698,0,91,2016,500,830,0,0,0,0,0,0,0,0,0,0,-144.9499969482422,1,0,0,0,124.25,0,0,0,0,0,0,3049
1699,0,92,2016,500,830,0,0,0,0,0,0,0,0,0,0,-144.9499969482422,1,0,0,0,124.25,0,0,0,0,0,0,3049
1700,0,93,2016,500,830,0,0,0,0,0,0,0,0,0,0,-144.9499969482422,1,0,0,0,124.25,0,0,0,0,0,0,3049
1701,0,94,2016,500,830,0,0,0,0,0,0,0,0,0,0,-144.9499969482422,1,0,0,0,124.25,0,0,0,0,0,0,3049
1702,0,95,2016,500,830,0,0,0,0,0,0,0,0,0,0,-144.9499969482422,1,0,0,0,124.25,0,0,0,0,0,0,3049
1703,0,96,2016,500,830,0,0,0,0,0,0,0,0,0,0,-144.9499969482422,1,0,0,0,124.25,0,0,0,0,0,0,3049
1704,0,97,2016,500,830,0,0,0,0,0,0,0,0,0,0,-144.9499969482422,1,0,0,0,124.25,0,0,0,0,0,0,3049
1705,0,98,2016,500,830,0,0,0,0,0,0,0,0,0,0,-144.9499969482422,1,0,0,0,124.25,0,0,0,0,0,0,3049
1706,0,99,2016,500,830,0,0,0,0,0,0,0,0,0,0,-144.9499969482422,1,0,0,0,124.25,0,0,0,0,0,0,3049
1707,0,100,2016,500,830,0,0,0,0,0,0,0,0,0,0,-144.9499969482422,1,0,0,0,124.25,0,0,0,0,0,0,3049
1708,0,101,2016,500,830,0,0,0,0,0,0,0,0,0,0,-144.9499969482422,1,0,0,0,124.25,0,0,0,0,0,0,3049
1709,0,102,2016,500,830,0,0,0,0,0,0,0,0,0,0,-144.9499969482422,1,0,0,0,124.25,0,0,0,0,0,0,3049
1710,0,103,2016,500,830,0,0,0,0,0,0,0,0,0,0,-144.9499969482422,1,0,0,0,124.25,0,0,0,0,0,0,3049
1711,0,104,2016,500,830,0,0,0,0,0,0,0,0,0,0,-144.9499969482422,1,0,0,0,124.25,0,0,0,0,0,0,3049
1712,0,105,2016,500,830,0,0,0,0,0,0,0,0,0,0,-144.9499969482422,1,0,0,0,124.25,0,0,0,0,0,0,3049
1713,0,106,2016,500,830,0,0,0,0,0,0,0,0,0,0,-144.9499969482422,1,0,0,0,124.25,0,0,0,0,0,0,3049
1714,0,107,2016,500,830,0,0,0,0,0,0,0,0,0,0,-144.9499969482422,1,0,0,0,124.25,0,0,0,0,0,0,3049
1715,0,108,2016,500,830,0,0,0,0,0,0,0,0,0,0,-144.9499969482422,1,0,0,0,124.25,0,0,0,0,0,0,3049
1716,0,109,2016,500,830,0,0,0,0,0,0,0,0,0,0,-144.9499969482422,1,0,0,0,124.25,0,0,0,0,0,0,3049
1717,0,110,2016,500,830,0,0,0,0,0,0,0,0,0,0,-144.9499969482422,1,0,0,0,124.25,0,0,0,0,0,0,3049
1718,0,111,2016,500,830,0,0,0,0,0,0,0,0,0,0,-144.9499969482422,1,0,0,0,124.25,0,0,0,0,0,0,3049
1719,0,112,2016,500,830,0,0,0,0,0,0,0,0,0,0,-144.9499969482422,1,0,0,0,124.25,0,0,0,0,0,0,3049
1720,0,113,2016,500,830,0,0,0,0,0,0,0,0,0,0,-144.9499969482422,1,0,0,0,124.25,0,0,0,0,0,0,3049
1721,0,114,2016,500,830,0,0,0,0,0,0,0,0,0,0,-144.9499969482422,1,0,0,0,124.25,0,0,0,0,0,0,3049
1722,0,115,2016,500,830,0,0,0,0,0,0,0,0,0,0,-144.9499969482422,1,0,0,0,124.25,0,0,0,0,0,0,3049
1723,0,116,2016,500,830,0,0,0,0,0,0,0,0,0,0,-144.9499969482422,1,0,0,0,124.25,0,0,0,0,0,0,3049
1724,0,117,2016,500,830,0,0,0,0,0,0,0,0,0,0,-144.9499969482422,1,0,0,0,124.25,0,0,0,0,0,0,3049
1725,0,118,2016,500,830,0,0,0,0,0,0,0,0,0,0,-144.9499969482422,1,0,0,0,124.25,0,0,0,0,0,0,3049
1726,0,119,2016,500,830,0,0,0,0,0,0,0,0,0,0,-144.9499969482422,1,0,0,0,124.25,0,0,0,0,0,0,3049
1727,0,120,2016,500,830,0,0,0,0,0,0,0,0,0,0,-144.9499969482422,1,0,0,0,124.25,0,0,0,0,0,0,3049
1728,0,121,2016,500,830,0,0,0,0,0,0,0,0,0,0,-144.9499969482422,1,0,0,0,124.25,0,0,0,0,0,0,3049
1729,0,122,2016,500,830,0,0,0,0,0,0,0,0,0,0,-144.9499969482422,1,0,0,0,124.25,0,0,0,0,0,0,3049
1730,0,123,2016,500,830,0,0,0,0,0,0,0,0,0,0,-144.9499969482422,1,0,0,0,124.25,0,0,0,0,0,0,3049
1731,0,124,2016,500,830,0,0,0,0,0,0,0,0,0,0,-144.9499969482422,1,0,0,0,124.25,0,0,0,0,0,0,3049
1732,0,125,2016,500,830,0,0,0,0,0,0,0,0,0,0,-144.9499969482422,1,0,0,0,124.25,0,0,0,0,0,0,3049
1733,0,126,2016,500,830,0,0,0,0,0,0,0,0,0,0,-144.9499969482422,1,0,0,0,124.25,0,0,0,0,0,0,3049
1734,0,127,2016,500,830,0,0,0,0,0,0,0,0,0,0,-144.9499969482422,1,0,0,0,124.25,0,0,0,0,0,0,3049
1735,0,128,2016,500,830,0,0,0,0,0,0,0,0,0,0,-144.9499969482422,1,0,0,0,124.25,0,0,0,0,0,0,3049
1736,0,129,2016,500,830,0,0,0,0,0,0,0,0,0,0,-144.9499969482422,1,0,0,0,124.25,0,0,0,0,0,0,3049
1737,0,130,2016,500,830,0,0,0,0,0,0,0,0,0,0,-144.9499969482422,1,0,0,0,124.25,0,0,0,0,0,0,3049
1738,0,131,2016,500,830,0,0,0,0,0,0,0,0,0,0,-144.9499969482422,1,0,0,0,124.25,0,0,0,0,0,0,3049
1739,0,132,2016,500,830,0,0,0,0,0,0,0,0,0,0,-144.9499969482422,1,0,0,0,124.25,0,0,0,0,0,0,3049
1740,0,133,2016,500,830,0,0,0,0,0,0,0,0,0,0,-144.9499969482422,1,0,0,0,124.25,0,0,0,0,0,0,3049
1741,0,134,2016,500,830,0,0,0,0,0,0,0,0,0,0,-144.9499969482422,1,0,0,0,124.25,0,0,0,0,0,0,3049
1742,0,135,2016,500,830,0,0,0,0,0,0,0,0,0,0,-144.9499969482422,1,0,0,0,124.25,0,0,0,0,0,0,3049
1743,0,136,2016,500,830,0,0,0,0,0,0,0,0,0,0,-144.9499969482422,1,0,0,0,124.25,0,0,0,0,0,0,3049
1744,0,137,2016,500,830,0,0,0,0,0,0,0,0,0,0,-144.9499969482422,1,0,0,0,124.25,0,0,0,0,0,0,3049
1745,0,138,2016,500,830,0,0,0,0,0,0,0,0,0,0,-144.9499969482422,1,0,0,0,124.25,0,0,0,0,0,0,3049
1746,0,139,2016,500,830,0,0,0,0,0,0,0,0,0,0,-144.9499969482422,1,0,0,0,124.25,0,0,0,0,0,0,3049
1747,0,140,2016,500,830,0,0,0,0,0,0,0,0,0,0,-144.9499969482422,1,0,0,0,124.25,0,0,0,0,0,0,3049
1748,0,141,2016,500,830,0,0,0,0,0,0,0,0,0,0,-144.9499969482422,1,0,0,0,124.25,0,0,0,0,0,0,3049
1749,0,142,2016,500,830,0,0,0,0,0,0,0,0,0,0,-144.9499969482422,1,0,0,0,124.25,0,0,0,0,0,0,3049
1750,0,143,2016,500,830,0,0,0,0,0,0,0,0,0,0,-144.9499969482422,1,0,0,0,124.25,0,0,0,0,0,0,3049
1751,0,144,2016,500,830,0,0,0,0,0,0,0,0,0,0,-144.9499969482422,1,0,0,0,124.25,0,0,0,0,0,0,3049
1752,0,145,2016,500,830,0,0,0,0,0,0,0,0,0,0,-144.9499969482422,1,0,0,0,124.25,0,0,0,0,0,0,3049
1753,0,146,2016,500,830,0,0,0,0,0,0,0,0,0,0,-144.9499969482422,1,0,0,0,124.25,0,0,0,0,0,0,3049
1754,0,147,2016,500,830,0,0,0,0,0,0,0,0,0,0,-144.9499969482422,1,0,0,0,124.25,0,0,0,0,0,0,3049
1755,0,148,2016,500,830,0,0,0,0,0,0,0,0,0,0,-144.9499969482422,1,0,0,0,124.25,0,0,0,0,0,0,3049
1756,0,149,2016,500,830,0,0,0,0,0,0,0,0,0,0,-144.9499969482422,1,0,0,0,124.25,0,0,0,0,0,0,3049
1757,0,150,2016,500,830,0,0,0,0,0,0,0,0,0,0,-144.9499969482422,1,0,0,0,124.25,0,0,0,0,0,0,3049
1758,0,151,2016,500,830,0,0,0,0,0,0,0,0,0,0,-144.9499969482422,1,0,0,0,124.25,0,0,0,0,0,0,3049
1759,0,152,2016,500,830,0,0,0,0,0,0,0,0,0,0,-144.9499969482422,1,0,0,0,124.25,0,0,0,0,0,0,3049
1760,0,153,2016,500,830,0,0,0,0,0,0,0,0,0,0,-144.9499969482422,1,0,0,0,124.25,0,0,0,0,0,0,3049
1761,0,154,2016,500,830,0,0,0,0,0,0,0,0,0,0,-144.9499969482422,1,0,0,0,124.25,0,0,0,0,0,0,3049
1762,0,155,2016,500,830,0,0,0,0,0,0,0,0,0,0,-144.9499969482422,1,0,0,0,124.25,0,0,0,0,0,0,3049
1763,0,156,2016,500,830,0,0,0,0,0,0,0,0,0,0,-144.9499969482422,1,0,0,0,124.25,0,0,0,0,0,0,3049
1764,0,157,2016,500,830,0,0,0,0,0,0,0,0,0,0,-144.9499969482422,1,0,0,0,124.25,0,0,0,0,0,0,3049
1765,0,158,2016,500,830,0,0,0,0,0,0,0,0,0,0,-144.9499969482422,1,0,0,0,124.25,0,0,0,0,0,0,3049
1766,0,159,2016,500,830,0,0,0,0,0,0,0,0,0,0,-144.9499969482422,1,0,0,0,124.25,0,0,0,0,0,0,3049
1767,0,160,2016,500,830,0,0,0,0,0,0,0,0,0,0,-144.9499969482422,1,0,0,0,124.25,0,0,0,0,0,0,3049
1768,0,161,2016,500,830,0,0,0,0,0,0,0,0,0,0,-144.9499969482422,1,0,0,0,124.25,0,0,0,0,0,0,3049
1769,0,162,2016,500,830,0,0,0,0,0,0,0,0,0,0,-144.9499969482422,1,0,0,0,124.25,0,0,0,0,0,0,3049
1770,0,163,2016,500,830,0,0,0,0,0,0,0,0,0,0,-144.9499969482422,1,0,0,0,124.25,0,0,0,0,0,0,3049
1771,0,164,2016,500,830,0,0,0,0,0,0,0,0,0,0,-144.9499969482422,1,0,0,0,124.25,0,0,0,0,0,0,3049
1772,0,165,2016,500,830,0,0,0,0,0,0,0,0,0,0,-144.9499969482422,1,0,0,0,124.25,0,0,0,0,0,0,3049
1773,0,166,2016,500,830,0,0,0,0,0,0,0,0,0,0,-144.9499969482422,1,0,0,0,124.25,0,0,0,0,0,0,3049
1774,0,167,2016,500,830,0,0,0,0,0,0,0,0,0,0,-144.9499969482422,1,0,0,0,124.25,0,0,0,0,0,0,3049
1775,0,168,2016,500,830,0,0,0,0,0,0,0,0,0,0,-144.9499969482422,1,0,0,0,124.25,0,0,0,0,0,0,3049
1776,0,169,2016,500,830,0,0,0,0,0,0,0,0,0,0,-144.9499969482422,1,0,0,0,124.25,0,0,0,0,0,0,3049
1777,0,170,2016,500,830,0,0,0,0,0,0,0,0,0,0,-144.9499969482422,1,0,0,0,124.25,0,0,0,0,0,0,3049
1778,0,171,2016,500,830,0,0,0,0,0,0,0,0,0,0,-144.9499969482422,1,0,0,0,124.25,0,0,0,0,0,0,3049
1779,0,172,2016,500,830,0,0,0,0,0,0,0,0,0,0,-144.9499969482422,1,0,0,0,124.25,0,0,0,0,0,0,3049
1780,0,173,2016,500,830,0,0,0,0,0,0,0,0,0,0,-144.9499969482422,1,0,0,0,124.25,0,0,0,0,0,0,3049
1781,0,174,2016,500,830,0,0,0,0,0,0,0,0,0,0,-144.9499969482422,1,0,0,0,124.25,0,0,0,0,0,0,3049
1782,0,175,2016,500,830,0,0,0,0,0,0,0,0,0,0,-144.9499969482422,1,0,0,0,124.25,0,0,0,0,0,0,3049
1783,0,176,2016,500,830,0,0,0,0,0,0,0,0,0,0,-144.9499969482422,1,0,0,0,124.25,0,0,0,0,0,0,3049
1784,0,177,2016,500,830,0,0,0,0,0,0,0,0,0,0,-144.9499969482422,1,0,0,0,124.25,0,0,0,0,0,0,3049
1785,0,178,2016,500,830,0,0,0,0,0,0,0,0,0,0,-144.9499969482422,1,0,0,0,124.25,0,0,0,0,0,0,3049
1786,0,179,2016,500,830,0,0,0,0,0,0,0,0,0,0,-144.9499969482422,1,0,0,0,124.25,0,0,0,0,0,0,3049
1787,0,180,2016,500,830,0,0,0,0,0,0,0,0,0,0,-144.9499969482422,1,0,0,0,124.25,0,0,0,0,0,0,3049
1788,0,181,2016,500,830,0,0,0,0,0,0,0,0,0,0,-144.9499969482422,1,0,0,0,124.25,0,0,0,0,0,0,3049
1789,0,182,2016,500,830,0,0,0,0,0,0,0,0,0,0,-144.9499969482422,1,0,0,0,124.25,0,0,0,0,0,0,3049
1790,0,183,2016,500,830,0,0,0,0,0,0,0,0,0,0,-144.9499969482422,1,0,0,0,124.25,0,0,0,0,0,0,3049
1791,0,184,2016,500,830,0,0,0,0,0,0,0,0,0,0,-144.9499969482422,1,0,0,0,124.25,0,0,0,0,0,0,3049
1792,0,185,2016,500,830,0,0,0,0,0,0,0,0,0,0,-144.9499969482422,1,0,0,0,124.25,0,0,0,0,0,0,3049
1793,0,186,2016,500,830,0,0,0,0,0,0,0,0,0,0,-144.9499969482422,1,0,0,0,124.25,0,0,0,0,0,0,3049
1794,0,187,2016,500,830,0,0,0,0,0,0,0,0,0,0,-144.9499969482422,1,0,0,0,124.25,0,0,0,0,0,0,3049
1795,0,188,2016,500,830,0,0,0,0,0,0,0,0,0,0,-144.9499969482422,1,0,0,0,124.25,0,0,0,0,0,0,3049
1796,0,189,2016,500,830,0,0,0,0,0,0,0,0,0,0,-144.9499969482422,1,0,0,0,124.25,0,0,0,0,0,0,3049
1797,0,190,2016,500,830,0,0,0,0,0,0,0,0,0,0,-144.9499969482422,1,0,0,0,124.25,0,0,0,0,0,0,3049
1798,0,191,2016,500,830,0,0,0,0,0,0,0,0,0,0,-144.9499969482422,1,0,0,0,124.25,0,0,0,0,0,0,3049
1799,0,192,2016,500,830,0,0,0,0,0,0,0,0,0,0,-144.9499969482422,1,0,0,0,124.25,0,0,0,0,0,0,3049
1800,0,193,2016,500,830,0,0,0,0,0,0,0,0,0,0,-144.9499969482422,1,0,0,0,124.25,0,0,0,0,0,0,3049
1801,0,194,2016,500,830,0,0,0,0,0,0,0,0,0,0,-144.9499969482422,1,0,0,0,124.25,0,0,0,0,0,0,3049
1802,0,195,2016,500,830,0,0,0,0,0,0,0,0,0,0,-144.9499969482422,1,0,0,0,124.25,0,0,0,0,0,0,3049
1803,0,196,2016,500,830,0,0,0,0,0,0,0,0,0,0,-144.9499969482422,1,0,0,0,124.25,0,0,0,0,0,0,3049
1804,0,197,2016,500,830,0,0,0,0,0,0,0,0,0,0,-144.9499969482422,1,0,0,0,124.25,0,0,0,0,0,0,3049
1805,0,198,2016,500,830,0,0,0,0,0,0,0,0,0,0,-144.9499969482422,1,0,0,0,124.25,0,0,0,0,0,0,3049
1806,0,199,2016,500,830,0,0,0,0,0,0,0,0,0,0,-144.9499969482422,1,0,0,0,124.25,0,0,0,0,0,0,3049
1807,0,200,2016,500,830,0,0,0,0,0,0,0,0,0,0,-144.9499969482422,1,0,0,0,124.25,0,0,0,0,0,0,3049
1808,0,201,2016,500,830,0,0,0,0,0,0,0,0,0,0,-144.9499969482422,1,0,0,0,124.25,0,0,0,0,0,0,3049
1809,0,202,2016,500,830,0,0,0,0,0,0,0,0,0,0,-144.9499969482422,1,0,0,0,124.25,0,0,0,0,0,0,3049
1810,0,1,3000,500,1000,0,0,0,0,0,0,0,0,0,0,-145,1,0,0,0,124.25,0,0,0,0,0,0,1000
1811,0,2,3000,500,1000,0,0,0,0,0,0,0,0,0,0,-145,1,0,0,0,124.25,0,0,0,0,0,0,1000
1812,0,3,3000,500,1000,0,0,0,0,0,0,0,0,0,0,-145,1,0,0,0,124.25,0,0,0,0,0,0,1000
1813,0,4,3000,500,1000,0,0,0,0,0,0,0,0,0,0,-145,1,0,0,0,124.25,0,0,0,0,0,0,1000
1814,0,5,3000,500,1000,0,0,0,0,0,0,0,0,0,0,-145,1,0,0,0,124.25,0,0,0,0,0,0,1000
1815,0,6,3000,500,1000,0,0,0,0,0,0,0,0,0,0,-145,1,0,0,0,124.25,0,0,0,0,0,0,1000
1816,0,7,3000,500,1000,0,0,0,0,0,0,0,0,0,0,-145,1,0,0,0,124.25,0,0,0,0,0,0,1000
1817,0,8,3000,500,1000,0,0,0,0,0,0,0,0,0,0,-145,1,0,0,0,124.25,0,0,0,0,0,0,1000
1818,0,9,3000,500,1000,0,0,0,0,0,0,0,0,0,0,-145,1,0,0,0,124.25,0,0,0,0,0,0,1000
1819,10,1,3000,500,1000,0,0,0,0,0,0,0,0,0,0,-145,1,0,0,0,124.25,0,0,0,0,0,0,1000
1820,10,2,3000,500,1000,0,0,0,0,0,0,0,0,0,0,-145,1,0,0,0,124.25,0,0,0,0,0,0,1000
1821,10,3,3000,500,1000,0,0,0,0,0,0,0,0,0,0,-145,1,0,0,0,124.25,0,0,0,0,0,0,1000
1822,10,4,3000,500,1000,0,0,0,0,0,0,0,0,0,0,-145,1,0,0,0,124.25,0,0,0,0,0,0,1000
1823,10,5,3000,500,1000,0,0,0,0,0,0,0,0,0,0,-145,1,0,0,0,124.25,0,0,0,0,0,0,1000
1824,10,6,3000,500,1000,0,0,0,0,0,0,0,0,0,0,-145,1,0,0,0,124.25,0,0,0,0,0,0,1000
1825,12,1,3000,500,1000,0,0,0,0,0,0,0,0,0,0,-145,1,0,0,0,124.25,0,0,0,0,0,0,1000
1826,20,1,3000,500,1000,0,0,0,0,0,0,0,0,0,0,-142.85000610351562,1,0,0,0,124.25,0,0,0,0,0,0,1000
1827,20,2,3000,500,1000,0,0,0,0,0,0,0,0,0,0,-140.6999969482422,1,0,0,0,124.25,0,0,0,0,0,0,1000
1828,10,1,3000,500,1000,0,0,0,0,0,0,0,0,0,0,-140.6999969482422,1,0,0,0,124.25,0,0,0,0,0,0,1000
1829,10,2,3000,500,1000,0,0,0,0,0,0,0,0,0,0,-140.6999969482422,1,0,0,0,124.25,0,0,0,0,0,0,1000
1830,10,3,3000,500,1000,0,0,0,0,0,0,0,0,0,0,-140.6999969482422,1,0,0,0,124.25,0,0,0,0,0,0,1000
1831,10,4,3000,500,1000,0,0,0,0,0,0,0,0,0,0,-140.6999969482422,1,0,0,0,124.25,0,0,0,0,0,0,1000
1832,10,5,3000,500,1000,0,0,0,0,0,0,0,0,0,0,-140.6999969482422,1,0,0,0,124.25,0,0,0,0,0,0,1000
1833,10,6,3000,500,1000,0,0,0,0,0,0,0,0,0,0,-140.6999969482422,1,0,0,0,124.25,0,0,0,0,0,0,1000
1834,10,7,3000,500,1000,0,0,0,0,0,0,0,0,0,0,-140.6999969482422,1,0,0,0,124.25,0,0,0,0,0,0,1000
1835,10,8,3000,500,1000,0,0,0,0,0,0,0,0,0,0,-140.6999969482422,1,0,0,0,124.25,0,0,0,0,0,0,1000
1836,10,9,3000,500,1000,0,0,0,0,0,0,0,0,0,0,-140.6999969482422,1,0,0,0,124.25,0,0,0,0,0,0,1000
1837,3500,1,2000,500,1000,0,0,0,0,0,0,0,0,0,0,-140.6999969482422,1,0,0,0,124.25,0,0,0,0,0,0,1000
1838,3500,2,2000,500,1000,0,0,0,0,0,0,0,0,0,0,-140.6999969482422,1,0,0,0,124.25,0,0,0,0,0,0,1000
1839,3500,3,2000,500,1000,0,0,0,0,0,0,0,0,0,0,-140.6999969482422,1,0,0,0,124.25,0,0,0,0,0,0,1000
1840,3500,4,2000,500,1000,0,0,0,0,0,0,0,0,0,0,-140.6999969482422,1,0,0,0,124.25,0,0,0,0,0,0,1000
1841,3500,5,2000,500,1000,0,0,0,0,0,0,0,0,0,0,-135.5,1,0,0,0,124.25,0,0,0,0,0,0,1000
1842,3500,6,2000,500,1000,0,0,0,0,0,0,0,0,0,0,-130.3000030517578,1,0,0,0,124.25,0,0,0,0,0,0,1000
1843,3500,7,2000,500,1000,0,0,0,0,0,0,0,0,0,0,-126.17500305175781,1,0,0,0,124.25,0,0,0,0,0,0,1000
1844,3500,8,2000,500,1000,0,0,0,0,0,0,0,0,0,0,-123.57500457763672,1,0,0,0,124.25,0,0,0,0,0,0,1000
1845,3500,9,2000,500,1000,0,0,0,0,0,0,0,0,0,0,-120.9749984741211,1,0,0,0,124.25,0,0,0,0,0,0,1000
1846,3500,9,2000,500,955,0,0,0,0,0,0,0,0,0,0,-120.9749984741211,1,0,0,0,124.25,0,0,0,0,0,0,1018
1847,3500,9,2000,500,955,0,0,0,0,0,0,0,0,0,0,-120.9749984741211,1,0,0,0,124.25,0,0,0,0,0,0,1018
1848,3500,9,2000,500,955,0,0,0,0,0,0,0,0,0,0,-120.9749984741211,1,0,0,0,124.25,0,0,0,0,0,0,1018
1849,3500,9,2000,500,955,0,0,0,0,0,0,0,0,0,0,-120.9749984741211,1,0,0,0,124.25,0,0,0,0,0,0,1018
1850,3500,9,2000,500,955,0,0,0,0,0,0,0,0,0,0,-120.9749984741211,1,0,0,0,124.25,0,0,0,0,0,0,1018
1851,3500,9,2000,500,955,0,0,0,0,0,0,0,0,0,0,-120.9749984741211,1,0,0,0,124.25,0,0,0,0,0,0,1018
1852,3500,10,2000,500,955,0,0,0,0,0,0,0,0,0,0,-118.375,1,0,0,0,124.25,0,0,0,0,0,0,1018
1853,3500,11,2000,500,955,0,0,0,0,0,0,0,0,0,0,-115.7750015258789,1,0,0,0,124.25,0,0,0,0,0,0,1018
1854,3500,12,2000,500,955,0,0,0,0,0,0,0,0,0,0,-113.17500305175781,1,0,0,0,124.25,0,0,0,0,0,0,1018
1855,3500,13,2000,500,955,0,0,0,0,0,0,0,0,0,0,-110.57500457763672,1,0,0,0,124.25,0,0,0,0,0,0,1018
1856,3500,14,2000,500,955,0,0,0,0,0,0,0,0,0,0,-107.72500610351562,1,0,0,0,124.25,0,0,0,0,0,0,2018
1857,3500,15,2000,500,955,0,0,0,0,0,0,0,0,0,0,-105.12500762939453,1,0,0,0,124.25,0,0,0,0,0,0,2018
1858,3500,16,2000,500,955,0,0,0,0,0,0,0,0,0,0,-102.52500915527344,1,0,0,0,124.25,0,0,0,0,0,0,2018
1859,3500,17,2000,500,955,0,0,0,0,0,0,0,0,0,0,-99.92501068115234,1,0,0,0,124.25,0,0,0,0,0,0,2018
1860,3500,18,2000,500,955,0,0,0,0,0,0,0,0,0,0,-97.32501220703125,1,0,0,0,124.25,0,0,0,0,0,0,2018
1861,3500,19,2000,500,955,0,0,0,0,0,0,0,0,0,0,-94.72501373291016,1,0,0,0,124.25,0,0,0,0,0,0,2018
1862,3500,19,2000,500,910,0,0,0,0,0,0,0,0,0,0,-94.72501373291016,1,0,0,0,124.25,0,0,0,0,0,0,3036
1863,3500,19,2000,500,910,0,0,0,0,0,0,0,0,0,0,-94.72501373291016,1,0,0,0,124.25,0,0,0,0,0,0,3036
1864,3500,19,2000,500,910,0,0,0,0,0,0,0,0,0,0,-94.72501373291016,1,0,0,0,124.25,0,0,0,0,0,0,3036
1865,3500,19,2000,500,910,0,0,0,0,0,0,0,0,0,0,-94.72501373291016,1,0,0,0,124.25,0,0,0,0,0,0,3036
1866,3500,19,2000,500,910,0,0,0,0,0,0,0,0,0,0,-94.72501373291016,1,0,0,0,124.25,0,0,0,0,0,0,3036
1867,3500,19,2000,500,910,0,0,0,0,0,0,0,0,0,0,-94.72501373291016,1,0,0,0,124.25,0,0,0,0,0,0,3036
1868,3500,20,2000,500,910,0,0,0,0,0,0,0,0,0,0,-92.12501525878906,1,0,0,0,124.25,0,0,0,0,0,0,3036
1869,3500,21,2000,500,910,0,0,0,0,0,0,0,0,0,0,-89.52501678466797,1,0,0,0,124.25,0,0,0,0,0,0,3036
1870,3500,22,2000,500,910,0,0,0,0,0,0,0,0,0,0,-86.92501831054688,1,0,0,0,124.25,0,0,0,0,0,0,3036
1871,3500,23,2000,500,910,0,0,0,0,0,0,0,0,0,0,-84.07501983642578,1,0,0,0,124.25,0,0,0,0,0,0,3036
1872,3500,24,2000,500,910,0,0,0,0,0,0,0,0,0,0,-84.07501983642578,1,0,0,0,124.25,0,0,0,0,0,0,3036
1873,3500,25,2000,500,910,0,0,0,0,0,0,0,0,0,0,-84.07501983642578,1,0,0,0,124.25,0,0,0,0,0,0,3036
1874,3500,26,2000,500,910,0,0,0,0,0,0,0,0,0,0,-84.07501983642578,1,0,0,0,124.25,0,0,0,0,0,0,3036
1875,3500,27,2000,500,910,0,0,0,0,0,0,0,0,0,0,-84.07501983642578,1,0,0,0,124.25,0,0,0,0,0,0,3036
1876,3500,28,2000,500,910,0,0,0,0,0,0,0,0,0,0,-84.07501983642578,1,0,0,0,124.25,0,0,0,0,0,0,3036
1877,3500,29,2000,500,910,0,0,0,0,0,0,0,0,0,0,-84.07501983642578,1,0,0,0,124.25,0,0,0,0,0,0,3036
1878,3500,30,2000,500,910,0,0,0,0,0,0,0,0,0,0,-84.07501983642578,1,0,0,0,124.25,0,0,0,0,0,0,3036
1879,3500,31,2000,500,910,0,0,0,0,0,0,0,0,0,0,-84.07501983642578,1,0,0,0,124.25,0,0,0,0,0,0,3036
1880,3500,31,2000,500,830,0,0,0,0,0,0,0,0,0,0,-84.07501983642578,1,0,0,0,124.25,0,0,0,0,0,0,4054
1881,3500,31,2000,500,830,0,0,0,0,0,0,0,0,0,0,-84.07501983642578,1,0,0,0,124.25,0,0,0,0,0,0,4054
1882,3500,31,2000,500,830,0,0,0,0,0,0,0,0,0,0,-84.07501983642578,1,0,0,0,124.25,0,0,0,0,0,0,4054
1883,3500,31,2000,500,830,0,0,0,0,0,0,0,0,0,0,-84.07501983642578,1,0,0,0,124.25,0,0,0,0,0,0,4054
1884,3500,31,2000,500,830,0,0,0,0,0,0,0,0,0,0,-84.07501983642578,1,0,0,0,124.25,0,0,0,0,0,0,4054
1885,3500,31,2000,500,830,0,0,0,0,0,0,0,0,0,0,-84.07501983642578,1,0,0,0,124.25,0,0,0,0,0,0,4054
1886,3500,32,2000,500,830,0,0,0,0,0,0,0,0,0,0,-84.07501983642578,1,0,0,0,124.25,0,0,0,0,0,0,4054
1887,3500,33,2000,500,830,0,0,0,0,0,0,0,0,0,0,-84.07501983642578,1,0,0,0,124.25,0,0,0,0,0,0,4054
1888,3500,34,2000,500,830,0,0,0,0,0,0,0,0,0,0,-84.07501983642578,1,0,0,0,124.25,0,0,0,0,0,0,4054
1889,3500,35,2000,500,830,0,0,0,0,0,0,0,0,0,0,-84.07501983642578,1,0,0,0,124.25,0,0,0,0,0,0,4054
1890,3500,36,2000,500,830,0,0,0,0,0,0,0,0,0,0,-84.07501983642578,1,0,0,0,124.25,0,0,0,0,0,0,4054
1891,3500,37,2000,500,830,0,0,0,0,0,0,0,0,0,0,-84.07501983642578,1,0,0,0,124.25,0,0,0,0,0,0,4054
1892,3500,38,2000,500,830,0,0,0,0,0,0,0,0,0,0,-84.07501983642578,1,0,0,0,124.25,0,0,0,0,0,0,4054
1893,3500,39,2000,500,830,0,0,0,0,0,0,0,0,0,0,-84.07501983642578,1,0,0,0,124.25,0,0,0,0,0,0,4054
1894,3500,40,2000,500,830,0,0,0,0,0,0,0,0,0,0,-84.07501983642578,1,0,0,0,124.25,0,0,0,0,0,0,4054
1895,3500,41,2000,500,830,0,0,0,0,0,0,0,0,0,0,-84.07501983642578,1,0,0,0,124.25,0,0,0,0,0,0,4054
1896,3500,42,2000,500,830,0,0,0,0,0,0,0,0,0,0,-84.07501983642578,1,0,0,0,124.25,0,0,0,0,0,0,4054
1897,3500,43,2000,500,830,0,0,0,0,0,0,0,0,0,0,-84.07501983642578,1,0,0,0,124.25,0,0,0,0,0,0,4054
1898,3500,44,2000,500,830,0,0,0,0,0,0,0,0,0,0,-84.07501983642578,1,0,0,0,124.25,0,0,0,0,0,0,4054
1899,3500,45,2000,500,830,0,0,0,0,0,0,0,0,0,0,-84.07501983642578,1,0,0,0,124.25,0,0,0,0,0,0,4054
1900,3500,46,2000,500,830,0,0,0,0,0,0,0,0,0,0,-84.07501983642578,1,0,0,0,124.25,0,0,0,0,0,0,4054
1901,3500,47,2000,500,830,0,0,0,0,0,0,0,0,0,0,-84.07501983642578,1,0,0,0,124.25,0,0,0,0,0,0,4054
1902,3500,48,2000,500,830,0,0,0,0,0,0,0,0,0,0,-84.07501983642578,1,0,0,0,124.25,0,0,0,0,0,0,4054
1903,3500,49,2000,500,830,0,0,0,0,0,0,0,0,0,0,-84.07501983642578,1,0,0,0,124.25,0,0,0,0,0,0,4054
1904,3500,50,2000,500,830,0,0,0,0,0,0,0,0,0,0,-84.07501983642578,1,0,0,0,124.25,0,0,0,0,0,0,4054
1905,3500,51,2000,500,830,0,0,0,0,0,0,0,0,0,0,-84.07501983642578,1,0,0,0,124.25,0,0,0,0,0,0,4054
1906,3500,52,2000,500,830,0,0,0,0,0,0,0,0,0,0,-84.07501983642578,1,0,0,0,124.25,0,0,0,0,0,0,4054
1907,3500,53,2000,500,830,0,0,0,0,0,0,0,0,0,0,-84.07501983642578,1,0,0,0,124.25,0,0,0,0,0,0,4054
1908,3500,54,2000,500,830,0,0,0,0,0,0,0,0,0,0,-84.07501983642578,1,0,0,0,124.25,0,0,0,0,0,0,4054
1909,3500,55,2000,500,830,0,0,0,0,0,0,0,0,0,0,-84.07501983642578,1,0,0,0,124.25,0,0,0,0,0,0,4054
1910,3500,56,2000,500,830,0,0,0,0,0,0,0,0,0,0,-84.07501983642578,1,0,0,0,124.25,0,0,0,0,0,0,4054
1911,3500,57,2000,500,830,0,0,0,0,0,0,0,0,0,0,-84.07501983642578,1,0,0,0,124.25,0,0,0,0,0,0,4054
1912,3500,58,2000,500,830,0,0,0,0,0,0,0,0,0,0,-84.07501983642578,1,0,0,0,124.25,0,0,0,0,0,0,4054
1913,0,1,2000,500,830,0,0,0,0,0,0,0,0,0,0,-84.07501983642578,1,0,0,0,124.25,0,0,0,0,0,0,4054
1914,0,2,2000,500,830,0,0,0,0,0,0,0,0,0,0,-84.07501983642578,1,0,0,0,124.25,0,0,0,0,0,0,4054
1915,0,3,2000,500,830,0,0,0,0,0,0,0,0,0,0,-84.07501983642578,1,0,0,0,124.25,0,0,0,0,0,0,4054
1916,0,4,2000,500,830,0,0,0,0,0,0,0,0,0,0,-84.07501983642578,1,0,0,0,124.25,0,0,0,0,0,0,4054
1917,0,5,2000,500,830,0,0,0,0,0,0,0,0,0,0,-84.07501983642578,1,0,0,0,124.25,0,0,0,0,0,0,4054
1918,0,6,2000,500,830,0,0,0,0,0,0,0,0,0,0,-84.07501983642578,1,0,0,0,124.25,0,0,0,0,0,0,4054
1919,0,7,2000,500,830,0,0,0,0,0,0,0,0,0,0,-84.07501983642578,1,0,0,0,124.25,0,0,0,0,0,0,4054
1920,0,8,2000,500,830,0,0,0,0,0,0,0,0,0,0,-84.07501983642578,1,0,0,0,124.25,0,0,0,0,0,0,4054
1921,0,9,2000,500,830,0,0,0,0,0,0,0,0,0,0,-84.07501983642578,1,0,0,0,124.25,0,0,0,0,0,0,4054
1922,0,10,2000,500,830,0,0,0,0,0,0,0,0,0,0,-84.07501983642578,1,0,0,0,124.25,0,0,0,0,0,0,4054
1923,0,11,2000,500,830,0,0,0,0,0,0,0,0,0,0,-84.07501983642578,1,0,0,0,124.25,0,0,0,0,0,0,4054
1924,0,12,2000,500,830,0,0,0,0,0,0,0,0,0,0,-84.07501983642578,1,0,0,0,124.25,0,0,0,0,0,0,4054
1925,0,13,2000,500,830,0,0,0,0,0,0,0,0,0,0,-84.07501983642578,1,0,0,0,124.25,0,0,0,0,0,0,4054
1926,0,14,2000,500,830,0,0,0,0,0,0,0,0,0,0,-84.07501983642578,1,0,0,0,124.25,0,0,0,0,0,0,4054
1927,0,15,2000,500,830,0,0,0,0,0,0,0,0,0,0,-84.07501983642578,1,0,0,0,124.25,0,0,0,0,0,0,4054
1928,0,16,2000,500,830,0,0,0,0,0,0,0,0,0,0,-84.07501983642578,1,0,0,0,124.25,0,0,0,0,0,0,4054
1929,0,17,2000,500,830,0,0,0,0,0,0,0,0,0,0,-84.07501983642578,1,0,0,0,124.25,0,0,0,0,0,0,4054
1930,0,18,2000,500,830,0,0,0,0,0,0,0,0,0,0,-86.07501983642578,1,0,0,0,124.25,0,0,0,0,0,0,4054
1931,0,19,2000,500,830,0,0,0,0,0,0,0,0,0,0,-90.07501983642578,1,0,0,0,126.25,0,0,0,0,0,0,4054
1932,0,20,2000,500,830,0,0,0,0,0,0,0,0,0,0,-94.07501983642578,1,0,0,0,130.25,0,0,0,0,0,0,4054
1933,0,21,2000,500,830,0,0,0,0,0,0,0,0,0,0,-98.07501983642578,1,0,0,0,134.25,0,0,0,0,0,0,4054
1934,0,22,2000,500,830,0,0,0,0,0,0,0,0,0,0,-98.07501983642578,1,0,0,0,138.25,0,0,0,0,0,0,4054
1935,0,23,2000,500,830,0,0,0,0,0,0,0,0,0,0,-98.07501983642578,1,0,0,0,138.25,0,0,0,0,0,0,4054
1936,0,24,2000,500,830,0,0,0,0,0,0,0,0,0,0,-98.07501983642578,1,0,0,0,138.25,0,0,0,0,0,0,4054
1937,0,25,2000,500,830,0,0,0,0,0,0,0,0,0,0,-98.07501983642578,1,0,0,0,138.25,0,0,0,0,0,0,4054
1938,0,26,2000,500,830,0,0,0,0,0,0,0,0,0,0,-98.07501983642578,1,0,0,0,138.25,0,0,0,0,0,0,4054
1939,0,27,2000,500,830,0,0,0,0,0,0,0,0,0,0,-98.07501983642578,1,0,0,0,138.25,0,0,0,0,0,0,4054
1940,0,28,2000,500,830,0,0,0,0,0,0,0,0,0,0,-98.07501983642578,1,0,0,0,138.25,0,0,0,0,0,0,4054
1941,0,29,2000,500,830,0,0,0,0,0,0,0,0,0,0,-98.07501983642578,1,0,0,0,138.25,0,0,0,0,0,0,4054
1942,0,30,2000,500,830,0,0,0,0,0,0,0,0,0,0,-101.07501983642578,1,0,0,0,138.25,0,0,0,0,0,0,4054
1943,0,31,2000,500,830,0,0,0,0,0,0,0,0,0,0,-104.07501983642578,1,0,0,0,141.25,0,0,0,0,0,0,4054
1944,0,32,2000,500,830,0,0,0,0,0,0,0,0,0,0,-107.07501983642578,1,0,0,0,144.25,0,0,0,0,0,0,4054
1945,0,33,2000,500,830,0,0,0,0,0,0,0,0,0,0,-110.07501983642578,1,0,0,0,147.25,0,0,0,0,0,0,4054
1946,0,34,2000,500,830,0,0,0,0,0,0,0,0,0,0,-111.57501983642578,1,0,0,0,150.25,0,0,0,0,0,0,4054
1947,0,35,2000,500,830,0,0,0,0,0,0,0,0,0,0,-113.07501983642578,1,0,0,0,151.75,0,0,0,0,0,0,4054
1948,0,36,2000,500,830,0,0,0,0,0,0,0,0,0,0,-114.57501983642578,1,0,0,0,153.25,0,0,0,0,0,0,4054
1949,0,37,2000,500,830,0,0,0,0,0,0,0,0,0,0,-116.07501983642578,1,0,0,0,154.75,0,0,0,0,0,0,4054
1950,0,38,2000,500,830,0,0,0,0,0,0,0,0,0,0,-117.57501983642578,1,0,0,0,156.25,0,0,0,0,0,0,4054
1951,0,39,2000,500,830,0,0,0,0,0,0,0,0,0,0,-119.07501983642578,1,0,0,0,157.75,0,0,0,0,0,0,4054
1952,0,40,2000,500,830,0,0,0,0,0,0,0,0,0,0,-119.82501983642578,1,0,0,0,159.25,0,0,0,0,0,0,4054
1953,0,41,2000,500,830,0,0,0,0,0,0,0,0,0,0,-119.82501983642578,1,0,0,0,160,0,0,0,0,0,0,4054
1954,0,42,2000,500,830,0,0,0,0,0,0,0,0,0,0,-119.82501983642578,1,0,0,0,160,0,0,0,0,0,0,4054
1955,0,43,2000,500,830,0,0,0,0,0,0,0,0,0,0,-119.82501983642578,1,0,0,0,160,0,0,0,0,0,0,4054
1956,0,44,2000,500,830,0,0,0,0,0,0,0,0,0,0,-119.82501983642578,1,0,0,0,160,0,0,0,0,0,0,4054
1957,0,45,2000,500,830,0,0,0,0,0,0,0,0,0,0,-119.82501983642578,1,0,0,0,160,0,0,0,0,0,0,4054
1958,0,46,2000,500,830,0,0,0,0,0,0,0,0,0,0,-119.82501983642578,1,0,0,0,160,0,0,0,0,0,0,4054
1959,0,47,2000,500,830,0,0,0,0,0,0,0,0,0,0,-119.82501983642578,1,0,0,0,160,0,0,0,0,0,0,4054
1960,0,48,2000,500,830,0,0,0,0,0,0,0,0,0,0,-119.82501983642578,1,0,0,0,160,0,0,0,0,0,0,4054
1961,0,49,2000,500,830,0,0,0,0,0,0,0,0,0,0,-119.82501983642578,1,0,0,0,160,0,0,0,0,0,0,4054
1962,0,50,2000,500,830,0,0,0,0,0,0,0,0,0,0,-119.82501983642578,1,0,0,0,160,0,0,0,0,0,0,4054
1963,0,51,2000,500,830,0,0,0,0,0,0,0,0,0,0,-119.82501983642578,1,0,0,0,160,0,0,0,0,0,0,4054
1964,0,52,2000,500,830,0,0,0,0,0,0,0,0,0,0,-119.82501983642578,1,0,0,0,160,0,0,0,0,0,0,4054
1965,0,53,2000,500,830,0,0,0,0,0,0,0,0,0,0,-119.82501983642578,1,0,0,0,160,0,0,0,0,0,0,4054
1966,0,54,2000,500,830,0,0,0,0,0,0,0,0,0,0,-119.82501983642578,1,0,0,0,160,0,0,0,0,0,0,4054
1967,0,55,2000,500,830,0,0,0,0,0,0,0,0,0,0,-119.82501983642578,1,0,0,0,160,0,0,0,0,0,0,4054
1968,0,56,2000,500,830,0,0,0,0,0,0,0,0,0,0,-119.82501983642578,1,0,0,0,160,0,0,0,0,0,0,4054
1969,0,57,2000,500,830,0,0,0,0,0,0,0,0,0,0,-119.82501983642578,1,0,0,0,160,0,0,0,0,0,0,4054
1970,0,58,2000,500,830,0,0,0,0,0,0,0,0,0,0,-119.82501983642578,1,0,0,0,160,0,0,0,0,0,0,4054
1971,0,59,2000,500,830,0,0,0,0,0,0,0,0,0,0,-119.82501983642578,1,0,0,0,160,0,0,0,0,0,0,4054
1972,0,60,2000,500,830,0,0,0,0,0,0,0,0,0,0,-119.82501983642578,1,0,0,0,160,0,0,0,0,0,0,4054
1973,0,61,2000,500,830,0,0,0,0,0,0,0,0,0,0,-119.82501983642578,1,0,0,0,160,0,0,0,0,0,0,4054
1974,0,62,2000,500,830,0,0,0,0,0,0,0,0,0,0,-119.82501983642578,1,0,0,0,160,0,0,0,0,0,0,4054
1975,0,63,2000,500,830,0,0,0,0,0,0,0,0,0,0,-119.82501983642578,1,0,0,0,160,0,0,0,0,0,0,4054
1976,0,64,2000,500,830,0,0,0,0,0,0,0,0,0,0,-119.82501983642578,1,0,0,0,160,0,0,0,0,0,0,4054
1977,0,65,2000,500,830,0,0,0,0,0,0,0,0,0,0,-119.82501983642578,1,0,0,0,160,0,0,0,0,0,0,4054
1978,0,66,2000,500,830,0,0,0,0,0,0,0,0,0,0,-119.82501983642578,1,0,0,0,160,0,0,0,0,0,0,4054
1979,0,67,2000,500,830,0,0,0,0,0,0,0,0,0,0,-119.82501983642578,1,0,0,0,160,0,0,0,0,0,0,4054
1980,0,68,2000,500,830,0,0,0,0,0,0,0,0,0,0,-119.82501983642578,1,0,0,0,160,0,0,0,0,0,0,4054
1981,0,69,2000,500,830,0,0,0,0,0,0,0,0,0,0,-119.82501983642578,1,0,0,0,160,0,0,0,0,0,0,4054
1982,0,70,2000,500,830,0,0,0,0,0,0,0,0,0,0,-119.82501983642578,1,0,0,0,160,0,0,0,0,0,0,4054
1983,0,71,2000,500,830,0,0,0,0,0,0,0,0,0,0,-119.82501983642578,1,0,0,0,160,0,0,0,0,0,0,4054
1984,0,72,2000,500,830,0,0,0,0,0,0,0,0,0,0,-119.82501983642578,1,0,0,0,160,0,0,0,0,0,0,4054
1985,0,73,2000,500,830,0,0,0,0,0,0,0,0,0,0,-119.82501983642578,1,0,0,0,160,0,0,0,0,0,0,4054
1986,0,74,2000,500,830,0,0,0,0,0,0,0,0,0,0,-119.82501983642578,1,0,0,0,160,0,0,0,0,0,0,4054
1987,0,75,2000,500,830,0,0,0,0,0,0,0,0,0,0,-119.82501983642578,1,0,0,0,160,0,0,0,0,0,0,4054
1988,0,76,2000,500,830,0,0,0,0,0,0,0,0,0,0,-119.82501983642578,1,0,0,0,160,0,0,0,0,0,0,4054
1989,0,77,2000,500,830,0,0,0,0,0,0,0,0,0,0,-119.82501983642578,1,0,0,0,160,0,0,0,0,0,0,4054
1990,0,78,2000,500,830,0,0,0,0,0,0,0,0,0,0,-119.82501983642578,1,0,0,0,160,0,0,0,0,0,0,4054
1991,0,79,2000,500,830,0,0,0,0,0,0,0,0,0,0,-119.82501983642578,1,0,0,0,160,0,0,0,0,0,0,4054
1992,0,80,2000,500,830,0,0,0,0,0,0,0,0,0,0,-119.82501983642578,1,0,0,0,160,0,0,0,0,0,0,4054
1993,0,81,2000,500,830,0,0,0,0,0,0,0,0,0,0,-119.82501983642578,1,0,0,0,160,0,0,0,0,0,0,4054
1994,0,82,2000,500,830,0,0,0,0,0,0,0,0,0,0,-119.82501983642578,1,0,0,0,160,0,0,0,0,0,0,4054
1995,0,83,2000,500,830,0,0,0,0,0,0,0,0,0,0,-119.82501983642578,1,0,0,0,160,0,0,0,0,0,0,4054
1996,0,84,2000,500,830,0,0,0,0,0,0,0,0,0,0,-119.82501983642578,1,0,0,0,160,0,0,0,0,0,0,4054
1997,0,85,2000,500,830,0,0,0,0,0,0,0,0,0,0,-119.82501983642578,1,0,0,0,160,0,0,0,0,0,0,4054
1998,0,86,2000,500,830,0,0,0,0,0,0,0,0,0,0,-119.82501983642578,1,0,0,0,160,0,0,0,0,0,0,4054
1999,0,87,2000,500,830,0,0,0,0,0,0,0,0,0,0,-119.82501983642578,1,0,0,0,160,0,0,0,0,0,0,4054
2000,0,88,2000,500,830,0,0,0,0,0,0,0,0,0,0,-119.82501983642578,1,0,0,0,160,0,0,0,0,0,0,4054
2001,0,89,2000,500,830,0,0,0,0,0,0,0,0,0,0,-119.82501983642578,1,0,0,0,160,0,0,0,0,0,0,4054
2002,0,90,2000,500,830,0,0,0,0,0,0,0,0,0,0,-119.82501983642578,1,0,0,0,160,0,0,0,0,0,0,4054
2003,0,91,2000,500,830,0,0,0,0,0,0,0,0,0,0,-119.82501983642578,1,0,0,0,160,0,0,0,0,0,0,4054
2004,0,92,2000,500,830,0,0,0,0,0,0,0,0,0,0,-119.82501983642578,1,0,0,0,160,0,0,0,0,0,0,4054
2005,0,93,2000,500,830,0,0,0,0,0,0,0,0,0,0,-119.82501983642578,1,0,0,0,160,0,0,0,0,0,0,4054
2006,0,94,2000,500,830,0,0,0,0,0,0,0,0,0,0,-119.82501983642578,1,0,0,0,160,0,0,0,0,0,0,4054
2007,0,95,2000,500,830,0,0,0,0,0,0,0,0,0,0,-119.82501983642578,1,0,0,0,160,0,0,0,0,0,0,4054
2008,0,96,2000,500,830,0,0,0,0,0,0,0,0,0,0,-119.82501983642578,1,0,0,0,160,0,0,0,0,0,0,4054
2009,0,97,2000,500,830,0,0,0,0,0,0,0,0,0,0,-119.82501983642578,1,0,0,0,160,0,0,0,0,0,0,4054
2010,0,98,2000,500,830,0,0,0,0,0,0,0,0,0,0,-119.82501983642578,1,0,0,0,160,0,0,0,0,0,0,4054
2011,0,99,2000,500,830,0,0,0,0,0,0,0,0,0,0,-119.82501983642578,1,0,0,0,160,0,0,0,0,0,0,4054
2012,0,100,2000,500,830,0,0,0,0,0,0,0,0,0,0,-119.82501983642578,1,0,0,0,160,0,0,0,0,0,0,4054
2013,0,101,2000,500,830,0,0,0,0,0,0,0,0,0,0,-119.82501983642578,1,0,0,0,160,0,0,0,0,0,0,4054
2014,0,102,2000,500,830,0,0,0,0,0,0,0,0,0,0,-119.82501983642578,1,0,0,0,160,0,0,0,0,0,0,4054
2015,0,103,2000,500,830,0,0,0,0,0,0,0,0,0,0,-119.82501983642578,1,0,0,0,160,0,0,0,0,0,0,4054
2016,0,104,2000,500,830,0,0,0,0,0,0,0,0,0,0,-119.82501983642578,1,0,0,0,160,0,0,0,0,0,0,4054
2017,0,105,2000,500,830,0,0,0,0,0,0,0,0,0,0,-119.82501983642578,1,0,0,0,160,0,0,0,0,0,0,4054
2018,0,106,2000,500,830,0,0,0,0,0,0,0,0,0,0,-119.82501983642578,1,0,0,0,160,0,0,0,0,0,0,4054
2019,0,107,2000,500,830,0,0,0,0,0,0,0,0,0,0,-119.82501983642578,1,0,0,0,160,0,0,0,0,0,0,4054
2020,0,108,2000,500,830,0,0,0,0,0,0,0,0,0,0,-119.82501983642578,1,0,0,0,160,0,0,0,0,0,0,4054
2021,0,109,2000,500,830,0,0,0,0,0,0,0,0,0,0,-119.82501983642578,1,0,0,0,160,0,0,0,0,0,0,4054
2022,0,110,2000,500,830,0,0,0,0,0,0,0,0,0,0,-119.82501983642578,1,0,0,0,160,0,0,0,0,0,0,4054
2023,0,111,2000,500,830,0,0,0,0,0,0,0,0,0,0,-119.82501983642578,1,0,0,0,160,0,0,0,0,0,0,4054
2024,0,112,2000,500,830,0,0,0,0,0,0,0,0,0,0,-119.82501983642578,1,0,0,0,160,0,0,0,0,0,0,4054
2025,0,113,2000,500,830,0,0,0,0,0,0,0,0,0,0,-119.82501983642578,1,0,0,0,160,0,0,0,0,0,0,4054
2026,0,114,2000,500,830,0,0,0,0,0,0,0,0,0,0,-119.82501983642578,1,0,0,0,160,0,0,0,0,0,0,4054
2027,0,115,2000,500,830,0,0,0,0,0,0,0,0,0,0,-119.82501983642578,1,0,0,0,160,0,0,0,0,0,0,4054
2028,0,116,2000,500,830,0,0,0,0,0,0,0,0,0,0,-119.82501983642578,1,0,0,0,160,0,0,0,0,0,0,4054
2029,0,117,2000,500,830,0,0,0,0,0,0,0,0,0,0,-119.82501983642578,1,0,0,0,160,0,0,0,0,0,0,4054
2030,0,118,2000,500,830,0,0,0,0,0,0,0,0,0,0,-119.82501983642578,1,0,0,0,160,0,0,0,0,0,0,4054
2031,0,119,2000,500,830,0,0,0,0,0,0,0,0,0,0,-119.82501983642578,1,0,0,0,160,0,0,0,0,0,0,4054
2032,0,120,2000,500,830,0,0,0,0,0,0,0,0,0,0,-119.82501983642578,1,0,0,0,160,0,0,0,0,0,0,4054
2033,0,121,2000,500,830,0,0,0,0,0,0,0,0,0,0,-119.82501983642578,1,0,0,0,160,0,0,0,0,0,0,4054
2034,0,122,2000,500,830,0,0,0,0,0,0,0,0,0,0,-119.82501983642578,1,0,0,0,160,0,0,0,0,0,0,4054
2035,0,123,2000,500,830,0,0,0,0,0,0,0,0,0,0,-119.82501983642578,1,0,0,0,160,0,0,0,0,0,0,4054
2036,0,124,2000,500,830,0,0,0,0,0,0,0,0,0,0,-119.82501983642578,1,0,0,0,160,0,0,0,0,0,0,4054
2037,0,125,2000,500,830,0,0,0,0,0,0,0,0,0,0,-119.82501983642578,1,0,0,0,160,0,0,0,0,0,0,4054
2038,0,126,2000,500,830,0,0,0,0,0,0,0,0,0,0,-119.82501983642578,1,0,0,0,160,0,0,0,0,0,0,4054
2039,0,127,2000,500,830,0,0,0,0,0,0,0,0,0,0,-119.82501983642578,1,0,0,0,160,0,0,0,0,0,0,4054
2040,0,128,2000,500,830,0,0,0,0,0,0,0,0,0,0,-119.82501983642578,1,0,0,0,160,0,0,0,0,0,0,4054
2041,0,129,2000,500,830,0,0,0,0,0,0,0,0,0,0,-119.82501983642578,1,0,0,0,160,0,0,0,0,0,0,4054
2042,0,130,2000,500,830,0,0,0,0,0,0,0,0,0,0,-119.82501983642578,1,0,0,0,160,0,0,0,0,0,0,4054
2043,0,131,2000,500,830,0,0,0,0,0,0,0,0,0,0,-119.82501983642578,1,0,0,0,160,0,0,0,0,0,0,4054
2044,0,132,2000,500,830,0,0,0,0,0,0,0,0,0,0,-119.82501983642578,1,0,0,0,160,0,0,0,0,0,0,4054
2045,0,133,2000,500,830,0,0,0,0,0,0,0,0,0,0,-119.82501983642578,1,0,0,0,160,0,0,0,0,0,0,4054
2046,0,134,2000,500,830,0,0,0,0,0,0,0,0,0,0,-119.82501983642578,1,0,0,0,160,0,0,0,0,0,0,4054
2047,0,135,2000,500,830,0,0,0,0,0,0,0,0,0,0,-119.82501983642578,1,0,0,0,160,0,0,0,0,0,0,4054
2048,0,136,2000,500,830,0,0,0,0,0,0,0,0,0,0,-119.82501983642578,1,0,0,0,160,0,0,0,0,0,0,4054
2049,0,137,2000,500,830,0,0,0,0,0,0,0,0,0,0,-119.82501983642578,1,0,0,0,160,0,0,0,0,0,0,4054
2050,0,138,2000,500,830,0,0,0,0,0,0,0,0,0,0,-119.82501983642578,1,0,0,0,160,0,0,0,0,0,0,4054
2051,0,139,2000,500,830,0,0,0,0,0,0,0,0,0,0,-119.82501983642578,1,0,0,0,160,0,0,0,0,0,0,4054
2052,0,140,2000,500,830,0,0,0,0,0,0,0,0,0,0,-119.82501983642578,1,0,0,0,160,0,0,0,0,0,0,4054
2053,0,141,2000,500,830,0,0,0,0,0,0,0,0,0,0,-119.82501983642578,1,0,0,0,160,0,0,0,0,0,0,4054
2054,0,142,2000,500,830,0,0,0,0,0,0,0,0,0,0,-119.82501983642578,1,0,0,0,160,0,0,0,0,0,0,4054
2055,0,143,2000,500,830,0,0,0,0,0,0,0,0,0,0,-119.82501983642578,1,0,0,0,160,0,0,0,0,0,0,4054
2056,0,144,2000,500,830,0,0,0,0,0,0,0,0,0,0,-119.82501983642578,1,0,0,0,160,0,0,0,0,0,0,4054
2057,0,145,2000,500,830,0,0,0,0,0,0,0,0,0,0,-119.82501983642578,1,0,0,0,160,0,0,0,0,0,0,4054
2058,0,146,2000,500,830,0,0,0,0,0,0,0,0,0,0,-119.82501983642578,1,0,0,0,160,0,0,0,0,0,0,4054
2059,0,147,2000,500,830,0,0,0,0,0,0,0,0,0,0,-119.82501983642578,1,0,0,0,160,0,0,0,0,0,0,4054
2060,0,148,2000,500,830,0,0,0,0,0,0,0,0,0,0,-119.82501983642578,1,0,0,0,160,0,0,0,0,0,0,4054
2061,0,149,2000,500,830,0,0,0,0,0,0,0,0,0,0,-119.82501983642578,1,0,0,0,160,0,0,0,0,0,0,4054
2062,0,150,2000,500,830,0,0,0,0,0,0,0,0,0,0,-119.82501983642578,1,0,0,0,160,0,0,0,0,0,0,4054
2063,0,151,2000,500,830,0,0,0,0,0,0,0,0,0,0,-119.82501983642578,1,0,0,0,160,0,0,0,0,0,0,4054
2064,0,152,2000,500,830,0,0,0,0,0,0,0,0,0,0,-119.82501983642578,1,0,0,0,160,0,0,0,0,0,0,4054
2065,0,153,2000,500,830,0,0,0,0,0,0,0,0,0,0,-119.82501983642578,1,0,0,0,160,0,0,0,0,0,0,4054
2066,0,154,2000,500,830,0,0,0,0,0,0,0,0,0,0,-119.82501983642578,1,0,0,0,160,0,0,0,0,0,0,4054
2067,0,155,2000,500,830,0,0,0,0,0,0,0,0,0,0,-119.82501983642578,1,0,0,0,160,0,0,0,0,0,0,4054
2068,0,156,2000,500,830,0,0,0,0,0,0,0,0,0,0,-119.82501983642578,1,0,0,0,160,0,0,0,0,0,0,4054
2069,0,157,2000,500,830,0,0,0,0,0,0,0,0,0,0,-119.82501983642578,1,0,0,0,160,0,0,0,0,0,0,4054
2070,0,158,2000,500,830,0,0,0,0,0,0,0,0,0,0,-119.82501983642578,1,0,0,0,160,0,0,0,0,0,0,4054
2071,0,159,2000,500,830,0,0,0,0,0,0,0,0,0,0,-119.82501983642578,1,0,0,0,160,0,0,0,0,0,0,4054
2072,0,160,2000,500,830,0,0,0,0,0,0,0,0,0,0,-119.82501983642578,1,0,0,0,160,0,0,0,0,0,0,4054
2073,0,161,2000,500,830,0,0,0,0,0,0,0,0,0,0,-119.82501983642578,1,0,0,0,160,0,0,0,0,0,0,4054
2074,0,162,2000,500,830,0,0,0,0,0,0,0,0,0,0,-119.82501983642578,1,0,0,0,160,0,0,0,0,0,0,4054
2075,0,163,2000,500,830,0,0,0,0,0,0,0,0,0,0,-119.82501983642578,1,0,0,0,160,0,0,0,0,0,0,4054
2076,0,164,2000,500,830,0,0,0,0,0,0,0,0,0,0,-119.82501983642578,1,0,0,0,160,0,0,0,0,0,0,4054
2077,0,165,2000,500,830,0,0,0,0,0,0,0,0,0,0,-119.82501983642578,1,0,0,0,160,0,0,0,0,0,0,4054
2078,0,166,2000,500,830,0,0,0,0,0,0,0,0,0,0,-119.82501983642578,1,0,0,0,160,0,0,0,0,0,0,4054
2079,0,167,2000,500,830,0,0,0,0,0,0,0,0,0,0,-119.82501983642578,1,0,0,0,160,0,0,0,0,0,0,4054
2080,0,168,2000,500,830,0,0,0,0,0,0,0,0,0,0,-119.82501983642578,1,0,0,0,160,0,0,0,0,0,0,4054
2081,0,169,2000,500,830,0,0,0,0,0,0,0,0,0,0,-119.82501983642578,1,0,0,0,160,0,0,0,0,0,0,4054
2082,0,170,2000,500,830,0,0,0,0,0,0,0,0,0,0,-119.82501983642578,1,0,0,0,160,0,0,0,0,0,0,4054
2083,0,171,2000,500,830,0,0,0,0,0,0,0,0,0,0,-119.82501983642578,1,0,0,0,160,0,0,0,0,0,0,4054
2084,0,172,2000,500,830,0,0,0,0,0,0,0,0,0,0,-119.82501983642578,1,0,0,0,160,0,0,0,0,0,0,4054
2085,0,173,2000,500,830,0,0,0,0,0,0,0,0,0,0,-119.82501983642578,1,0,0,0,160,0,0,0,0,0,0,4054
2086,0,174,2000,500,830,0,0,0,0,0,0,0,0,0,0,-119.82501983642578,1,0,0,0,160,0,0,0,0,0,0,4054
2087,0,175,2000,500,830,0,0,0,0,0,0,0,0,0,0,-119.82501983642578,1,0,0,0,160,0,0,0,0,0,0,4054
2088,0,176,2000,500,830,0,0,0,0,0,0,0,0,0,0,-119.82501983642578,1,0,0,0,160,0,0,0,0,0,0,4054
2089,0,177,2000,500,830,0,0,0,0,0,0,0,0,0,0,-119.82501983642578,1,0,0,0,160,0,0,0,0,0,0,4054
2090,0,178,2000,500,830,0,0,0,0,0,0,0,0,0,0,-119.82501983642578,1,0,0,0,160,0,0,0,0,0,0,4054
2091,0,179,2000,500,830,0,0,0,0,0,0,0,0,0,0,-119.82501983642578,1,0,0,0,160,0,0,0,0,0,0,4054
2092,0,180,2000,500,830,0,0,0,0,0,0,0,0,0,0,-119.82501983642578,1,0,0,0,160,0,0,0,0,0,0,4054
2093,0,181,2000,500,830,0,0,0,0,0,0,0,0,0,0,-119.82501983642578,1,0,0,0,160,0,0,0,0,0,0,4054
2094,0,182,2000,500,830,0,0,0,0,0,0,0,0,0,0,-119.82501983642578,1,0,0,0,160,0,0,0,0,0,0,4054
2095,0,183,2000,500,830,0,0,0,0,0,0,0,0,0,0,-119.82501983642578,1,0,0,0,160,0,0,0,0,0,0,4054
2096,0,184,2000,500,830,0,0,0,0,0,0,0,0,0,0,-119.82501983642578,1,0,0,0,160,0,0,0,0,0,0,4054
2097,0,185,2000,500,830,0,0,0,0,0,0,0,0,0,0,-119.82501983642578,1,0,0,0,160,0,0,0,0,0,0,4054
2098,0,186,2000,500,830,0,0,0,0,0,0,0,0,0,0,-119.82501983642578,1,0,0,0,160,0,0,0,0,0,0,4054
2099,0,187,2000,500,830,0,0,0,0,0,0,0,0,0,0,-119.82501983642578,1,0,0,0,160,0,0,0,0,0,0,4054
2100,0,188,2000,500,830,0,0,0,0,0,0,0,0,0,0,-119.82501983642578,1,0,0,0,160,0,0,0,0,0,0,4054
2101,0,189,2000,500,830,0,0,0,0,0,0,0,0,0,0,-119.82501983642578,1,0,0,0,160,0,0,0,0,0,0,4054
2102,0,190,2000,500,830,0,0,0,0,0,0,0,0,0,0,-119.82501983642578,1,0,0,0,160,0,0,0,0,0,0,4054
2103,0,191,2000,500,830,0,0,0,0,0,0,0,0,0,0,-119.82501983642578,1,0,0,0,160,0,0,0,0,0,0,4054
2104,0,192,2000,500,830,0,0,0,0,0,0,0,0,0,0,-119.82501983642578,1,0,0,0,160,0,0,0,0,0,0,4054
2105,0,193,2000,500,830,0,0,0,0,0,0,0,0,0,0,-119.82501983642578,1,0,0,0,160,0,0,0,0,0,0,4054
2106,0,194,2000,500,830,0,0,0,0,0,0,0,0,0,0,-119.82501983642578,1,0,0,0,160,0,0,0,0,0,0,4054
2107,0,195,2000,500,830,0,0,0,0,0,0,0,0,0,0,-119.82501983642578,1,0,0,0,160,0,0,0,0,0,0,4054
2108,0,196,2000,500,830,0,0,0,0,0,0,0,0,0,0,-119.82501983642578,1,0,0,0,160,0,0,0,0,0,0,4054
2109,0,197,2000,500,830,0,0,0,0,0,0,0,0,0,0,-119.82501983642578,1,0,0,0,160,0,0,0,0,0,0,4054
2110,0,1,3000,500,1000,500,0,0,0,0,0,0,0,0,0,-145,1,0,0,0,160,0,0,0,0,0,0,1000
2111,0,2,3000,500,1000,499,0,0,0,0,0,0,0,0,0,-145,1,0,0,0,160,0,0,0,0,0,0,1000
2112,0,3,3000,500,1000,498,0,0,0,0,0,0,0,0,0,-145,1,0,0,0,160,0,0,0,0,0,0,1000
2113,0,4,3000,500,1000,497,0,0,0,0,0,0,0,0,0,-145,1,0,0,0,160,0,0,0,0,0,0,1000
2114,0,5,3000,500,1000,496,0,0,0,0,0,0,0,0,0,-145,1,0,0,0,160,0,0,0,0,0,0,1000
2115,0,6,3000,500,1000,495,0,0,0,0,0,0,0,0,0,-145,1,0,0,0,160,0,0,0,0,0,0,1000
2116,0,7,3000,500,1000,494,0,0,0,0,0,0,0,0,0,-145,1,0,0,0,160,0,0,0,0,0,0,1000
2117,0,8,3000,500,1000,493,0,0,0,0,0,0,0,0,0,-145,1,0,0,0,160,0,0,0,0,0,0,1000
2118,0,9,3000,500,1000,492,0,0,0,0,0,0,0,0,0,-145,1,0,0,0,160,0,0,0,0,0,0,1000
2119,10,1,3000,500,1000,491,0,0,0,0,0,0,0,0,0,-145,1,0,0,0,160,0,0,0,0,0,0,1000
2120,10,2,3000,500,1000,490,0,0,0,0,0,0,0,0,0,-145,1,0,0,0,160,0,0,0,0,0,0,1000
2121,10,3,3000,500,1000,489,0,0,0,0,0,0,0,0,0,-145,1,0,0,0,160,0,0,0,0,0,0,1000
2122,10,4,3000,500,1000,488,0,0,0,0,0,0,0,0,0,-145,1,0,0,0,160,0,0,0,0,0,0,1000
2123,10,5,3000,500,1000,487,0,0,0,0,0,0,0,0,0,-145,1,0,0,0,160,0,0,0,0,0,0,1000
2124,10,6,3000,500,1000,486,0,0,0,0,0,0,0,0,0,-145,1,0,0,0,160,0,0,0,0,0,0,1000
2125,12,1,3000,500,1000,485,0,0,0,0,0,0,0,0,0,-145,1,0,0,0,160,0,0,0,0,0,0,1000
2126,20,1,3000,500,1000,484,0,0,0,0,0,0,0,0,0,-143.5,1,0,0,0,160,0,0,0,0,0,0,1000
2127,20,2,3000,500,1000,483,0,0,0,0,0,0,0,0,0,-143.5,1,0,0,0,158.5,0,0,0,0,0,0,1000
2128,10,1,3000,500,1000,482,0,0,0,0,0,0,0,0,0,-143.5,1,0,0,0,157,0,0,0,0,0,0,1000
2129,10,2,3000,500,1000,481,0,0,0,0,0,0,0,0,0,-143.5,1,0,0,0,157,0,0,0,0,0,0,1000
2130,10,3,3000,500,1000,480,0,0,0,0,0,0,0,0,0,-143.5,1,0,0,0,157,0,0,0,0,0,0,1000
2131,10,4,3000,500,1000,479,0,0,0,0,0,0,0,0,0,-143.5,1,0,0,0,157,0,0,0,0,0,0,1000
2132,10,5,3000,500,1000,478,0,0,0,0,0,0,0,0,0,-143.5,1,0,0,0,157,0,0,0,0,0,0,1000
2133,10,6,3000,500,1000,477,0,0,0,0,0,0,0,0,0,-143.5,1,0,0,0,157,0,0,0,0,0,0,1000
2134,4000,1,1000,500,1000,476,0,0,0,0,0,0,0,0,0,-143.5,1,0,0,0,157,0,0,0,0,0,0,1000
2135,4000,2,1000,500,1000,0,0,0,0,0,0,0,0,0,0,-143.5,1,0,0,0,157,0,0,0,0,0,0,1000
2136,4000,3,1000,500,1000,0,0,0,0,0,0,0,0,0,0,-143.5,1,0,0,0,157,0,0,0,0,0,0,1000
2137,4000,4,1000,500,1000,0,0,0,0,0,0,0,0,0,0,-143.5,1,0,0,0,157,0,0,0,0,0,0,1000
2138,4000,5,1000,500,1000,0,0,0,0,0,0,0,0,0,0,-139.85000610351562,1,0,0,0,157,0,0,0,0,0,0,1000
2139,4000,6,1000,500,1000,0,0,0,0,0,0,0,0,0,0,-136.9499969482422,1,0,0,0,157,0,0,0,0,0,0,1000
2140,4000,7,1000,500,1000,0,0,0,0,0,0,0,0,0,0,-134.0500030517578,1,0,0,0,157,0,0,0,0,0,0,1000
2141,4000,8,1000,500,1000,0,0,0,0,0,0,0,0,0,0,-131.14999389648438,1,0,0,0,157,0,0,0,0,0,0,1000
2142,4000,8,1000,500,962,0,0,0,0,0,0,0,0,0,0,-131.14999389648438,1,0,0,0,157,0,0,0,0,0,0,1018
2143,4000,8,1000,500,962,0,0,0,0,0,0,0,0,0,0,-131.14999389648438,1,0,0,0,157,0,0,0,0,0,0,1018
2144,4000,8,1000,500,962,0,0,0,0,0,0,0,0,0,0,-131.14999389648438,1,0,0,0,157,0,0,0,0,0,0,1018
2145,4000,8,1000,500,962,0,0,0,0,0,0,0,0,0,0,-131.14999389648438,1,0,0,0,157,0,0,0,0,0,0,1018
2146,4000,8,1000,500,962,0,0,0,0,0,0,0,0,0,0,-131.14999389648438,1,0,0,0,157,0,0,0,0,0,0,1018
2147,4000,8,1000,500,962,0,0,0,0,0,0,0,0,0,0,-131.14999389648438,1,0,0,0,157,0,0,0,0,0,0,1018
2148,4000,9,1000,500,962,0,0,0,0,0,0,0,0,0,0,-128.25,1,0,0,0,157,0,0,0,0,0,0,1018
2149,4000,10,1000,500,962,0,0,0,0,0,0,0,0,0,0,-125.34999084472656,1,0,0,0,157,0,0,0,0,0,0,1018
2150,4000,11,1000,500,962,0,0,0,0,0,0,0,0,0,0,-122.44998931884766,1,0,0,0,157,0,0,0,0,0,0,1018
2151,4000,12,1000,500,962,0,0,0,0,0,0,0,0,0,0,-119.54998779296875,1,0,0,0,157,0,0,0,0,0,0,1018
2152,4000,13,1000,500,962,0,0,0,0,0,0,0,0,0,0,-116.64998626708984,1,0,0,0,157,0,0,0,0,0,0,1018
2153,4000,14,1000,500,962,0,0,0,0,0,0,0,0,0,0,-113.74998474121094,1,0,0,0,157,0,0,0,0,0,0,1018
2154,4000,15,1000,500,962,0,0,0,0,0,0,0,0,0,0,-110.84998321533203,1,0,0,0,157,0,0,0,0,0,0,1018
2155,4000,15,1000,500,924,0,0,0,0,0,0,0,0,0,0,-110.84998321533203,1,0,0,0,157,0,0,0,0,0,0,1036
2156,4000,15,1000,500,924,0,0,0,0,0,0,0,0,0,0,-110.84998321533203,1,0,0,0,157,0,0,0,0,0,0,1036
2157,4000,15,1000,500,924,0,0,0,0,0,0,0,0,0,0,-110.84998321533203,1,0,0,0,157,0,0,0,0,0,0,2036
2158,4000,15,1000,500,924,0,0,0,0,0,0,0,0,0,0,-110.84998321533203,1,0,0,0,157,0,0,0,0,0,0,2036
2159,4000,15,1000,500,924,0,0,0,0,0,0,0,0,0,0,-110.84998321533203,1,0,0,0,157,0,0,0,0,0,0,2036
2160,4000,15,1000,500,924,0,0,0,0,0,0,0,0,0,0,-110.84998321533203,1,0,0,0,157,0,0,0,0,0,0,2036
2161,4000,16,1000,500,924,0,0,0,0,0,0,0,0,0,0,-107.94998168945312,1,0,0,0,157,0,0,0,0,0,0,2036
2162,4000,17,1000,500,924,0,0,0,0,0,0,0,0,0,0,-105.04998779296875,1,0,0,0,157,0,0,0,0,0,0,2036
2163,4000,18,1000,500,924,0,0,0,0,0,0,0,0,0,0,-102.14997863769531,1,0,0,0,157,0,0,0,0,0,0,2036
2164,4000,19,1000,500,924,0,0,0,0,0,0,0,0,0,0,-99.0999755859375,1,0,0,0,157,0,0,0,0,0,0,2036
2165,4000,20,1000,500,924,0,0,0,0,0,0,0,0,0,0,-96.19998168945312,1,0,0,0,157,0,0,0,0,0,0,2036
2166,4000,21,1000,500,924,0,0,0,0,0,0,0,0,0,0,-93.29998016357422,1,0,0,0,157,0,0,0,0,0,0,2036
2167,4000,22,1000,500,924,0,0,0,0,0,0,0,0,0,0,-90.39997863769531,1,0,0,0,157,0,0,0,0,0,0,2036
2168,4000,22,1000,500,886,0,0,0,0,0,0,0,0,0,0,-90.39997863769531,1,0,0,0,157,0,0,0,0,0,0,3054
2169,4000,22,1000,500,886,0,0,0,0,0,0,0,0,0,0,-90.39997863769531,1,0,0,0,157,0,0,0,0,0,0,3054
2170,4000,22,1000,500,886,0,0,0,0,0,0,0,0,0,0,-90.39997863769531,1,0,0,0,157,0,0,0,0,0,0,3054
2171,4000,22,1000,500,886,0,0,0,0,0,0,0,0,0,0,-90.39997863769531,1,0,0,0,157,0,0,0,0,0,0,3054
2172,4000,22,1000,500,886,0,0,0,0,0,0,0,0,0,0,-90.39997863769531,1,0,0,0,157,0,0,0,0,0,0,3054
2173,4000,22,1000,500,886,0,0,0,0,0,0,0,0,0,0,-90.39997863769531,1,0,0,0,157,0,0,0,0,0,0,3054
2174,4000,23,1000,500,886,0,0,0,0,0,0,0,0,0,0,-87.4999771118164,1,0,0,0,157,0,0,0,0,0,0,3054
2175,4000,24,1000,500,886,0,0,0,0,0,0,0,0,0,0,-84.5999755859375,1,0,0,0,157,0,0,0,0,0,0,3054
2176,4000,25,1000,500,886,0,0,0,0,0,0,0,0,0,0,-84.5999755859375,1,0,0,0,157,0,0,0,0,0,0,3054
2177,4000,26,1000,500,886,0,0,0,0,0,0,0,0,0,0,-84.5999755859375,1,0,0,0,157,0,0,0,0,0,0,3054
2178,4000,27,1000,500,886,0,0,0,0,0,0,0,0,0,0,-84.5999755859375,1,0,0,0,157,0,0,0,0,0,0,3054
2179,4000,28,1000,500,886,0,0,0,0,0,0,0,0,0,0,-84.5999755859375,1,0,0,0,157,0,0,0,0,0,0,3054
2180,4000,29,1000,500,886,0,0,0,0,0,0,0,0,0,0,-84.5999755859375,1,0,0,0,157,0,0,0,0,0,0,3054
2181,4000,29,1000,500,848,0,0,0,0,0,0,0,0,0,0,-84.5999755859375,1,0,0,0,157,0,0,0,0,0,0,4072
2182,4000,29,1000,500,848,0,0,0,0,0,0,0,0,0,0,-84.5999755859375,1,0,0,0,157,0,0,0,0,0,0,4072
2183,4000,29,1000,500,848,0,0,0,0,0,0,0,0,0,0,-84.5999755859375,1,0,0,0,157,0,0,0,0,0,0,4072
2184,4000,29,1000,500,848,0,0,0,0,0,0,0,0,0,0,-84.5999755859375,1,0,0,0,157,0,0,0,0,0,0,4072
2185,4000,29,1000,500,848,0,0,0,0,0,0,0,0,0,0,-84.5999755859375,1,0,0,0,157,0,0,0,0,0,0,4072
2186,4000,29,1000,500,848,0,0,0,0,0,0,0,0,0,0,-84.5999755859375,1,0,0,0,157,0,0,0,0,0,0,4072
2187,4000,30,1000,500,848,0,0,0,0,0,0,0,0,0,0,-84.5999755859375,1,0,0,0,157,0,0,0,0,0,0,4072
2188,4000,31,1000,500,848,0,0,0,0,0,0,0,0,0,0,-84.5999755859375,1,0,0,0,157,0,0,0,0,0,0,4072
2189,4000,32,1000,500,848,0,0,0,0,0,0,0,0,0,0,-84.5999755859375,1,0,0,0,157,0,0,0,0,0,0,4072
2190,4000,33,1000,500,848,0,0,0,0,0,0,0,0,0,0,-84.5999755859375,1,0,0,0,157,0,0,0,0,0,0,4072
2191,4000,34,1000,500,848,0,0,0,0,0,0,0,0,0,0,-84.5999755859375,1,0,0,0,157,0,0,0,0,0,0,4072
2192,4000,35,1000,500,848,0,0,0,0,0,0,0,0,0,0,-84.5999755859375,1,0,0,0,157,0,0,0,0,0,0,4072
2193,4000,36,1000,500,848,0,0,0,0,0,0,0,0,0,0,-84.5999755859375,1,0,0,0,157,0,0,0,0,0,0,4072
2194,4000,37,1000,500,848,0,0,0,0,0,0,0,0,0,0,-84.5999755859375,1,0,0,0,157,0,0,0,0,0,0,4072
2195,4000,38,1000,500,848,0,0,0,0,0,0,0,0,0,0,-84.5999755859375,1,0,0,0,157,0,0,0,0,0,0,4072
2196,4000,39,1000,500,848,0,0,0,0,0,0,0,0,0,0,-84.5999755859375,1,0,0,0,157,0,0,0,0,0,0,4072
2197,4000,39,1000,500,753,0,0,0,0,0,0,0,0,0,0,-84.5999755859375,1,0,0,0,157,0,0,0,0,0,0,5000
2198,4000,39,1000,500,753,0,0,0,0,0,0,0,0,0,0,-84.5999755859375,1,0,0,0,157,0,0,0,0,0,0,5000
2199,4000,39,1000,500,753,0,0,0,0,0,0,0,0,0,0,-84.5999755859375,1,0,0,0,157,0,0,0,0,0,0,5000
2200,4000,39,1000,500,753,0,0,0,0,0,0,0,0,0,0,-84.5999755859375,1,0,0,0,157,0,0,0,0,0,0,5000
2201,4000,39,1000,500,753,0,0,0,0,0,0,0,0,0,0,-84.5999755859375,1,0,0,0,157,0,0,0,0,0,0,5000
2202,4000,39,1000,500,753,0,0,0,0,0,0,0,0,0,0,-84.5999755859375,1,0,0,0,157,0,0,0,0,0,0,5000
2203,4000,40,1000,500,753,0,0,0,0,0,0,0,0,0,0,-84.5999755859375,1,0,0,0,157,0,0,0,0,0,0,5000
2204,4000,41,1000,500,753,0,0,0,0,0,0,0,0,0,0,-84.5999755859375,1,0,0,0,157,0,0,0,0,0,0,5000
2205,4000,42,1000,500,753,0,0,0,0,0,0,0,0,0,0,-84.5999755859375,1,0,0,0,157,0,0,0,0,0,0,5000
2206,4000,43,1000,500,753,0,0,0,0,0,0,0,0,0,0,-88.0999755859375,1,0,0,0,157,0,0,0,0,0,0,5000
2207,4000,44,1000,500,753,0,0,0,0,0,0,0,0,0,0,-91.5999755859375,1,0,0,0,157,0,0,0,0,0,0,5000
2208,4000,45,1000,500,753,0,0,0,0,0,0,0,0,0,0,-95.0999755859375,1,0,0,0,157,0,0,0,0,0,0,5000
2209,4000,46,1000,500,753,0,0,0,0,0,0,0,0,0,0,-98.5999755859375,1,0,0,0,157,0,0,0,0,0,0,5000
2210,4000,47,1000,500,753,0,0,0,0,0,0,0,0,0,0,-102.0999755859375,1,0,0,0,157,0,0,0,0,0,0,5000
2211,4000,48,1000,500,753,0,0,0,0,0,0,0,0,0,0,-105.5999755859375,1,0,0,0,157,0,0,0,0,0,0,5000
2212,4000,49,1000,500,753,0,0,0,0,0,0,0,0,0,0,-109.0999755859375,1,0,0,0,157,0,0,0,0,0,0,5000
2213,4000,50,1000,500,753,0,0,0,0,0,0,0,0,0,0,-110.0999755859375,1,0,0,0,157,0,0,0,0,0,0,5000
2214,4000,51,1000,500,753,0,0,0,0,0,0,0,0,0,0,-110.0999755859375,1,0,0,0,154.5,0,0,0,0,0,0,5000
2215,4000,52,1000,500,753,0,0,0,0,0,0,0,0,0,0,-110.0999755859375,1,0,0,0,154.5,0,0,0,0,0,0,5000
2216,4000,53,1000,500,753,0,0,0,0,0,0,0,0,0,0,-110.0999755859375,1,0,0,0,154.5,0,0,0,0,0,0,5000
2217,4000,54,1000,500,753,0,0,0,0,0,0,0,0,0,0,-110.0999755859375,1,0,0,0,154.5,0,0,0,0,0,0,5000
2218,4000,55,1000,500,753,0,0,0,0,0,0,0,0,0,0,-110.0999755859375,1,0,0,0,154.5,0,0,0,0,0,0,5000
2219,4000,56,1000,500,753,0,0,0,0,0,0,0,0,0,0,-110.0999755859375,1,0,0,0,154.5,0,0,0,0,0,0,5000
2220,4000,57,1000,500,753,0,0,0,0,0,0,0,0,0,0,-110.0999755859375,1,0,0,0,154.5,0,0,0,0,0,0,5000
2221,4000,58,1000,500,753,0,0,0,0,0,0,0,0,0,0,-110.0999755859375,1,0,0,0,154.5,0,0,0,0,0,0,5000
2222,4000,59,1000,500,753,0,0,0,0,0,0,0,0,0,0,-110.0999755859375,1,0,0,0,154.5,0,0,0,0,0,0,5000
2223,4000,60,1000,500,753,0,0,0,0,0,0,0,0,0,0,-110.0999755859375,1,0,0,0,154.5,0,0,0,0,0,0,5000
2224,0,1,1000,500,753,0,0,0,0,0,0,0,0,0,0,-110.0999755859375,1,0,0,0,154.5,0,0,0,0,0,0,5000
2225,0,2,1000,500,753,0,0,0,0,0,0,0,0,0,0,-110.0999755859375,1,0,0,0,154.5,0,0,0,0,0,0,5000
2226,0,3,1000,500,753,0,0,0,0,0,0,0,0,0,0,-110.0999755859375,1,0,0,0,154.5,0,0,0,0,0,0,5000
2227,0,4,1000,500,753,0,0,0,0,0,0,0,0,0,0,-110.0999755859375,1,0,0,0,154.5,0,0,0,0,0,0,5000
2228,0,5,1000,500,753,0,0,0,0,0,0,0,0,0,0,-110.0999755859375,1,0,0,0,154.5,0,0,0,0,0,0,5000
2229,0,6,1000,500,753,0,0,0,0,0,0,0,0,0,0,-110.0999755859375,1,0,0,0,154.5,0,0,0,0,0,0,5000
2230,0,7,1000,500,753,0,0,0,0,0,0,0,0,0,0,-110.0999755859375,1,0,0,0,154.5,0,0,0,0,0,0,5000
2231,0,8,1000,500,753,0,0,0,0,0,0,0,0,0,0,-110.0999755859375,1,0,0,0,154.5,0,0,0,0,0,0,5000
2232,0,9,1000,500,753,0,0,0,0,0,0,0,0,0,0,-110.0999755859375,1,0,0,0,154.5,0,0,0,0,0,0,5000
2233,0,10,1000,500,753,0,0,0,0,0,0,0,0,0,0,-110.0999755859375,1,0,0,0,154.5,0,0,0,0,0,0,5000
2234,0,11,1000,500,753,0,0,0,0,0,0,0,0,0,0,-110.0999755859375,1,0,0,0,154.5,0,0,0,0,0,0,5000
2235,0,12,1000,500,753,0,0,0,0,0,0,0,0,0,0,-110.0999755859375,1,0,0,0,154.5,0,0,0,0,0,0,5000
2236,0,13,1000,500,753,0,0,0,0,0,0,0,0,0,0,-110.0999755859375,1,0,0,0,154.5,0,0,0,0,0,0,5000
2237,0,14,1000,500,753,0,0,0,0,0,0,0,0,0,0,-110.0999755859375,1,0,0,0,154.5,0,0,0,0,0,0,5000
2238,0,15,1000,500,753,0,0,0,0,0,0,0,0,0,0,-110.0999755859375,1,0,0,0,154.5,0,0,0,0,0,0,5000
2239,0,16,1000,500,753,0,0,0,0,0,0,0,0,0,0,-110.0999755859375,1,0,0,0,154.5,0,0,0,0,0,0,5000
2240,0,17,1000,500,753,0,0,0,0,0,0,0,0,0,0,-110.0999755859375,1,0,0,0,154.5,0,0,0,0,0,0,5000
2241,0,18,1000,500,753,0,0,0,0,0,0,0,0,0,0,-110.0999755859375,1,0,0,0,154.5,0,0,0,0,0,0,5000
2242,0,19,1000,500,753,0,0,0,0,0,0,0,0,0,0,-110.0999755859375,1,0,0,0,154.5,0,0,0,0,0,0,5000
2243,0,20,1000,500,753,0,0,0,0,0,0,0,0,0,0,-110.0999755859375,1,0,0,0,154.5,0,0,0,0,0,0,5000
2244,0,21,1000,500,753,0,0,0,0,0,0,0,0,0,0,-110.0999755859375,1,0,0,0,154.5,0,0,0,0,0,0,5000
2245,0,22,1000,500,753,0,0,0,0,0,0,0,0,0,0,-110.0999755859375,1,0,0,0,154.5,0,0,0,0,0,0,5000
2246,0,23,1000,500,753,0,0,0,0,0,0,0,0,0,0,-110.3499755859375,1,0,0,0,154.5,0,0,0,0,0,0,5000
2247,0,24,1000,500,753,0,0,0,0,0,0,0,0,0,0,-112.3499755859375,1,0,0,0,154.75,0,0,0,0,0,0,5000
2248,0,25,1000,500,753,0,0,0,0,0,0,0,0,0,0,-114.3499755859375,1,0,0,0,156.75,0,0,0,0,0,0,5000
2249,0,26,1000,500,753,0,0,0,0,0,0,0,0,0,0,-115.5999755859375,1,0,0,0,158.75,0,0,0,0,0,0,5000
2250,0,27,1000,500,753,0,0,0,0,0,0,0,0,0,0,-115.5999755859375,1,0,0,0,160,0,0,0,0,0,0,5000
2251,0,28,1000,500,753,0,0,0,0,0,0,0,0,0,0,-115.5999755859375,1,0,0,0,160,0,0,0,0,0,0,5000
2252,0,29,1000,500,753,0,0,0,0,0,0,0,0,0,0,-115.5999755859375,1,0,0,0,160,0,0,0,0,0,0,5000
2253,0,30,1000,500,753,0,0,0,0,0,0,0,0,0,0,-115.5999755859375,1,0,0,0,160,0,0,0,0,0,0,5000
2254,0,31,1000,500,753,0,0,0,0,0,0,0,0,0,0,-115.5999755859375,1,0,0,0,160,0,0,0,0,0,0,5000
2255,0,32,1000,500,753,0,0,0,0,0,0,0,0,0,0,-115.5999755859375,1,0,0,0,160,0,0,0,0,0,0,5000
2256,0,33,1000,500,753,0,0,0,0,0,0,0,0,0,0,-115.5999755859375,1,0,0,0,160,0,0,0,0,0,0,5000
2257,0,34,1000,500,753,0,0,0,0,0,0,0,0,0,0,-115.5999755859375,1,0,0,0,160,0,0,0,0,0,0,5000
2258,0,35,1000,500,753,0,0,0,0,0,0,0,0,0,0,-115.5999755859375,1,0,0,0,160,0,0,0,0,0,0,5000
2259,0,36,1000,500,753,0,0,0,0,0,0,0,0,0,0,-115.5999755859375,1,0,0,0,160,0,0,0,0,0,0,5000
2260,0,37,1000,500,753,0,0,0,0,0,0,0,0,0,0,-115.5999755859375,1,0,0,0,160,0,0,0,0,0,0,5000
2261,0,38,1000,500,753,0,0,0,0,0,0,0,0,0,0,-115.5999755859375,1,0,0,0,160,0,0,0,0,0,0,5000
2262,0,39,1000,500,753,0,0,0,0,0,0,0,0,0,0,-115.5999755859375,1,0,0,0,160,0,0,0,0,0,0,5000
2263,0,40,1000,500,753,0,0,0,0,0,0,0,0,0,0,-115.5999755859375,1,0,0,0,160,0,0,0,0,0,0,5000
2264,0,41,1000,500,753,0,0,0,0,0,0,0,0,0,0,-115.5999755859375,1,0,0,0,160,0,0,0,0,0,0,5000
2265,0,42,1000,500,753,0,0,0,0,0,0,0,0,0,0,-115.5999755859375,1,0,0,0,160,0,0,0,0,0,0,5000
2266,0,43,1000,500,753,0,0,0,0,0,0,0,0,0,0,-115.5999755859375,1,0,0,0,160,0,0,0,0,0,0,5000
2267,0,44,1000,500,753,0,0,0,0,0,0,0,0,0,0,-115.5999755859375,1,0,0,0,160,0,0,0,0,0,0,5000
2268,0,45,1000,500,753,0,0,0,0,0,0,0,0,0,0,-115.5999755859375,1,0,0,0,160,0,0,0,0,0,0,5000
2269,0,46,1000,500,753,0,0,0,0,0,0,0,0,0,0,-115.5999755859375,1,0,0,0,160,0,0,0,0,0,0,5000
2270,0,47,1000,500,753,0,0,0,0,0,0,0,0,0,0,-115.5999755859375,1,0,0,0,160,0,0,0,0,0,0,5000
2271,0,48,1000,500,753,0,0,0,0,0,0,0,0,0,0,-115.5999755859375,1,0,0,0,160,0,0,0,0,0,0,5000
2272,0,49,1000,500,753,0,0,0,0,0,0,0,0,0,0,-115.5999755859375,1,0,0,0,160,0,0,0,0,0,0,5000
2273,0,50,1000,500,753,0,0,0,0,0,0,0,0,0,0,-115.5999755859375,1,0,0,0,160,0,0,0,0,0,0,5000
2274,0,51,1000,500,753,0,0,0,0,0,0,0,0,0,0,-115.5999755859375,1,0,0,0,160,0,0,0,0,0,0,5000
2275,0,52,1000,500,753,0,0,0,0,0,0,0,0,0,0,-115.5999755859375,1,0,0,0,160,0,0,0,0,0,0,5000
2276,0,53,1000,500,753,0,0,0,0,0,0,0,0,0,0,-115.5999755859375,1,0,0,0,160,0,0,0,0,0,0,5000
2277,0,54,1000,500,753,0,0,0,0,0,0,0,0,0,0,-115.5999755859375,1,0,0,0,160,0,0,0,0,0,0,5000
2278,0,55,1000,500,753,0,0,0,0,0,0,0,0,0,0,-115.5999755859375,1,0,0,0,160,0,0,0,0,0,0,5000
2279,0,56,1000,500,753,0,0,0,0,0,0,0,0,0,0,-115.5999755859375,1,0,0,0,160,0,0,0,0,0,0,5000
2280,0,57,1000,500,753,0,0,0,0,0,0,0,0,0,0,-115.5999755859375,1,0,0,0,160,0,0,0,0,0,0,5000
2281,0,58,1000,500,753,0,0,0,0,0,0,0,0,0,0,-115.5999755859375,1,0,0,0,160,0,0,0,0,0,0,5000
2282,0,59,1000,500,753,0,0,0,0,0,0,0,0,0,0,-115.5999755859375,1,0,0,0,160,0,0,0,0,0,0,5000
2283,0,60,1000,500,753,0,0,0,0,0,0,0,0,0,0,-115.5999755859375,1,0,0,0,160,0,0,0,0,0,0,5000
2284,0,61,1000,500,753,0,0,0,0,0,0,0,0,0,0,-115.5999755859375,1,0,0,0,160,0,0,0,0,0,0,5000
2285,0,62,1000,500,753,0,0,0,0,0,0,0,0,0,0,-115.5999755859375,1,0,0,0,160,0,0,0,0,0,0,5000
2286,0,63,1000,500,753,0,0,0,0,0,0,0,0,0,0,-115.5999755859375,1,0,0,0,160,0,0,0,0,0,0,5000
2287,0,64,1000,500,753,0,0,0,0,0,0,0,0,0,0,-115.5999755859375,1,0,0,0,160,0,0,0,0,0,0,5000
2288,0,65,1000,500,753,0,0,0,0,0,0,0,0,0,0,-115.5999755859375,1,0,0,0,160,0,0,0,0,0,0,5000
2289,0,66,1000,500,753,0,0,0,0,0,0,0,0,0,0,-115.5999755859375,1,0,0,0,160,0,0,0,0,0,0,5000
2290,0,67,1000,500,753,0,0,0,0,0,0,0,0,0,0,-115.5999755859375,1,0,0,0,160,0,0,0,0,0,0,5000
2291,0,68,1000,500,753,0,0,0,0,0,0,0,0,0,0,-115.5999755859375,1,0,0,0,160,0,0,0,0,0,0,5000
2292,0,69,1000,500,753,0,0,0,0,0,0,0,0,0,0,-115.5999755859375,1,0,0,0,160,0,0,0,0,0,0,5000
2293,0,70,1000,500,753,0,0,0,0,0,0,0,0,0,0,-115.5999755859375,1,0,0,0,160,0,0,0,0,0,0,5000
2294,0,71,1000,500,753,0,0,0,0,0,0,0,0,0,0,-115.5999755859375,1,0,0,0,160,0,0,0,0,0,0,5000
2295,0,72,1000,500,753,0,0,0,0,0,0,0,0,0,0,-115.5999755859375,1,0,0,0,160,0,0,0,0,0,0,5000
2296,0,73,1000,500,753,0,0,0,0,0,0,0,0,0,0,-115.5999755859375,1,0,0,0,160,0,0,0,0,0,0,5000
2297,0,74,1000,500,753,0,0,0,0,0,0,0,0,0,0,-115.5999755859375,1,0,0,0,160,0,0,0,0,0,0,5000
2298,0,75,1000,500,753,0,0,0,0,0,0,0,0,0,0,-115.5999755859375,1,0,0,0,160,0,0,0,0,0,0,5000
2299,0,76,1000,500,753,0,0,0,0,0,0,0,0,0,0,-115.5999755859375,1,0,0,0,160,0,0,0,0,0,0,5000
2300,0,77,1000,500,753,0,0,0,0,0,0,0,0,0,0,-115.5999755859375,1,0,0,0,160,0,0,0,0,0,0,5000
2301,0,78,1000,500,753,0,0,0,0,0,0,0,0,0,0,-115.5999755859375,1,0,0,0,160,0,0,0,0,0,0,5000
2302,0,79,1000,500,753,0,0,0,0,0,0,0,0,0,0,-115.5999755859375,1,0,0,0,160,0,0,0,0,0,0,5000
2303,0,80,1000,500,753,0,0,0,0,0,0,0,0,0,0,-115.5999755859375,1,0,0,0,160,0,0,0,0,0,0,5000
2304,0,81,1000,500,753,0,0,0,0,0,0,0,0,0,0,-115.5999755859375,1,0,0,0,160,0,0,0,0,0,0,5000
2305,0,82,1000,500,753,0,0,0,0,0,0,0,0,0,0,-115.5999755859375,1,0,0,0,160,0,0,0,0,0,0,5000
2306,0,83,1000,500,753,0,0,0,0,0,0,0,0,0,0,-115.5999755859375,1,0,0,0,160,0,0,0,0,0,0,5000
2307,0,84,1000,500,753,0,0,0,0,0,0,0,0,0,0,-115.5999755859375,1,0,0,0,160,0,0,0,0,0,0,5000
2308,0,85,1000,500,753,0,0,0,0,0,0,0,0,0,0,-115.5999755859375,1,0,0,0,160,0,0,0,0,0,0,5000
2309,0,86,1000,500,753,0,0,0,0,0,0,0,0,0,0,-115.5999755859375,1,0,0,0,160,0,0,0,0,0,0,5000
2310,0,87,1000,500,753,0,0,0,0,0,0,0,0,0,0,-115.5999755859375,1,0,0,0,160,0,0,0,0,0,0,5000
2311,0,88,1000,500,753,0,0,0,0,0,0,0,0,0,0,-115.5999755859375,1,0,0,0,160,0,0,0,0,0,0,5000
2312,0,89,1000,500,753,0,0,0,0,0,0,0,0,0,0,-115.5999755859375,1,0,0,0,160,0,0,0,0,0,0,5000
2313,0,90,1000,500,753,0,0,0,0,0,0,0,0,0,0,-115.5999755859375,1,0,0,0,160,0,0,0,0,0,0,5000
2314,0,91,1000,500,753,0,0,0,0,0,0,0,0,0,0,-115.5999755859375,1,0,0,0,160,0,0,0,0,0,0,5000
2315,0,92,1000,500,753,0,0,0,0,0,0,0,0,0,0,-115.5999755859375,1,0,0,0,160,0,0,0,0,0,0,5000
2316,0,93,1000,500,753,0,0,0,0,0,0,0,0,0,0,-115.5999755859375,1,0,0,0,160,0,0,0,0,0,0,5000
2317,0,94,1000,500,753,0,0,0,0,0,0,0,0,0,0,-115.5999755859375,1,0,0,0,160,0,0,0,0,0,0,5000
2318,0,95,1000,500,753,0,0,0,0,0,0,0,0,0,0,-115.5999755859375,1,0,0,0,160,0,0,0,0,0,0,5000
2319,0,96,1000,500,753,0,0,0,0,0,0,0,0,0,0,-115.5999755859375,1,0,0,0,160,0,0,0,0,0,0,5000
2320,0,97,1000,500,753,0,0,0,0,0,0,0,0,0,0,-115.5999755859375,1,0,0,0,160,0,0,0,0,0,0,5000
2321,0,98,1000,500,753,0,0,0,0,0,0,0,0,0,0,-115.5999755859375,1,0,0,0,160,0,0,0,0,0,0,5000
2322,0,99,1000,500,753,0,0,0,0,0,0,0,0,0,0,-115.5999755859375,1,0,0,0,160,0,0,0,0,0,0,5000
2323,0,100,1000,500,753,0,0,0,0,0,0,0,0,0,0,-115.5999755859375,1,0,0,0,160,0,0,0,0,0,0,5000
2324,0,101,1000,500,753,0,0,0,0,0,0,0,0,0,0,-115.5999755859375,1,0,0,0,160,0,0,0,0,0,0,5000
2325,0,102,1000,500,753,0,0,0,0,0,0,0,0,0,0,-115.5999755859375,1,0,0,0,160,0,0,0,0,0,0,5000
2326,0,103,1000,500,753,0,0,0,0,0,0,0,0,0,0,-115.5999755859375,1,0,0,0,160,0,0,0,0,0,0,5000
2327,0,104,1000,500,753,0,0,0,0,0,0,0,0,0,0,-115.5999755859375,1,0,0,0,160,0,0,0,0,0,0,5000
2328,0,105,1000,500,753,0,0,0,0,0,0,0,0,0,0,-115.5999755859375,1,0,0,0,160,0,0,0,0,0,0,5000
2329,0,106,1000,500,753,0,0,0,0,0,0,0,0,0,0,-115.5999755859375,1,0,0,0,160,0,0,0,0,0,0,5000
2330,0,107,1000,500,753,0,0,0,0,0,0,0,0,0,0,-115.5999755859375,1,0,0,0,160,0,0,0,0,0,0,5000
2331,0,108,1000,500,753,0,0,0,0,0,0,0,0,0,0,-115.5999755859375,1,0,0,0,160,0,0,0,0,0,0,5000
2332,0,109,1000,500,753,0,0,0,0,0,0,0,0,0,0,-115.5999755859375,1,0,0,0,160,0,0,0,0,0,0,5000
2333,0,110,1000,500,753,0,0,0,0,0,0,0,0,0,0,-115.5999755859375,1,0,0,0,160,0,0,0,0,0,0,5000
2334,0,111,1000,500,753,0,0,0,0,0,0,0,0,0,0,-115.5999755859375,1,0,0,0,160,0,0,0,0,0,0,5000
2335,0,112,1000,500,753,0,0,0,0,0,0,0,0,0,0,-115.5999755859375,1,0,0,0,160,0,0,0,0,0,0,5000
2336,0,113,1000,500,753,0,0,0,0,0,0,0,0,0,0,-115.5999755859375,1,0,0,0,160,0,0,0,0,0,0,5000
2337,0,114,1000,500,753,0,0,0,0,0,0,0,0,0,0,-115.5999755859375,1,0,0,0,160,0,0,0,0,0,0,5000
2338,0,115,1000,500,753,0,0,0,0,0,0,0,0,0,0,-115.5999755859375,1,0,0,0,160,0,0,0,0,0,0,5000
2339,0,116,1000,500,753,0,0,0,0,0,0,0,0,0,0,-115.5999755859375,1,0,0,0,160,0,0,0,0,0,0,5000
2340,0,117,1000,500,753,0,0,0,0,0,0,0,0,0,0,-115.5999755859375,1,0,0,0,160,0,0,0,0,0,0,5000
2341,0,118,1000,500,753,0,0,0,0,0,0,0,0,0,0,-115.5999755859375,1,0,0,0,160,0,0,0,0,0,0,5000
2342,0,119,1000,500,753,0,0,0,0,0,0,0,0,0,0,-115.5999755859375,1,0,0,0,160,0,0,0,0,0,0,5000
2343,0,120,1000,500,753,0,0,0,0,0,0,0,0,0,0,-115.5999755859375,1,0,0,0,160,0,0,0,0,0,0,5000
2344,0,121,1000,500,753,0,0,0,0,0,0,0,0,0,0,-115.5999755859375,1,0,0,0,160,0,0,0,0,0,0,5000
2345,0,122,1000,500,753,0,0,0,0,0,0,0,0,0,0,-115.5999755859375,1,0,0,0,160,0,0,0,0,0,0,5000
2346,0,123,1000,500,753,0,0,0,0,0,0,0,0,0,0,-115.5999755859375,1,0,0,0,160,0,0,0,0,0,0,5000
2347,0,124,1000,500,753,0,0,0,0,0,0,0,0,0,0,-115.5999755859375,1,0,0,0,160,0,0,0,0,0,0,5000
2348,0,125,1000,500,753,0,0,0,0,0,0,0,0,0,0,-115.5999755859375,1,0,0,0,160,0,0,0,0,0,0,5000
2349,0,126,1000,500,753,0,0,0,0,0,0,0,0,0,0,-115.5999755859375,1,0,0,0,160,0,0,0,0,0,0,5000
2350,0,127,1000,500,753,0,0,0,0,0,0,0,0,0,0,-115.5999755859375,1,0,0,0,160,0,0,0,0,0,0,5000
2351,0,128,1000,500,753,0,0,0,0,0,0,0,0,0,0,-115.5999755859375,1,0,0,0,160,0,0,0,0,0,0,5000
2352,0,129,1000,500,753,0,0,0,0,0,0,0,0,0,0,-115.5999755859375,1,0,0,0,160,0,0,0,0,0,0,5000
2353,0,130,1000,500,753,0,0,0,0,0,0,0,0,0,0,-115.5999755859375,1,0,0,0,160,0,0,0,0,0,0,5000
2354,0,131,1000,500,753,0,0,0,0,0,0,0,0,0,0,-115.5999755859375,1,0,0,0,160,0,0,0,0,0,0,5000
2355,0,132,1000,500,753,0,0,0,0,0,0,0,0,0,0,-115.5999755859375,1,0,0,0,160,0,0,0,0,0,0,5000
2356,0,133,1000,500,753,0,0,0,0,0,0,0,0,0,0,-115.5999755859375,1,0,0,0,160,0,0,0,0,0,0,5000
2357,0,134,1000,500,753,0,0,0,0,0,0,0,0,0,0,-115.5999755859375,1,0,0,0,160,0,0,0,0,0,0,5000
2358,0,135,1000,500,753,0,0,0,0,0,0,0,0,0,0,-115.5999755859375,1,0,0,0,160,0,0,0,0,0,0,5000
2359,0,136,1000,500,753,0,0,0,0,0,0,0,0,0,0,-115.5999755859375,1,0,0,0,160,0,0,0,0,0,0,5000
2360,0,137,1000,500,753,0,0,0,0,0,0,0,0,0,0,-115.5999755859375,1,0,0,0,160,0,0,0,0,0,0,5000
2361,0,138,1000,500,753,0,0,0,0,0,0,0,0,0,0,-115.5999755859375,1,0,0,0,160,0,0,0,0,0,0,5000
2362,0,139,1000,500,753,0,0,0,0,0,0,0,0,0,0,-115.5999755859375,1,0,0,0,160,0,0,0,0,0,0,5000
2363,0,140,1000,500,753,0,0,0,0,0,0,0,0,0,0,-115.5999755859375,1,0,0,0,160,0,0,0,0,0,0,5000
2364,0,141,1000,500,753,0,0,0,0,0,0,0,0,0,0,-115.5999755859375,1,0,0,0,160,0,0,0,0,0,0,5000
2365,0,142,1000,500,753,0,0,0,0,0,0,0,0,0,0,-115.5999755859375,1,0,0,0,160,0,0,0,0,0,0,5000
2366,0,143,1000,500,753,0,0,0,0,0,0,0,0,0,0,-115.5999755859375,1,0,0,0,160,0,0,0,0,0,0,5000
2367,0,144,1000,500,753,0,0,0,0,0,0,0,0,0,0,-115.5999755859375,1,0,0,0,160,0,0,0,0,0,0,5000
2368,0,145,1000,500,753,0,0,0,0,0,0,0,0,0,0,-115.5999755859375,1,0,0,0,160,0,0,0,0,0,0,5000
2369,0,146,1000,500,753,0,0,0,0,0,0,0,0,0,0,-115.5999755859375,1,0,0,0,160,0,0,0,0,0,0,5000
2370,0,147,1000,500,753,0,0,0,0,0,0,0,0,0,0,-115.5999755859375,1,0,0,0,160,0,0,0,0,0,0,5000
2371,0,148,1000,500,753,0,0,0,0,0,0,0,0,0,0,-115.5999755859375,1,0,0,0,160,0,0,0,0,0,0,5000
2372,0,149,1000,500,753,0,0,0,0,0,0,0,0,0,0,-115.5999755859375,1,0,0,0,160,0,0,0,0,0,0,5000
2373,0,150,1000,500,753,0,0,0,0,0,0,0,0,0,0,-115.5999755859375,1,0,0,0,160,0,0,0,0,0,0,5000
2374,0,151,1000,500,753,0,0,0,0,0,0,0,0,0,0,-115.5999755859375,1,0,0,0,160,0,0,0,0,0,0,5000
2375,0,152,1000,500,753,0,0,0,0,0,0,0,0,0,0,-115.5999755859375,1,0,0,0,160,0,0,0,0,0,0,5000
2376,0,153,1000,500,753,0,0,0,0,0,0,0,0,0,0,-115.5999755859375,1,0,0,0,160,0,0,0,0,0,0,5000
2377,0,154,1000,500,753,0,0,0,0,0,0,0,0,0,0,-115.5999755859375,1,0,0,0,160,0,0,0,0,0,0,5000
2378,0,155,1000,500,753,0,0,0,0,0,0,0,0,0,0,-115.5999755859375,1,0,0,0,160,0,0,0,0,0,0,5000
2379,0,156,1000,500,753,0,0,0,0,0,0,0,0,0,0,-115.5999755859375,1,0,0,0,160,0,0,0,0,0,0,5000
2380,0,157,1000,500,753,0,0,0,0,0,0,0,0,0,0,-115.5999755859375,1,0,0,0,160,0,0,0,0,0,0,5000
2381,0,158,1000,500,753,0,0,0,0,0,0,0,0,0,0,-115.5999755859375,1,0,0,0,160,0,0,0,0,0,0,5000
2382,0,159,1000,500,753,0,0,0,0,0,0,0,0,0,0,-115.5999755859375,1,0,0,0,160,0,0,0,0,0,0,5000
2383,0,160,1000,500,753,0,0,0,0,0,0,0,0,0,0,-115.5999755859375,1,0,0,0,160,0,0,0,0,0,0,5000
2384,0,161,1000,500,753,0,0,0,0,0,0,0,0,0,0,-115.5999755859375,1,0,0,0,160,0,0,0,0,0,0,5000
2385,0,162,1000,500,753,0,0,0,0,0,0,0,0,0,0,-115.5999755859375,1,0,0,0,160,0,0,0,0,0,0,5000
2386,0,163,1000,500,753,0,0,0,0,0,0,0,0,0,0,-115.5999755859375,1,0,0,0,160,0,0,0,0,0,0,5000
2387,0,164,1000,500,753,0,0,0,0,0,0,0,0,0,0,-115.5999755859375,1,0,0,0,160,0,0,0,0,0,0,5000
2388,0,165,1000,500,753,0,0,0,0,0,0,0,0,0,0,-115.5999755859375,1,0,0,0,160,0,0,0,0,0,0,5000
2389,0,166,1000,500,753,0,0,0,0,0,0,0,0,0,0,-115.5999755859375,1,0,0,0,160,0,0,0,0,0,0,5000
2390,0,167,1000,500,753,0,0,0,0,0,0,0,0,0,0,-115.5999755859375,1,0,0,0,160,0,0,0,0,0,0,5000
2391,0,168,1000,500,753,0,0,0,0,0,0,0,0,0,0,-115.5999755859375,1,0,0,0,160,0,0,0,0,0,0,5000
2392,0,169,1000,500,753,0,0,0,0,0,0,0,0,0,0,-115.5999755859375,1,0,0,0,160,0,0,0,0,0,0,5000
2393,0,170,1000,500,753,0,0,0,0,0,0,0,0,0,0,-115.5999755859375,1,0,0,0,160,0,0,0,0,0,0,5000
2394,0,171,1000,500,753,0,0,0,0,0,0,0,0,0,0,-115.5999755859375,1,0,0,0,160,0,0,0,0,0,0,5000
2395,0,172,1000,500,753,0,0,0,0,0,0,0,0,0,0,-115.5999755859375,1,0,0,0,160,0,0,0,0,0,0,5000
2396,0,173,1000,500,753,0,0,0,0,0,0,0,0,0,0,-115.5999755859375,1,0,0,0,160,0,0,0,0,0,0,5000
2397,0,174,1000,500,753,0,0,0,0,0,0,0,0,0,0,-115.5999755859375,1,0,0,0,160,0,0,0,0,0,0,5000
2398,0,175,1000,500,753,0,0,0,0,0,0,0,0,0,0,-115.5999755859375,1,0,0,0,160,0,0,0,0,0,0,5000
2399,0,176,1000,500,753,0,0,0,0,0,0,0,0,0,0,-115.5999755859375,1,0,0,0,160,0,0,0,0,0,0,5000
2400,0,177,1000,500,753,0,0,0,0,0,0,0,0,0,0,-115.5999755859375,1,0,0,0,160,0,0,0,0,0,0,5000
2401,0,178,1000,500,753,0,0,0,0,0,0,0,0,0,0,-115.5999755859375,1,0,0,0,160,0,0,0,0,0,0,5000
2402,0,179,1000,500,753,0,0,0,0,0,0,0,0,0,0,-115.5999755859375,1,0,0,0,160,0,0,0,0,0,0,5000
2403,0,180,1000,500,753,0,0,0,0,0,0,0,0,0,0,-115.5999755859375,1,0,0,0,160,0,0,0,0,0,0,5000
2404,0,181,1000,500,753,0,0,0,0,0,0,0,0,0,0,-115.5999755859375,1,0,0,0,160,0,0,0,0,0,0,5000
2405,0,182,1000,500,753,0,0,0,0,0,0,0,0,0,0,-115.5999755859375,1,0,0,0,160,0,0,0,0,0,0,5000
2406,0,183,1000,500,753,0,0,0,0,0,0,0,0,0,0,-115.5999755859375,1,0,0,0,160,0,0,0,0,0,0,5000
2407,0,184,1000,500,753,0,0,0,0,0,0,0,0,0,0,-115.5999755859375,1,0,0,0,160,0,0,0,0,0,0,5000
2408,0,185,1000,500,753,0,0,0,0,0,0,0,0,0,0,-115.5999755859375,1,0,0,0,160,0,0,0,0,0,0,5000
2409,0,186,1000,500,753,0,0,0,0,0,0,0,0,0,0,-115.5999755859375,1,0,0,0,160,0,0,0,0,0,0,5000
2410,0,1,3000,500,1000,0,0,0,0,0,0,0,0,0,0,-122.25,-1,0,0,0,160,0,0,0,0,0,0,1000
2411,0,2,3000,500,1000,0,0,0,0,0,0,0,0,0,0,-118.3125,-1,0,0,0,160,0,0,0,0,0,0,1000
2412,0,3,3000,500,1000,0,0,0,0,0,0,0,0,0,0,-117.328125,-1,0,0,0,160,0,0,0,0,0,0,1000
2413,0,4,3000,500,1000,0,0,0,0,0,0,0,0,0,0,-117.08203125,-1,0,0,0,160,0,0,0,0,0,0,1000
2414,0,5,3000,500,1000,0,0,0,0,0,0,0,0,0,0,-117.0205078125,-1,0,0,0,160,0,0,0,0,0,0,1000
2415,0,6,3000,500,1000,0,0,0,0,0,0,0,0,0,0,-117.005126953125,-1,0,0,0,160,0,0,0,0,0,0,1000
2416,0,7,3000,500,1000,0,0,0,0,0,0,0,0,0,0,-117.00128173828125,-1,0,0,0,160,0,0,0,0,0,0,1000
2417,0,8,3000,500,1000,0,0,0,0,0,0,0,0,0,0,-117.00032043457031,-1,0,0,0,160,0,0,0,0,0,0,1000
2418,0,9,3000,500,1000,0,0,0,0,0,0,0,0,0,0,-117.00007629394531,-1,0,0,0,160,0,0,0,0,0,0,1000
2419,10,1,3000,500,1000,0,0,0,0,0,0,0,0,0,0,-117.00001525878906,-1,0,0,0,160,0,0,0,0,0,0,1000
2420,10,2,3000,500,1000,0,0,0,0,0,0,0,0,0,0,-117,-1,0,0,0,160,0,0,0,0,0,0,1000
2421,10,3,3000,500,1000,0,0,0,0,0,0,0,0,0,0,-117,-1,0,0,0,160,0,0,0,0,0,0,1000
2422,10,4,3000,500,1000,0,0,0,0,0,0,0,0,0,0,-117,-1,0,0,0,160,0,0,0,0,0,0,1000
2423,10,5,3000,500,1000,0,0,0,0,0,0,0,0,0,0,-117,-1,0,0,0,160,0,0,0,0,0,0,1000
2424,10,6,3000,500,1000,0,0,0,0,0,0,0,0,0,0,-117,-1,0,0,0,160,0,0,0,0,0,0,1000
2425,1000,1,3000,500,1000,0,0,0,0,0,0,0,0,0,0,-117,-1,0,0,0,160,0,0,0,0,0,0,1000
2426,1000,2,3000,500,1000,0,0,0,0,0,0,0,0,0,0,-117,-1,0,0,0,160,0,0,0,0,0,0,1000
2427,1000,3,3000,500,1000,0,0,0,0,0,0,0,0,0,0,-117,-1,0,0,0,160,0,0,0,0,0,0,1000
2428,1000,4,3000,500,1000,0,0,0,0,0,0,0,0,0,0,-117,-1,0,0,0,160,0,0,0,0,0,0,1000
2429,1000,5,3000,500,1000,0,0,0,0,0,0,0,0,0,0,-117,-1,0,0,0,160,0,0,0,0,0,0,1000
2430,1000,6,3000,500,1000,0,0,0,0,0,0,0,0,0,0,-117,-1,0,0,0,160,0,0,0,0,0,0,1000
2431,1000,7,3000,500,1000,0,0,0,0,0,0,0,0,0,0,-117,-1,0,0,0,160,0,0,0,0,0,0,1000
2432,1000,8,3000,500,1000,0,0,0,0,0,0,0,0,0,0,-117,-1,0,0,0,160,0,0,0,0,0,0,1000
2433,1000,9,3000,500,1000,0,0,0,0,0,0,0,0,0,0,-117,-1,0,0,0,160,0,0,0,0,0,0,1000
2434,1000,10,3000,500,1000,0,0,0,0,0,0,0,0,0,0,-117,-1,0,0,0,160,0,0,0,0,0,0,1000
2435,1000,11,3000,500,1000,0,0,0,0,0,0,0,0,0,0,-117,-1,0,0,0,160,0,0,0,0,0,0,1000
2436,1000,11,4030,500,974,0,0,0,0,0,0,0,0,0,0,-117,-1,0,0,0,160,0,0,0,0,0,0,2018
2437,1000,11,4030,500,974,0,0,0,0,0,0,0,0,0,0,-117,-1,0,0,0,160,0,0,0,0,0,0,2018
2438,1000,11,4030,500,974,0,0,0,0,0,0,0,0,0,0,-117,-1,0,0,0,160,0,0,0,0,0,0,2018
2439,1000,11,4030,500,974,0,0,0,0,0,0,0,0,0,0,-117,-1,0,0,0,160,0,0,0,0,0,0,2018
2440,1000,11,4030,500,974,0,0,0,0,0,0,0,0,0,0,-117,-1,0,0,0,160,0,0,0,0,0,0,2018
2441,1000,11,4030,500,974,0,0,0,0,0,0,0,0,0,0,-117,-1,0,0,0,160,0,0,0,0,0,0,2018
2442,1000,12,4030,500,974,0,0,0,0,0,0,0,0,0,0,-116.3499984741211,-1,0,0,0,160,0,0,0,0,0,0,2018
2443,1000,13,4030,500,974,0,0,0,0,0,0,0,0,0,0,-116.3499984741211,-1,0,0,0,160,0,0,0,0,0,0,2018
2444,1000,14,4030,500,974,0,0,0,0,0,0,0,0,0,0,-116.3499984741211,-1,0,0,0,160,0,0,0,0,0,0,2018
2445,1000,15,4030,500,974,0,0,0,0,0,0,0,0,0,0,-116.3499984741211,-1,0,0,0,160,0,0,0,0,0,0,2018
2446,1000,16,4030,500,974,0,0,0,0,0,0,0,0,0,0,-116.3499984741211,-1,0,0,0,160,0,0,0,0,0,0,2018
2447,1000,17,4030,500,974,0,0,0,0,0,0,0,0,0,0,-116.3499984741211,-1,0,0,0,160,0,0,0,0,0,0,2018
2448,1000,18,4030,500,974,0,0,0,0,0,0,0,0,0,0,-116.3499984741211,-1,0,0,0,160,0,0,0,0,0,0,2018
2449,1000,19,4030,500,974,0,0,0,0,0,0,0,0,0,0,-116.3499984741211,-1,0,0,0,160,0,0,0,0,0,0,2018
2450,1000,20,4030,500,974,0,0,0,0,0,0,0,0,0,0,-116.3499984741211,-1,0,0,0,160,0,0,0,0,0,0,2018
2451,1000,21,4030,500,974,0,0,0,0,0,0,0,0,0,0,-116.3499984741211,-1,0,0,0,160,0,0,0,0,0,0,2018
2452,1000,21,5000,500,948,0,0,0,0,0,0,0,0,0,0,-116.3499984741211,-1,0,0,0,160,0,0,0,0,0,0,3036
2453,1000,21,5000,500,948,0,0,0,0,0,0,0,0,0,0,-116.3499984741211,-1,0,0,0,160,0,0,0,0,0,0,3036
2454,1000,21,5000,500,948,0,0,0,0,0,0,0,0,0,0,-116.3499984741211,-1,0,0,0,160,0,0,0,0,0,0,3036
2455,1000,21,5000,500,948,0,0,0,0,0,0,0,0,0,0,-116.3499984741211,-1,0,0,0,160,0,0,0,0,0,0,3036
2456,1000,21,5000,500,948,0,0,0,0,0,0,0,0,0,0,-116.3499984741211,-1,0,0,0,160,0,0,0,0,0,0,3036
2457,1000,21,5000,500,948,0,0,0,0,0,0,0,0,0,0,-116.3499984741211,-1,0,0,0,160,0,0,0,0,0,0,3036
2458,1000,22,5000,500,948,0,0,0,0,0,0,0,0,0,0,-115.69999694824219,-1,0,0,0,160,0,0,0,0,0,0,3036
2459,1000,23,5000,500,948,0,0,0,0,0,0,0,0,0,0,-115.69999694824219,-1,0,0,0,160,0,0,0,0,0,0,3036
2460,1000,24,5000,500,948,0,0,0,0,0,0,0,0,0,0,-115.69999694824219,-1,0,0,0,160,0,0,0,0,0,0,3036
2461,1000,25,5000,500,948,0,0,0,0,0,0,0,0,0,0,-115.69999694824219,-1,0,0,0,160,0,0,0,0,0,0,3036
2462,1000,26,5000,500,948,0,0,0,0,0,0,0,0,0,0,-115.69999694824219,-1,0,0,0,160,0,0,0,0,0,0,3036
2463,1000,27,5000,500,948,0,0,0,0,0,0,0,0,0,0,-115.69999694824219,-1,0,0,0,160,0,0,0,0,0,0,3036
2464,1000,28,5000,500,948,0,0,0,0,0,0,0,0,0,0,-115.69999694824219,-1,0,0,0,160,0,0,0,0,0,0,3036
2465,1000,29,5000,500,948,0,0,0,0,0,0,0,0,0,0,-115.69999694824219,-1,0,0,0,160,0,0,0,0,0,0,3036
2466,1000,30,5000,500,948,0,0,0,0,0,0,0,0,0,0,-115.69999694824219,-1,0,0,0,160,0,0,0,0,0,0,3036
2467,0,1,5000,500,948,0,0,0,0,0,0,0,0,0,0,-115.69999694824219,-1,0,0,0,160,0,0,0,0,0,0,3036
2468,0,2,5000,500,948,0,0,0,0,0,0,0,0,0,0,-115.69999694824219,-1,0,0,0,160,0,0,0,0,0,0,3036
2469,0,3,5000,500,948,0,0,0,0,0,0,0,0,0,0,-115.69999694824219,-1,0,0,0,160,0,0,0,0,0,0,3036
2470,0,4,5000,500,948,0,0,0,0,0,0,0,0,0,0,-115.69999694824219,-1,0,0,0,160,0,0,0,0,0,0,3036
2471,0,5,5000,500,948,0,0,0,0,0,0,0,0,0,0,-115.69999694824219,-1,0,0,0,160,0,0,0,0,0,0,3036
2472,0,6,5000,500,948,0,0,0,0,0,0,0,0,0,0,-115.69999694824219,-1,0,0,0,160,0,0,0,0,0,0,3036
2473,0,7,5000,500,948,0,0,0,0,0,0,0,0,0,0,-115.69999694824219,-1,0,0,0,160,0,0,0,0,0,0,3036
2474,0,8,5000,500,948,0,0,0,0,0,0,0,0,0,0,-115.69999694824219,-1,0,0,0,160,0,0,0,0,0,0,3036
2475,0,9,5000,500,948,0,0,0,0,0,0,0,0,0,0,-115.69999694824219,-1,0,0,0,160,0,0,0,0,0,0,3036
2476,0,10,5000,500,948,0,0,0,0,0,0,0,0,0,0,-115.69999694824219,-1,0,0,0,160,0,0,0,0,0,0,3036
2477,0,11,5000,500,948,0,0,0,0,0,0,0,0,0,0,-115.69999694824219,-1,0,0,0,160,0,0,0,0,0,0,3036
2478,0,12,5000,500,948,0,0,0,0,0,0,0,0,0,0,-115.69999694824219,-1,0,0,0,160,0,0,0,0,0,0,3036
2479,0,13,5000,500,948,0,0,0,0,0,0,0,0,0,0,-115.69999694824219,-1,0,0,0,160,0,0,0,0,0,0,3036
2480,0,14,5000,500,948,0,0,0,0,0,0,0,0,0,0,-115.69999694824219,-1,0,0,0,160,0,0,0,0,0,0,3036
2481,0,15,5000,500,948,0,0,0,0,0,0,0,0,0,0,-115.69999694824219,-1,0,0,0,160,0,0,0,0,0,0,3036
2482,0,16,5000,500,948,0,0,0,0,0,0,0,0,0,0,-115.69999694824219,-1,0,0,0,160,0,0,0,0,0,0,3036
2483,0,17,5000,500,948,0,0,0,0,0,0,0,0,0,0,-115.69999694824219,-1,0,0,0,160,0,0,0,0,0,0,3036
2484,0,18,5000,500,948,0,0,0,0,0,0,0,0,0,0,-115.69999694824219,-1,0,0,0,160,0,0,0,0,0,0,3036
2485,0,19,5000,500,948,0,0,0,0,0,0,0,0,0,0,-115.69999694824219,-1,0,0,0,160,0,0,0,0,0,0,3036
2486,0,20,5000,500,948,0,0,0,0,0,0,0,0,0,0,-115.69999694824219,-1,0,0,0,160,0,0,0,0,0,0,3036
2487,0,21,5000,500,948,0,0,0,0,0,0,0,0,0,0,-115.69999694824219,-1,0,0,0,160,0,0,0,0,0,0,3036
2488,0,22,5000,500,948,0,0,0,0,0,0,0,0,0,0,-115.69999694824219,-1,0,0,0,160,0,0,0,0,0,0,3036
2489,0,23,5000,500,948,0,0,0,0,0,0,0,0,0,0,-115.69999694824219,-1,0,0,0,160,0,0,0,0,0,0,3036
2490,0,24,5000,500,948,0,0,0,0,0,0,0,0,0,0,-115.69999694824219,-1,0,0,0,160,0,0,0,0,0,0,3036
2491,0,25,5000,500,948,0,0,0,0,0,0,0,0,0,0,-115.69999694824219,-1,0,0,0,160,0,0,0,0,0,0,3036
2492,0,26,5000,500,948,0,0,0,0,0,0,0,0,0,0,-115.69999694824219,-1,0,0,0,160,0,0,0,0,0,0,3036
2493,0,27,5000,500,948,0,0,0,0,0,0,0,0,0,0,-115.69999694824219,-1,0,0,0,160,0,0,0,0,0,0,3036
2494,0,28,5000,500,948,0,0,0,0,0,0,0,0,0,0,-115.69999694824219,-1,0,0,0,160,0,0,0,0,0,0,3036
2495,0,29,5000,500,948,0,0,0,0,0,0,0,0,0,0,-115.69999694824219,-1,0,0,0,160,0,0,0,0,0,0,3036
2496,0,30,5000,500,948,0,0,0,0,0,0,0,0,0,0,-115.69999694824219,-1,0,0,0,160,0,0,0,0,0,0,3036
2497,0,31,5000,500,948,0,0,0,0,0,0,0,0,0,0,-115.69999694824219,-1,0,0,0,160,0,0,0,0,0,0,3036
2498,0,32,5000,500,948,0,0,0,0,0,0,0,0,0,0,-115.69999694824219,-1,0,0,0,160,0,0,0,0,0,0,3036
2499,0,33,5000,500,948,0,0,0,0,0,0,0,0,0,0,-115.69999694824219,-1,0,0,0,160,0,0,0,0,0,0,3036
2500,0,34,5000,500,948,0,0,0,0,0,0,0,0,0,0,-115.69999694824219,-1,0,0,0,160,0,0,0,0,0,0,3036
2501,0,35,5000,500,948,0,0,0,0,0,0,0,0,0,0,-115.69999694824219,-1,0,0,0,160,0,0,0,0,0,0,3036
2502,0,36,5000,500,948,0,0,0,0,0,0,0,0,0,0,-115.69999694824219,-1,0,0,0,160,0,0,0,0,0,0,3036
2503,0,37,5000,500,948,0,0,0,0,0,0,0,0,0,0,-115.69999694824219,-1,0,0,0,160,0,0,0,0,0,0,3036
2504,0,38,5000,500,948,0,0,0,0,0,0,0,0,0,0,-115.69999694824219,-1,0,0,0,160,0,0,0,0,0,0,3036
2505,0,39,5000,500,948,0,0,0,0,0,0,0,0,0,0,-115.69999694824219,-1,0,0,0,160,0,0,0,0,0,0,3036
2506,0,40,5000,500,948,0,0,0,0,0,0,0,0,0,0,-115.69999694824219,-1,0,0,0,160,0,0,0,0,0,0,3036
2507,0,41,5000,500,948,0,0,0,0,0,0,0,0,0,0,-115.69999694824219,-1,0,0,0,160,0,0,0,0,0,0,3036
2508,0,42,5000,500,948,0,0,0,0,0,0,0,0,0,0,-115.69999694824219,-1,0,0,0,160,0,0,0,0,0,0,3036
2509,0,43,5000,500,948,0,0,0,0,0,0,0,0,0,0,-115.69999694824219,-1,0,0,0,160,0,0,0,0,0,0,3036
2510,0,44,5000,500,948,0,0,0,0,0,0,0,0,0,0,-115.69999694824219,-1,0,0,0,160,0,0,0,0,0,0,3036
2511,0,45,5000,500,948,0,0,0,0,0,0,0,0,0,0,-115.69999694824219,-1,0,0,0,160,0,0,0,0,0,0,3036
2512,0,46,5000,500,948,0,0,0,0,0,0,0,0,0,0,-115.69999694824219,-1,0,0,0,160,0,0,0,0,0,0,3036
2513,0,47,5000,500,948,0,0,0,0,0,0,0,0,0,0,-115.69999694824219,-1,0,0,0,160,0,0,0,0,0,0,3036
2514,0,48,5000,500,948,0,0,0,0,0,0,0,0,0,0,-115.69999694824219,-1,0,0,0,160,0,0,0,0,0,0,3036
2515,0,49,5000,500,948,0,0,0,0,0,0,0,0,0,0,-115.69999694824219,-1,0,0,0,160,0,0,0,0,0,0,3036
2516,0,50,5000,500,948,0,0,0,0,0,0,0,0,0,0,-115.69999694824219,-1,0,0,0,160,0,0,0,0,0,0,3036
2517,0,51,5000,500,948,0,0,0,0,0,0,0,0,0,0,-115.69999694824219,-1,0,0,0,160,0,0,0,0,0,0,3036
2518,0,52,5000,500,948,0,0,0,0,0,0,0,0,0,0,-115.69999694824219,-1,0,0,0,160,0,0,0,0,0,0,3036
2519,0,53,5000,500,948,0,0,0,0,0,0,0,0,0,0,-115.69999694824219,-1,0,0,0,160,0,0,0,0,0,0,3036
2520,0,54,5000,500,948,0,0,0,0,0,0,0,0,0,0,-115.69999694824219,-1,0,0,0,160,0,0,0,0,0,0,3036
2521,0,55,5000,500,948,0,0,0,0,0,0,0,0,0,0,-115.69999694824219,-1,0,0,0,160,0,0,0,0,0,0,3036
2522,0,56,5000,500,948,0,0,0,0,0,0,0,0,0,0,-115.69999694824219,-1,0,0,0,160,0,0,0,0,0,0,3036
2523,0,57,5000,500,948,0,0,0,0,0,0,0,0,0,0,-115.69999694824219,-1,0,0,0,160,0,0,0,0,0,0,3036
2524,0,58,5000,500,948,0,0,0,0,0,0,0,0,0,0,-115.69999694824219,-1,0,0,0,160,0,0,0,0,0,0,3036
2525,0,59,5000,500,948,0,0,0,0,0,0,0,0,0,0,-115.69999694824219,-1,0,0,0,160,0,0,0,0,0,0,3036
2526,0,60,5000,500,948,0,0,0,0,0,0,0,0,0,0,-115.69999694824219,-1,0,0,0,160,0,0,0,0,0,0,3036
2527,0,61,5000,500,948,0,0,0,0,0,0,0,0,0,0,-115.69999694824219,-1,0,0,0,160,0,0,0,0,0,0,3036
2528,0,62,5000,500,948,0,0,0,0,0,0,0,0,0,0,-115.69999694824219,-1,0,0,0,160,0,0,0,0,0,0,3036
2529,0,63,5000,500,948,0,0,0,0,0,0,0,0,0,0,-115.69999694824219,-1,0,0,0,160,0,0,0,0,0,0,3036
2530,0,64,5000,500,948,0,0,0,0,0,0,0,0,0,0,-115.69999694824219,-1,0,0,0,160,0,0,0,0,0,0,3036
2531,0,65,5000,500,948,0,0,0,0,0,0,0,0,0,0,-115.69999694824219,-1,0,0,0,160,0,0,0,0,0,0,3036
2532,0,66,5000,500,948,0,0,0,0,0,0,0,0,0,0,-115.69999694824219,-1,0,0,0,160,0,0,0,0,0,0,3036
2533,0,67,5000,500,948,0,0,0,0,0,0,0,0,0,0,-115.69999694824219,-1,0,0,0,160,0,0,0,0,0,0,3036
2534,0,68,5000,500,948,0,0,0,0,0,0,0,0,0,0,-115.69999694824219,-1,0,0,0,160,0,0,0,0,0,0,3036
2535,0,69,5000,500,948,0,0,0,0,0,0,0,0,0,0,-115.69999694824219,-1,0,0,0,160,0,0,0,0,0,0,3036
2536,0,70,5000,500,948,0,0,0,0,0,0,0,0,0,0,-115.69999694824219,-1,0,0,0,160,0,0,0,0,0,0,3036
2537,0,71,5000,500,948,0,0,0,0,0,0,0,0,0,0,-115.69999694824219,-1,0,0,0,160,0,0,0,0,0,0,3036
2538,0,72,5000,500,948,0,0,0,0,0,0,0,0,0,0,-115.69999694824219,-1,0,0,0,160,0,0,0,0,0,0,3036
2539,0,73,5000,500,948,0,0,0,0,0,0,0,0,0,0,-115.69999694824219,-1,0,0,0,160,0,0,0,0,0,0,3036
2540,0,74,5000,500,948,0,0,0,0,0,0,0,0,0,0,-115.69999694824219,-1,0,0,0,160,0,0,0,0,0,0,3036
2541,0,75,5000,500,948,0,0,0,0,0,0,0,0,0,0,-115.69999694824219,-1,0,0,0,160,0,0,0,0,0,0,3036
2542,0,76,5000,500,948,0,0,0,0,0,0,0,0,0,0,-115.69999694824219,-1,0,0,0,160,0,0,0,0,0,0,3036
2543,0,77,5000,500,948,0,0,0,0,0,0,0,0,0,0,-115.69999694824219,-1,0,0,0,160,0,0,0,0,0,0,3036
2544,0,78,5000,500,948,0,0,0,0,0,0,0,0,0,0,-115.69999694824219,-1,0,0,0,160,0,0,0,0,0,0,3036
2545,0,79,5000,500,948,0,0,0,0,0,0,0,0,0,0,-115.69999694824219,-1,0,0,0,160,0,0,0,0,0,0,3036
2546,0,80,5000,500,948,0,0,0,0,0,0,0,0,0,0,-115.69999694824219,-1,0,0,0,160,0,0,0,0,0,0,3036
2547,0,81,5000,500,948,0,0,0,0,0,0,0,0,0,0,-115.69999694824219,-1,0,0,0,160,0,0,0,0,0,0,3036
2548,0,82,5000,500,948,0,0,0,0,0,0,0,0,0,0,-115.69999694824219,-1,0,0,0,160,0,0,0,0,0,0,3036
2549,0,83,5000,500,948,0,0,0,0,0,0,0,0,0,0,-115.69999694824219,-1,0,0,0,160,0,0,0,0,0,0,3036
2550,0,84,5000,500,948,0,0,0,0,0,0,0,0,0,0,-115.69999694824219,-1,0,0,0,160,0,0,0,0,0,0,3036
2551,0,85,5000,500,948,0,0,0,0,0,0,0,0,0,0,-115.69999694824219,-1,0,0,0,160,0,0,0,0,0,0,3036
2552,0,86,5000,500,948,0,0,0,0,0,0,0,0,0,0,-115.69999694824219,-1,0,0,0,160,0,0,0,0,0,0,3036
2553,0,87,5000,500,948,0,0,0,0,0,0,0,0,0,0,-115.69999694824219,-1,0,0,0,160,0,0,0,0,0,0,3036
2554,0,88,5000,500,948,0,0,0,0,0,0,0,0,0,0,-115.69999694824219,-1,0,0,0,160,0,0,0,0,0,0,3036
2555,0,89,5000,500,948,0,0,0,0,0,0,0,0,0,0,-115.69999694824219,-1,0,0,0,160,0,0,0,0,0,0,3036
2556,0,90,5000,500,948,0,0,0,0,0,0,0,0,0,0,-115.69999694824219,-1,0,0,0,160,0,0,0,0,0,0,3036
2557,0,91,5000,500,948,0,0,0,0,0,0,0,0,0,0,-115.69999694824219,-1,0,0,0,160,0,0,0,0,0,0,3036
2558,0,92,5000,500,948,0,0,0,0,0,0,0,0,0,0,-115.69999694824219,-1,0,0,0,160,0,0,0,0,0,0,3036
2559,0,93,5000,500,948,0,0,0,0,0,0,0,0,0,0,-115.69999694824219,-1,0,0,0,160,0,0,0,0,0,0,3036
2560,0,94,5000,500,948,0,0,0,0,0,0,0,0,0,0,-115.69999694824219,-1,0,0,0,160,0,0,0,0,0,0,3036
2561,0,95,5000,500,948,0,0,0,0,0,0,0,0,0,0,-115.69999694824219,-1,0,0,0,160,0,0,0,0,0,0,3036
2562,0,96,5000,500,948,0,0,0,0,0,0,0,0,0,0,-115.69999694824219,-1,0,0,0,160,0,0,0,0,0,0,3036
2563,0,97,5000,500,948,0,0,0,0,0,0,0,0,0,0,-115.69999694824219,-1,0,0,0,160,0,0,0,0,0,0,3036
2564,0,98,5000,500,948,0,0,0,0,0,0,0,0,0,0,-115.69999694824219,-1,0,0,0,160,0,0,0,0,0,0,3036
2565,0,99,5000,500,948,0,0,0,0,0,0,0,0,0,0,-115.69999694824219,-1,0,0,0,160,0,0,0,0,0,0,3036
2566,0,100,5000,500,948,0,0,0,0,0,0,0,0,0,0,-115.69999694824219,-1,0,0,0,160,0,0,0,0,0,0,3036
2567,0,101,5000,500,948,0,0,0,0,0,0,0,0,0,0,-115.69999694824219,-1,0,0,0,160,0,0,0,0,0,0,3036
2568,0,102,5000,500,948,0,0,0,0,0,0,0,0,0,0,-115.69999694824219,-1,0,0,0,160,0,0,0,0,0,0,3036
2569,0,103,5000,500,948,0,0,0,0,0,0,0,0,0,0,-115.69999694824219,-1,0,0,0,160,0,0,0,0,0,0,3036
2570,0,104,5000,500,948,0,0,0,0,0,0,0,0,0,0,-115.69999694824219,-1,0,0,0,160,0,0,0,0,0,0,3036
2571,0,105,5000,500,948,0,0,0,0,0,0,0,0,0,0,-115.69999694824219,-1,0,0,0,160,0,0,0,0,0,0,3036
2572,0,106,5000,500,948,0,0,0,0,0,0,0,0,0,0,-115.69999694824219,-1,0,0,0,160,0,0,0,0,0,0,3036
2573,0,107,5000,500,948,0,0,0,0,0,0,0,0,0,0,-115.69999694824219,-1,0,0,0,160,0,0,0,0,0,0,3036
2574,0,108,5000,500,948,0,0,0,0,0,0,0,0,0,0,-115.69999694824219,-1,0,0,0,160,0,0,0,0,0,0,3036
2575,0,109,5000,500,948,0,0,0,0,0,0,0,0,0,0,-115.69999694824219,-1,0,0,0,160,0,0,0,0,0,0,3036
2576,0,110,5000,500,948,0,0,0,0,0,0,0,0,0,0,-115.69999694824219,-1,0,0,0,160,0,0,0,0,0,0,3036
2577,0,111,5000,500,948,0,0,0,0,0,0,0,0,0,0,-115.69999694824219,-1,0,0,0,160,0,0,0,0,0,0,3036
2578,0,112,5000,500,948,0,0,0,0,0,0,0,0,0,0,-115.69999694824219,-1,0,0,0,160,0,0,0,0,0,0,3036
2579,0,113,5000,500,948,0,0,0,0,0,0,0,0,0,0,-115.69999694824219,-1,0,0,0,160,0,0,0,0,0,0,3036
2580,0,114,5000,500,948,0,0,0,0,0,0,0,0,0,0,-115.69999694824219,-1,0,0,0,160,0,0,0,0,0,0,3036
2581,0,115,5000,500,948,0,0,0,0,0,0,0,0,0,0,-115.69999694824219,-1,0,0,0,160,0,0,0,0,0,0,3036
2582,0,116,5000,500,948,0,0,0,0,0,0,0,0,0,0,-115.69999694824219,-1,0,0,0,160,0,0,0,0,0,0,3036
2583,0,117,5000,500,948,0,0,0,0,0,0,0,0,0,0,-115.69999694824219,-1,0,0,0,160,0,0,0,0,0,0,3036
2584,0,118,5000,500,948,0,0,0,0,0,0,0,0,0,0,-115.69999694824219,-1,0,0,0,160,0,0,0,0,0,0,3036
2585,0,119,5000,500,948,0,0,0,0,0,0,0,0,0,0,-115.69999694824219,-1,0,0,0,160,0,0,0,0,0,0,3036
2586,0,120,5000,500,948,0,0,0,0,0,0,0,0,0,0,-115.69999694824219,-1,0,0,0,160,0,0,0,0,0,0,3036
2587,0,121,5000,500,948,0,0,0,0,0,0,0,0,0,0,-115.69999694824219,-1,0,0,0,160,0,0,0,0,0,0,3036
2588,0,122,5000,500,948,0,0,0,0,0,0,0,0,0,0,-115.69999694824219,-1,0,0,0,160,0,0,0,0,0,0,3036
2589,0,123,5000,500,948,0,0,0,0,0,0,0,0,0,0,-115.69999694824219,-1,0,0,0,160,0,0,0,0,0,0,3036
2590,0,124,5000,500,948,0,0,0,0,0,0,0,0,0,0,-115.69999694824219,-1,0,0,0,160,0,0,0,0,0,0,3036
2591,0,125,5000,500,948,0,0,0,0,0,0,0,0,0,0,-115.69999694824219,-1,0,0,0,160,0,0,0,0,0,0,3036
2592,0,126,5000,500,948,0,0,0,0,0,0,0,0,0,0,-115.69999694824219,-1,0,0,0,160,0,0,0,0,0,0,3036
2593,0,127,5000,500,948,0,0,0,0,0,0,0,0,0,0,-115.69999694824219,-1,0,0,0,160,0,0,0,0,0,0,3036
2594,0,128,5000,500,948,0,0,0,0,0,0,0,0,0,0,-115.69999694824219,-1,0,0,0,160,0,0,0,0,0,0,3036
2595,0,129,5000,500,948,0,0,0,0,0,0,0,0,0,0,-115.69999694824219,-1,0,0,0,160,0,0,0,0,0,0,3036
2596,0,130,5000,500,948,0,0,0,0,0,0,0,0,0,0,-115.69999694824219,-1,0,0,0,160,0,0,0,0,0,0,3036
2597,0,131,5000,500,948,0,0,0,0,0,0,0,0,0,0,-115.69999694824219,-1,0,0,0,160,0,0,0,0,0,0,3036
2598,0,132,5000,500,948,0,0,0,0,0,0,0,0,0,0,-115.69999694824219,-1,0,0,0,160,0,0,0,0,0,0,3036
2599,0,133,5000,500,948,0,0,0,0,0,0,0,0,0,0,-115.69999694824219,-1,0,0,0,160,0,0,0,0,0,0,3036
2600,0,134,5000,500,948,0,0,0,0,0,0,0,0,0,0,-115.69999694824219,-1,0,0,0,160,0,0,0,0,0,0,3036
2601,0,135,5000,500,948,0,0,0,0,0,0,0,0,0,0,-115.69999694824219,-1,0,0,0,160,0,0,0,0,0,0,3036
2602,0,136,5000,500,948,0,0,0,0,0,0,0,0,0,0,-115.69999694824219,-1,0,0,0,160,0,0,0,0,0,0,3036
2603,0,137,5000,500,948,0,0,0,0,0,0,0,0,0,0,-115.69999694824219,-1,0,0,0,160,0,0,0,0,0,0,3036
2604,0,138,5000,500,948,0,0,0,0,0,0,0,0,0,0,-115.69999694824219,-1,0,0,0,160,0,0,0,0,0,0,3036
2605,0,139,5000,500,948,0,0,0,0,0,0,0,0,0,0,-115.69999694824219,-1,0,0,0,160,0,0,0,0,0,0,3036
2606,0,140,5000,500,948,0,0,0,0,0,0,0,0,0,0,-115.69999694824219,-1,0,0,0,160,0,0,0,0,0,0,3036
2607,0,141,5000,500,948,0,0,0,0,0,0,0,0,0,0,-115.69999694824219,-1,0,0,0,160,0,0,0,0,0,0,3036
2608,0,142,5000,500,948,0,0,0,0,0,0,0,0,0,0,-115.69999694824219,-1,0,0,0,160,0,0,0,0,0,0,3036
2609,0,143,5000,500,948,0,0,0,0,0,0,0,0,0,0,-115.69999694824219,-1,0,0,0,160,0,0,0,0,0,0,3036
2610,0,144,5000,500,948,0,0,0,0,0,0,0,0,0,0,-115.69999694824219,-1,0,0,0,160,0,0,0,0,0,0,3036
2611,0,145,5000,500,948,0,0,0,0,0,0,0,0,0,0,-115.69999694824219,-1,0,0,0,160,0,0,0,0,0,0,3036
2612,0,146,5000,500,948,0,0,0,0,0,0,0,0,0,0,-115.69999694824219,-1,0,0,0,160,0,0,0,0,0,0,3036
2613,0,147,5000,500,948,0,0,0,0,0,0,0,0,0,0,-115.69999694824219,-1,0,0,0,160,0,0,0,0,0,0,3036
2614,0,148,5000,500,948,0,0,0,0,0,0,0,0,0,0,-115.69999694824219,-1,0,0,0,160,0,0,0,0,0,0,3036
2615,0,149,5000,500,948,0,0,0,0,0,0,0,0,0,0,-115.69999694824219,-1,0,0,0,160,0,0,0,0,0,0,3036
2616,0,150,5000,500,948,0,0,0,0,0,0,0,0,0,0,-115.69999694824219,-1,0,0,0,160,0,0,0,0,0,0,3036
2617,0,151,5000,500,948,0,0,0,0,0,0,0,0,0,0,-115.69999694824219,-1,0,0,0,160,0,0,0,0,0,0,3036
2618,0,152,5000,500,948,0,0,0,0,0,0,0,0,0,0,-115.69999694824219,-1,0,0,0,160,0,0,0,0,0,0,3036
2619,0,153,5000,500,948,0,0,0,0,0,0,0,0,0,0,-115.69999694824219,-1,0,0,0,160,0,0,0,0,0,0,3036
2620,0,154,5000,500,948,0,0,0,0,0,0,0,0,0,0,-115.69999694824219,-1,0,0,0,160,0,0,0,0,0,0,3036
2621,0,155,5000,500,948,0,0,0,0,0,0,0,0,0,0,-115.69999694824219,-1,0,0,0,160,0,0,0,0,0,0,3036
2622,0,156,5000,500,948,0,0,0,0,0,0,0,0,0,0,-115.69999694824219,-1,0,0,0,160,0,0,0,0,0,0,3036
2623,0,157,5000,500,948,0,0,0,0,0,0,0,0,0,0,-115.69999694824219,-1,0,0,0,160,0,0,0,0,0,0,3036
2624,0,158,5000,500,948,0,0,0,0,0,0,0,0,0,0,-115.69999694824219,-1,0,0,0,160,0,0,0,0,0,0,3036
2625,0,159,5000,500,948,0,0,0,0,0,0,0,0,0,0,-115.69999694824219,-1,0,0,0,160,0,0,0,0,0,0,3036
2626,0,160,5000,500,948,0,0,0,0,0,0,0,0,0,0,-115.69999694824219,-1,0,0,0,160,0,0,0,0,0,0,3036
2627,0,161,5000,500,948,0,0,0,0,0,0,0,0,0,0,-115.69999694824219,-1,0,0,0,160,0,0,0,0,0,0,3036
2628,0,162,5000,500,948,0,0,0,0,0,0,0,0,0,0,-115.69999694824219,-1,0,0,0,160,0,0,0,0,0,0,3036
2629,0,163,5000,500,948,0,0,0,0,0,0,0,0,0,0,-115.69999694824219,-1,0,0,0,160,0,0,0,0,0,0,3036
2630,0,164,5000,500,948,0,0,0,0,0,0,0,0,0,0,-115.69999694824219,-1,0,0,0,160,0,0,0,0,0,0,3036
2631,0,165,5000,500,948,0,0,0,0,0,0,0,0,0,0,-115.69999694824219,-1,0,0,0,160,0,0,0,0,0,0,3036
2632,0,166,5000,500,948,0,0,0,0,0,0,0,0,0,0,-115.69999694824219,-1,0,0,0,160,0,0,0,0,0,0,3036
2633,0,167,5000,500,948,0,0,0,0,0,0,0,0,0,0,-115.69999694824219,-1,0,0,0,160,0,0,0,0,0,0,3036
2634,0,168,5000,500,948,0,0,0,0,0,0,0,0,0,0,-115.69999694824219,-1,0,0,0,160,0,0,0,0,0,0,3036
2635,0,169,5000,500,948,0,0,0,0,0,0,0,0,0,0,-115.69999694824219,-1,0,0,0,160,0,0,0,0,0,0,3036
2636,0,170,5000,500,948,0,0,0,0,0,0,0,0,0,0,-115.69999694824219,-1,0,0,0,160,0,0,0,0,0,0,3036
2637,0,171,5000,500,948,0,0,0,0,0,0,0,0,0,0,-115.69999694824219,-1,0,0,0,160,0,0,0,0,0,0,3036
2638,0,172,5000,500,948,0,0,0,0,0,0,0,0,0,0,-115.69999694824219,-1,0,0,0,160,0,0,0,0,0,0,3036
2639,0,173,5000,500,948,0,0,0,0,0,0,0,0,0,0,-115.69999694824219,-1,0,0,0,160,0,0,0,0,0,0,3036
2640,0,174,5000,500,948,0,0,0,0,0,0,0,0,0,0,-115.69999694824219,-1,0,0,0,160,0,0,0,0,0,0,3036
2641,0,175,5000,500,948,0,0,0,0,0,0,0,0,0,0,-115.69999694824219,-1,0,0,0,160,0,0,0,0,0,0,3036
2642,0,176,5000,500,948,0,0,0,0,0,0,0,0,0,0,-115.69999694824219,-1,0,0,0,160,0,0,0,0,0,0,3036
2643,0,177,5000,500,948,0,0,0,0,0,0,0,0,0,0,-115.69999694824219,-1,0,0,0,160,0,0,0,0,0,0,3036
2644,0,178,5000,500,948,0,0,0,0,0,0,0,0,0,0,-115.69999694824219,-1,0,0,0,160,0,0,0,0,0,0,3036
2645,0,179,5000,500,948,0,0,0,0,0,0,0,0,0,0,-115.69999694824219,-1,0,0,0,160,0,0,0,0,0,0,3036
2646,0,180,5000,500,948,0,0,0,0,0,0,0,0,0,0,-115.69999694824219,-1,0,0,0,160,0,0,0,0,0,0,3036
2647,0,181,5000,500,948,0,0,0,0,0,0,0,0,0,0,-115.69999694824219,-1,0,0,0,160,0,0,0,0,0,0,3036
2648,0,182,5000,500,948,0,0,0,0,0,0,0,0,0,0,-115.69999694824219,-1,0,0,0,160,0,0,0,0,0,0,3036
2649,0,183,5000,500,948,0,0,0,0,0,0,0,0,0,0,-115.69999694824219,-1,0,0,0,160,0,0,0,0,0,0,3036
2650,0,184,5000,500,948,0,0,0,0,0,0,0,0,0,0,-115.69999694824219,-1,0,0,0,160,0,0,0,0,0,0,3036
2651,0,185,5000,500,948,0,0,0,0,0,0,0,0,0,0,-115.69999694824219,-1,0,0,0,160,0,0,0,0,0,0,3036
2652,0,186,5000,500,948,0,0,0,0,0,0,0,0,0,0,-115.69999694824219,-1,0,0,0,160,0,0,0,0,0,0,3036
2653,0,187,5000,500,948,0,0,0,0,0,0,0,0,0,0,-115.69999694824219,-1,0,0,0,160,0,0,0,0,0,0,3036
2654,0,188,5000,500,948,0,0,0,0,0,0,0,0,0,0,-115.69999694824219,-1,0,0,0,160,0,0,0,0,0,0,3036
2655,0,189,5000,500,948,0,0,0,0,0,0,0,0,0,0,-115.69999694824219,-1,0,0,0,160,0,0,0,0,0,0,3036
2656,0,190,5000,500,948,0,0,0,0,0,0,0,0,0,0,-115.69999694824219,-1,0,0,0,160,0,0,0,0,0,0,3036
2657,0,191,5000,500,948,0,0,0,0,0,0,0,0,0,0,-115.69999694824219,-1,0,0,0,160,0,0,0,0,0,0,3036
2658,0,192,5000,500,948,0,0,0,0,0,0,0,0,0,0,-115.69999694824219,-1,0,0,0,160,0,0,0,0,0,0,3036
2659,0,193,5000,500,948,0,0,0,0,0,0,0,0,0,0,-115.69999694824219,-1,0,0,0,160,0,0,0,0,0,0,3036
2660,0,194,5000,500,948,0,0,0,0,0,0,0,0,0,0,-115.69999694824219,-1,0,0,0,160,0,0,0,0,0,0,3036
2661,0,195,5000,500,948,0,0,0,0,0,0,0,0,0,0,-115.69999694824219,-1,0,0,0,160,0,0,0,0,0,0,3036
2662,0,196,5000,500,948,0,0,0,0,0,0,0,0,0,0,-115.69999694824219,-1,0,0,0,160,0,0,0,0,0,0,3036
2663,0,197,5000,500,948,0,0,0,0,0,0,0,0,0,0,-115.69999694824219,-1,0,0,0,160,0,0,0,0,0,0,3036
2664,0,198,5000,500,948,0,0,0,0,0,0,0,0,0,0,-115.69999694824219,-1,0,0,0,160,0,0,0,0,0,0,3036
2665,0,199,5000,500,948,0,0,0,0,0,0,0,0,0,0,-115.69999694824219,-1,0,0,0,160,0,0,0,0,0,0,3036
2666,0,200,5000,500,948,0,0,0,0,0,0,0,0,0,0,-115.69999694824219,-1,0,0,0,160,0,0,0,0,0,0,3036
2667,0,201,5000,500,948,0,0,0,0,0,0,0,0,0,0,-115.69999694824219,-1,0,0,0,160,0,0,0,0,0,0,3036
2668,0,202,5000,500,948,0,0,0,0,0,0,0,0,0,0,-115.69999694824219,-1,0,0,0,160,0,0,0,0,0,0,3036
2669,0,203,5000,500,948,0,0,0,0,0,0,0,0,0,0,-115.69999694824219,-1,0,0,0,160,0,0,0,0,0,0,3036
2670,0,204,5000,500,948,0,0,0,0,0,0,0,0,0,0,-115.69999694824219,-1,0,0,0,160,0,0,0,0,0,0,3036
2671,0,205,5000,500,948,0,0,0,0,0,0,0,0,0,0,-115.69999694824219,-1,0,0,0,160,0,0,0,0,0,0,3036
2672,0,206,5000,500,948,0,0,0,0,0,0,0,0,0,0,-115.69999694824219,-1,0,0,0,160,0,0,0,0,0,0,3036
2673,0,207,5000,500,948,0,0,0,0,0,0,0,0,0,0,-115.69999694824219,-1,0,0,0,160,0,0,0,0,0,0,3036
2674,0,208,5000,500,948,0,0,0,0,0,0,0,0,0,0,-115.69999694824219,-1,0,0,0,160,0,0,0,0,0,0,3036
2675,0,209,5000,500,948,0,0,0,0,0,0,0,0,0,0,-115.69999694824219,-1,0,0,0,160,0,0,0,0,0,0,3036
2676,0,210,5000,500,948,0,0,0,0,0,0,0,0,0,0,-115.69999694824219,-1,0,0,0,160,0,0,0,0,0,0,3036
2677,0,211,5000,500,948,0,0,0,0,0,0,0,0,0,0,-115.69999694824219,-1,0,0,0,160,0,0,0,0,0,0,3036
2678,0,212,5000,500,948,0,0,0,0,0,0,0,0,0,0,-115.69999694824219,-1,0,0,0,160,0,0,0,0,0,0,3036
2679,0,213,5000,500,948,0,0,0,0,0,0,0,0,0,0,-115.69999694824219,-1,0,0,0,160,0,0,0,0,0,0,3036
2680,0,214,5000,500,948,0,0,0,0,0,0,0,0,0,0,-115.69999694824219,-1,0,0,0,160,0,0,0,0,0,0,3036
2681,0,215,5000,500,948,0,0,0,0,0,0,0,0,0,0,-115.69999694824219,-1,0,0,0,160,0,0,0,0,0,0,3036
2682,0,216,5000,500,948,0,0,0,0,0,0,0,0,0,0,-115.69999694824219,-1,0,0,0,160,0,0,0,0,0,0,3036
2683,0,217,5000,500,948,0,0,0,0,0,0,0,0,0,0,-115.69999694824219,-1,0,0,0,160,0,0,0,0,0,0,3036
2684,0,218,5000,500,948,0,0,0,0,0,0,0,0,0,0,-115.69999694824219,-1,0,0,0,160,0,0,0,0,0,0,3036
2685,0,219,5000,500,948,0,0,0,0,0,0,0,0,0,0,-115.69999694824219,-1,0,0,0,160,0,0,0,0,0,0,3036
2686,0,220,5000,500,948,0,0,0,0,0,0,0,0,0,0,-115.69999694824219,-1,0,0,0,160,0,0,0,0,0,0,3036
2687,0,221,5000,500,948,0,0,0,0,0,0,0,0,0,0,-115.69999694824219,-1,0,0,0,160,0,0,0,0,0,0,3036
2688,0,222,5000,500,948,0,0,0,0,0,0,0,0,0,0,-115.69999694824219,-1,0,0,0,160,0,0,0,0,0,0,3036
2689,0,223,5000,500,948,0,0,0,0,0,0,0,0,0,0,-115.69999694824219,-1,0,0,0,160,0,0,0,0,0,0,3036
2690,0,224,5000,500,948,0,0,0,0,0,0,0,0,0,0,-115.69999694824219,-1,0,0,0,160,0,0,0,0,0,0,3036
2691,0,225,5000,500,948,0,0,0,0,0,0,0,0,0,0,-115.69999694824219,-1,0,0,0,160,0,0,0,0,0,0,3036
2692,0,226,5000,500,948,0,0,0,0,0,0,0,0,0,0,-115.69999694824219,-1,0,0,0,160,0,0,0,0,0,0,3036
2693,0,227,5000,500,948,0,0,0,0,0,0,0,0,0,0,-115.69999694824219,-1,0,0,0,160,0,0,0,0,0,0,3036
2694,0,228,5000,500,948,0,0,0,0,0,0,0,0,0,0,-115.69999694824219,-1,0,0,0,160,0,0,0,0,0,0,3036
2695,0,229,5000,500,948,0,0,0,0,0,0,0,0,0,0,-115.69999694824219,-1,0,0,0,160,0,0,0,0,0,0,3036
2696,0,230,5000,500,948,0,0,0,0,0,0,0,0,0,0,-115.69999694824219,-1,0,0,0,160,0,0,0,0,0,0,3036
2697,0,231,5000,500,948,0,0,0,0,0,0,0,0,0,0,-115.69999694824219,-1,0,0,0,160,0,0,0,0,0,0,3036
2698,0,232,5000,500,948,0,0,0,0,0,0,0,0,0,0,-115.69999694824219,-1,0,0,0,160,0,0,0,0,0,0,3036
2699,0,233,5000,500,948,0,0,0,0,0,0,0,0,0,0,-115.69999694824219,-1,0,0,0,160,0,0,0,0,0,0,3036
2700,0,234,5000,500,948,0,0,0,0,0,0,0,0,0,0,-115.69999694824219,-1,0,0,0,160,0,0,0,0,0,0,3036
2701,0,235,5000,500,948,0,0,0,0,0,0,0,0,0,0,-115.69999694824219,-1,0,0,0,160,0,0,0,0,0,0,3036
2702,0,236,5000,500,948,0,0,0,0,0,0,0,0,0,0,-115.69999694824219,-1,0,0,0,160,0,0,0,0,0,0,3036
2703,0,237,5000,500,948,0,0,0,0,0,0,0,0,0,0,-115.69999694824219,-1,0,0,0,160,0,0,0,0,0,0,3036
2704,0,238,5000,500,948,0,0,0,0,0,0,0,0,0,0,-115.69999694824219,-1,0,0,0,160,0,0,0,0,0,0,3036
2705,0,239,5000,500,948,0,0,0,0,0,0,0,0,0,0,-115.69999694824219,-1,0,0,0,160,0,0,0,0,0,0,3036
2706,0,240,5000,500,948,0,0,0,0,0,0,0,0,0,0,-115.69999694824219,-1,0,0,0,160,0,0,0,0,0,0,3036
2707,0,241,5000,500,948,0,0,0,0,0,0,0,0,0,0,-115.69999694824219,-1,0,0,0,160,0,0,0,0,0,0,3036
2708,0,242,5000,500,948,0,0,0,0,0,0,0,0,0,0,-115.69999694824219,-1,0,0,0,160,0,0,0,0,0,0,3036
2709,0,243,5000,500,948,0,0,0,0,0,0,0,0,0,0,-115.69999694824219,-1,0,0,0,160,0,0,0,0,0,0,3036
2710,0,1,3000,500,1000,0,0,0,0,0,0,0,0,0,0,-121.5,-1,0,0,0,160,0,0,0,0,0,0,1000
2711,0,2,3000,500,1000,0,0,0,0,0,0,0,0,0,0,-118.125,-1,0,0,0,160,0,0,0,0,0,0,1000
2712,0,3,3000,500,1000,0,0,0,0,0,0,0,0,0,0,-117.28125,-1,0,0,0,160,0,0,0,0,0,0,1000
2713,0,4,3000,500,1000,0,0,0,0,0,0,0,0,0,0,-117.0703125,-1,0,0,0,160,0,0,0,0,0,0,1000
2714,0,5,3000,500,1000,0,0,0,0,0,0,0,0,0,0,-117.017578125,-1,0,0,0,160,0,0,0,0,0,0,1000
2715,0,6,3000,500,1000,0,0,0,0,0,0,0,0,0,0,-117.00439453125,-1,0,0,0,160,0,0,0,0,0,0,1000
2716,0,7,3000,500,1000,0,0,0,0,0,0,0,0,0,0,-117.0010986328125,-1,0,0,0,160,0,0,0,0,0,0,1000
2717,0,8,3000,500,1000,0,0,0,0,0,0,0,0,0,0,-117.00027465820312,-1,0,0,0,160,0,0,0,0,0,0,1000
2718,0,9,3000,500,1000,0,0,0,0,0,0,0,0,0,0,-117.00006866455078,-1,0,0,0,160,0,0,0,0,0,0,1000
2719,20,1,3000,500,1000,0,0,0,0,0,0,0,0,0,0,-117.53752136230469,-1,0,0,0,160,0,0,0,0,0,0,1000
2720,20,2,3000,500,1000,0,0,0,0,0,0,0,0,0,0,-117.671875,-1,0,0,0,160,0,0,0,0,0,0,1000
2721,20,3,3000,500,1000,0,0,0,0,0,0,0,0,0,0,-117.70547485351562,-1,0,0,0,160,0,0,0,0,0,0,1000
2722,10,1,3000,500,1000,0,0,0,0,0,0,0,0,0,0,-117.1763687133789,-1,0,0,0,160,0,0,0,0,0,0,1000
2723,10,2,3000,500,1000,0,0,0,0,0,0,0,0,0,0,-117.0440902709961,-1,0,0,0,160,0,0,0,0,0,0,1000
2724,10,3,3000,500,1000,0,0,0,0,0,0,0,0,0,0,-117.01102447509766,-1,0,0,0,160,0,0,0,0,0,0,1000
2725,1010,1,3000,500,1000,0,0,0,0,0,0,0,0,0,0,-117.00275421142578,-1,0,0,0,160,0,0,0,0,0,0,1000
2726,1010,2,3000,500,1000,0,0,0,0,0,0,0,0,0,0,-117.00068664550781,-1,0,0,0,160,0,0,0,0,0,0,1000
2727,1010,3,3000,500,1000,0,0,0,0,0,0,0,0,0,0,-117.00016784667969,-1,0,0,0,160,0,0,0,0,0,0,1000
2728,1010,4,3000,500,1000,0,0,0,0,0,0,0,0,0,0,-119.00016784667969,-1,0,0,0,160,0,0,0,0,-5.199999809265137,0,1000
2729,1010,5,3000,500,1000,0,0,0,0,0,0,0,0,0,0,-120.25004577636719,-1,0,0,0,160,0,0,0,0,-9.899999618530273,0,1000
2730,1010,6,3000,500,1000,0,0,0,0,0,0,0,0,0,0,-120.56251525878906,-1,0,0,0,160,0,0,0,0,-14.09999942779541,0,1000
2731,1010,7,3000,500,1000,0,0,0,0,0,0,0,0,0,0,-120.640625,-1,0,0,0,160,0,0,0,0,-17.799999237060547,0,1000
2732,1010,8,3000,500,1000,0,0,0,0,0,0,0,0,0,0,-120.66015625,-1,0,0,0,160,0,0,0,0,-21,0,1000
2733,1010,9,3000,500,1000,0,0,0,0,0,0,0,0,0,0,-120.6650390625,-1,0,0,0,160,0,0,0,0,-23.700000762939453,0,1000
2734,1010,9,4030,500,933,0,0,0,0,0,0,0,0,0,0,-120.6650390625,-1,0,0,0,160,0,0,0,0,-23.700000762939453,0,2018
2735,1010,9,4030,500,933,0,0,0,0,0,0,0,0,0,0,-120.6650390625,-1,0,0,0,160,0,0,0,0,-23.700000762939453,0,2018
2736,1010,9,4030,500,933,0,0,0,0,0,0,0,0,0,0,-120.6650390625,-1,0,0,0,160,0,0,0,0,-23.700000762939453,0,2018
2737,1010,9,4030,500,933,0,0,0,0,0,0,0,0,0,0,-120.6650390625,-1,0,0,0,160,0,0,0,0,-23.700000762939453,0,2018
2738,1010,9,4030,500,933,0,0,0,0,0,0,0,0,0,0,-120.6650390625,-1,0,0,0,160,0,0,0,0,-23.700000762939453,0,2018
2739,1010,9,4030,500,933,0,0,0,0,0,0,0,0,0,0,-120.6650390625,-1,0,0,0,160,0,0,0,0,-23.700000762939453,0,2018
2740,1010,10,4030,500,933,0,0,0,0,0,0,0,0,0,0,-117.46504211425781,-1,0,0,0,160,0,0,0,0,-25.900001525878906,0,2018
2741,1010,11,4030,500,933,0,0,0,0,0,0,0,0,0,0,-115.82504272460938,-1,0,0,0,160,0,0,0,0,-27.60000228881836,0,2018
2742,1010,12,4030,500,933,0,0,0,0,0,0,0,0,0,0,-115.27703857421875,-1,0,0,0,160,0,0,0,0,-28.800003051757812,0,2018
2743,1010,13,4030,500,933,0,0,0,0,0,0,0,0,0,0,-111.49343872070312,-1,0,0,0,160,0,0,0,0,-29.500003814697266,0,2018
2744,1010,14,4030,500,933,0,0,0,0,0,0,0,0,0,0,-108.24491882324219,-1,0,0,0,156,0,0,0,0,-29.70000457763672,0,2018
2745,1010,15,4030,500,933,0,0,0,0,0,0,0,0,0,0,-106.24491882324219,-1,0,0,0,152,0,0,0,0,-29.400005340576172,0,2018
2746,1010,16,4030,500,933,0,0,0,0,0,0,0,0,0,0,-104.24491882324219,-1,0,0,0,148,0,0,0,0,-28.600006103515625,0,2018
2747,1010,17,4030,500,933,0,0,0,0,0,0,0,0,0,0,-102.24491882324219,-1,0,0,0,144,0,0,0,0,-27.300006866455078,0,2018
2748,1010,18,4030,500,933,0,0,0,0,0,0,0,0,0,0,-100.24491882324219,-1,0,0,0,140,0,0,0,0,-25.50000762939453,0,2018
2749,1010,19,4030,500,933,0,0,0,0,0,0,0,0,0,0,-98.24491882324219,-1,0,0,0,136,0,0,0,0,-23.200008392333984,0,2018
2750,1010,20,4030,500,933,0,0,0,0,0,0,0,0,0,0,-96.24491882324219,-1,0,0,0,132,0,0,0,0,-20.400009155273438,0,2018
2751,1010,21,4030,500,933,0,0,0,0,0,0,0,0,0,0,-94.24491882324219,-1,0,0,0,128,0,0,0,0,-17.10000991821289,0,2018
2752,1010,22,4030,500,933,0,0,0,0,0,0,0,0,0,0,-92.24491882324219,-1,0,0,0,124,0,0,0,0,-13.300009727478027,0,2018
2753,1010,23,4030,500,933,0,0,0,0,0,0,0,0,0,0,-90.24491882324219,-1,0,0,0,120,0,0,0,0,-9.000009536743164,0,2018
2754,1010,24,4030,500,933,0,0,0,0,0,0,0,0,0,0,-88.24491882324219,-1,0,0,0,116,0,0,0,0,-4.200009346008301,0,2018
2755,1010,25,4030,500,933,0,0,0,0,0,0,0,0,0,0,-86.24491882324219,-1,0,0,0,112,0,0,0,0,1.0999908447265625,0,2018
2756,1010,26,4030,500,933,0,0,0,0,0,0,0,0,0,0,-84.24491882324219,-1,0,0,0,108,0,0,0,0,6.899991035461426,0,2018
2757,1010,27,4030,500,933,0,0,0,0,0,0,0,0,0,0,-80.24491882324219,-1,0,0,0,104,0,0,0,0,0,0,2018
2758,1010,28,4030,500,933,0,0,0,0,0,0,0,0,0,0,-76.24491882324219,-1,0,0,0,100,0,0,0,0,0,0,2018
2759,1010,29,4030,500,933,0,0,0,0,0,0,0,0,0,0,-72.24491882324219,-1,0,0,0,96,0,0,0,0,0,0,2018
2760,1010,30,4030,500,933,0,0,0,0,0,0,0,0,0,0,-68.24491882324219,-1,0,0,0,92,0,0,0,0,0,0,2018
2761,1010,31,4030,500,933,0,0,0,0,0,0,0,0,0,0,-64.24491882324219,-1,0,0,0,88,0,0,0,0,0,0,2018
2762,1010,32,4030,500,933,0,0,0,0,0,0,0,0,0,0,-60.24491882324219,-1,0,0,0,84,0,0,0,0,0,0,2018
2763,1010,33,4030,500,933,0,0,0,0,0,0,0,0,0,0,-56.24491882324219,-1,0,0,0,80,0,0,0,0,0,0,2018
2764,1010,34,4030,500,933,0,0,0,0,0,0,0,0,0,0,-52.24491882324219,-1,0,0,0,76,0,0,0,0,0,0,2018
2765,1010,35,4030,500,933,0,0,0,0,0,0,0,0,0,0,-48.24491882324219,-1,0,0,0,72,0,0,0,0,0,0,2018
2766,1010,36,4030,500,933,0,0,0,0,0,0,0,0,0,0,-44.24491882324219,-1,0,0,0,68,0,0,0,0,0,0,2018
2767,1010,37,4030,500,933,0,0,0,0,0,0,0,0,0,0,-40.24491882324219,-1,0,0,0,64,0,0,0,0,0,0,2018
2768,1010,38,4030,500,933,0,0,0,0,0,0,0,0,0,0,-36.24491882324219,-1,0,0,0,60,0,0,0,0,0,0,2018
2769,0,1,4030,500,933,0,0,0,0,0,0,0,0,0,0,-32.24491882324219,-1,0,0,0,56,0,0,0,0,0,0,2018
2770,0,2,4030,500,933,0,0,0,0,0,0,0,0,0,0,-28.244918823242188,-1,0,0,0,52,0,0,0,0,0,0,2018
2771,0,3,4030,500,933,0,0,0,0,0,0,0,0,0,0,-24.244918823242188,-1,0,0,0,48,0,0,0,0,0,0,2018
2772,0,4,4030,500,933,0,0,0,0,0,0,0,0,0,0,-20.244918823242188,-1,0,0,0,44,0,0,0,0,0,0,2018
2773,0,5,4030,500,933,0,0,0,0,0,0,0,0,0,0,-16.244918823242188,-1,0,0,0,40,0,0,0,0,0,0,2018
2774,0,6,4030,500,933,0,0,0,0,0,0,0,0,0,0,-12.244918823242188,-1,0,0,0,36,0,0,0,0,0,0,2018
2775,0,7,4030,500,933,0,0,0,0,0,0,0,0,0,0,-8.244918823242188,-1,0,0,0,32,0,0,0,0,0,0,2018
2776,0,8,4030,500,933,0,0,0,0,0,0,0,0,0,0,-4.2449188232421875,-1,0,0,0,28,0,0,0,0,0,0,2018
2777,0,9,4030,500,933,0,0,0,0,0,0,0,0,0,0,-0.2449188232421875,-1,0,0,0,24,0,0,0,0,0,0,2018
2778,0,10,4030,500,933,0,0,0,0,0,0,0,0,0,0,3.7550811767578125,-1,0,0,0,20,0,0,0,0,0,0,2018
2779,0,11,4030,500,933,0,0,0,0,0,0,0,0,0,0,7.7550811767578125,-1,0,0,0,16,0,0,0,0,0,0,2018
2780,0,12,4030,500,933,0,0,0,0,0,0,0,0,0,0,11.755081176757812,-1,0,0,0,12,0,0,0,0,0,0,2018
2781,0,13,4030,500,933,0,0,0,0,0,0,0,0,0,0,15.755081176757812,-1,0,0,0,8,0,0,0,0,0,0,2018
2782,0,14,4030,500,933,0,0,0,0,0,0,0,0,0,0,19.755081176757812,-1,0,0,0,4,0,0,0,0,0,0,2018
2783,0,15,4030,500,933,0,0,0,0,0,0,0,0,0,0,23.755081176757812,-1,0,0,0,0,0,0,0,0,0,0,2018
2784,0,16,4030,500,933,0,0,0,0,0,0,0,0,0,0,27.755081176757812,-1,0,0,0,-4,0,0,0,0,0,0,2018
2785,0,17,4030,500,933,0,0,0,0,0,0,0,0,0,0,31.755081176757812,-1,0,0,0,-8,0,0,0,0,0,0,2018
2786,0,18,4030,500,933,0,0,0,0,0,0,0,0,0,0,35.75508117675781,-1,0,0,0,-12,0,0,0,0,0,0,2018
2787,0,19,4030,500,933,0,0,0,0,0,0,0,0,0,0,39.75508117675781,-1,0,0,0,-16,0,0,0,0,0,0,2018
2788,0,20,4030,500,933,0,0,0,0,0,0,0,0,0,0,39.75508117675781,-1,0,0,0,-20,0,0,0,0,0,0,2018
2789,0,21,4030,500,933,0,0,0,0,0,0,0,0,0,0,39.75508117675781,-1,0,0,0,-20,0,0,0,0,0,0,2018
2790,0,22,4030,500,933,0,0,0,0,0,0,0,0,0,0,39.75508117675781,-1,0,0,0,-20,0,0,0,0,0,0,2018
2791,0,23,4030,500,933,0,0,0,0,0,0,0,0,0,0,39.75508117675781,-1,0,0,0,-20,0,0,0,0,0,0,2018
2792,0,24,4030,500,933,0,0,0,0,0,0,0,0,0,0,39.75508117675781,-1,0,0,0,-20,0,0,0,0,0,0,2018
2793,0,25,4030,500,933,0,0,0,0,0,0,0,0,0,0,39.75508117675781,-1,0,0,0,-20,0,0,0,0,0,0,2018
2794,0,26,4030,500,933,0,0,0,0,0,0,0,0,0,0,39.75508117675781,-1,0,0,0,-20,0,0,0,0,0,0,2018
2795,0,27,4030,500,933,0,0,0,0,0,0,0,0,0,0,39.75508117675781,-1,0,0,0,-20,0,0,0,0,0,0,2018
2796,0,28,4030,500,933,0,0,0,0,0,0,0,0,0,0,42.75508117675781,-1,0,0,0,-20,0,0,0,0,0,0,2018
2797,0,29,4030,500,933,0,0,0,0,0,0,0,0,0,0,45.75508117675781,-1,0,0,0,-23,0,0,0,0,0,0,2018
2798,0,30,4030,500,933,0,0,0,0,0,0,0,0,0,0,48.75508117675781,-1,0,0,0,-26,0,0,0,0,0,0,2018
2799,0,31,4030,500,933,0,0,0,0,0,0,0,0,0,0,51.75508117675781,-1,0,0,0,-29,0,0,0,0,0,0,2018
2800,0,32,4030,500,933,0,0,0,0,0,0,0,0,0,0,54.75508117675781,-1,0,0,0,-32,0,0,0,0,0,0,2018
2801,0,33,4030,500,933,0,0,0,0,0,0,0,0,0,0,57.75508117675781,-1,0,0,0,-35,0,0,0,0,0,0,2018
2802,0,34,4030,500,933,0,0,0,0,0,0,0,0,0,0,60.75508117675781,-1,0,0,0,-38,0,0,0,0,0,0,2018
2803,0,35,4030,500,933,0,0,0,0,0,0,0,0,0,0,63.75508117675781,-1,0,0,0,-41,0,0,0,0,0,0,2018
2804,0,36,4030,500,933,0,0,0,0,0,0,0,0,0,0,66.75508117675781,-1,0,0,0,-44,0,0,0,0,0,0,2018
2805,0,37,4030,500,933,0,0,0,0,0,0,0,0,0,0,69.75508117675781,-1,0,0,0,-47,0,0,0,0,0,0,2018
2806,0,38,4030,500,933,0,0,0,0,0,0,0,0,0,0,72.75508117675781,-1,0,0,0,-50,0,0,0,0,0,0,2018
2807,0,39,4030,500,933,0,0,0,0,0,0,0,0,0,0,75.75508117675781,-1,0,0,0,-53,0,0,0,0,0,0,2018
2808,0,40,4030,500,933,0,0,0,0,0,0,0,0,0,0,78.75508117675781,-1,0,0,0,-56,0,0,0,0,0,0,2018
2809,0,41,4030,500,933,0,0,0,0,0,0,0,0,0,0,81.75508117675781,-1,0,0,0,-59,0,0,0,0,0,0,2018
2810,0,42,4030,500,933,0,0,0,0,0,0,0,0,0,0,84.75508117675781,-1,0,0,0,-62,0,0,0,0,0,0,2018
2811,0,43,4030,500,933,0,0,0,0,0,0,0,0,0,0,87.75508117675781,-1,0,0,0,-65,0,0,0,0,0,0,2018
2812,0,44,4030,500,933,0,0,0,0,0,0,0,0,0,0,90.75508117675781,-1,0,0,0,-68,0,0,0,0,0,0,2018
2813,0,45,4030,500,933,0,0,0,0,0,0,0,0,0,0,93.75508117675781,-1,0,0,0,-71,0,0,0,0,0,0,2018
2814,0,46,4030,500,933,0,0,0,0,0,0,0,0,0,0,96.75508117675781,-1,0,0,0,-74,0,0,0,0,0,0,2018
2815,0,47,4030,500,933,0,0,0,0,0,0,0,0,0,0,99.75508117675781,-1,0,0,0,-77,0,0,0,0,0,0,2018
2816,0,48,4030,500,933,0,0,0,0,0,0,0,0,0,0,102.25508117675781,-1,0,0,0,-80,0,0,0,0,0,0,2018
2817,0,49,4030,500,933,0,0,0,0,0,0,0,0,0,0,104.50508117675781,-1,0,0,0,-82.5,0,0,0,0,0,0,2018
2818,0,50,4030,500,933,0,0,0,0,0,0,0,0,0,0,106.25508117675781,-1,0,0,0,-84.75,0,0,0,0,0,0,2018
2819,0,51,4030,500,933,0,0,0,0,0,0,0,0,0,0,107.75508117675781,-1,0,0,0,-86.5,0,0,0,0,0,0,2018
2820,0,52,4030,500,933,0,0,0,0,0,0,0,0,0,0,109.00508117675781,-1,0,0,0,-88,0,0,0,0,0,0,2018
2821,0,53,4030,500,933,0,0,0,0,0,0,0,0,0,0,110.25508117675781,-1,0,0,0,-89.25,0,0,0,0,0,0,2018
2822,0,54,4030,500,933,0,0,0,0,0,0,0,0,0,0,111.25508117675781,-1,0,0,0,-90.5,0,0,0,0,0,0,2018
2823,0,55,4030,500,933,0,0,0,0,0,0,0,0,0,0,112.00508117675781,-1,0,0,0,-91.5,0,0,0,0,0,0,2018
2824,0,56,4030,500,933,0,0,0,0,0,0,0,0,0,0,112.75508117675781,-1,0,0,0,-92.25,0,0,0,0,0,0,2018
2825,0,57,4030,500,933,0,0,0,0,0,0,0,0,0,0,113.25508117675781,-1,0,0,0,-93,0,0,0,0,0,0,2018
2826,0,58,4030,500,933,0,0,0,0,0,0,0,0,0,0,113.75508117675781,-1,0,0,0,-93.5,0,0,0,0,0,0,2018
2827,0,59,4030,500,933,0,0,0,0,0,0,0,0,0,0,114.25508117675781,-1,0,0,0,-94,0,0,0,0,0,0,2018
2828,0,60,4030,500,933,0,0,0,0,0,0,0,0,0,0,114.75508117675781,-1,0,0,0,-94.5,0,0,0,0,0,0,2018
2829,0,61,4030,500,933,0,0,0,0,0,0,0,0,0,0,115.00508117675781,-1,0,0,0,-95,0,0,0,0,0,0,2018
2830,0,62,4030,500,933,0,0,0,0,0,0,0,0,0,0,115.25508117675781,-1,0,0,0,-95.25,0,0,0,0,0,0,2018
2831,0,63,4030,500,933,0,0,0,0,0,0,0,0,0,0,115.50508117675781,-1,0,0,0,-95.5,0,0,0,0,0,0,2018
2832,0,64,4030,500,933,0,0,0,0,0,0,0,0,0,0,115.75508117675781,-1,0,0,0,-95.75,0,0,0,0,0,0,2018
2833,0,65,4030,500,933,0,0,0,0,0,0,0,0,0,0,116.00508117675781,-1,0,0,0,-96,0,0,0,0,0,0,2018
2834,0,66,4030,500,933,0,0,0,0,0,0,0,0,0,0,116.25508117675781,-1,0,0,0,-96.25,0,0,0,0,0,0,2018
2835,0,67,4030,500,933,0,0,0,0,0,0,0,0,0,0,116.50508117675781,-1,0,0,0,-96.5,0,0,0,0,0,0,2018
2836,0,68,4030,500,933,0,0,0,0,0,0,0,0,0,0,116.50508117675781,-1,0,0,0,-96.75,0,0,0,0,0,0,2018
2837,0,69,4030,500,933,0,0,0,0,0,0,0,0,0,0,116.50508117675781,-1,0,0,0,-96.75,0,0,0,0,0,0,2018
2838,0,70,4030,500,933,0,0,0,0,0,0,0,0,0,0,116.50508117675781,-1,0,0,0,-96.75,0,0,0,0,0,0,2018
2839,0,71,4030,500,933,0,0,0,0,0,0,0,0,0,0,116.50508117675781,-1,0,0,0,-96.75,0,0,0,0,0,0,2018
2840,0,72,4030,500,933,0,0,0,0,0,0,0,0,0,0,116.50508117675781,-1,0,0,0,-96.75,0,0,0,0,0,0,2018
2841,0,73,4030,500,933,0,0,0,0,0,0,0,0,0,0,116.50508117675781,-1,0,0,0,-96.75,0,0,0,0,0,0,2018
2842,0,74,4030,500,933,0,0,0,0,0,0,0,0,0,0,116.50508117675781,-1,0,0,0,-96.75,0,0,0,0,0,0,2018
2843,0,75,4030,500,933,0,0,0,0,0,0,0,0,0,0,116.50508117675781,-1,0,0,0,-96.75,0,0,0,0,0,0,2018
2844,0,76,4030,500,933,0,0,0,0,0,0,0,0,0,0,116.50508117675781,-1,0,0,0,-96.75,0,0,0,0,0,0,2018
2845,0,77,4030,500,933,0,0,0,0,0,0,0,0,0,0,116.50508117675781,-1,0,0,0,-96.75,0,0,0,0,0,0,2018
2846,0,78,4030,500,933,0,0,0,0,0,0,0,0,0,0,116.50508117675781,-1,0,0,0,-96.75,0,0,0,0,0,0,2018
2847,0,79,4030,500,933,0,0,0,0,0,0,0,0,0,0,116.50508117675781,-1,0,0,0,-96.75,0,0,0,0,0,0,2018
2848,0,80,4030,500,933,0,0,0,0,0,0,0,0,0,0,116.50508117675781,-1,0,0,0,-96.75,0,0,0,0,0,0,2018
2849,0,81,4030,500,933,0,0,0,0,0,0,0,0,0,0,116.50508117675781,-1,0,0,0,-96.75,0,0,0,0,0,0,2018
2850,0,82,4030,500,933,0,0,0,0,0,0,0,0,0,0,116.50508117675781,-1,0,0,0,-96.75,0,0,0,0,0,0,2018
2851,0,83,4030,500,933,0,0,0,0,0,0,0,0,0,0,116.50508117675781,-1,0,0,0,-96.75,0,0,0,0,0,0,2018
2852,0,84,4030,500,933,0,0,0,0,0,0,0,0,0,0,116.50508117675781,-1,0,0,0,-96.75,0,0,0,0,0,0,2018
2853,0,85,4030,500,933,0,0,0,0,0,0,0,0,0,0,116.50508117675781,-1,0,0,0,-96.75,0,0,0,0,0,0,2018
2854,0,86,4030,500,933,0,0,0,0,0,0,0,0,0,0,116.50508117675781,-1,0,0,0,-96.75,0,0,0,0,0,0,2018
2855,0,87,4030,500,933,0,0,0,0,0,0,0,0,0,0,116.50508117675781,-1,0,0,0,-96.75,0,0,0,0,0,0,2018
2856,0,88,4030,500,933,0,0,0,0,0,0,0,0,0,0,116.50508117675781,-1,0,0,0,-96.75,0,0,0,0,0,0,2018
2857,0,89,4030,500,933,0,0,0,0,0,0,0,0,0,0,116.50508117675781,-1,0,0,0,-96.75,0,0,0,0,0,0,2018
2858,0,90,4030,500,933,0,0,0,0,0,0,0,0,0,0,116.50508117675781,-1,0,0,0,-96.75,0,0,0,0,0,0,2018
2859,0,91,4030,500,933,0,0,0,0,0,0,0,0,0,0,116.50508117675781,-1,0,0,0,-96.75,0,0,0,0,0,0,2018
2860,0,92,4030,500,933,0,0,0,0,0,0,0,0,0,0,116.50508117675781,-1,0,0,0,-96.75,0,0,0,0,0,0,2018
2861,0,93,4030,500,933,0,0,0,0,0,0,0,0,0,0,116.50508117675781,-1,0,0,0,-96.75,0,0,0,0,0,0,2018
2862,0,94,4030,500,933,0,0,0,0,0,0,0,0,0,0,116.50508117675781,-1,0,0,0,-96.75,0,0,0,0,0,0,2018
2863,0,95,4030,500,933,0,0,0,0,0,0,0,0,0,0,116.50508117675781,-1,0,0,0,-96.75,0,0,0,0,0,0,2018
2864,0,96,4030,500,933,0,0,0,0,0,0,0,0,0,0,116.50508117675781,-1,0,0,0,-96.75,0,0,0,0,0,0,2018
2865,0,97,4030,500,933,0,0,0,0,0,0,0,0,0,0,116.50508117675781,-1,0,0,0,-96.75,0,0,0,0,0,0,2018
2866,0,98,4030,500,933,0,0,0,0,0,0,0,0,0,0,116.50508117675781,-1,0,0,0,-96.75,0,0,0,0,0,0,2018
2867,0,99,4030,500,933,0,0,0,0,0,0,0,0,0,0,116.50508117675781,-1,0,0,0,-96.75,0,0,0,0,0,0,2018
2868,0,100,4030,500,933,0,0,0,0,0,0,0,0,0,0,116.50508117675781,-1,0,0,0,-96.75,0,0,0,0,0,0,2018
2869,0,101,4030,500,933,0,0,0,0,0,0,0,0,0,0,116.50508117675781,-1,0,0,0,-96.75,0,0,0,0,0,0,2018
2870,0,102,4030,500,933,0,0,0,0,0,0,0,0,0,0,116.50508117675781,-1,0,0,0,-96.75,0,0,0,0,0,0,2018
2871,0,103,4030,500,933,0,0,0,0,0,0,0,0,0,0,116.50508117675781,-1,0,0,0,-96.75,0,0,0,0,0,0,2018
2872,0,104,4030,500,933,0,0,0,0,0,0,0,0,0,0,116.50508117675781,-1,0,0,0,-96.75,0,0,0,0,0,0,2018
2873,0,105,4030,500,933,0,0,0,0,0,0,0,0,0,0,116.50508117675781,-1,0,0,0,-96.75,0,0,0,0,0,0,2018
2874,0,106,4030,500,933,0,0,0,0,0,0,0,0,0,0,116.50508117675781,-1,0,0,0,-96.75,0,0,0,0,0,0,2018
2875,0,107,4030,500,933,0,0,0,0,0,0,0,0,0,0,116.50508117675781,-1,0,0,0,-96.75,0,0,0,0,0,0,2018
2876,0,108,4030,500,933,0,0,0,0,0,0,0,0,0,0,116.50508117675781,-1,0,0,0,-96.75,0,0,0,0,0,0,2018
2877,0,109,4030,500,933,0,0,0,0,0,0,0,0,0,0,116.50508117675781,-1,0,0,0,-96.75,0,0,0,0,0,0,2018
2878,0,110,4030,500,933,0,0,0,0,0,0,0,0,0,0,116.50508117675781,-1,0,0,0,-96.75,0,0,0,0,0,0,2018
2879,0,111,4030,500,933,0,0,0,0,0,0,0,0,0,0,116.50508117675781,-1,0,0,0,-96.75,0,0,0,0,0,0,2018
2880,0,112,4030,500,933,0,0,0,0,0,0,0,0,0,0,116.50508117675781,-1,0,0,0,-96.75,0,0,0,0,0,0,2018
2881,0,113,4030,500,933,0,0,0,0,0,0,0,0,0,0,116.50508117675781,-1,0,0,0,-96.75,0,0,0,0,0,0,2018
2882,0,114,4030,500,933,0,0,0,0,0,0,0,0,0,0,116.50508117675781,-1,0,0,0,-96.75,0,0,0,0,0,0,2018
2883,0,115,4030,500,933,0,0,0,0,0,0,0,0,0,0,116.50508117675781,-1,0,0,0,-96.75,0,0,0,0,0,0,2018
2884,0,116,4030,500,933,0,0,0,0,0,0,0,0,0,0,116.50508117675781,-1,0,0,0,-96.75,0,0,0,0,0,0,2018
2885,0,117,4030,500,933,0,0,0,0,0,0,0,0,0,0,116.50508117675781,-1,0,0,0,-96.75,0,0,0,0,0,0,2018
2886,0,118,4030,500,933,0,0,0,0,0,0,0,0,0,0,116.50508117675781,-1,0,0,0,-96.75,0,0,0,0,0,0,2018
2887,0,119,4030,500,933,0,0,0,0,0,0,0,0,0,0,116.50508117675781,-1,0,0,0,-96.75,0,0,0,0,0,0,2018
2888,0,120,4030,500,933,0,0,0,0,0,0,0,0,0,0,116.50508117675781,-1,0,0,0,-96.75,0,0,0,0,0,0,2018
2889,0,121,4030,500,933,0,0,0,0,0,0,0,0,0,0,116.50508117675781,-1,0,0,0,-96.75,0,0,0,0,0,0,2018
2890,0,122,4030,500,933,0,0,0,0,0,0,0,0,0,0,116.50508117675781,-1,0,0,0,-96.75,0,0,0,0,0,0,2018
2891,0,123,4030,500,933,0,0,0,0,0,0,0,0,0,0,116.50508117675781,-1,0,0,0,-96.75,0,0,0,0,0,0,2018
2892,0,124,4030,500,933,0,0,0,0,0,0,0,0,0,0,116.50508117675781,-1,0,0,0,-96.75,0,0,0,0,0,0,2018
2893,0,125,4030,500,933,0,0,0,0,0,0,0,0,0,0,116.50508117675781,-1,0,0,0,-96.75,0,0,0,0,0,0,2018
2894,0,126,4030,500,933,0,0,0,0,0,0,0,0,0,0,116.50508117675781,-1,0,0,0,-96.75,0,0,0,0,0,0,2018
2895,0,127,4030,500,933,0,0,0,0,0,0,0,0,0,0,116.50508117675781,-1,0,0,0,-96.75,0,0,0,0,0,0,2018
2896,0,128,4030,500,933,0,0,0,0,0,0,0,0,0,0,116.50508117675781,-1,0,0,0,-96.75,0,0,0,0,0,0,2018
2897,0,129,4030,500,933,0,0,0,0,0,0,0,0,0,0,116.50508117675781,-1,0,0,0,-96.75,0,0,0,0,0,0,2018
2898,0,130,4030,500,933,0,0,0,0,0,0,0,0,0,0,116.50508117675781,-1,0,0,0,-96.75,0,0,0,0,0,0,2018
2899,0,131,4030,500,933,0,0,0,0,0,0,0,0,0,0,116.50508117675781,-1,0,0,0,-96.75,0,0,0,0,0,0,2018
2900,0,132,4030,500,933,0,0,0,0,0,0,0,0,0,0,116.50508117675781,-1,0,0,0,-96.75,0,0,0,0,0,0,2018
2901,0,133,4030,500,933,0,0,0,0,0,0,0,0,0,0,116.50508117675781,-1,0,0,0,-96.75,0,0,0,0,0,0,2018
2902,0,134,4030,500,933,0,0,0,0,0,0,0,0,0,0,116.50508117675781,-1,0,0,0,-96.75,0,0,0,0,0,0,2018
2903,0,135,4030,500,933,0,0,0,0,0,0,0,0,0,0,116.50508117675781,-1,0,0,0,-96.75,0,0,0,0,0,0,2018
2904,0,136,4030,500,933,0,0,0,0,0,0,0,0,0,0,116.50508117675781,-1,0,0,0,-96.75,0,0,0,0,0,0,2018
2905,0,137,4030,500,933,0,0,0,0,0,0,0,0,0,0,116.50508117675781,-1,0,0,0,-96.75,0,0,0,0,0,0,2018
2906,0,138,4030,500,933,0,0,0,0,0,0,0,0,0,0,116.50508117675781,-1,0,0,0,-96.75,0,0,0,0,0,0,2018
2907,0,139,4030,500,933,0,0,0,0,0,0,0,0,0,0,116.50508117675781,-1,0,0,0,-96.75,0,0,0,0,0,0,2018
2908,0,140,4030,500,933,0,0,0,0,0,0,0,0,0,0,116.50508117675781,-1,0,0,0,-96.75,0,0,0,0,0,0,2018
2909,0,141,4030,500,933,0,0,0,0,0,0,0,0,0,0,116.50508117675781,-1,0,0,0,-96.75,0,0,0,0,0,0,2018
2910,0,142,4030,500,933,0,0,0,0,0,0,0,0,0,0,116.50508117675781,-1,0,0,0,-96.75,0,0,0,0,0,0,2018
2911,0,143,4030,500,933,0,0,0,0,0,0,0,0,0,0,116.50508117675781,-1,0,0,0,-96.75,0,0,0,0,0,0,2018
2912,0,144,4030,500,933,0,0,0,0,0,0,0,0,0,0,116.50508117675781,-1,0,0,0,-96.75,0,0,0,0,0,0,2018
2913,0,145,4030,500,933,0,0,0,0,0,0,0,0,0,0,116.50508117675781,-1,0,0,0,-96.75,0,0,0,0,0,0,2018
2914,0,146,4030,500,933,0,0,0,0,0,0,0,0,0,0,116.50508117675781,-1,0,0,0,-96.75,0,0,0,0,0,0,2018
2915,0,147,4030,500,933,0,0,0,0,0,0,0,0,0,0,116.50508117675781,-1,0,0,0,-96.75,0,0,0,0,0,0,2018
2916,0,148,4030,500,933,0,0,0,0,0,0,0,0,0,0,116.50508117675781,-1,0,0,0,-96.75,0,0,0,0,0,0,2018
2917,0,149,4030,500,933,0,0,0,0,0,0,0,0,0,0,116.50508117675781,-1,0,0,0,-96.75,0,0,0,0,0,0,2018
2918,0,150,4030,500,933,0,0,0,0,0,0,0,0,0,0,116.50508117675781,-1,0,0,0,-96.75,0,0,0,0,0,0,2018
2919,0,151,4030,500,933,0,0,0,0,0,0,0,0,0,0,116.50508117675781,-1,0,0,0,-96.75,0,0,0,0,0,0,2018
2920,0,152,4030,500,933,0,0,0,0,0,0,0,0,0,0,116.50508117675781,-1,0,0,0,-96.75,0,0,0,0,0,0,2018
2921,0,153,4030,500,933,0,0,0,0,0,0,0,0,0,0,116.50508117675781,-1,0,0,0,-96.75,0,0,0,0,0,0,2018
2922,0,154,4030,500,933,0,0,0,0,0,0,0,0,0,0,116.50508117675781,-1,0,0,0,-96.75,0,0,0,0,0,0,2018
2923,0,155,4030,500,933,0,0,0,0,0,0,0,0,0,0,116.50508117675781,-1,0,0,0,-96.75,0,0,0,0,0,0,2018
2924,0,156,4030,500,933,0,0,0,0,0,0,0,0,0,0,116.50508117675781,-1,0,0,0,-96.75,0,0,0,0,0,0,2018
2925,0,157,4030,500,933,0,0,0,0,0,0,0,0,0,0,116.50508117675781,-1,0,0,0,-96.75,0,0,0,0,0,0,2018
2926,0,158,4030,500,933,0,0,0,0,0,0,0,0,0,0,116.50508117675781,-1,0,0,0,-96.75,0,0,0,0,0,0,2018
2927,0,159,4030,500,933,0,0,0,0,0,0,0,0,0,0,116.50508117675781,-1,0,0,0,-96.75,0,0,0,0,0,0,2018
2928,0,160,4030,500,933,0,0,0,0,0,0,0,0,0,0,116.50508117675781,-1,0,0,0,-96.75,0,0,0,0,0,0,2018
2929,0,161,4030,500,933,0,0,0,0,0,0,0,0,0,0,116.50508117675781,-1,0,0,0,-96.75,0,0,0,0,0,0,2018
2930,0,162,4030,500,933,0,0,0,0,0,0,0,0,0,0,116.50508117675781,-1,0,0,0,-96.75,0,0,0,0,0,0,2018
2931,0,163,4030,500,933,0,0,0,0,0,0,0,0,0,0,116.50508117675781,-1,0,0,0,-96.75,0,0,0,0,0,0,2018
2932,0,164,4030,500,933,0,0,0,0,0,0,0,0,0,0,116.50508117675781,-1,0,0,0,-96.75,0,0,0,0,0,0,2018
2933,0,165,4030,500,933,0,0,0,0,0,0,0,0,0,0,116.50508117675781,-1,0,0,0,-96.75,0,0,0,0,0,0,2018
2934,0,166,4030,500,933,0,0,0,0,0,0,0,0,0,0,116.50508117675781,-1,0,0,0,-96.75,0,0,0,0,0,0,2018
2935,0,167,4030,500,933,0,0,0,0,0,0,0,0,0,0,116.50508117675781,-1,0,0,0,-96.75,0,0,0,0,0,0,2018
2936,0,168,4030,500,933,0,0,0,0,0,0,0,0,0,0,116.50508117675781,-1,0,0,0,-96.75,0,0,0,0,0,0,2018
2937,0,169,4030,500,933,0,0,0,0,0,0,0,0,0,0,116.50508117675781,-1,0,0,0,-96.75,0,0,0,0,0,0,2018
2938,0,170,4030,500,933,0,0,0,0,0,0,0,0,0,0,116.50508117675781,-1,0,0,0,-96.75,0,0,0,0,0,0,2018
2939,0,171,4030,500,933,0,0,0,0,0,0,0,0,0,0,116.50508117675781,-1,0,0,0,-96.75,0,0,0,0,0,0,2018
2940,0,172,4030,500,933,0,0,0,0,0,0,0,0,0,0,116.50508117675781,-1,0,0,0,-96.75,0,0,0,0,0,0,2018
2941,0,173,4030,500,933,0,0,0,0,0,0,0,0,0,0,116.50508117675781,-1,0,0,0,-96.75,0,0,0,0,0,0,2018
2942,0,174,4030,500,933,0,0,0,0,0,0,0,0,0,0,116.50508117675781,-1,0,0,0,-96.75,0,0,0,0,0,0,2018
2943,0,175,4030,500,933,0,0,0,0,0,0,0,0,0,0,116.50508117675781,-1,0,0,0,-96.75,0,0,0,0,0,0,2018
2944,0,176,4030,500,933,0,0,0,0,0,0,0,0,0,0,116.50508117675781,-1,0,0,0,-96.75,0,0,0,0,0,0,2018
2945,0,177,4030,500,933,0,0,0,0,0,0,0,0,0,0,116.50508117675781,-1,0,0,0,-96.75,0,0,0,0,0,0,2018
2946,0,178,4030,500,933,0,0,0,0,0,0,0,0,0,0,116.50508117675781,-1,0,0,0,-96.75,0,0,0,0,0,0,2018
2947,0,179,4030,500,933,0,0,0,0,0,0,0,0,0,0,116.50508117675781,-1,0,0,0,-96.75,0,0,0,0,0,0,2018
2948,0,180,4030,500,933,0,0,0,0,0,0,0,0,0,0,116.50508117675781,-1,0,0,0,-96.75,0,0,0,0,0,0,2018
2949,0,181,4030,500,933,0,0,0,0,0,0,0,0,0,0,116.50508117675781,-1,0,0,0,-96.75,0,0,0,0,0,0,2018
2950,0,182,4030,500,933,0,0,0,0,0,0,0,0,0,0,116.50508117675781,-1,0,0,0,-96.75,0,0,0,0,0,0,2018
2951,0,183,4030,500,933,0,0,0,0,0,0,0,0,0,0,116.50508117675781,-1,0,0,0,-96.75,0,0,0,0,0,0,2018
2952,0,184,4030,500,933,0,0,0,0,0,0,0,0,0,0,116.50508117675781,-1,0,0,0,-96.75,0,0,0,0,0,0,2018
2953,0,185,4030,500,933,0,0,0,0,0,0,0,0,0,0,116.50508117675781,-1,0,0,0,-96.75,0,0,0,0,0,0,2018
2954,0,186,4030,500,933,0,0,0,0,0,0,0,0,0,0,116.50508117675781,-1,0,0,0,-96.75,0,0,0,0,0,0,2018
2955,0,187,4030,500,933,0,0,0,0,0,0,0,0,0,0,116.50508117675781,-1,0,0,0,-96.75,0,0,0,0,0,0,2018
2956,0,188,4030,500,933,0,0,0,0,0,0,0,0,0,0,116.50508117675781,-1,0,0,0,-96.75,0,0,0,0,0,0,2018
2957,0,189,4030,500,933,0,0,0,0,0,0,0,0,0,0,116.50508117675781,-1,0,0,0,-96.75,0,0,0,0,0,0,2018
2958,0,190,4030,500,933,0,0,0,0,0,0,0,0,0,0,116.50508117675781,-1,0,0,0,-96.75,0,0,0,0,0,0,2018
2959,0,191,4030,500,933,0,0,0,0,0,0,0,0,0,0,116.50508117675781,-1,0,0,0,-96.75,0,0,0,0,0,0,2018
2960,0,192,4030,500,933,0,0,0,0,0,0,0,0,0,0,116.50508117675781,-1,0,0,0,-96.75,0,0,0,0,0,0,2018
2961,0,193,4030,500,933,0,0,0,0,0,0,0,0,0,0,116.50508117675781,-1,0,0,0,-96.75,0,0,0,0,0,0,2018
2962,0,194,4030,500,933,0,0,0,0,0,0,0,0,0,0,116.50508117675781,-1,0,0,0,-96.75,0,0,0,0,0,0,2018
2963,0,195,4030,500,933,0,0,0,0,0,0,0,0,0,0,116.50508117675781,-1,0,0,0,-96.75,0,0,0,0,0,0,2018
2964,0,196,4030,500,933,0,0,0,0,0,0,0,0,0,0,116.50508117675781,-1,0,0,0,-96.75,0,0,0,0,0,0,2018
2965,0,197,4030,500,933,0,0,0,0,0,0,0,0,0,0,116.50508117675781,-1,0,0,0,-96.75,0,0,0,0,0,0,2018
2966,0,198,4030,500,933,0,0,0,0,0,0,0,0,0,0,116.50508117675781,-1,0,0,0,-96.75,0,0,0,0,0,0,2018
2967,0,199,4030,500,933,0,0,0,0,0,0,0,0,0,0,116.50508117675781,-1,0,0,0,-96.75,0,0,0,0,0,0,2018
2968,0,200,4030,500,933,0,0,0,0,0,0,0,0,0,0,116.50508117675781,-1,0,0,0,-96.75,0,0,0,0,0,0,2018
2969,0,201,4030,500,933,0,0,0,0,0,0,0,0,0,0,116.50508117675781,-1,0,0,0,-96.75,0,0,0,0,0,0,2018
2970,0,202,4030,500,933,0,0,0,0,0,0,0,0,0,0,116.50508117675781,-1,0,0,0,-96.75,0,0,0,0,0,0,2018
2971,0,203,4030,500,933,0,0,0,0,0,0,0,0,0,0,116.50508117675781,-1,0,0,0,-96.75,0,0,0,0,0,0,2018
2972,0,204,4030,500,933,0,0,0,0,0,0,0,0,0,0,116.50508117675781,-1,0,0,0,-96.75,0,0,0,0,0,0,2018
2973,0,205,4030,500,933,0,0,0,0,0,0,0,0,0,0,116.50508117675781,-1,0,0,0,-96.75,0,0,0,0,0,0,2018
2974,0,206,4030,500,933,0,0,0,0,0,0,0,0,0,0,116.50508117675781,-1,0,0,0,-96.75,0,0,0,0,0,0,2018
2975,0,207,4030,500,933,0,0,0,0,0,0,0,0,0,0,116.50508117675781,-1,0,0,0,-96.75,0,0,0,0,0,0,2018
2976,0,208,4030,500,933,0,0,0,0,0,0,0,0,0,0,116.50508117675781,-1,0,0,0,-96.75,0,0,0,0,0,0,2018
2977,0,209,4030,500,933,0,0,0,0,0,0,0,0,0,0,116.50508117675781,-1,0,0,0,-96.75,0,0,0,0,0,0,2018
2978,0,210,4030,500,933,0,0,0,0,0,0,0,0,0,0,116.50508117675781,-1,0,0,0,-96.75,0,0,0,0,0,0,2018
2979,0,211,4030,500,933,0,0,0,0,0,0,0,0,0,0,116.50508117675781,-1,0,0,0,-96.75,0,0,0,0,0,0,2018
2980,0,212,4030,500,933,0,0,0,0,0,0,0,0,0,0,116.50508117675781,-1,0,0,0,-96.75,0,0,0,0,0,0,2018
2981,0,213,4030,500,933,0,0,0,0,0,0,0,0,0,0,116.50508117675781,-1,0,0,0,-96.75,0,0,0,0,0,0,2018
2982,0,214,4030,500,933,0,0,0,0,0,0,0,0,0,0,116.50508117675781,-1,0,0,0,-96.75,0,0,0,0,0,0,2018
2983,0,215,4030,500,933,0,0,0,0,0,0,0,0,0,0,116.50508117675781,-1,0,0,0,-96.75,0,0,0,0,0,0,2018
2984,0,216,4030,500,933,0,0,0,0,0,0,0,0,0,0,116.50508117675781,-1,0,0,0,-96.75,0,0,0,0,0,0,2018
2985,0,217,4030,500,933,0,0,0,0,0,0,0,0,0,0,116.50508117675781,-1,0,0,0,-96.75,0,0,0,0,0,0,2018
2986,0,218,4030,500,933,0,0,0,0,0,0,0,0,0,0,116.50508117675781,-1,0,0,0,-96.75,0,0,0,0,0,0,2018
2987,0,219,4030,500,933,0,0,0,0,0,0,0,0,0,0,116.50508117675781,-1,0,0,0,-96.75,0,0,0,0,0,0,2018
2988,0,220,4030,500,933,0,0,0,0,0,0,0,0,0,0,116.50508117675781,-1,0,0,0,-96.75,0,0,0,0,0,0,2018
2989,0,221,4030,500,933,0,0,0,0,0,0,0,0,0,0,116.50508117675781,-1,0,0,0,-96.75,0,0,0,0,0,0,2018
2990,0,222,4030,500,933,0,0,0,0,0,0,0,0,0,0,116.50508117675781,-1,0,0,0,-96.75,0,0,0,0,0,0,2018
2991,0,223,4030,500,933,0,0,0,0,0,0,0,0,0,0,116.50508117675781,-1,0,0,0,-96.75,0,0,0,0,0,0,2018
2992,0,224,4030,500,933,0,0,0,0,0,0,0,0,0,0,116.50508117675781,-1,0,0,0,-96.75,0,0,0,0,0,0,2018
2993,0,225,4030,500,933,0,0,0,0,0,0,0,0,0,0,116.50508117675781,-1,0,0,0,-96.75,0,0,0,0,0,0,2018
2994,0,226,4030,500,933,0,0,0,0,0,0,0,0,0,0,116.50508117675781,-1,0,0,0,-96.75,0,0,0,0,0,0,2018
2995,0,227,4030,500,933,0,0,0,0,0,0,0,0,0,0,116.50508117675781,-1,0,0,0,-96.75,0,0,0,0,0,0,2018
2996,0,228,4030,500,933,0,0,0,0,0,0,0,0,0,0,116.50508117675781,-1,0,0,0,-96.75,0,0,0,0,0,0,2018
2997,0,229,4030,500,933,0,0,0,0,0,0,0,0,0,0,116.50508117675781,-1,0,0,0,-96.75,0,0,0,0,0,0,2018
2998,0,230,4030,500,933,0,0,0,0,0,0,0,0,0,0,116.50508117675781,-1,0,0,0,-96.75,0,0,0,0,0,0,2018
2999,0,231,4030,500,933,0,0,0,0,0,0,0,0,0,0,116.50508117675781,-1,0,0,0,-96.75,0,0,0,0,0,0,2018
3000,0,232,4030,500,933,0,0,0,0,0,0,0,0,0,0,116.50508117675781,-1,0,0,0,-96.75,0,0,0,0,0,0,2018
3001,0,233,4030,500,933,0,0,0,0,0,0,0,0,0,0,116.50508117675781,-1,0,0,0,-96.75,0,0,0,0,0,0,2018
3002,0,234,4030,500,933,0,0,0,0,0,0,0,0,0,0,116.50508117675781,-1,0,0,0,-96.75,0,0,0,0,0,0,2018
3003,0,235,4030,500,933,0,0,0,0,0,0,0,0,0,0,116.50508117675781,-1,0,0,0,-96.75,0,0,0,0,0,0,2018
3004,0,236,4030,500,933,0,0,0,0,0,0,0,0,0,0,116.50508117675781,-1,0,0,0,-96.75,0,0,0,0,0,0,2018
3005,0,237,4030,500,933,0,0,0,0,0,0,0,0,0,0,116.50508117675781,-1,0,0,0,-96.75,0,0,0,0,0,0,2018
3006,0,238,4030,500,933,0,0,0,0,0,0,0,0,0,0,116.50508117675781,-1,0,0,0,-96.75,0,0,0,0,0,0,2018
3007,0,239,4030,500,933,0,0,0,0,0,0,0,0,0,0,116.50508117675781,-1,0,0,0,-96.75,0,0,0,0,0,0,2018
3008,0,240,4030,500,933,0,0,0,0,0,0,0,0,0,0,116.50508117675781,-1,0,0,0,-96.75,0,0,0,0,0,0,2018
3009,0,241,4030,500,933,0,0,0,0,0,0,0,0,0,0,116.50508117675781,-1,0,0,0,-96.75,0,0,0,0,0,0,2018
3010,0,1,3000,500,1000,0,0,0,0,0,0,0,0,0,0,121.75,-1,0,0,0,-96.75,0,0,0,0,0,0,1000
3011,0,2,3000,500,1000,0,0,0,0,0,0,0,0,0,0,121.75,-1,0,0,0,-96.75,0,0,0,0,0,0,1000
3012,0,3,3000,500,1000,0,0,0,0,0,0,0,0,0,0,121.75,-1,0,0,0,-96.75,0,0,0,0,0,0,1000
3013,0,4,3000,500,1000,0,0,0,0,0,0,0,0,0,0,121.75,-1,0,0,0,-96.75,0,0,0,0,0,0,1000
3014,0,5,3000,500,1000,0,0,0,0,0,0,0,0,0,0,121.75,-1,0,0,0,-96.75,0,0,0,0,0,0,1000
3015,0,6,3000,500,1000,0,0,0,0,0,0,0,0,0,0,121.75,-1,0,0,0,-96.75,0,0,0,0,0,0,1000
3016,0,7,3000,500,1000,0,0,0,0,0,0,0,0,0,0,121.75,-1,0,0,0,-96.75,0,0,0,0,0,0,1000
3017,0,8,3000,500,1000,0,0,0,0,0,0,0,0,0,0,121.75,-1,0,0,0,-96.75,0,0,0,0,0,0,1000
3018,0,9,3000,500,1000,0,0,0,0,0,0,0,0,0,0,121.75,-1,0,0,0,-96.75,0,0,0,0,0,0,1000
3019,10,1,3000,500,1000,0,0,0,0,0,0,0,0,0,0,121.75,-1,0,0,0,-96.75,0,0,0,0,0,0,1000
3020,10,2,3000,500,1000,0,0,0,0,0,0,0,0,0,0,121.75,-1,0,0,0,-96.75,0,0,0,0,0,0,1000
3021,10,3,3000,500,1000,0,0,0,0,0,0,0,0,0,0,121.75,-1,0,0,0,-96.75,0,0,0,0,0,0,1000
3022,10,4,3000,500,1000,0,0,0,0,0,0,0,0,0,0,121.75,-1,0,0,0,-96.75,0,0,0,0,0,0,1000
3023,10,5,3000,500,1000,0,0,0,0,0,0,0,0,0,0,121.75,-1,0,0,0,-96.75,0,0,0,0,0,0,1000
3024,10,6,3000,500,1000,0,0,0,0,0,0,0,0,0,0,121.75,-1,0,0,0,-96.75,0,0,0,0,0,0,1000
3025,1020,1,3000,500,1000,0,0,0,0,0,0,0,0,0,0,121.75,-1,0,0,0,-96.75,0,0,0,0,0,0,1000
3026,1020,2,3000,500,1000,0,0,0,0,0,0,0,0,0,0,121.75,-1,0,0,0,-96.75,0,0,0,0,0,0,1000
3027,1020,3,3000,500,1000,0,0,0,0,0,0,0,0,0,0,121.75,-1,0,0,0,-96.75,0,0,0,0,0,0,1000
3028,1020,4,3000,500,1000,0,0,0,0,0,0,0,0,0,0,121.75,-1,0,0,0,-96.75,0,0,0,0,0,0,1000
3029,1020,5,3000,500,1000,0,0,0,0,0,0,0,0,0,0,121.75,-1,0,0,0,-96.75,0,0,0,0,0,0,1000
3030,1020,6,3000,500,1000,0,0,0,0,0,0,0,0,0,0,121.75,-1,0,0,0,-96.75,0,0,0,0,0,0,1000
3031,1020,7,3000,500,1000,0,0,0,0,0,0,0,0,0,0,121.75,-1,0,0,0,-96.75,0,0,0,0,0,0,1000
3032,1020,8,3000,500,1000,0,0,0,0,0,0,0,0,0,0,75.75,-1,0,0,0,-96.75,0,0,0,0,0,0,1000
3033,1020,9,3000,500,1000,0,0,0,0,0,0,0,0,0,0,75.75,-1,0,0,0,-96.75,0,0,0,0,0,0,1000
3034,1020,10,3000,500,1000,0,0,0,0,0,0,0,0,0,0,75.75,-1,0,0,0,-96.75,0,0,0,0,0,0,1000
3035,1020,11,3000,500,1000,0,0,0,0,0,0,0,0,0,0,75.75,-1,0,0,0,-96.75,0,0,0,0,0,0,1000
3036,1020,12,3000,500,1000,0,0,0,0,0,0,0,0,0,0,75.75,-1,0,0,0,-96.75,0,0,0,0,0,0,1000
3037,1020,12,4030,500,937,0,0,0,0,0,0,0,0,0,0,75.75,-1,0,0,0,-96.75,0,0,0,0,0,0,2018
3038,1020,12,4030,500,937,0,0,0,0,0,0,0,0,0,0,75.75,-1,0,0,0,-96.75,0,0,0,0,0,0,2018
3039,1020,12,4030,500,937,0,0,0,0,0,0,0,0,0,0,75.75,-1,0,0,0,-96.75,0,0,0,0,0,0,2018
3040,1020,12,4030,500,937,0,0,0,0,0,0,0,0,0,0,75.75,-1,0,0,0,-96.75,0,0,0,0,0,0,2018
3041,1020,12,4030,500,937,0,0,0,0,0,0,0,0,0,0,75.75,-1,0,0,0,-96.75,0,0,0,0,0,0,2018
3042,1020,12,4030,500,937,0,0,0,0,0,0,0,0,0,0,75.75,-1,0,0,0,-96.75,0,0,0,0,0,0,2018
3043,1020,13,4030,500,937,0,0,0,0,0,0,0,0,0,0,75.75,-1,0,0,0,-96.75,0,0,0,0,0,0,2018
3044,1020,14,4030,500,937,0,0,0,0,0,0,0,0,0,0,75.75,-1,0,0,0,-96.75,0,0,0,0,0,0,2018
3045,1020,15,4030,500,937,0,0,0,0,0,0,0,0,0,0,75.75,-1,0,0,0,-96.75,0,0,0,0,0,0,2018
3046,1020,16,4030,500,937,0,0,0,0,0,0,0,0,0,0,75.75,-1,0,0,0,-96.75,0,0,0,0,0,0,2018
3047,1020,17,4030,500,937,0,0,0,0,0,0,0,0,0,0,84.05000305175781,-1,0,0,0,-96.75,0,0,0,0,0,0,2018
3048,1020,18,4030,500,937,0,0,0,0,0,0,0,0,0,0,84.05000305175781,-1,0,0,0,-96.75,0,0,0,0,0,0,2018
3049,1020,19,4030,500,937,0,0,0,0,0,0,0,0,0,0,84.05000305175781,-1,0,0,0,-96.75,0,0,0,0,0,0,2018
3050,1020,20,4030,500,937,0,0,0,0,0,0,0,0,0,0,84.05000305175781,-1,0,0,0,-96.75,0,0,0,0,0,0,2018
3051,1020,21,4030,500,937,0,0,0,0,0,0,0,0,0,0,84.05000305175781,-1,0,0,0,-96.75,0,0,0,0,0,0,2018
3052,1020,22,4030,500,937,0,0,0,0,0,0,0,0,0,0,84.05000305175781,-1,0,0,0,-96.75,0,0,0,0,0,0,2018
3053,1020,23,4030,500,937,0,0,0,0,0,0,0,0,0,0,84.05000305175781,-1,0,0,0,-96.75,0,0,0,0,0,0,2018
3054,1020,24,4030,500,937,0,0,0,0,0,0,0,0,0,0,84.05000305175781,-1,0,0,0,-96.75,0,0,0,0,0,0,2018
3055,1020,25,4030,500,937,0,0,0,0,0,0,0,0,0,0,84.05000305175781,-1,0,0,0,-96.75,0,0,0,0,0,0,2018
3056,1020,26,4030,500,937,0,0,0,0,0,0,0,0,0,0,84.05000305175781,-1,0,0,0,-96.75,0,0,0,0,0,0,2018
3057,1020,27,4030,500,937,0,0,0,0,0,0,0,0,0,0,84.05000305175781,-1,0,0,0,-96.75,0,0,0,0,0,0,2018
3058,1020,28,4030,500,937,0,0,0,0,0,0,0,0,0,0,84.05000305175781,-1,0,0,0,-96.75,0,0,0,0,0,0,2018
3059,1020,29,4030,500,937,0,0,0,0,0,0,0,0,0,0,84.05000305175781,-1,0,0,0,-96.75,0,0,0,0,0,0,2018
3060,0,1,4030,500,937,0,0,0,0,0,0,0,0,0,0,84.05000305175781,-1,0,0,0,-96.75,0,0,0,0,0,0,2018
3061,0,2,4030,500,937,0,0,0,0,0,0,0,0,0,0,84.05000305175781,-1,0,0,0,-96.75,0,0,0,0,0,0,2018
3062,0,3,4030,500,937,0,0,0,0,0,0,0,0,0,0,84.05000305175781,-1,0,0,0,-96.75,0,0,0,0,0,0,2018
3063,0,4,4030,500,937,0,0,0,0,0,0,0,0,0,0,84.05000305175781,-1,0,0,0,-96.75,0,0,0,0,0,0,2018
3064,0,5,4030,500,937,0,0,0,0,0,0,0,0,0,0,84.05000305175781,-1,0,0,0,-96.75,0,0,0,0,0,0,2018
3065,0,6,4030,500,937,0,0,0,0,0,0,0,0,0,0,84.05000305175781,-1,0,0,0,-96.75,0,0,0,0,0,0,2018
3066,0,7,4030,500,937,0,0,0,0,0,0,0,0,0,0,84.05000305175781,-1,0,0,0,-96.75,0,0,0,0,0,0,2018
3067,0,8,4030,500,937,0,0,0,0,0,0,0,0,0,0,84.05000305175781,-1,0,0,0,-96.75,0,0,0,0,0,0,2018
3068,0,9,4030,500,937,0,0,0,0,0,0,0,0,0,0,84.05000305175781,-1,0,0,0,-96.75,0,0,0,0,0,0,2018
3069,0,10,4030,500,937,0,0,0,0,0,0,0,0,0,0,84.05000305175781,-1,0,0,0,-96.75,0,0,0,0,0,0,2018
3070,0,11,4030,500,937,0,0,0,0,0,0,0,0,0,0,84.05000305175781,-1,0,0,0,-96.75,0,0,0,0,0,0,2018
3071,0,12,4030,500,937,0,0,0,0,0,0,0,0,0,0,84.05000305175781,-1,0,0,0,-96.75,0,0,0,0,0,0,2018
3072,0,13,4030,500,937,0,0,0,0,0,0,0,0,0,0,84.05000305175781,-1,0,0,0,-96.75,0,0,0,0,0,0,2018
3073,0,14,4030,500,937,0,0,0,0,0,0,0,0,0,0,84.05000305175781,-1,0,0,0,-96.75,0,0,0,0,0,0,2018
3074,0,15,4030,500,937,0,0,0,0,0,0,0,0,0,0,84.05000305175781,-1,0,0,0,-96.75,0,0,0,0,0,0,2018
3075,0,16,4030,500,937,0,0,0,0,0,0,0,0,0,0,84.05000305175781,-1,0,0,0,-96.75,0,0,0,0,0,0,2018
3076,0,17,4030,500,937,0,0,0,0,0,0,0,0,0,0,84.05000305175781,-1,0,0,0,-96.75,0,0,0,0,0,0,2018
3077,0,18,4030,500,937,0,0,0,0,0,0,0,0,0,0,84.05000305175781,-1,0,0,0,-96.75,0,0,0,0,0,0,2018
3078,0,19,4030,500,937,0,0,0,0,0,0,0,0,0,0,84.05000305175781,-1,0,0,0,-96.75,0,0,0,0,0,0,2018
3079,0,20,4030,500,937,0,0,0,0,0,0,0,0,0,0,84.05000305175781,-1,0,0,0,-96.75,0,0,0,0,0,0,2018
3080,0,21,4030,500,937,0,0,0,0,0,0,0,0,0,0,84.05000305175781,-1,0,0,0,-96.75,0,0,0,0,0,0,2018
3081,0,22,4030,500,937,0,0,0,0,0,0,0,0,0,0,84.05000305175781,-1,0,0,0,-96.75,0,0,0,0,0,0,2018
3082,0,23,4030,500,937,0,0,0,0,0,0,0,0,0,0,84.05000305175781,-1,0,0,0,-96.75,0,0,0,0,0,0,2018
3083,0,24,4030,500,937,0,0,0,0,0,0,0,0,0,0,84.05000305175781,-1,0,0,0,-96.75,0,0,0,0,0,0,2018
3084,0,25,4030,500,937,0,0,0,0,0,0,0,0,0,0,84.05000305175781,-1,0,0,0,-96.75,0,0,0,0,0,0,2018
3085,0,26,4030,500,937,0,0,0,0,0,0,0,0,0,0,84.05000305175781,-1,0,0,0,-96.75,0,0,0,0,0,0,2018
3086,0,27,4030,500,937,0,0,0,0,0,0,0,0,0,0,84.05000305175781,-1,0,0,0,-96.75,0,0,0,0,0,0,2018
3087,0,28,4030,500,937,0,0,0,0,0,0,0,0,0,0,84.05000305175781,-1,0,0,0,-96.75,0,0,0,0,0,0,2018
3088,0,29,4030,500,937,0,0,0,0,0,0,0,0,0,0,84.05000305175781,-1,0,0,0,-96.75,0,0,0,0,0,0,2018
3089,0,30,4030,500,937,0,0,0,0,0,0,0,0,0,0,84.05000305175781,-1,0,0,0,-96.75,0,0,0,0,0,0,2018
3090,0,31,4030,500,937,0,0,0,0,0,0,0,0,0,0,84.05000305175781,-1,0,0,0,-96.75,0,0,0,0,0,0,2018
3091,0,32,4030,500,937,0,0,0,0,0,0,0,0,0,0,84.05000305175781,-1,0,0,0,-96.75,0,0,0,0,0,0,2018
3092,0,33,4030,500,937,0,0,0,0,0,0,0,0,0,0,84.05000305175781,-1,0,0,0,-96.75,0,0,0,0,0,0,2018
3093,0,34,4030,500,937,0,0,0,0,0,0,0,0,0,0,84.05000305175781,-1,0,0,0,-96.75,0,0,0,0,0,0,2018
3094,0,35,4030,500,937,0,0,0,0,0,0,0,0,0,0,84.05000305175781,-1,0,0,0,-96.75,0,0,0,0,0,0,2018
3095,0,36,4030,500,937,0,0,0,0,0,0,0,0,0,0,84.05000305175781,-1,0,0,0,-96.75,0,0,0,0,0,0,2018
3096,0,37,4030,500,937,0,0,0,0,0,0,0,0,0,0,84.05000305175781,-1,0,0,0,-96.75,0,0,0,0,0,0,2018
3097,0,38,4030,500,937,0,0,0,0,0,0,0,0,0,0,84.05000305175781,-1,0,0,0,-96.75,0,0,0,0,0,0,2018
3098,0,39,4030,500,937,0,0,0,0,0,0,0,0,0,0,84.05000305175781,-1,0,0,0,-96.75,0,0,0,0,0,0,2018
3099,0,40,4030,500,937,0,0,0,0,0,0,0,0,0,0,84.05000305175781,-1,0,0,0,-96.75,0,0,0,0,0,0,2018
3100,0,41,4030,500,937,0,0,0,0,0,0,0,0,0,0,84.05000305175781,-1,0,0,0,-96.75,0,0,0,0,0,0,2018
3101,0,42,4030,500,937,0,0,0,0,0,0,0,0,0,0,84.05000305175781,-1,0,0,0,-96.75,0,0,0,0,0,0,2018
3102,0,43,4030,500,937,0,0,0,0,0,0,0,0,0,0,84.05000305175781,-1,0,0,0,-96.75,0,0,0,0,0,0,2018
3103,0,44,4030,500,937,0,0,0,0,0,0,0,0,0,0,84.05000305175781,-1,0,0,0,-96.75,0,0,0,0,0,0,2018
3104,0,45,4030,500,937,0,0,0,0,0,0,0,0,0,0,84.05000305175781,-1,0,0,0,-96.75,0,0,0,0,0,0,2018
3105,0,46,4030,500,937,0,0,0,0,0,0,0,0,0,0,84.05000305175781,-1,0,0,0,-96.75,0,0,0,0,0,0,2018
3106,0,47,4030,500,937,0,0,0,0,0,0,0,0,0,0,84.05000305175781,-1,0,0,0,-96.75,0,0,0,0,0,0,2018
3107,0,48,4030,500,937,0,0,0,0,0,0,0,0,0,0,84.05000305175781,-1,0,0,0,-96.75,0,0,0,0,0,0,2018
3108,0,49,4030,500,937,0,0,0,0,0,0,0,0,0,0,84.05000305175781,-1,0,0,0,-96.75,0,0,0,0,0,0,2018
3109,0,50,4030,500,937,0,0,0,0,0,0,0,0,0,0,84.05000305175781,-1,0,0,0,-96.75,0,0,0,0,0,0,2018
3110,0,51,4030,500,937,0,0,0,0,0,0,0,0,0,0,84.05000305175781,-1,0,0,0,-96.75,0,0,0,0,0,0,2018
3111,0,52,4030,500,937,0,0,0,0,0,0,0,0,0,0,84.05000305175781,-1,0,0,0,-96.75,0,0,0,0,0,0,2018
3112,0,53,4030,500,937,0,0,0,0,0,0,0,0,0,0,84.05000305175781,-1,0,0,0,-96.75,0,0,0,0,0,0,2018
3113,0,54,4030,500,937,0,0,0,0,0,0,0,0,0,0,84.05000305175781,-1,0,0,0,-96.75,0,0,0,0,0,0,2018
3114,0,55,4030,500,937,0,0,0,0,0,0,0,0,0,0,84.05000305175781,-1,0,0,0,-96.75,0,0,0,0,0,0,2018
3115,0,56,4030,500,937,0,0,0,0,0,0,0,0,0,0,84.05000305175781,-1,0,0,0,-96.75,0,0,0,0,0,0,2018
3116,0,57,4030,500,937,0,0,0,0,0,0,0,0,0,0,84.05000305175781,-1,0,0,0,-96.75,0,0,0,0,0,0,2018
3117,0,58,4030,500,937,0,0,0,0,0,0,0,0,0,0,84.05000305175781,-1,0,0,0,-96.75,0,0,0,0,0,0,2018
3118,0,59,4030,500,937,0,0,0,0,0,0,0,0,0,0,84.05000305175781,-1,0,0,0,-96.75,0,0,0,0,0,0,2018
3119,0,60,4030,500,937,0,0,0,0,0,0,0,0,0,0,84.05000305175781,-1,0,0,0,-96.75,0,0,0,0,0,0,2018
3120,0,61,4030,500,937,0,0,0,0,0,0,0,0,0,0,84.05000305175781,-1,0,0,0,-96.75,0,0,0,0,0,0,2018
3121,0,62,4030,500,937,0,0,0,0,0,0,0,0,0,0,84.05000305175781,-1,0,0,0,-96.75,0,0,0,0,0,0,2018
3122,0,63,4030,500,937,0,0,0,0,0,0,0,0,0,0,84.05000305175781,-1,0,0,0,-96.75,0,0,0,0,0,0,2018
3123,0,64,4030,500,937,0,0,0,0,0,0,0,0,0,0,84.05000305175781,-1,0,0,0,-96.75,0,0,0,0,0,0,2018
3124,0,65,4030,500,937,0,0,0,0,0,0,0,0,0,0,84.05000305175781,-1,0,0,0,-96.75,0,0,0,0,0,0,2018
3125,0,66,4030,500,937,0,0,0,0,0,0,0,0,0,0,84.05000305175781,-1,0,0,0,-96.75,0,0,0,0,0,0,2018
3126,0,67,4030,500,937,0,0,0,0,0,0,0,0,0,0,84.05000305175781,-1,0,0,0,-96.75,0,0,0,0,0,0,2018
3127,0,68,4030,500,937,0,0,0,0,0,0,0,0,0,0,84.05000305175781,-1,0,0,0,-96.75,0,0,0,0,0,0,2018
3128,0,69,4030,500,937,0,0,0,0,0,0,0,0,0,0,84.05000305175781,-1,0,0,0,-96.75,0,0,0,0,0,0,2018
3129,0,70,4030,500,937,0,0,0,0,0,0,0,0,0,0,84.05000305175781,-1,0,0,0,-96.75,0,0,0,0,0,0,2018
3130,0,71,4030,500,937,0,0,0,0,0,0,0,0,0,0,84.05000305175781,-1,0,0,0,-96.75,0,0,0,0,0,0,2018
3131,0,72,4030,500,937,0,0,0,0,0,0,0,0,0,0,84.05000305175781,-1,0,0,0,-96.75,0,0,0,0,0,0,2018
3132,0,73,4030,500,937,0,0,0,0,0,0,0,0,0,0,84.05000305175781,-1,0,0,0,-96.75,0,0,0,0,0,0,2018
3133,0,74,4030,500,937,0,0,0,0,0,0,0,0,0,0,84.05000305175781,-1,0,0,0,-96.75,0,0,0,0,0,0,2018
3134,0,75,4030,500,937,0,0,0,0,0,0,0,0,0,0,84.05000305175781,-1,0,0,0,-96.75,0,0,0,0,0,0,2018
3135,0,76,4030,500,937,0,0,0,0,0,0,0,0,0,0,84.05000305175781,-1,0,0,0,-96.75,0,0,0,0,0,0,2018
3136,0,77,4030,500,937,0,0,0,0,0,0,0,0,0,0,84.05000305175781,-1,0,0,0,-96.75,0,0,0,0,0,0,2018
3137,0,78,4030,500,937,0,0,0,0,0,0,0,0,0,0,84.05000305175781,-1,0,0,0,-96.75,0,0,0,0,0,0,2018
3138,0,79,4030,500,937,0,0,0,0,0,0,0,0,0,0,84.05000305175781,-1,0,0,0,-96.75,0,0,0,0,0,0,2018
3139,0,80,4030,500,937,0,0,0,0,0,0,0,0,0,0,84.05000305175781,-1,0,0,0,-96.75,0,0,0,0,0,0,2018
3140,0,81,4030,500,937,0,0,0,0,0,0,0,0,0,0,84.05000305175781,-1,0,0,0,-96.75,0,0,0,0,0,0,2018
3141,0,82,4030,500,937,0,0,0,0,0,0,0,0,0,0,84.05000305175781,-1,0,0,0,-96.75,0,0,0,0,0,0,2018
3142,0,83,4030,500,937,0,0,0,0,0,0,0,0,0,0,84.05000305175781,-1,0,0,0,-96.75,0,0,0,0,0,0,2018
3143,0,84,4030,500,937,0,0,0,0,0,0,0,0,0,0,84.05000305175781,-1,0,0,0,-96.75,0,0,0,0,0,0,2018
3144,0,85,4030,500,937,0,0,0,0,0,0,0,0,0,0,84.05000305175781,-1,0,0,0,-96.75,0,0,0,0,0,0,2018
3145,0,86,4030,500,937,0,0,0,0,0,0,0,0,0,0,84.05000305175781,-1,0,0,0,-96.75,0,0,0,0,0,0,2018
3146,0,87,4030,500,937,0,0,0,0,0,0,0,0,0,0,84.05000305175781,-1,0,0,0,-96.75,0,0,0,0,0,0,2018
3147,0,88,4030,500,937,0,0,0,0,0,0,0,0,0,0,84.05000305175781,-1,0,0,0,-96.75,0,0,0,0,0,0,2018
3148,0,89,4030,500,937,0,0,0,0,0,0,0,0,0,0,84.05000305175781,-1,0,0,0,-96.75,0,0,0,0,0,0,2018
3149,0,90,4030,500,937,0,0,0,0,0,0,0,0,0,0,84.05000305175781,-1,0,0,0,-96.75,0,0,0,0,0,0,2018
3150,0,91,4030,500,937,0,0,0,0,0,0,0,0,0,0,84.05000305175781,-1,0,0,0,-96.75,0,0,0,0,0,0,2018
3151,0,92,4030,500,937,0,0,0,0,0,0,0,0,0,0,84.05000305175781,-1,0,0,0,-96.75,0,0,0,0,0,0,2018
3152,0,93,4030,500,937,0,0,0,0,0,0,0,0,0,0,84.05000305175781,-1,0,0,0,-96.75,0,0,0,0,0,0,2018
3153,0,94,4030,500,937,0,0,0,0,0,0,0,0,0,0,84.05000305175781,-1,0,0,0,-96.75,0,0,0,0,0,0,2018
3154,0,95,4030,500,937,0,0,0,0,0,0,0,0,0,0,84.05000305175781,-1,0,0,0,-96.75,0,0,0,0,0,0,2018
3155,0,96,4030,500,937,0,0,0,0,0,0,0,0,0,0,84.05000305175781,-1,0,0,0,-96.75,0,0,0,0,0,0,2018
3156,0,97,4030,500,937,0,0,0,0,0,0,0,0,0,0,84.05000305175781,-1,0,0,0,-96.75,0,0,0,0,0,0,2018
3157,0,98,4030,500,937,0,0,0,0,0,0,0,0,0,0,84.05000305175781,-1,0,0,0,-96.75,0,0,0,0,0,0,2018
3158,0,99,4030,500,937,0,0,0,0,0,0,0,0,0,0,84.05000305175781,-1,0,0,0,-96.75,0,0,0,0,0,0,2018
3159,0,100,4030,500,937,0,0,0,0,0,0,0,0,0,0,84.05000305175781,-1,0,0,0,-96.75,0,0,0,0,0,0,2018
3160,0,101,4030,500,937,0,0,0,0,0,0,0,0,0,0,84.05000305175781,-1,0,0,0,-96.75,0,0,0,0,0,0,2018
3161,0,102,4030,500,937,0,0,0,0,0,0,0,0,0,0,84.05000305175781,-1,0,0,0,-96.75,0,0,0,0,0,0,2018
3162,0,103,4030,500,937,0,0,0,0,0,0,0,0,0,0,84.05000305175781,-1,0,0,0,-96.75,0,0,0,0,0,0,2018
3163,0,104,4030,500,937,0,0,0,0,0,0,0,0,0,0,84.05000305175781,-1,0,0,0,-96.75,0,0,0,0,0,0,2018
3164,0,105,4030,500,937,0,0,0,0,0,0,0,0,0,0,84.05000305175781,-1,0,0,0,-96.75,0,0,0,0,0,0,2018
3165,0,106,4030,500,937,0,0,0,0,0,0,0,0,0,0,84.05000305175781,-1,0,0,0,-96.75,0,0,0,0,0,0,2018
3166,0,107,4030,500,937,0,0,0,0,0,0,0,0,0,0,84.05000305175781,-1,0,0,0,-96.75,0,0,0,0,0,0,2018
3167,0,108,4030,500,937,0,0,0,0,0,0,0,0,0,0,84.05000305175781,-1,0,0,0,-96.75,0,0,0,0,0,0,2018
3168,0,109,4030,500,937,0,0,0,0,0,0,0,0,0,0,84.05000305175781,-1,0,0,0,-96.75,0,0,0,0,0,0,2018
3169,0,110,4030,500,937,0,0,0,0,0,0,0,0,0,0,84.05000305175781,-1,0,0,0,-96.75,0,0,0,0,0,0,2018
3170,0,111,4030,500,937,0,0,0,0,0,0,0,0,0,0,84.05000305175781,-1,0,0,0,-96.75,0,0,0,0,0,0,2018
3171,0,112,4030,500,937,0,0,0,0,0,0,0,0,0,0,84.05000305175781,-1,0,0,0,-96.75,0,0,0,0,0,0,2018
3172,0,113,4030,500,937,0,0,0,0,0,0,0,0,0,0,84.05000305175781,-1,0,0,0,-96.75,0,0,0,0,0,0,2018
3173,0,114,4030,500,937,0,0,0,0,0,0,0,0,0,0,84.05000305175781,-1,0,0,0,-96.75,0,0,0,0,0,0,2018
3174,0,115,4030,500,937,0,0,0,0,0,0,0,0,0,0,84.05000305175781,-1,0,0,0,-96.75,0,0,0,0,0,0,2018
3175,0,116,4030,500,937,0,0,0,0,0,0,0,0,0,0,84.05000305175781,-1,0,0,0,-96.75,0,0,0,0,0,0,2018
3176,0,117,4030,500,937,0,0,0,0,0,0,0,0,0,0,84.05000305175781,-1,0,0,0,-96.75,0,0,0,0,0,0,2018
3177,0,118,4030,500,937,0,0,0,0,0,0,0,0,0,0,84.05000305175781,-1,0,0,0,-96.75,0,0,0,0,0,0,2018
3178,0,119,4030,500,937,0,0,0,0,0,0,0,0,0,0,84.05000305175781,-1,0,0,0,-96.75,0,0,0,0,0,0,2018
3179,0,120,4030,500,937,0,0,0,0,0,0,0,0,0,0,84.05000305175781,-1,0,0,0,-96.75,0,0,0,0,0,0,2018
3180,0,121,4030,500,937,0,0,0,0,0,0,0,0,0,0,84.05000305175781,-1,0,0,0,-96.75,0,0,0,0,0,0,2018
3181,0,122,4030,500,937,0,0,0,0,0,0,0,0,0,0,84.05000305175781,-1,0,0,0,-96.75,0,0,0,0,0,0,2018
3182,0,123,4030,500,937,0,0,0,0,0,0,0,0,0,0,84.05000305175781,-1,0,0,0,-96.75,0,0,0,0,0,0,2018
3183,0,124,4030,500,937,0,0,0,0,0,0,0,0,0,0,84.05000305175781,-1,0,0,0,-96.75,0,0,0,0,0,0,2018
3184,0,125,4030,500,937,0,0,0,0,0,0,0,0,0,0,84.05000305175781,-1,0,0,0,-96.75,0,0,0,0,0,0,2018
3185,0,126,4030,500,937,0,0,0,0,0,0,0,0,0,0,84.05000305175781,-1,0,0,0,-96.75,0,0,0,0,0,0,2018
3186,0,127,4030,500,937,0,0,0,0,0,0,0,0,0,0,84.05000305175781,-1,0,0,0,-96.75,0,0,0,0,0,0,2018
3187,0,128,4030,500,937,0,0,0,0,0,0,0,0,0,0,84.05000305175781,-1,0,0,0,-96.75,0,0,0,0,0,0,2018
3188,0,129,4030,500,937,0,0,0,0,0,0,0,0,0,0,84.05000305175781,-1,0,0,0,-96.75,0,0,0,0,0,0,2018
3189,0,130,4030,500,937,0,0,0,0,0,0,0,0,0,0,84.05000305175781,-1,0,0,0,-96.75,0,0,0,0,0,0,2018
3190,0,131,4030,500,937,0,0,0,0,0,0,0,0,0,0,84.05000305175781,-1,0,0,0,-96.75,0,0,0,0,0,0,2018
3191,0,132,4030,500,937,0,0,0,0,0,0,0,0,0,0,84.05000305175781,-1,0,0,0,-96.75,0,0,0,0,0,0,2018
3192,0,133,4030,500,937,0,0,0,0,0,0,0,0,0,0,84.05000305175781,-1,0,0,0,-96.75,0,0,0,0,0,0,2018
3193,0,134,4030,500,937,0,0,0,0,0,0,0,0,0,0,84.05000305175781,-1,0,0,0,-96.75,0,0,0,0,0,0,2018
3194,0,135,4030,500,937,0,0,0,0,0,0,0,0,0,0,84.05000305175781,-1,0,0,0,-96.75,0,0,0,0,0,0,2018
3195,0,136,4030,500,937,0,0,0,0,0,0,0,0,0,0,84.05000305175781,-1,0,0,0,-96.75,0,0,0,0,0,0,2018
3196,0,137,4030,500,937,0,0,0,0,0,0,0,0,0,0,84.05000305175781,-1,0,0,0,-96.75,0,0,0,0,0,0,2018
3197,0,138,4030,500,937,0,0,0,0,0,0,0,0,0,0,84.05000305175781,-1,0,0,0,-96.75,0,0,0,0,0,0,2018
3198,0,139,4030,500,937,0,0,0,0,0,0,0,0,0,0,84.05000305175781,-1,0,0,0,-96.75,0,0,0,0,0,0,2018
3199,0,140,4030,500,937,0,0,0,0,0,0,0,0,0,0,84.05000305175781,-1,0,0,0,-96.75,0,0,0,0,0,0,2018
3200,0,141,4030,500,937,0,0,0,0,0,0,0,0,0,0,84.05000305175781,-1,0,0,0,-96.75,0,0,0,0,0,0,2018
3201,0,142,4030,500,937,0,0,0,0,0,0,0,0,0,0,84.05000305175781,-1,0,0,0,-96.75,0,0,0,0,0,0,2018
3202,0,143,4030,500,937,0,0,0,0,0,0,0,0,0,0,84.05000305175781,-1,0,0,0,-96.75,0,0,0,0,0,0,2018
3203,0,144,4030,500,937,0,0,0,0,0,0,0,0,0,0,84.05000305175781,-1,0,0,0,-96.75,0,0,0,0,0,0,2018
3204,0,145,4030,500,937,0,0,0,0,0,0,0,0,0,0,84.05000305175781,-1,0,0,0,-96.75,0,0,0,0,0,0,2018
3205,0,146,4030,500,937,0,0,0,0,0,0,0,0,0,0,84.05000305175781,-1,0,0,0,-96.75,0,0,0,0,0,0,2018
3206,0,147,4030,500,937,0,0,0,0,0,0,0,0,0,0,84.05000305175781,-1,0,0,0,-96.75,0,0,0,0,0,0,2018
3207,0,148,4030,500,937,0,0,0,0,0,0,0,0,0,0,84.05000305175781,-1,0,0,0,-96.75,0,0,0,0,0,0,2018
3208,0,149,4030,500,937,0,0,0,0,0,0,0,0,0,0,84.05000305175781,-1,0,0,0,-96.75,0,0,0,0,0,0,2018
3209,0,150,4030,500,937,0,0,0,0,0,0,0,0,0,0,84.05000305175781,-1,0,0,0,-96.75,0,0,0,0,0,0,2018
3210,0,151,4030,500,937,0,0,0,0,0,0,0,0,0,0,84.05000305175781,-1,0,0,0,-96.75,0,0,0,0,0,0,2018
3211,0,152,4030,500,937,0,0,0,0,0,0,0,0,0,0,84.05000305175781,-1,0,0,0,-96.75,0,0,0,0,0,0,2018
3212,0,153,4030,500,937,0,0,0,0,0,0,0,0,0,0,84.05000305175781,-1,0,0,0,-96.75,0,0,0,0,0,0,2018
3213,0,154,4030,500,937,0,0,0,0,0,0,0,0,0,0,84.05000305175781,-1,0,0,0,-96.75,0,0,0,0,0,0,2018
3214,0,155,4030,500,937,0,0,0,0,0,0,0,0,0,0,84.05000305175781,-1,0,0,0,-96.75,0,0,0,0,0,0,2018
3215,0,156,4030,500,937,0,0,0,0,0,0,0,0,0,0,84.05000305175781,-1,0,0,0,-96.75,0,0,0,0,0,0,2018
3216,0,157,4030,500,937,0,0,0,0,0,0,0,0,0,0,84.05000305175781,-1,0,0,0,-96.75,0,0,0,0,0,0,2018
3217,0,158,4030,500,937,0,0,0,0,0,0,0,0,0,0,84.05000305175781,-1,0,0,0,-96.75,0,0,0,0,0,0,2018
3218,0,159,4030,500,937,0,0,0,0,0,0,0,0,0,0,84.05000305175781,-1,0,0,0,-96.75,0,0,0,0,0,0,2018
3219,0,160,4030,500,937,0,0,0,0,0,0,0,0,0,0,84.05000305175781,-1,0,0,0,-96.75,0,0,0,0,0,0,2018
3220,0,161,4030,500,937,0,0,0,0,0,0,0,0,0,0,84.05000305175781,-1,0,0,0,-96.75,0,0,0,0,0,0,2018
3221,0,162,4030,500,937,0,0,0,0,0,0,0,0,0,0,84.05000305175781,-1,0,0,0,-96.75,0,0,0,0,0,0,2018
3222,0,163,4030,500,937,0,0,0,0,0,0,0,0,0,0,84.05000305175781,-1,0,0,0,-96.75,0,0,0,0,0,0,2018
3223,0,164,4030,500,937,0,0,0,0,0,0,0,0,0,0,84.05000305175781,-1,0,0,0,-96.75,0,0,0,0,0,0,2018
3224,0,165,4030,500,937,0,0,0,0,0,0,0,0,0,0,84.05000305175781,-1,0,0,0,-96.75,0,0,0,0,0,0,2018
3225,0,166,4030,500,937,0,0,0,0,0,0,0,0,0,0,84.05000305175781,-1,0,0,0,-96.75,0,0,0,0,0,0,2018
3226,0,167,4030,500,937,0,0,0,0,0,0,0,0,0,0,84.05000305175781,-1,0,0,0,-96.75,0,0,0,0,0,0,2018
3227,0,168,4030,500,937,0,0,0,0,0,0,0,0,0,0,84.05000305175781,-1,0,0,0,-96.75,0,0,0,0,0,0,2018
3228,0,169,4030,500,937,0,0,0,0,0,0,0,0,0,0,84.05000305175781,-1,0,0,0,-96.75,0,0,0,0,0,0,2018
3229,0,170,4030,500,937,0,0,0,0,0,0,0,0,0,0,84.05000305175781,-1,0,0,0,-96.75,0,0,0,0,0,0,2018
3230,0,171,4030,500,937,0,0,0,0,0,0,0,0,0,0,84.05000305175781,-1,0,0,0,-96.75,0,0,0,0,0,0,2018
3231,0,172,4030,500,937,0,0,0,0,0,0,0,0,0,0,84.05000305175781,-1,0,0,0,-96.75,0,0,0,0,0,0,2018
3232,0,173,4030,500,937,0,0,0,0,0,0,0,0,0,0,84.05000305175781,-1,0,0,0,-96.75,0,0,0,0,0,0,2018
3233,0,174,4030,500,937,0,0,0,0,0,0,0,0,0,0,84.05000305175781,-1,0,0,0,-96.75,0,0,0,0,0,0,2018
3234,0,175,4030,500,937,0,0,0,0,0,0,0,0,0,0,84.05000305175781,-1,0,0,0,-96.75,0,0,0,0,0,0,2018
3235,0,176,4030,500,937,0,0,0,0,0,0,0,0,0,0,84.05000305175781,-1,0,0,0,-96.75,0,0,0,0,0,0,2018
3236,0,177,4030,500,937,0,0,0,0,0,0,0,0,0,0,84.05000305175781,-1,0,0,0,-96.75,0,0,0,0,0,0,2018
3237,0,178,4030,500,937,0,0,0,0,0,0,0,0,0,0,84.05000305175781,-1,0,0,0,-96.75,0,0,0,0,0,0,2018
3238,0,179,4030,500,937,0,0,0,0,0,0,0,0,0,0,84.05000305175781,-1,0,0,0,-96.75,0,0,0,0,0,0,2018
3239,0,180,4030,500,937,0,0,0,0,0,0,0,0,0,0,84.05000305175781,-1,0,0,0,-96.75,0,0,0,0,0,0,2018
3240,0,181,4030,500,937,0,0,0,0,0,0,0,0,0,0,84.05000305175781,-1,0,0,0,-96.75,0,0,0,0,0,0,2018
3241,0,182,4030,500,937,0,0,0,0,0,0,0,0,0,0,84.05000305175781,-1,0,0,0,-96.75,0,0,0,0,0,0,2018
3242,0,183,4030,500,937,0,0,0,0,0,0,0,0,0,0,84.05000305175781,-1,0,0,0,-96.75,0,0,0,0,0,0,2018
3243,0,184,4030,500,937,0,0,0,0,0,0,0,0,0,0,84.05000305175781,-1,0,0,0,-96.75,0,0,0,0,0,0,2018
3244,0,185,4030,500,937,0,0,0,0,0,0,0,0,0,0,84.05000305175781,-1,0,0,0,-96.75,0,0,0,0,0,0,2018
3245,0,186,4030,500,937,0,0,0,0,0,0,0,0,0,0,84.05000305175781,-1,0,0,0,-96.75,0,0,0,0,0,0,2018
3246,0,187,4030,500,937,0,0,0,0,0,0,0,0,0,0,84.05000305175781,-1,0,0,0,-96.75,0,0,0,0,0,0,2018
3247,0,188,4030,500,937,0,0,0,0,0,0,0,0,0,0,84.05000305175781,-1,0,0,0,-96.75,0,0,0,0,0,0,2018
3248,0,189,4030,500,937,0,0,0,0,0,0,0,0,0,0,84.05000305175781,-1,0,0,0,-96.75,0,0,0,0,0,0,2018
3249,0,190,4030,500,937,0,0,0,0,0,0,0,0,0,0,84.05000305175781,-1,0,0,0,-96.75,0,0,0,0,0,0,2018
3250,0,191,4030,500,937,0,0,0,0,0,0,0,0,0,0,84.05000305175781,-1,0,0,0,-96.75,0,0,0,0,0,0,2018
3251,0,192,4030,500,937,0,0,0,0,0,0,0,0,0,0,84.05000305175781,-1,0,0,0,-96.75,0,0,0,0,0,0,2018
3252,0,193,4030,500,937,0,0,0,0,0,0,0,0,0,0,84.05000305175781,-1,0,0,0,-96.75,0,0,0,0,0,0,2018
3253,0,194,4030,500,937,0,0,0,0,0,0,0,0,0,0,84.05000305175781,-1,0,0,0,-96.75,0,0,0,0,0,0,2018
3254,0,195,4030,500,937,0,0,0,0,0,0,0,0,0,0,84.05000305175781,-1,0,0,0,-96.75,0,0,0,0,0,0,2018
3255,0,196,4030,500,937,0,0,0,0,0,0,0,0,0,0,84.05000305175781,-1,0,0,0,-96.75,0,0,0,0,0,0,2018
3256,0,197,4030,500,937,0,0,0,0,0,0,0,0,0,0,84.05000305175781,-1,0,0,0,-96.75,0,0,0,0,0,0,2018
3257,0,198,4030,500,937,0,0,0,0,0,0,0,0,0,0,84.05000305175781,-1,0,0,0,-96.75,0,0,0,0,0,0,2018
3258,0,199,4030,500,937,0,0,0,0,0,0,0,0,0,0,84.05000305175781,-1,0,0,0,-96.75,0,0,0,0,0,0,2018
3259,0,200,4030,500,937,0,0,0,0,0,0,0,0,0,0,84.05000305175781,-1,0,0,0,-96.75,0,0,0,0,0,0,2018
3260,0,201,4030,500,937,0,0,0,0,0,0,0,0,0,0,84.05000305175781,-1,0,0,0,-96.75,0,0,0,0,0,0,2018
3261,0,202,4030,500,937,0,0,0,0,0,0,0,0,0,0,84.05000305175781,-1,0,0,0,-96.75,0,0,0,0,0,0,2018
3262,0,203,4030,500,937,0,0,0,0,0,0,0,0,0,0,84.05000305175781,-1,0,0,0,-96.75,0,0,0,0,0,0,2018
3263,0,204,4030,500,937,0,0,0,0,0,0,0,0,0,0,84.05000305175781,-1,0,0,0,-96.75,0,0,0,0,0,0,2018
3264,0,205,4030,500,937,0,0,0,0,0,0,0,0,0,0,84.05000305175781,-1,0,0,0,-96.75,0,0,0,0,0,0,2018
3265,0,206,4030,500,937,0,0,0,0,0,0,0,0,0,0,84.05000305175781,-1,0,0,0,-96.75,0,0,0,0,0,0,2018
3266,0,207,4030,500,937,0,0,0,0,0,0,0,0,0,0,84.05000305175781,-1,0,0,0,-96.75,0,0,0,0,0,0,2018
3267,0,208,4030,500,937,0,0,0,0,0,0,0,0,0,0,84.05000305175781,-1,0,0,0,-96.75,0,0,0,0,0,0,2018
3268,0,209,4030,500,937,0,0,0,0,0,0,0,0,0,0,84.05000305175781,-1,0,0,0,-96.75,0,0,0,0,0,0,2018
3269,0,210,4030,500,937,0,0,0,0,0,0,0,0,0,0,84.05000305175781,-1,0,0,0,-96.75,0,0,0,0,0,0,2018
3270,0,211,4030,500,937,0,0,0,0,0,0,0,0,0,0,84.05000305175781,-1,0,0,0,-96.75,0,0,0,0,0,0,2018
3271,0,212,4030,500,937,0,0,0,0,0,0,0,0,0,0,84.05000305175781,-1,0,0,0,-96.75,0,0,0,0,0,0,2018
3272,0,213,4030,500,937,0,0,0,0,0,0,0,0,0,0,84.05000305175781,-1,0,0,0,-96.75,0,0,0,0,0,0,2018
3273,0,214,4030,500,937,0,0,0,0,0,0,0,0,0,0,84.05000305175781,-1,0,0,0,-96.75,0,0,0,0,0,0,2018
3274,0,215,4030,500,937,0,0,0,0,0,0,0,0,0,0,84.05000305175781,-1,0,0,0,-96.75,0,0,0,0,0,0,2018
3275,0,216,4030,500,937,0,0,0,0,0,0,0,0,0,0,84.05000305175781,-1,0,0,0,-96.75,0,0,0,0,0,0,2018
3276,0,217,4030,500,937,0,0,0,0,0,0,0,0,0,0,84.05000305175781,-1,0,0,0,-96.75,0,0,0,0,0,0,2018
3277,0,218,4030,500,937,0,0,0,0,0,0,0,0,0,0,84.05000305175781,-1,0,0,0,-96.75,0,0,0,0,0,0,2018
3278,0,219,4030,500,937,0,0,0,0,0,0,0,0,0,0,84.05000305175781,-1,0,0,0,-96.75,0,0,0,0,0,0,2018
3279,0,220,4030,500,937,0,0,0,0,0,0,0,0,0,0,84.05000305175781,-1,0,0,0,-96.75,0,0,0,0,0,0,2018
3280,0,221,4030,500,937,0,0,0,0,0,0,0,0,0,0,84.05000305175781,-1,0,0,0,-96.75,0,0,0,0,0,0,2018
3281,0,222,4030,500,937,0,0,0,0,0,0,0,0,0,0,84.05000305175781,-1,0,0,0,-96.75,0,0,0,0,0,0,2018
3282,0,223,4030,500,937,0,0,0,0,0,0,0,0,0,0,84.05000305175781,-1,0,0,0,-96.75,0,0,0,0,0,0,2018
3283,0,224,4030,500,937,0,0,0,0,0,0,0,0,0,0,84.05000305175781,-1,0,0,0,-96.75,0,0,0,0,0,0,2018
3284,0,225,4030,500,937,0,0,0,0,0,0,0,0,0,0,84.05000305175781,-1,0,0,0,-96.75,0,0,0,0,0,0,2018
3285,0,226,4030,500,937,0,0,0,0,0,0,0,0,0,0,84.05000305175781,-1,0,0,0,-96.75,0,0,0,0,0,0,2018
3286,0,227,4030,500,937,0,0,0,0,0,0,0,0,0,0,84.05000305175781,-1,0,0,0,-96.75,0,0,0,0,0,0,2018
3287,0,228,4030,500,937,0,0,0,0,0,0,0,0,0,0,84.05000305175781,-1,0,0,0,-96.75,0,0,0,0,0,0,2018
3288,0,229,4030,500,937,0,0,0,0,0,0,0,0,0,0,84.05000305175781,-1,0,0,0,-96.75,0,0,0,0,0,0,2018
3289,0,230,4030,500,937,0,0,0,0,0,0,0,0,0,0,84.05000305175781,-1,0,0,0,-96.75,0,0,0,0,0,0,2018
3290,0,231,4030,500,937,0,0,0,0,0,0,0,0,0,0,84.05000305175781,-1,0,0,0,-96.75,0,0,0,0,0,0,2018
3291,0,232,4030,500,937,0,0,0,0,0,0,0,0,0,0,84.05000305175781,-1,0,0,0,-96.75,0,0,0,0,0,0,2018
3292,0,233,4030,500,937,0,0,0,0,0,0,0,0,0,0,84.05000305175781,-1,0,0,0,-96.75,0,0,0,0,0,0,2018
3293,0,234,4030,500,937,0,0,0,0,0,0,0,0,0,0,84.05000305175781,-1,0,0,0,-96.75,0,0,0,0,0,0,2018
3294,0,235,4030,500,937,0,0,0,0,0,0,0,0,0,0,84.05000305175781,-1,0,0,0,-96.75,0,0,0,0,0,0,2018
3295,0,236,4030,500,937,0,0,0,0,0,0,0,0,0,0,84.05000305175781,-1,0,0,0,-96.75,0,0,0,0,0,0,2018
3296,0,237,4030,500,937,0,0,0,0,0,0,0,0,0,0,84.05000305175781,-1,0,0,0,-96.75,0,0,0,0,0,0,2018
3297,0,238,4030,500,937,0,0,0,0,0,0,0,0,0,0,84.05000305175781,-1,0,0,0,-96.75,0,0,0,0,0,0,2018
3298,0,239,4030,500,937,0,0,0,0,0,0,0,0,0,0,84.05000305175781,-1,0,0,0,-96.75,0,0,0,0,0,0,2018
3299,0,240,4030,500,937,0,0,0,0,0,0,0,0,0,0,84.05000305175781,-1,0,0,0,-96.75,0,0,0,0,0,0,2018
3300,0,241,4030,500,937,0,0,0,0,0,0,0,0,0,0,84.05000305175781,-1,0,0,0,-96.75,0,0,0,0,0,0,2018
3301,0,242,4030,500,937,0,0,0,0,0,0,0,0,0,0,84.05000305175781,-1,0,0,0,-96.75,0,0,0,0,0,0,2018
3302,0,243,4030,500,937,0,0,0,0,0,0,0,0,0,0,84.05000305175781,-1,0,0,0,-96.75,0,0,0,0,0,0,2018
3303,0,244,4030,500,937,0,0,0,0,0,0,0,0,0,0,84.05000305175781,-1,0,0,0,-96.75,0,0,0,0,0,0,2018
3304,0,245,4030,500,937,0,0,0,0,0,0,0,0,0,0,84.05000305175781,-1,0,0,0,-96.75,0,0,0,0,0,0,2018
3305,0,246,4030,500,937,0,0,0,0,0,0,0,0,0,0,84.05000305175781,-1,0,0,0,-96.75,0,0,0,0,0,0,2018
3306,0,247,4030,500,937,0,0,0,0,0,0,0,0,0,0,84.05000305175781,-1,0,0,0,-96.75,0,0,0,0,0,0,2018
3307,0,248,4030,500,937,0,0,0,0,0,0,0,0,0,0,84.05000305175781,-1,0,0,0,-96.75,0,0,0,0,0,0,2018
3308,0,249,4030,500,937,0,0,0,0,0,0,0,0,0,0,84.05000305175781,-1,0,0,0,-96.75,0,0,0,0,0,0,2018
3309,0,250,4030,500,937,0,0,0,0,0,0,0,0,0,0,84.05000305175781,-1,0,0,0,-96.75,0,0,0,0,0,0,2018
3310,0,1,3000,500,1000,0,0,0,0,0,0,0,0,0,0,121.75,-1,0,0,0,-96.75,0,0,0,0,0,0,1000
3311,0,2,3000,500,1000,0,0,0,0,0,0,0,0,0,0,121.75,-1,0,0,0,-96.75,0,0,0,0,0,0,1000
3312,0,3,3000,500,1000,0,0,0,0,0,0,0,0,0,0,121.75,-1,0,0,0,-96.75,0,0,0,0,0,0,1000
3313,0,4,3000,500,1000,0,0,0,0,0,0,0,0,0,0,121.75,-1,0,0,0,-96.75,0,0,0,0,0,0,1000
3314,0,5,3000,500,1000,0,0,0,0,0,0,0,0,0,0,121.75,-1,0,0,0,-96.75,0,0,0,0,0,0,1000
3315,0,6,3000,500,1000,0,0,0,0,0,0,0,0,0,0,121.75,-1,0,0,0,-96.75,0,0,0,0,0,0,1000
3316,0,7,3000,500,1000,0,0,0,0,0,0,0,0,0,0,121.75,-1,0,0,0,-96.75,0,0,0,0,0,0,1000
3317,0,8,3000,500,1000,0,0,0,0,0,0,0,0,0,0,121.75,-1,0,0,0,-96.75,0,0,0,0,0,0,1000
3318,0,9,3000,500,1000,0,0,0,0,0,0,0,0,0,0,121.75,-1,0,0,0,-96.75,0,0,0,0,0,0,1000
3319,20,1,3000,500,1000,0,0,0,0,0,0,0,0,0,0,121.97000122070312,-1,0,0,0,-96.75,0,0,0,0,0,0,1000
3320,20,2,3000,500,1000,0,0,0,0,0,0,0,0,0,0,122.19000244140625,-1,0,0,0,-95.25,0,0,0,0,0,0,1000
3321,20,3,3000,500,1000,0,0,0,0,0,0,0,0,0,0,122.40999603271484,-1,0,0,0,-93.75,0,0,0,0,0,0,1000
3322,10,1,3000,500,1000,0,0,0,0,0,0,0,0,0,0,122.40999603271484,-1,0,0,0,-92.25,0,0,0,0,0,0,1000
3323,10,2,3000,500,1000,0,0,0,0,0,0,0,0,0,0,122.40999603271484,-1,0,0,0,-92.25,0,0,0,0,0,0,1000
3324,10,3,3000,500,1000,0,0,0,0,0,0,0,0,0,0,122.40999603271484,-1,0,0,0,-92.25,0,0,0,0,0,0,1000
3325,10,4,3000,500,1000,0,0,0,0,0,0,0,0,0,0,122.40999603271484,-1,0,0,0,-92.25,0,0,0,0,0,0,1000
3326,10,5,3000,500,1000,0,0,0,0,0,0,0,0,0,0,122.40999603271484,-1,0,0,0,-92.25,0,0,0,0,0,0,1000
3327,10,6,3000,500,1000,0,0,0,0,0,0,0,0,0,0,122.40999603271484,-1,0,0,0,-92.25,0,0,0,0,0,0,1000
3328,10,7,3000,500,1000,0,0,0,0,0,0,0,0,0,0,122.40999603271484,-1,0,0,0,-92.25,0,0,0,0,0,0,1000
3329,10,8,3000,500,1000,0,0,0,0,0,0,0,0,0,0,122.40999603271484,-1,0,0,0,-92.25,0,0,0,0,0,0,1000
3330,10,9,3000,500,1000,0,0,0,0,0,0,0,0,0,0,122.40999603271484,-1,0,0,0,-92.25,0,0,0,0,0,0,1000
3331,1030,1,3000,500,1000,0,0,0,0,0,0,0,0,0,0,122.40999603271484,-1,0,0,0,-92.25,0,0,0,0,0,0,1000
3332,1030,2,3000,500,1000,0,0,0,0,0,0,0,0,0,0,122.40999603271484,-1,0,0,0,-92.25,0,0,0,0,0,0,1000
3333,1030,3,3000,500,1000,0,0,0,0,0,0,0,0,0,0,122.40999603271484,-1,0,0,0,-92.25,0,0,0,0,0,0,1000
3334,1030,4,3000,500,1000,0,0,0,0,0,0,0,0,0,0,122.40999603271484,-1,0,0,0,-92.25,0,0,0,0,0,0,1000
3335,1030,5,3000,500,1000,0,0,0,0,0,0,0,0,0,0,122.40999603271484,-1,0,0,0,-92.25,0,0,0,0,0,0,1000
3336,1030,6,3000,500,1000,0,0,0,0,0,0,0,0,0,0,122.40999603271484,-1,0,0,0,-92.25,0,0,0,0,0,0,1000
3337,1030,7,3000,500,1000,0,0,0,0,0,0,0,0,0,0,122.40999603271484,-1,0,0,0,-92.25,0,0,0,0,0,0,1000
3338,1030,8,3000,500,1000,0,0,0,0,0,0,0,0,0,0,122.40999603271484,-1,0,0,0,-92.25,0,0,0,0,0,0,1000
3339,1030,9,3000,500,1000,0,0,0,0,0,0,0,0,0,0,122.40999603271484,-1,0,0,0,-92.25,0,0,0,0,0,0,1000
3340,1030,10,3000,500,1000,0,0,0,0,0,0,0,0,0,0,122.40999603271484,-1,0,0,0,-92.25,0,0,0,0,0,0,1000
3341,1030,11,3000,500,1000,0,0,0,0,0,0,0,0,0,0,122.40999603271484,-1,0,0,0,-92.25,0,0,0,0,0,0,1000
3342,1030,12,3000,500,1000,0,0,0,0,0,0,0,0,0,0,122.40999603271484,-1,0,0,0,-92.25,0,0,0,0,0,0,1000
3343,1030,13,3000,500,1000,0,0,0,0,0,0,0,0,0,0,122.40999603271484,-1,0,0,0,-92.25,0,0,0,0,0,0,1000
3344,1030,14,3000,500,1000,0,0,0,0,0,0,0,0,0,0,122.40999603271484,-1,0,0,0,-92.25,0,0,0,0,0,0,1000
3345,1030,15,3000,500,1000,0,0,0,0,0,0,0,0,0,0,122.40999603271484,-1,0,0,0,-92.25,0,0,0,0,0,0,1012
3346,1030,16,3000,500,1000,0,0,0,0,0,0,0,0,0,0,122.40999603271484,-1,0,0,0,-92.25,0,0,0,0,0,0,1012
3347,1030,17,3000,500,1000,0,0,0,0,0,0,0,0,0,0,122.40999603271484,-1,0,0,0,-92.25,0,0,0,0,0,0,1012
3348,1030,18,3000,500,1000,0,0,0,0,0,0,0,0,0,0,122.40999603271484,-1,0,0,0,-92.25,0,0,0,0,0,0,1012
3349,1030,19,3000,500,1000,0,0,0,0,0,0,0,0,0,0,122.40999603271484,-1,0,0,0,-92.25,0,0,0,0,0,0,1012
3350,1030,20,3000,500,1000,0,0,0,0,0,0,0,0,0,0,122.40999603271484,-1,0,0,0,-92.25,0,0,0,0,0,0,1012
3351,1070,0,3000,500,1000,0,0,0,0,0,0,0,0,0,0,122.40999603271484,-1,0,0,0,-92.25,0,0,0,0,0,0,1012
3352,1070,1,4016,500,1000,0,0,0,0,0,0,0,0,0,0,117.25,-1,0,0,0,-92.25,0,0,0,0,0,0,2031
3353,1070,2,4016,500,1000,0,0,0,0,0,0,0,0,0,0,117.25,-1,0,0,0,-92.25,0,0,0,0,0,0,2031
3354,1070,3,4016,500,1000,0,0,0,0,0,0,0,0,0,0,117.25,-1,0,0,0,-92.25,0,0,0,0,0,0,2031
3355,1070,4,4016,500,1000,0,0,0,0,0,0,0,0,0,0,117.25,-1,0,0,0,-92.25,0,0,0,0,0,0,2031
3356,1070,5,4016,500,1000,0,0,0,0,0,0,0,0,0,0,117.25,-1,0,0,0,-92.25,0,0,0,0,0,0,2031
3357,1070,6,4016,500,1000,0,0,0,0,0,0,0,0,0,0,117.25,-1,0,0,0,-92.25,0,0,0,0,0,0,2031
3358,1070,7,4016,500,1000,0,0,0,0,0,0,0,0,0,0,117.25,-1,0,0,0,-92.25,0,0,0,0,0,0,2031
3359,1070,8,4016,500,1000,0,0,0,0,0,0,0,0,0,0,117.25,-1,0,0,0,-92.25,0,0,0,0,0,0,2031
3360,1070,9,4016,500,1000,0,0,0,0,0,0,0,0,0,0,117.25,-1,0,0,0,-92.25,0,0,0,0,0,0,2031
3361,1070,10,4016,500,1000,0,0,0,0,0,0,0,0,0,0,117.25,-1,0,0,0,-92.25,0,0,0,0,0,0,2031
3362,1070,11,4016,500,1000,0,0,0,0,0,0,0,0,0,0,117.25,-1,0,0,0,-92.25,0,0,0,0,0,0,2031
3363,1070,12,4016,500,1000,0,0,0,0,0,0,0,0,0,0,117.25,-1,0,0,0,-92.25,0,0,0,0,0,0,2031
3364,1070,13,4016,500,1000,0,0,0,0,0,0,0,0,0,0,117.25,-1,0,0,0,-92.25,0,0,0,0,0,0,2031
3365,1070,13,5000,500,910,0,0,0,0,0,0,0,0,0,0,117.25,-1,0,0,0,-92.25,0,0,0,0,0,0,3049
3366,1070,13,5000,500,910,0,0,0,0,0,0,0,0,0,0,117.25,-1,0,0,0,-92.25,0,0,0,0,0,0,3049
3367,1070,13,5000,500,910,0,0,0,0,0,0,0,0,0,0,117.25,-1,0,0,0,-92.25,0,0,0,0,0,0,3049
3368,1070,13,5000,500,910,0,0,0,0,0,0,0,0,0,0,117.25,-1,0,0,0,-92.25,0,0,0,0,0,0,3049
3369,1070,13,5000,500,910,0,0,0,0,0,0,0,0,0,0,117.25,-1,0,0,0,-92.25,0,0,0,0,0,0,3049
3370,1070,13,5000,500,910,0,0,0,0,0,0,0,0,0,0,117.25,-1,0,0,0,-92.25,0,0,0,0,0,0,3049
3371,1070,14,5000,500,910,0,0,0,0,0,0,0,0,0,0,117.25,-1,0,0,0,-92.25,0,0,0,0,0,0,3049
3372,1070,15,5000,500,910,0,0,0,0,0,0,0,0,0,0,117.25,-1,0,0,0,-92.25,0,0,0,0,0,0,3049
3373,1070,16,5000,500,910,0,0,0,0,0,0,0,0,0,0,117.25,-1,0,0,0,-92.25,0,0,0,0,0,0,3049
3374,1070,17,5000,500,910,0,0,0,0,0,0,0,0,0,0,117.25,-1,0,0,0,-92.25,0,0,0,0,0,0,3049
3375,1070,18,5000,500,910,0,0,0,0,0,0,0,0,0,0,117.25,-1,0,0,0,-92.25,0,0,0,0,0,0,3049
3376,1070,19,5000,500,910,0,0,0,0,0,0,0,0,0,0,117.25,-1,0,0,0,-92.25,0,0,1,0,0,0,3049
3377,1070,20,5000,500,910,0,0,0,0,0,0,0,0,0,0,117.25,-1,0,0,0,-92.25,0,0,1,0,0,0,3049
3378,1070,21,5000,500,910,0,0,0,0,0,0,0,0,0,0,117.25,-1,0,0,0,-92.25,0,0,1,0,0,0,3049
3379,1070,22,5000,500,910,0,0,0,0,0,0,0,0,0,0,117.25,-1,0,0,0,-92.25,0,0,1,0,0,0,3049
3380,1070,23,5000,500,910,0,0,0,0,0,0,0,0,0,0,117.25,-1,0,0,0,-92.25,0,0,1,0,0,0,3049
3381,1070,24,5000,500,910,0,0,0,0,0,0,0,0,0,0,117.25,-1,0,0,0,-92.25,0,0,1,0,0,0,3049
3382,1070,25,5000,500,910,0,0,0,0,0,0,0,0,0,0,117.25,-1,0,0,0,-92.25,0,0,1,0,0,0,3049
3383,1070,26,5000,500,910,0,0,0,0,0,0,0,0,0,0,117.25,-1,0,0,0,-92.25,0,0,1,0,0,0,3049
3384,1070,27,5000,500,910,0,0,0,0,0,0,0,0,0,0,117.25,-1,0,0,0,-92.25,0,0,1,0,0,0,3049
3385,1070,28,5000,500,910,0,0,0,0,0,0,0,0,0,0,117.25,-1,0,0,0,-92.25,0,0,1,0,0,0,3049
3386,1070,29,5000,500,910,0,0,0,0,0,0,0,0,0,0,117.25,-1,0,0,0,-92.25,0,0,1,0,0,0,3049
3387,1070,30,5000,500,910,0,0,0,0,0,0,0,0,0,0,117.25,-1,0,0,0,-92.25,0,0,1,0,0,0,3049
3388,1070,31,5000,500,910,0,0,0,0,0,0,0,0,0,0,117.25,-1,0,0,0,-92.25,0,0,1,0,0,0,3049
3389,1070,32,5000,500,910,0,0,0,0,0,0,0,0,0,0,117.25,-1,0,0,0,-92.25,0,0,1,0,0,0,3049
3390,1070,33,5000,500,910,0,0,0,0,0,0,0,0,0,0,117.25,-1,0,0,0,-92.25,0,0,1,0,0,0,3049
3391,1070,34,5000,500,910,0,0,0,0,0,0,0,0,0,0,117.25,-1,0,0,0,-92.25,0,0,1,0,0,0,3049
3392,1070,35,5000,500,910,0,0,0,0,0,0,0,0,0,0,117.25,-1,0,0,0,-92.25,0,0,1,0,0,0,3049
3393,0,1,5000,500,910,0,0,0,0,0,0,0,0,0,0,117.25,-1,0,0,0,-92.25,0,0,1,0,0,0,3049
3394,0,2,5000,500,910,0,0,0,0,0,0,0,0,0,0,117.25,-1,0,0,0,-92.25,0,0,1,0,0,0,3049
3395,0,3,5000,500,910,0,0,0,0,0,0,0,0,0,0,117.25,-1,0,0,0,-92.25,0,0,1,0,0,0,3049
3396,0,4,5000,500,910,0,0,0,0,0,0,0,0,0,0,117.25,-1,0,0,0,-92.25,0,0,1,0,0,0,3049
3397,0,5,5000,500,910,0,0,0,0,0,0,0,0,0,0,117.25,-1,0,0,0,-92.25,0,0,1,0,0,0,3049
3398,0,6,5000,500,910,0,0,0,0,0,0,0,0,0,0,117.25,-1,0,0,0,-92.25,0,0,1,0,0,0,3049
3399,0,7,5000,500,910,0,0,0,0,0,0,0,0,0,0,117.25,-1,0,0,0,-92.25,0,0,1,0,0,0,3049
3400,0,8,5000,500,910,0,0,0,0,0,0,0,0,0,0,117.25,-1,0,0,0,-92.25,0,0,1,0,0,0,3049
3401,0,9,5000,500,910,0,0,0,0,0,0,0,0,0,0,117.25,-1,0,0,0,-92.25,0,0,1,0,0,0,3049
3402,0,10,5000,500,910,0,0,0,0,0,0,0,0,0,0,117.25,-1,0,0,0,-92.25,0,0,1,0,0,0,3049
3403,0,11,5000,500,910,0,0,0,0,0,0,0,0,0,0,117.25,-1,0,0,0,-92.25,0,0,1,0,0,0,3049
3404,0,12,5000,500,910,0,0,0,0,0,0,0,0,0,0,117.25,-1,0,0,0,-92.25,0,0,1,0,0,0,3049
3405,0,13,5000,500,910,0,0,0,0,0,0,0,0,0,0,117.25,-1,0,0,0,-92.25,0,0,1,0,0,0,3049
3406,0,14,5000,500,910,0,0,0,0,0,0,0,0,0,0,117.25,-1,0,0,0,-92.25,0,0,1,0,0,0,3049
3407,0,15,5000,500,910,0,0,0,0,0,0,0,0,0,0,117.25,-1,0,0,0,-92.25,0,0,1,0,0,0,3049
3408,0,16,5000,500,910,0,0,0,0,0,0,0,0,0,0,117.25,-1,0,0,0,-92.25,0,0,1,0,0,0,3049
3409,0,17,5000,500,910,0,0,0,0,0,0,0,0,0,0,117.25,-1,0,0,0,-92.25,0,0,1,0,0,0,3049
3410,0,18,5000,500,910,0,0,0,0,0,0,0,0,0,0,117.25,-1,0,0,0,-92.25,0,0,1,0,0,0,3049
3411,0,19,5000,500,910,0,0,0,0,0,0,0,0,0,0,117.25,-1,0,0,0,-92.25,0,0,1,0,0,0,3049
3412,0,20,5000,500,910,0,0,0,0,0,0,0,0,0,0,117.25,-1,0,0,0,-92.25,0,0,1,0,0,0,3049
3413,0,21,5000,500,910,0,0,0,0,0,0,0,0,0,0,117.25,-1,0,0,0,-92.25,0,0,1,0,0,0,3049
3414,0,22,5000,500,910,0,0,0,0,0,0,0,0,0,0,117.25,-1,0,0,0,-92.25,0,0,1,0,0,0,3049
3415,0,23,5000,500,910,0,0,0,0,0,0,0,0,0,0,117.25,-1,0,0,0,-92.25,0,0,1,0,0,0,3049
3416,0,24,5000,500,910,0,0,0,0,0,0,0,0,0,0,117.25,-1,0,0,0,-92.25,0,0,1,0,0,0,3049
3417,0,25,5000,500,910,0,0,0,0,0,0,0,0,0,0,117.25,-1,0,0,0,-92.25,0,0,1,0,0,0,3049
3418,0,26,5000,500,910,0,0,0,0,0,0,0,0,0,0,117.25,-1,0,0,0,-92.25,0,0,1,0,0,0,3049
3419,0,27,5000,500,910,0,0,0,0,0,0,0,0,0,0,117.25,-1,0,0,0,-92.25,0,0,1,0,0,0,3049
3420,0,28,5000,500,910,0,0,0,0,0,0,0,0,0,0,117.25,-1,0,0,0,-92.25,0,0,1,0,0,0,3049
3421,0,29,5000,500,910,0,0,0,0,0,0,0,0,0,0,117.25,-1,0,0,0,-92.25,0,0,1,0,0,0,3049
3422,0,30,5000,500,910,0,0,0,0,0,0,0,0,0,0,117.25,-1,0,0,0,-92.25,0,0,1,0,0,0,3049
3423,0,31,5000,500,910,0,0,0,0,0,0,0,0,0,0,117.25,-1,0,0,0,-92.25,0,0,1,0,0,0,3049
3424,0,32,5000,500,910,0,0,0,0,0,0,0,0,0,0,117.25,-1,0,0,0,-92.25,0,0,1,0,0,0,3049
3425,0,33,5000,500,910,0,0,0,0,0,0,0,0,0,0,117.25,-1,0,0,0,-92.25,0,0,1,0,0,0,3049
3426,0,34,5000,500,910,0,0,0,0,0,0,0,0,0,0,117.25,-1,0,0,0,-92.25,0,0,1,0,0,0,3049
3427,0,35,5000,500,910,0,0,0,0,0,0,0,0,0,0,117.25,-1,0,0,0,-92.25,0,0,1,0,0,0,3049
3428,0,36,5000,500,910,0,0,0,0,0,0,0,0,0,0,118,-1,0,0,0,-92.25,0,0,1,0,0,0,3049
3429,0,37,5000,500,910,0,0,0,0,0,0,0,0,0,0,119.5,-1,0,0,0,-93,0,0,1,0,0,0,3049
3430,0,38,5000,500,910,0,0,0,0,0,0,0,0,0,0,121,-1,0,0,0,-94.5,0,0,1,0,0,0,3049
3431,0,39,5000,500,910,0,0,0,0,0,0,0,0,0,0,122.5,-1,0,0,0,-96,0,0,1,0,0,0,3049
3432,0,40,5000,500,910,0,0,0,0,0,0,0,0,0,0,124,-1,0,0,0,-97.5,0,0,1,0,0,0,3049
3433,0,41,5000,500,910,0,0,0,0,0,0,0,0,0,0,125.5,-1,0,0,0,-99,0,0,1,0,0,0,3049
3434,0,42,5000,500,910,0,0,0,0,0,0,0,0,0,0,127,-1,0,0,0,-100.5,0,0,1,0,0,0,3049
3435,0,43,5000,500,910,0,0,0,0,0,0,0,0,0,0,128.5,-1,0,0,0,-102,0,0,1,0,0,0,3049
3436,0,44,5000,500,910,0,0,0,0,0,0,0,0,0,0,130,-1,0,0,0,-103.5,0,0,1,0,0,0,3049
3437,0,45,5000,500,910,0,0,0,0,0,0,0,0,0,0,131.5,-1,0,0,0,-105,0,0,1,0,0,0,3049
3438,0,46,5000,500,910,0,0,0,0,0,0,0,0,0,0,133,-1,0,0,0,-106.5,0,0,1,0,0,0,3049
3439,0,47,5000,500,910,0,0,0,0,0,0,0,0,0,0,134.5,-1,0,0,0,-108,0,0,1,0,0,0,3049
3440,0,48,5000,500,910,0,0,0,0,0,0,0,0,0,0,136,-1,0,0,0,-109.5,0,0,1,0,0,0,3049
3441,0,49,5000,500,910,0,0,0,0,0,0,0,0,0,0,137.5,-1,0,0,0,-111,0,0,1,0,0,0,3049
3442,0,50,5000,500,910,0,0,0,0,0,0,0,0,0,0,139,-1,0,0,0,-112.5,0,0,1,0,0,0,3049
3443,0,51,5000,500,910,0,0,0,0,0,0,0,0,0,0,140.5,-1,0,0,0,-114,0,0,1,0,0,0,3049
3444,0,52,5000,500,910,0,0,0,0,0,0,0,0,0,0,142,-1,0,0,0,-115.5,0,0,1,0,0,0,3049
3445,0,53,5000,500,910,0,0,0,0,0,0,0,0,0,0,143.5,-1,0,0,0,-117,0,0,1,0,0,0,3049
3446,0,54,5000,500,910,0,0,0,0,0,0,0,0,0,0,144.25,-1,0,0,0,-118.5,0,0,1,0,0,0,3049
3447,0,55,5000,500,910,0,0,0,0,0,0,0,0,0,0,144.75,-1,0,0,0,-119.25,0,0,1,0,0,0,3049
3448,0,56,5000,500,910,0,0,0,0,0,0,0,0,0,0,145,-1,0,0,0,-119.75,0,0,1,0,0,0,3049
3449,0,57,5000,500,910,0,0,0,0,0,0,0,0,0,0,145,-1,0,0,0,-120,0,0,1,0,0,0,3049
3450,0,58,5000,500,910,0,0,0,0,0,0,0,0,0,0,145,-1,0,0,0,-120,0,0,1,0,0,0,3049
3451,0,59,5000,500,910,0,0,0,0,0,0,0,0,0,0,145,-1,0,0,0,-120,0,0,1,0,0,0,3049
3452,0,60,5000,500,910,0,0,0,0,0,0,0,0,0,0,145,-1,0,0,0,-120,0,0,1,0,0,0,3049
3453,0,61,5000,500,910,0,0,0,0,0,0,0,0,0,0,145,-1,0,0,0,-120,0,0,1,0,0,0,3049
3454,0,62,5000,500,910,0,0,0,0,0,0,0,0,0,0,145,-1,0,0,0,-120,0,0,1,0,0,0,3049
3455,0,63,5000,500,910,0,0,0,0,0,0,0,0,0,0,145,-1,0,0,0,-120,0,0,1,0,0,0,3049
3456,0,64,5000,500,910,0,0,0,0,0,0,0,0,0,0,145,-1,0,0,0,-120,0,0,1,0,0,0,3049
3457,0,65,5000,500,910,0,0,0,0,0,0,0,0,0,0,145,-1,0,0,0,-120,0,0,1,0,0,0,3049
3458,0,66,5000,500,910,0,0,0,0,0,0,0,0,0,0,145,-1,0,0,0,-120,0,0,1,0,0,0,3049
3459,0,67,5000,500,910,0,0,0,0,0,0,0,0,0,0,145,-1,0,0,0,-120,0,0,1,0,0,0,3049
3460,0,68,5000,500,910,0,0,0,0,0,0,0,0,0,0,145,-1,0,0,0,-120,0,0,1,0,0,0,3049
3461,0,69,5000,500,910,0,0,0,0,0,0,0,0,0,0,145,-1,0,0,0,-120,0,0,1,0,0,0,3049
3462,0,70,5000,500,910,0,0,0,0,0,0,0,0,0,0,145,-1,0,0,0,-120,0,0,1,0,0,0,3049
3463,0,71,5000,500,910,0,0,0,0,0,0,0,0,0,0,145,-1,0,0,0,-120,0,0,1,0,0,0,3049
3464,0,72,5000,500,910,0,0,0,0,0,0,0,0,0,0,145,-1,0,0,0,-120,0,0,1,0,0,0,3049
3465,0,73,5000,500,910,0,0,0,0,0,0,0,0,0,0,145,-1,0,0,0,-120,0,0,1,0,0,0,3049
3466,0,74,5000,500,910,0,0,0,0,0,0,0,0,0,0,145,-1,0,0,0,-120,0,0,1,0,0,0,3049
3467,0,75,5000,500,910,0,0,0,0,0,0,0,0,0,0,145,-1,0,0,0,-120,0,0,1,0,0,0,3049
3468,0,76,5000,500,910,0,0,0,0,0,0,0,0,0,0,145,-1,0,0,0,-120,0,0,1,0,0,0,3049
3469,0,77,5000,500,910,0,0,0,0,0,0,0,0,0,0,145,-1,0,0,0,-120,0,0,1,0,0,0,3049
3470,0,78,5000,500,910,0,0,0,0,0,0,0,0,0,0,145,-1,0,0,0,-120,0,0,1,0,0,0,3049
3471,0,79,5000,500,910,0,0,0,0,0,0,0,0,0,0,145,-1,0,0,0,-120,0,0,1,0,0,0,3049
3472,0,80,5000,500,910,0,0,0,0,0,0,0,0,0,0,145,-1,0,0,0,-120,0,0,1,0,0,0,3049
3473,0,81,5000,500,910,0,0,0,0,0,0,0,0,0,0,145,-1,0,0,0,-120,0,0,1,0,0,0,3049
3474,0,82,5000,500,910,0,0,0,0,0,0,0,0,0,0,145,-1,0,0,0,-120,0,0,1,0,0,0,3049
3475,0,83,5000,500,910,0,0,0,0,0,0,0,0,0,0,145,-1,0,0,0,-120,0,0,1,0,0,0,3049
3476,0,84,5000,500,910,0,0,0,0,0,0,0,0,0,0,145,-1,0,0,0,-120,0,0,1,0,0,0,3049
3477,0,85,5000,500,910,0,0,0,0,0,0,0,0,0,0,145,-1,0,0,0,-120,0,0,1,0,0,0,3049
3478,0,86,5000,500,910,0,0,0,0,0,0,0,0,0,0,145,-1,0,0,0,-120,0,0,1,0,0,0,3049
3479,0,87,5000,500,910,0,0,0,0,0,0,0,0,0,0,145,-1,0,0,0,-120,0,0,1,0,0,0,3049
3480,0,88,5000,500,910,0,0,0,0,0,0,0,0,0,0,145,-1,0,0,0,-120,0,0,1,0,0,0,3049
3481,0,89,5000,500,910,0,0,0,0,0,0,0,0,0,0,145,-1,0,0,0,-120,0,0,1,0,0,0,3049
3482,0,90,5000,500,910,0,0,0,0,0,0,0,0,0,0,145,-1,0,0,0,-120,0,0,1,0,0,0,3049
3483,0,91,5000,500,910,0,0,0,0,0,0,0,0,0,0,145,-1,0,0,0,-120,0,0,1,0,0,0,3049
3484,0,92,5000,500,910,0,0,0,0,0,0,0,0,0,0,145,-1,0,0,0,-120,0,0,1,0,0,0,3049
3485,0,93,5000,500,910,0,0,0,0,0,0,0,0,0,0,145,-1,0,0,0,-120,0,0,1,0,0,0,3049
3486,0,94,5000,500,910,0,0,0,0,0,0,0,0,0,0,145,-1,0,0,0,-120,0,0,1,0,0,0,3049
3487,0,95,5000,500,910,0,0,0,0,0,0,0,0,0,0,145,-1,0,0,0,-120,0,0,1,0,0,0,3049
3488,0,96,5000,500,910,0,0,0,0,0,0,0,0,0,0,145,-1,0,0,0,-120,0,0,1,0,0,0,3049
3489,0,97,5000,500,910,0,0,0,0,0,0,0,0,0,0,145,-1,0,0,0,-120,0,0,1,0,0,0,3049
3490,0,98,5000,500,910,0,0,0,0,0,0,0,0,0,0,145,-1,0,0,0,-120,0,0,1,0,0,0,3049
3491,0,99,5000,500,910,0,0,0,0,0,0,0,0,0,0,145,-1,0,0,0,-120,0,0,1,0,0,0,3049
3492,0,100,5000,500,910,0,0,0,0,0,0,0,0,0,0,145,-1,0,0,0,-120,0,0,1,0,0,0,3049
3493,0,101,5000,500,910,0,0,0,0,0,0,0,0,0,0,145,-1,0,0,0,-120,0,0,1,0,0,0,3049
3494,0,102,5000,500,910,0,0,0,0,0,0,0,0,0,0,145,-1,0,0,0,-120,0,0,1,0,0,0,3049
3495,0,103,5000,500,910,0,0,0,0,0,0,0,0,0,0,145,-1,0,0,0,-120,0,0,1,0,0,0,3049
3496,0,104,5000,500,910,0,0,0,0,0,0,0,0,0,0,145,-1,0,0,0,-120,0,0,1,0,0,0,3049
3497,0,105,5000,500,910,0,0,0,0,0,0,0,0,0,0,145,-1,0,0,0,-120,0,0,1,0,0,0,3049
3498,0,106,5000,500,910,0,0,0,0,0,0,0,0,0,0,145,-1,0,0,0,-120,0,0,1,0,0,0,3049
3499,0,107,5000,500,910,0,0,0,0,0,0,0,0,0,0,145,-1,0,0,0,-120,0,0,1,0,0,0,3049
3500,0,108,5000,500,910,0,0,0,0,0,0,0,0,0,0,145,-1,0,0,0,-120,0,0,1,0,0,0,3049
3501,0,109,5000,500,910,0,0,0,0,0,0,0,0,0,0,145,-1,0,0,0,-120,0,0,1,0,0,0,3049
3502,0,110,5000,500,910,0,0,0,0,0,0,0,0,0,0,145,-1,0,0,0,-120,0,0,1,0,0,0,3049
3503,0,111,5000,500,910,0,0,0,0,0,0,0,0,0,0,145,-1,0,0,0,-120,0,0,1,0,0,0,3049
3504,0,112,5000,500,910,0,0,0,0,0,0,0,0,0,0,145,-1,0,0,0,-120,0,0,1,0,0,0,3049
3505,0,113,5000,500,910,0,0,0,0,0,0,0,0,0,0,145,-1,0,0,0,-120,0,0,1,0,0,0,3049
3506,0,114,5000,500,910,0,0,0,0,0,0,0,0,0,0,145,-1,0,0,0,-120,0,0,1,0,0,0,3049
3507,0,115,5000,500,910,0,0,0,0,0,0,0,0,0,0,145,-1,0,0,0,-120,0,0,1,0,0,0,3049
3508,0,116,5000,500,910,0,0,0,0,0,0,0,0,0,0,145,-1,0,0,0,-120,0,0,1,0,0,0,3049
3509,0,117,5000,500,910,0,0,0,0,0,0,0,0,0,0,145,-1,0,0,0,-120,0,0,1,0,0,0,3049
3510,0,118,5000,500,910,0,0,0,0,0,0,0,0,0,0,145,-1,0,0,0,-120,0,0,1,0,0,0,3049
3511,0,119,5000,500,910,0,0,0,0,0,0,0,0,0,0,145,-1,0,0,0,-120,0,0,1,0,0,0,3049
3512,0,120,5000,500,910,0,0,0,0,0,0,0,0,0,0,145,-1,0,0,0,-120,0,0,1,0,0,0,3049
3513,0,121,5000,500,910,0,0,0,0,0,0,0,0,0,0,145,-1,0,0,0,-120,0,0,1,0,0,0,3049
3514,0,122,5000,500,910,0,0,0,0,0,0,0,0,0,0,145,-1,0,0,0,-120,0,0,1,0,0,0,3049
3515,0,123,5000,500,910,0,0,0,0,0,0,0,0,0,0,145,-1,0,0,0,-120,0,0,1,0,0,0,3049
3516,0,124,5000,500,910,0,0,0,0,0,0,0,0,0,0,145,-1,0,0,0,-120,0,0,1,0,0,0,3049
3517,0,125,5000,500,910,0,0,0,0,0,0,0,0,0,0,145,-1,0,0,0,-120,0,0,1,0,0,0,3049
3518,0,126,5000,500,910,0,0,0,0,0,0,0,0,0,0,145,-1,0,0,0,-120,0,0,1,0,0,0,3049
3519,0,127,5000,500,910,0,0,0,0,0,0,0,0,0,0,145,-1,0,0,0,-120,0,0,1,0,0,0,3049
3520,0,128,5000,500,910,0,0,0,0,0,0,0,0,0,0,145,-1,0,0,0,-120,0,0,1,0,0,0,3049
3521,0,129,5000,500,910,0,0,0,0,0,0,0,0,0,0,145,-1,0,0,0,-120,0,0,1,0,0,0,3049
3522,0,130,5000,500,910,0,0,0,0,0,0,0,0,0,0,145,-1,0,0,0,-120,0,0,1,0,0,0,3049
3523,0,131,5000,500,910,0,0,0,0,0,0,0,0,0,0,145,-1,0,0,0,-120,0,0,1,0,0,0,3049
3524,0,132,5000,500,910,0,0,0,0,0,0,0,0,0,0,145,-1,0,0,0,-120,0,0,1,0,0,0,3049
3525,0,133,5000,500,910,0,0,0,0,0,0,0,0,0,0,145,-1,0,0,0,-120,0,0,1,0,0,0,3049
3526,0,134,5000,500,910,0,0,0,0,0,0,0,0,0,0,145,-1,0,0,0,-120,0,0,1,0,0,0,3049
3527,0,135,5000,500,910,0,0,0,0,0,0,0,0,0,0,145,-1,0,0,0,-120,0,0,1,0,0,0,3049
3528,0,136,5000,500,910,0,0,0,0,0,0,0,0,0,0,145,-1,0,0,0,-120,0,0,1,0,0,0,3049
3529,0,137,5000,500,910,0,0,0,0,0,0,0,0,0,0,145,-1,0,0,0,-120,0,0,1,0,0,0,3049
3530,0,138,5000,500,910,0,0,0,0,0,0,0,0,0,0,145,-1,0,0,0,-120,0,0,1,0,0,0,3049
3531,0,139,5000,500,910,0,0,0,0,0,0,0,0,0,0,145,-1,0,0,0,-120,0,0,1,0,0,0,3049
3532,0,140,5000,500,910,0,0,0,0,0,0,0,0,0,0,145,-1,0,0,0,-120,0,0,1,0,0,0,3049
3533,0,141,5000,500,910,0,0,0,0,0,0,0,0,0,0,145,-1,0,0,0,-120,0,0,1,0,0,0,3049
3534,0,142,5000,500,910,0,0,0,0,0,0,0,0,0,0,145,-1,0,0,0,-120,0,0,1,0,0,0,3049
3535,0,143,5000,500,910,0,0,0,0,0,0,0,0,0,0,145,-1,0,0,0,-120,0,0,1,0,0,0,3049
3536,0,144,5000,500,910,0,0,0,0,0,0,0,0,0,0,145,-1,0,0,0,-120,0,0,1,0,0,0,3049
3537,0,145,5000,500,910,0,0,0,0,0,0,0,0,0,0,145,-1,0,0,0,-120,0,0,1,0,0,0,3049
3538,0,146,5000,500,910,0,0,0,0,0,0,0,0,0,0,145,-1,0,0,0,-120,0,0,1,0,0,0,3049
3539,0,147,5000,500,910,0,0,0,0,0,0,0,0,0,0,145,-1,0,0,0,-120,0,0,1,0,0,0,3049
3540,0,148,5000,500,910,0,0,0,0,0,0,0,0,0,0,145,-1,0,0,0,-120,0,0,1,0,0,0,3049
3541,0,149,5000,500,910,0,0,0,0,0,0,0,0,0,0,145,-1,0,0,0,-120,0,0,1,0,0,0,3049
3542,0,150,5000,500,910,0,0,0,0,0,0,0,0,0,0,145,-1,0,0,0,-120,0,0,1,0,0,0,3049
3543,0,151,5000,500,910,0,0,0,0,0,0,0,0,0,0,145,-1,0,0,0,-120,0,0,1,0,0,0,3049
3544,0,152,5000,500,910,0,0,0,0,0,0,0,0,0,0,145,-1,0,0,0,-120,0,0,1,0,0,0,3049
3545,0,153,5000,500,910,0,0,0,0,0,0,0,0,0,0,145,-1,0,0,0,-120,0,0,1,0,0,0,3049
3546,0,154,5000,500,910,0,0,0,0,0,0,0,0,0,0,145,-1,0,0,0,-120,0,0,1,0,0,0,3049
3547,0,155,5000,500,910,0,0,0,0,0,0,0,0,0,0,145,-1,0,0,0,-120,0,0,1,0,0,0,3049
3548,0,156,5000,500,910,0,0,0,0,0,0,0,0,0,0,145,-1,0,0,0,-120,0,0,1,0,0,0,3049
3549,0,157,5000,500,910,0,0,0,0,0,0,0,0,0,0,145,-1,0,0,0,-120,0,0,1,0,0,0,3049
3550,0,158,5000,500,910,0,0,0,0,0,0,0,0,0,0,145,-1,0,0,0,-120,0,0,1,0,0,0,3049
3551,0,159,5000,500,910,0,0,0,0,0,0,0,0,0,0,145,-1,0,0,0,-120,0,0,1,0,0,0,3049
3552,0,160,5000,500,910,0,0,0,0,0,0,0,0,0,0,145,-1,0,0,0,-120,0,0,1,0,0,0,3049
3553,0,161,5000,500,910,0,0,0,0,0,0,0,0,0,0,145,-1,0,0,0,-120,0,0,1,0,0,0,3049
3554,0,162,5000,500,910,0,0,0,0,0,0,0,0,0,0,145,-1,0,0,0,-120,0,0,1,0,0,0,3049
3555,0,163,5000,500,910,0,0,0,0,0,0,0,0,0,0,145,-1,0,0,0,-120,0,0,1,0,0,0,3049
3556,0,164,5000,500,910,0,0,0,0,0,0,0,0,0,0,145,-1,0,0,0,-120,0,0,1,0,0,0,3049
3557,0,165,5000,500,910,0,0,0,0,0,0,0,0,0,0,145,-1,0,0,0,-120,0,0,1,0,0,0,3049
3558,0,166,5000,500,910,0,0,0,0,0,0,0,0,0,0,145,-1,0,0,0,-120,0,0,1,0,0,0,3049
3559,0,167,5000,500,910,0,0,0,0,0,0,0,0,0,0,145,-1,0,0,0,-120,0,0,1,0,0,0,3049
3560,0,168,5000,500,910,0,0,0,0,0,0,0,0,0,0,145,-1,0,0,0,-120,0,0,1,0,0,0,3049
3561,0,169,5000,500,910,0,0,0,0,0,0,0,0,0,0,145,-1,0,0,0,-120,0,0,1,0,0,0,3049
3562,0,170,5000,500,910,0,0,0,0,0,0,0,0,0,0,145,-1,0,0,0,-120,0,0,1,0,0,0,3049
3563,0,171,5000,500,910,0,0,0,0,0,0,0,0,0,0,145,-1,0,0,0,-120,0,0,1,0,0,0,3049
3564,0,172,5000,500,910,0,0,0,0,0,0,0,0,0,0,145,-1,0,0,0,-120,0,0,1,0,0,0,3049
3565,0,173,5000,500,910,0,0,0,0,0,0,0,0,0,0,145,-1,0,0,0,-120,0,0,1,0,0,0,3049
3566,0,174,5000,500,910,0,0,0,0,0,0,0,0,0,0,145,-1,0,0,0,-120,0,0,1,0,0,0,3049
3567,0,175,5000,500,910,0,0,0,0,0,0,0,0,0,0,145,-1,0,0,0,-120,0,0,1,0,0,0,3049
3568,0,176,5000,500,910,0,0,0,0,0,0,0,0,0,0,145,-1,0,0,0,-120,0,0,1,0,0,0,3049
3569,0,177,5000,500,910,0,0,0,0,0,0,0,0,0,0,145,-1,0,0,0,-120,0,0,1,0,0,0,3049
3570,0,178,5000,500,910,0,0,0,0,0,0,0,0,0,0,145,-1,0,0,0,-120,0,0,1,0,0,0,3049
3571,0,179,5000,500,910,0,0,0,0,0,0,0,0,0,0,145,-1,0,0,0,-120,0,0,1,0,0,0,3049
3572,0,180,5000,500,910,0,0,0,0,0,0,0,0,0,0,145,-1,0,0,0,-120,0,0,1,0,0,0,3049
3573,0,181,5000,500,910,0,0,0,0,0,0,0,0,0,0,145,-1,0,0,0,-120,0,0,1,0,0,0,3049
3574,0,182,5000,500,910,0,0,0,0,0,0,0,0,0,0,145,-1,0,0,0,-120,0,0,1,0,0,0,3049
3575,0,183,5000,500,910,0,0,0,0,0,0,0,0,0,0,145,-1,0,0,0,-120,0,0,1,0,0,0,3049
3576,0,184,5000,500,910,0,0,0,0,0,0,0,0,0,0,145,-1,0,0,0,-120,0,0,1,0,0,0,3049
3577,0,185,5000,500,910,0,0,0,0,0,0,0,0,0,0,145,-1,0,0,0,-120,0,0,1,0,0,0,3049
3578,0,186,5000,500,910,0,0,0,0,0,0,0,0,0,0,145,-1,0,0,0,-120,0,0,1,0,0,0,3049
3579,0,187,5000,500,910,0,0,0,0,0,0,0,0,0,0,145,-1,0,0,0,-120,0,0,1,0,0,0,3049
3580,0,188,5000,500,910,0,0,0,0,0,0,0,0,0,0,145,-1,0,0,0,-120,0,0,1,0,0,0,3049
3581,0,189,5000,500,910,0,0,0,0,0,0,0,0,0,0,145,-1,0,0,0,-120,0,0,1,0,0,0,3049
3582,0,190,5000,500,910,0,0,0,0,0,0,0,0,0,0,145,-1,0,0,0,-120,0,0,1,0,0,0,3049
3583,0,191,5000,500,910,0,0,0,0,0,0,0,0,0,0,145,-1,0,0,0,-120,0,0,1,0,0,0,3049
3584,0,192,5000,500,910,0,0,0,0,0,0,0,0,0,0,145,-1,0,0,0,-120,0,0,1,0,0,0,3049
3585,0,193,5000,500,910,0,0,0,0,0,0,0,0,0,0,145,-1,0,0,0,-120,0,0,1,0,0,0,3049
3586,0,194,5000,500,910,0,0,0,0,0,0,0,0,0,0,145,-1,0,0,0,-120,0,0,1,0,0,0,3049
3587,0,195,5000,500,910,0,0,0,0,0,0,0,0,0,0,145,-1,0,0,0,-120,0,0,1,0,0,0,3049
3588,0,196,5000,500,910,0,0,0,0,0,0,0,0,0,0,145,-1,0,0,0,-120,0,0,1,0,0,0,3049
3589,0,197,5000,500,910,0,0,0,0,0,0,0,0,0,0,145,-1,0,0,0,-120,0,0,1,0,0,0,3049
3590,0,198,5000,500,910,0,0,0,0,0,0,0,0,0,0,145,-1,0,0,0,-120,0,0,1,0,0,0,3049
3591,0,199,5000,500,910,0,0,0,0,0,0,0,0,0,0,145,-1,0,0,0,-120,0,0,1,0,0,0,3049
3592,0,200,5000,500,910,0,0,0,0,0,0,0,0,0,0,145,-1,0,0,0,-120,0,0,1,0,0,0,3049
3593,0,201,5000,500,910,0,0,0,0,0,0,0,0,0,0,145,-1,0,0,0,-120,0,0,1,0,0,0,3049
3594,0,202,5000,500,910,0,0,0,0,0,0,0,0,0,0,145,-1,0,0,0,-120,0,0,1,0,0,0,3049
3595,0,203,5000,500,910,0,0,0,0,0,0,0,0,0,0,145,-1,0,0,0,-120,0,0,1,0,0,0,3049
3596,0,204,5000,500,910,0,0,0,0,0,0,0,0,0,0,145,-1,0,0,0,-120,0,0,1,0,0,0,3049
3597,0,205,5000,500,910,0,0,0,0,0,0,0,0,0,0,145,-1,0,0,0,-120,0,0,1,0,0,0,3049
3598,0,206,5000,500,910,0,0,0,0,0,0,0,0,0,0,145,-1,0,0,0,-120,0,0,1,0,0,0,3049
3599,0,207,5000,500,910,0,0,0,0,0,0,0,0,0,0,145,-1,0,0,0,-120,0,0,1,0,0,0,3049
3600,0,208,5000,500,910,0,0,0,0,0,0,0,0,0,0,145,-1,0,0,0,-120,0,0,1,0,0,0,3049
3601,0,209,5000,500,910,0,0,0,0,0,0,0,0,0,0,145,-1,0,0,0,-120,0,0,1,0,0,0,3049
3602,0,210,5000,500,910,0,0,0,0,0,0,0,0,0,0,145,-1,0,0,0,-120,0,0,1,0,0,0,3049
3603,0,211,5000,500,910,0,0,0,0,0,0,0,0,0,0,145,-1,0,0,0,-120,0,0,1,0,0,0,3049
3604,0,212,5000,500,910,0,0,0,0,0,0,0,0,0,0,145,-1,0,0,0,-120,0,0,1,0,0,0,3049
3605,0,213,5000,500,910,0,0,0,0,0,0,0,0,0,0,145,-1,0,0,0,-120,0,0,1,0,0,0,3049
3606,0,214,5000,500,910,0,0,0,0,0,0,0,0,0,0,145,-1,0,0,0,-120,0,0,1,0,0,0,3049
3607,0,215,5000,500,910,0,0,0,0,0,0,0,0,0,0,145,-1,0,0,0,-120,0,0,1,0,0,0,3049
3608,0,216,5000,500,910,0,0,0,0,0,0,0,0,0,0,145,-1,0,0,0,-120,0,0,1,0,0,0,3049
3609,0,217,5000,500,910,0,0,0,0,0,0,0,0,0,0,145,-1,0,0,0,-120,0,0,1,0,0,0,3049
3610,0,1,3000,500,1000,0,0,0,0,0,0,0,0,0,0,145,-1,0,0,0,-120,0,0,0,0,0,0,1000
3611,0,2,3000,500,1000,0,0,0,0,0,0,0,0,0,0,145,-1,0,0,0,-120,0,0,0,0,0,0,1000
3612,0,3,3000,500,1000,0,0,0,0,0,0,0,0,0,0,145,-1,0,0,0,-120,0,0,0,0,0,0,1000
3613,0,4,3000,500,1000,0,0,0,0,0,0,0,0,0,0,145,-1,0,0,0,-120,0,0,0,0,0,0,1000
3614,0,5,3000,500,1000,0,0,0,0,0,0,0,0,0,0,145,-1,0,0,0,-120,0,0,0,0,0,0,1000
3615,0,6,3000,500,1000,0,0,0,0,0,0,0,0,0,0,145,-1,0,0,0,-120,0,0,0,0,0,0,1000
3616,0,7,3000,500,1000,0,0,0,0,0,0,0,0,0,0,145,-1,0,0,0,-120,0,0,0,0,0,0,1000
3617,0,8,3000,500,1000,0,0,0,0,0,0,0,0,0,0,145,-1,0,0,0,-120,0,0,0,0,0,0,1000
3618,0,9,3000,500,1000,0,0,0,0,0,0,0,0,0,0,145,-1,0,0,0,-120,0,0,0,0,0,0,1000
3619,10,1,3000,500,1000,0,0,0,0,0,0,0,0,0,0,145,-1,0,0,0,-120,0,0,0,0,0,0,1000
3620,10,2,3000,500,1000,0,0,0,0,0,0,0,0,0,0,145,-1,0,0,0,-120,0,0,0,0,0,0,1000
3621,10,3,3000,500,1000,0,0,0,0,0,0,0,0,0,0,145,-1,0,0,0,-120,0,0,0,0,0,0,1000
3622,10,4,3000,500,1000,0,0,0,0,0,0,0,0,0,0,145,-1,0,0,0,-120,0,0,0,0,0,0,1000
3623,10,5,3000,500,1000,0,0,0,0,0,0,0,0,0,0,145,-1,0,0,0,-120,0,0,0,0,0,0,1000
3624,10,6,3000,500,1000,0,0,0,0,0,0,0,0,0,0,145,-1,0,0,0,-120,0,0,0,0,0,0,1000
3625,1040,1,2900,500,1000,0,0,180,0,0,0,0,0,0,0,145,-1,0,0,0,-120,0,0,0,0,0,0,1000
3626,1040,2,2900,500,1000,0,0,179,0,0,0,0,0,0,0,145,-1,0,0,0,-120,0,0,0,0,0,0,1000
3627,1040,3,2900,500,1000,0,0,178,0,0,0,0,0,0,0,145,-1,0,0,0,-120,0,0,0,0,0,0,1000
3628,1040,4,2900,500,1000,0,0,177,0,0,0,0,0,0,0,140.5,-1,0,0,0,-120,0,0,0,0,0,0,1000
3629,1040,5,2900,500,1000,0,0,176,0,0,0,0,0,0,0,140.5,-1,0,0,0,-115.5,0,0,0,0,0,0,1000
3630,1040,6,2900,500,1000,0,0,175,0,0,0,0,0,0,0,140.5,-1,0,0,0,-111,0,0,0,0,0,0,1000
3631,1040,7,2900,500,1000,0,0,174,0,0,0,0,0,0,0,140.5,-1,0,0,0,-106.5,0,0,0,0,0,0,1000
3632,1040,8,2900,500,1000,0,0,173,0,0,0,0,0,0,0,140.5,-1,0,0,0,-102,0,0,0,0,0,0,1000
3633,1040,9,2900,500,1000,0,0,172,0,0,0,0,0,0,0,140.5,-1,0,0,0,-97.5,0,0,0,0,0,0,1000
3634,1040,10,2900,500,1000,0,0,171,0,0,0,0,0,0,0,140.5,-1,0,0,0,-93,0,0,0,0,0,0,1000
3635,1040,11,2900,500,1000,0,0,170,0,0,0,0,0,0,0,140.5,-1,0,0,0,-88.5,0,0,0,0,0,0,1000
3636,1040,12,2900,500,1000,0,0,169,0,0,0,0,0,0,0,140.5,-1,0,0,0,-84,0,0,0,0,0,0,1000
3637,1040,13,2900,500,1000,0,0,168,0,0,0,0,0,0,0,140.5,-1,0,0,0,-79.5,0,0,0,0,0,0,1000
3638,1040,14,2900,500,1000,0,0,167,0,0,0,0,0,0,0,140.5,-1,0,0,0,-75,0,0,0,0,0,0,1000
3639,1040,15,2900,500,1000,0,0,166,0,0,0,0,0,0,0,140.5,-1,0,0,0,-70.5,0,0,0,0,0,0,1000
3640,1040,16,2900,500,1000,0,0,165,0,0,0,0,0,0,0,140.5,-1,0,0,0,-66,0,0,0,0,0,0,1000
3641,1040,17,2900,500,1000,0,0,164,0,0,0,0,0,0,0,140.5,-1,0,0,0,-66,0,0,0,0,0,0,1000
3642,1040,18,2900,500,1000,0,0,163,0,0,0,0,0,0,0,140.5,-1,0,0,0,-66,0,0,0,0,0,0,1000
3643,1040,19,2900,500,1000,0,0,162,0,0,0,0,0,0,0,140.5,-1,0,0,0,-66,0,0,2,0,0,0,1000
3644,1040,20,2900,500,1000,0,0,161,0,0,0,0,0,0,0,140.5,-1,0,0,0,-66,0,0,2,0,0,0,1000
3645,1040,21,2900,500,1000,0,0,160,0,0,0,0,0,0,0,140.5,-1,0,0,0,-66,0,0,2,0,0,0,1000
3646,1040,22,2900,500,1000,0,0,159,0,0,0,0,0,0,0,140.5,-1,0,0,0,-66,0,0,2,0,0,0,1000
3647,1040,23,2900,500,1000,0,0,158,0,0,0,0,0,0,0,140.5,-1,0,0,0,-66,0,0,2,0,0,0,1000
3648,1040,24,2900,500,1000,0,0,157,0,0,0,0,0,0,0,140.5,-1,0,0,0,-66,0,0,2,0,0,0,1000
3649,1040,25,2900,500,1000,0,0,156,0,0,0,0,0,0,0,140.5,-1,0,0,0,-66,0,0,2,0,0,0,1000
3650,1040,26,2900,500,1000,0,0,155,0,0,0,0,0,0,0,140.5,-1,0,0,0,-66,0,0,2,0,0,0,1000
3651,0,1,2900,500,1000,0,0,154,0,0,0,0,0,0,0,140.5,-1,0,0,0,-66,0,0,2,0,0,0,1000
3652,0,2,2900,500,1000,0,0,153,0,0,0,0,0,0,0,140.5,-1,0,0,0,-66,0,0,2,0,0,0,1000
3653,0,3,2900,500,1000,0,0,152,0,0,0,0,0,0,0,140.5,-1,0,0,0,-66,0,0,2,0,0,0,1000
3654,0,4,2900,500,1000,0,0,151,0,0,0,0,0,0,0,140.5,-1,0,0,0,-66,0,0,2,0,0,0,1000
3655,0,5,2900,500,1000,0,0,150,0,0,0,0,0,0,0,140.5,-1,0,0,0,-66,0,0,2,0,0,0,1000
3656,0,6,2900,500,1000,0,0,149,0,0,0,0,0,0,0,140.5,-1,0,0,0,-66,0,0,2,0,0,0,1000
3657,0,7,2900,500,1000,0,0,148,0,0,0,0,0,0,0,140.5,-1,0,0,0,-66,0,0,2,0,0,0,1000
3658,0,8,2900,500,1000,0,0,147,0,0,0,0,0,0,0,140.5,-1,0,0,0,-66,0,0,2,0,0,0,1000
3659,0,9,2900,500,1000,0,0,146,0,0,0,0,0,0,0,140.5,-1,0,0,0,-66,0,0,2,0,0,0,1000
3660,0,10,2900,500,1000,0,0,145,0,0,0,0,0,0,0,140.5,-1,0,0,0,-66,0,0,2,0,0,0,1000
3661,0,11,2900,500,1000,0,0,144,0,0,0,0,0,0,0,140.5,-1,0,0,0,-66,0,0,2,0,0,0,1000
3662,0,12,2900,500,1000,0,0,143,0,0,0,0,0,0,0,140.5,-1,0,0,0,-66,0,0,2,0,0,0,1000
3663,0,13,2900,500,1000,0,0,142,0,0,0,0,0,0,0,140.5,-1,0,0,0,-66,0,0,2,0,0,0,1000
3664,0,14,2900,500,1000,0,0,141,0,0,0,0,0,0,0,140.5,-1,0,0,0,-66,0,0,2,0,0,0,1000
3665,0,15,2900,500,1000,0,0,140,0,0,0,0,0,0,0,140.5,-1,0,0,0,-66,0,0,2,0,0,0,1000
3666,0,16,2900,500,1000,0,0,139,0,0,0,0,0,0,0,140.5,-1,0,0,0,-66,0,0,2,0,0,0,1000
3667,0,17,2900,500,1000,0,0,138,0,0,0,0,0,0,0,140.5,-1,0,0,0,-66,0,0,2,0,0,0,1000
3668,0,18,2900,500,1000,0,0,137,0,0,0,0,0,0,0,140.5,-1,0,0,0,-66,0,0,2,0,0,0,1000
3669,0,19,2900,500,1000,0,0,136,0,0,0,0,0,0,0,140.5,-1,0,0,0,-66,0,0,2,0,0,0,1000
3670,0,20,2900,500,1000,0,0,135,0,0,0,0,0,0,0,140.5,-1,0,0,0,-66,0,0,2,0,0,0,1000
3671,0,21,2900,500,1000,0,0,134,0,0,0,0,0,0,0,140.5,-1,0,0,0,-66,0,0,2,0,0,0,1000
3672,0,22,2900,500,1000,0,0,133,0,0,0,0,0,0,0,140.5,-1,0,0,0,-66,0,0,2,0,0,0,1000
3673,0,23,2900,500,1000,0,0,132,0,0,0,0,0,0,0,140.5,-1,0,0,0,-66,0,0,2,0,0,0,1000
3674,0,24,2900,500,1000,0,0,131,0,0,0,0,0,0,0,140.5,-1,0,0,0,-66,0,0,2,0,0,0,1000
3675,0,25,2900,500,1000,0,0,130,0,0,0,0,0,0,0,140.5,-1,0,0,0,-66,0,0,2,0,0,0,1000
3676,0,26,2900,500,1000,0,0,129,0,0,0,0,0,0,0,140.5,-1,0,0,0,-66,0,0,2,0,0,0,1000
3677,0,27,2900,500,1000,0,0,128,0,0,0,0,0,0,0,140.5,-1,0,0,0,-66,0,0,2,0,0,0,1000
3678,0,28,2900,500,1000,0,0,127,0,0,0,0,0,0,0,140.5,-1,0,0,0,-66,0,0,2,0,0,0,1000
3679,0,29,2900,500,1000,0,0,126,0,0,0,0,0,0,0,140.5,-1,0,0,0,-66,0,0,2,0,0,0,1000
3680,0,30,2900,500,1000,0,0,125,0,0,0,0,0,0,0,140.5,-1,0,0,0,-66,0,0,2,0,0,0,1000
3681,0,31,2900,500,1000,0,0,124,0,0,0,0,0,0,0,140.5,-1,0,0,0,-66,0,0,2,0,0,0,1000
3682,0,32,2900,500,1000,0,0,123,0,0,0,0,0,0,0,140.5,-1,0,0,0,-66,0,0,2,0,0,0,1000
3683,0,33,2900,500,1000,0,0,122,0,0,0,0,0,0,0,140.5,-1,0,0,0,-66,0,0,2,0,0,0,1000
3684,0,34,2900,500,1000,0,0,121,0,0,0,0,0,0,0,140.5,-1,0,0,0,-66,0,0,2,0,0,0,1000
3685,0,35,2900,500,1000,0,0,120,0,0,0,0,0,0,0,140.5,-1,0,0,0,-66,0,0,2,0,0,0,1000
3686,0,36,2900,500,1000,0,0,119,0,0,0,0,0,0,0,140.5,-1,0,0,0,-66,0,0,2,0,0,0,1000
3687,0,37,2900,500,1000,0,0,118,0,0,0,0,0,0,0,140.5,-1,0,0,0,-66,0,0,2,0,0,0,1000
3688,0,38,2900,500,1000,0,0,117,0,0,0,0,0,0,0,140.5,-1,0,0,0,-66,0,0,2,0,0,0,1000
3689,0,39,2900,500,1000,0,0,116,0,0,0,0,0,0,0,140.5,-1,0,0,0,-66,0,0,2,0,0,0,1000
3690,0,40,2900,500,1000,0,0,115,0,0,0,0,0,0,0,140.5,-1,0,0,0,-66,0,0,2,0,0,0,1000
3691,0,41,2900,500,1000,0,0,114,0,0,0,0,0,0,0,140.5,-1,0,0,0,-66,0,0,2,0,0,0,1000
3692,0,42,2900,500,1000,0,0,113,0,0,0,0,0,0,0,140.5,-1,0,0,0,-66,0,0,2,0,0,0,1000
3693,0,43,2900,500,1000,0,0,112,0,0,0,0,0,0,0,140.5,-1,0,0,0,-66,0,0,2,0,0,0,1000
3694,0,44,2900,500,1000,0,0,111,0,0,0,0,0,0,0,140.5,-1,0,0,0,-66,0,0,2,0,0,0,1000
3695,0,45,2900,500,1000,0,0,110,0,0,0,0,0,0,0,140.5,-1,0,0,0,-66,0,0,2,0,0,0,1000
3696,0,46,2900,500,1000,0,0,109,0,0,0,0,0,0,0,140.5,-1,0,0,0,-66,0,0,2,0,0,0,1000
3697,0,47,2900,500,1000,0,0,108,0,0,0,0,0,0,0,140.5,-1,0,0,0,-66,0,0,2,0,0,0,1000
3698,0,48,2900,500,1000,0,0,107,0,0,0,0,0,0,0,140.5,-1,0,0,0,-66,0,0,2,0,0,0,1000
3699,0,49,2900,500,1000,0,0,106,0,0,0,0,0,0,0,140.5,-1,0,0,0,-66,0,0,2,0,0,0,1000
3700,0,50,2900,500,1000,0,0,105,0,0,0,0,0,0,0,140.5,-1,0,0,0,-66,0,0,2,0,0,0,1000
3701,0,51,2900,500,1000,0,0,104,0,0,0,0,0,0,0,140.5,-1,0,0,0,-66,0,0,2,0,0,0,1000
3702,0,52,2900,500,1000,0,0,103,0,0,0,0,0,0,0,140.5,-1,0,0,0,-66,0,0,2,0,0,0,1000
3703,0,53,2900,500,1000,0,0,102,0,0,0,0,0,0,0,140.5,-1,0,0,0,-66,0,0,2,0,0,0,1000
3704,0,54,2900,500,1000,0,0,101,0,0,0,0,0,0,0,140.5,-1,0,0,0,-66,0,0,2,0,0,0,1000
3705,0,55,2900,500,1000,0,0,100,0,0,0,0,0,0,0,140.5,-1,0,0,0,-66,0,0,2,0,0,0,1000
3706,0,56,2900,500,1000,0,0,99,0,0,0,0,0,0,0,140.5,-1,0,0,0,-66,0,0,2,0,0,0,1000
3707,0,57,2900,500,1000,0,0,98,0,0,0,0,0,0,0,140.5,-1,0,0,0,-66,0,0,2,0,0,0,1000
3708,0,58,2900,500,1000,0,0,97,0,0,0,0,0,0,0,140.5,-1,0,0,0,-66,0,0,2,0,0,0,1000
3709,0,59,2900,500,1000,0,0,96,0,0,0,0,0,0,0,140.5,-1,0,0,0,-66,0,0,2,0,0,0,1000
3710,0,60,2900,500,1000,0,0,95,0,0,0,0,0,0,0,140.5,-1,0,0,0,-66,0,0,2,0,0,0,1000
3711,0,61,2900,500,1000,0,0,94,0,0,0,0,0,0,0,140.5,-1,0,0,0,-66,0,0,2,0,0,0,1000
3712,0,62,2900,500,1000,0,0,93,0,0,0,0,0,0,0,140.5,-1,0,0,0,-66,0,0,2,0,0,0,1000
3713,0,63,2900,500,1000,0,0,92,0,0,0,0,0,0,0,140.5,-1,0,0,0,-66,0,0,2,0,0,0,1000
3714,0,64,2900,500,1000,0,0,91,0,0,0,0,0,0,0,140.5,-1,0,0,0,-66,0,0,2,0,0,0,1000
3715,0,65,2900,500,1000,0,0,90,0,0,0,0,0,0,0,140.5,-1,0,0,0,-66,0,0,2,0,0,0,1000
3716,0,66,2900,500,1000,0,0,89,0,0,0,0,0,0,0,140.5,-1,0,0,0,-66,0,0,2,0,0,0,1000
3717,0,67,2900,500,1000,0,0,88,0,0,0,0,0,0,0,140.5,-1,0,0,0,-66,0,0,2,0,0,0,1000
3718,0,68,2900,500,1000,0,0,87,0,0,0,0,0,0,0,140.5,-1,0,0,0,-66,0,0,2,0,0,0,1000
3719,0,69,2900,500,1000,0,0,86,0,0,0,0,0,0,0,140.5,-1,0,0,0,-66,0,0,2,0,0,0,1000
3720,0,70,2900,500,1000,0,0,85,0,0,0,0,0,0,0,140.5,-1,0,0,0,-66,0,0,2,0,0,0,1000
3721,0,71,2900,500,1000,0,0,84,0,0,0,0,0,0,0,140.5,-1,0,0,0,-66,0,0,2,0,0,0,1000
3722,0,72,2900,500,1000,0,0,83,0,0,0,0,0,0,0,140.5,-1,0,0,0,-66,0,0,2,0,0,0,1000
3723,0,73,2900,500,1000,0,0,82,0,0,0,0,0,0,0,140.5,-1,0,0,0,-66,0,0,2,0,0,0,1000
3724,0,74,2900,500,1000,0,0,81,0,0,0,0,0,0,0,140.5,-1,0,0,0,-66,0,0,2,0,0,0,1000
3725,0,75,2900,500,1000,0,0,80,0,0,0,0,0,0,0,140.5,-1,0,0,0,-66,0,0,2,0,0,0,1000
3726,0,76,2900,500,1000,0,0,79,0,0,0,0,0,0,0,140.5,-1,0,0,0,-66,0,0,2,0,0,0,1000
3727,0,77,2900,500,1000,0,0,78,0,0,0,0,0,0,0,140.5,-1,0,0,0,-66,0,0,2,0,0,0,1000
3728,0,78,2900,500,1000,0,0,77,0,0,0,0,0,0,0,140.5,-1,0,0,0,-66,0,0,2,0,0,0,1000
3729,0,79,2900,500,1000,0,0,76,0,0,0,0,0,0,0,140.5,-1,0,0,0,-66,0,0,2,0,0,0,1000
3730,0,80,2900,500,1000,0,0,75,0,0,0,0,0,0,0,140.5,-1,0,0,0,-66,0,0,2,0,0,0,1000
3731,0,81,2900,500,1000,0,0,74,0,0,0,0,0,0,0,140.5,-1,0,0,0,-66,0,0,2,0,0,0,1000
3732,0,82,2900,500,1000,0,0,73,0,0,0,0,0,0,0,140.5,-1,0,0,0,-66,0,0,2,0,0,0,1000
3733,0,83,2900,500,1000,0,0,72,0,0,0,0,0,0,0,140.5,-1,0,0,0,-66,0,0,2,0,0,0,1000
3734,0,84,2900,500,1000,0,0,71,0,0,0,0,0,0,0,140.5,-1,0,0,0,-66,0,0,2,0,0,0,1000
3735,0,85,2900,500,1000,0,0,70,0,0,0,0,0,0,0,140.5,-1,0,0,0,-66,0,0,2,0,0,0,1000
3736,0,86,2900,500,1000,0,0,69,0,0,0,0,0,0,0,140.5,-1,0,0,0,-66,0,0,2,0,0,0,1000
3737,0,87,2900,500,1000,0,0,68,0,0,0,0,0,0,0,140.5,-1,0,0,0,-66,0,0,2,0,0,0,1000
3738,0,88,2900,500,1000,0,0,67,0,0,0,0,0,0,0,140.5,-1,0,0,0,-66,0,0,2,0,0,0,1000
3739,0,89,2900,500,1000,0,0,66,0,0,0,0,0,0,0,140.5,-1,0,0,0,-66,0,0,2,0,0,0,1000
3740,0,90,2900,500,1000,0,0,65,0,0,0,0,0,0,0,140.5,-1,0,0,0,-66,0,0,2,0,0,0,1000
3741,0,91,2900,500,1000,0,0,64,0,0,0,0,0,0,0,140.5,-1,0,0,0,-66,0,0,2,0,0,0,1000
3742,0,92,2900,500,1000,0,0,63,0,0,0,0,0,0,0,140.5,-1,0,0,0,-66,0,0,2,0,0,0,1000
3743,0,93,2900,500,1000,0,0,62,0,0,0,0,0,0,0,140.5,-1,0,0,0,-66,0,0,2,0,0,0,1000
3744,0,94,2900,500,1000,0,0,61,0,0,0,0,0,0,0,140.5,-1,0,0,0,-66,0,0,2,0,0,0,1000
3745,0,95,2900,500,1000,0,0,60,0,0,0,0,0,0,0,140.5,-1,0,0,0,-66,0,0,2,0,0,0,1000
3746,0,96,2900,500,1000,0,0,59,0,0,0,0,0,0,0,140.5,-1,0,0,0,-66,0,0,2,0,0,0,1000
3747,0,97,2900,500,1000,0,0,58,0,0,0,0,0,0,0,140.5,-1,0,0,0,-66,0,0,2,0,0,0,1000
3748,0,98,2900,500,1000,0,0,57,0,0,0,0,0,0,0,140.5,-1,0,0,0,-66,0,0,2,0,0,0,1000
3749,0,99,2900,500,1000,0,0,56,0,0,0,0,0,0,0,140.5,-1,0,0,0,-66,0,0,2,0,0,0,1000
3750,0,100,2900,500,1000,0,0,55,0,0,0,0,0,0,0,140.5,-1,0,0,0,-66,0,0,2,0,0,0,1000
3751,0,101,2900,500,1000,0,0,54,0,0,0,0,0,0,0,140.5,-1,0,0,0,-66,0,0,2,0,0,0,1000
3752,0,102,2900,500,1000,0,0,53,0,0,0,0,0,0,0,140.5,-1,0,0,0,-66,0,0,2,0,0,0,1000
3753,0,103,2900,500,1000,0,0,52,0,0,0,0,0,0,0,140.5,-1,0,0,0,-66,0,0,2,0,0,0,1000
3754,0,104,2900,500,1000,0,0,51,0,0,0,0,0,0,0,140.5,-1,0,0,0,-66,0,0,2,0,0,0,1000
3755,0,105,2900,500,1000,0,0,50,0,0,0,0,0,0,0,140.5,-1,0,0,0,-66,0,0,2,0,0,0,1000
3756,0,106,2900,500,1000,0,0,49,0,0,0,0,0,0,0,140.5,-1,0,0,0,-66,0,0,2,0,0,0,1000
3757,0,107,2900,500,1000,0,0,48,0,0,0,0,0,0,0,140.5,-1,0,0,0,-66,0,0,2,0,0,0,1000
3758,0,108,2900,500,1000,0,0,47,0,0,0,0,0,0,0,140.5,-1,0,0,0,-66,0,0,2,0,0,0,1000
3759,0,109,2900,500,1000,0,0,46,0,0,0,0,0,0,0,140.5,-1,0,0,0,-66,0,0,2,0,0,0,1000
3760,0,110,2900,500,1000,0,0,45,0,0,0,0,0,0,0,140.5,-1,0,0,0,-66,0,0,2,0,0,0,1000
3761,0,111,2900,500,1000,0,0,44,0,0,0,0,0,0,0,140.5,-1,0,0,0,-66,0,0,2,0,0,0,1000
3762,0,112,2900,500,1000,0,0,43,0,0,0,0,0,0,0,140.5,-1,0,0,0,-66,0,0,2,0,0,0,1000
3763,0,113,2900,500,1000,0,0,42,0,0,0,0,0,0,0,140.5,-1,0,0,0,-66,0,0,2,0,0,0,1000
3764,0,114,2900,500,1000,0,0,41,0,0,0,0,0,0,0,140.5,-1,0,0,0,-66,0,0,2,0,0,0,1000
3765,0,115,2900,500,1000,0,0,40,0,0,0,0,0,0,0,140.5,-1,0,0,0,-66,0,0,2,0,0,0,1000
3766,0,116,2900,500,1000,0,0,39,0,0,0,0,0,0,0,140.5,-1,0,0,0,-66,0,0,2,0,0,0,1000
3767,0,117,2900,500,1000,0,0,38,0,0,0,0,0,0,0,140.5,-1,0,0,0,-66,0,0,2,0,0,0,1000
3768,0,118,2900,500,1000,0,0,37,0,0,0,0,0,0,0,140.5,-1,0,0,0,-66,0,0,2,0,0,0,1000
3769,0,119,2900,500,1000,0,0,36,0,0,0,0,0,0,0,140.5,-1,0,0,0,-66,0,0,2,0,0,0,1000
3770,0,120,2900,500,1000,0,0,35,0,0,0,0,0,0,0,140.5,-1,0,0,0,-66,0,0,2,0,0,0,1000
3771,0,121,2900,500,1000,0,0,34,0,0,0,0,0,0,0,140.5,-1,0,0,0,-66,0,0,2,0,0,0,1000
3772,0,122,2900,500,1000,0,0,33,0,0,0,0,0,0,0,140.5,-1,0,0,0,-66,0,0,2,0,0,0,1000
3773,0,123,2900,500,1000,0,0,32,0,0,0,0,0,0,0,140.5,-1,0,0,0,-66,0,0,2,0,0,0,1000
3774,0,124,2900,500,1000,0,0,31,0,0,0,0,0,0,0,140.5,-1,0,0,0,-66,0,0,2,0,0,0,1000
3775,0,125,2900,500,1000,0,0,30,0,0,0,0,0,0,0,140.5,-1,0,0,0,-66,0,0,2,0,0,0,1000
3776,0,126,2900,500,1000,0,0,29,0,0,0,0,0,0,0,140.5,-1,0,0,0,-66,0,0,2,0,0,0,1000
3777,0,127,2900,500,1000,0,0,28,0,0,0,0,0,0,0,140.5,-1,0,0,0,-66,0,0,2,0,0,0,1000
3778,0,128,2900,500,1000,0,0,27,0,0,0,0,0,0,0,140.5,-1,0,0,0,-66,0,0,2,0,0,0,1000
3779,0,129,2900,500,1000,0,0,26,0,0,0,0,0,0,0,140.5,-1,0,0,0,-66,0,0,2,0,0,0,1000
3780,0,130,2900,500,1000,0,0,25,0,0,0,0,0,0,0,140.5,-1,0,0,0,-66,0,0,2,0,0,0,1000
3781,0,131,2900,500,1000,0,0,24,0,0,0,0,0,0,0,140.5,-1,0,0,0,-66,0,0,2,0,0,0,1000
3782,0,132,2900,500,1000,0,0,23,0,0,0,0,0,0,0,140.5,-1,0,0,0,-66,0,0,2,0,0,0,1000
3783,0,133,2900,500,1000,0,0,22,0,0,0,0,0,0,0,140.5,-1,0,0,0,-66,0,0,2,0,0,0,1000
3784,0,134,2900,500,1000,0,0,21,0,0,0,0,0,0,0,140.5,-1,0,0,0,-66,0,0,2,0,0,0,1000
3785,0,135,2900,500,1000,0,0,20,0,0,0,0,0,0,0,140.5,-1,0,0,0,-66,0,0,2,0,0,0,1000
3786,0,136,2900,500,1000,0,0,19,0,0,0,0,0,0,0,140.5,-1,0,0,0,-66,0,0,2,0,0,0,1000
3787,0,137,2900,500,1000,0,0,18,0,0,0,0,0,0,0,140.5,-1,0,0,0,-66,0,0,2,0,0,0,1000
3788,0,138,2900,500,1000,0,0,17,0,0,0,0,0,0,0,140.5,-1,0,0,0,-66,0,0,2,0,0,0,1000
3789,0,139,2900,500,1000,0,0,16,0,0,0,0,0,0,0,140.5,-1,0,0,0,-66,0,0,2,0,0,0,1000
3790,0,140,2900,500,1000,0,0,15,0,0,0,0,0,0,0,140.5,-1,0,0,0,-66,0,0,2,0,0,0,1000
3791,0,141,2900,500,1000,0,0,14,0,0,0,0,0,0,0,140.5,-1,0,0,0,-66,0,0,2,0,0,0,1000
3792,0,142,2900,500,1000,0,0,13,0,0,0,0,0,0,0,140.5,-1,0,0,0,-66,0,0,2,0,0,0,1000
3793,0,143,2900,500,1000,0,0,12,0,0,0,0,0,0,0,140.5,-1,0,0,0,-66,0,0,2,0,0,0,1000
3794,0,144,2900,500,1000,0,0,11,0,0,0,0,0,0,0,140.5,-1,0,0,0,-66,0,0,2,0,0,0,1000
3795,0,145,2900,500,1000,0,0,10,0,0,0,0,0,0,0,140.5,-1,0,0,0,-66,0,0,2,0,0,0,1000
3796,0,146,2900,500,1000,0,0,9,0,0,0,0,0,0,0,140.5,-1,0,0,0,-66,0,0,2,0,0,0,1000
3797,0,147,2900,500,1000,0,0,8,0,0,0,0,0,0,0,140.5,-1,0,0,0,-66,0,0,2,0,0,0,1000
3798,0,148,2900,500,1000,0,0,7,0,0,0,0,0,0,0,140.5,-1,0,0,0,-66,0,0,2,0,0,0,1000
3799,0,149,2900,500,1000,0,0,6,0,0,0,0,0,0,0,140.5,-1,0,0,0,-66,0,0,2,0,0,0,1000
3800,0,150,2900,500,1000,0,0,5,0,0,0,0,0,0,0,140.5,-1,0,0,0,-66,0,0,2,0,0,0,1000
3801,0,151,2900,500,1000,0,0,4,0,0,0,0,0,0,0,140.5,-1,0,0,0,-66,0,0,2,0,0,0,1000
3802,0,152,2900,500,1000,0,0,3,0,0,0,0,0,0,0,140.5,-1,0,0,0,-66,0,0,2,0,0,0,1000
3803,0,153,2900,500,1000,0,0,2,0,0,0,0,0,0,0,140.5,-1,0,0,0,-66,0,0,2,0,0,0,1000
3804,0,154,2900,500,1000,0,0,1,0,0,0,0,0,0,0,140.5,-1,0,0,0,-66,0,0,2,0,0,0,1000
3805,0,155,2900,500,1000,0,0,0,0,0,0,0,0,0,0,140.5,-1,0,0,0,-66,0,0,2,0,0,0,1000
3806,0,156,2900,500,1000,0,0,0,0,0,0,0,0,0,0,140.5,-1,0,0,0,-66,0,0,2,0,0,0,1000
3807,0,157,2900,500,1000,0,0,0,0,0,0,0,0,0,0,140.5,-1,0,0,0,-66,0,0,2,0,0,0,1000
3808,0,158,2900,500,1000,0,0,0,0,0,0,0,0,0,0,140.5,-1,0,0,0,-66,0,0,2,0,0,0,1000
3809,0,159,2900,500,1000,0,0,0,0,0,0,0,0,0,0,140.5,-1,0,0,0,-66,0,0,2,0,0,0,1000
3810,0,160,2900,500,1000,0,0,0,0,0,0,0,0,0,0,140.5,-1,0,0,0,-66,0,0,2,0,0,0,1000
3811,0,161,2900,500,1000,0,0,0,0,0,0,0,0,0,0,140.5,-1,0,0,0,-66,0,0,2,0,0,0,1000
3812,0,162,2900,500,1000,0,0,0,0,0,0,0,0,0,0,140.5,-1,0,0,0,-66,0,0,2,0,0,0,1000
3813,0,163,2900,500,1000,0,0,0,0,0,0,0,0,0,0,140.5,-1,0,0,0,-66,0,0,2,0,0,0,1000
3814,0,164,2900,500,1000,0,0,0,0,0,0,0,0,0,0,140.5,-1,0,0,0,-66,0,0,2,0,0,0,1000
3815,0,165,2900,500,1000,0,0,0,0,0,0,0,0,0,0,140.5,-1,0,0,0,-66,0,0,2,0,0,0,1000
3816,0,166,2900,500,1000,0,0,0,0,0,0,0,0,0,0,140.5,-1,0,0,0,-66,0,0,2,0,0,0,1000
3817,0,167,2900,500,1000,0,0,0,0,0,0,0,0,0,0,140.5,-1,0,0,0,-66,0,0,2,0,0,0,1000
3818,0,168,2900,500,1000,0,0,0,0,0,0,0,0,0,0,140.5,-1,0,0,0,-66,0,0,2,0,0,0,1000
3819,0,169,2900,500,1000,0,0,0,0,0,0,0,0,0,0,140.5,-1,0,0,0,-66,0,0,2,0,0,0,1000
3820,0,170,2900,500,1000,0,0,0,0,0,0,0,0,0,0,140.5,-1,0,0,0,-66,0,0,2,0,0,0,1000
3821,0,171,2900,500,1000,0,0,0,0,0,0,0,0,0,0,140.5,-1,0,0,0,-66,0,0,2,0,0,0,1000
3822,0,172,2900,500,1000,0,0,0,0,0,0,0,0,0,0,140.5,-1,0,0,0,-66,0,0,2,0,0,0,1000
3823,0,173,2900,500,1000,0,0,0,0,0,0,0,0,0,0,140.5,-1,0,0,0,-66,0,0,2,0,0,0,1000
3824,0,174,2900,500,1000,0,0,0,0,0,0,0,0,0,0,140.5,-1,0,0,0,-66,0,0,2,0,0,0,1000
3825,0,175,2900,500,1000,0,0,0,0,0,0,0,0,0,0,140.5,-1,0,0,0,-66,0,0,2,0,0,0,1000
3826,0,176,2900,500,1000,0,0,0,0,0,0,0,0,0,0,140.5,-1,0,0,0,-66,0,0,2,0,0,0,1000
3827,0,177,2900,500,1000,0,0,0,0,0,0,0,0,0,0,140.5,-1,0,0,0,-66,0,0,2,0,0,0,1000
3828,0,178,2900,500,1000,0,0,0,0,0,0,0,0,0,0,140.5,-1,0,0,0,-66,0,0,2,0,0,0,1000
3829,0,179,2900,500,1000,0,0,0,0,0,0,0,0,0,0,140.5,-1,0,0,0,-66,0,0,2,0,0,0,1000
3830,0,180,2900,500,1000,0,0,0,0,0,0,0,0,0,0,140.5,-1,0,0,0,-66,0,0,2,0,0,0,1000
3831,0,181,2900,500,1000,0,0,0,0,0,0,0,0,0,0,140.5,-1,0,0,0,-66,0,0,2,0,0,0,1000
3832,0,182,2900,500,1000,0,0,0,0,0,0,0,0,0,0,140.5,-1,0,0,0,-66,0,0,2,0,0,0,1000
3833,0,183,2900,500,1000,0,0,0,0,0,0,0,0,0,0,140.5,-1,0,0,0,-66,0,0,2,0,0,0,1000
3834,0,184,2900,500,1000,0,0,0,0,0,0,0,0,0,0,140.5,-1,0,0,0,-66,0,0,2,0,0,0,1000
3835,0,185,2900,500,1000,0,0,0,0,0,0,0,0,0,0,140.5,-1,0,0,0,-66,0,0,2,0,0,0,1000
3836,0,186,2900,500,1000,0,0,0,0,0,0,0,0,0,0,140.5,-1,0,0,0,-66,0,0,2,0,0,0,1000
3837,0,187,2900,500,1000,0,0,0,0,0,0,0,0,0,0,140.5,-1,0,0,0,-66,0,0,2,0,0,0,1000
3838,0,188,2900,500,1000,0,0,0,0,0,0,0,0,0,0,140.5,-1,0,0,0,-66,0,0,2,0,0,0,1000
3839,0,189,2900,500,1000,0,0,0,0,0,0,0,0,0,0,140.5,-1,0,0,0,-66,0,0,2,0,0,0,1000
3840,0,190,2900,500,1000,0,0,0,0,0,0,0,0,0,0,140.5,-1,0,0,0,-66,0,0,2,0,0,0,1000
3841,0,191,2900,500,1000,0,0,0,0,0,0,0,0,0,0,140.5,-1,0,0,0,-66,0,0,2,0,0,0,1000
3842,0,192,2900,500,1000,0,0,0,0,0,0,0,0,0,0,140.5,-1,0,0,0,-66,0,0,2,0,0,0,1000
3843,0,193,2900,500,1000,0,0,0,0,0,0,0,0,0,0,140.5,-1,0,0,0,-66,0,0,2,0,0,0,1000
3844,0,194,2900,500,1000,0,0,0,0,0,0,0,0,0,0,140.5,-1,0,0,0,-66,0,0,2,0,0,0,1000
3845,0,195,2900,500,1000,0,0,0,0,0,0,0,0,0,0,140.5,-1,0,0,0,-66,0,0,2,0,0,0,1000
3846,0,196,2900,500,1000,0,0,0,0,0,0,0,0,0,0,140.5,-1,0,0,0,-66,0,0,2,0,0,0,1000
3847,0,197,2900,500,1000,0,0,0,0,0,0,0,0,0,0,140.5,-1,0,0,0,-66,0,0,2,0,0,0,1000
3848,0,198,2900,500,1000,0,0,0,0,0,0,0,0,0,0,140.5,-1,0,0,0,-66,0,0,2,0,0,0,1000
3849,0,199,2900,500,1000,0,0,0,0,0,0,0,0,0,0,140.5,-1,0,0,0,-66,0,0,2,0,0,0,1000
3850,0,200,2900,500,1000,0,0,0,0,0,0,0,0,0,0,140.5,-1,0,0,0,-66,0,0,2,0,0,0,1000
3851,0,201,2900,500,1000,0,0,0,0,0,0,0,0,0,0,140.5,-1,0,0,0,-66,0,0,2,0,0,0,1000
3852,0,202,2900,500,1000,0,0,0,0,0,0,0,0,0,0,140.5,-1,0,0,0,-66,0,0,2,0,0,0,1000
3853,0,203,2900,500,1000,0,0,0,0,0,0,0,0,0,0,140.5,-1,0,0,0,-66,0,0,2,0,0,0,1000
3854,0,204,2900,500,1000,0,0,0,0,0,0,0,0,0,0,140.5,-1,0,0,0,-66,0,0,2,0,0,0,1000
3855,0,205,2900,500,1000,0,0,0,0,0,0,0,0,0,0,140.5,-1,0,0,0,-66,0,0,2,0,0,0,1000
3856,0,206,2900,500,1000,0,0,0,0,0,0,0,0,0,0,140.5,-1,0,0,0,-66,0,0,2,0,0,0,1000
3857,0,207,2900,500,1000,0,0,0,0,0,0,0,0,0,0,140.5,-1,0,0,0,-66,0,0,2,0,0,0,1000
3858,0,208,2900,500,1000,0,0,0,0,0,0,0,0,0,0,140.5,-1,0,0,0,-66,0,0,2,0,0,0,1000
3859,0,209,2900,500,1000,0,0,0,0,0,0,0,0,0,0,140.5,-1,0,0,0,-66,0,0,2,0,0,0,1000
3860,0,210,2900,500,1000,0,0,0,0,0,0,0,0,0,0,140.5,-1,0,0,0,-66,0,0,2,0,0,0,1000
3861,0,211,2900,500,1000,0,0,0,0,0,0,0,0,0,0,140.5,-1,0,0,0,-66,0,0,2,0,0,0,1000
3862,0,212,2900,500,1000,0,0,0,0,0,0,0,0,0,0,140.5,-1,0,0,0,-66,0,0,2,0,0,0,1000
3863,0,213,2900,500,1000,0,0,0,0,0,0,0,0,0,0,140.5,-1,0,0,0,-66,0,0,2,0,0,0,1000
3864,0,214,2900,500,1000,0,0,0,0,0,0,0,0,0,0,140.5,-1,0,0,0,-66,0,0,2,0,0,0,1000
3865,0,215,2900,500,1000,0,0,0,0,0,0,0,0,0,0,140.5,-1,0,0,0,-66,0,0,2,0,0,0,1000
3866,0,216,2900,500,1000,0,0,0,0,0,0,0,0,0,0,140.5,-1,0,0,0,-66,0,0,2,0,0,0,1000
3867,0,217,2900,500,1000,0,0,0,0,0,0,0,0,0,0,140.5,-1,0,0,0,-66,0,0,2,0,0,0,1000
3868,0,218,2900,500,1000,0,0,0,0,0,0,0,0,0,0,140.5,-1,0,0,0,-66,0,0,2,0,0,0,1000
3869,0,219,2900,500,1000,0,0,0,0,0,0,0,0,0,0,140.5,-1,0,0,0,-66,0,0,2,0,0,0,1000
3870,0,220,2900,500,1000,0,0,0,0,0,0,0,0,0,0,140.5,-1,0,0,0,-66,0,0,2,0,0,0,1000
3871,0,221,2900,500,1000,0,0,0,0,0,0,0,0,0,0,140.5,-1,0,0,0,-66,0,0,2,0,0,0,1000
3872,0,222,2900,500,1000,0,0,0,0,0,0,0,0,0,0,140.5,-1,0,0,0,-66,0,0,2,0,0,0,1000
3873,0,223,2900,500,1000,0,0,0,0,0,0,0,0,0,0,140.5,-1,0,0,0,-66,0,0,2,0,0,0,1000
3874,0,224,2900,500,1000,0,0,0,0,0,0,0,0,0,0,140.5,-1,0,0,0,-66,0,0,2,0,0,0,1000
3875,0,225,2900,500,1000,0,0,0,0,0,0,0,0,0,0,140.5,-1,0,0,0,-66,0,0,2,0,0,0,1000
3876,0,226,2900,500,1000,0,0,0,0,0,0,0,0,0,0,140.5,-1,0,0,0,-66,0,0,2,0,0,0,1000
3877,0,227,2900,500,1000,0,0,0,0,0,0,0,0,0,0,140.5,-1,0,0,0,-66,0,0,2,0,0,0,1000
3878,0,228,2900,500,1000,0,0,0,0,0,0,0,0,0,0,140.5,-1,0,0,0,-66,0,0,2,0,0,0,1000
3879,0,229,2900,500,1000,0,0,0,0,0,0,0,0,0,0,140.5,-1,0,0,0,-66,0,0,2,0,0,0,1000
3880,0,230,2900,500,1000,0,0,0,0,0,0,0,0,0,0,140.5,-1,0,0,0,-66,0,0,2,0,0,0,1000
3881,0,231,2900,500,1000,0,0,0,0,0,0,0,0,0,0,140.5,-1,0,0,0,-66,0,0,2,0,0,0,1000
3882,0,232,2900,500,1000,0,0,0,0,0,0,0,0,0,0,140.5,-1,0,0,0,-66,0,0,2,0,0,0,1000
3883,0,233,2900,500,1000,0,0,0,0,0,0,0,0,0,0,140.5,-1,0,0,0,-66,0,0,2,0,0,0,1000
3884,0,234,2900,500,1000,0,0,0,0,0,0,0,0,0,0,140.5,-1,0,0,0,-66,0,0,2,0,0,0,1000
3885,0,235,2900,500,1000,0,0,0,0,0,0,0,0,0,0,140.5,-1,0,0,0,-66,0,0,2,0,0,0,1000
3886,0,236,2900,500,1000,0,0,0,0,0,0,0,0,0,0,140.5,-1,0,0,0,-66,0,0,2,0,0,0,1000
3887,0,237,2900,500,1000,0,0,0,0,0,0,0,0,0,0,140.5,-1,0,0,0,-66,0,0,2,0,0,0,1000
3888,0,238,2900,500,1000,0,0,0,0,0,0,0,0,0,0,140.5,-1,0,0,0,-66,0,0,2,0,0,0,1000
3889,0,239,2900,500,1000,0,0,0,0,0,0,0,0,0,0,140.5,-1,0,0,0,-66,0,0,2,0,0,0,1000
3890,0,240,2900,500,1000,0,0,0,0,0,0,0,0,0,0,140.5,-1,0,0,0,-66,0,0,2,0,0,0,1000
3891,0,241,2900,500,1000,0,0,0,0,0,0,0,0,0,0,140.5,-1,0,0,0,-66,0,0,2,0,0,0,1000
3892,0,242,2900,500,1000,0,0,0,0,0,0,0,0,0,0,140.5,-1,0,0,0,-66,0,0,2,0,0,0,1000
3893,0,243,2900,500,1000,0,0,0,0,0,0,0,0,0,0,140.5,-1,0,0,0,-66,0,0,2,0,0,0,1000
3894,0,244,2900,500,1000,0,0,0,0,0,0,0,0,0,0,140.5,-1,0,0,0,-66,0,0,2,0,0,0,1000
3895,0,245,2900,500,1000,0,0,0,0,0,0,0,0,0,0,140.5,-1,0,0,0,-66,0,0,2,0,0,0,1000
3896,0,246,2900,500,1000,0,0,0,0,0,0,0,0,0,0,140.5,-1,0,0,0,-66,0,0,2,0,0,0,1000
3897,0,247,2900,500,1000,0,0,0,0,0,0,0,0,0,0,140.5,-1,0,0,0,-66,0,0,2,0,0,0,1000
3898,0,248,2900,500,1000,0,0,0,0,0,0,0,0,0,0,140.5,-1,0,0,0,-66,0,0,2,0,0,0,1000
3899,0,249,2900,500,1000,0,0,0,0,0,0,0,0,0,0,140.5,-1,0,0,0,-66,0,0,2,0,0,0,1000
3900,0,250,2900,500,1000,0,0,0,0,0,0,0,0,0,0,140.5,-1,0,0,0,-66,0,0,2,0,0,0,1000
3901,0,251,2900,500,1000,0,0,0,0,0,0,0,0,0,0,140.5,-1,0,0,0,-66,0,0,2,0,0,0,1000
3902,0,252,2900,500,1000,0,0,0,0,0,0,0,0,0,0,140.5,-1,0,0,0,-66,0,0,2,0,0,0,1000
3903,0,253,2900,500,1000,0,0,0,0,0,0,0,0,0,0,140.5,-1,0,0,0,-66,0,0,2,0,0,0,1000
3904,0,254,2900,500,1000,0,0,0,0,0,0,0,0,0,0,140.5,-1,0,0,0,-66,0,0,2,0,0,0,1000
3905,0,255,2900,500,1000,0,0,0,0,0,0,0,0,0,0,140.5,-1,0,0,0,-66,0,0,2,0,0,0,1000
3906,0,256,2900,500,1000,0,0,0,0,0,0,0,0,0,0,140.5,-1,0,0,0,-66,0,0,2,0,0,0,1000
3907,0,257,2900,500,1000,0,0,0,0,0,0,0,0,0,0,140.5,-1,0,0,0,-66,0,0,2,0,0,0,1000
3908,0,258,2900,500,1000,0,0,0,0,0,0,0,0,0,0,140.5,-1,0,0,0,-66,0,0,2,0,0,0,1000
3909,0,259,2900,500,1000,0,0,0,0,0,0,0,0,0,0,140.5,-1,0,0,0,-66,0,0,2,0,0,0,1000
3910,0,1,3000,500,1000,0,0,0,0,0,0,0,0,0,0,91,-1,0,0,0,-66,0,0,0,0,0,0,1000
3911,0,2,3000,500,1000,0,0,0,0,0,0,0,0,0,0,91,-1,0,0,0,-66,0,0,0,0,0,0,1000
3912,0,3,3000,500,1000,0,0,0,0,0,0,0,0,0,0,91,-1,0,0,0,-66,0,0,0,0,0,0,1000
3913,0,4,3000,500,1000,0,0,0,0,0,0,0,0,0,0,91,-1,0,0,0,-66,0,0,0,0,0,0,1000
3914,0,5,3000,500,1000,0,0,0,0,0,0,0,0,0,0,91,-1,0,0,0,-66,0,0,0,0,0,0,1000
3915,0,6,3000,500,1000,0,0,0,0,0,0,0,0,0,0,91,-1,0,0,0,-66,0,0,0,0,0,0,1000
3916,0,7,3000,500,1000,0,0,0,0,0,0,0,0,0,0,91,-1,0,0,0,-66,0,0,0,0,0,0,1000
3917,0,8,3000,500,1000,0,0,0,0,0,0,0,0,0,0,91,-1,0,0,0,-66,0,0,0,0,0,0,1000
3918,0,9,3000,500,1000,0,0,0,0,0,0,0,0,0,0,91,-1,0,0,0,-66,0,0,0,0,0,0,1000
3919,10,1,3000,500,1000,0,0,0,0,0,0,0,0,0,0,91,-1,0,0,0,-66,0,0,0,0,0,0,1000
3920,10,2,3000,500,1000,0,0,0,0,0,0,0,0,0,0,91,-1,0,0,0,-66,0,0,0,0,0,0,1000
3921,10,3,3000,500,1000,0,0,0,0,0,0,0,0,0,0,91,-1,0,0,0,-66,0,0,0,0,0,0,1000
3922,10,4,3000,500,1000,0,0,0,0,0,0,0,0,0,0,91,-1,0,0,0,-66,0,0,0,0,0,0,1000
3923,10,5,3000,500,1000,0,0,0,0,0,0,0,0,0,0,91,-1,0,0,0,-66,0,0,0,0,0,0,1000
3924,10,6,3000,500,1000,0,0,0,0,0,0,0,0,0,0,91,-1,0,0,0,-66,0,0,0,0,0,0,1000
3925,12,1,3000,500,1000,0,0,0,0,0,0,0,0,0,0,91,-1,0,0,0,-66,0,0,0,0,0,0,1000
3926,20,1,3000,500,1000,0,0,0,0,0,0,0,0,0,0,88.8499984741211,-1,0,0,0,-66,0,0,0,0,0,0,1000
3927,20,2,3000,500,1000,0,0,0,0,0,0,0,0,0,0,86.69999694824219,-1,0,0,0,-66,0,0,0,0,0,0,1000
3928,10,1,3000,500,1000,0,0,0,0,0,0,0,0,0,0,86.69999694824219,-1,0,0,0,-66,0,0,0,0,0,0,1000
3929,10,2,3000,500,1000,0,0,0,0,0,0,0,0,0,0,86.69999694824219,-1,0,0,0,-66,0,0,0,0,0,0,1000
3930,10,3,3000,500,1000,0,0,0,0,0,0,0,0,0,0,86.69999694824219,-1,0,0,0,-66,0,0,0,0,0,0,1000
3931,10,4,3000,500,1000,0,0,0,0,0,0,0,0,0,0,86.69999694824219,-1,0,0,0,-66,0,0,0,0,0,0,1000
3932,10,5,3000,500,1000,0,0,0,0,0,0,0,0,0,0,86.69999694824219,-1,0,0,0,-66,0,0,0,0,0,0,1000
3933,10,6,3000,500,1000,0,0,0,0,0,0,0,0,0,0,86.69999694824219,-1,0,0,0,-66,0,0,0,0,0,0,1000
3934,3000,1,2000,500,1000,0,0,0,0,0,0,0,0,0,0,86.69999694824219,-1,0,0,0,-66,0,0,0,0,0,0,1000
3935,3000,2,2000,500,1000,0,0,0,0,0,0,0,0,0,0,86.69999694824219,-1,0,0,0,-66,0,0,0,0,0,0,1000
3936,3000,3,2000,500,1000,0,0,0,0,0,0,0,0,0,0,86.69999694824219,-1,0,0,0,-66,0,0,0,0,0,0,1000
3937,3000,4,2000,500,1000,0,0,0,0,0,0,0,0,0,0,86.69999694824219,-1,0,0,0,-66,0,0,0,0,0,0,1000
3938,3000,5,2000,500,1000,0,0,0,0,0,0,0,0,0,0,86.69999694824219,-1,0,0,0,-66,0,0,0,0,0,0,1000
3939,3000,6,2000,500,1000,0,0,0,0,0,0,0,0,0,0,86.69999694824219,-1,0,0,0,-66,0,0,0,0,0,0,1000
3940,3000,7,2000,500,1000,0,0,0,0,0,0,0,0,0,0,86.69999694824219,-1,0,0,0,-66,0,0,0,0,0,0,1000
3941,3000,8,2000,500,1000,0,0,0,0,0,0,0,0,0,0,86.69999694824219,-1,0,0,0,-66,0,0,0,0,0,0,1000
3942,3000,9,2000,500,1000,0,0,0,0,0,0,0,0,0,0,86.69999694824219,-1,0,0,0,-66,0,0,0,0,0,0,1000
3943,3000,10,2000,500,1000,0,0,0,0,0,0,0,0,0,0,86.69999694824219,-1,0,0,0,-66,0,0,0,0,0,0,1000
3944,3000,11,2000,500,1000,0,0,0,0,0,0,0,0,0,0,86.69999694824219,-1,0,0,0,-66,0,0,0,0,0,0,1000
3945,3000,12,2000,500,1000,0,0,0,0,0,0,0,0,0,0,86.69999694824219,-1,0,0,0,-66,0,0,0,0,0,0,1000
3946,3000,13,2000,500,1000,0,0,0,0,0,0,0,0,0,0,86.69999694824219,-1,0,0,0,-66,0,0,0,0,0,0,1000
3947,3000,14,2000,500,1000,0,0,0,0,0,0,0,0,0,0,86.69999694824219,-1,0,0,0,-66,0,0,0,0,0,0,1000
3948,3000,15,2000,500,1000,0,0,0,0,0,0,0,0,0,0,86.69999694824219,-1,0,0,0,-66,0,0,0,0,0,0,1000
3949,3000,16,2000,500,1000,0,0,0,0,0,0,0,0,0,0,86.69999694824219,-1,0,0,0,-66,0,0,0,0,0,0,1000
3950,3000,17,2000,500,1000,0,0,0,0,0,0,0,0,0,0,86.69999694824219,-1,0,0,0,-66,0,0,0,0,0,0,1000
3951,3000,18,2000,500,1000,0,0,0,0,0,0,0,0,0,0,86.69999694824219,-1,0,0,0,-66,0,0,0,0,0,0,1000
3952,3000,19,2000,500,1000,0,0,0,0,0,0,0,0,0,0,86.69999694824219,-1,0,0,0,-66,0,0,0,0,0,0,1000
3953,3000,20,2000,500,1000,0,0,0,0,0,0,0,0,0,0,86.69999694824219,-1,0,0,0,-66,0,0,0,0,0,0,1012
3954,3000,21,2000,500,1000,0,0,0,0,0,0,0,0,0,0,86.69999694824219,-1,0,0,0,-66,0,0,0,0,0,0,1012
3955,3000,22,2000,500,1000,0,0,0,0,0,0,0,0,0,0,86.69999694824219,-1,0,0,0,-66,0,0,0,0,0,0,1012
3956,3000,23,2000,500,1000,0,0,0,0,0,0,0,0,0,0,86.69999694824219,-1,0,0,0,-66,0,0,0,0,0,0,1012
3957,3000,24,2000,500,1000,0,0,0,0,0,0,0,0,0,0,86.69999694824219,-1,0,0,0,-66,0,0,0,0,0,0,1012
3958,3000,25,2000,500,1000,0,0,0,0,0,0,0,0,0,0,86.69999694824219,-1,0,0,0,-66,0,0,0,0,0,0,1012
3959,3015,0,2000,500,1000,0,0,0,0,0,0,0,0,0,0,86.69999694824219,-1,0,0,0,-66,0,0,0,0,0,0,1012
3960,3015,1,2016,500,1000,0,0,0,0,0,0,0,0,0,0,86.69999694824219,-1,0,0,0,-66,0,0,0,0,0,0,2031
3961,3015,2,2016,500,1000,0,0,0,0,0,0,0,0,0,0,86.69999694824219,-1,0,0,0,-66,0,0,0,0,0,0,2031
3962,3015,3,2016,500,1000,0,0,0,0,0,0,0,0,0,0,86.69999694824219,-1,0,0,0,-66,0,0,0,0,0,0,2031
3963,3015,4,2016,500,1000,0,0,0,0,0,0,0,0,0,0,86.69999694824219,-1,0,0,0,-66,0,0,0,0,0,0,2031
3964,3015,5,2016,500,1000,0,0,0,0,0,0,0,0,0,0,86.69999694824219,-1,0,0,0,-66,0,0,0,0,0,0,2031
3965,3015,6,2016,500,1000,0,0,0,0,0,0,0,0,0,0,86.69999694824219,-1,0,0,0,-66,0,0,0,0,0,0,2031
3966,3015,7,2016,500,1000,0,0,0,0,0,0,0,0,0,0,86.69999694824219,-1,0,0,0,-66,0,0,0,0,0,0,2031
3967,3015,8,2016,500,1000,0,0,0,0,0,0,0,0,0,0,86.69999694824219,-1,0,0,0,-66,0,0,0,0,0,0,2031
3968,3015,9,2016,500,1000,0,0,0,0,0,0,0,0,0,0,86.69999694824219,-1,0,0,0,-66,0,0,0,0,0,0,2031
3969,3015,9,2016,500,830,0,0,0,0,0,0,0,0,0,0,86.69999694824219,-1,0,0,0,-66,0,0,0,0,0,0,3049
3970,3015,9,2016,500,830,0,0,0,0,0,0,0,0,0,0,86.69999694824219,-1,0,0,0,-66,0,0,0,0,0,0,3049
3971,3015,9,2016,500,830,0,0,0,0,0,0,0,0,0,0,86.69999694824219,-1,0,0,0,-66,0,0,0,0,0,0,3049
3972,3015,9,2016,500,830,0,0,0,0,0,0,0,0,0,0,86.69999694824219,-1,0,0,0,-66,0,0,0,0,0,0,3049
3973,3015,9,2016,500,830,0,0,0,0,0,0,0,0,0,0,86.69999694824219,-1,0,0,0,-66,0,0,0,0,0,0,3049
3974,3015,9,2016,500,830,0,0,0,0,0,0,0,0,0,0,86.69999694824219,-1,0,0,0,-66,0,0,0,0,0,0,3049
3975,3015,10,2016,500,830,0,0,0,0,0,0,0,0,0,0,86.69999694824219,-1,0,0,0,-66,0,0,0,0,0,0,3049
3976,3015,11,2016,500,830,0,0,0,0,0,0,0,0,0,0,86.69999694824219,-1,0,0,0,-66,0,0,0,0,0,0,3049
3977,3015,12,2016,500,830,0,0,0,0,0,0,0,0,0,0,86.69999694824219,-1,0,0,0,-66,0,0,0,0,0,0,3049
3978,3015,13,2016,500,830,0,0,0,0,0,0,0,0,0,0,86.69999694824219,-1,0,0,0,-66,0,0,0,0,0,0,3049
3979,3015,14,2016,500,830,0,0,0,0,0,0,0,0,0,0,86.69999694824219,-1,0,0,0,-66,0,0,0,0,0,0,3049
3980,3015,15,2016,500,830,0,0,0,0,0,0,0,0,0,0,86.69999694824219,-1,0,0,0,-66,0,0,0,0,0,0,3049
3981,3015,16,2016,500,830,0,0,0,0,0,0,0,0,0,0,86.69999694824219,-1,0,0,0,-66,0,0,0,0,0,0,3049
3982,3015,17,2016,500,830,0,0,0,0,0,0,0,0,0,0,86.69999694824219,-1,0,0,0,-66,0,0,0,0,0,0,3049
3983,3015,18,2016,500,830,0,0,0,0,0,0,0,0,0,0,86.69999694824219,-1,0,0,0,-66,0,0,0,0,0,0,3049
3984,3015,19,2016,500,830,0,0,0,0,0,0,0,0,0,0,86.69999694824219,-1,0,0,0,-66,0,0,0,0,0,0,3049
3985,3015,20,2016,500,830,0,0,0,0,0,0,0,0,0,0,86.69999694824219,-1,0,0,0,-66,0,0,0,0,0,0,3049
3986,3015,21,2016,500,830,0,0,0,0,0,0,0,0,0,0,86.69999694824219,-1,0,0,0,-66,0,0,0,0,0,0,3049
3987,3015,22,2016,500,830,0,0,0,0,0,0,0,0,0,0,86.69999694824219,-1,0,0,0,-66,0,0,0,0,0,0,3049
3988,3015,23,2016,500,830,0,0,0,0,0,0,0,0,0,0,86.69999694824219,-1,0,0,0,-66,0,0,0,0,0,0,3049
3989,3015,24,2016,500,830,0,0,0,0,0,0,0,0,0,0,86.69999694824219,-1,0,0,0,-66,0,0,0,0,0,0,3049
3990,3015,25,2016,500,830,0,0,0,0,0,0,0,0,0,0,86.69999694824219,-1,0,0,0,-66,0,0,0,0,0,0,3049
3991,3015,26,2016,500,830,0,0,0,0,0,0,0,0,0,0,86.69999694824219,-1,0,0,0,-66,0,0,0,0,0,0,3049
3992,3015,27,2016,500,830,0,0,0,0,0,0,0,0,0,0,86.69999694824219,-1,0,0,0,-66,0,0,0,0,0,0,3049
3993,3015,28,2016,500,830,0,0,0,0,0,0,0,0,0,0,86.69999694824219,-1,0,0,0,-66,0,0,0,0,0,0,3049
3994,3015,29,2016,500,830,0,0,0,0,0,0,0,0,0,0,86.69999694824219,-1,0,0,0,-66,0,0,0,0,0,0,3049
3995,3015,30,2016,500,830,0,0,0,0,0,0,0,0,0,0,86.69999694824219,-1,0,0,0,-66,0,0,0,0,0,0,3049
3996,3015,31,2016,500,830,0,0,0,0,0,0,0,0,0,0,86.69999694824219,-1,0,0,0,-66,0,0,0,0,0,0,3049
3997,3015,32,2016,500,830,0,0,0,0,0,0,0,0,0,0,86.69999694824219,-1,0,0,0,-66,0,0,0,0,0,0,3049
3998,3015,33,2016,500,830,0,0,0,0,0,0,0,0,0,0,86.69999694824219,-1,0,0,0,-66,0,0,0,0,0,0,3049
3999,3015,34,2016,500,830,0,0,0,0,0,0,0,0,0,0,86.69999694824219,-1,0,0,0,-66,0,0,0,0,0,0,3049
4000,3015,35,2016,500,830,0,0,0,0,0,0,0,0,0,0,86.69999694824219,-1,0,0,0,-66,0,0,0,0,0,0,3049
4001,3015,36,2016,500,830,0,0,0,0,0,0,0,0,0,0,86.69999694824219,-1,0,0,0,-66,0,0,0,0,0,0,3049
4002,3015,37,2016,500,830,0,0,0,0,0,0,0,0,0,0,86.69999694824219,-1,0,0,0,-66,0,0,0,0,0,0,3049
4003,3015,38,2016,500,830,0,0,0,0,0,0,0,0,0,0,86.69999694824219,-1,0,0,0,-66,0,0,0,0,0,0,3049
4004,3015,39,2016,500,830,0,0,0,0,0,0,0,0,0,0,86.69999694824219,-1,0,0,0,-66,0,0,0,0,0,0,3049
4005,3015,40,2016,500,830,0,0,0,0,0,0,0,0,0,0,86.69999694824219,-1,0,0,0,-66,0,0,0,0,0,0,3049
4006,3015,41,2016,500,830,0,0,0,0,0,0,0,0,0,0,86.69999694824219,-1,0,0,0,-66,0,0,0,0,0,0,3049
4007,3015,42,2016,500,830,0,0,0,0,0,0,0,0,0,0,86.69999694824219,-1,0,0,0,-66,0,0,0,0,0,0,3049
4008,0,1,2016,500,830,0,0,0,0,0,0,0,0,0,0,86.69999694824219,-1,0,0,0,-66,0,0,0,0,0,0,3049
4009,0,2,2016,500,830,0,0,0,0,0,0,0,0,0,0,86.69999694824219,-1,0,0,0,-66,0,0,0,0,0,0,3049
4010,0,3,2016,500,830,0,0,0,0,0,0,0,0,0,0,86.69999694824219,-1,0,0,0,-66,0,0,0,0,0,0,3049
4011,0,4,2016,500,830,0,0,0,0,0,0,0,0,0,0,86.69999694824219,-1,0,0,0,-66,0,0,0,0,0,0,3049
4012,0,5,2016,500,830,0,0,0,0,0,0,0,0,0,0,86.69999694824219,-1,0,0,0,-66,0,0,0,0,0,0,3049
4013,0,6,2016,500,830,0,0,0,0,0,0,0,0,0,0,86.69999694824219,-1,0,0,0,-66,0,0,0,0,0,0,3049
4014,0,7,2016,500,830,0,0,0,0,0,0,0,0,0,0,86.69999694824219,-1,0,0,0,-66,0,0,0,0,0,0,3049
4015,0,8,2016,500,830,0,0,0,0,0,0,0,0,0,0,87.69999694824219,-1,0,0,0,-66,0,0,0,0,0,0,3049
4016,0,9,2016,500,830,0,0,0,0,0,0,0,0,0,0,91.69999694824219,-1,0,0,0,-67,0,0,0,0,0,0,3049
4017,0,10,2016,500,830,0,0,0,0,0,0,0,0,0,0,95.69999694824219,-1,0,0,0,-71,0,0,0,0,0,0,3049
4018,0,11,2016,500,830,0,0,0,0,0,0,0,0,0,0,99.69999694824219,-1,0,0,0,-75,0,0,0,0,0,0,3049
4019,0,12,2016,500,830,0,0,0,0,0,0,0,0,0,0,103.69999694824219,-1,0,0,0,-79,0,0,0,0,0,0,3049
4020,0,13,2016,500,830,0,0,0,0,0,0,0,0,0,0,107.69999694824219,-1,0,0,0,-83,0,0,0,0,0,0,3049
4021,0,14,2016,500,830,0,0,0,0,0,0,0,0,0,0,110.94999694824219,-1,0,0,0,-87,0,0,0,0,0,0,3049
4022,0,15,2016,500,830,0,0,0,0,0,0,0,0,0,0,112.94999694824219,-1,0,0,0,-90.25,0,0,0,0,0,0,3049
4023,0,16,2016,500,830,0,0,0,0,0,0,0,0,0,0,112.94999694824219,-1,0,0,0,-92.25,0,0,0,0,0,0,3049
4024,0,17,2016,500,830,0,0,0,0,0,0,0,0,0,0,112.94999694824219,-1,0,0,0,-92.25,0,0,0,0,0,0,3049
4025,0,18,2016,500,830,0,0,0,0,0,0,0,0,0,0,112.94999694824219,-1,0,0,0,-92.25,0,0,0,0,0,0,3049
4026,0,19,2016,500,830,0,0,0,0,0,0,0,0,0,0,112.94999694824219,-1,0,0,0,-92.25,0,0,0,0,0,0,3049
4027,0,20,2016,500,830,0,0,0,0,0,0,0,0,0,0,112.94999694824219,-1,0,0,0,-92.25,0,0,0,0,0,0,3049
4028,0,21,2016,500,830,0,0,0,0,0,0,0,0,0,0,112.94999694824219,-1,0,0,0,-92.25,0,0,0,0,0,0,3049
4029,0,22,2016,500,830,0,0,0,0,0,0,0,0,0,0,112.94999694824219,-1,0,0,0,-92.25,0,0,0,0,0,0,3049
4030,0,23,2016,500,830,0,0,0,0,0,0,0,0,0,0,112.94999694824219,-1,0,0,0,-92.25,0,0,0,0,0,0,3049
4031,0,24,2016,500,830,0,0,0,0,0,0,0,0,0,0,114.44999694824219,-1,0,0,0,-92.25,0,0,0,0,0,0,3049
4032,0,25,2016,500,830,0,0,0,0,0,0,0,0,0,0,115.94999694824219,-1,0,0,0,-93.75,0,0,0,0,0,0,3049
4033,0,26,2016,500,830,0,0,0,0,0,0,0,0,0,0,117.44999694824219,-1,0,0,0,-95.25,0,0,0,0,0,0,3049
4034,0,27,2016,500,830,0,0,0,0,0,0,0,0,0,0,118.94999694824219,-1,0,0,0,-96.75,0,0,0,0,0,0,3049
4035,0,28,2016,500,830,0,0,0,0,0,0,0,0,0,0,120.44999694824219,-1,0,0,0,-98.25,0,0,0,0,0,0,3049
4036,0,29,2016,500,830,0,0,0,0,0,0,0,0,0,0,121.94999694824219,-1,0,0,0,-99.75,0,0,0,0,0,0,3049
4037,0,30,2016,500,830,0,0,0,0,0,0,0,0,0,0,123.44999694824219,-1,0,0,0,-101.25,0,0,0,0,0,0,3049
4038,0,31,2016,500,830,0,0,0,0,0,0,0,0,0,0,124.94999694824219,-1,0,0,0,-102.75,0,0,0,0,0,0,3049
4039,0,32,2016,500,830,0,0,0,0,0,0,0,0,0,0,126.44999694824219,-1,0,0,0,-104.25,0,0,0,0,0,0,3049
4040,0,33,2016,500,830,0,0,0,0,0,0,0,0,0,0,127.94999694824219,-1,0,0,0,-105.75,0,0,0,0,0,0,3049
4041,0,34,2016,500,830,0,0,0,0,0,0,0,0,0,0,129.4499969482422,-1,0,0,0,-107.25,0,0,0,0,0,0,3049
4042,0,35,2016,500,830,0,0,0,0,0,0,0,0,0,0,130.9499969482422,-1,0,0,0,-108.75,0,0,0,0,0,0,3049
4043,0,36,2016,500,830,0,0,0,0,0,0,0,0,0,0,132.4499969482422,-1,0,0,0,-110.25,0,0,0,0,0,0,3049
4044,0,37,2016,500,830,0,0,0,0,0,0,0,0,0,0,133.9499969482422,-1,0,0,0,-111.75,0,0,0,0,0,0,3049
4045,0,38,2016,500,830,0,0,0,0,0,0,0,0,0,0,135.4499969482422,-1,0,0,0,-113.25,0,0,0,0,0,0,3049
4046,0,39,2016,500,830,0,0,0,0,0,0,0,0,0,0,136.9499969482422,-1,0,0,0,-114.75,0,0,0,0,0,0,3049
4047,0,40,2016,500,830,0,0,0,0,0,0,0,0,0,0,138.4499969482422,-1,0,0,0,-116.25,0,0,0,0,0,0,3049
4048,0,41,2016,500,830,0,0,0,0,0,0,0,0,0,0,139.9499969482422,-1,0,0,0,-117.75,0,0,0,0,0,0,3049
4049,0,42,2016,500,830,0,0,0,0,0,0,0,0,0,0,141.4499969482422,-1,0,0,0,-119.25,0,0,0,0,0,0,3049
4050,0,43,2016,500,830,0,0,0,0,0,0,0,0,0,0,142.9499969482422,-1,0,0,0,-120.75,0,0,0,0,0,0,3049
4051,0,44,2016,500,830,0,0,0,0,0,0,0,0,0,0,143.9499969482422,-1,0,0,0,-122.25,0,0,0,0,0,0,3049
4052,0,45,2016,500,830,0,0,0,0,0,0,0,0,0,0,144.4499969482422,-1,0,0,0,-123.25,0,0,0,0,0,0,3049
4053,0,46,2016,500,830,0,0,0,0,0,0,0,0,0,0,144.6999969482422,-1,0,0,0,-123.75,0,0,0,0,0,0,3049
4054,0,47,2016,500,830,0,0,0,0,0,0,0,0,0,0,144.9499969482422,-1,0,0,0,-124,0,0,0,0,0,0,3049
4055,0,48,2016,500,830,0,0,0,0,0,0,0,0,0,0,144.9499969482422,-1,0,0,0,-124.25,0,0,0,0,0,0,3049
4056,0,49,2016,500,830,0,0,0,0,0,0,0,0,0,0,144.9499969482422,-1,0,0,0,-124.25,0,0,0,0,0,0,3049
4057,0,50,2016,500,830,0,0,0,0,0,0,0,0,0,0,144.9499969482422,-1,0,0,0,-124.25,0,0,0,0,0,0,3049
4058,0,51,2016,500,830,0,0,0,0,0,0,0,0,0,0,144.9499969482422,-1,0,0,0,-124.25,0,0,0,0,0,0,3049
4059,0,52,2016,500,830,0,0,0,0,0,0,0,0,0,0,144.9499969482422,-1,0,0,0,-124.25,0,0,0,0,0,0,3049
4060,0,53,2016,500,830,0,0,0,0,0,0,0,0,0,0,144.9499969482422,-1,0,0,0,-124.25,0,0,0,0,0,0,3049
4061,0,54,2016,500,830,0,0,0,0,0,0,0,0,0,0,144.9499969482422,-1,0,0,0,-124.25,0,0,0,0,0,0,3049
4062,0,55,2016,500,830,0,0,0,0,0,0,0,0,0,0,144.9499969482422,-1,0,0,0,-124.25,0,0,0,0,0,0,3049
4063,0,56,2016,500,830,0,0,0,0,0,0,0,0,0,0,144.9499969482422,-1,0,0,0,-124.25,0,0,0,0,0,0,3049
4064,0,57,2016,500,830,0,0,0,0,0,0,0,0,0,0,144.9499969482422,-1,0,0,0,-124.25,0,0,0,0,0,0,3049
4065,0,58,2016,500,830,0,0,0,0,0,0,0,0,0,0,144.9499969482422,-1,0,0,0,-124.25,0,0,0,0,0,0,3049
4066,0,59,2016,500,830,0,0,0,0,0,0,0,0,0,0,144.9499969482422,-1,0,0,0,-124.25,0,0,0,0,0,0,3049
4067,0,60,2016,500,830,0,0,0,0,0,0,0,0,0,0,144.9499969482422,-1,0,0,0,-124.25,0,0,0,0,0,0,3049
4068,0,61,2016,500,830,0,0,0,0,0,0,0,0,0,0,144.9499969482422,-1,0,0,0,-124.25,0,0,0,0,0,0,3049
4069,0,62,2016,500,830,0,0,0,0,0,0,0,0,0,0,144.9499969482422,-1,0,0,0,-124.25,0,0,0,0,0,0,3049
4070,0,63,2016,500,830,0,0,0,0,0,0,0,0,0,0,144.9499969482422,-1,0,0,0,-124.25,0,0,0,0,0,0,3049
4071,0,64,2016,500,830,0,0,0,0,0,0,0,0,0,0,144.9499969482422,-1,0,0,0,-124.25,0,0,0,0,0,0,3049
4072,0,65,2016,500,830,0,0,0,0,0,0,0,0,0,0,144.9499969482422,-1,0,0,0,-124.25,0,0,0,0,0,0,3049
4073,0,66,2016,500,830,0,0,0,0,0,0,0,0,0,0,144.9499969482422,-1,0,0,0,-124.25,0,0,0,0,0,0,3049
4074,0,67,2016,500,830,0,0,0,0,0,0,0,0,0,0,144.9499969482422,-1,0,0,0,-124.25,0,0,0,0,0,0,3049
4075,0,68,2016,500,830,0,0,0,0,0,0,0,0,0,0,144.9499969482422,-1,0,0,0,-124.25,0,0,0,0,0,0,3049
4076,0,69,2016,500,830,0,0,0,0,0,0,0,0,0,0,144.9499969482422,-1,0,0,0,-124.25,0,0,0,0,0,0,3049
4077,0,70,2016,500,830,0,0,0,0,0,0,0,0,0,0,144.9499969482422,-1,0,0,0,-124.25,0,0,0,0,0,0,3049
4078,0,71,2016,500,830,0,0,0,0,0,0,0,0,0,0,144.9499969482422,-1,0,0,0,-124.25,0,0,0,0,0,0,3049
4079,0,72,2016,500,830,0,0,0,0,0,0,0,0,0,0,144.9499969482422,-1,0,0,0,-124.25,0,0,0,0,0,0,3049
4080,0,73,2016,500,830,0,0,0,0,0,0,0,0,0,0,144.9499969482422,-1,0,0,0,-124.25,0,0,0,0,0,0,3049
4081,0,74,2016,500,830,0,0,0,0,0,0,0,0,0,0,144.9499969482422,-1,0,0,0,-124.25,0,0,0,0,0,0,3049
4082,0,75,2016,500,830,0,0,0,0,0,0,0,0,0,0,144.9499969482422,-1,0,0,0,-124.25,0,0,0,0,0,0,3049
4083,0,76,2016,500,830,0,0,0,0,0,0,0,0,0,0,144.9499969482422,-1,0,0,0,-124.25,0,0,0,0,0,0,3049
4084,0,77,2016,500,830,0,0,0,0,0,0,0,0,0,0,144.9499969482422,-1,0,0,0,-124.25,0,0,0,0,0,0,3049
4085,0,78,2016,500,830,0,0,0,0,0,0,0,0,0,0,144.9499969482422,-1,0,0,0,-124.25,0,0,0,0,0,0,3049
4086,0,79,2016,500,830,0,0,0,0,0,0,0,0,0,0,144.9499969482422,-1,0,0,0,-124.25,0,0,0,0,0,0,3049
4087,0,80,2016,500,830,0,0,0,0,0,0,0,0,0,0,144.9499969482422,-1,0,0,0,-124.25,0,0,0,0,0,0,3049
4088,0,81,2016,500,830,0,0,0,0,0,0,0,0,0,0,144.9499969482422,-1,0,0,0,-124.25,0,0,0,0,0,0,3049
4089,0,82,2016,500,830,0,0,0,0,0,0,0,0,0,0,144.9499969482422,-1,0,0,0,-124.25,0,0,0,0,0,0,3049
4090,0,83,2016,500,830,0,0,0,0,0,0,0,0,0,0,144.9499969482422,-1,0,0,0,-124.25,0,0,0,0,0,0,3049
4091,0,84,2016,500,830,0,0,0,0,0,0,0,0,0,0,144.9499969482422,-1,0,0,0,-124.25,0,0,0,0,0,0,3049
4092,0,85,2016,500,830,0,0,0,0,0,0,0,0,0,0,144.9499969482422,-1,0,0,0,-124.25,0,0,0,0,0,0,3049
4093,0,86,2016,500,830,0,0,0,0,0,0,0,0,0,0,144.9499969482422,-1,0,0,0,-124.25,0,0,0,0,0,0,3049
4094,0,87,2016,500,830,0,0,0,0,0,0,0,0,0,0,144.9499969482422,-1,0,0,0,-124.25,0,0,0,0,0,0,3049
4095,0,88,2016,500,830,0,0,0,0,0,0,0,0,0,0,144.9499969482422,-1,0,0,0,-124.25,0,0,0,0,0,0,3049
4096,0,89,2016,500,830,0,0,0,0,0,0,0,0,0,0,144.9499969482422,-1,0,0,0,-124.25,0,0,0,0,0,0,3049
4097,0,90,2016,500,830,0,0,0,0,0,0,0,0,0,0,144.9499969482422,-1,0,0,0,-124.25,0,0,0,0,0,0,3049
4098,0,91,2016,500,830,0,0,0,0,0,0,0,0,0,0,144.9499969482422,-1,0,0,0,-124.25,0,0,0,0,0,0,3049
4099,0,92,2016,500,830,0,0,0,0,0,0,0,0,0,0,144.9499969482422,-1,0,0,0,-124.25,0,0,0,0,0,0,3049
4100,0,93,2016,500,830,0,0,0,0,0,0,0,0,0,0,144.9499969482422,-1,0,0,0,-124.25,0,0,0,0,0,0,3049
4101,0,94,2016,500,830,0,0,0,0,0,0,0,0,0,0,144.9499969482422,-1,0,0,0,-124.25,0,0,0,0,0,0,3049
4102,0,95,2016,500,830,0,0,0,0,0,0,0,0,0,0,144.9499969482422,-1,0,0,0,-124.25,0,0,0,0,0,0,3049
4103,0,96,2016,500,830,0,0,0,0,0,0,0,0,0,0,144.9499969482422,-1,0,0,0,-124.25,0,0,0,0,0,0,3049
4104,0,97,2016,500,830,0,0,0,0,0,0,0,0,0,0,144.9499969482422,-1,0,0,0,-124.25,0,0,0,0,0,0,3049
4105,0,98,2016,500,830,0,0,0,0,0,0,0,0,0,0,144.9499969482422,-1,0,0,0,-124.25,0,0,0,0,0,0,3049
4106,0,99,2016,500,830,0,0,0,0,0,0,0,0,0,0,144.9499969482422,-1,0,0,0,-124.25,0,0,0,0,0,0,3049
4107,0,100,2016,500,830,0,0,0,0,0,0,0,0,0,0,144.9499969482422,-1,0,0,0,-124.25,0,0,0,0,0,0,3049
4108,0,101,2016,500,830,0,0,0,0,0,0,0,0,0,0,144.9499969482422,-1,0,0,0,-124.25,0,0,0,0,0,0,3049
4109,0,102,2016,500,830,0,0,0,0,0,0,0,0,0,0,144.9499969482422,-1,0,0,0,-124.25,0,0,0,0,0,0,3049
4110,0,103,2016,500,830,0,0,0,0,0,0,0,0,0,0,144.9499969482422,-1,0,0,0,-124.25,0,0,0,0,0,0,3049
4111,0,104,2016,500,830,0,0,0,0,0,0,0,0,0,0,144.9499969482422,-1,0,0,0,-124.25,0,0,0,0,0,0,3049
4112,0,105,2016,500,830,0,0,0,0,0,0,0,0,0,0,144.9499969482422,-1,0,0,0,-124.25,0,0,0,0,0,0,3049
4113,0,106,2016,500,830,0,0,0,0,0,0,0,0,0,0,144.9499969482422,-1,0,0,0,-124.25,0,0,0,0,0,0,3049
4114,0,107,2016,500,830,0,0,0,0,0,0,0,0,0,0,144.9499969482422,-1,0,0,0,-124.25,0,0,0,0,0,0,3049
4115,0,108,2016,500,830,0,0,0,0,0,0,0,0,0,0,144.9499969482422,-1,0,0,0,-124.25,0,0,0,0,0,0,3049
4116,0,109,2016,500,830,0,0,0,0,0,0,0,0,0,0,144.9499969482422,-1,0,0,0,-124.25,0,0,0,0,0,0,3049
4117,0,110,2016,500,830,0,0,0,0,0,0,0,0,0,0,144.9499969482422,-1,0,0,0,-124.25,0,0,0,0,0,0,3049
4118,0,111,2016,500,830,0,0,0,0,0,0,0,0,0,0,144.9499969482422,-1,0,0,0,-124.25,0,0,0,0,0,0,3049
4119,0,112,2016,500,830,0,0,0,0,0,0,0,0,0,0,144.9499969482422,-1,0,0,0,-124.25,0,0,0,0,0,0,3049
4120,0,113,2016,500,830,0,0,0,0,0,0,0,0,0,0,144.9499969482422,-1,0,0,0,-124.25,0,0,0,0,0,0,3049
4121,0,114,2016,500,830,0,0,0,0,0,0,0,0,0,0,144.9499969482422,-1,0,0,0,-124.25,0,0,0,0,0,0,3049
4122,0,115,2016,500,830,0,0,0,0,0,0,0,0,0,0,144.9499969482422,-1,0,0,0,-124.25,0,0,0,0,0,0,3049
4123,0,116,2016,500,830,0,0,0,0,0,0,0,0,0,0,144.9499969482422,-1,0,0,0,-124.25,0,0,0,0,0,0,3049
4124,0,117,2016,500,830,0,0,0,0,0,0,0,0,0,0,144.9499969482422,-1,0,0,0,-124.25,0,0,0,0,0,0,3049
4125,0,118,2016,500,830,0,0,0,0,0,0,0,0,0,0,144.9499969482422,-1,0,0,0,-124.25,0,0,0,0,0,0,3049
4126,0,119,2016,500,830,0,0,0,0,0,0,0,0,0,0,144.9499969482422,-1,0,0,0,-124.25,0,0,0,0,0,0,3049
4127,0,120,2016,500,830,0,0,0,0,0,0,0,0,0,0,144.9499969482422,-1,0,0,0,-124.25,0,0,0,0,0,0,3049
4128,0,121,2016,500,830,0,0,0,0,0,0,0,0,0,0,144.9499969482422,-1,0,0,0,-124.25,0,0,0,0,0,0,3049
4129,0,122,2016,500,830,0,0,0,0,0,0,0,0,0,0,144.9499969482422,-1,0,0,0,-124.25,0,0,0,0,0,0,3049
4130,0,123,2016,500,830,0,0,0,0,0,0,0,0,0,0,144.9499969482422,-1,0,0,0,-124.25,0,0,0,0,0,0,3049
4131,0,124,2016,500,830,0,0,0,0,0,0,0,0,0,0,144.9499969482422,-1,0,0,0,-124.25,0,0,0,0,0,0,3049
4132,0,125,2016,500,830,0,0,0,0,0,0,0,0,0,0,144.9499969482422,-1,0,0,0,-124.25,0,0,0,0,0,0,3049
4133,0,126,2016,500,830,0,0,0,0,0,0,0,0,0,0,144.9499969482422,-1,0,0,0,-124.25,0,0,0,0,0,0,3049
4134,0,127,2016,500,830,0,0,0,0,0,0,0,0,0,0,144.9499969482422,-1,0,0,0,-124.25,0,0,0,0,0,0,3049
4135,0,128,2016,500,830,0,0,0,0,0,0,0,0,0,0,144.9499969482422,-1,0,0,0,-124.25,0,0,0,0,0,0,3049
4136,0,129,2016,500,830,0,0,0,0,0,0,0,0,0,0,144.9499969482422,-1,0,0,0,-124.25,0,0,0,0,0,0,3049
4137,0,130,2016,500,830,0,0,0,0,0,0,0,0,0,0,144.9499969482422,-1,0,0,0,-124.25,0,0,0,0,0,0,3049
4138,0,131,2016,500,830,0,0,0,0,0,0,0,0,0,0,144.9499969482422,-1,0,0,0,-124.25,0,0,0,0,0,0,3049
4139,0,132,2016,500,830,0,0,0,0,0,0,0,0,0,0,144.9499969482422,-1,0,0,0,-124.25,0,0,0,0,0,0,3049
4140,0,133,2016,500,830,0,0,0,0,0,0,0,0,0,0,144.9499969482422,-1,0,0,0,-124.25,0,0,0,0,0,0,3049
4141,0,134,2016,500,830,0,0,0,0,0,0,0,0,0,0,144.9499969482422,-1,0,0,0,-124.25,0,0,0,0,0,0,3049
4142,0,135,2016,500,830,0,0,0,0,0,0,0,0,0,0,144.9499969482422,-1,0,0,0,-124.25,0,0,0,0,0,0,3049
4143,0,136,2016,500,830,0,0,0,0,0,0,0,0,0,0,144.9499969482422,-1,0,0,0,-124.25,0,0,0,0,0,0,3049
4144,0,137,2016,500,830,0,0,0,0,0,0,0,0,0,0,144.9499969482422,-1,0,0,0,-124.25,0,0,0,0,0,0,3049
4145,0,138,2016,500,830,0,0,0,0,0,0,0,0,0,0,144.9499969482422,-1,0,0,0,-124.25,0,0,0,0,0,0,3049
4146,0,139,2016,500,830,0,0,0,0,0,0,0,0,0,0,144.9499969482422,-1,0,0,0,-124.25,0,0,0,0,0,0,3049
4147,0,140,2016,500,830,0,0,0,0,0,0,0,0,0,0,144.9499969482422,-1,0,0,0,-124.25,0,0,0,0,0,0,3049
4148,0,141,2016,500,830,0,0,0,0,0,0,0,0,0,0,144.9499969482422,-1,0,0,0,-124.25,0,0,0,0,0,0,3049
4149,0,142,2016,500,830,0,0,0,0,0,0,0,0,0,0,144.9499969482422,-1,0,0,0,-124.25,0,0,0,0,0,0,3049
4150,0,143,2016,500,830,0,0,0,0,0,0,0,0,0,0,144.9499969482422,-1,0,0,0,-124.25,0,0,0,0,0,0,3049
4151,0,144,2016,500,830,0,0,0,0,0,0,0,0,0,0,144.9499969482422,-1,0,0,0,-124.25,0,0,0,0,0,0,3049
4152,0,145,2016,500,830,0,0,0,0,0,0,0,0,0,0,144.9499969482422,-1,0,0,0,-124.25,0,0,0,0,0,0,3049
4153,0,146,2016,500,830,0,0,0,0,0,0,0,0,0,0,144.9499969482422,-1,0,0,0,-124.25,0,0,0,0,0,0,3049
4154,0,147,2016,500,830,0,0,0,0,0,0,0,0,0,0,144.9499969482422,-1,0,0,0,-124.25,0,0,0,0,0,0,3049
4155,0,148,2016,500,830,0,0,0,0,0,0,0,0,0,0,144.9499969482422,-1,0,0,0,-124.25,0,0,0,0,0,0,3049
4156,0,149,2016,500,830,0,0,0,0,0,0,0,0,0,0,144.9499969482422,-1,0,0,0,-124.25,0,0,0,0,0,0,3049
4157,0,150,2016,500,830,0,0,0,0,0,0,0,0,0,0,144.9499969482422,-1,0,0,0,-124.25,0,0,0,0,0,0,3049
4158,0,151,2016,500,830,0,0,0,0,0,0,0,0,0,0,144.9499969482422,-1,0,0,0,-124.25,0,0,0,0,0,0,3049
4159,0,152,2016,500,830,0,0,0,0,0,0,0,0,0,0,144.9499969482422,-1,0,0,0,-124.25,0,0,0,0,0,0,3049
4160,0,153,2016,500,830,0,0,0,0,0,0,0,0,0,0,144.9499969482422,-1,0,0,0,-124.25,0,0,0,0,0,0,3049
4161,0,154,2016,500,830,0,0,0,0,0,0,0,0,0,0,144.9499969482422,-1,0,0,0,-124.25,0,0,0,0,0,0,3049
4162,0,155,2016,500,830,0,0,0,0,0,0,0,0,0,0,144.9499969482422,-1,0,0,0,-124.25,0,0,0,0,0,0,3049
4163,0,156,2016,500,830,0,0,0,0,0,0,0,0,0,0,144.9499969482422,-1,0,0,0,-124.25,0,0,0,0,0,0,3049
4164,0,157,2016,500,830,0,0,0,0,0,0,0,0,0,0,144.9499969482422,-1,0,0,0,-124.25,0,0,0,0,0,0,3049
4165,0,158,2016,500,830,0,0,0,0,0,0,0,0,0,0,144.9499969482422,-1,0,0,0,-124.25,0,0,0,0,0,0,3049
4166,0,159,2016,500,830,0,0,0,0,0,0,0,0,0,0,144.9499969482422,-1,0,0,0,-124.25,0,0,0,0,0,0,3049
4167,0,160,2016,500,830,0,0,0,0,0,0,0,0,0,0,144.9499969482422,-1,0,0,0,-124.25,0,0,0,0,0,0,3049
4168,0,161,2016,500,830,0,0,0,0,0,0,0,0,0,0,144.9499969482422,-1,0,0,0,-124.25,0,0,0,0,0,0,3049
4169,0,162,2016,500,830,0,0,0,0,0,0,0,0,0,0,144.9499969482422,-1,0,0,0,-124.25,0,0,0,0,0,0,3049
4170,0,163,2016,500,830,0,0,0,0,0,0,0,0,0,0,144.9499969482422,-1,0,0,0,-124.25,0,0,0,0,0,0,3049
4171,0,164,2016,500,830,0,0,0,0,0,0,0,0,0,0,144.9499969482422,-1,0,0,0,-124.25,0,0,0,0,0,0,3049
4172,0,165,2016,500,830,0,0,0,0,0,0,0,0,0,0,144.9499969482422,-1,0,0,0,-124.25,0,0,0,0,0,0,3049
4173,0,166,2016,500,830,0,0,0,0,0,0,0,0,0,0,144.9499969482422,-1,0,0,0,-124.25,0,0,0,0,0,0,3049
4174,0,167,2016,500,830,0,0,0,0,0,0,0,0,0,0,144.9499969482422,-1,0,0,0,-124.25,0,0,0,0,0,0,3049
4175,0,168,2016,500,830,0,0,0,0,0,0,0,0,0,0,144.9499969482422,-1,0,0,0,-124.25,0,0,0,0,0,0,3049
4176,0,169,2016,500,830,0,0,0,0,0,0,0,0,0,0,144.9499969482422,-1,0,0,0,-124.25,0,0,0,0,0,0,3049
4177,0,170,2016,500,830,0,0,0,0,0,0,0,0,0,0,144.9499969482422,-1,0,0,0,-124.25,0,0,0,0,0,0,3049
4178,0,171,2016,500,830,0,0,0,0,0,0,0,0,0,0,144.9499969482422,-1,0,0,0,-124.25,0,0,0,0,0,0,3049
4179,0,172,2016,500,830,0,0,0,0,0,0,0,0,0,0,144.9499969482422,-1,0,0,0,-124.25,0,0,0,0,0,0,3049
4180,0,173,2016,500,830,0,0,0,0,0,0,0,0,0,0,144.9499969482422,-1,0,0,0,-124.25,0,0,0,0,0,0,3049
4181,0,174,2016,500,830,0,0,0,0,0,0,0,0,0,0,144.9499969482422,-1,0,0,0,-124.25,0,0,0,0,0,0,3049
4182,0,175,2016,500,830,0,0,0,0,0,0,0,0,0,0,144.9499969482422,-1,0,0,0,-124.25,0,0,0,0,0,0,3049
4183,0,176,2016,500,830,0,0,0,0,0,0,0,0,0,0,144.9499969482422,-1,0,0,0,-124.25,0,0,0,0,0,0,3049
4184,0,177,2016,500,830,0,0,0,0,0,0,0,0,0,0,144.9499969482422,-1,0,0,0,-124.25,0,0,0,0,0,0,3049
4185,0,178,2016,500,830,0,0,0,0,0,0,0,0,0,0,144.9499969482422,-1,0,0,0,-124.25,0,0,0,0,0,0,3049
4186,0,179,2016,500,830,0,0,0,0,0,0,0,0,0,0,144.9499969482422,-1,0,0,0,-124.25,0,0,0,0,0,0,3049
4187,0,180,2016,500,830,0,0,0,0,0,0,0,0,0,0,144.9499969482422,-1,0,0,0,-124.25,0,0,0,0,0,0,3049
4188,0,181,2016,500,830,0,0,0,0,0,0,0,0,0,0,144.9499969482422,-1,0,0,0,-124.25,0,0,0,0,0,0,3049
4189,0,182,2016,500,830,0,0,0,0,0,0,0,0,0,0,144.9499969482422,-1,0,0,0,-124.25,0,0,0,0,0,0,3049
4190,0,183,2016,500,830,0,0,0,0,0,0,0,0,0,0,144.9499969482422,-1,0,0,0,-124.25,0,0,0,0,0,0,3049
4191,0,184,2016,500,830,0,0,0,0,0,0,0,0,0,0,144.9499969482422,-1,0,0,0,-124.25,0,0,0,0,0,0,3049
4192,0,185,2016,500,830,0,0,0,0,0,0,0,0,0,0,144.9499969482422,-1,0,0,0,-124.25,0,0,0,0,0,0,3049
4193,0,186,2016,500,830,0,0,0,0,0,0,0,0,0,0,144.9499969482422,-1,0,0,0,-124.25,0,0,0,0,0,0,3049
4194,0,187,2016,500,830,0,0,0,0,0,0,0,0,0,0,144.9499969482422,-1,0,0,0,-124.25,0,0,0,0,0,0,3049
4195,0,188,2016,500,830,0,0,0,0,0,0,0,0,0,0,144.9499969482422,-1,0,0,0,-124.25,0,0,0,0,0,0,3049
4196,0,189,2016,500,830,0,0,0,0,0,0,0,0,0,0,144.9499969482422,-1,0,0,0,-124.25,0,0,0,0,0,0,3049
4197,0,190,2016,500,830,0,0,0,0,0,0,0,0,0,0,144.9499969482422,-1,0,0,0,-124.25,0,0,0,0,0,0,3049
4198,0,191,2016,500,830,0,0,0,0,0,0,0,0,0,0,144.9499969482422,-1,0,0,0,-124.25,0,0,0,0,0,0,3049
4199,0,192,2016,500,830,0,0,0,0,0,0,0,0,0,0,144.9499969482422,-1,0,0,0,-124.25,0,0,0,0,0,0,3049
4200,0,193,2016,500,830,0,0,0,0,0,0,0,0,0,0,144.9499969482422,-1,0,0,0,-124.25,0,0,0,0,0,0,3049
4201,0,194,2016,500,830,0,0,0,0,0,0,0,0,0,0,144.9499969482422,-1,0,0,0,-124.25,0,0,0,0,0,0,3049
4202,0,195,2016,500,830,0,0,0,0,0,0,0,0,0,0,144.9499969482422,-1,0,0,0,-124.25,0,0,0,0,0,0,3049
4203,0,196,2016,500,830,0,0,0,0,0,0,0,0,0,0,144.9499969482422,-1,0,0,0,-124.25,0,0,0,0,0,0,3049
4204,0,197,2016,500,830,0,0,0,0,0,0,0,0,0,0,144.9499969482422,-1,0,0,0,-124.25,0,0,0,0,0,0,3049
4205,0,198,2016,500,830,0,0,0,0,0,0,0,0,0,0,144.9499969482422,-1,0,0,0,-124.25,0,0,0,0,0,0,3049
4206,0,199,2016,500,830,0,0,0,0,0,0,0,0,0,0,144.9499969482422,-1,0,0,0,-124.25,0,0,0,0,0,0,3049
4207,0,200,2016,500,830,0,0,0,0,0,0,0,0,0,0,144.9499969482422,-1,0,0,0,-124.25,0,0,0,0,0,0,3049
4208,0,201,2016,500,830,0,0,0,0,0,0,0,0,0,0,144.9499969482422,-1,0,0,0,-124.25,0,0,0,0,0,0,3049
4209,0,202,2016,500,830,0,0,0,0,0,0,0,0,0,0,144.9499969482422,-1,0,0,0,-124.25,0,0,0,0,0,0,3049
4210,0,1,3000,500,1000,0,0,0,0,0,0,0,0,0,0,145,-1,0,0,0,-124.25,0,0,0,0,0,0,1000
4211,0,2,3000,500,1000,0,0,0,0,0,0,0,0,0,0,145,-1,0,0,0,-124.25,0,0,0,0,0,0,1000
4212,0,3,3000,500,1000,0,0,0,0,0,0,0,0,0,0,145,-1,0,0,0,-124.25,0,0,0,0,0,0,1000
4213,0,4,3000,500,1000,0,0,0,0,0,0,0,0,0,0,145,-1,0,0,0,-124.25,0,0,0,0,0,0,1000
4214,0,5,3000,500,1000,0,0,0,0,0,0,0,0,0,0,145,-1,0,0,0,-124.25,0,0,0,0,0,0,1000
4215,0,6,3000,500,1000,0,0,0,0,0,0,0,0,0,0,145,-1,0,0,0,-124.25,0,0,0,0,0,0,1000
4216,0,7,3000,500,1000,0,0,0,0,0,0,0,0,0,0,145,-1,0,0,0,-124.25,0,0,0,0,0,0,1000
4217,0,8,3000,500,1000,0,0,0,0,0,0,0,0,0,0,145,-1,0,0,0,-124.25,0,0,0,0,0,0,1000
4218,0,9,3000,500,1000,0,0,0,0,0,0,0,0,0,0,145,-1,0,0,0,-124.25,0,0,0,0,0,0,1000
4219,10,1,3000,500,1000,0,0,0,0,0,0,0,0,0,0,145,-1,0,0,0,-124.25,0,0,0,0,0,0,1000
4220,10,2,3000,500,1000,0,0,0,0,0,0,0,0,0,0,145,-1,0,0,0,-124.25,0,0,0,0,0,0,1000
4221,10,3,3000,500,1000,0,0,0,0,0,0,0,0,0,0,145,-1,0,0,0,-124.25,0,0,0,0,0,0,1000
4222,10,4,3000,500,1000,0,0,0,0,0,0,0,0,0,0,145,-1,0,0,0,-124.25,0,0,0,0,0,0,1000
4223,10,5,3000,500,1000,0,0,0,0,0,0,0,0,0,0,145,-1,0,0,0,-124.25,0,0,0,0,0,0,1000
4224,10,6,3000,500,1000,0,0,0,0,0,0,0,0,0,0,145,-1,0,0,0,-124.25,0,0,0,0,0,0,1000
4225,12,1,3000,500,1000,0,0,0,0,0,0,0,0,0,0,145,-1,0,0,0,-124.25,0,0,0,0,0,0,1000
4226,20,1,3000,500,1000,0,0,0,0,0,0,0,0,0,0,142.85000610351562,-1,0,0,0,-124.25,0,0,0,0,0,0,1000
4227,20,2,3000,500,1000,0,0,0,0,0,0,0,0,0,0,140.6999969482422,-1,0,0,0,-124.25,0,0,0,0,0,0,1000
4228,10,1,3000,500,1000,0,0,0,0,0,0,0,0,0,0,140.6999969482422,-1,0,0,0,-124.25,0,0,0,0,0,0,1000
4229,10,2,3000,500,1000,0,0,0,0,0,0,0,0,0,0,140.6999969482422,-1,0,0,0,-124.25,0,0,0,0,0,0,1000
4230,10,3,3000,500,1000,0,0,0,0,0,0,0,0,0,0,140.6999969482422,-1,0,0,0,-124.25,0,0,0,0,0,0,1000
4231,10,4,3000,500,1000,0,0,0,0,0,0,0,0,0,0,140.6999969482422,-1,0,0,0,-124.25,0,0,0,0,0,0,1000
4232,10,5,3000,500,1000,0,0,0,0,0,0,0,0,0,0,140.6999969482422,-1,0,0,0,-124.25,0,0,0,0,0,0,1000
4233,10,6,3000,500,1000,0,0,0,0,0,0,0,0,0,0,140.6999969482422,-1,0,0,0,-124.25,0,0,0,0,0,0,1000
4234,10,7,3000,500,1000,0,0,0,0,0,0,0,0,0,0,140.6999969482422,-1,0,0,0,-124.25,0,0,0,0,0,0,1000
4235,10,8,3000,500,1000,0,0,0,0,0,0,0,0,0,0,140.6999969482422,-1,0,0,0,-124.25,0,0,0,0,0,0,1000
4236,10,9,3000,500,1000,0,0,0,0,0,0,0,0,0,0,140.6999969482422,-1,0,0,0,-124.25,0,0,0,0,0,0,1000
4237,3500,1,2000,500,1000,0,0,0,0,0,0,0,0,0,0,140.6999969482422,-1,0,0,0,-124.25,0,0,0,0,0,0,1000
4238,3500,2,2000,500,1000,0,0,0,0,0,0,0,0,0,0,140.6999969482422,-1,0,0,0,-124.25,0,0,0,0,0,0,1000
4239,3500,3,2000,500,1000,0,0,0,0,0,0,0,0,0,0,140.6999969482422,-1,0,0,0,-124.25,0,0,0,0,0,0,1000
4240,3500,4,2000,500,1000,0,0,0,0,0,0,0,0,0,0,140.6999969482422,-1,0,0,0,-124.25,0,0,0,0,0,0,1000
4241,3500,5,2000,500,1000,0,0,0,0,0,0,0,0,0,0,135.5,-1,0,0,0,-124.25,0,0,0,0,0,0,1000
4242,3500,6,2000,500,1000,0,0,0,0,0,0,0,0,0,0,130.3000030517578,-1,0,0,0,-124.25,0,0,0,0,0,0,1000
4243,3500,7,2000,500,1000,0,0,0,0,0,0,0,0,0,0,126.17500305175781,-1,0,0,0,-124.25,0,0,0,0,0,0,1000
4244,3500,8,2000,500,1000,0,0,0,0,0,0,0,0,0,0,123.57500457763672,-1,0,0,0,-124.25,0,0,0,0,0,0,1000
4245,3500,9,2000,500,1000,0,0,0,0,0,0,0,0,0,0,120.9749984741211,-1,0,0,0,-124.25,0,0,0,0,0,0,1000
4246,3500,9,2000,500,955,0,0,0,0,0,0,0,0,0,0,120.9749984741211,-1,0,0,0,-124.25,0,0,0,0,0,0,1018
4247,3500,9,2000,500,955,0,0,0,0,0,0,0,0,0,0,120.9749984741211,-1,0,0,0,-124.25,0,0,0,0,0,0,1018
4248,3500,9,2000,500,955,0,0,0,0,0,0,0,0,0,0,120.9749984741211,-1,0,0,0,-124.25,0,0,0,0,0,0,1018
4249,3500,9,2000,500,955,0,0,0,0,0,0,0,0,0,0,120.9749984741211,-1,0,0,0,-124.25,0,0,0,0,0,0,1018
4250,3500,9,2000,500,955,0,0,0,0,0,0,0,0,0,0,120.9749984741211,-1,0,0,0,-124.25,0,0,0,0,0,0,1018
4251,3500,9,2000,500,955,0,0,0,0,0,0,0,0,0,0,120.9749984741211,-1,0,0,0,-124.25,0,0,0,0,0,0,1018
4252,3500,10,2000,500,955,0,0,0,0,0,0,0,0,0,0,118.375,-1,0,0,0,-124.25,0,0,0,0,0,0,1018
4253,3500,11,2000,500,955,0,0,0,0,0,0,0,0,0,0,115.7750015258789,-1,0,0,0,-124.25,0,0,0,0,0,0,1018
4254,3500,12,2000,500,955,0,0,0,0,0,0,0,0,0,0,113.17500305175781,-1,0,0,0,-124.25,0,0,0,0,0,0,1018
4255,3500,13,2000,500,955,0,0,0,0,0,0,0,0,0,0,110.57500457763672,-1,0,0,0,-124.25,0,0,0,0,0,0,1018
4256,3500,14,2000,500,955,0,0,0,0,0,0,0,0,0,0,107.72500610351562,-1,0,0,0,-124.25,0,0,0,0,0,0,2018
4257,3500,15,2000,500,955,0,0,0,0,0,0,0,0,0,0,105.12500762939453,-1,0,0,0,-124.25,0,0,0,0,0,0,2018
4258,3500,16,2000,500,955,0,0,0,0,0,0,0,0,0,0,102.52500915527344,-1,0,0,0,-124.25,0,0,0,0,0,0,2018
4259,3500,17,2000,500,955,0,0,0,0,0,0,0,0,0,0,99.92501068115234,-1,0,0,0,-124.25,0,0,0,0,0,0,2018
4260,3500,18,2000,500,955,0,0,0,0,0,0,0,0,0,0,97.32501220703125,-1,0,0,0,-124.25,0,0,0,0,0,0,2018
4261,3500,19,2000,500,955,0,0,0,0,0,0,0,0,0,0,94.72501373291016,-1,0,0,0,-124.25,0,0,0,0,0,0,2018
4262,3500,19,2000,500,910,0,0,0,0,0,0,0,0,0,0,94.72501373291016,-1,0,0,0,-124.25,0,0,0,0,0,0,3036
4263,3500,19,2000,500,910,0,0,0,0,0,0,0,0,0,0,94.72501373291016,-1,0,0,0,-124.25,0,0,0,0,0,0,3036
4264,3500,19,2000,500,910,0,0,0,0,0,0,0,0,0,0,94.72501373291016,-1,0,0,0,-124.25,0,0,0,0,0,0,3036
4265,3500,19,2000,500,910,0,0,0,0,0,0,0,0,0,0,94.72501373291016,-1,0,0,0,-124.25,0,0,0,0,0,0,3036
4266,3500,19,2000,500,910,0,0,0,0,0,0,0,0,0,0,94.72501373291016,-1,0,0,0,-124.25,0,0,0,0,0,0,3036
4267,3500,19,2000,500,910,0,0,0,0,0,0,0,0,0,0,94.72501373291016,-1,0,0,0,-124.25,0,0,0,0,0,0,3036
4268,3500,20,2000,500,910,0,0,0,0,0,0,0,0,0,0,92.12501525878906,-1,0,0,0,-124.25,0,0,0,0,0,0,3036
4269,3500,21,2000,500,910,0,0,0,0,0,0,0,0,0,0,89.52501678466797,-1,0,0,0,-124.25,0,0,0,0,0,0,3036
4270,3500,22,2000,500,910,0,0,0,0,0,0,0,0,0,0,86.92501831054688,-1,0,0,0,-124.25,0,0,0,0,0,0,3036
4271,3500,23,2000,500,910,0,0,0,0,0,0,0,0,0,0,84.07501983642578,-1,0,0,0,-124.25,0,0,0,0,0,0,3036
4272,3500,24,2000,500,910,0,0,0,0,0,0,0,0,0,0,84.07501983642578,-1,0,0,0,-124.25,0,0,0,0,0,0,3036
4273,3500,25,2000,500,910,0,0,0,0,0,0,0,0,0,0,84.07501983642578,-1,0,0,0,-124.25,0,0,0,0,0,0,3036
4274,3500,26,2000,500,910,0,0,0,0,0,0,0,0,0,0,84.07501983642578,-1,0,0,0,-124.25,0,0,0,0,0,0,3036
4275,3500,27,2000,500,910,0,0,0,0,0,0,0,0,0,0,84.07501983642578,-1,0,0,0,-124.25,0,0,0,0,0,0,3036
4276,3500,28,2000,500,910,0,0,0,0,0,0,0,0,0,0,84.07501983642578,-1,0,0,0,-124.25,0,0,0,0,0,0,3036
4277,3500,29,2000,500,910,0,0,0,0,0,0,0,0,0,0,84.07501983642578,-1,0,0,0,-124.25,0,0,0,0,0,0,3036
4278,3500,30,2000,500,910,0,0,0,0,0,0,0,0,0,0,84.07501983642578,-1,0,0,0,-124.25,0,0,0,0,0,0,3036
4279,3500,31,2000,500,910,0,0,0,0,0,0,0,0,0,0,84.07501983642578,-1,0,0,0,-124.25,0,0,0,0,0,0,3036
4280,3500,31,2000,500,830,0,0,0,0,0,0,0,0,0,0,84.07501983642578,-1,0,0,0,-124.25,0,0,0,0,0,0,4054
4281,3500,31,2000,500,830,0,0,0,0,0,0,0,0,0,0,84.07501983642578,-1,0,0,0,-124.25,0,0,0,0,0,0,4054
4282,3500,31,2000,500,830,0,0,0,0,0,0,0,0,0,0,84.07501983642578,-1,0,0,0,-124.25,0,0,0,0,0,0,4054
4283,3500,31,2000,500,830,0,0,0,0,0,0,0,0,0,0,84.07501983642578,-1,0,0,0,-124.25,0,0,0,0,0,0,4054
4284,3500,31,2000,500,830,0,0,0,0,0,0,0,0,0,0,84.07501983642578,-1,0,0,0,-124.25,0,0,0,0,0,0,4054
4285,3500,31,2000,500,830,0,0,0,0,0,0,0,0,0,0,84.07501983642578,-1,0,0,0,-124.25,0,0,0,0,0,0,4054
4286,3500,32,2000,500,830,0,0,0,0,0,0,0,0,0,0,84.07501983642578,-1,0,0,0,-124.25,0,0,0,0,0,0,4054
4287,3500,33,2000,500,830,0,0,0,0,0,0,0,0,0,0,84.07501983642578,-1,0,0,0,-124.25,0,0,0,0,0,0,4054
4288,3500,34,2000,500,830,0,0,0,0,0,0,0,0,0,0,84.07501983642578,-1,0,0,0,-124.25,0,0,0,0,0,0,4054
4289,3500,35,2000,500,830,0,0,0,0,0,0,0,0,0,0,84.07501983642578,-1,0,0,0,-124.25,0,0,0,0,0,0,4054
4290,3500,36,2000,500,830,0,0,0,0,0,0,0,0,0,0,84.07501983642578,-1,0,0,0,-124.25,0,0,0,0,0,0,4054
4291,3500,37,2000,500,830,0,0,0,0,0,0,0,0,0,0,84.07501983642578,-1,0,0,0,-124.25,0,0,0,0,0,0,4054
4292,3500,38,2000,500,830,0,0,0,0,0,0,0,0,0,0,84.07501983642578,-1,0,0,0,-124.25,0,0,0,0,0,0,4054
4293,3500,39,2000,500,830,0,0,0,0,0,0,0,0,0,0,84.07501983642578,-1,0,0,0,-124.25,0,0,0,0,0,0,4054
4294,3500,40,2000,500,830,0,0,0,0,0,0,0,0,0,0,84.07501983642578,-1,0,0,0,-124.25,0,0,0,0,0,0,4054
4295,3500,41,2000,500,830,0,0,0,0,0,0,0,0,0,0,84.07501983642578,-1,0,0,0,-124.25,0,0,0,0,0,0,4054
4296,3500,42,2000,500,830,0,0,0,0,0,0,0,0,0,0,84.07501983642578,-1,0,0,0,-124.25,0,0,0,0,0,0,4054
4297,3500,43,2000,500,830,0,0,0,0,0,0,0,0,0,0,84.07501983642578,-1,0,0,0,-124.25,0,0,0,0,0,0,4054
4298,3500,44,2000,500,830,0,0,0,0,0,0,0,0,0,0,84.07501983642578,-1,0,0,0,-124.25,0,0,0,0,0,0,4054
4299,3500,45,2000,500,830,0,0,0,0,0,0,0,0,0,0,84.07501983642578,-1,0,0,0,-124.25,0,0,0,0,0,0,4054
4300,3500,46,2000,500,830,0,0,0,0,0,0,0,0,0,0,84.07501983642578,-1,0,0,0,-124.25,0,0,0,0,0,0,4054
4301,3500,47,2000,500,830,0,0,0,0,0,0,0,0,0,0,84.07501983642578,-1,0,0,0,-124.25,0,0,0,0,0,0,4054
4302,3500,48,2000,500,830,0,0,0,0,0,0,0,0,0,0,84.07501983642578,-1,0,0,0,-124.25,0,0,0,0,0,0,4054
4303,3500,49,2000,500,830,0,0,0,0,0,0,0,0,0,0,84.07501983642578,-1,0,0,0,-124.25,0,0,0,0,0,0,4054
4304,3500,50,2000,500,830,0,0,0,0,0,0,0,0,0,0,84.07501983642578,-1,0,0,0,-124.25,0,0,0,0,0,0,4054
4305,3500,51,2000,500,830,0,0,0,0,0,0,0,0,0,0,84.07501983642578,-1,0,0,0,-124.25,0,0,0,0,0,0,4054
4306,3500,52,2000,500,830,0,0,0,0,0,0,0,0,0,0,84.07501983642578,-1,0,0,0,-124.25,0,0,0,0,0,0,4054
4307,3500,53,2000,500,830,0,0,0,0,0,0,0,0,0,0,84.07501983642578,-1,0,0,0,-124.25,0,0,0,0,0,0,4054
4308,3500,54,2000,500,830,0,0,0,0,0,0,0,0,0,0,84.07501983642578,-1,0,0,0,-124.25,0,0,0,0,0,0,4054
4309,3500,55,2000,500,830,0,0,0,0,0,0,0,0,0,0,84.07501983642578,-1,0,0,0,-124.25,0,0,0,0,0,0,4054
4310,3500,56,2000,500,830,0,0,0,0,0,0,0,0,0,0,84.07501983642578,-1,0,0,0,-124.25,0,0,0,0,0,0,4054
4311,3500,57,2000,500,830,0,0,0,0,0,0,0,0,0,0,84.07501983642578,-1,0,0,0,-124.25,0,0,0,0,0,0,4054
4312,3500,58,2000,500,830,0,0,0,0,0,0,0,0,0,0,84.07501983642578,-1,0,0,0,-124.25,0,0,0,0,0,0,4054
4313,0,1,2000,500,830,0,0,0,0,0,0,0,0,0,0,84.07501983642578,-1,0,0,0,-124.25,0,0,0,0,0,0,4054
4314,0,2,2000,500,830,0,0,0,0,0,0,0,0,0,0,84.07501983642578,-1,0,0,0,-124.25,0,0,0,0,0,0,4054
4315,0,3,2000,500,830,0,0,0,0,0,0,0,0,0,0,84.07501983642578,-1,0,0,0,-124.25,0,0,0,0,0,0,4054
4316,0,4,2000,500,830,0,0,0,0,0,0,0,0,0,0,84.07501983642578,-1,0,0,0,-124.25,0,0,0,0,0,0,4054
4317,0,5,2000,500,830,0,0,0,0,0,0,0,0,0,0,84.07501983642578,-1,0,0,0,-124.25,0,0,0,0,0,0,4054
4318,0,6,2000,500,830,0,0,0,0,0,0,0,0,0,0,84.07501983642578,-1,0,0,0,-124.25,0,0,0,0,0,0,4054
4319,0,7,2000,500,830,0,0,0,0,0,0,0,0,0,0,84.07501983642578,-1,0,0,0,-124.25,0,0,0,0,0,0,4054
4320,0,8,2000,500,830,0,0,0,0,0,0,0,0,0,0,84.07501983642578,-1,0,0,0,-124.25,0,0,0,0,0,0,4054
4321,0,9,2000,500,830,0,0,0,0,0,0,0,0,0,0,84.07501983642578,-1,0,0,0,-124.25,0,0,0,0,0,0,4054
4322,0,10,2000,500,830,0,0,0,0,0,0,0,0,0,0,84.07501983642578,-1,0,0,0,-124.25,0,0,0,0,0,0,4054
4323,0,11,2000,500,830,0,0,0,0,0,0,0,0,0,0,84.07501983642578,-1,0,0,0,-124.25,0,0,0,0,0,0,4054
4324,0,12,2000,500,830,0,0,0,0,0,0,0,0,0,0,84.07501983642578,-1,0,0,0,-124.25,0,0,0,0,0,0,4054
4325,0,13,2000,500,830,0,0,0,0,0,0,0,0,0,0,84.07501983642578,-1,0,0,0,-124.25,0,0,0,0,0,0,4054
4326,0,14,2000,500,830,0,0,0,0,0,0,0,0,0,0,84.07501983642578,-1,0,0,0,-124.25,0,0,0,0,0,0,4054
4327,0,15,2000,500,830,0,0,0,0,0,0,0,0,0,0,84.07501983642578,-1,0,0,0,-124.25,0,0,0,0,0,0,4054
4328,0,16,2000,500,830,0,0,0,0,0,0,0,0,0,0,84.07501983642578,-1,0,0,0,-124.25,0,0,0,0,0,0,4054
4329,0,17,2000,500,830,0,0,0,0,0,0,0,0,0,0,84.07501983642578,-1,0,0,0,-124.25,0,0,0,0,0,0,4054
4330,0,18,2000,500,830,0,0,0,0,0,0,0,0,0,0,86.07501983642578,-1,0,0,0,-124.25,0,0,0,0,0,0,4054
4331,0,19,2000,500,830,0,0,0,0,0,0,0,0,0,0,90.07501983642578,-1,0,0,0,-126.25,0,0,0,0,0,0,4054
4332,0,20,2000,500,830,0,0,0,0,0,0,0,0,0,0,94.07501983642578,-1,0,0,0,-130.25,0,0,0,0,0,0,4054
4333,0,21,2000,500,830,0,0,0,0,0,0,0,0,0,0,98.07501983642578,-1,0,0,0,-134.25,0,0,0,0,0,0,4054
4334,0,22,2000,500,830,0,0,0,0,0,0,0,0,0,0,98.07501983642578,-1,0,0,0,-138.25,0,0,0,0,0,0,4054
4335,0,23,2000,500,830,0,0,0,0,0,0,0,0,0,0,98.07501983642578,-1,0,0,0,-138.25,0,0,0,0,0,0,4054
4336,0,24,2000,500,830,0,0,0,0,0,0,0,0,0,0,98.07501983642578,-1,0,0,0,-138.25,0,0,0,0,0,0,4054
4337,0,25,2000,500,830,0,0,0,0,0,0,0,0,0,0,98.07501983642578,-1,0,0,0,-138.25,0,0,0,0,0,0,4054
4338,0,26,2000,500,830,0,0,0,0,0,0,0,0,0,0,98.07501983642578,-1,0,0,0,-138.25,0,0,0,0,0,0,4054
4339,0,27,2000,500,830,0,0,0,0,0,0,0,0,0,0,98.07501983642578,-1,0,0,0,-138.25,0,0,0,0,0,0,4054
4340,0,28,2000,500,830,0,0,0,0,0,0,0,0,0,0,98.07501983642578,-1,0,0,0,-138.25,0,0,0,0,0,0,4054
4341,0,29,2000,500,830,0,0,0,0,0,0,0,0,0,0,98.07501983642578,-1,0,0,0,-138.25,0,0,0,0,0,0,4054
4342,0,30,2000,500,830,0,0,0,0,0,0,0,0,0,0,101.07501983642578,-1,0,0,0,-138.25,0,0,0,0,0,0,4054
4343,0,31,2000,500,830,0,0,0,0,0,0,0,0,0,0,104.07501983642578,-1,0,0,0,-141.25,0,0,0,0,0,0,4054
4344,0,32,2000,500,830,0,0,0,0,0,0,0,0,0,0,107.07501983642578,-1,0,0,0,-144.25,0,0,0,0,0,0,4054
4345,0,33,2000,500,830,0,0,0,0,0,0,0,0,0,0,110.07501983642578,-1,0,0,0,-147.25,0,0,0,0,0,0,4054
4346,0,34,2000,500,830,0,0,0,0,0,0,0,0,0,0,111.57501983642578,-1,0,0,0,-150.25,0,0,0,0,0,0,4054
4347,0,35,2000,500,830,0,0,0,0,0,0,0,0,0,0,113.07501983642578,-1,0,0,0,-151.75,0,0,0,0,0,0,4054
4348,0,36,2000,500,830,0,0,0,0,0,0,0,0,0,0,114.57501983642578,-1,0,0,0,-153.25,0,0,0,0,0,0,4054
4349,0,37,2000,500,830,0,0,0,0,0,0,0,0,0,0,116.07501983642578,-1,0,0,0,-154.75,0,0,0,0,0,0,4054
4350,0,38,2000,500,830,0,0,0,0,0,0,0,0,0,0,117.57501983642578,-1,0,0,0,-156.25,0,0,0,0,0,0,4054
4351,0,39,2000,500,830,0,0,0,0,0,0,0,0,0,0,119.07501983642578,-1,0,0,0,-157.75,0,0,0,0,0,0,4054
4352,0,40,2000,500,830,0,0,0,0,0,0,0,0,0,0,119.82501983642578,-1,0,0,0,-159.25,0,0,0,0,0,0,4054
4353,0,41,2000,500,830,0,0,0,0,0,0,0,0,0,0,119.82501983642578,-1,0,0,0,-160,0,0,0,0,0,0,4054
4354,0,42,2000,500,830,0,0,0,0,0,0,0,0,0,0,119.82501983642578,-1,0,0,0,-160,0,0,0,0,0,0,4054
4355,0,43,2000,500,830,0,0,0,0,0,0,0,0,0,0,119.82501983642578,-1,0,0,0,-160,0,0,0,0,0,0,4054
4356,0,44,2000,500,830,0,0,0,0,0,0,0,0,0,0,119.82501983642578,-1,0,0,0,-160,0,0,0,0,0,0,4054
4357,0,45,2000,500,830,0,0,0,0,0,0,0,0,0,0,119.82501983642578,-1,0,0,0,-160,0,0,0,0,0,0,4054
4358,0,46,2000,500,830,0,0,0,0,0,0,0,0,0,0,119.82501983642578,-1,0,0,0,-160,0,0,0,0,0,0,4054
4359,0,47,2000,500,830,0,0,0,0,0,0,0,0,0,0,119.82501983642578,-1,0,0,0,-160,0,0,0,0,0,0,4054
4360,0,48,2000,500,830,0,0,0,0,0,0,0,0,0,0,119.82501983642578,-1,0,0,0,-160,0,0,0,0,0,0,4054
4361,0,49,2000,500,830,0,0,0,0,0,0,0,0,0,0,119.82501983642578,-1,0,0,0,-160,0,0,0,0,0,0,4054
4362,0,50,2000,500,830,0,0,0,0,0,0,0,0,0,0,119.82501983642578,-1,0,0,0,-160,0,0,0,0,0,0,4054
4363,0,51,2000,500,830,0,0,0,0,0,0,0,0,0,0,119.82501983642578,-1,0,0,0,-160,0,0,0,0,0,0,4054
4364,0,52,2000,500,830,0,0,0,0,0,0,0,0,0,0,119.82501983642578,-1,0,0,0,-160,0,0,0,0,0,0,4054
4365,0,53,2000,500,830,0,0,0,0,0,0,0,0,0,0,119.82501983642578,-1,0,0,0,-160,0,0,0,0,0,0,4054
4366,0,54,2000,500,830,0,0,0,0,0,0,0,0,0,0,119.82501983642578,-1,0,0,0,-160,0,0,0,0,0,0,4054
4367,0,55,2000,500,830,0,0,0,0,0,0,0,0,0,0,119.82501983642578,-1,0,0,0,-160,0,0,0,0,0,0,4054
4368,0,56,2000,500,830,0,0,0,0,0,0,0,0,0,0,119.82501983642578,-1,0,0,0,-160,0,0,0,0,0,0,4054
4369,0,57,2000,500,830,0,0,0,0,0,0,0,0,0,0,119.82501983642578,-1,0,0,0,-160,0,0,0,0,0,0,4054
4370,0,58,2000,500,830,0,0,0,0,0,0,0,0,0,0,119.82501983642578,-1,0,0,0,-160,0,0,0,0,0,0,4054
4371,0,59,2000,500,830,0,0,0,0,0,0,0,0,0,0,119.82501983642578,-1,0,0,0,-160,0,0,0,0,0,0,4054
4372,0,60,2000,500,830,0,0,0,0,0,0,0,0,0,0,119.82501983642578,-1,0,0,0,-160,0,0,0,0,0,0,4054
4373,0,61,2000,500,830,0,0,0,0,0,0,0,0,0,0,119.82501983642578,-1,0,0,0,-160,0,0,0,0,0,0,4054
4374,0,62,2000,500,830,0,0,0,0,0,0,0,0,0,0,119.82501983642578,-1,0,0,0,-160,0,0,0,0,0,0,4054
4375,0,63,2000,500,830,0,0,0,0,0,0,0,0,0,0,119.82501983642578,-1,0,0,0,-160,0,0,0,0,0,0,4054
4376,0,64,2000,500,830,0,0,0,0,0,0,0,0,0,0,119.82501983642578,-1,0,0,0,-160,0,0,0,0,0,0,4054
4377,0,65,2000,500,830,0,0,0,0,0,0,0,0,0,0,119.82501983642578,-1,0,0,0,-160,0,0,0,0,0,0,4054
4378,0,66,2000,500,830,0,0,0,0,0,0,0,0,0,0,119.82501983642578,-1,0,0,0,-160,0,0,0,0,0,0,4054
4379,0,67,2000,500,830,0,0,0,0,0,0,0,0,0,0,119.82501983642578,-1,0,0,0,-160,0,0,0,0,0,0,4054
4380,0,68,2000,500,830,0,0,0,0,0,0,0,0,0,0,119.82501983642578,-1,0,0,0,-160,0,0,0,0,0,0,4054
4381,0,69,2000,500,830,0,0,0,0,0,0,0,0,0,0,119.82501983642578,-1,0,0,0,-160,0,0,0,0,0,0,4054
4382,0,70,2000,500,830,0,0,0,0,0,0,0,0,0,0,119.82501983642578,-1,0,0,0,-160,0,0,0,0,0,0,4054
4383,0,71,2000,500,830,0,0,0,0,0,0,0,0,0,0,119.82501983642578,-1,0,0,0,-160,0,0,0,0,0,0,4054
4384,0,72,2000,500,830,0,0,0,0,0,0,0,0,0,0,119.82501983642578,-1,0,0,0,-160,0,0,0,0,0,0,4054
4385,0,73,2000,500,830,0,0,0,0,0,0,0,0,0,0,119.82501983642578,-1,0,0,0,-160,0,0,0,0,0,0,4054
4386,0,74,2000,500,830,0,0,0,0,0,0,0,0,0,0,119.82501983642578,-1,0,0,0,-160,0,0,0,0,0,0,4054
4387,0,75,2000,500,830,0,0,0,0,0,0,0,0,0,0,119.82501983642578,-1,0,0,0,-160,0,0,0,0,0,0,4054
4388,0,76,2000,500,830,0,0,0,0,0,0,0,0,0,0,119.82501983642578,-1,0,0,0,-160,0,0,0,0,0,0,4054
4389,0,77,2000,500,830,0,0,0,0,0,0,0,0,0,0,119.82501983642578,-1,0,0,0,-160,0,0,0,0,0,0,4054
4390,0,78,2000,500,830,0,0,0,0,0,0,0,0,0,0,119.82501983642578,-1,0,0,0,-160,0,0,0,0,0,0,4054
4391,0,79,2000,500,830,0,0,0,0,0,0,0,0,0,0,119.82501983642578,-1,0,0,0,-160,0,0,0,0,0,0,4054
4392,0,80,2000,500,830,0,0,0,0,0,0,0,0,0,0,119.82501983642578,-1,0,0,0,-160,0,0,0,0,0,0,4054
4393,0,81,2000,500,830,0,0,0,0,0,0,0,0,0,0,119.82501983642578,-1,0,0,0,-160,0,0,0,0,0,0,4054
4394,0,82,2000,500,830,0,0,0,0,0,0,0,0,0,0,119.82501983642578,-1,0,0,0,-160,0,0,0,0,0,0,4054
4395,0,83,2000,500,830,0,0,0,0,0,0,0,0,0,0,119.82501983642578,-1,0,0,0,-160,0,0,0,0,0,0,4054
4396,0,84,2000,500,830,0,0,0,0,0,0,0,0,0,0,119.82501983642578,-1,0,0,0,-160,0,0,0,0,0,0,4054
4397,0,85,2000,500,830,0,0,0,0,0,0,0,0,0,0,119.82501983642578,-1,0,0,0,-160,0,0,0,0,0,0,4054
4398,0,86,2000,500,830,0,0,0,0,0,0,0,0,0,0,119.82501983642578,-1,0,0,0,-160,0,0,0,0,0,0,4054
4399,0,87,2000,500,830,0,0,0,0,0,0,0,0,0,0,119.82501983642578,-1,0,0,0,-160,0,0,0,0,0,0,4054
4400,0,88,2000,500,830,0,0,0,0,0,0,0,0,0,0,119.82501983642578,-1,0,0,0,-160,0,0,0,0,0,0,4054
4401,0,89,2000,500,830,0,0,0,0,0,0,0,0,0,0,119.82501983642578,-1,0,0,0,-160,0,0,0,0,0,0,4054
4402,0,90,2000,500,830,0,0,0,0,0,0,0,0,0,0,119.82501983642578,-1,0,0,0,-160,0,0,0,0,0,0,4054
4403,0,91,2000,500,830,0,0,0,0,0,0,0,0,0,0,119.82501983642578,-1,0,0,0,-160,0,0,0,0,0,0,4054
4404,0,92,2000,500,830,0,0,0,0,0,0,0,0,0,0,119.82501983642578,-1,0,0,0,-160,0,0,0,0,0,0,4054
4405,0,93,2000,500,830,0,0,0,0,0,0,0,0,0,0,119.82501983642578,-1,0,0,0,-160,0,0,0,0,0,0,4054
4406,0,94,2000,500,830,0,0,0,0,0,0,0,0,0,0,119.82501983642578,-1,0,0,0,-160,0,0,0,0,0,0,4054
4407,0,95,2000,500,830,0,0,0,0,0,0,0,0,0,0,119.82501983642578,-1,0,0,0,-160,0,0,0,0,0,0,4054
4408,0,96,2000,500,830,0,0,0,0,0,0,0,0,0,0,119.82501983642578,-1,0,0,0,-160,0,0,0,0,0,0,4054
4409,0,97,2000,500,830,0,0,0,0,0,0,0,0,0,0,119.82501983642578,-1,0,0,0,-160,0,0,0,0,0,0,4054
4410,0,98,2000,500,830,0,0,0,0,0,0,0,0,0,0,119.82501983642578,-1,0,0,0,-160,0,0,0,0,0,0,4054
4411,0,99,2000,500,830,0,0,0,0,0,0,0,0,0,0,119.82501983642578,-1,0,0,0,-160,0,0,0,0,0,0,4054
4412,0,100,2000,500,830,0,0,0,0,0,0,0,0,0,0,119.82501983642578,-1,0,0,0,-160,0,0,0,0,0,0,4054
4413,0,101,2000,500,830,0,0,0,0,0,0,0,0,0,0,119.82501983642578,-1,0,0,0,-160,0,0,0,0,0,0,4054
4414,0,102,2000,500,830,0,0,0,0,0,0,0,0,0,0,119.82501983642578,-1,0,0,0,-160,0,0,0,0,0,0,4054
4415,0,103,2000,500,830,0,0,0,0,0,0,0,0,0,0,119.82501983642578,-1,0,0,0,-160,0,0,0,0,0,0,4054
4416,0,104,2000,500,830,0,0,0,0,0,0,0,0,0,0,119.82501983642578,-1,0,0,0,-160,0,0,0,0,0,0,4054
4417,0,105,2000,500,830,0,0,0,0,0,0,0,0,0,0,119.82501983642578,-1,0,0,0,-160,0,0,0,0,0,0,4054
4418,0,106,2000,500,830,0,0,0,0,0,0,0,0,0,0,119.82501983642578,-1,0,0,0,-160,0,0,0,0,0,0,4054
4419,0,107,2000,500,830,0,0,0,0,0,0,0,0,0,0,119.82501983642578,-1,0,0,0,-160,0,0,0,0,0,0,4054
4420,0,108,2000,500,830,0,0,0,0,0,0,0,0,0,0,119.82501983642578,-1,0,0,0,-160,0,0,0,0,0,0,4054
4421,0,109,2000,500,830,0,0,0,0,0,0,0,0,0,0,119.82501983642578,-1,0,0,0,-160,0,0,0,0,0,0,4054
4422,0,110,2000,500,830,0,0,0,0,0,0,0,0,0,0,119.82501983642578,-1,0,0,0,-160,0,0,0,0,0,0,4054
4423,0,111,2000,500,830,0,0,0,0,0,0,0,0,0,0,119.82501983642578,-1,0,0,0,-160,0,0,0,0,0,0,4054
4424,0,112,2000,500,830,0,0,0,0,0,0,0,0,0,0,119.82501983642578,-1,0,0,0,-160,0,0,0,0,0,0,4054
4425,0,113,2000,500,830,0,0,0,0,0,0,0,0,0,0,119.82501983642578,-1,0,0,0,-160,0,0,0,0,0,0,4054
4426,0,114,2000,500,830,0,0,0,0,0,0,0,0,0,0,119.82501983642578,-1,0,0,0,-160,0,0,0,0,0,0,4054
4427,0,115,2000,500,830,0,0,0,0,0,0,0,0,0,0,119.82501983642578,-1,0,0,0,-160,0,0,0,0,0,0,4054
4428,0,116,2000,500,830,0,0,0,0,0,0,0,0,0,0,119.82501983642578,-1,0,0,0,-160,0,0,0,0,0,0,4054
4429,0,117,2000,500,830,0,0,0,0,0,0,0,0,0,0,119.82501983642578,-1,0,0,0,-160,0,0,0,0,0,0,4054
4430,0,118,2000,500,830,0,0,0,0,0,0,0,0,0,0,119.82501983642578,-1,0,0,0,-160,0,0,0,0,0,0,4054
4431,0,119,2000,500,830,0,0,0,0,0,0,0,0,0,0,119.82501983642578,-1,0,0,0,-160,0,0,0,0,0,0,4054
4432,0,120,2000,500,830,0,0,0,0,0,0,0,0,0,0,119.82501983642578,-1,0,0,0,-160,0,0,0,0,0,0,4054
4433,0,121,2000,500,830,0,0,0,0,0,0,0,0,0,0,119.82501983642578,-1,0,0,0,-160,0,0,0,0,0,0,4054
4434,0,122,2000,500,830,0,0,0,0,0,0,0,0,0,0,119.82501983642578,-1,0,0,0,-160,0,0,0,0,0,0,4054
4435,0,123,2000,500,830,0,0,0,0,0,0,0,0,0,0,119.82501983642578,-1,0,0,0,-160,0,0,0,0,0,0,4054
4436,0,124,2000,500,830,0,0,0,0,0,0,0,0,0,0,119.82501983642578,-1,0,0,0,-160,0,0,0,0,0,0,4054
4437,0,125,2000,500,830,0,0,0,0,0,0,0,0,0,0,119.82501983642578,-1,0,0,0,-160,0,0,0,0,0,0,4054
4438,0,126,2000,500,830,0,0,0,0,0,0,0,0,0,0,119.82501983642578,-1,0,0,0,-160,0,0,0,0,0,0,4054
4439,0,127,2000,500,830,0,0,0,0,0,0,0,0,0,0,119.82501983642578,-1,0,0,0,-160,0,0,0,0,0,0,4054
4440,0,128,2000,500,830,0,0,0,0,0,0,0,0,0,0,119.82501983642578,-1,0,0,0,-160,0,0,0,0,0,0,4054
4441,0,129,2000,500,830,0,0,0,0,0,0,0,0,0,0,119.82501983642578,-1,0,0,0,-160,0,0,0,0,0,0,4054
4442,0,130,2000,500,830,0,0,0,0,0,0,0,0,0,0,119.82501983642578,-1,0,0,0,-160,0,0,0,0,0,0,4054
4443,0,131,2000,500,830,0,0,0,0,0,0,0,0,0,0,119.82501983642578,-1,0,0,0,-160,0,0,0,0,0,0,4054
4444,0,132,2000,500,830,0,0,0,0,0,0,0,0,0,0,119.82501983642578,-1,0,0,0,-160,0,0,0,0,0,0,4054
4445,0,133,2000,500,830,0,0,0,0,0,0,0,0,0,0,119.82501983642578,-1,0,0,0,-160,0,0,0,0,0,0,4054
4446,0,134,2000,500,830,0,0,0,0,0,0,0,0,0,0,119.82501983642578,-1,0,0,0,-160,0,0,0,0,0,0,4054
4447,0,135,2000,500,830,0,0,0,0,0,0,0,0,0,0,119.82501983642578,-1,0,0,0,-160,0,0,0,0,0,0,4054
4448,0,136,2000,500,830,0,0,0,0,0,0,0,0,0,0,119.82501983642578,-1,0,0,0,-160,0,0,0,0,0,0,4054
4449,0,137,2000,500,830,0,0,0,0,0,0,0,0,0,0,119.82501983642578,-1,0,0,0,-160,0,0,0,0,0,0,4054
4450,0,138,2000,500,830,0,0,0,0,0,0,0,0,0,0,119.82501983642578,-1,0,0,0,-160,0,0,0,0,0,0,4054
4451,0,139,2000,500,830,0,0,0,0,0,0,0,0,0,0,119.82501983642578,-1,0,0,0,-160,0,0,0,0,0,0,4054
4452,0,140,2000,500,830,0,0,0,0,0,0,0,0,0,0,119.82501983642578,-1,0,0,0,-160,0,0,0,0,0,0,4054
4453,0,141,2000,500,830,0,0,0,0,0,0,0,0,0,0,119.82501983642578,-1,0,0,0,-160,0,0,0,0,0,0,4054
4454,0,142,2000,500,830,0,0,0,0,0,0,0,0,0,0,119.82501983642578,-1,0,0,0,-160,0,0,0,0,0,0,4054
4455,0,143,2000,500,830,0,0,0,0,0,0,0,0,0,0,119.82501983642578,-1,0,0,0,-160,0,0,0,0,0,0,4054
4456,0,144,2000,500,830,0,0,0,0,0,0,0,0,0,0,119.82501983642578,-1,0,0,0,-160,0,0,0,0,0,0,4054
4457,0,145,2000,500,830,0,0,0,0,0,0,0,0,0,0,119.82501983642578,-1,0,0,0,-160,0,0,0,0,0,0,4054
4458,0,146,2000,500,830,0,0,0,0,0,0,0,0,0,0,119.82501983642578,-1,0,0,0,-160,0,0,0,0,0,0,4054
4459,0,147,2000,500,830,0,0,0,0,0,0,0,0,0,0,119.82501983642578,-1,0,0,0,-160,0,0,0,0,0,0,4054
4460,0,148,2000,500,830,0,0,0,0,0,0,0,0,0,0,119.82501983642578,-1,0,0,0,-160,0,0,0,0,0,0,4054
4461,0,149,2000,500,830,0,0,0,0,0,0,0,0,0,0,119.82501983642578,-1,0,0,0,-160,0,0,0,0,0,0,4054
4462,0,150,2000,500,830,0,0,0,0,0,0,0,0,0,0,119.82501983642578,-1,0,0,0,-160,0,0,0,0,0,0,4054
4463,0,151,2000,500,830,0,0,0,0,0,0,0,0,0,0,119.82501983642578,-1,0,0,0,-160,0,0,0,0,0,0,4054
4464,0,152,2000,500,830,0,0,0,0,0,0,0,0,0,0,119.82501983642578,-1,0,0,0,-160,0,0,0,0,0,0,4054
4465,0,153,2000,500,830,0,0,0,0,0,0,0,0,0,0,119.82501983642578,-1,0,0,0,-160,0,0,0,0,0,0,4054
4466,0,154,2000,500,830,0,0,0,0,0,0,0,0,0,0,119.82501983642578,-1,0,0,0,-160,0,0,0,0,0,0,4054
4467,0,155,2000,500,830,0,0,0,0,0,0,0,0,0,0,119.82501983642578,-1,0,0,0,-160,0,0,0,0,0,0,4054
4468,0,156,2000,500,830,0,0,0,0,0,0,0,0,0,0,119.82501983642578,-1,0,0,0,-160,0,0,0,0,0,0,4054
4469,0,157,2000,500,830,0,0,0,0,0,0,0,0,0,0,119.82501983642578,-1,0,0,0,-160,0,0,0,0,0,0,4054
4470,0,158,2000,500,830,0,0,0,0,0,0,0,0,0,0,119.82501983642578,-1,0,0,0,-160,0,0,0,0,0,0,4054
4471,0,159,2000,500,830,0,0,0,0,0,0,0,0,0,0,119.82501983642578,-1,0,0,0,-160,0,0,0,0,0,0,4054
4472,0,160,2000,500,830,0,0,0,0,0,0,0,0,0,0,119.82501983642578,-1,0,0,0,-160,0,0,0,0,0,0,4054
4473,0,161,2000,500,830,0,0,0,0,0,0,0,0,0,0,119.82501983642578,-1,0,0,0,-160,0,0,0,0,0,0,4054
4474,0,162,2000,500,830,0,0,0,0,0,0,0,0,0,0,119.82501983642578,-1,0,0,0,-160,0,0,0,0,0,0,4054
4475,0,163,2000,500,830,0,0,0,0,0,0,0,0,0,0,119.82501983642578,-1,0,0,0,-160,0,0,0,0,0,0,4054
4476,0,164,2000,500,830,0,0,0,0,0,0,0,0,0,0,119.82501983642578,-1,0,0,0,-160,0,0,0,0,0,0,4054
4477,0,165,2000,500,830,0,0,0,0,0,0,0,0,0,0,119.82501983642578,-1,0,0,0,-160,0,0,0,0,0,0,4054
4478,0,166,2000,500,830,0,0,0,0,0,0,0,0,0,0,119.82501983642578,-1,0,0,0,-160,0,0,0,0,0,0,4054
4479,0,167,2000,500,830,0,0,0,0,0,0,0,0,0,0,119.82501983642578,-1,0,0,0,-160,0,0,0,0,0,0,4054
4480,0,168,2000,500,830,0,0,0,0,0,0,0,0,0,0,119.82501983642578,-1,0,0,0,-160,0,0,0,0,0,0,4054
4481,0,169,2000,500,830,0,0,0,0,0,0,0,0,0,0,119.82501983642578,-1,0,0,0,-160,0,0,0,0,0,0,4054
4482,0,170,2000,500,830,0,0,0,0,0,0,0,0,0,0,119.82501983642578,-1,0,0,0,-160,0,0,0,0,0,0,4054
4483,0,171,2000,500,830,0,0,0,0,0,0,0,0,0,0,119.82501983642578,-1,0,0,0,-160,0,0,0,0,0,0,4054
4484,0,172,2000,500,830,0,0,0,0,0,0,0,0,0,0,119.82501983642578,-1,0,0,0,-160,0,0,0,0,0,0,4054
4485,0,173,2000,500,830,0,0,0,0,0,0,0,0,0,0,119.82501983642578,-1,0,0,0,-160,0,0,0,0,0,0,4054
4486,0,174,2000,500,830,0,0,0,0,0,0,0,0,0,0,119.82501983642578,-1,0,0,0,-160,0,0,0,0,0,0,4054
4487,0,175,2000,500,830,0,0,0,0,0,0,0,0,0,0,119.82501983642578,-1,0,0,0,-160,0,0,0,0,0,0,4054
4488,0,176,2000,500,830,0,0,0,0,0,0,0,0,0,0,119.82501983642578,-1,0,0,0,-160,0,0,0,0,0,0,4054
4489,0,177,2000,500,830,0,0,0,0,0,0,0,0,0,0,119.82501983642578,-1,0,0,0,-160,0,0,0,0,0,0,4054
4490,0,178,2000,500,830,0,0,0,0,0,0,0,0,0,0,119.82501983642578,-1,0,0,0,-160,0,0,0,0,0,0,4054
4491,0,179,2000,500,830,0,0,0,0,0,0,0,0,0,0,119.82501983642578,-1,0,0,0,-160,0,0,0,0,0,0,4054
4492,0,180,2000,500,830,0,0,0,0,0,0,0,0,0,0,119.82501983642578,-1,0,0,0,-160,0,0,0,0,0,0,4054
4493,0,181,2000,500,830,0,0,0,0,0,0,0,0,0,0,119.82501983642578,-1,0,0,0,-160,0,0,0,0,0,0,4054
4494,0,182,2000,500,830,0,0,0,0,0,0,0,0,0,0,119.82501983642578,-1,0,0,0,-160,0,0,0,0,0,0,4054
4495,0,183,2000,500,830,0,0,0,0,0,0,0,0,0,0,119.82501983642578,-1,0,0,0,-160,0,0,0,0,0,0,4054
4496,0,184,2000,500,830,0,0,0,0,0,0,0,0,0,0,119.82501983642578,-1,0,0,0,-160,0,0,0,0,0,0,4054
4497,0,185,2000,500,830,0,0,0,0,0,0,0,0,0,0,119.82501983642578,-1,0,0,0,-160,0,0,0,0,0,0,4054
4498,0,186,2000,500,830,0,0,0,0,0,0,0,0,0,0,119.82501983642578,-1,0,0,0,-160,0,0,0,0,0,0,4054
4499,0,187,2000,500,830,0,0,0,0,0,0,0,0,0,0,119.82501983642578,-1,0,0,0,-160,0,0,0,0,0,0,4054
4500,0,188,2000,500,830,0,0,0,0,0,0,0,0,0,0,119.82501983642578,-1,0,0,0,-160,0,0,0,0,0,0,4054
4501,0,189,2000,500,830,0,0,0,0,0,0,0,0,0,0,119.82501983642578,-1,0,0,0,-160,0,0,0,0,0,0,4054
4502,0,190,2000,500,830,0,0,0,0,0,0,0,0,0,0,119.82501983642578,-1,0,0,0,-160,0,0,0,0,0,0,4054
4503,0,191,2000,500,830,0,0,0,0,0,0,0,0,0,0,119.82501983642578,-1,0,0,0,-160,0,0,0,0,0,0,4054
4504,0,192,2000,500,830,0,0,0,0,0,0,0,0,0,0,119.82501983642578,-1,0,0,0,-160,0,0,0,0,0,0,4054
4505,0,193,2000,500,830,0,0,0,0,0,0,0,0,0,0,119.82501983642578,-1,0,0,0,-160,0,0,0,0,0,0,4054
4506,0,194,2000,500,830,0,0,0,0,0,0,0,0,0,0,119.82501983642578,-1,0,0,0,-160,0,0,0,0,0,0,4054
4507,0,195,2000,500,830,0,0,0,0,0,0,0,0,0,0,119.82501983642578,-1,0,0,0,-160,0,0,0,0,0,0,4054
4508,0,196,2000,500,830,0,0,0,0,0,0,0,0,0,0,119.82501983642578,-1,0,0,0,-160,0,0,0,0,0,0,4054
4509,0,197,2000,500,830,0,0,0,0,0,0,0,0,0,0,119.82501983642578,-1,0,0,0,-160,0,0,0,0,0,0,4054
4510,0,1,3000,500,1000,500,0,0,0,0,0,0,0,0,0,145,-1,0,0,0,-160,0,0,0,0,0,0,1000
4511,0,2,3000,500,1000,499,0,0,0,0,0,0,0,0,0,145,-1,0,0,0,-160,0,0,0,0,0,0,1000
4512,0,3,3000,500,1000,498,0,0,0,0,0,0,0,0,0,145,-1,0,0,0,-160,0,0,0,0,0,0,1000
4513,0,4,3000,500,1000,497,0,0,0,0,0,0,0,0,0,145,-1,0,0,0,-160,0,0,0,0,0,0,1000
4514,0,5,3000,500,1000,496,0,0,0,0,0,0,0,0,0,145,-1,0,0,0,-160,0,0,0,0,0,0,1000
4515,0,6,3000,500,1000,495,0,0,0,0,0,0,0,0,0,145,-1,0,0,0,-160,0,0,0,0,0,0,1000
4516,0,7,3000,500,1000,494,0,0,0,0,0,0,0,0,0,145,-1,0,0,0,-160,0,0,0,0,0,0,1000
4517,0,8,3000,500,1000,493,0,0,0,0,0,0,0,0,0,145,-1,0,0,0,-160,0,0,0,0,0,0,1000
4518,0,9,3000,500,1000,492,0,0,0,0,0,0,0,0,0,145,-1,0,0,0,-160,0,0,0,0,0,0,1000
4519,10,1,3000,500,1000,491,0,0,0,0,0,0,0,0,0,145,-1,0,0,0,-160,0,0,0,0,0,0,1000
4520,10,2,3000,500,1000,490,0,0,0,0,0,0,0,0,0,145,-1,0,0,0,-160,0,0,0,0,0,0,1000
4521,10,3,3000,500,1000,489,0,0,0,0,0,0,0,0,0,145,-1,0,0,0,-160,0,0,0,0,0,0,1000
4522,10,4,3000,500,1000,488,0,0,0,0,0,0,0,0,0,145,-1,0,0,0,-160,0,0,0,0,0,0,1000
4523,10,5,3000,500,1000,487,0,0,0,0,0,0,0,0,0,145,-1,0,0,0,-160,0,0,0,0,0,0,1000
4524,10,6,3000,500,1000,486,0,0,0,0,0,0,0,0,0,145,-1,0,0,0,-160,0,0,0,0,0,0,1000
4525,12,1,3000,500,1000,485,0,0,0,0,0,0,0,0,0,145,-1,0,0,0,-160,0,0,0,0,0,0,1000
4526,20,1,3000,500,1000,484,0,0,0,0,0,0,0,0,0,143.5,-1,0,0,0,-160,0,0,0,0,0,0,1000
4527,20,2,3000,500,1000,483,0,0,0,0,0,0,0,0,0,143.5,-1,0,0,0,-158.5,0,0,0,0,0,0,1000
4528,10,1,3000,500,1000,482,0,0,0,0,0,0,0,0,0,143.5,-1,0,0,0,-157,0,0,0,0,0,0,1000
4529,10,2,3000,500,1000,481,0,0,0,0,0,0,0,0,0,143.5,-1,0,0,0,-157,0,0,0,0,0,0,1000
4530,10,3,3000,500,1000,480,0,0,0,0,0,0,0,0,0,143.5,-1,0,0,0,-157,0,0,0,0,0,0,1000
4531,10,4,3000,500,1000,479,0,0,0,0,0,0,0,0,0,143.5,-1,0,0,0,-157,0,0,0,0,0,0,1000
4532,10,5,3000,500,1000,478,0,0,0,0,0,0,0,0,0,143.5,-1,0,0,0,-157,0,0,0,0,0,0,1000
4533,10,6,3000,500,1000,477,0,0,0,0,0,0,0,0,0,143.5,-1,0,0,0,-157,0,0,0,0,0,0,1000
4534,4000,1,1000,500,1000,476,0,0,0,0,0,0,0,0,0,143.5,-1,0,0,0,-157,0,0,0,0,0,0,1000
4535,4000,2,1000,500,1000,0,0,0,0,0,0,0,0,0,0,143.5,-1,0,0,0,-157,0,0,0,0,0,0,1000
4536,4000,3,1000,500,1000,0,0,0,0,0,0,0,0,0,0,143.5,-1,0,0,0,-157,0,0,0,0,0,0,1000
4537,4000,4,1000,500,1000,0,0,0,0,0,0,0,0,0,0,143.5,-1,0,0,0,-157,0,0,0,0,0,0,1000
4538,4000,5,1000,500,1000,0,0,0,0,0,0,0,0,0,0,139.85000610351562,-1,0,0,0,-157,0,0,0,0,0,0,1000
4539,4000,6,1000,500,1000,0,0,0,0,0,0,0,0,0,0,136.9499969482422,-1,0,0,0,-157,0,0,0,0,0,0,1000
4540,4000,7,1000,500,1000,0,0,0,0,0,0,0,0,0,0,134.0500030517578,-1,0,0,0,-157,0,0,0,0,0,0,1000
4541,4000,8,1000,500,1000,0,0,0,0,0,0,0,0,0,0,131.14999389648438,-1,0,0,0,-157,0,0,0,0,0,0,1000
4542,4000,8,1000,500,962,0,0,0,0,0,0,0,0,0,0,131.14999389648438,-1,0,0,0,-157,0,0,0,0,0,0,1018
4543,4000,8,1000,500,962,0,0,0,0,0,0,0,0,0,0,131.14999389648438,-1,0,0,0,-157,0,0,0,0,0,0,1018
4544,4000,8,1000,500,962,0,0,0,0,0,0,0,0,0,0,131.14999389648438,-1,0,0,0,-157,0,0,0,0,0,0,1018
4545,4000,8,1000,500,962,0,0,0,0,0,0,0,0,0,0,131.14999389648438,-1,0,0,0,-157,0,0,0,0,0,0,1018
4546,4000,8,1000,500,962,0,0,0,0,0,0,0,0,0,0,131.14999389648438,-1,0,0,0,-157,0,0,0,0,0,0,1018
4547,4000,8,1000,500,962,0,0,0,0,0,0,0,0,0,0,131.14999389648438,-1,0,0,0,-157,0,0,0,0,0,0,1018
4548,4000,9,1000,500,962,0,0,0,0,0,0,0,0,0,0,128.25,-1,0,0,0,-157,0,0,0,0,0,0,1018
4549,4000,10,1000,500,962,0,0,0,0,0,0,0,0,0,0,125.34999084472656,-1,0,0,0,-157,0,0,0,0,0,0,1018
4550,4000,11,1000,500,962,0,0,0,0,0,0,0,0,0,0,122.44998931884766,-1,0,0,0,-157,0,0,0,0,0,0,1018
4551,4000,12,1000,500,962,0,0,0,0,0,0,0,0,0,0,119.54998779296875,-1,0,0,0,-157,0,0,0,0,0,0,1018
4552,4000,13,1000,500,962,0,0,0,0,0,0,0,0,0,0,116.64998626708984,-1,0,0,0,-157,0,0,0,0,0,0,1018
4553,4000,14,1000,500,962,0,0,0,0,0,0,0,0,0,0,113.74998474121094,-1,0,0,0,-157,0,0,0,0,0,0,1018
4554,4000,15,1000,500,962,0,0,0,0,0,0,0,0,0,0,110.84998321533203,-1,0,0,0,-157,0,0,0,0,0,0,1018
4555,4000,15,1000,500,924,0,0,0,0,0,0,0,0,0,0,110.84998321533203,-1,0,0,0,-157,0,0,0,0,0,0,1036
4556,4000,15,1000,500,924,0,0,0,0,0,0,0,0,0,0,110.84998321533203,-1,0,0,0,-157,0,0,0,0,0,0,1036
4557,4000,15,1000,500,924,0,0,0,0,0,0,0,0,0,0,110.84998321533203,-1,0,0,0,-157,0,0,0,0,0,0,2036
4558,4000,15,1000,500,924,0,0,0,0,0,0,0,0,0,0,110.84998321533203,-1,0,0,0,-157,0,0,0,0,0,0,2036
4559,4000,15,1000,500,924,0,0,0,0,0,0,0,0,0,0,110.84998321533203,-1,0,0,0,-157,0,0,0,0,0,0,2036
4560,4000,15,1000,500,924,0,0,0,0,0,0,0,0,0,0,110.84998321533203,-1,0,0,0,-157,0,0,0,0,0,0,2036
4561,4000,16,1000,500,924,0,0,0,0,0,0,0,0,0,0,107.94998168945312,-1,0,0,0,-157,0,0,0,0,0,0,2036
4562,4000,17,1000,500,924,0,0,0,0,0,0,0,0,0,0,105.04998779296875,-1,0,0,0,-157,0,0,0,0,0,0,2036
4563,4000,18,1000,500,924,0,0,0,0,0,0,0,0,0,0,102.14997863769531,-1,0,0,0,-157,0,0,0,0,0,0,2036
4564,4000,19,1000,500,924,0,0,0,0,0,0,0,0,0,0,99.0999755859375,-1,0,0,0,-157,0,0,0,0,0,0,2036
4565,4000,20,1000,500,924,0,0,0,0,0,0,0,0,0,0,96.19998168945312,-1,0,0,0,-157,0,0,0,0,0,0,2036
4566,4000,21,1000,500,924,0,0,0,0,0,0,0,0,0,0,93.29998016357422,-1,0,0,0,-157,0,0,0,0,0,0,2036
4567,4000,22,1000,500,924,0,0,0,0,0,0,0,0,0,0,90.39997863769531,-1,0,0,0,-157,0,0,0,0,0,0,2036
4568,4000,22,1000,500,886,0,0,0,0,0,0,0,0,0,0,90.39997863769531,-1,0,0,0,-157,0,0,0,0,0,0,3054
4569,4000,22,1000,500,886,0,0,0,0,0,0,0,0,0,0,90.39997863769531,-1,0,0,0,-157,0,0,0,0,0,0,3054
4570,4000,22,1000,500,886,0,0,0,0,0,0,0,0,0,0,90.39997863769531,-1,0,0,0,-157,0,0,0,0,0,0,3054
4571,4000,22,1000,500,886,0,0,0,0,0,0,0,0,0,0,90.39997863769531,-1,0,0,0,-157,0,0,0,0,0,0,3054
4572,4000,22,1000,500,886,0,0,0,0,0,0,0,0,0,0,90.39997863769531,-1,0,0,0,-157,0,0,0,0,0,0,3054
4573,4000,22,1000,500,886,0,0,0,0,0,0,0,0,0,0,90.39997863769531,-1,0,0,0,-157,0,0,0,0,0,0,3054
4574,4000,23,1000,500,886,0,0,0,0,0,0,0,0,0,0,87.4999771118164,-1,0,0,0,-157,0,0,0,0,0,0,3054
4575,4000,24,1000,500,886,0,0,0,0,0,0,0,0,0,0,84.5999755859375,-1,0,0,0,-157,0,0,0,0,0,0,3054
4576,4000,25,1000,500,886,0,0,0,0,0,0,0,0,0,0,84.5999755859375,-1,0,0,0,-157,0,0,0,0,0,0,3054
4577,4000,26,1000,500,886,0,0,0,0,0,0,0,0,0,0,84.5999755859375,-1,0,0,0,-157,0,0,0,0,0,0,3054
4578,4000,27,1000,500,886,0,0,0,0,0,0,0,0,0,0,84.5999755859375,-1,0,0,0,-157,0,0,0,0,0,0,3054
4579,4000,28,1000,500,886,0,0,0,0,0,0,0,0,0,0,84.5999755859375,-1,0,0,0,-157,0,0,0,0,0,0,3054
4580,4000,29,1000,500,886,0,0,0,0,0,0,0,0,0,0,84.5999755859375,-1,0,0,0,-157,0,0,0,0,0,0,3054
4581,4000,29,1000,500,848,0,0,0,0,0,0,0,0,0,0,84.5999755859375,-1,0,0,0,-157,0,0,0,0,0,0,4072
4582,4000,29,1000,500,848,0,0,0,0,0,0,0,0,0,0,84.5999755859375,-1,0,0,0,-157,0,0,0,0,0,0,4072
4583,4000,29,1000,500,848,0,0,0,0,0,0,0,0,0,0,84.5999755859375,-1,0,0,0,-157,0,0,0,0,0,0,4072
4584,4000,29,1000,500,848,0,0,0,0,0,0,0,0,0,0,84.5999755859375,-1,0,0,0,-157,0,0,0,0,0,0,4072
4585,4000,29,1000,500,848,0,0,0,0,0,0,0,0,0,0,84.5999755859375,-1,0,0,0,-157,0,0,0,0,0,0,4072
4586,4000,29,1000,500,848,0,0,0,0,0,0,0,0,0,0,84.5999755859375,-1,0,0,0,-157,0,0,0,0,0,0,4072
4587,4000,30,1000,500,848,0,0,0,0,0,0,0,0,0,0,84.5999755859375,-1,0,0,0,-157,0,0,0,0,0,0,4072
4588,4000,31,1000,500,848,0,0,0,0,0,0,0,0,0,0,84.5999755859375,-1,0,0,0,-157,0,0,0,0,0,0,4072
4589,4000,32,1000,500,848,0,0,0,0,0,0,0,0,0,0,84.5999755859375,-1,0,0,0,-157,0,0,0,0,0,0,4072
4590,4000,33,1000,500,848,0,0,0,0,0,0,0,0,0,0,84.5999755859375,-1,0,0,0,-157,0,0,0,0,0,0,4072
4591,4000,34,1000,500,848,0,0,0,0,0,0,0,0,0,0,84.5999755859375,-1,0,0,0,-157,0,0,0,0,0,0,4072
4592,4000,35,1000,500,848,0,0,0,0,0,0,0,0,0,0,84.5999755859375,-1,0,0,0,-157,0,0,0,0,0,0,4072
4593,4000,36,1000,500,848,0,0,0,0,0,0,0,0,0,0,84.5999755859375,-1,0,0,0,-157,0,0,0,0,0,0,4072
4594,4000,37,1000,500,848,0,0,0,0,0,0,0,0,0,0,84.5999755859375,-1,0,0,0,-157,0,0,0,0,0,0,4072
4595,4000,38,1000,500,848,0,0,0,0,0,0,0,0,0,0,84.5999755859375,-1,0,0,0,-157,0,0,0,0,0,0,4072
4596,4000,39,1000,500,848,0,0,0,0,0,0,0,0,0,0,84.5999755859375,-1,0,0,0,-157,0,0,0,0,0,0,4072
4597,4000,39,1000,500,753,0,0,0,0,0,0,0,0,0,0,84.5999755859375,-1,0,0,0,-157,0,0,0,0,0,0,5000
4598,4000,39,1000,500,753,0,0,0,0,0,0,0,0,0,0,84.5999755859375,-1,0,0,0,-157,0,0,0,0,0,0,5000
4599,4000,39,1000,500,753,0,0,0,0,0,0,0,0,0,0,84.5999755859375,-1,0,0,0,-157,0,0,0,0,0,0,5000
4600,4000,39,1000,500,753,0,0,0,0,0,0,0,0,0,0,84.5999755859375,-1,0,0,0,-157,0,0,0,0,0,0,5000
4601,4000,39,1000,500,753,0,0,0,0,0,0,0,0,0,0,84.5999755859375,-1,0,0,0,-157,0,0,0,0,0,0,5000
4602,4000,39,1000,500,753,0,0,0,0,0,0,0,0,0,0,84.5999755859375,-1,0,0,0,-157,0,0,0,0,0,0,5000
4603,4000,40,1000,500,753,0,0,0,0,0,0,0,0,0,0,84.5999755859375,-1,0,0,0,-157,0,0,0,0,0,0,5000
4604,4000,41,1000,500,753,0,0,0,0,0,0,0,0,0,0,84.5999755859375,-1,0,0,0,-157,0,0,0,0,0,0,5000
4605,4000,42,1000,500,753,0,0,0,0,0,0,0,0,0,0,84.5999755859375,-1,0,0,0,-157,0,0,0,0,0,0,5000
4606,4000,43,1000,500,753,0,0,0,0,0,0,0,0,0,0,88.0999755859375,-1,0,0,0,-157,0,0,0,0,0,0,5000
4607,4000,44,1000,500,753,0,0,0,0,0,0,0,0,0,0,91.5999755859375,-1,0,0,0,-157,0,0,0,0,0,0,5000
4608,4000,45,1000,500,753,0,0,0,0,0,0,0,0,0,0,95.0999755859375,-1,0,0,0,-157,0,0,0,0,0,0,5000
4609,4000,46,1000,500,753,0,0,0,0,0,0,0,0,0,0,98.5999755859375,-1,0,0,0,-157,0,0,0,0,0,0,5000
4610,4000,47,1000,500,753,0,0,0,0,0,0,0,0,0,0,102.0999755859375,-1,0,0,0,-157,0,0,0,0,0,0,5000
4611,4000,48,1000,500,753,0,0,0,0,0,0,0,0,0,0,105.5999755859375,-1,0,0,0,-157,0,0,0,0,0,0,5000
4612,4000,49,1000,500,753,0,0,0,0,0,0,0,0,0,0,109.0999755859375,-1,0,0,0,-157,0,0,0,0,0,0,5000
4613,4000,50,1000,500,753,0,0,0,0,0,0,0,0,0,0,110.0999755859375,-1,0,0,0,-157,0,0,0,0,0,0,5000
4614,4000,51,1000,500,753,0,0,0,0,0,0,0,0,0,0,110.0999755859375,-1,0,0,0,-154.5,0,0,0,0,0,0,5000
4615,4000,52,1000,500,753,0,0,0,0,0,0,0,0,0,0,110.0999755859375,-1,0,0,0,-154.5,0,0,0,0,0,0,5000
4616,4000,53,1000,500,753,0,0,0,0,0,0,0,0,0,0,110.0999755859375,-1,0,0,0,-154.5,0,0,0,0,0,0,5000
4617,4000,54,1000,500,753,0,0,0,0,0,0,0,0,0,0,110.0999755859375,-1,0,0,0,-154.5,0,0,0,0,0,0,5000
4618,4000,55,1000,500,753,0,0,0,0,0,0,0,0,0,0,110.0999755859375,-1,0,0,0,-154.5,0,0,0,0,0,0,5000
4619,4000,56,1000,500,753,0,0,0,0,0,0,0,0,0,0,110.0999755859375,-1,0,0,0,-154.5,0,0,0,0,0,0,5000
4620,4000,57,1000,500,753,0,0,0,0,0,0,0,0,0,0,110.0999755859375,-1,0,0,0,-154.5,0,0,0,0,0,0,5000
4621,4000,58,1000,500,753,0,0,0,0,0,0,0,0,0,0,110.0999755859375,-1,0,0,0,-154.5,0,0,0,0,0,0,5000
4622,4000,59,1000,500,753,0,0,0,0,0,0,0,0,0,0,110.0999755859375,-1,0,0,0,-154.5,0,0,0,0,0,0,5000
4623,4000,60,1000,500,753,0,0,0,0,0,0,0,0,0,0,110.0999755859375,-1,0,0,0,-154.5,0,0,0,0,0,0,5000
4624,0,1,1000,500,753,0,0,0,0,0,0,0,0,0,0,110.0999755859375,-1,0,0,0,-154.5,0,0,0,0,0,0,5000
4625,0,2,1000,500,753,0,0,0,0,0,0,0,0,0,0,110.0999755859375,-1,0,0,0,-154.5,0,0,0,0,0,0,5000
4626,0,3,1000,500,753,0,0,0,0,0,0,0,0,0,0,110.0999755859375,-1,0,0,0,-154.5,0,0,0,0,0,0,5000
4627,0,4,1000,500,753,0,0,0,0,0,0,0,0,0,0,110.0999755859375,-1,0,0,0,-154.5,0,0,0,0,0,0,5000
4628,0,5,1000,500,753,0,0,0,0,0,0,0,0,0,0,110.0999755859375,-1,0,0,0,-154.5,0,0,0,0,0,0,5000
4629,0,6,1000,500,753,0,0,0,0,0,0,0,0,0,0,110.0999755859375,-1,0,0,0,-154.5,0,0,0,0,0,0,5000
4630,0,7,1000,500,753,0,0,0,0,0,0,0,0,0,0,110.0999755859375,-1,0,0,0,-154.5,0,0,0,0,0,0,5000
4631,0,8,1000,500,753,0,0,0,0,0,0,0,0,0,0,110.0999755859375,-1,0,0,0,-154.5,0,0,0,0,0,0,5000
4632,0,9,1000,500,753,0,0,0,0,0,0,0,0,0,0,110.0999755859375,-1,0,0,0,-154.5,0,0,0,0,0,0,5000
4633,0,10,1000,500,753,0,0,0,0,0,0,0,0,0,0,110.0999755859375,-1,0,0,0,-154.5,0,0,0,0,0,0,5000
4634,0,11,1000,500,753,0,0,0,0,0,0,0,0,0,0,110.0999755859375,-1,0,0,0,-154.5,0,0,0,0,0,0,5000
4635,0,12,1000,500,753,0,0,0,0,0,0,0,0,0,0,110.0999755859375,-1,0,0,0,-154.5,0,0,0,0,0,0,5000
4636,0,13,1000,500,753,0,0,0,0,0,0,0,0,0,0,110.0999755859375,-1,0,0,0,-154.5,0,0,0,0,0,0,5000
4637,0,14,1000,500,753,0,0,0,0,0,0,0,0,0,0,110.0999755859375,-1,0,0,0,-154.5,0,0,0,0,0,0,5000
4638,0,15,1000,500,753,0,0,0,0,0,0,0,0,0,0,110.0999755859375,-1,0,0,0,-154.5,0,0,0,0,0,0,5000
4639,0,16,1000,500,753,0,0,0,0,0,0,0,0,0,0,110.0999755859375,-1,0,0,0,-154.5,0,0,0,0,0,0,5000
4640,0,17,1000,500,753,0,0,0,0,0,0,0,0,0,0,110.0999755859375,-1,0,0,0,-154.5,0,0,0,0,0,0,5000
4641,0,18,1000,500,753,0,0,0,0,0,0,0,0,0,0,110.0999755859375,-1,0,0,0,-154.5,0,0,0,0,0,0,5000
4642,0,19,1000,500,753,0,0,0,0,0,0,0,0,0,0,110.0999755859375,-1,0,0,0,-154.5,0,0,0,0,0,0,5000
4643,0,20,1000,500,753,0,0,0,0,0,0,0,0,0,0,110.0999755859375,-1,0,0,0,-154.5,0,0,0,0,0,0,5000
4644,0,21,1000,500,753,0,0,0,0,0,0,0,0,0,0,110.0999755859375,-1,0,0,0,-154.5,0,0,0,0,0,0,5000
4645,0,22,1000,500,753,0,0,0,0,0,0,0,0,0,0,110.0999755859375,-1,0,0,0,-154.5,0,0,0,0,0,0,5000
4646,0,23,1000,500,753,0,0,0,0,0,0,0,0,0,0,110.3499755859375,-1,0,0,0,-154.5,0,0,0,0,0,0,5000
4647,0,24,1000,500,753,0,0,0,0,0,0,0,0,0,0,112.3499755859375,-1,0,0,0,-154.75,0,0,0,0,0,0,5000
4648,0,25,1000,500,753,0,0,0,0,0,0,0,0,0,0,114.3499755859375,-1,0,0,0,-156.75,0,0,0,0,0,0,5000
4649,0,26,1000,500,753,0,0,0,0,0,0,0,0,0,0,115.5999755859375,-1,0,0,0,-158.75,0,0,0,0,0,0,5000
4650,0,27,1000,500,753,0,0,0,0,0,0,0,0,0,0,115.5999755859375,-1,0,0,0,-160,0,0,0,0,0,0,5000
4651,0,28,1000,500,753,0,0,0,0,0,0,0,0,0,0,115.5999755859375,-1,0,0,0,-160,0,0,0,0,0,0,5000
4652,0,29,1000,500,753,0,0,0,0,0,0,0,0,0,0,115.5999755859375,-1,0,0,0,-160,0,0,0,0,0,0,5000
4653,0,30,1000,500,753,0,0,0,0,0,0,0,0,0,0,115.5999755859375,-1,0,0,0,-160,0,0,0,0,0,0,5000
4654,0,31,1000,500,753,0,0,0,0,0,0,0,0,0,0,115.5999755859375,-1,0,0,0,-160,0,0,0,0,0,0,5000
4655,0,32,1000,500,753,0,0,0,0,0,0,0,0,0,0,115.5999755859375,-1,0,0,0,-160,0,0,0,0,0,0,5000
4656,0,33,1000,500,753,0,0,0,0,0,0,0,0,0,0,115.5999755859375,-1,0,0,0,-160,0,0,0,0,0,0,5000
4657,0,34,1000,500,753,0,0,0,0,0,0,0,0,0,0,115.5999755859375,-1,0,0,0,-160,0,0,0,0,0,0,5000
4658,0,35,1000,500,753,0,0,0,0,0,0,0,0,0,0,115.5999755859375,-1,0,0,0,-160,0,0,0,0,0,0,5000
4659,0,36,1000,500,753,0,0,0,0,0,0,0,0,0,0,115.5999755859375,-1,0,0,0,-160,0,0,0,0,0,0,5000
4660,0,37,1000,500,753,0,0,0,0,0,0,0,0,0,0,115.5999755859375,-1,0,0,0,-160,0,0,0,0,0,0,5000
4661,0,38,1000,500,753,0,0,0,0,0,0,0,0,0,0,115.5999755859375,-1,0,0,0,-160,0,0,0,0,0,0,5000
4662,0,39,1000,500,753,0,0,0,0,0,0,0,0,0,0,115.5999755859375,-1,0,0,0,-160,0,0,0,0,0,0,5000
4663,0,40,1000,500,753,0,0,0,0,0,0,0,0,0,0,115.5999755859375,-1,0,0,0,-160,0,0,0,0,0,0,5000
4664,0,41,1000,500,753,0,0,0,0,0,0,0,0,0,0,115.5999755859375,-1,0,0,0,-160,0,0,0,0,0,0,5000
4665,0,42,1000,500,753,0,0,0,0,0,0,0,0,0,0,115.5999755859375,-1,0,0,0,-160,0,0,0,0,0,0,5000
4666,0,43,1000,500,753,0,0,0,0,0,0,0,0,0,0,115.5999755859375,-1,0,0,0,-160,0,0,0,0,0,0,5000
4667,0,44,1000,500,753,0,0,0,0,0,0,0,0,0,0,115.5999755859375,-1,0,0,0,-160,0,0,0,0,0,0,5000
4668,0,45,1000,500,753,0,0,0,0,0,0,0,0,0,0,115.5999755859375,-1,0,0,0,-160,0,0,0,0,0,0,5000
4669,0,46,1000,500,753,0,0,0,0,0,0,0,0,0,0,115.5999755859375,-1,0,0,0,-160,0,0,0,0,0,0,5000
4670,0,47,1000,500,753,0,0,0,0,0,0,0,0,0,0,115.5999755859375,-1,0,0,0,-160,0,0,0,0,0,0,5000
4671,0,48,1000,500,753,0,0,0,0,0,0,0,0,0,0,115.5999755859375,-1,0,0,0,-160,0,0,0,0,0,0,5000
4672,0,49,1000,500,753,0,0,0,0,0,0,0,0,0,0,115.5999755859375,-1,0,0,0,-160,0,0,0,0,0,0,5000
4673,0,50,1000,500,753,0,0,0,0,0,0,0,0,0,0,115.5999755859375,-1,0,0,0,-160,0,0,0,0,0,0,5000
4674,0,51,1000,500,753,0,0,0,0,0,0,0,0,0,0,115.5999755859375,-1,0,0,0,-160,0,0,0,0,0,0,5000
4675,0,52,1000,500,753,0,0,0,0,0,0,0,0,0,0,115.5999755859375,-1,0,0,0,-160,0,0,0,0,0,0,5000
4676,0,53,1000,500,753,0,0,0,0,0,0,0,0,0,0,115.5999755859375,-1,0,0,0,-160,0,0,0,0,0,0,5000
4677,0,54,1000,500,753,0,0,0,0,0,0,0,0,0,0,115.5999755859375,-1,0,0,0,-160,0,0,0,0,0,0,5000
4678,0,55,1000,500,753,0,0,0,0,0,0,0,0,0,0,115.5999755859375,-1,0,0,0,-160,0,0,0,0,0,0,5000
4679,0,56,1000,500,753,0,0,0,0,0,0,0,0,0,0,115.5999755859375,-1,0,0,0,-160,0,0,0,0,0,0,5000
4680,0,57,1000,500,753,0,0,0,0,0,0,0,0,0,0,115.5999755859375,-1,0,0,0,-160,0,0,0,0,0,0,5000
4681,0,58,1000,500,753,0,0,0,0,0,0,0,0,0,0,115.5999755859375,-1,0,0,0,-160,0,0,0,0,0,0,5000
4682,0,59,1000,500,753,0,0,0,0,0,0,0,0,0,0,115.5999755859375,-1,0,0,0,-160,0,0,0,0,0,0,5000
4683,0,60,1000,500,753,0,0,0,0,0,0,0,0,0,0,115.5999755859375,-1,0,0,0,-160,0,0,0,0,0,0,5000
4684,0,61,1000,500,753,0,0,0,0,0,0,0,0,0,0,115.5999755859375,-1,0,0,0,-160,0,0,0,0,0,0,5000
4685,0,62,1000,500,753,0,0,0,0,0,0,0,0,0,0,115.5999755859375,-1,0,0,0,-160,0,0,0,0,0,0,5000
4686,0,63,1000,500,753,0,0,0,0,0,0,0,0,0,0,115.5999755859375,-1,0,0,0,-160,0,0,0,0,0,0,5000
4687,0,64,1000,500,753,0,0,0,0,0,0,0,0,0,0,115.5999755859375,-1,0,0,0,-160,0,0,0,0,0,0,5000
4688,0,65,1000,500,753,0,0,0,0,0,0,0,0,0,0,115.5999755859375,-1,0,0,0,-160,0,0,0,0,0,0,5000
4689,0,66,1000,500,753,0,0,0,0,0,0,0,0,0,0,115.5999755859375,-1,0,0,0,-160,0,0,0,0,0,0,5000
4690,0,67,1000,500,753,0,0,0,0,0,0,0,0,0,0,115.5999755859375,-1,0,0,0,-160,0,0,0,0,0,0,5000
4691,0,68,1000,500,753,0,0,0,0,0,0,0,0,0,0,115.5999755859375,-1,0,0,0,-160,0,0,0,0,0,0,5000
4692,0,69,1000,500,753,0,0,0,0,0,0,0,0,0,0,115.5999755859375,-1,0,0,0,-160,0,0,0,0,0,0,5000
4693,0,70,1000,500,753,0,0,0,0,0,0,0,0,0,0,115.5999755859375,-1,0,0,0,-160,0,0,0,0,0,0,5000
4694,0,71,1000,500,753,0,0,0,0,0,0,0,0,0,0,115.5999755859375,-1,0,0,0,-160,0,0,0,0,0,0,5000
4695,0,72,1000,500,753,0,0,0,0,0,0,0,0,0,0,115.5999755859375,-1,0,0,0,-160,0,0,0,0,0,0,5000
4696,0,73,1000,500,753,0,0,0,0,0,0,0,0,0,0,115.5999755859375,-1,0,0,0,-160,0,0,0,0,0,0,5000
4697,0,74,1000,500,753,0,0,0,0,0,0,0,0,0,0,115.5999755859375,-1,0,0,0,-160,0,0,0,0,0,0,5000
4698,0,75,1000,500,753,0,0,0,0,0,0,0,0,0,0,115.5999755859375,-1,0,0,0,-160,0,0,0,0,0,0,5000
4699,0,76,1000,500,753,0,0,0,0,0,0,0,0,0,0,115.5999755859375,-1,0,0,0,-160,0,0,0,0,0,0,5000
4700,0,77,1000,500,753,0,0,0,0,0,0,0,0,0,0,115.5999755859375,-1,0,0,0,-160,0,0,0,0,0,0,5000
4701,0,78,1000,500,753,0,0,0,0,0,0,0,0,0,0,115.5999755859375,-1,0,0,0,-160,0,0,0,0,0,0,5000
4702,0,79,1000,500,753,0,0,0,0,0,0,0,0,0,0,115.5999755859375,-1,0,0,0,-160,0,0,0,0,0,0,5000
4703,0,80,1000,500,753,0,0,0,0,0,0,0,0,0,0,115.5999755859375,-1,0,0,0,-160,0,0,0,0,0,0,5000
4704,0,81,1000,500,753,0,0,0,0,0,0,0,0,0,0,115.5999755859375,-1,0,0,0,-160,0,0,0,0,0,0,5000
4705,0,82,1000,500,753,0,0,0,0,0,0,0,0,0,0,115.5999755859375,-1,0,0,0,-160,0,0,0,0,0,0,5000
4706,0,83,1000,500,753,0,0,0,0,0,0,0,0,0,0,115.5999755859375,-1,0,0,0,-160,0,0,0,0,0,0,5000
4707,0,84,1000,500,753,0,0,0,0,0,0,0,0,0,0,115.5999755859375,-1,0,0,0,-160,0,0,0,0,0,0,5000
4708,0,85,1000,500,753,0,0,0,0,0,0,0,0,0,0,115.5999755859375,-1,0,0,0,-160,0,0,0,0,0,0,5000
4709,0,86,1000,500,753,0,0,0,0,0,0,0,0,0,0,115.5999755859375,-1,0,0,0,-160,0,0,0,0,0,0,5000
4710,0,87,1000,500,753,0,0,0,0,0,0,0,0,0,0,115.5999755859375,-1,0,0,0,-160,0,0,0,0,0,0,5000
4711,0,88,1000,500,753,0,0,0,0,0,0,0,0,0,0,115.5999755859375,-1,0,0,0,-160,0,0,0,0,0,0,5000
4712,0,89,1000,500,753,0,0,0,0,0,0,0,0,0,0,115.5999755859375,-1,0,0,0,-160,0,0,0,0,0,0,5000
4713,0,90,1000,500,753,0,0,0,0,0,0,0,0,0,0,115.5999755859375,-1,0,0,0,-160,0,0,0,0,0,0,5000
4714,0,91,1000,500,753,0,0,0,0,0,0,0,0,0,0,115.5999755859375,-1,0,0,0,-160,0,0,0,0,0,0,5000
4715,0,92,1000,500,753,0,0,0,0,0,0,0,0,0,0,115.5999755859375,-1,0,0,0,-160,0,0,0,0,0,0,5000
4716,0,93,1000,500,753,0,0,0,0,0,0,0,0,0,0,115.5999755859375,-1,0,0,0,-160,0,0,0,0,0,0,5000
4717,0,94,1000,500,753,0,0,0,0,0,0,0,0,0,0,115.5999755859375,-1,0,0,0,-160,0,0,0,0,0,0,5000
4718,0,95,1000,500,753,0,0,0,0,0,0,0,0,0,0,115.5999755859375,-1,0,0,0,-160,0,0,0,0,0,0,5000
4719,0,96,1000,500,753,0,0,0,0,0,0,0,0,0,0,115.5999755859375,-1,0,0,0,-160,0,0,0,0,0,0,5000
4720,0,97,1000,500,753,0,0,0,0,0,0,0,0,0,0,115.5999755859375,-1,0,0,0,-160,0,0,0,0,0,0,5000
4721,0,98,1000,500,753,0,0,0,0,0,0,0,0,0,0,115.5999755859375,-1,0,0,0,-160,0,0,0,0,0,0,5000
4722,0,99,1000,500,753,0,0,0,0,0,0,0,0,0,0,115.5999755859375,-1,0,0,0,-160,0,0,0,0,0,0,5000
4723,0,100,1000,500,753,0,0,0,0,0,0,0,0,0,0,115.5999755859375,-1,0,0,0,-160,0,0,0,0,0,0,5000
4724,0,101,1000,500,753,0,0,0,0,0,0,0,0,0,0,115.5999755859375,-1,0,0,0,-160,0,0,0,0,0,0,5000
4725,0,102,1000,500,753,0,0,0,0,0,0,0,0,0,0,115.5999755859375,-1,0,0,0,-160,0,0,0,0,0,0,5000
4726,0,103,1000,500,753,0,0,0,0,0,0,0,0,0,0,115.5999755859375,-1,0,0,0,-160,0,0,0,0,0,0,5000
4727,0,104,1000,500,753,0,0,0,0,0,0,0,0,0,0,115.5999755859375,-1,0,0,0,-160,0,0,0,0,0,0,5000
4728,0,105,1000,500,753,0,0,0,0,0,0,0,0,0,0,115.5999755859375,-1,0,0,0,-160,0,0,0,0,0,0,5000
4729,0,106,1000,500,753,0,0,0,0,0,0,0,0,0,0,115.5999755859375,-1,0,0,0,-160,0,0,0,0,0,0,5000
4730,0,107,1000,500,753,0,0,0,0,0,0,0,0,0,0,115.5999755859375,-1,0,0,0,-160,0,0,0,0,0,0,5000
4731,0,108,1000,500,753,0,0,0,0,0,0,0,0,0,0,115.5999755859375,-1,0,0,0,-160,0,0,0,0,0,0,5000
4732,0,109,1000,500,753,0,0,0,0,0,0,0,0,0,0,115.5999755859375,-1,0,0,0,-160,0,0,0,0,0,0,5000
4733,0,110,1000,500,753,0,0,0,0,0,0,0,0,0,0,115.5999755859375,-1,0,0,0,-160,0,0,0,0,0,0,5000
4734,0,111,1000,500,753,0,0,0,0,0,0,0,0,0,0,115.5999755859375,-1,0,0,0,-160,0,0,0,0,0,0,5000
4735,0,112,1000,500,753,0,0,0,0,0,0,0,0,0,0,115.5999755859375,-1,0,0,0,-160,0,0,0,0,0,0,5000
4736,0,113,1000,500,753,0,0,0,0,0,0,0,0,0,0,115.5999755859375,-1,0,0,0,-160,0,0,0,0,0,0,5000
4737,0,114,1000,500,753,0,0,0,0,0,0,0,0,0,0,115.5999755859375,-1,0,0,0,-160,0,0,0,0,0,0,5000
4738,0,115,1000,500,753,0,0,0,0,0,0,0,0,0,0,115.5999755859375,-1,0,0,0,-160,0,0,0,0,0,0,5000
4739,0,116,1000,500,753,0,0,0,0,0,0,0,0,0,0,115.5999755859375,-1,0,0,0,-160,0,0,0,0,0,0,5000
4740,0,117,1000,500,753,0,0,0,0,0,0,0,0,0,0,115.5999755859375,-1,0,0,0,-160,0,0,0,0,0,0,5000
4741,0,118,1000,500,753,0,0,0,0,0,0,0,0,0,0,115.5999755859375,-1,0,0,0,-160,0,0,0,0,0,0,5000
4742,0,119,1000,500,753,0,0,0,0,0,0,0,0,0,0,115.5999755859375,-1,0,0,0,-160,0,0,0,0,0,0,5000
4743,0,120,1000,500,753,0,0,0,0,0,0,0,0,0,0,115.5999755859375,-1,0,0,0,-160,0,0,0,0,0,0,5000
4744,0,121,1000,500,753,0,0,0,0,0,0,0,0,0,0,115.5999755859375,-1,0,0,0,-160,0,0,0,0,0,0,5000
4745,0,122,1000,500,753,0,0,0,0,0,0,0,0,0,0,115.5999755859375,-1,0,0,0,-160,0,0,0,0,0,0,5000
4746,0,123,1000,500,753,0,0,0,0,0,0,0,0,0,0,115.5999755859375,-1,0,0,0,-160,0,0,0,0,0,0,5000
4747,0,124,1000,500,753,0,0,0,0,0,0,0,0,0,0,115.5999755859375,-1,0,0,0,-160,0,0,0,0,0,0,5000
4748,0,125,1000,500,753,0,0,0,0,0,0,0,0,0,0,115.5999755859375,-1,0,0,0,-160,0,0,0,0,0,0,5000
4749,0,126,1000,500,753,0,0,0,0,0,0,0,0,0,0,115.5999755859375,-1,0,0,0,-160,0,0,0,0,0,0,5000
4750,0,127,1000,500,753,0,0,0,0,0,0,0,0,0,0,115.5999755859375,-1,0,0,0,-160,0,0,0,0,0,0,5000
4751,0,128,1000,500,753,0,0,0,0,0,0,0,0,0,0,115.5999755859375,-1,0,0,0,-160,0,0,0,0,0,0,5000
4752,0,129,1000,500,753,0,0,0,0,0,0,0,0,0,0,115.5999755859375,-1,0,0,0,-160,0,0,0,0,0,0,5000
4753,0,130,1000,500,753,0,0,0,0,0,0,0,0,0,0,115.5999755859375,-1,0,0,0,-160,0,0,0,0,0,0,5000
4754,0,131,1000,500,753,0,0,0,0,0,0,0,0,0,0,115.5999755859375,-1,0,0,0,-160,0,0,0,0,0,0,5000
4755,0,132,1000,500,753,0,0,0,0,0,0,0,0,0,0,115.5999755859375,-1,0,0,0,-160,0,0,0,0,0,0,5000
4756,0,133,1000,500,753,0,0,0,0,0,0,0,0,0,0,115.5999755859375,-1,0,0,0,-160,0,0,0,0,0,0,5000
4757,0,134,1000,500,753,0,0,0,0,0,0,0,0,0,0,115.5999755859375,-1,0,0,0,-160,0,0,0,0,0,0,5000
4758,0,135,1000,500,753,0,0,0,0,0,0,0,0,0,0,115.5999755859375,-1,0,0,0,-160,0,0,0,0,0,0,5000
4759,0,136,1000,500,753,0,0,0,0,0,0,0,0,0,0,115.5999755859375,-1,0,0,0,-160,0,0,0,0,0,0,5000
4760,0,137,1000,500,753,0,0,0,0,0,0,0,0,0,0,115.5999755859375,-1,0,0,0,-160,0,0,0,0,0,0,5000
4761,0,138,1000,500,753,0,0,0,0,0,0,0,0,0,0,115.5999755859375,-1,0,0,0,-160,0,0,0,0,0,0,5000
4762,0,139,1000,500,753,0,0,0,0,0,0,0,0,0,0,115.5999755859375,-1,0,0,0,-160,0,0,0,0,0,0,5000
4763,0,140,1000,500,753,0,0,0,0,0,0,0,0,0,0,115.5999755859375,-1,0,0,0,-160,0,0,0,0,0,0,5000
4764,0,141,1000,500,753,0,0,0,0,0,0,0,0,0,0,115.5999755859375,-1,0,0,0,-160,0,0,0,0,0,0,5000
4765,0,142,1000,500,753,0,0,0,0,0,0,0,0,0,0,115.5999755859375,-1,0,0,0,-160,0,0,0,0,0,0,5000
4766,0,143,1000,500,753,0,0,0,0,0,0,0,0,0,0,115.5999755859375,-1,0,0,0,-160,0,0,0,0,0,0,5000
4767,0,144,1000,500,753,0,0,0,0,0,0,0,0,0,0,115.5999755859375,-1,0,0,0,-160,0,0,0,0,0,0,5000
4768,0,145,1000,500,753,0,0,0,0,0,0,0,0,0,0,115.5999755859375,-1,0,0,0,-160,0,0,0,0,0,0,5000
4769,0,146,1000,500,753,0,0,0,0,0,0,0,0,0,0,115.5999755859375,-1,0,0,0,-160,0,0,0,0,0,0,5000
4770,0,147,1000,500,753,0,0,0,0,0,0,0,0,0,0,115.5999755859375,-1,0,0,0,-160,0,0,0,0,0,0,5000
4771,0,148,1000,500,753,0,0,0,0,0,0,0,0,0,0,115.5999755859375,-1,0,0,0,-160,0,0,0,0,0,0,5000
4772,0,149,1000,500,753,0,0,0,0,0,0,0,0,0,0,115.5999755859375,-1,0,0,0,-160,0,0,0,0,0,0,5000
4773,0,150,1000,500,753,0,0,0,0,0,0,0,0,0,0,115.5999755859375,-1,0,0,0,-160,0,0,0,0,0,0,5000
4774,0,151,1000,500,753,0,0,0,0,0,0,0,0,0,0,115.5999755859375,-1,0,0,0,-160,0,0,0,0,0,0,5000
4775,0,152,1000,500,753,0,0,0,0,0,0,0,0,0,0,115.5999755859375,-1,0,0,0,-160,0,0,0,0,0,0,5000
4776,0,153,1000,500,753,0,0,0,0,0,0,0,0,0,0,115.5999755859375,-1,0,0,0,-160,0,0,0,0,0,0,5000
4777,0,154,1000,500,753,0,0,0,0,0,0,0,0,0,0,115.5999755859375,-1,0,0,0,-160,0,0,0,0,0,0,5000
4778,0,155,1000,500,753,0,0,0,0,0,0,0,0,0,0,115.5999755859375,-1,0,0,0,-160,0,0,0,0,0,0,5000
4779,0,156,1000,500,753,0,0,0,0,0,0,0,0,0,0,115.5999755859375,-1,0,0,0,-160,0,0,0,0,0,0,5000
4780,0,157,1000,500,753,0,0,0,0,0,0,0,0,0,0,115.5999755859375,-1,0,0,0,-160,0,0,0,0,0,0,5000
4781,0,158,1000,500,753,0,0,0,0,0,0,0,0,0,0,115.5999755859375,-1,0,0,0,-160,0,0,0,0,0,0,5000
4782,0,159,1000,500,753,0,0,0,0,0,0,0,0,0,0,115.5999755859375,-1,0,0,0,-160,0,0,0,0,0,0,5000
4783,0,160,1000,500,753,0,0,0,0,0,0,0,0,0,0,115.5999755859375,-1,0,0,0,-160,0,0,0,0,0,0,5000
4784,0,161,1000,500,753,0,0,0,0,0,0,0,0,0,0,115.5999755859375,-1,0,0,0,-160,0,0,0,0,0,0,5000
4785,0,162,1000,500,753,0,0,0,0,0,0,0,0,0,0,115.5999755859375,-1,0,0,0,-160,0,0,0,0,0,0,5000
4786,0,163,1000,500,753,0,0,0,0,0,0,0,0,0,0,115.5999755859375,-1,0,0,0,-160,0,0,0,0,0,0,5000
4787,0,164,1000,500,753,0,0,0,0,0,0,0,0,0,0,115.5999755859375,-1,0,0,0,-160,0,0,0,0,0,0,5000
4788,0,165,1000,500,753,0,0,0,0,0,0,0,0,0,0,115.5999755859375,-1,0,0,0,-160,0,0,0,0,0,0,5000
4789,0,166,1000,500,753,0,0,0,0,0,0,0,0,0,0,115.5999755859375,-1,0,0,0,-160,0,0,0,0,0,0,5000
4790,0,167,1000,500,753,0,0,0,0,0,0,0,0,0,0,115.5999755859375,-1,0,0,0,-160,0,0,0,0,0,0,5000
4791,0,168,1000,500,753,0,0,0,0,0,0,0,0,0,0,115.5999755859375,-1,0,0,0,-160,0,0,0,0,0,0,5000
4792,0,169,1000,500,753,0,0,0,0,0,0,0,0,0,0,115.5999755859375,-1,0,0,0,-160,0,0,0,0,0,0,5000
4793,0,170,1000,500,753,0,0,0,0,0,0,0,0,0,0,115.5999755859375,-1,0,0,0,-160,0,0,0,0,0,0,5000
4794,0,171,1000,500,753,0,0,0,0,0,0,0,0,0,0,115.5999755859375,-1,0,0,0,-160,0,0,0,0,0,0,5000
4795,0,172,1000,500,753,0,0,0,0,0,0,0,0,0,0,115.5999755859375,-1,0,0,0,-160,0,0,0,0,0,0,5000
4796,0,173,1000,500,753,0,0,0,0,0,0,0,0,0,0,115.5999755859375,-1,0,0,0,-160,0,0,0,0,0,0,5000
4797,0,174,1000,500,753,0,0,0,0,0,0,0,0,0,0,115.5999755859375,-1,0,0,0,-160,0,0,0,0,0,0,5000
4798,0,175,1000,500,753,0,0,0,0,0,0,0,0,0,0,115.5999755859375,-1,0,0,0,-160,0,0,0,0,0,0,5000
4799,0,176,1000,500,753,0,0,0,0,0,0,0,0,0,0,115.5999755859375,-1,0,0,0,-160,0,0,0,0,0,0,5000
4800,0,177,1000,500,753,0,0,0,0,0,0,0,0,0,0,115.5999755859375,-1,0,0,0,-160,0,0,0,0,0,0,5000
4801,0,178,1000,500,753,0,0,0,0,0,0,0,0,0,0,115.5999755859375,-1,0,0,0,-160,0,0,0,0,0,0,5000
4802,0,179,1000,500,753,0,0,0,0,0,0,0,0,0,0,115.5999755859375,-1,0,0,0,-160,0,0,0,0,0,0,5000
4803,0,180,1000,500,753,0,0,0,0,0,0,0,0,0,0,115.5999755859375,-1,0,0,0,-160,0,0,0,0,0,0,5000
4804,0,181,1000,500,753,0,0,0,0,0,0,0,0,0,0,115.5999755859375,-1,0,0,0,-160,0,0,0,0,0,0,5000
4805,0,182,1000,500,753,0,0,0,0,0,0,0,0,0,0,115.5999755859375,-1,0,0,0,-160,0,0,0,0,0,0,5000
4806,0,183,1000,500,753,0,0,0,0,0,0,0,0,0,0,115.5999755859375,-1,0,0,0,-160,0,0,0,0,0,0,5000
4807,0,184,1000,500,753,0,0,0,0,0,0,0,0,0,0,115.5999755859375,-1,0,0,0,-160,0,0,0,0,0,0,5000
4808,0,185,1000,500,753,0,0,0,0,0,0,0,0,0,0,115.5999755859375,-1,0,0,0,-160,0,0,0,0,0,0,5000
4809,0,186,1000,500,753,0,0,0,0,0,0,0,0,0,0,115.5999755859375,-1,0,0,0,-160,0,0,0,0,0,0,5000
4810,0,1,3000,500,1000,0,0,240,0,0,0,0,0,0,0,122.25,1,0,0,0,-160,0,0,0,0,0,0,1000
4811,0,2,3000,500,1000,0,0,239,0,0,0,0,0,0,0,118.3125,1,0,0,0,-160,0,0,0,0,0,0,1000
4812,0,3,3000,500,1000,0,0,238,0,0,0,0,0,0,0,117.328125,1,0,0,0,-160,0,0,0,0,0,0,1000
4813,0,4,3000,500,1000,0,0,237,0,0,0,0,0,0,0,117.08203125,1,0,0,0,-160,0,0,0,0,0,0,1000
4814,0,5,3000,500,1000,0,0,236,0,0,0,0,0,0,0,117.0205078125,1,0,0,0,-160,0,0,0,0,0,0,1000
4815,0,6,3000,500,1000,0,0,235,0,0,0,0,0,0,0,117.005126953125,1,0,0,0,-160,0,0,0,0,0,0,1000
4816,0,7,3000,500,1000,0,0,234,0,0,0,0,0,0,0,117.00128173828125,1,0,0,0,-160,0,0,0,0,0,0,1000
4817,0,8,3000,500,1000,0,0,233,0,0,0,0,0,0,0,117.00032043457031,1,0,0,0,-160,0,0,0,0,0,0,1000
4818,0,9,3000,500,1000,0,0,232,0,0,0,0,0,0,0,117.00007629394531,1,0,0,0,-160,0,0,0,0,0,0,1000
4819,10,1,3000,500,1000,0,0,231,0,0,0,0,0,0,0,117.00001525878906,1,0,0,0,-160,0,0,0,0,0,0,1000
4820,10,2,3000,500,1000,0,0,230,0,0,0,0,0,0,0,117,1,0,0,0,-160,0,0,0,0,0,0,1000
4821,10,3,3000,500,1000,0,0,229,0,0,0,0,0,0,0,117,1,0,0,0,-160,0,0,0,0,0,0,1000
4822,10,4,3000,500,1000,0,0,228,0,0,0,0,0,0,0,117,1,0,0,0,-160,0,0,0,0,0,0,1000
4823,10,5,3000,500,1000,0,0,227,0,0,0,0,0,0,0,117,1,0,0,0,-160,0,0,0,0,0,0,1000
4824,10,6,3000,500,1000,0,0,226,0,0,0,0,0,0,0,117,1,0,0,0,-160,0,0,0,0,0,0,1000
4825,430,1,3012,500,1000,0,0,225,0,0,0,0,0,0,0,117,1,0,0,0,-160,0,0,0,0,0,0,1000
4826,430,2,3012,500,1000,0,0,224,0,0,0,0,0,0,0,117,1,0,0,0,-160,0,0,0,0,0,0,1000
4827,430,3,3012,500,1000,0,0,223,0,0,0,0,0,0,0,117,1,0,0,0,-160,0,0,0,0,0,0,1000
4828,430,4,3012,500,1000,0,0,222,0,0,0,0,0,0,0,117,1,0,0,0,-160,0,0,0,0,0,0,1000
4829,430,5,3012,500,1000,0,0,221,0,0,0,0,0,0,0,117,1,0,0,0,-160,0,0,0,0,0,0,1000
4830,430,6,3012,500,1000,0,0,220,0,0,0,0,0,0,0,117,1,0,0,0,-160,0,0,0,0,0,0,1000
4831,430,7,3012,500,1000,0,0,219,0,0,0,0,0,0,0,117,1,0,0,0,-160,0,0,0,0,0,0,1000
4832,430,8,3012,500,1000,0,0,218,0,0,0,0,0,0,0,117,1,0,0,0,-160,0,0,0,0,0,0,1000
4833,430,8,4031,500,972,0,0,217,0,0,0,0,0,0,0,117,1,0,0,0,-160,0,0,0,0,0,0,2016
4834,430,8,4031,500,972,0,0,216,0,0,0,0,0,0,0,117,1,0,0,0,-160,0,0,0,0,0,0,2016
4835,430,8,4031,500,972,0,0,215,0,0,0,0,0,0,0,117,1,0,0,0,-160,0,0,0,0,0,0,2016
4836,430,8,4031,500,972,0,0,214,0,0,0,0,0,0,0,117,1,0,0,0,-160,0,0,0,0,0,0,2016
4837,430,8,4031,500,972,0,0,213,0,0,0,0,0,0,0,117,1,0,0,0,-160,0,0,0,0,0,0,2016
4838,430,8,4031,500,972,0,0,212,0,0,0,0,0,0,0,117,1,0,0,0,-160,0,0,0,0,0,0,2016
4839,430,9,4031,500,972,0,0,211,0,0,0,0,0,0,0,112.83999633789062,1,0,0,0,-160,0,0,0,0,0,0,2016
4840,430,10,4031,500,972,0,0,210,0,0,0,0,0,0,0,107.1780014038086,1,0,0,0,-160,0,0,0,0,0,0,2016
4841,430,11,4031,500,972,0,0,209,0,0,0,0,0,0,0,104.9280014038086,1,0,0,0,-157.25,0,0,0,0,0,0,2016
4842,430,12,4031,500,972,0,0,208,0,0,0,0,0,0,0,101.5011215209961,1,0,0,0,-155,0,0,0,0,0,0,2016
4843,430,13,4031,500,972,0,0,207,0,0,0,0,0,0,0,99.7511215209961,1,0,0,0,-153,0,0,0,0,0,0,2016
4844,430,14,4031,500,972,0,0,206,0,0,0,0,0,0,0,98.2511215209961,1,0,0,0,-151.25,0,0,0,0,0,0,2016
4845,430,15,4031,500,972,0,0,205,0,0,0,0,0,0,0,97.0011215209961,1,0,0,0,-149.75,0,0,0,0,0,0,2016
4846,430,16,4031,500,972,0,0,204,0,0,0,0,0,0,0,96.0011215209961,1,0,0,0,-148.5,0,0,0,0,0,0,2016
4847,430,17,4031,500,972,0,0,203,0,0,0,0,0,0,0,96.0011215209961,1,0,0,0,-147.5,0,0,0,0,0,0,2016
4848,430,18,4031,500,972,0,0,202,0,0,0,0,0,0,0,96.0011215209961,1,0,0,0,-147.5,0,0,0,0,0,0,2016
4849,11,1,4031,500,972,0,0,201,0,0,0,0,0,0,0,96.0011215209961,1,0,0,0,-147.5,0,0,0,0,0,0,2016
4850,12,1,4031,500,972,0,0,200,0,0,0,0,0,0,0,96.0011215209961,1,0,0,0,-147.5,0,0,0,0,0,0,2016
4851,12,2,4031,500,972,0,0,199,0,0,0,0,0,0,0,96.0011215209961,1,0,0,0,-147.5,0,0,0,0,0,0,2016
4852,12,3,4031,500,972,0,0,198,0,0,0,0,0,0,0,96.0011215209961,1,0,0,0,-147.5,0,0,0,0,0,0,2016
4853,12,4,4031,500,972,0,0,197,0,0,0,0,0,0,0,96.0011215209961,1,0,0,0,-147.5,0,0,0,0,0,0,2016
4854,12,5,4031,500,972,0,0,196,0,0,0,0,0,0,0,96.0011215209961,1,0,0,0,-147.5,0,0,0,0,0,0,2016
4855,12,6,4031,500,972,0,0,195,0,0,0,0,0,0,0,96.0011215209961,1,0,0,0,-147.5,0,0,0,0,0,0,2016
4856,12,7,4031,500,972,0,0,194,0,0,0,0,0,0,0,96.0011215209961,1,0,0,0,-147.5,0,0,0,0,0,0,2016
4857,12,8,4031,500,972,0,0,193,0,0,0,0,0,0,0,96.0011215209961,1,0,0,0,-147.5,0,0,0,0,0,0,2016
4858,12,9,4031,500,972,0,0,192,0,0,0,0,0,0,0,96.0011215209961,1,0,0,0,-147.5,0,0,0,0,0,0,2016
4859,0,1,4031,500,972,0,0,191,0,0,0,0,0,0,0,96.0011215209961,1,0,0,0,-147.5,0,0,0,0,0,0,2016
4860,0,2,4031,500,972,0,0,190,0,0,0,0,0,0,0,96.0011215209961,1,0,0,0,-147.5,0,0,0,0,0,0,2016
4861,0,3,4031,500,972,0,0,189,0,0,0,0,0,0,0,96.0011215209961,1,0,0,0,-147.5,0,0,0,0,0,0,2016
4862,0,4,4031,500,972,0,0,188,0,0,0,0,0,0,0,96.0011215209961,1,0,0,0,-147.5,0,0,0,0,0,0,2016
4863,0,5,4031,500,972,0,0,187,0,0,0,0,0,0,0,96.0011215209961,1,0,0,0,-147.5,0,0,0,0,0,0,2016
4864,0,6,4031,500,972,0,0,186,0,0,0,0,0,0,0,96.0011215209961,1,0,0,0,-147.5,0,0,0,0,0,0,2016
4865,0,7,4031,500,972,0,0,185,0,0,0,0,0,0,0,96.0011215209961,1,0,0,0,-147.5,0,0,0,0,0,0,2016
4866,0,8,4031,500,972,0,0,184,0,0,0,0,0,0,0,96.0011215209961,1,0,0,0,-147.5,0,0,0,0,0,0,2016
4867,0,9,4031,500,972,0,0,183,0,0,0,0,0,0,0,96.0011215209961,1,0,0,0,-147.5,0,0,0,0,0,0,2016
4868,0,10,4031,500,972,0,0,182,0,0,0,0,0,0,0,96.0011215209961,1,0,0,0,-147.5,0,0,0,0,0,0,2016
4869,0,11,4031,500,972,0,0,181,0,0,0,0,0,0,0,96.0011215209961,1,0,0,0,-147.5,0,0,0,0,0,0,2016
4870,0,12,4031,500,972,0,0,180,0,0,0,0,0,0,0,96.0011215209961,1,0,0,0,-147.5,0,0,0,0,0,0,2016
4871,0,13,4031,500,972,0,0,179,0,0,0,0,0,0,0,96.0011215209961,1,0,0,0,-147.5,0,0,0,0,0,0,2016
4872,0,14,4031,500,972,0,0,178,0,0,0,0,0,0,0,96.0011215209961,1,0,0,0,-147.5,0,0,0,0,0,0,2016
4873,0,15,4031,500,972,0,0,177,0,0,0,0,0,0,0,96.0011215209961,1,0,0,0,-147.5,0,0,0,0,0,0,2016
4874,0,16,4031,500,972,0,0,176,0,0,0,0,0,0,0,96.0011215209961,1,0,0,0,-147.5,0,0,0,0,0,0,2016
4875,0,17,4031,500,972,0,0,175,0,0,0,0,0,0,0,96.0011215209961,1,0,0,0,-147.5,0,0,0,0,0,0,2016
4876,0,18,4031,500,972,0,0,174,0,0,0,0,0,0,0,96.0011215209961,1,0,0,0,-147.5,0,0,0,0,0,0,2016
4877,0,19,4031,500,972,0,0,173,0,0,0,0,0,0,0,96.0011215209961,1,0,0,0,-147.5,0,0,0,0,0,0,2016
4878,0,20,4031,500,972,0,0,172,0,0,0,0,0,0,0,96.0011215209961,1,0,0,0,-147.5,0,0,0,0,0,0,2016
4879,0,21,4031,500,972,0,0,171,0,0,0,0,0,0,0,96.0011215209961,1,0,0,0,-147.5,0,0,0,0,0,0,2016
4880,0,22,4031,500,972,0,0,170,0,0,0,0,0,0,0,96.0011215209961,1,0,0,0,-147.5,0,0,0,0,0,0,2016
4881,0,23,4031,500,972,0,0,169,0,0,0,0,0,0,0,96.0011215209961,1,0,0,0,-147.5,0,0,0,0,0,0,2016
4882,0,24,4031,500,972,0,0,168,0,0,0,0,0,0,0,96.0011215209961,1,0,0,0,-147.5,0,0,0,0,0,0,2016
4883,0,25,4031,500,972,0,0,167,0,0,0,0,0,0,0,96.0011215209961,1,0,0,0,-147.5,0,0,0,0,0,0,2016
4884,0,26,4031,500,972,0,0,166,0,0,0,0,0,0,0,96.0011215209961,1,0,0,0,-147.5,0,0,0,0,0,0,2016
4885,0,27,4031,500,972,0,0,165,0,0,0,0,0,0,0,96.0011215209961,1,0,0,0,-147.5,0,0,0,0,0,0,2016
4886,0,28,4031,500,972,0,0,164,0,0,0,0,0,0,0,96.0011215209961,1,0,0,0,-147.5,0,0,0,0,0,0,2016
4887,0,29,4031,500,972,0,0,163,0,0,0,0,0,0,0,96.0011215209961,1,0,0,0,-147.5,0,0,0,0,0,0,2016
4888,0,30,4031,500,972,0,0,162,0,0,0,0,0,0,0,96.0011215209961,1,0,0,0,-147.5,0,0,0,0,0,0,2016
4889,0,31,4031,500,972,0,0,161,0,0,0,0,0,0,0,96.0011215209961,1,0,0,0,-147.5,0,0,0,0,0,0,2016
4890,0,32,4031,500,972,0,0,160,0,0,0,0,0,0,0,96.0011215209961,1,0,0,0,-147.5,0,0,0,0,0,0,2016
4891,0,33,4031,500,972,0,0,159,0,0,0,0,0,0,0,96.0011215209961,1,0,0,0,-147.5,0,0,0,0,0,0,2016
4892,0,34,4031,500,972,0,0,158,0,0,0,0,0,0,0,96.0011215209961,1,0,0,0,-147.5,0,0,0,0,0,0,2016
4893,0,35,4031,500,972,0,0,157,0,0,0,0,0,0,0,96.0011215209961,1,0,0,0,-147.5,0,0,0,0,0,0,2016
4894,0,36,4031,500,972,0,0,156,0,0,0,0,0,0,0,96.0011215209961,1,0,0,0,-147.5,0,0,0,0,0,0,2016
4895,0,37,4031,500,972,0,0,155,0,0,0,0,0,0,0,96.0011215209961,1,0,0,0,-147.5,0,0,0,0,0,0,2016
4896,0,38,4031,500,972,0,0,154,0,0,0,0,0,0,0,96.0011215209961,1,0,0,0,-147.5,0,0,0,0,0,0,2016
4897,0,39,4031,500,972,0,0,153,0,0,0,0,0,0,0,96.0011215209961,1,0,0,0,-147.5,0,0,0,0,0,0,2016
4898,0,40,4031,500,972,0,0,152,0,0,0,0,0,0,0,96.0011215209961,1,0,0,0,-147.5,0,0,0,0,0,0,2016
4899,0,41,4031,500,972,0,0,151,0,0,0,0,0,0,0,96.0011215209961,1,0,0,0,-147.5,0,0,0,0,0,0,2016
4900,0,42,4031,500,972,0,0,150,0,0,0,0,0,0,0,96.0011215209961,1,0,0,0,-147.5,0,0,0,0,0,0,2016
4901,0,43,4031,500,972,0,0,149,0,0,0,0,0,0,0,96.0011215209961,1,0,0,0,-147.5,0,0,0,0,0,0,2016
4902,0,44,4031,500,972,0,0,148,0,0,0,0,0,0,0,96.0011215209961,1,0,0,0,-147.5,0,0,0,0,0,0,2016
4903,0,45,4031,500,972,0,0,147,0,0,0,0,0,0,0,96.0011215209961,1,0,0,0,-147.5,0,0,0,0,0,0,2016
4904,0,46,4031,500,972,0,0,146,0,0,0,0,0,0,0,96.0011215209961,1,0,0,0,-147.5,0,0,0,0,0,0,2016
4905,0,47,4031,500,972,0,0,145,0,0,0,0,0,0,0,96.0011215209961,1,0,0,0,-147.5,0,0,0,0,0,0,2016
4906,0,48,4031,500,972,0,0,144,0,0,0,0,0,0,0,96.0011215209961,1,0,0,0,-147.5,0,0,0,0,0,0,2016
4907,0,49,4031,500,972,0,0,143,0,0,0,0,0,0,0,96.0011215209961,1,0,0,0,-147.5,0,0,0,0,0,0,2016
4908,0,50,4031,500,972,0,0,142,0,0,0,0,0,0,0,96.0011215209961,1,0,0,0,-147.5,0,0,0,0,0,0,2016
4909,0,51,4031,500,972,0,0,141,0,0,0,0,0,0,0,96.0011215209961,1,0,0,0,-147.5,0,0,0,0,0,0,2016
4910,0,52,4031,500,972,0,0,140,0,0,0,0,0,0,0,96.0011215209961,1,0,0,0,-147.5,0,0,0,0,0,0,2016
4911,0,53,4031,500,972,0,0,139,0,0,0,0,0,0,0,96.0011215209961,1,0,0,0,-147.5,0,0,0,0,0,0,2016
4912,0,54,4031,500,972,0,0,138,0,0,0,0,0,0,0,96.0011215209961,1,0,0,0,-147.5,0,0,0,0,0,0,2016
4913,0,55,4031,500,972,0,0,137,0,0,0,0,0,0,0,96.0011215209961,1,0,0,0,-147.5,0,0,0,0,0,0,2016
4914,0,56,4031,500,972,0,0,136,0,0,0,0,0,0,0,96.0011215209961,1,0,0,0,-147.5,0,0,0,0,0,0,2016
4915,0,57,4031,500,972,0,0,135,0,0,0,0,0,0,0,96.0011215209961,1,0,0,0,-147.5,0,0,0,0,0,0,2016
4916,0,58,4031,500,972,0,0,134,0,0,0,0,0,0,0,96.0011215209961,1,0,0,0,-147.5,0,0,0,0,0,0,2016
4917,0,59,4031,500,972,0,0,133,0,0,0,0,0,0,0,96.0011215209961,1,0,0,0,-147.5,0,0,0,0,0,0,2016
4918,0,60,4031,500,972,0,0,132,0,0,0,0,0,0,0,96.0011215209961,1,0,0,0,-147.5,0,0,0,0,0,0,2016
4919,0,61,4031,500,972,0,0,131,0,0,0,0,0,0,0,96.0011215209961,1,0,0,0,-147.5,0,0,0,0,0,0,2016
4920,0,62,4031,500,972,0,0,130,0,0,0,0,0,0,0,96.0011215209961,1,0,0,0,-147.5,0,0,0,0,0,0,2016
4921,0,63,4031,500,972,0,0,129,0,0,0,0,0,0,0,96.0011215209961,1,0,0,0,-147.5,0,0,0,0,0,0,2016
4922,0,64,4031,500,972,0,0,128,0,0,0,0,0,0,0,96.0011215209961,1,0,0,0,-147.5,0,0,0,0,0,0,2016
4923,0,65,4031,500,972,0,0,127,0,0,0,0,0,0,0,96.0011215209961,1,0,0,0,-147.5,0,0,0,0,0,0,2016
4924,0,66,4031,500,972,0,0,126,0,0,0,0,0,0,0,96.0011215209961,1,0,0,0,-147.5,0,0,0,0,0,0,2016
4925,0,67,4031,500,972,0,0,125,0,0,0,0,0,0,0,96.0011215209961,1,0,0,0,-147.5,0,0,0,0,0,0,2016
4926,0,68,4031,500,972,0,0,124,0,0,0,0,0,0,0,96.0011215209961,1,0,0,0,-147.5,0,0,0,0,0,0,2016
4927,0,69,4031,500,972,0,0,123,0,0,0,0,0,0,0,96.0011215209961,1,0,0,0,-147.5,0,0,0,0,0,0,2016
4928,0,70,4031,500,972,0,0,122,0,0,0,0,0,0,0,96.0011215209961,1,0,0,0,-147.5,0,0,0,0,0,0,2016
4929,0,71,4031,500,972,0,0,121,0,0,0,0,0,0,0,96.0011215209961,1,0,0,0,-147.5,0,0,0,0,0,0,2016
4930,0,72,4031,500,972,0,0,120,0,0,0,0,0,0,0,96.0011215209961,1,0,0,0,-147.5,0,0,0,0,0,0,2016
4931,0,73,4031,500,972,0,0,119,0,0,0,0,0,0,0,96.0011215209961,1,0,0,0,-147.5,0,0,0,0,0,0,2016
4932,0,74,4031,500,972,0,0,118,0,0,0,0,0,0,0,96.0011215209961,1,0,0,0,-147.5,0,0,0,0,0,0,2016
4933,0,75,4031,500,972,0,0,117,0,0,0,0,0,0,0,96.0011215209961,1,0,0,0,-147.5,0,0,0,0,0,0,2016
4934,0,76,4031,500,972,0,0,116,0,0,0,0,0,0,0,96.0011215209961,1,0,0,0,-147.5,0,0,0,0,0,0,2016
4935,0,77,4031,500,972,0,0,115,0,0,0,0,0,0,0,96.0011215209961,1,0,0,0,-147.5,0,0,0,0,0,0,2016
4936,0,78,4031,500,972,0,0,114,0,0,0,0,0,0,0,96.0011215209961,1,0,0,0,-147.5,0,0,0,0,0,0,2016
4937,0,79,4031,500,972,0,0,113,0,0,0,0,0,0,0,96.0011215209961,1,0,0,0,-147.5,0,0,0,0,0,0,2016
4938,0,80,4031,500,972,0,0,112,0,0,0,0,0,0,0,96.0011215209961,1,0,0,0,-147.5,0,0,0,0,0,0,2016
4939,0,81,4031,500,972,0,0,111,0,0,0,0,0,0,0,96.0011215209961,1,0,0,0,-147.5,0,0,0,0,0,0,2016
4940,0,82,4031,500,972,0,0,110,0,0,0,0,0,0,0,96.0011215209961,1,0,0,0,-147.5,0,0,0,0,0,0,2016
4941,0,83,4031,500,972,0,0,109,0,0,0,0,0,0,0,96.0011215209961,1,0,0,0,-147.5,0,0,0,0,0,0,2016
4942,0,84,4031,500,972,0,0,108,0,0,0,0,0,0,0,96.0011215209961,1,0,0,0,-147.5,0,0,0,0,0,0,2016
4943,0,85,4031,500,972,0,0,107,0,0,0,0,0,0,0,96.0011215209961,1,0,0,0,-147.5,0,0,0,0,0,0,2016
4944,0,86,4031,500,972,0,0,106,0,0,0,0,0,0,0,96.0011215209961,1,0,0,0,-147.5,0,0,0,0,0,0,2016
4945,0,87,4031,500,972,0,0,105,0,0,0,0,0,0,0,96.0011215209961,1,0,0,0,-147.5,0,0,0,0,0,0,2016
4946,0,88,4031,500,972,0,0,104,0,0,0,0,0,0,0,96.0011215209961,1,0,0,0,-147.5,0,0,0,0,0,0,2016
4947,0,89,4031,500,972,0,0,103,0,0,0,0,0,0,0,96.0011215209961,1,0,0,0,-147.5,0,0,0,0,0,0,2016
4948,0,90,4031,500,972,0,0,102,0,0,0,0,0,0,0,96.0011215209961,1,0,0,0,-147.5,0,0,0,0,0,0,2016
4949,0,91,4031,500,972,0,0,101,0,0,0,0,0,0,0,96.0011215209961,1,0,0,0,-147.5,0,0,0,0,0,0,2016
4950,0,92,4031,500,972,0,0,100,0,0,0,0,0,0,0,96.0011215209961,1,0,0,0,-147.5,0,0,0,0,0,0,2016
4951,0,93,4031,500,972,0,0,99,0,0,0,0,0,0,0,96.0011215209961,1,0,0,0,-147.5,0,0,0,0,0,0,2016
4952,0,94,4031,500,972,0,0,98,0,0,0,0,0,0,0,96.0011215209961,1,0,0,0,-147.5,0,0,0,0,0,0,2016
4953,0,95,4031,500,972,0,0,97,0,0,0,0,0,0,0,96.0011215209961,1,0,0,0,-147.5,0,0,0,0,0,0,2016
4954,0,96,4031,500,972,0,0,96,0,0,0,0,0,0,0,96.0011215209961,1,0,0,0,-147.5,0,0,0,0,0,0,2016
4955,0,97,4031,500,972,0,0,95,0,0,0,0,0,0,0,96.0011215209961,1,0,0,0,-147.5,0,0,0,0,0,0,2016
4956,0,98,4031,500,972,0,0,94,0,0,0,0,0,0,0,96.0011215209961,1,0,0,0,-147.5,0,0,0,0,0,0,2016
4957,0,99,4031,500,972,0,0,93,0,0,0,0,0,0,0,96.0011215209961,1,0,0,0,-147.5,0,0,0,0,0,0,2016
4958,0,100,4031,500,972,0,0,92,0,0,0,0,0,0,0,96.0011215209961,1,0,0,0,-147.5,0,0,0,0,0,0,2016
4959,0,101,4031,500,972,0,0,91,0,0,0,0,0,0,0,96.0011215209961,1,0,0,0,-147.5,0,0,0,0,0,0,2016
4960,0,102,4031,500,972,0,0,90,0,0,0,0,0,0,0,96.0011215209961,1,0,0,0,-147.5,0,0,0,0,0,0,2016
4961,0,103,4031,500,972,0,0,89,0,0,0,0,0,0,0,96.0011215209961,1,0,0,0,-147.5,0,0,0,0,0,0,2016
4962,0,104,4031,500,972,0,0,88,0,0,0,0,0,0,0,96.0011215209961,1,0,0,0,-147.5,0,0,0,0,0,0,2016
4963,0,105,4031,500,972,0,0,87,0,0,0,0,0,0,0,96.0011215209961,1,0,0,0,-147.5,0,0,0,0,0,0,2016
4964,0,106,4031,500,972,0,0,86,0,0,0,0,0,0,0,96.0011215209961,1,0,0,0,-147.5,0,0,0,0,0,0,2016
4965,0,107,4031,500,972,0,0,85,0,0,0,0,0,0,0,96.0011215209961,1,0,0,0,-147.5,0,0,0,0,0,0,2016
4966,0,108,4031,500,972,0,0,84,0,0,0,0,0,0,0,96.0011215209961,1,0,0,0,-147.5,0,0,0,0,0,0,2016
4967,0,109,4031,500,972,0,0,83,0,0,0,0,0,0,0,96.0011215209961,1,0,0,0,-147.5,0,0,0,0,0,0,2016
4968,0,110,4031,500,972,0,0,82,0,0,0,0,0,0,0,96.0011215209961,1,0,0,0,-147.5,0,0,0,0,0,0,2016
4969,0,111,4031,500,972,0,0,81,0,0,0,0,0,0,0,96.0011215209961,1,0,0,0,-147.5,0,0,0,0,0,0,2016
4970,0,112,4031,500,972,0,0,80,0,0,0,0,0,0,0,96.0011215209961,1,0,0,0,-147.5,0,0,0,0,0,0,2016
4971,0,113,4031,500,972,0,0,79,0,0,0,0,0,0,0,96.0011215209961,1,0,0,0,-147.5,0,0,0,0,0,0,2016
4972,0,114,4031,500,972,0,0,78,0,0,0,0,0,0,0,96.0011215209961,1,0,0,0,-147.5,0,0,0,0,0,0,2016
4973,0,115,4031,500,972,0,0,77,0,0,0,0,0,0,0,96.0011215209961,1,0,0,0,-147.5,0,0,0,0,0,0,2016
4974,0,116,4031,500,972,0,0,76,0,0,0,0,0,0,0,96.0011215209961,1,0,0,0,-147.5,0,0,0,0,0,0,2016
4975,0,117,4031,500,972,0,0,75,0,0,0,0,0,0,0,96.0011215209961,1,0,0,0,-147.5,0,0,0,0,0,0,2016
4976,0,118,4031,500,972,0,0,74,0,0,0,0,0,0,0,96.0011215209961,1,0,0,0,-147.5,0,0,0,0,0,0,2016
4977,0,119,4031,500,972,0,0,73,0,0,0,0,0,0,0,96.0011215209961,1,0,0,0,-147.5,0,0,0,0,0,0,2016
4978,0,120,4031,500,972,0,0,72,0,0,0,0,0,0,0,96.0011215209961,1,0,0,0,-147.5,0,0,0,0,0,0,2016
4979,0,121,4031,500,972,0,0,71,0,0,0,0,0,0,0,96.0011215209961,1,0,0,0,-147.5,0,0,0,0,0,0,2016
4980,0,122,4031,500,972,0,0,70,0,0,0,0,0,0,0,96.0011215209961,1,0,0,0,-147.5,0,0,0,0,0,0,2016
4981,0,123,4031,500,972,0,0,69,0,0,0,0,0,0,0,96.0011215209961,1,0,0,0,-147.5,0,0,0,0,0,0,2016
4982,0,124,4031,500,972,0,0,68,0,0,0,0,0,0,0,96.0011215209961,1,0,0,0,-147.5,0,0,0,0,0,0,2016
4983,0,125,4031,500,972,0,0,67,0,0,0,0,0,0,0,96.0011215209961,1,0,0,0,-147.5,0,0,0,0,0,0,2016
4984,0,126,4031,500,972,0,0,66,0,0,0,0,0,0,0,96.0011215209961,1,0,0,0,-147.5,0,0,0,0,0,0,2016
4985,0,127,4031,500,972,0,0,65,0,0,0,0,0,0,0,96.0011215209961,1,0,0,0,-147.5,0,0,0,0,0,0,2016
4986,0,128,4031,500,972,0,0,64,0,0,0,0,0,0,0,96.0011215209961,1,0,0,0,-147.5,0,0,0,0,0,0,2016
4987,0,129,4031,500,972,0,0,63,0,0,0,0,0,0,0,96.0011215209961,1,0,0,0,-147.5,0,0,0,0,0,0,2016
4988,0,130,4031,500,972,0,0,62,0,0,0,0,0,0,0,96.0011215209961,1,0,0,0,-147.5,0,0,0,0,0,0,2016
4989,0,131,4031,500,972,0,0,61,0,0,0,0,0,0,0,96.0011215209961,1,0,0,0,-147.5,0,0,0,0,0,0,2016
4990,0,132,4031,500,972,0,0,60,0,0,0,0,0,0,0,96.0011215209961,1,0,0,0,-147.5,0,0,0,0,0,0,2016
4991,0,133,4031,500,972,0,0,59,0,0,0,0,0,0,0,96.0011215209961,1,0,0,0,-147.5,0,0,0,0,0,0,2016
4992,0,134,4031,500,972,0,0,58,0,0,0,0,0,0,0,96.0011215209961,1,0,0,0,-147.5,0,0,0,0,0,0,2016
4993,0,135,4031,500,972,0,0,57,0,0,0,0,0,0,0,96.0011215209961,1,0,0,0,-147.5,0,0,0,0,0,0,2016
4994,0,136,4031,500,972,0,0,56,0,0,0,0,0,0,0,96.0011215209961,1,0,0,0,-147.5,0,0,0,0,0,0,2016
4995,0,137,4031,500,972,0,0,55,0,0,0,0,0,0,0,96.0011215209961,1,0,0,0,-147.5,0,0,0,0,0,0,2016
4996,0,138,4031,500,972,0,0,54,0,0,0,0,0,0,0,96.0011215209961,1,0,0,0,-147.5,0,0,0,0,0,0,2016
4997,0,139,4031,500,972,0,0,53,0,0,0,0,0,0,0,96.0011215209961,1,0,0,0,-147.5,0,0,0,0,0,0,2016
4998,0,140,4031,500,972,0,0,52,0,0,0,0,0,0,0,96.0011215209961,1,0,0,0,-147.5,0,0,0,0,0,0,2016
4999,0,141,4031,500,972,0,0,51,0,0,0,0,0,0,0,96.0011215209961,1,0,0,0,-147.5,0,0,0,0,0,0,2016
5000,0,142,4031,500,972,0,0,50,0,0,0,0,0,0,0,96.0011215209961,1,0,0,0,-147.5,0,0,0,0,0,0,2016
5001,0,143,4031,500,972,0,0,49,0,0,0,0,0,0,0,96.0011215209961,1,0,0,0,-147.5,0,0,0,0,0,0,2016
5002,0,144,4031,500,972,0,0,48,0,0,0,0,0,0,0,96.0011215209961,1,0,0,0,-147.5,0,0,0,0,0,0,2016
5003,0,145,4031,500,972,0,0,47,0,0,0,0,0,0,0,96.0011215209961,1,0,0,0,-147.5,0,0,0,0,0,0,2016
5004,0,146,4031,500,972,0,0,46,0,0,0,0,0,0,0,96.0011215209961,1,0,0,0,-147.5,0,0,0,0,0,0,2016
5005,0,147,4031,500,972,0,0,45,0,0,0,0,0,0,0,96.0011215209961,1,0,0,0,-147.5,0,0,0,0,0,0,2016
5006,0,148,4031,500,972,0,0,44,0,0,0,0,0,0,0,96.0011215209961,1,0,0,0,-147.5,0,0,0,0,0,0,2016
5007,0,149,4031,500,972,0,0,43,0,0,0,0,0,0,0,96.0011215209961,1,0,0,0,-147.5,0,0,0,0,0,0,2016
5008,0,150,4031,500,972,0,0,42,0,0,0,0,0,0,0,96.0011215209961,1,0,0,0,-147.5,0,0,0,0,0,0,2016
5009,0,151,4031,500,972,0,0,41,0,0,0,0,0,0,0,96.0011215209961,1,0,0,0,-147.5,0,0,0,0,0,0,2016
5010,0,152,4031,500,972,0,0,40,0,0,0,0,0,0,0,96.0011215209961,1,0,0,0,-147.5,0,0,0,0,0,0,2016
5011,0,153,4031,500,972,0,0,39,0,0,0,0,0,0,0,96.0011215209961,1,0,0,0,-147.5,0,0,0,0,0,0,2016
5012,0,154,4031,500,972,0,0,38,0,0,0,0,0,0,0,96.0011215209961,1,0,0,0,-147.5,0,0,0,0,0,0,2016
5013,0,155,4031,500,972,0,0,37,0,0,0,0,0,0,0,96.0011215209961,1,0,0,0,-147.5,0,0,0,0,0,0,2016
5014,0,156,4031,500,972,0,0,36,0,0,0,0,0,0,0,96.0011215209961,1,0,0,0,-147.5,0,0,0,0,0,0,2016
5015,0,157,4031,500,972,0,0,35,0,0,0,0,0,0,0,96.0011215209961,1,0,0,0,-147.5,0,0,0,0,0,0,2016
5016,0,158,4031,500,972,0,0,34,0,0,0,0,0,0,0,96.0011215209961,1,0,0,0,-147.5,0,0,0,0,0,0,2016
5017,0,159,4031,500,972,0,0,33,0,0,0,0,0,0,0,96.0011215209961,1,0,0,0,-147.5,0,0,0,0,0,0,2016
5018,0,160,4031,500,972,0,0,32,0,0,0,0,0,0,0,96.0011215209961,1,0,0,0,-147.5,0,0,0,0,0,0,2016
5019,0,161,4031,500,972,0,0,31,0,0,0,0,0,0,0,96.0011215209961,1,0,0,0,-147.5,0,0,0,0,0,0,2016
5020,0,162,4031,500,972,0,0,30,0,0,0,0,0,0,0,96.0011215209961,1,0,0,0,-147.5,0,0,0,0,0,0,2016
5021,0,163,4031,500,972,0,0,29,0,0,0,0,0,0,0,96.0011215209961,1,0,0,0,-147.5,0,0,0,0,0,0,2016
5022,0,164,4031,500,972,0,0,28,0,0,0,0,0,0,0,96.0011215209961,1,0,0,0,-147.5,0,0,0,0,0,0,2016
5023,0,165,4031,500,972,0,0,27,0,0,0,0,0,0,0,96.0011215209961,1,0,0,0,-147.5,0,0,0,0,0,0,2016
5024,0,166,4031,500,972,0,0,26,0,0,0,0,0,0,0,96.0011215209961,1,0,0,0,-147.5,0,0,0,0,0,0,2016
5025,0,167,4031,500,972,0,0,25,0,0,0,0,0,0,0,96.0011215209961,1,0,0,0,-147.5,0,0,0,0,0,0,2016
5026,0,168,4031,500,972,0,0,24,0,0,0,0,0,0,0,96.0011215209961,1,0,0,0,-147.5,0,0,0,0,0,0,2016
5027,0,169,4031,500,972,0,0,23,0,0,0,0,0,0,0,96.0011215209961,1,0,0,0,-147.5,0,0,0,0,0,0,2016
5028,0,170,4031,500,972,0,0,22,0,0,0,0,0,0,0,96.0011215209961,1,0,0,0,-147.5,0,0,0,0,0,0,2016
5029,0,171,4031,500,972,0,0,21,0,0,0,0,0,0,0,96.0011215209961,1,0,0,0,-147.5,0,0,0,0,0,0,2016
5030,0,172,4031,500,972,0,0,20,0,0,0,0,0,0,0,96.0011215209961,1,0,0,0,-147.5,0,0,0,0,0,0,2016
5031,0,173,4031,500,972,0,0,19,0,0,0,0,0,0,0,96.0011215209961,1,0,0,0,-147.5,0,0,0,0,0,0,2016
5032,0,174,4031,500,972,0,0,18,0,0,0,0,0,0,0,96.0011215209961,1,0,0,0,-147.5,0,0,0,0,0,0,2016
5033,0,175,4031,500,972,0,0,17,0,0,0,0,0,0,0,96.0011215209961,1,0,0,0,-147.5,0,0,0,0,0,0,2016
5034,0,176,4031,500,972,0,0,16,0,0,0,0,0,0,0,96.0011215209961,1,0,0,0,-147.5,0,0,0,0,0,0,2016
5035,0,177,4031,500,972,0,0,15,0,0,0,0,0,0,0,96.0011215209961,1,0,0,0,-147.5,0,0,0,0,0,0,2016
5036,0,178,4031,500,972,0,0,14,0,0,0,0,0,0,0,96.0011215209961,1,0,0,0,-147.5,0,0,0,0,0,0,2016
5037,0,179,4031,500,972,0,0,13,0,0,0,0,0,0,0,96.0011215209961,1,0,0,0,-147.5,0,0,0,0,0,0,2016
5038,0,180,4031,500,972,0,0,12,0,0,0,0,0,0,0,96.0011215209961,1,0,0,0,-147.5,0,0,0,0,0,0,2016
5039,0,181,4031,500,972,0,0,11,0,0,0,0,0,0,0,96.0011215209961,1,0,0,0,-147.5,0,0,0,0,0,0,2016
5040,0,182,4031,500,972,0,0,10,0,0,0,0,0,0,0,96.0011215209961,1,0,0,0,-147.5,0,0,0,0,0,0,2016
5041,0,183,4031,500,972,0,0,9,0,0,0,0,0,0,0,96.0011215209961,1,0,0,0,-147.5,0,0,0,0,0,0,2016
5042,0,184,4031,500,972,0,0,8,0,0,0,0,0,0,0,96.0011215209961,1,0,0,0,-147.5,0,0,0,0,0,0,2016
5043,0,185,4031,500,972,0,0,7,0,0,0,0,0,0,0,96.0011215209961,1,0,0,0,-147.5,0,0,0,0,0,0,2016
5044,0,186,4031,500,972,0,0,6,0,0,0,0,0,0,0,96.0011215209961,1,0,0,0,-147.5,0,0,0,0,0,0,2016
5045,0,187,4031,500,972,0,0,5,0,0,0,0,0,0,0,96.0011215209961,1,0,0,0,-147.5,0,0,0,0,0,0,2016
5046,0,188,4031,500,972,0,0,4,0,0,0,0,0,0,0,96.0011215209961,1,0,0,0,-147.5,0,0,0,0,0,0,2016
5047,0,189,4031,500,972,0,0,3,0,0,0,0,0,0,0,96.0011215209961,1,0,0,0,-147.5,0,0,0,0,0,0,2016
5048,0,190,4031,500,972,0,0,2,0,0,0,0,0,0,0,96.0011215209961,1,0,0,0,-147.5,0,0,0,0,0,0,2016
5049,0,191,4031,500,972,0,0,1,0,0,0,0,0,0,0,96.0011215209961,1,0,0,0,-147.5,0,0,0,0,0,0,2016
5050,0,192,4031,500,972,0,0,0,0,0,0,0,0,0,0,96.0011215209961,1,0,0,0,-147.5,0,0,0,0,0,0,2016
5051,0,193,4031,500,972,0,0,0,0,0,0,0,0,0,0,96.0011215209961,1,0,0,0,-147.5,0,0,0,0,0,0,2016
5052,0,194,4031,500,972,0,0,0,0,0,0,0,0,0,0,96.0011215209961,1,0,0,0,-147.5,0,0,0,0,0,0,2016
5053,0,195,4031,500,972,0,0,0,0,0,0,0,0,0,0,96.0011215209961,1,0,0,0,-147.5,0,0,0,0,0,0,2016
5054,0,196,4031,500,972,0,0,0,0,0,0,0,0,0,0,96.0011215209961,1,0,0,0,-147.5,0,0,0,0,0,0,2016
5055,0,197,4031,500,972,0,0,0,0,0,0,0,0,0,0,96.0011215209961,1,0,0,0,-147.5,0,0,0,0,0,0,2016
5056,0,198,4031,500,972,0,0,0,0,0,0,0,0,0,0,96.0011215209961,1,0,0,0,-147.5,0,0,0,0,0,0,2016
5057,0,199,4031,500,972,0,0,0,0,0,0,0,0,0,0,96.0011215209961,1,0,0,0,-147.5,0,0,0,0,0,0,2016
5058,0,200,4031,500,972,0,0,0,0,0,0,0,0,0,0,96.0011215209961,1,0,0,0,-147.5,0,0,0,0,0,0,2016
5059,0,201,4031,500,972,0,0,0,0,0,0,0,0,0,0,96.0011215209961,1,0,0,0,-147.5,0,0,0,0,0,0,2016
5060,0,202,4031,500,972,0,0,0,0,0,0,0,0,0,0,96.0011215209961,1,0,0,0,-147.5,0,0,0,0,0,0,2016
5061,0,203,4031,500,972,0,0,0,0,0,0,0,0,0,0,96.0011215209961,1,0,0,0,-147.5,0,0,0,0,0,0,2016
5062,0,204,4031,500,972,0,0,0,0,0,0,0,0,0,0,96.0011215209961,1,0,0,0,-147.5,0,0,0,0,0,0,2016
5063,0,205,4031,500,972,0,0,0,0,0,0,0,0,0,0,96.0011215209961,1,0,0,0,-147.5,0,0,0,0,0,0,2016
5064,0,206,4031,500,972,0,0,0,0,0,0,0,0,0,0,96.0011215209961,1,0,0,0,-147.5,0,0,0,0,0,0,2016
5065,0,207,4031,500,972,0,0,0,0,0,0,0,0,0,0,96.0011215209961,1,0,0,0,-147.5,0,0,0,0,0,0,2016
5066,0,208,4031,500,972,0,0,0,0,0,0,0,0,0,0,96.0011215209961,1,0,0,0,-147.5,0,0,0,0,0,0,2016
5067,0,209,4031,500,972,0,0,0,0,0,0,0,0,0,0,96.0011215209961,1,0,0,0,-147.5,0,0,0,0,0,0,2016
5068,0,210,4031,500,972,0,0,0,0,0,0,0,0,0,0,96.0011215209961,1,0,0,0,-147.5,0,0,0,0,0,0,2016
5069,0,211,4031,500,972,0,0,0,0,0,0,0,0,0,0,96.0011215209961,1,0,0,0,-147.5,0,0,0,0,0,0,2016
5070,0,212,4031,500,972,0,0,0,0,0,0,0,0,0,0,96.0011215209961,1,0,0,0,-147.5,0,0,0,0,0,0,2016
5071,0,213,4031,500,972,0,0,0,0,0,0,0,0,0,0,96.0011215209961,1,0,0,0,-147.5,0,0,0,0,0,0,2016
5072,0,214,4031,500,972,0,0,0,0,0,0,0,0,0,0,96.0011215209961,1,0,0,0,-147.5,0,0,0,0,0,0,2016
5073,0,215,4031,500,972,0,0,0,0,0,0,0,0,0,0,96.0011215209961,1,0,0,0,-147.5,0,0,0,0,0,0,2016
5074,0,216,4031,500,972,0,0,0,0,0,0,0,0,0,0,96.0011215209961,1,0,0,0,-147.5,0,0,0,0,0,0,2016
5075,0,217,4031,500,972,0,0,0,0,0,0,0,0,0,0,96.0011215209961,1,0,0,0,-147.5,0,0,0,0,0,0,2016
5076,0,218,4031,500,972,0,0,0,0,0,0,0,0,0,0,96.0011215209961,1,0,0,0,-147.5,0,0,0,0,0,0,2016
5077,0,219,4031,500,972,0,0,0,0,0,0,0,0,0,0,96.0011215209961,1,0,0,0,-147.5,0,0,0,0,0,0,2016
5078,0,220,4031,500,972,0,0,0,0,0,0,0,0,0,0,96.0011215209961,1,0,0,0,-147.5,0,0,0,0,0,0,2016
5079,0,221,4031,500,972,0,0,0,0,0,0,0,0,0,0,96.0011215209961,1,0,0,0,-147.5,0,0,0,0,0,0,2016
5080,0,222,4031,500,972,0,0,0,0,0,0,0,0,0,0,96.0011215209961,1,0,0,0,-147.5,0,0,0,0,0,0,2016
5081,0,223,4031,500,972,0,0,0,0,0,0,0,0,0,0,96.0011215209961,1,0,0,0,-147.5,0,0,0,0,0,0,2016
5082,0,224,4031,500,972,0,0,0,0,0,0,0,0,0,0,96.0011215209961,1,0,0,0,-147.5,0,0,0,0,0,0,2016
5083,0,225,4031,500,972,0,0,0,0,0,0,0,0,0,0,96.0011215209961,1,0,0,0,-147.5,0,0,0,0,0,0,2016
5084,0,226,4031,500,972,0,0,0,0,0,0,0,0,0,0,96.0011215209961,1,0,0,0,-147.5,0,0,0,0,0,0,2016
5085,0,227,4031,500,972,0,0,0,0,0,0,0,0,0,0,96.0011215209961,1,0,0,0,-147.5,0,0,0,0,0,0,2016
5086,0,228,4031,500,972,0,0,0,0,0,0,0,0,0,0,96.0011215209961,1,0,0,0,-147.5,0,0,0,0,0,0,2016
5087,0,229,4031,500,972,0,0,0,0,0,0,0,0,0,0,96.0011215209961,1,0,0,0,-147.5,0,0,0,0,0,0,2016
5088,0,230,4031,500,972,0,0,0,0,0,0,0,0,0,0,96.0011215209961,1,0,0,0,-147.5,0,0,0,0,0,0,2016
5089,0,231,4031,500,972,0,0,0,0,0,0,0,0,0,0,96.0011215209961,1,0,0,0,-147.5,0,0,0,0,0,0,2016
5090,0,232,4031,500,972,0,0,0,0,0,0,0,0,0,0,96.0011215209961,1,0,0,0,-147.5,0,0,0,0,0,0,2016
5091,0,233,4031,500,972,0,0,0,0,0,0,0,0,0,0,96.0011215209961,1,0,0,0,-147.5,0,0,0,0,0,0,2016
5092,0,234,4031,500,972,0,0,0,0,0,0,0,0,0,0,96.0011215209961,1,0,0,0,-147.5,0,0,0,0,0,0,2016
5093,0,235,4031,500,972,0,0,0,0,0,0,0,0,0,0,96.0011215209961,1,0,0,0,-147.5,0,0,0,0,0,0,2016
5094,0,236,4031,500,972,0,0,0,0,0,0,0,0,0,0,96.0011215209961,1,0,0,0,-147.5,0,0,0,0,0,0,2016
5095,0,237,4031,500,972,0,0,0,0,0,0,0,0,0,0,96.0011215209961,1,0,0,0,-147.5,0,0,0,0,0,0,2016
5096,0,238,4031,500,972,0,0,0,0,0,0,0,0,0,0,96.0011215209961,1,0,0,0,-147.5,0,0,0,0,0,0,2016
5097,0,239,4031,500,972,0,0,0,0,0,0,0,0,0,0,96.0011215209961,1,0,0,0,-147.5,0,0,0,0,0,0,2016
5098,0,240,4031,500,972,0,0,0,0,0,0,0,0,0,0,96.0011215209961,1,0,0,0,-147.5,0,0,0,0,0,0,2016
5099,0,241,4031,500,972,0,0,0,0,0,0,0,0,0,0,96.0011215209961,1,0,0,0,-147.5,0,0,0,0,0,0,2016
5100,0,242,4031,500,972,0,0,0,0,0,0,0,0,0,0,96.0011215209961,1,0,0,0,-147.5,0,0,0,0,0,0,2016
5101,0,243,4031,500,972,0,0,0,0,0,0,0,0,0,0,96.0011215209961,1,0,0,0,-147.5,0,0,0,0,0,0,2016
5102,0,244,4031,500,972,0,0,0,0,0,0,0,0,0,0,96.0011215209961,1,0,0,0,-147.5,0,0,0,0,0,0,2016
5103,0,245,4031,500,972,0,0,0,0,0,0,0,0,0,0,96.0011215209961,1,0,0,0,-147.5,0,0,0,0,0,0,2016
5104,0,246,4031,500,972,0,0,0,0,0,0,0,0,0,0,96.0011215209961,1,0,0,0,-147.5,0,0,0,0,0,0,2016
5105,0,247,4031,500,972,0,0,0,0,0,0,0,0,0,0,96.0011215209961,1,0,0,0,-147.5,0,0,0,0,0,0,2016
5106,0,248,4031,500,972,0,0,0,0,0,0,0,0,0,0,96.0011215209961,1,0,0,0,-147.5,0,0,0,0,0,0,2016
5107,0,249,4031,500,972,0,0,0,0,0,0,0,0,0,0,96.0011215209961,1,0,0,0,-147.5,0,0,0,0,0,0,2016
5108,0,250,4031,500,972,0,0,0,0,0,0,0,0,0,0,96.0011215209961,1,0,0,0,-147.5,0,0,0,0,0,0,2016
5109,0,251,4031,500,972,0,0,0,0,0,0,0,0,0,0,96.0011215209961,1,0,0,0,-147.5,0,0,0,0,0,0,2016
5110,0,1,0,500,1000,0,0,0,0,0,0,0,0,0,0,118.375,1,0,0,0,-147.5,0,0,0,0,0,0,1000
5111,0,2,0,500,1000,0,0,0,0,0,0,0,0,0,0,117.34375,1,0,0,0,-147.5,0,0,0,0,0,0,1000
5112,0,3,0,500,1000,0,0,0,0,0,0,0,0,0,0,117.0859375,1,0,0,0,-147.5,0,0,0,0,0,0,1000
5113,0,4,0,500,1000,0,0,0,0,0,0,0,0,0,0,117.021484375,1,0,0,0,-147.5,0,0,0,0,0,0,1000
5114,0,5,0,500,1000,0,0,0,0,0,0,0,0,0,0,117.00537109375,1,0,0,0,-147.5,0,0,0,0,0,0,1000
5115,0,6,0,500,1000,0,0,0,0,0,0,0,0,0,0,117.0013427734375,1,0,0,0,-147.5,0,0,0,0,0,0,1000
5116,0,7,0,500,1000,0,0,0,0,0,0,0,0,0,0,117.00033569335938,1,0,0,0,-147.5,0,0,0,0,0,0,1000
5117,0,8,0,500,1000,0,0,0,0,0,0,0,0,0,0,117.00008392333984,1,0,0,0,-147.5,0,0,0,0,0,0,1000
5118,0,9,0,500,1000,0,0,0,0,0,0,0,0,0,0,117.0000228881836,1,0,0,0,-147.5,0,0,0,0,0,0,1000
5119,10,1,0,500,1000,0,0,0,0,0,0,0,0,0,0,117.00000762939453,1,0,0,0,-147.5,0,0,0,0,0,0,1000
5120,10,2,0,500,1000,0,0,0,0,0,0,0,0,0,0,117,1,0,0,0,-147.5,0,0,0,0,0,0,1000
5121,10,3,0,500,1000,0,0,0,0,0,0,0,0,0,0,117,1,0,0,0,-147.5,0,0,0,0,0,0,1000
5122,10,4,0,500,1000,0,0,0,0,0,0,0,0,0,0,117,1,0,0,0,-147.5,0,0,0,0,0,0,1000
5123,10,5,0,500,1000,0,0,0,0,0,0,0,0,0,0,117,1,0,0,0,-147.5,0,0,0,0,0,0,1000
5124,10,6,0,500,1000,0,0,0,0,0,0,0,0,0,0,117,1,0,0,0,-147.5,0,0,0,0,0,0,1000
5125,430,1,12,500,1000,0,0,0,0,0,0,0,0,0,0,117,1,0,0,0,-147.5,0,0,0,0,0,0,1000
5126,430,2,12,500,1000,0,0,0,0,0,0,0,0,0,0,117,1,0,0,0,-147.5,0,0,0,0,0,0,1000
5127,430,3,12,500,1000,0,0,0,0,0,0,0,0,0,0,117,1,0,0,0,-147.5,0,0,0,0,0,0,1000
5128,430,4,12,500,1000,0,0,0,0,0,0,0,0,0,0,117,1,0,0,0,-147.5,0,0,0,0,0,0,1000
5129,430,5,12,500,1000,0,0,0,0,0,0,0,0,0,0,117,1,0,0,0,-147.5,0,0,0,0,0,0,1000
5130,430,6,12,500,1000,0,0,0,0,0,0,0,0,0,0,117,1,0,0,0,-147.5,0,0,0,0,0,0,1000
5131,430,7,12,500,1000,0,0,0,0,0,0,0,0,0,0,117,1,0,0,0,-147.5,0,0,0,0,0,0,1000
5132,430,8,12,500,1000,0,0,0,0,0,0,0,0,0,0,117,1,0,0,0,-147.5,0,0,0,0,0,0,1000
5133,430,8,1031,500,972,0,0,0,0,0,0,0,0,0,0,117,1,0,0,0,-147.5,0,0,0,0,0,0,2016
5134,430,8,1031,500,972,0,0,0,0,0,0,0,0,0,0,117,1,0,0,0,-147.5,0,0,0,0,0,0,2016
5135,430,8,1031,500,972,0,0,0,0,0,0,0,0,0,0,117,1,0,0,0,-147.5,0,0,0,0,0,0,2016
5136,430,8,1031,500,972,0,0,0,0,0,0,0,0,0,0,117,1,0,0,0,-147.5,0,0,0,0,0,0,2016
5137,430,8,1031,500,972,0,0,0,0,0,0,0,0,0,0,117,1,0,0,0,-147.5,0,0,0,0,0,0,2016
5138,430,8,1031,500,972,0,0,0,0,0,0,0,0,0,0,117,1,0,0,0,-147.5,0,0,0,0,0,0,2016
5139,430,9,1031,500,972,0,0,0,0,0,0,0,0,0,0,112.83999633789062,1,0,0,0,-147.5,0,0,0,0,0,0,2016
5140,430,10,1031,500,972,0,0,0,0,0,0,0,0,0,0,107.1780014038086,1,0,0,0,-147.5,0,0,0,0,0,0,2016
5141,430,11,1031,500,972,0,0,0,0,0,0,0,0,0,0,104.9280014038086,1,0,0,0,-144.75,0,0,0,0,0,0,2016
5142,430,12,1031,500,972,0,0,0,0,0,0,0,0,0,0,101.5011215209961,1,0,0,0,-142.5,0,0,0,0,0,0,2016
5143,430,13,1031,500,972,0,0,0,0,0,0,0,0,0,0,99.7511215209961,1,0,0,0,-140.5,0,0,0,0,0,0,2016
5144,430,14,1031,500,972,0,0,0,0,0,0,0,0,0,0,98.2511215209961,1,0,0,0,-138.75,0,0,0,0,0,0,2016
5145,430,15,1031,500,972,0,0,0,0,0,0,0,0,0,0,97.0011215209961,1,0,0,0,-137.25,0,0,0,0,0,0,2016
5146,430,16,1031,500,972,0,0,0,0,0,0,0,0,0,0,96.0011215209961,1,0,0,0,-136,0,0,0,0,0,0,2016
5147,430,17,1031,500,972,0,0,0,0,0,0,0,0,0,0,96.0011215209961,1,0,0,0,-135,0,0,0,0,0,0,2016
5148,430,18,1031,500,972,0,0,0,0,0,0,0,0,0,0,96.0011215209961,1,0,0,0,-135,0,0,0,0,0,0,2016
5149,11,1,1031,500,972,0,0,0,0,0,0,0,0,0,0,96.0011215209961,1,0,0,0,-135,0,0,0,0,0,0,2016
5150,12,1,1031,500,972,0,0,0,0,0,0,0,0,0,0,96.0011215209961,1,0,0,0,-135,0,0,0,0,0,0,2016
5151,12,2,1031,500,972,0,0,0,0,0,0,0,0,0,0,96.0011215209961,1,0,0,0,-135,0,0,0,0,0,0,2016
5152,12,3,1031,500,972,0,0,0,0,0,0,0,0,0,0,96.0011215209961,1,0,0,0,-135,0,0,0,0,0,0,2016
5153,12,4,1031,500,972,0,0,0,0,0,0,0,0,0,0,96.0011215209961,1,0,0,0,-135,0,0,0,0,0,0,2016
5154,12,5,1031,500,972,0,0,0,0,0,0,0,0,0,0,96.0011215209961,1,0,0,0,-135,0,0,0,0,0,0,2016
5155,12,6,1031,500,972,0,0,0,0,0,0,0,0,0,0,96.0011215209961,1,0,0,0,-135,0,0,0,0,0,0,2016
5156,12,7,1031,500,972,0,0,0,0,0,0,0,0,0,0,96.0011215209961,1,0,0,0,-135,0,0,0,0,0,0,2016
5157,12,8,1031,500,972,0,0,0,0,0,0,0,0,0,0,96.0011215209961,1,0,0,0,-135,0,0,0,0,0,0,2016
5158,12,9,1031,500,972,0,0,0,0,0,0,0,0,0,0,96.0011215209961,1,0,0,0,-135,0,0,0,0,0,0,2016
5159,0,1,1031,500,972,0,0,0,0,0,0,0,0,0,0,96.0011215209961,1,0,0,0,-135,0,0,0,0,0,0,2016
5160,0,2,1031,500,972,0,0,0,0,0,0,0,0,0,0,96.0011215209961,1,0,0,0,-135,0,0,0,0,0,0,2016
5161,0,3,1031,500,972,0,0,0,0,0,0,0,0,0,0,96.0011215209961,1,0,0,0,-135,0,0,0,0,0,0,2016
5162,0,4,1031,500,972,0,0,0,0,0,0,0,0,0,0,96.0011215209961,1,0,0,0,-135,0,0,0,0,0,0,2016
5163,0,5,1031,500,972,0,0,0,0,0,0,0,0,0,0,96.0011215209961,1,0,0,0,-135,0,0,0,0,0,0,2016
5164,0,6,1031,500,972,0,0,0,0,0,0,0,0,0,0,96.0011215209961,1,0,0,0,-135,0,0,0,0,0,0,2016
5165,0,7,1031,500,972,0,0,0,0,0,0,0,0,0,0,96.0011215209961,1,0,0,0,-135,0,0,0,0,0,0,2016
5166,0,8,1031,500,972,0,0,0,0,0,0,0,0,0,0,96.0011215209961,1,0,0,0,-135,0,0,0,0,0,0,2016
5167,0,9,1031,500,972,0,0,0,0,0,0,0,0,0,0,96.0011215209961,1,0,0,0,-135,0,0,0,0,0,0,2016
5168,0,10,1031,500,972,0,0,0,0,0,0,0,0,0,0,96.0011215209961,1,0,0,0,-135,0,0,0,0,0,0,2016
5169,0,11,1031,500,972,0,0,0,0,0,0,0,0,0,0,96.0011215209961,1,0,0,0,-135,0,0,0,0,0,0,2016
5170,0,12,1031,500,972,0,0,0,0,0,0,0,0,0,0,96.0011215209961,1,0,0,0,-135,0,0,0,0,0,0,2016
5171,0,13,1031,500,972,0,0,0,0,0,0,0,0,0,0,96.0011215209961,1,0,0,0,-135,0,0,0,0,0,0,2016
5172,0,14,1031,500,972,0,0,0,0,0,0,0,0,0,0,96.0011215209961,1,0,0,0,-135,0,0,0,0,0,0,2016
5173,0,15,1031,500,972,0,0,0,0,0,0,0,0,0,0,96.0011215209961,1,0,0,0,-135,0,0,0,0,0,0,2016
5174,0,16,1031,500,972,0,0,0,0,0,0,0,0,0,0,96.0011215209961,1,0,0,0,-135,0,0,0,0,0,0,2016
5175,0,17,1031,500,972,0,0,0,0,0,0,0,0,0,0,96.0011215209961,1,0,0,0,-135,0,0,0,0,0,0,2016
5176,0,18,1031,500,972,0,0,0,0,0,0,0,0,0,0,96.0011215209961,1,0,0,0,-135,0,0,0,0,0,0,2016
5177,0,19,1031,500,972,0,0,0,0,0,0,0,0,0,0,96.0011215209961,1,0,0,0,-135,0,0,0,0,0,0,2016
5178,0,20,1031,500,972,0,0,0,0,0,0,0,0,0,0,96.0011215209961,1,0,0,0,-135,0,0,0,0,0,0,2016
5179,0,21,1031,500,972,0,0,0,0,0,0,0,0,0,0,96.0011215209961,1,0,0,0,-135,0,0,0,0,0,0,2016
5180,0,22,1031,500,972,0,0,0,0,0,0,0,0,0,0,96.0011215209961,1,0,0,0,-135,0,0,0,0,0,0,2016
5181,0,23,1031,500,972,0,0,0,0,0,0,0,0,0,0,96.0011215209961,1,0,0,0,-135,0,0,0,0,0,0,2016
5182,0,24,1031,500,972,0,0,0,0,0,0,0,0,0,0,96.0011215209961,1,0,0,0,-135,0,0,0,0,0,0,2016
5183,0,25,1031,500,972,0,0,0,0,0,0,0,0,0,0,96.0011215209961,1,0,0,0,-135,0,0,0,0,0,0,2016
5184,0,26,1031,500,972,0,0,0,0,0,0,0,0,0,0,96.0011215209961,1,0,0,0,-135,0,0,0,0,0,0,2016
5185,0,27,1031,500,972,0,0,0,0,0,0,0,0,0,0,96.0011215209961,1,0,0,0,-135,0,0,0,0,0,0,2016
5186,0,28,1031,500,972,0,0,0,0,0,0,0,0,0,0,96.0011215209961,1,0,0,0,-135,0,0,0,0,0,0,2016
5187,0,29,1031,500,972,0,0,0,0,0,0,0,0,0,0,96.0011215209961,1,0,0,0,-135,0,0,0,0,0,0,2016
5188,0,30,1031,500,972,0,0,0,0,0,0,0,0,0,0,96.0011215209961,1,0,0,0,-135,0,0,0,0,0,0,2016
5189,0,31,1031,500,972,0,0,0,0,0,0,0,0,0,0,96.0011215209961,1,0,0,0,-135,0,0,0,0,0,0,2016
5190,0,32,1031,500,972,0,0,0,0,0,0,0,0,0,0,96.0011215209961,1,0,0,0,-135,0,0,0,0,0,0,2016
5191,0,33,1031,500,972,0,0,0,0,0,0,0,0,0,0,96.0011215209961,1,0,0,0,-135,0,0,0,0,0,0,2016
5192,0,34,1031,500,972,0,0,0,0,0,0,0,0,0,0,96.0011215209961,1,0,0,0,-135,0,0,0,0,0,0,2016
5193,0,35,1031,500,972,0,0,0,0,0,0,0,0,0,0,96.0011215209961,1,0,0,0,-135,0,0,0,0,0,0,2016
5194,0,36,1031,500,972,0,0,0,0,0,0,0,0,0,0,96.0011215209961,1,0,0,0,-135,0,0,0,0,0,0,2016
5195,0,37,1031,500,972,0,0,0,0,0,0,0,0,0,0,96.0011215209961,1,0,0,0,-135,0,0,0,0,0,0,2016
5196,0,38,1031,500,972,0,0,0,0,0,0,0,0,0,0,96.0011215209961,1,0,0,0,-135,0,0,0,0,0,0,2016
5197,0,39,1031,500,972,0,0,0,0,0,0,0,0,0,0,96.0011215209961,1,0,0,0,-135,0,0,0,0,0,0,2016
5198,0,40,1031,500,972,0,0,0,0,0,0,0,0,0,0,96.0011215209961,1,0,0,0,-135,0,0,0,0,0,0,2016
5199,0,41,1031,500,972,0,0,0,0,0,0,0,0,0,0,96.0011215209961,1,0,0,0,-135,0,0,0,0,0,0,2016
5200,0,42,1031,500,972,0,0,0,0,0,0,0,0,0,0,96.0011215209961,1,0,0,0,-135,0,0,0,0,0,0,2016
5201,0,43,1031,500,972,0,0,0,0,0,0,0,0,0,0,96.0011215209961,1,0,0,0,-135,0,0,0,0,0,0,2016
5202,0,44,1031,500,972,0,0,0,0,0,0,0,0,0,0,96.0011215209961,1,0,0,0,-135,0,0,0,0,0,0,2016
5203,0,45,1031,500,972,0,0,0,0,0,0,0,0,0,0,96.0011215209961,1,0,0,0,-135,0,0,0,0,0,0,2016
5204,0,46,1031,500,972,0,0,0,0,0,0,0,0,0,0,96.0011215209961,1,0,0,0,-135,0,0,0,0,0,0,2016
5205,0,47,1031,500,972,0,0,0,0,0,0,0,0,0,0,96.0011215209961,1,0,0,0,-135,0,0,0,0,0,0,2016
5206,0,48,1031,500,972,0,0,0,0,0,0,0,0,0,0,96.0011215209961,1,0,0,0,-135,0,0,0,0,0,0,2016
5207,0,49,1031,500,972,0,0,0,0,0,0,0,0,0,0,96.0011215209961,1,0,0,0,-135,0,0,0,0,0,0,2016
5208,0,50,1031,500,972,0,0,0,0,0,0,0,0,0,0,96.0011215209961,1,0,0,0,-135,0,0,0,0,0,0,2016
5209,0,51,1031,500,972,0,0,0,0,0,0,0,0,0,0,96.0011215209961,1,0,0,0,-135,0,0,0,0,0,0,2016
5210,0,52,1031,500,972,0,0,0,0,0,0,0,0,0,0,96.0011215209961,1,0,0,0,-135,0,0,0,0,0,0,2016
5211,0,53,1031,500,972,0,0,0,0,0,0,0,0,0,0,96.0011215209961,1,0,0,0,-135,0,0,0,0,0,0,2016
5212,0,54,1031,500,972,0,0,0,0,0,0,0,0,0,0,96.0011215209961,1,0,0,0,-135,0,0,0,0,0,0,2016
5213,0,55,1031,500,972,0,0,0,0,0,0,0,0,0,0,96.0011215209961,1,0,0,0,-135,0,0,0,0,0,0,2016
5214,0,56,1031,500,972,0,0,0,0,0,0,0,0,0,0,96.0011215209961,1,0,0,0,-135,0,0,0,0,0,0,2016
5215,0,57,1031,500,972,0,0,0,0,0,0,0,0,0,0,96.0011215209961,1,0,0,0,-135,0,0,0,0,0,0,2016
5216,0,58,1031,500,972,0,0,0,0,0,0,0,0,0,0,96.0011215209961,1,0,0,0,-135,0,0,0,0,0,0,2016
5217,0,59,1031,500,972,0,0,0,0,0,0,0,0,0,0,96.0011215209961,1,0,0,0,-135,0,0,0,0,0,0,2016
5218,0,60,1031,500,972,0,0,0,0,0,0,0,0,0,0,96.0011215209961,1,0,0,0,-135,0,0,0,0,0,0,2016
5219,0,61,1031,500,972,0,0,0,0,0,0,0,0,0,0,96.0011215209961,1,0,0,0,-135,0,0,0,0,0,0,2016
5220,0,62,1031,500,972,0,0,0,0,0,0,0,0,0,0,96.0011215209961,1,0,0,0,-135,0,0,0,0,0,0,2016
5221,0,63,1031,500,972,0,0,0,0,0,0,0,0,0,0,96.0011215209961,1,0,0,0,-135,0,0,0,0,0,0,2016
5222,0,64,1031,500,972,0,0,0,0,0,0,0,0,0,0,96.0011215209961,1,0,0,0,-135,0,0,0,0,0,0,2016
5223,0,65,1031,500,972,0,0,0,0,0,0,0,0,0,0,96.0011215209961,1,0,0,0,-135,0,0,0,0,0,0,2016
5224,0,66,1031,500,972,0,0,0,0,0,0,0,0,0,0,96.0011215209961,1,0,0,0,-135,0,0,0,0,0,0,2016
5225,0,67,1031,500,972,0,0,0,0,0,0,0,0,0,0,96.0011215209961,1,0,0,0,-135,0,0,0,0,0,0,2016
5226,0,68,1031,500,972,0,0,0,0,0,0,0,0,0,0,96.0011215209961,1,0,0,0,-135,0,0,0,0,0,0,2016
5227,0,69,1031,500,972,0,0,0,0,0,0,0,0,0,0,96.0011215209961,1,0,0,0,-135,0,0,0,0,0,0,2016
5228,0,70,1031,500,972,0,0,0,0,0,0,0,0,0,0,96.0011215209961,1,0,0,0,-135,0,0,0,0,0,0,2016
5229,0,71,1031,500,972,0,0,0,0,0,0,0,0,0,0,96.0011215209961,1,0,0,0,-135,0,0,0,0,0,0,2016
5230,0,72,1031,500,972,0,0,0,0,0,0,0,0,0,0,96.0011215209961,1,0,0,0,-135,0,0,0,0,0,0,2016
5231,0,73,1031,500,972,0,0,0,0,0,0,0,0,0,0,96.0011215209961,1,0,0,0,-135,0,0,0,0,0,0,2016
5232,0,74,1031,500,972,0,0,0,0,0,0,0,0,0,0,96.0011215209961,1,0,0,0,-135,0,0,0,0,0,0,2016
5233,0,75,1031,500,972,0,0,0,0,0,0,0,0,0,0,96.0011215209961,1,0,0,0,-135,0,0,0,0,0,0,2016
5234,0,76,1031,500,972,0,0,0,0,0,0,0,0,0,0,96.0011215209961,1,0,0,0,-135,0,0,0,0,0,0,2016
5235,0,77,1031,500,972,0,0,0,0,0,0,0,0,0,0,96.0011215209961,1,0,0,0,-135,0,0,0,0,0,0,2016
5236,0,78,1031,500,972,0,0,0,0,0,0,0,0,0,0,96.0011215209961,1,0,0,0,-135,0,0,0,0,0,0,2016
5237,0,79,1031,500,972,0,0,0,0,0,0,0,0,0,0,96.0011215209961,1,0,0,0,-135,0,0,0,0,0,0,2016
5238,0,80,1031,500,972,0,0,0,0,0,0,0,0,0,0,96.0011215209961,1,0,0,0,-135,0,0,0,0,0,0,2016
5239,0,81,1031,500,972,0,0,0,0,0,0,0,0,0,0,96.0011215209961,1,0,0,0,-135,0,0,0,0,0,0,2016
5240,0,82,1031,500,972,0,0,0,0,0,0,0,0,0,0,96.0011215209961,1,0,0,0,-135,0,0,0,0,0,0,2016
5241,0,83,1031,500,972,0,0,0,0,0,0,0,0,0,0,96.0011215209961,1,0,0,0,-135,0,0,0,0,0,0,2016
5242,0,84,1031,500,972,0,0,0,0,0,0,0,0,0,0,96.0011215209961,1,0,0,0,-135,0,0,0,0,0,0,2016
5243,0,85,1031,500,972,0,0,0,0,0,0,0,0,0,0,96.0011215209961,1,0,0,0,-135,0,0,0,0,0,0,2016
5244,0,86,1031,500,972,0,0,0,0,0,0,0,0,0,0,96.0011215209961,1,0,0,0,-135,0,0,0,0,0,0,2016
5245,0,87,1031,500,972,0,0,0,0,0,0,0,0,0,0,96.0011215209961,1,0,0,0,-135,0,0,0,0,0,0,2016
5246,0,88,1031,500,972,0,0,0,0,0,0,0,0,0,0,96.0011215209961,1,0,0,0,-135,0,0,0,0,0,0,2016
5247,0,89,1031,500,972,0,0,0,0,0,0,0,0,0,0,96.0011215209961,1,0,0,0,-135,0,0,0,0,0,0,2016
5248,0,90,1031,500,972,0,0,0,0,0,0,0,0,0,0,96.0011215209961,1,0,0,0,-135,0,0,0,0,0,0,2016
5249,0,91,1031,500,972,0,0,0,0,0,0,0,0,0,0,96.0011215209961,1,0,0,0,-135,0,0,0,0,0,0,2016
5250,0,92,1031,500,972,0,0,0,0,0,0,0,0,0,0,96.0011215209961,1,0,0,0,-135,0,0,0,0,0,0,2016
5251,0,93,1031,500,972,0,0,0,0,0,0,0,0,0,0,96.0011215209961,1,0,0,0,-135,0,0,0,0,0,0,2016
5252,0,94,1031,500,972,0,0,0,0,0,0,0,0,0,0,96.0011215209961,1,0,0,0,-135,0,0,0,0,0,0,2016
5253,0,95,1031,500,972,0,0,0,0,0,0,0,0,0,0,96.0011215209961,1,0,0,0,-135,0,0,0,0,0,0,2016
5254,0,96,1031,500,972,0,0,0,0,0,0,0,0,0,0,96.0011215209961,1,0,0,0,-135,0,0,0,0,0,0,2016
5255,0,97,1031,500,972,0,0,0,0,0,0,0,0,0,0,96.0011215209961,1,0,0,0,-135,0,0,0,0,0,0,2016
5256,0,98,1031,500,972,0,0,0,0,0,0,0,0,0,0,96.0011215209961,1,0,0,0,-135,0,0,0,0,0,0,2016
5257,0,99,1031,500,972,0,0,0,0,0,0,0,0,0,0,96.0011215209961,1,0,0,0,-135,0,0,0,0,0,0,2016
5258,0,100,1031,500,972,0,0,0,0,0,0,0,0,0,0,96.0011215209961,1,0,0,0,-135,0,0,0,0,0,0,2016
5259,0,101,1031,500,972,0,0,0,0,0,0,0,0,0,0,96.0011215209961,1,0,0,0,-135,0,0,0,0,0,0,2016
5260,0,102,1031,500,972,0,0,0,0,0,0,0,0,0,0,96.0011215209961,1,0,0,0,-135,0,0,0,0,0,0,2016
5261,0,103,1031,500,972,0,0,0,0,0,0,0,0,0,0,96.0011215209961,1,0,0,0,-135,0,0,0,0,0,0,2016
5262,0,104,1031,500,972,0,0,0,0,0,0,0,0,0,0,96.0011215209961,1,0,0,0,-135,0,0,0,0,0,0,2016
5263,0,105,1031,500,972,0,0,0,0,0,0,0,0,0,0,96.0011215209961,1,0,0,0,-135,0,0,0,0,0,0,2016
5264,0,106,1031,500,972,0,0,0,0,0,0,0,0,0,0,96.0011215209961,1,0,0,0,-135,0,0,0,0,0,0,2016
5265,0,107,1031,500,972,0,0,0,0,0,0,0,0,0,0,96.0011215209961,1,0,0,0,-135,0,0,0,0,0,0,2016
5266,0,108,1031,500,972,0,0,0,0,0,0,0,0,0,0,96.0011215209961,1,0,0,0,-135,0,0,0,0,0,0,2016
5267,0,109,1031,500,972,0,0,0,0,0,0,0,0,0,0,96.0011215209961,1,0,0,0,-135,0,0,0,0,0,0,2016
5268,0,110,1031,500,972,0,0,0,0,0,0,0,0,0,0,96.0011215209961,1,0,0,0,-135,0,0,0,0,0,0,2016
5269,0,111,1031,500,972,0,0,0,0,0,0,0,0,0,0,96.0011215209961,1,0,0,0,-135,0,0,0,0,0,0,2016
5270,0,112,1031,500,972,0,0,0,0,0,0,0,0,0,0,96.0011215209961,1,0,0,0,-135,0,0,0,0,0,0,2016
5271,0,113,1031,500,972,0,0,0,0,0,0,0,0,0,0,96.0011215209961,1,0,0,0,-135,0,0,0,0,0,0,2016
5272,0,114,1031,500,972,0,0,0,0,0,0,0,0,0,0,96.0011215209961,1,0,0,0,-135,0,0,0,0,0,0,2016
5273,0,115,1031,500,972,0,0,0,0,0,0,0,0,0,0,96.0011215209961,1,0,0,0,-135,0,0,0,0,0,0,2016
5274,0,116,1031,500,972,0,0,0,0,0,0,0,0,0,0,96.0011215209961,1,0,0,0,-135,0,0,0,0,0,0,2016
5275,0,117,1031,500,972,0,0,0,0,0,0,0,0,0,0,96.0011215209961,1,0,0,0,-135,0,0,0,0,0,0,2016
5276,0,118,1031,500,972,0,0,0,0,0,0,0,0,0,0,96.0011215209961,1,0,0,0,-135,0,0,0,0,0,0,2016
5277,0,119,1031,500,972,0,0,0,0,0,0,0,0,0,0,96.0011215209961,1,0,0,0,-135,0,0,0,0,0,0,2016
5278,0,120,1031,500,972,0,0,0,0,0,0,0,0,0,0,96.0011215209961,1,0,0,0,-135,0,0,0,0,0,0,2016
5279,0,121,1031,500,972,0,0,0,0,0,0,0,0,0,0,96.0011215209961,1,0,0,0,-135,0,0,0,0,0,0,2016
5280,0,122,1031,500,972,0,0,0,0,0,0,0,0,0,0,96.0011215209961,1,0,0,0,-135,0,0,0,0,0,0,2016
5281,0,123,1031,500,972,0,0,0,0,0,0,0,0,0,0,96.0011215209961,1,0,0,0,-135,0,0,0,0,0,0,2016
5282,0,124,1031,500,972,0,0,0,0,0,0,0,0,0,0,96.0011215209961,1,0,0,0,-135,0,0,0,0,0,0,2016
5283,0,125,1031,500,972,0,0,0,0,0,0,0,0,0,0,96.0011215209961,1,0,0,0,-135,0,0,0,0,0,0,2016
5284,0,126,1031,500,972,0,0,0,0,0,0,0,0,0,0,96.0011215209961,1,0,0,0,-135,0,0,0,0,0,0,2016
5285,0,127,1031,500,972,0,0,0,0,0,0,0,0,0,0,96.0011215209961,1,0,0,0,-135,0,0,0,0,0,0,2016
5286,0,128,1031,500,972,0,0,0,0,0,0,0,0,0,0,96.0011215209961,1,0,0,0,-135,0,0,0,0,0,0,2016
5287,0,129,1031,500,972,0,0,0,0,0,0,0,0,0,0,96.0011215209961,1,0,0,0,-135,0,0,0,0,0,0,2016
5288,0,130,1031,500,972,0,0,0,0,0,0,0,0,0,0,96.0011215209961,1,0,0,0,-135,0,0,0,0,0,0,2016
5289,0,131,1031,500,972,0,0,0,0,0,0,0,0,0,0,96.0011215209961,1,0,0,0,-135,0,0,0,0,0,0,2016
5290,0,132,1031,500,972,0,0,0,0,0,0,0,0,0,0,96.0011215209961,1,0,0,0,-135,0,0,0,0,0,0,2016
5291,0,133,1031,500,972,0,0,0,0,0,0,0,0,0,0,96.0011215209961,1,0,0,0,-135,0,0,0,0,0,0,2016
5292,0,134,1031,500,972,0,0,0,0,0,0,0,0,0,0,96.0011215209961,1,0,0,0,-135,0,0,0,0,0,0,2016
5293,0,135,1031,500,972,0,0,0,0,0,0,0,0,0,0,96.0011215209961,1,0,0,0,-135,0,0,0,0,0,0,2016
5294,0,136,1031,500,972,0,0,0,0,0,0,0,0,0,0,96.0011215209961,1,0,0,0,-135,0,0,0,0,0,0,2016
5295,0,137,1031,500,972,0,0,0,0,0,0,0,0,0,0,96.0011215209961,1,0,0,0,-135,0,0,0,0,0,0,2016
5296,0,138,1031,500,972,0,0,0,0,0,0,0,0,0,0,96.0011215209961,1,0,0,0,-135,0,0,0,0,0,0,2016
5297,0,139,1031,500,972,0,0,0,0,0,0,0,0,0,0,96.0011215209961,1,0,0,0,-135,0,0,0,0,0,0,2016
5298,0,140,1031,500,972,0,0,0,0,0,0,0,0,0,0,96.0011215209961,1,0,0,0,-135,0,0,0,0,0,0,2016
5299,0,141,1031,500,972,0,0,0,0,0,0,0,0,0,0,96.0011215209961,1,0,0,0,-135,0,0,0,0,0,0,2016
5300,0,142,1031,500,972,0,0,0,0,0,0,0,0,0,0,96.0011215209961,1,0,0,0,-135,0,0,0,0,0,0,2016
5301,0,143,1031,500,972,0,0,0,0,0,0,0,0,0,0,96.0011215209961,1,0,0,0,-135,0,0,0,0,0,0,2016
5302,0,144,1031,500,972,0,0,0,0,0,0,0,0,0,0,96.0011215209961,1,0,0,0,-135,0,0,0,0,0,0,2016
5303,0,145,1031,500,972,0,0,0,0,0,0,0,0,0,0,96.0011215209961,1,0,0,0,-135,0,0,0,0,0,0,2016
5304,0,146,1031,500,972,0,0,0,0,0,0,0,0,0,0,96.0011215209961,1,0,0,0,-135,0,0,0,0,0,0,2016
5305,0,147,1031,500,972,0,0,0,0,0,0,0,0,0,0,96.0011215209961,1,0,0,0,-135,0,0,0,0,0,0,2016
5306,0,148,1031,500,972,0,0,0,0,0,0,0,0,0,0,96.0011215209961,1,0,0,0,-135,0,0,0,0,0,0,2016
5307,0,149,1031,500,972,0,0,0,0,0,0,0,0,0,0,96.0011215209961,1,0,0,0,-135,0,0,0,0,0,0,2016
5308,0,150,1031,500,972,0,0,0,0,0,0,0,0,0,0,96.0011215209961,1,0,0,0,-135,0,0,0,0,0,0,2016
5309,0,151,1031,500,972,0,0,0,0,0,0,0,0,0,0,96.0011215209961,1,0,0,0,-135,0,0,0,0,0,0,2016
5310,0,152,1031,500,972,0,0,0,0,0,0,0,0,0,0,96.0011215209961,1,0,0,0,-135,0,0,0,0,0,0,2016
5311,0,153,1031,500,972,0,0,0,0,0,0,0,0,0,0,96.0011215209961,1,0,0,0,-135,0,0,0,0,0,0,2016
5312,0,154,1031,500,972,0,0,0,0,0,0,0,0,0,0,96.0011215209961,1,0,0,0,-135,0,0,0,0,0,0,2016
5313,0,155,1031,500,972,0,0,0,0,0,0,0,0,0,0,96.0011215209961,1,0,0,0,-135,0,0,0,0,0,0,2016
5314,0,156,1031,500,972,0,0,0,0,0,0,0,0,0,0,96.0011215209961,1,0,0,0,-135,0,0,0,0,0,0,2016
5315,0,157,1031,500,972,0,0,0,0,0,0,0,0,0,0,96.0011215209961,1,0,0,0,-135,0,0,0,0,0,0,2016
5316,0,158,1031,500,972,0,0,0,0,0,0,0,0,0,0,96.0011215209961,1,0,0,0,-135,0,0,0,0,0,0,2016
5317,0,159,1031,500,972,0,0,0,0,0,0,0,0,0,0,96.0011215209961,1,0,0,0,-135,0,0,0,0,0,0,2016
5318,0,160,1031,500,972,0,0,0,0,0,0,0,0,0,0,96.0011215209961,1,0,0,0,-135,0,0,0,0,0,0,2016
5319,0,161,1031,500,972,0,0,0,0,0,0,0,0,0,0,96.0011215209961,1,0,0,0,-135,0,0,0,0,0,0,2016
5320,0,162,1031,500,972,0,0,0,0,0,0,0,0,0,0,96.0011215209961,1,0,0,0,-135,0,0,0,0,0,0,2016
5321,0,163,1031,500,972,0,0,0,0,0,0,0,0,0,0,96.0011215209961,1,0,0,0,-135,0,0,0,0,0,0,2016
5322,0,164,1031,500,972,0,0,0,0,0,0,0,0,0,0,96.0011215209961,1,0,0,0,-135,0,0,0,0,0,0,2016
5323,0,165,1031,500,972,0,0,0,0,0,0,0,0,0,0,96.0011215209961,1,0,0,0,-135,0,0,0,0,0,0,2016
5324,0,166,1031,500,972,0,0,0,0,0,0,0,0,0,0,96.0011215209961,1,0,0,0,-135,0,0,0,0,0,0,2016
5325,0,167,1031,500,972,0,0,0,0,0,0,0,0,0,0,96.0011215209961,1,0,0,0,-135,0,0,0,0,0,0,2016
5326,0,168,1031,500,972,0,0,0,0,0,0,0,0,0,0,96.0011215209961,1,0,0,0,-135,0,0,0,0,0,0,2016
5327,0,169,1031,500,972,0,0,0,0,0,0,0,0,0,0,96.0011215209961,1,0,0,0,-135,0,0,0,0,0,0,2016
5328,0,170,1031,500,972,0,0,0,0,0,0,0,0,0,0,96.0011215209961,1,0,0,0,-135,0,0,0,0,0,0,2016
5329,0,171,1031,500,972,0,0,0,0,0,0,0,0,0,0,96.0011215209961,1,0,0,0,-135,0,0,0,0,0,0,2016
5330,0,172,1031,500,972,0,0,0,0,0,0,0,0,0,0,96.0011215209961,1,0,0,0,-135,0,0,0,0,0,0,2016
5331,0,173,1031,500,972,0,0,0,0,0,0,0,0,0,0,96.0011215209961,1,0,0,0,-135,0,0,0,0,0,0,2016
5332,0,174,1031,500,972,0,0,0,0,0,0,0,0,0,0,96.0011215209961,1,0,0,0,-135,0,0,0,0,0,0,2016
5333,0,175,1031,500,972,0,0,0,0,0,0,0,0,0,0,96.0011215209961,1,0,0,0,-135,0,0,0,0,0,0,2016
5334,0,176,1031,500,972,0,0,0,0,0,0,0,0,0,0,96.0011215209961,1,0,0,0,-135,0,0,0,0,0,0,2016
5335,0,177,1031,500,972,0,0,0,0,0,0,0,0,0,0,96.0011215209961,1,0,0,0,-135,0,0,0,0,0,0,2016
5336,0,178,1031,500,972,0,0,0,0,0,0,0,0,0,0,96.0011215209961,1,0,0,0,-135,0,0,0,0,0,0,2016
5337,0,179,1031,500,972,0,0,0,0,0,0,0,0,0,0,96.0011215209961,1,0,0,0,-135,0,0,0,0,0,0,2016
5338,0,180,1031,500,972,0,0,0,0,0,0,0,0,0,0,96.0011215209961,1,0,0,0,-135,0,0,0,0,0,0,2016
5339,0,181,1031,500,972,0,0,0,0,0,0,0,0,0,0,96.0011215209961,1,0,0,0,-135,0,0,0,0,0,0,2016
5340,0,182,1031,500,972,0,0,0,0,0,0,0,0,0,0,96.0011215209961,1,0,0,0,-135,0,0,0,0,0,0,2016
5341,0,183,1031,500,972,0,0,0,0,0,0,0,0,0,0,96.0011215209961,1,0,0,0,-135,0,0,0,0,0,0,2016
5342,0,184,1031,500,972,0,0,0,0,0,0,0,0,0,0,96.0011215209961,1,0,0,0,-135,0,0,0,0,0,0,2016
5343,0,185,1031,500,972,0,0,0,0,0,0,0,0,0,0,96.0011215209961,1,0,0,0,-135,0,0,0,0,0,0,2016
5344,0,186,1031,500,972,0,0,0,0,0,0,0,0,0,0,96.0011215209961,1,0,0,0,-135,0,0,0,0,0,0,2016
5345,0,187,1031,500,972,0,0,0,0,0,0,0,0,0,0,96.0011215209961,1,0,0,0,-135,0,0,0,0,0,0,2016
5346,0,188,1031,500,972,0,0,0,0,0,0,0,0,0,0,96.0011215209961,1,0,0,0,-135,0,0,0,0,0,0,2016
5347,0,189,1031,500,972,0,0,0,0,0,0,0,0,0,0,96.0011215209961,1,0,0,0,-135,0,0,0,0,0,0,2016
5348,0,190,1031,500,972,0,0,0,0,0,0,0,0,0,0,96.0011215209961,1,0,0,0,-135,0,0,0,0,0,0,2016
5349,0,191,1031,500,972,0,0,0,0,0,0,0,0,0,0,96.0011215209961,1,0,0,0,-135,0,0,0,0,0,0,2016
5350,0,192,1031,500,972,0,0,0,0,0,0,0,0,0,0,96.0011215209961,1,0,0,0,-135,0,0,0,0,0,0,2016
5351,0,193,1031,500,972,0,0,0,0,0,0,0,0,0,0,96.0011215209961,1,0,0,0,-135,0,0,0,0,0,0,2016
5352,0,194,1031,500,972,0,0,0,0,0,0,0,0,0,0,96.0011215209961,1,0,0,0,-135,0,0,0,0,0,0,2016
5353,0,195,1031,500,972,0,0,0,0,0,0,0,0,0,0,96.0011215209961,1,0,0,0,-135,0,0,0,0,0,0,2016
5354,0,196,1031,500,972,0,0,0,0,0,0,0,0,0,0,96.0011215209961,1,0,0,0,-135,0,0,0,0,0,0,2016
5355,0,197,1031,500,972,0,0,0,0,0,0,0,0,0,0,96.0011215209961,1,0,0,0,-135,0,0,0,0,0,0,2016
5356,0,198,1031,500,972,0,0,0,0,0,0,0,0,0,0,96.0011215209961,1,0,0,0,-135,0,0,0,0,0,0,2016
5357,0,199,1031,500,972,0,0,0,0,0,0,0,0,0,0,96.0011215209961,1,0,0,0,-135,0,0,0,0,0,0,2016
5358,0,200,1031,500,972,0,0,0,0,0,0,0,0,0,0,96.0011215209961,1,0,0,0,-135,0,0,0,0,0,0,2016
5359,0,201,1031,500,972,0,0,0,0,0,0,0,0,0,0,96.0011215209961,1,0,0,0,-135,0,0,0,0,0,0,2016
5360,0,202,1031,500,972,0,0,0,0,0,0,0,0,0,0,96.0011215209961,1,0,0,0,-135,0,0,0,0,0,0,2016
5361,0,203,1031,500,972,0,0,0,0,0,0,0,0,0,0,96.0011215209961,1,0,0,0,-135,0,0,0,0,0,0,2016
5362,0,204,1031,500,972,0,0,0,0,0,0,0,0,0,0,96.0011215209961,1,0,0,0,-135,0,0,0,0,0,0,2016
5363,0,205,1031,500,972,0,0,0,0,0,0,0,0,0,0,96.0011215209961,1,0,0,0,-135,0,0,0,0,0,0,2016
5364,0,206,1031,500,972,0,0,0,0,0,0,0,0,0,0,96.0011215209961,1,0,0,0,-135,0,0,0,0,0,0,2016
5365,0,207,1031,500,972,0,0,0,0,0,0,0,0,0,0,96.0011215209961,1,0,0,0,-135,0,0,0,0,0,0,2016
5366,0,208,1031,500,972,0,0,0,0,0,0,0,0,0,0,96.0011215209961,1,0,0,0,-135,0,0,0,0,0,0,2016
5367,0,209,1031,500,972,0,0,0,0,0,0,0,0,0,0,96.0011215209961,1,0,0,0,-135,0,0,0,0,0,0,2016
5368,0,210,1031,500,972,0,0,0,0,0,0,0,0,0,0,96.0011215209961,1,0,0,0,-135,0,0,0,0,0,0,2016
5369,0,211,1031,500,972,0,0,0,0,0,0,0,0,0,0,96.0011215209961,1,0,0,0,-135,0,0,0,0,0,0,2016
5370,0,212,1031,500,972,0,0,0,0,0,0,0,0,0,0,96.0011215209961,1,0,0,0,-135,0,0,0,0,0,0,2016
5371,0,213,1031,500,972,0,0,0,0,0,0,0,0,0,0,96.0011215209961,1,0,0,0,-135,0,0,0,0,0,0,2016
5372,0,214,1031,500,972,0,0,0,0,0,0,0,0,0,0,96.0011215209961,1,0,0,0,-135,0,0,0,0,0,0,2016
5373,0,215,1031,500,972,0,0,0,0,0,0,0,0,0,0,96.0011215209961,1,0,0,0,-135,0,0,0,0,0,0,2016
5374,0,216,1031,500,972,0,0,0,0,0,0,0,0,0,0,96.0011215209961,1,0,0,0,-135,0,0,0,0,0,0,2016
5375,0,217,1031,500,972,0,0,0,0,0,0,0,0,0,0,96.0011215209961,1,0,0,0,-135,0,0,0,0,0,0,2016
5376,0,218,1031,500,972,0,0,0,0,0,0,0,0,0,0,96.0011215209961,1,0,0,0,-135,0,0,0,0,0,0,2016
5377,0,219,1031,500,972,0,0,0,0,0,0,0,0,0,0,96.0011215209961,1,0,0,0,-135,0,0,0,0,0,0,2016
5378,0,220,1031,500,972,0,0,0,0,0,0,0,0,0,0,96.0011215209961,1,0,0,0,-135,0,0,0,0,0,0,2016
5379,0,221,1031,500,972,0,0,0,0,0,0,0,0,0,0,96.0011215209961,1,0,0,0,-135,0,0,0,0,0,0,2016
5380,0,222,1031,500,972,0,0,0,0,0,0,0,0,0,0,96.0011215209961,1,0,0,0,-135,0,0,0,0,0,0,2016
5381,0,223,1031,500,972,0,0,0,0,0,0,0,0,0,0,96.0011215209961,1,0,0,0,-135,0,0,0,0,0,0,2016
5382,0,224,1031,500,972,0,0,0,0,0,0,0,0,0,0,96.0011215209961,1,0,0,0,-135,0,0,0,0,0,0,2016
5383,0,225,1031,500,972,0,0,0,0,0,0,0,0,0,0,96.0011215209961,1,0,0,0,-135,0,0,0,0,0,0,2016
5384,0,226,1031,500,972,0,0,0,0,0,0,0,0,0,0,96.0011215209961,1,0,0,0,-135,0,0,0,0,0,0,2016
5385,0,227,1031,500,972,0,0,0,0,0,0,0,0,0,0,96.0011215209961,1,0,0,0,-135,0,0,0,0,0,0,2016
5386,0,228,1031,500,972,0,0,0,0,0,0,0,0,0,0,96.0011215209961,1,0,0,0,-135,0,0,0,0,0,0,2016
5387,0,229,1031,500,972,0,0,0,0,0,0,0,0,0,0,96.0011215209961,1,0,0,0,-135,0,0,0,0,0,0,2016
5388,0,230,1031,500,972,0,0,0,0,0,0,0,0,0,0,96.0011215209961,1,0,0,0,-135,0,0,0,0,0,0,2016
5389,0,231,1031,500,972,0,0,0,0,0,0,0,0,0,0,96.0011215209961,1,0,0,0,-135,0,0,0,0,0,0,2016
5390,0,232,1031,500,972,0,0,0,0,0,0,0,0,0,0,96.0011215209961,1,0,0,0,-135,0,0,0,0,0,0,2016
5391,0,233,1031,500,972,0,0,0,0,0,0,0,0,0,0,96.0011215209961,1,0,0,0,-135,0,0,0,0,0,0,2016
5392,0,234,1031,500,972,0,0,0,0,0,0,0,0,0,0,96.0011215209961,1,0,0,0,-135,0,0,0,0,0,0,2016
5393,0,235,1031,500,972,0,0,0,0,0,0,0,0,0,0,96.0011215209961,1,0,0,0,-135,0,0,0,0,0,0,2016
5394,0,236,1031,500,972,0,0,0,0,0,0,0,0,0,0,96.0011215209961,1,0,0,0,-135,0,0,0,0,0,0,2016
5395,0,237,1031,500,972,0,0,0,0,0,0,0,0,0,0,96.0011215209961,1,0,0,0,-135,0,0,0,0,0,0,2016
5396,0,238,1031,500,972,0,0,0,0,0,0,0,0,0,0,96.0011215209961,1,0,0,0,-135,0,0,0,0,0,0,2016
5397,0,239,1031,500,972,0,0,0,0,0,0,0,0,0,0,96.0011215209961,1,0,0,0,-135,0,0,0,0,0,0,2016
5398,0,240,1031,500,972,0,0,0,0,0,0,0,0,0,0,96.0011215209961,1,0,0,0,-135,0,0,0,0,0,0,2016
5399,0,241,1031,500,972,0,0,0,0,0,0,0,0,0,0,96.0011215209961,1,0,0,0,-135,0,0,0,0,0,0,2016
5400,0,242,1031,500,972,0,0,0,0,0,0,0,0,0,0,96.0011215209961,1,0,0,0,-135,0,0,0,0,0,0,2016
5401,0,243,1031,500,972,0,0,0,0,0,0,0,0,0,0,96.0011215209961,1,0,0,0,-135,0,0,0,0,0,0,2016
5402,0,244,1031,500,972,0,0,0,0,0,0,0,0,0,0,96.0011215209961,1,0,0,0,-135,0,0,0,0,0,0,2016
5403,0,245,1031,500,972,0,0,0,0,0,0,0,0,0,0,96.0011215209961,1,0,0,0,-135,0,0,0,0,0,0,2016
5404,0,246,1031,500,972,0,0,0,0,0,0,0,0,0,0,96.0011215209961,1,0,0,0,-135,0,0,0,0,0,0,2016
5405,0,247,1031,500,972,0,0,0,0,0,0,0,0,0,0,96.0011215209961,1,0,0,0,-135,0,0,0,0,0,0,2016
5406,0,248,1031,500,972,0,0,0,0,0,0,0,0,0,0,96.0011215209961,1,0,0,0,-135,0,0,0,0,0,0,2016
5407,0,249,1031,500,972,0,0,0,0,0,0,0,0,0,0,96.0011215209961,1,0,0,0,-135,0,0,0,0,0,0,2016
5408,0,250,1031,500,972,0,0,0,0,0,0,0,0,0,0,96.0011215209961,1,0,0,0,-135,0,0,0,0,0,0,2016
5409,0,251,1031,500,972,0,0,0,0,0,0,0,0,0,0,96.0011215209961,1,0,0,0,-135,0,0,0,0,0,0,2016
5410,0,1,3000,500,1000,0,240,0,0,0,0,0,0,0,0,110,1,0,0,0,-135,0,0,0,0,0,0,1000
5411,0,2,3000,500,1000,0,239,0,0,0,0,0,0,0,0,110,1,0,0,0,-135,0,0,0,0,0,0,1000
5412,0,3,3000,500,1000,0,238,0,0,0,0,0,0,0,0,110,1,0,0,0,-135,0,0,0,0,0,0,1000
5413,0,4,3000,500,1000,0,237,0,0,0,0,0,0,0,0,110,1,0,0,0,-135,0,0,0,0,0,0,1000
5414,0,5,3000,500,1000,0,236,0,0,0,0,0,0,0,0,110,1,0,0,0,-135,0,0,0,0,0,0,1000
5415,0,6,3000,500,1000,0,235,0,0,0,0,0,0,0,0,110,1,0,0,0,-135,0,0,0,0,0,0,1000
5416,0,7,3000,500,1000,0,234,0,0,0,0,0,0,0,0,110,1,0,0,0,-135,0,0,0,0,0,0,1000
5417,0,8,3000,500,1000,0,233,0,0,0,0,0,0,0,0,110,1,0,0,0,-135,0,0,0,0,0,0,1000
5418,0,9,3000,500,1000,0,232,0,0,0,0,0,0,0,0,110,1,0,0,0,-135,0,0,0,0,0,0,1000
5419,10,1,3000,500,1000,0,231,0,0,0,0,0,0,0,0,110,1,0,0,0,-135,0,0,0,0,0,0,1000
5420,10,2,3000,500,1000,0,230,0,0,0,0,0,0,0,0,110,1,0,0,0,-135,0,0,0,0,0,0,1000
5421,10,3,3000,500,1000,0,229,0,0,0,0,0,0,0,0,110,1,0,0,0,-135,0,0,0,0,0,0,1000
5422,10,4,3000,500,1000,0,228,0,0,0,0,0,0,0,0,110,1,0,0,0,-135,0,0,0,0,0,0,1000
5423,10,5,3000,500,1000,0,227,0,0,0,0,0,0,0,0,110,1,0,0,0,-135,0,0,0,0,0,0,1000
5424,10,6,3000,500,1000,0,226,0,0,0,0,0,0,0,0,110,1,0,0,0,-135,0,0,0,0,0,0,1000
5425,1000,1,3000,500,1000,0,225,0,0,0,0,0,0,0,0,110,1,0,0,0,-135,0,0,0,0,0,0,1000
5426,1000,2,3000,500,1000,0,224,0,0,0,0,0,0,0,0,110,1,0,0,0,-135,0,0,0,0,0,0,1000
5427,1000,3,3000,500,1000,0,223,0,0,0,0,0,0,0,0,110,1,0,0,0,-135,0,0,0,0,0,0,1000
5428,1000,4,3000,500,1000,0,222,0,0,0,0,0,0,0,0,110,1,0,0,0,-135,0,0,0,0,0,0,1000
5429,1000,5,3000,500,1000,0,221,0,0,0,0,0,0,0,0,110,1,0,0,0,-135,0,0,0,0,0,0,1000
5430,1000,6,3000,500,1000,0,220,0,0,0,0,0,0,0,0,110,1,0,0,0,-135,0,0,0,0,0,0,1000
5431,1000,7,3000,500,1000,0,219,0,0,0,0,0,0,0,0,110,1,0,0,0,-135,0,0,0,0,0,0,1000
5432,1000,8,3000,500,1000,0,218,0,0,0,0,0,0,0,0,110,1,0,0,0,-135,0,0,0,0,0,0,1000
5433,1000,9,3000,500,1000,0,217,0,0,0,0,0,0,0,0,110,1,0,0,0,-135,0,0,0,0,0,0,1000
5434,1000,10,3000,500,1000,0,216,0,0,0,0,0,0,0,0,110,1,0,0,0,-135,0,0,0,0,0,0,1000
5435,1000,11,3000,500,1000,0,215,0,0,0,0,0,0,0,0,110,1,0,0,0,-135,0,0,0,0,0,0,1000
5436,1000,11,4030,500,974,0,214,0,0,0,0,0,0,0,0,110,1,0,0,0,-135,0,0,0,0,0,0,2018
5437,1000,11,4030,500,974,0,213,0,0,0,0,0,0,0,0,110,1,0,0,0,-135,0,0,0,0,0,0,2018
5438,1000,11,4030,500,974,0,212,0,0,0,0,0,0,0,0,110,1,0,0,0,-135,0,0,0,0,0,0,2018
5439,1000,11,4030,500,974,0,211,0,0,0,0,0,0,0,0,110,1,0,0,0,-135,0,0,0,0,0,0,2018
5440,1000,11,4030,500,974,0,210,0,0,0,0,0,0,0,0,110,1,0,0,0,-135,0,0,0,0,0,0,2018
5441,1000,11,4030,500,974,0,209,0,0,0,0,0,0,0,0,110,1,0,0,0,-135,0,0,0,0,0,0,2018
5442,1000,12,4030,500,974,0,208,0,0,0,0,0,0,0,0,109.3499984741211,1,0,0,0,-135,0,0,0,0,0,0,2018
5443,1000,13,4030,500,974,0,207,0,0,0,0,0,0,0,0,109.3499984741211,1,0,0,0,-135,0,0,0,0,0,0,2018
5444,1000,14,4030,500,974,0,206,0,0,0,0,0,0,0,0,109.3499984741211,1,0,0,0,-135,0,0,0,0,0,0,2018
5445,1000,15,4030,500,974,0,205,0,0,0,0,0,0,0,0,109.3499984741211,1,0,0,0,-135,0,0,0,0,0,0,2018
5446,1000,16,4030,500,974,0,204,0,0,0,0,0,0,0,0,109.3499984741211,1,0,0,0,-135,0,0,0,0,0,0,2018
5447,1000,17,4030,500,974,0,203,0,0,0,0,0,0,0,0,109.3499984741211,1,0,0,0,-135,0,0,0,0,0,0,2018
5448,1000,18,4030,500,974,0,202,0,0,0,0,0,0,0,0,109.3499984741211,1,0,0,0,-135,0,0,0,0,0,0,2018
5449,1000,19,4030,500,974,0,201,0,0,0,0,0,0,0,0,109.3499984741211,1,0,0,0,-135,0,0,0,0,0,0,2018
5450,1000,20,4030,500,974,0,200,0,0,0,0,0,0,0,0,109.3499984741211,1,0,0,0,-135,0,0,0,0,0,0,2018
5451,1000,21,4030,500,974,0,199,0,0,0,0,0,0,0,0,109.3499984741211,1,0,0,0,-135,0,0,0,0,0,0,2018
5452,1000,21,5000,500,948,0,198,0,0,0,0,0,0,0,0,109.3499984741211,1,0,0,0,-135,0,0,0,0,0,0,3036
5453,1000,21,5000,500,948,0,197,0,0,0,0,0,0,0,0,109.3499984741211,1,0,0,0,-135,0,0,0,0,0,0,3036
5454,1000,21,5000,500,948,0,196,0,0,0,0,0,0,0,0,109.3499984741211,1,0,0,0,-135,0,0,0,0,0,0,3036
5455,1000,21,5000,500,948,0,195,0,0,0,0,0,0,0,0,109.3499984741211,1,0,0,0,-135,0,0,0,0,0,0,3036
5456,1000,21,5000,500,948,0,194,0,0,0,0,0,0,0,0,109.3499984741211,1,0,0,0,-135,0,0,0,0,0,0,3036
5457,1000,21,5000,500,948,0,193,0,0,0,0,0,0,0,0,109.3499984741211,1,0,0,0,-135,0,0,0,0,0,0,3036
5458,1000,22,5000,500,948,0,192,0,0,0,0,0,0,0,0,108.69999694824219,1,0,0,0,-135,0,0,0,0,0,0,3036
5459,1000,23,5000,500,948,0,191,0,0,0,0,0,0,0,0,108.69999694824219,1,0,0,0,-135,0,0,0,0,0,0,3036
5460,1000,24,5000,500,948,0,190,0,0,0,0,0,0,0,0,108.69999694824219,1,0,0,0,-135,0,0,0,0,0,0,3036
5461,1000,25,5000,500,948,0,189,0,0,0,0,0,0,0,0,108.69999694824219,1,0,0,0,-135,0,0,0,0,0,0,3036
5462,1000,26,5000,500,948,0,188,0,0,0,0,0,0,0,0,108.69999694824219,1,0,0,0,-135,0,0,0,0,0,0,3036
5463,1000,27,5000,500,948,0,187,0,0,0,0,0,0,0,0,108.69999694824219,1,0,0,0,-135,0,0,0,0,0,0,3036
5464,1000,28,5000,500,948,0,186,0,0,0,0,0,0,0,0,108.69999694824219,1,0,0,0,-135,0,0,0,0,0,0,3036
5465,1000,29,5000,500,948,0,185,0,0,0,0,0,0,0,0,108.69999694824219,1,0,0,0,-135,0,0,0,0,0,0,3036
5466,1000,30,5000,500,948,0,184,0,0,0,0,0,0,0,0,108.69999694824219,1,0,0,0,-135,0,0,0,0,0,0,3036
5467,0,1,5000,500,948,0,183,0,0,0,0,0,0,0,0,108.69999694824219,1,0,0,0,-135,0,0,0,0,0,0,3036
5468,0,2,5000,500,948,0,182,0,0,0,0,0,0,0,0,108.69999694824219,1,0,0,0,-135,0,0,0,0,0,0,3036
5469,0,3,5000,500,948,0,181,0,0,0,0,0,0,0,0,108.69999694824219,1,0,0,0,-135,0,0,0,0,0,0,3036
5470,0,4,5000,500,948,0,180,0,0,0,0,0,0,0,0,108.69999694824219,1,0,0,0,-135,0,0,0,0,0,0,3036
5471,0,5,5000,500,948,0,179,0,0,0,0,0,0,0,0,108.69999694824219,1,0,0,0,-135,0,0,0,0,0,0,3036
5472,0,6,5000,500,948,0,178,0,0,0,0,0,0,0,0,108.69999694824219,1,0,0,0,-135,0,0,0,0,0,0,3036
5473,0,7,5000,500,948,0,177,0,0,0,0,0,0,0,0,108.69999694824219,1,0,0,0,-135,0,0,0,0,0,0,3036
5474,0,8,5000,500,948,0,176,0,0,0,0,0,0,0,0,108.69999694824219,1,0,0,0,-135,0,0,0,0,0,0,3036
5475,0,9,5000,500,948,0,175,0,0,0,0,0,0,0,0,108.69999694824219,1,0,0,0,-135,0,0,0,0,0,0,3036
5476,0,10,5000,500,948,0,174,0,0,0,0,0,0,0,0,108.69999694824219,1,0,0,0,-135,0,0,0,0,0,0,3036
5477,0,11,5000,500,948,0,173,0,0,0,0,0,0,0,0,108.69999694824219,1,0,0,0,-135,0,0,0,0,0,0,3036
5478,0,12,5000,500,948,0,172,0,0,0,0,0,0,0,0,108.69999694824219,1,0,0,0,-135,0,0,0,0,0,0,3036
5479,0,13,5000,500,948,0,171,0,0,0,0,0,0,0,0,108.69999694824219,1,0,0,0,-135,0,0,0,0,0,0,3036
5480,0,14,5000,500,948,0,170,0,0,0,0,0,0,0,0,108.69999694824219,1,0,0,0,-135,0,0,0,0,0,0,3036
5481,0,15,5000,500,948,0,169,0,0,0,0,0,0,0,0,108.69999694824219,1,0,0,0,-135,0,0,0,0,0,0,3036
5482,0,16,5000,500,948,0,168,0,0,0,0,0,0,0,0,108.69999694824219,1,0,0,0,-135,0,0,0,0,0,0,3036
5483,0,17,5000,500,948,0,167,0,0,0,0,0,0,0,0,108.69999694824219,1,0,0,0,-135,0,0,0,0,0,0,3036
5484,0,18,5000,500,948,0,166,0,0,0,0,0,0,0,0,108.69999694824219,1,0,0,0,-135,0,0,0,0,0,0,3036
5485,0,19,5000,500,948,0,165,0,0,0,0,0,0,0,0,108.69999694824219,1,0,0,0,-135,0,0,0,0,0,0,3036
5486,0,20,5000,500,948,0,164,0,0,0,0,0,0,0,0,108.69999694824219,1,0,0,0,-135,0,0,0,0,0,0,3036
5487,0,21,5000,500,948,0,163,0,0,0,0,0,0,0,0,108.69999694824219,1,0,0,0,-135,0,0,0,0,0,0,3036
5488,0,22,5000,500,948,0,162,0,0,0,0,0,0,0,0,108.69999694824219,1,0,0,0,-135,0,0,0,0,0,0,3036
5489,0,23,5000,500,948,0,161,0,0,0,0,0,0,0,0,108.69999694824219,1,0,0,0,-135,0,0,0,0,0,0,3036
5490,0,24,5000,500,948,0,160,0,0,0,0,0,0,0,0,108.69999694824219,1,0,0,0,-135,0,0,0,0,0,0,3036
5491,0,25,5000,500,948,0,159,0,0,0,0,0,0,0,0,108.69999694824219,1,0,0,0,-135,0,0,0,0,0,0,3036
5492,0,26,5000,500,948,0,158,0,0,0,0,0,0,0,0,108.69999694824219,1,0,0,0,-135,0,0,0,0,0,0,3036
5493,0,27,5000,500,948,0,157,0,0,0,0,0,0,0,0,108.69999694824219,1,0,0,0,-135,0,0,0,0,0,0,3036
5494,0,28,5000,500,948,0,156,0,0,0,0,0,0,0,0,108.69999694824219,1,0,0,0,-135,0,0,0,0,0,0,3036
5495,0,29,5000,500,948,0,155,0,0,0,0,0,0,0,0,108.69999694824219,1,0,0,0,-135,0,0,0,0,0,0,3036
5496,0,30,5000,500,948,0,154,0,0,0,0,0,0,0,0,108.69999694824219,1,0,0,0,-135,0,0,0,0,0,0,3036
5497,0,31,5000,500,948,0,153,0,0,0,0,0,0,0,0,108.69999694824219,1,0,0,0,-135,0,0,0,0,0,0,3036
5498,0,32,5000,500,948,0,152,0,0,0,0,0,0,0,0,108.69999694824219,1,0,0,0,-135,0,0,0,0,0,0,3036
5499,0,33,5000,500,948,0,151,0,0,0,0,0,0,0,0,108.69999694824219,1,0,0,0,-135,0,0,0,0,0,0,3036
5500,0,34,5000,500,948,0,150,0,0,0,0,0,0,0,0,108.69999694824219,1,0,0,0,-135,0,0,0,0,0,0,3036
5501,0,35,5000,500,948,0,149,0,0,0,0,0,0,0,0,108.69999694824219,1,0,0,0,-135,0,0,0,0,0,0,3036
5502,0,36,5000,500,948,0,148,0,0,0,0,0,0,0,0,108.69999694824219,1,0,0,0,-135,0,0,0,0,0,0,3036
5503,0,37,5000,500,948,0,147,0,0,0,0,0,0,0,0,108.69999694824219,1,0,0,0,-135,0,0,0,0,0,0,3036
5504,0,38,5000,500,948,0,146,0,0,0,0,0,0,0,0,108.69999694824219,1,0,0,0,-135,0,0,0,0,0,0,3036
5505,0,39,5000,500,948,0,145,0,0,0,0,0,0,0,0,108.69999694824219,1,0,0,0,-135,0,0,0,0,0,0,3036
5506,0,40,5000,500,948,0,144,0,0,0,0,0,0,0,0,108.69999694824219,1,0,0,0,-135,0,0,0,0,0,0,3036
5507,0,41,5000,500,948,0,143,0,0,0,0,0,0,0,0,108.69999694824219,1,0,0,0,-135,0,0,0,0,0,0,3036
5508,0,42,5000,500,948,0,142,0,0,0,0,0,0,0,0,108.69999694824219,1,0,0,0,-135,0,0,0,0,0,0,3036
5509,0,43,5000,500,948,0,141,0,0,0,0,0,0,0,0,108.69999694824219,1,0,0,0,-135,0,0,0,0,0,0,3036
5510,0,44,5000,500,948,0,140,0,0,0,0,0,0,0,0,108.69999694824219,1,0,0,0,-135,0,0,0,0,0,0,3036
5511,0,45,5000,500,948,0,139,0,0,0,0,0,0,0,0,108.69999694824219,1,0,0,0,-135,0,0,0,0,0,0,3036
5512,0,46,5000,500,948,0,138,0,0,0,0,0,0,0,0,108.69999694824219,1,0,0,0,-135,0,0,0,0,0,0,3036
5513,0,47,5000,500,948,0,137,0,0,0,0,0,0,0,0,108.69999694824219,1,0,0,0,-135,0,0,0,0,0,0,3036
5514,0,48,5000,500,948,0,136,0,0,0,0,0,0,0,0,108.69999694824219,1,0,0,0,-135,0,0,0,0,0,0,3036
5515,0,49,5000,500,948,0,135,0,0,0,0,0,0,0,0,108.69999694824219,1,0,0,0,-135,0,0,0,0,0,0,3036
5516,0,50,5000,500,948,0,134,0,0,0,0,0,0,0,0,108.69999694824219,1,0,0,0,-135,0,0,0,0,0,0,3036
5517,0,51,5000,500,948,0,133,0,0,0,0,0,0,0,0,108.69999694824219,1,0,0,0,-135,0,0,0,0,0,0,3036
5518,0,52,5000,500,948,0,132,0,0,0,0,0,0,0,0,108.69999694824219,1,0,0,0,-135,0,0,0,0,0,0,3036
5519,0,53,5000,500,948,0,131,0,0,0,0,0,0,0,0,108.69999694824219,1,0,0,0,-135,0,0,0,0,0,0,3036
5520,0,54,5000,500,948,0,130,0,0,0,0,0,0,0,0,108.69999694824219,1,0,0,0,-135,0,0,0,0,0,0,3036
5521,0,55,5000,500,948,0,129,0,0,0,0,0,0,0,0,108.69999694824219,1,0,0,0,-135,0,0,0,0,0,0,3036
5522,0,56,5000,500,948,0,128,0,0,0,0,0,0,0,0,108.69999694824219,1,0,0,0,-135,0,0,0,0,0,0,3036
5523,0,57,5000,500,948,0,127,0,0,0,0,0,0,0,0,108.69999694824219,1,0,0,0,-135,0,0,0,0,0,0,3036
5524,0,58,5000,500,948,0,126,0,0,0,0,0,0,0,0,108.69999694824219,1,0,0,0,-135,0,0,0,0,0,0,3036
5525,0,59,5000,500,948,0,125,0,0,0,0,0,0,0,0,108.69999694824219,1,0,0,0,-135,0,0,0,0,0,0,3036
5526,0,60,5000,500,948,0,124,0,0,0,0,0,0,0,0,108.69999694824219,1,0,0,0,-135,0,0,0,0,0,0,3036
5527,0,61,5000,500,948,0,123,0,0,0,0,0,0,0,0,108.69999694824219,1,0,0,0,-135,0,0,0,0,0,0,3036
5528,0,62,5000,500,948,0,122,0,0,0,0,0,0,0,0,108.69999694824219,1,0,0,0,-135,0,0,0,0,0,0,3036
5529,0,63,5000,500,948,0,121,0,0,0,0,0,0,0,0,108.69999694824219,1,0,0,0,-135,0,0,0,0,0,0,3036
5530,0,64,5000,500,948,0,120,0,0,0,0,0,0,0,0,108.69999694824219,1,0,0,0,-135,0,0,0,0,0,0,3036
5531,0,65,5000,500,948,0,119,0,0,0,0,0,0,0,0,108.69999694824219,1,0,0,0,-135,0,0,0,0,0,0,3036
5532,0,66,5000,500,948,0,118,0,0,0,0,0,0,0,0,108.69999694824219,1,0,0,0,-135,0,0,0,0,0,0,3036
5533,0,67,5000,500,948,0,117,0,0,0,0,0,0,0,0,108.69999694824219,1,0,0,0,-135,0,0,0,0,0,0,3036
5534,0,68,5000,500,948,0,116,0,0,0,0,0,0,0,0,108.69999694824219,1,0,0,0,-135,0,0,0,0,0,0,3036
5535,0,69,5000,500,948,0,115,0,0,0,0,0,0,0,0,108.69999694824219,1,0,0,0,-135,0,0,0,0,0,0,3036
5536,0,70,5000,500,948,0,114,0,0,0,0,0,0,0,0,108.69999694824219,1,0,0,0,-135,0,0,0,0,0,0,3036
5537,0,71,5000,500,948,0,113,0,0,0,0,0,0,0,0,108.69999694824219,1,0,0,0,-135,0,0,0,0,0,0,3036
5538,0,72,5000,500,948,0,112,0,0,0,0,0,0,0,0,108.69999694824219,1,0,0,0,-135,0,0,0,0,0,0,3036
5539,0,73,5000,500,948,0,111,0,0,0,0,0,0,0,0,108.69999694824219,1,0,0,0,-135,0,0,0,0,0,0,3036
5540,0,74,5000,500,948,0,110,0,0,0,0,0,0,0,0,108.69999694824219,1,0,0,0,-135,0,0,0,0,0,0,3036
5541,0,75,5000,500,948,0,109,0,0,0,0,0,0,0,0,108.69999694824219,1,0,0,0,-135,0,0,0,0,0,0,3036
5542,0,76,5000,500,948,0,108,0,0,0,0,0,0,0,0,108.69999694824219,1,0,0,0,-135,0,0,0,0,0,0,3036
5543,0,77,5000,500,948,0,107,0,0,0,0,0,0,0,0,108.69999694824219,1,0,0,0,-135,0,0,0,0,0,0,3036
5544,0,78,5000,500,948,0,106,0,0,0,0,0,0,0,0,108.69999694824219,1,0,0,0,-135,0,0,0,0,0,0,3036
5545,0,79,5000,500,948,0,105,0,0,0,0,0,0,0,0,108.69999694824219,1,0,0,0,-135,0,0,0,0,0,0,3036
5546,0,80,5000,500,948,0,104,0,0,0,0,0,0,0,0,108.69999694824219,1,0,0,0,-135,0,0,0,0,0,0,3036
5547,0,81,5000,500,948,0,103,0,0,0,0,0,0,0,0,108.69999694824219,1,0,0,0,-135,0,0,0,0,0,0,3036
5548,0,82,5000,500,948,0,102,0,0,0,0,0,0,0,0,108.69999694824219,1,0,0,0,-135,0,0,0,0,0,0,3036
5549,0,83,5000,500,948,0,101,0,0,0,0,0,0,0,0,108.69999694824219,1,0,0,0,-135,0,0,0,0,0,0,3036
5550,0,84,5000,500,948,0,100,0,0,0,0,0,0,0,0,108.69999694824219,1,0,0,0,-135,0,0,0,0,0,0,3036
5551,0,85,5000,500,948,0,99,0,0,0,0,0,0,0,0,108.69999694824219,1,0,0,0,-135,0,0,0,0,0,0,3036
5552,0,86,5000,500,948,0,98,0,0,0,0,0,0,0,0,108.69999694824219,1,0,0,0,-135,0,0,0,0,0,0,3036
5553,0,87,5000,500,948,0,97,0,0,0,0,0,0,0,0,108.69999694824219,1,0,0,0,-135,0,0,0,0,0,0,3036
5554,0,88,5000,500,948,0,96,0,0,0,0,0,0,0,0,108.69999694824219,1,0,0,0,-135,0,0,0,0,0,0,3036
5555,0,89,5000,500,948,0,95,0,0,0,0,0,0,0,0,108.69999694824219,1,0,0,0,-135,0,0,0,0,0,0,3036
5556,0,90,5000,500,948,0,94,0,0,0,0,0,0,0,0,108.69999694824219,1,0,0,0,-135,0,0,0,0,0,0,3036
5557,0,91,5000,500,948,0,93,0,0,0,0,0,0,0,0,108.69999694824219,1,0,0,0,-135,0,0,0,0,0,0,3036
5558,0,92,5000,500,948,0,92,0,0,0,0,0,0,0,0,108.69999694824219,1,0,0,0,-135,0,0,0,0,0,0,3036
5559,0,93,5000,500,948,0,91,0,0,0,0,0,0,0,0,108.69999694824219,1,0,0,0,-135,0,0,0,0,0,0,3036
5560,0,94,5000,500,948,0,90,0,0,0,0,0,0,0,0,108.69999694824219,1,0,0,0,-135,0,0,0,0,0,0,3036
5561,0,95,5000,500,948,0,89,0,0,0,0,0,0,0,0,108.69999694824219,1,0,0,0,-135,0,0,0,0,0,0,3036
5562,0,96,5000,500,948,0,88,0,0,0,0,0,0,0,0,108.69999694824219,1,0,0,0,-135,0,0,0,0,0,0,3036
5563,0,97,5000,500,948,0,87,0,0,0,0,0,0,0,0,108.69999694824219,1,0,0,0,-135,0,0,0,0,0,0,3036
5564,0,98,5000,500,948,0,86,0,0,0,0,0,0,0,0,108.69999694824219,1,0,0,0,-135,0,0,0,0,0,0,3036
5565,0,99,5000,500,948,0,85,0,0,0,0,0,0,0,0,108.69999694824219,1,0,0,0,-135,0,0,0,0,0,0,3036
5566,0,100,5000,500,948,0,84,0,0,0,0,0,0,0,0,108.69999694824219,1,0,0,0,-135,0,0,0,0,0,0,3036
5567,0,101,5000,500,948,0,83,0,0,0,0,0,0,0,0,108.69999694824219,1,0,0,0,-135,0,0,0,0,0,0,3036
5568,0,102,5000,500,948,0,82,0,0,0,0,0,0,0,0,108.69999694824219,1,0,0,0,-135,0,0,0,0,0,0,3036
5569,0,103,5000,500,948,0,81,0,0,0,0,0,0,0,0,108.69999694824219,1,0,0,0,-135,0,0,0,0,0,0,3036
5570,0,104,5000,500,948,0,80,0,0,0,0,0,0,0,0,108.69999694824219,1,0,0,0,-135,0,0,0,0,0,0,3036
5571,0,105,5000,500,948,0,79,0,0,0,0,0,0,0,0,108.69999694824219,1,0,0,0,-135,0,0,0,0,0,0,3036
5572,0,106,5000,500,948,0,78,0,0,0,0,0,0,0,0,108.69999694824219,1,0,0,0,-135,0,0,0,0,0,0,3036
5573,0,107,5000,500,948,0,77,0,0,0,0,0,0,0,0,108.69999694824219,1,0,0,0,-135,0,0,0,0,0,0,3036
5574,0,108,5000,500,948,0,76,0,0,0,0,0,0,0,0,108.69999694824219,1,0,0,0,-135,0,0,0,0,0,0,3036
5575,0,109,5000,500,948,0,75,0,0,0,0,0,0,0,0,108.69999694824219,1,0,0,0,-135,0,0,0,0,0,0,3036
5576,0,110,5000,500,948,0,74,0,0,0,0,0,0,0,0,108.69999694824219,1,0,0,0,-135,0,0,0,0,0,0,3036
5577,0,111,5000,500,948,0,73,0,0,0,0,0,0,0,0,108.69999694824219,1,0,0,0,-135,0,0,0,0,0,0,3036
5578,0,112,5000,500,948,0,72,0,0,0,0,0,0,0,0,108.69999694824219,1,0,0,0,-135,0,0,0,0,0,0,3036
5579,0,113,5000,500,948,0,71,0,0,0,0,0,0,0,0,108.69999694824219,1,0,0,0,-135,0,0,0,0,0,0,3036
5580,0,114,5000,500,948,0,70,0,0,0,0,0,0,0,0,108.69999694824219,1,0,0,0,-135,0,0,0,0,0,0,3036
5581,0,115,5000,500,948,0,69,0,0,0,0,0,0,0,0,108.69999694824219,1,0,0,0,-135,0,0,0,0,0,0,3036
5582,0,116,5000,500,948,0,68,0,0,0,0,0,0,0,0,108.69999694824219,1,0,0,0,-135,0,0,0,0,0,0,3036
5583,0,117,5000,500,948,0,67,0,0,0,0,0,0,0,0,108.69999694824219,1,0,0,0,-135,0,0,0,0,0,0,3036
5584,0,118,5000,500,948,0,66,0,0,0,0,0,0,0,0,108.69999694824219,1,0,0,0,-135,0,0,0,0,0,0,3036
5585,0,119,5000,500,948,0,65,0,0,0,0,0,0,0,0,108.69999694824219,1,0,0,0,-135,0,0,0,0,0,0,3036
5586,0,120,5000,500,948,0,64,0,0,0,0,0,0,0,0,108.69999694824219,1,0,0,0,-135,0,0,0,0,0,0,3036
5587,0,121,5000,500,948,0,63,0,0,0,0,0,0,0,0,108.69999694824219,1,0,0,0,-135,0,0,0,0,0,0,3036
5588,0,122,5000,500,948,0,62,0,0,0,0,0,0,0,0,108.69999694824219,1,0,0,0,-135,0,0,0,0,0,0,3036
5589,0,123,5000,500,948,0,61,0,0,0,0,0,0,0,0,108.69999694824219,1,0,0,0,-135,0,0,0,0,0,0,3036
5590,0,124,5000,500,948,0,60,0,0,0,0,0,0,0,0,108.69999694824219,1,0,0,0,-135,0,0,0,0,0,0,3036
5591,0,125,5000,500,948,0,59,0,0,0,0,0,0,0,0,108.69999694824219,1,0,0,0,-135,0,0,0,0,0,0,3036
5592,0,126,5000,500,948,0,58,0,0,0,0,0,0,0,0,108.69999694824219,1,0,0,0,-135,0,0,0,0,0,0,3036
5593,0,127,5000,500,948,0,57,0,0,0,0,0,0,0,0,108.69999694824219,1,0,0,0,-135,0,0,0,0,0,0,3036
5594,0,128,5000,500,948,0,56,0,0,0,0,0,0,0,0,108.69999694824219,1,0,0,0,-135,0,0,0,0,0,0,3036
5595,0,129,5000,500,948,0,55,0,0,0,0,0,0,0,0,108.69999694824219,1,0,0,0,-135,0,0,0,0,0,0,3036
5596,0,130,5000,500,948,0,54,0,0,0,0,0,0,0,0,108.69999694824219,1,0,0,0,-135,0,0,0,0,0,0,3036
5597,0,131,5000,500,948,0,53,0,0,0,0,0,0,0,0,108.69999694824219,1,0,0,0,-135,0,0,0,0,0,0,3036
5598,0,132,5000,500,948,0,52,0,0,0,0,0,0,0,0,108.69999694824219,1,0,0,0,-135,0,0,0,0,0,0,3036
5599,0,133,5000,500,948,0,51,0,0,0,0,0,0,0,0,108.69999694824219,1,0,0,0,-135,0,0,0,0,0,0,3036
5600,0,134,5000,500,948,0,50,0,0,0,0,0,0,0,0,108.69999694824219,1,0,0,0,-135,0,0,0,0,0,0,3036
5601,0,135,5000,500,948,0,49,0,0,0,0,0,0,0,0,108.69999694824219,1,0,0,0,-135,0,0,0,0,0,0,3036
5602,0,136,5000,500,948,0,48,0,0,0,0,0,0,0,0,108.69999694824219,1,0,0,0,-135,0,0,0,0,0,0,3036
5603,0,137,5000,500,948,0,47,0,0,0,0,0,0,0,0,108.69999694824219,1,0,0,0,-135,0,0,0,0,0,0,3036
5604,0,138,5000,500,948,0,46,0,0,0,0,0,0,0,0,108.69999694824219,1,0,0,0,-135,0,0,0,0,0,0,3036
5605,0,139,5000,500,948,0,45,0,0,0,0,0,0,0,0,108.69999694824219,1,0,0,0,-135,0,0,0,0,0,0,3036
5606,0,140,5000,500,948,0,44,0,0,0,0,0,0,0,0,108.69999694824219,1,0,0,0,-135,0,0,0,0,0,0,3036
5607,0,141,5000,500,948,0,43,0,0,0,0,0,0,0,0,108.69999694824219,1,0,0,0,-135,0,0,0,0,0,0,3036
5608,0,142,5000,500,948,0,42,0,0,0,0,0,0,0,0,108.69999694824219,1,0,0,0,-135,0,0,0,0,0,0,3036
5609,0,143,5000,500,948,0,41,0,0,0,0,0,0,0,0,108.69999694824219,1,0,0,0,-135,0,0,0,0,0,0,3036
5610,0,144,5000,500,948,0,40,0,0,0,0,0,0,0,0,108.69999694824219,1,0,0,0,-135,0,0,0,0,0,0,3036
5611,0,145,5000,500,948,0,39,0,0,0,0,0,0,0,0,108.69999694824219,1,0,0,0,-135,0,0,0,0,0,0,3036
5612,0,146,5000,500,948,0,38,0,0,0,0,0,0,0,0,108.69999694824219,1,0,0,0,-135,0,0,0,0,0,0,3036
5613,0,147,5000,500,948,0,37,0,0,0,0,0,0,0,0,108.69999694824219,1,0,0,0,-135,0,0,0,0,0,0,3036
5614,0,148,5000,500,948,0,36,0,0,0,0,0,0,0,0,108.69999694824219,1,0,0,0,-135,0,0,0,0,0,0,3036
5615,0,149,5000,500,948,0,35,0,0,0,0,0,0,0,0,108.69999694824219,1,0,0,0,-135,0,0,0,0,0,0,3036
5616,0,150,5000,500,948,0,34,0,0,0,0,0,0,0,0,108.69999694824219,1,0,0,0,-135,0,0,0,0,0,0,3036
5617,0,151,5000,500,948,0,33,0,0,0,0,0,0,0,0,108.69999694824219,1,0,0,0,-135,0,0,0,0,0,0,3036
5618,0,152,5000,500,948,0,32,0,0,0,0,0,0,0,0,108.69999694824219,1,0,0,0,-135,0,0,0,0,0,0,3036
5619,0,153,5000,500,948,0,31,0,0,0,0,0,0,0,0,108.69999694824219,1,0,0,0,-135,0,0,0,0,0,0,3036
5620,0,154,5000,500,948,0,30,0,0,0,0,0,0,0,0,108.69999694824219,1,0,0,0,-135,0,0,0,0,0,0,3036
5621,0,155,5000,500,948,0,29,0,0,0,0,0,0,0,0,108.69999694824219,1,0,0,0,-135,0,0,0,0,0,0,3036
5622,0,156,5000,500,948,0,28,0,0,0,0,0,0,0,0,108.69999694824219,1,0,0,0,-135,0,0,0,0,0,0,3036
5623,0,157,5000,500,948,0,27,0,0,0,0,0,0,0,0,108.69999694824219,1,0,0,0,-135,0,0,0,0,0,0,3036
5624,0,158,5000,500,948,0,26,0,0,0,0,0,0,0,0,108.69999694824219,1,0,0,0,-135,0,0,0,0,0,0,3036
5625,0,159,5000,500,948,0,25,0,0,0,0,0,0,0,0,108.69999694824219,1,0,0,0,-135,0,0,0,0,0,0,3036
5626,0,160,5000,500,948,0,24,0,0,0,0,0,0,0,0,108.69999694824219,1,0,0,0,-135,0,0,0,0,0,0,3036
5627,0,161,5000,500,948,0,23,0,0,0,0,0,0,0,0,108.69999694824219,1,0,0,0,-135,0,0,0,0,0,0,3036
5628,0,162,5000,500,948,0,22,0,0,0,0,0,0,0,0,108.69999694824219,1,0,0,0,-135,0,0,0,0,0,0,3036
5629,0,163,5000,500,948,0,21,0,0,0,0,0,0,0,0,108.69999694824219,1,0,0,0,-135,0,0,0,0,0,0,3036
5630,0,164,5000,500,948,0,20,0,0,0,0,0,0,0,0,108.69999694824219,1,0,0,0,-135,0,0,0,0,0,0,3036
5631,0,165,5000,500,948,0,19,0,0,0,0,0,0,0,0,108.69999694824219,1,0,0,0,-135,0,0,0,0,0,0,3036
5632,0,166,5000,500,948,0,18,0,0,0,0,0,0,0,0,108.69999694824219,1,0,0,0,-135,0,0,0,0,0,0,3036
5633,0,167,5000,500,948,0,17,0,0,0,0,0,0,0,0,108.69999694824219,1,0,0,0,-135,0,0,0,0,0,0,3036
5634,0,168,5000,500,948,0,16,0,0,0,0,0,0,0,0,108.69999694824219,1,0,0,0,-135,0,0,0,0,0,0,3036
5635,0,169,5000,500,948,0,15,0,0,0,0,0,0,0,0,108.69999694824219,1,0,0,0,-135,0,0,0,0,0,0,3036
5636,0,170,5000,500,948,0,14,0,0,0,0,0,0,0,0,108.69999694824219,1,0,0,0,-135,0,0,0,0,0,0,3036
5637,0,171,5000,500,948,0,13,0,0,0,0,0,0,0,0,108.69999694824219,1,0,0,0,-135,0,0,0,0,0,0,3036
5638,0,172,5000,500,948,0,12,0,0,0,0,0,0,0,0,108.69999694824219,1,0,0,0,-135,0,0,0,0,0,0,3036
5639,0,173,5000,500,948,0,11,0,0,0,0,0,0,0,0,108.69999694824219,1,0,0,0,-135,0,0,0,0,0,0,3036
5640,0,174,5000,500,948,0,10,0,0,0,0,0,0,0,0,108.69999694824219,1,0,0,0,-135,0,0,0,0,0,0,3036
5641,0,175,5000,500,948,0,9,0,0,0,0,0,0,0,0,108.69999694824219,1,0,0,0,-135,0,0,0,0,0,0,3036
5642,0,176,5000,500,948,0,8,0,0,0,0,0,0,0,0,108.69999694824219,1,0,0,0,-135,0,0,0,0,0,0,3036
5643,0,177,5000,500,948,0,7,0,0,0,0,0,0,0,0,108.69999694824219,1,0,0,0,-135,0,0,0,0,0,0,3036
5644,0,178,5000,500,948,0,6,0,0,0,0,0,0,0,0,108.69999694824219,1,0,0,0,-135,0,0,0,0,0,0,3036
5645,0,179,5000,500,948,0,5,0,0,0,0,0,0,0,0,108.69999694824219,1,0,0,0,-135,0,0,0,0,0,0,3036
5646,0,180,5000,500,948,0,4,0,0,0,0,0,0,0,0,108.69999694824219,1,0,0,0,-135,0,0,0,0,0,0,3036
5647,0,181,5000,500,948,0,3,0,0,0,0,0,0,0,0,108.69999694824219,1,0,0,0,-135,0,0,0,0,0,0,3036
5648,0,182,5000,500,948,0,2,0,0,0,0,0,0,0,0,108.69999694824219,1,0,0,0,-135,0,0,0,0,0,0,3036
5649,0,183,5000,500,948,0,1,0,0,0,0,0,0,0,0,108.69999694824219,1,0,0,0,-135,0,0,0,0,0,0,3036
5650,0,184,5000,500,948,0,0,0,0,0,0,0,0,0,0,108.69999694824219,1,0,0,0,-135,0,0,0,0,0,0,3036
5651,0,185,5000,500,948,0,0,0,0,0,0,0,0,0,0,108.69999694824219,1,0,0,0,-135,0,0,0,0,0,0,3036
5652,0,186,5000,500,948,0,0,0,0,0,0,0,0,0,0,108.69999694824219,1,0,0,0,-135,0,0,0,0,0,0,3036
5653,0,187,5000,500,948,0,0,0,0,0,0,0,0,0,0,108.69999694824219,1,0,0,0,-135,0,0,0,0,0,0,3036
5654,0,188,5000,500,948,0,0,0,0,0,0,0,0,0,0,108.69999694824219,1,0,0,0,-135,0,0,0,0,0,0,3036
5655,0,189,5000,500,948,0,0,0,0,0,0,0,0,0,0,108.69999694824219,1,0,0,0,-135,0,0,0,0,0,0,3036
5656,0,190,5000,500,948,0,0,0,0,0,0,0,0,0,0,108.69999694824219,1,0,0,0,-135,0,0,0,0,0,0,3036
5657,0,191,5000,500,948,0,0,0,0,0,0,0,0,0,0,108.69999694824219,1,0,0,0,-135,0,0,0,0,0,0,3036
5658,0,192,5000,500,948,0,0,0,0,0,0,0,0,0,0,108.69999694824219,1,0,0,0,-135,0,0,0,0,0,0,3036
5659,0,193,5000,500,948,0,0,0,0,0,0,0,0,0,0,108.69999694824219,1,0,0,0,-135,0,0,0,0,0,0,3036
5660,0,194,5000,500,948,0,0,0,0,0,0,0,0,0,0,108.69999694824219,1,0,0,0,-135,0,0,0,0,0,0,3036
5661,0,195,5000,500,948,0,0,0,0,0,0,0,0,0,0,108.69999694824219,1,0,0,0,-135,0,0,0,0,0,0,3036
5662,0,196,5000,500,948,0,0,0,0,0,0,0,0,0,0,108.69999694824219,1,0,0,0,-135,0,0,0,0,0,0,3036
5663,0,197,5000,500,948,0,0,0,0,0,0,0,0,0,0,108.69999694824219,1,0,0,0,-135,0,0,0,0,0,0,3036
5664,0,198,5000,500,948,0,0,0,0,0,0,0,0,0,0,108.69999694824219,1,0,0,0,-135,0,0,0,0,0,0,3036
5665,0,199,5000,500,948,0,0,0,0,0,0,0,0,0,0,108.69999694824219,1,0,0,0,-135,0,0,0,0,0,0,3036
5666,0,200,5000,500,948,0,0,0,0,0,0,0,0,0,0,108.69999694824219,1,0,0,0,-135,0,0,0,0,0,0,3036
5667,0,201,5000,500,948,0,0,0,0,0,0,0,0,0,0,108.69999694824219,1,0,0,0,-135,0,0,0,0,0,0,3036
5668,0,202,5000,500,948,0,0,0,0,0,0,0,0,0,0,108.69999694824219,1,0,0,0,-135,0,0,0,0,0,0,3036
5669,0,203,5000,500,948,0,0,0,0,0,0,0,0,0,0,108.69999694824219,1,0,0,0,-135,0,0,0,0,0,0,3036
5670,0,204,5000,500,948,0,0,0,0,0,0,0,0,0,0,108.69999694824219,1,0,0,0,-135,0,0,0,0,0,0,3036
5671,0,205,5000,500,948,0,0,0,0,0,0,0,0,0,0,108.69999694824219,1,0,0,0,-135,0,0,0,0,0,0,3036
5672,0,206,5000,500,948,0,0,0,0,0,0,0,0,0,0,108.69999694824219,1,0,0,0,-135,0,0,0,0,0,0,3036
5673,0,207,5000,500,948,0,0,0,0,0,0,0,0,0,0,108.69999694824219,1,0,0,0,-135,0,0,0,0,0,0,3036
5674,0,208,5000,500,948,0,0,0,0,0,0,0,0,0,0,108.69999694824219,1,0,0,0,-135,0,0,0,0,0,0,3036
5675,0,209,5000,500,948,0,0,0,0,0,0,0,0,0,0,108.69999694824219,1,0,0,0,-135,0,0,0,0,0,0,3036
5676,0,210,5000,500,948,0,0,0,0,0,0,0,0,0,0,108.69999694824219,1,0,0,0,-135,0,0,0,0,0,0,3036
5677,0,211,5000,500,948,0,0,0,0,0,0,0,0,0,0,108.69999694824219,1,0,0,0,-135,0,0,0,0,0,0,3036
5678,0,212,5000,500,948,0,0,0,0,0,0,0,0,0,0,108.69999694824219,1,0,0,0,-135,0,0,0,0,0,0,3036
5679,0,213,5000,500,948,0,0,0,0,0,0,0,0,0,0,108.69999694824219,1,0,0,0,-135,0,0,0,0,0,0,3036
5680,0,214,5000,500,948,0,0,0,0,0,0,0,0,0,0,108.69999694824219,1,0,0,0,-135,0,0,0,0,0,0,3036
5681,0,215,5000,500,948,0,0,0,0,0,0,0,0,0,0,108.69999694824219,1,0,0,0,-135,0,0,0,0,0,0,3036
5682,0,216,5000,500,948,0,0,0,0,0,0,0,0,0,0,108.69999694824219,1,0,0,0,-135,0,0,0,0,0,0,3036
5683,0,217,5000,500,948,0,0,0,0,0,0,0,0,0,0,108.69999694824219,1,0,0,0,-135,0,0,0,0,0,0,3036
5684,0,218,5000,500,948,0,0,0,0,0,0,0,0,0,0,108.69999694824219,1,0,0,0,-135,0,0,0,0,0,0,3036
5685,0,219,5000,500,948,0,0,0,0,0,0,0,0,0,0,108.69999694824219,1,0,0,0,-135,0,0,0,0,0,0,3036
5686,0,220,5000,500,948,0,0,0,0,0,0,0,0,0,0,108.69999694824219,1,0,0,0,-135,0,0,0,0,0,0,3036
5687,0,221,5000,500,948,0,0,0,0,0,0,0,0,0,0,108.69999694824219,1,0,0,0,-135,0,0,0,0,0,0,3036
5688,0,222,5000,500,948,0,0,0,0,0,0,0,0,0,0,108.69999694824219,1,0,0,0,-135,0,0,0,0,0,0,3036
5689,0,223,5000,500,948,0,0,0,0,0,0,0,0,0,0,108.69999694824219,1,0,0,0,-135,0,0,0,0,0,0,3036
5690,0,224,5000,500,948,0,0,0,0,0,0,0,0,0,0,108.69999694824219,1,0,0,0,-135,0,0,0,0,0,0,3036
5691,0,225,5000,500,948,0,0,0,0,0,0,0,0,0,0,108.69999694824219,1,0,0,0,-135,0,0,0,0,0,0,3036
5692,0,226,5000,500,948,0,0,0,0,0,0,0,0,0,0,108.69999694824219,1,0,0,0,-135,0,0,0,0,0,0,3036
5693,0,227,5000,500,948,0,0,0,0,0,0,0,0,0,0,108.69999694824219,1,0,0,0,-135,0,0,0,0,0,0,3036
5694,0,228,5000,500,948,0,0,0,0,0,0,0,0,0,0,108.69999694824219,1,0,0,0,-135,0,0,0,0,0,0,3036
5695,0,229,5000,500,948,0,0,0,0,0,0,0,0,0,0,108.69999694824219,1,0,0,0,-135,0,0,0,0,0,0,3036
5696,0,230,5000,500,948,0,0,0,0,0,0,0,0,0,0,108.69999694824219,1,0,0,0,-135,0,0,0,0,0,0,3036
5697,0,231,5000,500,948,0,0,0,0,0,0,0,0,0,0,108.69999694824219,1,0,0,0,-135,0,0,0,0,0,0,3036
5698,0,232,5000,500,948,0,0,0,0,0,0,0,0,0,0,108.69999694824219,1,0,0,0,-135,0,0,0,0,0,0,3036
5699,0,233,5000,500,948,0,0,0,0,0,0,0,0,0,0,108.69999694824219,1,0,0,0,-135,0,0,0,0,0,0,3036
5700,0,234,5000,500,948,0,0,0,0,0,0,0,0,0,0,108.69999694824219,1,0,0,0,-135,0,0,0,0,0,0,3036
5701,0,235,5000,500,948,0,0,0,0,0,0,0,0,0,0,108.69999694824219,1,0,0,0,-135,0,0,0,0,0,0,3036
5702,0,236,5000,500,948,0,0,0,0,0,0,0,0,0,0,108.69999694824219,1,0,0,0,-135,0,0,0,0,0,0,3036
5703,0,237,5000,500,948,0,0,0,0,0,0,0,0,0,0,108.69999694824219,1,0,0,0,-135,0,0,0,0,0,0,3036
5704,0,238,5000,500,948,0,0,0,0,0,0,0,0,0,0,108.69999694824219,1,0,0,0,-135,0,0,0,0,0,0,3036
5705,0,239,5000,500,948,0,0,0,0,0,0,0,0,0,0,108.69999694824219,1,0,0,0,-135,0,0,0,0,0,0,3036
5706,0,240,5000,500,948,0,0,0,0,0,0,0,0,0,0,108.69999694824219,1,0,0,0,-135,0,0,0,0,0,0,3036
5707,0,241,5000,500,948,0,0,0,0,0,0,0,0,0,0,108.69999694824219,1,0,0,0,-135,0,0,0,0,0,0,3036
5708,0,242,5000,500,948,0,0,0,0,0,0,0,0,0,0,108.69999694824219,1,0,0,0,-135,0,0,0,0,0,0,3036
5709,0,243,5000,500,948,0,0,0,0,0,0,0,0,0,0,108.69999694824219,1,0,0,0,-135,0,0,0,0,0,0,3036
5710,0,1,3000,500,1000,0,0,0,0,0,0,0,0,0,0,-25,1,0,0,0,-135,0,0,0,0,0,0,1000
5711,0,2,3000,500,1000,0,0,0,0,0,0,0,0,0,0,-25,1,0,0,0,-135,0,0,0,0,0,0,1000
5712,0,3,3000,500,1000,0,0,0,0,0,0,0,0,0,0,-25,1,0,0,0,-135,0,0,0,0,0,0,1000
5713,0,4,3000,500,1000,0,0,0,0,0,0,0,0,0,0,-25,1,0,0,0,-135,0,0,0,0,0,0,1000
5714,0,5,3000,500,1000,0,0,0,0,0,0,0,0,0,0,-25,1,0,0,0,-135,0,0,0,0,0,0,1000
5715,0,6,3000,500,1000,0,0,0,0,0,0,0,0,0,0,-25,1,0,0,0,-135,0,0,0,0,0,0,1000
5716,0,7,3000,500,1000,0,0,0,0,0,0,0,0,0,0,-25,1,0,0,0,-135,0,0,0,0,0,0,1000
5717,0,8,3000,500,1000,0,0,0,0,0,0,0,0,0,0,-25,1,0,0,0,-135,0,0,0,0,0,0,1000
5718,0,9,3000,500,1000,0,0,0,0,0,0,0,0,0,0,-25,1,0,0,0,-135,0,0,0,0,0,0,1000
5719,10,1,3000,500,1000,0,0,0,0,0,0,0,0,0,0,-25,1,0,0,0,-135,0,0,0,0,0,0,1000
5720,10,2,3000,500,1000,0,0,0,0,0,0,0,0,0,0,-25,1,0,0,0,-135,0,0,0,0,0,0,1000
5721,10,3,3000,500,1000,0,0,0,0,0,0,0,0,0,0,-25,1,0,0,0,-135,0,0,0,0,0,0,1000
5722,10,4,3000,500,1000,0,0,0,0,0,0,0,0,0,0,-25,1,0,0,0,-135,0,0,0,0,0,0,1000
5723,10,5,3000,500,1000,0,0,0,0,0,0,0,0,0,0,-25,1,0,0,0,-135,0,0,0,0,0,0,1000
5724,10,6,3000,500,1000,0,0,0,0,0,0,0,0,0,0,-25,1,0,0,0,-135,0,0,0,0,0,0,1000
5725,1000,1,3000,500,1000,0,0,0,0,0,0,0,0,0,0,-25,1,0,0,0,-135,0,0,0,0,0,0,1000
5726,1000,2,3000,500,1000,0,0,0,0,0,0,0,0,0,0,-25,1,0,0,0,-135,0,0,0,0,0,0,1000
5727,1000,3,3000,500,1000,0,0,0,0,0,0,0,0,0,0,-25,1,0,0,0,-135,0,0,0,0,0,0,1000
5728,1000,4,3000,500,1000,0,0,0,0,0,0,0,0,0,0,-25,1,0,0,0,-135,0,0,0,0,0,0,1000
5729,1000,5,3000,500,1000,0,0,0,0,0,0,0,0,0,0,-25,1,0,0,0,-135,0,0,0,0,0,0,1000
5730,1000,6,3000,500,1000,0,0,0,0,0,0,0,0,0,0,-25,1,0,0,0,-135,0,0,0,0,0,0,1000
5731,1000,7,3000,500,1000,0,0,0,0,0,0,0,0,0,0,-25,1,0,0,0,-135,0,0,0,0,0,0,1000
5732,1000,8,3000,500,1000,0,0,0,0,0,0,0,0,0,0,-25,1,0,0,0,-135,0,0,0,0,0,0,1000
5733,1000,9,3000,500,1000,0,0,0,0,0,0,0,0,0,0,-25,1,0,0,0,-135,0,0,0,0,0,0,1000
5734,1000,10,3000,500,1000,0,0,0,0,0,0,0,0,0,0,-25,1,0,0,0,-135,0,0,0,0,0,0,1000
5735,1000,11,3000,500,1000,0,0,0,0,0,0,0,0,0,0,-25,1,0,0,0,-135,0,0,0,0,0,0,1000
5736,1000,12,3000,500,1000,0,0,0,0,0,0,0,0,0,0,-25,1,0,0,0,-135,0,0,0,0,0,0,1000
5737,1000,13,3000,500,1000,0,0,0,0,0,0,0,0,0,0,-25,1,0,0,0,-135,0,0,0,0,0,0,1000
5738,1000,14,3000,500,1000,0,0,0,0,0,0,0,0,0,0,-25,1,0,0,0,-135,0,0,0,0,0,0,1000
5739,1000,15,3000,500,1000,0,0,0,0,0,0,0,0,0,0,-25,1,0,0,0,-135,0,0,0,0,0,0,1000
5740,1000,16,3000,500,1000,0,0,0,0,0,0,0,0,0,0,-25,1,0,0,0,-135,0,0,0,0,0,0,1000
5741,1000,17,3000,500,1000,0,0,0,0,0,0,0,0,0,0,-25,1,0,0,0,-135,0,0,0,0,0,0,1000
5742,1000,18,3000,500,1000,0,0,0,0,0,0,0,0,0,0,-25,1,0,0,0,-135,0,0,0,0,0,0,1000
5743,1000,19,3000,500,1000,0,0,0,0,0,0,0,0,0,0,-25,1,0,0,0,-135,0,0,0,0,0,0,1000
5744,1000,20,3000,500,1000,0,0,0,0,0,0,0,0,0,0,-25,1,0,0,0,-135,0,0,0,0,0,0,1000
5745,1000,21,3000,500,1000,0,0,0,0,0,0,0,0,0,0,-25,1,0,0,0,-135,0,0,0,0,0,0,1000
5746,1000,22,3000,500,1000,0,0,0,0,0,0,0,0,0,0,-25,1,0,0,0,-135,0,0,0,0,0,0,1000
5747,1000,23,3000,500,1000,0,0,0,0,0,0,0,0,0,0,-25,1,0,0,0,-135,0,0,0,0,0,0,1000
5748,1000,24,3000,500,1000,0,0,0,0,0,0,0,0,0,0,-25,1,0,0,0,-135,0,0,0,0,0,0,1000
5749,1000,25,3000,500,1000,0,0,0,0,0,0,0,0,0,0,-25,1,0,0,0,-135,0,0,0,0,0,0,1000
5750,1000,26,3000,500,1000,0,0,0,0,0,0,0,0,0,0,-25,1,0,0,0,-135,0,0,0,0,0,0,1000
5751,1000,27,3000,500,1000,0,0,0,0,0,0,0,0,0,0,-25,1,0,0,0,-135,0,0,0,0,0,0,1000
5752,1000,28,3000,500,1000,0,0,0,0,0,0,0,0,0,0,-25,1,0,0,0,-135,0,0,0,0,0,0,1000
5753,1000,29,3000,500,1000,0,0,0,0,0,0,0,0,0,0,-25,1,0,0,0,-135,0,0,0,0,0,0,1000
5754,1000,30,3000,500,1000,0,0,0,0,0,0,0,0,0,0,-25,1,0,0,0,-135,0,0,0,0,0,0,1000
5755,0,1,3000,500,1000,0,0,0,0,0,0,0,0,0,0,-25,1,0,0,0,-135,0,0,0,0,0,0,1000
5756,0,2,3000,500,1000,0,0,0,0,0,0,0,0,0,0,-25,1,0,0,0,-135,0,0,0,0,0,0,1000
5757,0,3,3000,500,1000,0,0,0,0,0,0,0,0,0,0,-25,1,0,0,0,-135,0,0,0,0,0,0,1000
5758,0,4,3000,500,1000,0,0,0,0,0,0,0,0,0,0,-25,1,0,0,0,-135,0,0,0,0,0,0,1000
5759,0,5,3000,500,1000,0,0,0,0,0,0,0,0,0,0,-25,1,0,0,0,-135,0,0,0,0,0,0,1000
5760,0,6,3000,500,1000,0,0,0,0,0,0,0,0,0,0,-25,1,0,0,0,-135,0,0,0,0,0,0,1000
5761,0,7,3000,500,1000,0,0,0,0,0,0,0,0,0,0,-25,1,0,0,0,-135,0,0,0,0,0,0,1000
5762,0,8,3000,500,1000,0,0,0,0,0,0,0,0,0,0,-25,1,0,0,0,-135,0,0,0,0,0,0,1000
5763,0,9,3000,500,1000,0,0,0,0,0,0,0,0,0,0,-25,1,0,0,0,-135,0,0,0,0,0,0,1000
5764,0,10,3000,500,1000,0,0,0,0,0,0,0,0,0,0,-25,1,0,0,0,-135,0,0,0,0,0,0,1000
5765,0,11,3000,500,1000,0,0,0,0,0,0,0,0,0,0,-25,1,0,0,0,-135,0,0,0,0,0,0,1000
5766,0,12,3000,500,1000,0,0,0,0,0,0,0,0,0,0,-25,1,0,0,0,-135,0,0,0,0,0,0,1000
5767,0,13,3000,500,1000,0,0,0,0,0,0,0,0,0,0,-25,1,0,0,0,-135,0,0,0,0,0,0,1000
5768,0,14,3000,500,1000,0,0,0,0,0,0,0,0,0,0,-25,1,0,0,0,-135,0,0,0,0,0,0,1000
5769,0,15,3000,500,1000,0,0,0,0,0,0,0,0,0,0,-25,1,0,0,0,-135,0,0,0,0,0,0,1000
5770,0,16,3000,500,1000,0,0,0,0,0,0,0,0,0,0,-25,1,0,0,0,-135,0,0,0,0,0,0,1000
5771,0,17,3000,500,1000,0,0,0,0,0,0,0,0,0,0,-25,1,0,0,0,-135,0,0,0,0,0,0,1000
5772,0,18,3000,500,1000,0,0,0,0,0,0,0,0,0,0,-25,1,0,0,0,-135,0,0,0,0,0,0,1000
5773,0,19,3000,500,1000,0,0,0,0,0,0,0,0,0,0,-25,1,0,0,0,-135,0,0,0,0,0,0,1000
5774,0,20,3000,500,1000,0,0,0,0,0,0,0,0,0,0,-25,1,0,0,0,-135,0,0,0,0,0,0,1000
5775,0,21,3000,500,1000,0,0,0,0,0,0,0,0,0,0,-25,1,0,0,0,-135,0,0,0,0,0,0,1000
5776,0,22,3000,500,1000,0,0,0,0,0,0,0,0,0,0,-25,1,0,0,0,-135,0,0,0,0,0,0,1000
5777,0,23,3000,500,1000,0,0,0,0,0,0,0,0,0,0,-25,1,0,0,0,-135,0,0,0,0,0,0,1000
5778,0,24,3000,500,1000,0,0,0,0,0,0,0,0,0,0,-25,1,0,0,0,-135,0,0,0,0,0,0,1000
5779,0,25,3000,500,1000,0,0,0,0,0,0,0,0,0,0,-25,1,0,0,0,-135,0,0,0,0,0,0,1000
5780,0,26,3000,500,1000,0,0,0,0,0,0,0,0,0,0,-25,1,0,0,0,-135,0,0,0,0,0,0,1000
5781,0,27,3000,500,1000,0,0,0,0,0,0,0,0,0,0,-25,1,0,0,0,-135,0,0,0,0,0,0,1000
5782,0,28,3000,500,1000,0,0,0,0,0,0,0,0,0,0,-25,1,0,0,0,-135,0,0,0,0,0,0,1000
5783,0,29,3000,500,1000,0,0,0,0,0,0,0,0,0,0,-25,1,0,0,0,-135,0,0,0,0,0,0,1000
5784,0,30,3000,500,1000,0,0,0,0,0,0,0,0,0,0,-25,1,0,0,0,-135,0,0,0,0,0,0,1000
5785,0,31,3000,500,1000,0,0,0,0,0,0,0,0,0,0,-25,1,0,0,0,-135,0,0,0,0,0,0,1000
5786,0,32,3000,500,1000,0,0,0,0,0,0,0,0,0,0,-25,1,0,0,0,-135,0,0,0,0,0,0,1000
5787,0,33,3000,500,1000,0,0,0,0,0,0,0,0,0,0,-25,1,0,0,0,-135,0,0,0,0,0,0,1000
5788,0,34,3000,500,1000,0,0,0,0,0,0,0,0,0,0,-25,1,0,0,0,-135,0,0,0,0,0,0,1000
5789,0,35,3000,500,1000,0,0,0,0,0,0,0,0,0,0,-25,1,0,0,0,-135,0,0,0,0,0,0,1000
5790,0,36,3000,500,1000,0,0,0,0,0,0,0,0,0,0,-25,1,0,0,0,-135,0,0,0,0,0,0,1000
5791,0,37,3000,500,1000,0,0,0,0,0,0,0,0,0,0,-25,1,0,0,0,-135,0,0,0,0,0,0,1000
5792,0,38,3000,500,1000,0,0,0,0,0,0,0,0,0,0,-25,1,0,0,0,-135,0,0,0,0,0,0,1000
5793,0,39,3000,500,1000,0,0,0,0,0,0,0,0,0,0,-25,1,0,0,0,-135,0,0,0,0,0,0,1000
5794,0,40,3000,500,1000,0,0,0,0,0,0,0,0,0,0,-25,1,0,0,0,-135,0,0,0,0,0,0,1000
5795,0,41,3000,500,1000,0,0,0,0,0,0,0,0,0,0,-25,1,0,0,0,-135,0,0,0,0,0,0,1000
5796,0,42,3000,500,1000,0,0,0,0,0,0,0,0,0,0,-25,1,0,0,0,-135,0,0,0,0,0,0,1000
5797,0,43,3000,500,1000,0,0,0,0,0,0,0,0,0,0,-25,1,0,0,0,-135,0,0,0,0,0,0,1000
5798,0,44,3000,500,1000,0,0,0,0,0,0,0,0,0,0,-25,1,0,0,0,-135,0,0,0,0,0,0,1000
5799,0,45,3000,500,1000,0,0,0,0,0,0,0,0,0,0,-25,1,0,0,0,-135,0,0,0,0,0,0,1000
5800,0,46,3000,500,1000,0,0,0,0,0,0,0,0,0,0,-25,1,0,0,0,-135,0,0,0,0,0,0,1000
5801,0,47,3000,500,1000,0,0,0,0,0,0,0,0,0,0,-25,1,0,0,0,-135,0,0,0,0,0,0,1000
5802,0,48,3000,500,1000,0,0,0,0,0,0,0,0,0,0,-25,1,0,0,0,-135,0,0,0,0,0,0,1000
5803,0,49,3000,500,1000,0,0,0,0,0,0,0,0,0,0,-25,1,0,0,0,-135,0,0,0,0,0,0,1000
5804,0,50,3000,500,1000,0,0,0,0,0,0,0,0,0,0,-25,1,0,0,0,-135,0,0,0,0,0,0,1000
5805,0,51,3000,500,1000,0,0,0,0,0,0,0,0,0,0,-25,1,0,0,0,-135,0,0,0,0,0,0,1000
5806,0,52,3000,500,1000,0,0,0,0,0,0,0,0,0,0,-25,1,0,0,0,-135,0,0,0,0,0,0,1000
5807,0,53,3000,500,1000,0,0,0,0,0,0,0,0,0,0,-25,1,0,0,0,-135,0,0,0,0,0,0,1000
5808,0,54,3000,500,1000,0,0,0,0,0,0,0,0,0,0,-25,1,0,0,0,-135,0,0,0,0,0,0,1000
5809,0,55,3000,500,1000,0,0,0,0,0,0,0,0,0,0,-25,1,0,0,0,-135,0,0,0,0,0,0,1000
5810,0,56,3000,500,1000,0,0,0,0,0,0,0,0,0,0,-25,1,0,0,0,-135,0,0,0,0,0,0,1000
5811,0,57,3000,500,1000,0,0,0,0,0,0,0,0,0,0,-25,1,0,0,0,-135,0,0,0,0,0,0,1000
5812,0,58,3000,500,1000,0,0,0,0,0,0,0,0,0,0,-25,1,0,0,0,-135,0,0,0,0,0,0,1000
5813,0,59,3000,500,1000,0,0,0,0,0,0,0,0,0,0,-25,1,0,0,0,-135,0,0,0,0,0,0,1000
5814,0,60,3000,500,1000,0,0,0,0,0,0,0,0,0,0,-25,1,0,0,0,-135,0,0,0,0,0,0,1000
5815,0,61,3000,500,1000,0,0,0,0,0,0,0,0,0,0,-25,1,0,0,0,-135,0,0,0,0,0,0,1000
5816,0,62,3000,500,1000,0,0,0,0,0,0,0,0,0,0,-25,1,0,0,0,-135,0,0,0,0,0,0,1000
5817,0,63,3000,500,1000,0,0,0,0,0,0,0,0,0,0,-25,1,0,0,0,-135,0,0,0,0,0,0,1000
5818,0,64,3000,500,1000,0,0,0,0,0,0,0,0,0,0,-25,1,0,0,0,-135,0,0,0,0,0,0,1000
5819,0,65,3000,500,1000,0,0,0,0,0,0,0,0,0,0,-25,1,0,0,0,-135,0,0,0,0,0,0,1000
5820,0,66,3000,500,1000,0,0,0,0,0,0,0,0,0,0,-25,1,0,0,0,-135,0,0,0,0,0,0,1000
5821,0,67,3000,500,1000,0,0,0,0,0,0,0,0,0,0,-25,1,0,0,0,-135,0,0,0,0,0,0,1000
5822,0,68,3000,500,1000,0,0,0,0,0,0,0,0,0,0,-25,1,0,0,0,-135,0,0,0,0,0,0,1000
5823,0,69,3000,500,1000,0,0,0,0,0,0,0,0,0,0,-25,1,0,0,0,-135,0,0,0,0,0,0,1000
5824,0,70,3000,500,1000,0,0,0,0,0,0,0,0,0,0,-25,1,0,0,0,-135,0,0,0,0,0,0,1000
5825,0,71,3000,500,1000,0,0,0,0,0,0,0,0,0,0,-25,1,0,0,0,-135,0,0,0,0,0,0,1000
5826,0,72,3000,500,1000,0,0,0,0,0,0,0,0,0,0,-25,1,0,0,0,-135,0,0,0,0,0,0,1000
5827,0,73,3000,500,1000,0,0,0,0,0,0,0,0,0,0,-25,1,0,0,0,-135,0,0,0,0,0,0,1000
5828,0,74,3000,500,1000,0,0,0,0,0,0,0,0,0,0,-25,1,0,0,0,-135,0,0,0,0,0,0,1000
5829,0,75,3000,500,1000,0,0,0,0,0,0,0,0,0,0,-25,1,0,0,0,-135,0,0,0,0,0,0,1000
5830,0,76,3000,500,1000,0,0,0,0,0,0,0,0,0,0,-25,1,0,0,0,-135,0,0,0,0,0,0,1000
5831,0,77,3000,500,1000,0,0,0,0,0,0,0,0,0,0,-25,1,0,0,0,-135,0,0,0,0,0,0,1000
5832,0,78,3000,500,1000,0,0,0,0,0,0,0,0,0,0,-25,1,0,0,0,-135,0,0,0,0,0,0,1000
5833,0,79,3000,500,1000,0,0,0,0,0,0,0,0,0,0,-25,1,0,0,0,-135,0,0,0,0,0,0,1000
5834,0,80,3000,500,1000,0,0,0,0,0,0,0,0,0,0,-25,1,0,0,0,-135,0,0,0,0,0,0,1000
5835,0,81,3000,500,1000,0,0,0,0,0,0,0,0,0,0,-25,1,0,0,0,-135,0,0,0,0,0,0,1000
5836,0,82,3000,500,1000,0,0,0,0,0,0,0,0,0,0,-25,1,0,0,0,-135,0,0,0,0,0,0,1000
5837,0,83,3000,500,1000,0,0,0,0,0,0,0,0,0,0,-25,1,0,0,0,-135,0,0,0,0,0,0,1000
5838,0,84,3000,500,1000,0,0,0,0,0,0,0,0,0,0,-25,1,0,0,0,-135,0,0,0,0,0,0,1000
5839,0,85,3000,500,1000,0,0,0,0,0,0,0,0,0,0,-25,1,0,0,0,-135,0,0,0,0,0,0,1000
5840,0,86,3000,500,1000,0,0,0,0,0,0,0,0,0,0,-25,1,0,0,0,-135,0,0,0,0,0,0,1000
5841,0,87,3000,500,1000,0,0,0,0,0,0,0,0,0,0,-25,1,0,0,0,-135,0,0,0,0,0,0,1000
5842,0,88,3000,500,1000,0,0,0,0,0,0,0,0,0,0,-25,1,0,0,0,-135,0,0,0,0,0,0,1000
5843,0,89,3000,500,1000,0,0,0,0,0,0,0,0,0,0,-25,1,0,0,0,-135,0,0,0,0,0,0,1000
5844,0,90,3000,500,1000,0,0,0,0,0,0,0,0,0,0,-25,1,0,0,0,-135,0,0,0,0,0,0,1000
5845,0,91,3000,500,1000,0,0,0,0,0,0,0,0,0,0,-25,1,0,0,0,-135,0,0,0,0,0,0,1000
5846,0,92,3000,500,1000,0,0,0,0,0,0,0,0,0,0,-25,1,0,0,0,-135,0,0,0,0,0,0,1000
5847,0,93,3000,500,1000,0,0,0,0,0,0,0,0,0,0,-25,1,0,0,0,-135,0,0,0,0,0,0,1000
5848,0,94,3000,500,1000,0,0,0,0,0,0,0,0,0,0,-25,1,0,0,0,-135,0,0,0,0,0,0,1000
5849,0,95,3000,500,1000,0,0,0,0,0,0,0,0,0,0,-25,1,0,0,0,-135,0,0,0,0,0,0,1000
5850,0,96,3000,500,1000,0,0,0,0,0,0,0,0,0,0,-25,1,0,0,0,-135,0,0,0,0,0,0,1000
5851,0,97,3000,500,1000,0,0,0,0,0,0,0,0,0,0,-25,1,0,0,0,-135,0,0,0,0,0,0,1000
5852,0,98,3000,500,1000,0,0,0,0,0,0,0,0,0,0,-25,1,0,0,0,-135,0,0,0,0,0,0,1000
5853,0,99,3000,500,1000,0,0,0,0,0,0,0,0,0,0,-25,1,0,0,0,-135,0,0,0,0,0,0,1000
5854,0,100,3000,500,1000,0,0,0,0,0,0,0,0,0,0,-25,1,0,0,0,-135,0,0,0,0,0,0,1000
5855,0,101,3000,500,1000,0,0,0,0,0,0,0,0,0,0,-25,1,0,0,0,-135,0,0,0,0,0,0,1000
5856,0,102,3000,500,1000,0,0,0,0,0,0,0,0,0,0,-25,1,0,0,0,-135,0,0,0,0,0,0,1000
5857,0,103,3000,500,1000,0,0,0,0,0,0,0,0,0,0,-25,1,0,0,0,-135,0,0,0,0,0,0,1000
5858,0,104,3000,500,1000,0,0,0,0,0,0,0,0,0,0,-25,1,0,0,0,-135,0,0,0,0,0,0,1000
5859,0,105,3000,500,1000,0,0,0,0,0,0,0,0,0,0,-25,1,0,0,0,-135,0,0,0,0,0,0,1000
5860,0,106,3000,500,1000,0,0,0,0,0,0,0,0,0,0,-25,1,0,0,0,-135,0,0,0,0,0,0,1000
5861,0,107,3000,500,1000,0,0,0,0,0,0,0,0,0,0,-25,1,0,0,0,-135,0,0,0,0,0,0,1000
5862,0,108,3000,500,1000,0,0,0,0,0,0,0,0,0,0,-25,1,0,0,0,-135,0,0,0,0,0,0,1000
5863,0,109,3000,500,1000,0,0,0,0,0,0,0,0,0,0,-25,1,0,0,0,-135,0,0,0,0,0,0,1000
5864,0,110,3000,500,1000,0,0,0,0,0,0,0,0,0,0,-25,1,0,0,0,-135,0,0,0,0,0,0,1000
5865,0,111,3000,500,1000,0,0,0,0,0,0,0,0,0,0,-25,1,0,0,0,-135,0,0,0,0,0,0,1000
5866,0,112,3000,500,1000,0,0,0,0,0,0,0,0,0,0,-25,1,0,0,0,-135,0,0,0,0,0,0,1000
5867,0,113,3000,500,1000,0,0,0,0,0,0,0,0,0,0,-25,1,0,0,0,-135,0,0,0,0,0,0,1000
5868,0,114,3000,500,1000,0,0,0,0,0,0,0,0,0,0,-25,1,0,0,0,-135,0,0,0,0,0,0,1000
5869,0,115,3000,500,1000,0,0,0,0,0,0,0,0,0,0,-25,1,0,0,0,-135,0,0,0,0,0,0,1000
5870,0,116,3000,500,1000,0,0,0,0,0,0,0,0,0,0,-25,1,0,0,0,-135,0,0,0,0,0,0,1000
5871,0,117,3000,500,1000,0,0,0,0,0,0,0,0,0,0,-25,1,0,0,0,-135,0,0,0,0,0,0,1000
5872,0,118,3000,500,1000,0,0,0,0,0,0,0,0,0,0,-25,1,0,0,0,-135,0,0,0,0,0,0,1000
5873,0,119,3000,500,1000,0,0,0,0,0,0,0,0,0,0,-25,1,0,0,0,-135,0,0,0,0,0,0,1000
5874,0,120,3000,500,1000,0,0,0,0,0,0,0,0,0,0,-25,1,0,0,0,-135,0,0,0,0,0,0,1000
5875,0,121,3000,500,1000,0,0,0,0,0,0,0,0,0,0,-25,1,0,0,0,-135,0,0,0,0,0,0,1000
5876,0,122,3000,500,1000,0,0,0,0,0,0,0,0,0,0,-25,1,0,0,0,-135,0,0,0,0,0,0,1000
5877,0,123,3000,500,1000,0,0,0,0,0,0,0,0,0,0,-25,1,0,0,0,-135,0,0,0,0,0,0,1000
5878,0,124,3000,500,1000,0,0,0,0,0,0,0,0,0,0,-25,1,0,0,0,-135,0,0,0,0,0,0,1000
5879,0,125,3000,500,1000,0,0,0,0,0,0,0,0,0,0,-25,1,0,0,0,-135,0,0,0,0,0,0,1000
5880,0,126,3000,500,1000,0,0,0,0,0,0,0,0,0,0,-25,1,0,0,0,-135,0,0,0,0,0,0,1000
5881,0,127,3000,500,1000,0,0,0,0,0,0,0,0,0,0,-25,1,0,0,0,-135,0,0,0,0,0,0,1000
5882,0,128,3000,500,1000,0,0,0,0,0,0,0,0,0,0,-25,1,0,0,0,-135,0,0,0,0,0,0,1000
5883,0,129,3000,500,1000,0,0,0,0,0,0,0,0,0,0,-25,1,0,0,0,-135,0,0,0,0,0,0,1000
5884,0,130,3000,500,1000,0,0,0,0,0,0,0,0,0,0,-25,1,0,0,0,-135,0,0,0,0,0,0,1000
5885,0,131,3000,500,1000,0,0,0,0,0,0,0,0,0,0,-25,1,0,0,0,-135,0,0,0,0,0,0,1000
5886,0,132,3000,500,1000,0,0,0,0,0,0,0,0,0,0,-25,1,0,0,0,-135,0,0,0,0,0,0,1000
5887,0,133,3000,500,1000,0,0,0,0,0,0,0,0,0,0,-25,1,0,0,0,-135,0,0,0,0,0,0,1000
5888,0,134,3000,500,1000,0,0,0,0,0,0,0,0,0,0,-25,1,0,0,0,-135,0,0,0,0,0,0,1000
5889,0,135,3000,500,1000,0,0,0,0,0,0,0,0,0,0,-25,1,0,0,0,-135,0,0,0,0,0,0,1000
5890,0,136,3000,500,1000,0,0,0,0,0,0,0,0,0,0,-25,1,0,0,0,-135,0,0,0,0,0,0,1000
5891,0,137,3000,500,1000,0,0,0,0,0,0,0,0,0,0,-25,1,0,0,0,-135,0,0,0,0,0,0,1000
5892,0,138,3000,500,1000,0,0,0,0,0,0,0,0,0,0,-25,1,0,0,0,-135,0,0,0,0,0,0,1000
5893,0,139,3000,500,1000,0,0,0,0,0,0,0,0,0,0,-25,1,0,0,0,-135,0,0,0,0,0,0,1000
5894,0,140,3000,500,1000,0,0,0,0,0,0,0,0,0,0,-25,1,0,0,0,-135,0,0,0,0,0,0,1000
5895,0,141,3000,500,1000,0,0,0,0,0,0,0,0,0,0,-25,1,0,0,0,-135,0,0,0,0,0,0,1000
5896,0,142,3000,500,1000,0,0,0,0,0,0,0,0,0,0,-25,1,0,0,0,-135,0,0,0,0,0,0,1000
5897,0,143,3000,500,1000,0,0,0,0,0,0,0,0,0,0,-25,1,0,0,0,-135,0,0,0,0,0,0,1000
5898,0,144,3000,500,1000,0,0,0,0,0,0,0,0,0,0,-25,1,0,0,0,-135,0,0,0,0,0,0,1000
5899,0,145,3000,500,1000,0,0,0,0,0,0,0,0,0,0,-25,1,0,0,0,-135,0,0,0,0,0,0,1000
5900,0,146,3000,500,1000,0,0,0,0,0,0,0,0,0,0,-25,1,0,0,0,-135,0,0,0,0,0,0,1000
5901,0,147,3000,500,1000,0,0,0,0,0,0,0,0,0,0,-25,1,0,0,0,-135,0,0,0,0,0,0,1000
5902,0,148,3000,500,1000,0,0,0,0,0,0,0,0,0,0,-25,1,0,0,0,-135,0,0,0,0,0,0,1000
5903,0,149,3000,500,1000,0,0,0,0,0,0,0,0,0,0,-25,1,0,0,0,-135,0,0,0,0,0,0,1000
5904,0,150,3000,500,1000,0,0,0,0,0,0,0,0,0,0,-25,1,0,0,0,-135,0,0,0,0,0,0,1000
5905,0,151,3000,500,1000,0,0,0,0,0,0,0,0,0,0,-25,1,0,0,0,-135,0,0,0,0,0,0,1000
5906,0,152,3000,500,1000,0,0,0,0,0,0,0,0,0,0,-25,1,0,0,0,-135,0,0,0,0,0,0,1000
5907,0,153,3000,500,1000,0,0,0,0,0,0,0,0,0,0,-25,1,0,0,0,-135,0,0,0,0,0,0,1000
5908,0,154,3000,500,1000,0,0,0,0,0,0,0,0,0,0,-25,1,0,0,0,-135,0,0,0,0,0,0,1000
5909,0,155,3000,500,1000,0,0,0,0,0,0,0,0,0,0,-25,1,0,0,0,-135,0,0,0,0,0,0,1000
5910,0,156,3000,500,1000,0,0,0,0,0,0,0,0,0,0,-25,1,0,0,0,-135,0,0,0,0,0,0,1000
5911,0,157,3000,500,1000,0,0,0,0,0,0,0,0,0,0,-25,1,0,0,0,-135,0,0,0,0,0,0,1000
5912,0,158,3000,500,1000,0,0,0,0,0,0,0,0,0,0,-25,1,0,0,0,-135,0,0,0,0,0,0,1000
5913,0,159,3000,500,1000,0,0,0,0,0,0,0,0,0,0,-25,1,0,0,0,-135,0,0,0,0,0,0,1000
5914,0,160,3000,500,1000,0,0,0,0,0,0,0,0,0,0,-25,1,0,0,0,-135,0,0,0,0,0,0,1000
5915,0,161,3000,500,1000,0,0,0,0,0,0,0,0,0,0,-25,1,0,0,0,-135,0,0,0,0,0,0,1000
5916,0,162,3000,500,1000,0,0,0,0,0,0,0,0,0,0,-25,1,0,0,0,-135,0,0,0,0,0,0,1000
5917,0,163,3000,500,1000,0,0,0,0,0,0,0,0,0,0,-25,1,0,0,0,-135,0,0,0,0,0,0,1000
5918,0,164,3000,500,1000,0,0,0,0,0,0,0,0,0,0,-25,1,0,0,0,-135,0,0,0,0,0,0,1000
5919,0,165,3000,500,1000,0,0,0,0,0,0,0,0,0,0,-25,1,0,0,0,-135,0,0,0,0,0,0,1000
5920,0,166,3000,500,1000,0,0,0,0,0,0,0,0,0,0,-25,1,0,0,0,-135,0,0,0,0,0,0,1000
5921,0,167,3000,500,1000,0,0,0,0,0,0,0,0,0,0,-25,1,0,0,0,-135,0,0,0,0,0,0,1000
5922,0,168,3000,500,1000,0,0,0,0,0,0,0,0,0,0,-25,1,0,0,0,-135,0,0,0,0,0,0,1000
5923,0,169,3000,500,1000,0,0,0,0,0,0,0,0,0,0,-25,1,0,0,0,-135,0,0,0,0,0,0,1000
5924,0,170,3000,500,1000,0,0,0,0,0,0,0,0,0,0,-25,1,0,0,0,-135,0,0,0,0,0,0,1000
5925,0,171,3000,500,1000,0,0,0,0,0,0,0,0,0,0,-25,1,0,0,0,-135,0,0,0,0,0,0,1000
5926,0,172,3000,500,1000,0,0,0,0,0,0,0,0,0,0,-25,1,0,0,0,-135,0,0,0,0,0,0,1000
5927,0,173,3000,500,1000,0,0,0,0,0,0,0,0,0,0,-25,1,0,0,0,-135,0,0,0,0,0,0,1000
5928,0,174,3000,500,1000,0,0,0,0,0,0,0,0,0,0,-25,1,0,0,0,-135,0,0,0,0,0,0,1000
5929,0,175,3000,500,1000,0,0,0,0,0,0,0,0,0,0,-25,1,0,0,0,-135,0,0,0,0,0,0,1000
5930,0,176,3000,500,1000,0,0,0,0,0,0,0,0,0,0,-25,1,0,0,0,-135,0,0,0,0,0,0,1000
5931,0,177,3000,500,1000,0,0,0,0,0,0,0,0,0,0,-25,1,0,0,0,-135,0,0,0,0,0,0,1000
5932,0,178,3000,500,1000,0,0,0,0,0,0,0,0,0,0,-25,1,0,0,0,-135,0,0,0,0,0,0,1000
5933,0,179,3000,500,1000,0,0,0,0,0,0,0,0,0,0,-25,1,0,0,0,-135,0,0,0,0,0,0,1000
5934,0,180,3000,500,1000,0,0,0,0,0,0,0,0,0,0,-25,1,0,0,0,-135,0,0,0,0,0,0,1000
5935,0,181,3000,500,1000,0,0,0,0,0,0,0,0,0,0,-25,1,0,0,0,-135,0,0,0,0,0,0,1000
5936,0,182,3000,500,1000,0,0,0,0,0,0,0,0,0,0,-25,1,0,0,0,-135,0,0,0,0,0,0,1000
5937,0,183,3000,500,1000,0,0,0,0,0,0,0,0,0,0,-25,1,0,0,0,-135,0,0,0,0,0,0,1000
5938,0,184,3000,500,1000,0,0,0,0,0,0,0,0,0,0,-25,1,0,0,0,-135,0,0,0,0,0,0,1000
5939,0,185,3000,500,1000,0,0,0,0,0,0,0,0,0,0,-25,1,0,0,0,-135,0,0,0,0,0,0,1000
5940,0,186,3000,500,1000,0,0,0,0,0,0,0,0,0,0,-25,1,0,0,0,-135,0,0,0,0,0,0,1000
5941,0,187,3000,500,1000,0,0,0,0,0,0,0,0,0,0,-25,1,0,0,0,-135,0,0,0,0,0,0,1000
5942,0,188,3000,500,1000,0,0,0,0,0,0,0,0,0,0,-25,1,0,0,0,-135,0,0,0,0,0,0,1000
5943,0,189,3000,500,1000,0,0,0,0,0,0,0,0,0,0,-25,1,0,0,0,-135,0,0,0,0,0,0,1000
5944,0,190,3000,500,1000,0,0,0,0,0,0,0,0,0,0,-25,1,0,0,0,-135,0,0,0,0,0,0,1000
5945,0,191,3000,500,1000,0,0,0,0,0,0,0,0,0,0,-25,1,0,0,0,-135,0,0,0,0,0,0,1000
5946,0,192,3000,500,1000,0,0,0,0,0,0,0,0,0,0,-25,1,0,0,0,-135,0,0,0,0,0,0,1000
5947,0,193,3000,500,1000,0,0,0,0,0,0,0,0,0,0,-25,1,0,0,0,-135,0,0,0,0,0,0,1000
5948,0,194,3000,500,1000,0,0,0,0,0,0,0,0,0,0,-25,1,0,0,0,-135,0,0,0,0,0,0,1000
5949,0,195,3000,500,1000,0,0,0,0,0,0,0,0,0,0,-25,1,0,0,0,-135,0,0,0,0,0,0,1000
5950,0,196,3000,500,1000,0,0,0,0,0,0,0,0,0,0,-25,1,0,0,0,-135,0,0,0,0,0,0,1000
5951,0,197,3000,500,1000,0,0,0,0,0,0,0,0,0,0,-25,1,0,0,0,-135,0,0,0,0,0,0,1000
5952,0,198,3000,500,1000,0,0,0,0,0,0,0,0,0,0,-25,1,0,0,0,-135,0,0,0,0,0,0,1000
5953,0,199,3000,500,1000,0,0,0,0,0,0,0,0,0,0,-25,1,0,0,0,-135,0,0,0,0,0,0,1000
5954,0,200,3000,500,1000,0,0,0,0,0,0,0,0,0,0,-25,1,0,0,0,-135,0,0,0,0,0,0,1000
5955,0,201,3000,500,1000,0,0,0,0,0,0,0,0,0,0,-25,1,0,0,0,-135,0,0,0,0,0,0,1000
5956,0,202,3000,500,1000,0,0,0,0,0,0,0,0,0,0,-25,1,0,0,0,-135,0,0,0,0,0,0,1000
5957,0,203,3000,500,1000,0,0,0,0,0,0,0,0,0,0,-25,1,0,0,0,-135,0,0,0,0,0,0,1000
5958,0,204,3000,500,1000,0,0,0,0,0,0,0,0,0,0,-25,1,0,0,0,-135,0,0,0,0,0,0,1000
5959,0,205,3000,500,1000,0,0,0,0,0,0,0,0,0,0,-25,1,0,0,0,-135,0,0,0,0,0,0,1000
5960,0,206,3000,500,1000,0,0,0,0,0,0,0,0,0,0,-25,1,0,0,0,-135,0,0,0,0,0,0,1000
5961,0,207,3000,500,1000,0,0,0,0,0,0,0,0,0,0,-25,1,0,0,0,-135,0,0,0,0,0,0,1000
5962,0,208,3000,500,1000,0,0,0,0,0,0,0,0,0,0,-25,1,0,0,0,-135,0,0,0,0,0,0,1000
5963,0,209,3000,500,1000,0,0,0,0,0,0,0,0,0,0,-25,1,0,0,0,-135,0,0,0,0,0,0,1000
5964,0,210,3000,500,1000,0,0,0,0,0,0,0,0,0,0,-25,1,0,0,0,-135,0,0,0,0,0,0,1000
5965,0,211,3000,500,1000,0,0,0,0,0,0,0,0,0,0,-25,1,0,0,0,-135,0,0,0,0,0,0,1000
5966,0,212,3000,500,1000,0,0,0,0,0,0,0,0,0,0,-25,1,0,0,0,-135,0,0,0,0,0,0,1000
5967,0,213,3000,500,1000,0,0,0,0,0,0,0,0,0,0,-25,1,0,0,0,-135,0,0,0,0,0,0,1000
5968,0,214,3000,500,1000,0,0,0,0,0,0,0,0,0,0,-25,1,0,0,0,-135,0,0,0,0,0,0,1000
5969,0,215,3000,500,1000,0,0,0,0,0,0,0,0,0,0,-25,1,0,0,0,-135,0,0,0,0,0,0,1000
5970,0,216,3000,500,1000,0,0,0,0,0,0,0,0,0,0,-25,1,0,0,0,-135,0,0,0,0,0,0,1000
5971,0,217,3000,500,1000,0,0,0,0,0,0,0,0,0,0,-25,1,0,0,0,-135,0,0,0,0,0,0,1000
5972,0,218,3000,500,1000,0,0,0,0,0,0,0,0,0,0,-25,1,0,0,0,-135,0,0,0,0,0,0,1000
5973,0,219,3000,500,1000,0,0,0,0,0,0,0,0,0,0,-25,1,0,0,0,-135,0,0,0,0,0,0,1000
5974,0,220,3000,500,1000,0,0,0,0,0,0,0,0,0,0,-25,1,0,0,0,-135,0,0,0,0,0,0,1000
5975,0,221,3000,500,1000,0,0,0,0,0,0,0,0,0,0,-25,1,0,0,0,-135,0,0,0,0,0,0,1000
5976,0,222,3000,500,1000,0,0,0,0,0,0,0,0,0,0,-25,1,0,0,0,-135,0,0,0,0,0,0,1000
5977,0,223,3000,500,1000,0,0,0,0,0,0,0,0,0,0,-25,1,0,0,0,-135,0,0,0,0,0,0,1000
5978,0,224,3000,500,1000,0,0,0,0,0,0,0,0,0,0,-25,1,0,0,0,-135,0,0,0,0,0,0,1000
5979,0,225,3000,500,1000,0,0,0,0,0,0,0,0,0,0,-25,1,0,0,0,-135,0,0,0,0,0,0,1000
5980,0,226,3000,500,1000,0,0,0,0,0,0,0,0,0,0,-25,1,0,0,0,-135,0,0,0,0,0,0,1000
5981,0,227,3000,500,1000,0,0,0,0,0,0,0,0,0,0,-25,1,0,0,0,-135,0,0,0,0,0,0,1000
5982,0,228,3000,500,1000,0,0,0,0,0,0,0,0,0,0,-25,1,0,0,0,-135,0,0,0,0,0,0,1000
5983,0,229,3000,500,1000,0,0,0,0,0,0,0,0,0,0,-25,1,0,0,0,-135,0,0,0,0,0,0,1000
5984,0,230,3000,500,1000,0,0,0,0,0,0,0,0,0,0,-25,1,0,0,0,-135,0,0,0,0,0,0,1000
5985,0,231,3000,500,1000,0,0,0,0,0,0,0,0,0,0,-25,1,0,0,0,-135,0,0,0,0,0,0,1000
5986,0,232,3000,500,1000,0,0,0,0,0,0,0,0,0,0,-25,1,0,0,0,-135,0,0,0,0,0,0,1000
5987,0,233,3000,500,1000,0,0,0,0,0,0,0,0,0,0,-25,1,0,0,0,-135,0,0,0,0,0,0,1000
5988,0,234,3000,500,1000,0,0,0,0,0,0,0,0,0,0,-25,1,0,0,0,-135,0,0,0,0,0,0,1000
5989,0,235,3000,500,1000,0,0,0,0,0,0,0,0,0,0,-25,1,0,0,0,-135,0,0,0,0,0,0,1000
5990,0,236,3000,500,1000,0,0,0,0,0,0,0,0,0,0,-25,1,0,0,0,-135,0,0,0,0,0,0,1000
5991,0,237,3000,500,1000,0,0,0,0,0,0,0,0,0,0,-25,1,0,0,0,-135,0,0,0,0,0,0,1000
5992,0,238,3000,500,1000,0,0,0,0,0,0,0,0,0,0,-25,1,0,0,0,-135,0,0,0,0,0,0,1000
5993,0,239,3000,500,1000,0,0,0,0,0,0,0,0,0,0,-25,1,0,0,0,-135,0,0,0,0,0,0,1000
5994,0,240,3000,500,1000,0,0,0,0,0,0,0,0,0,0,-25,1,0,0,0,-135,0,0,0,0,0,0,1000
5995,0,241,3000,500,1000,0,0,0,0,0,0,0,0,0,0,-25,1,0,0,0,-135,0,0,0,0,0,0,1000
5996,0,242,3000,500,1000,0,0,0,0,0,0,0,0,0,0,-25,1,0,0,0,-135,0,0,0,0,0,0,1000
5997,0,243,3000,500,1000,0,0,0,0,0,0,0,0,0,0,-25,1,0,0,0,-135,0,0,0,0,0,0,1000
5998,0,244,3000,500,1000,0,0,0,0,0,0,0,0,0,0,-25,1,0,0,0,-135,0,0,0,0,0,0,1000
5999,0,245,3000,500,1000,0,0,0,0,0,0,0,0,0,0,-25,1,0,0,0,-135,0,0,0,0,0,0,1000
6000,0,246,3000,500,1000,0,0,0,0,0,0,0,0,0,0,-25,1,0,0,0,-135,0,0,0,0,0,0,1000
6001,0,247,3000,500,1000,0,0,0,0,0,0,0,0,0,0,-25,1,0,0,0,-135,0,0,0,0,0,0,1000
6002,0,248,3000,500,1000,0,0,0,0,0,0,0,0,0,0,-25,1,0,0,0,-135,0,0,0,0,0,0,1000
6003,0,249,3000,500,1000,0,0,0,0,0,0,0,0,0,0,-25,1,0,0,0,-135,0,0,0,0,0,0,1000
6004,0,250,3000,500,1000,0,0,0,0,0,0,0,0,0,0,-25,1,0,0,0,-135,0,0,0,0,0,0,1000
6005,0,251,3000,500,1000,0,0,0,0,0,0,0,0,0,0,-25,1,0,0,0,-135,0,0,0,0,0,0,1000
6006,0,252,3000,500,1000,0,0,0,0,0,0,0,0,0,0,-25,1,0,0,0,-135,0,0,0,0,0,0,1000
6007,0,253,3000,500,1000,0,0,0,0,0,0,0,0,0,0,-25,1,0,0,0,-135,0,0,0,0,0,0,1000
6008,0,254,3000,500,1000,0,0,0,0,0,0,0,0,0,0,-25,1,0,0,0,-135,0,0,0,0,0,0,1000
6009,0,255,3000,500,1000,0,0,0,0,0,0,0,0,0,0,-25,1,0,0,0,-135,0,0,0,0,0,0,1000
6010,0,1,3000,500,1000,0,0,0,0,0,0,0,0,0,0,55,1,0,0,0,-135,0,0,0,0,0,0,1000
6011,0,2,3000,500,1000,0,0,0,0,0,0,0,0,0,0,55,1,0,0,0,-135,0,0,0,0,0,0,1000
6012,0,3,3000,500,1000,0,0,0,0,0,0,0,0,0,0,55,1,0,0,0,-135,0,0,0,0,0,0,1000
6013,0,4,3000,500,1000,0,0,0,0,0,0,0,0,0,0,55,1,0,0,0,-135,0,0,0,0,0,0,1000
6014,0,5,3000,500,1000,0,0,0,0,0,0,0,0,0,0,55,1,0,0,0,-135,0,0,0,0,0,0,1000
6015,0,6,3000,500,1000,0,0,0,0,0,0,0,0,0,0,55,1,0,0,0,-135,0,0,0,0,0,0,1000
6016,0,7,3000,500,1000,0,0,0,0,0,0,0,0,0,0,55,1,0,0,0,-135,0,0,0,0,0,0,1000
6017,0,8,3000,500,1000,0,0,0,0,0,0,0,0,0,0,55,1,0,0,0,-135,0,0,0,0,0,0,1000
6018,0,9,3000,500,1000,0,0,0,0,0,0,0,0,0,0,55,1,0,0,0,-135,0,0,0,0,0,0,1000
6019,10,1,3000,500,1000,0,0,0,0,0,0,0,0,0,0,55,1,0,0,0,-135,0,0,0,0,0,0,1000
6020,10,2,3000,500,1000,0,0,0,0,0,0,0,0,0,0,55,1,0,0,0,-135,0,0,0,0,0,0,1000
6021,10,3,3000,500,1000,0,0,0,0,0,0,0,0,0,0,55,1,0,0,0,-135,0,0,0,0,0,0,1000
6022,10,4,3000,500,1000,0,0,0,0,0,0,0,0,0,0,55,1,0,0,0,-135,0,0,0,0,0,0,1000
6023,10,5,3000,500,1000,0,0,0,0,0,0,0,0,0,0,55,1,0,0,0,-135,0,0,0,0,0,0,1000
6024,10,6,3000,500,1000,0,0,0,0,0,0,0,0,0,0,55,1,0,0,0,-135,0,0,0,0,0,0,1000
6025,1020,1,3000,500,1000,0,0,0,0,0,0,0,0,0,0,55,1,0,0,0,-135,0,0,0,0,0,0,1000
6026,1020,2,3000,500,1000,0,0,0,0,0,0,0,0,0,0,55,1,0,0,0,-135,0,0,0,0,0,0,1000
6027,1020,3,3000,500,1000,0,0,0,0,0,0,0,0,0,0,55,1,0,0,0,-135,0,0,0,0,0,0,1000
6028,1020,4,3000,500,1000,0,0,0,0,0,0,0,0,0,0,55,1,0,0,0,-135,0,0,0,0,0,0,1000
6029,1020,5,3000,500,1000,0,0,0,0,0,0,0,0,0,0,55,1,0,0,0,-135,0,0,0,0,0,0,1000
6030,1020,6,3000,500,1000,0,0,0,0,0,0,0,0,0,0,55,1,0,0,0,-135,0,0,0,0,0,0,1000
6031,1020,7,3000,500,1000,0,0,0,0,0,0,0,0,0,0,55,1,0,0,0,-135,0,0,0,0,0,0,1000
6032,1020,8,3000,500,1000,0,0,0,0,0,0,0,0,0,0,141,1,0,0,0,-135,0,0,0,0,0,0,1000
6033,1020,9,3000,500,1000,0,0,0,0,0,0,0,0,0,0,141,1,0,0,0,-135,0,0,0,0,0,0,1000
6034,1020,10,3000,500,1000,0,0,0,0,0,0,0,0,0,0,141,1,0,0,0,-135,0,0,0,0,0,0,1000
6035,1020,11,3000,500,1000,0,0,0,0,0,0,0,0,0,0,141,1,0,0,0,-135,0,0,0,0,0,0,1000
6036,1020,12,3000,500,1000,0,0,0,0,0,0,0,0,0,0,141,1,0,0,0,-135,0,0,0,0,0,0,1000
6037,1020,12,4030,500,937,0,0,0,0,0,0,0,0,0,0,141,1,0,0,0,-135,0,0,0,0,0,0,2018
6038,1020,12,4030,500,937,0,0,0,0,0,0,0,0,0,0,141,1,0,0,0,-135,0,0,0,0,0,0,2018
6039,1020,12,4030,500,937,0,0,0,0,0,0,0,0,0,0,141,1,0,0,0,-135,0,0,0,0,0,0,2018
6040,1020,12,4030,500,937,0,0,0,0,0,0,0,0,0,0,141,1,0,0,0,-135,0,0,0,0,0,0,2018
6041,1020,12,4030,500,937,0,0,0,0,0,0,0,0,0,0,141,1,0,0,0,-135,0,0,0,0,0,0,2018
6042,1020,12,4030,500,937,0,0,0,0,0,0,0,0,0,0,141,1,0,0,0,-135,0,0,0,0,0,0,2018
6043,1020,13,4030,500,937,0,0,0,0,0,0,0,0,0,0,135.8000030517578,1,0,0,0,-135,0,0,0,0,0,0,2018
6044,1020,14,4030,500,937,0,0,0,0,0,0,0,0,0,0,132.16000366210938,1,0,0,0,-135,0,0,0,0,0,0,2018
6045,1020,15,4030,500,937,0,0,0,0,0,0,0,0,0,0,129.61199951171875,1,0,0,0,-135,0,0,0,0,0,0,2018
6046,1020,16,4030,500,937,0,0,0,0,0,0,0,0,0,0,124.32839965820312,1,0,0,0,-135,0,0,0,0,0,0,2018
6047,1020,17,4030,500,937,0,0,0,0,0,0,0,0,0,0,115.80709838867188,1,0,0,0,-131.5,0,0,0,0,0,0,2018
6048,1020,18,4030,500,937,0,0,0,0,0,0,0,0,0,0,113.30709838867188,1,0,0,0,-128.5,0,0,0,0,0,0,2018
6049,1020,19,4030,500,937,0,0,0,0,0,0,0,0,0,0,111.30709838867188,1,0,0,0,-126,0,0,0,0,0,0,2018
6050,1020,20,4030,500,937,0,0,0,0,0,0,0,0,0,0,109.55709838867188,1,0,0,0,-124,0,0,0,0,0,0,2018
6051,1020,21,4030,500,937,0,0,0,0,0,0,0,0,0,0,108.05709838867188,1,0,0,0,-122.25,0,0,0,0,0,0,2018
6052,1020,22,4030,500,937,0,0,0,0,0,0,0,0,0,0,106.80709838867188,1,0,0,0,-120.75,0,0,0,0,0,0,2018
6053,1020,23,4030,500,937,0,0,0,0,0,0,0,0,0,0,105.55709838867188,1,0,0,0,-119.5,0,0,0,0,0,0,2018
6054,1020,24,4030,500,937,0,0,0,0,0,0,0,0,0,0,105.55709838867188,1,0,0,0,-118.25,0,0,0,0,0,0,2018
6055,1020,25,4030,500,937,0,0,0,0,0,0,0,0,0,0,105.55709838867188,1,0,0,0,-118.25,0,0,0,0,0,0,2018
6056,1020,26,4030,500,937,0,0,0,0,0,0,0,0,0,0,105.55709838867188,1,0,0,0,-118.25,0,0,0,0,0,0,2018
6057,1020,27,4030,500,937,0,0,0,0,0,0,0,0,0,0,105.55709838867188,1,0,0,0,-118.25,0,0,0,0,0,0,2018
6058,1020,28,4030,500,937,0,0,0,0,0,0,0,0,0,0,105.55709838867188,1,0,0,0,-118.25,0,0,0,0,0,0,2018
6059,1020,29,4030,500,937,0,0,0,0,0,0,0,0,0,0,105.55709838867188,1,0,0,0,-118.25,0,0,0,0,0,0,2018
6060,0,1,4030,500,937,0,0,0,0,0,0,0,0,0,0,105.55709838867188,1,0,0,0,-118.25,0,0,0,0,0,0,2018
6061,0,2,4030,500,937,0,0,0,0,0,0,0,0,0,0,105.55709838867188,1,0,0,0,-118.25,0,0,0,0,0,0,2018
6062,0,3,4030,500,937,0,0,0,0,0,0,0,0,0,0,105.55709838867188,1,0,0,0,-118.25,0,0,0,0,0,0,2018
6063,0,4,4030,500,937,0,0,0,0,0,0,0,0,0,0,105.55709838867188,1,0,0,0,-118.25,0,0,0,0,0,0,2018
6064,0,5,4030,500,937,0,0,0,0,0,0,0,0,0,0,105.55709838867188,1,0,0,0,-118.25,0,0,0,0,0,0,2018
6065,0,6,4030,500,937,0,0,0,0,0,0,0,0,0,0,105.55709838867188,1,0,0,0,-118.25,0,0,0,0,0,0,2018
6066,0,7,4030,500,937,0,0,0,0,0,0,0,0,0,0,105.55709838867188,1,0,0,0,-118.25,0,0,0,0,0,0,2018
6067,0,8,4030,500,937,0,0,0,0,0,0,0,0,0,0,105.55709838867188,1,0,0,0,-118.25,0,0,0,0,0,0,2018
6068,0,9,4030,500,937,0,0,0,0,0,0,0,0,0,0,105.55709838867188,1,0,0,0,-118.25,0,0,0,0,0,0,2018
6069,0,10,4030,500,937,0,0,0,0,0,0,0,0,0,0,105.55709838867188,1,0,0,0,-118.25,0,0,0,0,0,0,2018
6070,0,11,4030,500,937,0,0,0,0,0,0,0,0,0,0,105.55709838867188,1,0,0,0,-118.25,0,0,0,0,0,0,2018
6071,0,12,4030,500,937,0,0,0,0,0,0,0,0,0,0,105.55709838867188,1,0,0,0,-118.25,0,0,0,0,0,0,2018
6072,0,13,4030,500,937,0,0,0,0,0,0,0,0,0,0,105.55709838867188,1,0,0,0,-118.25,0,0,0,0,0,0,2018
6073,0,14,4030,500,937,0,0,0,0,0,0,0,0,0,0,105.55709838867188,1,0,0,0,-118.25,0,0,0,0,0,0,2018
6074,0,15,4030,500,937,0,0,0,0,0,0,0,0,0,0,105.55709838867188,1,0,0,0,-118.25,0,0,0,0,0,0,2018
6075,0,16,4030,500,937,0,0,0,0,0,0,0,0,0,0,105.55709838867188,1,0,0,0,-118.25,0,0,0,0,0,0,2018
6076,0,17,4030,500,937,0,0,0,0,0,0,0,0,0,0,105.55709838867188,1,0,0,0,-118.25,0,0,0,0,0,0,2018
6077,0,18,4030,500,937,0,0,0,0,0,0,0,0,0,0,105.55709838867188,1,0,0,0,-118.25,0,0,0,0,0,0,2018
6078,0,19,4030,500,937,0,0,0,0,0,0,0,0,0,0,105.55709838867188,1,0,0,0,-118.25,0,0,0,0,0,0,2018
6079,0,20,4030,500,937,0,0,0,0,0,0,0,0,0,0,105.55709838867188,1,0,0,0,-118.25,0,0,0,0,0,0,2018
6080,0,21,4030,500,937,0,0,0,0,0,0,0,0,0,0,105.55709838867188,1,0,0,0,-118.25,0,0,0,0,0,0,2018
6081,0,22,4030,500,937,0,0,0,0,0,0,0,0,0,0,105.55709838867188,1,0,0,0,-118.25,0,0,0,0,0,0,2018
6082,0,23,4030,500,937,0,0,0,0,0,0,0,0,0,0,105.55709838867188,1,0,0,0,-118.25,0,0,0,0,0,0,2018
6083,0,24,4030,500,937,0,0,0,0,0,0,0,0,0,0,105.55709838867188,1,0,0,0,-118.25,0,0,0,0,0,0,2018
6084,0,25,4030,500,937,0,0,0,0,0,0,0,0,0,0,105.55709838867188,1,0,0,0,-118.25,0,0,0,0,0,0,2018
6085,0,26,4030,500,937,0,0,0,0,0,0,0,0,0,0,105.55709838867188,1,0,0,0,-118.25,0,0,0,0,0,0,2018
6086,0,27,4030,500,937,0,0,0,0,0,0,0,0,0,0,105.55709838867188,1,0,0,0,-118.25,0,0,0,0,0,0,2018
6087,0,28,4030,500,937,0,0,0,0,0,0,0,0,0,0,105.55709838867188,1,0,0,0,-118.25,0,0,0,0,0,0,2018
6088,0,29,4030,500,937,0,0,0,0,0,0,0,0,0,0,105.55709838867188,1,0,0,0,-118.25,0,0,0,0,0,0,2018
6089,0,30,4030,500,937,0,0,0,0,0,0,0,0,0,0,105.55709838867188,1,0,0,0,-118.25,0,0,0,0,0,0,2018
6090,0,31,4030,500,937,0,0,0,0,0,0,0,0,0,0,105.55709838867188,1,0,0,0,-118.25,0,0,0,0,0,0,2018
6091,0,32,4030,500,937,0,0,0,0,0,0,0,0,0,0,105.55709838867188,1,0,0,0,-118.25,0,0,0,0,0,0,2018
6092,0,33,4030,500,937,0,0,0,0,0,0,0,0,0,0,105.55709838867188,1,0,0,0,-118.25,0,0,0,0,0,0,2018
6093,0,34,4030,500,937,0,0,0,0,0,0,0,0,0,0,105.55709838867188,1,0,0,0,-118.25,0,0,0,0,0,0,2018
6094,0,35,4030,500,937,0,0,0,0,0,0,0,0,0,0,105.55709838867188,1,0,0,0,-118.25,0,0,0,0,0,0,2018
6095,0,36,4030,500,937,0,0,0,0,0,0,0,0,0,0,105.55709838867188,1,0,0,0,-118.25,0,0,0,0,0,0,2018
6096,0,37,4030,500,937,0,0,0,0,0,0,0,0,0,0,105.55709838867188,1,0,0,0,-118.25,0,0,0,0,0,0,2018
6097,0,38,4030,500,937,0,0,0,0,0,0,0,0,0,0,105.55709838867188,1,0,0,0,-118.25,0,0,0,0,0,0,2018
6098,0,39,4030,500,937,0,0,0,0,0,0,0,0,0,0,105.55709838867188,1,0,0,0,-118.25,0,0,0,0,0,0,2018
6099,0,40,4030,500,937,0,0,0,0,0,0,0,0,0,0,105.55709838867188,1,0,0,0,-118.25,0,0,0,0,0,0,2018
6100,0,41,4030,500,937,0,0,0,0,0,0,0,0,0,0,105.55709838867188,1,0,0,0,-118.25,0,0,0,0,0,0,2018
6101,0,42,4030,500,937,0,0,0,0,0,0,0,0,0,0,105.55709838867188,1,0,0,0,-118.25,0,0,0,0,0,0,2018
6102,0,43,4030,500,937,0,0,0,0,0,0,0,0,0,0,105.55709838867188,1,0,0,0,-118.25,0,0,0,0,0,0,2018
6103,0,44,4030,500,937,0,0,0,0,0,0,0,0,0,0,105.55709838867188,1,0,0,0,-118.25,0,0,0,0,0,0,2018
6104,0,45,4030,500,937,0,0,0,0,0,0,0,0,0,0,105.55709838867188,1,0,0,0,-118.25,0,0,0,0,0,0,2018
6105,0,46,4030,500,937,0,0,0,0,0,0,0,0,0,0,105.55709838867188,1,0,0,0,-118.25,0,0,0,0,0,0,2018
6106,0,47,4030,500,937,0,0,0,0,0,0,0,0,0,0,105.55709838867188,1,0,0,0,-118.25,0,0,0,0,0,0,2018
6107,0,48,4030,500,937,0,0,0,0,0,0,0,0,0,0,105.55709838867188,1,0,0,0,-118.25,0,0,0,0,0,0,2018
6108,0,49,4030,500,937,0,0,0,0,0,0,0,0,0,0,105.55709838867188,1,0,0,0,-118.25,0,0,0,0,0,0,2018
6109,0,50,4030,500,937,0,0,0,0,0,0,0,0,0,0,105.55709838867188,1,0,0,0,-118.25,0,0,0,0,0,0,2018
6110,0,51,4030,500,937,0,0,0,0,0,0,0,0,0,0,105.55709838867188,1,0,0,0,-118.25,0,0,0,0,0,0,2018
6111,0,52,4030,500,937,0,0,0,0,0,0,0,0,0,0,105.55709838867188,1,0,0,0,-118.25,0,0,0,0,0,0,2018
6112,0,53,4030,500,937,0,0,0,0,0,0,0,0,0,0,105.55709838867188,1,0,0,0,-118.25,0,0,0,0,0,0,2018
6113,0,54,4030,500,937,0,0,0,0,0,0,0,0,0,0,105.55709838867188,1,0,0,0,-118.25,0,0,0,0,0,0,2018
6114,0,55,4030,500,937,0,0,0,0,0,0,0,0,0,0,105.55709838867188,1,0,0,0,-118.25,0,0,0,0,0,0,2018
6115,0,56,4030,500,937,0,0,0,0,0,0,0,0,0,0,105.55709838867188,1,0,0,0,-118.25,0,0,0,0,0,0,2018
6116,0,57,4030,500,937,0,0,0,0,0,0,0,0,0,0,105.55709838867188,1,0,0,0,-118.25,0,0,0,0,0,0,2018
6117,0,58,4030,500,937,0,0,0,0,0,0,0,0,0,0,105.55709838867188,1,0,0,0,-118.25,0,0,0,0,0,0,2018
6118,0,59,4030,500,937,0,0,0,0,0,0,0,0,0,0,105.55709838867188,1,0,0,0,-118.25,0,0,0,0,0,0,2018
6119,0,60,4030,500,937,0,0,0,0,0,0,0,0,0,0,105.55709838867188,1,0,0,0,-118.25,0,0,0,0,0,0,2018
6120,0,61,4030,500,937,0,0,0,0,0,0,0,0,0,0,105.55709838867188,1,0,0,0,-118.25,0,0,0,0,0,0,2018
6121,0,62,4030,500,937,0,0,0,0,0,0,0,0,0,0,105.55709838867188,1,0,0,0,-118.25,0,0,0,0,0,0,2018
6122,0,63,4030,500,937,0,0,0,0,0,0,0,0,0,0,105.55709838867188,1,0,0,0,-118.25,0,0,0,0,0,0,2018
6123,0,64,4030,500,937,0,0,0,0,0,0,0,0,0,0,105.55709838867188,1,0,0,0,-118.25,0,0,0,0,0,0,2018
6124,0,65,4030,500,937,0,0,0,0,0,0,0,0,0,0,105.55709838867188,1,0,0,0,-118.25,0,0,0,0,0,0,2018
6125,0,66,4030,500,937,0,0,0,0,0,0,0,0,0,0,105.55709838867188,1,0,0,0,-118.25,0,0,0,0,0,0,2018
6126,0,67,4030,500,937,0,0,0,0,0,0,0,0,0,0,105.55709838867188,1,0,0,0,-118.25,0,0,0,0,0,0,2018
6127,0,68,4030,500,937,0,0,0,0,0,0,0,0,0,0,105.55709838867188,1,0,0,0,-118.25,0,0,0,0,0,0,2018
6128,0,69,4030,500,937,0,0,0,0,0,0,0,0,0,0,105.55709838867188,1,0,0,0,-118.25,0,0,0,0,0,0,2018
6129,0,70,4030,500,937,0,0,0,0,0,0,0,0,0,0,105.55709838867188,1,0,0,0,-118.25,0,0,0,0,0,0,2018
6130,0,71,4030,500,937,0,0,0,0,0,0,0,0,0,0,105.55709838867188,1,0,0,0,-118.25,0,0,0,0,0,0,2018
6131,0,72,4030,500,937,0,0,0,0,0,0,0,0,0,0,105.55709838867188,1,0,0,0,-118.25,0,0,0,0,0,0,2018
6132,0,73,4030,500,937,0,0,0,0,0,0,0,0,0,0,105.55709838867188,1,0,0,0,-118.25,0,0,0,0,0,0,2018
6133,0,74,4030,500,937,0,0,0,0,0,0,0,0,0,0,105.55709838867188,1,0,0,0,-118.25,0,0,0,0,0,0,2018
6134,0,75,4030,500,937,0,0,0,0,0,0,0,0,0,0,105.55709838867188,1,0,0,0,-118.25,0,0,0,0,0,0,2018
6135,0,76,4030,500,937,0,0,0,0,0,0,0,0,0,0,105.55709838867188,1,0,0,0,-118.25,0,0,0,0,0,0,2018
6136,0,77,4030,500,937,0,0,0,0,0,0,0,0,0,0,105.55709838867188,1,0,0,0,-118.25,0,0,0,0,0,0,2018
6137,0,78,4030,500,937,0,0,0,0,0,0,0,0,0,0,105.55709838867188,1,0,0,0,-118.25,0,0,0,0,0,0,2018
6138,0,79,4030,500,937,0,0,0,0,0,0,0,0,0,0,105.55709838867188,1,0,0,0,-118.25,0,0,0,0,0,0,2018
6139,0,80,4030,500,937,0,0,0,0,0,0,0,0,0,0,105.55709838867188,1,0,0,0,-118.25,0,0,0,0,0,0,2018
6140,0,81,4030,500,937,0,0,0,0,0,0,0,0,0,0,105.55709838867188,1,0,0,0,-118.25,0,0,0,0,0,0,2018
6141,0,82,4030,500,937,0,0,0,0,0,0,0,0,0,0,105.55709838867188,1,0,0,0,-118.25,0,0,0,0,0,0,2018
6142,0,83,4030,500,937,0,0,0,0,0,0,0,0,0,0,105.55709838867188,1,0,0,0,-118.25,0,0,0,0,0,0,2018
6143,0,84,4030,500,937,0,0,0,0,0,0,0,0,0,0,105.55709838867188,1,0,0,0,-118.25,0,0,0,0,0,0,2018
6144,0,85,4030,500,937,0,0,0,0,0,0,0,0,0,0,105.55709838867188,1,0,0,0,-118.25,0,0,0,0,0,0,2018
6145,0,86,4030,500,937,0,0,0,0,0,0,0,0,0,0,105.55709838867188,1,0,0,0,-118.25,0,0,0,0,0,0,2018
6146,0,87,4030,500,937,0,0,0,0,0,0,0,0,0,0,105.55709838867188,1,0,0,0,-118.25,0,0,0,0,0,0,2018
6147,0,88,4030,500,937,0,0,0,0,0,0,0,0,0,0,105.55709838867188,1,0,0,0,-118.25,0,0,0,0,0,0,2018
6148,0,89,4030,500,937,0,0,0,0,0,0,0,0,0,0,105.55709838867188,1,0,0,0,-118.25,0,0,0,0,0,0,2018
6149,0,90,4030,500,937,0,0,0,0,0,0,0,0,0,0,105.55709838867188,1,0,0,0,-118.25,0,0,0,0,0,0,2018
6150,0,91,4030,500,937,0,0,0,0,0,0,0,0,0,0,105.55709838867188,1,0,0,0,-118.25,0,0,0,0,0,0,2018
6151,0,92,4030,500,937,0,0,0,0,0,0,0,0,0,0,105.55709838867188,1,0,0,0,-118.25,0,0,0,0,0,0,2018
6152,0,93,4030,500,937,0,0,0,0,0,0,0,0,0,0,105.55709838867188,1,0,0,0,-118.25,0,0,0,0,0,0,2018
6153,0,94,4030,500,937,0,0,0,0,0,0,0,0,0,0,105.55709838867188,1,0,0,0,-118.25,0,0,0,0,0,0,2018
6154,0,95,4030,500,937,0,0,0,0,0,0,0,0,0,0,105.55709838867188,1,0,0,0,-118.25,0,0,0,0,0,0,2018
6155,0,96,4030,500,937,0,0,0,0,0,0,0,0,0,0,105.55709838867188,1,0,0,0,-118.25,0,0,0,0,0,0,2018
6156,0,97,4030,500,937,0,0,0,0,0,0,0,0,0,0,105.55709838867188,1,0,0,0,-118.25,0,0,0,0,0,0,2018
6157,0,98,4030,500,937,0,0,0,0,0,0,0,0,0,0,105.55709838867188,1,0,0,0,-118.25,0,0,0,0,0,0,2018
6158,0,99,4030,500,937,0,0,0,0,0,0,0,0,0,0,105.55709838867188,1,0,0,0,-118.25,0,0,0,0,0,0,2018
6159,0,100,4030,500,937,0,0,0,0,0,0,0,0,0,0,105.55709838867188,1,0,0,0,-118.25,0,0,0,0,0,0,2018
6160,0,101,4030,500,937,0,0,0,0,0,0,0,0,0,0,105.55709838867188,1,0,0,0,-118.25,0,0,0,0,0,0,2018
6161,0,102,4030,500,937,0,0,0,0,0,0,0,0,0,0,105.55709838867188,1,0,0,0,-118.25,0,0,0,0,0,0,2018
6162,0,103,4030,500,937,0,0,0,0,0,0,0,0,0,0,105.55709838867188,1,0,0,0,-118.25,0,0,0,0,0,0,2018
6163,0,104,4030,500,937,0,0,0,0,0,0,0,0,0,0,105.55709838867188,1,0,0,0,-118.25,0,0,0,0,0,0,2018
6164,0,105,4030,500,937,0,0,0,0,0,0,0,0,0,0,105.55709838867188,1,0,0,0,-118.25,0,0,0,0,0,0,2018
6165,0,106,4030,500,937,0,0,0,0,0,0,0,0,0,0,105.55709838867188,1,0,0,0,-118.25,0,0,0,0,0,0,2018
6166,0,107,4030,500,937,0,0,0,0,0,0,0,0,0,0,105.55709838867188,1,0,0,0,-118.25,0,0,0,0,0,0,2018
6167,0,108,4030,500,937,0,0,0,0,0,0,0,0,0,0,105.55709838867188,1,0,0,0,-118.25,0,0,0,0,0,0,2018
6168,0,109,4030,500,937,0,0,0,0,0,0,0,0,0,0,105.55709838867188,1,0,0,0,-118.25,0,0,0,0,0,0,2018
6169,0,110,4030,500,937,0,0,0,0,0,0,0,0,0,0,105.55709838867188,1,0,0,0,-118.25,0,0,0,0,0,0,2018
6170,0,111,4030,500,937,0,0,0,0,0,0,0,0,0,0,105.55709838867188,1,0,0,0,-118.25,0,0,0,0,0,0,2018
6171,0,112,4030,500,937,0,0,0,0,0,0,0,0,0,0,105.55709838867188,1,0,0,0,-118.25,0,0,0,0,0,0,2018
6172,0,113,4030,500,937,0,0,0,0,0,0,0,0,0,0,105.55709838867188,1,0,0,0,-118.25,0,0,0,0,0,0,2018
6173,0,114,4030,500,937,0,0,0,0,0,0,0,0,0,0,105.55709838867188,1,0,0,0,-118.25,0,0,0,0,0,0,2018
6174,0,115,4030,500,937,0,0,0,0,0,0,0,0,0,0,105.55709838867188,1,0,0,0,-118.25,0,0,0,0,0,0,2018
6175,0,116,4030,500,937,0,0,0,0,0,0,0,0,0,0,105.55709838867188,1,0,0,0,-118.25,0,0,0,0,0,0,2018
6176,0,117,4030,500,937,0,0,0,0,0,0,0,0,0,0,105.55709838867188,1,0,0,0,-118.25,0,0,0,0,0,0,2018
6177,0,118,4030,500,937,0,0,0,0,0,0,0,0,0,0,105.55709838867188,1,0,0,0,-118.25,0,0,0,0,0,0,2018
6178,0,119,4030,500,937,0,0,0,0,0,0,0,0,0,0,105.55709838867188,1,0,0,0,-118.25,0,0,0,0,0,0,2018
6179,0,120,4030,500,937,0,0,0,0,0,0,0,0,0,0,105.55709838867188,1,0,0,0,-118.25,0,0,0,0,0,0,2018
6180,0,121,4030,500,937,0,0,0,0,0,0,0,0,0,0,105.55709838867188,1,0,0,0,-118.25,0,0,0,0,0,0,2018
6181,0,122,4030,500,937,0,0,0,0,0,0,0,0,0,0,105.55709838867188,1,0,0,0,-118.25,0,0,0,0,0,0,2018
6182,0,123,4030,500,937,0,0,0,0,0,0,0,0,0,0,105.55709838867188,1,0,0,0,-118.25,0,0,0,0,0,0,2018
6183,0,124,4030,500,937,0,0,0,0,0,0,0,0,0,0,105.55709838867188,1,0,0,0,-118.25,0,0,0,0,0,0,2018
6184,0,125,4030,500,937,0,0,0,0,0,0,0,0,0,0,105.55709838867188,1,0,0,0,-118.25,0,0,0,0,0,0,2018
6185,0,126,4030,500,937,0,0,0,0,0,0,0,0,0,0,105.55709838867188,1,0,0,0,-118.25,0,0,0,0,0,0,2018
6186,0,127,4030,500,937,0,0,0,0,0,0,0,0,0,0,105.55709838867188,1,0,0,0,-118.25,0,0,0,0,0,0,2018
6187,0,128,4030,500,937,0,0,0,0,0,0,0,0,0,0,105.55709838867188,1,0,0,0,-118.25,0,0,0,0,0,0,2018
6188,0,129,4030,500,937,0,0,0,0,0,0,0,0,0,0,105.55709838867188,1,0,0,0,-118.25,0,0,0,0,0,0,2018
6189,0,130,4030,500,937,0,0,0,0,0,0,0,0,0,0,105.55709838867188,1,0,0,0,-118.25,0,0,0,0,0,0,2018
6190,0,131,4030,500,937,0,0,0,0,0,0,0,0,0,0,105.55709838867188,1,0,0,0,-118.25,0,0,0,0,0,0,2018
6191,0,132,4030,500,937,0,0,0,0,0,0,0,0,0,0,105.55709838867188,1,0,0,0,-118.25,0,0,0,0,0,0,2018
6192,0,133,4030,500,937,0,0,0,0,0,0,0,0,0,0,105.55709838867188,1,0,0,0,-118.25,0,0,0,0,0,0,2018
6193,0,134,4030,500,937,0,0,0,0,0,0,0,0,0,0,105.55709838867188,1,0,0,0,-118.25,0,0,0,0,0,0,2018
6194,0,135,4030,500,937,0,0,0,0,0,0,0,0,0,0,105.55709838867188,1,0,0,0,-118.25,0,0,0,0,0,0,2018
6195,0,136,4030,500,937,0,0,0,0,0,0,0,0,0,0,105.55709838867188,1,0,0,0,-118.25,0,0,0,0,0,0,2018
6196,0,137,4030,500,937,0,0,0,0,0,0,0,0,0,0,105.55709838867188,1,0,0,0,-118.25,0,0,0,0,0,0,2018
6197,0,138,4030,500,937,0,0,0,0,0,0,0,0,0,0,105.55709838867188,1,0,0,0,-118.25,0,0,0,0,0,0,2018
6198,0,139,4030,500,937,0,0,0,0,0,0,0,0,0,0,105.55709838867188,1,0,0,0,-118.25,0,0,0,0,0,0,2018
6199,0,140,4030,500,937,0,0,0,0,0,0,0,0,0,0,105.55709838867188,1,0,0,0,-118.25,0,0,0,0,0,0,2018
6200,0,141,4030,500,937,0,0,0,0,0,0,0,0,0,0,105.55709838867188,1,0,0,0,-118.25,0,0,0,0,0,0,2018
6201,0,142,4030,500,937,0,0,0,0,0,0,0,0,0,0,105.55709838867188,1,0,0,0,-118.25,0,0,0,0,0,0,2018
6202,0,143,4030,500,937,0,0,0,0,0,0,0,0,0,0,105.55709838867188,1,0,0,0,-118.25,0,0,0,0,0,0,2018
6203,0,144,4030,500,937,0,0,0,0,0,0,0,0,0,0,105.55709838867188,1,0,0,0,-118.25,0,0,0,0,0,0,2018
6204,0,145,4030,500,937,0,0,0,0,0,0,0,0,0,0,105.55709838867188,1,0,0,0,-118.25,0,0,0,0,0,0,2018
6205,0,146,4030,500,937,0,0,0,0,0,0,0,0,0,0,105.55709838867188,1,0,0,0,-118.25,0,0,0,0,0,0,2018
6206,0,147,4030,500,937,0,0,0,0,0,0,0,0,0,0,105.55709838867188,1,0,0,0,-118.25,0,0,0,0,0,0,2018
6207,0,148,4030,500,937,0,0,0,0,0,0,0,0,0,0,105.55709838867188,1,0,0,0,-118.25,0,0,0,0,0,0,2018
6208,0,149,4030,500,937,0,0,0,0,0,0,0,0,0,0,105.55709838867188,1,0,0,0,-118.25,0,0,0,0,0,0,2018
6209,0,150,4030,500,937,0,0,0,0,0,0,0,0,0,0,105.55709838867188,1,0,0,0,-118.25,0,0,0,0,0,0,2018
6210,0,151,4030,500,937,0,0,0,0,0,0,0,0,0,0,105.55709838867188,1,0,0,0,-118.25,0,0,0,0,0,0,2018
6211,0,152,4030,500,937,0,0,0,0,0,0,0,0,0,0,105.55709838867188,1,0,0,0,-118.25,0,0,0,0,0,0,2018
6212,0,153,4030,500,937,0,0,0,0,0,0,0,0,0,0,105.55709838867188,1,0,0,0,-118.25,0,0,0,0,0,0,2018
6213,0,154,4030,500,937,0,0,0,0,0,0,0,0,0,0,105.55709838867188,1,0,0,0,-118.25,0,0,0,0,0,0,2018
6214,0,155,4030,500,937,0,0,0,0,0,0,0,0,0,0,105.55709838867188,1,0,0,0,-118.25,0,0,0,0,0,0,2018
6215,0,156,4030,500,937,0,0,0,0,0,0,0,0,0,0,105.55709838867188,1,0,0,0,-118.25,0,0,0,0,0,0,2018
6216,0,157,4030,500,937,0,0,0,0,0,0,0,0,0,0,105.55709838867188,1,0,0,0,-118.25,0,0,0,0,0,0,2018
6217,0,158,4030,500,937,0,0,0,0,0,0,0,0,0,0,105.55709838867188,1,0,0,0,-118.25,0,0,0,0,0,0,2018
6218,0,159,4030,500,937,0,0,0,0,0,0,0,0,0,0,105.55709838867188,1,0,0,0,-118.25,0,0,0,0,0,0,2018
6219,0,160,4030,500,937,0,0,0,0,0,0,0,0,0,0,105.55709838867188,1,0,0,0,-118.25,0,0,0,0,0,0,2018
6220,0,161,4030,500,937,0,0,0,0,0,0,0,0,0,0,105.55709838867188,1,0,0,0,-118.25,0,0,0,0,0,0,2018
6221,0,162,4030,500,937,0,0,0,0,0,0,0,0,0,0,105.55709838867188,1,0,0,0,-118.25,0,0,0,0,0,0,2018
6222,0,163,4030,500,937,0,0,0,0,0,0,0,0,0,0,105.55709838867188,1,0,0,0,-118.25,0,0,0,0,0,0,2018
6223,0,164,4030,500,937,0,0,0,0,0,0,0,0,0,0,105.55709838867188,1,0,0,0,-118.25,0,0,0,0,0,0,2018
6224,0,165,4030,500,937,0,0,0,0,0,0,0,0,0,0,105.55709838867188,1,0,0,0,-118.25,0,0,0,0,0,0,2018
6225,0,166,4030,500,937,0,0,0,0,0,0,0,0,0,0,105.55709838867188,1,0,0,0,-118.25,0,0,0,0,0,0,2018
6226,0,167,4030,500,937,0,0,0,0,0,0,0,0,0,0,105.55709838867188,1,0,0,0,-118.25,0,0,0,0,0,0,2018
6227,0,168,4030,500,937,0,0,0,0,0,0,0,0,0,0,105.55709838867188,1,0,0,0,-118.25,0,0,0,0,0,0,2018
6228,0,169,4030,500,937,0,0,0,0,0,0,0,0,0,0,105.55709838867188,1,0,0,0,-118.25,0,0,0,0,0,0,2018
6229,0,170,4030,500,937,0,0,0,0,0,0,0,0,0,0,105.55709838867188,1,0,0,0,-118.25,0,0,0,0,0,0,2018
6230,0,171,4030,500,937,0,0,0,0,0,0,0,0,0,0,105.55709838867188,1,0,0,0,-118.25,0,0,0,0,0,0,2018
6231,0,172,4030,500,937,0,0,0,0,0,0,0,0,0,0,105.55709838867188,1,0,0,0,-118.25,0,0,0,0,0,0,2018
6232,0,173,4030,500,937,0,0,0,0,0,0,0,0,0,0,105.55709838867188,1,0,0,0,-118.25,0,0,0,0,0,0,2018
6233,0,174,4030,500,937,0,0,0,0,0,0,0,0,0,0,105.55709838867188,1,0,0,0,-118.25,0,0,0,0,0,0,2018
6234,0,175,4030,500,937,0,0,0,0,0,0,0,0,0,0,105.55709838867188,1,0,0,0,-118.25,0,0,0,0,0,0,2018
6235,0,176,4030,500,937,0,0,0,0,0,0,0,0,0,0,105.55709838867188,1,0,0,0,-118.25,0,0,0,0,0,0,2018
6236,0,177,4030,500,937,0,0,0,0,0,0,0,0,0,0,105.55709838867188,1,0,0,0,-118.25,0,0,0,0,0,0,2018
6237,0,178,4030,500,937,0,0,0,0,0,0,0,0,0,0,105.55709838867188,1,0,0,0,-118.25,0,0,0,0,0,0,2018
6238,0,179,4030,500,937,0,0,0,0,0,0,0,0,0,0,105.55709838867188,1,0,0,0,-118.25,0,0,0,0,0,0,2018
6239,0,180,4030,500,937,0,0,0,0,0,0,0,0,0,0,105.55709838867188,1,0,0,0,-118.25,0,0,0,0,0,0,2018
6240,0,181,4030,500,937,0,0,0,0,0,0,0,0,0,0,105.55709838867188,1,0,0,0,-118.25,0,0,0,0,0,0,2018
6241,0,182,4030,500,937,0,0,0,0,0,0,0,0,0,0,105.55709838867188,1,0,0,0,-118.25,0,0,0,0,0,0,2018
6242,0,183,4030,500,937,0,0,0,0,0,0,0,0,0,0,105.55709838867188,1,0,0,0,-118.25,0,0,0,0,0,0,2018
6243,0,184,4030,500,937,0,0,0,0,0,0,0,0,0,0,105.55709838867188,1,0,0,0,-118.25,0,0,0,0,0,0,2018
6244,0,185,4030,500,937,0,0,0,0,0,0,0,0,0,0,105.55709838867188,1,0,0,0,-118.25,0,0,0,0,0,0,2018
6245,0,186,4030,500,937,0,0,0,0,0,0,0,0,0,0,105.55709838867188,1,0,0,0,-118.25,0,0,0,0,0,0,2018
6246,0,187,4030,500,937,0,0,0,0,0,0,0,0,0,0,105.55709838867188,1,0,0,0,-118.25,0,0,0,0,0,0,2018
6247,0,188,4030,500,937,0,0,0,0,0,0,0,0,0,0,105.55709838867188,1,0,0,0,-118.25,0,0,0,0,0,0,2018
6248,0,189,4030,500,937,0,0,0,0,0,0,0,0,0,0,105.55709838867188,1,0,0,0,-118.25,0,0,0,0,0,0,2018
6249,0,190,4030,500,937,0,0,0,0,0,0,0,0,0,0,105.55709838867188,1,0,0,0,-118.25,0,0,0,0,0,0,2018
6250,0,191,4030,500,937,0,0,0,0,0,0,0,0,0,0,105.55709838867188,1,0,0,0,-118.25,0,0,0,0,0,0,2018
6251,0,192,4030,500,937,0,0,0,0,0,0,0,0,0,0,105.55709838867188,1,0,0,0,-118.25,0,0,0,0,0,0,2018
6252,0,193,4030,500,937,0,0,0,0,0,0,0,0,0,0,105.55709838867188,1,0,0,0,-118.25,0,0,0,0,0,0,2018
6253,0,194,4030,500,937,0,0,0,0,0,0,0,0,0,0,105.55709838867188,1,0,0,0,-118.25,0,0,0,0,0,0,2018
6254,0,195,4030,500,937,0,0,0,0,0,0,0,0,0,0,105.55709838867188,1,0,0,0,-118.25,0,0,0,0,0,0,2018
6255,0,196,4030,500,937,0,0,0,0,0,0,0,0,0,0,105.55709838867188,1,0,0,0,-118.25,0,0,0,0,0,0,2018
6256,0,197,4030,500,937,0,0,0,0,0,0,0,0,0,0,105.55709838867188,1,0,0,0,-118.25,0,0,0,0,0,0,2018
6257,0,198,4030,500,937,0,0,0,0,0,0,0,0,0,0,105.55709838867188,1,0,0,0,-118.25,0,0,0,0,0,0,2018
6258,0,199,4030,500,937,0,0,0,0,0,0,0,0,0,0,105.55709838867188,1,0,0,0,-118.25,0,0,0,0,0,0,2018
6259,0,200,4030,500,937,0,0,0,0,0,0,0,0,0,0,105.55709838867188,1,0,0,0,-118.25,0,0,0,0,0,0,2018
6260,0,201,4030,500,937,0,0,0,0,0,0,0,0,0,0,105.55709838867188,1,0,0,0,-118.25,0,0,0,0,0,0,2018
6261,0,202,4030,500,937,0,0,0,0,0,0,0,0,0,0,105.55709838867188,1,0,0,0,-118.25,0,0,0,0,0,0,2018
6262,0,203,4030,500,937,0,0,0,0,0,0,0,0,0,0,105.55709838867188,1,0,0,0,-118.25,0,0,0,0,0,0,2018
6263,0,204,4030,500,937,0,0,0,0,0,0,0,0,0,0,105.55709838867188,1,0,0,0,-118.25,0,0,0,0,0,0,2018
6264,0,205,4030,500,937,0,0,0,0,0,0,0,0,0,0,105.55709838867188,1,0,0,0,-118.25,0,0,0,0,0,0,2018
6265,0,206,4030,500,937,0,0,0,0,0,0,0,0,0,0,105.55709838867188,1,0,0,0,-118.25,0,0,0,0,0,0,2018
6266,0,207,4030,500,937,0,0,0,0,0,0,0,0,0,0,105.55709838867188,1,0,0,0,-118.25,0,0,0,0,0,0,2018
6267,0,208,4030,500,937,0,0,0,0,0,0,0,0,0,0,105.55709838867188,1,0,0,0,-118.25,0,0,0,0,0,0,2018
6268,0,209,4030,500,937,0,0,0,0,0,0,0,0,0,0,105.55709838867188,1,0,0,0,-118.25,0,0,0,0,0,0,2018
6269,0,210,4030,500,937,0,0,0,0,0,0,0,0,0,0,105.55709838867188,1,0,0,0,-118.25,0,0,0,0,0,0,2018
6270,0,211,4030,500,937,0,0,0,0,0,0,0,0,0,0,105.55709838867188,1,0,0,0,-118.25,0,0,0,0,0,0,2018
6271,0,212,4030,500,937,0,0,0,0,0,0,0,0,0,0,105.55709838867188,1,0,0,0,-118.25,0,0,0,0,0,0,2018
6272,0,213,4030,500,937,0,0,0,0,0,0,0,0,0,0,105.55709838867188,1,0,0,0,-118.25,0,0,0,0,0,0,2018
6273,0,214,4030,500,937,0,0,0,0,0,0,0,0,0,0,105.55709838867188,1,0,0,0,-118.25,0,0,0,0,0,0,2018
6274,0,215,4030,500,937,0,0,0,0,0,0,0,0,0,0,105.55709838867188,1,0,0,0,-118.25,0,0,0,0,0,0,2018
6275,0,216,4030,500,937,0,0,0,0,0,0,0,0,0,0,105.55709838867188,1,0,0,0,-118.25,0,0,0,0,0,0,2018
6276,0,217,4030,500,937,0,0,0,0,0,0,0,0,0,0,105.55709838867188,1,0,0,0,-118.25,0,0,0,0,0,0,2018
6277,0,218,4030,500,937,0,0,0,0,0,0,0,0,0,0,105.55709838867188,1,0,0,0,-118.25,0,0,0,0,0,0,2018
6278,0,219,4030,500,937,0,0,0,0,0,0,0,0,0,0,105.55709838867188,1,0,0,0,-118.25,0,0,0,0,0,0,2018
6279,0,220,4030,500,937,0,0,0,0,0,0,0,0,0,0,105.55709838867188,1,0,0,0,-118.25,0,0,0,0,0,0,2018
6280,0,221,4030,500,937,0,0,0,0,0,0,0,0,0,0,105.55709838867188,1,0,0,0,-118.25,0,0,0,0,0,0,2018
6281,0,222,4030,500,937,0,0,0,0,0,0,0,0,0,0,105.55709838867188,1,0,0,0,-118.25,0,0,0,0,0,0,2018
6282,0,223,4030,500,937,0,0,0,0,0,0,0,0,0,0,105.55709838867188,1,0,0,0,-118.25,0,0,0,0,0,0,2018
6283,0,224,4030,500,937,0,0,0,0,0,0,0,0,0,0,105.55709838867188,1,0,0,0,-118.25,0,0,0,0,0,0,2018
6284,0,225,4030,500,937,0,0,0,0,0,0,0,0,0,0,105.55709838867188,1,0,0,0,-118.25,0,0,0,0,0,0,2018
6285,0,226,4030,500,937,0,0,0,0,0,0,0,0,0,0,105.55709838867188,1,0,0,0,-118.25,0,0,0,0,0,0,2018
6286,0,227,4030,500,937,0,0,0,0,0,0,0,0,0,0,105.55709838867188,1,0,0,0,-118.25,0,0,0,0,0,0,2018
6287,0,228,4030,500,937,0,0,0,0,0,0,0,0,0,0,105.55709838867188,1,0,0,0,-118.25,0,0,0,0,0,0,2018
6288,0,229,4030,500,937,0,0,0,0,0,0,0,0,0,0,105.55709838867188,1,0,0,0,-118.25,0,0,0,0,0,0,2018
6289,0,230,4030,500,937,0,0,0,0,0,0,0,0,0,0,105.55709838867188,1,0,0,0,-118.25,0,0,0,0,0,0,2018
6290,0,231,4030,500,937,0,0,0,0,0,0,0,0,0,0,105.55709838867188,1,0,0,0,-118.25,0,0,0,0,0,0,2018
6291,0,232,4030,500,937,0,0,0,0,0,0,0,0,0,0,105.55709838867188,1,0,0,0,-118.25,0,0,0,0,0,0,2018
6292,0,233,4030,500,937,0,0,0,0,0,0,0,0,0,0,105.55709838867188,1,0,0,0,-118.25,0,0,0,0,0,0,2018
6293,0,234,4030,500,937,0,0,0,0,0,0,0,0,0,0,105.55709838867188,1,0,0,0,-118.25,0,0,0,0,0,0,2018
6294,0,235,4030,500,937,0,0,0,0,0,0,0,0,0,0,105.55709838867188,1,0,0,0,-118.25,0,0,0,0,0,0,2018
6295,0,236,4030,500,937,0,0,0,0,0,0,0,0,0,0,105.55709838867188,1,0,0,0,-118.25,0,0,0,0,0,0,2018
6296,0,237,4030,500,937,0,0,0,0,0,0,0,0,0,0,105.55709838867188,1,0,0,0,-118.25,0,0,0,0,0,0,2018
6297,0,238,4030,500,937,0,0,0,0,0,0,0,0,0,0,105.55709838867188,1,0,0,0,-118.25,0,0,0,0,0,0,2018
6298,0,239,4030,500,937,0,0,0,0,0,0,0,0,0,0,105.55709838867188,1,0,0,0,-118.25,0,0,0,0,0,0,2018
6299,0,240,4030,500,937,0,0,0,0,0,0,0,0,0,0,105.55709838867188,1,0,0,0,-118.25,0,0,0,0,0,0,2018
6300,0,241,4030,500,937,0,0,0,0,0,0,0,0,0,0,105.55709838867188,1,0,0,0,-118.25,0,0,0,0,0,0,2018
6301,0,242,4030,500,937,0,0,0,0,0,0,0,0,0,0,105.55709838867188,1,0,0,0,-118.25,0,0,0,0,0,0,2018
6302,0,243,4030,500,937,0,0,0,0,0,0,0,0,0,0,105.55709838867188,1,0,0,0,-118.25,0,0,0,0,0,0,2018
6303,0,244,4030,500,937,0,0,0,0,0,0,0,0,0,0,105.55709838867188,1,0,0,0,-118.25,0,0,0,0,0,0,2018
6304,0,245,4030,500,937,0,0,0,0,0,0,0,0,0,0,105.55709838867188,1,0,0,0,-118.25,0,0,0,0,0,0,2018
6305,0,246,4030,500,937,0,0,0,0,0,0,0,0,0,0,105.55709838867188,1,0,0,0,-118.25,0,0,0,0,0,0,2018
6306,0,247,4030,500,937,0,0,0,0,0,0,0,0,0,0,105.55709838867188,1,0,0,0,-118.25,0,0,0,0,0,0,2018
6307,0,248,4030,500,937,0,0,0,0,0,0,0,0,0,0,105.55709838867188,1,0,0,0,-118.25,0,0,0,0,0,0,2018
6308,0,249,4030,500,937,0,0,0,0,0,0,0,0,0,0,105.55709838867188,1,0,0,0,-118.25,0,0,0,0,0,0,2018
6309,0,250,4030,500,937,0,0,0,0,0,0,0,0,0,0,105.55709838867188,1,0,0,0,-118.25,0,0,0,0,0,0,2018
6310,0,1,3000,500,1000,0,0,0,0,0,0,0,0,0,0,-126.75,1,0,0,0,-118.25,0,0,0,0,0,0,1000
6311,0,2,3000,500,1000,0,0,0,0,0,0,0,0,0,0,-126.75,1,0,0,0,-118.25,0,0,0,0,0,0,1000
6312,0,3,3000,500,1000,0,0,0,0,0,0,0,0,0,0,-126.75,1,0,0,0,-118.25,0,0,0,0,0,0,1000
6313,0,4,3000,500,1000,0,0,0,0,0,0,0,0,0,0,-126.75,1,0,0,0,-118.25,0,0,0,0,0,0,1000
6314,0,5,3000,500,1000,0,0,0,0,0,0,0,0,0,0,-126.75,1,0,0,0,-118.25,0,0,0,0,0,0,1000
6315,0,6,3000,500,1000,0,0,0,0,0,0,0,0,0,0,-126.75,1,0,0,0,-118.25,0,0,0,0,0,0,1000
6316,0,7,3000,500,1000,0,0,0,0,0,0,0,0,0,0,-126.75,1,0,0,0,-118.25,0,0,0,0,0,0,1000
6317,0,8,3000,500,1000,0,0,0,0,0,0,0,0,0,0,-126.75,1,0,0,0,-118.25,0,0,0,0,0,0,1000
6318,0,9,3000,500,1000,0,0,0,0,0,0,0,0,0,0,-126.75,1,0,0,0,-118.25,0,0,0,0,0,0,1000
6319,0,10,3000,500,1000,0,0,0,0,0,0,0,0,0,0,-126.75,1,0,0,0,-118.25,0,0,0,0,0,0,1000
6320,0,11,3000,500,1000,0,0,0,0,0,0,0,0,0,0,-126.75,1,0,0,0,-118.25,0,0,0,0,0,0,1000
6321,0,12,3000,500,1000,0,0,0,0,0,0,0,0,0,0,-126.75,1,0,0,0,-118.25,0,0,0,0,0,0,1000
6322,0,13,3000,500,1000,0,0,0,0,0,0,0,0,0,0,-126.75,1,0,0,0,-118.25,0,0,0,0,0,0,1000
6323,0,14,3000,500,1000,0,0,0,0,0,0,0,0,0,0,-126.75,1,0,0,0,-118.25,0,0,0,0,0,0,1000
6324,0,15,3000,500,1000,0,0,0,0,0,0,0,0,0,0,-126.75,1,0,0,0,-118.25,0,0,0,0,0,0,1000
6325,0,16,3000,500,1000,0,0,0,0,0,0,0,0,0,0,-126.75,1,0,0,0,-118.25,0,0,0,0,0,0,1000
6326,0,17,3000,500,1000,0,0,0,0,0,0,0,0,0,0,-126.75,1,0,0,0,-118.25,0,0,0,0,0,0,1000
6327,0,18,3000,500,1000,0,0,0,0,0,0,0,0,0,0,-126.75,1,0,0,0,-118.25,0,0,0,0,0,0,1000
6328,0,19,3000,500,1000,0,0,0,0,0,0,0,0,0,0,-126.75,1,0,0,0,-118.25,0,0,0,0,0,0,1000
6329,0,20,3000,500,1000,0,0,0,0,0,0,0,0,0,0,-126.75,1,0,0,0,-118.25,0,0,0,0,0,0,1000
6330,0,21,3000,500,1000,0,0,0,0,0,0,0,0,0,0,-126.75,1,0,0,0,-118.25,0,0,0,0,0,0,1000
6331,0,22,3000,500,1000,0,0,0,0,0,0,0,0,0,0,-126.75,1,0,0,0,-118.25,0,0,0,0,0,0,1000
6332,0,23,3000,500,1000,0,0,0,0,0,0,0,0,0,0,-126.75,1,0,0,0,-118.25,0,0,0,0,0,0,1000
6333,0,24,3000,500,1000,0,0,0,0,0,0,0,0,0,0,-126.75,1,0,0,0,-118.25,0,0,0,0,0,0,1000
6334,0,25,3000,500,1000,0,0,0,0,0,0,0,0,0,0,-126.75,1,0,0,0,-118.25,0,0,0,0,0,0,1000
6335,0,26,3000,500,1000,0,0,0,0,0,0,0,0,0,0,-126.75,1,0,0,0,-118.25,0,0,0,0,0,0,1000
6336,0,27,3000,500,1000,0,0,0,0,0,0,0,0,0,0,-126.75,1,0,0,0,-118.25,0,0,0,0,0,0,1000
6337,0,28,3000,500,1000,0,0,0,0,0,0,0,0,0,0,-126.75,1,0,0,0,-118.25,0,0,0,0,0,0,1000
6338,0,29,3000,500,1000,0,0,0,0,0,0,0,0,0,0,-126.75,1,0,0,0,-118.25,0,0,0,0,0,0,1000
6339,0,30,3000,500,1000,0,0,0,0,0,0,0,0,0,0,-126.75,1,0,0,0,-118.25,0,0,0,0,0,0,1000
6340,0,31,3000,500,1000,0,0,0,0,0,0,0,0,0,0,-126.75,1,0,0,0,-118.25,0,0,0,0,0,0,1000
6341,0,32,3000,500,1000,0,0,0,0,0,0,0,0,0,0,-126.75,1,0,0,0,-118.25,0,0,0,0,0,0,1000
6342,0,33,3000,500,1000,0,0,0,0,0,0,0,0,0,0,-126.75,1,0,0,0,-118.25,0,0,0,0,0,0,1000
6343,0,34,3000,500,1000,0,0,0,0,0,0,0,0,0,0,-126.75,1,0,0,0,-118.25,0,0,0,0,0,0,1000
6344,0,35,3000,500,1000,0,0,0,0,0,0,0,0,0,0,-126.75,1,0,0,0,-118.25,0,0,0,0,0,0,1000
6345,0,36,3000,500,1000,0,0,0,0,0,0,0,0,0,0,-126.75,1,0,0,0,-118.25,0,0,0,0,0,0,1000
6346,0,37,3000,500,1000,0,0,0,0,0,0,0,0,0,0,-126.75,1,0,0,0,-118.25,0,0,0,0,0,0,1000
6347,0,38,3000,500,1000,0,0,0,0,0,0,0,0,0,0,-126.75,1,0,0,0,-118.25,0,0,0,0,0,0,1000
6348,0,39,3000,500,1000,0,0,0,0,0,0,0,0,0,0,-126.75,1,0,0,0,-118.25,0,0,0,0,0,0,1000
6349,0,40,3000,500,1000,0,0,0,0,0,0,0,0,0,0,-126.75,1,0,0,0,-118.25,0,0,0,0,0,0,1000
6350,0,41,3000,500,1000,0,0,0,0,0,0,0,0,0,0,-126.75,1,0,0,0,-118.25,0,0,0,0,0,0,1000
6351,0,42,3000,500,1000,0,0,0,0,0,0,0,0,0,0,-126.75,1,0,0,0,-118.25,0,0,0,0,0,0,1000
6352,0,43,3000,500,1000,0,0,0,0,0,0,0,0,0,0,-126.75,1,0,0,0,-118.25,0,0,0,0,0,0,1000
6353,0,44,3000,500,1000,0,0,0,0,0,0,0,0,0,0,-126.75,1,0,0,0,-118.25,0,0,0,0,0,0,1000
6354,0,45,3000,500,1000,0,0,0,0,0,0,0,0,0,0,-126.75,1,0,0,0,-118.25,0,0,0,0,0,0,1000
6355,0,46,3000,500,1000,0,0,0,0,0,0,0,0,0,0,-126.75,1,0,0,0,-118.25,0,0,0,0,0,0,1000
6356,0,47,3000,500,1000,0,0,0,0,0,0,0,0,0,0,-126.75,1,0,0,0,-118.25,0,0,0,0,0,0,1000
6357,0,48,3000,500,1000,0,0,0,0,0,0,0,0,0,0,-126.75,1,0,0,0,-118.25,0,0,0,0,0,0,1000
6358,0,49,3000,500,1000,0,0,0,0,0,0,0,0,0,0,-126.75,1,0,0,0,-118.25,0,0,0,0,0,0,1000
6359,0,50,3000,500,1000,0,0,0,0,0,0,0,0,0,0,-126.75,1,0,0,0,-118.25,0,0,0,0,0,0,1000
6360,0,51,3000,500,1000,0,0,0,0,0,0,0,0,0,0,-126.75,1,0,0,0,-118.25,0,0,0,0,0,0,1000
6361,0,52,3000,500,1000,0,0,0,0,0,0,0,0,0,0,-126.75,1,0,0,0,-118.25,0,0,0,0,0,0,1000
6362,0,53,3000,500,1000,0,0,0,0,0,0,0,0,0,0,-126.75,1,0,0,0,-118.25,0,0,0,0,0,0,1000
6363,0,54,3000,500,1000,0,0,0,0,0,0,0,0,0,0,-126.75,1,0,0,0,-118.25,0,0,0,0,0,0,1000
6364,0,55,3000,500,1000,0,0,0,0,0,0,0,0,0,0,-126.75,1,0,0,0,-118.25,0,0,0,0,0,0,1000
6365,0,56,3000,500,1000,0,0,0,0,0,0,0,0,0,0,-126.75,1,0,0,0,-118.25,0,0,0,0,0,0,1000
6366,0,57,3000,500,1000,0,0,0,0,0,0,0,0,0,0,-126.75,1,0,0,0,-118.25,0,0,0,0,0,0,1000
6367,0,58,3000,500,1000,0,0,0,0,0,0,0,0,0,0,-126.75,1,0,0,0,-118.25,0,0,0,0,0,0,1000
6368,0,59,3000,500,1000,0,0,0,0,0,0,0,0,0,0,-126.75,1,0,0,0,-118.25,0,0,0,0,0,0,1000
6369,0,60,3000,500,1000,0,0,0,0,0,0,0,0,0,0,-126.75,1,0,0,0,-118.25,0,0,0,0,0,0,1000
6370,0,61,3000,500,1000,0,0,0,0,0,0,0,0,0,0,-126.75,1,0,0,0,-118.25,0,0,0,0,0,0,1000
6371,0,62,3000,500,1000,0,0,0,0,0,0,0,0,0,0,-126.75,1,0,0,0,-118.25,0,0,0,0,0,0,1000
6372,0,63,3000,500,1000,0,0,0,0,0,0,0,0,0,0,-126.75,1,0,0,0,-118.25,0,0,0,0,0,0,1000
6373,0,64,3000,500,1000,0,0,0,0,0,0,0,0,0,0,-126.75,1,0,0,0,-118.25,0,0,0,0,0,0,1000
6374,0,65,3000,500,1000,0,0,0,0,0,0,0,0,0,0,-126.75,1,0,0,0,-118.25,0,0,0,0,0,0,1000
6375,0,66,3000,500,1000,0,0,0,0,0,0,0,0,0,0,-126.75,1,0,0,0,-118.25,0,0,0,0,0,0,1000
6376,0,67,3000,500,1000,0,0,0,0,0,0,0,0,0,0,-126.75,1,0,0,0,-118.25,0,0,0,0,0,0,1000
6377,0,68,3000,500,1000,0,0,0,0,0,0,0,0,0,0,-126.75,1,0,0,0,-118.25,0,0,0,0,0,0,1000
6378,0,69,3000,500,1000,0,0,0,0,0,0,0,0,0,0,-126.75,1,0,0,0,-118.25,0,0,0,0,0,0,1000
6379,0,70,3000,500,1000,0,0,0,0,0,0,0,0,0,0,-126.75,1,0,0,0,-118.25,0,0,0,0,0,0,1000
6380,0,71,3000,500,1000,0,0,0,0,0,0,0,0,0,0,-126.75,1,0,0,0,-118.25,0,0,0,0,0,0,1000
6381,0,72,3000,500,1000,0,0,0,0,0,0,0,0,0,0,-126.75,1,0,0,0,-118.25,0,0,0,0,0,0,1000
6382,0,73,3000,500,1000,0,0,0,0,0,0,0,0,0,0,-126.75,1,0,0,0,-118.25,0,0,0,0,0,0,1000
6383,0,74,3000,500,1000,0,0,0,0,0,0,0,0,0,0,-126.75,1,0,0,0,-118.25,0,0,0,0,0,0,1000
6384,0,75,3000,500,1000,0,0,0,0,0,0,0,0,0,0,-126.75,1,0,0,0,-118.25,0,0,0,0,0,0,1000
6385,0,76,3000,500,1000,0,0,0,0,0,0,0,0,0,0,-126.75,1,0,0,0,-118.25,0,0,0,0,0,0,1000
6386,0,77,3000,500,1000,0,0,0,0,0,0,0,0,0,0,-126.75,1,0,0,0,-118.25,0,0,0,0,0,0,1000
6387,0,78,3000,500,1000,0,0,0,0,0,0,0,0,0,0,-126.75,1,0,0,0,-118.25,0,0,0,0,0,0,1000
6388,0,79,3000,500,1000,0,0,0,0,0,0,0,0,0,0,-126.75,1,0,0,0,-118.25,0,0,0,0,0,0,1000
6389,0,80,3000,500,1000,0,0,0,0,0,0,0,0,0,0,-126.75,1,0,0,0,-118.25,0,0,0,0,0,0,1000
6390,0,81,3000,500,1000,0,0,0,0,0,0,0,0,0,0,-126.75,1,0,0,0,-118.25,0,0,0,0,0,0,1000
6391,0,82,3000,500,1000,0,0,0,0,0,0,0,0,0,0,-126.75,1,0,0,0,-118.25,0,0,0,0,0,0,1000
6392,0,83,3000,500,1000,0,0,0,0,0,0,0,0,0,0,-126.75,1,0,0,0,-118.25,0,0,0,0,0,0,1000
6393,0,84,3000,500,1000,0,0,0,0,0,0,0,0,0,0,-126.75,1,0,0,0,-118.25,0,0,0,0,0,0,1000
6394,0,85,3000,500,1000,0,0,0,0,0,0,0,0,0,0,-126.75,1,0,0,0,-118.25,0,0,0,0,0,0,1000
6395,0,86,3000,500,1000,0,0,0,0,0,0,0,0,0,0,-126.75,1,0,0,0,-118.25,0,0,0,0,0,0,1000
6396,0,87,3000,500,1000,0,0,0,0,0,0,0,0,0,0,-126.75,1,0,0,0,-118.25,0,0,0,0,0,0,1000
6397,0,88,3000,500,1000,0,0,0,0,0,0,0,0,0,0,-126.75,1,0,0,0,-118.25,0,0,0,0,0,0,1000
6398,0,89,3000,500,1000,0,0,0,0,0,0,0,0,0,0,-126.75,1,0,0,0,-118.25,0,0,0,0,0,0,1000
6399,0,90,3000,500,1000,0,0,0,0,0,0,0,0,0,0,-126.75,1,0,0,0,-118.25,0,0,0,0,0,0,1000
6400,0,91,3000,500,1000,0,0,0,0,0,0,0,0,0,0,-126.75,1,0,0,0,-118.25,0,0,0,0,0,0,1000
6401,0,92,3000,500,1000,0,0,0,0,0,0,0,0,0,0,-126.75,1,0,0,0,-118.25,0,0,0,0,0,0,1000
6402,0,93,3000,500,1000,0,0,0,0,0,0,0,0,0,0,-126.75,1,0,0,0,-118.25,0,0,0,0,0,0,1000
6403,0,94,3000,500,1000,0,0,0,0,0,0,0,0,0,0,-126.75,1,0,0,0,-118.25,0,0,0,0,0,0,1000
6404,0,95,3000,500,1000,0,0,0,0,0,0,0,0,0,0,-126.75,1,0,0,0,-118.25,0,0,0,0,0,0,1000
6405,0,96,3000,500,1000,0,0,0,0,0,0,0,0,0,0,-126.75,1,0,0,0,-118.25,0,0,0,0,0,0,1000
6406,0,97,3000,500,1000,0,0,0,0,0,0,0,0,0,0,-126.75,1,0,0,0,-118.25,0,0,0,0,0,0,1000
6407,0,98,3000,500,1000,0,0,0,0,0,0,0,0,0,0,-126.75,1,0,0,0,-118.25,0,0,0,0,0,0,1000
6408,0,99,3000,500,1000,0,0,0,0,0,0,0,0,0,0,-126.75,1,0,0,0,-118.25,0,0,0,0,0,0,1000
6409,0,100,3000,500,1000,0,0,0,0,0,0,0,0,0,0,-126.75,1,0,0,0,-118.25,0,0,0,0,0,0,1000
6410,0,101,3000,500,1000,0,0,0,0,0,0,0,0,0,0,-126.75,1,0,0,0,-118.25,0,0,0,0,0,0,1000
6411,0,102,3000,500,1000,0,0,0,0,0,0,0,0,0,0,-126.75,1,0,0,0,-118.25,0,0,0,0,0,0,1000
6412,0,103,3000,500,1000,0,0,0,0,0,0,0,0,0,0,-126.75,1,0,0,0,-118.25,0,0,0,0,0,0,1000
6413,0,104,3000,500,1000,0,0,0,0,0,0,0,0,0,0,-126.75,1,0,0,0,-118.25,0,0,0,0,0,0,1000
6414,0,105,3000,500,1000,0,0,0,0,0,0,0,0,0,0,-126.75,1,0,0,0,-118.25,0,0,0,0,0,0,1000
6415,0,106,3000,500,1000,0,0,0,0,0,0,0,0,0,0,-126.75,1,0,0,0,-118.25,0,0,0,0,0,0,1000
6416,0,107,3000,500,1000,0,0,0,0,0,0,0,0,0,0,-126.75,1,0,0,0,-118.25,0,0,0,0,0,0,1000
6417,0,108,3000,500,1000,0,0,0,0,0,0,0,0,0,0,-126.75,1,0,0,0,-118.25,0,0,0,0,0,0,1000
6418,0,109,3000,500,1000,0,0,0,0,0,0,0,0,0,0,-126.75,1,0,0,0,-118.25,0,0,0,0,0,0,1000
6419,0,110,3000,500,1000,0,0,0,0,0,0,0,0,0,0,-126.75,1,0,0,0,-118.25,0,0,0,0,0,0,1000
6420,0,111,3000,500,1000,0,0,0,0,0,0,0,0,0,0,-126.75,1,0,0,0,-118.25,0,0,0,0,0,0,1000
6421,0,112,3000,500,1000,0,0,0,0,0,0,0,0,0,0,-126.75,1,0,0,0,-118.25,0,0,0,0,0,0,1000
6422,0,113,3000,500,1000,0,0,0,0,0,0,0,0,0,0,-126.75,1,0,0,0,-118.25,0,0,0,0,0,0,1000
6423,0,114,3000,500,1000,0,0,0,0,0,0,0,0,0,0,-126.75,1,0,0,0,-118.25,0,0,0,0,0,0,1000
6424,0,115,3000,500,1000,0,0,0,0,0,0,0,0,0,0,-126.75,1,0,0,0,-118.25,0,0,0,0,0,0,1000
6425,0,116,3000,500,1000,0,0,0,0,0,0,0,0,0,0,-126.75,1,0,0,0,-118.25,0,0,0,0,0,0,1000
6426,0,117,3000,500,1000,0,0,0,0,0,0,0,0,0,0,-126.75,1,0,0,0,-118.25,0,0,0,0,0,0,1000
6427,0,118,3000,500,1000,0,0,0,0,0,0,0,0,0,0,-126.75,1,0,0,0,-118.25,0,0,0,0,0,0,1000
6428,0,119,3000,500,1000,0,0,0,0,0,0,0,0,0,0,-126.75,1,0,0,0,-118.25,0,0,0,0,0,0,1000
6429,0,120,3000,500,1000,0,0,0,0,0,0,0,0,0,0,-126.75,1,0,0,0,-118.25,0,0,0,0,0,0,1000
6430,0,121,3000,500,1000,0,0,0,0,0,0,0,0,0,0,-126.75,1,0,0,0,-118.25,0,0,0,0,0,0,1000
6431,0,122,3000,500,1000,0,0,0,0,0,0,0,0,0,0,-126.75,1,0,0,0,-118.25,0,0,0,0,0,0,1000
6432,0,123,3000,500,1000,0,0,0,0,0,0,0,0,0,0,-126.75,1,0,0,0,-118.25,0,0,0,0,0,0,1000
6433,0,124,3000,500,1000,0,0,0,0,0,0,0,0,0,0,-126.75,1,0,0,0,-118.25,0,0,0,0,0,0,1000
6434,0,125,3000,500,1000,0,0,0,0,0,0,0,0,0,0,-126.75,1,0,0,0,-118.25,0,0,0,0,0,0,1000
6435,0,126,3000,500,1000,0,0,0,0,0,0,0,0,0,0,-126.75,1,0,0,0,-118.25,0,0,0,0,0,0,1000
6436,0,127,3000,500,1000,0,0,0,0,0,0,0,0,0,0,-126.75,1,0,0,0,-118.25,0,0,0,0,0,0,1000
6437,0,128,3000,500,1000,0,0,0,0,0,0,0,0,0,0,-126.75,1,0,0,0,-118.25,0,0,0,0,0,0,1000
6438,0,129,3000,500,1000,0,0,0,0,0,0,0,0,0,0,-126.75,1,0,0,0,-118.25,0,0,0,0,0,0,1000
6439,0,130,3000,500,1000,0,0,0,0,0,0,0,0,0,0,-126.75,1,0,0,0,-118.25,0,0,0,0,0,0,1000
6440,0,131,3000,500,1000,0,0,0,0,0,0,0,0,0,0,-126.75,1,0,0,0,-118.25,0,0,0,0,0,0,1000
6441,0,132,3000,500,1000,0,0,0,0,0,0,0,0,0,0,-126.75,1,0,0,0,-118.25,0,0,0,0,0,0,1000
6442,0,133,3000,500,1000,0,0,0,0,0,0,0,0,0,0,-126.75,1,0,0,0,-118.25,0,0,0,0,0,0,1000
6443,0,134,3000,500,1000,0,0,0,0,0,0,0,0,0,0,-126.75,1,0,0,0,-118.25,0,0,0,0,0,0,1000
6444,0,135,3000,500,1000,0,0,0,0,0,0,0,0,0,0,-126.75,1,0,0,0,-118.25,0,0,0,0,0,0,1000
6445,0,136,3000,500,1000,0,0,0,0,0,0,0,0,0,0,-126.75,1,0,0,0,-118.25,0,0,0,0,0,0,1000
6446,0,137,3000,500,1000,0,0,0,0,0,0,0,0,0,0,-126.75,1,0,0,0,-118.25,0,0,0,0,0,0,1000
6447,0,138,3000,500,1000,0,0,0,0,0,0,0,0,0,0,-126.75,1,0,0,0,-118.25,0,0,0,0,0,0,1000
6448,0,139,3000,500,1000,0,0,0,0,0,0,0,0,0,0,-126.75,1,0,0,0,-118.25,0,0,0,0,0,0,1000
6449,0,140,3000,500,1000,0,0,0,0,0,0,0,0,0,0,-126.75,1,0,0,0,-118.25,0,0,0,0,0,0,1000
6450,0,141,3000,500,1000,0,0,0,0,0,0,0,0,0,0,-126.75,1,0,0,0,-118.25,0,0,0,0,0,0,1000
6451,0,142,3000,500,1000,0,0,0,0,0,0,0,0,0,0,-126.75,1,0,0,0,-118.25,0,0,0,0,0,0,1000
6452,0,143,3000,500,1000,0,0,0,0,0,0,0,0,0,0,-126.75,1,0,0,0,-118.25,0,0,0,0,0,0,1000
6453,0,144,3000,500,1000,0,0,0,0,0,0,0,0,0,0,-126.75,1,0,0,0,-118.25,0,0,0,0,0,0,1000
6454,0,145,3000,500,1000,0,0,0,0,0,0,0,0,0,0,-126.75,1,0,0,0,-118.25,0,0,0,0,0,0,1000
6455,0,146,3000,500,1000,0,0,0,0,0,0,0,0,0,0,-126.75,1,0,0,0,-118.25,0,0,0,0,0,0,1000
6456,0,147,3000,500,1000,0,0,0,0,0,0,0,0,0,0,-126.75,1,0,0,0,-118.25,0,0,0,0,0,0,1000
6457,0,148,3000,500,1000,0,0,0,0,0,0,0,0,0,0,-126.75,1,0,0,0,-118.25,0,0,0,0,0,0,1000
6458,0,149,3000,500,1000,0,0,0,0,0,0,0,0,0,0,-126.75,1,0,0,0,-118.25,0,0,0,0,0,0,1000
6459,0,150,3000,500,1000,0,0,0,0,0,0,0,0,0,0,-126.75,1,0,0,0,-118.25,0,0,0,0,0,0,1000
6460,0,151,3000,500,1000,0,0,0,0,0,0,0,0,0,0,-126.75,1,0,0,0,-118.25,0,0,0,0,0,0,1000
6461,0,152,3000,500,1000,0,0,0,0,0,0,0,0,0,0,-126.75,1,0,0,0,-118.25,0,0,0,0,0,0,1000
6462,0,153,3000,500,1000,0,0,0,0,0,0,0,0,0,0,-126.75,1,0,0,0,-118.25,0,0,0,0,0,0,1000
6463,0,154,3000,500,1000,0,0,0,0,0,0,0,0,0,0,-126.75,1,0,0,0,-118.25,0,0,0,0,0,0,1000
6464,0,155,3000,500,1000,0,0,0,0,0,0,0,0,0,0,-126.75,1,0,0,0,-118.25,0,0,0,0,0,0,1000
6465,0,156,3000,500,1000,0,0,0,0,0,0,0,0,0,0,-126.75,1,0,0,0,-118.25,0,0,0,0,0,0,1000
6466,0,157,3000,500,1000,0,0,0,0,0,0,0,0,0,0,-126.75,1,0,0,0,-118.25,0,0,0,0,0,0,1000
6467,0,158,3000,500,1000,0,0,0,0,0,0,0,0,0,0,-126.75,1,0,0,0,-118.25,0,0,0,0,0,0,1000
6468,0,159,3000,500,1000,0,0,0,0,0,0,0,0,0,0,-126.75,1,0,0,0,-118.25,0,0,0,0,0,0,1000
6469,0,160,3000,500,1000,0,0,0,0,0,0,0,0,0,0,-126.75,1,0,0,0,-118.25,0,0,0,0,0,0,1000
6470,0,161,3000,500,1000,0,0,0,0,0,0,0,0,0,0,-126.75,1,0,0,0,-118.25,0,0,0,0,0,0,1000
6471,0,162,3000,500,1000,0,0,0,0,0,0,0,0,0,0,-126.75,1,0,0,0,-118.25,0,0,0,0,0,0,1000
6472,0,163,3000,500,1000,0,0,0,0,0,0,0,0,0,0,-126.75,1,0,0,0,-118.25,0,0,0,0,0,0,1000
6473,0,164,3000,500,1000,0,0,0,0,0,0,0,0,0,0,-126.75,1,0,0,0,-118.25,0,0,0,0,0,0,1000
6474,0,165,3000,500,1000,0,0,0,0,0,0,0,0,0,0,-126.75,1,0,0,0,-118.25,0,0,0,0,0,0,1000
6475,0,166,3000,500,1000,0,0,0,0,0,0,0,0,0,0,-126.75,1,0,0,0,-118.25,0,0,0,0,0,0,1000
6476,0,167,3000,500,1000,0,0,0,0,0,0,0,0,0,0,-126.75,1,0,0,0,-118.25,0,0,0,0,0,0,1000
6477,0,168,3000,500,1000,0,0,0,0,0,0,0,0,0,0,-126.75,1,0,0,0,-118.25,0,0,0,0,0,0,1000
6478,0,169,3000,500,1000,0,0,0,0,0,0,0,0,0,0,-126.75,1,0,0,0,-118.25,0,0,0,0,0,0,1000
6479,0,170,3000,500,1000,0,0,0,0,0,0,0,0,0,0,-126.75,1,0,0,0,-118.25,0,0,0,0,0,0,1000
6480,0,171,3000,500,1000,0,0,0,0,0,0,0,0,0,0,-126.75,1,0,0,0,-118.25,0,0,0,0,0,0,1000
6481,0,172,3000,500,1000,0,0,0,0,0,0,0,0,0,0,-126.75,1,0,0,0,-118.25,0,0,0,0,0,0,1000
6482,0,173,3000,500,1000,0,0,0,0,0,0,0,0,0,0,-126.75,1,0,0,0,-118.25,0,0,0,0,0,0,1000
6483,0,174,3000,500,1000,0,0,0,0,0,0,0,0,0,0,-126.75,1,0,0,0,-118.25,0,0,0,0,0,0,1000
6484,0,175,3000,500,1000,0,0,0,0,0,0,0,0,0,0,-126.75,1,0,0,0,-118.25,0,0,0,0,0,0,1000
6485,0,176,3000,500,1000,0,0,0,0,0,0,0,0,0,0,-126.75,1,0,0,0,-118.25,0,0,0,0,0,0,1000
6486,0,177,3000,500,1000,0,0,0,0,0,0,0,0,0,0,-126.75,1,0,0,0,-118.25,0,0,0,0,0,0,1000
6487,0,178,3000,500,1000,0,0,0,0,0,0,0,0,0,0,-126.75,1,0,0,0,-118.25,0,0,0,0,0,0,1000
6488,0,179,3000,500,1000,0,0,0,0,0,0,0,0,0,0,-126.75,1,0,0,0,-118.25,0,0,0,0,0,0,1000
6489,0,180,3000,500,1000,0,0,0,0,0,0,0,0,0,0,-126.75,1,0,0,0,-118.25,0,0,0,0,0,0,1000
6490,0,181,3000,500,1000,0,0,0,0,0,0,0,0,0,0,-126.75,1,0,0,0,-118.25,0,0,0,0,0,0,1000
6491,0,182,3000,500,1000,0,0,0,0,0,0,0,0,0,0,-126.75,1,0,0,0,-118.25,0,0,0,0,0,0,1000
6492,0,183,3000,500,1000,0,0,0,0,0,0,0,0,0,0,-126.75,1,0,0,0,-118.25,0,0,0,0,0,0,1000
6493,0,184,3000,500,1000,0,0,0,0,0,0,0,0,0,0,-126.75,1,0,0,0,-118.25,0,0,0,0,0,0,1000
6494,0,185,3000,500,1000,0,0,0,0,0,0,0,0,0,0,-126.75,1,0,0,0,-118.25,0,0,0,0,0,0,1000
6495,0,186,3000,500,1000,0,0,0,0,0,0,0,0,0,0,-126.75,1,0,0,0,-118.25,0,0,0,0,0,0,1000
6496,0,187,3000,500,1000,0,0,0,0,0,0,0,0,0,0,-126.75,1,0,0,0,-118.25,0,0,0,0,0,0,1000
6497,0,188,3000,500,1000,0,0,0,0,0,0,0,0,0,0,-126.75,1,0,0,0,-118.25,0,0,0,0,0,0,1000
6498,0,189,3000,500,1000,0,0,0,0,0,0,0,0,0,0,-126.75,1,0,0,0,-118.25,0,0,0,0,0,0,1000
6499,0,190,3000,500,1000,0,0,0,0,0,0,0,0,0,0,-126.75,1,0,0,0,-118.25,0,0,0,0,0,0,1000
6500,0,191,3000,500,1000,0,0,0,0,0,0,0,0,0,0,-126.75,1,0,0,0,-118.25,0,0,0,0,0,0,1000
6501,0,192,3000,500,1000,0,0,0,0,0,0,0,0,0,0,-126.75,1,0,0,0,-118.25,0,0,0,0,0,0,1000
6502,0,193,3000,500,1000,0,0,0,0,0,0,0,0,0,0,-126.75,1,0,0,0,-118.25,0,0,0,0,0,0,1000
6503,0,194,3000,500,1000,0,0,0,0,0,0,0,0,0,0,-126.75,1,0,0,0,-118.25,0,0,0,0,0,0,1000
6504,0,195,3000,500,1000,0,0,0,0,0,0,0,0,0,0,-126.75,1,0,0,0,-118.25,0,0,0,0,0,0,1000
6505,0,196,3000,500,1000,0,0,0,0,0,0,0,0,0,0,-126.75,1,0,0,0,-118.25,0,0,0,0,0,0,1000
6506,0,197,3000,500,1000,0,0,0,0,0,0,0,0,0,0,-126.75,1,0,0,0,-118.25,0,0,0,0,0,0,1000
6507,0,198,3000,500,1000,0,0,0,0,0,0,0,0,0,0,-126.75,1,0,0,0,-118.25,0,0,0,0,0,0,1000
6508,0,199,3000,500,1000,0,0,0,0,0,0,0,0,0,0,-126.75,1,0,0,0,-118.25,0,0,0,0,0,0,1000
6509,0,200,3000,500,1000,0,0,0,0,0,0,0,0,0,0,-126.75,1,0,0,0,-118.25,0,0,0,0,0,0,1000
6510,0,201,3000,500,1000,0,0,0,0,0,0,0,0,0,0,-126.75,1,0,0,0,-118.25,0,0,0,0,0,0,1000
6511,0,202,3000,500,1000,0,0,0,0,0,0,0,0,0,0,-126.75,1,0,0,0,-118.25,0,0,0,0,0,0,1000
6512,0,203,3000,500,1000,0,0,0,0,0,0,0,0,0,0,-126.75,1,0,0,0,-118.25,0,0,0,0,0,0,1000
6513,0,204,3000,500,1000,0,0,0,0,0,0,0,0,0,0,-126.75,1,0,0,0,-118.25,0,0,0,0,0,0,1000
6514,0,205,3000,500,1000,0,0,0,0,0,0,0,0,0,0,-126.75,1,0,0,0,-118.25,0,0,0,0,0,0,1000
6515,0,206,3000,500,1000,0,0,0,0,0,0,0,0,0,0,-126.75,1,0,0,0,-118.25,0,0,0,0,0,0,1000
6516,0,207,3000,500,1000,0,0,0,0,0,0,0,0,0,0,-126.75,1,0,0,0,-118.25,0,0,0,0,0,0,1000
6517,0,208,3000,500,1000,0,0,0,0,0,0,0,0,0,0,-126.75,1,0,0,0,-118.25,0,0,0,0,0,0,1000
6518,0,209,3000,500,1000,0,0,0,0,0,0,0,0,0,0,-126.75,1,0,0,0,-118.25,0,0,0,0,0,0,1000
6519,0,210,3000,500,1000,0,0,0,0,0,0,0,0,0,0,-126.75,1,0,0,0,-118.25,0,0,0,0,0,0,1000
6520,0,211,3000,500,1000,0,0,0,0,0,0,0,0,0,0,-126.75,1,0,0,0,-118.25,0,0,0,0,0,0,1000
6521,0,212,3000,500,1000,0,0,0,0,0,0,0,0,0,0,-126.75,1,0,0,0,-118.25,0,0,0,0,0,0,1000
6522,0,213,3000,500,1000,0,0,0,0,0,0,0,0,0,0,-126.75,1,0,0,0,-118.25,0,0,0,0,0,0,1000
6523,0,214,3000,500,1000,0,0,0,0,0,0,0,0,0,0,-126.75,1,0,0,0,-118.25,0,0,0,0,0,0,1000
6524,0,215,3000,500,1000,0,0,0,0,0,0,0,0,0,0,-126.75,1,0,0,0,-118.25,0,0,0,0,0,0,1000
6525,0,216,3000,500,1000,0,0,0,0,0,0,0,0,0,0,-126.75,1,0,0,0,-118.25,0,0,0,0,0,0,1000
6526,0,217,3000,500,1000,0,0,0,0,0,0,0,0,0,0,-126.75,1,0,0,0,-118.25,0,0,0,0,0,0,1000
6527,0,218,3000,500,1000,0,0,0,0,0,0,0,0,0,0,-126.75,1,0,0,0,-118.25,0,0,0,0,0,0,1000
6528,0,219,3000,500,1000,0,0,0,0,0,0,0,0,0,0,-126.75,1,0,0,0,-118.25,0,0,0,0,0,0,1000
6529,0,220,3000,500,1000,0,0,0,0,0,0,0,0,0,0,-126.75,1,0,0,0,-118.25,0,0,0,0,0,0,1000
6530,0,221,3000,500,1000,0,0,0,0,0,0,0,0,0,0,-126.75,1,0,0,0,-118.25,0,0,0,0,0,0,1000
6531,0,222,3000,500,1000,0,0,0,0,0,0,0,0,0,0,-126.75,1,0,0,0,-118.25,0,0,0,0,0,0,1000
6532,0,223,3000,500,1000,0,0,0,0,0,0,0,0,0,0,-126.75,1,0,0,0,-118.25,0,0,0,0,0,0,1000
6533,0,224,3000,500,1000,0,0,0,0,0,0,0,0,0,0,-126.75,1,0,0,0,-118.25,0,0,0,0,0,0,1000
6534,0,225,3000,500,1000,0,0,0,0,0,0,0,0,0,0,-126.75,1,0,0,0,-118.25,0,0,0,0,0,0,1000
6535,0,226,3000,500,1000,0,0,0,0,0,0,0,0,0,0,-126.75,1,0,0,0,-118.25,0,0,0,0,0,0,1000
6536,0,227,3000,500,1000,0,0,0,0,0,0,0,0,0,0,-126.75,1,0,0,0,-118.25,0,0,0,0,0,0,1000
6537,0,228,3000,500,1000,0,0,0,0,0,0,0,0,0,0,-126.75,1,0,0,0,-118.25,0,0,0,0,0,0,1000
6538,0,229,3000,500,1000,0,0,0,0,0,0,0,0,0,0,-126.75,1,0,0,0,-118.25,0,0,0,0,0,0,1000
6539,0,230,3000,500,1000,0,0,0,0,0,0,0,0,0,0,-126.75,1,0,0,0,-118.25,0,0,0,0,0,0,1000
6540,0,231,3000,500,1000,0,0,0,0,0,0,0,0,0,0,-126.75,1,0,0,0,-118.25,0,0,0,0,0,0,1000
6541,0,232,3000,500,1000,0,0,0,0,0,0,0,0,0,0,-126.75,1,0,0,0,-118.25,0,0,0,0,0,0,1000
6542,0,233,3000,500,1000,0,0,0,0,0,0,0,0,0,0,-126.75,1,0,0,0,-118.25,0,0,0,0,0,0,1000
6543,0,234,3000,500,1000,0,0,0,0,0,0,0,0,0,0,-126.75,1,0,0,0,-118.25,0,0,0,0,0,0,1000
6544,0,235,3000,500,1000,0,0,0,0,0,0,0,0,0,0,-126.75,1,0,0,0,-118.25,0,0,0,0,0,0,1000
6545,0,236,3000,500,1000,0,0,0,0,0,0,0,0,0,0,-126.75,1,0,0,0,-118.25,0,0,0,0,0,0,1000
6546,0,237,3000,500,1000,0,0,0,0,0,0,0,0,0,0,-126.75,1,0,0,0,-118.25,0,0,0,0,0,0,1000
6547,0,238,3000,500,1000,0,0,0,0,0,0,0,0,0,0,-126.75,1,0,0,0,-118.25,0,0,0,0,0,0,1000
6548,0,239,3000,500,1000,0,0,0,0,0,0,0,0,0,0,-126.75,1,0,0,0,-118.25,0,0,0,0,0,0,1000
6549,0,240,3000,500,1000,0,0,0,0,0,0,0,0,0,0,-126.75,1,0,0,0,-118.25,0,0,0,0,0,0,1000
6550,0,241,3000,500,1000,0,0,0,0,0,0,0,0,0,0,-126.75,1,0,0,0,-118.25,0,0,0,0,0,0,1000
6551,0,242,3000,500,1000,0,0,0,0,0,0,0,0,0,0,-126.75,1,0,0,0,-118.25,0,0,0,0,0,0,1000
6552,0,243,3000,500,1000,0,0,0,0,0,0,0,0,0,0,-126.75,1,0,0,0,-118.25,0,0,0,0,0,0,1000
6553,0,244,3000,500,1000,0,0,0,0,0,0,0,0,0,0,-126.75,1,0,0,0,-118.25,0,0,0,0,0,0,1000
6554,0,245,3000,500,1000,0,0,0,0,0,0,0,0,0,0,-126.75,1,0,0,0,-118.25,0,0,0,0,0,0,1000
6555,0,246,3000,500,1000,0,0,0,0,0,0,0,0,0,0,-126.75,1,0,0,0,-118.25,0,0,0,0,0,0,1000
6556,0,247,3000,500,1000,0,0,0,0,0,0,0,0,0,0,-126.75,1,0,0,0,-118.25,0,0,0,0,0,0,1000
6557,0,248,3000,500,1000,0,0,0,0,0,0,0,0,0,0,-126.75,1,0,0,0,-118.25,0,0,0,0,0,0,1000
6558,0,249,3000,500,1000,0,0,0,0,0,0,0,0,0,0,-126.75,1,0,0,0,-118.25,0,0,0,0,0,0,1000
6559,0,250,3000,500,1000,0,0,0,0,0,0,0,0,0,0,-126.75,1,0,0,0,-118.25,0,0,0,0,0,0,1000
6560,0,251,3000,500,1000,0,0,0,0,0,0,0,0,0,0,-126.75,1,0,0,0,-118.25,0,0,0,0,0,0,1000
6561,0,252,3000,500,1000,0,0,0,0,0,0,0,0,0,0,-126.75,1,0,0,0,-118.25,0,0,0,0,0,0,1000
6562,0,253,3000,500,1000,0,0,0,0,0,0,0,0,0,0,-126.75,1,0,0,0,-118.25,0,0,0,0,0,0,1000
6563,0,254,3000,500,1000,0,0,0,0,0,0,0,0,0,0,-126.75,1,0,0,0,-118.25,0,0,0,0,0,0,1000
6564,0,255,3000,500,1000,0,0,0,0,0,0,0,0,0,0,-126.75,1,0,0,0,-118.25,0,0,0,0,0,0,1000
6565,0,256,3000,500,1000,0,0,0,0,0,0,0,0,0,0,-126.75,1,0,0,0,-118.25,0,0,0,0,0,0,1000
6566,0,257,3000,500,1000,0,0,0,0,0,0,0,0,0,0,-126.75,1,0,0,0,-118.25,0,0,0,0,0,0,1000
6567,0,258,3000,500,1000,0,0,0,0,0,0,0,0,0,0,-126.75,1,0,0,0,-118.25,0,0,0,0,0,0,1000
6568,0,259,3000,500,1000,0,0,0,0,0,0,0,0,0,0,-126.75,1,0,0,0,-118.25,0,0,0,0,0,0,1000
6569,0,260,3000,500,1000,0,0,0,0,0,0,0,0,0,0,-126.75,1,0,0,0,-118.25,0,0,0,0,0,0,1000
6570,0,261,3000,500,1000,0,0,0,0,0,0,0,0,0,0,-126.75,1,0,0,0,-118.25,0,0,0,0,0,0,1000
6571,0,262,3000,500,1000,0,0,0,0,0,0,0,0,0,0,-126.75,1,0,0,0,-118.25,0,0,0,0,0,0,1000
6572,0,263,3000,500,1000,0,0,0,0,0,0,0,0,0,0,-126.75,1,0,0,0,-118.25,0,0,0,0,0,0,1000
6573,0,264,3000,500,1000,0,0,0,0,0,0,0,0,0,0,-126.75,1,0,0,0,-118.25,0,0,0,0,0,0,1000
6574,0,265,3000,500,1000,0,0,0,0,0,0,0,0,0,0,-126.75,1,0,0,0,-118.25,0,0,0,0,0,0,1000
6575,0,266,3000,500,1000,0,0,0,0,0,0,0,0,0,0,-126.75,1,0,0,0,-118.25,0,0,0,0,0,0,1000
6576,0,267,3000,500,1000,0,0,0,0,0,0,0,0,0,0,-126.75,1,0,0,0,-118.25,0,0,0,0,0,0,1000
6577,0,268,3000,500,1000,0,0,0,0,0,0,0,0,0,0,-126.75,1,0,0,0,-118.25,0,0,0,0,0,0,1000
6578,0,269,3000,500,1000,0,0,0,0,0,0,0,0,0,0,-126.75,1,0,0,0,-118.25,0,0,0,0,0,0,1000
6579,0,270,3000,500,1000,0,0,0,0,0,0,0,0,0,0,-126.75,1,0,0,0,-118.25,0,0,0,0,0,0,1000
6580,0,271,3000,500,1000,0,0,0,0,0,0,0,0,0,0,-126.75,1,0,0,0,-118.25,0,0,0,0,0,0,1000
6581,0,272,3000,500,1000,0,0,0,0,0,0,0,0,0,0,-126.75,1,0,0,0,-118.25,0,0,0,0,0,0,1000
6582,0,273,3000,500,1000,0,0,0,0,0,0,0,0,0,0,-126.75,1,0,0,0,-118.25,0,0,0,0,0,0,1000
6583,0,274,3000,500,1000,0,0,0,0,0,0,0,0,0,0,-126.75,1,0,0,0,-118.25,0,0,0,0,0,0,1000
6584,0,275,3000,500,1000,0,0,0,0,0,0,0,0,0,0,-126.75,1,0,0,0,-118.25,0,0,0,0,0,0,1000
6585,0,276,3000,500,1000,0,0,0,0,0,0,0,0,0,0,-126.75,1,0,0,0,-118.25,0,0,0,0,0,0,1000
6586,0,277,3000,500,1000,0,0,0,0,0,0,0,0,0,0,-126.75,1,0,0,0,-118.25,0,0,0,0,0,0,1000
6587,0,278,3000,500,1000,0,0,0,0,0,0,0,0,0,0,-126.75,1,0,0,0,-118.25,0,0,0,0,0,0,1000
6588,0,279,3000,500,1000,0,0,0,0,0,0,0,0,0,0,-126.75,1,0,0,0,-118.25,0,0,0,0,0,0,1000
6589,0,280,3000,500,1000,0,0,0,0,0,0,0,0,0,0,-126.75,1,0,0,0,-118.25,0,0,0,0,0,0,1000
6590,0,281,3000,500,1000,0,0,0,0,0,0,0,0,0,0,-126.75,1,0,0,0,-118.25,0,0,0,0,0,0,1000
6591,0,282,3000,500,1000,0,0,0,0,0,0,0,0,0,0,-126.75,1,0,0,0,-118.25,0,0,0,0,0,0,1000
6592,0,283,3000,500,1000,0,0,0,0,0,0,0,0,0,0,-126.75,1,0,0,0,-118.25,0,0,0,0,0,0,1000
6593,0,284,3000,500,1000,0,0,0,0,0,0,0,0,0,0,-126.75,1,0,0,0,-118.25,0,0,0,0,0,0,1000
6594,0,285,3000,500,1000,0,0,0,0,0,0,0,0,0,0,-126.75,1,0,0,0,-118.25,0,0,0,0,0,0,1000
6595,0,286,3000,500,1000,0,0,0,0,0,0,0,0,0,0,-126.75,1,0,0,0,-118.25,0,0,0,0,0,0,1000
6596,0,287,3000,500,1000,0,0,0,0,0,0,0,0,0,0,-126.75,1,0,0,0,-118.25,0,0,0,0,0,0,1000
6597,0,288,3000,500,1000,0,0,0,0,0,0,0,0,0,0,-126.75,1,0,0,0,-118.25,0,0,0,0,0,0,1000
6598,0,289,3000,500,1000,0,0,0,0,0,0,0,0,0,0,-126.75,1,0,0,0,-118.25,0,0,0,0,0,0,1000
6599,0,290,3000,500,1000,0,0,0,0,0,0,0,0,0,0,-126.75,1,0,0,0,-118.25,0,0,0,0,0,0,1000
6600,0,291,3000,500,1000,0,0,0,0,0,0,0,0,0,0,-126.75,1,0,0,0,-118.25,0,0,0,0,0,0,1000
6601,0,292,3000,500,1000,0,0,0,0,0,0,0,0,0,0,-126.75,1,0,0,0,-118.25,0,0,0,0,0,0,1000
6602,0,293,3000,500,1000,0,0,0,0,0,0,0,0,0,0,-126.75,1,0,0,0,-118.25,0,0,0,0,0,0,1000
6603,0,294,3000,500,1000,0,0,0,0,0,0,0,0,0,0,-126.75,1,0,0,0,-118.25,0,0,0,0,0,0,1000
6604,0,295,3000,500,1000,0,0,0,0,0,0,0,0,0,0,-126.75,1,0,0,0,-118.25,0,0,0,0,0,0,1000
6605,0,296,3000,500,1000,0,0,0,0,0,0,0,0,0,0,-126.75,1,0,0,0,-118.25,0,0,0,0,0,0,1000
6606,0,297,3000,500,1000,0,0,0,0,0,0,0,0,0,0,-126.75,1,0,0,0,-118.25,0,0,0,0,0,0,1000
6607,0,298,3000,500,1000,0,0,0,0,0,0,0,0,0,0,-126.75,1,0,0,0,-118.25,0,0,0,0,0,0,1000
6608,0,299,3000,500,1000,0,0,0,0,0,0,0,0,0,0,-126.75,1,0,0,0,-118.25,0,0,0,0,0,0,1000
6609,0,300,3000,500,1000,0,0,0,0,0,0,0,0,0,0,-126.75,1,0,0,0,-118.25,0,0,0,0,0,0,1000
6610,0,1,3000,500,1000,0,0,0,0,0,0,0,0,0,0,124.75,-1,0,0,0,-118.25,0,0,0,0,0,0,1000
6611,0,2,3000,500,1000,0,0,0,0,0,0,0,0,0,0,362.75,1,0,0,0,-118.25,0,0,0,0,0,0,1000
6612,0,3,3000,500,1000,0,0,0,0,0,0,0,0,0,0,362.25,-1,0,0,0,-117.75,0,0,0,0,0,0,1000
6613,0,4,3000,500,1000,0,0,0,0,0,0,0,0,0,0,361.75,-1,0,0,0,-117.25,0,0,0,0,0,0,1000
6614,0,5,3000,500,1000,0,0,0,0,0,0,0,0,0,0,361.25,-1,0,0,0,-116.75,0,0,0,0,0,0,1000
6615,0,6,3000,500,1000,0,0,0,0,0,0,0,0,0,0,360.75,-1,0,0,0,-116.25,0,0,0,0,0,0,1000
6616,0,7,3000,500,1000,0,0,0,0,0,0,0,0,0,0,360.25,-1,0,0,0,-115.75,0,0,0,0,0,0,1000
6617,0,8,3000,500,1000,0,0,0,0,0,0,0,0,0,0,359.75,-1,0,0,0,-115.25,0,0,0,0,0,0,1000
6618,0,9,3000,500,1000,0,0,0,0,0,0,0,0,0,0,359.25,-1,0,0,0,-114.75,0,0,0,0,0,0,1000
6619,0,10,3000,500,1000,0,0,0,0,0,0,0,0,0,0,358.75,-1,0,0,0,-114.25,0,0,0,0,0,0,1000
6620,0,11,3000,500,1000,0,0,0,0,0,0,0,0,0,0,358.25,-1,0,0,0,-113.75,0,0,0,0,0,0,1000
6621,0,12,3000,500,1000,0,0,0,0,0,0,0,0,0,0,357.75,-1,0,0,0,-113.25,0,0,0,0,0,0,1000
6622,0,13,3000,500,1000,0,0,0,0,0,0,0,0,0,0,357.5,-1,0,0,0,-112.75,0,0,0,0,0,0,1000
6623,0,14,3000,500,1000,0,0,0,0,0,0,0,0,0,0,357.25,-1,0,0,0,-112.5,0,0,0,0,0,0,1000
6624,0,15,3000,500,1000,0,0,0,0,0,0,0,0,0,0,357,-1,0,0,0,-112.25,0,0,0,0,0,0,1000
6625,0,16,3000,500,1000,0,0,0,0,0,0,0,0,0,0,356.75,-1,0,0,0,-112,0,0,0,0,0,0,1000
6626,0,17,3000,500,1000,0,0,0,0,0,0,0,0,0,0,356.5,-1,0,0,0,-111.75,0,0,0,0,0,0,1000
6627,0,18,3000,500,1000,0,0,0,0,0,0,0,0,0,0,356.25,-1,0,0,0,-111.5,0,0,0,0,0,0,1000
6628,0,19,3000,500,1000,0,0,0,0,0,0,0,0,0,0,356,-1,0,0,0,-111.25,0,0,0,0,0,0,1000
6629,0,20,3000,500,1000,0,0,0,0,0,0,0,0,0,0,355.75,-1,0,0,0,-111,0,0,0,0,0,0,1000
6630,0,21,3000,500,1000,0,0,0,0,0,0,0,0,0,0,355.5,-1,0,0,0,-110.75,0,0,0,0,0,0,1000
6631,0,22,3000,500,1000,0,0,0,0,0,0,0,0,0,0,355.25,-1,0,0,0,-110.5,0,0,0,0,0,0,1000
6632,0,23,3000,500,1000,0,0,0,0,0,0,0,0,0,0,355,-1,0,0,0,-110.25,0,0,0,0,0,0,1000
6633,0,24,3000,500,1000,0,0,0,0,0,0,0,0,0,0,354.75,-1,0,0,0,-110,0,0,0,0,0,0,1000
6634,0,25,3000,500,1000,0,0,0,0,0,0,0,0,0,0,354.5,-1,0,0,0,-109.75,0,0,0,0,0,0,1000
6635,0,26,3000,500,1000,0,0,0,0,0,0,0,0,0,0,354.25,-1,0,0,0,-109.5,0,0,0,0,0,0,1000
6636,0,27,3000,500,1000,0,0,0,0,0,0,0,0,0,0,354,-1,0,0,0,-109.25,0,0,0,0,0,0,1000
6637,0,28,3000,500,1000,0,0,0,0,0,0,0,0,0,0,353.75,-1,0,0,0,-109,0,0,0,0,0,0,1000
6638,0,29,3000,500,1000,0,0,0,0,0,0,0,0,0,0,353.5,-1,0,0,0,-108.75,0,0,0,0,0,0,1000
6639,0,30,3000,500,1000,0,0,0,0,0,0,0,0,0,0,353.25,-1,0,0,0,-108.5,0,0,0,0,0,0,1000
6640,0,31,3000,500,1000,0,0,0,0,0,0,0,0,0,0,353,-1,0,0,0,-108.25,0,0,0,0,0,0,1000
6641,0,32,3000,500,1000,0,0,0,0,0,0,0,0,0,0,352.75,-1,0,0,0,-108,0,0,0,0,0,0,1000
6642,0,33,3000,500,1000,0,0,0,0,0,0,0,0,0,0,352.5,-1,0,0,0,-107.75,0,0,0,0,0,0,1000
6643,0,34,3000,500,1000,0,0,0,0,0,0,0,0,0,0,352.25,-1,0,0,0,-107.5,0,0,0,0,0,0,1000
6644,0,35,3000,500,1000,0,0,0,0,0,0,0,0,0,0,352,-1,0,0,0,-107.25,0,0,0,0,0,0,1000
6645,0,36,3000,500,1000,0,0,0,0,0,0,0,0,0,0,351.75,-1,0,0,0,-107,0,0,0,0,0,0,1000
6646,0,37,3000,500,1000,0,0,0,0,0,0,0,0,0,0,351.5,-1,0,0,0,-106.75,0,0,0,0,0,0,1000
6647,0,38,3000,500,1000,0,0,0,0,0,0,0,0,0,0,351.25,-1,0,0,0,-106.5,0,0,0,0,0,0,1000
6648,0,39,3000,500,1000,0,0,0,0,0,0,0,0,0,0,351,-1,0,0,0,-106.25,0,0,0,0,0,0,1000
6649,0,40,3000,500,1000,0,0,0,0,0,0,0,0,0,0,350.75,-1,0,0,0,-106,0,0,0,0,0,0,1000
6650,0,41,3000,500,1000,0,0,0,0,0,0,0,0,0,0,350.5,-1,0,0,0,-105.75,0,0,0,0,0,0,1000
6651,0,42,3000,500,1000,0,0,0,0,0,0,0,0,0,0,350.25,-1,0,0,0,-105.5,0,0,0,0,0,0,1000
6652,0,43,3000,500,1000,0,0,0,0,0,0,0,0,0,0,350,-1,0,0,0,-105.25,0,0,0,0,0,0,1000
6653,0,44,3000,500,1000,0,0,0,0,0,0,0,0,0,0,349.75,-1,0,0,0,-105,0,0,0,0,0,0,1000
6654,0,45,3000,500,1000,0,0,0,0,0,0,0,0,0,0,349.5,-1,0,0,0,-104.75,0,0,0,0,0,0,1000
6655,0,46,3000,500,1000,0,0,0,0,0,0,0,0,0,0,349.25,-1,0,0,0,-104.5,0,0,0,0,0,0,1000
6656,0,47,3000,500,1000,0,0,0,0,0,0,0,0,0,0,349,-1,0,0,0,-104.25,0,0,0,0,0,0,1000
6657,0,48,3000,500,1000,0,0,0,0,0,0,0,0,0,0,348.75,-1,0,0,0,-104,0,0,0,0,0,0,1000
6658,0,49,3000,500,1000,0,0,0,0,0,0,0,0,0,0,348.5,-1,0,0,0,-103.75,0,0,0,0,0,0,1000
6659,0,50,3000,500,1000,0,0,0,0,0,0,0,0,0,0,348.25,-1,0,0,0,-103.5,0,0,0,0,0,0,1000
6660,0,51,3000,500,1000,0,0,0,0,0,0,0,0,0,0,348,-1,0,0,0,-103.25,0,0,0,0,0,0,1000
6661,0,52,3000,500,1000,0,0,0,0,0,0,0,0,0,0,347.75,-1,0,0,0,-103,0,0,0,0,0,0,1000
6662,0,53,3000,500,1000,0,0,0,0,0,0,0,0,0,0,347.5,-1,0,0,0,-102.75,0,0,0,0,0,0,1000
6663,0,54,3000,500,1000,0,0,0,0,0,0,0,0,0,0,347.25,-1,0,0,0,-102.5,0,0,0,0,0,0,1000
6664,0,55,3000,500,1000,0,0,0,0,0,0,0,0,0,0,347,-1,0,0,0,-102.25,0,0,0,0,0,0,1000
6665,0,56,3000,500,1000,0,0,0,0,0,0,0,0,0,0,346.75,-1,0,0,0,-102,0,0,0,0,0,0,1000
6666,0,57,3000,500,1000,0,0,0,0,0,0,0,0,0,0,346.5,-1,0,0,0,-101.75,0,0,0,0,0,0,1000
6667,0,58,3000,500,1000,0,0,0,0,0,0,0,0,0,0,346.25,-1,0,0,0,-101.5,0,0,0,0,0,0,1000
6668,0,59,3000,500,1000,0,0,0,0,0,0,0,0,0,0,346,-1,0,0,0,-101.25,0,0,0,0,0,0,1000
6669,0,60,3000,500,1000,0,0,0,0,0,0,0,0,0,0,345.75,-1,0,0,0,-101,0,0,0,0,0,0,1000
6670,0,61,3000,500,1000,0,0,0,0,0,0,0,0,0,0,345.5,-1,0,0,0,-100.75,0,0,0,0,0,0,1000
6671,0,62,3000,500,1000,0,0,0,0,0,0,0,0,0,0,345.25,-1,0,0,0,-100.5,0,0,0,0,0,0,1000
6672,0,63,3000,500,1000,0,0,0,0,0,0,0,0,0,0,345,-1,0,0,0,-100.25,0,0,0,0,0,0,1000
6673,0,64,3000,500,1000,0,0,0,0,0,0,0,0,0,0,344.75,-1,0,0,0,-100,0,0,0,0,0,0,1000
6674,0,65,3000,500,1000,0,0,0,0,0,0,0,0,0,0,344.5,-1,0,0,0,-99.75,0,0,0,0,0,0,1000
6675,0,66,3000,500,1000,0,0,0,0,0,0,0,0,0,0,344.25,-1,0,0,0,-99.5,0,0,0,0,0,0,1000
6676,0,67,3000,500,1000,0,0,0,0,0,0,0,0,0,0,344,-1,0,0,0,-99.25,0,0,0,0,0,0,1000
6677,0,68,3000,500,1000,0,0,0,0,0,0,0,0,0,0,343.75,-1,0,0,0,-99,0,0,0,0,0,0,1000
6678,0,69,3000,500,1000,0,0,0,0,0,0,0,0,0,0,343.5,-1,0,0,0,-98.75,0,0,0,0,0,0,1000
6679,0,70,3000,500,1000,0,0,0,0,0,0,0,0,0,0,343.25,-1,0,0,0,-98.5,0,0,0,0,0,0,1000
6680,0,71,3000,500,1000,0,0,0,0,0,0,0,0,0,0,343,-1,0,0,0,-98.25,0,0,0,0,0,0,1000
6681,0,72,3000,500,1000,0,0,0,0,0,0,0,0,0,0,342.75,-1,0,0,0,-98,0,0,0,0,0,0,1000
6682,0,73,3000,500,1000,0,0,0,0,0,0,0,0,0,0,342.5,-1,0,0,0,-97.75,0,0,0,0,0,0,1000
6683,0,74,3000,500,1000,0,0,0,0,0,0,0,0,0,0,342.25,-1,0,0,0,-97.5,0,0,0,0,0,0,1000
6684,0,75,3000,500,1000,0,0,0,0,0,0,0,0,0,0,342,-1,0,0,0,-97.25,0,0,0,0,0,0,1000
6685,0,76,3000,500,1000,0,0,0,0,0,0,0,0,0,0,341.75,-1,0,0,0,-97,0,0,0,0,0,0,1000
6686,0,77,3000,500,1000,0,0,0,0,0,0,0,0,0,0,341.5,-1,0,0,0,-96.75,0,0,0,0,0,0,1000
6687,0,78,3000,500,1000,0,0,0,0,0,0,0,0,0,0,341.25,-1,0,0,0,-96.5,0,0,0,0,0,0,1000
6688,0,79,3000,500,1000,0,0,0,0,0,0,0,0,0,0,341,-1,0,0,0,-96.25,0,0,0,0,0,0,1000
6689,0,80,3000,500,1000,0,0,0,0,0,0,0,0,0,0,340.75,-1,0,0,0,-96,0,0,0,0,0,0,1000
6690,0,81,3000,500,1000,0,0,0,0,0,0,0,0,0,0,340.5,-1,0,0,0,-95.75,0,0,0,0,0,0,1000
6691,0,82,3000,500,1000,0,0,0,0,0,0,0,0,0,0,340.25,-1,0,0,0,-95.5,0,0,0,0,0,0,1000
6692,0,83,3000,500,1000,0,0,0,0,0,0,0,0,0,0,340,-1,0,0,0,-95.25,0,0,0,0,0,0,1000
6693,0,84,3000,500,1000,0,0,0,0,0,0,0,0,0,0,339.75,-1,0,0,0,-95,0,0,0,0,0,0,1000
6694,0,85,3000,500,1000,0,0,0,0,0,0,0,0,0,0,339.5,-1,0,0,0,-94.75,0,0,0,0,0,0,1000
6695,0,86,3000,500,1000,0,0,0,0,0,0,0,0,0,0,339.25,-1,0,0,0,-94.5,0,0,0,0,0,0,1000
6696,0,87,3000,500,1000,0,0,0,0,0,0,0,0,0,0,339,-1,0,0,0,-94.25,0,0,0,0,0,0,1000
6697,0,88,3000,500,1000,0,0,0,0,0,0,0,0,0,0,338.75,-1,0,0,0,-94,0,0,0,0,0,0,1000
6698,0,89,3000,500,1000,0,0,0,0,0,0,0,0,0,0,338.5,-1,0,0,0,-93.75,0,0,0,0,0,0,1000
6699,0,90,3000,500,1000,0,0,0,0,0,0,0,0,0,0,338.25,-1,0,0,0,-93.5,0,0,0,0,0,0,1000
6700,0,91,3000,500,1000,0,0,0,0,0,0,0,0,0,0,338,-1,0,0,0,-93.25,0,0,0,0,0,0,1000
6701,0,92,3000,500,1000,0,0,0,0,0,0,0,0,0,0,337.75,-1,0,0,0,-93,0,0,0,0,0,0,1000
6702,0,93,3000,500,1000,0,0,0,0,0,0,0,0,0,0,337.5,-1,0,0,0,-92.75,0,0,0,0,0,0,1000
6703,0,94,3000,500,1000,0,0,0,0,0,0,0,0,0,0,337.25,-1,0,0,0,-92.5,0,0,0,0,0,0,1000
6704,0,95,3000,500,1000,0,0,0,0,0,0,0,0,0,0,337,-1,0,0,0,-92.25,0,0,0,0,0,0,1000
6705,0,96,3000,500,1000,0,0,0,0,0,0,0,0,0,0,336.75,-1,0,0,0,-92,0,0,0,0,0,0,1000
6706,0,97,3000,500,1000,0,0,0,0,0,0,0,0,0,0,336.5,-1,0,0,0,-91.75,0,0,0,0,0,0,1000
6707,0,98,3000,500,1000,0,0,0,0,0,0,0,0,0,0,336.25,-1,0,0,0,-91.5,0,0,0,0,0,0,1000
6708,0,99,3000,500,1000,0,0,0,0,0,0,0,0,0,0,336,-1,0,0,0,-91.25,0,0,0,0,0,0,1000
6709,0,100,3000,500,1000,0,0,0,0,0,0,0,0,0,0,335.75,-1,0,0,0,-91,0,0,0,0,0,0,1000
6710,0,101,3000,500,1000,0,0,0,0,0,0,0,0,0,0,335.5,-1,0,0,0,-90.75,0,0,0,0,0,0,1000
6711,0,102,3000,500,1000,0,0,0,0,0,0,0,0,0,0,335.25,-1,0,0,0,-90.5,0,0,0,0,0,0,1000
6712,0,103,3000,500,1000,0,0,0,0,0,0,0,0,0,0,335,-1,0,0,0,-90.25,0,0,0,0,0,0,1000
6713,0,104,3000,500,1000,0,0,0,0,0,0,0,0,0,0,334.75,-1,0,0,0,-90,0,0,0,0,0,0,1000
6714,0,105,3000,500,1000,0,0,0,0,0,0,0,0,0,0,334.5,-1,0,0,0,-89.75,0,0,0,0,0,0,1000
6715,0,106,3000,500,1000,0,0,0,0,0,0,0,0,0,0,334.25,-1,0,0,0,-89.5,0,0,0,0,0,0,1000
6716,0,107,3000,500,1000,0,0,0,0,0,0,0,0,0,0,334,-1,0,0,0,-89.25,0,0,0,0,0,0,1000
6717,0,108,3000,500,1000,0,0,0,0,0,0,0,0,0,0,333.75,-1,0,0,0,-89,0,0,0,0,0,0,1000
6718,0,109,3000,500,1000,0,0,0,0,0,0,0,0,0,0,333.5,-1,0,0,0,-88.75,0,0,0,0,0,0,1000
6719,0,110,3000,500,1000,0,0,0,0,0,0,0,0,0,0,333.25,-1,0,0,0,-88.5,0,0,0,0,0,0,1000
6720,0,111,3000,500,1000,0,0,0,0,0,0,0,0,0,0,333,-1,0,0,0,-88.25,0,0,0,0,0,0,1000
6721,0,112,3000,500,1000,0,0,0,0,0,0,0,0,0,0,332.75,-1,0,0,0,-88,0,0,0,0,0,0,1000
6722,0,113,3000,500,1000,0,0,0,0,0,0,0,0,0,0,332.5,-1,0,0,0,-87.75,0,0,0,0,0,0,1000
6723,0,114,3000,500,1000,0,0,0,0,0,0,0,0,0,0,332.25,-1,0,0,0,-87.5,0,0,0,0,0,0,1000
6724,0,115,3000,500,1000,0,0,0,0,0,0,0,0,0,0,332,-1,0,0,0,-87.25,0,0,0,0,0,0,1000
6725,0,116,3000,500,1000,0,0,0,0,0,0,0,0,0,0,331.75,-1,0,0,0,-87,0,0,0,0,0,0,1000
6726,0,117,3000,500,1000,0,0,0,0,0,0,0,0,0,0,331.5,-1,0,0,0,-86.75,0,0,0,0,0,0,1000
6727,0,118,3000,500,1000,0,0,0,0,0,0,0,0,0,0,331.25,-1,0,0,0,-86.5,0,0,0,0,0,0,1000
6728,0,119,3000,500,1000,0,0,0,0,0,0,0,0,0,0,331,-1,0,0,0,-86.25,0,0,0,0,0,0,1000
6729,0,120,3000,500,1000,0,0,0,0,0,0,0,0,0,0,330.75,-1,0,0,0,-86,0,0,0,0,0,0,1000
6730,0,121,3000,500,1000,0,0,0,0,0,0,0,0,0,0,330.5,-1,0,0,0,-85.75,0,0,0,0,0,0,1000
6731,0,122,3000,500,1000,0,0,0,0,0,0,0,0,0,0,330.25,-1,0,0,0,-85.5,0,0,0,0,0,0,1000
6732,0,123,3000,500,1000,0,0,0,0,0,0,0,0,0,0,330,-1,0,0,0,-85.25,0,0,0,0,0,0,1000
6733,0,124,3000,500,1000,0,0,0,0,0,0,0,0,0,0,329.75,-1,0,0,0,-85,0,0,0,0,0,0,1000
6734,0,125,3000,500,1000,0,0,0,0,0,0,0,0,0,0,329.5,-1,0,0,0,-84.75,0,0,0,0,0,0,1000
6735,0,126,3000,500,1000,0,0,0,0,0,0,0,0,0,0,329.25,-1,0,0,0,-84.5,0,0,0,0,0,0,1000
6736,0,127,3000,500,1000,0,0,0,0,0,0,0,0,0,0,329,-1,0,0,0,-84.25,0,0,0,0,0,0,1000
6737,0,128,3000,500,1000,0,0,0,0,0,0,0,0,0,0,328.75,-1,0,0,0,-84,0,0,0,0,0,0,1000
6738,0,129,3000,500,1000,0,0,0,0,0,0,0,0,0,0,328.5,-1,0,0,0,-83.75,0,0,0,0,0,0,1000
6739,0,130,3000,500,1000,0,0,0,0,0,0,0,0,0,0,328.25,-1,0,0,0,-83.5,0,0,0,0,0,0,1000
6740,0,131,3000,500,1000,0,0,0,0,0,0,0,0,0,0,328,-1,0,0,0,-83.25,0,0,0,0,0,0,1000
6741,0,132,3000,500,1000,0,0,0,0,0,0,0,0,0,0,327.75,-1,0,0,0,-83,0,0,0,0,0,0,1000
6742,0,133,3000,500,1000,0,0,0,0,0,0,0,0,0,0,327.5,-1,0,0,0,-82.75,0,0,0,0,0,0,1000
6743,0,134,3000,500,1000,0,0,0,0,0,0,0,0,0,0,327.25,-1,0,0,0,-82.5,0,0,0,0,0,0,1000
6744,0,135,3000,500,1000,0,0,0,0,0,0,0,0,0,0,327,-1,0,0,0,-82.25,0,0,0,0,0,0,1000
6745,0,136,3000,500,1000,0,0,0,0,0,0,0,0,0,0,326.75,-1,0,0,0,-82,0,0,0,0,0,0,1000
6746,0,137,3000,500,1000,0,0,0,0,0,0,0,0,0,0,326.5,-1,0,0,0,-81.75,0,0,0,0,0,0,1000
6747,0,138,3000,500,1000,0,0,0,0,0,0,0,0,0,0,326.25,-1,0,0,0,-81.5,0,0,0,0,0,0,1000
6748,0,139,3000,500,1000,0,0,0,0,0,0,0,0,0,0,326,-1,0,0,0,-81.25,0,0,0,0,0,0,1000
6749,0,140,3000,500,1000,0,0,0,0,0,0,0,0,0,0,325.75,-1,0,0,0,-81,0,0,0,0,0,0,1000
6750,0,141,3000,500,1000,0,0,0,0,0,0,0,0,0,0,325.5,-1,0,0,0,-80.75,0,0,0,0,0,0,1000
6751,0,142,3000,500,1000,0,0,0,0,0,0,0,0,0,0,325.25,-1,0,0,0,-80.5,0,0,0,0,0,0,1000
6752,0,143,3000,500,1000,0,0,0,0,0,0,0,0,0,0,325,-1,0,0,0,-80.25,0,0,0,0,0,0,1000
6753,0,144,3000,500,1000,0,0,0,0,0,0,0,0,0,0,324.75,-1,0,0,0,-80,0,0,0,0,0,0,1000
6754,0,145,3000,500,1000,0,0,0,0,0,0,0,0,0,0,324.5,-1,0,0,0,-79.75,0,0,0,0,0,0,1000
6755,0,146,3000,500,1000,0,0,0,0,0,0,0,0,0,0,324.25,-1,0,0,0,-79.5,0,0,0,0,0,0,1000
6756,0,147,3000,500,1000,0,0,0,0,0,0,0,0,0,0,324,-1,0,0,0,-79.25,0,0,0,0,0,0,1000
6757,0,148,3000,500,1000,0,0,0,0,0,0,0,0,0,0,323.75,-1,0,0,0,-79,0,0,0,0,0,0,1000
6758,0,149,3000,500,1000,0,0,0,0,0,0,0,0,0,0,323.5,-1,0,0,0,-78.75,0,0,0,0,0,0,1000
6759,0,150,3000,500,1000,0,0,0,0,0,0,0,0,0,0,323.25,-1,0,0,0,-78.5,0,0,0,0,0,0,1000
6760,0,151,3000,500,1000,0,0,0,0,0,0,0,0,0,0,323,-1,0,0,0,-78.25,0,0,0,0,0,0,1000
6761,0,152,3000,500,1000,0,0,0,0,0,0,0,0,0,0,322.75,-1,0,0,0,-78,0,0,0,0,0,0,1000
6762,0,153,3000,500,1000,0,0,0,0,0,0,0,0,0,0,322.5,-1,0,0,0,-77.75,0,0,0,0,0,0,1000
6763,0,154,3000,500,1000,0,0,0,0,0,0,0,0,0,0,322.25,-1,0,0,0,-77.5,0,0,0,0,0,0,1000
6764,0,155,3000,500,1000,0,0,0,0,0,0,0,0,0,0,322,-1,0,0,0,-77.25,0,0,0,0,0,0,1000
6765,0,156,3000,500,1000,0,0,0,0,0,0,0,0,0,0,321.75,-1,0,0,0,-77,0,0,0,0,0,0,1000
6766,0,157,3000,500,1000,0,0,0,0,0,0,0,0,0,0,321.5,-1,0,0,0,-76.75,0,0,0,0,0,0,1000
6767,0,158,3000,500,1000,0,0,0,0,0,0,0,0,0,0,321.25,-1,0,0,0,-76.5,0,0,0,0,0,0,1000
6768,0,159,3000,500,1000,0,0,0,0,0,0,0,0,0,0,321,-1,0,0,0,-76.25,0,0,0,0,0,0,1000
6769,0,160,3000,500,1000,0,0,0,0,0,0,0,0,0,0,320.75,-1,0,0,0,-76,0,0,0,0,0,0,1000
6770,0,161,3000,500,1000,0,0,0,0,0,0,0,0,0,0,320.5,-1,0,0,0,-75.75,0,0,0,0,0,0,1000
6771,0,162,3000,500,1000,0,0,0,0,0,0,0,0,0,0,320.25,-1,0,0,0,-75.5,0,0,0,0,0,0,1000
6772,0,163,3000,500,1000,0,0,0,0,0,0,0,0,0,0,320,-1,0,0,0,-75.25,0,0,0,0,0,0,1000
6773,0,164,3000,500,1000,0,0,0,0,0,0,0,0,0,0,319.75,-1,0,0,0,-75,0,0,0,0,0,0,1000
6774,0,165,3000,500,1000,0,0,0,0,0,0,0,0,0,0,319.5,-1,0,0,0,-74.75,0,0,0,0,0,0,1000
6775,0,166,3000,500,1000,0,0,0,0,0,0,0,0,0,0,319.25,-1,0,0,0,-74.5,0,0,0,0,0,0,1000
6776,0,167,3000,500,1000,0,0,0,0,0,0,0,0,0,0,319,-1,0,0,0,-74.25,0,0,0,0,0,0,1000
6777,0,168,3000,500,1000,0,0,0,0,0,0,0,0,0,0,318.75,-1,0,0,0,-74,0,0,0,0,0,0,1000
6778,0,169,3000,500,1000,0,0,0,0,0,0,0,0,0,0,318.5,-1,0,0,0,-73.75,0,0,0,0,0,0,1000
6779,0,170,3000,500,1000,0,0,0,0,0,0,0,0,0,0,318.25,-1,0,0,0,-73.5,0,0,0,0,0,0,1000
6780,0,171,3000,500,1000,0,0,0,0,0,0,0,0,0,0,318,-1,0,0,0,-73.25,0,0,0,0,0,0,1000
6781,0,172,3000,500,1000,0,0,0,0,0,0,0,0,0,0,317.75,-1,0,0,0,-73,0,0,0,0,0,0,1000
6782,0,173,3000,500,1000,0,0,0,0,0,0,0,0,0,0,317.5,-1,0,0,0,-72.75,0,0,0,0,0,0,1000
6783,0,174,3000,500,1000,0,0,0,0,0,0,0,0,0,0,317.25,-1,0,0,0,-72.5,0,0,0,0,0,0,1000
6784,0,175,3000,500,1000,0,0,0,0,0,0,0,0,0,0,317,-1,0,0,0,-72.25,0,0,0,0,0,0,1000
6785,0,176,3000,500,1000,0,0,0,0,0,0,0,0,0,0,316.75,-1,0,0,0,-72,0,0,0,0,0,0,1000
6786,0,177,3000,500,1000,0,0,0,0,0,0,0,0,0,0,316.5,-1,0,0,0,-71.75,0,0,0,0,0,0,1000
6787,0,178,3000,500,1000,0,0,0,0,0,0,0,0,0,0,316.25,-1,0,0,0,-71.5,0,0,0,0,0,0,1000
6788,0,179,3000,500,1000,0,0,0,0,0,0,0,0,0,0,316,-1,0,0,0,-71.25,0,0,0,0,0,0,1000
6789,0,180,3000,500,1000,0,0,0,0,0,0,0,0,0,0,315.75,-1,0,0,0,-71,0,0,0,0,0,0,1000
6790,0,181,3000,500,1000,0,0,0,0,0,0,0,0,0,0,315.5,-1,0,0,0,-70.75,0,0,0,0,0,0,1000
6791,0,182,3000,500,1000,0,0,0,0,0,0,0,0,0,0,315.25,-1,0,0,0,-70.5,0,0,0,0,0,0,1000
6792,0,183,3000,500,1000,0,0,0,0,0,0,0,0,0,0,315,-1,0,0,0,-70.25,0,0,0,0,0,0,1000
6793,0,184,3000,500,1000,0,0,0,0,0,0,0,0,0,0,314.75,-1,0,0,0,-70,0,0,0,0,0,0,1000
6794,0,185,3000,500,1000,0,0,0,0,0,0,0,0,0,0,314.5,-1,0,0,0,-69.75,0,0,0,0,0,0,1000
6795,0,186,3000,500,1000,0,0,0,0,0,0,0,0,0,0,314.25,-1,0,0,0,-69.5,0,0,0,0,0,0,1000
6796,0,187,3000,500,1000,0,0,0,0,0,0,0,0,0,0,314,-1,0,0,0,-69.25,0,0,0,0,0,0,1000
6797,0,188,3000,500,1000,0,0,0,0,0,0,0,0,0,0,313.75,-1,0,0,0,-69,0,0,0,0,0,0,1000
6798,0,189,3000,500,1000,0,0,0,0,0,0,0,0,0,0,313.5,-1,0,0,0,-68.75,0,0,0,0,0,0,1000
6799,0,190,3000,500,1000,0,0,0,0,0,0,0,0,0,0,313.25,-1,0,0,0,-68.5,0,0,0,0,0,0,1000
6800,0,191,3000,500,1000,0,0,0,0,0,0,0,0,0,0,313,-1,0,0,0,-68.25,0,0,0,0,0,0,1000
6801,0,192,3000,500,1000,0,0,0,0,0,0,0,0,0,0,312.75,-1,0,0,0,-68,0,0,0,0,0,0,1000
6802,0,193,3000,500,1000,0,0,0,0,0,0,0,0,0,0,312.5,-1,0,0,0,-67.75,0,0,0,0,0,0,1000
6803,0,194,3000,500,1000,0,0,0,0,0,0,0,0,0,0,312.25,-1,0,0,0,-67.5,0,0,0,0,0,0,1000
6804,0,195,3000,500,1000,0,0,0,0,0,0,0,0,0,0,312,-1,0,0,0,-67.25,0,0,0,0,0,0,1000
6805,0,196,3000,500,1000,0,0,0,0,0,0,0,0,0,0,311.75,-1,0,0,0,-67,0,0,0,0,0,0,1000
6806,0,197,3000,500,1000,0,0,0,0,0,0,0,0,0,0,311.5,-1,0,0,0,-66.75,0,0,0,0,0,0,1000
6807,0,198,3000,500,1000,0,0,0,0,0,0,0,0,0,0,311.25,-1,0,0,0,-66.5,0,0,0,0,0,0,1000
6808,0,199,3000,500,1000,0,0,0,0,0,0,0,0,0,0,311,-1,0,0,0,-66.25,0,0,0,0,0,0,1000
6809,0,200,3000,500,1000,0,0,0,0,0,0,0,0,0,0,310.75,-1,0,0,0,-66,0,0,0,0,0,0,1000
6810,0,201,3000,500,1000,0,0,0,0,0,0,0,0,0,0,310.5,-1,0,0,0,-65.75,0,0,0,0,0,0,1000
6811,0,202,3000,500,1000,0,0,0,0,0,0,0,0,0,0,310.25,-1,0,0,0,-65.5,0,0,0,0,0,0,1000
6812,0,203,3000,500,1000,0,0,0,0,0,0,0,0,0,0,310,-1,0,0,0,-65.25,0,0,0,0,0,0,1000
6813,0,204,3000,500,1000,0,0,0,0,0,0,0,0,0,0,309.75,-1,0,0,0,-65,0,0,0,0,0,0,1000
6814,0,205,3000,500,1000,0,0,0,0,0,0,0,0,0,0,309.5,-1,0,0,0,-64.75,0,0,0,0,0,0,1000
6815,0,206,3000,500,1000,0,0,0,0,0,0,0,0,0,0,309.25,-1,0,0,0,-64.5,0,0,0,0,0,0,1000
6816,0,207,3000,500,1000,0,0,0,0,0,0,0,0,0,0,309,-1,0,0,0,-64.25,0,0,0,0,0,0,1000
6817,0,208,3000,500,1000,0,0,0,0,0,0,0,0,0,0,308.75,-1,0,0,0,-64,0,0,0,0,0,0,1000
6818,0,209,3000,500,1000,0,0,0,0,0,0,0,0,0,0,308.5,-1,0,0,0,-63.75,0,0,0,0,0,0,1000
6819,0,210,3000,500,1000,0,0,0,0,0,0,0,0,0,0,308.25,-1,0,0,0,-63.5,0,0,0,0,0,0,1000
6820,0,211,3000,500,1000,0,0,0,0,0,0,0,0,0,0,308,-1,0,0,0,-63.25,0,0,0,0,0,0,1000
6821,0,212,3000,500,1000,0,0,0,0,0,0,0,0,0,0,307.75,-1,0,0,0,-63,0,0,0,0,0,0,1000
6822,0,213,3000,500,1000,0,0,0,0,0,0,0,0,0,0,307.5,-1,0,0,0,-62.75,0,0,0,0,0,0,1000
6823,0,214,3000,500,1000,0,0,0,0,0,0,0,0,0,0,307.25,-1,0,0,0,-62.5,0,0,0,0,0,0,1000
6824,0,215,3000,500,1000,0,0,0,0,0,0,0,0,0,0,307,-1,0,0,0,-62.25,0,0,0,0,0,0,1000
6825,0,216,3000,500,1000,0,0,0,0,0,0,0,0,0,0,306.75,-1,0,0,0,-62,0,0,0,0,0,0,1000
6826,0,217,3000,500,1000,0,0,0,0,0,0,0,0,0,0,306.5,-1,0,0,0,-61.75,0,0,0,0,0,0,1000
6827,0,218,3000,500,1000,0,0,0,0,0,0,0,0,0,0,306.25,-1,0,0,0,-61.5,0,0,0,0,0,0,1000
6828,0,219,3000,500,1000,0,0,0,0,0,0,0,0,0,0,306,-1,0,0,0,-61.25,0,0,0,0,0,0,1000
6829,0,220,3000,500,1000,0,0,0,0,0,0,0,0,0,0,305.75,-1,0,0,0,-61,0,0,0,0,0,0,1000
6830,0,221,3000,500,1000,0,0,0,0,0,0,0,0,0,0,305.5,-1,0,0,0,-60.75,0,0,0,0,0,0,1000
6831,0,222,3000,500,1000,0,0,0,0,0,0,0,0,0,0,305.25,-1,0,0,0,-60.5,0,0,0,0,0,0,1000
6832,0,223,3000,500,1000,0,0,0,0,0,0,0,0,0,0,305,-1,0,0,0,-60.25,0,0,0,0,0,0,1000
6833,0,224,3000,500,1000,0,0,0,0,0,0,0,0,0,0,304.75,-1,0,0,0,-60,0,0,0,0,0,0,1000
6834,0,225,3000,500,1000,0,0,0,0,0,0,0,0,0,0,304.5,-1,0,0,0,-59.75,0,0,0,0,0,0,1000
6835,0,226,3000,500,1000,0,0,0,0,0,0,0,0,0,0,304.25,-1,0,0,0,-59.5,0,0,0,0,0,0,1000
6836,0,227,3000,500,1000,0,0,0,0,0,0,0,0,0,0,304,-1,0,0,0,-59.25,0,0,0,0,0,0,1000
6837,0,228,3000,500,1000,0,0,0,0,0,0,0,0,0,0,303.75,-1,0,0,0,-59,0,0,0,0,0,0,1000
6838,0,229,3000,500,1000,0,0,0,0,0,0,0,0,0,0,303.5,-1,0,0,0,-58.75,0,0,0,0,0,0,1000
6839,0,230,3000,500,1000,0,0,0,0,0,0,0,0,0,0,303.25,-1,0,0,0,-58.5,0,0,0,0,0,0,1000
6840,0,231,3000,500,1000,0,0,0,0,0,0,0,0,0,0,303,-1,0,0,0,-58.25,0,0,0,0,0,0,1000
6841,0,232,3000,500,1000,0,0,0,0,0,0,0,0,0,0,302.75,-1,0,0,0,-58,0,0,0,0,0,0,1000
6842,0,233,3000,500,1000,0,0,0,0,0,0,0,0,0,0,302.5,-1,0,0,0,-57.75,0,0,0,0,0,0,1000
6843,0,234,3000,500,1000,0,0,0,0,0,0,0,0,0,0,302.25,-1,0,0,0,-57.5,0,0,0,0,0,0,1000
6844,0,235,3000,500,1000,0,0,0,0,0,0,0,0,0,0,302,-1,0,0,0,-57.25,0,0,0,0,0,0,1000
6845,0,236,3000,500,1000,0,0,0,0,0,0,0,0,0,0,301.75,-1,0,0,0,-57,0,0,0,0,0,0,1000
6846,0,237,3000,500,1000,0,0,0,0,0,0,0,0,0,0,301.5,-1,0,0,0,-56.75,0,0,0,0,0,0,1000
6847,0,238,3000,500,1000,0,0,0,0,0,0,0,0,0,0,301.25,-1,0,0,0,-56.5,0,0,0,0,0,0,1000
6848,0,239,3000,500,1000,0,0,0,0,0,0,0,0,0,0,301,-1,0,0,0,-56.25,0,0,0,0,0,0,1000
6849,0,240,3000,500,1000,0,0,0,0,0,0,0,0,0,0,300.75,-1,0,0,0,-56,0,0,0,0,0,0,1000
6850,0,241,3000,500,1000,0,0,0,0,0,0,0,0,0,0,300.5,-1,0,0,0,-55.75,0,0,0,0,0,0,1000
6851,0,242,3000,500,1000,0,0,0,0,0,0,0,0,0,0,300.25,-1,0,0,0,-55.5,0,0,0,0,0,0,1000
6852,0,243,3000,500,1000,0,0,0,0,0,0,0,0,0,0,300,-1,0,0,0,-55.25,0,0,0,0,0,0,1000
6853,0,244,3000,500,1000,0,0,0,0,0,0,0,0,0,0,299.75,-1,0,0,0,-55,0,0,0,0,0,0,1000
6854,0,245,3000,500,1000,0,0,0,0,0,0,0,0,0,0,299.5,-1,0,0,0,-54.75,0,0,0,0,0,0,1000
6855,0,246,3000,500,1000,0,0,0,0,0,0,0,0,0,0,299.25,-1,0,0,0,-54.5,0,0,0,0,0,0,1000
6856,0,247,3000,500,1000,0,0,0,0,0,0,0,0,0,0,299,-1,0,0,0,-54.25,0,0,0,0,0,0,1000
6857,0,248,3000,500,1000,0,0,0,0,0,0,0,0,0,0,298.75,-1,0,0,0,-54,0,0,0,0,0,0,1000
6858,0,249,3000,500,1000,0,0,0,0,0,0,0,0,0,0,298.5,-1,0,0,0,-53.75,0,0,0,0,0,0,1000
6859,0,250,3000,500,1000,0,0,0,0,0,0,0,0,0,0,298.25,-1,0,0,0,-53.5,0,0,0,0,0,0,1000
6860,0,251,3000,500,1000,0,0,0,0,0,0,0,0,0,0,298,-1,0,0,0,-53.25,0,0,0,0,0,0,1000
6861,0,252,3000,500,1000,0,0,0,0,0,0,0,0,0,0,297.75,-1,0,0,0,-53,0,0,0,0,0,0,1000
6862,0,253,3000,500,1000,0,0,0,0,0,0,0,0,0,0,297.5,-1,0,0,0,-52.75,0,0,0,0,0,0,1000
6863,0,254,3000,500,1000,0,0,0,0,0,0,0,0,0,0,297.25,-1,0,0,0,-52.5,0,0,0,0,0,0,1000
6864,0,255,3000,500,1000,0,0,0,0,0,0,0,0,0,0,297,-1,0,0,0,-52.25,0,0,0,0,0,0,1000
6865,0,256,3000,500,1000,0,0,0,0,0,0,0,0,0,0,296.75,-1,0,0,0,-52,0,0,0,0,0,0,1000
6866,0,257,3000,500,1000,0,0,0,0,0,0,0,0,0,0,296.5,-1,0,0,0,-51.75,0,0,0,0,0,0,1000
6867,0,258,3000,500,1000,0,0,0,0,0,0,0,0,0,0,296.25,-1,0,0,0,-51.5,0,0,0,0,0,0,1000
6868,0,259,3000,500,1000,0,0,0,0,0,0,0,0,0,0,296,-1,0,0,0,-51.25,0,0,0,0,0,0,1000
6869,0,260,3000,500,1000,0,0,0,0,0,0,0,0,0,0,295.75,-1,0,0,0,-51,0,0,0,0,0,0,1000
6870,0,261,3000,500,1000,0,0,0,0,0,0,0,0,0,0,295.5,-1,0,0,0,-50.75,0,0,0,0,0,0,1000
6871,0,262,3000,500,1000,0,0,0,0,0,0,0,0,0,0,295.25,-1,0,0,0,-50.5,0,0,0,0,0,0,1000
6872,0,263,3000,500,1000,0,0,0,0,0,0,0,0,0,0,295,-1,0,0,0,-50.25,0,0,0,0,0,0,1000
6873,0,264,3000,500,1000,0,0,0,0,0,0,0,0,0,0,294.75,-1,0,0,0,-50,0,0,0,0,0,0,1000
6874,0,265,3000,500,1000,0,0,0,0,0,0,0,0,0,0,294.5,-1,0,0,0,-49.75,0,0,0,0,0,0,1000
6875,0,266,3000,500,1000,0,0,0,0,0,0,0,0,0,0,294.25,-1,0,0,0,-49.5,0,0,0,0,0,0,1000
6876,0,267,3000,500,1000,0,0,0,0,0,0,0,0,0,0,294,-1,0,0,0,-49.25,0,0,0,0,0,0,1000
6877,0,268,3000,500,1000,0,0,0,0,0,0,0,0,0,0,293.75,-1,0,0,0,-49,0,0,0,0,0,0,1000
6878,0,269,3000,500,1000,0,0,0,0,0,0,0,0,0,0,293.5,-1,0,0,0,-48.75,0,0,0,0,0,0,1000
6879,0,270,3000,500,1000,0,0,0,0,0,0,0,0,0,0,293.25,-1,0,0,0,-48.5,0,0,0,0,0,0,1000
6880,0,271,3000,500,1000,0,0,0,0,0,0,0,0,0,0,293,-1,0,0,0,-48.25,0,0,0,0,0,0,1000
6881,0,272,3000,500,1000,0,0,0,0,0,0,0,0,0,0,292.75,-1,0,0,0,-48,0,0,0,0,0,0,1000
6882,0,273,3000,500,1000,0,0,0,0,0,0,0,0,0,0,292.5,-1,0,0,0,-47.75,0,0,0,0,0,0,1000
6883,0,274,3000,500,1000,0,0,0,0,0,0,0,0,0,0,292.25,-1,0,0,0,-47.5,0,0,0,0,0,0,1000
6884,0,275,3000,500,1000,0,0,0,0,0,0,0,0,0,0,292,-1,0,0,0,-47.25,0,0,0,0,0,0,1000
6885,0,276,3000,500,1000,0,0,0,0,0,0,0,0,0,0,291.75,-1,0,0,0,-47,0,0,0,0,0,0,1000
6886,0,277,3000,500,1000,0,0,0,0,0,0,0,0,0,0,291.5,-1,0,0,0,-46.75,0,0,0,0,0,0,1000
6887,0,278,3000,500,1000,0,0,0,0,0,0,0,0,0,0,291.25,-1,0,0,0,-46.5,0,0,0,0,0,0,1000
6888,0,279,3000,500,1000,0,0,0,0,0,0,0,0,0,0,291,-1,0,0,0,-46.25,0,0,0,0,0,0,1000
6889,0,280,3000,500,1000,0,0,0,0,0,0,0,0,0,0,290.75,-1,0,0,0,-46,0,0,0,0,0,0,1000
6890,0,281,3000,500,1000,0,0,0,0,0,0,0,0,0,0,290.5,-1,0,0,0,-45.75,0,0,0,0,0,0,1000
6891,0,282,3000,500,1000,0,0,0,0,0,0,0,0,0,0,290.25,-1,0,0,0,-45.5,0,0,0,0,0,0,1000
6892,0,283,3000,500,1000,0,0,0,0,0,0,0,0,0,0,290,-1,0,0,0,-45.25,0,0,0,0,0,0,1000
6893,0,284,3000,500,1000,0,0,0,0,0,0,0,0,0,0,289.75,-1,0,0,0,-45,0,0,0,0,0,0,1000
6894,0,285,3000,500,1000,0,0,0,0,0,0,0,0,0,0,289.5,-1,0,0,0,-44.75,0,0,0,0,0,0,1000
6895,0,286,3000,500,1000,0,0,0,0,0,0,0,0,0,0,289.25,-1,0,0,0,-44.5,0,0,0,0,0,0,1000
6896,0,287,3000,500,1000,0,0,0,0,0,0,0,0,0,0,289,-1,0,0,0,-44.25,0,0,0,0,0,0,1000
6897,0,288,3000,500,1000,0,0,0,0,0,0,0,0,0,0,288.75,-1,0,0,0,-44,0,0,0,0,0,0,1000
6898,0,289,3000,500,1000,0,0,0,0,0,0,0,0,0,0,288.5,-1,0,0,0,-43.75,0,0,0,0,0,0,1000
6899,0,290,3000,500,1000,0,0,0,0,0,0,0,0,0,0,288.25,-1,0,0,0,-43.5,0,0,0,0,0,0,1000
6900,0,291,3000,500,1000,0,0,0,0,0,0,0,0,0,0,288,-1,0,0,0,-43.25,0,0,0,0,0,0,1000
6901,0,292,3000,500,1000,0,0,0,0,0,0,0,0,0,0,287.75,-1,0,0,0,-43,0,0,0,0,0,0,1000
6902,0,293,3000,500,1000,0,0,0,0,0,0,0,0,0,0,287.5,-1,0,0,0,-42.75,0,0,0,0,0,0,1000
6903,0,294,3000,500,1000,0,0,0,0,0,0,0,0,0,0,287.25,-1,0,0,0,-42.5,0,0,0,0,0,0,1000
6904,0,295,3000,500,1000,0,0,0,0,0,0,0,0,0,0,287,-1,0,0,0,-42.25,0,0,0,0,0,0,1000
6905,0,296,3000,500,1000,0,0,0,0,0,0,0,0,0,0,286.75,-1,0,0,0,-42,0,0,0,0,0,0,1000
6906,0,297,3000,500,1000,0,0,0,0,0,0,0,0,0,0,286.5,-1,0,0,0,-41.75,0,0,0,0,0,0,1000
6907,0,298,3000,500,1000,0,0,0,0,0,0,0,0,0,0,286.25,-1,0,0,0,-41.5,0,0,0,0,0,0,1000
6908,0,299,3000,500,1000,0,0,0,0,0,0,0,0,0,0,286,-1,0,0,0,-41.25,0,0,0,0,0,0,1000
6909,0,300,3000,500,1000,0,0,0,0,0,0,0,0,0,0,145,-1,0,0,0,-41,0,0,0,0,0,0,1000
6910,0,1,3000,500,1000,0,240,0,0,0,0,0,0,0,0,16,1,0,0,0,-41,0,0,0,0,0,0,1000
6911,0,2,3000,500,1000,0,239,0,0,0,0,0,0,0,0,16,1,0,0,0,-41,0,0,0,0,0,0,1000
6912,0,3,3000,500,1000,0,238,0,0,0,0,0,0,0,0,16,1,0,0,0,-41,0,0,0,0,0,0,1000
6913,0,4,3000,500,1000,0,237,0,0,0,0,0,0,0,0,16,1,0,0,0,-41,0,0,0,0,0,0,1000
6914,0,5,3000,500,1000,0,236,0,0,0,0,0,0,0,0,16,1,0,0,0,-41,0,0,0,0,0,0,1000
6915,0,6,3000,500,1000,0,235,0,0,0,0,0,0,0,0,16,1,0,0,0,-41,0,0,0,0,0,0,1000
6916,0,7,3000,500,1000,0,234,0,0,0,0,0,0,0,0,16,1,0,0,0,-41,0,0,0,0,0,0,1000
6917,0,8,3000,500,1000,0,233,0,0,0,0,0,0,0,0,16,1,0,0,0,-41,0,0,0,0,0,0,1000
6918,0,9,3000,500,1000,0,232,0,0,0,0,0,0,0,0,16,1,0,0,0,-41,0,0,0,0,0,0,1000
6919,10,1,3000,500,1000,0,231,0,0,0,0,0,0,0,0,16,1,0,0,0,-41,0,0,0,0,0,0,1000
6920,10,2,3000,500,1000,0,230,0,0,0,0,0,0,0,0,16,1,0,0,0,-41,0,0,0,0,0,0,1000
6921,10,3,3000,500,1000,0,229,0,0,0,0,0,0,0,0,16,1,0,0,0,-41,0,0,0,0,0,0,1000
6922,10,4,3000,500,1000,0,228,0,0,0,0,0,0,0,0,16,1,0,0,0,-41,0,0,0,0,0,0,1000
6923,10,5,3000,500,1000,0,227,0,0,0,0,0,0,0,0,16,1,0,0,0,-41,0,0,0,0,0,0,1000
6924,10,6,3000,500,1000,0,226,0,0,0,0,0,0,0,0,16,1,0,0,0,-41,0,0,0,0,0,0,1000
6925,12,1,3000,500,1000,0,225,0,0,0,0,0,0,0,0,16,1,0,0,0,-41,0,0,0,0,0,0,1000
6926,20,1,3000,500,1000,0,224,0,0,0,0,0,0,0,0,18.149999618530273,1,0,0,0,-41,0,0,0,0,0,0,1000
6927,20,2,3000,500,1000,0,223,0,0,0,0,0,0,0,0,20.299999237060547,1,0,0,0,-41,0,0,0,0,0,0,1000
6928,10,1,3000,500,1000,0,222,0,0,0,0,0,0,0,0,20.299999237060547,1,0,0,0,-41,0,0,0,0,0,0,1000
6929,10,2,3000,500,1000,0,221,0,0,0,0,0,0,0,0,20.299999237060547,1,0,0,0,-41,0,0,0,0,0,0,1000
6930,10,3,3000,500,1000,0,220,0,0,0,0,0,0,0,0,20.299999237060547,1,0,0,0,-41,0,0,0,0,0,0,1000
6931,10,4,3000,500,1000,0,219,0,0,0,0,0,0,0,0,20.299999237060547,1,0,0,0,-41,0,0,0,0,0,0,1000
6932,10,5,3000,500,1000,0,218,0,0,0,0,0,0,0,0,20.299999237060547,1,0,0,0,-41,0,0,0,0,0,0,1000
6933,10,6,3000,500,1000,0,217,0,0,0,0,0,0,0,0,20.299999237060547,1,0,0,0,-41,0,0,0,0,0,0,1000
6934,10,7,3000,500,1000,0,216,0,0,0,0,0,0,0,0,20.299999237060547,1,0,0,0,-41,0,0,0,0,0,0,1000
6935,10,8,3000,500,1000,0,215,0,0,0,0,0,0,0,0,20.299999237060547,1,0,0,0,-41,0,0,0,0,0,0,1000
6936,10,9,3000,500,1000,0,214,0,0,0,0,0,0,0,0,20.299999237060547,1,0,0,0,-41,0,0,0,0,0,0,1000
6937,3500,1,2000,500,1000,0,213,0,0,0,0,0,0,0,0,20.299999237060547,1,0,0,0,-41,0,0,0,0,0,0,1000
6938,3500,2,2000,500,1000,0,212,0,0,0,0,0,0,0,0,20.299999237060547,1,0,0,0,-41,0,0,0,0,0,0,1000
6939,3500,3,2000,500,1000,0,211,0,0,0,0,0,0,0,0,20.299999237060547,1,0,0,0,-41,0,0,0,0,0,0,1000
6940,3500,4,2000,500,1000,0,210,0,0,0,0,0,0,0,0,20.299999237060547,1,0,0,0,-41,0,0,0,0,0,0,1000
6941,3500,5,2000,500,1000,0,209,0,0,0,0,0,0,0,0,25.5,1,0,0,0,-41,0,0,0,0,0,0,1000
6942,3500,6,2000,500,1000,0,208,0,0,0,0,0,0,0,0,30.69999885559082,1,0,0,0,-41,0,0,0,0,0,0,1000
6943,3500,7,2000,500,1000,0,207,0,0,0,0,0,0,0,0,35.89999771118164,1,0,0,0,-41,0,0,0,0,0,0,1000
6944,3500,8,2000,500,1000,0,206,0,0,0,0,0,0,0,0,39.54999923706055,1,0,0,0,-41,0,0,0,0,0,0,1000
6945,3500,9,2000,500,1000,0,205,0,0,0,0,0,0,0,0,42.14999771118164,1,0,0,0,-41,0,0,0,0,0,0,1000
6946,3500,9,2000,500,955,0,204,0,0,0,0,0,0,0,0,42.14999771118164,1,0,0,0,-41,0,0,0,0,0,0,1018
6947,3500,9,2000,500,955,0,203,0,0,0,0,0,0,0,0,42.14999771118164,1,0,0,0,-41,0,0,0,0,0,0,1018
6948,3500,9,2000,500,955,0,202,0,0,0,0,0,0,0,0,42.14999771118164,1,0,0,0,-41,0,0,0,0,0,0,1018
6949,3500,9,2000,500,955,0,201,0,0,0,0,0,0,0,0,42.14999771118164,1,0,0,0,-41,0,0,0,0,0,0,1018
6950,3500,9,2000,500,955,0,200,0,0,0,0,0,0,0,0,42.14999771118164,1,0,0,0,-41,0,0,0,0,0,0,1018
6951,3500,9,2000,500,955,0,199,0,0,0,0,0,0,0,0,42.14999771118164,1,0,0,0,-41,0,0,0,0,0,0,1018
6952,3500,10,2000,500,955,0,198,0,0,0,0,0,0,0,0,44.75,1,0,0,0,-41,0,0,0,0,0,0,1018
6953,3500,11,2000,500,955,0,197,0,0,0,0,0,0,0,0,47.349998474121094,1,0,0,0,-41,0,0,0,0,0,0,1018
6954,3500,12,2000,500,955,0,196,0,0,0,0,0,0,0,0,49.94999694824219,1,0,0,0,-41,0,0,0,0,0,0,1018
6955,3500,13,2000,500,955,0,195,0,0,0,0,0,0,0,0,52.54999542236328,1,0,0,0,-41,0,0,0,0,0,0,1018
6956,3500,14,2000,500,955,0,194,0,0,0,0,0,0,0,0,55.399993896484375,1,0,0,0,-41,0,0,0,0,0,0,2018
6957,3500,15,2000,500,955,0,193,0,0,0,0,0,0,0,0,57.99999237060547,1,0,0,0,-41,0,0,0,0,0,0,2018
6958,3500,16,2000,500,955,0,192,0,0,0,0,0,0,0,0,60.59999084472656,1,0,0,0,-41,0,0,0,0,0,0,2018
6959,3500,17,2000,500,955,0,191,0,0,0,0,0,0,0,0,63.199989318847656,1,0,0,0,-41,0,0,0,0,0,0,2018
6960,3500,18,2000,500,955,0,190,0,0,0,0,0,0,0,0,65.79998779296875,1,0,0,0,-41,0,0,0,0,0,0,2018
6961,3500,19,2000,500,955,0,189,0,0,0,0,0,0,0,0,68.39998626708984,1,0,0,0,-41,0,0,0,0,0,0,2018
6962,3500,19,2000,500,910,0,188,0,0,0,0,0,0,0,0,68.39998626708984,1,0,0,0,-41,0,0,0,0,0,0,3036
6963,3500,19,2000,500,910,0,187,0,0,0,0,0,0,0,0,68.39998626708984,1,0,0,0,-41,0,0,0,0,0,0,3036
6964,3500,19,2000,500,910,0,186,0,0,0,0,0,0,0,0,68.39998626708984,1,0,0,0,-41,0,0,0,0,0,0,3036
6965,3500,19,2000,500,910,0,185,0,0,0,0,0,0,0,0,68.39998626708984,1,0,0,0,-41,0,0,0,0,0,0,3036
6966,3500,19,2000,500,910,0,184,0,0,0,0,0,0,0,0,68.39998626708984,1,0,0,0,-41,0,0,0,0,0,0,3036
6967,3500,19,2000,500,910,0,183,0,0,0,0,0,0,0,0,68.39998626708984,1,0,0,0,-41,0,0,0,0,0,0,3036
6968,3500,20,2000,500,910,0,182,0,0,0,0,0,0,0,0,70.99998474121094,1,0,0,0,-41,0,0,0,0,0,0,3036
6969,3500,21,2000,500,910,0,181,0,0,0,0,0,0,0,0,73.59998321533203,1,0,0,0,-41,0,0,0,0,0,0,3036
6970,3500,22,2000,500,910,0,180,0,0,0,0,0,0,0,0,76.19998168945312,1,0,0,0,-41,0,0,0,0,0,0,3036
6971,3500,23,2000,500,910,0,179,0,0,0,0,0,0,0,0,79.04998016357422,1,0,0,0,-41,0,0,0,0,0,0,3036
6972,3500,24,2000,500,910,0,178,0,0,0,0,0,0,0,0,79.04998016357422,1,0,0,0,-41,0,0,0,0,0,0,3036
6973,3500,25,2000,500,910,0,177,0,0,0,0,0,0,0,0,79.04998016357422,1,0,0,0,-41,0,0,0,0,0,0,3036
6974,3500,26,2000,500,910,0,176,0,0,0,0,0,0,0,0,79.04998016357422,1,0,0,0,-41,0,0,0,0,0,0,3036
6975,3500,27,2000,500,910,0,175,0,0,0,0,0,0,0,0,79.04998016357422,1,0,0,0,-41,0,0,0,0,0,0,3036
6976,3500,28,2000,500,910,0,174,0,0,0,0,0,0,0,0,79.04998016357422,1,0,0,0,-41,0,0,0,0,0,0,3036
6977,3500,29,2000,500,910,0,173,0,0,0,0,0,0,0,0,79.04998016357422,1,0,0,0,-41,0,0,0,0,0,0,3036
6978,3500,30,2000,500,910,0,172,0,0,0,0,0,0,0,0,79.04998016357422,1,0,0,0,-41,0,0,0,0,0,0,3036
6979,3500,31,2000,500,910,0,171,0,0,0,0,0,0,0,0,79.04998016357422,1,0,0,0,-41,0,0,0,0,0,0,3036
6980,3500,31,2000,500,830,0,170,0,0,0,0,0,0,0,0,79.04998016357422,1,0,0,0,-41,0,0,0,0,0,0,4054
6981,3500,31,2000,500,830,0,169,0,0,0,0,0,0,0,0,79.04998016357422,1,0,0,0,-41,0,0,0,0,0,0,4054
6982,3500,31,2000,500,830,0,168,0,0,0,0,0,0,0,0,79.04998016357422,1,0,0,0,-41,0,0,0,0,0,0,4054
6983,3500,31,2000,500,830,0,167,0,0,0,0,0,0,0,0,79.04998016357422,1,0,0,0,-41,0,0,0,0,0,0,4054
6984,3500,31,2000,500,830,0,166,0,0,0,0,0,0,0,0,79.04998016357422,1,0,0,0,-41,0,0,0,0,0,0,4054
6985,3500,31,2000,500,830,0,165,0,0,0,0,0,0,0,0,79.04998016357422,1,0,0,0,-41,0,0,0,0,0,0,4054
6986,3500,32,2000,500,830,0,164,0,0,0,0,0,0,0,0,79.04998016357422,1,0,0,0,-41,0,0,0,0,0,0,4054
6987,3500,33,2000,500,830,0,163,0,0,0,0,0,0,0,0,79.04998016357422,1,0,0,0,-41,0,0,0,0,0,0,4054
6988,3500,34,2000,500,830,0,162,0,0,0,0,0,0,0,0,79.04998016357422,1,0,0,0,-41,0,0,0,0,0,0,4054
6989,3500,35,2000,500,830,0,161,0,0,0,0,0,0,0,0,78.04998016357422,1,0,0,0,-41,0,0,0,0,0,0,4054
6990,3500,36,2000,500,830,0,160,0,0,0,0,0,0,0,0,74.04998016357422,1,0,0,0,-40,0,0,0,0,0,0,4054
6991,3500,37,2000,500,830,0,159,0,0,0,0,0,0,0,0,70.04998016357422,1,0,0,0,-36,0,0,0,0,0,0,4054
6992,3500,38,2000,500,830,0,158,0,0,0,0,0,0,0,0,66.04998016357422,1,0,0,0,-32,0,0,0,0,0,0,4054
6993,3500,39,2000,500,830,0,157,0,0,0,0,0,0,0,0,62.04998016357422,1,0,0,0,-28,0,0,0,0,0,0,4054
6994,3500,40,2000,500,830,0,156,0,0,0,0,0,0,0,0,58.04998016357422,1,0,0,0,-24,0,0,0,0,0,0,4054
6995,3500,41,2000,500,830,0,155,0,0,0,0,0,0,0,0,54.04998016357422,1,0,0,0,-20,0,0,0,0,0,0,4054
6996,3500,42,2000,500,830,0,154,0,0,0,0,0,0,0,0,50.04998016357422,1,0,0,0,-16,0,0,0,0,0,0,4054
6997,3500,43,2000,500,830,0,153,0,0,0,0,0,0,0,0,46.04998016357422,1,0,0,0,-12,0,0,0,0,0,0,4054
6998,3500,44,2000,500,830,0,152,0,0,0,0,0,0,0,0,42.04998016357422,1,0,0,0,-8,0,0,0,0,0,0,4054
6999,3500,45,2000,500,830,0,151,0,0,0,0,0,0,0,0,38.04998016357422,1,0,0,0,-4,0,0,0,0,0,0,4054
7000,3500,46,2000,500,830,0,150,0,0,0,0,0,0,0,0,34.04998016357422,1,0,0,0,0,0,0,0,0,0,0,4054
7001,3500,47,2000,500,830,0,149,0,0,0,0,0,0,0,0,30.04998016357422,1,0,0,0,4,0,0,0,0,0,0,4054
7002,3500,48,2000,500,830,0,148,0,0,0,0,0,0,0,0,26.04998016357422,1,0,0,0,8,0,0,0,0,0,0,4054
7003,3500,49,2000,500,830,0,147,0,0,0,0,0,0,0,0,22.04998016357422,1,0,0,0,12,0,0,0,0,0,0,4054
7004,3500,50,2000,500,830,0,146,0,0,0,0,0,0,0,0,18.04998016357422,1,0,0,0,16,0,0,0,0,0,0,4054
7005,3500,51,2000,500,830,0,145,0,0,0,0,0,0,0,0,14.049980163574219,1,0,0,0,20,0,0,0,0,0,0,4054
7006,3500,52,2000,500,830,0,144,0,0,0,0,0,0,0,0,10.049980163574219,1,0,0,0,24,0,0,0,0,0,0,4054
7007,3500,53,2000,500,830,0,143,0,0,0,0,0,0,0,0,6.049980163574219,1,0,0,0,28,0,0,0,0,0,0,4054
7008,3500,54,2000,500,830,0,142,0,0,0,0,0,0,0,0,2.0499801635742188,1,0,0,0,32,0,0,0,0,0,0,4054
7009,3500,55,2000,500,830,0,141,0,0,0,0,0,0,0,0,-1.9500198364257812,1,0,0,0,36,0,0,0,0,0,0,4054
7010,3500,56,2000,500,830,0,140,0,0,0,0,0,0,0,0,-5.950019836425781,1,0,0,0,40,0,0,0,0,0,0,4054
7011,3500,57,2000,500,830,0,139,0,0,0,0,0,0,0,0,-9.950019836425781,1,0,0,0,44,0,0,0,0,0,0,4054
7012,3500,58,2000,500,830,0,138,0,0,0,0,0,0,0,0,-13.950019836425781,1,0,0,0,48,0,0,0,0,0,0,4054
7013,0,1,2000,500,830,0,137,0,0,0,0,0,0,0,0,-17.95001983642578,1,0,0,0,52,0,0,0,0,0,0,4054
7014,0,2,2000,500,830,0,136,0,0,0,0,0,0,0,0,-21.95001983642578,1,0,0,0,56,0,0,0,0,0,0,4054
7015,0,3,2000,500,830,0,135,0,0,0,0,0,0,0,0,-25.95001983642578,1,0,0,0,60,0,0,0,0,0,0,4054
7016,0,4,2000,500,830,0,134,0,0,0,0,0,0,0,0,-29.95001983642578,1,0,0,0,64,0,0,0,0,0,0,4054
7017,0,5,2000,500,830,0,133,0,0,0,0,0,0,0,0,-33.95001983642578,1,0,0,0,68,0,0,0,0,0,0,4054
7018,0,6,2000,500,830,0,132,0,0,0,0,0,0,0,0,-37.95001983642578,1,0,0,0,72,0,0,0,0,0,0,4054
7019,0,7,2000,500,830,0,131,0,0,0,0,0,0,0,0,-41.95001983642578,1,0,0,0,76,0,0,0,0,0,0,4054
7020,0,8,2000,500,830,0,130,0,0,0,0,0,0,0,0,-45.95001983642578,1,0,0,0,80,0,0,0,0,0,0,4054
7021,0,9,2000,500,830,0,129,0,0,0,0,0,0,0,0,-49.95001983642578,1,0,0,0,84,0,0,0,0,0,0,4054
7022,0,10,2000,500,830,0,128,0,0,0,0,0,0,0,0,-53.95001983642578,1,0,0,0,88,0,0,0,0,0,0,4054
7023,0,11,2000,500,830,0,127,0,0,0,0,0,0,0,0,-57.95001983642578,1,0,0,0,92,0,0,0,0,0,0,4054
7024,0,12,2000,500,830,0,126,0,0,0,0,0,0,0,0,-61.95001983642578,1,0,0,0,96,0,0,0,0,0,0,4054
7025,0,13,2000,500,830,0,125,0,0,0,0,0,0,0,0,-65.95001983642578,1,0,0,0,100,0,0,0,0,0,0,4054
7026,0,14,2000,500,830,0,124,0,0,0,0,0,0,0,0,-69.95001983642578,1,0,0,0,104,0,0,0,0,0,0,4054
7027,0,15,2000,500,830,0,123,0,0,0,0,0,0,0,0,-73.95001983642578,1,0,0,0,108,0,0,0,0,0,0,4054
7028,0,16,2000,500,830,0,122,0,0,0,0,0,0,0,0,-77.95001983642578,1,0,0,0,112,0,0,0,0,0,0,4054
7029,0,17,2000,500,830,0,121,0,0,0,0,0,0,0,0,-81.95001983642578,1,0,0,0,116,0,0,0,0,0,0,4054
7030,0,18,2000,500,830,0,120,0,0,0,0,0,0,0,0,-85.95001983642578,1,0,0,0,120,0,0,0,0,0,0,4054
7031,0,19,2000,500,830,0,119,0,0,0,0,0,0,0,0,-89.95001983642578,1,0,0,0,124,0,0,0,0,0,0,4054
7032,0,20,2000,500,830,0,118,0,0,0,0,0,0,0,0,-93.95001983642578,1,0,0,0,128,0,0,0,0,0,0,4054
7033,0,21,2000,500,830,0,117,0,0,0,0,0,0,0,0,-97.95001983642578,1,0,0,0,132,0,0,0,0,0,0,4054
7034,0,22,2000,500,830,0,116,0,0,0,0,0,0,0,0,-97.95001983642578,1,0,0,0,136,0,0,0,0,0,0,4054
7035,0,23,2000,500,830,0,115,0,0,0,0,0,0,0,0,-97.95001983642578,1,0,0,0,136,0,0,0,0,0,0,4054
7036,0,24,2000,500,830,0,114,0,0,0,0,0,0,0,0,-97.95001983642578,1,0,0,0,136,0,0,0,0,0,0,4054
7037,0,25,2000,500,830,0,113,0,0,0,0,0,0,0,0,-97.95001983642578,1,0,0,0,136,0,0,0,0,0,0,4054
7038,0,26,2000,500,830,0,112,0,0,0,0,0,0,0,0,-97.95001983642578,1,0,0,0,136,0,0,0,0,0,0,4054
7039,0,27,2000,500,830,0,111,0,0,0,0,0,0,0,0,-97.95001983642578,1,0,0,0,136,0,0,0,0,0,0,4054
7040,0,28,2000,500,830,0,110,0,0,0,0,0,0,0,0,-97.95001983642578,1,0,0,0,136,0,0,0,0,0,0,4054
7041,0,29,2000,500,830,0,109,0,0,0,0,0,0,0,0,-97.95001983642578,1,0,0,0,136,0,0,0,0,0,0,4054
7042,0,30,2000,500,830,0,108,0,0,0,0,0,0,0,0,-100.95001983642578,1,0,0,0,136,0,0,0,0,0,0,4054
7043,0,31,2000,500,830,0,107,0,0,0,0,0,0,0,0,-103.95001983642578,1,0,0,0,139,0,0,0,0,0,0,4054
7044,0,32,2000,500,830,0,106,0,0,0,0,0,0,0,0,-106.95001983642578,1,0,0,0,142,0,0,0,0,0,0,4054
7045,0,33,2000,500,830,0,105,0,0,0,0,0,0,0,0,-109.95001983642578,1,0,0,0,145,0,0,0,0,0,0,4054
7046,0,34,2000,500,830,0,104,0,0,0,0,0,0,0,0,-111.45001983642578,1,0,0,0,148,0,0,0,0,0,0,4054
7047,0,35,2000,500,830,0,103,0,0,0,0,0,0,0,0,-112.95001983642578,1,0,0,0,149.5,0,0,0,0,0,0,4054
7048,0,36,2000,500,830,0,102,0,0,0,0,0,0,0,0,-114.45001983642578,1,0,0,0,151,0,0,0,0,0,0,4054
7049,0,37,2000,500,830,0,101,0,0,0,0,0,0,0,0,-115.95001983642578,1,0,0,0,152.5,0,0,0,0,0,0,4054
7050,0,38,2000,500,830,0,100,0,0,0,0,0,0,0,0,-117.45001983642578,1,0,0,0,154,0,0,0,0,0,0,4054
7051,0,39,2000,500,830,0,99,0,0,0,0,0,0,0,0,-118.95001983642578,1,0,0,0,155.5,0,0,0,0,0,0,4054
7052,0,40,2000,500,830,0,98,0,0,0,0,0,0,0,0,-120.45001983642578,1,0,0,0,157,0,0,0,0,0,0,4054
7053,0,41,2000,500,830,0,97,0,0,0,0,0,0,0,0,-121.95001983642578,1,0,0,0,158.5,0,0,0,0,0,0,4054
7054,0,42,2000,500,830,0,96,0,0,0,0,0,0,0,0,-121.95001983642578,1,0,0,0,160,0,0,0,0,0,0,4054
7055,0,43,2000,500,830,0,95,0,0,0,0,0,0,0,0,-121.95001983642578,1,0,0,0,160,0,0,0,0,0,0,4054
7056,0,44,2000,500,830,0,94,0,0,0,0,0,0,0,0,-121.95001983642578,1,0,0,0,160,0,0,0,0,0,0,4054
7057,0,45,2000,500,830,0,93,0,0,0,0,0,0,0,0,-121.95001983642578,1,0,0,0,160,0,0,0,0,0,0,4054
7058,0,46,2000,500,830,0,92,0,0,0,0,0,0,0,0,-121.95001983642578,1,0,0,0,160,0,0,0,0,0,0,4054
7059,0,47,2000,500,830,0,91,0,0,0,0,0,0,0,0,-121.95001983642578,1,0,0,0,160,0,0,0,0,0,0,4054
7060,0,48,2000,500,830,0,90,0,0,0,0,0,0,0,0,-121.95001983642578,1,0,0,0,160,0,0,0,0,0,0,4054
7061,0,49,2000,500,830,0,89,0,0,0,0,0,0,0,0,-121.95001983642578,1,0,0,0,160,0,0,0,0,0,0,4054
7062,0,50,2000,500,830,0,88,0,0,0,0,0,0,0,0,-121.95001983642578,1,0,0,0,160,0,0,0,0,0,0,4054
7063,0,51,2000,500,830,0,87,0,0,0,0,0,0,0,0,-121.95001983642578,1,0,0,0,160,0,0,0,0,0,0,4054
7064,0,52,2000,500,830,0,86,0,0,0,0,0,0,0,0,-121.95001983642578,1,0,0,0,160,0,0,0,0,0,0,4054
7065,0,53,2000,500,830,0,85,0,0,0,0,0,0,0,0,-121.95001983642578,1,0,0,0,160,0,0,0,0,0,0,4054
7066,0,54,2000,500,830,0,84,0,0,0,0,0,0,0,0,-121.95001983642578,1,0,0,0,160,0,0,0,0,0,0,4054
7067,0,55,2000,500,830,0,83,0,0,0,0,0,0,0,0,-121.95001983642578,1,0,0,0,160,0,0,0,0,0,0,4054
7068,0,56,2000,500,830,0,82,0,0,0,0,0,0,0,0,-121.95001983642578,1,0,0,0,160,0,0,0,0,0,0,4054
7069,0,57,2000,500,830,0,81,0,0,0,0,0,0,0,0,-121.95001983642578,1,0,0,0,160,0,0,0,0,0,0,4054
7070,0,58,2000,500,830,0,80,0,0,0,0,0,0,0,0,-121.95001983642578,1,0,0,0,160,0,0,0,0,0,0,4054
7071,0,59,2000,500,830,0,79,0,0,0,0,0,0,0,0,-121.95001983642578,1,0,0,0,160,0,0,0,0,0,0,4054
7072,0,60,2000,500,830,0,78,0,0,0,0,0,0,0,0,-121.95001983642578,1,0,0,0,160,0,0,0,0,0,0,4054
7073,0,61,2000,500,830,0,77,0,0,0,0,0,0,0,0,-121.95001983642578,1,0,0,0,160,0,0,0,0,0,0,4054
7074,0,62,2000,500,830,0,76,0,0,0,0,0,0,0,0,-121.95001983642578,1,0,0,0,160,0,0,0,0,0,0,4054
7075,0,63,2000,500,830,0,75,0,0,0,0,0,0,0,0,-121.95001983642578,1,0,0,0,160,0,0,0,0,0,0,4054
7076,0,64,2000,500,830,0,74,0,0,0,0,0,0,0,0,-121.95001983642578,1,0,0,0,160,0,0,0,0,0,0,4054
7077,0,65,2000,500,830,0,73,0,0,0,0,0,0,0,0,-121.95001983642578,1,0,0,0,160,0,0,0,0,0,0,4054
7078,0,66,2000,500,830,0,72,0,0,0,0,0,0,0,0,-121.95001983642578,1,0,0,0,160,0,0,0,0,0,0,4054
7079,0,67,2000,500,830,0,71,0,0,0,0,0,0,0,0,-121.95001983642578,1,0,0,0,160,0,0,0,0,0,0,4054
7080,0,68,2000,500,830,0,70,0,0,0,0,0,0,0,0,-121.95001983642578,1,0,0,0,160,0,0,0,0,0,0,4054
7081,0,69,2000,500,830,0,69,0,0,0,0,0,0,0,0,-121.95001983642578,1,0,0,0,160,0,0,0,0,0,0,4054
7082,0,70,2000,500,830,0,68,0,0,0,0,0,0,0,0,-121.95001983642578,1,0,0,0,160,0,0,0,0,0,0,4054
7083,0,71,2000,500,830,0,67,0,0,0,0,0,0,0,0,-121.95001983642578,1,0,0,0,160,0,0,0,0,0,0,4054
7084,0,72,2000,500,830,0,66,0,0,0,0,0,0,0,0,-121.95001983642578,1,0,0,0,160,0,0,0,0,0,0,4054
7085,0,73,2000,500,830,0,65,0,0,0,0,0,0,0,0,-121.95001983642578,1,0,0,0,160,0,0,0,0,0,0,4054
7086,0,74,2000,500,830,0,64,0,0,0,0,0,0,0,0,-121.95001983642578,1,0,0,0,160,0,0,0,0,0,0,4054
7087,0,75,2000,500,830,0,63,0,0,0,0,0,0,0,0,-121.95001983642578,1,0,0,0,160,0,0,0,0,0,0,4054
7088,0,76,2000,500,830,0,62,0,0,0,0,0,0,0,0,-121.95001983642578,1,0,0,0,160,0,0,0,0,0,0,4054
7089,0,77,2000,500,830,0,61,0,0,0,0,0,0,0,0,-121.95001983642578,1,0,0,0,160,0,0,0,0,0,0,4054
7090,0,78,2000,500,830,0,60,0,0,0,0,0,0,0,0,-121.95001983642578,1,0,0,0,160,0,0,0,0,0,0,4054
7091,0,79,2000,500,830,0,59,0,0,0,0,0,0,0,0,-121.95001983642578,1,0,0,0,160,0,0,0,0,0,0,4054
7092,0,80,2000,500,830,0,58,0,0,0,0,0,0,0,0,-121.95001983642578,1,0,0,0,160,0,0,0,0,0,0,4054
7093,0,81,2000,500,830,0,57,0,0,0,0,0,0,0,0,-121.95001983642578,1,0,0,0,160,0,0,0,0,0,0,4054
7094,0,82,2000,500,830,0,56,0,0,0,0,0,0,0,0,-121.95001983642578,1,0,0,0,160,0,0,0,0,0,0,4054
7095,0,83,2000,500,830,0,55,0,0,0,0,0,0,0,0,-121.95001983642578,1,0,0,0,160,0,0,0,0,0,0,4054
7096,0,84,2000,500,830,0,54,0,0,0,0,0,0,0,0,-121.95001983642578,1,0,0,0,160,0,0,0,0,0,0,4054
7097,0,85,2000,500,830,0,53,0,0,0,0,0,0,0,0,-121.95001983642578,1,0,0,0,160,0,0,0,0,0,0,4054
7098,0,86,2000,500,830,0,52,0,0,0,0,0,0,0,0,-121.95001983642578,1,0,0,0,160,0,0,0,0,0,0,4054
7099,0,87,2000,500,830,0,51,0,0,0,0,0,0,0,0,-121.95001983642578,1,0,0,0,160,0,0,0,0,0,0,4054
7100,0,88,2000,500,830,0,50,0,0,0,0,0,0,0,0,-121.95001983642578,1,0,0,0,160,0,0,0,0,0,0,4054
7101,0,89,2000,500,830,0,49,0,0,0,0,0,0,0,0,-121.95001983642578,1,0,0,0,160,0,0,0,0,0,0,4054
7102,0,90,2000,500,830,0,48,0,0,0,0,0,0,0,0,-121.95001983642578,1,0,0,0,160,0,0,0,0,0,0,4054
7103,0,91,2000,500,830,0,47,0,0,0,0,0,0,0,0,-121.95001983642578,1,0,0,0,160,0,0,0,0,0,0,4054
7104,0,92,2000,500,830,0,46,0,0,0,0,0,0,0,0,-121.95001983642578,1,0,0,0,160,0,0,0,0,0,0,4054
7105,0,93,2000,500,830,0,45,0,0,0,0,0,0,0,0,-121.95001983642578,1,0,0,0,160,0,0,0,0,0,0,4054
7106,0,94,2000,500,830,0,44,0,0,0,0,0,0,0,0,-121.95001983642578,1,0,0,0,160,0,0,0,0,0,0,4054
7107,0,95,2000,500,830,0,43,0,0,0,0,0,0,0,0,-121.95001983642578,1,0,0,0,160,0,0,0,0,0,0,4054
7108,0,96,2000,500,830,0,42,0,0,0,0,0,0,0,0,-121.95001983642578,1,0,0,0,160,0,0,0,0,0,0,4054
7109,0,97,2000,500,830,0,41,0,0,0,0,0,0,0,0,-121.95001983642578,1,0,0,0,160,0,0,0,0,0,0,4054
7110,0,98,2000,500,830,0,40,0,0,0,0,0,0,0,0,-121.95001983642578,1,0,0,0,160,0,0,0,0,0,0,4054
7111,0,99,2000,500,830,0,39,0,0,0,0,0,0,0,0,-121.95001983642578,1,0,0,0,160,0,0,0,0,0,0,4054
7112,0,100,2000,500,830,0,38,0,0,0,0,0,0,0,0,-121.95001983642578,1,0,0,0,160,0,0,0,0,0,0,4054
7113,0,101,2000,500,830,0,37,0,0,0,0,0,0,0,0,-121.95001983642578,1,0,0,0,160,0,0,0,0,0,0,4054
7114,0,102,2000,500,830,0,36,0,0,0,0,0,0,0,0,-121.95001983642578,1,0,0,0,160,0,0,0,0,0,0,4054
7115,0,103,2000,500,830,0,35,0,0,0,0,0,0,0,0,-121.95001983642578,1,0,0,0,160,0,0,0,0,0,0,4054
7116,0,104,2000,500,830,0,34,0,0,0,0,0,0,0,0,-121.95001983642578,1,0,0,0,160,0,0,0,0,0,0,4054
7117,0,105,2000,500,830,0,33,0,0,0,0,0,0,0,0,-121.95001983642578,1,0,0,0,160,0,0,0,0,0,0,4054
7118,0,106,2000,500,830,0,32,0,0,0,0,0,0,0,0,-121.95001983642578,1,0,0,0,160,0,0,0,0,0,0,4054
7119,0,107,2000,500,830,0,31,0,0,0,0,0,0,0,0,-121.95001983642578,1,0,0,0,160,0,0,0,0,0,0,4054
7120,0,108,2000,500,830,0,30,0,0,0,0,0,0,0,0,-121.95001983642578,1,0,0,0,160,0,0,0,0,0,0,4054
7121,0,109,2000,500,830,0,29,0,0,0,0,0,0,0,0,-121.95001983642578,1,0,0,0,160,0,0,0,0,0,0,4054
7122,0,110,2000,500,830,0,28,0,0,0,0,0,0,0,0,-121.95001983642578,1,0,0,0,160,0,0,0,0,0,0,4054
7123,0,111,2000,500,830,0,27,0,0,0,0,0,0,0,0,-121.95001983642578,1,0,0,0,160,0,0,0,0,0,0,4054
7124,0,112,2000,500,830,0,26,0,0,0,0,0,0,0,0,-121.95001983642578,1,0,0,0,160,0,0,0,0,0,0,4054
7125,0,113,2000,500,830,0,25,0,0,0,0,0,0,0,0,-121.95001983642578,1,0,0,0,160,0,0,0,0,0,0,4054
7126,0,114,2000,500,830,0,24,0,0,0,0,0,0,0,0,-121.95001983642578,1,0,0,0,160,0,0,0,0,0,0,4054
7127,0,115,2000,500,830,0,23,0,0,0,0,0,0,0,0,-121.95001983642578,1,0,0,0,160,0,0,0,0,0,0,4054
7128,0,116,2000,500,830,0,22,0,0,0,0,0,0,0,0,-121.95001983642578,1,0,0,0,160,0,0,0,0,0,0,4054
7129,0,117,2000,500,830,0,21,0,0,0,0,0,0,0,0,-121.95001983642578,1,0,0,0,160,0,0,0,0,0,0,4054
7130,0,118,2000,500,830,0,20,0,0,0,0,0,0,0,0,-121.95001983642578,1,0,0,0,160,0,0,0,0,0,0,4054
7131,0,119,2000,500,830,0,19,0,0,0,0,0,0,0,0,-121.95001983642578,1,0,0,0,160,0,0,0,0,0,0,4054
7132,0,120,2000,500,830,0,18,0,0,0,0,0,0,0,0,-121.95001983642578,1,0,0,0,160,0,0,0,0,0,0,4054
7133,0,121,2000,500,830,0,17,0,0,0,0,0,0,0,0,-121.95001983642578,1,0,0,0,160,0,0,0,0,0,0,4054
7134,0,122,2000,500,830,0,16,0,0,0,0,0,0,0,0,-121.95001983642578,1,0,0,0,160,0,0,0,0,0,0,4054
7135,0,123,2000,500,830,0,15,0,0,0,0,0,0,0,0,-121.95001983642578,1,0,0,0,160,0,0,0,0,0,0,4054
7136,0,124,2000,500,830,0,14,0,0,0,0,0,0,0,0,-121.95001983642578,1,0,0,0,160,0,0,0,0,0,0,4054
7137,0,125,2000,500,830,0,13,0,0,0,0,0,0,0,0,-121.95001983642578,1,0,0,0,160,0,0,0,0,0,0,4054
7138,0,126,2000,500,830,0,12,0,0,0,0,0,0,0,0,-121.95001983642578,1,0,0,0,160,0,0,0,0,0,0,4054
7139,0,127,2000,500,830,0,11,0,0,0,0,0,0,0,0,-121.95001983642578,1,0,0,0,160,0,0,0,0,0,0,4054
7140,0,128,2000,500,830,0,10,0,0,0,0,0,0,0,0,-121.95001983642578,1,0,0,0,160,0,0,0,0,0,0,4054
7141,0,129,2000,500,830,0,9,0,0,0,0,0,0,0,0,-121.95001983642578,1,0,0,0,160,0,0,0,0,0,0,4054
7142,0,130,2000,500,830,0,8,0,0,0,0,0,0,0,0,-121.95001983642578,1,0,0,0,160,0,0,0,0,0,0,4054
7143,0,131,2000,500,830,0,7,0,0,0,0,0,0,0,0,-121.95001983642578,1,0,0,0,160,0,0,0,0,0,0,4054
7144,0,132,2000,500,830,0,6,0,0,0,0,0,0,0,0,-121.95001983642578,1,0,0,0,160,0,0,0,0,0,0,4054
7145,0,133,2000,500,830,0,5,0,0,0,0,0,0,0,0,-121.95001983642578,1,0,0,0,160,0,0,0,0,0,0,4054
7146,0,134,2000,500,830,0,4,0,0,0,0,0,0,0,0,-121.95001983642578,1,0,0,0,160,0,0,0,0,0,0,4054
7147,0,135,2000,500,830,0,3,0,0,0,0,0,0,0,0,-121.95001983642578,1,0,0,0,160,0,0,0,0,0,0,4054
7148,0,136,2000,500,830,0,2,0,0,0,0,0,0,0,0,-121.95001983642578,1,0,0,0,160,0,0,0,0,0,0,4054
7149,0,137,2000,500,830,0,1,0,0,0,0,0,0,0,0,-121.95001983642578,1,0,0,0,160,0,0,0,0,0,0,4054
7150,0,138,2000,500,830,0,0,0,0,0,0,0,0,0,0,-121.95001983642578,1,0,0,0,160,0,0,0,0,0,0,4054
7151,0,139,2000,500,830,0,0,0,0,0,0,0,0,0,0,-121.95001983642578,1,0,0,0,160,0,0,0,0,0,0,4054
7152,0,140,2000,500,830,0,0,0,0,0,0,0,0,0,0,-121.95001983642578,1,0,0,0,160,0,0,0,0,0,0,4054
7153,0,141,2000,500,830,0,0,0,0,0,0,0,0,0,0,-121.95001983642578,1,0,0,0,160,0,0,0,0,0,0,4054
7154,0,142,2000,500,830,0,0,0,0,0,0,0,0,0,0,-121.95001983642578,1,0,0,0,160,0,0,0,0,0,0,4054
7155,0,143,2000,500,830,0,0,0,0,0,0,0,0,0,0,-121.95001983642578,1,0,0,0,160,0,0,0,0,0,0,4054
7156,0,144,2000,500,830,0,0,0,0,0,0,0,0,0,0,-121.95001983642578,1,0,0,0,160,0,0,0,0,0,0,4054
7157,0,145,2000,500,830,0,0,0,0,0,0,0,0,0,0,-121.95001983642578,1,0,0,0,160,0,0,0,0,0,0,4054
7158,0,146,2000,500,830,0,0,0,0,0,0,0,0,0,0,-121.95001983642578,1,0,0,0,160,0,0,0,0,0,0,4054
7159,0,147,2000,500,830,0,0,0,0,0,0,0,0,0,0,-121.95001983642578,1,0,0,0,160,0,0,0,0,0,0,4054
7160,0,148,2000,500,830,0,0,0,0,0,0,0,0,0,0,-121.95001983642578,1,0,0,0,160,0,0,0,0,0,0,4054
7161,0,149,2000,500,830,0,0,0,0,0,0,0,0,0,0,-121.95001983642578,1,0,0,0,160,0,0,0,0,0,0,4054
7162,0,150,2000,500,830,0,0,0,0,0,0,0,0,0,0,-121.95001983642578,1,0,0,0,160,0,0,0,0,0,0,4054
7163,0,151,2000,500,830,0,0,0,0,0,0,0,0,0,0,-121.95001983642578,1,0,0,0,160,0,0,0,0,0,0,4054
7164,0,152,2000,500,830,0,0,0,0,0,0,0,0,0,0,-121.95001983642578,1,0,0,0,160,0,0,0,0,0,0,4054
7165,0,153,2000,500,830,0,0,0,0,0,0,0,0,0,0,-121.95001983642578,1,0,0,0,160,0,0,0,0,0,0,4054
7166,0,154,2000,500,830,0,0,0,0,0,0,0,0,0,0,-121.95001983642578,1,0,0,0,160,0,0,0,0,0,0,4054
7167,0,155,2000,500,830,0,0,0,0,0,0,0,0,0,0,-121.95001983642578,1,0,0,0,160,0,0,0,0,0,0,4054
7168,0,156,2000,500,830,0,0,0,0,0,0,0,0,0,0,-121.95001983642578,1,0,0,0,160,0,0,0,0,0,0,4054
7169,0,157,2000,500,830,0,0,0,0,0,0,0,0,0,0,-121.95001983642578,1,0,0,0,160,0,0,0,0,0,0,4054
7170,0,158,2000,500,830,0,0,0,0,0,0,0,0,0,0,-121.95001983642578,1,0,0,0,160,0,0,0,0,0,0,4054
7171,0,159,2000,500,830,0,0,0,0,0,0,0,0,0,0,-121.95001983642578,1,0,0,0,160,0,0,0,0,0,0,4054
7172,0,160,2000,500,830,0,0,0,0,0,0,0,0,0,0,-121.95001983642578,1,0,0,0,160,0,0,0,0,0,0,4054
7173,0,161,2000,500,830,0,0,0,0,0,0,0,0,0,0,-121.95001983642578,1,0,0,0,160,0,0,0,0,0,0,4054
7174,0,162,2000,500,830,0,0,0,0,0,0,0,0,0,0,-121.95001983642578,1,0,0,0,160,0,0,0,0,0,0,4054
7175,0,163,2000,500,830,0,0,0,0,0,0,0,0,0,0,-121.95001983642578,1,0,0,0,160,0,0,0,0,0,0,4054
7176,0,164,2000,500,830,0,0,0,0,0,0,0,0,0,0,-121.95001983642578,1,0,0,0,160,0,0,0,0,0,0,4054
7177,0,165,2000,500,830,0,0,0,0,0,0,0,0,0,0,-121.95001983642578,1,0,0,0,160,0,0,0,0,0,0,4054
7178,0,166,2000,500,830,0,0,0,0,0,0,0,0,0,0,-121.95001983642578,1,0,0,0,160,0,0,0,0,0,0,4054
7179,0,167,2000,500,830,0,0,0,0,0,0,0,0,0,0,-121.95001983642578,1,0,0,0,160,0,0,0,0,0,0,4054
7180,0,168,2000,500,830,0,0,0,0,0,0,0,0,0,0,-121.95001983642578,1,0,0,0,160,0,0,0,0,0,0,4054
7181,0,169,2000,500,830,0,0,0,0,0,0,0,0,0,0,-121.95001983642578,1,0,0,0,160,0,0,0,0,0,0,4054
7182,0,170,2000,500,830,0,0,0,0,0,0,0,0,0,0,-121.95001983642578,1,0,0,0,160,0,0,0,0,0,0,4054
7183,0,171,2000,500,830,0,0,0,0,0,0,0,0,0,0,-121.95001983642578,1,0,0,0,160,0,0,0,0,0,0,4054
7184,0,172,2000,500,830,0,0,0,0,0,0,0,0,0,0,-121.95001983642578,1,0,0,0,160,0,0,0,0,0,0,4054
7185,0,173,2000,500,830,0,0,0,0,0,0,0,0,0,0,-121.95001983642578,1,0,0,0,160,0,0,0,0,0,0,4054
7186,0,174,2000,500,830,0,0,0,0,0,0,0,0,0,0,-121.95001983642578,1,0,0,0,160,0,0,0,0,0,0,4054
7187,0,175,2000,500,830,0,0,0,0,0,0,0,0,0,0,-121.95001983642578,1,0,0,0,160,0,0,0,0,0,0,4054
7188,0,176,2000,500,830,0,0,0,0,0,0,0,0,0,0,-121.95001983642578,1,0,0,0,160,0,0,0,0,0,0,4054
7189,0,177,2000,500,830,0,0,0,0,0,0,0,0,0,0,-121.95001983642578,1,0,0,0,160,0,0,0,0,0,0,4054
7190,0,178,2000,500,830,0,0,0,0,0,0,0,0,0,0,-121.95001983642578,1,0,0,0,160,0,0,0,0,0,0,4054
7191,0,179,2000,500,830,0,0,0,0,0,0,0,0,0,0,-121.95001983642578,1,0,0,0,160,0,0,0,0,0,0,4054
7192,0,180,2000,500,830,0,0,0,0,0,0,0,0,0,0,-121.95001983642578,1,0,0,0,160,0,0,0,0,0,0,4054
7193,0,181,2000,500,830,0,0,0,0,0,0,0,0,0,0,-121.95001983642578,1,0,0,0,160,0,0,0,0,0,0,4054
7194,0,182,2000,500,830,0,0,0,0,0,0,0,0,0,0,-121.95001983642578,1,0,0,0,160,0,0,0,0,0,0,4054
7195,0,183,2000,500,830,0,0,0,0,0,0,0,0,0,0,-121.95001983642578,1,0,0,0,160,0,0,0,0,0,0,4054
7196,0,184,2000,500,830,0,0,0,0,0,0,0,0,0,0,-121.95001983642578,1,0,0,0,160,0,0,0,0,0,0,4054
7197,0,185,2000,500,830,0,0,0,0,0,0,0,0,0,0,-121.95001983642578,1,0,0,0,160,0,0,0,0,0,0,4054
7198,0,186,2000,500,830,0,0,0,0,0,0,0,0,0,0,-121.95001983642578,1,0,0,0,160,0,0,0,0,0,0,4054
7199,0,187,2000,500,830,0,0,0,0,0,0,0,0,0,0,-121.95001983642578,1,0,0,0,160,0,0,0,0,0,0,4054
7200,0,188,2000,500,830,0,0,0,0,0,0,0,0,0,0,-121.95001983642578,1,0,0,0,160,0,0,0,0,0,0,4054
7201,0,189,2000,500,830,0,0,0,0,0,0,0,0,0,0,-121.95001983642578,1,0,0,0,160,0,0,0,0,0,0,4054
7202,0,190,2000,500,830,0,0,0,0,0,0,0,0,0,0,-121.95001983642578,1,0,0,0,160,0,0,0,0,0,0,4054
7203,0,191,2000,500,830,0,0,0,0,0,0,0,0,0,0,-121.95001983642578,1,0,0,0,160,0,0,0,0,0,0,4054
7204,0,192,2000,500,830,0,0,0,0,0,0,0,0,0,0,-121.95001983642578,1,0,0,0,160,0,0,0,0,0,0,4054
7205,0,193,2000,500,830,0,0,0,0,0,0,0,0,0,0,-121.95001983642578,1,0,0,0,160,0,0,0,0,0,0,4054
7206,0,194,2000,500,830,0,0,0,0,0,0,0,0,0,0,-121.95001983642578,1,0,0,0,160,0,0,0,0,0,0,4054
7207,0,195,2000,500,830,0,0,0,0,0,0,0,0,0,0,-121.95001983642578,1,0,0,0,160,0,0,0,0,0,0,4054
7208,0,196,2000,500,830,0,0,0,0,0,0,0,0,0,0,-121.95001983642578,1,0,0,0,160,0,0,0,0,0,0,4054
7209,0,197,2000,500,830,0,0,0,0,0,0,0,0,0,0,-121.95001983642578,1,0,0,0,160,0,0,0,0,0,0,4054
7210,0,1,3000,500,1000,0,0,0,0,0,0,0,0,0,0,-145,1,0,0,0,160,0,0,3,0,0,0,1000
7211,0,2,3000,500,1000,0,0,0,0,0,0,0,0,0,0,-145,1,0,0,0,160,0,0,3,0,0,0,1000
7212,0,3,3000,500,1000,0,0,0,0,0,0,0,0,0,0,-145,1,0,0,0,160,0,0,3,0,0,0,1000
7213,0,4,3000,500,1000,0,0,0,0,0,0,0,0,0,0,-145,1,0,0,0,160,0,0,3,0,0,0,1000
7214,0,5,3000,500,1000,0,0,0,0,0,0,0,0,0,0,-145,1,0,0,0,160,0,0,3,0,0,0,1000
7215,0,6,3000,500,1000,0,0,0,0,0,0,0,0,0,0,-145,1,0,0,0,160,0,0,3,0,0,0,1000
7216,0,7,3000,500,1000,0,0,0,0,0,0,0,0,0,0,-145,1,0,0,0,160,0,0,3,0,0,0,1000
7217,0,8,3000,500,1000,0,0,0,0,0,0,0,0,0,0,-145,1,0,0,0,160,0,0,3,0,0,0,1000
7218,0,9,3000,500,1000,0,0,0,0,0,0,0,0,0,0,-145,1,0,0,0,160,0,0,3,0,0,0,1000
7219,20,1,3000,500,1000,0,0,0,0,0,0,0,0,0,0,-143.5,1,0,0,0,160,0,0,3,0,0,0,1000
7220,20,2,3000,500,1000,0,0,0,0,0,0,0,0,0,0,-143.5,1,0,0,0,158.5,0,0,3,0,0,0,1000
7221,20,3,3000,500,1000,0,0,0,0,0,0,0,0,0,0,-143.5,1,0,0,0,157,0,0,3,0,0,0,1000
7222,10,1,3000,500,1000,0,0,0,0,0,0,0,0,0,0,-143.5,1,0,0,0,155.5,0,0,3,0,0,0,1000
7223,10,2,3000,500,1000,0,0,0,0,0,0,0,0,0,0,-143.5,1,0,0,0,155.5,0,0,3,0,0,0,1000
7224,10,3,3000,500,1000,0,0,0,0,0,0,0,0,0,0,-143.5,1,0,0,0,155.5,0,0,3,0,0,0,1000
7225,10,4,3000,500,1000,0,0,0,0,0,0,0,0,0,0,-143.5,1,0,0,0,155.5,0,0,3,0,0,0,1000
7226,10,5,3000,500,1000,0,0,0,0,0,0,0,0,0,0,-143.5,1,0,0,0,155.5,0,0,3,0,0,0,1000
7227,10,6,3000,500,1000,0,0,0,0,0,0,0,0,0,0,-143.5,1,0,0,0,155.5,0,0,3,0,0,0,1000
7228,10,7,3000,500,1000,0,0,0,0,0,0,0,0,0,0,-143.5,1,0,0,0,155.5,0,0,3,0,0,0,1000
7229,10,8,3000,500,1000,0,0,0,0,0,0,0,0,0,0,-143.5,1,0,0,0,155.5,0,0,3,0,0,0,1000
7230,10,9,3000,500,1000,0,0,0,0,0,0,0,0,0,0,-143.5,1,0,0,0,155.5,0,0,3,0,0,0,1000
7231,1030,1,3000,500,1000,0,0,0,0,0,0,0,0,0,0,-143.5,1,0,0,0,155.5,0,0,3,0,0,0,1000
7232,1030,2,3000,500,1000,0,0,0,0,0,0,0,0,0,0,-143.5,1,0,0,0,155.5,0,0,3,0,0,0,1000
7233,1030,3,3000,500,1000,0,0,0,0,0,0,0,0,0,0,-143.5,1,0,0,0,155.5,0,0,3,0,0,0,1000
7234,1030,4,3000,500,1000,0,0,0,0,0,0,0,0,0,0,-143.5,1,0,0,0,155.5,0,0,3,0,0,0,1000
7235,1030,5,3000,500,1000,0,0,0,0,0,0,0,0,0,0,-143.5,1,0,0,0,155.5,0,0,3,0,0,0,1000
7236,1030,6,3000,500,1000,0,0,0,0,0,0,0,0,0,0,-143.5,1,0,0,0,155.5,0,0,3,0,0,0,1000
7237,1030,7,3000,500,1000,0,0,0,0,0,0,0,0,0,0,-143.5,1,0,0,0,155.5,0,0,3,0,0,0,1000
7238,1030,8,3000,500,1000,0,0,0,0,0,0,0,0,0,0,-143.5,1,0,0,0,155.5,0,0,3,0,0,0,1000
7239,1030,9,3000,500,1000,0,0,0,0,0,0,0,0,0,0,-143.5,1,0,0,0,155.5,0,0,3,0,0,0,1000
7240,1030,10,3000,500,1000,0,0,0,0,0,0,0,0,0,0,-143.5,1,0,0,0,155.5,0,0,3,0,0,0,1000
7241,1030,11,3000,500,1000,0,0,0,0,0,0,0,0,0,0,-143.5,1,0,0,0,155.5,0,0,3,0,0,0,1000
7242,1030,12,3000,500,1000,0,0,0,0,0,0,0,0,0,0,-143.5,1,0,0,0,155.5,0,0,3,0,0,0,1000
7243,1030,13,3000,500,1000,0,0,0,0,0,0,0,0,0,0,-143.5,1,0,0,0,155.5,0,0,3,0,0,0,1000
7244,1030,14,3000,500,1000,0,0,0,0,0,0,0,0,0,0,-143.5,1,0,0,0,155.5,0,0,3,0,0,0,1000
7245,1030,15,3000,500,1000,0,0,0,0,0,0,0,0,0,0,-143.5,1,0,0,0,155.5,0,0,3,0,0,0,1012
7246,1030,16,3000,500,1000,0,0,0,0,0,0,0,0,0,0,-143.5,1,0,0,0,155.5,0,0,3,0,0,0,1012
7247,1030,17,3000,500,1000,0,0,0,0,0,0,0,0,0,0,-143.5,1,0,0,0,155.5,0,0,3,0,0,0,1012
7248,1030,18,3000,500,1000,0,0,0,0,0,0,0,0,0,0,-143.5,1,0,0,0,155.5,0,0,3,0,0,0,1012
7249,1030,19,3000,500,1000,0,0,0,0,0,0,0,0,0,0,-143.5,1,0,0,0,155.5,0,0,3,0,0,0,1012
7250,1030,20,3000,500,1000,0,0,0,0,0,0,0,0,0,0,-143.5,1,0,0,0,155.5,0,0,3,0,0,0,1012
7251,1070,0,3000,500,1000,0,0,0,0,0,0,0,0,0,0,-143.5,1,0,0,0,155.5,0,0,3,0,0,0,1012
7252,1070,1,4016,500,1000,0,0,0,0,0,0,0,0,0,0,-143.5,1,0,0,0,155.5,0,0,3,0,0,0,2031
7253,1070,2,4016,500,1000,0,0,0,0,0,0,0,0,0,0,-143.5,1,0,0,0,155.5,0,0,3,0,0,0,2031
7254,1070,3,4016,500,1000,0,0,0,0,0,0,0,0,0,0,-143.5,1,0,0,0,155.5,0,0,3,0,0,0,2031
7255,1070,4,4016,500,1000,0,0,0,0,0,0,0,0,0,0,-143.5,1,0,0,0,155.5,0,0,3,0,0,0,2031
7256,1070,5,4016,500,1000,0,0,0,0,0,0,0,0,0,0,-143.5,1,0,0,0,155.5,0,0,3,0,0,0,2031
7257,1070,6,4016,500,1000,0,0,0,0,0,0,0,0,0,0,-143.5,1,0,0,0,155.5,0,0,3,0,0,0,2031
7258,1070,7,4016,500,1000,0,0,0,0,0,0,0,0,0,0,-143.5,1,0,0,0,155.5,0,0,3,0,0,0,2031
7259,1070,8,4016,500,1000,0,0,0,0,0,0,0,0,0,0,-143.5,1,0,0,0,155.5,0,0,3,0,0,0,2031
7260,1070,9,4016,500,1000,0,0,0,0,0,0,0,0,0,0,-143.5,1,0,0,0,155.5,0,0,3,0,0,0,2031
7261,1070,10,4016,500,1000,0,0,0,0,0,0,0,0,0,0,-143.5,1,0,0,0,155.5,0,0,3,0,0,0,2031
7262,1070,11,4016,500,1000,0,0,0,0,0,0,0,0,0,0,-143.5,1,0,0,0,155.5,0,0,3,0,0,0,2031
7263,1070,12,4016,500,1000,0,0,0,0,0,0,0,0,0,0,-143.5,1,0,0,0,155.5,0,0,3,0,0,0,2031
7264,1070,13,4016,500,1000,0,0,0,0,0,0,0,0,0,0,-143.5,1,0,0,0,155.5,0,0,3,0,0,0,2031
7265,1070,13,5000,500,910,0,0,0,0,0,0,0,0,0,0,-143.5,1,0,0,0,155.5,0,0,3,0,0,0,3049
7266,1070,13,5000,500,910,0,0,0,0,0,0,0,0,0,0,-143.5,1,0,0,0,155.5,0,0,3,0,0,0,3049
7267,1070,13,5000,500,910,0,0,0,0,0,0,0,0,0,0,-143.5,1,0,0,0,155.5,0,0,3,0,0,0,3049
7268,1070,13,5000,500,910,0,0,0,0,0,0,0,0,0,0,-143.5,1,0,0,0,155.5,0,0,3,0,0,0,3049
7269,1070,13,5000,500,910,0,0,0,0,0,0,0,0,0,0,-143.5,1,0,0,0,155.5,0,0,3,0,0,0,3049
7270,1070,13,5000,500,910,0,0,0,0,0,0,0,0,0,0,-143.5,1,0,0,0,155.5,0,0,3,0,0,0,3049
7271,1070,14,5000,500,910,0,0,0,0,0,0,0,0,0,0,-143.5,1,0,0,0,155.5,0,0,3,0,0,0,3049
7272,1070,15,5000,500,910,0,0,0,0,0,0,0,0,0,0,-143.5,1,0,0,0,155.5,0,0,3,0,0,0,3049
7273,1070,16,5000,500,910,0,0,0,0,0,0,0,0,0,0,-143.5,1,0,0,0,155.5,0,0,3,0,0,0,3049
7274,1070,17,5000,500,910,0,0,0,0,0,0,0,0,0,0,-143.5,1,0,0,0,155.5,0,0,3,0,0,0,3049
7275,1070,18,5000,500,910,0,0,0,0,0,0,0,0,0,0,-143.5,1,0,0,0,155.5,0,0,3,0,0,0,3049
7276,1070,19,5000,500,910,0,0,0,0,0,0,0,0,0,0,-143.5,1,0,0,0,155.5,0,0,3,0,0,0,3049
7277,1070,20,5000,500,910,0,0,0,0,0,0,0,0,0,0,-143.5,1,0,0,0,155.5,0,0,3,0,0,0,3049
7278,1070,21,5000,500,910,0,0,0,0,0,0,0,0,0,0,-143.5,1,0,0,0,155.5,0,0,3,0,0,0,3049
7279,1070,22,5000,500,910,0,0,0,0,0,0,0,0,0,0,-143.5,1,0,0,0,155.5,0,0,3,0,0,0,3049
7280,1070,23,5000,500,910,0,0,0,0,0,0,0,0,0,0,-143.5,1,0,0,0,155.5,0,0,3,0,0,0,3049
7281,1070,24,5000,500,910,0,0,0,0,0,0,0,0,0,0,-143.5,1,0,0,0,155.5,0,0,3,0,0,0,3049
7282,1070,25,5000,500,910,0,0,0,0,0,0,0,0,0,0,-143.5,1,0,0,0,155.5,0,0,3,0,0,0,3049
7283,1070,26,5000,500,910,0,0,0,0,0,0,0,0,0,0,-143.5,1,0,0,0,155.5,0,0,3,0,0,0,3049
7284,1070,27,5000,500,910,0,0,0,0,0,0,0,0,0,0,-143.5,1,0,0,0,155.5,0,0,3,0,0,0,3049
7285,1070,28,5000,500,910,0,0,0,0,0,0,0,0,0,0,-143.5,1,0,0,0,155.5,0,0,3,0,0,0,3049
7286,1070,29,5000,500,910,0,0,0,0,0,0,0,0,0,0,-143.5,1,0,0,0,155.5,0,0,3,0,0,0,3049
7287,1070,30,5000,500,910,0,0,0,0,0,0,0,0,0,0,-143.5,1,0,0,0,155.5,0,0,3,0,0,0,3049
7288,1070,31,5000,500,910,0,0,0,0,0,0,0,0,0,0,-143.5,1,0,0,0,155.5,0,0,3,0,0,0,3049
7289,1070,32,5000,500,910,0,0,0,0,0,0,0,0,0,0,-143.5,1,0,0,0,155.5,0,0,3,0,0,0,3049
7290,1070,33,5000,500,910,0,0,0,0,0,0,0,0,0,0,-143.5,1,0,0,0,155.5,0,0,3,0,0,0,3049
7291,1070,34,5000,500,910,0,0,0,0,0,0,0,0,0,0,-143.5,1,0,0,0,155.5,0,0,3,0,0,0,3049
7292,1070,35,5000,500,910,0,0,0,0,0,0,0,0,0,0,-143.5,1,0,0,0,155.5,0,0,3,0,0,0,3049
7293,0,1,5000,500,910,0,0,0,0,0,0,0,0,0,0,-143.5,1,0,0,0,155.5,0,0,3,0,0,0,3049
7294,0,2,5000,500,910,0,0,0,0,0,0,0,0,0,0,-143.5,1,0,0,0,155.5,0,0,3,0,0,0,3049
7295,0,3,5000,500,910,0,0,0,0,0,0,0,0,0,0,-143.5,1,0,0,0,155.5,0,0,3,0,0,0,3049
7296,0,4,5000,500,910,0,0,0,0,0,0,0,0,0,0,-143.5,1,0,0,0,155.5,0,0,3,0,0,0,3049
7297,0,5,5000,500,910,0,0,0,0,0,0,0,0,0,0,-143.5,1,0,0,0,155.5,0,0,3,0,0,0,3049
7298,0,6,5000,500,910,0,0,0,0,0,0,0,0,0,0,-143.5,1,0,0,0,155.5,0,0,3,0,0,0,3049
7299,0,7,5000,500,910,0,0,0,0,0,0,0,0,0,0,-143.5,1,0,0,0,155.5,0,0,3,0,0,0,3049
7300,0,8,5000,500,910,0,0,0,0,0,0,0,0,0,0,-143.5,1,0,0,0,155.5,0,0,3,0,0,0,3049
7301,0,9,5000,500,910,0,0,0,0,0,0,0,0,0,0,-143.5,1,0,0,0,155.5,0,0,3,0,0,0,3049
7302,0,10,5000,500,910,0,0,0,0,0,0,0,0,0,0,-143.5,1,0,0,0,155.5,0,0,3,0,0,0,3049
7303,0,11,5000,500,910,0,0,0,0,0,0,0,0,0,0,-143.5,1,0,0,0,155.5,0,0,3,0,0,0,3049
7304,0,12,5000,500,910,0,0,0,0,0,0,0,0,0,0,-143.5,1,0,0,0,155.5,0,0,3,0,0,0,3049
7305,0,13,5000,500,910,0,0,0,0,0,0,0,0,0,0,-143.5,1,0,0,0,155.5,0,0,3,0,0,0,3049
7306,0,14,5000,500,910,0,0,0,0,0,0,0,0,0,0,-143.5,1,0,0,0,155.5,0,0,3,0,0,0,3049
7307,0,15,5000,500,910,0,0,0,0,0,0,0,0,0,0,-143.5,1,0,0,0,155.5,0,0,3,0,0,0,3049
7308,0,16,5000,500,910,0,0,0,0,0,0,0,0,0,0,-143.5,1,0,0,0,155.5,0,0,3,0,0,0,3049
7309,0,17,5000,500,910,0,0,0,0,0,0,0,0,0,0,-143.5,1,0,0,0,155.5,0,0,3,0,0,0,3049
7310,0,18,5000,500,910,0,0,0,0,0,0,0,0,0,0,-143.5,1,0,0,0,155.5,0,0,3,0,0,0,3049
7311,0,19,5000,500,910,0,0,0,0,0,0,0,0,0,0,-143.5,1,0,0,0,155.5,0,0,3,0,0,0,3049
7312,0,20,5000,500,910,0,0,0,0,0,0,0,0,0,0,-143.5,1,0,0,0,155.5,0,0,3,0,0,0,3049
7313,0,21,5000,500,910,0,0,0,0,0,0,0,0,0,0,-143.5,1,0,0,0,155.5,0,0,3,0,0,0,3049
7314,0,22,5000,500,910,0,0,0,0,0,0,0,0,0,0,-143.5,1,0,0,0,155.5,0,0,3,0,0,0,3049
7315,0,23,5000,500,910,0,0,0,0,0,0,0,0,0,0,-143.5,1,0,0,0,155.5,0,0,3,0,0,0,3049
7316,0,24,5000,500,910,0,0,0,0,0,0,0,0,0,0,-143.5,1,0,0,0,155.5,0,0,3,0,0,0,3049
7317,0,25,5000,500,910,0,0,0,0,0,0,0,0,0,0,-143.5,1,0,0,0,155.5,0,0,3,0,0,0,3049
7318,0,26,5000,500,910,0,0,0,0,0,0,0,0,0,0,-143.5,1,0,0,0,155.5,0,0,3,0,0,0,3049
7319,0,27,5000,500,910,0,0,0,0,0,0,0,0,0,0,-143.5,1,0,0,0,155.5,0,0,3,0,0,0,3049
7320,0,28,5000,500,910,0,0,0,0,0,0,0,0,0,0,-143.5,1,0,0,0,155.5,0,0,3,0,0,0,3049
7321,0,29,5000,500,910,0,0,0,0,0,0,0,0,0,0,-143.5,1,0,0,0,155.5,0,0,3,0,0,0,3049
7322,0,30,5000,500,910,0,0,0,0,0,0,0,0,0,0,-143.5,1,0,0,0,155.5,0,0,3,0,0,0,3049
7323,0,31,5000,500,910,0,0,0,0,0,0,0,0,0,0,-143.5,1,0,0,0,155.5,0,0,3,0,0,0,3049
7324,0,32,5000,500,910,0,0,0,0,0,0,0,0,0,0,-143.5,1,0,0,0,155.5,0,0,3,0,0,0,3049
7325,0,33,5000,500,910,0,0,0,0,0,0,0,0,0,0,-143.5,1,0,0,0,155.5,0,0,3,0,0,0,3049
7326,0,34,5000,500,910,0,0,0,0,0,0,0,0,0,0,-143.5,1,0,0,0,155.5,0,0,3,0,0,0,3049
7327,0,35,5000,500,910,0,0,0,0,0,0,0,0,0,0,-143.5,1,0,0,0,155.5,0,0,3,0,0,0,3049
7328,0,36,5000,500,910,0,0,0,0,0,0,0,0,0,0,-143.5,1,0,0,0,155.5,0,0,3,0,0,0,3049
7329,0,37,5000,500,910,0,0,0,0,0,0,0,0,0,0,-143.5,1,0,0,0,155.5,0,0,3,0,0,0,3049
7330,0,38,5000,500,910,0,0,0,0,0,0,0,0,0,0,-143.5,1,0,0,0,155.5,0,0,3,0,0,0,3049
7331,0,39,5000,500,910,0,0,0,0,0,0,0,0,0,0,-143.5,1,0,0,0,155.5,0,0,3,0,0,0,3049
7332,0,40,5000,500,910,0,0,0,0,0,0,0,0,0,0,-143.5,1,0,0,0,155.5,0,0,3,0,0,0,3049
7333,0,41,5000,500,910,0,0,0,0,0,0,0,0,0,0,-143.5,1,0,0,0,155.5,0,0,3,0,0,0,3049
7334,0,42,5000,500,910,0,0,0,0,0,0,0,0,0,0,-143.5,1,0,0,0,155.5,0,0,3,0,0,0,3049
7335,0,43,5000,500,910,0,0,0,0,0,0,0,0,0,0,-143.5,1,0,0,0,155.5,0,0,3,0,0,0,3049
7336,0,44,5000,500,910,0,0,0,0,0,0,0,0,0,0,-143.5,1,0,0,0,155.5,0,0,3,0,0,0,3049
7337,0,45,5000,500,910,0,0,0,0,0,0,0,0,0,0,-143.5,1,0,0,0,155.5,0,0,3,0,0,0,3049
7338,0,46,5000,500,910,0,0,0,0,0,0,0,0,0,0,-143.5,1,0,0,0,155.5,0,0,3,0,0,0,3049
7339,0,47,5000,500,910,0,0,0,0,0,0,0,0,0,0,-143.5,1,0,0,0,155.5,0,0,3,0,0,0,3049
7340,0,48,5000,500,910,0,0,0,0,0,0,0,0,0,0,-143.5,1,0,0,0,155.5,0,0,3,0,0,0,3049
7341,0,49,5000,500,910,0,0,0,0,0,0,0,0,0,0,-143.5,1,0,0,0,155.5,0,0,3,0,0,0,3049
7342,0,50,5000,500,910,0,0,0,0,0,0,0,0,0,0,-143.5,1,0,0,0,155.5,0,0,3,0,0,0,3049
7343,0,51,5000,500,910,0,0,0,0,0,0,0,0,0,0,-143.5,1,0,0,0,155.5,0,0,3,0,0,0,3049
7344,0,52,5000,500,910,0,0,0,0,0,0,0,0,0,0,-143.5,1,0,0,0,155.5,0,0,3,0,0,0,3049
7345,0,53,5000,500,910,0,0,0,0,0,0,0,0,0,0,-143.5,1,0,0,0,155.5,0,0,3,0,0,0,3049
7346,0,54,5000,500,910,0,0,0,0,0,0,0,0,0,0,-143.5,1,0,0,0,155.5,0,0,3,0,0,0,3049
7347,0,55,5000,500,910,0,0,0,0,0,0,0,0,0,0,-143.5,1,0,0,0,155.5,0,0,3,0,0,0,3049
7348,0,56,5000,500,910,0,0,0,0,0,0,0,0,0,0,-143.5,1,0,0,0,155.5,0,0,3,0,0,0,3049
7349,0,57,5000,500,910,0,0,0,0,0,0,0,0,0,0,-143.5,1,0,0,0,155.5,0,0,3,0,0,0,3049
7350,0,58,5000,500,910,0,0,0,0,0,0,0,0,0,0,-143.5,1,0,0,0,155.5,0,0,3,0,0,0,3049
7351,0,59,5000,500,910,0,0,0,0,0,0,0,0,0,0,-143.5,1,0,0,0,155.5,0,0,3,0,0,0,3049
7352,0,60,5000,500,910,0,0,0,0,0,0,0,0,0,0,-143.5,1,0,0,0,155.5,0,0,3,0,0,0,3049
7353,0,61,5000,500,910,0,0,0,0,0,0,0,0,0,0,-143.5,1,0,0,0,155.5,0,0,3,0,0,0,3049
7354,0,62,5000,500,910,0,0,0,0,0,0,0,0,0,0,-143.5,1,0,0,0,155.5,0,0,3,0,0,0,3049
7355,0,63,5000,500,910,0,0,0,0,0,0,0,0,0,0,-143.5,1,0,0,0,155.5,0,0,3,0,0,0,3049
7356,0,64,5000,500,910,0,0,0,0,0,0,0,0,0,0,-143.5,1,0,0,0,155.5,0,0,3,0,0,0,3049
7357,0,65,5000,500,910,0,0,0,0,0,0,0,0,0,0,-143.5,1,0,0,0,155.5,0,0,3,0,0,0,3049
7358,0,66,5000,500,910,0,0,0,0,0,0,0,0,0,0,-143.5,1,0,0,0,155.5,0,0,3,0,0,0,3049
7359,0,67,5000,500,910,0,0,0,0,0,0,0,0,0,0,-143.5,1,0,0,0,155.5,0,0,3,0,0,0,3049
7360,0,68,5000,500,910,0,0,0,0,0,0,0,0,0,0,-143.5,1,0,0,0,155.5,0,0,3,0,0,0,3049
7361,0,69,5000,500,910,0,0,0,0,0,0,0,0,0,0,-143.5,1,0,0,0,155.5,0,0,3,0,0,0,3049
7362,0,70,5000,500,910,0,0,0,0,0,0,0,0,0,0,-143.5,1,0,0,0,155.5,0,0,3,0,0,0,3049
7363,0,71,5000,500,910,0,0,0,0,0,0,0,0,0,0,-143.5,1,0,0,0,155.5,0,0,3,0,0,0,3049
7364,0,72,5000,500,910,0,0,0,0,0,0,0,0,0,0,-143.5,1,0,0,0,155.5,0,0,3,0,0,0,3049
7365,0,73,5000,500,910,0,0,0,0,0,0,0,0,0,0,-143.5,1,0,0,0,155.5,0,0,3,0,0,0,3049
7366,0,74,5000,500,910,0,0,0,0,0,0,0,0,0,0,-143.5,1,0,0,0,155.5,0,0,3,0,0,0,3049
7367,0,75,5000,500,910,0,0,0,0,0,0,0,0,0,0,-143.5,1,0,0,0,155.5,0,0,3,0,0,0,3049
7368,0,76,5000,500,910,0,0,0,0,0,0,0,0,0,0,-143.5,1,0,0,0,155.5,0,0,3,0,0,0,3049
7369,0,77,5000,500,910,0,0,0,0,0,0,0,0,0,0,-143.5,1,0,0,0,155.5,0,0,3,0,0,0,3049
7370,0,78,5000,500,910,0,0,0,0,0,0,0,0,0,0,-143.5,1,0,0,0,155.5,0,0,3,0,0,0,3049
7371,0,79,5000,500,910,0,0,0,0,0,0,0,0,0,0,-143.5,1,0,0,0,155.5,0,0,3,0,0,0,3049
7372,0,80,5000,500,910,0,0,0,0,0,0,0,0,0,0,-143.5,1,0,0,0,155.5,0,0,3,0,0,0,3049
7373,0,81,5000,500,910,0,0,0,0,0,0,0,0,0,0,-143.5,1,0,0,0,155.5,0,0,3,0,0,0,3049
7374,0,82,5000,500,910,0,0,0,0,0,0,0,0,0,0,-143.5,1,0,0,0,155.5,0,0,3,0,0,0,3049
7375,0,83,5000,500,910,0,0,0,0,0,0,0,0,0,0,-143.5,1,0,0,0,155.5,0,0,3,0,0,0,3049
7376,0,84,5000,500,910,0,0,0,0,0,0,0,0,0,0,-143.5,1,0,0,0,155.5,0,0,3,0,0,0,3049
7377,0,85,5000,500,910,0,0,0,0,0,0,0,0,0,0,-143.5,1,0,0,0,155.5,0,0,3,0,0,0,3049
7378,0,86,5000,500,910,0,0,0,0,0,0,0,0,0,0,-143.5,1,0,0,0,155.5,0,0,3,0,0,0,3049
7379,0,87,5000,500,910,0,0,0,0,0,0,0,0,0,0,-143.5,1,0,0,0,155.5,0,0,3,0,0,0,3049
7380,0,88,5000,500,910,0,0,0,0,0,0,0,0,0,0,-143.5,1,0,0,0,155.5,0,0,3,0,0,0,3049
7381,0,89,5000,500,910,0,0,0,0,0,0,0,0,0,0,-143.5,1,0,0,0,155.5,0,0,3,0,0,0,3049
7382,0,90,5000,500,910,0,0,0,0,0,0,0,0,0,0,-143.5,1,0,0,0,155.5,0,0,3,0,0,0,3049
7383,0,91,5000,500,910,0,0,0,0,0,0,0,0,0,0,-143.5,1,0,0,0,155.5,0,0,3,0,0,0,3049
7384,0,92,5000,500,910,0,0,0,0,0,0,0,0,0,0,-143.5,1,0,0,0,155.5,0,0,3,0,0,0,3049
7385,0,93,5000,500,910,0,0,0,0,0,0,0,0,0,0,-143.5,1,0,0,0,155.5,0,0,3,0,0,0,3049
7386,0,94,5000,500,910,0,0,0,0,0,0,0,0,0,0,-143.5,1,0,0,0,155.5,0,0,3,0,0,0,3049
7387,0,95,5000,500,910,0,0,0,0,0,0,0,0,0,0,-143.5,1,0,0,0,155.5,0,0,3,0,0,0,3049
7388,0,96,5000,500,910,0,0,0,0,0,0,0,0,0,0,-143.5,1,0,0,0,155.5,0,0,3,0,0,0,3049
7389,0,97,5000,500,910,0,0,0,0,0,0,0,0,0,0,-143.5,1,0,0,0,155.5,0,0,3,0,0,0,3049
7390,0,98,5000,500,910,0,0,0,0,0,0,0,0,0,0,-143.5,1,0,0,0,155.5,0,0,3,0,0,0,3049
7391,0,99,5000,500,910,0,0,0,0,0,0,0,0,0,0,-143.5,1,0,0,0,155.5,0,0,3,0,0,0,3049
7392,0,100,5000,500,910,0,0,0,0,0,0,0,0,0,0,-143.5,1,0,0,0,155.5,0,0,3,0,0,0,3049
7393,0,101,5000,500,910,0,0,0,0,0,0,0,0,0,0,-143.5,1,0,0,0,155.5,0,0,3,0,0,0,3049
7394,0,102,5000,500,910,0,0,0,0,0,0,0,0,0,0,-143.5,1,0,0,0,155.5,0,0,3,0,0,0,3049
7395,0,103,5000,500,910,0,0,0,0,0,0,0,0,0,0,-143.5,1,0,0,0,155.5,0,0,3,0,0,0,3049
7396,0,104,5000,500,910,0,0,0,0,0,0,0,0,0,0,-143.5,1,0,0,0,155.5,0,0,3,0,0,0,3049
7397,0,105,5000,500,910,0,0,0,0,0,0,0,0,0,0,-143.5,1,0,0,0,155.5,0,0,3,0,0,0,3049
7398,0,106,5000,500,910,0,0,0,0,0,0,0,0,0,0,-143.5,1,0,0,0,155.5,0,0,3,0,0,0,3049
7399,0,107,5000,500,910,0,0,0,0,0,0,0,0,0,0,-143.5,1,0,0,0,155.5,0,0,3,0,0,0,3049
7400,0,108,5000,500,910,0,0,0,0,0,0,0,0,0,0,-143.5,1,0,0,0,155.5,0,0,3,0,0,0,3049
7401,0,109,5000,500,910,0,0,0,0,0,0,0,0,0,0,-143.5,1,0,0,0,155.5,0,0,3,0,0,0,3049
7402,0,110,5000,500,910,0,0,0,0,0,0,0,0,0,0,-143.5,1,0,0,0,155.5,0,0,3,0,0,0,3049
7403,0,111,5000,500,910,0,0,0,0,0,0,0,0,0,0,-143.5,1,0,0,0,155.5,0,0,3,0,0,0,3049
7404,0,112,5000,500,910,0,0,0,0,0,0,0,0,0,0,-143.5,1,0,0,0,155.5,0,0,3,0,0,0,3049
7405,0,113,5000,500,910,0,0,0,0,0,0,0,0,0,0,-143.5,1,0,0,0,155.5,0,0,3,0,0,0,3049
7406,0,114,5000,500,910,0,0,0,0,0,0,0,0,0,0,-143.5,1,0,0,0,155.5,0,0,3,0,0,0,3049
7407,0,115,5000,500,910,0,0,0,0,0,0,0,0,0,0,-143.5,1,0,0,0,155.5,0,0,3,0,0,0,3049
7408,0,116,5000,500,910,0,0,0,0,0,0,0,0,0,0,-143.5,1,0,0,0,155.5,0,0,3,0,0,0,3049
7409,0,117,5000,500,910,0,0,0,0,0,0,0,0,0,0,-143.5,1,0,0,0,155.5,0,0,3,0,0,0,3049
7410,0,118,5000,500,910,0,0,0,0,0,0,0,0,0,0,-143.5,1,0,0,0,155.5,0,0,3,0,0,0,3049
7411,0,119,5000,500,910,0,0,0,0,0,0,0,0,0,0,-143.5,1,0,0,0,155.5,0,0,3,0,0,0,3049
7412,0,120,5000,500,910,0,0,0,0,0,0,0,0,0,0,-143.5,1,0,0,0,155.5,0,0,3,0,0,0,3049
7413,0,121,5000,500,910,0,0,0,0,0,0,0,0,0,0,-143.5,1,0,0,0,155.5,0,0,3,0,0,0,3049
7414,0,122,5000,500,910,0,0,0,0,0,0,0,0,0,0,-143.5,1,0,0,0,155.5,0,0,3,0,0,0,3049
7415,0,123,5000,500,910,0,0,0,0,0,0,0,0,0,0,-143.5,1,0,0,0,155.5,0,0,3,0,0,0,3049
7416,0,124,5000,500,910,0,0,0,0,0,0,0,0,0,0,-143.5,1,0,0,0,155.5,0,0,3,0,0,0,3049
7417,0,125,5000,500,910,0,0,0,0,0,0,0,0,0,0,-143.5,1,0,0,0,155.5,0,0,3,0,0,0,3049
7418,0,126,5000,500,910,0,0,0,0,0,0,0,0,0,0,-143.5,1,0,0,0,155.5,0,0,3,0,0,0,3049
7419,0,127,5000,500,910,0,0,0,0,0,0,0,0,0,0,-143.5,1,0,0,0,155.5,0,0,3,0,0,0,3049
7420,0,128,5000,500,910,0,0,0,0,0,0,0,0,0,0,-143.5,1,0,0,0,155.5,0,0,3,0,0,0,3049
7421,0,129,5000,500,910,0,0,0,0,0,0,0,0,0,0,-143.5,1,0,0,0,155.5,0,0,3,0,0,0,3049
7422,0,130,5000,500,910,0,0,0,0,0,0,0,0,0,0,-143.5,1,0,0,0,155.5,0,0,3,0,0,0,3049
7423,0,131,5000,500,910,0,0,0,0,0,0,0,0,0,0,-143.5,1,0,0,0,155.5,0,0,3,0,0,0,3049
7424,0,132,5000,500,910,0,0,0,0,0,0,0,0,0,0,-143.5,1,0,0,0,155.5,0,0,3,0,0,0,3049
7425,0,133,5000,500,910,0,0,0,0,0,0,0,0,0,0,-143.5,1,0,0,0,155.5,0,0,3,0,0,0,3049
7426,0,134,5000,500,910,0,0,0,0,0,0,0,0,0,0,-143.5,1,0,0,0,155.5,0,0,3,0,0,0,3049
7427,0,135,5000,500,910,0,0,0,0,0,0,0,0,0,0,-143.5,1,0,0,0,155.5,0,0,3,0,0,0,3049
7428,0,136,5000,500,910,0,0,0,0,0,0,0,0,0,0,-143.5,1,0,0,0,155.5,0,0,3,0,0,0,3049
7429,0,137,5000,500,910,0,0,0,0,0,0,0,0,0,0,-143.5,1,0,0,0,155.5,0,0,3,0,0,0,3049
7430,0,138,5000,500,910,0,0,0,0,0,0,0,0,0,0,-143.5,1,0,0,0,155.5,0,0,3,0,0,0,3049
7431,0,139,5000,500,910,0,0,0,0,0,0,0,0,0,0,-143.5,1,0,0,0,155.5,0,0,3,0,0,0,3049
7432,0,140,5000,500,910,0,0,0,0,0,0,0,0,0,0,-143.5,1,0,0,0,155.5,0,0,3,0,0,0,3049
7433,0,141,5000,500,910,0,0,0,0,0,0,0,0,0,0,-143.5,1,0,0,0,155.5,0,0,3,0,0,0,3049
7434,0,142,5000,500,910,0,0,0,0,0,0,0,0,0,0,-143.5,1,0,0,0,155.5,0,0,3,0,0,0,3049
7435,0,143,5000,500,910,0,0,0,0,0,0,0,0,0,0,-143.5,1,0,0,0,155.5,0,0,3,0,0,0,3049
7436,0,144,5000,500,910,0,0,0,0,0,0,0,0,0,0,-143.5,1,0,0,0,155.5,0,0,3,0,0,0,3049
7437,0,145,5000,500,910,0,0,0,0,0,0,0,0,0,0,-143.5,1,0,0,0,155.5,0,0,3,0,0,0,3049
7438,0,146,5000,500,910,0,0,0,0,0,0,0,0,0,0,-143.5,1,0,0,0,155.5,0,0,3,0,0,0,3049
7439,0,147,5000,500,910,0,0,0,0,0,0,0,0,0,0,-143.5,1,0,0,0,155.5,0,0,3,0,0,0,3049
7440,0,148,5000,500,910,0,0,0,0,0,0,0,0,0,0,-143.5,1,0,0,0,155.5,0,0,3,0,0,0,3049
7441,0,149,5000,500,910,0,0,0,0,0,0,0,0,0,0,-143.5,1,0,0,0,155.5,0,0,3,0,0,0,3049
7442,0,150,5000,500,910,0,0,0,0,0,0,0,0,0,0,-143.5,1,0,0,0,155.5,0,0,3,0,0,0,3049
7443,0,151,5000,500,910,0,0,0,0,0,0,0,0,0,0,-143.5,1,0,0,0,155.5,0,0,3,0,0,0,3049
7444,0,152,5000,500,910,0,0,0,0,0,0,0,0,0,0,-143.5,1,0,0,0,155.5,0,0,3,0,0,0,3049
7445,0,153,5000,500,910,0,0,0,0,0,0,0,0,0,0,-143.5,1,0,0,0,155.5,0,0,3,0,0,0,3049
7446,0,154,5000,500,910,0,0,0,0,0,0,0,0,0,0,-143.5,1,0,0,0,155.5,0,0,3,0,0,0,3049
7447,0,155,5000,500,910,0,0,0,0,0,0,0,0,0,0,-143.5,1,0,0,0,155.5,0,0,3,0,0,0,3049
7448,0,156,5000,500,910,0,0,0,0,0,0,0,0,0,0,-143.5,1,0,0,0,155.5,0,0,3,0,0,0,3049
7449,0,157,5000,500,910,0,0,0,0,0,0,0,0,0,0,-143.5,1,0,0,0,155.5,0,0,3,0,0,0,3049
7450,0,158,5000,500,910,0,0,0,0,0,0,0,0,0,0,-143.5,1,0,0,0,155.5,0,0,3,0,0,0,3049
7451,0,159,5000,500,910,0,0,0,0,0,0,0,0,0,0,-143.5,1,0,0,0,155.5,0,0,3,0,0,0,3049
7452,0,160,5000,500,910,0,0,0,0,0,0,0,0,0,0,-143.5,1,0,0,0,155.5,0,0,3,0,0,0,3049
7453,0,161,5000,500,910,0,0,0,0,0,0,0,0,0,0,-143.5,1,0,0,0,155.5,0,0,3,0,0,0,3049
7454,0,162,5000,500,910,0,0,0,0,0,0,0,0,0,0,-143.5,1,0,0,0,155.5,0,0,3,0,0,0,3049
7455,0,163,5000,500,910,0,0,0,0,0,0,0,0,0,0,-143.5,1,0,0,0,155.5,0,0,3,0,0,0,3049
7456,0,164,5000,500,910,0,0,0,0,0,0,0,0,0,0,-143.5,1,0,0,0,155.5,0,0,3,0,0,0,3049
7457,0,165,5000,500,910,0,0,0,0,0,0,0,0,0,0,-143.5,1,0,0,0,155.5,0,0,3,0,0,0,3049
7458,0,166,5000,500,910,0,0,0,0,0,0,0,0,0,0,-143.5,1,0,0,0,155.5,0,0,3,0,0,0,3049
7459,0,167,5000,500,910,0,0,0,0,0,0,0,0,0,0,-143.5,1,0,0,0,155.5,0,0,3,0,0,0,3049
7460,0,168,5000,500,910,0,0,0,0,0,0,0,0,0,0,-143.5,1,0,0,0,155.5,0,0,3,0,0,0,3049
7461,0,169,5000,500,910,0,0,0,0,0,0,0,0,0,0,-143.5,1,0,0,0,155.5,0,0,3,0,0,0,3049
7462,0,170,5000,500,910,0,0,0,0,0,0,0,0,0,0,-143.5,1,0,0,0,155.5,0,0,3,0,0,0,3049
7463,0,171,5000,500,910,0,0,0,0,0,0,0,0,0,0,-143.5,1,0,0,0,155.5,0,0,3,0,0,0,3049
7464,0,172,5000,500,910,0,0,0,0,0,0,0,0,0,0,-143.5,1,0,0,0,155.5,0,0,3,0,0,0,3049
7465,0,173,5000,500,910,0,0,0,0,0,0,0,0,0,0,-143.5,1,0,0,0,155.5,0,0,3,0,0,0,3049
7466,0,174,5000,500,910,0,0,0,0,0,0,0,0,0,0,-143.5,1,0,0,0,155.5,0,0,3,0,0,0,3049
7467,0,175,5000,500,910,0,0,0,0,0,0,0,0,0,0,-143.5,1,0,0,0,155.5,0,0,3,0,0,0,3049
7468,0,176,5000,500,910,0,0,0,0,0,0,0,0,0,0,-143.5,1,0,0,0,155.5,0,0,3,0,0,0,3049
7469,0,177,5000,500,910,0,0,0,0,0,0,0,0,0,0,-143.5,1,0,0,0,155.5,0,0,3,0,0,0,3049
7470,0,178,5000,500,910,0,0,0,0,0,0,0,0,0,0,-143.5,1,0,0,0,155.5,0,0,3,0,0,0,3049
7471,0,179,5000,500,910,0,0,0,0,0,0,0,0,0,0,-143.5,1,0,0,0,155.5,0,0,3,0,0,0,3049
7472,0,180,5000,500,910,0,0,0,0,0,0,0,0,0,0,-143.5,1,0,0,0,155.5,0,0,3,0,0,0,3049
7473,0,181,5000,500,910,0,0,0,0,0,0,0,0,0,0,-143.5,1,0,0,0,155.5,0,0,3,0,0,0,3049
7474,0,182,5000,500,910,0,0,0,0,0,0,0,0,0,0,-143.5,1,0,0,0,155.5,0,0,3,0,0,0,3049
7475,0,183,5000,500,910,0,0,0,0,0,0,0,0,0,0,-143.5,1,0,0,0,155.5,0,0,3,0,0,0,3049
7476,0,184,5000,500,910,0,0,0,0,0,0,0,0,0,0,-143.5,1,0,0,0,155.5,0,0,3,0,0,0,3049
7477,0,185,5000,500,910,0,0,0,0,0,0,0,0,0,0,-143.5,1,0,0,0,155.5,0,0,3,0,0,0,3049
7478,0,186,5000,500,910,0,0,0,0,0,0,0,0,0,0,-143.5,1,0,0,0,155.5,0,0,3,0,0,0,3049
7479,0,187,5000,500,910,0,0,0,0,0,0,0,0,0,0,-143.5,1,0,0,0,155.5,0,0,3,0,0,0,3049
7480,0,188,5000,500,910,0,0,0,0,0,0,0,0,0,0,-143.5,1,0,0,0,155.5,0,0,3,0,0,0,3049
7481,0,189,5000,500,910,0,0,0,0,0,0,0,0,0,0,-143.5,1,0,0,0,155.5,0,0,3,0,0,0,3049
7482,0,190,5000,500,910,0,0,0,0,0,0,0,0,0,0,-143.5,1,0,0,0,155.5,0,0,3,0,0,0,3049
7483,0,191,5000,500,910,0,0,0,0,0,0,0,0,0,0,-143.5,1,0,0,0,155.5,0,0,3,0,0,0,3049
7484,0,192,5000,500,910,0,0,0,0,0,0,0,0,0,0,-143.5,1,0,0,0,155.5,0,0,3,0,0,0,3049
7485,0,193,5000,500,910,0,0,0,0,0,0,0,0,0,0,-143.5,1,0,0,0,155.5,0,0,3,0,0,0,3049
7486,0,194,5000,500,910,0,0,0,0,0,0,0,0,0,0,-143.5,1,0,0,0,155.5,0,0,3,0,0,0,3049
7487,0,195,5000,500,910,0,0,0,0,0,0,0,0,0,0,-143.5,1,0,0,0,155.5,0,0,3,0,0,0,3049
7488,0,196,5000,500,910,0,0,0,0,0,0,0,0,0,0,-143.5,1,0,0,0,155.5,0,0,3,0,0,0,3049
7489,0,197,5000,500,910,0,0,0,0,0,0,0,0,0,0,-143.5,1,0,0,0,155.5,0,0,3,0,0,0,3049
7490,0,198,5000,500,910,0,0,0,0,0,0,0,0,0,0,-143.5,1,0,0,0,155.5,0,0,3,0,0,0,3049
7491,0,199,5000,500,910,0,0,0,0,0,0,0,0,0,0,-143.5,1,0,0,0,155.5,0,0,3,0,0,0,3049
7492,0,200,5000,500,910,0,0,0,0,0,0,0,0,0,0,-143.5,1,0,0,0,155.5,0,0,3,0,0,0,3049
7493,0,201,5000,500,910,0,0,0,0,0,0,0,0,0,0,-143.5,1,0,0,0,155.5,0,0,3,0,0,0,3049
7494,0,202,5000,500,910,0,0,0,0,0,0,0,0,0,0,-143.5,1,0,0,0,155.5,0,0,3,0,0,0,3049
7495,0,203,5000,500,910,0,0,0,0,0,0,0,0,0,0,-143.5,1,0,0,0,155.5,0,0,3,0,0,0,3049
7496,0,204,5000,500,910,0,0,0,0,0,0,0,0,0,0,-143.5,1,0,0,0,155.5,0,0,3,0,0,0,3049
7497,0,205,5000,500,910,0,0,0,0,0,0,0,0,0,0,-143.5,1,0,0,0,155.5,0,0,3,0,0,0,3049
7498,0,206,5000,500,910,0,0,0,0,0,0,0,0,0,0,-143.5,1,0,0,0,155.5,0,0,3,0,0,0,3049
7499,0,207,5000,500,910,0,0,0,0,0,0,0,0,0,0,-143.5,1,0,0,0,155.5,0,0,3,0,0,0,3049
7500,0,208,5000,500,910,0,0,0,0,0,0,0,0,0,0,-143.5,1,0,0,0,155.5,0,0,3,0,0,0,3049
7501,0,209,5000,500,910,0,0,0,0,0,0,0,0,0,0,-143.5,1,0,0,0,155.5,0,0,3,0,0,0,3049
7502,0,210,5000,500,910,0,0,0,0,0,0,0,0,0,0,-143.5,1,0,0,0,155.5,0,0,3,0,0,0,3049
7503,0,211,5000,500,910,0,0,0,0,0,0,0,0,0,0,-143.5,1,0,0,0,155.5,0,0,3,0,0,0,3049
7504,0,212,5000,500,910,0,0,0,0,0,0,0,0,0,0,-143.5,1,0,0,0,155.5,0,0,3,0,0,0,3049
7505,0,213,5000,500,910,0,0,0,0,0,0,0,0,0,0,-143.5,1,0,0,0,155.5,0,0,3,0,0,0,3049
7506,0,214,5000,500,910,0,0,0,0,0,0,0,0,0,0,-143.5,1,0,0,0,155.5,0,0,3,0,0,0,3049
7507,0,215,5000,500,910,0,0,0,0,0,0,0,0,0,0,-143.5,1,0,0,0,155.5,0,0,3,0,0,0,3049
7508,0,216,5000,500,910,0,0,0,0,0,0,0,0,0,0,-143.5,1,0,0,0,155.5,0,0,3,0,0,0,3049
7509,0,217,5000,500,910,0,0,0,0,0,0,0,0,0,0,-143.5,1,0,0,0,155.5,0,0,3,0,0,0,3049
7510,0,1,3000,500,1000,0,0,0,0,0,0,0,0,0,0,-145.0028533935547,1,0,0,0,155.5,0,0,3,0,0,0,1000
7511,0,2,3000,500,1000,0,0,0,0,0,0,0,0,0,0,-145.0028533935547,1,0,0,0,155.5,0,0,3,0,0,0,1000
7512,0,3,3000,500,1000,0,0,0,0,0,0,0,0,0,0,-145.0028533935547,1,0,0,0,155.5,0,0,3,0,0,0,1000
7513,0,4,3000,500,1000,0,0,0,0,0,0,0,0,0,0,-145.0028533935547,1,0,0,0,155.5,0,0,3,0,0,0,1000
7514,0,5,3000,500,1000,0,0,0,0,0,0,0,0,0,0,-145.0028533935547,1,0,0,0,155.5,0,0,3,0,0,0,1000
7515,0,6,3000,500,1000,0,0,0,0,0,0,0,0,0,0,-145.0028533935547,1,0,0,0,155.5,0,0,3,0,0,0,1000
7516,0,7,3000,500,1000,0,0,0,0,0,0,0,0,0,0,-145.0028533935547,1,0,0,0,155.5,0,0,3,0,0,0,1000
7517,0,8,3000,500,1000,0,0,0,0,0,0,0,0,0,0,-145.0028533935547,1,0,0,0,155.5,0,0,3,0,0,0,1000
7518,0,9,3000,500,1000,0,0,0,0,0,0,0,0,0,0,-145.0028533935547,1,0,0,0,155.5,0,0,3,0,0,0,1000
7519,10,1,3000,500,1000,0,0,0,0,0,0,0,0,0,0,-145.0028533935547,1,0,0,0,155.5,0,0,3,0,0,0,1000
7520,10,2,3000,500,1000,0,0,0,0,0,0,0,0,0,0,-145.0028533935547,1,0,0,0,155.5,0,0,3,0,0,0,1000
7521,10,3,3000,500,1000,0,0,0,0,0,0,0,0,0,0,-145.0028533935547,1,0,0,0,155.5,0,0,3,0,0,0,1000
7522,10,4,3000,500,1000,0,0,0,0,0,0,0,0,0,0,-145.0028533935547,1,0,0,0,155.5,0,0,3,0,0,0,1000
7523,10,5,3000,500,1000,0,0,0,0,0,0,0,0,0,0,-145.0028533935547,1,0,0,0,155.5,0,0,3,0,0,0,1000
7524,10,6,3000,500,1000,0,0,0,0,0,0,0,0,0,0,-145.0028533935547,1,0,0,0,155.5,0,0,3,0,0,0,1000
7525,1040,1,2900,500,1000,0,0,180,0,0,0,0,0,0,0,-145.0028533935547,1,0,0,0,155.5,0,0,3,0,0,0,1000
7526,1040,2,2900,500,1000,0,0,179,0,0,0,0,0,0,0,-145.0028533935547,1,0,0,0,155.5,0,0,3,0,0,0,1000
7527,1040,3,2900,500,1000,0,0,178,0,0,0,0,0,0,0,-145.0028533935547,1,0,0,0,155.5,0,0,3,0,0,0,1000
7528,1040,4,2900,500,1000,0,0,177,0,0,0,0,0,0,0,-140.5028533935547,1,0,0,0,155.5,0,0,3,0,0,0,1000
7529,1040,5,2900,500,1000,0,0,176,0,0,0,0,0,0,0,-140.5028533935547,1,0,0,0,151,0,0,3,0,0,0,1000
7530,1040,6,2900,500,1000,0,0,175,0,0,0,0,0,0,0,-140.5028533935547,1,0,0,0,146.5,0,0,3,0,0,0,1000
7531,1040,7,2900,500,1000,0,0,174,0,0,0,0,0,0,0,-140.5028533935547,1,0,0,0,142,0,0,3,0,0,0,1000
7532,1040,8,2900,500,1000,0,0,173,0,0,0,0,0,0,0,-140.5028533935547,1,0,0,0,137.5,0,0,3,0,0,0,1000
7533,1040,9,2900,500,1000,0,0,172,0,0,0,0,0,0,0,-140.5028533935547,1,0,0,0,133,0,0,3,0,0,0,1000
7534,1040,10,2900,500,1000,0,0,171,0,0,0,0,0,0,0,-140.5028533935547,1,0,0,0,128.5,0,0,3,0,0,0,1000
7535,1040,11,2900,500,1000,0,0,170,0,0,0,0,0,0,0,-140.5028533935547,1,0,0,0,124,0,0,3,0,0,0,1000
7536,1040,12,2900,500,1000,0,0,169,0,0,0,0,0,0,0,-140.5028533935547,1,0,0,0,119.5,0,0,3,0,0,0,1000
7537,1040,13,2900,500,1000,0,0,168,0,0,0,0,0,0,0,-140.5028533935547,1,0,0,0,115,0,0,3,0,0,0,1000
7538,1040,14,2900,500,1000,0,0,167,0,0,0,0,0,0,0,-140.5028533935547,1,0,0,0,110.5,0,0,3,0,0,0,1000
7539,1040,15,2900,500,1000,0,0,166,0,0,0,0,0,0,0,-140.5028533935547,1,0,0,0,106,0,0,3,0,0,0,1000
7540,1040,16,2900,500,1000,0,0,165,0,0,0,0,0,0,0,-140.5028533935547,1,0,0,0,101.5,0,0,3,0,0,0,1000
7541,1040,17,2900,500,1000,0,0,164,0,0,0,0,0,0,0,-140.5028533935547,1,0,0,0,101.5,0,0,3,0,0,0,1000
7542,1040,18,2900,500,1000,0,0,163,0,0,0,0,0,0,0,-140.5028533935547,1,0,0,0,101.5,0,0,3,0,0,0,1000
7543,1040,19,2900,500,1000,0,0,162,0,0,0,0,0,0,0,-140.5028533935547,1,0,0,0,101.5,0,0,3,0,0,0,1000
7544,1040,20,2900,500,1000,0,0,161,0,0,0,0,0,0,0,-140.5028533935547,1,0,0,0,101.5,0,0,3,0,0,0,1000
7545,1040,21,2900,500,1000,0,0,160,0,0,0,0,0,0,0,-140.5028533935547,1,0,0,0,101.5,0,0,3,0,0,0,1000
7546,1040,22,2900,500,1000,0,0,159,0,0,0,0,0,0,0,-140.5028533935547,1,0,0,0,101.5,0,0,3,0,0,0,1000
7547,1040,23,2900,500,1000,0,0,158,0,0,0,0,0,0,0,-140.5028533935547,1,0,0,0,101.5,0,0,3,0,0,0,1000
7548,1040,24,2900,500,1000,0,0,157,0,0,0,0,0,0,0,-140.5028533935547,1,0,0,0,101.5,0,0,3,0,0,0,1000
7549,1040,25,2900,500,1000,0,0,156,0,0,0,0,0,0,0,-140.5028533935547,1,0,0,0,101.5,0,0,3,0,0,0,1000
7550,1040,26,2900,500,1000,0,0,155,0,0,0,0,0,0,0,-140.5028533935547,1,0,0,0,101.5,0,0,3,0,0,0,1000
7551,0,1,2900,500,1000,0,0,154,0,0,0,0,0,0,0,-140.5028533935547,1,0,0,0,101.5,0,0,3,0,0,0,1000
7552,0,2,2900,500,1000,0,0,153,0,0,0,0,0,0,0,-140.5028533935547,1,0,0,0,101.5,0,0,3,0,0,0,1000
7553,0,3,2900,500,1000,0,0,152,0,0,0,0,0,0,0,-140.5028533935547,1,0,0,0,101.5,0,0,3,0,0,0,1000
7554,0,4,2900,500,1000,0,0,151,0,0,0,0,0,0,0,-140.5028533935547,1,0,0,0,101.5,0,0,3,0,0,0,1000
7555,0,5,2900,500,1000,0,0,150,0,0,0,0,0,0,0,-140.5028533935547,1,0,0,0,101.5,0,0,3,0,0,0,1000
7556,0,6,2900,500,1000,0,0,149,0,0,0,0,0,0,0,-140.5028533935547,1,0,0,0,101.5,0,0,3,0,0,0,1000
7557,0,7,2900,500,1000,0,0,148,0,0,0,0,0,0,0,-140.5028533935547,1,0,0,0,101.5,0,0,3,0,0,0,1000
7558,0,8,2900,500,1000,0,0,147,0,0,0,0,0,0,0,-140.5028533935547,1,0,0,0,101.5,0,0,3,0,0,0,1000
7559,0,9,2900,500,1000,0,0,146,0,0,0,0,0,0,0,-140.5028533935547,1,0,0,0,101.5,0,0,3,0,0,0,1000
7560,0,10,2900,500,1000,0,0,145,0,0,0,0,0,0,0,-140.5028533935547,1,0,0,0,101.5,0,0,3,0,0,0,1000
7561,0,11,2900,500,1000,0,0,144,0,0,0,0,0,0,0,-140.5028533935547,1,0,0,0,101.5,0,0,3,0,0,0,1000
7562,0,12,2900,500,1000,0,0,143,0,0,0,0,0,0,0,-140.5028533935547,1,0,0,0,101.5,0,0,3,0,0,0,1000
7563,0,13,2900,500,1000,0,0,142,0,0,0,0,0,0,0,-140.5028533935547,1,0,0,0,101.5,0,0,3,0,0,0,1000
7564,0,14,2900,500,1000,0,0,141,0,0,0,0,0,0,0,-140.5028533935547,1,0,0,0,101.5,0,0,3,0,0,0,1000
7565,0,15,2900,500,1000,0,0,140,0,0,0,0,0,0,0,-140.5028533935547,1,0,0,0,101.5,0,0,3,0,0,0,1000
7566,0,16,2900,500,1000,0,0,139,0,0,0,0,0,0,0,-140.5028533935547,1,0,0,0,101.5,0,0,3,0,0,0,1000
7567,0,17,2900,500,1000,0,0,138,0,0,0,0,0,0,0,-140.5028533935547,1,0,0,0,101.5,0,0,3,0,0,0,1000
7568,0,18,2900,500,1000,0,0,137,0,0,0,0,0,0,0,-140.5028533935547,1,0,0,0,101.5,0,0,3,0,0,0,1000
7569,0,19,2900,500,1000,0,0,136,0,0,0,0,0,0,0,-140.5028533935547,1,0,0,0,101.5,0,0,3,0,0,0,1000
7570,0,20,2900,500,1000,0,0,135,0,0,0,0,0,0,0,-140.5028533935547,1,0,0,0,101.5,0,0,3,0,0,0,1000
7571,0,21,2900,500,1000,0,0,134,0,0,0,0,0,0,0,-140.5028533935547,1,0,0,0,101.5,0,0,3,0,0,0,1000
7572,0,22,2900,500,1000,0,0,133,0,0,0,0,0,0,0,-140.5028533935547,1,0,0,0,101.5,0,0,3,0,0,0,1000
7573,0,23,2900,500,1000,0,0,132,0,0,0,0,0,0,0,-140.5028533935547,1,0,0,0,101.5,0,0,3,0,0,0,1000
7574,0,24,2900,500,1000,0,0,131,0,0,0,0,0,0,0,-140.5028533935547,1,0,0,0,101.5,0,0,3,0,0,0,1000
7575,0,25,2900,500,1000,0,0,130,0,0,0,0,0,0,0,-140.5028533935547,1,0,0,0,101.5,0,0,3,0,0,0,1000
7576,0,26,2900,500,1000,0,0,129,0,0,0,0,0,0,0,-140.5028533935547,1,0,0,0,101.5,0,0,3,0,0,0,1000
7577,0,27,2900,500,1000,0,0,128,0,0,0,0,0,0,0,-140.5028533935547,1,0,0,0,101.5,0,0,3,0,0,0,1000
7578,0,28,2900,500,1000,0,0,127,0,0,0,0,0,0,0,-140.5028533935547,1,0,0,0,101.5,0,0,3,0,0,0,1000
7579,0,29,2900,500,1000,0,0,126,0,0,0,0,0,0,0,-140.5028533935547,1,0,0,0,101.5,0,0,3,0,0,0,1000
7580,0,30,2900,500,1000,0,0,125,0,0,0,0,0,0,0,-140.5028533935547,1,0,0,0,101.5,0,0,3,0,0,0,1000
7581,0,31,2900,500,1000,0,0,124,0,0,0,0,0,0,0,-140.5028533935547,1,0,0,0,101.5,0,0,3,0,0,0,1000
7582,0,32,2900,500,1000,0,0,123,0,0,0,0,0,0,0,-140.5028533935547,1,0,0,0,101.5,0,0,3,0,0,0,1000
7583,0,33,2900,500,1000,0,0,122,0,0,0,0,0,0,0,-140.5028533935547,1,0,0,0,101.5,0,0,3,0,0,0,1000
7584,0,34,2900,500,1000,0,0,121,0,0,0,0,0,0,0,-140.5028533935547,1,0,0,0,101.5,0,0,3,0,0,0,1000
7585,0,35,2900,500,1000,0,0,120,0,0,0,0,0,0,0,-140.5028533935547,1,0,0,0,101.5,0,0,3,0,0,0,1000
7586,0,36,2900,500,1000,0,0,119,0,0,0,0,0,0,0,-140.5028533935547,1,0,0,0,101.5,0,0,3,0,0,0,1000
7587,0,37,2900,500,1000,0,0,118,0,0,0,0,0,0,0,-140.5028533935547,1,0,0,0,101.5,0,0,3,0,0,0,1000
7588,0,38,2900,500,1000,0,0,117,0,0,0,0,0,0,0,-140.5028533935547,1,0,0,0,101.5,0,0,3,0,0,0,1000
7589,0,39,2900,500,1000,0,0,116,0,0,0,0,0,0,0,-140.5028533935547,1,0,0,0,101.5,0,0,3,0,0,0,1000
7590,0,40,2900,500,1000,0,0,115,0,0,0,0,0,0,0,-140.5028533935547,1,0,0,0,101.5,0,0,3,0,0,0,1000
7591,0,41,2900,500,1000,0,0,114,0,0,0,0,0,0,0,-140.5028533935547,1,0,0,0,101.5,0,0,3,0,0,0,1000
7592,0,42,2900,500,1000,0,0,113,0,0,0,0,0,0,0,-140.5028533935547,1,0,0,0,101.5,0,0,3,0,0,0,1000
7593,0,43,2900,500,1000,0,0,112,0,0,0,0,0,0,0,-140.5028533935547,1,0,0,0,101.5,0,0,3,0,0,0,1000
7594,0,44,2900,500,1000,0,0,111,0,0,0,0,0,0,0,-140.5028533935547,1,0,0,0,101.5,0,0,3,0,0,0,1000
7595,0,45,2900,500,1000,0,0,110,0,0,0,0,0,0,0,-140.5028533935547,1,0,0,0,101.5,0,0,3,0,0,0,1000
7596,0,46,2900,500,1000,0,0,109,0,0,0,0,0,0,0,-140.5028533935547,1,0,0,0,101.5,0,0,3,0,0,0,1000
7597,0,47,2900,500,1000,0,0,108,0,0,0,0,0,0,0,-140.5028533935547,1,0,0,0,101.5,0,0,3,0,0,0,1000
7598,0,48,2900,500,1000,0,0,107,0,0,0,0,0,0,0,-140.5028533935547,1,0,0,0,101.5,0,0,3,0,0,0,1000
7599,0,49,2900,500,1000,0,0,106,0,0,0,0,0,0,0,-140.5028533935547,1,0,0,0,101.5,0,0,3,0,0,0,1000
7600,0,50,2900,500,1000,0,0,105,0,0,0,0,0,0,0,-140.5028533935547,1,0,0,0,101.5,0,0,3,0,0,0,1000
7601,0,51,2900,500,1000,0,0,104,0,0,0,0,0,0,0,-140.5028533935547,1,0,0,0,101.5,0,0,3,0,0,0,1000
7602,0,52,2900,500,1000,0,0,103,0,0,0,0,0,0,0,-140.5028533935547,1,0,0,0,101.5,0,0,3,0,0,0,1000
7603,0,53,2900,500,1000,0,0,102,0,0,0,0,0,0,0,-140.5028533935547,1,0,0,0,101.5,0,0,3,0,0,0,1000
7604,0,54,2900,500,1000,0,0,101,0,0,0,0,0,0,0,-140.5028533935547,1,0,0,0,101.5,0,0,3,0,0,0,1000
7605,0,55,2900,500,1000,0,0,100,0,0,0,0,0,0,0,-140.5028533935547,1,0,0,0,101.5,0,0,3,0,0,0,1000
7606,0,56,2900,500,1000,0,0,99,0,0,0,0,0,0,0,-140.5028533935547,1,0,0,0,101.5,0,0,3,0,0,0,1000
7607,0,57,2900,500,1000,0,0,98,0,0,0,0,0,0,0,-140.5028533935547,1,0,0,0,101.5,0,0,3,0,0,0,1000
7608,0,58,2900,500,1000,0,0,97,0,0,0,0,0,0,0,-140.5028533935547,1,0,0,0,101.5,0,0,3,0,0,0,1000
7609,0,59,2900,500,1000,0,0,96,0,0,0,0,0,0,0,-140.5028533935547,1,0,0,0,101.5,0,0,3,0,0,0,1000
7610,0,60,2900,500,1000,0,0,95,0,0,0,0,0,0,0,-140.5028533935547,1,0,0,0,101.5,0,0,3,0,0,0,1000
7611,0,61,2900,500,1000,0,0,94,0,0,0,0,0,0,0,-140.5028533935547,1,0,0,0,101.5,0,0,3,0,0,0,1000
7612,0,62,2900,500,1000,0,0,93,0,0,0,0,0,0,0,-140.5028533935547,1,0,0,0,101.5,0,0,3,0,0,0,1000
7613,0,63,2900,500,1000,0,0,92,0,0,0,0,0,0,0,-140.5028533935547,1,0,0,0,101.5,0,0,3,0,0,0,1000
7614,0,64,2900,500,1000,0,0,91,0,0,0,0,0,0,0,-140.5028533935547,1,0,0,0,101.5,0,0,3,0,0,0,1000
7615,0,65,2900,500,1000,0,0,90,0,0,0,0,0,0,0,-140.5028533935547,1,0,0,0,101.5,0,0,3,0,0,0,1000
7616,0,66,2900,500,1000,0,0,89,0,0,0,0,0,0,0,-140.5028533935547,1,0,0,0,101.5,0,0,3,0,0,0,1000
7617,0,67,2900,500,1000,0,0,88,0,0,0,0,0,0,0,-140.5028533935547,1,0,0,0,101.5,0,0,3,0,0,0,1000
7618,0,68,2900,500,1000,0,0,87,0,0,0,0,0,0,0,-140.5028533935547,1,0,0,0,101.5,0,0,3,0,0,0,1000
7619,0,69,2900,500,1000,0,0,86,0,0,0,0,0,0,0,-140.5028533935547,1,0,0,0,101.5,0,0,3,0,0,0,1000
7620,0,70,2900,500,1000,0,0,85,0,0,0,0,0,0,0,-140.5028533935547,1,0,0,0,101.5,0,0,3,0,0,0,1000
7621,0,71,2900,500,1000,0,0,84,0,0,0,0,0,0,0,-140.5028533935547,1,0,0,0,101.5,0,0,3,0,0,0,1000
7622,0,72,2900,500,1000,0,0,83,0,0,0,0,0,0,0,-140.5028533935547,1,0,0,0,101.5,0,0,3,0,0,0,1000
7623,0,73,2900,500,1000,0,0,82,0,0,0,0,0,0,0,-140.5028533935547,1,0,0,0,101.5,0,0,3,0,0,0,1000
7624,0,74,2900,500,1000,0,0,81,0,0,0,0,0,0,0,-140.5028533935547,1,0,0,0,101.5,0,0,3,0,0,0,1000
7625,0,75,2900,500,1000,0,0,80,0,0,0,0,0,0,0,-140.5028533935547,1,0,0,0,101.5,0,0,3,0,0,0,1000
7626,0,76,2900,500,1000,0,0,79,0,0,0,0,0,0,0,-140.5028533935547,1,0,0,0,101.5,0,0,3,0,0,0,1000
7627,0,77,2900,500,1000,0,0,78,0,0,0,0,0,0,0,-140.5028533935547,1,0,0,0,101.5,0,0,3,0,0,0,1000
7628,0,78,2900,500,1000,0,0,77,0,0,0,0,0,0,0,-140.5028533935547,1,0,0,0,101.5,0,0,3,0,0,0,1000
7629,0,79,2900,500,1000,0,0,76,0,0,0,0,0,0,0,-140.5028533935547,1,0,0,0,101.5,0,0,3,0,0,0,1000
7630,0,80,2900,500,1000,0,0,75,0,0,0,0,0,0,0,-140.5028533935547,1,0,0,0,101.5,0,0,3,0,0,0,1000
7631,0,81,2900,500,1000,0,0,74,0,0,0,0,0,0,0,-140.5028533935547,1,0,0,0,101.5,0,0,3,0,0,0,1000
7632,0,82,2900,500,1000,0,0,73,0,0,0,0,0,0,0,-140.5028533935547,1,0,0,0,101.5,0,0,3,0,0,0,1000
7633,0,83,2900,500,1000,0,0,72,0,0,0,0,0,0,0,-140.5028533935547,1,0,0,0,101.5,0,0,3,0,0,0,1000
7634,0,84,2900,500,1000,0,0,71,0,0,0,0,0,0,0,-140.5028533935547,1,0,0,0,101.5,0,0,3,0,0,0,1000
7635,0,85,2900,500,1000,0,0,70,0,0,0,0,0,0,0,-140.5028533935547,1,0,0,0,101.5,0,0,3,0,0,0,1000
7636,0,86,2900,500,1000,0,0,69,0,0,0,0,0,0,0,-140.5028533935547,1,0,0,0,101.5,0,0,3,0,0,0,1000
7637,0,87,2900,500,1000,0,0,68,0,0,0,0,0,0,0,-140.5028533935547,1,0,0,0,101.5,0,0,3,0,0,0,1000
7638,0,88,2900,500,1000,0,0,67,0,0,0,0,0,0,0,-140.5028533935547,1,0,0,0,101.5,0,0,3,0,0,0,1000
7639,0,89,2900,500,1000,0,0,66,0,0,0,0,0,0,0,-140.5028533935547,1,0,0,0,101.5,0,0,3,0,0,0,1000
7640,0,90,2900,500,1000,0,0,65,0,0,0,0,0,0,0,-140.5028533935547,1,0,0,0,101.5,0,0,3,0,0,0,1000
7641,0,91,2900,500,1000,0,0,64,0,0,0,0,0,0,0,-140.5028533935547,1,0,0,0,101.5,0,0,3,0,0,0,1000
7642,0,92,2900,500,1000,0,0,63,0,0,0,0,0,0,0,-140.5028533935547,1,0,0,0,101.5,0,0,3,0,0,0,1000
7643,0,93,2900,500,1000,0,0,62,0,0,0,0,0,0,0,-140.5028533935547,1,0,0,0,101.5,0,0,3,0,0,0,1000
7644,0,94,2900,500,1000,0,0,61,0,0,0,0,0,0,0,-140.5028533935547,1,0,0,0,101.5,0,0,3,0,0,0,1000
7645,0,95,2900,500,1000,0,0,60,0,0,0,0,0,0,0,-140.5028533935547,1,0,0,0,101.5,0,0,3,0,0,0,1000
7646,0,96,2900,500,1000,0,0,59,0,0,0,0,0,0,0,-140.5028533935547,1,0,0,0,101.5,0,0,3,0,0,0,1000
7647,0,97,2900,500,1000,0,0,58,0,0,0,0,0,0,0,-140.5028533935547,1,0,0,0,101.5,0,0,3,0,0,0,1000
7648,0,98,2900,500,1000,0,0,57,0,0,0,0,0,0,0,-140.5028533935547,1,0,0,0,101.5,0,0,3,0,0,0,1000
7649,0,99,2900,500,1000,0,0,56,0,0,0,0,0,0,0,-140.5028533935547,1,0,0,0,101.5,0,0,3,0,0,0,1000
7650,0,100,2900,500,1000,0,0,55,0,0,0,0,0,0,0,-140.5028533935547,1,0,0,0,101.5,0,0,3,0,0,0,1000
7651,0,101,2900,500,1000,0,0,54,0,0,0,0,0,0,0,-140.5028533935547,1,0,0,0,101.5,0,0,3,0,0,0,1000
7652,0,102,2900,500,1000,0,0,53,0,0,0,0,0,0,0,-140.5028533935547,1,0,0,0,101.5,0,0,3,0,0,0,1000
7653,0,103,2900,500,1000,0,0,52,0,0,0,0,0,0,0,-140.5028533935547,1,0,0,0,101.5,0,0,3,0,0,0,1000
7654,0,104,2900,500,1000,0,0,51,0,0,0,0,0,0,0,-140.5028533935547,1,0,0,0,101.5,0,0,3,0,0,0,1000
7655,0,105,2900,500,1000,0,0,50,0,0,0,0,0,0,0,-140.5028533935547,1,0,0,0,101.5,0,0,3,0,0,0,1000
7656,0,106,2900,500,1000,0,0,49,0,0,0,0,0,0,0,-140.5028533935547,1,0,0,0,101.5,0,0,3,0,0,0,1000
7657,0,107,2900,500,1000,0,0,48,0,0,0,0,0,0,0,-140.5028533935547,1,0,0,0,101.5,0,0,3,0,0,0,1000
7658,0,108,2900,500,1000,0,0,47,0,0,0,0,0,0,0,-140.5028533935547,1,0,0,0,101.5,0,0,3,0,0,0,1000
7659,0,109,2900,500,1000,0,0,46,0,0,0,0,0,0,0,-140.5028533935547,1,0,0,0,101.5,0,0,3,0,0,0,1000
7660,0,110,2900,500,1000,0,0,45,0,0,0,0,0,0,0,-140.5028533935547,1,0,0,0,101.5,0,0,3,0,0,0,1000
7661,0,111,2900,500,1000,0,0,44,0,0,0,0,0,0,0,-140.5028533935547,1,0,0,0,101.5,0,0,3,0,0,0,1000
7662,0,112,2900,500,1000,0,0,43,0,0,0,0,0,0,0,-140.5028533935547,1,0,0,0,101.5,0,0,3,0,0,0,1000
7663,0,113,2900,500,1000,0,0,42,0,0,0,0,0,0,0,-140.5028533935547,1,0,0,0,101.5,0,0,3,0,0,0,1000
7664,0,114,2900,500,1000,0,0,41,0,0,0,0,0,0,0,-140.5028533935547,1,0,0,0,101.5,0,0,3,0,0,0,1000
7665,0,115,2900,500,1000,0,0,40,0,0,0,0,0,0,0,-140.5028533935547,1,0,0,0,101.5,0,0,3,0,0,0,1000
7666,0,116,2900,500,1000,0,0,39,0,0,0,0,0,0,0,-140.5028533935547,1,0,0,0,101.5,0,0,3,0,0,0,1000
7667,0,117,2900,500,1000,0,0,38,0,0,0,0,0,0,0,-140.5028533935547,1,0,0,0,101.5,0,0,3,0,0,0,1000
7668,0,118,2900,500,1000,0,0,37,0,0,0,0,0,0,0,-140.5028533935547,1,0,0,0,101.5,0,0,3,0,0,0,1000
7669,0,119,2900,500,1000,0,0,36,0,0,0,0,0,0,0,-140.5028533935547,1,0,0,0,101.5,0,0,3,0,0,0,1000
7670,0,120,2900,500,1000,0,0,35,0,0,0,0,0,0,0,-140.5028533935547,1,0,0,0,101.5,0,0,3,0,0,0,1000
7671,0,121,2900,500,1000,0,0,34,0,0,0,0,0,0,0,-140.5028533935547,1,0,0,0,101.5,0,0,3,0,0,0,1000
7672,0,122,2900,500,1000,0,0,33,0,0,0,0,0,0,0,-140.5028533935547,1,0,0,0,101.5,0,0,3,0,0,0,1000
7673,0,123,2900,500,1000,0,0,32,0,0,0,0,0,0,0,-140.5028533935547,1,0,0,0,101.5,0,0,3,0,0,0,1000
7674,0,124,2900,500,1000,0,0,31,0,0,0,0,0,0,0,-140.5028533935547,1,0,0,0,101.5,0,0,3,0,0,0,1000
7675,0,125,2900,500,1000,0,0,30,0,0,0,0,0,0,0,-140.5028533935547,1,0,0,0,101.5,0,0,3,0,0,0,1000
7676,0,126,2900,500,1000,0,0,29,0,0,0,0,0,0,0,-140.5028533935547,1,0,0,0,101.5,0,0,3,0,0,0,1000
7677,0,127,2900,500,1000,0,0,28,0,0,0,0,0,0,0,-140.5028533935547,1,0,0,0,101.5,0,0,3,0,0,0,1000
7678,0,128,2900,500,1000,0,0,27,0,0,0,0,0,0,0,-140.5028533935547,1,0,0,0,101.5,0,0,3,0,0,0,1000
7679,0,129,2900,500,1000,0,0,26,0,0,0,0,0,0,0,-140.5028533935547,1,0,0,0,101.5,0,0,3,0,0,0,1000
7680,0,130,2900,500,1000,0,0,25,0,0,0,0,0,0,0,-140.5028533935547,1,0,0,0,101.5,0,0,3,0,0,0,1000
7681,0,131,2900,500,1000,0,0,24,0,0,0,0,0,0,0,-140.5028533935547,1,0,0,0,101.5,0,0,3,0,0,0,1000
7682,0,132,2900,500,1000,0,0,23,0,0,0,0,0,0,0,-140.5028533935547,1,0,0,0,101.5,0,0,3,0,0,0,1000
7683,0,133,2900,500,1000,0,0,22,0,0,0,0,0,0,0,-140.5028533935547,1,0,0,0,101.5,0,0,3,0,0,0,1000
7684,0,134,2900,500,1000,0,0,21,0,0,0,0,0,0,0,-140.5028533935547,1,0,0,0,101.5,0,0,3,0,0,0,1000
7685,0,135,2900,500,1000,0,0,20,0,0,0,0,0,0,0,-140.5028533935547,1,0,0,0,101.5,0,0,3,0,0,0,1000
7686,0,136,2900,500,1000,0,0,19,0,0,0,0,0,0,0,-140.5028533935547,1,0,0,0,101.5,0,0,3,0,0,0,1000
7687,0,137,2900,500,1000,0,0,18,0,0,0,0,0,0,0,-140.5028533935547,1,0,0,0,101.5,0,0,3,0,0,0,1000
7688,0,138,2900,500,1000,0,0,17,0,0,0,0,0,0,0,-140.5028533935547,1,0,0,0,101.5,0,0,3,0,0,0,1000
7689,0,139,2900,500,1000,0,0,16,0,0,0,0,0,0,0,-140.5028533935547,1,0,0,0,101.5,0,0,3,0,0,0,1000
7690,0,140,2900,500,1000,0,0,15,0,0,0,0,0,0,0,-140.5028533935547,1,0,0,0,101.5,0,0,3,0,0,0,1000
7691,0,141,2900,500,1000,0,0,14,0,0,0,0,0,0,0,-140.5028533935547,1,0,0,0,101.5,0,0,3,0,0,0,1000
7692,0,142,2900,500,1000,0,0,13,0,0,0,0,0,0,0,-140.5028533935547,1,0,0,0,101.5,0,0,3,0,0,0,1000
7693,0,143,2900,500,1000,0,0,12,0,0,0,0,0,0,0,-140.5028533935547,1,0,0,0,101.5,0,0,3,0,0,0,1000
7694,0,144,2900,500,1000,0,0,11,0,0,0,0,0,0,0,-140.5028533935547,1,0,0,0,101.5,0,0,3,0,0,0,1000
7695,0,145,2900,500,1000,0,0,10,0,0,0,0,0,0,0,-140.5028533935547,1,0,0,0,101.5,0,0,3,0,0,0,1000
7696,0,146,2900,500,1000,0,0,9,0,0,0,0,0,0,0,-140.5028533935547,1,0,0,0,101.5,0,0,3,0,0,0,1000
7697,0,147,2900,500,1000,0,0,8,0,0,0,0,0,0,0,-140.5028533935547,1,0,0,0,101.5,0,0,3,0,0,0,1000
7698,0,148,2900,500,1000,0,0,7,0,0,0,0,0,0,0,-140.5028533935547,1,0,0,0,101.5,0,0,3,0,0,0,1000
7699,0,149,2900,500,1000,0,0,6,0,0,0,0,0,0,0,-140.5028533935547,1,0,0,0,101.5,0,0,3,0,0,0,1000
7700,0,150,2900,500,1000,0,0,5,0,0,0,0,0,0,0,-140.5028533935547,1,0,0,0,101.5,0,0,3,0,0,0,1000
7701,0,151,2900,500,1000,0,0,4,0,0,0,0,0,0,0,-140.5028533935547,1,0,0,0,101.5,0,0,3,0,0,0,1000
7702,0,152,2900,500,1000,0,0,3,0,0,0,0,0,0,0,-140.5028533935547,1,0,0,0,101.5,0,0,3,0,0,0,1000
7703,0,153,2900,500,1000,0,0,2,0,0,0,0,0,0,0,-140.5028533935547,1,0,0,0,101.5,0,0,3,0,0,0,1000
7704,0,154,2900,500,1000,0,0,1,0,0,0,0,0,0,0,-140.5028533935547,1,0,0,0,101.5,0,0,3,0,0,0,1000
7705,0,155,2900,500,1000,0,0,0,0,0,0,0,0,0,0,-140.5028533935547,1,0,0,0,101.5,0,0,3,0,0,0,1000
7706,0,156,2900,500,1000,0,0,0,0,0,0,0,0,0,0,-140.5028533935547,1,0,0,0,101.5,0,0,3,0,0,0,1000
7707,0,157,2900,500,1000,0,0,0,0,0,0,0,0,0,0,-140.5028533935547,1,0,0,0,101.5,0,0,3,0,0,0,1000
7708,0,158,2900,500,1000,0,0,0,0,0,0,0,0,0,0,-140.5028533935547,1,0,0,0,101.5,0,0,3,0,0,0,1000
7709,0,159,2900,500,1000,0,0,0,0,0,0,0,0,0,0,-140.5028533935547,1,0,0,0,101.5,0,0,3,0,0,0,1000
7710,0,160,2900,500,1000,0,0,0,0,0,0,0,0,0,0,-140.5028533935547,1,0,0,0,101.5,0,0,3,0,0,0,1000
7711,0,161,2900,500,1000,0,0,0,0,0,0,0,0,0,0,-140.5028533935547,1,0,0,0,101.5,0,0,3,0,0,0,1000
7712,0,162,2900,500,1000,0,0,0,0,0,0,0,0,0,0,-140.5028533935547,1,0,0,0,101.5,0,0,3,0,0,0,1000
7713,0,163,2900,500,1000,0,0,0,0,0,0,0,0,0,0,-140.5028533935547,1,0,0,0,101.5,0,0,3,0,0,0,1000
7714,0,164,2900,500,1000,0,0,0,0,0,0,0,0,0,0,-140.5028533935547,1,0,0,0,101.5,0,0,3,0,0,0,1000
7715,0,165,2900,500,1000,0,0,0,0,0,0,0,0,0,0,-140.5028533935547,1,0,0,0,101.5,0,0,3,0,0,0,1000
7716,0,166,2900,500,1000,0,0,0,0,0,0,0,0,0,0,-140.5028533935547,1,0,0,0,101.5,0,0,3,0,0,0,1000
7717,0,167,2900,500,1000,0,0,0,0,0,0,0,0,0,0,-140.5028533935547,1,0,0,0,101.5,0,0,3,0,0,0,1000
7718,0,168,2900,500,1000,0,0,0,0,0,0,0,0,0,0,-140.5028533935547,1,0,0,0,101.5,0,0,3,0,0,0,1000
7719,0,169,2900,500,1000,0,0,0,0,0,0,0,0,0,0,-140.5028533935547,1,0,0,0,101.5,0,0,3,0,0,0,1000
7720,0,170,2900,500,1000,0,0,0,0,0,0,0,0,0,0,-140.5028533935547,1,0,0,0,101.5,0,0,3,0,0,0,1000
7721,0,171,2900,500,1000,0,0,0,0,0,0,0,0,0,0,-140.5028533935547,1,0,0,0,101.5,0,0,3,0,0,0,1000
7722,0,172,2900,500,1000,0,0,0,0,0,0,0,0,0,0,-140.5028533935547,1,0,0,0,101.5,0,0,3,0,0,0,1000
7723,0,173,2900,500,1000,0,0,0,0,0,0,0,0,0,0,-140.5028533935547,1,0,0,0,101.5,0,0,3,0,0,0,1000
7724,0,174,2900,500,1000,0,0,0,0,0,0,0,0,0,0,-140.5028533935547,1,0,0,0,101.5,0,0,3,0,0,0,1000
7725,0,175,2900,500,1000,0,0,0,0,0,0,0,0,0,0,-140.5028533935547,1,0,0,0,101.5,0,0,3,0,0,0,1000
7726,0,176,2900,500,1000,0,0,0,0,0,0,0,0,0,0,-140.5028533935547,1,0,0,0,101.5,0,0,3,0,0,0,1000
7727,0,177,2900,500,1000,0,0,0,0,0,0,0,0,0,0,-140.5028533935547,1,0,0,0,101.5,0,0,3,0,0,0,1000
7728,0,178,2900,500,1000,0,0,0,0,0,0,0,0,0,0,-140.5028533935547,1,0,0,0,101.5,0,0,3,0,0,0,1000
7729,0,179,2900,500,1000,0,0,0,0,0,0,0,0,0,0,-140.5028533935547,1,0,0,0,101.5,0,0,3,0,0,0,1000
7730,0,180,2900,500,1000,0,0,0,0,0,0,0,0,0,0,-140.5028533935547,1,0,0,0,101.5,0,0,3,0,0,0,1000
7731,0,181,2900,500,1000,0,0,0,0,0,0,0,0,0,0,-140.5028533935547,1,0,0,0,101.5,0,0,3,0,0,0,1000
7732,0,182,2900,500,1000,0,0,0,0,0,0,0,0,0,0,-140.5028533935547,1,0,0,0,101.5,0,0,3,0,0,0,1000
7733,0,183,2900,500,1000,0,0,0,0,0,0,0,0,0,0,-140.5028533935547,1,0,0,0,101.5,0,0,3,0,0,0,1000
7734,0,184,2900,500,1000,0,0,0,0,0,0,0,0,0,0,-140.5028533935547,1,0,0,0,101.5,0,0,3,0,0,0,1000
7735,0,185,2900,500,1000,0,0,0,0,0,0,0,0,0,0,-140.5028533935547,1,0,0,0,101.5,0,0,3,0,0,0,1000
7736,0,186,2900,500,1000,0,0,0,0,0,0,0,0,0,0,-140.5028533935547,1,0,0,0,101.5,0,0,3,0,0,0,1000
7737,0,187,2900,500,1000,0,0,0,0,0,0,0,0,0,0,-140.5028533935547,1,0,0,0,101.5,0,0,3,0,0,0,1000
7738,0,188,2900,500,1000,0,0,0,0,0,0,0,0,0,0,-140.5028533935547,1,0,0,0,101.5,0,0,3,0,0,0,1000
7739,0,189,2900,500,1000,0,0,0,0,0,0,0,0,0,0,-140.5028533935547,1,0,0,0,101.5,0,0,3,0,0,0,1000
7740,0,190,2900,500,1000,0,0,0,0,0,0,0,0,0,0,-140.5028533935547,1,0,0,0,101.5,0,0,3,0,0,0,1000
7741,0,191,2900,500,1000,0,0,0,0,0,0,0,0,0,0,-140.5028533935547,1,0,0,0,101.5,0,0,3,0,0,0,1000
7742,0,192,2900,500,1000,0,0,0,0,0,0,0,0,0,0,-140.5028533935547,1,0,0,0,101.5,0,0,3,0,0,0,1000
7743,0,193,2900,500,1000,0,0,0,0,0,0,0,0,0,0,-140.5028533935547,1,0,0,0,101.5,0,0,3,0,0,0,1000
7744,0,194,2900,500,1000,0,0,0,0,0,0,0,0,0,0,-140.5028533935547,1,0,0,0,101.5,0,0,3,0,0,0,1000
7745,0,195,2900,500,1000,0,0,0,0,0,0,0,0,0,0,-140.5028533935547,1,0,0,0,101.5,0,0,3,0,0,0,1000
7746,0,196,2900,500,1000,0,0,0,0,0,0,0,0,0,0,-140.5028533935547,1,0,0,0,101.5,0,0,3,0,0,0,1000
7747,0,197,2900,500,1000,0,0,0,0,0,0,0,0,0,0,-140.5028533935547,1,0,0,0,101.5,0,0,3,0,0,0,1000
7748,0,198,2900,500,1000,0,0,0,0,0,0,0,0,0,0,-140.5028533935547,1,0,0,0,101.5,0,0,3,0,0,0,1000
7749,0,199,2900,500,1000,0,0,0,0,0,0,0,0,0,0,-140.5028533935547,1,0,0,0,101.5,0,0,3,0,0,0,1000
7750,0,200,2900,500,1000,0,0,0,0,0,0,0,0,0,0,-140.5028533935547,1,0,0,0,101.5,0,0,3,0,0,0,1000
7751,0,201,2900,500,1000,0,0,0,0,0,0,0,0,0,0,-140.5028533935547,1,0,0,0,101.5,0,0,3,0,0,0,1000
7752,0,202,2900,500,1000,0,0,0,0,0,0,0,0,0,0,-140.5028533935547,1,0,0,0,101.5,0,0,3,0,0,0,1000
7753,0,203,2900,500,1000,0,0,0,0,0,0,0,0,0,0,-140.5028533935547,1,0,0,0,101.5,0,0,3,0,0,0,1000
7754,0,204,2900,500,1000,0,0,0,0,0,0,0,0,0,0,-140.5028533935547,1,0,0,0,101.5,0,0,3,0,0,0,1000
7755,0,205,2900,500,1000,0,0,0,0,0,0,0,0,0,0,-140.5028533935547,1,0,0,0,101.5,0,0,3,0,0,0,1000
7756,0,206,2900,500,1000,0,0,0,0,0,0,0,0,0,0,-140.5028533935547,1,0,0,0,101.5,0,0,3,0,0,0,1000
7757,0,207,2900,500,1000,0,0,0,0,0,0,0,0,0,0,-140.5028533935547,1,0,0,0,101.5,0,0,3,0,0,0,1000
7758,0,208,2900,500,1000,0,0,0,0,0,0,0,0,0,0,-140.5028533935547,1,0,0,0,101.5,0,0,3,0,0,0,1000
7759,0,209,2900,500,1000,0,0,0,0,0,0,0,0,0,0,-140.5028533935547,1,0,0,0,101.5,0,0,3,0,0,0,1000
7760,0,210,2900,500,1000,0,0,0,0,0,0,0,0,0,0,-140.5028533935547,1,0,0,0,101.5,0,0,3,0,0,0,1000
7761,0,211,2900,500,1000,0,0,0,0,0,0,0,0,0,0,-140.5028533935547,1,0,0,0,101.5,0,0,3,0,0,0,1000
7762,0,212,2900,500,1000,0,0,0,0,0,0,0,0,0,0,-140.5028533935547,1,0,0,0,101.5,0,0,3,0,0,0,1000
7763,0,213,2900,500,1000,0,0,0,0,0,0,0,0,0,0,-140.5028533935547,1,0,0,0,101.5,0,0,3,0,0,0,1000
7764,0,214,2900,500,1000,0,0,0,0,0,0,0,0,0,0,-140.5028533935547,1,0,0,0,101.5,0,0,3,0,0,0,1000
7765,0,215,2900,500,1000,0,0,0,0,0,0,0,0,0,0,-140.5028533935547,1,0,0,0,101.5,0,0,3,0,0,0,1000
7766,0,216,2900,500,1000,0,0,0,0,0,0,0,0,0,0,-140.5028533935547,1,0,0,0,101.5,0,0,3,0,0,0,1000
7767,0,217,2900,500,1000,0,0,0,0,0,0,0,0,0,0,-140.5028533935547,1,0,0,0,101.5,0,0,3,0,0,0,1000
7768,0,218,2900,500,1000,0,0,0,0,0,0,0,0,0,0,-140.5028533935547,1,0,0,0,101.5,0,0,3,0,0,0,1000
7769,0,219,2900,500,1000,0,0,0,0,0,0,0,0,0,0,-140.5028533935547,1,0,0,0,101.5,0,0,3,0,0,0,1000
7770,0,220,2900,500,1000,0,0,0,0,0,0,0,0,0,0,-140.5028533935547,1,0,0,0,101.5,0,0,3,0,0,0,1000
7771,0,221,2900,500,1000,0,0,0,0,0,0,0,0,0,0,-140.5028533935547,1,0,0,0,101.5,0,0,3,0,0,0,1000
7772,0,222,2900,500,1000,0,0,0,0,0,0,0,0,0,0,-140.5028533935547,1,0,0,0,101.5,0,0,3,0,0,0,1000
7773,0,223,2900,500,1000,0,0,0,0,0,0,0,0,0,0,-140.5028533935547,1,0,0,0,101.5,0,0,3,0,0,0,1000
7774,0,224,2900,500,1000,0,0,0,0,0,0,0,0,0,0,-140.5028533935547,1,0,0,0,101.5,0,0,3,0,0,0,1000
7775,0,225,2900,500,1000,0,0,0,0,0,0,0,0,0,0,-140.5028533935547,1,0,0,0,101.5,0,0,3,0,0,0,1000
7776,0,226,2900,500,1000,0,0,0,0,0,0,0,0,0,0,-140.5028533935547,1,0,0,0,101.5,0,0,3,0,0,0,1000
7777,0,227,2900,500,1000,0,0,0,0,0,0,0,0,0,0,-140.5028533935547,1,0,0,0,101.5,0,0,3,0,0,0,1000
7778,0,228,2900,500,1000,0,0,0,0,0,0,0,0,0,0,-140.5028533935547,1,0,0,0,101.5,0,0,3,0,0,0,1000
7779,0,229,2900,500,1000,0,0,0,0,0,0,0,0,0,0,-140.5028533935547,1,0,0,0,101.5,0,0,3,0,0,0,1000
7780,0,230,2900,500,1000,0,0,0,0,0,0,0,0,0,0,-140.5028533935547,1,0,0,0,101.5,0,0,3,0,0,0,1000
7781,0,231,2900,500,1000,0,0,0,0,0,0,0,0,0,0,-140.5028533935547,1,0,0,0,101.5,0,0,3,0,0,0,1000
7782,0,232,2900,500,1000,0,0,0,0,0,0,0,0,0,0,-140.5028533935547,1,0,0,0,101.5,0,0,3,0,0,0,1000
7783,0,233,2900,500,1000,0,0,0,0,0,0,0,0,0,0,-140.5028533935547,1,0,0,0,101.5,0,0,3,0,0,0,1000
7784,0,234,2900,500,1000,0,0,0,0,0,0,0,0,0,0,-140.5028533935547,1,0,0,0,101.5,0,0,3,0,0,0,1000
7785,0,235,2900,500,1000,0,0,0,0,0,0,0,0,0,0,-140.5028533935547,1,0,0,0,101.5,0,0,3,0,0,0,1000
7786,0,236,2900,500,1000,0,0,0,0,0,0,0,0,0,0,-140.5028533935547,1,0,0,0,101.5,0,0,3,0,0,0,1000
7787,0,237,2900,500,1000,0,0,0,0,0,0,0,0,0,0,-140.5028533935547,1,0,0,0,101.5,0,0,3,0,0,0,1000
7788,0,238,2900,500,1000,0,0,0,0,0,0,0,0,0,0,-140.5028533935547,1,0,0,0,101.5,0,0,3,0,0,0,1000
7789,0,239,2900,500,1000,0,0,0,0,0,0,0,0,0,0,-140.5028533935547,1,0,0,0,101.5,0,0,3,0,0,0,1000
7790,0,240,2900,500,1000,0,0,0,0,0,0,0,0,0,0,-140.5028533935547,1,0,0,0,101.5,0,0,3,0,0,0,1000
7791,0,241,2900,500,1000,0,0,0,0,0,0,0,0,0,0,-140.5028533935547,1,0,0,0,101.5,0,0,3,0,0,0,1000
7792,0,242,2900,500,1000,0,0,0,0,0,0,0,0,0,0,-140.5028533935547,1,0,0,0,101.5,0,0,3,0,0,0,1000
7793,0,243,2900,500,1000,0,0,0,0,0,0,0,0,0,0,-140.5028533935547,1,0,0,0,101.5,0,0,3,0,0,0,1000
7794,0,244,2900,500,1000,0,0,0,0,0,0,0,0,0,0,-140.5028533935547,1,0,0,0,101.5,0,0,3,0,0,0,1000
7795,0,245,2900,500,1000,0,0,0,0,0,0,0,0,0,0,-140.5028533935547,1,0,0,0,101.5,0,0,3,0,0,0,1000
7796,0,246,2900,500,1000,0,0,0,0,0,0,0,0,0,0,-140.5028533935547,1,0,0,0,101.5,0,0,3,0,0,0,1000
7797,0,247,2900,500,1000,0,0,0,0,0,0,0,0,0,0,-140.5028533935547,1,0,0,0,101.5,0,0,3,0,0,0,1000
7798,0,248,2900,500,1000,0,0,0,0,0,0,0,0,0,0,-140.5028533935547,1,0,0,0,101.5,0,0,3,0,0,0,1000
7799,0,249,2900,500,1000,0,0,0,0,0,0,0,0,0,0,-140.5028533935547,1,0,0,0,101.5,0,0,3,0,0,0,1000
7800,0,250,2900,500,1000,0,0,0,0,0,0,0,0,0,0,-140.5028533935547,1,0,0,0,101.5,0,0,3,0,0,0,1000
7801,0,251,2900,500,1000,0,0,0,0,0,0,0,0,0,0,-140.5028533935547,1,0,0,0,101.5,0,0,3,0,0,0,1000
7802,0,252,2900,500,1000,0,0,0,0,0,0,0,0,0,0,-140.5028533935547,1,0,0,0,101.5,0,0,3,0,0,0,1000
7803,0,253,2900,500,1000,0,0,0,0,0,0,0,0,0,0,-140.5028533935547,1,0,0,0,101.5,0,0,3,0,0,0,1000
7804,0,254,2900,500,1000,0,0,0,0,0,0,0,0,0,0,-140.5028533935547,1,0,0,0,101.5,0,0,3,0,0,0,1000
7805,0,255,2900,500,1000,0,0,0,0,0,0,0,0,0,0,-140.5028533935547,1,0,0,0,101.5,0,0,3,0,0,0,1000
7806,0,256,2900,500,1000,0,0,0,0,0,0,0,0,0,0,-140.5028533935547,1,0,0,0,101.5,0,0,3,0,0,0,1000
7807,0,257,2900,500,1000,0,0,0,0,0,0,0,0,0,0,-140.5028533935547,1,0,0,0,101.5,0,0,3,0,0,0,1000
7808,0,258,2900,500,1000,0,0,0,0,0,0,0,0,0,0,-140.5028533935547,1,0,0,0,101.5,0,0,3,0,0,0,1000
7809,0,259,2900,500,1000,0,0,0,0,0,0,0,0,0,0,-140.5028533935547,1,0,0,0,101.5,0,0,3,0,0,0,1000
7810,0,1,3000,500,1000,500,0,0,0,0,0,0,0,0,0,-126.5,1,0,0,0,101.5,0,0,3,0,0,0,1000
7811,0,2,3000,500,1000,499,0,0,0,0,0,0,0,0,0,-126.5,1,0,0,0,101.5,0,0,3,0,0,0,1000
7812,0,3,3000,500,1000,498,0,0,0,0,0,0,0,0,0,-126.5,1,0,0,0,101.5,0,0,3,0,0,0,1000
7813,0,4,3000,500,1000,497,0,0,0,0,0,0,0,0,0,-126.5,1,0,0,0,101.5,0,0,3,0,0,0,1000
7814,0,5,3000,500,1000,496,0,0,0,0,0,0,0,0,0,-126.5,1,0,0,0,101.5,0,0,3,0,0,0,1000
7815,0,6,3000,500,1000,495,0,0,0,0,0,0,0,0,0,-126.5,1,0,0,0,101.5,0,0,3,0,0,0,1000
7816,0,7,3000,500,1000,494,0,0,0,0,0,0,0,0,0,-126.5,1,0,0,0,101.5,0,0,3,0,0,0,1000
7817,0,8,3000,500,1000,493,0,0,0,0,0,0,0,0,0,-126.5,1,0,0,0,101.5,0,0,3,0,0,0,1000
7818,0,9,3000,500,1000,492,0,0,0,0,0,0,0,0,0,-126.5,1,0,0,0,101.5,0,0,3,0,0,0,1000
7819,10,1,3000,500,1000,491,0,0,0,0,0,0,0,0,0,-126.5,1,0,0,0,101.5,0,0,3,0,0,0,1000
7820,10,2,3000,500,1000,490,0,0,0,0,0,0,0,0,0,-126.5,1,0,0,0,101.5,0,0,3,0,0,0,1000
7821,10,3,3000,500,1000,489,0,0,0,0,0,0,0,0,0,-126.5,1,0,0,0,101.5,0,0,3,0,0,0,1000
7822,10,4,3000,500,1000,488,0,0,0,0,0,0,0,0,0,-126.5,1,0,0,0,101.5,0,0,3,0,0,0,1000
7823,10,5,3000,500,1000,487,0,0,0,0,0,0,0,0,0,-126.5,1,0,0,0,101.5,0,0,3,0,0,0,1000
7824,10,6,3000,500,1000,486,0,0,0,0,0,0,0,0,0,-126.5,1,0,0,0,101.5,0,0,3,0,0,0,1000
7825,12,1,3000,500,1000,485,0,0,0,0,0,0,0,0,0,-126.5,1,0,0,0,101.5,0,0,3,0,0,0,1000
7826,20,1,3000,500,1000,484,0,0,0,0,0,0,0,0,0,-126.72000122070312,1,0,0,0,101.5,0,0,3,0,0,0,1000
7827,20,2,3000,500,1000,483,0,0,0,0,0,0,0,0,0,-126.94000244140625,1,0,0,0,100,0,0,3,0,0,0,1000
7828,10,1,3000,500,1000,482,0,0,0,0,0,0,0,0,0,-126.94000244140625,1,0,0,0,98.5,0,0,3,0,0,0,1000
7829,10,2,3000,500,1000,481,0,0,0,0,0,0,0,0,0,-126.94000244140625,1,0,0,0,98.5,0,0,3,0,0,0,1000
7830,10,3,3000,500,1000,480,0,0,0,0,0,0,0,0,0,-126.94000244140625,1,0,0,0,98.5,0,0,3,0,0,0,1000
7831,10,4,3000,500,1000,479,0,0,0,0,0,0,0,0,0,-126.94000244140625,1,0,0,0,98.5,0,0,3,0,0,0,1000
7832,10,5,3000,500,1000,478,0,0,0,0,0,0,0,0,0,-126.94000244140625,1,0,0,0,98.5,0,0,3,0,0,0,1000
7833,10,6,3000,500,1000,477,0,0,0,0,0,0,0,0,0,-126.94000244140625,1,0,0,0,98.5,0,0,3,0,0,0,1000
7834,4000,1,1000,500,1000,476,0,0,0,0,0,0,0,0,0,-126.94000244140625,1,0,0,0,98.5,0,0,0,3,0,0,1000
7835,4000,2,1000,500,1000,0,0,0,0,0,0,0,0,0,0,-126.94000244140625,1,0,0,0,98.5,0,0,0,3,0,0,1000
7836,4000,3,1000,500,1000,0,0,0,0,0,0,0,0,0,0,-126.94000244140625,1,0,0,0,98.5,0,0,0,3,0,0,1000
7837,4000,4,1000,500,1000,0,0,0,0,0,0,0,0,0,0,-126.94000244140625,1,0,0,0,98.5,0,0,0,3,0,0,1000
7838,4000,5,1000,500,1000,0,0,0,0,0,0,0,0,0,0,-121.13999938964844,1,0,0,0,98.5,0,0,0,3,0,0,1000
7839,4000,6,1000,500,1000,0,0,0,0,0,0,0,0,0,0,-115.33999633789062,1,0,0,0,98.5,0,0,0,3,0,0,1000
7840,4000,7,1000,500,1000,0,0,0,0,0,0,0,0,0,0,-109.54000091552734,1,0,0,0,98.5,0,0,0,3,0,0,1000
7841,4000,8,1000,500,1000,0,0,0,0,0,0,0,0,0,0,-103.73999786376953,1,0,0,0,98.5,0,0,0,3,0,0,1000
7842,4000,8,1000,500,962,0,0,0,0,0,0,0,0,0,0,-103.73999786376953,1,0,0,0,98.5,0,0,0,3,0,0,1018
7843,4000,8,1000,500,962,0,0,0,0,0,0,0,0,0,0,-103.73999786376953,1,0,0,0,98.5,0,0,0,3,0,0,1018
7844,4000,8,1000,500,962,0,0,0,0,0,0,0,0,0,0,-103.73999786376953,1,0,0,0,98.5,0,0,0,3,0,0,1018
7845,4000,8,1000,500,962,0,0,0,0,0,0,0,0,0,0,-103.73999786376953,1,0,0,0,98.5,0,0,0,3,0,0,1018
7846,4000,8,1000,500,962,0,0,0,0,0,0,0,0,0,0,-103.73999786376953,1,0,0,0,98.5,0,0,0,3,0,0,1018
7847,4000,8,1000,500,962,0,0,0,0,0,0,0,0,0,0,-103.73999786376953,1,0,0,0,98.5,0,0,0,3,0,0,1018
7848,4000,9,1000,500,962,0,0,0,0,0,0,0,0,0,0,-99.72000122070312,1,0,0,0,98.5,0,0,0,3,0,0,1018
7849,4000,10,1000,500,962,0,0,0,0,0,0,0,0,0,0,-96.81999969482422,1,0,0,0,98.5,0,0,0,3,0,0,1018
7850,4000,11,1000,500,962,0,0,0,0,0,0,0,0,0,0,-93.91999816894531,1,0,0,0,98.5,0,0,0,3,0,0,1018
7851,4000,12,1000,500,962,0,0,0,0,0,0,0,0,0,0,-91.0199966430664,1,0,0,0,98.5,0,0,0,3,0,0,1018
7852,4000,13,1000,500,962,0,0,0,0,0,0,0,0,0,0,-88.1199951171875,1,0,0,0,98.5,0,0,0,3,0,0,1018
7853,4000,14,1000,500,962,0,0,0,0,0,0,0,0,0,0,-85.2199935913086,1,0,0,0,98.5,0,0,0,3,0,0,1018
7854,4000,15,1000,500,962,0,0,0,0,0,0,0,0,0,0,-82.31999969482422,1,0,0,0,98.5,0,0,0,3,0,0,1018
7855,4000,15,1000,500,924,0,0,0,0,0,0,0,0,0,0,-82.31999969482422,1,0,0,0,98.5,0,0,0,3,0,0,1036
7856,4000,15,1000,500,924,0,0,0,0,0,0,0,0,0,0,-82.31999969482422,1,0,0,0,98.5,0,0,0,3,0,0,1036
7857,4000,15,1000,500,924,0,0,0,0,0,0,0,0,0,0,-82.31999969482422,1,0,0,0,98.5,0,0,0,3,0,0,2036
7858,4000,15,1000,500,924,0,0,0,0,0,0,0,0,0,0,-82.31999969482422,1,0,0,0,98.5,0,0,0,3,0,0,2036
7859,4000,15,1000,500,924,0,0,0,0,0,0,0,0,0,0,-82.31999969482422,1,0,0,0,98.5,0,0,0,3,0,0,2036
7860,4000,15,1000,500,924,0,0,0,0,0,0,0,0,0,0,-82.31999969482422,1,0,0,0,98.5,0,0,0,3,0,0,2036
7861,4000,16,1000,500,924,0,0,0,0,0,0,0,0,0,0,-79.41999816894531,1,0,0,0,98.5,0,0,0,3,0,0,2036
7862,4000,17,1000,500,924,0,0,0,0,0,0,0,0,0,0,-76.5199966430664,1,0,0,0,98.5,0,0,0,3,0,0,2036
7863,4000,18,1000,500,924,0,0,0,0,0,0,0,0,0,0,-73.6199951171875,1,0,0,0,98.5,0,0,0,3,0,0,2036
7864,4000,19,1000,500,924,0,0,0,0,0,0,0,0,0,0,-70.56999206542969,1,0,0,0,98.5,0,0,0,3,0,0,2036
7865,4000,20,1000,500,924,0,0,0,0,0,0,0,0,0,0,-67.66999816894531,1,0,0,0,98.5,0,0,0,3,0,0,2036
7866,4000,21,1000,500,924,0,0,0,0,0,0,0,0,0,0,-64.7699966430664,1,0,0,0,98.5,0,0,0,3,0,0,2036
7867,4000,22,1000,500,924,0,0,0,0,0,0,0,0,0,0,-61.8699951171875,1,0,0,0,98.5,0,0,0,3,0,0,2036
7868,4000,22,1000,500,886,0,0,0,0,0,0,0,0,0,0,-61.8699951171875,1,0,0,0,98.5,0,0,0,3,0,0,3054
7869,4000,22,1000,500,886,0,0,0,0,0,0,0,0,0,0,-61.8699951171875,1,0,0,0,98.5,0,0,0,3,0,0,3054
7870,4000,22,1000,500,886,0,0,0,0,0,0,0,0,0,0,-61.8699951171875,1,0,0,0,98.5,0,0,0,3,0,0,3054
7871,4000,22,1000,500,886,0,0,0,0,0,0,0,0,0,0,-61.8699951171875,1,0,0,0,98.5,0,0,0,3,0,0,3054
7872,4000,22,1000,500,886,0,0,0,0,0,0,0,0,0,0,-61.8699951171875,1,0,0,0,98.5,0,0,0,3,0,0,3054
7873,4000,22,1000,500,886,0,0,0,0,0,0,0,0,0,0,-61.8699951171875,1,0,0,0,98.5,0,0,0,3,0,0,3054
7874,4000,23,1000,500,886,0,0,0,0,0,0,0,0,0,0,-58.969993591308594,1,0,0,0,98.5,0,0,0,3,0,0,3054
7875,4000,24,1000,500,886,0,0,0,0,0,0,0,0,0,0,-56.06999206542969,1,0,0,0,98.5,0,0,0,3,0,0,3054
7876,4000,25,1000,500,886,0,0,0,0,0,0,0,0,0,0,-56.06999206542969,1,0,0,0,98.5,0,0,0,3,0,0,3054
7877,4000,26,1000,500,886,0,0,0,0,0,0,0,0,0,0,-56.06999206542969,1,0,0,0,98.5,0,0,0,3,0,0,3054
7878,4000,27,1000,500,886,0,0,0,0,0,0,0,0,0,0,-56.06999206542969,1,0,0,0,98.5,0,0,0,3,0,0,3054
7879,4000,28,1000,500,886,0,0,0,0,0,0,0,0,0,0,-56.06999206542969,1,0,0,0,98.5,0,0,0,3,0,0,3054
7880,4000,29,1000,500,886,0,0,0,0,0,0,0,0,0,0,-56.06999206542969,1,0,0,0,98.5,0,0,0,3,0,0,3054
7881,4000,29,1000,500,848,0,0,0,0,0,0,0,0,0,0,-56.06999206542969,1,0,0,0,98.5,0,0,0,3,0,0,4072
7882,4000,29,1000,500,848,0,0,0,0,0,0,0,0,0,0,-56.06999206542969,1,0,0,0,98.5,0,0,0,3,0,0,4072
7883,4000,29,1000,500,848,0,0,0,0,0,0,0,0,0,0,-56.06999206542969,1,0,0,0,98.5,0,0,0,3,0,0,4072
7884,4000,29,1000,500,848,0,0,0,0,0,0,0,0,0,0,-56.06999206542969,1,0,0,0,98.5,0,0,0,3,0,0,4072
7885,4000,29,1000,500,848,0,0,0,0,0,0,0,0,0,0,-56.06999206542969,1,0,0,0,98.5,0,0,0,3,0,0,4072
7886,4000,29,1000,500,848,0,0,0,0,0,0,0,0,0,0,-56.06999206542969,1,0,0,0,98.5,0,0,0,3,0,0,4072
7887,4000,30,1000,500,848,0,0,0,0,0,0,0,0,0,0,-56.06999206542969,1,0,0,0,98.5,0,0,0,3,0,0,4072
7888,4000,31,1000,500,848,0,0,0,0,0,0,0,0,0,0,-56.06999206542969,1,0,0,0,98.5,0,0,0,3,0,0,4072
7889,4000,32,1000,500,848,0,0,0,0,0,0,0,0,0,0,-56.06999206542969,1,0,0,0,98.5,0,0,0,3,0,0,4072
7890,4000,33,1000,500,848,0,0,0,0,0,0,0,0,0,0,-56.06999206542969,1,0,0,0,98.5,0,0,0,3,0,0,4072
7891,4000,34,1000,500,848,0,0,0,0,0,0,0,0,0,0,-56.06999206542969,1,0,0,0,98.5,0,0,0,3,0,0,4072
7892,4000,35,1000,500,848,0,0,0,0,0,0,0,0,0,0,-56.06999206542969,1,0,0,0,98.5,0,0,0,3,0,0,4072
7893,4000,36,1000,500,848,0,0,0,0,0,0,0,0,0,0,-56.06999206542969,1,0,0,0,98.5,0,0,0,3,0,0,4072
7894,4000,37,1000,500,848,0,0,0,0,0,0,0,0,0,0,-56.06999206542969,1,0,0,0,98.5,0,0,0,3,0,0,4072
7895,4000,38,1000,500,848,0,0,0,0,0,0,0,0,0,0,-56.06999206542969,1,0,0,0,98.5,0,0,0,3,0,0,4072
7896,4000,39,1000,500,848,0,0,0,0,0,0,0,0,0,0,-56.06999206542969,1,0,0,0,98.5,0,0,0,3,0,0,4072
7897,4000,39,1000,500,717,0,0,0,0,0,0,0,0,0,0,-56.06999206542969,1,0,0,0,98.5,0,0,0,3,0,0,5000
7898,4000,39,1000,500,717,0,0,0,0,0,0,0,0,0,0,-56.06999206542969,1,0,0,0,98.5,0,0,0,3,0,0,5000
7899,4000,39,1000,500,717,0,0,0,0,0,0,0,0,0,0,-56.06999206542969,1,0,0,0,98.5,0,0,0,3,0,0,5000
7900,4000,39,1000,500,717,0,0,0,0,0,0,0,0,0,0,-56.06999206542969,1,0,0,0,98.5,0,0,0,3,0,0,5000
7901,4000,39,1000,500,717,0,0,0,0,0,0,0,0,0,0,-56.06999206542969,1,0,0,0,98.5,0,0,0,3,0,0,5000
7902,4000,39,1000,500,717,0,0,0,0,0,0,0,0,0,0,-56.06999206542969,1,0,0,0,98.5,0,0,0,3,0,0,5000
7903,4000,40,1000,500,717,0,0,0,0,0,0,0,0,0,0,-56.06999206542969,1,0,0,0,98.5,0,0,0,3,0,0,5000
7904,4000,41,1000,500,717,0,0,0,0,0,0,0,0,0,0,-56.06999206542969,1,0,0,0,98.5,0,0,0,3,0,0,5000
7905,4000,42,1000,500,717,0,0,0,0,0,0,0,0,0,0,-56.06999206542969,1,0,0,0,98.5,0,0,0,3,0,0,5000
7906,4000,43,1000,500,717,0,0,0,0,0,0,0,0,0,0,-59.56999206542969,1,0,0,0,98.5,0,0,0,3,0,0,5000
7907,4000,44,1000,500,717,0,0,0,0,0,0,0,0,0,0,-63.06999206542969,1,0,0,0,98.5,0,0,0,3,0,0,5000
7908,4000,45,1000,500,717,0,0,0,0,0,0,0,0,0,0,-66.56999206542969,1,0,0,0,98.5,0,0,0,3,0,0,5000
7909,4000,46,1000,500,717,0,0,0,0,0,0,0,0,0,0,-70.06999206542969,1,0,0,0,98.5,0,0,0,3,0,0,5000
7910,4000,47,1000,500,717,0,0,0,0,0,0,0,0,0,0,-73.56999206542969,1,0,0,0,98.5,0,0,0,3,0,0,5000
7911,4000,48,1000,500,717,0,0,0,0,0,0,0,0,0,0,-77.06999206542969,1,0,0,0,98.5,0,0,0,3,0,0,5000
7912,4000,49,1000,500,717,0,0,0,0,0,0,0,0,0,0,-80.56999206542969,1,0,0,0,98.5,0,0,0,3,0,0,5000
7913,4000,50,1000,500,717,0,0,0,0,0,0,0,0,0,0,-84.06999206542969,1,0,0,0,98.5,0,0,0,3,0,0,5000
7914,4000,51,1000,500,717,0,0,0,0,0,0,0,0,0,0,-84.06999206542969,1,0,0,0,98.5,0,0,0,3,0,0,5000
7915,4000,52,1000,500,717,0,0,0,0,0,0,0,0,0,0,-84.06999206542969,1,0,0,0,98.5,0,0,0,3,0,0,5000
7916,4000,53,1000,500,717,0,0,0,0,0,0,0,0,0,0,-84.06999206542969,1,0,0,0,98.5,0,0,0,3,0,0,5000
7917,4000,54,1000,500,717,0,0,0,0,0,0,0,0,0,0,-84.06999206542969,1,0,0,0,98.5,0,0,0,3,0,0,5000
7918,4000,55,1000,500,717,0,0,0,0,0,0,0,0,0,0,-84.06999206542969,1,0,0,0,98.5,0,0,0,3,0,0,5000
7919,4000,56,1000,500,717,0,0,0,0,0,0,0,0,0,0,-84.06999206542969,1,0,0,0,98.5,0,0,0,3,0,0,5000
7920,4000,57,1000,500,717,0,0,0,0,0,0,0,0,0,0,-84.06999206542969,1,0,0,0,98.5,0,0,0,3,0,0,5000
7921,4000,58,1000,500,717,0,0,0,0,0,0,0,0,0,0,-84.06999206542969,1,0,0,0,98.5,0,0,0,3,0,0,5000
7922,4000,59,1000,500,717,0,0,0,0,0,0,0,0,0,0,-84.06999206542969,1,0,0,0,98.5,0,0,0,3,0,0,5000
7923,4000,60,1000,500,717,0,0,0,0,0,0,0,0,0,0,-84.06999206542969,1,0,0,0,98.5,0,0,0,3,0,0,5000
7924,0,1,1000,500,717,0,0,0,0,0,0,0,0,0,0,-84.06999206542969,1,0,0,0,98.5,0,0,0,3,0,0,5000
7925,0,2,1000,500,717,0,0,0,0,0,0,0,0,0,0,-84.06999206542969,1,0,0,0,98.5,0,0,0,3,0,0,5000
7926,0,3,1000,500,717,0,0,0,0,0,0,0,0,0,0,-84.06999206542969,1,0,0,0,98.5,0,0,0,3,0,0,5000
7927,0,4,1000,500,717,0,0,0,0,0,0,0,0,0,0,-84.06999206542969,1,0,0,0,98.5,0,0,0,3,0,0,5000
7928,0,5,1000,500,717,0,0,0,0,0,0,0,0,0,0,-84.06999206542969,1,0,0,0,98.5,0,0,0,3,0,0,5000
7929,0,6,1000,500,717,0,0,0,0,0,0,0,0,0,0,-84.06999206542969,1,0,0,0,98.5,0,0,0,3,0,0,5000
7930,0,7,1000,500,717,0,0,0,0,0,0,0,0,0,0,-84.06999206542969,1,0,0,0,98.5,0,0,0,3,0,0,5000
7931,0,8,1000,500,717,0,0,0,0,0,0,0,0,0,0,-84.06999206542969,1,0,0,0,98.5,0,0,0,3,0,0,5000
7932,0,9,1000,500,717,0,0,0,0,0,0,0,0,0,0,-84.06999206542969,1,0,0,0,98.5,0,0,0,3,0,0,5000
7933,0,10,1000,500,717,0,0,0,0,0,0,0,0,0,0,-84.06999206542969,1,0,0,0,98.5,0,0,0,3,0,0,5000
7934,0,11,1000,500,717,0,0,0,0,0,0,0,0,0,0,-84.06999206542969,1,0,0,0,98.5,0,0,0,3,0,0,5000
7935,0,12,1000,500,717,0,0,0,0,0,0,0,0,0,0,-84.06999206542969,1,0,0,0,98.5,0,0,0,3,0,0,5000
7936,0,13,1000,500,717,0,0,0,0,0,0,0,0,0,0,-84.06999206542969,1,0,0,0,98.5,0,0,0,3,0,0,5000
7937,0,14,1000,500,717,0,0,0,0,0,0,0,0,0,0,-84.06999206542969,1,0,0,0,98.5,0,0,0,3,0,0,5000
7938,0,15,1000,500,717,0,0,0,0,0,0,0,0,0,0,-84.06999206542969,1,0,0,0,98.5,0,0,0,3,0,0,5000
7939,0,16,1000,500,717,0,0,0,0,0,0,0,0,0,0,-84.06999206542969,1,0,0,0,98.5,0,0,0,3,0,0,5000
7940,0,17,1000,500,717,0,0,0,0,0,0,0,0,0,0,-86.56999206542969,1,0,0,0,98.5,0,0,0,3,0,0,5000
7941,0,18,1000,500,717,0,0,0,0,0,0,0,0,0,0,-90.56999206542969,1,0,0,0,101,0,0,0,3,0,0,5000
7942,0,19,1000,500,717,0,0,0,0,0,0,0,0,0,0,-94.56999206542969,1,0,0,0,105,0,0,0,3,0,0,5000
7943,0,20,1000,500,717,0,0,0,0,0,0,0,0,0,0,-98.56999206542969,1,0,0,0,109,0,0,0,3,0,0,5000
7944,0,21,1000,500,717,0,0,0,0,0,0,0,0,0,0,-102.56999206542969,1,0,0,0,113,0,0,0,3,0,0,5000
7945,0,22,1000,500,717,0,0,0,0,0,0,0,0,0,0,-106.56999206542969,1,0,0,0,117,0,0,0,3,0,0,5000
7946,0,23,1000,500,717,0,0,0,0,0,0,0,0,0,0,-110.31999206542969,1,0,0,0,121,0,0,0,3,0,0,5000
7947,0,24,1000,500,717,0,0,0,0,0,0,0,0,0,0,-112.31999206542969,1,0,0,0,124.75,0,0,0,3,0,0,5000
7948,0,25,1000,500,717,0,0,0,0,0,0,0,0,0,0,-114.31999206542969,1,0,0,0,126.75,0,0,0,3,0,0,5000
7949,0,26,1000,500,717,0,0,0,0,0,0,0,0,0,0,-116.31999206542969,1,0,0,0,128.75,0,0,0,3,0,0,5000
7950,0,27,1000,500,717,0,0,0,0,0,0,0,0,0,0,-118.31999206542969,1,0,0,0,130.75,0,0,0,3,0,0,5000
7951,0,28,1000,500,717,0,0,0,0,0,0,0,0,0,0,-118.31999206542969,1,0,0,0,132.75,0,0,0,3,0,0,5000
7952,0,29,1000,500,717,0,0,0,0,0,0,0,0,0,0,-118.31999206542969,1,0,0,0,132.75,0,0,0,3,0,0,5000
7953,0,30,1000,500,717,0,0,0,0,0,0,0,0,0,0,-118.31999206542969,1,0,0,0,132.75,0,0,0,3,0,0,5000
7954,0,31,1000,500,717,0,0,0,0,0,0,0,0,0,0,-118.31999206542969,1,0,0,0,132.75,0,0,0,3,0,0,5000
7955,0,32,1000,500,717,0,0,0,0,0,0,0,0,0,0,-118.31999206542969,1,0,0,0,132.75,0,0,0,3,0,0,5000
7956,0,33,1000,500,717,0,0,0,0,0,0,0,0,0,0,-118.31999206542969,1,0,0,0,132.75,0,0,0,3,0,0,5000
7957,0,34,1000,500,717,0,0,0,0,0,0,0,0,0,0,-118.31999206542969,1,0,0,0,132.75,0,0,0,3,0,0,5000
7958,0,35,1000,500,717,0,0,0,0,0,0,0,0,0,0,-118.31999206542969,1,0,0,0,132.75,0,0,0,3,0,0,5000
7959,0,36,1000,500,717,0,0,0,0,0,0,0,0,0,0,-119.81999206542969,1,0,0,0,132.75,0,0,0,3,0,0,5000
7960,0,37,1000,500,717,0,0,0,0,0,0,0,0,0,0,-121.31999206542969,1,0,0,0,134.25,0,0,0,3,0,0,5000
7961,0,38,1000,500,717,0,0,0,0,0,0,0,0,0,0,-122.81999206542969,1,0,0,0,135.75,0,0,0,3,0,0,5000
7962,0,39,1000,500,717,0,0,0,0,0,0,0,0,0,0,-124.31999206542969,1,0,0,0,137.25,0,0,0,3,0,0,5000
7963,0,40,1000,500,717,0,0,0,0,0,0,0,0,0,0,-125.81999206542969,1,0,0,0,138.75,0,0,0,3,0,0,5000
7964,0,41,1000,500,717,0,0,0,0,0,0,0,0,0,0,-127.31999206542969,1,0,0,0,140.25,0,0,0,3,0,0,5000
7965,0,42,1000,500,717,0,0,0,0,0,0,0,0,0,0,-128.8199920654297,1,0,0,0,141.75,0,0,0,3,0,0,5000
7966,0,43,1000,500,717,0,0,0,0,0,0,0,0,0,0,-130.3199920654297,1,0,0,0,143.25,0,0,0,3,0,0,5000
7967,0,44,1000,500,717,0,0,0,0,0,0,0,0,0,0,-131.8199920654297,1,0,0,0,144.75,0,0,0,3,0,0,5000
7968,0,45,1000,500,717,0,0,0,0,0,0,0,0,0,0,-133.3199920654297,1,0,0,0,146.25,0,0,0,3,0,0,5000
7969,0,46,1000,500,717,0,0,0,0,0,0,0,0,0,0,-134.8199920654297,1,0,0,0,147.75,0,0,0,3,0,0,5000
7970,0,47,1000,500,717,0,0,0,0,0,0,0,0,0,0,-136.3199920654297,1,0,0,0,149.25,0,0,0,3,0,0,5000
7971,0,48,1000,500,717,0,0,0,0,0,0,0,0,0,0,-137.8199920654297,1,0,0,0,150.75,0,0,0,3,0,0,5000
7972,0,49,1000,500,717,0,0,0,0,0,0,0,0,0,0,-139.3199920654297,1,0,0,0,152.25,0,0,0,3,0,0,5000
7973,0,50,1000,500,717,0,0,0,0,0,0,0,0,0,0,-140.8199920654297,1,0,0,0,153.75,0,0,0,3,0,0,5000
7974,0,51,1000,500,717,0,0,0,0,0,0,0,0,0,0,-142.3199920654297,1,0,0,0,155.25,0,0,0,3,0,0,5000
7975,0,52,1000,500,717,0,0,0,0,0,0,0,0,0,0,-143.5699920654297,1,0,0,0,156.75,0,0,0,3,0,0,5000
7976,0,53,1000,500,717,0,0,0,0,0,0,0,0,0,0,-144.3199920654297,1,0,0,0,158,0,0,0,3,0,0,5000
7977,0,54,1000,500,717,0,0,0,0,0,0,0,0,0,0,-144.5699920654297,1,0,0,0,158.75,0,0,0,3,0,0,5000
7978,0,55,1000,500,717,0,0,0,0,0,0,0,0,0,0,-144.8199920654297,1,0,0,0,159,0,0,0,3,0,0,5000
7979,0,56,1000,500,717,0,0,0,0,0,0,0,0,0,0,-144.8199920654297,1,0,0,0,159.25,0,0,0,3,0,0,5000
7980,0,57,1000,500,717,0,0,0,0,0,0,0,0,0,0,-144.8199920654297,1,0,0,0,159.25,0,0,0,3,0,0,5000
7981,0,58,1000,500,717,0,0,0,0,0,0,0,0,0,0,-144.8199920654297,1,0,0,0,159.25,0,0,0,3,0,0,5000
7982,0,59,1000,500,717,0,0,0,0,0,0,0,0,0,0,-144.8199920654297,1,0,0,0,159.25,0,0,0,3,0,0,5000
7983,0,60,1000,500,717,0,0,0,0,0,0,0,0,0,0,-144.8199920654297,1,0,0,0,159.25,0,0,0,3,0,0,5000
7984,0,61,1000,500,717,0,0,0,0,0,0,0,0,0,0,-144.8199920654297,1,0,0,0,159.25,0,0,0,3,0,0,5000
7985,0,62,1000,500,717,0,0,0,0,0,0,0,0,0,0,-144.8199920654297,1,0,0,0,159.25,0,0,0,3,0,0,5000
7986,0,63,1000,500,717,0,0,0,0,0,0,0,0,0,0,-144.8199920654297,1,0,0,0,159.25,0,0,0,3,0,0,5000
7987,0,64,1000,500,717,0,0,0,0,0,0,0,0,0,0,-144.8199920654297,1,0,0,0,159.25,0,0,0,3,0,0,5000
7988,0,65,1000,500,717,0,0,0,0,0,0,0,0,0,0,-144.8199920654297,1,0,0,0,159.25,0,0,0,3,0,0,5000
7989,0,66,1000,500,717,0,0,0,0,0,0,0,0,0,0,-144.8199920654297,1,0,0,0,159.25,0,0,0,3,0,0,5000
7990,0,67,1000,500,717,0,0,0,0,0,0,0,0,0,0,-144.8199920654297,1,0,0,0,159.25,0,0,0,3,0,0,5000
7991,0,68,1000,500,717,0,0,0,0,0,0,0,0,0,0,-144.8199920654297,1,0,0,0,159.25,0,0,0,3,0,0,5000
7992,0,69,1000,500,717,0,0,0,0,0,0,0,0,0,0,-144.8199920654297,1,0,0,0,159.25,0,0,0,3,0,0,5000
7993,0,70,1000,500,717,0,0,0,0,0,0,0,0,0,0,-144.8199920654297,1,0,0,0,159.25,0,0,0,3,0,0,5000
7994,0,71,1000,500,717,0,0,0,0,0,0,0,0,0,0,-144.8199920654297,1,0,0,0,159.25,0,0,0,3,0,0,5000
7995,0,72,1000,500,717,0,0,0,0,0,0,0,0,0,0,-144.8199920654297,1,0,0,0,159.25,0,0,0,3,0,0,5000
7996,0,73,1000,500,717,0,0,0,0,0,0,0,0,0,0,-144.8199920654297,1,0,0,0,159.25,0,0,0,3,0,0,5000
7997,0,74,1000,500,717,0,0,0,0,0,0,0,0,0,0,-144.8199920654297,1,0,0,0,159.25,0,0,0,3,0,0,5000
7998,0,75,1000,500,717,0,0,0,0,0,0,0,0,0,0,-144.8199920654297,1,0,0,0,159.25,0,0,0,3,0,0,5000
7999,0,76,1000,500,717,0,0,0,0,0,0,0,0,0,0,-144.8199920654297,1,0,0,0,159.25,0,0,0,3,0,0,5000
8000,0,77,1000,500,717,0,0,0,0,0,0,0,0,0,0,-144.8199920654297,1,0,0,0,159.25,0,0,0,3,0,0,5000
8001,0,78,1000,500,717,0,0,0,0,0,0,0,0,0,0,-144.8199920654297,1,0,0,0,159.25,0,0,0,3,0,0,5000
8002,0,79,1000,500,717,0,0,0,0,0,0,0,0,0,0,-144.8199920654297,1,0,0,0,159.25,0,0,0,3,0,0,5000
8003,0,80,1000,500,717,0,0,0,0,0,0,0,0,0,0,-144.8199920654297,1,0,0,0,159.25,0,0,0,3,0,0,5000
8004,0,81,1000,500,717,0,0,0,0,0,0,0,0,0,0,-144.8199920654297,1,0,0,0,159.25,0,0,0,3,0,0,5000
8005,0,82,1000,500,717,0,0,0,0,0,0,0,0,0,0,-144.8199920654297,1,0,0,0,159.25,0,0,0,3,0,0,5000
8006,0,83,1000,500,717,0,0,0,0,0,0,0,0,0,0,-144.8199920654297,1,0,0,0,159.25,0,0,0,3,0,0,5000
8007,0,84,1000,500,717,0,0,0,0,0,0,0,0,0,0,-144.8199920654297,1,0,0,0,159.25,0,0,0,3,0,0,5000
8008,0,85,1000,500,717,0,0,0,0,0,0,0,0,0,0,-144.8199920654297,1,0,0,0,159.25,0,0,0,3,0,0,5000
8009,0,86,1000,500,717,0,0,0,0,0,0,0,0,0,0,-144.8199920654297,1,0,0,0,159.25,0,0,0,3,0,0,5000
8010,0,87,1000,500,717,0,0,0,0,0,0,0,0,0,0,-144.8199920654297,1,0,0,0,159.25,0,0,0,3,0,0,5000
8011,0,88,1000,500,717,0,0,0,0,0,0,0,0,0,0,-144.8199920654297,1,0,0,0,159.25,0,0,0,3,0,0,5000
8012,0,89,1000,500,717,0,0,0,0,0,0,0,0,0,0,-144.8199920654297,1,0,0,0,159.25,0,0,0,3,0,0,5000
8013,0,90,1000,500,717,0,0,0,0,0,0,0,0,0,0,-144.8199920654297,1,0,0,0,159.25,0,0,0,3,0,0,5000
8014,0,91,1000,500,717,0,0,0,0,0,0,0,0,0,0,-144.8199920654297,1,0,0,0,159.25,0,0,0,3,0,0,5000
8015,0,92,1000,500,717,0,0,0,0,0,0,0,0,0,0,-144.8199920654297,1,0,0,0,159.25,0,0,0,3,0,0,5000
8016,0,93,1000,500,717,0,0,0,0,0,0,0,0,0,0,-144.8199920654297,1,0,0,0,159.25,0,0,0,3,0,0,5000
8017,0,94,1000,500,717,0,0,0,0,0,0,0,0,0,0,-144.8199920654297,1,0,0,0,159.25,0,0,0,3,0,0,5000
8018,0,95,1000,500,717,0,0,0,0,0,0,0,0,0,0,-144.8199920654297,1,0,0,0,159.25,0,0,0,3,0,0,5000
8019,0,96,1000,500,717,0,0,0,0,0,0,0,0,0,0,-144.8199920654297,1,0,0,0,159.25,0,0,0,3,0,0,5000
8020,0,97,1000,500,717,0,0,0,0,0,0,0,0,0,0,-144.8199920654297,1,0,0,0,159.25,0,0,0,3,0,0,5000
8021,0,98,1000,500,717,0,0,0,0,0,0,0,0,0,0,-144.8199920654297,1,0,0,0,159.25,0,0,0,3,0,0,5000
8022,0,99,1000,500,717,0,0,0,0,0,0,0,0,0,0,-144.8199920654297,1,0,0,0,159.25,0,0,0,3,0,0,5000
8023,0,100,1000,500,717,0,0,0,0,0,0,0,0,0,0,-144.8199920654297,1,0,0,0,159.25,0,0,0,3,0,0,5000
8024,0,101,1000,500,717,0,0,0,0,0,0,0,0,0,0,-144.8199920654297,1,0,0,0,159.25,0,0,0,3,0,0,5000
8025,0,102,1000,500,717,0,0,0,0,0,0,0,0,0,0,-144.8199920654297,1,0,0,0,159.25,0,0,0,3,0,0,5000
8026,0,103,1000,500,717,0,0,0,0,0,0,0,0,0,0,-144.8199920654297,1,0,0,0,159.25,0,0,0,3,0,0,5000
8027,0,104,1000,500,717,0,0,0,0,0,0,0,0,0,0,-144.8199920654297,1,0,0,0,159.25,0,0,0,3,0,0,5000
8028,0,105,1000,500,717,0,0,0,0,0,0,0,0,0,0,-144.8199920654297,1,0,0,0,159.25,0,0,0,3,0,0,5000
8029,0,106,1000,500,717,0,0,0,0,0,0,0,0,0,0,-144.8199920654297,1,0,0,0,159.25,0,0,0,3,0,0,5000
8030,0,107,1000,500,717,0,0,0,0,0,0,0,0,0,0,-144.8199920654297,1,0,0,0,159.25,0,0,0,3,0,0,5000
8031,0,108,1000,500,717,0,0,0,0,0,0,0,0,0,0,-144.8199920654297,1,0,0,0,159.25,0,0,0,3,0,0,5000
8032,0,109,1000,500,717,0,0,0,0,0,0,0,0,0,0,-144.8199920654297,1,0,0,0,159.25,0,0,0,3,0,0,5000
8033,0,110,1000,500,717,0,0,0,0,0,0,0,0,0,0,-144.8199920654297,1,0,0,0,159.25,0,0,0,3,0,0,5000
8034,0,111,1000,500,717,0,0,0,0,0,0,0,0,0,0,-144.8199920654297,1,0,0,0,159.25,0,0,0,3,0,0,5000
8035,0,112,1000,500,717,0,0,0,0,0,0,0,0,0,0,-144.8199920654297,1,0,0,0,159.25,0,0,0,3,0,0,5000
8036,0,113,1000,500,717,0,0,0,0,0,0,0,0,0,0,-144.8199920654297,1,0,0,0,159.25,0,0,0,3,0,0,5000
8037,0,114,1000,500,717,0,0,0,0,0,0,0,0,0,0,-144.8199920654297,1,0,0,0,159.25,0,0,0,3,0,0,5000
8038,0,115,1000,500,717,0,0,0,0,0,0,0,0,0,0,-144.8199920654297,1,0,0,0,159.25,0,0,0,3,0,0,5000
8039,0,116,1000,500,717,0,0,0,0,0,0,0,0,0,0,-144.8199920654297,1,0,0,0,159.25,0,0,0,3,0,0,5000
8040,0,117,1000,500,717,0,0,0,0,0,0,0,0,0,0,-144.8199920654297,1,0,0,0,159.25,0,0,0,3,0,0,5000
8041,0,118,1000,500,717,0,0,0,0,0,0,0,0,0,0,-144.8199920654297,1,0,0,0,159.25,0,0,0,3,0,0,5000
8042,0,119,1000,500,717,0,0,0,0,0,0,0,0,0,0,-144.8199920654297,1,0,0,0,159.25,0,0,0,3,0,0,5000
8043,0,120,1000,500,717,0,0,0,0,0,0,0,0,0,0,-144.8199920654297,1,0,0,0,159.25,0,0,0,3,0,0,5000
8044,0,121,1000,500,717,0,0,0,0,0,0,0,0,0,0,-144.8199920654297,1,0,0,0,159.25,0,0,0,3,0,0,5000
8045,0,122,1000,500,717,0,0,0,0,0,0,0,0,0,0,-144.8199920654297,1,0,0,0,159.25,0,0,0,3,0,0,5000
8046,0,123,1000,500,717,0,0,0,0,0,0,0,0,0,0,-144.8199920654297,1,0,0,0,159.25,0,0,0,3,0,0,5000
8047,0,124,1000,500,717,0,0,0,0,0,0,0,0,0,0,-144.8199920654297,1,0,0,0,159.25,0,0,0,3,0,0,5000
8048,0,125,1000,500,717,0,0,0,0,0,0,0,0,0,0,-144.8199920654297,1,0,0,0,159.25,0,0,0,3,0,0,5000
8049,0,126,1000,500,717,0,0,0,0,0,0,0,0,0,0,-144.8199920654297,1,0,0,0,159.25,0,0,0,3,0,0,5000
8050,0,127,1000,500,717,0,0,0,0,0,0,0,0,0,0,-144.8199920654297,1,0,0,0,159.25,0,0,0,3,0,0,5000
8051,0,128,1000,500,717,0,0,0,0,0,0,0,0,0,0,-144.8199920654297,1,0,0,0,159.25,0,0,0,3,0,0,5000
8052,0,129,1000,500,717,0,0,0,0,0,0,0,0,0,0,-144.8199920654297,1,0,0,0,159.25,0,0,0,3,0,0,5000
8053,0,130,1000,500,717,0,0,0,0,0,0,0,0,0,0,-144.8199920654297,1,0,0,0,159.25,0,0,0,3,0,0,5000
8054,0,131,1000,500,717,0,0,0,0,0,0,0,0,0,0,-144.8199920654297,1,0,0,0,159.25,0,0,0,3,0,0,5000
8055,0,132,1000,500,717,0,0,0,0,0,0,0,0,0,0,-144.8199920654297,1,0,0,0,159.25,0,0,0,3,0,0,5000
8056,0,133,1000,500,717,0,0,0,0,0,0,0,0,0,0,-144.8199920654297,1,0,0,0,159.25,0,0,0,3,0,0,5000
8057,0,134,1000,500,717,0,0,0,0,0,0,0,0,0,0,-144.8199920654297,1,0,0,0,159.25,0,0,0,3,0,0,5000
8058,0,135,1000,500,717,0,0,0,0,0,0,0,0,0,0,-144.8199920654297,1,0,0,0,159.25,0,0,0,3,0,0,5000
8059,0,136,1000,500,717,0,0,0,0,0,0,0,0,0,0,-144.8199920654297,1,0,0,0,159.25,0,0,0,3,0,0,5000
8060,0,137,1000,500,717,0,0,0,0,0,0,0,0,0,0,-144.8199920654297,1,0,0,0,159.25,0,0,0,3,0,0,5000
8061,0,138,1000,500,717,0,0,0,0,0,0,0,0,0,0,-144.8199920654297,1,0,0,0,159.25,0,0,0,3,0,0,5000
8062,0,139,1000,500,717,0,0,0,0,0,0,0,0,0,0,-144.8199920654297,1,0,0,0,159.25,0,0,0,3,0,0,5000
8063,0,140,1000,500,717,0,0,0,0,0,0,0,0,0,0,-144.8199920654297,1,0,0,0,159.25,0,0,0,3,0,0,5000
8064,0,141,1000,500,717,0,0,0,0,0,0,0,0,0,0,-144.8199920654297,1,0,0,0,159.25,0,0,0,3,0,0,5000
8065,0,142,1000,500,717,0,0,0,0,0,0,0,0,0,0,-144.8199920654297,1,0,0,0,159.25,0,0,0,3,0,0,5000
8066,0,143,1000,500,717,0,0,0,0,0,0,0,0,0,0,-144.8199920654297,1,0,0,0,159.25,0,0,0,3,0,0,5000
8067,0,144,1000,500,717,0,0,0,0,0,0,0,0,0,0,-144.8199920654297,1,0,0,0,159.25,0,0,0,3,0,0,5000
8068,0,145,1000,500,717,0,0,0,0,0,0,0,0,0,0,-144.8199920654297,1,0,0,0,159.25,0,0,0,3,0,0,5000
8069,0,146,1000,500,717,0,0,0,0,0,0,0,0,0,0,-144.8199920654297,1,0,0,0,159.25,0,0,0,3,0,0,5000
8070,0,147,1000,500,717,0,0,0,0,0,0,0,0,0,0,-144.8199920654297,1,0,0,0,159.25,0,0,0,3,0,0,5000
8071,0,148,1000,500,717,0,0,0,0,0,0,0,0,0,0,-144.8199920654297,1,0,0,0,159.25,0,0,0,3,0,0,5000
8072,0,149,1000,500,717,0,0,0,0,0,0,0,0,0,0,-144.8199920654297,1,0,0,0,159.25,0,0,0,3,0,0,5000
8073,0,150,1000,500,717,0,0,0,0,0,0,0,0,0,0,-144.8199920654297,1,0,0,0,159.25,0,0,0,3,0,0,5000
8074,0,151,1000,500,717,0,0,0,0,0,0,0,0,0,0,-144.8199920654297,1,0,0,0,159.25,0,0,0,3,0,0,5000
8075,0,152,1000,500,717,0,0,0,0,0,0,0,0,0,0,-144.8199920654297,1,0,0,0,159.25,0,0,0,3,0,0,5000
8076,0,153,1000,500,717,0,0,0,0,0,0,0,0,0,0,-144.8199920654297,1,0,0,0,159.25,0,0,0,3,0,0,5000
8077,0,154,1000,500,717,0,0,0,0,0,0,0,0,0,0,-144.8199920654297,1,0,0,0,159.25,0,0,0,3,0,0,5000
8078,0,155,1000,500,717,0,0,0,0,0,0,0,0,0,0,-144.8199920654297,1,0,0,0,159.25,0,0,0,3,0,0,5000
8079,0,156,1000,500,717,0,0,0,0,0,0,0,0,0,0,-144.8199920654297,1,0,0,0,159.25,0,0,0,3,0,0,5000
8080,0,157,1000,500,717,0,0,0,0,0,0,0,0,0,0,-144.8199920654297,1,0,0,0,159.25,0,0,0,3,0,0,5000
8081,0,158,1000,500,717,0,0,0,0,0,0,0,0,0,0,-144.8199920654297,1,0,0,0,159.25,0,0,0,3,0,0,5000
8082,0,159,1000,500,717,0,0,0,0,0,0,0,0,0,0,-144.8199920654297,1,0,0,0,159.25,0,0,0,3,0,0,5000
8083,0,160,1000,500,717,0,0,0,0,0,0,0,0,0,0,-144.8199920654297,1,0,0,0,159.25,0,0,0,3,0,0,5000
8084,0,161,1000,500,717,0,0,0,0,0,0,0,0,0,0,-144.8199920654297,1,0,0,0,159.25,0,0,0,3,0,0,5000
8085,0,162,1000,500,717,0,0,0,0,0,0,0,0,0,0,-144.8199920654297,1,0,0,0,159.25,0,0,0,3,0,0,5000
8086,0,163,1000,500,717,0,0,0,0,0,0,0,0,0,0,-144.8199920654297,1,0,0,0,159.25,0,0,0,3,0,0,5000
8087,0,164,1000,500,717,0,0,0,0,0,0,0,0,0,0,-144.8199920654297,1,0,0,0,159.25,0,0,0,3,0,0,5000
8088,0,165,1000,500,717,0,0,0,0,0,0,0,0,0,0,-144.8199920654297,1,0,0,0,159.25,0,0,0,3,0,0,5000
8089,0,166,1000,500,717,0,0,0,0,0,0,0,0,0,0,-144.8199920654297,1,0,0,0,159.25,0,0,0,3,0,0,5000
8090,0,167,1000,500,717,0,0,0,0,0,0,0,0,0,0,-144.8199920654297,1,0,0,0,159.25,0,0,0,3,0,0,5000
8091,0,168,1000,500,717,0,0,0,0,0,0,0,0,0,0,-144.8199920654297,1,0,0,0,159.25,0,0,0,3,0,0,5000
8092,0,169,1000,500,717,0,0,0,0,0,0,0,0,0,0,-144.8199920654297,1,0,0,0,159.25,0,0,0,3,0,0,5000
8093,0,170,1000,500,717,0,0,0,0,0,0,0,0,0,0,-144.8199920654297,1,0,0,0,159.25,0,0,0,3,0,0,5000
8094,0,171,1000,500,717,0,0,0,0,0,0,0,0,0,0,-144.8199920654297,1,0,0,0,159.25,0,0,0,3,0,0,5000
8095,0,172,1000,500,717,0,0,0,0,0,0,0,0,0,0,-144.8199920654297,1,0,0,0,159.25,0,0,0,3,0,0,5000
8096,0,173,1000,500,717,0,0,0,0,0,0,0,0,0,0,-144.8199920654297,1,0,0,0,159.25,0,0,0,3,0,0,5000
8097,0,174,1000,500,717,0,0,0,0,0,0,0,0,0,0,-144.8199920654297,1,0,0,0,159.25,0,0,0,3,0,0,5000
8098,0,175,1000,500,717,0,0,0,0,0,0,0,0,0,0,-144.8199920654297,1,0,0,0,159.25,0,0,0,3,0,0,5000
8099,0,176,1000,500,717,0,0,0,0,0,0,0,0,0,0,-144.8199920654297,1,0,0,0,159.25,0,0,0,3,0,0,5000
8100,0,177,1000,500,717,0,0,0,0,0,0,0,0,0,0,-144.8199920654297,1,0,0,0,159.25,0,0,0,3,0,0,5000
8101,0,178,1000,500,717,0,0,0,0,0,0,0,0,0,0,-144.8199920654297,1,0,0,0,159.25,0,0,0,3,0,0,5000
8102,0,179,1000,500,717,0,0,0,0,0,0,0,0,0,0,-144.8199920654297,1,0,0,0,159.25,0,0,0,3,0,0,5000
8103,0,180,1000,500,717,0,0,0,0,0,0,0,0,0,0,-144.8199920654297,1,0,0,0,159.25,0,0,0,3,0,0,5000
8104,0,181,1000,500,717,0,0,0,0,0,0,0,0,0,0,-144.8199920654297,1,0,0,0,159.25,0,0,0,3,0,0,5000
8105,0,182,1000,500,717,0,0,0,0,0,0,0,0,0,0,-144.8199920654297,1,0,0,0,159.25,0,0,0,3,0,0,5000
8106,0,183,1000,500,717,0,0,0,0,0,0,0,0,0,0,-144.8199920654297,1,0,0,0,159.25,0,0,0,3,0,0,5000
8107,0,184,1000,500,717,0,0,0,0,0,0,0,0,0,0,-144.8199920654297,1,0,0,0,159.25,0,0,0,3,0,0,5000
8108,0,185,1000,500,717,0,0,0,0,0,0,0,0,0,0,-144.8199920654297,1,0,0,0,159.25,0,0,0,3,0,0,5000
8109,0,186,1000,500,717,0,0,0,0,0,0,0,0,0,0,-144.8199920654297,1,0,0,0,159.25,0,0,0,3,0,0,5000
8110,0,1,3000,500,1000,0,0,0,0,0,0,0,0,0,0,-145,1,0,0,0,159.25,0,0,0,0,0,0,1000
8111,0,2,3000,500,1000,0,0,0,0,0,0,0,0,0,0,-145,1,0,0,0,159.25,0,0,0,0,0,0,1000
8112,0,3,3000,500,1000,0,0,0,0,0,0,0,0,0,0,-145,1,0,0,0,159.25,0,0,0,0,0,0,1000
8113,0,4,3000,500,1000,0,0,0,0,0,0,0,0,0,0,-145,1,0,0,0,159.25,0,0,0,0,0,0,1000
8114,0,5,3000,500,1000,0,0,0,0,0,0,0,0,0,0,-145,1,0,0,0,159.25,0,0,0,0,0,0,1000
8115,0,6,3000,500,1000,0,0,0,0,0,0,0,0,0,0,-145,1,0,0,0,159.25,0,0,0,0,0,0,1000
8116,0,7,3000,500,1000,0,0,0,0,0,0,0,0,0,0,-145,1,0,0,0,159.25,0,0,0,0,0,0,1000
8117,0,8,3000,500,1000,0,0,0,0,0,0,0,0,0,0,-145,1,0,0,0,159.25,0,0,0,0,0,0,1000
8118,0,9,3000,500,1000,0,0,0,0,0,0,0,0,0,0,-145,1,0,0,0,159.25,0,0,0,0,0,0,1000
8119,20,1,3000,500,1000,0,0,0,0,0,0,0,0,0,0,-143.5,1,0,0,0,159.25,0,0,0,0,0,0,1000
8120,20,2,3000,500,1000,0,0,0,0,0,0,0,0,0,0,-143.5,1,0,0,0,157.75,0,0,0,0,0,0,1000
8121,20,3,3000,500,1000,0,0,0,0,0,0,0,0,0,0,-143.5,1,0,0,0,156.25,0,0,0,0,0,0,1000
8122,10,1,3000,500,1000,0,0,0,0,0,0,0,0,0,0,-143.5,1,0,0,0,154.75,0,0,0,0,0,0,1000
8123,10,2,3000,500,1000,0,0,0,0,0,0,0,0,0,0,-143.5,1,0,0,0,154.75,0,0,0,0,0,0,1000
8124,10,3,3000,500,1000,0,0,0,0,0,0,0,0,0,0,-143.5,1,0,0,0,154.75,0,0,0,0,0,0,1000
8125,10,4,3000,500,1000,0,0,0,0,0,0,0,0,0,0,-143.5,1,0,0,0,154.75,0,0,0,0,0,0,1000
8126,10,5,3000,500,1000,0,0,0,0,0,0,0,0,0,0,-143.5,1,0,0,0,154.75,0,0,0,0,0,0,1000
8127,10,6,3000,500,1000,0,0,0,0,0,0,0,0,0,0,-143.5,1,0,0,0,154.75,0,0,0,0,0,0,1000
8128,10,7,3000,500,1000,0,0,0,0,0,0,0,0,0,0,-143.5,1,0,0,0,154.75,0,0,0,0,0,0,1000
8129,10,8,3000,500,1000,0,0,0,0,0,0,0,0,0,0,-143.5,1,0,0,0,154.75,0,0,0,0,0,0,1000
8130,10,9,3000,500,1000,0,0,0,0,0,0,0,0,0,0,-143.5,1,0,0,0,154.75,0,0,0,0,0,0,1000
8131,1030,1,3000,500,1000,0,0,0,0,0,0,0,0,0,0,-143.5,1,0,0,0,154.75,0,0,0,0,0,0,1000
8132,1030,2,3000,500,1000,0,0,0,0,0,0,0,0,0,0,-143.5,1,0,0,0,154.75,0,0,0,0,0,0,1000
8133,1030,3,3000,500,1000,0,0,0,0,0,0,0,0,0,0,-143.5,1,0,0,0,154.75,0,0,0,0,0,0,1000
8134,1030,4,3000,500,1000,0,0,0,0,0,0,0,0,0,0,-143.5,1,0,0,0,154.75,0,0,0,0,0,0,1000
8135,1030,5,3000,500,1000,0,0,0,0,0,0,0,0,0,0,-143.5,1,0,0,0,154.75,0,0,0,0,0,0,1000
8136,1030,6,3000,500,1000,0,0,0,0,0,0,0,0,0,0,-143.5,1,0,0,0,154.75,0,0,0,0,0,0,1000
8137,1030,7,3000,500,1000,0,0,0,0,0,0,0,0,0,0,-143.5,1,0,0,0,154.75,0,0,0,0,0,0,1000
8138,1030,8,3000,500,1000,0,0,0,0,0,0,0,0,0,0,-143.5,1,0,0,0,154.75,0,0,0,0,0,0,1000
8139,1030,9,3000,500,1000,0,0,0,0,0,0,0,0,0,0,-143.5,1,0,0,0,154.75,0,0,0,0,0,0,1000
8140,1030,10,3000,500,1000,0,0,0,0,0,0,0,0,0,0,-143.5,1,0,0,0,154.75,0,0,0,0,0,0,1000
8141,1030,11,3000,500,1000,0,0,0,0,0,0,0,0,0,0,-143.5,1,0,0,0,154.75,0,0,0,0,0,0,1000
8142,1030,12,3000,500,1000,0,0,0,0,0,0,0,0,0,0,-143.5,1,0,0,0,154.75,0,0,0,0,0,0,1000
8143,1030,13,3000,500,1000,0,0,0,0,0,0,0,0,0,0,-143.5,1,0,0,0,154.75,0,0,0,0,0,0,1000
8144,1030,14,3000,500,1000,0,0,0,0,0,0,0,0,0,0,-143.5,1,0,0,0,154.75,0,0,0,0,0,0,1000
8145,1030,15,3000,500,1000,0,0,0,0,0,0,0,0,0,0,-143.5,1,0,0,0,154.75,0,0,0,0,0,0,1000
8146,1030,16,3000,500,1000,0,0,0,0,0,0,0,0,0,0,-143.5,1,0,0,0,154.75,0,0,0,0,0,0,1000
8147,1030,17,3000,500,1000,0,0,0,0,0,0,0,0,0,0,-143.5,1,0,0,0,154.75,0,0,0,0,0,0,1000
8148,1030,18,3000,500,1000,0,0,0,0,0,0,0,0,0,0,-143.5,1,0,0,0,154.75,0,0,0,0,0,0,1000
8149,1030,19,3000,500,1000,0,0,0,0,0,0,0,0,0,0,-143.5,1,0,0,0,154.75,0,0,0,0,0,0,1000
8150,1030,20,3000,500,1000,0,0,0,0,0,0,0,0,0,0,-143.5,1,0,0,0,154.75,0,0,0,0,0,0,1000
8151,1030,21,3000,500,1000,0,0,0,0,0,0,0,0,0,0,-143.5,1,0,0,0,154.75,0,0,0,0,0,0,1000
8152,1030,22,3000,500,1000,0,0,0,0,0,0,0,0,0,0,-143.5,1,0,0,0,154.75,0,0,0,0,0,0,1000
8153,1030,23,3000,500,1000,0,0,0,0,0,0,0,0,0,0,-143.5,1,0,0,0,154.75,0,0,0,0,0,0,1000
8154,1030,24,3000,500,1000,0,0,0,0,0,0,0,0,0,0,-143.5,1,0,0,0,154.75,0,0,0,0,0,0,1000
8155,1030,25,3000,500,1000,0,0,0,0,0,0,0,0,0,0,-143.5,1,0,0,0,154.75,0,0,0,0,0,0,1000
8156,1030,26,3000,500,1000,0,0,0,0,0,0,0,0,0,0,-143.5,1,0,0,0,154.75,0,0,0,0,0,0,1000
8157,1030,27,3000,500,1000,0,0,0,0,0,0,0,0,0,0,-143.5,1,0,0,0,154.75,0,0,0,0,0,0,1000
8158,1030,28,3000,500,1000,0,0,0,0,0,0,0,0,0,0,-143.5,1,0,0,0,154.75,0,0,0,0,0,0,1000
8159,1030,29,3000,500,1000,0,0,0,0,0,0,0,0,0,0,-143.5,1,0,0,0,154.75,0,0,0,0,0,0,1000
8160,1030,30,3000,500,1000,0,0,0,0,0,0,0,0,0,0,-143.5,1,0,0,0,154.75,0,0,0,0,0,0,1000
8161,1030,31,3000,500,1000,0,0,0,0,0,0,0,0,0,0,-143.5,1,0,0,0,154.75,0,0,0,0,0,0,1000
8162,1030,32,3000,500,1000,0,0,0,0,0,0,0,0,0,0,-143.5,1,0,0,0,154.75,0,0,0,0,0,0,1000
8163,1030,33,3000,500,1000,0,0,0,0,0,0,0,0,0,0,-143.5,1,0,0,0,154.75,0,0,0,0,0,0,1000
8164,1030,34,3000,500,1000,0,0,0,0,0,0,0,0,0,0,-143.5,1,0,0,0,154.75,0,0,0,0,0,0,1000
8165,0,1,3000,500,1000,0,0,0,0,0,0,0,0,0,0,-143.5,1,0,0,0,154.75,0,0,0,0,0,0,1000
8166,0,2,3000,500,1000,0,0,0,0,0,0,0,0,0,0,-143.5,1,0,0,0,154.75,0,0,0,0,0,0,1000
8167,0,3,3000,500,1000,0,0,0,0,0,0,0,0,0,0,-143.5,1,0,0,0,154.75,0,0,0,0,0,0,1000
8168,0,4,3000,500,1000,0,0,0,0,0,0,0,0,0,0,-143.5,1,0,0,0,154.75,0,0,0,0,0,0,1000
8169,0,5,3000,500,1000,0,0,0,0,0,0,0,0,0,0,-143.5,1,0,0,0,154.75,0,0,0,0,0,0,1000
8170,0,6,3000,500,1000,0,0,0,0,0,0,0,0,0,0,-143.5,1,0,0,0,154.75,0,0,0,0,0,0,1000
8171,0,7,3000,500,1000,0,0,0,0,0,0,0,0,0,0,-143.5,1,0,0,0,154.75,0,0,0,0,0,0,1000
8172,0,8,3000,500,1000,0,0,0,0,0,0,0,0,0,0,-143.5,1,0,0,0,154.75,0,0,0,0,0,0,1000
8173,0,9,3000,500,1000,0,0,0,0,0,0,0,0,0,0,-143.5,1,0,0,0,154.75,0,0,0,0,0,0,1000
8174,0,10,3000,500,1000,0,0,0,0,0,0,0,0,0,0,-143.5,1,0,0,0,154.75,0,0,0,0,0,0,1000
8175,0,11,3000,500,1000,0,0,0,0,0,0,0,0,0,0,-143.5,1,0,0,0,154.75,0,0,0,0,0,0,1000
8176,0,12,3000,500,1000,0,0,0,0,0,0,0,0,0,0,-143.5,1,0,0,0,154.75,0,0,0,0,0,0,1000
8177,0,13,3000,500,1000,0,0,0,0,0,0,0,0,0,0,-143.5,1,0,0,0,154.75,0,0,0,0,0,0,1000
8178,0,14,3000,500,1000,0,0,0,0,0,0,0,0,0,0,-143.5,1,0,0,0,154.75,0,0,0,0,0,0,1000
8179,0,15,3000,500,1000,0,0,0,0,0,0,0,0,0,0,-143.5,1,0,0,0,154.75,0,0,0,0,0,0,1000
8180,0,16,3000,500,1000,0,0,0,0,0,0,0,0,0,0,-143.5,1,0,0,0,154.75,0,0,0,0,0,0,1000
8181,0,17,3000,500,1000,0,0,0,0,0,0,0,0,0,0,-143.5,1,0,0,0,154.75,0,0,0,0,0,0,1000
8182,0,18,3000,500,1000,0,0,0,0,0,0,0,0,0,0,-143.5,1,0,0,0,154.75,0,0,0,0,0,0,1000
8183,0,19,3000,500,1000,0,0,0,0,0,0,0,0,0,0,-143.5,1,0,0,0,154.75,0,0,0,0,0,0,1000
8184,0,20,3000,500,1000,0,0,0,0,0,0,0,0,0,0,-143.5,1,0,0,0,154.75,0,0,0,0,0,0,1000
8185,0,21,3000,500,1000,0,0,0,0,0,0,0,0,0,0,-143.5,1,0,0,0,154.75,0,0,0,0,0,0,1000
8186,0,22,3000,500,1000,0,0,0,0,0,0,0,0,0,0,-143.5,1,0,0,0,154.75,0,0,0,0,0,0,1000
8187,0,23,3000,500,1000,0,0,0,0,0,0,0,0,0,0,-143.5,1,0,0,0,154.75,0,0,0,0,0,0,1000
8188,0,24,3000,500,1000,0,0,0,0,0,0,0,0,0,0,-143.5,1,0,0,0,154.75,0,0,0,0,0,0,1000
8189,0,25,3000,500,1000,0,0,0,0,0,0,0,0,0,0,-143.5,1,0,0,0,154.75,0,0,0,0,0,0,1000
8190,0,26,3000,500,1000,0,0,0,0,0,0,0,0,0,0,-143.5,1,0,0,0,154.75,0,0,0,0,0,0,1000
8191,0,27,3000,500,1000,0,0,0,0,0,0,0,0,0,0,-143.5,1,0,0,0,154.75,0,0,0,0,0,0,1000
8192,0,28,3000,500,1000,0,0,0,0,0,0,0,0,0,0,-143.5,1,0,0,0,154.75,0,0,0,0,0,0,1000
8193,0,29,3000,500,1000,0,0,0,0,0,0,0,0,0,0,-143.5,1,0,0,0,154.75,0,0,0,0,0,0,1000
8194,0,30,3000,500,1000,0,0,0,0,0,0,0,0,0,0,-143.5,1,0,0,0,154.75,0,0,0,0,0,0,1000
8195,0,31,3000,500,1000,0,0,0,0,0,0,0,0,0,0,-143.5,1,0,0,0,154.75,0,0,0,0,0,0,1000
8196,0,32,3000,500,1000,0,0,0,0,0,0,0,0,0,0,-143.5,1,0,0,0,154.75,0,0,0,0,0,0,1000
8197,0,33,3000,500,1000,0,0,0,0,0,0,0,0,0,0,-143.5,1,0,0,0,154.75,0,0,0,0,0,0,1000
8198,0,34,3000,500,1000,0,0,0,0,0,0,0,0,0,0,-143.5,1,0,0,0,154.75,0,0,0,0,0,0,1000
8199,0,35,3000,500,1000,0,0,0,0,0,0,0,0,0,0,-143.5,1,0,0,0,154.75,0,0,0,0,0,0,1000
8200,0,36,3000,500,1000,0,0,0,0,0,0,0,0,0,0,-143.5,1,0,0,0,154.75,0,0,0,0,0,0,1000
8201,0,37,3000,500,1000,0,0,0,0,0,0,0,0,0,0,-143.5,1,0,0,0,154.75,0,0,0,0,0,0,1000
8202,0,38,3000,500,1000,0,0,0,0,0,0,0,0,0,0,-143.5,1,0,0,0,154.75,0,0,0,0,0,0,1000
8203,0,39,3000,500,1000,0,0,0,0,0,0,0,0,0,0,-143.5,1,0,0,0,154.75,0,0,0,0,0,0,1000
8204,0,40,3000,500,1000,0,0,0,0,0,0,0,0,0,0,-143.5,1,0,0,0,154.75,0,0,0,0,0,0,1000
8205,0,41,3000,500,1000,0,0,0,0,0,0,0,0,0,0,-143.5,1,0,0,0,154.75,0,0,0,0,0,0,1000
8206,0,42,3000,500,1000,0,0,0,0,0,0,0,0,0,0,-143.5,1,0,0,0,154.75,0,0,0,0,0,0,1000
8207,0,43,3000,500,1000,0,0,0,0,0,0,0,0,0,0,-143.5,1,0,0,0,154.75,0,0,0,0,0,0,1000
8208,0,44,3000,500,1000,0,0,0,0,0,0,0,0,0,0,-143.5,1,0,0,0,154.75,0,0,0,0,0,0,1000
8209,0,45,3000,500,1000,0,0,0,0,0,0,0,0,0,0,-143.5,1,0,0,0,154.75,0,0,0,0,0,0,1000
8210,0,46,3000,500,1000,0,0,0,0,0,0,0,0,0,0,-143.5,1,0,0,0,154.75,0,0,0,0,0,0,1000
8211,0,47,3000,500,1000,0,0,0,0,0,0,0,0,0,0,-143.5,1,0,0,0,154.75,0,0,0,0,0,0,1000
8212,0,48,3000,500,1000,0,0,0,0,0,0,0,0,0,0,-143.5,1,0,0,0,154.75,0,0,0,0,0,0,1000
8213,0,49,3000,500,1000,0,0,0,0,0,0,0,0,0,0,-143.5,1,0,0,0,154.75,0,0,0,0,0,0,1000
8214,0,50,3000,500,1000,0,0,0,0,0,0,0,0,0,0,-143.5,1,0,0,0,154.75,0,0,0,0,0,0,1000
8215,0,51,3000,500,1000,0,0,0,0,0,0,0,0,0,0,-143.5,1,0,0,0,154.75,0,0,0,0,0,0,1000
8216,0,52,3000,500,1000,0,0,0,0,0,0,0,0,0,0,-143.5,1,0,0,0,154.75,0,0,0,0,0,0,1000
8217,0,53,3000,500,1000,0,0,0,0,0,0,0,0,0,0,-143.5,1,0,0,0,154.75,0,0,0,0,0,0,1000
8218,0,54,3000,500,1000,0,0,0,0,0,0,0,0,0,0,-143.5,1,0,0,0,154.75,0,0,0,0,0,0,1000
8219,0,55,3000,500,1000,0,0,0,0,0,0,0,0,0,0,-143.5,1,0,0,0,154.75,0,0,0,0,0,0,1000
8220,0,56,3000,500,1000,0,0,0,0,0,0,0,0,0,0,-143.5,1,0,0,0,154.75,0,0,0,0,0,0,1000
8221,0,57,3000,500,1000,0,0,0,0,0,0,0,0,0,0,-143.5,1,0,0,0,154.75,0,0,0,0,0,0,1000
8222,0,58,3000,500,1000,0,0,0,0,0,0,0,0,0,0,-143.5,1,0,0,0,154.75,0,0,0,0,0,0,1000
8223,0,59,3000,500,1000,0,0,0,0,0,0,0,0,0,0,-143.5,1,0,0,0,154.75,0,0,0,0,0,0,1000
8224,0,60,3000,500,1000,0,0,0,0,0,0,0,0,0,0,-143.5,1,0,0,0,154.75,0,0,0,0,0,0,1000
8225,0,61,3000,500,1000,0,0,0,0,0,0,0,0,0,0,-143.5,1,0,0,0,154.75,0,0,0,0,0,0,1000
8226,0,62,3000,500,1000,0,0,0,0,0,0,0,0,0,0,-143.5,1,0,0,0,154.75,0,0,0,0,0,0,1000
8227,0,63,3000,500,1000,0,0,0,0,0,0,0,0,0,0,-143.5,1,0,0,0,154.75,0,0,0,0,0,0,1000
8228,0,64,3000,500,1000,0,0,0,0,0,0,0,0,0,0,-143.5,1,0,0,0,154.75,0,0,0,0,0,0,1000
8229,0,65,3000,500,1000,0,0,0,0,0,0,0,0,0,0,-143.5,1,0,0,0,154.75,0,0,0,0,0,0,1000
8230,0,66,3000,500,1000,0,0,0,0,0,0,0,0,0,0,-143.5,1,0,0,0,154.75,0,0,0,0,0,0,1000
8231,0,67,3000,500,1000,0,0,0,0,0,0,0,0,0,0,-143.5,1,0,0,0,154.75,0,0,0,0,0,0,1000
8232,0,68,3000,500,1000,0,0,0,0,0,0,0,0,0,0,-143.5,1,0,0,0,154.75,0,0,0,0,0,0,1000
8233,0,69,3000,500,1000,0,0,0,0,0,0,0,0,0,0,-143.5,1,0,0,0,154.75,0,0,0,0,0,0,1000
8234,0,70,3000,500,1000,0,0,0,0,0,0,0,0,0,0,-143.5,1,0,0,0,154.75,0,0,0,0,0,0,1000
8235,0,71,3000,500,1000,0,0,0,0,0,0,0,0,0,0,-143.5,1,0,0,0,154.75,0,0,0,0,0,0,1000
8236,0,72,3000,500,1000,0,0,0,0,0,0,0,0,0,0,-143.5,1,0,0,0,154.75,0,0,0,0,0,0,1000
8237,0,73,3000,500,1000,0,0,0,0,0,0,0,0,0,0,-143.5,1,0,0,0,154.75,0,0,0,0,0,0,1000
8238,0,74,3000,500,1000,0,0,0,0,0,0,0,0,0,0,-143.5,1,0,0,0,154.75,0,0,0,0,0,0,1000
8239,0,75,3000,500,1000,0,0,0,0,0,0,0,0,0,0,-143.5,1,0,0,0,154.75,0,0,0,0,0,0,1000
8240,0,76,3000,500,1000,0,0,0,0,0,0,0,0,0,0,-143.5,1,0,0,0,154.75,0,0,0,0,0,0,1000
8241,0,77,3000,500,1000,0,0,0,0,0,0,0,0,0,0,-143.5,1,0,0,0,154.75,0,0,0,0,0,0,1000
8242,0,78,3000,500,1000,0,0,0,0,0,0,0,0,0,0,-143.5,1,0,0,0,154.75,0,0,0,0,0,0,1000
8243,0,79,3000,500,1000,0,0,0,0,0,0,0,0,0,0,-143.5,1,0,0,0,154.75,0,0,0,0,0,0,1000
8244,0,80,3000,500,1000,0,0,0,0,0,0,0,0,0,0,-143.5,1,0,0,0,154.75,0,0,0,0,0,0,1000
8245,0,81,3000,500,1000,0,0,0,0,0,0,0,0,0,0,-143.5,1,0,0,0,154.75,0,0,0,0,0,0,1000
8246,0,82,3000,500,1000,0,0,0,0,0,0,0,0,0,0,-143.5,1,0,0,0,154.75,0,0,0,0,0,0,1000
8247,0,83,3000,500,1000,0,0,0,0,0,0,0,0,0,0,-143.5,1,0,0,0,154.75,0,0,0,0,0,0,1000
8248,0,84,3000,500,1000,0,0,0,0,0,0,0,0,0,0,-143.5,1,0,0,0,154.75,0,0,0,0,0,0,1000
8249,0,85,3000,500,1000,0,0,0,0,0,0,0,0,0,0,-143.5,1,0,0,0,154.75,0,0,0,0,0,0,1000
8250,0,86,3000,500,1000,0,0,0,0,0,0,0,0,0,0,-143.5,1,0,0,0,154.75,0,0,0,0,0,0,1000
8251,0,87,3000,500,1000,0,0,0,0,0,0,0,0,0,0,-143.5,1,0,0,0,154.75,0,0,0,0,0,0,1000
8252,0,88,3000,500,1000,0,0,0,0,0,0,0,0,0,0,-143.5,1,0,0,0,154.75,0,0,0,0,0,0,1000
8253,0,89,3000,500,1000,0,0,0,0,0,0,0,0,0,0,-143.5,1,0,0,0,154.75,0,0,0,0,0,0,1000
8254,0,90,3000,500,1000,0,0,0,0,0,0,0,0,0,0,-143.5,1,0,0,0,154.75,0,0,0,0,0,0,1000
8255,0,91,3000,500,1000,0,0,0,0,0,0,0,0,0,0,-143.5,1,0,0,0,154.75,0,0,0,0,0,0,1000
8256,0,92,3000,500,1000,0,0,0,0,0,0,0,0,0,0,-143.5,1,0,0,0,154.75,0,0,0,0,0,0,1000
8257,0,93,3000,500,1000,0,0,0,0,0,0,0,0,0,0,-143.5,1,0,0,0,154.75,0,0,0,0,0,0,1000
8258,0,94,3000,500,1000,0,0,0,0,0,0,0,0,0,0,-143.5,1,0,0,0,154.75,0,0,0,0,0,0,1000
8259,0,95,3000,500,1000,0,0,0,0,0,0,0,0,0,0,-143.5,1,0,0,0,154.75,0,0,0,0,0,0,1000
8260,0,96,3000,500,1000,0,0,0,0,0,0,0,0,0,0,-143.5,1,0,0,0,154.75,0,0,0,0,0,0,1000
8261,0,97,3000,500,1000,0,0,0,0,0,0,0,0,0,0,-143.5,1,0,0,0,154.75,0,0,0,0,0,0,1000
8262,0,98,3000,500,1000,0,0,0,0,0,0,0,0,0,0,-143.5,1,0,0,0,154.75,0,0,0,0,0,0,1000
8263,0,99,3000,500,1000,0,0,0,0,0,0,0,0,0,0,-143.5,1,0,0,0,154.75,0,0,0,0,0,0,1000
8264,0,100,3000,500,1000,0,0,0,0,0,0,0,0,0,0,-143.5,1,0,0,0,154.75,0,0,0,0,0,0,1000
8265,0,101,3000,500,1000,0,0,0,0,0,0,0,0,0,0,-143.5,1,0,0,0,154.75,0,0,0,0,0,0,1000
8266,0,102,3000,500,1000,0,0,0,0,0,0,0,0,0,0,-143.5,1,0,0,0,154.75,0,0,0,0,0,0,1000
8267,0,103,3000,500,1000,0,0,0,0,0,0,0,0,0,0,-143.5,1,0,0,0,154.75,0,0,0,0,0,0,1000
8268,0,104,3000,500,1000,0,0,0,0,0,0,0,0,0,0,-143.5,1,0,0,0,154.75,0,0,0,0,0,0,1000
8269,0,105,3000,500,1000,0,0,0,0,0,0,0,0,0,0,-143.5,1,0,0,0,154.75,0,0,0,0,0,0,1000
8270,0,106,3000,500,1000,0,0,0,0,0,0,0,0,0,0,-143.5,1,0,0,0,154.75,0,0,0,0,0,0,1000
8271,0,107,3000,500,1000,0,0,0,0,0,0,0,0,0,0,-143.5,1,0,0,0,154.75,0,0,0,0,0,0,1000
8272,0,108,3000,500,1000,0,0,0,0,0,0,0,0,0,0,-143.5,1,0,0,0,154.75,0,0,0,0,0,0,1000
8273,0,109,3000,500,1000,0,0,0,0,0,0,0,0,0,0,-143.5,1,0,0,0,154.75,0,0,0,0,0,0,1000
8274,0,110,3000,500,1000,0,0,0,0,0,0,0,0,0,0,-143.5,1,0,0,0,154.75,0,0,0,0,0,0,1000
8275,0,111,3000,500,1000,0,0,0,0,0,0,0,0,0,0,-143.5,1,0,0,0,154.75,0,0,0,0,0,0,1000
8276,0,112,3000,500,1000,0,0,0,0,0,0,0,0,0,0,-143.5,1,0,0,0,154.75,0,0,0,0,0,0,1000
8277,0,113,3000,500,1000,0,0,0,0,0,0,0,0,0,0,-143.5,1,0,0,0,154.75,0,0,0,0,0,0,1000
8278,0,114,3000,500,1000,0,0,0,0,0,0,0,0,0,0,-143.5,1,0,0,0,154.75,0,0,0,0,0,0,1000
8279,0,115,3000,500,1000,0,0,0,0,0,0,0,0,0,0,-143.5,1,0,0,0,154.75,0,0,0,0,0,0,1000
8280,0,116,3000,500,1000,0,0,0,0,0,0,0,0,0,0,-143.5,1,0,0,0,154.75,0,0,0,0,0,0,1000
8281,0,117,3000,500,1000,0,0,0,0,0,0,0,0,0,0,-143.5,1,0,0,0,154.75,0,0,0,0,0,0,1000
8282,0,118,3000,500,1000,0,0,0,0,0,0,0,0,0,0,-143.5,1,0,0,0,154.75,0,0,0,0,0,0,1000
8283,0,119,3000,500,1000,0,0,0,0,0,0,0,0,0,0,-143.5,1,0,0,0,154.75,0,0,0,0,0,0,1000
8284,0,120,3000,500,1000,0,0,0,0,0,0,0,0,0,0,-143.5,1,0,0,0,154.75,0,0,0,0,0,0,1000
8285,0,121,3000,500,1000,0,0,0,0,0,0,0,0,0,0,-143.5,1,0,0,0,154.75,0,0,0,0,0,0,1000
8286,0,122,3000,500,1000,0,0,0,0,0,0,0,0,0,0,-143.5,1,0,0,0,154.75,0,0,0,0,0,0,1000
8287,0,123,3000,500,1000,0,0,0,0,0,0,0,0,0,0,-143.5,1,0,0,0,154.75,0,0,0,0,0,0,1000
8288,0,124,3000,500,1000,0,0,0,0,0,0,0,0,0,0,-143.5,1,0,0,0,154.75,0,0,0,0,0,0,1000
8289,0,125,3000,500,1000,0,0,0,0,0,0,0,0,0,0,-143.5,1,0,0,0,154.75,0,0,0,0,0,0,1000
8290,0,126,3000,500,1000,0,0,0,0,0,0,0,0,0,0,-143.5,1,0,0,0,154.75,0,0,0,0,0,0,1000
8291,0,127,3000,500,1000,0,0,0,0,0,0,0,0,0,0,-143.5,1,0,0,0,154.75,0,0,0,0,0,0,1000
8292,0,128,3000,500,1000,0,0,0,0,0,0,0,0,0,0,-143.5,1,0,0,0,154.75,0,0,0,0,0,0,1000
8293,0,129,3000,500,1000,0,0,0,0,0,0,0,0,0,0,-143.5,1,0,0,0,154.75,0,0,0,0,0,0,1000
8294,0,130,3000,500,1000,0,0,0,0,0,0,0,0,0,0,-143.5,1,0,0,0,154.75,0,0,0,0,0,0,1000
8295,0,131,3000,500,1000,0,0,0,0,0,0,0,0,0,0,-143.5,1,0,0,0,154.75,0,0,0,0,0,0,1000
8296,0,132,3000,500,1000,0,0,0,0,0,0,0,0,0,0,-143.5,1,0,0,0,154.75,0,0,0,0,0,0,1000
8297,0,133,3000,500,1000,0,0,0,0,0,0,0,0,0,0,-143.5,1,0,0,0,154.75,0,0,0,0,0,0,1000
8298,0,134,3000,500,1000,0,0,0,0,0,0,0,0,0,0,-143.5,1,0,0,0,154.75,0,0,0,0,0,0,1000
8299,0,135,3000,500,1000,0,0,0,0,0,0,0,0,0,0,-143.5,1,0,0,0,154.75,0,0,0,0,0,0,1000
8300,0,136,3000,500,1000,0,0,0,0,0,0,0,0,0,0,-143.5,1,0,0,0,154.75,0,0,0,0,0,0,1000
8301,0,137,3000,500,1000,0,0,0,0,0,0,0,0,0,0,-143.5,1,0,0,0,154.75,0,0,0,0,0,0,1000
8302,0,138,3000,500,1000,0,0,0,0,0,0,0,0,0,0,-143.5,1,0,0,0,154.75,0,0,0,0,0,0,1000
8303,0,139,3000,500,1000,0,0,0,0,0,0,0,0,0,0,-143.5,1,0,0,0,154.75,0,0,0,0,0,0,1000
8304,0,140,3000,500,1000,0,0,0,0,0,0,0,0,0,0,-143.5,1,0,0,0,154.75,0,0,0,0,0,0,1000
8305,0,141,3000,500,1000,0,0,0,0,0,0,0,0,0,0,-143.5,1,0,0,0,154.75,0,0,0,0,0,0,1000
8306,0,142,3000,500,1000,0,0,0,0,0,0,0,0,0,0,-143.5,1,0,0,0,154.75,0,0,0,0,0,0,1000
8307,0,143,3000,500,1000,0,0,0,0,0,0,0,0,0,0,-143.5,1,0,0,0,154.75,0,0,0,0,0,0,1000
8308,0,144,3000,500,1000,0,0,0,0,0,0,0,0,0,0,-143.5,1,0,0,0,154.75,0,0,0,0,0,0,1000
8309,0,145,3000,500,1000,0,0,0,0,0,0,0,0,0,0,-143.5,1,0,0,0,154.75,0,0,0,0,0,0,1000
8310,0,146,3000,500,1000,0,0,0,0,0,0,0,0,0,0,-143.5,1,0,0,0,154.75,0,0,0,0,0,0,1000
8311,0,147,3000,500,1000,0,0,0,0,0,0,0,0,0,0,-143.5,1,0,0,0,154.75,0,0,0,0,0,0,1000
8312,0,148,3000,500,1000,0,0,0,0,0,0,0,0,0,0,-143.5,1,0,0,0,154.75,0,0,0,0,0,0,1000
8313,0,149,3000,500,1000,0,0,0,0,0,0,0,0,0,0,-143.5,1,0,0,0,154.75,0,0,0,0,0,0,1000
8314,0,150,3000,500,1000,0,0,0,0,0,0,0,0,0,0,-143.5,1,0,0,0,154.75,0,0,0,0,0,0,1000
8315,0,151,3000,500,1000,0,0,0,0,0,0,0,0,0,0,-143.5,1,0,0,0,154.75,0,0,0,0,0,0,1000
8316,0,152,3000,500,1000,0,0,0,0,0,0,0,0,0,0,-143.5,1,0,0,0,154.75,0,0,0,0,0,0,1000
8317,0,153,3000,500,1000,0,0,0,0,0,0,0,0,0,0,-143.5,1,0,0,0,154.75,0,0,0,0,0,0,1000
8318,0,154,3000,500,1000,0,0,0,0,0,0,0,0,0,0,-143.5,1,0,0,0,154.75,0,0,0,0,0,0,1000
8319,0,155,3000,500,1000,0,0,0,0,0,0,0,0,0,0,-143.5,1,0,0,0,154.75,0,0,0,0,0,0,1000
8320,0,156,3000,500,1000,0,0,0,0,0,0,0,0,0,0,-143.5,1,0,0,0,154.75,0,0,0,0,0,0,1000
8321,0,157,3000,500,1000,0,0,0,0,0,0,0,0,0,0,-143.5,1,0,0,0,154.75,0,0,0,0,0,0,1000
8322,0,158,3000,500,1000,0,0,0,0,0,0,0,0,0,0,-143.5,1,0,0,0,154.75,0,0,0,0,0,0,1000
8323,0,159,3000,500,1000,0,0,0,0,0,0,0,0,0,0,-143.5,1,0,0,0,154.75,0,0,0,0,0,0,1000
8324,0,160,3000,500,1000,0,0,0,0,0,0,0,0,0,0,-143.5,1,0,0,0,154.75,0,0,0,0,0,0,1000
8325,0,161,3000,500,1000,0,0,0,0,0,0,0,0,0,0,-143.5,1,0,0,0,154.75,0,0,0,0,0,0,1000
8326,0,162,3000,500,1000,0,0,0,0,0,0,0,0,0,0,-143.5,1,0,0,0,154.75,0,0,0,0,0,0,1000
8327,0,163,3000,500,1000,0,0,0,0,0,0,0,0,0,0,-143.5,1,0,0,0,154.75,0,0,0,0,0,0,1000
8328,0,164,3000,500,1000,0,0,0,0,0,0,0,0,0,0,-143.5,1,0,0,0,154.75,0,0,0,0,0,0,1000
8329,0,165,3000,500,1000,0,0,0,0,0,0,0,0,0,0,-143.5,1,0,0,0,154.75,0,0,0,0,0,0,1000
8330,0,166,3000,500,1000,0,0,0,0,0,0,0,0,0,0,-143.5,1,0,0,0,154.75,0,0,0,0,0,0,1000
8331,0,167,3000,500,1000,0,0,0,0,0,0,0,0,0,0,-143.5,1,0,0,0,154.75,0,0,0,0,0,0,1000
8332,0,168,3000,500,1000,0,0,0,0,0,0,0,0,0,0,-143.5,1,0,0,0,154.75,0,0,0,0,0,0,1000
8333,0,169,3000,500,1000,0,0,0,0,0,0,0,0,0,0,-143.5,1,0,0,0,154.75,0,0,0,0,0,0,1000
8334,0,170,3000,500,1000,0,0,0,0,0,0,0,0,0,0,-143.5,1,0,0,0,154.75,0,0,0,0,0,0,1000
8335,0,171,3000,500,1000,0,0,0,0,0,0,0,0,0,0,-143.5,1,0,0,0,154.75,0,0,0,0,0,0,1000
8336,0,172,3000,500,1000,0,0,0,0,0,0,0,0,0,0,-143.5,1,0,0,0,154.75,0,0,0,0,0,0,1000
8337,0,173,3000,500,1000,0,0,0,0,0,0,0,0,0,0,-143.5,1,0,0,0,154.75,0,0,0,0,0,0,1000
8338,0,174,3000,500,1000,0,0,0,0,0,0,0,0,0,0,-143.5,1,0,0,0,154.75,0,0,0,0,0,0,1000
8339,0,175,3000,500,1000,0,0,0,0,0,0,0,0,0,0,-143.5,1,0,0,0,154.75,0,0,0,0,0,0,1000
8340,0,176,3000,500,1000,0,0,0,0,0,0,0,0,0,0,-143.5,1,0,0,0,154.75,0,0,0,0,0,0,1000
8341,0,177,3000,500,1000,0,0,0,0,0,0,0,0,0,0,-143.5,1,0,0,0,154.75,0,0,0,0,0,0,1000
8342,0,178,3000,500,1000,0,0,0,0,0,0,0,0,0,0,-143.5,1,0,0,0,154.75,0,0,0,0,0,0,1000
8343,0,179,3000,500,1000,0,0,0,0,0,0,0,0,0,0,-143.5,1,0,0,0,154.75,0,0,0,0,0,0,1000
8344,0,180,3000,500,1000,0,0,0,0,0,0,0,0,0,0,-143.5,1,0,0,0,154.75,0,0,0,0,0,0,1000
8345,0,181,3000,500,1000,0,0,0,0,0,0,0,0,0,0,-143.5,1,0,0,0,154.75,0,0,0,0,0,0,1000
8346,0,182,3000,500,1000,0,0,0,0,0,0,0,0,0,0,-143.5,1,0,0,0,154.75,0,0,0,0,0,0,1000
8347,0,183,3000,500,1000,0,0,0,0,0,0,0,0,0,0,-143.5,1,0,0,0,154.75,0,0,0,0,0,0,1000
8348,0,184,3000,500,1000,0,0,0,0,0,0,0,0,0,0,-143.5,1,0,0,0,154.75,0,0,0,0,0,0,1000
8349,0,185,3000,500,1000,0,0,0,0,0,0,0,0,0,0,-143.5,1,0,0,0,154.75,0,0,0,0,0,0,1000
8350,0,186,3000,500,1000,0,0,0,0,0,0,0,0,0,0,-143.5,1,0,0,0,154.75,0,0,0,0,0,0,1000
8351,0,187,3000,500,1000,0,0,0,0,0,0,0,0,0,0,-143.5,1,0,0,0,154.75,0,0,0,0,0,0,1000
8352,0,188,3000,500,1000,0,0,0,0,0,0,0,0,0,0,-143.5,1,0,0,0,154.75,0,0,0,0,0,0,1000
8353,0,189,3000,500,1000,0,0,0,0,0,0,0,0,0,0,-143.5,1,0,0,0,154.75,0,0,0,0,0,0,1000
8354,0,190,3000,500,1000,0,0,0,0,0,0,0,0,0,0,-143.5,1,0,0,0,154.75,0,0,0,0,0,0,1000
8355,0,191,3000,500,1000,0,0,0,0,0,0,0,0,0,0,-143.5,1,0,0,0,154.75,0,0,0,0,0,0,1000
8356,0,192,3000,500,1000,0,0,0,0,0,0,0,0,0,0,-143.5,1,0,0,0,154.75,0,0,0,0,0,0,1000
8357,0,193,3000,500,1000,0,0,0,0,0,0,0,0,0,0,-143.5,1,0,0,0,154.75,0,0,0,0,0,0,1000
8358,0,194,3000,500,1000,0,0,0,0,0,0,0,0,0,0,-143.5,1,0,0,0,154.75,0,0,0,0,0,0,1000
8359,0,195,3000,500,1000,0,0,0,0,0,0,0,0,0,0,-143.5,1,0,0,0,154.75,0,0,0,0,0,0,1000
8360,0,196,3000,500,1000,0,0,0,0,0,0,0,0,0,0,-143.5,1,0,0,0,154.75,0,0,0,0,0,0,1000
8361,0,197,3000,500,1000,0,0,0,0,0,0,0,0,0,0,-143.5,1,0,0,0,154.75,0,0,0,0,0,0,1000
8362,0,198,3000,500,1000,0,0,0,0,0,0,0,0,0,0,-143.5,1,0,0,0,154.75,0,0,0,0,0,0,1000
8363,0,199,3000,500,1000,0,0,0,0,0,0,0,0,0,0,-143.5,1,0,0,0,154.75,0,0,0,0,0,0,1000
8364,0,200,3000,500,1000,0,0,0,0,0,0,0,0,0,0,-143.5,1,0,0,0,154.75,0,0,0,0,0,0,1000
8365,0,201,3000,500,1000,0,0,0,0,0,0,0,0,0,0,-143.5,1,0,0,0,154.75,0,0,0,0,0,0,1000
8366,0,202,3000,500,1000,0,0,0,0,0,0,0,0,0,0,-143.5,1,0,0,0,154.75,0,0,0,0,0,0,1000
8367,0,203,3000,500,1000,0,0,0,0,0,0,0,0,0,0,-143.5,1,0,0,0,154.75,0,0,0,0,0,0,1000
8368,0,204,3000,500,1000,0,0,0,0,0,0,0,0,0,0,-143.5,1,0,0,0,154.75,0,0,0,0,0,0,1000
8369,0,205,3000,500,1000,0,0,0,0,0,0,0,0,0,0,-143.5,1,0,0,0,154.75,0,0,0,0,0,0,1000
8370,0,206,3000,500,1000,0,0,0,0,0,0,0,0,0,0,-143.5,1,0,0,0,154.75,0,0,0,0,0,0,1000
8371,0,207,3000,500,1000,0,0,0,0,0,0,0,0,0,0,-143.5,1,0,0,0,154.75,0,0,0,0,0,0,1000
8372,0,208,3000,500,1000,0,0,0,0,0,0,0,0,0,0,-143.5,1,0,0,0,154.75,0,0,0,0,0,0,1000
8373,0,209,3000,500,1000,0,0,0,0,0,0,0,0,0,0,-143.5,1,0,0,0,154.75,0,0,0,0,0,0,1000
8374,0,210,3000,500,1000,0,0,0,0,0,0,0,0,0,0,-143.5,1,0,0,0,154.75,0,0,0,0,0,0,1000
8375,0,211,3000,500,1000,0,0,0,0,0,0,0,0,0,0,-143.5,1,0,0,0,154.75,0,0,0,0,0,0,1000
8376,0,212,3000,500,1000,0,0,0,0,0,0,0,0,0,0,-143.5,1,0,0,0,154.75,0,0,0,0,0,0,1000
8377,0,213,3000,500,1000,0,0,0,0,0,0,0,0,0,0,-143.5,1,0,0,0,154.75,0,0,0,0,0,0,1000
8378,0,214,3000,500,1000,0,0,0,0,0,0,0,0,0,0,-143.5,1,0,0,0,154.75,0,0,0,0,0,0,1000
8379,0,215,3000,500,1000,0,0,0,0,0,0,0,0,0,0,-143.5,1,0,0,0,154.75,0,0,0,0,0,0,1000
8380,0,216,3000,500,1000,0,0,0,0,0,0,0,0,0,0,-143.5,1,0,0,0,154.75,0,0,0,0,0,0,1000
8381,0,217,3000,500,1000,0,0,0,0,0,0,0,0,0,0,-143.5,1,0,0,0,154.75,0,0,0,0,0,0,1000
8382,0,218,3000,500,1000,0,0,0,0,0,0,0,0,0,0,-143.5,1,0,0,0,154.75,0,0,0,0,0,0,1000
8383,0,219,3000,500,1000,0,0,0,0,0,0,0,0,0,0,-143.5,1,0,0,0,154.75,0,0,0,0,0,0,1000
8384,0,220,3000,500,1000,0,0,0,0,0,0,0,0,0,0,-143.5,1,0,0,0,154.75,0,0,0,0,0,0,1000
8385,0,221,3000,500,1000,0,0,0,0,0,0,0,0,0,0,-143.5,1,0,0,0,154.75,0,0,0,0,0,0,1000
8386,0,222,3000,500,1000,0,0,0,0,0,0,0,0,0,0,-143.5,1,0,0,0,154.75,0,0,0,0,0,0,1000
8387,0,223,3000,500,1000,0,0,0,0,0,0,0,0,0,0,-143.5,1,0,0,0,154.75,0,0,0,0,0,0,1000
8388,0,224,3000,500,1000,0,0,0,0,0,0,0,0,0,0,-143.5,1,0,0,0,154.75,0,0,0,0,0,0,1000
8389,0,225,3000,500,1000,0,0,0,0,0,0,0,0,0,0,-143.5,1,0,0,0,154.75,0,0,0,0,0,0,1000
8390,0,226,3000,500,1000,0,0,0,0,0,0,0,0,0,0,-143.5,1,0,0,0,154.75,0,0,0,0,0,0,1000
8391,0,227,3000,500,1000,0,0,0,0,0,0,0,0,0,0,-143.5,1,0,0,0,154.75,0,0,0,0,0,0,1000
8392,0,228,3000,500,1000,0,0,0,0,0,0,0,0,0,0,-143.5,1,0,0,0,154.75,0,0,0,0,0,0,1000
8393,0,229,3000,500,1000,0,0,0,0,0,0,0,0,0,0,-143.5,1,0,0,0,154.75,0,0,0,0,0,0,1000
8394,0,230,3000,500,1000,0,0,0,0,0,0,0,0,0,0,-143.5,1,0,0,0,154.75,0,0,0,0,0,0,1000
8395,0,231,3000,500,1000,0,0,0,0,0,0,0,0,0,0,-143.5,1,0,0,0,154.75,0,0,0,0,0,0,1000
8396,0,232,3000,500,1000,0,0,0,0,0,0,0,0,0,0,-143.5,1,0,0,0,154.75,0,0,0,0,0,0,1000
8397,0,233,3000,500,1000,0,0,0,0,0,0,0,0,0,0,-143.5,1,0,0,0,154.75,0,0,0,0,0,0,1000
8398,0,234,3000,500,1000,0,0,0,0,0,0,0,0,0,0,-143.5,1,0,0,0,154.75,0,0,0,0,0,0,1000
8399,0,235,3000,500,1000,0,0,0,0,0,0,0,0,0,0,-143.5,1,0,0,0,154.75,0,0,0,0,0,0,1000
8400,0,236,3000,500,1000,0,0,0,0,0,0,0,0,0,0,-143.5,1,0,0,0,154.75,0,0,0,0,0,0,1000
8401,0,237,3000,500,1000,0,0,0,0,0,0,0,0,0,0,-143.5,1,0,0,0,154.75,0,0,0,0,0,0,1000
8402,0,238,3000,500,1000,0,0,0,0,0,0,0,0,0,0,-143.5,1,0,0,0,154.75,0,0,0,0,0,0,1000
8403,0,239,3000,500,1000,0,0,0,0,0,0,0,0,0,0,-143.5,1,0,0,0,154.75,0,0,0,0,0,0,1000
8404,0,240,3000,500,1000,0,0,0,0,0,0,0,0,0,0,-143.5,1,0,0,0,154.75,0,0,0,0,0,0,1000
8405,0,241,3000,500,1000,0,0,0,0,0,0,0,0,0,0,-143.5,1,0,0,0,154.75,0,0,0,0,0,0,1000
8406,0,242,3000,500,1000,0,0,0,0,0,0,0,0,0,0,-143.5,1,0,0,0,154.75,0,0,0,0,0,0,1000
8407,0,243,3000,500,1000,0,0,0,0,0,0,0,0,0,0,-143.5,1,0,0,0,154.75,0,0,0,0,0,0,1000
8408,0,244,3000,500,1000,0,0,0,0,0,0,0,0,0,0,-143.5,1,0,0,0,154.75,0,0,0,0,0,0,1000
8409,0,245,3000,500,1000,0,0,0,0,0,0,0,0,0,0,-143.5,1,0,0,0,154.75,0,0,0,0,0,0,1000
8410,0,1,3000,500,1000,0,0,0,0,0,0,0,0,0,0,-145,1,0,0,0,154.75,0,0,0,0,0,0,1000
8411,0,2,3000,500,1000,0,0,0,0,0,0,0,0,0,0,-145,1,0,0,0,154.75,0,0,0,0,0,0,1000
8412,0,3,3000,500,1000,0,0,0,0,0,0,0,0,0,0,-145,1,0,0,0,154.75,0,0,0,0,0,0,1000
8413,0,4,3000,500,1000,0,0,0,0,0,0,0,0,0,0,-145,1,0,0,0,154.75,0,0,0,0,0,0,1000
8414,0,5,3000,500,1000,0,0,0,0,0,0,0,0,0,0,-145,1,0,0,0,154.75,0,0,0,0,0,0,1000
8415,0,6,3000,500,1000,0,0,0,0,0,0,0,0,0,0,-145,1,0,0,0,154.75,0,0,0,0,0,0,1000
8416,0,7,3000,500,1000,0,0,0,0,0,0,0,0,0,0,-145,1,0,0,0,154.75,0,0,0,0,0,0,1000
8417,0,8,3000,500,1000,0,0,0,0,0,0,0,0,0,0,-145,1,0,0,0,154.75,0,0,0,0,0,0,1000
8418,0,9,3000,500,1000,0,0,0,0,0,0,0,0,0,0,-145,1,0,0,0,154.75,0,0,0,0,0,0,1000
8419,0,10,3000,500,1000,0,0,0,0,0,0,0,0,0,0,-145,1,0,0,0,154.75,0,0,0,0,0,0,1000
8420,0,11,3000,500,1000,0,0,0,0,0,0,0,0,0,0,-145,1,0,0,0,154.75,0,0,0,0,0,0,1000
8421,0,12,3000,500,1000,0,0,0,0,0,0,0,0,0,0,-145,1,0,0,0,154.75,0,0,0,0,0,0,1000
8422,0,13,3000,500,1000,0,0,0,0,0,0,0,0,0,0,-145,1,0,0,0,154.75,0,0,0,0,0,0,1000
8423,0,14,3000,500,1000,0,0,0,0,0,0,0,0,0,0,-145,1,0,0,0,154.75,0,0,0,0,0,0,1000
8424,0,15,3000,500,1000,0,0,0,0,0,0,0,0,0,0,-145,1,0,0,0,154.75,0,0,0,0,0,0,1000
8425,0,16,3000,500,1000,0,0,0,0,0,0,0,0,0,0,-145,1,0,0,0,154.75,0,0,0,0,0,0,1000
8426,0,17,3000,500,1000,0,0,0,0,0,0,0,0,0,0,-145,1,0,0,0,154.75,0,0,0,0,0,0,1000
8427,0,18,3000,500,1000,0,0,0,0,0,0,0,0,0,0,-145,1,0,0,0,154.75,0,0,0,0,0,0,1000
8428,0,19,3000,500,1000,0,0,0,0,0,0,0,0,0,0,-145,1,0,0,0,154.75,0,0,0,0,0,0,1000
8429,0,20,3000,500,1000,0,0,0,0,0,0,0,0,0,0,-145,1,0,0,0,154.75,0,0,0,0,0,0,1000
8430,0,21,3000,500,1000,0,0,0,0,0,0,0,0,0,0,-145,1,0,0,0,154.75,0,0,0,0,0,0,1000
8431,0,22,3000,500,1000,0,0,0,0,0,0,0,0,0,0,-145,1,0,0,0,154.75,0,0,0,0,0,0,1000
8432,0,23,3000,500,1000,0,0,0,0,0,0,0,0,0,0,-145,1,0,0,0,154.75,0,0,0,0,0,0,1000
8433,0,24,3000,500,1000,0,0,0,0,0,0,0,0,0,0,-145,1,0,0,0,154.75,0,0,0,0,0,0,1000
8434,0,25,3000,500,1000,0,0,0,0,0,0,0,0,0,0,-145,1,0,0,0,154.75,0,0,0,0,0,0,1000
8435,0,26,3000,500,1000,0,0,0,0,0,0,0,0,0,0,-145,1,0,0,0,154.75,0,0,0,0,0,0,1000
8436,0,27,3000,500,1000,0,0,0,0,0,0,0,0,0,0,-145,1,0,0,0,154.75,0,0,0,0,0,0,1000
8437,0,28,3000,500,1000,0,0,0,0,0,0,0,0,0,0,-145,1,0,0,0,154.75,0,0,0,0,0,0,1000
8438,0,29,3000,500,1000,0,0,0,0,0,0,0,0,0,0,-145,1,0,0,0,154.75,0,0,0,0,0,0,1000
8439,0,30,3000,500,1000,0,0,0,0,0,0,0,0,0,0,-145,1,0,0,0,154.75,0,0,0,0,0,0,1000
8440,0,31,3000,500,1000,0,0,0,0,0,0,0,0,0,0,-145,1,0,0,0,154.75,0,0,0,0,0,0,1000
8441,0,32,3000,500,1000,0,0,0,0,0,0,0,0,0,0,-145,1,0,0,0,154.75,0,0,0,0,0,0,1000
8442,0,33,3000,500,1000,0,0,0,0,0,0,0,0,0,0,-145,1,0,0,0,154.75,0,0,0,0,0,0,1000
8443,0,34,3000,500,1000,0,0,0,0,0,0,0,0,0,0,-145,1,0,0,0,154.75,0,0,0,0,0,0,1000
8444,0,35,3000,500,1000,0,0,0,0,0,0,0,0,0,0,-145,1,0,0,0,154.75,0,0,0,0,0,0,1000
8445,0,36,3000,500,1000,0,0,0,0,0,0,0,0,0,0,-145,1,0,0,0,154.75,0,0,0,0,0,0,1000
8446,0,37,3000,500,1000,0,0,0,0,0,0,0,0,0,0,-145,1,0,0,0,154.75,0,0,0,0,0,0,1000
8447,0,38,3000,500,1000,0,0,0,0,0,0,0,0,0,0,-145,1,0,0,0,154.75,0,0,0,0,0,0,1000
8448,0,39,3000,500,1000,0,0,0,0,0,0,0,0,0,0,-145,1,0,0,0,154.75,0,0,0,0,0,0,1000
8449,0,40,3000,500,1000,0,0,0,0,0,0,0,0,0,0,-145,1,0,0,0,154.75,0,0,0,0,0,0,1000
8450,0,41,3000,500,1000,0,0,0,0,0,0,0,0,0,0,-145,1,0,0,0,154.75,0,0,0,0,0,0,1000
8451,0,42,3000,500,1000,0,0,0,0,0,0,0,0,0,0,-145,1,0,0,0,154.75,0,0,0,0,0,0,1000
8452,0,43,3000,500,1000,0,0,0,0,0,0,0,0,0,0,-145,1,0,0,0,154.75,0,0,0,0,0,0,1000
8453,0,44,3000,500,1000,0,0,0,0,0,0,0,0,0,0,-145,1,0,0,0,154.75,0,0,0,0,0,0,1000
8454,0,45,3000,500,1000,0,0,0,0,0,0,0,0,0,0,-145,1,0,0,0,154.75,0,0,0,0,0,0,1000
8455,0,46,3000,500,1000,0,0,0,0,0,0,0,0,0,0,-145,1,0,0,0,154.75,0,0,0,0,0,0,1000
8456,0,47,3000,500,1000,0,0,0,0,0,0,0,0,0,0,-145,1,0,0,0,154.75,0,0,0,0,0,0,1000
8457,0,48,3000,500,1000,0,0,0,0,0,0,0,0,0,0,-145,1,0,0,0,154.75,0,0,0,0,0,0,1000
8458,0,49,3000,500,1000,0,0,0,0,0,0,0,0,0,0,-145,1,0,0,0,154.75,0,0,0,0,0,0,1000
8459,0,50,3000,500,1000,0,0,0,0,0,0,0,0,0,0,-145,1,0,0,0,154.75,0,0,0,0,0,0,1000
8460,0,51,3000,500,1000,0,0,0,0,0,0,0,0,0,0,-145,1,0,0,0,154.75,0,0,0,0,0,0,1000
8461,0,52,3000,500,1000,0,0,0,0,0,0,0,0,0,0,-145,1,0,0,0,154.75,0,0,0,0,0,0,1000
8462,0,53,3000,500,1000,0,0,0,0,0,0,0,0,0,0,-145,1,0,0,0,154.75,0,0,0,0,0,0,1000
8463,0,54,3000,500,1000,0,0,0,0,0,0,0,0,0,0,-145,1,0,0,0,154.75,0,0,0,0,0,0,1000
8464,0,55,3000,500,1000,0,0,0,0,0,0,0,0,0,0,-145,1,0,0,0,154.75,0,0,0,0,0,0,1000
8465,0,56,3000,500,1000,0,0,0,0,0,0,0,0,0,0,-145,1,0,0,0,154.75,0,0,0,0,0,0,1000
8466,0,57,3000,500,1000,0,0,0,0,0,0,0,0,0,0,-145,1,0,0,0,154.75,0,0,0,0,0,0,1000
8467,0,58,3000,500,1000,0,0,0,0,0,0,0,0,0,0,-145,1,0,0,0,154.75,0,0,0,0,0,0,1000
8468,0,59,3000,500,1000,0,0,0,0,0,0,0,0,0,0,-145,1,0,0,0,154.75,0,0,0,0,0,0,1000
8469,0,60,3000,500,1000,0,0,0,0,0,0,0,0,0,0,-145,1,0,0,0,154.75,0,0,0,0,0,0,1000
8470,0,61,3000,500,1000,0,0,0,0,0,0,0,0,0,0,-145,1,0,0,0,154.75,0,0,0,0,0,0,1000
8471,0,62,3000,500,1000,0,0,0,0,0,0,0,0,0,0,-145,1,0,0,0,154.75,0,0,0,0,0,0,1000
8472,0,63,3000,500,1000,0,0,0,0,0,0,0,0,0,0,-145,1,0,0,0,154.75,0,0,0,0,0,0,1000
8473,0,64,3000,500,1000,0,0,0,0,0,0,0,0,0,0,-145,1,0,0,0,154.75,0,0,0,0,0,0,1000
8474,0,65,3000,500,1000,0,0,0,0,0,0,0,0,0,0,-145,1,0,0,0,154.75,0,0,0,0,0,0,1000
8475,0,66,3000,500,1000,0,0,0,0,0,0,0,0,0,0,-145,1,0,0,0,154.75,0,0,0,0,0,0,1000
8476,0,67,3000,500,1000,0,0,0,0,0,0,0,0,0,0,-145,1,0,0,0,154.75,0,0,0,0,0,0,1000
8477,0,68,3000,500,1000,0,0,0,0,0,0,0,0,0,0,-145,1,0,0,0,154.75,0,0,0,0,0,0,1000
8478,0,69,3000,500,1000,0,0,0,0,0,0,0,0,0,0,-145,1,0,0,0,154.75,0,0,0,0,0,0,1000
8479,0,70,3000,500,1000,0,0,0,0,0,0,0,0,0,0,-145,1,0,0,0,154.75,0,0,0,0,0,0,1000
8480,0,71,3000,500,1000,0,0,0,0,0,0,0,0,0,0,-145,1,0,0,0,154.75,0,0,0,0,0,0,1000
8481,0,72,3000,500,1000,0,0,0,0,0,0,0,0,0,0,-145,1,0,0,0,154.75,0,0,0,0,0,0,1000
8482,0,73,3000,500,1000,0,0,0,0,0,0,0,0,0,0,-145,1,0,0,0,154.75,0,0,0,0,0,0,1000
8483,0,74,3000,500,1000,0,0,0,0,0,0,0,0,0,0,-145,1,0,0,0,154.75,0,0,0,0,0,0,1000
8484,0,75,3000,500,1000,0,0,0,0,0,0,0,0,0,0,-145,1,0,0,0,154.75,0,0,0,0,0,0,1000
8485,0,76,3000,500,1000,0,0,0,0,0,0,0,0,0,0,-145,1,0,0,0,154.75,0,0,0,0,0,0,1000
8486,0,77,3000,500,1000,0,0,0,0,0,0,0,0,0,0,-145,1,0,0,0,154.75,0,0,0,0,0,0,1000
8487,0,78,3000,500,1000,0,0,0,0,0,0,0,0,0,0,-145,1,0,0,0,154.75,0,0,0,0,0,0,1000
8488,0,79,3000,500,1000,0,0,0,0,0,0,0,0,0,0,-145,1,0,0,0,154.75,0,0,0,0,0,0,1000
8489,0,80,3000,500,1000,0,0,0,0,0,0,0,0,0,0,-145,1,0,0,0,154.75,0,0,0,0,0,0,1000
8490,0,81,3000,500,1000,0,0,0,0,0,0,0,0,0,0,-145,1,0,0,0,154.75,0,0,0,0,0,0,1000
8491,0,82,3000,500,1000,0,0,0,0,0,0,0,0,0,0,-145,1,0,0,0,154.75,0,0,0,0,0,0,1000
8492,0,83,3000,500,1000,0,0,0,0,0,0,0,0,0,0,-145,1,0,0,0,154.75,0,0,0,0,0,0,1000
8493,0,84,3000,500,1000,0,0,0,0,0,0,0,0,0,0,-145,1,0,0,0,154.75,0,0,0,0,0,0,1000
8494,0,85,3000,500,1000,0,0,0,0,0,0,0,0,0,0,-145,1,0,0,0,154.75,0,0,0,0,0,0,1000
8495,0,86,3000,500,1000,0,0,0,0,0,0,0,0,0,0,-145,1,0,0,0,154.75,0,0,0,0,0,0,1000
8496,0,87,3000,500,1000,0,0,0,0,0,0,0,0,0,0,-145,1,0,0,0,154.75,0,0,0,0,0,0,1000
8497,0,88,3000,500,1000,0,0,0,0,0,0,0,0,0,0,-145,1,0,0,0,154.75,0,0,0,0,0,0,1000
8498,0,89,3000,500,1000,0,0,0,0,0,0,0,0,0,0,-145,1,0,0,0,154.75,0,0,0,0,0,0,1000
8499,0,90,3000,500,1000,0,0,0,0,0,0,0,0,0,0,-145,1,0,0,0,154.75,0,0,0,0,0,0,1000
8500,0,91,3000,500,1000,0,0,0,0,0,0,0,0,0,0,-145,1,0,0,0,154.75,0,0,0,0,0,0,1000
8501,0,92,3000,500,1000,0,0,0,0,0,0,0,0,0,0,-145,1,0,0,0,154.75,0,0,0,0,0,0,1000
8502,0,93,3000,500,1000,0,0,0,0,0,0,0,0,0,0,-145,1,0,0,0,154.75,0,0,0,0,0,0,1000
8503,0,94,3000,500,1000,0,0,0,0,0,0,0,0,0,0,-145,1,0,0,0,154.75,0,0,0,0,0,0,1000
8504,0,95,3000,500,1000,0,0,0,0,0,0,0,0,0,0,-145,1,0,0,0,154.75,0,0,0,0,0,0,1000
8505,0,96,3000,500,1000,0,0,0,0,0,0,0,0,0,0,-145,1,0,0,0,154.75,0,0,0,0,0,0,1000
8506,0,97,3000,500,1000,0,0,0,0,0,0,0,0,0,0,-145,1,0,0,0,154.75,0,0,0,0,0,0,1000
8507,0,98,3000,500,1000,0,0,0,0,0,0,0,0,0,0,-145,1,0,0,0,154.75,0,0,0,0,0,0,1000
8508,0,99,3000,500,1000,0,0,0,0,0,0,0,0,0,0,-145,1,0,0,0,154.75,0,0,0,0,0,0,1000
8509,0,100,3000,500,1000,0,0,0,0,0,0,0,0,0,0,-145,1,0,0,0,154.75,0,0,0,0,0,0,1000
8510,0,101,3000,500,1000,0,0,0,0,0,0,0,0,0,0,-145,1,0,0,0,154.75,0,0,0,0,0,0,1000
8511,0,102,3000,500,1000,0,0,0,0,0,0,0,0,0,0,-145,1,0,0,0,154.75,0,0,0,0,0,0,1000
8512,0,103,3000,500,1000,0,0,0,0,0,0,0,0,0,0,-145,1,0,0,0,154.75,0,0,0,0,0,0,1000
8513,0,104,3000,500,1000,0,0,0,0,0,0,0,0,0,0,-145,1,0,0,0,154.75,0,0,0,0,0,0,1000
8514,0,105,3000,500,1000,0,0,0,0,0,0,0,0,0,0,-145,1,0,0,0,154.75,0,0,0,0,0,0,1000
8515,0,106,3000,500,1000,0,0,0,0,0,0,0,0,0,0,-145,1,0,0,0,154.75,0,0,0,0,0,0,1000
8516,0,107,3000,500,1000,0,0,0,0,0,0,0,0,0,0,-145,1,0,0,0,154.75,0,0,0,0,0,0,1000
8517,0,108,3000,500,1000,0,0,0,0,0,0,0,0,0,0,-145,1,0,0,0,154.75,0,0,0,0,0,0,1000
8518,0,109,3000,500,1000,0,0,0,0,0,0,0,0,0,0,-145,1,0,0,0,154.75,0,0,0,0,0,0,1000
8519,0,110,3000,500,1000,0,0,0,0,0,0,0,0,0,0,-145,1,0,0,0,154.75,0,0,0,0,0,0,1000
8520,0,111,3000,500,1000,0,0,0,0,0,0,0,0,0,0,-145,1,0,0,0,154.75,0,0,0,0,0,0,1000
8521,0,112,3000,500,1000,0,0,0,0,0,0,0,0,0,0,-145,1,0,0,0,154.75,0,0,0,0,0,0,1000
8522,0,113,3000,500,1000,0,0,0,0,0,0,0,0,0,0,-145,1,0,0,0,154.75,0,0,0,0,0,0,1000
8523,0,114,3000,500,1000,0,0,0,0,0,0,0,0,0,0,-145,1,0,0,0,154.75,0,0,0,0,0,0,1000
8524,0,115,3000,500,1000,0,0,0,0,0,0,0,0,0,0,-145,1,0,0,0,154.75,0,0,0,0,0,0,1000
8525,0,116,3000,500,1000,0,0,0,0,0,0,0,0,0,0,-145,1,0,0,0,154.75,0,0,0,0,0,0,1000
8526,0,117,3000,500,1000,0,0,0,0,0,0,0,0,0,0,-145,1,0,0,0,154.75,0,0,0,0,0,0,1000
8527,0,118,3000,500,1000,0,0,0,0,0,0,0,0,0,0,-145,1,0,0,0,154.75,0,0,0,0,0,0,1000
8528,0,119,3000,500,1000,0,0,0,0,0,0,0,0,0,0,-145,1,0,0,0,154.75,0,0,0,0,0,0,1000
8529,0,120,3000,500,1000,0,0,0,0,0,0,0,0,0,0,-145,1,0,0,0,154.75,0,0,0,0,0,0,1000
8530,0,121,3000,500,1000,0,0,0,0,0,0,0,0,0,0,-145,1,0,0,0,154.75,0,0,0,0,0,0,1000
8531,0,122,3000,500,1000,0,0,0,0,0,0,0,0,0,0,-145,1,0,0,0,154.75,0,0,0,0,0,0,1000
8532,0,123,3000,500,1000,0,0,0,0,0,0,0,0,0,0,-145,1,0,0,0,154.75,0,0,0,0,0,0,1000
8533,0,124,3000,500,1000,0,0,0,0,0,0,0,0,0,0,-145,1,0,0,0,154.75,0,0,0,0,0,0,1000
8534,0,125,3000,500,1000,0,0,0,0,0,0,0,0,0,0,-145,1,0,0,0,154.75,0,0,0,0,0,0,1000
8535,0,126,3000,500,1000,0,0,0,0,0,0,0,0,0,0,-145,1,0,0,0,154.75,0,0,0,0,0,0,1000
8536,0,127,3000,500,1000,0,0,0,0,0,0,0,0,0,0,-145,1,0,0,0,154.75,0,0,0,0,0,0,1000
8537,0,128,3000,500,1000,0,0,0,0,0,0,0,0,0,0,-145,1,0,0,0,154.75,0,0,0,0,0,0,1000
8538,0,129,3000,500,1000,0,0,0,0,0,0,0,0,0,0,-145,1,0,0,0,154.75,0,0,0,0,0,0,1000
8539,0,130,3000,500,1000,0,0,0,0,0,0,0,0,0,0,-145,1,0,0,0,154.75,0,0,0,0,0,0,1000
8540,0,131,3000,500,1000,0,0,0,0,0,0,0,0,0,0,-145,1,0,0,0,154.75,0,0,0,0,0,0,1000
8541,0,132,3000,500,1000,0,0,0,0,0,0,0,0,0,0,-145,1,0,0,0,154.75,0,0,0,0,0,0,1000
8542,0,133,3000,500,1000,0,0,0,0,0,0,0,0,0,0,-145,1,0,0,0,154.75,0,0,0,0,0,0,1000
8543,0,134,3000,500,1000,0,0,0,0,0,0,0,0,0,0,-145,1,0,0,0,154.75,0,0,0,0,0,0,1000
8544,0,135,3000,500,1000,0,0,0,0,0,0,0,0,0,0,-145,1,0,0,0,154.75,0,0,0,0,0,0,1000
8545,0,136,3000,500,1000,0,0,0,0,0,0,0,0,0,0,-145,1,0,0,0,154.75,0,0,0,0,0,0,1000
8546,0,137,3000,500,1000,0,0,0,0,0,0,0,0,0,0,-145,1,0,0,0,154.75,0,0,0,0,0,0,1000
8547,0,138,3000,500,1000,0,0,0,0,0,0,0,0,0,0,-145,1,0,0,0,154.75,0,0,0,0,0,0,1000
8548,0,139,3000,500,1000,0,0,0,0,0,0,0,0,0,0,-145,1,0,0,0,154.75,0,0,0,0,0,0,1000
8549,0,140,3000,500,1000,0,0,0,0,0,0,0,0,0,0,-145,1,0,0,0,154.75,0,0,0,0,0,0,1000
8550,0,141,3000,500,1000,0,0,0,0,0,0,0,0,0,0,-145,1,0,0,0,154.75,0,0,0,0,0,0,1000
8551,0,142,3000,500,1000,0,0,0,0,0,0,0,0,0,0,-145,1,0,0,0,154.75,0,0,0,0,0,0,1000
8552,0,143,3000,500,1000,0,0,0,0,0,0,0,0,0,0,-145,1,0,0,0,154.75,0,0,0,0,0,0,1000
8553,0,144,3000,500,1000,0,0,0,0,0,0,0,0,0,0,-145,1,0,0,0,154.75,0,0,0,0,0,0,1000
8554,0,145,3000,500,1000,0,0,0,0,0,0,0,0,0,0,-145,1,0,0,0,154.75,0,0,0,0,0,0,1000
8555,0,146,3000,500,1000,0,0,0,0,0,0,0,0,0,0,-145,1,0,0,0,154.75,0,0,0,0,0,0,1000
8556,0,147,3000,500,1000,0,0,0,0,0,0,0,0,0,0,-145,1,0,0,0,154.75,0,0,0,0,0,0,1000
8557,0,148,3000,500,1000,0,0,0,0,0,0,0,0,0,0,-145,1,0,0,0,154.75,0,0,0,0,0,0,1000
8558,0,149,3000,500,1000,0,0,0,0,0,0,0,0,0,0,-145,1,0,0,0,154.75,0,0,0,0,0,0,1000
8559,0,150,3000,500,1000,0,0,0,0,0,0,0,0,0,0,-145,1,0,0,0,154.75,0,0,0,0,0,0,1000
8560,0,151,3000,500,1000,0,0,0,0,0,0,0,0,0,0,-145,1,0,0,0,154.75,0,0,0,0,0,0,1000
8561,0,152,3000,500,1000,0,0,0,0,0,0,0,0,0,0,-145,1,0,0,0,154.75,0,0,0,0,0,0,1000
8562,0,153,3000,500,1000,0,0,0,0,0,0,0,0,0,0,-145,1,0,0,0,154.75,0,0,0,0,0,0,1000
8563,0,154,3000,500,1000,0,0,0,0,0,0,0,0,0,0,-145,1,0,0,0,154.75,0,0,0,0,0,0,1000
8564,0,155,3000,500,1000,0,0,0,0,0,0,0,0,0,0,-145,1,0,0,0,154.75,0,0,0,0,0,0,1000
8565,0,156,3000,500,1000,0,0,0,0,0,0,0,0,0,0,-145,1,0,0,0,154.75,0,0,0,0,0,0,1000
8566,0,157,3000,500,1000,0,0,0,0,0,0,0,0,0,0,-145,1,0,0,0,154.75,0,0,0,0,0,0,1000
8567,0,158,3000,500,1000,0,0,0,0,0,0,0,0,0,0,-145,1,0,0,0,154.75,0,0,0,0,0,0,1000
8568,0,159,3000,500,1000,0,0,0,0,0,0,0,0,0,0,-145,1,0,0,0,154.75,0,0,0,0,0,0,1000
8569,0,160,3000,500,1000,0,0,0,0,0,0,0,0,0,0,-145,1,0,0,0,154.75,0,0,0,0,0,0,1000
8570,0,161,3000,500,1000,0,0,0,0,0,0,0,0,0,0,-145,1,0,0,0,154.75,0,0,0,0,0,0,1000
8571,0,162,3000,500,1000,0,0,0,0,0,0,0,0,0,0,-145,1,0,0,0,154.75,0,0,0,0,0,0,1000
8572,0,163,3000,500,1000,0,0,0,0,0,0,0,0,0,0,-145,1,0,0,0,154.75,0,0,0,0,0,0,1000
8573,0,164,3000,500,1000,0,0,0,0,0,0,0,0,0,0,-145,1,0,0,0,154.75,0,0,0,0,0,0,1000
8574,0,165,3000,500,1000,0,0,0,0,0,0,0,0,0,0,-145,1,0,0,0,154.75,0,0,0,0,0,0,1000
8575,0,166,3000,500,1000,0,0,0,0,0,0,0,0,0,0,-145,1,0,0,0,154.75,0,0,0,0,0,0,1000
8576,0,167,3000,500,1000,0,0,0,0,0,0,0,0,0,0,-145,1,0,0,0,154.75,0,0,0,0,0,0,1000
8577,0,168,3000,500,1000,0,0,0,0,0,0,0,0,0,0,-145,1,0,0,0,154.75,0,0,0,0,0,0,1000
8578,0,169,3000,500,1000,0,0,0,0,0,0,0,0,0,0,-145,1,0,0,0,154.75,0,0,0,0,0,0,1000
8579,0,170,3000,500,1000,0,0,0,0,0,0,0,0,0,0,-145,1,0,0,0,154.75,0,0,0,0,0,0,1000
8580,0,171,3000,500,1000,0,0,0,0,0,0,0,0,0,0,-145,1,0,0,0,154.75,0,0,0,0,0,0,1000
8581,0,172,3000,500,1000,0,0,0,0,0,0,0,0,0,0,-145,1,0,0,0,154.75,0,0,0,0,0,0,1000
8582,0,173,3000,500,1000,0,0,0,0,0,0,0,0,0,0,-145,1,0,0,0,154.75,0,0,0,0,0,0,1000
8583,0,174,3000,500,1000,0,0,0,0,0,0,0,0,0,0,-145,1,0,0,0,154.75,0,0,0,0,0,0,1000
8584,0,175,3000,500,1000,0,0,0,0,0,0,0,0,0,0,-145,1,0,0,0,154.75,0,0,0,0,0,0,1000
8585,0,176,3000,500,1000,0,0,0,0,0,0,0,0,0,0,-145,1,0,0,0,154.75,0,0,0,0,0,0,1000
8586,0,177,3000,500,1000,0,0,0,0,0,0,0,0,0,0,-145,1,0,0,0,154.75,0,0,0,0,0,0,1000
8587,0,178,3000,500,1000,0,0,0,0,0,0,0,0,0,0,-145,1,0,0,0,154.75,0,0,0,0,0,0,1000
8588,0,179,3000,500,1000,0,0,0,0,0,0,0,0,0,0,-145,1,0,0,0,154.75,0,0,0,0,0,0,1000
8589,0,180,3000,500,1000,0,0,0,0,0,0,0,0,0,0,-145,1,0,0,0,154.75,0,0,0,0,0,0,1000
8590,0,181,3000,500,1000,0,0,0,0,0,0,0,0,0,0,-145,1,0,0,0,154.75,0,0,0,0,0,0,1000
8591,0,182,3000,500,1000,0,0,0,0,0,0,0,0,0,0,-145,1,0,0,0,154.75,0,0,0,0,0,0,1000
8592,0,183,3000,500,1000,0,0,0,0,0,0,0,0,0,0,-145,1,0,0,0,154.75,0,0,0,0,0,0,1000
8593,0,184,3000,500,1000,0,0,0,0,0,0,0,0,0,0,-145,1,0,0,0,154.75,0,0,0,0,0,0,1000
8594,0,185,3000,500,1000,0,0,0,0,0,0,0,0,0,0,-145,1,0,0,0,154.75,0,0,0,0,0,0,1000
8595,0,186,3000,500,1000,0,0,0,0,0,0,0,0,0,0,-145,1,0,0,0,154.75,0,0,0,0,0,0,1000
8596,0,187,3000,500,1000,0,0,0,0,0,0,0,0,0,0,-145,1,0,0,0,154.75,0,0,0,0,0,0,1000
8597,0,188,3000,500,1000,0,0,0,0,0,0,0,0,0,0,-145,1,0,0,0,154.75,0,0,0,0,0,0,1000
8598,0,189,3000,500,1000,0,0,0,0,0,0,0,0,0,0,-145,1,0,0,0,154.75,0,0,0,0,0,0,1000
8599,0,190,3000,500,1000,0,0,0,0,0,0,0,0,0,0,-145,1,0,0,0,154.75,0,0,0,0,0,0,1000
8600,0,191,3000,500,1000,0,0,0,0,0,0,0,0,0,0,-145,1,0,0,0,154.75,0,0,0,0,0,0,1000
8601,0,192,3000,500,1000,0,0,0,0,0,0,0,0,0,0,-145,1,0,0,0,154.75,0,0,0,0,0,0,1000
8602,0,193,3000,500,1000,0,0,0,0,0,0,0,0,0,0,-145,1,0,0,0,154.75,0,0,0,0,0,0,1000
8603,0,194,3000,500,1000,0,0,0,0,0,0,0,0,0,0,-145,1,0,0,0,154.75,0,0,0,0,0,0,1000
8604,0,195,3000,500,1000,0,0,0,0,0,0,0,0,0,0,-145,1,0,0,0,154.75,0,0,0,0,0,0,1000
8605,0,196,3000,500,1000,0,0,0,0,0,0,0,0,0,0,-145,1,0,0,0,154.75,0,0,0,0,0,0,1000
8606,0,197,3000,500,1000,0,0,0,0,0,0,0,0,0,0,-145,1,0,0,0,154.75,0,0,0,0,0,0,1000
8607,0,198,3000,500,1000,0,0,0,0,0,0,0,0,0,0,-145,1,0,0,0,154.75,0,0,0,0,0,0,1000
8608,0,199,3000,500,1000,0,0,0,0,0,0,0,0,0,0,-145,1,0,0,0,154.75,0,0,0,0,0,0,1000
8609,0,200,3000,500,1000,0,0,0,0,0,0,0,0,0,0,-145,1,0,0,0,154.75,0,0,0,0,0,0,1000
8610,0,201,3000,500,1000,0,0,0,0,0,0,0,0,0,0,-145,1,0,0,0,154.75,0,0,0,0,0,0,1000
8611,0,202,3000,500,1000,0,0,0,0,0,0,0,0,0,0,-145,1,0,0,0,154.75,0,0,0,0,0,0,1000
8612,0,203,3000,500,1000,0,0,0,0,0,0,0,0,0,0,-145,1,0,0,0,154.75,0,0,0,0,0,0,1000
8613,0,204,3000,500,1000,0,0,0,0,0,0,0,0,0,0,-145,1,0,0,0,154.75,0,0,0,0,0,0,1000
8614,0,205,3000,500,1000,0,0,0,0,0,0,0,0,0,0,-145,1,0,0,0,154.75,0,0,0,0,0,0,1000
8615,0,206,3000,500,1000,0,0,0,0,0,0,0,0,0,0,-145,1,0,0,0,154.75,0,0,0,0,0,0,1000
8616,0,207,3000,500,1000,0,0,0,0,0,0,0,0,0,0,-145,1,0,0,0,154.75,0,0,0,0,0,0,1000
8617,0,208,3000,500,1000,0,0,0,0,0,0,0,0,0,0,-145,1,0,0,0,154.75,0,0,0,0,0,0,1000
8618,0,209,3000,500,1000,0,0,0,0,0,0,0,0,0,0,-145,1,0,0,0,154.75,0,0,0,0,0,0,1000
8619,0,210,3000,500,1000,0,0,0,0,0,0,0,0,0,0,-145,1,0,0,0,154.75,0,0,0,0,0,0,1000
8620,0,211,3000,500,1000,0,0,0,0,0,0,0,0,0,0,-145,1,0,0,0,154.75,0,0,0,0,0,0,1000
8621,0,212,3000,500,1000,0,0,0,0,0,0,0,0,0,0,-145,1,0,0,0,154.75,0,0,0,0,0,0,1000
8622,0,213,3000,500,1000,0,0,0,0,0,0,0,0,0,0,-145,1,0,0,0,154.75,0,0,0,0,0,0,1000
8623,0,214,3000,500,1000,0,0,0,0,0,0,0,0,0,0,-145,1,0,0,0,154.75,0,0,0,0,0,0,1000
8624,0,215,3000,500,1000,0,0,0,0,0,0,0,0,0,0,-145,1,0,0,0,154.75,0,0,0,0,0,0,1000
8625,0,216,3000,500,1000,0,0,0,0,0,0,0,0,0,0,-145,1,0,0,0,154.75,0,0,0,0,0,0,1000
8626,0,217,3000,500,1000,0,0,0,0,0,0,0,0,0,0,-145,1,0,0,0,154.75,0,0,0,0,0,0,1000
8627,0,218,3000,500,1000,0,0,0,0,0,0,0,0,0,0,-145,1,0,0,0,154.75,0,0,0,0,0,0,1000
8628,0,219,3000,500,1000,0,0,0,0,0,0,0,0,0,0,-145,1,0,0,0,154.75,0,0,0,0,0,0,1000
8629,0,220,3000,500,1000,0,0,0,0,0,0,0,0,0,0,-145,1,0,0,0,154.75,0,0,0,0,0,0,1000
8630,0,221,3000,500,1000,0,0,0,0,0,0,0,0,0,0,-145,1,0,0,0,154.75,0,0,0,0,0,0,1000
8631,0,222,3000,500,1000,0,0,0,0,0,0,0,0,0,0,-145,1,0,0,0,154.75,0,0,0,0,0,0,1000
8632,0,223,3000,500,1000,0,0,0,0,0,0,0,0,0,0,-145,1,0,0,0,154.75,0,0,0,0,0,0,1000
8633,0,224,3000,500,1000,0,0,0,0,0,0,0,0,0,0,-145,1,0,0,0,154.75,0,0,0,0,0,0,1000
8634,0,225,3000,500,1000,0,0,0,0,0,0,0,0,0,0,-145,1,0,0,0,154.75,0,0,0,0,0,0,1000
8635,0,226,3000,500,1000,0,0,0,0,0,0,0,0,0,0,-145,1,0,0,0,154.75,0,0,0,0,0,0,1000
8636,0,227,3000,500,1000,0,0,0,0,0,0,0,0,0,0,-145,1,0,0,0,154.75,0,0,0,0,0,0,1000
8637,0,228,3000,500,1000,0,0,0,0,0,0,0,0,0,0,-145,1,0,0,0,154.75,0,0,0,0,0,0,1000
8638,0,229,3000,500,1000,0,0,0,0,0,0,0,0,0,0,-145,1,0,0,0,154.75,0,0,0,0,0,0,1000
8639,0,230,3000,500,1000,0,0,0,0,0,0,0,0,0,0,-145,1,0,0,0,154.75,0,0,0,0,0,0,1000
8640,0,231,3000,500,1000,0,0,0,0,0,0,0,0,0,0,-145,1,0,0,0,154.75,0,0,0,0,0,0,1000
8641,0,232,3000,500,1000,0,0,0,0,0,0,0,0,0,0,-145,1,0,0,0,154.75,0,0,0,0,0,0,1000
8642,0,233,3000,500,1000,0,0,0,0,0,0,0,0,0,0,-145,1,0,0,0,154.75,0,0,0,0,0,0,1000
8643,0,234,3000,500,1000,0,0,0,0,0,0,0,0,0,0,-145,1,0,0,0,154.75,0,0,0,0,0,0,1000
8644,0,235,3000,500,1000,0,0,0,0,0,0,0,0,0,0,-145,1,0,0,0,154.75,0,0,0,0,0,0,1000
8645,0,236,3000,500,1000,0,0,0,0,0,0,0,0,0,0,-145,1,0,0,0,154.75,0,0,0,0,0,0,1000
8646,0,237,3000,500,1000,0,0,0,0,0,0,0,0,0,0,-145,1,0,0,0,154.75,0,0,0,0,0,0,1000
8647,0,238,3000,500,1000,0,0,0,0,0,0,0,0,0,0,-145,1,0,0,0,154.75,0,0,0,0,0,0,1000
8648,0,239,3000,500,1000,0,0,0,0,0,0,0,0,0,0,-145,1,0,0,0,154.75,0,0,0,0,0,0,1000
8649,0,240,3000,500,1000,0,0,0,0,0,0,0,0,0,0,-145,1,0,0,0,154.75,0,0,0,0,0,0,1000
8650,0,241,3000,500,1000,0,0,0,0,0,0,0,0,0,0,-145,1,0,0,0,154.75,0,0,0,0,0,0,1000
8651,0,242,3000,500,1000,0,0,0,0,0,0,0,0,0,0,-145,1,0,0,0,154.75,0,0,0,0,0,0,1000
8652,0,243,3000,500,1000,0,0,0,0,0,0,0,0,0,0,-145,1,0,0,0,154.75,0,0,0,0,0,0,1000
8653,0,244,3000,500,1000,0,0,0,0,0,0,0,0,0,0,-145,1,0,0,0,154.75,0,0,0,0,0,0,1000
8654,0,245,3000,500,1000,0,0,0,0,0,0,0,0,0,0,-145,1,0,0,0,154.75,0,0,0,0,0,0,1000
8655,0,246,3000,500,1000,0,0,0,0,0,0,0,0,0,0,-145,1,0,0,0,154.75,0,0,0,0,0,0,1000
8656,0,247,3000,500,1000,0,0,0,0,0,0,0,0,0,0,-145,1,0,0,0,154.75,0,0,0,0,0,0,1000
8657,0,248,3000,500,1000,0,0,0,0,0,0,0,0,0,0,-145,1,0,0,0,154.75,0,0,0,0,0,0,1000
8658,0,249,3000,500,1000,0,0,0,0,0,0,0,0,0,0,-145,1,0,0,0,154.75,0,0,0,0,0,0,1000
8659,0,250,3000,500,1000,0,0,0,0,0,0,0,0,0,0,-145,1,0,0,0,154.75,0,0,0,0,0,0,1000
8660,0,251,3000,500,1000,0,0,0,0,0,0,0,0,0,0,-145,1,0,0,0,154.75,0,0,0,0,0,0,1000
8661,0,252,3000,500,1000,0,0,0,0,0,0,0,0,0,0,-145,1,0,0,0,154.75,0,0,0,0,0,0,1000
8662,0,253,3000,500,1000,0,0,0,0,0,0,0,0,0,0,-145,1,0,0,0,154.75,0,0,0,0,0,0,1000
8663,0,254,3000,500,1000,0,0,0,0,0,0,0,0,0,0,-145,1,0,0,0,154.75,0,0,0,0,0,0,1000
8664,0,255,3000,500,1000,0,0,0,0,0,0,0,0,0,0,-145,1,0,0,0,154.75,0,0,0,0,0,0,1000
8665,0,256,3000,500,1000,0,0,0,0,0,0,0,0,0,0,-145,1,0,0,0,154.75,0,0,0,0,0,0,1000
8666,0,257,3000,500,1000,0,0,0,0,0,0,0,0,0,0,-145,1,0,0,0,154.75,0,0,0,0,0,0,1000
8667,0,258,3000,500,1000,0,0,0,0,0,0,0,0,0,0,-145,1,0,0,0,154.75,0,0,0,0,0,0,1000
8668,0,259,3000,500,1000,0,0,0,0,0,0,0,0,0,0,-145,1,0,0,0,154.75,0,0,0,0,0,0,1000
8669,0,260,3000,500,1000,0,0,0,0,0,0,0,0,0,0,-145,1,0,0,0,154.75,0,0,0,0,0,0,1000
8670,0,261,3000,500,1000,0,0,0,0,0,0,0,0,0,0,-145,1,0,0,0,154.75,0,0,0,0,0,0,1000
8671,0,262,3000,500,1000,0,0,0,0,0,0,0,0,0,0,-145,1,0,0,0,154.75,0,0,0,0,0,0,1000
8672,0,263,3000,500,1000,0,0,0,0,0,0,0,0,0,0,-145,1,0,0,0,154.75,0,0,0,0,0,0,1000
8673,0,264,3000,500,1000,0,0,0,0,0,0,0,0,0,0,-145,1,0,0,0,154.75,0,0,0,0,0,0,1000
8674,0,265,3000,500,1000,0,0,0,0,0,0,0,0,0,0,-145,1,0,0,0,154.75,0,0,0,0,0,0,1000
8675,0,266,3000,500,1000,0,0,0,0,0,0,0,0,0,0,-145,1,0,0,0,154.75,0,0,0,0,0,0,1000
8676,0,267,3000,500,1000,0,0,0,0,0,0,0,0,0,0,-145,1,0,0,0,154.75,0,0,0,0,0,0,1000
8677,0,268,3000,500,1000,0,0,0,0,0,0,0,0,0,0,-145,1,0,0,0,154.75,0,0,0,0,0,0,1000
8678,0,269,3000,500,1000,0,0,0,0,0,0,0,0,0,0,-145,1,0,0,0,154.75,0,0,0,0,0,0,1000
8679,0,270,3000,500,1000,0,0,0,0,0,0,0,0,0,0,-145,1,0,0,0,154.75,0,0,0,0,0,0,1000
8680,0,271,3000,500,1000,0,0,0,0,0,0,0,0,0,0,-145,1,0,0,0,154.75,0,0,0,0,0,0,1000
8681,0,272,3000,500,1000,0,0,0,0,0,0,0,0,0,0,-145,1,0,0,0,154.75,0,0,0,0,0,0,1000
8682,0,273,3000,500,1000,0,0,0,0,0,0,0,0,0,0,-145,1,0,0,0,154.75,0,0,0,0,0,0,1000
8683,0,274,3000,500,1000,0,0,0,0,0,0,0,0,0,0,-145,1,0,0,0,154.75,0,0,0,0,0,0,1000
8684,0,275,3000,500,1000,0,0,0,0,0,0,0,0,0,0,-145,1,0,0,0,154.75,0,0,0,0,0,0,1000
8685,0,276,3000,500,1000,0,0,0,0,0,0,0,0,0,0,-145,1,0,0,0,154.75,0,0,0,0,0,0,1000
8686,0,277,3000,500,1000,0,0,0,0,0,0,0,0,0,0,-145,1,0,0,0,154.75,0,0,0,0,0,0,1000
8687,0,278,3000,500,1000,0,0,0,0,0,0,0,0,0,0,-145,1,0,0,0,154.75,0,0,0,0,0,0,1000
8688,0,279,3000,500,1000,0,0,0,0,0,0,0,0,0,0,-145,1,0,0,0,154.75,0,0,0,0,0,0,1000
8689,0,280,3000,500,1000,0,0,0,0,0,0,0,0,0,0,-145,1,0,0,0,154.75,0,0,0,0,0,0,1000
8690,0,281,3000,500,1000,0,0,0,0,0,0,0,0,0,0,-145,1,0,0,0,154.75,0,0,0,0,0,0,1000
8691,0,282,3000,500,1000,0,0,0,0,0,0,0,0,0,0,-145,1,0,0,0,154.75,0,0,0,0,0,0,1000
8692,0,283,3000,500,1000,0,0,0,0,0,0,0,0,0,0,-145,1,0,0,0,154.75,0,0,0,0,0,0,1000
8693,0,284,3000,500,1000,0,0,0,0,0,0,0,0,0,0,-145,1,0,0,0,154.75,0,0,0,0,0,0,1000
8694,0,285,3000,500,1000,0,0,0,0,0,0,0,0,0,0,-145,1,0,0,0,154.75,0,0,0,0,0,0,1000
8695,0,286,3000,500,1000,0,0,0,0,0,0,0,0,0,0,-145,1,0,0,0,154.75,0,0,0,0,0,0,1000
8696,0,287,3000,500,1000,0,0,0,0,0,0,0,0,0,0,-145,1,0,0,0,154.75,0,0,0,0,0,0,1000
8697,0,288,3000,500,1000,0,0,0,0,0,0,0,0,0,0,-145,1,0,0,0,154.75,0,0,0,0,0,0,1000
8698,0,289,3000,500,1000,0,0,0,0,0,0,0,0,0,0,-145,1,0,0,0,154.75,0,0,0,0,0,0,1000
8699,0,290,3000,500,1000,0,0,0,0,0,0,0,0,0,0,-145,1,0,0,0,154.75,0,0,0,0,0,0,1000
8700,0,291,3000,500,1000,0,0,0,0,0,0,0,0,0,0,-145,1,0,0,0,154.75,0,0,0,0,0,0,1000
8701,0,292,3000,500,1000,0,0,0,0,0,0,0,0,0,0,-145,1,0,0,0,154.75,0,0,0,0,0,0,1000
8702,0,293,3000,500,1000,0,0,0,0,0,0,0,0,0,0,-145,1,0,0,0,154.75,0,0,0,0,0,0,1000
8703,0,294,3000,500,1000,0,0,0,0,0,0,0,0,0,0,-145,1,0,0,0,154.75,0,0,0,0,0,0,1000
8704,0,295,3000,500,1000,0,0,0,0,0,0,0,0,0,0,-145,1,0,0,0,154.75,0,0,0,0,0,0,1000
8705,0,296,3000,500,1000,0,0,0,0,0,0,0,0,0,0,-145,1,0,0,0,154.75,0,0,0,0,0,0,1000
8706,0,297,3000,500,1000,0,0,0,0,0,0,0,0,0,0,-145,1,0,0,0,154.75,0,0,0,0,0,0,1000
8707,0,298,3000,500,1000,0,0,0,0,0,0,0,0,0,0,-145,1,0,0,0,154.75,0,0,0,0,0,0,1000
8708,0,299,3000,500,1000,0,0,0,0,0,0,0,0,0,0,-145,1,0,0,0,154.75,0,0,0,0,0,0,1000
8709,0,300,3000,500,1000,0,0,0,0,0,0,0,0,0,0,-145,1,0,0,0,154.75,0,0,0,0,0,0,1000
8710,0,1,3000,500,1000,0,40,0,0,0,0,0,0,0,0,-145,1,0,0,0,154.75,0,0,3,0,0,0,1000
8711,0,2,3000,500,1000,0,39,0,0,0,0,0,0,0,0,-145,1,0,0,0,154.75,0,0,3,0,0,0,1000
8712,0,3,3000,500,1000,0,38,0,0,0,0,0,0,0,0,-145,1,0,0,0,154.75,0,0,3,0,0,0,1000
8713,0,4,3000,500,1000,0,37,0,0,0,0,0,0,0,0,-145,1,0,0,0,154.75,0,0,3,0,0,0,1000
8714,0,5,3000,500,1000,0,36,0,0,0,0,0,0,0,0,-145,1,0,0,0,154.75,0,0,3,0,0,0,1000
8715,0,6,3000,500,1000,0,35,0,0,0,0,0,0,0,0,-145,1,0,0,0,154.75,0,0,3,0,0,0,1000
8716,0,7,3000,500,1000,0,34,0,0,0,0,0,0,0,0,-145,1,0,0,0,154.75,0,0,3,0,0,0,1000
8717,0,8,3000,500,1000,0,33,0,0,0,0,0,0,0,0,-145,1,0,0,0,154.75,0,0,3,0,0,0,1000
8718,0,9,3000,500,1000,0,32,0,0,0,0,0,0,0,0,-145,1,0,0,0,154.75,0,0,3,0,0,0,1000
8719,0,10,3000,500,1000,0,31,0,0,0,0,0,0,0,0,-145,1,0,0,0,154.75,0,0,3,0,0,0,1000
8720,0,11,3000,500,1000,0,30,0,0,0,0,0,0,0,0,-145,1,0,0,0,154.75,0,0,3,0,0,0,1000
8721,0,12,3000,500,1000,0,29,0,0,0,0,0,0,0,0,-145,1,0,0,0,154.75,0,0,3,0,0,0,1000
8722,0,13,3000,500,1000,0,28,0,0,0,0,0,0,0,0,-145,1,0,0,0,154.75,0,0,3,0,0,0,1000
8723,0,14,3000,500,1000,0,27,0,0,0,0,0,0,0,0,-145,1,0,0,0,154.75,0,0,3,0,0,0,1000
8724,0,15,3000,500,1000,0,26,0,0,0,0,0,0,0,0,-145,1,0,0,0,154.75,0,0,3,0,0,0,1000
8725,0,16,3000,500,1000,0,25,0,0,0,0,0,0,0,0,-145,1,0,0,0,154.75,0,0,3,0,0,0,1000
8726,0,17,3000,500,1000,0,24,0,0,0,0,0,0,0,0,-145,1,0,0,0,154.75,0,0,3,0,0,0,1000
8727,0,18,3000,500,1000,0,23,0,0,0,0,0,0,0,0,-145,1,0,0,0,154.75,0,0,3,0,0,0,1000
8728,0,19,3000,500,1000,0,22,0,0,0,0,0,0,0,0,-145,1,0,0,0,154.75,0,0,3,0,0,0,1000
8729,0,20,3000,500,1000,0,21,0,0,0,0,0,0,0,0,-145,1,0,0,0,154.75,0,0,3,0,0,0,1000
8730,0,21,3000,500,1000,0,20,0,0,0,0,0,0,0,0,-145,1,0,0,0,154.75,0,0,3,0,0,0,1000
8731,0,22,3000,500,1000,0,19,0,0,0,0,0,0,0,0,-145,1,0,0,0,154.75,0,0,3,0,0,0,1000
8732,0,23,3000,500,1000,0,18,0,0,0,0,0,0,0,0,-145,1,0,0,0,154.75,0,0,3,0,0,0,1000
8733,0,24,3000,500,1000,0,17,0,0,0,0,0,0,0,0,-145,1,0,0,0,154.75,0,0,3,0,0,0,1000
8734,0,25,3000,500,1000,0,16,0,0,0,0,0,0,0,0,-145,1,0,0,0,154.75,0,0,3,0,0,0,1000
8735,0,26,3000,500,1000,0,15,0,0,0,0,0,0,0,0,-145,1,0,0,0,154.75,0,0,3,0,0,0,1000
8736,0,27,3000,500,1000,0,14,0,0,0,0,0,0,0,0,-145,1,0,0,0,154.75,0,0,3,0,0,0,1000
8737,0,28,3000,500,1000,0,13,0,0,0,0,0,0,0,0,-145,1,0,0,0,154.75,0,0,3,0,0,0,1000
8738,0,29,3000,500,1000,0,12,0,0,0,0,0,0,0,0,-145,1,0,0,0,154.75,0,0,3,0,0,0,1000
8739,0,30,3000,500,1000,0,11,0,0,0,0,0,0,0,0,-145,1,0,0,0,154.75,0,0,3,0,0,0,1000
8740,0,31,3000,500,1000,0,10,0,0,0,0,0,0,0,0,-145,1,0,0,0,154.75,0,0,3,0,0,0,1000
8741,0,32,3000,500,1000,0,9,0,0,0,0,0,0,0,0,-145,1,0,0,0,154.75,0,0,3,0,0,0,1000
8742,0,33,3000,500,1000,0,8,0,0,0,0,0,0,0,0,-145,1,0,0,0,154.75,0,0,3,0,0,0,1000
8743,0,34,3000,500,1000,0,7,0,0,0,0,0,0,0,0,-145,1,0,0,0,154.75,0,0,3,0,0,0,1000
8744,0,35,3000,500,1000,0,6,0,0,0,0,0,0,0,0,-145,1,0,0,0,154.75,0,0,3,0,0,0,1000
8745,0,36,3000,500,1000,0,5,0,0,0,0,0,0,0,0,-145,1,0,0,0,154.75,0,0,3,0,0,0,1000
8746,0,37,3000,500,1000,0,4,0,0,0,0,0,0,0,0,-145,1,0,0,0,154.75,0,0,3,0,0,0,1000
8747,0,38,3000,500,1000,0,3,0,0,0,0,0,0,0,0,-145,1,0,0,0,154.75,0,0,3,0,0,0,1000
8748,0,39,3000,500,1000,0,2,0,0,0,0,0,0,0,0,-145,1,0,0,0,154.75,0,0,3,0,0,0,1000
8749,0,40,3000,500,1000,0,1,0,0,0,0,0,0,0,0,-145,1,0,0,0,154.75,0,0,3,0,0,0,1000
8750,0,41,3000,500,1000,0,0,0,0,0,0,0,0,0,0,-145,1,0,0,0,154.75,0,0,3,0,0,0,1000
8751,0,42,3000,500,1000,0,0,0,0,0,0,0,0,0,0,-145,1,0,0,0,154.75,0,0,3,0,0,0,1000
8752,0,43,3000,500,1000,0,0,0,0,0,0,0,0,0,0,-145,1,0,0,0,154.75,0,0,3,0,0,0,1000
8753,0,44,3000,500,1000,0,0,0,0,0,0,0,0,0,0,-145,1,0,0,0,154.75,0,0,3,0,0,0,1000
8754,0,45,3000,500,1000,0,0,0,0,0,0,0,0,0,0,-145,1,0,0,0,154.75,0,0,3,0,0,0,1000
8755,0,46,3000,500,1000,0,0,0,0,0,0,0,0,0,0,-145,1,0,0,0,154.75,0,0,3,0,0,0,1000
8756,0,47,3000,500,1000,0,0,0,0,0,0,0,0,0,0,-145,1,0,0,0,154.75,0,0,3,0,0,0,1000
8757,0,48,3000,500,1000,0,0,0,0,0,0,0,0,0,0,-145,1,0,0,0,154.75,0,0,3,0,0,0,1000
8758,0,49,3000,500,1000,0,0,0,0,0,0,0,0,0,0,-145,1,0,0,0,154.75,0,0,3,0,0,0,1000
8759,0,50,3000,500,1000,0,0,0,0,0,0,0,0,0,0,-145,1,0,0,0,154.75,0,0,3,0,0,0,1000
8760,0,51,3000,500,1000,0,0,0,0,0,0,0,0,0,0,-145,1,0,0,0,154.75,0,0,3,0,0,0,1000
8761,0,52,3000,500,1000,0,0,0,0,0,0,0,0,0,0,-145,1,0,0,0,154.75,0,0,3,0,0,0,1000
8762,0,53,3000,500,1000,0,0,0,0,0,0,0,0,0,0,-145,1,0,0,0,154.75,0,0,3,0,0,0,1000
8763,0,54,3000,500,1000,0,0,0,0,0,0,0,0,0,0,-145,1,0,0,0,154.75,0,0,3,0,0,0,1000
8764,0,55,3000,500,1000,0,0,0,0,0,0,0,0,0,0,-145,1,0,0,0,154.75,0,0,3,0,0,0,1000
8765,0,56,3000,500,1000,0,0,0,0,0,0,0,0,0,0,-145,1,0,0,0,154.75,0,0,3,0,0,0,1000
8766,0,57,3000,500,1000,0,0,0,0,0,0,0,0,0,0,-145,1,0,0,0,154.75,0,0,3,0,0,0,1000
8767,0,58,3000,500,1000,0,0,0,0,0,0,0,0,0,0,-145,1,0,0,0,154.75,0,0,3,0,0,0,1000
8768,0,59,3000,500,1000,0,0,0,0,0,0,0,0,0,0,-145,1,0,0,0,154.75,0,0,3,0,0,0,1000
8769,0,60,3000,500,1000,0,0,0,0,0,0,0,0,0,0,-145,1,0,0,0,154.75,0,0,3,0,0,0,1000
8770,0,61,3000,500,1000,0,0,0,0,0,0,0,0,0,0,-145,1,0,0,0,154.75,0,0,3,0,0,0,1000
8771,0,62,3000,500,1000,0,0,0,0,0,0,0,0,0,0,-145,1,0,0,0,154.75,0,0,3,0,0,0,1000
8772,0,63,3000,500,1000,0,0,0,0,0,0,0,0,0,0,-145,1,0,0,0,154.75,0,0,3,0,0,0,1000
8773,0,64,3000,500,1000,0,0,0,0,0,0,0,0,0,0,-145,1,0,0,0,154.75,0,0,3,0,0,0,1000
8774,0,65,3000,500,1000,0,0,0,0,0,0,0,0,0,0,-145,1,0,0,0,154.75,0,0,3,0,0,0,1000
8775,0,66,3000,500,1000,0,0,0,0,0,0,0,0,0,0,-145,1,0,0,0,154.75,0,0,3,0,0,0,1000
8776,0,67,3000,500,1000,0,0,0,0,0,0,0,0,0,0,-145,1,0,0,0,154.75,0,0,3,0,0,0,1000
8777,0,68,3000,500,1000,0,0,0,0,0,0,0,0,0,0,-145,1,0,0,0,154.75,0,0,3,0,0,0,1000
8778,0,69,3000,500,1000,0,0,0,0,0,0,0,0,0,0,-145,1,0,0,0,154.75,0,0,3,0,0,0,1000
8779,0,70,3000,500,1000,0,0,0,0,0,0,0,0,0,0,-145,1,0,0,0,154.75,0,0,3,0,0,0,1000
8780,0,71,3000,500,1000,0,0,0,0,0,0,0,0,0,0,-145,1,0,0,0,154.75,0,0,3,0,0,0,1000
8781,0,72,3000,500,1000,0,0,0,0,0,0,0,0,0,0,-145,1,0,0,0,154.75,0,0,3,0,0,0,1000
8782,0,73,3000,500,1000,0,0,0,0,0,0,0,0,0,0,-145,1,0,0,0,154.75,0,0,3,0,0,0,1000
8783,0,74,3000,500,1000,0,0,0,0,0,0,0,0,0,0,-145,1,0,0,0,154.75,0,0,3,0,0,0,1000
8784,0,75,3000,500,1000,0,0,0,0,0,0,0,0,0,0,-145,1,0,0,0,154.75,0,0,3,0,0,0,1000
8785,0,76,3000,500,1000,0,0,0,0,0,0,0,0,0,0,-145,1,0,0,0,154.75,0,0,3,0,0,0,1000
8786,0,77,3000,500,1000,0,0,0,0,0,0,0,0,0,0,-145,1,0,0,0,154.75,0,0,3,0,0,0,1000
8787,0,78,3000,500,1000,0,0,0,0,0,0,0,0,0,0,-145,1,0,0,0,154.75,0,0,3,0,0,0,1000
8788,0,79,3000,500,1000,0,0,0,0,0,0,0,0,0,0,-145,1,0,0,0,154.75,0,0,3,0,0,0,1000
8789,0,80,3000,500,1000,0,0,0,0,0,0,0,0,0,0,-145,1,0,0,0,154.75,0,0,3,0,0,0,1000
8790,0,81,3000,500,1000,0,0,0,0,0,0,0,0,0,0,-145,1,0,0,0,154.75,0,0,3,0,0,0,1000
8791,0,82,3000,500,1000,0,0,0,0,0,0,0,0,0,0,-145,1,0,0,0,154.75,0,0,3,0,0,0,1000
8792,0,83,3000,500,1000,0,0,0,0,0,0,0,0,0,0,-145,1,0,0,0,154.75,0,0,3,0,0,0,1000
8793,0,84,3000,500,1000,0,0,0,0,0,0,0,0,0,0,-145,1,0,0,0,154.75,0,0,3,0,0,0,1000
8794,0,85,3000,500,1000,0,0,0,0,0,0,0,0,0,0,-145,1,0,0,0,154.75,0,0,3,0,0,0,1000
8795,0,86,3000,500,1000,0,0,0,0,0,0,0,0,0,0,-145,1,0,0,0,154.75,0,0,3,0,0,0,1000
8796,0,87,3000,500,1000,0,0,0,0,0,0,0,0,0,0,-145,1,0,0,0,154.75,0,0,3,0,0,0,1000
8797,0,88,3000,500,1000,0,0,0,0,0,0,0,0,0,0,-145,1,0,0,0,154.75,0,0,3,0,0,0,1000
8798,0,89,3000,500,1000,0,0,0,0,0,0,0,0,0,0,-145,1,0,0,0,154.75,0,0,3,0,0,0,1000
8799,0,90,3000,500,1000,0,0,0,0,0,0,0,0,0,0,-145,1,0,0,0,154.75,0,0,3,0,0,0,1000
8800,0,91,3000,500,1000,0,0,0,0,0,0,0,0,0,0,-145,1,0,0,0,154.75,0,0,3,0,0,0,1000
8801,0,92,3000,500,1000,0,0,0,0,0,0,0,0,0,0,-145,1,0,0,0,154.75,0,0,3,0,0,0,1000
8802,0,93,3000,500,1000,0,0,0,0,0,0,0,0,0,0,-145,1,0,0,0,154.75,0,0,3,0,0,0,1000
8803,0,94,3000,500,1000,0,0,0,0,0,0,0,0,0,0,-145,1,0,0,0,154.75,0,0,3,0,0,0,1000
8804,0,95,3000,500,1000,0,0,0,0,0,0,0,0,0,0,-145,1,0,0,0,154.75,0,0,3,0,0,0,1000
8805,0,96,3000,500,1000,0,0,0,0,0,0,0,0,0,0,-145,1,0,0,0,154.75,0,0,3,0,0,0,1000
8806,0,97,3000,500,1000,0,0,0,0,0,0,0,0,0,0,-145,1,0,0,0,154.75,0,0,3,0,0,0,1000
8807,0,98,3000,500,1000,0,0,0,0,0,0,0,0,0,0,-145,1,0,0,0,154.75,0,0,3,0,0,0,1000
8808,0,99,3000,500,1000,0,0,0,0,0,0,0,0,0,0,-145,1,0,0,0,154.75,0,0,3,0,0,0,1000
8809,0,100,3000,500,1000,0,0,0,0,0,0,0,0,0,0,-145,1,0,0,0,154.75,0,0,3,0,0,0,1000
8810,0,101,3000,500,1000,0,0,0,0,0,0,0,0,0,0,-145,1,0,0,0,154.75,0,0,3,0,0,0,1000
8811,0,102,3000,500,1000,0,0,0,0,0,0,0,0,0,0,-145,1,0,0,0,154.75,0,0,3,0,0,0,1000
8812,0,103,3000,500,1000,0,0,0,0,0,0,0,0,0,0,-145,1,0,0,0,154.75,0,0,3,0,0,0,1000
8813,0,104,3000,500,1000,0,0,0,0,0,0,0,0,0,0,-145,1,0,0,0,154.75,0,0,3,0,0,0,1000
8814,0,105,3000,500,1000,0,0,0,0,0,0,0,0,0,0,-145,1,0,0,0,154.75,0,0,3,0,0,0,1000
8815,0,106,3000,500,1000,0,0,0,0,0,0,0,0,0,0,-145,1,0,0,0,154.75,0,0,3,0,0,0,1000
8816,0,107,3000,500,1000,0,0,0,0,0,0,0,0,0,0,-145,1,0,0,0,154.75,0,0,3,0,0,0,1000
8817,0,108,3000,500,1000,0,0,0,0,0,0,0,0,0,0,-145,1,0,0,0,154.75,0,0,3,0,0,0,1000
8818,0,109,3000,500,1000,0,0,0,0,0,0,0,0,0,0,-145,1,0,0,0,154.75,0,0,3,0,0,0,1000
8819,0,110,3000,500,1000,0,0,0,0,0,0,0,0,0,0,-145,1,0,0,0,154.75,0,0,3,0,0,0,1000
8820,0,111,3000,500,1000,0,0,0,0,0,0,0,0,0,0,-145,1,0,0,0,154.75,0,0,3,0,0,0,1000
8821,0,112,3000,500,1000,0,0,0,0,0,0,0,0,0,0,-145,1,0,0,0,154.75,0,0,3,0,0,0,1000
8822,0,113,3000,500,1000,0,0,0,0,0,0,0,0,0,0,-145,1,0,0,0,154.75,0,0,3,0,0,0,1000
8823,0,114,3000,500,1000,0,0,0,0,0,0,0,0,0,0,-145,1,0,0,0,154.75,0,0,3,0,0,0,1000
8824,0,115,3000,500,1000,0,0,0,0,0,0,0,0,0,0,-145,1,0,0,0,154.75,0,0,3,0,0,0,1000
8825,0,116,3000,500,1000,0,0,0,0,0,0,0,0,0,0,-145,1,0,0,0,154.75,0,0,3,0,0,0,1000
8826,0,117,3000,500,1000,0,0,0,0,0,0,0,0,0,0,-145,1,0,0,0,154.75,0,0,3,0,0,0,1000
8827,0,118,3000,500,1000,0,0,0,0,0,0,0,0,0,0,-145,1,0,0,0,154.75,0,0,3,0,0,0,1000
8828,0,119,3000,500,1000,0,0,0,0,0,0,0,0,0,0,-145,1,0,0,0,154.75,0,0,3,0,0,0,1000
8829,0,120,3000,500,1000,0,0,0,0,0,0,0,0,0,0,-145,1,0,0,0,154.75,0,0,3,0,0,0,1000
8830,0,121,3000,500,1000,0,0,0,0,0,0,0,0,0,0,-145,1,0,0,0,154.75,0,0,3,0,0,0,1000
8831,0,122,3000,500,1000,0,0,0,0,0,0,0,0,0,0,-145,1,0,0,0,154.75,0,0,3,0,0,0,1000
8832,0,123,3000,500,1000,0,0,0,0,0,0,0,0,0,0,-145,1,0,0,0,154.75,0,0,3,0,0,0,1000
8833,0,124,3000,500,1000,0,0,0,0,0,0,0,0,0,0,-145,1,0,0,0,154.75,0,0,3,0,0,0,1000
8834,0,125,3000,500,1000,0,0,0,0,0,0,0,0,0,0,-145,1,0,0,0,154.75,0,0,3,0,0,0,1000
8835,0,126,3000,500,1000,0,0,0,0,0,0,0,0,0,0,-145,1,0,0,0,154.75,0,0,3,0,0,0,1000
8836,0,127,3000,500,1000,0,0,0,0,0,0,0,0,0,0,-145,1,0,0,0,154.75,0,0,3,0,0,0,1000
8837,0,128,3000,500,1000,0,0,0,0,0,0,0,0,0,0,-145,1,0,0,0,154.75,0,0,3,0,0,0,1000
8838,0,129,3000,500,1000,0,0,0,0,0,0,0,0,0,0,-145,1,0,0,0,154.75,0,0,3,0,0,0,1000
8839,0,130,3000,500,1000,0,0,0,0,0,0,0,0,0,0,-145,1,0,0,0,154.75,0,0,3,0,0,0,1000
8840,0,131,3000,500,1000,0,0,0,0,0,0,0,0,0,0,-145,1,0,0,0,154.75,0,0,3,0,0,0,1000
8841,0,132,3000,500,1000,0,0,0,0,0,0,0,0,0,0,-145,1,0,0,0,154.75,0,0,3,0,0,0,1000
8842,0,133,3000,500,1000,0,0,0,0,0,0,0,0,0,0,-145,1,0,0,0,154.75,0,0,3,0,0,0,1000
8843,0,134,3000,500,1000,0,0,0,0,0,0,0,0,0,0,-145,1,0,0,0,154.75,0,0,3,0,0,0,1000
8844,0,135,3000,500,1000,0,0,0,0,0,0,0,0,0,0,-145,1,0,0,0,154.75,0,0,3,0,0,0,1000
8845,0,136,3000,500,1000,0,0,0,0,0,0,0,0,0,0,-145,1,0,0,0,154.75,0,0,3,0,0,0,1000
8846,0,137,3000,500,1000,0,0,0,0,0,0,0,0,0,0,-145,1,0,0,0,154.75,0,0,3,0,0,0,1000
8847,0,138,3000,500,1000,0,0,0,0,0,0,0,0,0,0,-145,1,0,0,0,154.75,0,0,3,0,0,0,1000
8848,0,139,3000,500,1000,0,0,0,0,0,0,0,0,0,0,-145,1,0,0,0,154.75,0,0,3,0,0,0,1000
8849,0,140,3000,500,1000,0,0,0,0,0,0,0,0,0,0,-145,1,0,0,0,154.75,0,0,3,0,0,0,1000
8850,0,141,3000,500,1000,0,0,0,0,0,0,0,0,0,0,-145,1,0,0,0,154.75,0,0,3,0,0,0,1000
8851,0,142,3000,500,1000,0,0,0,0,0,0,0,0,0,0,-145,1,0,0,0,154.75,0,0,3,0,0,0,1000
8852,0,143,3000,500,1000,0,0,0,0,0,0,0,0,0,0,-145,1,0,0,0,154.75,0,0,3,0,0,0,1000
8853,0,144,3000,500,1000,0,0,0,0,0,0,0,0,0,0,-145,1,0,0,0,154.75,0,0,3,0,0,0,1000
8854,0,145,3000,500,1000,0,0,0,0,0,0,0,0,0,0,-145,1,0,0,0,154.75,0,0,3,0,0,0,1000
8855,0,146,3000,500,1000,0,0,0,0,0,0,0,0,0,0,-145,1,0,0,0,154.75,0,0,3,0,0,0,1000
8856,0,147,3000,500,1000,0,0,0,0,0,0,0,0,0,0,-145,1,0,0,0,154.75,0,0,3,0,0,0,1000
8857,0,148,3000,500,1000,0,0,0,0,0,0,0,0,0,0,-145,1,0,0,0,154.75,0,0,3,0,0,0,1000
8858,0,149,3000,500,1000,0,0,0,0,0,0,0,0,0,0,-145,1,0,0,0,154.75,0,0,3,0,0,0,1000
8859,0,150,3000,500,1000,0,0,0,0,0,0,0,0,0,0,-145,1,0,0,0,154.75,0,0,3,0,0,0,1000
8860,0,151,3000,500,1000,0,0,0,0,0,0,0,0,0,0,-145,1,0,0,0,154.75,0,0,3,0,0,0,1000
8861,0,152,3000,500,1000,0,0,0,0,0,0,0,0,0,0,-145,1,0,0,0,154.75,0,0,3,0,0,0,1000
8862,0,153,3000,500,1000,0,0,0,0,0,0,0,0,0,0,-145,1,0,0,0,154.75,0,0,3,0,0,0,1000
8863,0,154,3000,500,1000,0,0,0,0,0,0,0,0,0,0,-145,1,0,0,0,154.75,0,0,3,0,0,0,1000
8864,0,155,3000,500,1000,0,0,0,0,0,0,0,0,0,0,-145,1,0,0,0,154.75,0,0,3,0,0,0,1000
8865,0,156,3000,500,1000,0,0,0,0,0,0,0,0,0,0,-145,1,0,0,0,154.75,0,0,3,0,0,0,1000
8866,0,157,3000,500,1000,0,0,0,0,0,0,0,0,0,0,-145,1,0,0,0,154.75,0,0,3,0,0,0,1000
8867,0,158,3000,500,1000,0,0,0,0,0,0,0,0,0,0,-145,1,0,0,0,154.75,0,0,3,0,0,0,1000
8868,0,159,3000,500,1000,0,0,0,0,0,0,0,0,0,0,-145,1,0,0,0,154.75,0,0,3,0,0,0,1000
8869,0,160,3000,500,1000,0,0,0,0,0,0,0,0,0,0,-145,1,0,0,0,154.75,0,0,3,0,0,0,1000
8870,0,161,3000,500,1000,0,0,0,0,0,0,0,0,0,0,-145,1,0,0,0,154.75,0,0,3,0,0,0,1000
8871,0,162,3000,500,1000,0,0,0,0,0,0,0,0,0,0,-145,1,0,0,0,154.75,0,0,3,0,0,0,1000
8872,0,163,3000,500,1000,0,0,0,0,0,0,0,0,0,0,-145,1,0,0,0,154.75,0,0,3,0,0,0,1000
8873,0,164,3000,500,1000,0,0,0,0,0,0,0,0,0,0,-145,1,0,0,0,154.75,0,0,3,0,0,0,1000
8874,0,165,3000,500,1000,0,0,0,0,0,0,0,0,0,0,-145,1,0,0,0,154.75,0,0,3,0,0,0,1000
8875,0,166,3000,500,1000,0,0,0,0,0,0,0,0,0,0,-145,1,0,0,0,154.75,0,0,3,0,0,0,1000
8876,0,167,3000,500,1000,0,0,0,0,0,0,0,0,0,0,-145,1,0,0,0,154.75,0,0,3,0,0,0,1000
8877,0,168,3000,500,1000,0,0,0,0,0,0,0,0,0,0,-145,1,0,0,0,154.75,0,0,3,0,0,0,1000
8878,0,169,3000,500,1000,0,0,0,0,0,0,0,0,0,0,-145,1,0,0,0,154.75,0,0,3,0,0,0,1000
8879,0,170,3000,500,1000,0,0,0,0,0,0,0,0,0,0,-145,1,0,0,0,154.75,0,0,3,0,0,0,1000
8880,0,171,3000,500,1000,0,0,0,0,0,0,0,0,0,0,-145,1,0,0,0,154.75,0,0,3,0,0,0,1000
8881,0,172,3000,500,1000,0,0,0,0,0,0,0,0,0,0,-145,1,0,0,0,154.75,0,0,3,0,0,0,1000
8882,0,173,3000,500,1000,0,0,0,0,0,0,0,0,0,0,-145,1,0,0,0,154.75,0,0,3,0,0,0,1000
8883,0,174,3000,500,1000,0,0,0,0,0,0,0,0,0,0,-145,1,0,0,0,154.75,0,0,3,0,0,0,1000
8884,0,175,3000,500,1000,0,0,0,0,0,0,0,0,0,0,-145,1,0,0,0,154.75,0,0,3,0,0,0,1000
8885,0,176,3000,500,1000,0,0,0,0,0,0,0,0,0,0,-145,1,0,0,0,154.75,0,0,3,0,0,0,1000
8886,0,177,3000,500,1000,0,0,0,0,0,0,0,0,0,0,-145,1,0,0,0,154.75,0,0,3,0,0,0,1000
8887,0,178,3000,500,1000,0,0,0,0,0,0,0,0,0,0,-145,1,0,0,0,154.75,0,0,3,0,0,0,1000
8888,0,179,3000,500,1000,0,0,0,0,0,0,0,0,0,0,-145,1,0,0,0,154.75,0,0,3,0,0,0,1000
8889,0,180,3000,500,1000,0,0,0,0,0,0,0,0,0,0,-145,1,0,0,0,154.75,0,0,3,0,0,0,1000
8890,0,181,3000,500,1000,0,0,0,0,0,0,0,0,0,0,-145,1,0,0,0,154.75,0,0,3,0,0,0,1000
8891,0,182,3000,500,1000,0,0,0,0,0,0,0,0,0,0,-145,1,0,0,0,154.75,0,0,3,0,0,0,1000
8892,0,183,3000,500,1000,0,0,0,0,0,0,0,0,0,0,-145,1,0,0,0,154.75,0,0,3,0,0,0,1000
8893,0,184,3000,500,1000,0,0,0,0,0,0,0,0,0,0,-145,1,0,0,0,154.75,0,0,3,0,0,0,1000
8894,0,185,3000,500,1000,0,0,0,0,0,0,0,0,0,0,-145,1,0,0,0,154.75,0,0,3,0,0,0,1000
8895,0,186,3000,500,1000,0,0,0,0,0,0,0,0,0,0,-145,1,0,0,0,154.75,0,0,3,0,0,0,1000
8896,0,187,3000,500,1000,0,0,0,0,0,0,0,0,0,0,-145,1,0,0,0,154.75,0,0,3,0,0,0,1000
8897,0,188,3000,500,1000,0,0,0,0,0,0,0,0,0,0,-145,1,0,0,0,154.75,0,0,3,0,0,0,1000
8898,0,189,3000,500,1000,0,0,0,0,0,0,0,0,0,0,-145,1,0,0,0,154.75,0,0,3,0,0,0,1000
8899,0,190,3000,500,1000,0,0,0,0,0,0,0,0,0,0,-145,1,0,0,0,154.75,0,0,3,0,0,0,1000
8900,0,191,3000,500,1000,0,0,0,0,0,0,0,0,0,0,-145,1,0,0,0,154.75,0,0,3,0,0,0,1000
8901,0,192,3000,500,1000,0,0,0,0,0,0,0,0,0,0,-145,1,0,0,0,154.75,0,0,3,0,0,0,1000
8902,0,193,3000,500,1000,0,0,0,0,0,0,0,0,0,0,-145,1,0,0,0,154.75,0,0,3,0,0,0,1000
8903,0,194,3000,500,1000,0,0,0,0,0,0,0,0,0,0,-145,1,0,0,0,154.75,0,0,3,0,0,0,1000
8904,0,195,3000,500,1000,0,0,0,0,0,0,0,0,0,0,-145,1,0,0,0,154.75,0,0,3,0,0,0,1000
8905,0,196,3000,500,1000,0,0,0,0,0,0,0,0,0,0,-145,1,0,0,0,154.75,0,0,3,0,0,0,1000
8906,0,197,3000,500,1000,0,0,0,0,0,0,0,0,0,0,-145,1,0,0,0,154.75,0,0,3,0,0,0,1000
8907,0,198,3000,500,1000,0,0,0,0,0,0,0,0,0,0,-145,1,0,0,0,154.75,0,0,3,0,0,0,1000
8908,0,199,3000,500,1000,0,0,0,0,0,0,0,0,0,0,-145,1,0,0,0,154.75,0,0,3,0,0,0,1000
8909,0,200,3000,500,1000,0,0,0,0,0,0,0,0,0,0,-145,1,0,0,0,154.75,0,0,3,0,0,0,1000
8910,0,201,3000,500,1000,0,0,0,0,0,0,0,0,0,0,-145,1,0,0,0,154.75,0,0,3,0,0,0,1000
8911,0,202,3000,500,1000,0,0,0,0,0,0,0,0,0,0,-145,1,0,0,0,154.75,0,0,3,0,0,0,1000
8912,0,203,3000,500,1000,0,0,0,0,0,0,0,0,0,0,-145,1,0,0,0,154.75,0,0,3,0,0,0,1000
8913,0,204,3000,500,1000,0,0,0,0,0,0,0,0,0,0,-145,1,0,0,0,154.75,0,0,3,0,0,0,1000
8914,0,205,3000,500,1000,0,0,0,0,0,0,0,0,0,0,-145,1,0,0,0,154.75,0,0,3,0,0,0,1000
8915,0,206,3000,500,1000,0,0,0,0,0,0,0,0,0,0,-145,1,0,0,0,154.75,0,0,3,0,0,0,1000
8916,0,207,3000,500,1000,0,0,0,0,0,0,0,0,0,0,-145,1,0,0,0,154.75,0,0,3,0,0,0,1000
8917,0,208,3000,500,1000,0,0,0,0,0,0,0,0,0,0,-145,1,0,0,0,154.75,0,0,3,0,0,0,1000
8918,0,209,3000,500,1000,0,0,0,0,0,0,0,0,0,0,-145,1,0,0,0,154.75,0,0,3,0,0,0,1000
8919,0,210,3000,500,1000,0,0,0,0,0,0,0,0,0,0,-145,1,0,0,0,154.75,0,0,3,0,0,0,1000
8920,0,211,3000,500,1000,0,0,0,0,0,0,0,0,0,0,-145,1,0,0,0,154.75,0,0,3,0,0,0,1000
8921,0,212,3000,500,1000,0,0,0,0,0,0,0,0,0,0,-145,1,0,0,0,154.75,0,0,3,0,0,0,1000
8922,0,213,3000,500,1000,0,0,0,0,0,0,0,0,0,0,-145,1,0,0,0,154.75,0,0,3,0,0,0,1000
8923,0,214,3000,500,1000,0,0,0,0,0,0,0,0,0,0,-145,1,0,0,0,154.75,0,0,3,0,0,0,1000
8924,0,215,3000,500,1000,0,0,0,0,0,0,0,0,0,0,-145,1,0,0,0,154.75,0,0,3,0,0,0,1000
8925,0,216,3000,500,1000,0,0,0,0,0,0,0,0,0,0,-145,1,0,0,0,154.75,0,0,3,0,0,0,1000
8926,0,217,3000,500,1000,0,0,0,0,0,0,0,0,0,0,-145,1,0,0,0,154.75,0,0,3,0,0,0,1000
8927,0,218,3000,500,1000,0,0,0,0,0,0,0,0,0,0,-145,1,0,0,0,154.75,0,0,3,0,0,0,1000
8928,0,219,3000,500,1000,0,0,0,0,0,0,0,0,0,0,-145,1,0,0,0,154.75,0,0,3,0,0,0,1000
8929,0,220,3000,500,1000,0,0,0,0,0,0,0,0,0,0,-145,1,0,0,0,154.75,0,0,3,0,0,0,1000
8930,0,221,3000,500,1000,0,0,0,0,0,0,0,0,0,0,-145,1,0,0,0,154.75,0,0,3,0,0,0,1000
8931,0,222,3000,500,1000,0,0,0,0,0,0,0,0,0,0,-145,1,0,0,0,154.75,0,0,3,0,0,0,1000
8932,0,223,3000,500,1000,0,0,0,0,0,0,0,0,0,0,-145,1,0,0,0,154.75,0,0,3,0,0,0,1000
8933,0,224,3000,500,1000,0,0,0,0,0,0,0,0,0,0,-145,1,0,0,0,154.75,0,0,3,0,0,0,1000
8934,0,225,3000,500,1000,0,0,0,0,0,0,0,0,0,0,-145,1,0,0,0,154.75,0,0,3,0,0,0,1000
8935,0,226,3000,500,1000,0,0,0,0,0,0,0,0,0,0,-145,1,0,0,0,154.75,0,0,3,0,0,0,1000
8936,0,227,3000,500,1000,0,0,0,0,0,0,0,0,0,0,-145,1,0,0,0,154.75,0,0,3,0,0,0,1000
8937,0,228,3000,500,1000,0,0,0,0,0,0,0,0,0,0,-145,1,0,0,0,154.75,0,0,3,0,0,0,1000
8938,0,229,3000,500,1000,0,0,0,0,0,0,0,0,0,0,-145,1,0,0,0,154.75,0,0,3,0,0,0,1000
8939,0,230,3000,500,1000,0,0,0,0,0,0,0,0,0,0,-145,1,0,0,0,154.75,0,0,3,0,0,0,1000
8940,0,231,3000,500,1000,0,0,0,0,0,0,0,0,0,0,-145,1,0,0,0,154.75,0,0,3,0,0,0,1000
8941,0,232,3000,500,1000,0,0,0,0,0,0,0,0,0,0,-145,1,0,0,0,154.75,0,0,3,0,0,0,1000
8942,0,233,3000,500,1000,0,0,0,0,0,0,0,0,0,0,-145,1,0,0,0,154.75,0,0,3,0,0,0,1000
8943,0,234,3000,500,1000,0,0,0,0,0,0,0,0,0,0,-145,1,0,0,0,154.75,0,0,3,0,0,0,1000
8944,0,235,3000,500,1000,0,0,0,0,0,0,0,0,0,0,-145,1,0,0,0,154.75,0,0,3,0,0,0,1000
8945,0,236,3000,500,1000,0,0,0,0,0,0,0,0,0,0,-145,1,0,0,0,154.75,0,0,3,0,0,0,1000
8946,0,237,3000,500,1000,0,0,0,0,0,0,0,0,0,0,-145,1,0,0,0,154.75,0,0,3,0,0,0,1000
8947,0,238,3000,500,1000,0,0,0,0,0,0,0,0,0,0,-145,1,0,0,0,154.75,0,0,3,0,0,0,1000
8948,0,239,3000,500,1000,0,0,0,0,0,0,0,0,0,0,-145,1,0,0,0,154.75,0,0,3,0,0,0,1000
8949,0,240,3000,500,1000,0,0,0,0,0,0,0,0,0,0,-145,1,0,0,0,154.75,0,0,3,0,0,0,1000
8950,0,241,3000,500,1000,0,0,0,0,0,0,0,0,0,0,-145,1,0,0,0,154.75,0,0,3,0,0,0,1000
8951,0,242,3000,500,1000,0,0,0,0,0,0,0,0,0,0,-145,1,0,0,0,154.75,0,0,3,0,0,0,1000
8952,0,243,3000,500,1000,0,0,0,0,0,0,0,0,0,0,-145,1,0,0,0,154.75,0,0,3,0,0,0,1000
8953,0,244,3000,500,1000,0,0,0,0,0,0,0,0,0,0,-145,1,0,0,0,154.75,0,0,3,0,0,0,1000
8954,0,245,3000,500,1000,0,0,0,0,0,0,0,0,0,0,-145,1,0,0,0,154.75,0,0,3,0,0,0,1000
8955,0,246,3000,500,1000,0,0,0,0,0,0,0,0,0,0,-145,1,0,0,0,154.75,0,0,3,0,0,0,1000
8956,0,247,3000,500,1000,0,0,0,0,0,0,0,0,0,0,-145,1,0,0,0,154.75,0,0,3,0,0,0,1000
8957,0,248,3000,500,1000,0,0,0,0,0,0,0,0,0,0,-145,1,0,0,0,154.75,0,0,3,0,0,0,1000
8958,0,249,3000,500,1000,0,0,0,0,0,0,0,0,0,0,-145,1,0,0,0,154.75,0,0,3,0,0,0,1000
8959,0,250,3000,500,1000,0,0,0,0,0,0,0,0,0,0,-145,1,0,0,0,154.75,0,0,3,0,0,0,1000
8960,0,251,3000,500,1000,0,0,0,0,0,0,0,0,0,0,-145,1,0,0,0,154.75,0,0,3,0,0,0,1000
8961,0,252,3000,500,1000,0,0,0,0,0,0,0,0,0,0,-145,1,0,0,0,154.75,0,0,3,0,0,0,1000
8962,0,253,3000,500,1000,0,0,0,0,0,0,0,0,0,0,-145,1,0,0,0,154.75,0,0,3,0,0,0,1000
8963,0,254,3000,500,1000,0,0,0,0,0,0,0,0,0,0,-145,1,0,0,0,154.75,0,0,3,0,0,0,1000
8964,0,255,3000,500,1000,0,0,0,0,0,0,0,0,0,0,-145,1,0,0,0,154.75,0,0,3,0,0,0,1000
8965,0,256,3000,500,1000,0,0,0,0,0,0,0,0,0,0,-145,1,0,0,0,154.75,0,0,3,0,0,0,1000
8966,0,257,3000,500,1000,0,0,0,0,0,0,0,0,0,0,-145,1,0,0,0,154.75,0,0,3,0,0,0,1000
8967,0,258,3000,500,1000,0,0,0,0,0,0,0,0,0,0,-145,1,0,0,0,154.75,0,0,3,0,0,0,1000
8968,0,259,3000,500,1000,0,0,0,0,0,0,0,0,0,0,-145,1,0,0,0,154.75,0,0,3,0,0,0,1000
8969,0,260,3000,500,1000,0,0,0,0,0,0,0,0,0,0,-145,1,0,0,0,154.75,0,0,3,0,0,0,1000
8970,0,261,3000,500,1000,0,0,0,0,0,0,0,0,0,0,-145,1,0,0,0,154.75,0,0,3,0,0,0,1000
8971,0,262,3000,500,1000,0,0,0,0,0,0,0,0,0,0,-145,1,0,0,0,154.75,0,0,3,0,0,0,1000
8972,0,263,3000,500,1000,0,0,0,0,0,0,0,0,0,0,-145,1,0,0,0,154.75,0,0,3,0,0,0,1000
8973,0,264,3000,500,1000,0,0,0,0,0,0,0,0,0,0,-145,1,0,0,0,154.75,0,0,3,0,0,0,1000
8974,0,265,3000,500,1000,0,0,0,0,0,0,0,0,0,0,-145,1,0,0,0,154.75,0,0,3,0,0,0,1000
8975,0,266,3000,500,1000,0,0,0,0,0,0,0,0,0,0,-145,1,0,0,0,154.75,0,0,3,0,0,0,1000
8976,0,267,3000,500,1000,0,0,0,0,0,0,0,0,0,0,-145,1,0,0,0,154.75,0,0,3,0,0,0,1000
8977,0,268,3000,500,1000,0,0,0,0,0,0,0,0,0,0,-145,1,0,0,0,154.75,0,0,3,0,0,0,1000
8978,0,269,3000,500,1000,0,0,0,0,0,0,0,0,0,0,-145,1,0,0,0,154.75,0,0,3,0,0,0,1000
8979,0,270,3000,500,1000,0,0,0,0,0,0,0,0,0,0,-145,1,0,0,0,154.75,0,0,3,0,0,0,1000
8980,0,271,3000,500,1000,0,0,0,0,0,0,0,0,0,0,-145,1,0,0,0,154.75,0,0,3,0,0,0,1000
8981,0,272,3000,500,1000,0,0,0,0,0,0,0,0,0,0,-145,1,0,0,0,154.75,0,0,3,0,0,0,1000
8982,0,273,3000,500,1000,0,0,0,0,0,0,0,0,0,0,-145,1,0,0,0,154.75,0,0,3,0,0,0,1000
8983,0,274,3000,500,1000,0,0,0,0,0,0,0,0,0,0,-145,1,0,0,0,154.75,0,0,3,0,0,0,1000
8984,0,275,3000,500,1000,0,0,0,0,0,0,0,0,0,0,-145,1,0,0,0,154.75,0,0,3,0,0,0,1000
8985,0,276,3000,500,1000,0,0,0,0,0,0,0,0,0,0,-145,1,0,0,0,154.75,0,0,3,0,0,0,1000
8986,0,277,3000,500,1000,0,0,0,0,0,0,0,0,0,0,-145,1,0,0,0,154.75,0,0,3,0,0,0,1000
8987,0,278,3000,500,1000,0,0,0,0,0,0,0,0,0,0,-145,1,0,0,0,154.75,0,0,3,0,0,0,1000
8988,0,279,3000,500,1000,0,0,0,0,0,0,0,0,0,0,-145,1,0,0,0,154.75,0,0,3,0,0,0,1000
8989,0,280,3000,500,1000,0,0,0,0,0,0,0,0,0,0,-145,1,0,0,0,154.75,0,0,3,0,0,0,1000
8990,0,281,3000,500,1000,0,0,0,0,0,0,0,0,0,0,-145,1,0,0,0,154.75,0,0,3,0,0,0,1000
8991,0,282,3000,500,1000,0,0,0,0,0,0,0,0,0,0,-145,1,0,0,0,154.75,0,0,3,0,0,0,1000
8992,0,283,3000,500,1000,0,0,0,0,0,0,0,0,0,0,-145,1,0,0,0,154.75,0,0,3,0,0,0,1000
8993,0,284,3000,500,1000,0,0,0,0,0,0,0,0,0,0,-145,1,0,0,0,154.75,0,0,3,0,0,0,1000
8994,0,285,3000,500,1000,0,0,0,0,0,0,0,0,0,0,-145,1,0,0,0,154.75,0,0,3,0,0,0,1000
8995,0,286,3000,500,1000,0,0,0,0,0,0,0,0,0,0,-145,1,0,0,0,154.75,0,0,3,0,0,0,1000
8996,0,287,3000,500,1000,0,0,0,0,0,0,0,0,0,0,-145,1,0,0,0,154.75,0,0,3,0,0,0,1000
8997,0,288,3000,500,1000,0,0,0,0,0,0,0,0,0,0,-145,1,0,0,0,154.75,0,0,3,0,0,0,1000
8998,0,289,3000,500,1000,0,0,0,0,0,0,0,0,0,0,-145,1,0,0,0,154.75,0,0,3,0,0,0,1000
8999,0,290,3000,500,1000,0,0,0,0,0,0,0,0,0,0,-145,1,0,0,0,154.75,0,0,3,0,0,0,1000
9000,0,291,3000,500,1000,0,0,0,0,0,0,0,0,0,0,-145,1,0,0,0,154.75,0,0,3,0,0,0,1000
