1,0,112,0,1000,1000,0,0,0,0,0,0,0,0,0,0,-70,1,0,0,0,0,0,0,0,0,0,0,0
2,0,113,0,1000,1000,0,0,0,0,0,0,0,0,0,0,-70,1,0,0,0,0,0,0,0,0,0,0,0
3,0,114,0,1000,1000,0,0,0,0,0,0,0,0,0,0,-70,1,0,0,0,0,0,0,0,0,0,0,0
4,0,115,0,1000,1000,0,0,0,0,0,0,0,0,0,0,-70,1,0,0,0,0,0,0,0,0,0,0,0
5,0,116,0,1000,1000,0,0,0,0,0,0,0,0,0,0,-70,1,0,0,0,0,0,0,0,0,0,0,0
6,0,117,0,1000,1000,0,0,0,0,0,0,0,0,0,0,-70,1,0,0,0,0,0,0,0,0,0,0,0
7,0,118,0,1000,1000,0,0,0,0,0,0,0,0,0,0,-70,1,0,0,0,0,0,0,0,0,0,0,0
8,0,119,0,1000,1000,0,0,0,0,0,0,0,0,0,0,-70,1,0,0,0,0,0,0,0,0,0,0,0
9,0,120,0,1000,1000,0,0,0,0,0,0,0,0,0,0,-70,1,0,0,0,0,0,0,0,0,0,0,0
10,0,1,3000,500,1000,0,0,0,0,0,0,0,0,0,0,-25,1,0,0,0,0,0,0,0,0,0,0,1000
11,0,2,3000,500,1000,0,0,0,0,0,0,0,0,0,0,-25,1,0,0,0,0,0,0,0,0,0,0,1000
12,0,3,3000,500,1000,0,0,0,0,0,0,0,0,0,0,-25,1,0,0,0,0,0,0,0,0,0,0,1000
13,0,4,3000,500,1000,0,0,0,0,0,0,0,0,0,0,-25,1,0,0,0,0,0,0,0,0,0,0,1000
14,0,5,3000,500,1000,0,0,0,0,0,0,0,0,0,0,-25,1,0,0,0,0,0,0,0,0,0,0,1000
15,0,6,3000,500,1000,0,0,0,0,0,0,0,0,0,0,-25,1,0,0,0,0,0,0,0,0,0,0,1000
16,0,7,3000,500,1000,0,0,0,0,0,0,0,0,0,0,-25,1,0,0,0,0,0,0,0,0,0,0,1000
17,0,8,3000,500,1000,0,0,0,0,0,0,0,0,0,0,-25,1,0,0,0,0,0,0,0,0,0,0,1000
18,0,9,3000,500,1000,0,0,0,0,0,0,0,0,0,0,-25,1,0,0,0,0,0,0,0,0,0,0,1000
19,10,1,3000,500,1000,0,0,0,0,0,0,0,0,0,0,-25,1,0,0,0,0,0,0,0,0,0,0,1000
20,10,2,3000,500,1000,0,0,0,0,0,0,0,0,0,0,-25,1,0,0,0,0,0,0,0,0,0,0,1000
21,10,3,3000,500,1000,0,0,0,0,0,0,0,0,0,0,-25,1,0,0,0,0,0,0,0,0,0,0,1000
22,10,4,3000,500,1000,0,0,0,0,0,0,0,0,0,0,-25,1,0,0,0,0,0,0,0,0,0,0,1000
23,10,5,3000,500,1000,0,0,0,0,0,0,0,0,0,0,-25,1,0,0,0,0,0,0,0,0,0,0,1000
24,10,6,3000,500,1000,0,0,0,0,0,0,0,0,0,0,-25,1,0,0,0,0,0,0,0,0,0,0,1000
25,1000,1,3000,500,1000,0,0,0,0,0,0,0,0,0,0,-25,1,0,0,0,0,0,0,0,0,0,0,1000
26,1000,2,3000,500,1000,0,0,0,0,0,0,0,0,0,0,-25,1,0,0,0,0,0,0,0,0,0,0,1000
27,1000,3,3000,500,1000,0,0,0,0,0,0,0,0,0,0,-22.5,1,0,0,0,0,0,0,0,0,0,0,1000
28,1000,4,3000,500,1000,0,0,0,0,0,0,0,0,0,0,-20,1,0,0,0,0,0,0,0,0,0,0,1000
29,1000,5,3000,500,1000,0,0,0,0,0,0,0,0,0,0,-17.5,1,0,0,0,0,0,0,0,0,0,0,1000
30,1000,6,3000,500,1000,0,0,0,0,0,0,0,0,0,0,-15,1,0,0,0,0,0,0,0,0,0,0,1000
31,1000,7,3000,500,1000,0,0,0,0,0,0,0,0,0,0,-12.5,1,0,0,0,0,0,0,0,0,0,0,1000
32,1000,8,3000,500,1000,0,0,0,0,0,0,0,0,0,0,-10,1,0,0,0,0,0,0,0,0,0,0,1000
33,1000,9,3000,500,1000,0,0,0,0,0,0,0,0,0,0,-10,1,0,0,0,0,0,0,0,0,0,0,1000
34,1000,10,4030,500,922,0,0,0,0,0,0,0,0,0,0,-10,1,0,0,0,0,0,0,1,0,0,0,2046
35,1000,11,4030,500,922,0,0,0,0,0,0,0,0,0,0,-10,1,0,0,0,0,0,0,1,0,0,0,2046
36,1000,12,4030,500,922,0,0,0,0,0,0,0,0,0,0,-10,1,0,0,0,0,0,0,1,0,0,0,2046
37,1000,13,4030,500,922,0,0,0,0,0,0,0,0,0,0,-10,1,0,0,0,0,0,0,1,0,0,0,2046
38,1000,14,4030,500,922,0,0,0,0,0,0,0,0,0,0,-10,1,0,0,0,0,0,0,1,0,0,0,2046
39,1000,15,4030,500,922,0,0,0,0,0,0,0,0,0,0,-10,1,0,0,0,0,0,0,1,0,0,0,2046
40,1000,16,4030,500,922,0,0,0,0,0,0,0,0,0,0,-10,1,0,0,0,0,0,0,1,0,0,0,2046
41,1000,17,4030,500,922,0,0,0,0,0,0,0,0,0,0,-10,1,0,0,0,0,0,0,1,0,0,0,2046
42,1000,18,4030,500,922,0,0,0,0,0,0,0,0,0,0,-10,1,0,0,0,0,0,0,1,0,0,0,2046
43,1000,19,4030,500,922,0,0,0,0,0,0,0,0,0,0,-10,1,0,0,0,0,0,0,1,0,0,0,2046
44,1000,20,4030,500,922,0,0,0,0,0,0,0,0,0,0,-10,1,0,0,0,0,0,0,1,0,0,0,2046
45,1000,21,4030,500,922,0,0,0,0,0,0,0,0,0,0,-10,1,0,0,0,0,0,0,1,0,0,0,2046
46,1000,22,4030,500,922,0,0,0,0,0,0,0,0,0,0,-10,1,0,0,0,0,0,0,1,0,0,0,2046
47,1000,23,4030,500,922,0,0,0,0,0,0,0,0,0,0,-10,1,0,0,0,0,0,0,1,0,0,0,2046
48,1000,24,4030,500,922,0,0,0,0,0,0,0,0,0,0,-10,1,0,0,0,0,0,0,1,0,0,0,2046
49,1000,25,4030,500,922,0,0,0,0,0,0,0,0,0,0,-10,1,0,0,0,0,0,0,1,0,0,0,2046
50,1000,26,4030,500,922,0,0,0,0,0,0,0,0,0,0,-10,1,0,0,0,0,0,0,1,0,0,0,2046
51,1000,27,4030,500,922,0,0,0,0,0,0,0,0,0,0,-10,1,0,0,0,0,0,0,1,0,0,0,2046
52,1000,28,4030,500,922,0,0,0,0,0,0,0,0,0,0,-10,1,0,0,0,0,0,0,1,0,0,0,2046
53,1000,29,4030,500,922,0,0,0,0,0,0,0,0,0,0,-10,1,0,0,0,0,0,0,1,0,0,0,2046
54,1000,30,4030,500,922,0,0,0,0,0,0,0,0,0,0,-10,1,0,0,0,0,0,0,1,0,0,0,2046
55,1000,31,4030,500,922,0,0,0,0,0,0,0,0,0,0,-10,1,0,0,0,0,0,0,1,0,0,0,2046
56,1000,32,4030,500,922,0,0,0,0,0,0,0,0,0,0,-10,1,0,0,0,0,0,0,1,0,0,0,2046
57,1000,33,4030,500,922,0,0,0,0,0,0,0,0,0,0,-10,1,0,0,0,0,0,0,1,0,0,0,2046
58,1000,34,4030,500,922,0,0,0,0,0,0,0,0,0,0,-10,1,0,0,0,0,0,0,1,0,0,0,2046
59,0,1,4030,500,922,0,0,0,0,0,0,0,0,0,0,-10,1,0,0,0,0,0,0,1,0,0,0,2046
60,0,2,4030,500,922,0,0,0,0,0,0,0,0,0,0,-10,1,0,0,0,0,0,0,1,0,0,0,2046
61,0,3,4030,500,922,0,0,0,0,0,0,0,0,0,0,-10,1,0,0,0,0,0,0,1,0,0,0,2046
62,0,4,4030,500,922,0,0,0,0,0,0,0,0,0,0,-10,1,0,0,0,0,0,0,1,0,0,0,2046
63,0,5,4030,500,922,0,0,0,0,0,0,0,0,0,0,-10,1,0,0,0,0,0,0,1,0,0,0,2046
64,0,6,4030,500,922,0,0,0,0,0,0,0,0,0,0,-10,1,0,0,0,0,0,0,1,0,0,0,2046
65,0,7,4030,500,922,0,0,0,0,0,0,0,0,0,0,-10,1,0,0,0,0,0,0,1,0,0,0,2046
66,0,8,4030,500,922,0,0,0,0,0,0,0,0,0,0,-10,1,0,0,0,0,0,0,1,0,0,0,2046
67,0,9,4030,500,922,0,0,0,0,0,0,0,0,0,0,-10,1,0,0,0,0,0,0,1,0,0,0,2046
68,0,10,4030,500,922,0,0,0,0,0,0,0,0,0,0,-14,1,0,0,0,0,0,0,1,0,0,0,2046
69,0,11,4030,500,922,0,0,0,0,0,0,0,0,0,0,-18,1,0,0,0,4,0,0,1,0,0,0,2046
70,0,12,4030,500,922,0,0,0,0,0,0,0,0,0,0,-22,1,0,0,0,8,0,0,1,0,0,0,2046
71,0,13,4030,500,922,0,0,0,0,0,0,0,0,0,0,-26,1,0,0,0,12,0,0,1,0,0,0,2046
72,0,14,4030,500,922,0,0,0,0,0,0,0,0,0,0,-30,1,0,0,0,16,0,0,1,0,0,0,2046
73,0,15,4030,500,922,0,0,0,0,0,0,0,0,0,0,-34,1,0,0,0,20,0,0,1,0,0,0,2046
74,0,16,4030,500,922,0,0,0,0,0,0,0,0,0,0,-38,1,0,0,0,24,0,0,1,0,0,0,2046
75,0,17,4030,500,922,0,0,0,0,0,0,0,0,0,0,-42,1,0,0,0,28,0,0,1,0,0,0,2046
76,0,18,4030,500,922,0,0,0,0,0,0,0,0,0,0,-42,1,0,0,0,32,0,0,1,0,0,0,2046
77,0,19,4030,500,922,0,0,0,0,0,0,0,0,0,0,-42,1,0,0,0,32,0,0,1,0,0,0,2046
78,0,20,4030,500,922,0,0,0,0,0,0,0,0,0,0,-42,1,0,0,0,32,0,0,1,0,0,0,2046
79,0,21,4030,500,922,0,0,0,0,0,0,0,0,0,0,-42,1,0,0,0,32,0,0,1,0,0,0,2046
80,0,22,4030,500,922,0,0,0,0,0,0,0,0,0,0,-42,1,0,0,0,32,0,0,1,0,0,0,2046
81,0,23,4030,500,922,0,0,0,0,0,0,0,0,0,0,-42,1,0,0,0,32,0,0,1,0,0,0,2046
82,0,24,4030,500,922,0,0,0,0,0,0,0,0,0,0,-42,1,0,0,0,32,0,0,1,0,0,0,2046
83,0,25,4030,500,922,0,0,0,0,0,0,0,0,0,0,-42,1,0,0,0,32,0,0,1,0,0,0,2046
84,0,26,4030,500,922,0,0,0,0,0,0,0,0,0,0,-45,1,0,0,0,32,0,0,1,0,0,0,2046
85,0,27,4030,500,922,0,0,0,0,0,0,0,0,0,0,-48,1,0,0,0,35,0,0,1,0,0,0,2046
86,0,28,4030,500,922,0,0,0,0,0,0,0,0,0,0,-51,1,0,0,0,38,0,0,1,0,0,0,2046
87,0,29,4030,500,922,0,0,0,0,0,0,0,0,0,0,-54,1,0,0,0,41,0,0,1,0,0,0,2046
88,0,30,4030,500,922,0,0,0,0,0,0,0,0,0,0,-57,1,0,0,0,44,0,0,1,0,0,0,2046
89,0,31,4030,500,922,0,0,0,0,0,0,0,0,0,0,-60,1,0,0,0,47,0,0,1,0,0,0,2046
90,0,32,4030,500,922,0,0,0,0,0,0,0,0,0,0,-63,1,0,0,0,50,0,0,1,0,0,0,2046
91,0,33,4030,500,922,0,0,0,0,0,0,0,0,0,0,-66,1,0,0,0,53,0,0,1,0,0,0,2046
92,0,34,4030,500,922,0,0,0,0,0,0,0,0,0,0,-69,1,0,0,0,56,0,0,1,0,0,0,2046
93,0,35,4030,500,922,0,0,0,0,0,0,0,0,0,0,-72,1,0,0,0,59,0,0,1,0,0,0,2046
94,0,36,4030,500,922,0,0,0,0,0,0,0,0,0,0,-75,1,0,0,0,62,0,0,1,0,0,0,2046
95,0,37,4030,500,922,0,0,0,0,0,0,0,0,0,0,-78,1,0,0,0,65,0,0,1,0,0,0,2046
96,0,38,4030,500,922,0,0,0,0,0,0,0,0,0,0,-81,1,0,0,0,68,0,0,1,0,0,0,2046
97,0,39,4030,500,922,0,0,0,0,0,0,0,0,0,0,-84,1,0,0,0,71,0,0,1,0,0,0,2046
98,0,40,4030,500,922,0,0,0,0,0,0,0,0,0,0,-87,1,0,0,0,74,0,0,1,0,0,0,2046
99,0,41,4030,500,922,0,0,0,0,0,0,0,0,0,0,-90,1,0,0,0,77,0,0,1,0,0,0,2046
100,0,42,4030,500,922,0,0,0,0,0,0,0,0,0,0,-93,1,0,0,0,80,0,0,1,0,0,0,2046
101,0,43,4030,500,922,0,0,0,0,0,0,0,0,0,0,-96,1,0,0,0,83,0,0,1,0,0,0,2046
102,0,44,4030,500,922,0,0,0,0,0,0,0,0,0,0,-99,1,0,0,0,86,0,0,1,0,0,0,2046
103,0,45,4030,500,922,0,0,0,0,0,0,0,0,0,0,-102,1,0,0,0,89,0,0,1,0,0,0,2046
104,0,46,4030,500,922,0,0,0,0,0,0,0,0,0,0,-104.5,1,0,0,0,92,0,0,1,0,0,0,2046
105,0,47,4030,500,922,0,0,0,0,0,0,0,0,0,0,-106.75,1,0,0,0,94.5,0,0,1,0,0,0,2046
106,0,48,4030,500,922,0,0,0,0,0,0,0,0,0,0,-108.5,1,0,0,0,96.75,0,0,1,0,0,0,2046
107,0,49,4030,500,922,0,0,0,0,0,0,0,0,0,0,-110,1,0,0,0,98.5,0,0,1,0,0,0,2046
108,0,50,4030,500,922,0,0,0,0,0,0,0,0,0,0,-110.75,1,0,0,0,100,0,0,1,0,0,0,2046
109,0,51,4030,500,922,0,0,0,0,0,0,0,0,0,0,-111.25,1,0,0,0,100.75,0,0,1,0,0,0,2046
110,0,52,4030,500,922,0,0,0,0,0,0,0,0,0,0,-111.75,1,0,0,0,101.25,0,0,1,0,0,0,2046
111,0,53,4030,500,922,0,0,0,0,0,0,0,0,0,0,-112.25,1,0,0,0,101.75,0,0,1,0,0,0,2046
112,0,54,4030,500,922,0,0,0,0,0,0,0,0,0,0,-112.5,1,0,0,0,102.25,0,0,1,0,0,0,2046
113,0,55,4030,500,922,0,0,0,0,0,0,0,0,0,0,-112.75,1,0,0,0,102.5,0,0,1,0,0,0,2046
114,0,56,4030,500,922,0,0,0,0,0,0,0,0,0,0,-113,1,0,0,0,102.75,0,0,1,0,0,0,2046
115,0,57,4030,500,922,0,0,0,0,0,0,0,0,0,0,-113.25,1,0,0,0,103,0,0,1,0,0,0,2046
116,0,58,4030,500,922,0,0,0,0,0,0,0,0,0,0,-113.5,1,0,0,0,103.25,0,0,1,0,0,0,2046
117,0,59,4030,500,922,0,0,0,0,0,0,0,0,0,0,-113.75,1,0,0,0,103.5,0,0,1,0,0,0,2046
118,0,60,4030,500,922,0,0,0,0,0,0,0,0,0,0,-113.75,1,0,0,0,103.75,0,0,1,0,0,0,2046
119,0,61,4030,500,922,0,0,0,0,0,0,0,0,0,0,-113.75,1,0,0,0,103.75,0,0,1,0,0,0,2046
120,0,62,4030,500,922,0,0,0,0,0,0,0,0,0,0,-114,1,0,0,0,103.75,0,0,1,0,0,0,2046
121,0,63,4030,500,922,0,0,0,0,0,0,0,0,0,0,-114,1,0,0,0,104,0,0,1,0,0,0,2046
122,0,64,4030,500,922,0,0,0,0,0,0,0,0,0,0,-114,1,0,0,0,104,0,0,1,0,0,0,2046
123,0,65,4030,500,922,0,0,0,0,0,0,0,0,0,0,-114,1,0,0,0,104,0,0,1,0,0,0,2046
124,0,66,4030,500,922,0,0,0,0,0,0,0,0,0,0,-114,1,0,0,0,104,0,0,1,0,0,0,2046
125,0,67,4030,500,922,0,0,0,0,0,0,0,0,0,0,-114,1,0,0,0,104,0,0,1,0,0,0,2046
126,0,68,4030,500,922,0,0,0,0,0,0,0,0,0,0,-114,1,0,0,0,104,0,0,1,0,0,0,2046
127,0,69,4030,500,922,0,0,0,0,0,0,0,0,0,0,-114,1,0,0,0,104,0,0,1,0,0,0,2046
128,0,70,4030,500,922,0,0,0,0,0,0,0,0,0,0,-114,1,0,0,0,104,0,0,1,0,0,0,2046
129,0,71,4030,500,922,0,0,0,0,0,0,0,0,0,0,-114,1,0,0,0,104,0,0,1,0,0,0,2046
130,0,72,4030,500,922,0,0,0,0,0,0,0,0,0,0,-114,1,0,0,0,104,0,0,1,0,0,0,2046
131,0,73,4030,500,922,0,0,0,0,0,0,0,0,0,0,-114,1,0,0,0,104,0,0,1,0,0,0,2046
132,0,74,4030,500,922,0,0,0,0,0,0,0,0,0,0,-114,1,0,0,0,104,0,0,1,0,0,0,2046
133,0,75,4030,500,922,0,0,0,0,0,0,0,0,0,0,-114,1,0,0,0,104,0,0,1,0,0,0,2046
134,0,76,4030,500,922,0,0,0,0,0,0,0,0,0,0,-114,1,0,0,0,104,0,0,1,0,0,0,2046
135,0,77,4030,500,922,0,0,0,0,0,0,0,0,0,0,-114,1,0,0,0,104,0,0,1,0,0,0,2046
136,0,78,4030,500,922,0,0,0,0,0,0,0,0,0,0,-114,1,0,0,0,104,0,0,1,0,0,0,2046
137,0,79,4030,500,922,0,0,0,0,0,0,0,0,0,0,-114,1,0,0,0,104,0,0,1,0,0,0,2046
138,0,80,4030,500,922,0,0,0,0,0,0,0,0,0,0,-114,1,0,0,0,104,0,0,1,0,0,0,2046
139,0,81,4030,500,922,0,0,0,0,0,0,0,0,0,0,-114,1,0,0,0,104,0,0,1,0,0,0,2046
140,0,82,4030,500,922,0,0,0,0,0,0,0,0,0,0,-114,1,0,0,0,104,0,0,1,0,0,0,2046
141,0,83,4030,500,922,0,0,0,0,0,0,0,0,0,0,-114,1,0,0,0,104,0,0,1,0,0,0,2046
142,0,84,4030,500,922,0,0,0,0,0,0,0,0,0,0,-114,1,0,0,0,104,0,0,1,0,0,0,2046
143,0,85,4030,500,922,0,0,0,0,0,0,0,0,0,0,-114,1,0,0,0,104,0,0,1,0,0,0,2046
144,0,86,4030,500,922,0,0,0,0,0,0,0,0,0,0,-114,1,0,0,0,104,0,0,1,0,0,0,2046
145,0,87,4030,500,922,0,0,0,0,0,0,0,0,0,0,-114,1,0,0,0,104,0,0,1,0,0,0,2046
146,0,88,4030,500,922,0,0,0,0,0,0,0,0,0,0,-114,1,0,0,0,104,0,0,1,0,0,0,2046
147,0,89,4030,500,922,0,0,0,0,0,0,0,0,0,0,-114,1,0,0,0,104,0,0,1,0,0,0,2046
148,0,90,4030,500,922,0,0,0,0,0,0,0,0,0,0,-114,1,0,0,0,104,0,0,1,0,0,0,2046
149,0,91,4030,500,922,0,0,0,0,0,0,0,0,0,0,-114,1,0,0,0,104,0,0,1,0,0,0,2046
150,0,92,4030,500,922,0,0,0,0,0,0,0,0,0,0,-114,1,0,0,0,104,0,0,1,0,0,0,2046
151,0,93,4030,500,922,0,0,0,0,0,0,0,0,0,0,-114,1,0,0,0,104,0,0,1,0,0,0,2046
152,0,94,4030,500,922,0,0,0,0,0,0,0,0,0,0,-114,1,0,0,0,104,0,0,1,0,0,0,2046
153,0,95,4030,500,922,0,0,0,0,0,0,0,0,0,0,-114,1,0,0,0,104,0,0,1,0,0,0,2046
154,0,96,4030,500,922,0,0,0,0,0,0,0,0,0,0,-114,1,0,0,0,104,0,0,1,0,0,0,2046
155,0,97,4030,500,922,0,0,0,0,0,0,0,0,0,0,-114,1,0,0,0,104,0,0,1,0,0,0,2046
156,0,98,4030,500,922,0,0,0,0,0,0,0,0,0,0,-114,1,0,0,0,104,0,0,1,0,0,0,2046
157,0,99,4030,500,922,0,0,0,0,0,0,0,0,0,0,-114,1,0,0,0,104,0,0,1,0,0,0,2046
158,0,100,4030,500,922,0,0,0,0,0,0,0,0,0,0,-114,1,0,0,0,104,0,0,1,0,0,0,2046
159,0,101,4030,500,922,0,0,0,0,0,0,0,0,0,0,-114,1,0,0,0,104,0,0,1,0,0,0,2046
160,0,102,4030,500,922,0,0,0,0,0,0,0,0,0,0,-114,1,0,0,0,104,0,0,1,0,0,0,2046
161,0,103,4030,500,922,0,0,0,0,0,0,0,0,0,0,-114,1,0,0,0,104,0,0,1,0,0,0,2046
162,0,104,4030,500,922,0,0,0,0,0,0,0,0,0,0,-114,1,0,0,0,104,0,0,1,0,0,0,2046
163,0,105,4030,500,922,0,0,0,0,0,0,0,0,0,0,-114,1,0,0,0,104,0,0,1,0,0,0,2046
164,0,106,4030,500,922,0,0,0,0,0,0,0,0,0,0,-114,1,0,0,0,104,0,0,1,0,0,0,2046
165,0,107,4030,500,922,0,0,0,0,0,0,0,0,0,0,-114,1,0,0,0,104,0,0,1,0,0,0,2046
166,0,108,4030,500,922,0,0,0,0,0,0,0,0,0,0,-114,1,0,0,0,104,0,0,1,0,0,0,2046
167,0,109,4030,500,922,0,0,0,0,0,0,0,0,0,0,-114,1,0,0,0,104,0,0,1,0,0,0,2046
168,0,110,4030,500,922,0,0,0,0,0,0,0,0,0,0,-114,1,0,0,0,104,0,0,1,0,0,0,2046
169,0,111,4030,500,922,0,0,0,0,0,0,0,0,0,0,-114,1,0,0,0,104,0,0,1,0,0,0,2046
170,0,112,4030,500,922,0,0,0,0,0,0,0,0,0,0,-114,1,0,0,0,104,0,0,1,0,0,0,2046
171,0,113,4030,500,922,0,0,0,0,0,0,0,0,0,0,-114,1,0,0,0,104,0,0,1,0,0,0,2046
172,0,114,4030,500,922,0,0,0,0,0,0,0,0,0,0,-114,1,0,0,0,104,0,0,1,0,0,0,2046
173,0,115,4030,500,922,0,0,0,0,0,0,0,0,0,0,-114,1,0,0,0,104,0,0,1,0,0,0,2046
174,0,116,4030,500,922,0,0,0,0,0,0,0,0,0,0,-114,1,0,0,0,104,0,0,1,0,0,0,2046
175,0,117,4030,500,922,0,0,0,0,0,0,0,0,0,0,-114,1,0,0,0,104,0,0,1,0,0,0,2046
176,0,118,4030,500,922,0,0,0,0,0,0,0,0,0,0,-114,1,0,0,0,104,0,0,1,0,0,0,2046
177,0,119,4030,500,922,0,0,0,0,0,0,0,0,0,0,-114,1,0,0,0,104,0,0,1,0,0,0,2046
178,0,120,4030,500,922,0,0,0,0,0,0,0,0,0,0,-114,1,0,0,0,104,0,0,1,0,0,0,2046
179,0,121,4030,500,922,0,0,0,0,0,0,0,0,0,0,-114,1,0,0,0,104,0,0,1,0,0,0,2046
180,0,122,4030,500,922,0,0,0,0,0,0,0,0,0,0,-114,1,0,0,0,104,0,0,1,0,0,0,2046
181,0,123,4030,500,922,0,0,0,0,0,0,0,0,0,0,-114,1,0,0,0,104,0,0,1,0,0,0,2046
182,0,124,4030,500,922,0,0,0,0,0,0,0,0,0,0,-114,1,0,0,0,104,0,0,1,0,0,0,2046
183,0,125,4030,500,922,0,0,0,0,0,0,0,0,0,0,-114,1,0,0,0,104,0,0,1,0,0,0,2046
184,0,126,4030,500,922,0,0,0,0,0,0,0,0,0,0,-114,1,0,0,0,104,0,0,1,0,0,0,2046
185,0,127,4030,500,922,0,0,0,0,0,0,0,0,0,0,-114,1,0,0,0,104,0,0,1,0,0,0,2046
186,0,128,4030,500,922,0,0,0,0,0,0,0,0,0,0,-114,1,0,0,0,104,0,0,1,0,0,0,2046
187,0,129,4030,500,922,0,0,0,0,0,0,0,0,0,0,-114,1,0,0,0,104,0,0,1,0,0,0,2046
188,0,130,4030,500,922,0,0,0,0,0,0,0,0,0,0,-114,1,0,0,0,104,0,0,1,0,0,0,2046
189,0,131,4030,500,922,0,0,0,0,0,0,0,0,0,0,-114,1,0,0,0,104,0,0,1,0,0,0,2046
190,0,132,4030,500,922,0,0,0,0,0,0,0,0,0,0,-114,1,0,0,0,104,0,0,1,0,0,0,2046
191,0,133,4030,500,922,0,0,0,0,0,0,0,0,0,0,-114,1,0,0,0,104,0,0,1,0,0,0,2046
192,0,134,4030,500,922,0,0,0,0,0,0,0,0,0,0,-114,1,0,0,0,104,0,0,1,0,0,0,2046
193,0,135,4030,500,922,0,0,0,0,0,0,0,0,0,0,-114,1,0,0,0,104,0,0,1,0,0,0,2046
194,0,136,4030,500,922,0,0,0,0,0,0,0,0,0,0,-114,1,0,0,0,104,0,0,1,0,0,0,2046
195,0,137,4030,500,922,0,0,0,0,0,0,0,0,0,0,-114,1,0,0,0,104,0,0,1,0,0,0,2046
196,0,138,4030,500,922,0,0,0,0,0,0,0,0,0,0,-114,1,0,0,0,104,0,0,1,0,0,0,2046
197,0,139,4030,500,922,0,0,0,0,0,0,0,0,0,0,-114,1,0,0,0,104,0,0,1,0,0,0,2046
198,0,140,4030,500,922,0,0,0,0,0,0,0,0,0,0,-114,1,0,0,0,104,0,0,1,0,0,0,2046
199,0,141,4030,500,922,0,0,0,0,0,0,0,0,0,0,-114,1,0,0,0,104,0,0,1,0,0,0,2046
200,0,142,4030,500,922,0,0,0,0,0,0,0,0,0,0,-114,1,0,0,0,104,0,0,1,0,0,0,2046
201,0,143,4030,500,922,0,0,0,0,0,0,0,0,0,0,-114,1,0,0,0,104,0,0,1,0,0,0,2046
202,0,144,4030,500,922,0,0,0,0,0,0,0,0,0,0,-114,1,0,0,0,104,0,0,1,0,0,0,2046
203,0,145,4030,500,922,0,0,0,0,0,0,0,0,0,0,-114,1,0,0,0,104,0,0,1,0,0,0,2046
204,0,146,4030,500,922,0,0,0,0,0,0,0,0,0,0,-114,1,0,0,0,104,0,0,1,0,0,0,2046
205,0,147,4030,500,922,0,0,0,0,0,0,0,0,0,0,-114,1,0,0,0,104,0,0,1,0,0,0,2046
206,0,148,4030,500,922,0,0,0,0,0,0,0,0,0,0,-114,1,0,0,0,104,0,0,1,0,0,0,2046
207,0,149,4030,500,922,0,0,0,0,0,0,0,0,0,0,-114,1,0,0,0,104,0,0,1,0,0,0,2046
208,0,150,4030,500,922,0,0,0,0,0,0,0,0,0,0,-114,1,0,0,0,104,0,0,1,0,0,0,2046
209,0,151,4030,500,922,0,0,0,0,0,0,0,0,0,0,-114,1,0,0,0,104,0,0,1,0,0,0,2046
210,0,152,4030,500,922,0,0,0,0,0,0,0,0,0,0,-114,1,0,0,0,104,0,0,1,0,0,0,2046
211,0,153,4030,500,922,0,0,0,0,0,0,0,0,0,0,-114,1,0,0,0,104,0,0,1,0,0,0,2046
212,0,154,4030,500,922,0,0,0,0,0,0,0,0,0,0,-114,1,0,0,0,104,0,0,1,0,0,0,2046
213,0,155,4030,500,922,0,0,0,0,0,0,0,0,0,0,-114,1,0,0,0,104,0,0,1,0,0,0,2046
214,0,156,4030,500,922,0,0,0,0,0,0,0,0,0,0,-114,1,0,0,0,104,0,0,1,0,0,0,2046
215,0,157,4030,500,922,0,0,0,0,0,0,0,0,0,0,-114,1,0,0,0,104,0,0,1,0,0,0,2046
216,0,158,4030,500,922,0,0,0,0,0,0,0,0,0,0,-114,1,0,0,0,104,0,0,1,0,0,0,2046
217,0,159,4030,500,922,0,0,0,0,0,0,0,0,0,0,-114,1,0,0,0,104,0,0,1,0,0,0,2046
218,0,160,4030,500,922,0,0,0,0,0,0,0,0,0,0,-114,1,0,0,0,104,0,0,1,0,0,0,2046
219,0,161,4030,500,922,0,0,0,0,0,0,0,0,0,0,-114,1,0,0,0,104,0,0,1,0,0,0,2046
220,0,162,4030,500,922,0,0,0,0,0,0,0,0,0,0,-114,1,0,0,0,104,0,0,1,0,0,0,2046
221,0,163,4030,500,922,0,0,0,0,0,0,0,0,0,0,-114,1,0,0,0,104,0,0,1,0,0,0,2046
222,0,164,4030,500,922,0,0,0,0,0,0,0,0,0,0,-114,1,0,0,0,104,0,0,1,0,0,0,2046
223,0,165,4030,500,922,0,0,0,0,0,0,0,0,0,0,-114,1,0,0,0,104,0,0,1,0,0,0,2046
224,0,166,4030,500,922,0,0,0,0,0,0,0,0,0,0,-114,1,0,0,0,104,0,0,1,0,0,0,2046
225,0,167,4030,500,922,0,0,0,0,0,0,0,0,0,0,-114,1,0,0,0,104,0,0,1,0,0,0,2046
226,0,168,4030,500,922,0,0,0,0,0,0,0,0,0,0,-114,1,0,0,0,104,0,0,1,0,0,0,2046
227,0,169,4030,500,922,0,0,0,0,0,0,0,0,0,0,-114,1,0,0,0,104,0,0,1,0,0,0,2046
228,0,170,4030,500,922,0,0,0,0,0,0,0,0,0,0,-114,1,0,0,0,104,0,0,1,0,0,0,2046
229,0,171,4030,500,922,0,0,0,0,0,0,0,0,0,0,-114,1,0,0,0,104,0,0,1,0,0,0,2046
230,0,172,4030,500,922,0,0,0,0,0,0,0,0,0,0,-114,1,0,0,0,104,0,0,1,0,0,0,2046
231,0,173,4030,500,922,0,0,0,0,0,0,0,0,0,0,-114,1,0,0,0,104,0,0,1,0,0,0,2046
232,0,174,4030,500,922,0,0,0,0,0,0,0,0,0,0,-114,1,0,0,0,104,0,0,1,0,0,0,2046
233,0,175,4030,500,922,0,0,0,0,0,0,0,0,0,0,-114,1,0,0,0,104,0,0,1,0,0,0,2046
234,0,176,4030,500,922,0,0,0,0,0,0,0,0,0,0,-114,1,0,0,0,104,0,0,1,0,0,0,2046
235,0,177,4030,500,922,0,0,0,0,0,0,0,0,0,0,-114,1,0,0,0,104,0,0,1,0,0,0,2046
236,0,178,4030,500,922,0,0,0,0,0,0,0,0,0,0,-114,1,0,0,0,104,0,0,1,0,0,0,2046
237,0,179,4030,500,922,0,0,0,0,0,0,0,0,0,0,-114,1,0,0,0,104,0,0,1,0,0,0,2046
238,0,180,4030,500,922,0,0,0,0,0,0,0,0,0,0,-114,1,0,0,0,104,0,0,1,0,0,0,2046
239,0,181,4030,500,922,0,0,0,0,0,0,0,0,0,0,-114,1,0,0,0,104,0,0,1,0,0,0,2046
240,0,182,4030,500,922,0,0,0,0,0,0,0,0,0,0,-114,1,0,0,0,104,0,0,1,0,0,0,2046
241,0,183,4030,500,922,0,0,0,0,0,0,0,0,0,0,-114,1,0,0,0,104,0,0,1,0,0,0,2046
242,0,184,4030,500,922,0,0,0,0,0,0,0,0,0,0,-114,1,0,0,0,104,0,0,1,0,0,0,2046
243,0,185,4030,500,922,0,0,0,0,0,0,0,0,0,0,-114,1,0,0,0,104,0,0,1,0,0,0,2046
244,0,186,4030,500,922,0,0,0,0,0,0,0,0,0,0,-114,1,0,0,0,104,0,0,1,0,0,0,2046
245,0,187,4030,500,922,0,0,0,0,0,0,0,0,0,0,-114,1,0,0,0,104,0,0,1,0,0,0,2046
246,0,188,4030,500,922,0,0,0,0,0,0,0,0,0,0,-114,1,0,0,0,104,0,0,1,0,0,0,2046
247,0,189,4030,500,922,0,0,0,0,0,0,0,0,0,0,-114,1,0,0,0,104,0,0,1,0,0,0,2046
248,0,190,4030,500,922,0,0,0,0,0,0,0,0,0,0,-114,1,0,0,0,104,0,0,1,0,0,0,2046
249,0,191,4030,500,922,0,0,0,0,0,0,0,0,0,0,-114,1,0,0,0,104,0,0,1,0,0,0,2046
250,0,192,4030,500,922,0,0,0,0,0,0,0,0,0,0,-114,1,0,0,0,104,0,0,1,0,0,0,2046
251,0,193,4030,500,922,0,0,0,0,0,0,0,0,0,0,-114,1,0,0,0,104,0,0,1,0,0,0,2046
252,0,194,4030,500,922,0,0,0,0,0,0,0,0,0,0,-114,1,0,0,0,104,0,0,1,0,0,0,2046
253,0,195,4030,500,922,0,0,0,0,0,0,0,0,0,0,-114,1,0,0,0,104,0,0,1,0,0,0,2046
254,0,196,4030,500,922,0,0,0,0,0,0,0,0,0,0,-114,1,0,0,0,104,0,0,1,0,0,0,2046
255,0,197,4030,500,922,0,0,0,0,0,0,0,0,0,0,-114,1,0,0,0,104,0,0,1,0,0,0,2046
256,0,198,4030,500,922,0,0,0,0,0,0,0,0,0,0,-114,1,0,0,0,104,0,0,1,0,0,0,2046
257,0,199,4030,500,922,0,0,0,0,0,0,0,0,0,0,-114,1,0,0,0,104,0,0,1,0,0,0,2046
258,0,200,4030,500,922,0,0,0,0,0,0,0,0,0,0,-114,1,0,0,0,104,0,0,1,0,0,0,2046
259,0,201,4030,500,922,0,0,0,0,0,0,0,0,0,0,-114,1,0,0,0,104,0,0,1,0,0,0,2046
260,0,202,4030,500,922,0,0,0,0,0,0,0,0,0,0,-114,1,0,0,0,104,0,0,1,0,0,0,2046
261,0,203,4030,500,922,0,0,0,0,0,0,0,0,0,0,-114,1,0,0,0,104,0,0,1,0,0,0,2046
262,0,204,4030,500,922,0,0,0,0,0,0,0,0,0,0,-114,1,0,0,0,104,0,0,1,0,0,0,2046
263,0,205,4030,500,922,0,0,0,0,0,0,0,0,0,0,-114,1,0,0,0,104,0,0,1,0,0,0,2046
264,0,206,4030,500,922,0,0,0,0,0,0,0,0,0,0,-114,1,0,0,0,104,0,0,1,0,0,0,2046
265,0,207,4030,500,922,0,0,0,0,0,0,0,0,0,0,-114,1,0,0,0,104,0,0,1,0,0,0,2046
266,0,208,4030,500,922,0,0,0,0,0,0,0,0,0,0,-114,1,0,0,0,104,0,0,1,0,0,0,2046
267,0,209,4030,500,922,0,0,0,0,0,0,0,0,0,0,-114,1,0,0,0,104,0,0,1,0,0,0,2046
268,0,210,4030,500,922,0,0,0,0,0,0,0,0,0,0,-114,1,0,0,0,104,0,0,1,0,0,0,2046
269,0,211,4030,500,922,0,0,0,0,0,0,0,0,0,0,-114,1,0,0,0,104,0,0,1,0,0,0,2046
270,0,212,4030,500,922,0,0,0,0,0,0,0,0,0,0,-114,1,0,0,0,104,0,0,1,0,0,0,2046
271,0,213,4030,500,922,0,0,0,0,0,0,0,0,0,0,-114,1,0,0,0,104,0,0,1,0,0,0,2046
272,0,214,4030,500,922,0,0,0,0,0,0,0,0,0,0,-114,1,0,0,0,104,0,0,1,0,0,0,2046
273,0,215,4030,500,922,0,0,0,0,0,0,0,0,0,0,-114,1,0,0,0,104,0,0,1,0,0,0,2046
274,0,216,4030,500,922,0,0,0,0,0,0,0,0,0,0,-114,1,0,0,0,104,0,0,1,0,0,0,2046
275,0,217,4030,500,922,0,0,0,0,0,0,0,0,0,0,-114,1,0,0,0,104,0,0,1,0,0,0,2046
276,0,218,4030,500,922,0,0,0,0,0,0,0,0,0,0,-114,1,0,0,0,104,0,0,1,0,0,0,2046
277,0,219,4030,500,922,0,0,0,0,0,0,0,0,0,0,-114,1,0,0,0,104,0,0,1,0,0,0,2046
278,0,220,4030,500,922,0,0,0,0,0,0,0,0,0,0,-114,1,0,0,0,104,0,0,1,0,0,0,2046
279,0,221,4030,500,922,0,0,0,0,0,0,0,0,0,0,-114,1,0,0,0,104,0,0,1,0,0,0,2046
280,0,222,4030,500,922,0,0,0,0,0,0,0,0,0,0,-114,1,0,0,0,104,0,0,1,0,0,0,2046
281,0,223,4030,500,922,0,0,0,0,0,0,0,0,0,0,-114,1,0,0,0,104,0,0,1,0,0,0,2046
282,0,224,4030,500,922,0,0,0,0,0,0,0,0,0,0,-114,1,0,0,0,104,0,0,1,0,0,0,2046
283,0,225,4030,500,922,0,0,0,0,0,0,0,0,0,0,-114,1,0,0,0,104,0,0,1,0,0,0,2046
284,0,226,4030,500,922,0,0,0,0,0,0,0,0,0,0,-114,1,0,0,0,104,0,0,1,0,0,0,2046
285,0,227,4030,500,922,0,0,0,0,0,0,0,0,0,0,-114,1,0,0,0,104,0,0,1,0,0,0,2046
286,0,228,4030,500,922,0,0,0,0,0,0,0,0,0,0,-114,1,0,0,0,104,0,0,1,0,0,0,2046
287,0,229,4030,500,922,0,0,0,0,0,0,0,0,0,0,-114,1,0,0,0,104,0,0,1,0,0,0,2046
288,0,230,4030,500,922,0,0,0,0,0,0,0,0,0,0,-114,1,0,0,0,104,0,0,1,0,0,0,2046
289,0,231,4030,500,922,0,0,0,0,0,0,0,0,0,0,-114,1,0,0,0,104,0,0,1,0,0,0,2046
290,0,232,4030,500,922,0,0,0,0,0,0,0,0,0,0,-114,1,0,0,0,104,0,0,1,0,0,0,2046
291,0,233,4030,500,922,0,0,0,0,0,0,0,0,0,0,-114,1,0,0,0,104,0,0,1,0,0,0,2046
292,0,234,4030,500,922,0,0,0,0,0,0,0,0,0,0,-114,1,0,0,0,104,0,0,1,0,0,0,2046
293,0,235,4030,500,922,0,0,0,0,0,0,0,0,0,0,-114,1,0,0,0,104,0,0,1,0,0,0,2046
294,0,236,4030,500,922,0,0,0,0,0,0,0,0,0,0,-114,1,0,0,0,104,0,0,1,0,0,0,2046
295,0,237,4030,500,922,0,0,0,0,0,0,0,0,0,0,-114,1,0,0,0,104,0,0,1,0,0,0,2046
296,0,238,4030,500,922,0,0,0,0,0,0,0,0,0,0,-114,1,0,0,0,104,0,0,1,0,0,0,2046
297,0,239,4030,500,922,0,0,0,0,0,0,0,0,0,0,-114,1,0,0,0,104,0,0,1,0,0,0,2046
298,0,240,4030,500,922,0,0,0,0,0,0,0,0,0,0,-114,1,0,0,0,104,0,0,1,0,0,0,2046
299,0,241,4030,500,922,0,0,0,0,0,0,0,0,0,0,-114,1,0,0,0,104,0,0,1,0,0,0,2046
300,0,242,4030,500,922,0,0,0,0,0,0,0,0,0,0,-114,1,0,0,0,104,0,0,1,0,0,0,2046
301,0,243,4030,500,922,0,0,0,0,0,0,0,0,0,0,-114,1,0,0,0,104,0,0,1,0,0,0,2046
302,0,244,4030,500,922,0,0,0,0,0,0,0,0,0,0,-114,1,0,0,0,104,0,0,1,0,0,0,2046
303,0,245,4030,500,922,0,0,0,0,0,0,0,0,0,0,-114,1,0,0,0,104,0,0,1,0,0,0,2046
304,0,246,4030,500,922,0,0,0,0,0,0,0,0,0,0,-114,1,0,0,0,104,0,0,1,0,0,0,2046
305,0,247,4030,500,922,0,0,0,0,0,0,0,0,0,0,-114,1,0,0,0,104,0,0,1,0,0,0,2046
306,0,248,4030,500,922,0,0,0,0,0,0,0,0,0,0,-114,1,0,0,0,104,0,0,1,0,0,0,2046
307,0,249,4030,500,922,0,0,0,0,0,0,0,0,0,0,-114,1,0,0,0,104,0,0,1,0,0,0,2046
308,0,250,4030,500,922,0,0,0,0,0,0,0,0,0,0,-114,1,0,0,0,104,0,0,1,0,0,0,2046
309,0,251,4030,500,922,0,0,0,0,0,0,0,0,0,0,-114,1,0,0,0,104,0,0,1,0,0,0,2046
310,0,1,3000,500,1000,0,0,0,0,0,0,0,0,0,0,-129,1,0,0,0,104,0,0,0,0,0,0,1000
311,0,2,3000,500,1000,0,0,0,0,0,0,0,0,0,0,-129,1,0,0,0,104,0,0,0,0,0,0,1000
312,0,3,3000,500,1000,0,0,0,0,0,0,0,0,0,0,-129,1,0,0,0,104,0,0,0,0,0,0,1000
313,0,4,3000,500,1000,0,0,0,0,0,0,0,0,0,0,-129,1,0,0,0,104,0,0,0,0,0,0,1000
314,0,5,3000,500,1000,0,0,0,0,0,0,0,0,0,0,-129,1,0,0,0,104,0,0,0,0,0,0,1000
315,0,6,3000,500,1000,0,0,0,0,0,0,0,0,0,0,-129,1,0,0,0,104,0,0,0,0,0,0,1000
316,0,7,3000,500,1000,0,0,0,0,0,0,0,0,0,0,-129,1,0,0,0,104,0,0,0,0,0,0,1000
317,0,8,3000,500,1000,0,0,0,0,0,0,0,0,0,0,-129,1,0,0,0,104,0,0,0,0,0,0,1000
318,0,9,3000,500,1000,0,0,0,0,0,0,0,0,0,0,-129,1,0,0,0,104,0,0,0,0,0,0,1000
319,20,1,3000,500,1000,0,0,0,0,0,0,0,0,0,0,-127.5,1,0,0,0,104,0,0,0,0,0,0,1000
320,20,2,3000,500,1000,0,0,0,0,0,0,0,0,0,0,-126,1,0,0,0,104,0,0,0,0,0,0,1000
321,20,3,3000,500,1000,0,0,0,0,0,0,0,0,0,0,-124.5,1,0,0,0,104,0,0,0,0,0,0,1000
322,10,1,3000,500,1000,0,0,0,0,0,0,0,0,0,0,-124.5,1,0,0,0,104,0,0,0,0,0,0,1000
323,10,2,3000,500,1000,0,0,0,0,0,0,0,0,0,0,-124.5,1,0,0,0,104,0,0,0,0,0,0,1000
324,10,3,3000,500,1000,0,0,0,0,0,0,0,0,0,0,-124.5,1,0,0,0,104,0,0,0,0,0,0,1000
325,1010,1,3000,500,1000,0,0,0,0,0,0,0,0,0,0,-124.5,1,0,0,0,104,0,0,0,0,0,0,1000
326,1010,2,3000,500,1000,0,0,0,0,0,0,0,0,0,0,-124.5,1,0,0,0,104,0,0,0,0,0,0,1000
327,1010,3,3000,500,1000,0,0,0,0,0,0,0,0,0,0,-124.5,1,0,0,0,104,0,0,0,0,0,0,1000
328,1010,4,3000,500,1000,0,0,0,0,0,0,0,0,0,0,-124.5,1,0,0,0,104,0,0,0,0,0,0,1000
329,1010,5,3000,500,1000,0,0,0,0,0,0,0,0,0,0,-124.5,1,0,0,0,104,0,0,0,0,0,0,1000
330,1010,6,3000,500,1000,0,0,0,0,0,0,0,0,0,0,-124.5,1,0,0,0,104,0,0,0,0,0,0,1000
331,1010,7,3000,500,1000,0,0,0,0,0,0,0,0,0,0,-124.5,1,0,0,0,104,0,0,0,0,0,0,1000
332,1010,8,3000,500,1000,0,0,0,0,0,0,0,0,0,0,-124.5,1,0,0,0,104,0,0,0,0,0,0,1000
333,1010,9,3000,500,1000,0,0,0,0,0,0,0,0,0,0,-124.5,1,0,0,0,104,0,0,0,0,0,0,1000
334,1010,10,3000,500,1000,0,0,0,0,0,0,0,0,0,0,-124.5,1,0,0,0,104,0,0,0,0,0,0,1000
335,1010,11,3000,500,1000,0,0,0,0,0,0,0,0,0,0,-124.5,1,0,0,0,104,0,0,0,0,0,0,1000
336,1010,12,3000,500,1000,0,0,0,0,0,0,0,0,0,0,-124.5,1,0,0,0,104,0,0,0,0,0,0,1000
337,1010,13,3000,500,1000,0,0,0,0,0,0,0,0,0,0,-124.5,1,0,0,0,104,0,0,0,0,0,0,1000
338,1010,13,4030,500,927,0,0,0,0,0,0,0,0,0,0,-124.5,1,0,0,0,104,0,0,0,0,0,0,2018
339,1010,13,4030,500,927,0,0,0,0,0,0,0,0,0,0,-124.5,1,0,0,0,104,0,0,0,0,0,0,2018
340,1010,13,4030,500,927,0,0,0,0,0,0,0,0,0,0,-124.5,1,0,0,0,104,0,0,0,0,0,0,2018
341,1010,13,4030,500,927,0,0,0,0,0,0,0,0,0,0,-124.5,1,0,0,0,104,0,0,0,0,0,0,2018
342,1010,13,4030,500,927,0,0,0,0,0,0,0,0,0,0,-124.5,1,0,0,0,104,0,0,0,0,0,0,2018
343,1010,13,4030,500,927,0,0,0,0,0,0,0,0,0,0,-124.5,1,0,0,0,104,0,0,0,0,0,0,2018
344,1010,14,4030,500,927,0,0,0,0,0,0,0,0,0,0,-124.5,1,0,0,0,104,0,0,0,0,0,0,2018
345,1010,15,4030,500,927,0,0,0,0,0,0,0,0,0,0,-124.5,1,0,0,0,104,0,0,0,0,0,0,2018
346,1010,16,4030,500,927,0,0,0,0,0,0,0,0,0,0,-124.5,1,0,0,0,104,0,0,0,0,0,0,2018
347,1010,17,4030,500,927,0,0,0,0,0,0,0,0,0,0,-124.5,1,0,0,0,104,0,0,0,0,0,0,2018
348,1010,18,4030,500,927,0,0,0,0,0,0,0,0,0,0,-124.5,1,0,0,0,104,0,0,0,0,0,0,2018
349,1010,19,4030,500,927,0,0,0,0,0,0,0,0,0,0,-124.5,1,0,0,0,104,0,0,0,0,0,0,2018
350,1010,20,4030,500,927,0,0,0,0,0,0,0,0,0,0,-124.5,1,0,0,0,104,0,0,0,0,0,0,2018
351,1010,21,4030,500,927,0,0,0,0,0,0,0,0,0,0,-124.5,1,0,0,0,104,0,0,0,0,0,0,2018
352,1010,22,4030,500,927,0,0,0,0,0,0,0,0,0,0,-124.5,1,0,0,0,104,0,0,0,0,0,0,2018
353,1010,23,4030,500,927,0,0,0,0,0,0,0,0,0,0,-124.5,1,0,0,0,104,0,0,0,0,0,0,2018
354,1010,24,4030,500,927,0,0,0,0,0,0,0,0,0,0,-124.5,1,0,0,0,104,0,0,0,0,0,0,2018
355,1010,25,4030,500,927,0,0,0,0,0,0,0,0,0,0,-124.5,1,0,0,0,104,0,0,0,0,0,0,2018
356,1010,26,4030,500,927,0,0,0,0,0,0,0,0,0,0,-124.5,1,0,0,0,104,0,0,0,0,0,0,2018
357,1010,27,4030,500,927,0,0,0,0,0,0,0,0,0,0,-125.25,1,0,0,0,104,0,0,0,0,0,0,2018
358,1010,28,4030,500,927,0,0,0,0,0,0,0,0,0,0,-126.25,1,0,0,0,104,0,0,0,0,0,0,2018
359,1010,29,4030,500,927,0,0,0,0,0,0,0,0,0,0,-127.25,1,0,0,0,104,0,0,0,0,0,0,2018
360,1010,30,4030,500,927,0,0,0,0,0,0,0,0,0,0,-128.25,1,0,0,0,104,0,0,0,0,0,0,2018
361,1010,31,4030,500,927,0,0,0,0,0,0,0,0,0,0,-129.25,1,0,0,0,104,0,0,0,0,0,0,2018
362,1010,32,4030,500,927,0,0,0,0,0,0,0,0,0,0,-130.25,1,0,0,0,104,0,0,0,0,0,0,2018
363,1010,33,4030,500,927,0,0,0,0,0,0,0,0,0,0,-131.25,1,0,0,0,104,0,0,0,0,0,0,2018
364,1010,34,4030,500,927,0,0,0,0,0,0,0,0,0,0,-132.25,1,0,0,0,104,0,0,0,0,0,0,2018
365,1010,35,4030,500,927,0,0,0,0,0,0,0,0,0,0,-133.25,1,0,0,0,104,0,0,0,0,0,0,2018
366,1010,36,4030,500,927,0,0,0,0,0,0,0,0,0,0,-134.25,1,0,0,0,104,0,0,0,0,0,0,2018
367,1010,37,4030,500,927,0,0,0,0,0,0,0,0,0,0,-135.25,1,0,0,0,104,0,0,0,0,0,0,2018
368,1010,38,4030,500,927,0,0,0,0,0,0,0,0,0,0,-136.25,1,0,0,0,104,0,0,0,0,0,0,2018
369,0,1,4030,500,927,0,0,0,0,0,0,0,0,0,0,-137.25,1,0,0,0,104,0,0,0,0,0,0,2018
370,0,2,4030,500,927,0,0,0,0,0,0,0,0,0,0,-138.25,1,0,0,0,104,0,0,0,0,0,0,2018
371,0,3,4030,500,927,0,0,0,0,0,0,0,0,0,0,-139.25,1,0,0,0,104,0,0,0,0,0,0,2018
372,0,4,4030,500,927,0,0,0,0,0,0,0,0,0,0,-140.25,1,0,0,0,104,0,0,0,0,0,0,2018
373,0,5,4030,500,927,0,0,0,0,0,0,0,0,0,0,-141.25,1,0,0,0,104,0,0,0,0,0,0,2018
374,0,6,4030,500,927,0,0,0,0,0,0,0,0,0,0,-142.25,1,0,0,0,104,0,0,0,0,0,0,2018
375,0,7,4030,500,927,0,0,0,0,0,0,0,0,0,0,-143.25,1,0,0,0,104,0,0,0,0,0,0,2018
376,0,8,4030,500,927,0,0,0,0,0,0,0,0,0,0,-144.25,1,0,0,0,104,0,0,0,0,0,0,2018
377,0,9,4030,500,927,0,0,0,0,0,0,0,0,0,0,-145.00363159179688,1,0,0,0,104,0,0,0,0,0,0,2018
378,0,10,4030,500,927,0,0,0,0,0,0,0,0,0,0,-145.00363159179688,1,0,0,0,104,0,0,0,0,0,0,2018
379,0,11,4030,500,927,0,0,0,0,0,0,0,0,0,0,-145.00363159179688,1,0,0,0,104,0,0,0,0,0,0,2018
380,0,12,4030,500,927,0,0,0,0,0,0,0,0,0,0,-145.00363159179688,1,0,0,0,104,0,0,0,0,0,0,2018
381,0,13,4030,500,927,0,0,0,0,0,0,0,0,0,0,-145.00363159179688,1,0,0,0,104,0,0,0,0,0,0,2018
382,0,14,4030,500,927,0,0,0,0,0,0,0,0,0,0,-145.00363159179688,1,0,0,0,104,0,0,0,0,0,0,2018
383,0,15,4030,500,927,0,0,0,0,0,0,0,0,0,0,-145.00363159179688,1,0,0,0,104,0,0,0,0,0,0,2018
384,0,16,4030,500,927,0,0,0,0,0,0,0,0,0,0,-145.00363159179688,1,0,0,0,104,0,0,0,0,0,0,2018
385,0,17,4030,500,927,0,0,0,0,0,0,0,0,0,0,-145.00363159179688,1,0,0,0,104,0,0,0,0,0,0,2018
386,0,18,4030,500,927,0,0,0,0,0,0,0,0,0,0,-145.00363159179688,1,0,0,0,104,0,0,0,0,0,0,2018
387,0,19,4030,500,927,0,0,0,0,0,0,0,0,0,0,-145.00363159179688,1,0,0,0,104,0,0,0,0,0,0,2018
388,0,20,4030,500,927,0,0,0,0,0,0,0,0,0,0,-145.00363159179688,1,0,0,0,104,0,0,0,0,0,0,2018
389,0,21,4030,500,927,0,0,0,0,0,0,0,0,0,0,-145.00363159179688,1,0,0,0,104,0,0,0,0,0,0,2018
390,0,22,4030,500,927,0,0,0,0,0,0,0,0,0,0,-145.00363159179688,1,0,0,0,104,0,0,0,0,0,0,2018
391,0,23,4030,500,927,0,0,0,0,0,0,0,0,0,0,-145.00363159179688,1,0,0,0,104,0,0,0,0,0,0,2018
392,0,24,4030,500,927,0,0,0,0,0,0,0,0,0,0,-145.00363159179688,1,0,0,0,104,0,0,0,0,0,0,2018
393,0,25,4030,500,927,0,0,0,0,0,0,0,0,0,0,-145.00363159179688,1,0,0,0,104,0,0,0,0,0,0,2018
394,0,26,4030,500,927,0,0,0,0,0,0,0,0,0,0,-145.00363159179688,1,0,0,0,104,0,0,0,0,0,0,2018
395,0,27,4030,500,927,0,0,0,0,0,0,0,0,0,0,-145.00363159179688,1,0,0,0,104,0,0,0,0,0,0,2018
396,0,28,4030,500,927,0,0,0,0,0,0,0,0,0,0,-145.00363159179688,1,0,0,0,104,0,0,0,0,0,0,2018
397,0,29,4030,500,927,0,0,0,0,0,0,0,0,0,0,-145.00363159179688,1,0,0,0,104,0,0,0,0,0,0,2018
398,0,30,4030,500,927,0,0,0,0,0,0,0,0,0,0,-145.00363159179688,1,0,0,0,104,0,0,0,0,0,0,2018
399,0,31,4030,500,927,0,0,0,0,0,0,0,0,0,0,-145.00363159179688,1,0,0,0,104,0,0,0,0,0,0,2018
400,0,32,4030,500,927,0,0,0,0,0,0,0,0,0,0,-145.00363159179688,1,0,0,0,104,0,0,0,0,0,0,2018
401,0,33,4030,500,927,0,0,0,0,0,0,0,0,0,0,-145.00363159179688,1,0,0,0,104,0,0,0,0,0,0,2018
402,0,34,4030,500,927,0,0,0,0,0,0,0,0,0,0,-145.00363159179688,1,0,0,0,104,0,0,0,0,0,0,2018
403,0,35,4030,500,927,0,0,0,0,0,0,0,0,0,0,-145.00363159179688,1,0,0,0,104,0,0,0,0,0,0,2018
404,0,36,4030,500,927,0,0,0,0,0,0,0,0,0,0,-145.00363159179688,1,0,0,0,104,0,0,0,0,0,0,2018
405,0,37,4030,500,927,0,0,0,0,0,0,0,0,0,0,-145.00363159179688,1,0,0,0,104,0,0,0,0,0,0,2018
406,0,38,4030,500,927,0,0,0,0,0,0,0,0,0,0,-145.00363159179688,1,0,0,0,104,0,0,0,0,0,0,2018
407,0,39,4030,500,927,0,0,0,0,0,0,0,0,0,0,-145.00363159179688,1,0,0,0,104,0,0,0,0,0,0,2018
408,0,40,4030,500,927,0,0,0,0,0,0,0,0,0,0,-145.00363159179688,1,0,0,0,104,0,0,0,0,0,0,2018
409,0,41,4030,500,927,0,0,0,0,0,0,0,0,0,0,-145.00363159179688,1,0,0,0,104,0,0,0,0,0,0,2018
410,0,42,4030,500,927,0,0,0,0,0,0,0,0,0,0,-145.00363159179688,1,0,0,0,104,0,0,0,0,0,0,2018
411,0,43,4030,500,927,0,0,0,0,0,0,0,0,0,0,-145.00363159179688,1,0,0,0,104,0,0,0,0,0,0,2018
412,0,44,4030,500,927,0,0,0,0,0,0,0,0,0,0,-145.00363159179688,1,0,0,0,104,0,0,0,0,0,0,2018
413,0,45,4030,500,927,0,0,0,0,0,0,0,0,0,0,-145.00363159179688,1,0,0,0,104,0,0,0,0,0,0,2018
414,0,46,4030,500,927,0,0,0,0,0,0,0,0,0,0,-145.00363159179688,1,0,0,0,104,0,0,0,0,0,0,2018
415,0,47,4030,500,927,0,0,0,0,0,0,0,0,0,0,-145.00363159179688,1,0,0,0,104,0,0,0,0,0,0,2018
416,0,48,4030,500,927,0,0,0,0,0,0,0,0,0,0,-145.00363159179688,1,0,0,0,104,0,0,0,0,0,0,2018
417,0,49,4030,500,927,0,0,0,0,0,0,0,0,0,0,-145.00363159179688,1,0,0,0,104,0,0,0,0,0,0,2018
418,0,50,4030,500,927,0,0,0,0,0,0,0,0,0,0,-145.00363159179688,1,0,0,0,104,0,0,0,0,0,0,2018
419,0,51,4030,500,927,0,0,0,0,0,0,0,0,0,0,-145.00363159179688,1,0,0,0,104,0,0,0,0,0,0,2018
420,0,52,4030,500,927,0,0,0,0,0,0,0,0,0,0,-145.00363159179688,1,0,0,0,104,0,0,0,0,0,0,2018
421,0,53,4030,500,927,0,0,0,0,0,0,0,0,0,0,-145.00363159179688,1,0,0,0,104,0,0,0,0,0,0,2018
422,0,54,4030,500,927,0,0,0,0,0,0,0,0,0,0,-145.00363159179688,1,0,0,0,104,0,0,0,0,0,0,2018
423,0,55,4030,500,927,0,0,0,0,0,0,0,0,0,0,-145.00363159179688,1,0,0,0,104,0,0,0,0,0,0,2018
424,0,56,4030,500,927,0,0,0,0,0,0,0,0,0,0,-145.00363159179688,1,0,0,0,104,0,0,0,0,0,0,2018
425,0,57,4030,500,927,0,0,0,0,0,0,0,0,0,0,-145.00363159179688,1,0,0,0,104,0,0,0,0,0,0,2018
426,0,58,4030,500,927,0,0,0,0,0,0,0,0,0,0,-145.00363159179688,1,0,0,0,104,0,0,0,0,0,0,2018
427,0,59,4030,500,927,0,0,0,0,0,0,0,0,0,0,-145.00363159179688,1,0,0,0,104,0,0,0,0,0,0,2018
428,0,60,4030,500,927,0,0,0,0,0,0,0,0,0,0,-145.00363159179688,1,0,0,0,104,0,0,0,0,0,0,2018
429,0,61,4030,500,927,0,0,0,0,0,0,0,0,0,0,-145.00363159179688,1,0,0,0,104,0,0,0,0,0,0,2018
430,0,62,4030,500,927,0,0,0,0,0,0,0,0,0,0,-145.00363159179688,1,0,0,0,104,0,0,0,0,0,0,2018
431,0,63,4030,500,927,0,0,0,0,0,0,0,0,0,0,-145.00363159179688,1,0,0,0,104,0,0,0,0,0,0,2018
432,0,64,4030,500,927,0,0,0,0,0,0,0,0,0,0,-145.00363159179688,1,0,0,0,104,0,0,0,0,0,0,2018
433,0,65,4030,500,927,0,0,0,0,0,0,0,0,0,0,-145.00363159179688,1,0,0,0,104,0,0,0,0,0,0,2018
434,0,66,4030,500,927,0,0,0,0,0,0,0,0,0,0,-145.00363159179688,1,0,0,0,104,0,0,0,0,0,0,2018
435,0,67,4030,500,927,0,0,0,0,0,0,0,0,0,0,-145.00363159179688,1,0,0,0,104,0,0,0,0,0,0,2018
436,0,68,4030,500,927,0,0,0,0,0,0,0,0,0,0,-145.00363159179688,1,0,0,0,104,0,0,0,0,0,0,2018
437,0,69,4030,500,927,0,0,0,0,0,0,0,0,0,0,-145.00363159179688,1,0,0,0,104,0,0,0,0,0,0,2018
438,0,70,4030,500,927,0,0,0,0,0,0,0,0,0,0,-145.00363159179688,1,0,0,0,104,0,0,0,0,0,0,2018
439,0,71,4030,500,927,0,0,0,0,0,0,0,0,0,0,-145.00363159179688,1,0,0,0,104,0,0,0,0,0,0,2018
440,0,72,4030,500,927,0,0,0,0,0,0,0,0,0,0,-145.00363159179688,1,0,0,0,104,0,0,0,0,0,0,2018
441,0,73,4030,500,927,0,0,0,0,0,0,0,0,0,0,-145.00363159179688,1,0,0,0,104,0,0,0,0,0,0,2018
442,0,74,4030,500,927,0,0,0,0,0,0,0,0,0,0,-145.00363159179688,1,0,0,0,104,0,0,0,0,0,0,2018
443,0,75,4030,500,927,0,0,0,0,0,0,0,0,0,0,-145.00363159179688,1,0,0,0,104,0,0,0,0,0,0,2018
444,0,76,4030,500,927,0,0,0,0,0,0,0,0,0,0,-145.00363159179688,1,0,0,0,104,0,0,0,0,0,0,2018
445,0,77,4030,500,927,0,0,0,0,0,0,0,0,0,0,-145.00363159179688,1,0,0,0,104,0,0,0,0,0,0,2018
446,0,78,4030,500,927,0,0,0,0,0,0,0,0,0,0,-145.00363159179688,1,0,0,0,104,0,0,0,0,0,0,2018
447,0,79,4030,500,927,0,0,0,0,0,0,0,0,0,0,-145.00363159179688,1,0,0,0,104,0,0,0,0,0,0,2018
448,0,80,4030,500,927,0,0,0,0,0,0,0,0,0,0,-145.00363159179688,1,0,0,0,104,0,0,0,0,0,0,2018
449,0,81,4030,500,927,0,0,0,0,0,0,0,0,0,0,-145.00363159179688,1,0,0,0,104,0,0,0,0,0,0,2018
450,0,82,4030,500,927,0,0,0,0,0,0,0,0,0,0,-145.00363159179688,1,0,0,0,104,0,0,0,0,0,0,2018
451,0,83,4030,500,927,0,0,0,0,0,0,0,0,0,0,-145.00363159179688,1,0,0,0,104,0,0,0,0,0,0,2018
452,0,84,4030,500,927,0,0,0,0,0,0,0,0,0,0,-145.00363159179688,1,0,0,0,104,0,0,0,0,0,0,2018
453,0,85,4030,500,927,0,0,0,0,0,0,0,0,0,0,-145.00363159179688,1,0,0,0,104,0,0,0,0,0,0,2018
454,0,86,4030,500,927,0,0,0,0,0,0,0,0,0,0,-145.00363159179688,1,0,0,0,104,0,0,0,0,0,0,2018
455,0,87,4030,500,927,0,0,0,0,0,0,0,0,0,0,-145.00363159179688,1,0,0,0,104,0,0,0,0,0,0,2018
456,0,88,4030,500,927,0,0,0,0,0,0,0,0,0,0,-145.00363159179688,1,0,0,0,104,0,0,0,0,0,0,2018
457,0,89,4030,500,927,0,0,0,0,0,0,0,0,0,0,-145.00363159179688,1,0,0,0,104,0,0,0,0,0,0,2018
458,0,90,4030,500,927,0,0,0,0,0,0,0,0,0,0,-145.00363159179688,1,0,0,0,104,0,0,0,0,0,0,2018
459,0,91,4030,500,927,0,0,0,0,0,0,0,0,0,0,-145.00363159179688,1,0,0,0,104,0,0,0,0,0,0,2018
460,0,92,4030,500,927,0,0,0,0,0,0,0,0,0,0,-145.00363159179688,1,0,0,0,104,0,0,0,0,0,0,2018
461,0,93,4030,500,927,0,0,0,0,0,0,0,0,0,0,-145.00363159179688,1,0,0,0,104,0,0,0,0,0,0,2018
462,0,94,4030,500,927,0,0,0,0,0,0,0,0,0,0,-145.00363159179688,1,0,0,0,104,0,0,0,0,0,0,2018
463,0,95,4030,500,927,0,0,0,0,0,0,0,0,0,0,-145.00363159179688,1,0,0,0,104,0,0,0,0,0,0,2018
464,0,96,4030,500,927,0,0,0,0,0,0,0,0,0,0,-145.00363159179688,1,0,0,0,104,0,0,0,0,0,0,2018
465,0,97,4030,500,927,0,0,0,0,0,0,0,0,0,0,-145.00363159179688,1,0,0,0,104,0,0,0,0,0,0,2018
466,0,98,4030,500,927,0,0,0,0,0,0,0,0,0,0,-145.00363159179688,1,0,0,0,104,0,0,0,0,0,0,2018
467,0,99,4030,500,927,0,0,0,0,0,0,0,0,0,0,-145.00363159179688,1,0,0,0,104,0,0,0,0,0,0,2018
468,0,100,4030,500,927,0,0,0,0,0,0,0,0,0,0,-145.00363159179688,1,0,0,0,104,0,0,0,0,0,0,2018
469,0,101,4030,500,927,0,0,0,0,0,0,0,0,0,0,-145.00363159179688,1,0,0,0,104,0,0,0,0,0,0,2018
470,0,102,4030,500,927,0,0,0,0,0,0,0,0,0,0,-145.00363159179688,1,0,0,0,104,0,0,0,0,0,0,2018
471,0,103,4030,500,927,0,0,0,0,0,0,0,0,0,0,-145.00363159179688,1,0,0,0,104,0,0,0,0,0,0,2018
472,0,104,4030,500,927,0,0,0,0,0,0,0,0,0,0,-145.00363159179688,1,0,0,0,104,0,0,0,0,0,0,2018
473,0,105,4030,500,927,0,0,0,0,0,0,0,0,0,0,-145.00363159179688,1,0,0,0,104,0,0,0,0,0,0,2018
474,0,106,4030,500,927,0,0,0,0,0,0,0,0,0,0,-145.00363159179688,1,0,0,0,104,0,0,0,0,0,0,2018
475,0,107,4030,500,927,0,0,0,0,0,0,0,0,0,0,-145.00363159179688,1,0,0,0,104,0,0,0,0,0,0,2018
476,0,108,4030,500,927,0,0,0,0,0,0,0,0,0,0,-145.00363159179688,1,0,0,0,104,0,0,0,0,0,0,2018
477,0,109,4030,500,927,0,0,0,0,0,0,0,0,0,0,-145.00363159179688,1,0,0,0,104,0,0,0,0,0,0,2018
478,0,110,4030,500,927,0,0,0,0,0,0,0,0,0,0,-145.00363159179688,1,0,0,0,104,0,0,0,0,0,0,2018
479,0,111,4030,500,927,0,0,0,0,0,0,0,0,0,0,-145.00363159179688,1,0,0,0,104,0,0,0,0,0,0,2018
480,0,112,4030,500,927,0,0,0,0,0,0,0,0,0,0,-145.00363159179688,1,0,0,0,104,0,0,0,0,0,0,2018
481,0,113,4030,500,927,0,0,0,0,0,0,0,0,0,0,-145.00363159179688,1,0,0,0,104,0,0,0,0,0,0,2018
482,0,114,4030,500,927,0,0,0,0,0,0,0,0,0,0,-145.00363159179688,1,0,0,0,104,0,0,0,0,0,0,2018
483,0,115,4030,500,927,0,0,0,0,0,0,0,0,0,0,-145.00363159179688,1,0,0,0,104,0,0,0,0,0,0,2018
484,0,116,4030,500,927,0,0,0,0,0,0,0,0,0,0,-145.00363159179688,1,0,0,0,104,0,0,0,0,0,0,2018
485,0,117,4030,500,927,0,0,0,0,0,0,0,0,0,0,-145.00363159179688,1,0,0,0,104,0,0,0,0,0,0,2018
486,0,118,4030,500,927,0,0,0,0,0,0,0,0,0,0,-145.00363159179688,1,0,0,0,104,0,0,0,0,0,0,2018
487,0,119,4030,500,927,0,0,0,0,0,0,0,0,0,0,-145.00363159179688,1,0,0,0,104,0,0,0,0,0,0,2018
488,0,120,4030,500,927,0,0,0,0,0,0,0,0,0,0,-145.00363159179688,1,0,0,0,104,0,0,0,0,0,0,2018
489,0,121,4030,500,927,0,0,0,0,0,0,0,0,0,0,-145.00363159179688,1,0,0,0,104,0,0,0,0,0,0,2018
490,0,122,4030,500,927,0,0,0,0,0,0,0,0,0,0,-145.00363159179688,1,0,0,0,104,0,0,0,0,0,0,2018
491,0,123,4030,500,927,0,0,0,0,0,0,0,0,0,0,-145.00363159179688,1,0,0,0,104,0,0,0,0,0,0,2018
492,0,124,4030,500,927,0,0,0,0,0,0,0,0,0,0,-145.00363159179688,1,0,0,0,104,0,0,0,0,0,0,2018
493,0,125,4030,500,927,0,0,0,0,0,0,0,0,0,0,-145.00363159179688,1,0,0,0,104,0,0,0,0,0,0,2018
494,0,126,4030,500,927,0,0,0,0,0,0,0,0,0,0,-145.00363159179688,1,0,0,0,104,0,0,0,0,0,0,2018
495,0,127,4030,500,927,0,0,0,0,0,0,0,0,0,0,-145.00363159179688,1,0,0,0,104,0,0,0,0,0,0,2018
496,0,128,4030,500,927,0,0,0,0,0,0,0,0,0,0,-145.00363159179688,1,0,0,0,104,0,0,0,0,0,0,2018
497,0,129,4030,500,927,0,0,0,0,0,0,0,0,0,0,-145.00363159179688,1,0,0,0,104,0,0,0,0,0,0,2018
498,0,130,4030,500,927,0,0,0,0,0,0,0,0,0,0,-145.00363159179688,1,0,0,0,104,0,0,0,0,0,0,2018
499,0,131,4030,500,927,0,0,0,0,0,0,0,0,0,0,-145.00363159179688,1,0,0,0,104,0,0,0,0,0,0,2018
500,0,132,4030,500,927,0,0,0,0,0,0,0,0,0,0,-145.00363159179688,1,0,0,0,104,0,0,0,0,0,0,2018
501,0,133,4030,500,927,0,0,0,0,0,0,0,0,0,0,-145.00363159179688,1,0,0,0,104,0,0,0,0,0,0,2018
502,0,134,4030,500,927,0,0,0,0,0,0,0,0,0,0,-145.00363159179688,1,0,0,0,104,0,0,0,0,0,0,2018
503,0,135,4030,500,927,0,0,0,0,0,0,0,0,0,0,-145.00363159179688,1,0,0,0,104,0,0,0,0,0,0,2018
504,0,136,4030,500,927,0,0,0,0,0,0,0,0,0,0,-145.00363159179688,1,0,0,0,104,0,0,0,0,0,0,2018
505,0,137,4030,500,927,0,0,0,0,0,0,0,0,0,0,-145.00363159179688,1,0,0,0,104,0,0,0,0,0,0,2018
506,0,138,4030,500,927,0,0,0,0,0,0,0,0,0,0,-145.00363159179688,1,0,0,0,104,0,0,0,0,0,0,2018
507,0,139,4030,500,927,0,0,0,0,0,0,0,0,0,0,-145.00363159179688,1,0,0,0,104,0,0,0,0,0,0,2018
508,0,140,4030,500,927,0,0,0,0,0,0,0,0,0,0,-145.00363159179688,1,0,0,0,104,0,0,0,0,0,0,2018
509,0,141,4030,500,927,0,0,0,0,0,0,0,0,0,0,-145.00363159179688,1,0,0,0,104,0,0,0,0,0,0,2018
510,0,142,4030,500,927,0,0,0,0,0,0,0,0,0,0,-145.00363159179688,1,0,0,0,104,0,0,0,0,0,0,2018
511,0,143,4030,500,927,0,0,0,0,0,0,0,0,0,0,-145.00363159179688,1,0,0,0,104,0,0,0,0,0,0,2018
512,0,144,4030,500,927,0,0,0,0,0,0,0,0,0,0,-145.00363159179688,1,0,0,0,104,0,0,0,0,0,0,2018
513,0,145,4030,500,927,0,0,0,0,0,0,0,0,0,0,-145.00363159179688,1,0,0,0,104,0,0,0,0,0,0,2018
514,0,146,4030,500,927,0,0,0,0,0,0,0,0,0,0,-145.00363159179688,1,0,0,0,104,0,0,0,0,0,0,2018
515,0,147,4030,500,927,0,0,0,0,0,0,0,0,0,0,-145.00363159179688,1,0,0,0,104,0,0,0,0,0,0,2018
516,0,148,4030,500,927,0,0,0,0,0,0,0,0,0,0,-145.00363159179688,1,0,0,0,104,0,0,0,0,0,0,2018
517,0,149,4030,500,927,0,0,0,0,0,0,0,0,0,0,-145.00363159179688,1,0,0,0,104,0,0,0,0,0,0,2018
518,0,150,4030,500,927,0,0,0,0,0,0,0,0,0,0,-145.00363159179688,1,0,0,0,104,0,0,0,0,0,0,2018
519,0,151,4030,500,927,0,0,0,0,0,0,0,0,0,0,-145.00363159179688,1,0,0,0,104,0,0,0,0,0,0,2018
520,0,152,4030,500,927,0,0,0,0,0,0,0,0,0,0,-145.00363159179688,1,0,0,0,104,0,0,0,0,0,0,2018
521,0,153,4030,500,927,0,0,0,0,0,0,0,0,0,0,-145.00363159179688,1,0,0,0,104,0,0,0,0,0,0,2018
522,0,154,4030,500,927,0,0,0,0,0,0,0,0,0,0,-145.00363159179688,1,0,0,0,104,0,0,0,0,0,0,2018
523,0,155,4030,500,927,0,0,0,0,0,0,0,0,0,0,-145.00363159179688,1,0,0,0,104,0,0,0,0,0,0,2018
524,0,156,4030,500,927,0,0,0,0,0,0,0,0,0,0,-145.00363159179688,1,0,0,0,104,0,0,0,0,0,0,2018
525,0,157,4030,500,927,0,0,0,0,0,0,0,0,0,0,-145.00363159179688,1,0,0,0,104,0,0,0,0,0,0,2018
526,0,158,4030,500,927,0,0,0,0,0,0,0,0,0,0,-145.00363159179688,1,0,0,0,104,0,0,0,0,0,0,2018
527,0,159,4030,500,927,0,0,0,0,0,0,0,0,0,0,-145.00363159179688,1,0,0,0,104,0,0,0,0,0,0,2018
528,0,160,4030,500,927,0,0,0,0,0,0,0,0,0,0,-145.00363159179688,1,0,0,0,104,0,0,0,0,0,0,2018
529,0,161,4030,500,927,0,0,0,0,0,0,0,0,0,0,-145.00363159179688,1,0,0,0,104,0,0,0,0,0,0,2018
530,0,162,4030,500,927,0,0,0,0,0,0,0,0,0,0,-145.00363159179688,1,0,0,0,104,0,0,0,0,0,0,2018
531,0,163,4030,500,927,0,0,0,0,0,0,0,0,0,0,-145.00363159179688,1,0,0,0,104,0,0,0,0,0,0,2018
532,0,164,4030,500,927,0,0,0,0,0,0,0,0,0,0,-145.00363159179688,1,0,0,0,104,0,0,0,0,0,0,2018
533,0,165,4030,500,927,0,0,0,0,0,0,0,0,0,0,-145.00363159179688,1,0,0,0,104,0,0,0,0,0,0,2018
534,0,166,4030,500,927,0,0,0,0,0,0,0,0,0,0,-145.00363159179688,1,0,0,0,104,0,0,0,0,0,0,2018
535,0,167,4030,500,927,0,0,0,0,0,0,0,0,0,0,-145.00363159179688,1,0,0,0,104,0,0,0,0,0,0,2018
536,0,168,4030,500,927,0,0,0,0,0,0,0,0,0,0,-145.00363159179688,1,0,0,0,104,0,0,0,0,0,0,2018
537,0,169,4030,500,927,0,0,0,0,0,0,0,0,0,0,-145.00363159179688,1,0,0,0,104,0,0,0,0,0,0,2018
538,0,170,4030,500,927,0,0,0,0,0,0,0,0,0,0,-145.00363159179688,1,0,0,0,104,0,0,0,0,0,0,2018
539,0,171,4030,500,927,0,0,0,0,0,0,0,0,0,0,-145.00363159179688,1,0,0,0,104,0,0,0,0,0,0,2018
540,0,172,4030,500,927,0,0,0,0,0,0,0,0,0,0,-145.00363159179688,1,0,0,0,104,0,0,0,0,0,0,2018
541,0,173,4030,500,927,0,0,0,0,0,0,0,0,0,0,-145.00363159179688,1,0,0,0,104,0,0,0,0,0,0,2018
542,0,174,4030,500,927,0,0,0,0,0,0,0,0,0,0,-145.00363159179688,1,0,0,0,104,0,0,0,0,0,0,2018
543,0,175,4030,500,927,0,0,0,0,0,0,0,0,0,0,-145.00363159179688,1,0,0,0,104,0,0,0,0,0,0,2018
544,0,176,4030,500,927,0,0,0,0,0,0,0,0,0,0,-145.00363159179688,1,0,0,0,104,0,0,0,0,0,0,2018
545,0,177,4030,500,927,0,0,0,0,0,0,0,0,0,0,-145.00363159179688,1,0,0,0,104,0,0,0,0,0,0,2018
546,0,178,4030,500,927,0,0,0,0,0,0,0,0,0,0,-145.00363159179688,1,0,0,0,104,0,0,0,0,0,0,2018
547,0,179,4030,500,927,0,0,0,0,0,0,0,0,0,0,-145.00363159179688,1,0,0,0,104,0,0,0,0,0,0,2018
548,0,180,4030,500,927,0,0,0,0,0,0,0,0,0,0,-145.00363159179688,1,0,0,0,104,0,0,0,0,0,0,2018
549,0,181,4030,500,927,0,0,0,0,0,0,0,0,0,0,-145.00363159179688,1,0,0,0,104,0,0,0,0,0,0,2018
550,0,182,4030,500,927,0,0,0,0,0,0,0,0,0,0,-145.00363159179688,1,0,0,0,104,0,0,0,0,0,0,2018
551,0,183,4030,500,927,0,0,0,0,0,0,0,0,0,0,-145.00363159179688,1,0,0,0,104,0,0,0,0,0,0,2018
552,0,184,4030,500,927,0,0,0,0,0,0,0,0,0,0,-145.00363159179688,1,0,0,0,104,0,0,0,0,0,0,2018
553,0,185,4030,500,927,0,0,0,0,0,0,0,0,0,0,-145.00363159179688,1,0,0,0,104,0,0,0,0,0,0,2018
554,0,186,4030,500,927,0,0,0,0,0,0,0,0,0,0,-145.00363159179688,1,0,0,0,104,0,0,0,0,0,0,2018
555,0,187,4030,500,927,0,0,0,0,0,0,0,0,0,0,-145.00363159179688,1,0,0,0,104,0,0,0,0,0,0,2018
556,0,188,4030,500,927,0,0,0,0,0,0,0,0,0,0,-145.00363159179688,1,0,0,0,104,0,0,0,0,0,0,2018
557,0,189,4030,500,927,0,0,0,0,0,0,0,0,0,0,-145.00363159179688,1,0,0,0,104,0,0,0,0,0,0,2018
558,0,190,4030,500,927,0,0,0,0,0,0,0,0,0,0,-145.00363159179688,1,0,0,0,104,0,0,0,0,0,0,2018
559,0,191,4030,500,927,0,0,0,0,0,0,0,0,0,0,-145.00363159179688,1,0,0,0,104,0,0,0,0,0,0,2018
560,0,192,4030,500,927,0,0,0,0,0,0,0,0,0,0,-145.00363159179688,1,0,0,0,104,0,0,0,0,0,0,2018
561,0,193,4030,500,927,0,0,0,0,0,0,0,0,0,0,-145.00363159179688,1,0,0,0,104,0,0,0,0,0,0,2018
562,0,194,4030,500,927,0,0,0,0,0,0,0,0,0,0,-145.00363159179688,1,0,0,0,104,0,0,0,0,0,0,2018
563,0,195,4030,500,927,0,0,0,0,0,0,0,0,0,0,-145.00363159179688,1,0,0,0,104,0,0,0,0,0,0,2018
564,0,196,4030,500,927,0,0,0,0,0,0,0,0,0,0,-145.00363159179688,1,0,0,0,104,0,0,0,0,0,0,2018
565,0,197,4030,500,927,0,0,0,0,0,0,0,0,0,0,-145.00363159179688,1,0,0,0,104,0,0,0,0,0,0,2018
566,0,198,4030,500,927,0,0,0,0,0,0,0,0,0,0,-145.00363159179688,1,0,0,0,104,0,0,0,0,0,0,2018
567,0,199,4030,500,927,0,0,0,0,0,0,0,0,0,0,-145.00363159179688,1,0,0,0,104,0,0,0,0,0,0,2018
568,0,200,4030,500,927,0,0,0,0,0,0,0,0,0,0,-145.00363159179688,1,0,0,0,104,0,0,0,0,0,0,2018
569,0,201,4030,500,927,0,0,0,0,0,0,0,0,0,0,-145.00363159179688,1,0,0,0,104,0,0,0,0,0,0,2018
570,0,202,4030,500,927,0,0,0,0,0,0,0,0,0,0,-145.00363159179688,1,0,0,0,104,0,0,0,0,0,0,2018
571,0,203,4030,500,927,0,0,0,0,0,0,0,0,0,0,-145.00363159179688,1,0,0,0,104,0,0,0,0,0,0,2018
572,0,204,4030,500,927,0,0,0,0,0,0,0,0,0,0,-145.00363159179688,1,0,0,0,104,0,0,0,0,0,0,2018
573,0,205,4030,500,927,0,0,0,0,0,0,0,0,0,0,-145.00363159179688,1,0,0,0,104,0,0,0,0,0,0,2018
574,0,206,4030,500,927,0,0,0,0,0,0,0,0,0,0,-145.00363159179688,1,0,0,0,104,0,0,0,0,0,0,2018
575,0,207,4030,500,927,0,0,0,0,0,0,0,0,0,0,-145.00363159179688,1,0,0,0,104,0,0,0,0,0,0,2018
576,0,208,4030,500,927,0,0,0,0,0,0,0,0,0,0,-145.00363159179688,1,0,0,0,104,0,0,0,0,0,0,2018
577,0,209,4030,500,927,0,0,0,0,0,0,0,0,0,0,-145.00363159179688,1,0,0,0,104,0,0,0,0,0,0,2018
578,0,210,4030,500,927,0,0,0,0,0,0,0,0,0,0,-145.00363159179688,1,0,0,0,104,0,0,0,0,0,0,2018
579,0,211,4030,500,927,0,0,0,0,0,0,0,0,0,0,-145.00363159179688,1,0,0,0,104,0,0,0,0,0,0,2018
580,0,212,4030,500,927,0,0,0,0,0,0,0,0,0,0,-145.00363159179688,1,0,0,0,104,0,0,0,0,0,0,2018
581,0,213,4030,500,927,0,0,0,0,0,0,0,0,0,0,-145.00363159179688,1,0,0,0,104,0,0,0,0,0,0,2018
582,0,214,4030,500,927,0,0,0,0,0,0,0,0,0,0,-145.00363159179688,1,0,0,0,104,0,0,0,0,0,0,2018
583,0,215,4030,500,927,0,0,0,0,0,0,0,0,0,0,-145.00363159179688,1,0,0,0,104,0,0,0,0,0,0,2018
584,0,216,4030,500,927,0,0,0,0,0,0,0,0,0,0,-145.00363159179688,1,0,0,0,104,0,0,0,0,0,0,2018
585,0,217,4030,500,927,0,0,0,0,0,0,0,0,0,0,-145.00363159179688,1,0,0,0,104,0,0,0,0,0,0,2018
586,0,218,4030,500,927,0,0,0,0,0,0,0,0,0,0,-145.00363159179688,1,0,0,0,104,0,0,0,0,0,0,2018
587,0,219,4030,500,927,0,0,0,0,0,0,0,0,0,0,-145.00363159179688,1,0,0,0,104,0,0,0,0,0,0,2018
588,0,220,4030,500,927,0,0,0,0,0,0,0,0,0,0,-145.00363159179688,1,0,0,0,104,0,0,0,0,0,0,2018
589,0,221,4030,500,927,0,0,0,0,0,0,0,0,0,0,-145.00363159179688,1,0,0,0,104,0,0,0,0,0,0,2018
590,0,222,4030,500,927,0,0,0,0,0,0,0,0,0,0,-145.00363159179688,1,0,0,0,104,0,0,0,0,0,0,2018
591,0,223,4030,500,927,0,0,0,0,0,0,0,0,0,0,-145.00363159179688,1,0,0,0,104,0,0,0,0,0,0,2018
592,0,224,4030,500,927,0,0,0,0,0,0,0,0,0,0,-145.00363159179688,1,0,0,0,104,0,0,0,0,0,0,2018
593,0,225,4030,500,927,0,0,0,0,0,0,0,0,0,0,-145.00363159179688,1,0,0,0,104,0,0,0,0,0,0,2018
594,0,226,4030,500,927,0,0,0,0,0,0,0,0,0,0,-145.00363159179688,1,0,0,0,104,0,0,0,0,0,0,2018
595,0,227,4030,500,927,0,0,0,0,0,0,0,0,0,0,-145.00363159179688,1,0,0,0,104,0,0,0,0,0,0,2018
596,0,228,4030,500,927,0,0,0,0,0,0,0,0,0,0,-145.00363159179688,1,0,0,0,104,0,0,0,0,0,0,2018
597,0,229,4030,500,927,0,0,0,0,0,0,0,0,0,0,-145.00363159179688,1,0,0,0,104,0,0,0,0,0,0,2018
598,0,230,4030,500,927,0,0,0,0,0,0,0,0,0,0,-145.00363159179688,1,0,0,0,104,0,0,0,0,0,0,2018
599,0,231,4030,500,927,0,0,0,0,0,0,0,0,0,0,-145.00363159179688,1,0,0,0,104,0,0,0,0,0,0,2018
600,0,232,4030,500,927,0,0,0,0,0,0,0,0,0,0,-145.00363159179688,1,0,0,0,104,0,0,0,0,0,0,2018
601,0,233,4030,500,927,0,0,0,0,0,0,0,0,0,0,-145.00363159179688,1,0,0,0,104,0,0,0,0,0,0,2018
602,0,234,4030,500,927,0,0,0,0,0,0,0,0,0,0,-145.00363159179688,1,0,0,0,104,0,0,0,0,0,0,2018
603,0,235,4030,500,927,0,0,0,0,0,0,0,0,0,0,-145.00363159179688,1,0,0,0,104,0,0,0,0,0,0,2018
604,0,236,4030,500,927,0,0,0,0,0,0,0,0,0,0,-145.00363159179688,1,0,0,0,104,0,0,0,0,0,0,2018
605,0,237,4030,500,927,0,0,0,0,0,0,0,0,0,0,-145.00363159179688,1,0,0,0,104,0,0,0,0,0,0,2018
606,0,238,4030,500,927,0,0,0,0,0,0,0,0,0,0,-145.00363159179688,1,0,0,0,104,0,0,0,0,0,0,2018
607,0,239,4030,500,927,0,0,0,0,0,0,0,0,0,0,-145.00363159179688,1,0,0,0,104,0,0,0,0,0,0,2018
608,0,240,4030,500,927,0,0,0,0,0,0,0,0,0,0,-145.00363159179688,1,0,0,0,104,0,0,0,0,0,0,2018
609,0,241,4030,500,927,0,0,0,0,0,0,0,0,0,0,-145.00363159179688,1,0,0,0,104,0,0,0,0,0,0,2018
610,0,1,3000,500,1000,0,0,0,0,0,0,0,0,0,0,-129,1,0,0,0,104,0,0,0,0,0,0,1000
611,0,2,3000,500,1000,0,0,0,0,0,0,0,0,0,0,-129,1,0,0,0,104,0,0,0,0,0,0,1000
612,0,3,3000,500,1000,0,0,0,0,0,0,0,0,0,0,-129,1,0,0,0,104,0,0,0,0,0,0,1000
613,0,4,3000,500,1000,0,0,0,0,0,0,0,0,0,0,-129,1,0,0,0,104,0,0,0,0,0,0,1000
614,0,5,3000,500,1000,0,0,0,0,0,0,0,0,0,0,-129,1,0,0,0,104,0,0,0,0,0,0,1000
615,0,6,3000,500,1000,0,0,0,0,0,0,0,0,0,0,-129,1,0,0,0,104,0,0,0,0,0,0,1000
616,0,7,3000,500,1000,0,0,0,0,0,0,0,0,0,0,-129,1,0,0,0,104,0,0,0,0,0,0,1000
617,0,8,3000,500,1000,0,0,0,0,0,0,0,0,0,0,-129,1,0,0,0,104,0,0,0,0,0,0,1000
618,0,9,3000,500,1000,0,0,0,0,0,0,0,0,0,0,-129,1,0,0,0,104,0,0,0,0,0,0,1000
619,10,1,3000,500,1000,0,0,0,0,0,0,0,0,0,0,-129,1,0,0,0,104,0,0,0,0,0,0,1000
620,10,2,3000,500,1000,0,0,0,0,0,0,0,0,0,0,-129,1,0,0,0,104,0,0,0,0,0,0,1000
621,10,3,3000,500,1000,0,0,0,0,0,0,0,0,0,0,-129,1,0,0,0,104,0,0,0,0,0,0,1000
622,10,4,3000,500,1000,0,0,0,0,0,0,0,0,0,0,-129,1,0,0,0,104,0,0,0,0,0,0,1000
623,10,5,3000,500,1000,0,0,0,0,0,0,0,0,0,0,-129,1,0,0,0,104,0,0,0,0,0,0,1000
624,10,6,3000,500,1000,0,0,0,0,0,0,0,0,0,0,-129,1,0,0,0,104,0,0,0,0,0,0,1000
625,1020,1,3000,500,1000,0,0,0,0,0,0,0,0,0,0,-129,1,0,0,0,104,0,0,0,0,0,0,1000
626,1020,2,3000,500,1000,0,0,0,0,0,0,0,0,0,0,-129,1,0,0,0,104,0,0,0,0,0,0,1000
627,1020,3,3000,500,1000,0,0,0,0,0,0,0,0,0,0,-129,1,0,0,0,104,0,0,0,0,0,0,1000
628,1020,4,3000,500,1000,0,0,0,0,0,0,0,0,0,0,-129,1,0,0,0,104,0,0,0,0,0,0,1000
629,1020,5,3000,500,1000,0,0,0,0,0,0,0,0,0,0,-129,1,0,0,0,104,0,0,0,0,0,0,1000
630,1020,6,3000,500,1000,0,0,0,0,0,0,0,0,0,0,-129,1,0,0,0,104,0,0,0,0,0,0,1000
631,1020,7,3000,500,1000,0,0,0,0,0,0,0,0,0,0,-129,1,0,0,0,104,0,0,0,0,0,0,1000
632,1020,8,3000,500,1000,0,0,0,0,0,0,0,0,0,0,-129,1,0,0,0,104,0,0,0,0,0,0,1000
633,1020,9,3000,500,1000,0,0,0,0,0,0,0,0,0,0,-129,1,0,0,0,104,0,0,0,0,0,0,1000
634,1020,10,3000,500,1000,0,0,0,0,0,0,0,0,0,0,-129,1,0,0,0,104,0,0,0,0,0,0,1000
635,1020,11,3000,500,1000,0,0,0,0,0,0,0,0,0,0,-129,1,0,0,0,104,0,0,0,0,0,0,1000
636,1020,12,3000,500,1000,0,0,0,0,0,0,0,0,0,0,-129,1,0,0,0,104,0,0,0,0,0,0,1000
637,1020,13,3000,500,1000,0,0,0,0,0,0,0,0,0,0,-129,1,0,0,0,104,0,0,0,0,0,0,1000
638,1020,14,3000,500,1000,0,0,0,0,0,0,0,0,0,0,-129,1,0,0,0,104,0,0,0,0,0,0,1000
639,1020,15,3000,500,1000,0,0,0,0,0,0,0,0,0,0,-129,1,0,0,0,104,0,0,0,0,0,0,1000
640,1020,16,3000,500,1000,0,0,0,0,0,0,0,0,0,0,-129,1,0,0,0,104,0,0,0,0,0,0,1000
641,1020,17,3000,500,1000,0,0,0,0,0,0,0,0,0,0,-129,1,0,0,0,104,0,0,0,0,0,0,1000
642,1020,18,3000,500,1000,0,0,0,0,0,0,0,0,0,0,-129,1,0,0,0,104,0,0,0,0,0,0,1000
643,1020,19,3000,500,1000,0,0,0,0,0,0,0,0,0,0,-129,1,0,0,0,104,0,0,0,0,0,0,1000
644,1020,19,4030,500,930,0,0,0,0,0,0,0,0,0,0,-129,1,0,0,0,104,0,0,0,0,0,0,2018
645,1020,19,4030,500,930,0,0,0,0,0,0,0,0,0,0,-129,1,0,0,0,104,0,0,0,0,0,0,2018
646,1020,19,4030,500,930,0,0,0,0,0,0,0,0,0,0,-129,1,0,0,0,104,0,0,0,0,0,0,2018
647,1020,19,4030,500,930,0,0,0,0,0,0,0,0,0,0,-129,1,0,0,0,104,0,0,0,0,0,0,2018
648,1020,19,4030,500,930,0,0,0,0,0,0,0,0,0,0,-129,1,0,0,0,104,0,0,0,0,0,0,2018
649,1020,19,4030,500,930,0,0,0,0,0,0,0,0,0,0,-129,1,0,0,0,104,0,0,0,0,0,0,2018
650,1020,20,4030,500,930,0,0,0,0,0,0,0,0,0,0,-129,1,0,0,0,104,0,0,0,0,0,0,2018
651,1020,21,4030,500,930,0,0,0,0,0,0,0,0,0,0,-129,1,0,0,0,104,0,0,0,0,0,0,2018
652,1020,22,4030,500,930,0,0,0,0,0,0,0,0,0,0,-129,1,0,0,0,104,0,0,0,0,0,0,2018
653,1020,23,4030,500,930,0,0,0,0,0,0,0,0,0,0,-129,1,0,0,0,104,0,0,0,0,0,0,2018
654,1020,24,4030,500,930,0,0,0,0,0,0,0,0,0,0,-129,1,0,0,0,104,0,0,0,0,0,0,2018
655,1020,25,4030,500,930,0,0,0,0,0,0,0,0,0,0,-129,1,0,0,0,104,0,0,0,0,0,0,2018
656,1020,26,4030,500,930,0,0,0,0,0,0,0,0,0,0,-129,1,0,0,0,104,0,0,0,0,0,0,2018
657,1020,27,4030,500,930,0,0,0,0,0,0,0,0,0,0,-129,1,0,0,0,104,0,0,0,0,0,0,2018
658,1020,28,4030,500,930,0,0,0,0,0,0,0,0,0,0,-129,1,0,0,0,104,0,0,0,0,0,0,2018
659,1020,29,4030,500,930,0,0,0,0,0,0,0,0,0,0,-129,1,0,0,0,104,0,0,0,0,0,0,2018
660,1020,30,4030,500,930,0,0,0,0,0,0,0,0,0,0,-129,1,0,0,0,104,0,0,0,0,0,0,2018
661,1020,31,4030,500,930,0,0,0,0,0,0,0,0,0,0,-129,1,0,0,0,104,0,0,0,0,0,0,2018
662,1020,32,4030,500,930,0,0,0,0,0,0,0,0,0,0,-129,1,0,0,0,104,0,0,0,0,0,0,2018
663,1020,33,4030,500,930,0,0,0,0,0,0,0,0,0,0,-129,1,0,0,0,104,0,0,0,0,0,0,2018
664,1020,34,4030,500,930,0,0,0,0,0,0,0,0,0,0,-129,1,0,0,0,104,0,0,0,0,0,0,2018
665,1020,35,4030,500,930,0,0,0,0,0,0,0,0,0,0,-129,1,0,0,0,104,0,0,0,0,0,0,2018
666,1020,36,4030,500,930,0,0,0,0,0,0,0,0,0,0,-129,1,0,0,0,104,0,0,0,0,0,0,2018
667,1020,37,4030,500,930,0,0,0,0,0,0,0,0,0,0,-129,1,0,0,0,104,0,0,0,0,0,0,2018
668,1020,38,4030,500,930,0,0,0,0,0,0,0,0,0,0,-129,1,0,0,0,104,0,0,0,0,0,0,2018
669,1020,39,4030,500,930,0,0,0,0,0,0,0,0,0,0,-129,1,0,0,0,104,0,0,0,0,0,0,2018
670,1020,40,4030,500,930,0,0,0,0,0,0,0,0,0,0,-129,1,0,0,0,104,0,0,0,0,0,0,2018
671,1020,41,4030,500,930,0,0,0,0,0,0,0,0,0,0,-129,1,0,0,0,104,0,0,0,0,0,0,2018
672,1020,42,4030,500,930,0,0,0,0,0,0,0,0,0,0,-129,1,0,0,0,104,0,0,0,0,0,0,2018
673,0,1,4030,500,930,0,0,0,0,0,0,0,0,0,0,-129,1,0,0,0,104,0,0,0,0,0,0,2018
674,0,2,4030,500,930,0,0,0,0,0,0,0,0,0,0,-129,1,0,0,0,104,0,0,0,0,0,0,2018
675,0,3,4030,500,930,0,0,0,0,0,0,0,0,0,0,-129,1,0,0,0,104,0,0,0,0,0,0,2018
676,0,4,4030,500,930,0,0,0,0,0,0,0,0,0,0,-129,1,0,0,0,104,0,0,0,0,0,0,2018
677,0,5,4030,500,930,0,0,0,0,0,0,0,0,0,0,-129,1,0,0,0,104,0,0,0,0,0,0,2018
678,0,6,4030,500,930,0,0,0,0,0,0,0,0,0,0,-129,1,0,0,0,104,0,0,0,0,0,0,2018
679,0,7,4030,500,930,0,0,0,0,0,0,0,0,0,0,-129,1,0,0,0,104,0,0,0,0,0,0,2018
680,0,8,4030,500,930,0,0,0,0,0,0,0,0,0,0,-129,1,0,0,0,104,0,0,0,0,0,0,2018
681,0,9,4030,500,930,0,0,0,0,0,0,0,0,0,0,-129,1,0,0,0,104,0,0,0,0,0,0,2018
682,0,10,4030,500,930,0,0,0,0,0,0,0,0,0,0,-129,1,0,0,0,104,0,0,0,0,0,0,2018
683,0,11,4030,500,930,0,0,0,0,0,0,0,0,0,0,-129,1,0,0,0,104,0,0,0,0,0,0,2018
684,0,12,4030,500,930,0,0,0,0,0,0,0,0,0,0,-129,1,0,0,0,104,0,0,0,0,0,0,2018
685,0,13,4030,500,930,0,0,0,0,0,0,0,0,0,0,-129,1,0,0,0,104,0,0,0,0,0,0,2018
686,0,14,4030,500,930,0,0,0,0,0,0,0,0,0,0,-129,1,0,0,0,104,0,0,0,0,0,0,2018
687,0,15,4030,500,930,0,0,0,0,0,0,0,0,0,0,-129,1,0,0,0,104,0,0,0,0,0,0,2018
688,0,16,4030,500,930,0,0,0,0,0,0,0,0,0,0,-129,1,0,0,0,104,0,0,0,0,0,0,2018
689,0,17,4030,500,930,0,0,0,0,0,0,0,0,0,0,-129,1,0,0,0,104,0,0,0,0,0,0,2018
690,0,18,4030,500,930,0,0,0,0,0,0,0,0,0,0,-129,1,0,0,0,104,0,0,0,0,0,0,2018
691,0,19,4030,500,930,0,0,0,0,0,0,0,0,0,0,-129,1,0,0,0,104,0,0,0,0,0,0,2018
692,0,20,4030,500,930,0,0,0,0,0,0,0,0,0,0,-129,1,0,0,0,104,0,0,0,0,0,0,2018
693,0,21,4030,500,930,0,0,0,0,0,0,0,0,0,0,-129,1,0,0,0,104,0,0,0,0,0,0,2018
694,0,22,4030,500,930,0,0,0,0,0,0,0,0,0,0,-129,1,0,0,0,104,0,0,0,0,0,0,2018
695,0,23,4030,500,930,0,0,0,0,0,0,0,0,0,0,-129,1,0,0,0,104,0,0,0,0,0,0,2018
696,0,24,4030,500,930,0,0,0,0,0,0,0,0,0,0,-129,1,0,0,0,104,0,0,0,0,0,0,2018
697,0,25,4030,500,930,0,0,0,0,0,0,0,0,0,0,-129,1,0,0,0,104,0,0,0,0,0,0,2018
698,0,26,4030,500,930,0,0,0,0,0,0,0,0,0,0,-129,1,0,0,0,104,0,0,0,0,0,0,2018
699,0,27,4030,500,930,0,0,0,0,0,0,0,0,0,0,-129,1,0,0,0,104,0,0,0,0,0,0,2018
700,0,28,4030,500,930,0,0,0,0,0,0,0,0,0,0,-129,1,0,0,0,104,0,0,0,0,0,0,2018
701,0,29,4030,500,930,0,0,0,0,0,0,0,0,0,0,-129,1,0,0,0,104,0,0,0,0,0,0,2018
702,0,30,4030,500,930,0,0,0,0,0,0,0,0,0,0,-129,1,0,0,0,104,0,0,0,0,0,0,2018
703,0,31,4030,500,930,0,0,0,0,0,0,0,0,0,0,-129,1,0,0,0,104,0,0,0,0,0,0,2018
704,0,32,4030,500,930,0,0,0,0,0,0,0,0,0,0,-129,1,0,0,0,104,0,0,0,0,0,0,2018
705,0,33,4030,500,930,0,0,0,0,0,0,0,0,0,0,-129,1,0,0,0,104,0,0,0,0,0,0,2018
706,0,34,4030,500,930,0,0,0,0,0,0,0,0,0,0,-129,1,0,0,0,104,0,0,0,0,0,0,2018
707,0,35,4030,500,930,0,0,0,0,0,0,0,0,0,0,-129,1,0,0,0,104,0,0,0,0,0,0,2018
708,0,36,4030,500,930,0,0,0,0,0,0,0,0,0,0,-129,1,0,0,0,104,0,0,0,0,0,0,2018
709,0,37,4030,500,930,0,0,0,0,0,0,0,0,0,0,-129,1,0,0,0,104,0,0,0,0,0,0,2018
710,0,38,4030,500,930,0,0,0,0,0,0,0,0,0,0,-129,1,0,0,0,104,0,0,0,0,0,0,2018
711,0,39,4030,500,930,0,0,0,0,0,0,0,0,0,0,-129,1,0,0,0,104,0,0,0,0,0,0,2018
712,0,40,4030,500,930,0,0,0,0,0,0,0,0,0,0,-129,1,0,0,0,104,0,0,0,0,0,0,2018
713,0,41,4030,500,930,0,0,0,0,0,0,0,0,0,0,-129,1,0,0,0,104,0,0,0,0,0,0,2018
714,0,42,4030,500,930,0,0,0,0,0,0,0,0,0,0,-129,1,0,0,0,104,0,0,0,0,0,0,2018
715,0,43,4030,500,930,0,0,0,0,0,0,0,0,0,0,-129,1,0,0,0,104,0,0,0,0,0,0,2018
716,0,44,4030,500,930,0,0,0,0,0,0,0,0,0,0,-129,1,0,0,0,104,0,0,0,0,0,0,2018
717,0,45,4030,500,930,0,0,0,0,0,0,0,0,0,0,-129,1,0,0,0,104,0,0,0,0,0,0,2018
718,0,46,4030,500,930,0,0,0,0,0,0,0,0,0,0,-129,1,0,0,0,104,0,0,0,0,0,0,2018
719,0,47,4030,500,930,0,0,0,0,0,0,0,0,0,0,-129,1,0,0,0,104,0,0,0,0,0,0,2018
720,0,48,4030,500,930,0,0,0,0,0,0,0,0,0,0,-129,1,0,0,0,104,0,0,0,0,0,0,2018
721,0,49,4030,500,930,0,0,0,0,0,0,0,0,0,0,-129,1,0,0,0,104,0,0,0,0,0,0,2018
722,0,50,4030,500,930,0,0,0,0,0,0,0,0,0,0,-129,1,0,0,0,104,0,0,0,0,0,0,2018
723,0,51,4030,500,930,0,0,0,0,0,0,0,0,0,0,-129,1,0,0,0,104,0,0,0,0,0,0,2018
724,0,52,4030,500,930,0,0,0,0,0,0,0,0,0,0,-129,1,0,0,0,104,0,0,0,0,0,0,2018
725,0,53,4030,500,930,0,0,0,0,0,0,0,0,0,0,-129,1,0,0,0,104,0,0,0,0,0,0,2018
726,0,54,4030,500,930,0,0,0,0,0,0,0,0,0,0,-129,1,0,0,0,104,0,0,0,0,0,0,2018
727,0,55,4030,500,930,0,0,0,0,0,0,0,0,0,0,-129,1,0,0,0,104,0,0,0,0,0,0,2018
728,0,56,4030,500,930,0,0,0,0,0,0,0,0,0,0,-129,1,0,0,0,104,0,0,0,0,0,0,2018
729,0,57,4030,500,930,0,0,0,0,0,0,0,0,0,0,-129,1,0,0,0,104,0,0,0,0,0,0,2018
730,0,58,4030,500,930,0,0,0,0,0,0,0,0,0,0,-129,1,0,0,0,104,0,0,0,0,0,0,2018
731,0,59,4030,500,930,0,0,0,0,0,0,0,0,0,0,-129,1,0,0,0,104,0,0,0,0,0,0,2018
732,0,60,4030,500,930,0,0,0,0,0,0,0,0,0,0,-129,1,0,0,0,104,0,0,0,0,0,0,2018
733,0,61,4030,500,930,0,0,0,0,0,0,0,0,0,0,-129,1,0,0,0,104,0,0,0,0,0,0,2018
734,0,62,4030,500,930,0,0,0,0,0,0,0,0,0,0,-129,1,0,0,0,104,0,0,0,0,0,0,2018
735,0,63,4030,500,930,0,0,0,0,0,0,0,0,0,0,-129,1,0,0,0,104,0,0,0,0,0,0,2018
736,0,64,4030,500,930,0,0,0,0,0,0,0,0,0,0,-129,1,0,0,0,104,0,0,0,0,0,0,2018
737,0,65,4030,500,930,0,0,0,0,0,0,0,0,0,0,-129,1,0,0,0,104,0,0,0,0,0,0,2018
738,0,66,4030,500,930,0,0,0,0,0,0,0,0,0,0,-129,1,0,0,0,104,0,0,0,0,0,0,2018
739,0,67,4030,500,930,0,0,0,0,0,0,0,0,0,0,-129,1,0,0,0,104,0,0,0,0,0,0,2018
740,0,68,4030,500,930,0,0,0,0,0,0,0,0,0,0,-129,1,0,0,0,104,0,0,0,0,0,0,2018
741,0,69,4030,500,930,0,0,0,0,0,0,0,0,0,0,-129,1,0,0,0,104,0,0,0,0,0,0,2018
742,0,70,4030,500,930,0,0,0,0,0,0,0,0,0,0,-129,1,0,0,0,104,0,0,0,0,0,0,2018
743,0,71,4030,500,930,0,0,0,0,0,0,0,0,0,0,-129,1,0,0,0,104,0,0,0,0,0,0,2018
744,0,72,4030,500,930,0,0,0,0,0,0,0,0,0,0,-129,1,0,0,0,104,0,0,0,0,0,0,2018
745,0,73,4030,500,930,0,0,0,0,0,0,0,0,0,0,-129,1,0,0,0,104,0,0,0,0,0,0,2018
746,0,74,4030,500,930,0,0,0,0,0,0,0,0,0,0,-129,1,0,0,0,104,0,0,0,0,0,0,2018
747,0,75,4030,500,930,0,0,0,0,0,0,0,0,0,0,-129,1,0,0,0,104,0,0,0,0,0,0,2018
748,0,76,4030,500,930,0,0,0,0,0,0,0,0,0,0,-129,1,0,0,0,104,0,0,0,0,0,0,2018
749,0,77,4030,500,930,0,0,0,0,0,0,0,0,0,0,-129,1,0,0,0,104,0,0,0,0,0,0,2018
750,0,78,4030,500,930,0,0,0,0,0,0,0,0,0,0,-129,1,0,0,0,104,0,0,0,0,0,0,2018
751,0,79,4030,500,930,0,0,0,0,0,0,0,0,0,0,-129,1,0,0,0,104,0,0,0,0,0,0,2018
752,0,80,4030,500,930,0,0,0,0,0,0,0,0,0,0,-129,1,0,0,0,104,0,0,0,0,0,0,2018
753,0,81,4030,500,930,0,0,0,0,0,0,0,0,0,0,-129,1,0,0,0,104,0,0,0,0,0,0,2018
754,0,82,4030,500,930,0,0,0,0,0,0,0,0,0,0,-129,1,0,0,0,104,0,0,0,0,0,0,2018
755,0,83,4030,500,930,0,0,0,0,0,0,0,0,0,0,-129,1,0,0,0,104,0,0,0,0,0,0,2018
756,0,84,4030,500,930,0,0,0,0,0,0,0,0,0,0,-129,1,0,0,0,104,0,0,0,0,0,0,2018
757,0,85,4030,500,930,0,0,0,0,0,0,0,0,0,0,-129,1,0,0,0,104,0,0,0,0,0,0,2018
758,0,86,4030,500,930,0,0,0,0,0,0,0,0,0,0,-129,1,0,0,0,104,0,0,0,0,0,0,2018
759,0,87,4030,500,930,0,0,0,0,0,0,0,0,0,0,-129,1,0,0,0,104,0,0,0,0,0,0,2018
760,0,88,4030,500,930,0,0,0,0,0,0,0,0,0,0,-129,1,0,0,0,104,0,0,0,0,0,0,2018
761,0,89,4030,500,930,0,0,0,0,0,0,0,0,0,0,-129,1,0,0,0,104,0,0,0,0,0,0,2018
762,0,90,4030,500,930,0,0,0,0,0,0,0,0,0,0,-129,1,0,0,0,104,0,0,0,0,0,0,2018
763,0,91,4030,500,930,0,0,0,0,0,0,0,0,0,0,-129,1,0,0,0,104,0,0,0,0,0,0,2018
764,0,92,4030,500,930,0,0,0,0,0,0,0,0,0,0,-129,1,0,0,0,104,0,0,0,0,0,0,2018
765,0,93,4030,500,930,0,0,0,0,0,0,0,0,0,0,-129,1,0,0,0,104,0,0,0,0,0,0,2018
766,0,94,4030,500,930,0,0,0,0,0,0,0,0,0,0,-129,1,0,0,0,104,0,0,0,0,0,0,2018
767,0,95,4030,500,930,0,0,0,0,0,0,0,0,0,0,-129,1,0,0,0,104,0,0,0,0,0,0,2018
768,0,96,4030,500,930,0,0,0,0,0,0,0,0,0,0,-129,1,0,0,0,104,0,0,0,0,0,0,2018
769,0,97,4030,500,930,0,0,0,0,0,0,0,0,0,0,-129,1,0,0,0,104,0,0,0,0,0,0,2018
770,0,98,4030,500,930,0,0,0,0,0,0,0,0,0,0,-129,1,0,0,0,104,0,0,0,0,0,0,2018
771,0,99,4030,500,930,0,0,0,0,0,0,0,0,0,0,-129,1,0,0,0,104,0,0,0,0,0,0,2018
772,0,100,4030,500,930,0,0,0,0,0,0,0,0,0,0,-129,1,0,0,0,104,0,0,0,0,0,0,2018
773,0,101,4030,500,930,0,0,0,0,0,0,0,0,0,0,-129,1,0,0,0,104,0,0,0,0,0,0,2018
774,0,102,4030,500,930,0,0,0,0,0,0,0,0,0,0,-129,1,0,0,0,104,0,0,0,0,0,0,2018
775,0,103,4030,500,930,0,0,0,0,0,0,0,0,0,0,-129,1,0,0,0,104,0,0,0,0,0,0,2018
776,0,104,4030,500,930,0,0,0,0,0,0,0,0,0,0,-129,1,0,0,0,104,0,0,0,0,0,0,2018
777,0,105,4030,500,930,0,0,0,0,0,0,0,0,0,0,-129,1,0,0,0,104,0,0,0,0,0,0,2018
778,0,106,4030,500,930,0,0,0,0,0,0,0,0,0,0,-129,1,0,0,0,104,0,0,0,0,0,0,2018
779,0,107,4030,500,930,0,0,0,0,0,0,0,0,0,0,-129,1,0,0,0,104,0,0,0,0,0,0,2018
780,0,108,4030,500,930,0,0,0,0,0,0,0,0,0,0,-129,1,0,0,0,104,0,0,0,0,0,0,2018
781,0,109,4030,500,930,0,0,0,0,0,0,0,0,0,0,-129,1,0,0,0,104,0,0,0,0,0,0,2018
782,0,110,4030,500,930,0,0,0,0,0,0,0,0,0,0,-129,1,0,0,0,104,0,0,0,0,0,0,2018
783,0,111,4030,500,930,0,0,0,0,0,0,0,0,0,0,-129,1,0,0,0,104,0,0,0,0,0,0,2018
784,0,112,4030,500,930,0,0,0,0,0,0,0,0,0,0,-129,1,0,0,0,104,0,0,0,0,0,0,2018
785,0,113,4030,500,930,0,0,0,0,0,0,0,0,0,0,-129,1,0,0,0,104,0,0,0,0,0,0,2018
786,0,114,4030,500,930,0,0,0,0,0,0,0,0,0,0,-129,1,0,0,0,104,0,0,0,0,0,0,2018
787,0,115,4030,500,930,0,0,0,0,0,0,0,0,0,0,-129,1,0,0,0,104,0,0,0,0,0,0,2018
788,0,116,4030,500,930,0,0,0,0,0,0,0,0,0,0,-129,1,0,0,0,104,0,0,0,0,0,0,2018
789,0,117,4030,500,930,0,0,0,0,0,0,0,0,0,0,-129,1,0,0,0,104,0,0,0,0,0,0,2018
790,0,118,4030,500,930,0,0,0,0,0,0,0,0,0,0,-129,1,0,0,0,104,0,0,0,0,0,0,2018
791,0,119,4030,500,930,0,0,0,0,0,0,0,0,0,0,-129,1,0,0,0,104,0,0,0,0,0,0,2018
792,0,120,4030,500,930,0,0,0,0,0,0,0,0,0,0,-129,1,0,0,0,104,0,0,0,0,0,0,2018
793,0,121,4030,500,930,0,0,0,0,0,0,0,0,0,0,-129,1,0,0,0,104,0,0,0,0,0,0,2018
794,0,122,4030,500,930,0,0,0,0,0,0,0,0,0,0,-129,1,0,0,0,104,0,0,0,0,0,0,2018
795,0,123,4030,500,930,0,0,0,0,0,0,0,0,0,0,-129,1,0,0,0,104,0,0,0,0,0,0,2018
796,0,124,4030,500,930,0,0,0,0,0,0,0,0,0,0,-129,1,0,0,0,104,0,0,0,0,0,0,2018
797,0,125,4030,500,930,0,0,0,0,0,0,0,0,0,0,-129,1,0,0,0,104,0,0,0,0,0,0,2018
798,0,126,4030,500,930,0,0,0,0,0,0,0,0,0,0,-129,1,0,0,0,104,0,0,0,0,0,0,2018
799,0,127,4030,500,930,0,0,0,0,0,0,0,0,0,0,-129,1,0,0,0,104,0,0,0,0,0,0,2018
800,0,128,4030,500,930,0,0,0,0,0,0,0,0,0,0,-129,1,0,0,0,104,0,0,0,0,0,0,2018
801,0,129,4030,500,930,0,0,0,0,0,0,0,0,0,0,-129,1,0,0,0,104,0,0,0,0,0,0,2018
802,0,130,4030,500,930,0,0,0,0,0,0,0,0,0,0,-129,1,0,0,0,104,0,0,0,0,0,0,2018
803,0,131,4030,500,930,0,0,0,0,0,0,0,0,0,0,-129,1,0,0,0,104,0,0,0,0,0,0,2018
804,0,132,4030,500,930,0,0,0,0,0,0,0,0,0,0,-129,1,0,0,0,104,0,0,0,0,0,0,2018
805,0,133,4030,500,930,0,0,0,0,0,0,0,0,0,0,-129,1,0,0,0,104,0,0,0,0,0,0,2018
806,0,134,4030,500,930,0,0,0,0,0,0,0,0,0,0,-129,1,0,0,0,104,0,0,0,0,0,0,2018
807,0,135,4030,500,930,0,0,0,0,0,0,0,0,0,0,-129,1,0,0,0,104,0,0,0,0,0,0,2018
808,0,136,4030,500,930,0,0,0,0,0,0,0,0,0,0,-129,1,0,0,0,104,0,0,0,0,0,0,2018
809,0,137,4030,500,930,0,0,0,0,0,0,0,0,0,0,-129,1,0,0,0,104,0,0,0,0,0,0,2018
810,0,138,4030,500,930,0,0,0,0,0,0,0,0,0,0,-129,1,0,0,0,104,0,0,0,0,0,0,2018
811,0,139,4030,500,930,0,0,0,0,0,0,0,0,0,0,-129,1,0,0,0,104,0,0,0,0,0,0,2018
812,0,140,4030,500,930,0,0,0,0,0,0,0,0,0,0,-129,1,0,0,0,104,0,0,0,0,0,0,2018
813,0,141,4030,500,930,0,0,0,0,0,0,0,0,0,0,-129,1,0,0,0,104,0,0,0,0,0,0,2018
814,0,142,4030,500,930,0,0,0,0,0,0,0,0,0,0,-129,1,0,0,0,104,0,0,0,0,0,0,2018
815,0,143,4030,500,930,0,0,0,0,0,0,0,0,0,0,-129,1,0,0,0,104,0,0,0,0,0,0,2018
816,0,144,4030,500,930,0,0,0,0,0,0,0,0,0,0,-129,1,0,0,0,104,0,0,0,0,0,0,2018
817,0,145,4030,500,930,0,0,0,0,0,0,0,0,0,0,-129,1,0,0,0,104,0,0,0,0,0,0,2018
818,0,146,4030,500,930,0,0,0,0,0,0,0,0,0,0,-129,1,0,0,0,104,0,0,0,0,0,0,2018
819,0,147,4030,500,930,0,0,0,0,0,0,0,0,0,0,-129,1,0,0,0,104,0,0,0,0,0,0,2018
820,0,148,4030,500,930,0,0,0,0,0,0,0,0,0,0,-129,1,0,0,0,104,0,0,0,0,0,0,2018
821,0,149,4030,500,930,0,0,0,0,0,0,0,0,0,0,-129,1,0,0,0,104,0,0,0,0,0,0,2018
822,0,150,4030,500,930,0,0,0,0,0,0,0,0,0,0,-129,1,0,0,0,104,0,0,0,0,0,0,2018
823,0,151,4030,500,930,0,0,0,0,0,0,0,0,0,0,-129,1,0,0,0,104,0,0,0,0,0,0,2018
824,0,152,4030,500,930,0,0,0,0,0,0,0,0,0,0,-129,1,0,0,0,104,0,0,0,0,0,0,2018
825,0,153,4030,500,930,0,0,0,0,0,0,0,0,0,0,-129,1,0,0,0,104,0,0,0,0,0,0,2018
826,0,154,4030,500,930,0,0,0,0,0,0,0,0,0,0,-129,1,0,0,0,104,0,0,0,0,0,0,2018
827,0,155,4030,500,930,0,0,0,0,0,0,0,0,0,0,-129,1,0,0,0,104,0,0,0,0,0,0,2018
828,0,156,4030,500,930,0,0,0,0,0,0,0,0,0,0,-129,1,0,0,0,104,0,0,0,0,0,0,2018
829,0,157,4030,500,930,0,0,0,0,0,0,0,0,0,0,-129,1,0,0,0,104,0,0,0,0,0,0,2018
830,0,158,4030,500,930,0,0,0,0,0,0,0,0,0,0,-129,1,0,0,0,104,0,0,0,0,0,0,2018
831,0,159,4030,500,930,0,0,0,0,0,0,0,0,0,0,-129,1,0,0,0,104,0,0,0,0,0,0,2018
832,0,160,4030,500,930,0,0,0,0,0,0,0,0,0,0,-129,1,0,0,0,104,0,0,0,0,0,0,2018
833,0,161,4030,500,930,0,0,0,0,0,0,0,0,0,0,-129,1,0,0,0,104,0,0,0,0,0,0,2018
834,0,162,4030,500,930,0,0,0,0,0,0,0,0,0,0,-129,1,0,0,0,104,0,0,0,0,0,0,2018
835,0,163,4030,500,930,0,0,0,0,0,0,0,0,0,0,-129,1,0,0,0,104,0,0,0,0,0,0,2018
836,0,164,4030,500,930,0,0,0,0,0,0,0,0,0,0,-129,1,0,0,0,104,0,0,0,0,0,0,2018
837,0,165,4030,500,930,0,0,0,0,0,0,0,0,0,0,-129,1,0,0,0,104,0,0,0,0,0,0,2018
838,0,166,4030,500,930,0,0,0,0,0,0,0,0,0,0,-129,1,0,0,0,104,0,0,0,0,0,0,2018
839,0,167,4030,500,930,0,0,0,0,0,0,0,0,0,0,-129,1,0,0,0,104,0,0,0,0,0,0,2018
840,0,168,4030,500,930,0,0,0,0,0,0,0,0,0,0,-129,1,0,0,0,104,0,0,0,0,0,0,2018
841,0,169,4030,500,930,0,0,0,0,0,0,0,0,0,0,-129,1,0,0,0,104,0,0,0,0,0,0,2018
842,0,170,4030,500,930,0,0,0,0,0,0,0,0,0,0,-129,1,0,0,0,104,0,0,0,0,0,0,2018
843,0,171,4030,500,930,0,0,0,0,0,0,0,0,0,0,-129,1,0,0,0,104,0,0,0,0,0,0,2018
844,0,172,4030,500,930,0,0,0,0,0,0,0,0,0,0,-129,1,0,0,0,104,0,0,0,0,0,0,2018
845,0,173,4030,500,930,0,0,0,0,0,0,0,0,0,0,-129,1,0,0,0,104,0,0,0,0,0,0,2018
846,0,174,4030,500,930,0,0,0,0,0,0,0,0,0,0,-129,1,0,0,0,104,0,0,0,0,0,0,2018
847,0,175,4030,500,930,0,0,0,0,0,0,0,0,0,0,-129,1,0,0,0,104,0,0,0,0,0,0,2018
848,0,176,4030,500,930,0,0,0,0,0,0,0,0,0,0,-129,1,0,0,0,104,0,0,0,0,0,0,2018
849,0,177,4030,500,930,0,0,0,0,0,0,0,0,0,0,-129,1,0,0,0,104,0,0,0,0,0,0,2018
850,0,178,4030,500,930,0,0,0,0,0,0,0,0,0,0,-129,1,0,0,0,104,0,0,0,0,0,0,2018
851,0,179,4030,500,930,0,0,0,0,0,0,0,0,0,0,-129,1,0,0,0,104,0,0,0,0,0,0,2018
852,0,180,4030,500,930,0,0,0,0,0,0,0,0,0,0,-129,1,0,0,0,104,0,0,0,0,0,0,2018
853,0,181,4030,500,930,0,0,0,0,0,0,0,0,0,0,-129,1,0,0,0,104,0,0,0,0,0,0,2018
854,0,182,4030,500,930,0,0,0,0,0,0,0,0,0,0,-129,1,0,0,0,104,0,0,0,0,0,0,2018
855,0,183,4030,500,930,0,0,0,0,0,0,0,0,0,0,-129,1,0,0,0,104,0,0,0,0,0,0,2018
856,0,184,4030,500,930,0,0,0,0,0,0,0,0,0,0,-129,1,0,0,0,104,0,0,0,0,0,0,2018
857,0,185,4030,500,930,0,0,0,0,0,0,0,0,0,0,-129,1,0,0,0,104,0,0,0,0,0,0,2018
858,0,186,4030,500,930,0,0,0,0,0,0,0,0,0,0,-129,1,0,0,0,104,0,0,0,0,0,0,2018
859,0,187,4030,500,930,0,0,0,0,0,0,0,0,0,0,-129,1,0,0,0,104,0,0,0,0,0,0,2018
860,0,188,4030,500,930,0,0,0,0,0,0,0,0,0,0,-129,1,0,0,0,104,0,0,0,0,0,0,2018
861,0,189,4030,500,930,0,0,0,0,0,0,0,0,0,0,-129,1,0,0,0,104,0,0,0,0,0,0,2018
862,0,190,4030,500,930,0,0,0,0,0,0,0,0,0,0,-129,1,0,0,0,104,0,0,0,0,0,0,2018
863,0,191,4030,500,930,0,0,0,0,0,0,0,0,0,0,-129,1,0,0,0,104,0,0,0,0,0,0,2018
864,0,192,4030,500,930,0,0,0,0,0,0,0,0,0,0,-129,1,0,0,0,104,0,0,0,0,0,0,2018
865,0,193,4030,500,930,0,0,0,0,0,0,0,0,0,0,-129,1,0,0,0,104,0,0,0,0,0,0,2018
866,0,194,4030,500,930,0,0,0,0,0,0,0,0,0,0,-129,1,0,0,0,104,0,0,0,0,0,0,2018
867,0,195,4030,500,930,0,0,0,0,0,0,0,0,0,0,-129,1,0,0,0,104,0,0,0,0,0,0,2018
868,0,196,4030,500,930,0,0,0,0,0,0,0,0,0,0,-129,1,0,0,0,104,0,0,0,0,0,0,2018
869,0,197,4030,500,930,0,0,0,0,0,0,0,0,0,0,-129,1,0,0,0,104,0,0,0,0,0,0,2018
870,0,198,4030,500,930,0,0,0,0,0,0,0,0,0,0,-129,1,0,0,0,104,0,0,0,0,0,0,2018
871,0,199,4030,500,930,0,0,0,0,0,0,0,0,0,0,-129,1,0,0,0,104,0,0,0,0,0,0,2018
872,0,200,4030,500,930,0,0,0,0,0,0,0,0,0,0,-129,1,0,0,0,104,0,0,0,0,0,0,2018
873,0,201,4030,500,930,0,0,0,0,0,0,0,0,0,0,-129,1,0,0,0,104,0,0,0,0,0,0,2018
874,0,202,4030,500,930,0,0,0,0,0,0,0,0,0,0,-129,1,0,0,0,104,0,0,0,0,0,0,2018
875,0,203,4030,500,930,0,0,0,0,0,0,0,0,0,0,-129,1,0,0,0,104,0,0,0,0,0,0,2018
876,0,204,4030,500,930,0,0,0,0,0,0,0,0,0,0,-129,1,0,0,0,104,0,0,0,0,0,0,2018
877,0,205,4030,500,930,0,0,0,0,0,0,0,0,0,0,-129,1,0,0,0,104,0,0,0,0,0,0,2018
878,0,206,4030,500,930,0,0,0,0,0,0,0,0,0,0,-129,1,0,0,0,104,0,0,0,0,0,0,2018
879,0,207,4030,500,930,0,0,0,0,0,0,0,0,0,0,-129,1,0,0,0,104,0,0,0,0,0,0,2018
880,0,208,4030,500,930,0,0,0,0,0,0,0,0,0,0,-129,1,0,0,0,104,0,0,0,0,0,0,2018
881,0,209,4030,500,930,0,0,0,0,0,0,0,0,0,0,-129,1,0,0,0,104,0,0,0,0,0,0,2018
882,0,210,4030,500,930,0,0,0,0,0,0,0,0,0,0,-129,1,0,0,0,104,0,0,0,0,0,0,2018
883,0,211,4030,500,930,0,0,0,0,0,0,0,0,0,0,-129,1,0,0,0,104,0,0,0,0,0,0,2018
884,0,212,4030,500,930,0,0,0,0,0,0,0,0,0,0,-129,1,0,0,0,104,0,0,0,0,0,0,2018
885,0,213,4030,500,930,0,0,0,0,0,0,0,0,0,0,-129,1,0,0,0,104,0,0,0,0,0,0,2018
886,0,214,4030,500,930,0,0,0,0,0,0,0,0,0,0,-129,1,0,0,0,104,0,0,0,0,0,0,2018
887,0,215,4030,500,930,0,0,0,0,0,0,0,0,0,0,-129,1,0,0,0,104,0,0,0,0,0,0,2018
888,0,216,4030,500,930,0,0,0,0,0,0,0,0,0,0,-129,1,0,0,0,104,0,0,0,0,0,0,2018
889,0,217,4030,500,930,0,0,0,0,0,0,0,0,0,0,-129,1,0,0,0,104,0,0,0,0,0,0,2018
890,0,218,4030,500,930,0,0,0,0,0,0,0,0,0,0,-129,1,0,0,0,104,0,0,0,0,0,0,2018
891,0,219,4030,500,930,0,0,0,0,0,0,0,0,0,0,-129,1,0,0,0,104,0,0,0,0,0,0,2018
892,0,220,4030,500,930,0,0,0,0,0,0,0,0,0,0,-129,1,0,0,0,104,0,0,0,0,0,0,2018
893,0,221,4030,500,930,0,0,0,0,0,0,0,0,0,0,-129,1,0,0,0,104,0,0,0,0,0,0,2018
894,0,222,4030,500,930,0,0,0,0,0,0,0,0,0,0,-129,1,0,0,0,104,0,0,0,0,0,0,2018
895,0,223,4030,500,930,0,0,0,0,0,0,0,0,0,0,-129,1,0,0,0,104,0,0,0,0,0,0,2018
896,0,224,4030,500,930,0,0,0,0,0,0,0,0,0,0,-129,1,0,0,0,104,0,0,0,0,0,0,2018
897,0,225,4030,500,930,0,0,0,0,0,0,0,0,0,0,-129,1,0,0,0,104,0,0,0,0,0,0,2018
898,0,226,4030,500,930,0,0,0,0,0,0,0,0,0,0,-129,1,0,0,0,104,0,0,0,0,0,0,2018
899,0,227,4030,500,930,0,0,0,0,0,0,0,0,0,0,-129,1,0,0,0,104,0,0,0,0,0,0,2018
900,0,228,4030,500,930,0,0,0,0,0,0,0,0,0,0,-129,1,0,0,0,104,0,0,0,0,0,0,2018
901,0,229,4030,500,930,0,0,0,0,0,0,0,0,0,0,-129,1,0,0,0,104,0,0,0,0,0,0,2018
902,0,230,4030,500,930,0,0,0,0,0,0,0,0,0,0,-129,1,0,0,0,104,0,0,0,0,0,0,2018
903,0,231,4030,500,930,0,0,0,0,0,0,0,0,0,0,-129,1,0,0,0,104,0,0,0,0,0,0,2018
904,0,232,4030,500,930,0,0,0,0,0,0,0,0,0,0,-129,1,0,0,0,104,0,0,0,0,0,0,2018
905,0,233,4030,500,930,0,0,0,0,0,0,0,0,0,0,-129,1,0,0,0,104,0,0,0,0,0,0,2018
906,0,234,4030,500,930,0,0,0,0,0,0,0,0,0,0,-129,1,0,0,0,104,0,0,0,0,0,0,2018
907,0,235,4030,500,930,0,0,0,0,0,0,0,0,0,0,-129,1,0,0,0,104,0,0,0,0,0,0,2018
908,0,236,4030,500,930,0,0,0,0,0,0,0,0,0,0,-129,1,0,0,0,104,0,0,0,0,0,0,2018
909,0,237,4030,500,930,0,0,0,0,0,0,0,0,0,0,-129,1,0,0,0,104,0,0,0,0,0,0,2018
910,0,1,3000,500,1000,0,0,0,0,0,0,0,0,0,0,-129,1,0,0,0,104,0,0,0,0,0,0,1000
911,0,2,3000,500,1000,0,0,0,0,0,0,0,0,0,0,-129,1,0,0,0,104,0,0,0,0,0,0,1000
912,0,3,3000,500,1000,0,0,0,0,0,0,0,0,0,0,-129,1,0,0,0,104,0,0,0,0,0,0,1000
913,0,4,3000,500,1000,0,0,0,0,0,0,0,0,0,0,-129,1,0,0,0,104,0,0,0,0,0,0,1000
914,0,5,3000,500,1000,0,0,0,0,0,0,0,0,0,0,-129,1,0,0,0,104,0,0,0,0,0,0,1000
915,0,6,3000,500,1000,0,0,0,0,0,0,0,0,0,0,-129,1,0,0,0,104,0,0,0,0,0,0,1000
916,0,7,3000,500,1000,0,0,0,0,0,0,0,0,0,0,-129,1,0,0,0,104,0,0,0,0,0,0,1000
917,0,8,3000,500,1000,0,0,0,0,0,0,0,0,0,0,-129,1,0,0,0,104,0,0,0,0,0,0,1000
918,0,9,3000,500,1000,0,0,0,0,0,0,0,0,0,0,-129,1,0,0,0,104,0,0,0,0,0,0,1000
919,20,1,3000,500,1000,0,0,0,0,0,0,0,0,0,0,-129.1999969482422,1,0,0,0,104,0,0,0,0,0,0,1000
920,20,2,3000,500,1000,0,0,0,0,0,0,0,0,0,0,-129.39999389648438,1,0,0,0,103,0,0,0,0,0,0,1000
921,20,3,3000,500,1000,0,0,0,0,0,0,0,0,0,0,-129.60000610351562,1,0,0,0,102,0,0,0,0,0,0,1000
922,10,1,3000,500,1000,0,0,0,0,0,0,0,0,0,0,-129.60000610351562,1,0,0,0,101,0,0,0,0,0,0,1000
923,10,2,3000,500,1000,0,0,0,0,0,0,0,0,0,0,-129.60000610351562,1,0,0,0,101,0,0,0,0,0,0,1000
924,10,3,3000,500,1000,0,0,0,0,0,0,0,0,0,0,-129.60000610351562,1,0,0,0,101,0,0,0,0,0,0,1000
925,10,4,3000,500,1000,0,0,0,0,0,0,0,0,0,0,-129.60000610351562,1,0,0,0,101,0,0,0,0,0,0,1000
926,10,5,3000,500,1000,0,0,0,0,0,0,0,0,0,0,-129.60000610351562,1,0,0,0,101,0,0,0,0,0,0,1000
927,10,6,3000,500,1000,0,0,0,0,0,0,0,0,0,0,-129.60000610351562,1,0,0,0,101,0,0,0,0,0,0,1000
928,10,7,3000,500,1000,0,0,0,0,0,0,0,0,0,0,-129.60000610351562,1,0,0,0,101,0,0,0,0,0,0,1000
929,10,8,3000,500,1000,0,0,0,0,0,0,0,0,0,0,-129.60000610351562,1,0,0,0,101,0,0,0,0,0,0,1000
930,10,9,3000,500,1000,0,0,0,0,0,0,0,0,0,0,-129.60000610351562,1,0,0,0,101,0,0,0,0,0,0,1000
931,1030,1,3000,500,1000,0,0,0,0,0,0,0,0,0,0,-129.60000610351562,1,0,0,0,101,0,0,0,0,0,0,1000
932,1030,2,3000,500,1000,0,0,0,0,0,0,0,0,0,0,-129.60000610351562,1,0,0,0,101,0,0,0,0,0,0,1000
933,1030,3,3000,500,1000,0,0,0,0,0,0,0,0,0,0,-129.60000610351562,1,0,0,0,101,0,0,0,0,0,0,1000
934,1030,4,3000,500,1000,0,0,0,0,0,0,0,0,0,0,-129.60000610351562,1,0,0,0,101,0,0,0,0,0,0,1000
935,1030,5,3000,500,1000,0,0,0,0,0,0,0,0,0,0,-129.60000610351562,1,0,0,0,101,0,0,0,0,0,0,1000
936,1030,6,3000,500,1000,0,0,0,0,0,0,0,0,0,0,-129.60000610351562,1,0,0,0,101,0,0,0,0,0,0,1000
937,1030,7,3000,500,1000,0,0,0,0,0,0,0,0,0,0,-129.60000610351562,1,0,0,0,101,0,0,0,0,0,0,1000
938,1030,8,3000,500,1000,0,0,0,0,0,0,0,0,0,0,-129.60000610351562,1,0,0,0,101,0,0,0,0,0,0,1000
939,1030,9,3000,500,1000,0,0,0,0,0,0,0,0,0,0,-129.60000610351562,1,0,0,0,101,0,0,0,0,0,0,1000
940,1030,10,3000,500,1000,0,0,0,0,0,0,0,0,0,0,-129.60000610351562,1,0,0,0,101,0,0,0,0,0,0,1000
941,1030,11,3000,500,1000,0,0,0,0,0,0,0,0,0,0,-129.60000610351562,1,0,0,0,101,0,0,0,0,0,0,1000
942,1030,12,3000,500,1000,0,0,0,0,0,0,0,0,0,0,-129.60000610351562,1,0,0,0,101,0,0,0,0,0,0,1000
943,1030,13,3000,500,1000,0,0,0,0,0,0,0,0,0,0,-129.60000610351562,1,0,0,0,101,0,0,0,0,0,0,1000
944,1030,14,3000,500,1000,0,0,0,0,0,0,0,0,0,0,-129.60000610351562,1,0,0,0,101,0,0,0,0,0,0,1000
945,1030,15,3000,500,1000,0,0,0,0,0,0,0,0,0,0,-129.60000610351562,1,0,0,0,101,0,0,0,0,0,0,1000
946,1030,16,3000,500,1000,0,0,0,0,0,0,0,0,0,0,-129.60000610351562,1,0,0,0,101,0,0,0,0,0,0,1000
947,1030,17,3000,500,1000,0,0,0,0,0,0,0,0,0,0,-129.60000610351562,1,0,0,0,101,0,0,0,0,0,0,1000
948,1030,17,4030,500,935,0,0,0,0,0,0,0,0,0,0,-129.60000610351562,1,0,0,0,101,0,0,0,0,0,0,2018
949,1030,17,4030,500,935,0,0,0,0,0,0,0,0,0,0,-129.60000610351562,1,0,0,0,101,0,0,0,0,0,0,2018
950,1030,17,4030,500,935,0,0,0,0,0,0,0,0,0,0,-129.60000610351562,1,0,0,0,101,0,0,0,0,0,0,2018
951,1030,17,4030,500,935,0,0,0,0,0,0,0,0,0,0,-129.60000610351562,1,0,0,0,101,0,0,0,0,0,0,2018
952,1030,17,4030,500,935,0,0,0,0,0,0,0,0,0,0,-129.60000610351562,1,0,0,0,101,0,0,0,0,0,0,2018
953,1030,17,4030,500,935,0,0,0,0,0,0,0,0,0,0,-129.60000610351562,1,0,0,0,101,0,0,0,0,0,0,2018
954,1030,18,4030,500,935,0,0,0,0,0,0,0,0,0,0,-129.60000610351562,1,0,0,0,101,0,0,0,0,0,0,2018
955,1030,19,4030,500,935,0,0,0,0,0,0,0,0,0,0,-129.60000610351562,1,0,0,0,101,0,0,0,0,0,0,2018
956,1030,20,4030,500,935,0,0,0,0,0,0,0,0,0,0,-129.60000610351562,1,0,0,0,101,0,0,0,0,0,0,2018
957,1030,21,4030,500,935,0,0,0,0,0,0,0,0,0,0,-129.60000610351562,1,0,0,0,101,0,0,0,0,0,0,2018
958,1030,22,4030,500,935,0,0,0,0,0,0,0,0,0,0,-129.60000610351562,1,0,0,0,101,0,0,0,0,0,0,2018
959,1030,23,4030,500,935,0,0,0,0,0,0,0,0,0,0,-129.60000610351562,1,0,0,0,101,0,0,0,0,0,0,2018
960,1030,24,4030,500,935,0,0,0,0,0,0,0,0,0,0,-129.60000610351562,1,0,0,0,101,0,0,0,0,0,0,2018
961,1030,25,4030,500,935,0,0,0,0,0,0,0,0,0,0,-129.60000610351562,1,0,0,0,101,0,0,0,0,0,0,2018
962,1030,26,4030,500,935,0,0,0,0,0,0,0,0,0,0,-129.60000610351562,1,0,0,0,101,0,0,0,0,0,0,2018
963,1030,27,4030,500,935,0,0,0,0,0,0,0,0,0,0,-129.60000610351562,1,0,0,0,101,0,0,0,0,0,0,2018
964,1030,28,4030,500,935,0,0,0,0,0,0,0,0,0,0,-129.60000610351562,1,0,0,0,101,0,0,0,0,0,0,2018
965,1030,29,4030,500,935,0,0,0,0,0,0,0,0,0,0,-129.60000610351562,1,0,0,0,101,0,0,0,0,0,0,2018
966,1030,30,4030,500,935,0,0,0,0,0,0,0,0,0,0,-129.60000610351562,1,0,0,0,101,0,0,0,0,0,0,2018
967,1030,31,4030,500,935,0,0,0,0,0,0,0,0,0,0,-129.60000610351562,1,0,0,0,101,0,0,0,0,0,0,2018
968,1030,32,4030,500,935,0,0,0,0,0,0,0,0,0,0,-129.60000610351562,1,0,0,0,101,0,0,0,0,0,0,2018
969,1030,33,4030,500,935,0,0,0,0,0,0,0,0,0,0,-129.60000610351562,1,0,0,0,101,0,0,0,0,0,0,2018
970,1030,34,4030,500,935,0,0,0,0,0,0,0,0,0,0,-129.60000610351562,1,0,0,0,101,0,0,0,0,0,0,2018
971,1030,35,4030,500,935,0,0,0,0,0,0,0,0,0,0,-129.60000610351562,1,0,0,0,101,0,0,0,0,0,0,2018
972,1030,36,4030,500,935,0,0,0,0,0,0,0,0,0,0,-129.60000610351562,1,0,0,0,101,0,0,0,0,0,0,2018
973,1030,37,4030,500,935,0,0,0,0,0,0,0,0,0,0,-129.60000610351562,1,0,0,0,101,0,0,0,0,0,0,2018
974,1030,38,4030,500,935,0,0,0,0,0,0,0,0,0,0,-129.60000610351562,1,0,0,0,101,0,0,0,0,0,0,2018
975,1030,39,4030,500,935,0,0,0,0,0,0,0,0,0,0,-129.60000610351562,1,0,0,0,101,0,0,0,0,0,0,2018
976,1030,40,4030,500,935,0,0,0,0,0,0,0,0,0,0,-129.60000610351562,1,0,0,0,101,0,0,0,0,0,0,2018
977,1030,41,4030,500,935,0,0,0,0,0,0,0,0,0,0,-129.60000610351562,1,0,0,0,101,0,0,0,0,0,0,2018
978,1030,42,4030,500,935,0,0,0,0,0,0,0,0,0,0,-129.60000610351562,1,0,0,0,101,0,0,0,0,0,0,2018
979,0,1,4030,500,935,0,0,0,0,0,0,0,0,0,0,-129.60000610351562,1,0,0,0,101,0,0,0,0,0,0,2018
980,0,2,4030,500,935,0,0,0,0,0,0,0,0,0,0,-129.60000610351562,1,0,0,0,101,0,0,0,0,0,0,2018
981,0,3,4030,500,935,0,0,0,0,0,0,0,0,0,0,-129.60000610351562,1,0,0,0,101,0,0,0,0,0,0,2018
982,0,4,4030,500,935,0,0,0,0,0,0,0,0,0,0,-129.60000610351562,1,0,0,0,101,0,0,0,0,0,0,2018
983,0,5,4030,500,935,0,0,0,0,0,0,0,0,0,0,-129.60000610351562,1,0,0,0,101,0,0,0,0,0,0,2018
984,0,6,4030,500,935,0,0,0,0,0,0,0,0,0,0,-129.60000610351562,1,0,0,0,101,0,0,0,0,0,0,2018
985,0,7,4030,500,935,0,0,0,0,0,0,0,0,0,0,-129.60000610351562,1,0,0,0,101,0,0,0,0,0,0,2018
986,0,8,4030,500,935,0,0,0,0,0,0,0,0,0,0,-129.60000610351562,1,0,0,0,101,0,0,0,0,0,0,2018
987,0,9,4030,500,935,0,0,0,0,0,0,0,0,0,0,-129.60000610351562,1,0,0,0,101,0,0,0,0,0,0,2018
988,0,10,4030,500,935,0,0,0,0,0,0,0,0,0,0,-129.60000610351562,1,0,0,0,101,0,0,0,0,0,0,2018
989,0,11,4030,500,935,0,0,0,0,0,0,0,0,0,0,-129.60000610351562,1,0,0,0,101,0,0,0,0,0,0,2018
990,0,12,4030,500,935,0,0,0,0,0,0,0,0,0,0,-129.60000610351562,1,0,0,0,101,0,0,0,0,0,0,2018
991,0,13,4030,500,935,0,0,0,0,0,0,0,0,0,0,-129.60000610351562,1,0,0,0,101,0,0,0,0,0,0,2018
992,0,14,4030,500,935,0,0,0,0,0,0,0,0,0,0,-129.60000610351562,1,0,0,0,101,0,0,0,0,0,0,2018
993,0,15,4030,500,935,0,0,0,0,0,0,0,0,0,0,-129.60000610351562,1,0,0,0,101,0,0,0,0,0,0,2018
994,0,16,4030,500,935,0,0,0,0,0,0,0,0,0,0,-129.60000610351562,1,0,0,0,101,0,0,0,0,0,0,2018
995,0,17,4030,500,935,0,0,0,0,0,0,0,0,0,0,-129.60000610351562,1,0,0,0,101,0,0,0,0,0,0,2018
996,0,18,4030,500,935,0,0,0,0,0,0,0,0,0,0,-129.60000610351562,1,0,0,0,101,0,0,0,0,0,0,2018
997,0,19,4030,500,935,0,0,0,0,0,0,0,0,0,0,-129.60000610351562,1,0,0,0,101,0,0,0,0,0,0,2018
998,0,20,4030,500,935,0,0,0,0,0,0,0,0,0,0,-129.60000610351562,1,0,0,0,101,0,0,0,0,0,0,2018
999,0,21,4030,500,935,0,0,0,0,0,0,0,0,0,0,-129.60000610351562,1,0,0,0,101,0,0,0,0,0,0,2018
1000,0,22,4030,500,935,0,0,0,0,0,0,0,0,0,0,-129.60000610351562,1,0,0,0,101,0,0,0,0,0,0,2018
1001,0,23,4030,500,935,0,0,0,0,0,0,0,0,0,0,-129.60000610351562,1,0,0,0,101,0,0,0,0,0,0,2018
1002,0,24,4030,500,935,0,0,0,0,0,0,0,0,0,0,-129.60000610351562,1,0,0,0,101,0,0,0,0,0,0,2018
1003,0,25,4030,500,935,0,0,0,0,0,0,0,0,0,0,-129.60000610351562,1,0,0,0,101,0,0,0,0,0,0,2018
1004,0,26,4030,500,935,0,0,0,0,0,0,0,0,0,0,-129.60000610351562,1,0,0,0,101,0,0,0,0,0,0,2018
1005,0,27,4030,500,935,0,0,0,0,0,0,0,0,0,0,-129.60000610351562,1,0,0,0,101,0,0,0,0,0,0,2018
1006,0,28,4030,500,935,0,0,0,0,0,0,0,0,0,0,-129.60000610351562,1,0,0,0,101,0,0,0,0,0,0,2018
1007,0,29,4030,500,935,0,0,0,0,0,0,0,0,0,0,-129.60000610351562,1,0,0,0,101,0,0,0,0,0,0,2018
1008,0,30,4030,500,935,0,0,0,0,0,0,0,0,0,0,-129.60000610351562,1,0,0,0,101,0,0,0,0,0,0,2018
1009,0,31,4030,500,935,0,0,0,0,0,0,0,0,0,0,-129.60000610351562,1,0,0,0,101,0,0,0,0,0,0,2018
1010,0,32,4030,500,935,0,0,0,0,0,0,0,0,0,0,-129.60000610351562,1,0,0,0,101,0,0,0,0,0,0,2018
1011,0,33,4030,500,935,0,0,0,0,0,0,0,0,0,0,-129.60000610351562,1,0,0,0,101,0,0,0,0,0,0,2018
1012,0,34,4030,500,935,0,0,0,0,0,0,0,0,0,0,-129.60000610351562,1,0,0,0,101,0,0,0,0,0,0,2018
1013,0,35,4030,500,935,0,0,0,0,0,0,0,0,0,0,-129.60000610351562,1,0,0,0,101,0,0,0,0,0,0,2018
1014,0,36,4030,500,935,0,0,0,0,0,0,0,0,0,0,-129.60000610351562,1,0,0,0,101,0,0,0,0,0,0,2018
1015,0,37,4030,500,935,0,0,0,0,0,0,0,0,0,0,-129.60000610351562,1,0,0,0,101,0,0,0,0,0,0,2018
1016,0,38,4030,500,935,0,0,0,0,0,0,0,0,0,0,-129.60000610351562,1,0,0,0,101,0,0,0,0,0,0,2018
1017,0,39,4030,500,935,0,0,0,0,0,0,0,0,0,0,-129.60000610351562,1,0,0,0,101,0,0,0,0,0,0,2018
1018,0,40,4030,500,935,0,0,0,0,0,0,0,0,0,0,-129.60000610351562,1,0,0,0,101,0,0,0,0,0,0,2018
1019,0,41,4030,500,935,0,0,0,0,0,0,0,0,0,0,-129.60000610351562,1,0,0,0,101,0,0,0,0,0,0,2018
1020,0,42,4030,500,935,0,0,0,0,0,0,0,0,0,0,-129.60000610351562,1,0,0,0,101,0,0,0,0,0,0,2018
1021,0,43,4030,500,935,0,0,0,0,0,0,0,0,0,0,-129.60000610351562,1,0,0,0,101,0,0,0,0,0,0,2018
1022,0,44,4030,500,935,0,0,0,0,0,0,0,0,0,0,-129.60000610351562,1,0,0,0,101,0,0,0,0,0,0,2018
1023,0,45,4030,500,935,0,0,0,0,0,0,0,0,0,0,-129.60000610351562,1,0,0,0,101,0,0,0,0,0,0,2018
1024,0,46,4030,500,935,0,0,0,0,0,0,0,0,0,0,-129.60000610351562,1,0,0,0,101,0,0,0,0,0,0,2018
1025,0,47,4030,500,935,0,0,0,0,0,0,0,0,0,0,-129.60000610351562,1,0,0,0,101,0,0,0,0,0,0,2018
1026,0,48,4030,500,935,0,0,0,0,0,0,0,0,0,0,-129.60000610351562,1,0,0,0,101,0,0,0,0,0,0,2018
1027,0,49,4030,500,935,0,0,0,0,0,0,0,0,0,0,-129.60000610351562,1,0,0,0,101,0,0,0,0,0,0,2018
1028,0,50,4030,500,935,0,0,0,0,0,0,0,0,0,0,-129.60000610351562,1,0,0,0,101,0,0,0,0,0,0,2018
1029,0,51,4030,500,935,0,0,0,0,0,0,0,0,0,0,-129.60000610351562,1,0,0,0,101,0,0,0,0,0,0,2018
1030,0,52,4030,500,935,0,0,0,0,0,0,0,0,0,0,-129.60000610351562,1,0,0,0,101,0,0,0,0,0,0,2018
1031,0,53,4030,500,935,0,0,0,0,0,0,0,0,0,0,-129.60000610351562,1,0,0,0,101,0,0,0,0,0,0,2018
1032,0,54,4030,500,935,0,0,0,0,0,0,0,0,0,0,-129.60000610351562,1,0,0,0,101,0,0,0,0,0,0,2018
1033,0,55,4030,500,935,0,0,0,0,0,0,0,0,0,0,-129.60000610351562,1,0,0,0,101,0,0,0,0,0,0,2018
1034,0,56,4030,500,935,0,0,0,0,0,0,0,0,0,0,-129.60000610351562,1,0,0,0,101,0,0,0,0,0,0,2018
1035,0,57,4030,500,935,0,0,0,0,0,0,0,0,0,0,-129.60000610351562,1,0,0,0,101,0,0,0,0,0,0,2018
1036,0,58,4030,500,935,0,0,0,0,0,0,0,0,0,0,-129.60000610351562,1,0,0,0,101,0,0,0,0,0,0,2018
1037,0,59,4030,500,935,0,0,0,0,0,0,0,0,0,0,-129.60000610351562,1,0,0,0,101,0,0,0,0,0,0,2018
1038,0,60,4030,500,935,0,0,0,0,0,0,0,0,0,0,-129.60000610351562,1,0,0,0,101,0,0,0,0,0,0,2018
1039,0,61,4030,500,935,0,0,0,0,0,0,0,0,0,0,-129.60000610351562,1,0,0,0,101,0,0,0,0,0,0,2018
1040,0,62,4030,500,935,0,0,0,0,0,0,0,0,0,0,-129.60000610351562,1,0,0,0,101,0,0,0,0,0,0,2018
1041,0,63,4030,500,935,0,0,0,0,0,0,0,0,0,0,-129.60000610351562,1,0,0,0,101,0,0,0,0,0,0,2018
1042,0,64,4030,500,935,0,0,0,0,0,0,0,0,0,0,-129.60000610351562,1,0,0,0,101,0,0,0,0,0,0,2018
1043,0,65,4030,500,935,0,0,0,0,0,0,0,0,0,0,-129.60000610351562,1,0,0,0,101,0,0,0,0,0,0,2018
1044,0,66,4030,500,935,0,0,0,0,0,0,0,0,0,0,-129.60000610351562,1,0,0,0,101,0,0,0,0,0,0,2018
1045,0,67,4030,500,935,0,0,0,0,0,0,0,0,0,0,-129.60000610351562,1,0,0,0,101,0,0,0,0,0,0,2018
1046,0,68,4030,500,935,0,0,0,0,0,0,0,0,0,0,-129.60000610351562,1,0,0,0,101,0,0,0,0,0,0,2018
1047,0,69,4030,500,935,0,0,0,0,0,0,0,0,0,0,-129.60000610351562,1,0,0,0,101,0,0,0,0,0,0,2018
1048,0,70,4030,500,935,0,0,0,0,0,0,0,0,0,0,-129.60000610351562,1,0,0,0,101,0,0,0,0,0,0,2018
1049,0,71,4030,500,935,0,0,0,0,0,0,0,0,0,0,-129.60000610351562,1,0,0,0,101,0,0,0,0,0,0,2018
1050,0,72,4030,500,935,0,0,0,0,0,0,0,0,0,0,-129.60000610351562,1,0,0,0,101,0,0,0,0,0,0,2018
1051,0,73,4030,500,935,0,0,0,0,0,0,0,0,0,0,-129.60000610351562,1,0,0,0,101,0,0,0,0,0,0,2018
1052,0,74,4030,500,935,0,0,0,0,0,0,0,0,0,0,-129.60000610351562,1,0,0,0,101,0,0,0,0,0,0,2018
1053,0,75,4030,500,935,0,0,0,0,0,0,0,0,0,0,-129.60000610351562,1,0,0,0,101,0,0,0,0,0,0,2018
1054,0,76,4030,500,935,0,0,0,0,0,0,0,0,0,0,-129.60000610351562,1,0,0,0,101,0,0,0,0,0,0,2018
1055,0,77,4030,500,935,0,0,0,0,0,0,0,0,0,0,-129.60000610351562,1,0,0,0,101,0,0,0,0,0,0,2018
1056,0,78,4030,500,935,0,0,0,0,0,0,0,0,0,0,-129.60000610351562,1,0,0,0,101,0,0,0,0,0,0,2018
1057,0,79,4030,500,935,0,0,0,0,0,0,0,0,0,0,-129.60000610351562,1,0,0,0,101,0,0,0,0,0,0,2018
1058,0,80,4030,500,935,0,0,0,0,0,0,0,0,0,0,-129.60000610351562,1,0,0,0,101,0,0,0,0,0,0,2018
1059,0,81,4030,500,935,0,0,0,0,0,0,0,0,0,0,-129.60000610351562,1,0,0,0,101,0,0,0,0,0,0,2018
1060,0,82,4030,500,935,0,0,0,0,0,0,0,0,0,0,-129.60000610351562,1,0,0,0,101,0,0,0,0,0,0,2018
1061,0,83,4030,500,935,0,0,0,0,0,0,0,0,0,0,-129.60000610351562,1,0,0,0,101,0,0,0,0,0,0,2018
1062,0,84,4030,500,935,0,0,0,0,0,0,0,0,0,0,-129.60000610351562,1,0,0,0,101,0,0,0,0,0,0,2018
1063,0,85,4030,500,935,0,0,0,0,0,0,0,0,0,0,-129.60000610351562,1,0,0,0,101,0,0,0,0,0,0,2018
1064,0,86,4030,500,935,0,0,0,0,0,0,0,0,0,0,-129.60000610351562,1,0,0,0,101,0,0,0,0,0,0,2018
1065,0,87,4030,500,935,0,0,0,0,0,0,0,0,0,0,-129.60000610351562,1,0,0,0,101,0,0,0,0,0,0,2018
1066,0,88,4030,500,935,0,0,0,0,0,0,0,0,0,0,-129.60000610351562,1,0,0,0,101,0,0,0,0,0,0,2018
1067,0,89,4030,500,935,0,0,0,0,0,0,0,0,0,0,-129.60000610351562,1,0,0,0,101,0,0,0,0,0,0,2018
1068,0,90,4030,500,935,0,0,0,0,0,0,0,0,0,0,-129.60000610351562,1,0,0,0,101,0,0,0,0,0,0,2018
1069,0,91,4030,500,935,0,0,0,0,0,0,0,0,0,0,-129.60000610351562,1,0,0,0,101,0,0,0,0,0,0,2018
1070,0,92,4030,500,935,0,0,0,0,0,0,0,0,0,0,-129.60000610351562,1,0,0,0,101,0,0,0,0,0,0,2018
1071,0,93,4030,500,935,0,0,0,0,0,0,0,0,0,0,-129.60000610351562,1,0,0,0,101,0,0,0,0,0,0,2018
1072,0,94,4030,500,935,0,0,0,0,0,0,0,0,0,0,-129.60000610351562,1,0,0,0,101,0,0,0,0,0,0,2018
1073,0,95,4030,500,935,0,0,0,0,0,0,0,0,0,0,-129.60000610351562,1,0,0,0,101,0,0,0,0,0,0,2018
1074,0,96,4030,500,935,0,0,0,0,0,0,0,0,0,0,-129.60000610351562,1,0,0,0,101,0,0,0,0,0,0,2018
1075,0,97,4030,500,935,0,0,0,0,0,0,0,0,0,0,-129.60000610351562,1,0,0,0,101,0,0,0,0,0,0,2018
1076,0,98,4030,500,935,0,0,0,0,0,0,0,0,0,0,-129.60000610351562,1,0,0,0,101,0,0,0,0,0,0,2018
1077,0,99,4030,500,935,0,0,0,0,0,0,0,0,0,0,-129.60000610351562,1,0,0,0,101,0,0,0,0,0,0,2018
1078,0,100,4030,500,935,0,0,0,0,0,0,0,0,0,0,-129.60000610351562,1,0,0,0,101,0,0,0,0,0,0,2018
1079,0,101,4030,500,935,0,0,0,0,0,0,0,0,0,0,-129.60000610351562,1,0,0,0,101,0,0,0,0,0,0,2018
1080,0,102,4030,500,935,0,0,0,0,0,0,0,0,0,0,-129.60000610351562,1,0,0,0,101,0,0,0,0,0,0,2018
1081,0,103,4030,500,935,0,0,0,0,0,0,0,0,0,0,-129.60000610351562,1,0,0,0,101,0,0,0,0,0,0,2018
1082,0,104,4030,500,935,0,0,0,0,0,0,0,0,0,0,-129.60000610351562,1,0,0,0,101,0,0,0,0,0,0,2018
1083,0,105,4030,500,935,0,0,0,0,0,0,0,0,0,0,-129.60000610351562,1,0,0,0,101,0,0,0,0,0,0,2018
1084,0,106,4030,500,935,0,0,0,0,0,0,0,0,0,0,-129.60000610351562,1,0,0,0,101,0,0,0,0,0,0,2018
1085,0,107,4030,500,935,0,0,0,0,0,0,0,0,0,0,-129.60000610351562,1,0,0,0,101,0,0,0,0,0,0,2018
1086,0,108,4030,500,935,0,0,0,0,0,0,0,0,0,0,-129.60000610351562,1,0,0,0,101,0,0,0,0,0,0,2018
1087,0,109,4030,500,935,0,0,0,0,0,0,0,0,0,0,-129.60000610351562,1,0,0,0,101,0,0,0,0,0,0,2018
1088,0,110,4030,500,935,0,0,0,0,0,0,0,0,0,0,-129.60000610351562,1,0,0,0,101,0,0,0,0,0,0,2018
1089,0,111,4030,500,935,0,0,0,0,0,0,0,0,0,0,-129.60000610351562,1,0,0,0,101,0,0,0,0,0,0,2018
1090,0,112,4030,500,935,0,0,0,0,0,0,0,0,0,0,-129.60000610351562,1,0,0,0,101,0,0,0,0,0,0,2018
1091,0,113,4030,500,935,0,0,0,0,0,0,0,0,0,0,-129.60000610351562,1,0,0,0,101,0,0,0,0,0,0,2018
1092,0,114,4030,500,935,0,0,0,0,0,0,0,0,0,0,-129.60000610351562,1,0,0,0,101,0,0,0,0,0,0,2018
1093,0,115,4030,500,935,0,0,0,0,0,0,0,0,0,0,-129.60000610351562,1,0,0,0,101,0,0,0,0,0,0,2018
1094,0,116,4030,500,935,0,0,0,0,0,0,0,0,0,0,-129.60000610351562,1,0,0,0,101,0,0,0,0,0,0,2018
1095,0,117,4030,500,935,0,0,0,0,0,0,0,0,0,0,-129.60000610351562,1,0,0,0,101,0,0,0,0,0,0,2018
1096,0,118,4030,500,935,0,0,0,0,0,0,0,0,0,0,-129.60000610351562,1,0,0,0,101,0,0,0,0,0,0,2018
1097,0,119,4030,500,935,0,0,0,0,0,0,0,0,0,0,-129.60000610351562,1,0,0,0,101,0,0,0,0,0,0,2018
1098,0,120,4030,500,935,0,0,0,0,0,0,0,0,0,0,-129.60000610351562,1,0,0,0,101,0,0,0,0,0,0,2018
1099,0,121,4030,500,935,0,0,0,0,0,0,0,0,0,0,-129.60000610351562,1,0,0,0,101,0,0,0,0,0,0,2018
1100,0,122,4030,500,935,0,0,0,0,0,0,0,0,0,0,-129.60000610351562,1,0,0,0,101,0,0,0,0,0,0,2018
1101,0,123,4030,500,935,0,0,0,0,0,0,0,0,0,0,-129.60000610351562,1,0,0,0,101,0,0,0,0,0,0,2018
1102,0,124,4030,500,935,0,0,0,0,0,0,0,0,0,0,-129.60000610351562,1,0,0,0,101,0,0,0,0,0,0,2018
1103,0,125,4030,500,935,0,0,0,0,0,0,0,0,0,0,-129.60000610351562,1,0,0,0,101,0,0,0,0,0,0,2018
1104,0,126,4030,500,935,0,0,0,0,0,0,0,0,0,0,-129.60000610351562,1,0,0,0,101,0,0,0,0,0,0,2018
1105,0,127,4030,500,935,0,0,0,0,0,0,0,0,0,0,-129.60000610351562,1,0,0,0,101,0,0,0,0,0,0,2018
1106,0,128,4030,500,935,0,0,0,0,0,0,0,0,0,0,-129.60000610351562,1,0,0,0,101,0,0,0,0,0,0,2018
1107,0,129,4030,500,935,0,0,0,0,0,0,0,0,0,0,-129.60000610351562,1,0,0,0,101,0,0,0,0,0,0,2018
1108,0,130,4030,500,935,0,0,0,0,0,0,0,0,0,0,-129.60000610351562,1,0,0,0,101,0,0,0,0,0,0,2018
1109,0,131,4030,500,935,0,0,0,0,0,0,0,0,0,0,-129.60000610351562,1,0,0,0,101,0,0,0,0,0,0,2018
1110,0,132,4030,500,935,0,0,0,0,0,0,0,0,0,0,-129.60000610351562,1,0,0,0,101,0,0,0,0,0,0,2018
1111,0,133,4030,500,935,0,0,0,0,0,0,0,0,0,0,-129.60000610351562,1,0,0,0,101,0,0,0,0,0,0,2018
1112,0,134,4030,500,935,0,0,0,0,0,0,0,0,0,0,-129.60000610351562,1,0,0,0,101,0,0,0,0,0,0,2018
1113,0,135,4030,500,935,0,0,0,0,0,0,0,0,0,0,-129.60000610351562,1,0,0,0,101,0,0,0,0,0,0,2018
1114,0,136,4030,500,935,0,0,0,0,0,0,0,0,0,0,-129.60000610351562,1,0,0,0,101,0,0,0,0,0,0,2018
1115,0,137,4030,500,935,0,0,0,0,0,0,0,0,0,0,-129.60000610351562,1,0,0,0,101,0,0,0,0,0,0,2018
1116,0,138,4030,500,935,0,0,0,0,0,0,0,0,0,0,-129.60000610351562,1,0,0,0,101,0,0,0,0,0,0,2018
1117,0,139,4030,500,935,0,0,0,0,0,0,0,0,0,0,-129.60000610351562,1,0,0,0,101,0,0,0,0,0,0,2018
1118,0,140,4030,500,935,0,0,0,0,0,0,0,0,0,0,-129.60000610351562,1,0,0,0,101,0,0,0,0,0,0,2018
1119,0,141,4030,500,935,0,0,0,0,0,0,0,0,0,0,-129.60000610351562,1,0,0,0,101,0,0,0,0,0,0,2018
1120,0,142,4030,500,935,0,0,0,0,0,0,0,0,0,0,-129.60000610351562,1,0,0,0,101,0,0,0,0,0,0,2018
1121,0,143,4030,500,935,0,0,0,0,0,0,0,0,0,0,-129.60000610351562,1,0,0,0,101,0,0,0,0,0,0,2018
1122,0,144,4030,500,935,0,0,0,0,0,0,0,0,0,0,-129.60000610351562,1,0,0,0,101,0,0,0,0,0,0,2018
1123,0,145,4030,500,935,0,0,0,0,0,0,0,0,0,0,-129.60000610351562,1,0,0,0,101,0,0,0,0,0,0,2018
1124,0,146,4030,500,935,0,0,0,0,0,0,0,0,0,0,-129.60000610351562,1,0,0,0,101,0,0,0,0,0,0,2018
1125,0,147,4030,500,935,0,0,0,0,0,0,0,0,0,0,-129.60000610351562,1,0,0,0,101,0,0,0,0,0,0,2018
1126,0,148,4030,500,935,0,0,0,0,0,0,0,0,0,0,-129.60000610351562,1,0,0,0,101,0,0,0,0,0,0,2018
1127,0,149,4030,500,935,0,0,0,0,0,0,0,0,0,0,-129.60000610351562,1,0,0,0,101,0,0,0,0,0,0,2018
1128,0,150,4030,500,935,0,0,0,0,0,0,0,0,0,0,-129.60000610351562,1,0,0,0,101,0,0,0,0,0,0,2018
1129,0,151,4030,500,935,0,0,0,0,0,0,0,0,0,0,-129.60000610351562,1,0,0,0,101,0,0,0,0,0,0,2018
1130,0,152,4030,500,935,0,0,0,0,0,0,0,0,0,0,-129.60000610351562,1,0,0,0,101,0,0,0,0,0,0,2018
1131,0,153,4030,500,935,0,0,0,0,0,0,0,0,0,0,-129.60000610351562,1,0,0,0,101,0,0,0,0,0,0,2018
1132,0,154,4030,500,935,0,0,0,0,0,0,0,0,0,0,-129.60000610351562,1,0,0,0,101,0,0,0,0,0,0,2018
1133,0,155,4030,500,935,0,0,0,0,0,0,0,0,0,0,-129.60000610351562,1,0,0,0,101,0,0,0,0,0,0,2018
1134,0,156,4030,500,935,0,0,0,0,0,0,0,0,0,0,-129.60000610351562,1,0,0,0,101,0,0,0,0,0,0,2018
1135,0,157,4030,500,935,0,0,0,0,0,0,0,0,0,0,-129.60000610351562,1,0,0,0,101,0,0,0,0,0,0,2018
1136,0,158,4030,500,935,0,0,0,0,0,0,0,0,0,0,-129.60000610351562,1,0,0,0,101,0,0,0,0,0,0,2018
1137,0,159,4030,500,935,0,0,0,0,0,0,0,0,0,0,-129.60000610351562,1,0,0,0,101,0,0,0,0,0,0,2018
1138,0,160,4030,500,935,0,0,0,0,0,0,0,0,0,0,-129.60000610351562,1,0,0,0,101,0,0,0,0,0,0,2018
1139,0,161,4030,500,935,0,0,0,0,0,0,0,0,0,0,-129.60000610351562,1,0,0,0,101,0,0,0,0,0,0,2018
1140,0,162,4030,500,935,0,0,0,0,0,0,0,0,0,0,-129.60000610351562,1,0,0,0,101,0,0,0,0,0,0,2018
1141,0,163,4030,500,935,0,0,0,0,0,0,0,0,0,0,-129.60000610351562,1,0,0,0,101,0,0,0,0,0,0,2018
1142,0,164,4030,500,935,0,0,0,0,0,0,0,0,0,0,-129.60000610351562,1,0,0,0,101,0,0,0,0,0,0,2018
1143,0,165,4030,500,935,0,0,0,0,0,0,0,0,0,0,-129.60000610351562,1,0,0,0,101,0,0,0,0,0,0,2018
1144,0,166,4030,500,935,0,0,0,0,0,0,0,0,0,0,-129.60000610351562,1,0,0,0,101,0,0,0,0,0,0,2018
1145,0,167,4030,500,935,0,0,0,0,0,0,0,0,0,0,-129.60000610351562,1,0,0,0,101,0,0,0,0,0,0,2018
1146,0,168,4030,500,935,0,0,0,0,0,0,0,0,0,0,-129.60000610351562,1,0,0,0,101,0,0,0,0,0,0,2018
1147,0,169,4030,500,935,0,0,0,0,0,0,0,0,0,0,-129.60000610351562,1,0,0,0,101,0,0,0,0,0,0,2018
1148,0,170,4030,500,935,0,0,0,0,0,0,0,0,0,0,-129.60000610351562,1,0,0,0,101,0,0,0,0,0,0,2018
1149,0,171,4030,500,935,0,0,0,0,0,0,0,0,0,0,-129.60000610351562,1,0,0,0,101,0,0,0,0,0,0,2018
1150,0,172,4030,500,935,0,0,0,0,0,0,0,0,0,0,-129.60000610351562,1,0,0,0,101,0,0,0,0,0,0,2018
1151,0,173,4030,500,935,0,0,0,0,0,0,0,0,0,0,-129.60000610351562,1,0,0,0,101,0,0,0,0,0,0,2018
1152,0,174,4030,500,935,0,0,0,0,0,0,0,0,0,0,-129.60000610351562,1,0,0,0,101,0,0,0,0,0,0,2018
1153,0,175,4030,500,935,0,0,0,0,0,0,0,0,0,0,-129.60000610351562,1,0,0,0,101,0,0,0,0,0,0,2018
1154,0,176,4030,500,935,0,0,0,0,0,0,0,0,0,0,-129.60000610351562,1,0,0,0,101,0,0,0,0,0,0,2018
1155,0,177,4030,500,935,0,0,0,0,0,0,0,0,0,0,-129.60000610351562,1,0,0,0,101,0,0,0,0,0,0,2018
1156,0,178,4030,500,935,0,0,0,0,0,0,0,0,0,0,-129.60000610351562,1,0,0,0,101,0,0,0,0,0,0,2018
1157,0,179,4030,500,935,0,0,0,0,0,0,0,0,0,0,-129.60000610351562,1,0,0,0,101,0,0,0,0,0,0,2018
1158,0,180,4030,500,935,0,0,0,0,0,0,0,0,0,0,-129.60000610351562,1,0,0,0,101,0,0,0,0,0,0,2018
1159,0,181,4030,500,935,0,0,0,0,0,0,0,0,0,0,-129.60000610351562,1,0,0,0,101,0,0,0,0,0,0,2018
1160,0,182,4030,500,935,0,0,0,0,0,0,0,0,0,0,-129.60000610351562,1,0,0,0,101,0,0,0,0,0,0,2018
1161,0,183,4030,500,935,0,0,0,0,0,0,0,0,0,0,-129.60000610351562,1,0,0,0,101,0,0,0,0,0,0,2018
1162,0,184,4030,500,935,0,0,0,0,0,0,0,0,0,0,-129.60000610351562,1,0,0,0,101,0,0,0,0,0,0,2018
1163,0,185,4030,500,935,0,0,0,0,0,0,0,0,0,0,-129.60000610351562,1,0,0,0,101,0,0,0,0,0,0,2018
1164,0,186,4030,500,935,0,0,0,0,0,0,0,0,0,0,-129.60000610351562,1,0,0,0,101,0,0,0,0,0,0,2018
1165,0,187,4030,500,935,0,0,0,0,0,0,0,0,0,0,-129.60000610351562,1,0,0,0,101,0,0,0,0,0,0,2018
1166,0,188,4030,500,935,0,0,0,0,0,0,0,0,0,0,-129.60000610351562,1,0,0,0,101,0,0,0,0,0,0,2018
1167,0,189,4030,500,935,0,0,0,0,0,0,0,0,0,0,-129.60000610351562,1,0,0,0,101,0,0,0,0,0,0,2018
1168,0,190,4030,500,935,0,0,0,0,0,0,0,0,0,0,-129.60000610351562,1,0,0,0,101,0,0,0,0,0,0,2018
1169,0,191,4030,500,935,0,0,0,0,0,0,0,0,0,0,-129.60000610351562,1,0,0,0,101,0,0,0,0,0,0,2018
1170,0,192,4030,500,935,0,0,0,0,0,0,0,0,0,0,-129.60000610351562,1,0,0,0,101,0,0,0,0,0,0,2018
1171,0,193,4030,500,935,0,0,0,0,0,0,0,0,0,0,-129.60000610351562,1,0,0,0,101,0,0,0,0,0,0,2018
1172,0,194,4030,500,935,0,0,0,0,0,0,0,0,0,0,-129.60000610351562,1,0,0,0,101,0,0,0,0,0,0,2018
1173,0,195,4030,500,935,0,0,0,0,0,0,0,0,0,0,-129.60000610351562,1,0,0,0,101,0,0,0,0,0,0,2018
1174,0,196,4030,500,935,0,0,0,0,0,0,0,0,0,0,-129.60000610351562,1,0,0,0,101,0,0,0,0,0,0,2018
1175,0,197,4030,500,935,0,0,0,0,0,0,0,0,0,0,-129.60000610351562,1,0,0,0,101,0,0,0,0,0,0,2018
1176,0,198,4030,500,935,0,0,0,0,0,0,0,0,0,0,-129.60000610351562,1,0,0,0,101,0,0,0,0,0,0,2018
1177,0,199,4030,500,935,0,0,0,0,0,0,0,0,0,0,-129.60000610351562,1,0,0,0,101,0,0,0,0,0,0,2018
1178,0,200,4030,500,935,0,0,0,0,0,0,0,0,0,0,-129.60000610351562,1,0,0,0,101,0,0,0,0,0,0,2018
1179,0,201,4030,500,935,0,0,0,0,0,0,0,0,0,0,-129.60000610351562,1,0,0,0,101,0,0,0,0,0,0,2018
1180,0,202,4030,500,935,0,0,0,0,0,0,0,0,0,0,-129.60000610351562,1,0,0,0,101,0,0,0,0,0,0,2018
1181,0,203,4030,500,935,0,0,0,0,0,0,0,0,0,0,-129.60000610351562,1,0,0,0,101,0,0,0,0,0,0,2018
1182,0,204,4030,500,935,0,0,0,0,0,0,0,0,0,0,-129.60000610351562,1,0,0,0,101,0,0,0,0,0,0,2018
1183,0,205,4030,500,935,0,0,0,0,0,0,0,0,0,0,-129.60000610351562,1,0,0,0,101,0,0,0,0,0,0,2018
1184,0,206,4030,500,935,0,0,0,0,0,0,0,0,0,0,-129.60000610351562,1,0,0,0,101,0,0,0,0,0,0,2018
1185,0,207,4030,500,935,0,0,0,0,0,0,0,0,0,0,-129.60000610351562,1,0,0,0,101,0,0,0,0,0,0,2018
1186,0,208,4030,500,935,0,0,0,0,0,0,0,0,0,0,-129.60000610351562,1,0,0,0,101,0,0,0,0,0,0,2018
1187,0,209,4030,500,935,0,0,0,0,0,0,0,0,0,0,-129.60000610351562,1,0,0,0,101,0,0,0,0,0,0,2018
1188,0,210,4030,500,935,0,0,0,0,0,0,0,0,0,0,-129.60000610351562,1,0,0,0,101,0,0,0,0,0,0,2018
1189,0,211,4030,500,935,0,0,0,0,0,0,0,0,0,0,-129.60000610351562,1,0,0,0,101,0,0,0,0,0,0,2018
1190,0,212,4030,500,935,0,0,0,0,0,0,0,0,0,0,-129.60000610351562,1,0,0,0,101,0,0,0,0,0,0,2018
1191,0,213,4030,500,935,0,0,0,0,0,0,0,0,0,0,-129.60000610351562,1,0,0,0,101,0,0,0,0,0,0,2018
1192,0,214,4030,500,935,0,0,0,0,0,0,0,0,0,0,-129.60000610351562,1,0,0,0,101,0,0,0,0,0,0,2018
1193,0,215,4030,500,935,0,0,0,0,0,0,0,0,0,0,-129.60000610351562,1,0,0,0,101,0,0,0,0,0,0,2018
1194,0,216,4030,500,935,0,0,0,0,0,0,0,0,0,0,-129.60000610351562,1,0,0,0,101,0,0,0,0,0,0,2018
1195,0,217,4030,500,935,0,0,0,0,0,0,0,0,0,0,-129.60000610351562,1,0,0,0,101,0,0,0,0,0,0,2018
1196,0,218,4030,500,935,0,0,0,0,0,0,0,0,0,0,-129.60000610351562,1,0,0,0,101,0,0,0,0,0,0,2018
1197,0,219,4030,500,935,0,0,0,0,0,0,0,0,0,0,-129.60000610351562,1,0,0,0,101,0,0,0,0,0,0,2018
1198,0,220,4030,500,935,0,0,0,0,0,0,0,0,0,0,-129.60000610351562,1,0,0,0,101,0,0,0,0,0,0,2018
1199,0,221,4030,500,935,0,0,0,0,0,0,0,0,0,0,-129.60000610351562,1,0,0,0,101,0,0,0,0,0,0,2018
1200,0,222,4030,500,935,0,0,0,0,0,0,0,0,0,0,-129.60000610351562,1,0,0,0,101,0,0,0,0,0,0,2018
1201,0,223,4030,500,935,0,0,0,0,0,0,0,0,0,0,-129.60000610351562,1,0,0,0,101,0,0,0,0,0,0,2018
1202,0,224,4030,500,935,0,0,0,0,0,0,0,0,0,0,-129.60000610351562,1,0,0,0,101,0,0,0,0,0,0,2018
1203,0,225,4030,500,935,0,0,0,0,0,0,0,0,0,0,-129.60000610351562,1,0,0,0,101,0,0,0,0,0,0,2018
1204,0,226,4030,500,935,0,0,0,0,0,0,0,0,0,0,-129.60000610351562,1,0,0,0,101,0,0,0,0,0,0,2018
1205,0,227,4030,500,935,0,0,0,0,0,0,0,0,0,0,-129.60000610351562,1,0,0,0,101,0,0,0,0,0,0,2018
1206,0,228,4030,500,935,0,0,0,0,0,0,0,0,0,0,-129.60000610351562,1,0,0,0,101,0,0,0,0,0,0,2018
1207,0,229,4030,500,935,0,0,0,0,0,0,0,0,0,0,-129.60000610351562,1,0,0,0,101,0,0,0,0,0,0,2018
1208,0,230,4030,500,935,0,0,0,0,0,0,0,0,0,0,-129.60000610351562,1,0,0,0,101,0,0,0,0,0,0,2018
1209,0,231,4030,500,935,0,0,0,0,0,0,0,0,0,0,-129.60000610351562,1,0,0,0,101,0,0,0,0,0,0,2018
1210,0,1,3000,500,1000,0,0,0,0,0,0,0,0,0,0,-126,1,0,0,0,101,0,0,0,0,0,0,1000
1211,0,2,3000,500,1000,0,0,0,0,0,0,0,0,0,0,-126,1,0,0,0,101,0,0,0,0,0,0,1000
1212,0,3,3000,500,1000,0,0,0,0,0,0,0,0,0,0,-126,1,0,0,0,101,0,0,0,0,0,0,1000
1213,0,4,3000,500,1000,0,0,0,0,0,0,0,0,0,0,-126,1,0,0,0,101,0,0,0,0,0,0,1000
1214,0,5,3000,500,1000,0,0,0,0,0,0,0,0,0,0,-126,1,0,0,0,101,0,0,0,0,0,0,1000
1215,0,6,3000,500,1000,0,0,0,0,0,0,0,0,0,0,-126,1,0,0,0,101,0,0,0,0,0,0,1000
1216,0,7,3000,500,1000,0,0,0,0,0,0,0,0,0,0,-126,1,0,0,0,101,0,0,0,0,0,0,1000
1217,0,8,3000,500,1000,0,0,0,0,0,0,0,0,0,0,-126,1,0,0,0,101,0,0,0,0,0,0,1000
1218,0,9,3000,500,1000,0,0,0,0,0,0,0,0,0,0,-126,1,0,0,0,101,0,0,0,0,0,0,1000
1219,10,1,3000,500,1000,0,0,0,0,0,0,0,0,0,0,-126,1,0,0,0,101,0,0,0,0,0,0,1000
1220,10,2,3000,500,1000,0,0,0,0,0,0,0,0,0,0,-126,1,0,0,0,101,0,0,0,0,0,0,1000
1221,10,3,3000,500,1000,0,0,0,0,0,0,0,0,0,0,-126,1,0,0,0,101,0,0,0,0,0,0,1000
1222,10,4,3000,500,1000,0,0,0,0,0,0,0,0,0,0,-126,1,0,0,0,101,0,0,0,0,0,0,1000
1223,10,5,3000,500,1000,0,0,0,0,0,0,0,0,0,0,-126,1,0,0,0,101,0,0,0,0,0,0,1000
1224,10,6,3000,500,1000,0,0,0,0,0,0,0,0,0,0,-126,1,0,0,0,101,0,0,0,0,0,0,1000
1225,1040,1,3000,500,1000,0,0,240,0,0,0,0,0,0,0,-126,1,0,0,0,101,0,0,0,0,0,0,1000
1226,1040,2,3000,500,1000,0,0,239,0,0,0,0,0,0,0,-126,1,0,0,0,101,0,0,0,0,0,0,1000
1227,1040,3,3000,500,1000,0,0,238,0,0,0,0,0,0,0,-126,1,0,0,0,101,0,0,0,0,0,0,1000
1228,1040,4,3000,500,1000,0,0,237,0,0,0,0,0,0,0,-126,1,0,0,0,101,0,0,0,0,0,0,1000
1229,1040,5,3000,500,1000,0,0,236,0,0,0,0,0,0,0,-126,1,0,0,0,101,0,0,0,0,0,0,1000
1230,1040,6,3000,500,1000,0,0,235,0,0,0,0,0,0,0,-126,1,0,0,0,101,0,0,0,0,0,0,1000
1231,1040,7,3000,500,1000,0,0,234,0,0,0,0,0,0,0,-126,1,0,0,0,101,0,0,0,0,0,0,1000
1232,1040,8,3000,500,1000,0,0,233,0,0,0,0,0,0,0,-126,1,0,0,0,101,0,0,0,0,0,0,1000
1233,1040,9,3000,500,1000,0,0,232,0,0,0,0,0,0,0,-126,1,0,0,0,101,0,0,0,0,0,0,1000
1234,1040,10,3000,500,1000,0,0,231,0,0,0,0,0,0,0,-126,1,0,0,0,101,0,0,0,0,0,0,1000
1235,1040,11,3000,500,1000,0,0,230,0,0,0,0,0,0,0,-126,1,0,0,0,101,0,0,0,0,0,0,1000
1236,1040,12,3000,500,1000,0,0,229,0,0,0,0,0,0,0,-126,1,0,0,0,101,0,0,0,0,0,0,1000
1237,1040,13,3000,500,1000,0,0,228,0,0,0,0,0,0,0,-126,1,0,0,0,101,0,0,0,0,0,0,1000
1238,1040,14,3000,500,1000,0,0,227,0,0,0,0,0,0,0,-126,1,0,0,0,101,0,0,0,0,0,0,1000
1239,1040,15,3000,500,1000,0,0,226,0,0,0,0,0,0,0,-126,1,0,0,0,101,0,0,0,0,0,0,1000
1240,1040,16,3000,500,1000,0,0,225,0,0,0,0,0,0,0,-126,1,0,0,0,101,0,0,0,0,0,0,1000
1241,1040,17,3000,500,1000,0,0,224,0,0,0,0,0,0,0,-126,1,0,0,0,101,0,0,0,0,0,0,1000
1242,1040,18,3000,500,1000,0,0,223,0,0,0,0,0,0,0,-126,1,0,0,0,101,0,0,0,0,0,0,1000
1243,1040,19,3000,500,1000,0,0,222,0,0,0,0,0,0,0,-126,1,0,0,0,101,0,0,0,0,0,0,1000
1244,1040,20,3000,500,1000,0,0,221,0,0,0,0,0,0,0,-126,1,0,0,0,101,0,0,0,0,0,0,1000
1245,1040,21,3000,500,1000,0,0,220,0,0,0,0,0,0,0,-126,1,0,0,0,101,0,0,0,0,0,0,1000
1246,1040,22,3000,500,1000,0,0,219,0,0,0,0,0,0,0,-126,1,0,0,0,101,0,0,0,0,0,0,1000
1247,1040,23,3000,500,1000,0,0,218,0,0,0,0,0,0,0,-126,1,0,0,0,101,0,0,0,0,0,0,1000
1248,1040,24,3000,500,1000,0,0,217,0,0,0,0,0,0,0,-126,1,0,0,0,101,0,0,0,0,0,0,1000
1249,1040,25,3000,500,1000,0,0,216,0,0,0,0,0,0,0,-126,1,0,0,0,101,0,0,0,0,0,0,1000
1250,1040,26,3000,500,1000,0,0,215,0,0,0,0,0,0,0,-126,1,0,0,0,101,0,0,0,0,0,0,1000
1251,1040,27,3000,500,1000,0,0,214,0,0,0,0,0,0,0,-126,1,0,0,0,101,0,0,0,0,0,0,1000
1252,1040,28,3000,500,1000,0,0,213,0,0,0,0,0,0,0,-126,1,0,0,0,101,0,0,0,0,0,0,1000
1253,1040,29,3180,500,1000,0,0,212,0,0,0,0,0,0,0,-126,1,0,0,0,101,0,0,1,0,0,0,1000
1254,1040,30,3180,500,1000,0,0,211,0,0,0,0,0,0,0,-126,1,0,0,0,101,0,0,1,0,0,0,1000
1255,1040,31,3180,500,1000,0,0,210,0,0,0,0,0,0,0,-126,1,0,0,0,101,0,0,1,0,0,0,1000
1256,1040,32,3180,500,1000,0,0,209,0,0,0,0,0,0,0,-126,1,0,0,0,101,0,0,1,0,0,0,1000
1257,1040,33,3180,500,1000,0,0,208,0,0,0,0,0,0,0,-126,1,0,0,0,101,0,0,1,0,0,0,1000
1258,1040,34,3180,500,1000,0,0,207,0,0,0,0,0,0,0,-126,1,0,0,0,101,0,0,1,0,0,0,1000
1259,1040,35,3180,500,1000,0,0,206,0,0,0,0,0,0,0,-126,1,0,0,0,101,0,0,1,0,0,0,1000
1260,1040,36,3180,500,1000,0,0,205,0,0,0,0,0,0,0,-126,1,0,0,0,101,0,0,1,0,0,0,1000
1261,1040,37,3180,500,1000,0,0,204,0,0,0,0,0,0,0,-126,1,0,0,0,101,0,0,1,0,0,0,1000
1262,1040,38,3180,500,1000,0,0,203,0,0,0,0,0,0,0,-126,1,0,0,0,101,0,0,1,0,0,0,1000
1263,1040,39,3180,500,1000,0,0,202,0,0,0,0,0,0,0,-126,1,0,0,0,101,0,0,1,0,0,0,1000
1264,1040,40,3180,500,1000,0,0,201,0,0,0,0,0,0,0,-126,1,0,0,0,101,0,0,1,0,0,0,1000
1265,1040,41,3180,500,1000,0,0,200,0,0,0,0,0,0,0,-126,1,0,0,0,101,0,0,1,0,0,0,1000
1266,1040,42,3180,500,1000,0,0,199,0,0,0,0,0,0,0,-126,1,0,0,0,101,0,0,1,0,0,0,1000
1267,0,1,3180,500,1000,0,0,198,0,0,0,0,0,0,0,-126,1,0,0,0,101,0,0,1,0,0,0,1000
1268,0,2,3180,500,1000,0,0,197,0,0,0,0,0,0,0,-126,1,0,0,0,101,0,0,1,0,0,0,1000
1269,0,3,3180,500,1000,0,0,196,0,0,0,0,0,0,0,-126,1,0,0,0,101,0,0,1,0,0,0,1000
1270,0,4,3180,500,1000,0,0,195,0,0,0,0,0,0,0,-126,1,0,0,0,101,0,0,1,0,0,0,1000
1271,0,5,3180,500,1000,0,0,194,0,0,0,0,0,0,0,-126,1,0,0,0,101,0,0,1,0,0,0,1000
1272,0,6,3180,500,1000,0,0,193,0,0,0,0,0,0,0,-126,1,0,0,0,101,0,0,1,0,0,0,1000
1273,0,7,3180,500,1000,0,0,192,0,0,0,0,0,0,0,-126,1,0,0,0,101,0,0,1,0,0,0,1000
1274,0,8,3180,500,1000,0,0,191,0,0,0,0,0,0,0,-126,1,0,0,0,101,0,0,1,0,0,0,1000
1275,0,9,3180,500,1000,0,0,190,0,0,0,0,0,0,0,-126,1,0,0,0,101,0,0,1,0,0,0,1000
1276,0,10,3180,500,1000,0,0,189,0,0,0,0,0,0,0,-126,1,0,0,0,101,0,0,1,0,0,0,1000
1277,0,11,3180,500,1000,0,0,188,0,0,0,0,0,0,0,-126,1,0,0,0,101,0,0,1,0,0,0,1000
1278,0,12,3180,500,1000,0,0,187,0,0,0,0,0,0,0,-126,1,0,0,0,101,0,0,1,0,0,0,1000
1279,0,13,3180,500,1000,0,0,186,0,0,0,0,0,0,0,-126,1,0,0,0,101,0,0,1,0,0,0,1000
1280,0,14,3180,500,1000,0,0,185,0,0,0,0,0,0,0,-126,1,0,0,0,101,0,0,1,0,0,0,1000
1281,0,15,3180,500,1000,0,0,184,0,0,0,0,0,0,0,-126,1,0,0,0,101,0,0,1,0,0,0,1000
1282,0,16,3180,500,1000,0,0,183,0,0,0,0,0,0,0,-126,1,0,0,0,101,0,0,1,0,0,0,1000
1283,0,17,3180,500,1000,0,0,182,0,0,0,0,0,0,0,-126,1,0,0,0,101,0,0,1,0,0,0,1000
1284,0,18,3180,500,1000,0,0,181,0,0,0,0,0,0,0,-126,1,0,0,0,101,0,0,1,0,0,0,1000
1285,0,19,3180,500,1000,0,0,180,0,0,0,0,0,0,0,-126,1,0,0,0,101,0,0,1,0,0,0,1000
1286,0,20,3180,500,1000,0,0,179,0,0,0,0,0,0,0,-126,1,0,0,0,101,0,0,1,0,0,0,1000
1287,0,21,3180,500,1000,0,0,178,0,0,0,0,0,0,0,-126,1,0,0,0,101,0,0,1,0,0,0,1000
1288,0,22,3180,500,1000,0,0,177,0,0,0,0,0,0,0,-126,1,0,0,0,101,0,0,1,0,0,0,1000
1289,0,23,3180,500,1000,0,0,176,0,0,0,0,0,0,0,-126,1,0,0,0,101,0,0,1,0,0,0,1000
1290,0,24,3180,500,1000,0,0,175,0,0,0,0,0,0,0,-126,1,0,0,0,101,0,0,1,0,0,0,1000
1291,0,25,3180,500,1000,0,0,174,0,0,0,0,0,0,0,-126,1,0,0,0,101,0,0,1,0,0,0,1000
1292,0,26,3180,500,1000,0,0,173,0,0,0,0,0,0,0,-126,1,0,0,0,101,0,0,1,0,0,0,1000
1293,0,27,3180,500,1000,0,0,172,0,0,0,0,0,0,0,-126,1,0,0,0,101,0,0,1,0,0,0,1000
1294,0,28,3180,500,1000,0,0,171,0,0,0,0,0,0,0,-126,1,0,0,0,101,0,0,1,0,0,0,1000
1295,0,29,3180,500,1000,0,0,170,0,0,0,0,0,0,0,-126,1,0,0,0,101,0,0,1,0,0,0,1000
1296,0,30,3180,500,1000,0,0,169,0,0,0,0,0,0,0,-126,1,0,0,0,101,0,0,1,0,0,0,1000
1297,0,31,3180,500,1000,0,0,168,0,0,0,0,0,0,0,-126,1,0,0,0,101,0,0,1,0,0,0,1000
1298,0,32,3180,500,1000,0,0,167,0,0,0,0,0,0,0,-126,1,0,0,0,101,0,0,1,0,0,0,1000
1299,0,33,3180,500,1000,0,0,166,0,0,0,0,0,0,0,-126,1,0,0,0,101,0,0,1,0,0,0,1000
1300,0,34,3180,500,1000,0,0,165,0,0,0,0,0,0,0,-126,1,0,0,0,101,0,0,1,0,0,0,1000
1301,0,35,3180,500,1000,0,0,164,0,0,0,0,0,0,0,-126,1,0,0,0,101,0,0,1,0,0,0,1000
1302,0,36,3180,500,1000,0,0,163,0,0,0,0,0,0,0,-126,1,0,0,0,101,0,0,1,0,0,0,1000
1303,0,37,3180,500,1000,0,0,162,0,0,0,0,0,0,0,-126,1,0,0,0,101,0,0,1,0,0,0,1000
1304,0,38,3180,500,1000,0,0,161,0,0,0,0,0,0,0,-126,1,0,0,0,101,0,0,1,0,0,0,1000
1305,0,39,3180,500,1000,0,0,160,0,0,0,0,0,0,0,-126,1,0,0,0,101,0,0,1,0,0,0,1000
1306,0,40,3180,500,1000,0,0,159,0,0,0,0,0,0,0,-126,1,0,0,0,101,0,0,1,0,0,0,1000
1307,0,41,3180,500,1000,0,0,158,0,0,0,0,0,0,0,-126,1,0,0,0,101,0,0,1,0,0,0,1000
1308,0,42,3180,500,1000,0,0,157,0,0,0,0,0,0,0,-126,1,0,0,0,101,0,0,1,0,0,0,1000
1309,0,43,3180,500,1000,0,0,156,0,0,0,0,0,0,0,-126,1,0,0,0,101,0,0,1,0,0,0,1000
1310,0,44,3180,500,1000,0,0,155,0,0,0,0,0,0,0,-126,1,0,0,0,101,0,0,1,0,0,0,1000
1311,0,45,3180,500,1000,0,0,154,0,0,0,0,0,0,0,-126,1,0,0,0,101,0,0,1,0,0,0,1000
1312,0,46,3180,500,1000,0,0,153,0,0,0,0,0,0,0,-126,1,0,0,0,101,0,0,1,0,0,0,1000
1313,0,47,3180,500,1000,0,0,152,0,0,0,0,0,0,0,-126,1,0,0,0,101,0,0,1,0,0,0,1000
1314,0,48,3180,500,1000,0,0,151,0,0,0,0,0,0,0,-126,1,0,0,0,101,0,0,1,0,0,0,1000
1315,0,49,3180,500,1000,0,0,150,0,0,0,0,0,0,0,-126,1,0,0,0,101,0,0,1,0,0,0,1000
1316,0,50,3180,500,1000,0,0,149,0,0,0,0,0,0,0,-126,1,0,0,0,101,0,0,1,0,0,0,1000
1317,0,51,3180,500,1000,0,0,148,0,0,0,0,0,0,0,-126,1,0,0,0,101,0,0,1,0,0,0,1000
1318,0,52,3180,500,1000,0,0,147,0,0,0,0,0,0,0,-126,1,0,0,0,101,0,0,1,0,0,0,1000
1319,0,53,3180,500,1000,0,0,146,0,0,0,0,0,0,0,-126,1,0,0,0,101,0,0,1,0,0,0,1000
1320,0,54,3180,500,1000,0,0,145,0,0,0,0,0,0,0,-126,1,0,0,0,101,0,0,1,0,0,0,1000
1321,0,55,3180,500,1000,0,0,144,0,0,0,0,0,0,0,-126,1,0,0,0,101,0,0,1,0,0,0,1000
1322,0,56,3180,500,1000,0,0,143,0,0,0,0,0,0,0,-126,1,0,0,0,101,0,0,1,0,0,0,1000
1323,0,57,3180,500,1000,0,0,142,0,0,0,0,0,0,0,-126,1,0,0,0,101,0,0,1,0,0,0,1000
1324,0,58,3180,500,1000,0,0,141,0,0,0,0,0,0,0,-126,1,0,0,0,101,0,0,1,0,0,0,1000
1325,0,59,3180,500,1000,0,0,140,0,0,0,0,0,0,0,-126,1,0,0,0,101,0,0,1,0,0,0,1000
1326,0,60,3180,500,1000,0,0,139,0,0,0,0,0,0,0,-126,1,0,0,0,101,0,0,1,0,0,0,1000
1327,0,61,3180,500,1000,0,0,138,0,0,0,0,0,0,0,-126,1,0,0,0,101,0,0,1,0,0,0,1000
1328,0,62,3180,500,1000,0,0,137,0,0,0,0,0,0,0,-126,1,0,0,0,101,0,0,1,0,0,0,1000
1329,0,63,3180,500,1000,0,0,136,0,0,0,0,0,0,0,-126,1,0,0,0,101,0,0,1,0,0,0,1000
1330,0,64,3180,500,1000,0,0,135,0,0,0,0,0,0,0,-126,1,0,0,0,101,0,0,1,0,0,0,1000
1331,0,65,3180,500,1000,0,0,134,0,0,0,0,0,0,0,-126,1,0,0,0,101,0,0,1,0,0,0,1000
1332,0,66,3180,500,1000,0,0,133,0,0,0,0,0,0,0,-126,1,0,0,0,101,0,0,1,0,0,0,1000
1333,0,67,3180,500,1000,0,0,132,0,0,0,0,0,0,0,-126,1,0,0,0,101,0,0,1,0,0,0,1000
1334,0,68,3180,500,1000,0,0,131,0,0,0,0,0,0,0,-126,1,0,0,0,101,0,0,1,0,0,0,1000
1335,0,69,3180,500,1000,0,0,130,0,0,0,0,0,0,0,-126,1,0,0,0,101,0,0,1,0,0,0,1000
1336,0,70,3180,500,1000,0,0,129,0,0,0,0,0,0,0,-126,1,0,0,0,101,0,0,1,0,0,0,1000
1337,0,71,3180,500,1000,0,0,128,0,0,0,0,0,0,0,-126,1,0,0,0,101,0,0,1,0,0,0,1000
1338,0,72,3180,500,1000,0,0,127,0,0,0,0,0,0,0,-126,1,0,0,0,101,0,0,1,0,0,0,1000
1339,0,73,3180,500,1000,0,0,126,0,0,0,0,0,0,0,-126,1,0,0,0,101,0,0,1,0,0,0,1000
1340,0,74,3180,500,1000,0,0,125,0,0,0,0,0,0,0,-126,1,0,0,0,101,0,0,1,0,0,0,1000
1341,0,75,3180,500,1000,0,0,124,0,0,0,0,0,0,0,-126,1,0,0,0,101,0,0,1,0,0,0,1000
1342,0,76,3180,500,1000,0,0,123,0,0,0,0,0,0,0,-126,1,0,0,0,101,0,0,1,0,0,0,1000
1343,0,77,3180,500,1000,0,0,122,0,0,0,0,0,0,0,-126,1,0,0,0,101,0,0,1,0,0,0,1000
1344,0,78,3180,500,1000,0,0,121,0,0,0,0,0,0,0,-126,1,0,0,0,101,0,0,1,0,0,0,1000
1345,0,79,3180,500,1000,0,0,120,0,0,0,0,0,0,0,-126,1,0,0,0,101,0,0,1,0,0,0,1000
1346,0,80,3180,500,1000,0,0,119,0,0,0,0,0,0,0,-126,1,0,0,0,101,0,0,1,0,0,0,1000
1347,0,81,3180,500,1000,0,0,118,0,0,0,0,0,0,0,-126,1,0,0,0,101,0,0,1,0,0,0,1000
1348,0,82,3180,500,1000,0,0,117,0,0,0,0,0,0,0,-126,1,0,0,0,101,0,0,1,0,0,0,1000
1349,0,83,3180,500,1000,0,0,116,0,0,0,0,0,0,0,-126,1,0,0,0,101,0,0,1,0,0,0,1000
1350,0,84,3180,500,1000,0,0,115,0,0,0,0,0,0,0,-126,1,0,0,0,101,0,0,1,0,0,0,1000
1351,0,85,3180,500,1000,0,0,114,0,0,0,0,0,0,0,-126,1,0,0,0,101,0,0,1,0,0,0,1000
1352,0,86,3180,500,1000,0,0,113,0,0,0,0,0,0,0,-126,1,0,0,0,101,0,0,1,0,0,0,1000
1353,0,87,3180,500,1000,0,0,112,0,0,0,0,0,0,0,-126,1,0,0,0,101,0,0,1,0,0,0,1000
1354,0,88,3180,500,1000,0,0,111,0,0,0,0,0,0,0,-126,1,0,0,0,101,0,0,1,0,0,0,1000
1355,0,89,3180,500,1000,0,0,110,0,0,0,0,0,0,0,-126,1,0,0,0,101,0,0,1,0,0,0,1000
1356,0,90,3180,500,1000,0,0,109,0,0,0,0,0,0,0,-126,1,0,0,0,101,0,0,1,0,0,0,1000
1357,0,91,3180,500,1000,0,0,108,0,0,0,0,0,0,0,-126,1,0,0,0,101,0,0,1,0,0,0,1000
1358,0,92,3180,500,1000,0,0,107,0,0,0,0,0,0,0,-126,1,0,0,0,101,0,0,1,0,0,0,1000
1359,0,93,3180,500,1000,0,0,106,0,0,0,0,0,0,0,-126,1,0,0,0,101,0,0,1,0,0,0,1000
1360,0,94,3180,500,1000,0,0,105,0,0,0,0,0,0,0,-126,1,0,0,0,101,0,0,1,0,0,0,1000
1361,0,95,3180,500,1000,0,0,104,0,0,0,0,0,0,0,-126,1,0,0,0,101,0,0,1,0,0,0,1000
1362,0,96,3180,500,1000,0,0,103,0,0,0,0,0,0,0,-126,1,0,0,0,101,0,0,1,0,0,0,1000
1363,0,97,3180,500,1000,0,0,102,0,0,0,0,0,0,0,-126,1,0,0,0,101,0,0,1,0,0,0,1000
1364,0,98,3180,500,1000,0,0,101,0,0,0,0,0,0,0,-126,1,0,0,0,101,0,0,1,0,0,0,1000
1365,0,99,3180,500,1000,0,0,100,0,0,0,0,0,0,0,-126,1,0,0,0,101,0,0,1,0,0,0,1000
1366,0,100,3180,500,1000,0,0,99,0,0,0,0,0,0,0,-126,1,0,0,0,101,0,0,1,0,0,0,1000
1367,0,101,3180,500,1000,0,0,98,0,0,0,0,0,0,0,-126,1,0,0,0,101,0,0,1,0,0,0,1000
1368,0,102,3180,500,1000,0,0,97,0,0,0,0,0,0,0,-126,1,0,0,0,101,0,0,1,0,0,0,1000
1369,0,103,3180,500,1000,0,0,96,0,0,0,0,0,0,0,-126,1,0,0,0,101,0,0,1,0,0,0,1000
1370,0,104,3180,500,1000,0,0,95,0,0,0,0,0,0,0,-126,1,0,0,0,101,0,0,1,0,0,0,1000
1371,0,105,3180,500,1000,0,0,94,0,0,0,0,0,0,0,-126,1,0,0,0,101,0,0,1,0,0,0,1000
1372,0,106,3180,500,1000,0,0,93,0,0,0,0,0,0,0,-126,1,0,0,0,101,0,0,1,0,0,0,1000
1373,0,107,3180,500,1000,0,0,92,0,0,0,0,0,0,0,-126,1,0,0,0,101,0,0,1,0,0,0,1000
1374,0,108,3180,500,1000,0,0,91,0,0,0,0,0,0,0,-126,1,0,0,0,101,0,0,1,0,0,0,1000
1375,0,109,3180,500,1000,0,0,90,0,0,0,0,0,0,0,-126,1,0,0,0,101,0,0,1,0,0,0,1000
1376,0,110,3180,500,1000,0,0,89,0,0,0,0,0,0,0,-126,1,0,0,0,101,0,0,1,0,0,0,1000
1377,0,111,3180,500,1000,0,0,88,0,0,0,0,0,0,0,-126,1,0,0,0,101,0,0,1,0,0,0,1000
1378,0,112,3180,500,1000,0,0,87,0,0,0,0,0,0,0,-126,1,0,0,0,101,0,0,1,0,0,0,1000
1379,0,113,3180,500,1000,0,0,86,0,0,0,0,0,0,0,-126,1,0,0,0,101,0,0,1,0,0,0,1000
1380,0,114,3180,500,1000,0,0,85,0,0,0,0,0,0,0,-126,1,0,0,0,101,0,0,1,0,0,0,1000
1381,0,115,3180,500,1000,0,0,84,0,0,0,0,0,0,0,-126,1,0,0,0,101,0,0,1,0,0,0,1000
1382,0,116,3180,500,1000,0,0,83,0,0,0,0,0,0,0,-126,1,0,0,0,101,0,0,1,0,0,0,1000
1383,0,117,3180,500,1000,0,0,82,0,0,0,0,0,0,0,-126,1,0,0,0,101,0,0,1,0,0,0,1000
1384,0,118,3180,500,1000,0,0,81,0,0,0,0,0,0,0,-126,1,0,0,0,101,0,0,1,0,0,0,1000
1385,0,119,3180,500,1000,0,0,80,0,0,0,0,0,0,0,-126,1,0,0,0,101,0,0,1,0,0,0,1000
1386,0,120,3180,500,1000,0,0,79,0,0,0,0,0,0,0,-126,1,0,0,0,101,0,0,1,0,0,0,1000
1387,0,121,3180,500,1000,0,0,78,0,0,0,0,0,0,0,-126,1,0,0,0,101,0,0,1,0,0,0,1000
1388,0,122,3180,500,1000,0,0,77,0,0,0,0,0,0,0,-126,1,0,0,0,101,0,0,1,0,0,0,1000
1389,0,123,3180,500,1000,0,0,76,0,0,0,0,0,0,0,-126,1,0,0,0,101,0,0,1,0,0,0,1000
1390,0,124,3180,500,1000,0,0,75,0,0,0,0,0,0,0,-126,1,0,0,0,101,0,0,1,0,0,0,1000
1391,0,125,3180,500,1000,0,0,74,0,0,0,0,0,0,0,-126,1,0,0,0,101,0,0,1,0,0,0,1000
1392,0,126,3180,500,1000,0,0,73,0,0,0,0,0,0,0,-126,1,0,0,0,101,0,0,1,0,0,0,1000
1393,0,127,3180,500,1000,0,0,72,0,0,0,0,0,0,0,-126,1,0,0,0,101,0,0,1,0,0,0,1000
1394,0,128,3180,500,1000,0,0,71,0,0,0,0,0,0,0,-126,1,0,0,0,101,0,0,1,0,0,0,1000
1395,0,129,3180,500,1000,0,0,70,0,0,0,0,0,0,0,-126,1,0,0,0,101,0,0,1,0,0,0,1000
1396,0,130,3180,500,1000,0,0,69,0,0,0,0,0,0,0,-126,1,0,0,0,101,0,0,1,0,0,0,1000
1397,0,131,3180,500,1000,0,0,68,0,0,0,0,0,0,0,-126,1,0,0,0,101,0,0,1,0,0,0,1000
1398,0,132,3180,500,1000,0,0,67,0,0,0,0,0,0,0,-126,1,0,0,0,101,0,0,1,0,0,0,1000
1399,0,133,3180,500,1000,0,0,66,0,0,0,0,0,0,0,-126,1,0,0,0,101,0,0,1,0,0,0,1000
1400,0,134,3180,500,1000,0,0,65,0,0,0,0,0,0,0,-126,1,0,0,0,101,0,0,1,0,0,0,1000
1401,0,135,3180,500,1000,0,0,64,0,0,0,0,0,0,0,-126,1,0,0,0,101,0,0,1,0,0,0,1000
1402,0,136,3180,500,1000,0,0,63,0,0,0,0,0,0,0,-126,1,0,0,0,101,0,0,1,0,0,0,1000
1403,0,137,3180,500,1000,0,0,62,0,0,0,0,0,0,0,-126,1,0,0,0,101,0,0,1,0,0,0,1000
1404,0,138,3180,500,1000,0,0,61,0,0,0,0,0,0,0,-126,1,0,0,0,101,0,0,1,0,0,0,1000
1405,0,139,3180,500,1000,0,0,60,0,0,0,0,0,0,0,-126,1,0,0,0,101,0,0,1,0,0,0,1000
1406,0,140,3180,500,1000,0,0,59,0,0,0,0,0,0,0,-126,1,0,0,0,101,0,0,1,0,0,0,1000
1407,0,141,3180,500,1000,0,0,58,0,0,0,0,0,0,0,-126,1,0,0,0,101,0,0,1,0,0,0,1000
1408,0,142,3180,500,1000,0,0,57,0,0,0,0,0,0,0,-126,1,0,0,0,101,0,0,1,0,0,0,1000
1409,0,143,3180,500,1000,0,0,56,0,0,0,0,0,0,0,-126,1,0,0,0,101,0,0,1,0,0,0,1000
1410,0,144,3180,500,1000,0,0,55,0,0,0,0,0,0,0,-126,1,0,0,0,101,0,0,1,0,0,0,1000
1411,0,145,3180,500,1000,0,0,54,0,0,0,0,0,0,0,-126,1,0,0,0,101,0,0,1,0,0,0,1000
1412,0,146,3180,500,1000,0,0,53,0,0,0,0,0,0,0,-126,1,0,0,0,101,0,0,1,0,0,0,1000
1413,0,147,3180,500,1000,0,0,52,0,0,0,0,0,0,0,-126,1,0,0,0,101,0,0,1,0,0,0,1000
1414,0,148,3180,500,1000,0,0,51,0,0,0,0,0,0,0,-126,1,0,0,0,101,0,0,1,0,0,0,1000
1415,0,149,3180,500,1000,0,0,50,0,0,0,0,0,0,0,-126,1,0,0,0,101,0,0,1,0,0,0,1000
1416,0,150,3180,500,1000,0,0,49,0,0,0,0,0,0,0,-126,1,0,0,0,101,0,0,1,0,0,0,1000
1417,0,151,3180,500,1000,0,0,48,0,0,0,0,0,0,0,-126,1,0,0,0,101,0,0,1,0,0,0,1000
1418,0,152,3180,500,1000,0,0,47,0,0,0,0,0,0,0,-126,1,0,0,0,101,0,0,1,0,0,0,1000
1419,0,153,3180,500,1000,0,0,46,0,0,0,0,0,0,0,-126,1,0,0,0,101,0,0,1,0,0,0,1000
1420,0,154,3180,500,1000,0,0,45,0,0,0,0,0,0,0,-126,1,0,0,0,101,0,0,1,0,0,0,1000
1421,0,155,3180,500,1000,0,0,44,0,0,0,0,0,0,0,-126,1,0,0,0,101,0,0,1,0,0,0,1000
1422,0,156,3180,500,1000,0,0,43,0,0,0,0,0,0,0,-126,1,0,0,0,101,0,0,1,0,0,0,1000
1423,0,157,3180,500,1000,0,0,42,0,0,0,0,0,0,0,-126,1,0,0,0,101,0,0,1,0,0,0,1000
1424,0,158,3180,500,1000,0,0,41,0,0,0,0,0,0,0,-126,1,0,0,0,101,0,0,1,0,0,0,1000
1425,0,159,3180,500,1000,0,0,40,0,0,0,0,0,0,0,-126,1,0,0,0,101,0,0,1,0,0,0,1000
1426,0,160,3180,500,1000,0,0,39,0,0,0,0,0,0,0,-126,1,0,0,0,101,0,0,1,0,0,0,1000
1427,0,161,3180,500,1000,0,0,38,0,0,0,0,0,0,0,-126,1,0,0,0,101,0,0,1,0,0,0,1000
1428,0,162,3180,500,1000,0,0,37,0,0,0,0,0,0,0,-126,1,0,0,0,101,0,0,1,0,0,0,1000
1429,0,163,3180,500,1000,0,0,36,0,0,0,0,0,0,0,-126,1,0,0,0,101,0,0,1,0,0,0,1000
1430,0,164,3180,500,1000,0,0,35,0,0,0,0,0,0,0,-126,1,0,0,0,101,0,0,1,0,0,0,1000
1431,0,165,3180,500,1000,0,0,34,0,0,0,0,0,0,0,-126,1,0,0,0,101,0,0,1,0,0,0,1000
1432,0,166,3180,500,1000,0,0,33,0,0,0,0,0,0,0,-126,1,0,0,0,101,0,0,1,0,0,0,1000
1433,0,167,3180,500,1000,0,0,32,0,0,0,0,0,0,0,-126,1,0,0,0,101,0,0,1,0,0,0,1000
1434,0,168,3180,500,1000,0,0,31,0,0,0,0,0,0,0,-126,1,0,0,0,101,0,0,1,0,0,0,1000
1435,0,169,3180,500,1000,0,0,30,0,0,0,0,0,0,0,-126,1,0,0,0,101,0,0,1,0,0,0,1000
1436,0,170,3180,500,1000,0,0,29,0,0,0,0,0,0,0,-126,1,0,0,0,101,0,0,1,0,0,0,1000
1437,0,171,3180,500,1000,0,0,28,0,0,0,0,0,0,0,-126,1,0,0,0,101,0,0,1,0,0,0,1000
1438,0,172,3180,500,1000,0,0,27,0,0,0,0,0,0,0,-126,1,0,0,0,101,0,0,1,0,0,0,1000
1439,0,173,3180,500,1000,0,0,26,0,0,0,0,0,0,0,-126,1,0,0,0,101,0,0,1,0,0,0,1000
1440,0,174,3180,500,1000,0,0,25,0,0,0,0,0,0,0,-126,1,0,0,0,101,0,0,1,0,0,0,1000
1441,0,175,3180,500,1000,0,0,24,0,0,0,0,0,0,0,-126,1,0,0,0,101,0,0,1,0,0,0,1000
1442,0,176,3180,500,1000,0,0,23,0,0,0,0,0,0,0,-126,1,0,0,0,101,0,0,1,0,0,0,1000
1443,0,177,3180,500,1000,0,0,22,0,0,0,0,0,0,0,-126,1,0,0,0,101,0,0,1,0,0,0,1000
1444,0,178,3180,500,1000,0,0,21,0,0,0,0,0,0,0,-126,1,0,0,0,101,0,0,1,0,0,0,1000
1445,0,179,3180,500,1000,0,0,20,0,0,0,0,0,0,0,-126,1,0,0,0,101,0,0,1,0,0,0,1000
1446,0,180,3180,500,1000,0,0,19,0,0,0,0,0,0,0,-126,1,0,0,0,101,0,0,1,0,0,0,1000
1447,0,181,3180,500,1000,0,0,18,0,0,0,0,0,0,0,-126,1,0,0,0,101,0,0,1,0,0,0,1000
1448,0,182,3180,500,1000,0,0,17,0,0,0,0,0,0,0,-126,1,0,0,0,101,0,0,1,0,0,0,1000
1449,0,183,3180,500,1000,0,0,16,0,0,0,0,0,0,0,-126,1,0,0,0,101,0,0,1,0,0,0,1000
1450,0,184,3180,500,1000,0,0,15,0,0,0,0,0,0,0,-126,1,0,0,0,101,0,0,1,0,0,0,1000
1451,0,185,3180,500,1000,0,0,14,0,0,0,0,0,0,0,-126,1,0,0,0,101,0,0,1,0,0,0,1000
1452,0,186,3180,500,1000,0,0,13,0,0,0,0,0,0,0,-126,1,0,0,0,101,0,0,1,0,0,0,1000
1453,0,187,3180,500,1000,0,0,12,0,0,0,0,0,0,0,-126,1,0,0,0,101,0,0,1,0,0,0,1000
1454,0,188,3180,500,1000,0,0,11,0,0,0,0,0,0,0,-126,1,0,0,0,101,0,0,1,0,0,0,1000
1455,0,189,3180,500,1000,0,0,10,0,0,0,0,0,0,0,-126,1,0,0,0,101,0,0,1,0,0,0,1000
1456,0,190,3180,500,1000,0,0,9,0,0,0,0,0,0,0,-126,1,0,0,0,101,0,0,1,0,0,0,1000
1457,0,191,3180,500,1000,0,0,8,0,0,0,0,0,0,0,-126,1,0,0,0,101,0,0,1,0,0,0,1000
1458,0,192,3180,500,1000,0,0,7,0,0,0,0,0,0,0,-126,1,0,0,0,101,0,0,1,0,0,0,1000
1459,0,193,3180,500,1000,0,0,6,0,0,0,0,0,0,0,-126,1,0,0,0,101,0,0,1,0,0,0,1000
1460,0,194,3180,500,1000,0,0,5,0,0,0,0,0,0,0,-126,1,0,0,0,101,0,0,1,0,0,0,1000
1461,0,195,3180,500,1000,0,0,4,0,0,0,0,0,0,0,-126,1,0,0,0,101,0,0,1,0,0,0,1000
1462,0,196,3180,500,1000,0,0,3,0,0,0,0,0,0,0,-126,1,0,0,0,101,0,0,1,0,0,0,1000
1463,0,197,3180,500,1000,0,0,2,0,0,0,0,0,0,0,-126,1,0,0,0,101,0,0,1,0,0,0,1000
1464,0,198,3180,500,1000,0,0,1,0,0,0,0,0,0,0,-126,1,0,0,0,101,0,0,1,0,0,0,1000
1465,0,199,3180,500,1000,0,0,0,0,0,0,0,0,0,0,-126,1,0,0,0,101,0,0,1,0,0,0,1000
1466,0,200,3180,500,1000,0,0,0,0,0,0,0,0,0,0,-126,1,0,0,0,101,0,0,1,0,0,0,1000
1467,0,201,3180,500,1000,0,0,0,0,0,0,0,0,0,0,-126,1,0,0,0,101,0,0,1,0,0,0,1000
1468,0,202,3180,500,1000,0,0,0,0,0,0,0,0,0,0,-126,1,0,0,0,101,0,0,1,0,0,0,1000
1469,0,203,3180,500,1000,0,0,0,0,0,0,0,0,0,0,-126,1,0,0,0,101,0,0,1,0,0,0,1000
1470,0,204,3180,500,1000,0,0,0,0,0,0,0,0,0,0,-126,1,0,0,0,101,0,0,1,0,0,0,1000
1471,0,205,3180,500,1000,0,0,0,0,0,0,0,0,0,0,-126,1,0,0,0,101,0,0,1,0,0,0,1000
1472,0,206,3180,500,1000,0,0,0,0,0,0,0,0,0,0,-126,1,0,0,0,101,0,0,1,0,0,0,1000
1473,0,207,3180,500,1000,0,0,0,0,0,0,0,0,0,0,-126,1,0,0,0,101,0,0,1,0,0,0,1000
1474,0,208,3180,500,1000,0,0,0,0,0,0,0,0,0,0,-126,1,0,0,0,101,0,0,1,0,0,0,1000
1475,0,209,3180,500,1000,0,0,0,0,0,0,0,0,0,0,-126,1,0,0,0,101,0,0,1,0,0,0,1000
1476,0,210,3180,500,1000,0,0,0,0,0,0,0,0,0,0,-126,1,0,0,0,101,0,0,1,0,0,0,1000
1477,0,211,3180,500,1000,0,0,0,0,0,0,0,0,0,0,-126,1,0,0,0,101,0,0,1,0,0,0,1000
1478,0,212,3180,500,1000,0,0,0,0,0,0,0,0,0,0,-126,1,0,0,0,101,0,0,1,0,0,0,1000
1479,0,213,3180,500,1000,0,0,0,0,0,0,0,0,0,0,-126,1,0,0,0,101,0,0,1,0,0,0,1000
1480,0,214,3180,500,1000,0,0,0,0,0,0,0,0,0,0,-126,1,0,0,0,101,0,0,1,0,0,0,1000
1481,0,215,3180,500,1000,0,0,0,0,0,0,0,0,0,0,-126,1,0,0,0,101,0,0,1,0,0,0,1000
1482,0,216,3180,500,1000,0,0,0,0,0,0,0,0,0,0,-126,1,0,0,0,101,0,0,1,0,0,0,1000
1483,0,217,3180,500,1000,0,0,0,0,0,0,0,0,0,0,-126,1,0,0,0,101,0,0,1,0,0,0,1000
1484,0,218,3180,500,1000,0,0,0,0,0,0,0,0,0,0,-126,1,0,0,0,101,0,0,1,0,0,0,1000
1485,0,219,3180,500,1000,0,0,0,0,0,0,0,0,0,0,-126,1,0,0,0,101,0,0,1,0,0,0,1000
1486,0,220,3180,500,1000,0,0,0,0,0,0,0,0,0,0,-126,1,0,0,0,101,0,0,1,0,0,0,1000
1487,0,221,3180,500,1000,0,0,0,0,0,0,0,0,0,0,-126,1,0,0,0,101,0,0,1,0,0,0,1000
1488,0,222,3180,500,1000,0,0,0,0,0,0,0,0,0,0,-126,1,0,0,0,101,0,0,1,0,0,0,1000
1489,0,223,3180,500,1000,0,0,0,0,0,0,0,0,0,0,-126,1,0,0,0,101,0,0,1,0,0,0,1000
1490,0,224,3180,500,1000,0,0,0,0,0,0,0,0,0,0,-126,1,0,0,0,101,0,0,1,0,0,0,1000
1491,0,225,3180,500,1000,0,0,0,0,0,0,0,0,0,0,-126,1,0,0,0,101,0,0,1,0,0,0,1000
1492,0,226,3180,500,1000,0,0,0,0,0,0,0,0,0,0,-126,1,0,0,0,101,0,0,1,0,0,0,1000
1493,0,227,3180,500,1000,0,0,0,0,0,0,0,0,0,0,-126,1,0,0,0,101,0,0,1,0,0,0,1000
1494,0,228,3180,500,1000,0,0,0,0,0,0,0,0,0,0,-126,1,0,0,0,101,0,0,1,0,0,0,1000
1495,0,229,3180,500,1000,0,0,0,0,0,0,0,0,0,0,-126,1,0,0,0,101,0,0,1,0,0,0,1000
1496,0,230,3180,500,1000,0,0,0,0,0,0,0,0,0,0,-126,1,0,0,0,101,0,0,1,0,0,0,1000
1497,0,231,3180,500,1000,0,0,0,0,0,0,0,0,0,0,-126,1,0,0,0,101,0,0,1,0,0,0,1000
1498,0,232,3180,500,1000,0,0,0,0,0,0,0,0,0,0,-126,1,0,0,0,101,0,0,1,0,0,0,1000
1499,0,233,3180,500,1000,0,0,0,0,0,0,0,0,0,0,-126,1,0,0,0,101,0,0,1,0,0,0,1000
1500,0,234,3180,500,1000,0,0,0,0,0,0,0,0,0,0,-126,1,0,0,0,101,0,0,1,0,0,0,1000
1501,0,235,3180,500,1000,0,0,0,0,0,0,0,0,0,0,-126,1,0,0,0,101,0,0,1,0,0,0,1000
1502,0,236,3180,500,1000,0,0,0,0,0,0,0,0,0,0,-126,1,0,0,0,101,0,0,1,0,0,0,1000
1503,0,237,3180,500,1000,0,0,0,0,0,0,0,0,0,0,-126,1,0,0,0,101,0,0,1,0,0,0,1000
1504,0,238,3180,500,1000,0,0,0,0,0,0,0,0,0,0,-126,1,0,0,0,101,0,0,1,0,0,0,1000
1505,0,239,3180,500,1000,0,0,0,0,0,0,0,0,0,0,-126,1,0,0,0,101,0,0,1,0,0,0,1000
1506,0,240,3180,500,1000,0,0,0,0,0,0,0,0,0,0,-126,1,0,0,0,101,0,0,1,0,0,0,1000
1507,0,241,3180,500,1000,0,0,0,0,0,0,0,0,0,0,-126,1,0,0,0,101,0,0,1,0,0,0,1000
1508,0,242,3180,500,1000,0,0,0,0,0,0,0,0,0,0,-126,1,0,0,0,101,0,0,1,0,0,0,1000
1509,0,243,3180,500,1000,0,0,0,0,0,0,0,0,0,0,-126,1,0,0,0,101,0,0,1,0,0,0,1000
1510,0,1,3000,500,1000,0,0,0,0,0,0,0,0,0,0,-126,1,0,0,0,101,0,0,0,0,0,0,1000
1511,0,2,3000,500,1000,0,0,0,0,0,0,0,0,0,0,-126,1,0,0,0,101,0,0,0,0,0,0,1000
1512,0,3,3000,500,1000,0,0,0,0,0,0,0,0,0,0,-126,1,0,0,0,101,0,0,0,0,0,0,1000
1513,0,4,3000,500,1000,0,0,0,0,0,0,0,0,0,0,-126,1,0,0,0,101,0,0,0,0,0,0,1000
1514,0,5,3000,500,1000,0,0,0,0,0,0,0,0,0,0,-126,1,0,0,0,101,0,0,0,0,0,0,1000
1515,0,6,3000,500,1000,0,0,0,0,0,0,0,0,0,0,-126,1,0,0,0,101,0,0,0,0,0,0,1000
1516,0,7,3000,500,1000,0,0,0,0,0,0,0,0,0,0,-126,1,0,0,0,101,0,0,0,0,0,0,1000
1517,0,8,3000,500,1000,0,0,0,0,0,0,0,0,0,0,-126,1,0,0,0,101,0,0,0,0,0,0,1000
1518,0,9,3000,500,1000,0,0,0,0,0,0,0,0,0,0,-126,1,0,0,0,101,0,0,0,0,0,0,1000
1519,10,1,3000,500,1000,0,0,0,0,0,0,0,0,0,0,-126,1,0,0,0,101,0,0,0,0,0,0,1000
1520,10,2,3000,500,1000,0,0,0,0,0,0,0,0,0,0,-126,1,0,0,0,101,0,0,0,0,0,0,1000
1521,10,3,3000,500,1000,0,0,0,0,0,0,0,0,0,0,-126,1,0,0,0,101,0,0,0,0,0,0,1000
1522,10,4,3000,500,1000,0,0,0,0,0,0,0,0,0,0,-126,1,0,0,0,101,0,0,0,0,0,0,1000
1523,10,5,3000,500,1000,0,0,0,0,0,0,0,0,0,0,-126,1,0,0,0,101,0,0,0,0,0,0,1000
1524,10,6,3000,500,1000,0,0,0,0,0,0,0,0,0,0,-126,1,0,0,0,101,0,0,0,0,0,0,1000
1525,12,1,3000,500,1000,0,0,0,0,0,0,0,0,0,0,-126,1,0,0,0,101,0,0,0,0,0,0,1000
1526,20,1,3000,500,1000,0,0,0,0,0,0,0,0,0,0,-124.5,1,0,0,0,101,0,0,0,0,0,0,1000
1527,20,2,3000,500,1000,0,0,0,0,0,0,0,0,0,0,-123,1,0,0,0,101,0,0,0,0,0,0,1000
1528,10,1,3000,500,1000,0,0,0,0,0,0,0,0,0,0,-123,1,0,0,0,101,0,0,0,0,0,0,1000
1529,10,2,3000,500,1000,0,0,0,0,0,0,0,0,0,0,-123,1,0,0,0,101,0,0,0,0,0,0,1000
1530,10,3,3000,500,1000,0,0,0,0,0,0,0,0,0,0,-123,1,0,0,0,101,0,0,0,0,0,0,1000
1531,10,4,3000,500,1000,0,0,0,0,0,0,0,0,0,0,-123,1,0,0,0,101,0,0,0,0,0,0,1000
1532,10,5,3000,500,1000,0,0,0,0,0,0,0,0,0,0,-123,1,0,0,0,101,0,0,0,0,0,0,1000
1533,10,6,3000,500,1000,0,0,0,0,0,0,0,0,0,0,-123,1,0,0,0,101,0,0,0,0,0,0,1000
1534,3000,1,2000,500,1000,0,0,0,0,0,0,0,0,0,0,-123,1,0,0,0,101,0,0,0,0,0,0,1000
1535,3000,2,2000,500,1000,0,0,0,0,0,0,0,0,0,0,-123,1,0,0,0,101,0,0,0,0,0,0,1000
1536,3000,3,2000,500,1000,0,0,0,0,0,0,0,0,0,0,-123,1,0,0,0,101,0,0,0,0,0,0,1000
1537,3000,4,2000,500,1000,0,0,0,0,0,0,0,0,0,0,-120,1,0,0,0,101,0,0,0,0,0,0,1000
1538,3000,5,2000,500,1000,0,0,0,0,0,0,0,0,0,0,-117,1,0,0,0,101,0,0,0,0,0,0,1000
1539,3000,6,2000,500,1000,0,0,0,0,0,0,0,0,0,0,-114,1,0,0,0,101,0,0,0,0,0,0,1000
1540,3000,7,2000,500,1000,0,0,0,0,0,0,0,0,0,0,-111,1,0,0,0,101,0,0,0,0,0,0,1000
1541,3000,8,2000,500,1000,0,0,0,0,0,0,0,0,0,0,-108,1,0,0,0,101,0,0,0,0,0,0,1000
1542,3000,9,2000,500,1000,0,0,0,0,0,0,0,0,0,0,-105,1,0,0,0,101,0,0,0,0,0,0,1000
1543,3000,10,2000,500,1000,0,0,0,0,0,0,0,0,0,0,-103,1,0,0,0,101,0,0,0,0,0,0,1000
1544,3000,11,2000,500,1000,0,0,0,0,0,0,0,0,0,0,-101.5,1,0,0,0,101,0,0,0,0,0,0,1000
1545,3000,12,2000,500,1000,0,0,0,0,0,0,0,0,0,0,-101.5,1,0,0,0,101,0,0,0,0,0,0,1000
1546,3000,13,2000,500,1000,0,0,0,0,0,0,0,0,0,0,-101.5,1,0,0,0,101,0,0,0,0,0,0,1000
1547,3000,14,2000,500,1000,0,0,0,0,0,0,0,0,0,0,-101.5,1,0,0,0,101,0,0,1,0,0,0,1093
1548,3000,15,2000,500,1000,0,0,0,0,0,0,0,0,0,0,-101.5,1,0,0,0,101,0,0,1,0,0,0,1093
1549,3000,16,2000,500,1000,0,0,0,0,0,0,0,0,0,0,-101.5,1,0,0,0,101,0,0,1,0,0,0,1093
1550,3000,17,2000,500,1000,0,0,0,0,0,0,0,0,0,0,-101.5,1,0,0,0,101,0,0,1,0,0,0,1093
1551,3000,18,2000,500,1000,0,0,0,0,0,0,0,0,0,0,-101.5,1,0,0,0,101,0,0,1,0,0,0,1093
1552,3000,19,2000,500,1000,0,0,0,0,0,0,0,0,0,0,-101.5,1,0,0,0,101,0,0,1,0,0,0,1093
1553,3000,20,2000,500,845,0,0,0,0,0,0,0,0,0,0,-101.5,1,0,0,0,101,0,0,1,0,0,0,2093
1554,3000,21,2000,500,845,0,0,0,0,0,0,0,0,0,0,-101.5,1,0,0,0,101,0,0,1,0,0,0,2093
1555,3000,22,2000,500,845,0,0,0,0,0,0,0,0,0,0,-101.5,1,0,0,0,101,0,0,1,0,0,0,2093
1556,3000,23,2000,500,845,0,0,0,0,0,0,0,0,0,0,-101.5,1,0,0,0,101,0,0,1,0,0,0,2093
1557,3000,24,2000,500,845,0,0,0,0,0,0,0,0,0,0,-101.5,1,0,0,0,101,0,0,1,0,0,0,2093
1558,3000,25,2000,500,845,0,0,0,0,0,0,0,0,0,0,-101.5,1,0,0,0,101,0,0,1,0,0,0,2093
1559,3000,26,2000,500,845,0,0,0,0,0,0,0,0,0,0,-101.5,1,0,0,0,101,0,0,1,0,0,0,2093
1560,3000,27,2000,500,845,0,0,0,0,0,0,0,0,0,0,-101.5,1,0,0,0,101,0,0,1,0,0,0,2093
1561,3000,28,2000,500,845,0,0,0,0,0,0,0,0,0,0,-101.5,1,0,0,0,101,0,0,1,0,0,0,2093
1562,3000,29,2000,500,845,0,0,0,0,0,0,0,0,0,0,-101.5,1,0,0,0,101,0,0,1,0,0,0,2093
1563,3000,30,2000,500,845,0,0,0,0,0,0,0,0,0,0,-101.5,1,0,0,0,101,0,0,1,0,0,0,2093
1564,3000,31,2000,500,845,0,0,0,0,0,0,0,0,0,0,-101.5,1,0,0,0,101,0,0,1,0,0,0,2093
1565,3000,32,2000,500,845,0,0,0,0,0,0,0,0,0,0,-101.5,1,0,0,0,101,0,0,1,0,0,0,2093
1566,3000,33,2000,500,845,0,0,0,0,0,0,0,0,0,0,-101.5,1,0,0,0,101,0,0,1,0,0,0,2093
1567,3000,34,2000,500,845,0,0,0,0,0,0,0,0,0,0,-101.5,1,0,0,0,101,0,0,1,0,0,0,2093
1568,3000,35,2000,500,845,0,0,0,0,0,0,0,0,0,0,-101.5,1,0,0,0,101,0,0,1,0,0,0,2093
1569,3000,36,2000,500,845,0,0,0,0,0,0,0,0,0,0,-101.5,1,0,0,0,101,0,0,1,0,0,0,2093
1570,3000,37,2000,500,845,0,0,0,0,0,0,0,0,0,0,-101.5,1,0,0,0,101,0,0,1,0,0,0,2093
1571,3000,38,2000,500,845,0,0,0,0,0,0,0,0,0,0,-101.5,1,0,0,0,101,0,0,1,0,0,0,2093
1572,3000,39,2000,500,845,0,0,0,0,0,0,0,0,0,0,-101.5,1,0,0,0,101,0,0,1,0,0,0,2093
1573,3000,40,2000,500,845,0,0,0,0,0,0,0,0,0,0,-101.5,1,0,0,0,101,0,0,1,0,0,0,2093
1574,3000,41,2000,500,845,0,0,0,0,0,0,0,0,0,0,-101.5,1,0,0,0,101,0,0,1,0,0,0,2093
1575,3000,42,2000,500,845,0,0,0,0,0,0,0,0,0,0,-101.5,1,0,0,0,101,0,0,1,0,0,0,2093
1576,3000,43,2000,500,845,0,0,0,0,0,0,0,0,0,0,-101.5,1,0,0,0,101,0,0,1,0,0,0,2093
1577,3000,44,2000,500,845,0,0,0,0,0,0,0,0,0,0,-101.5,1,0,0,0,101,0,0,1,0,0,0,2093
1578,3000,45,2000,500,845,0,0,0,0,0,0,0,0,0,0,-101.5,1,0,0,0,101,0,0,1,0,0,0,2093
1579,3000,46,2000,500,845,0,0,0,0,0,0,0,0,0,0,-101.5,1,0,0,0,101,0,0,1,0,0,0,2093
1580,3000,47,2000,500,845,0,0,0,0,0,0,0,0,0,0,-101.5,1,0,0,0,101,0,0,1,0,0,0,2093
1581,3000,48,2000,500,845,0,0,0,0,0,0,0,0,0,0,-101.5,1,0,0,0,101,0,0,1,0,0,0,2093
1582,0,1,2000,500,845,0,0,0,0,0,0,0,0,0,0,-101.5,1,0,0,0,101,0,0,1,0,0,0,2093
1583,0,2,2000,500,845,0,0,0,0,0,0,0,0,0,0,-101.5,1,0,0,0,101,0,0,1,0,0,0,2093
1584,0,3,2000,500,845,0,0,0,0,0,0,0,0,0,0,-101.5,1,0,0,0,101,0,0,1,0,0,0,2093
1585,0,4,2000,500,845,0,0,0,0,0,0,0,0,0,0,-101.5,1,0,0,0,101,0,0,1,0,0,0,2093
1586,0,5,2000,500,845,0,0,0,0,0,0,0,0,0,0,-101.5,1,0,0,0,101,0,0,1,0,0,0,2093
1587,0,6,2000,500,845,0,0,0,0,0,0,0,0,0,0,-101.5,1,0,0,0,101,0,0,1,0,0,0,2093
1588,0,7,2000,500,845,0,0,0,0,0,0,0,0,0,0,-101.5,1,0,0,0,101,0,0,1,0,0,0,2093
1589,0,8,2000,500,845,0,0,0,0,0,0,0,0,0,0,-101.5,1,0,0,0,101,0,0,1,0,0,0,2093
1590,0,9,2000,500,845,0,0,0,0,0,0,0,0,0,0,-101.5,1,0,0,0,101,0,0,1,0,0,0,2093
1591,0,10,2000,500,845,0,0,0,0,0,0,0,0,0,0,-101.5,1,0,0,0,101,0,0,1,0,0,0,2093
1592,0,11,2000,500,845,0,0,0,0,0,0,0,0,0,0,-101.5,1,0,0,0,101,0,0,1,0,0,0,2093
1593,0,12,2000,500,845,0,0,0,0,0,0,0,0,0,0,-101.5,1,0,0,0,101,0,0,1,0,0,0,2093
1594,0,13,2000,500,845,0,0,0,0,0,0,0,0,0,0,-101.5,1,0,0,0,101,0,0,1,0,0,0,2093
1595,0,14,2000,500,845,0,0,0,0,0,0,0,0,0,0,-101.5,1,0,0,0,101,0,0,1,0,0,0,2093
1596,0,15,2000,500,845,0,0,0,0,0,0,0,0,0,0,-101.5,1,0,0,0,101,0,0,1,0,0,0,2093
1597,0,16,2000,500,845,0,0,0,0,0,0,0,0,0,0,-101.5,1,0,0,0,101,0,0,1,0,0,0,2093
1598,0,17,2000,500,845,0,0,0,0,0,0,0,0,0,0,-101.5,1,0,0,0,101,0,0,1,0,0,0,2093
1599,0,18,2000,500,845,0,0,0,0,0,0,0,0,0,0,-101.5,1,0,0,0,101,0,0,1,0,0,0,2093
1600,0,19,2000,500,845,0,0,0,0,0,0,0,0,0,0,-101.5,1,0,0,0,101,0,0,1,0,0,0,2093
1601,0,20,2000,500,845,0,0,0,0,0,0,0,0,0,0,-101.5,1,0,0,0,101,0,0,1,0,0,0,2093
1602,0,21,2000,500,845,0,0,0,0,0,0,0,0,0,0,-101.5,1,0,0,0,101,0,0,1,0,0,0,2093
1603,0,22,2000,500,845,0,0,0,0,0,0,0,0,0,0,-101.5,1,0,0,0,101,0,0,1,0,0,0,2093
1604,0,23,2000,500,845,0,0,0,0,0,0,0,0,0,0,-101.5,1,0,0,0,101,0,0,1,0,0,0,2093
1605,0,24,2000,500,845,0,0,0,0,0,0,0,0,0,0,-101.5,1,0,0,0,101,0,0,1,0,0,0,2093
1606,0,25,2000,500,845,0,0,0,0,0,0,0,0,0,0,-101.5,1,0,0,0,101,0,0,1,0,0,0,2093
1607,0,26,2000,500,845,0,0,0,0,0,0,0,0,0,0,-101.5,1,0,0,0,101,0,0,1,0,0,0,2093
1608,0,27,2000,500,845,0,0,0,0,0,0,0,0,0,0,-101.5,1,0,0,0,101,0,0,1,0,0,0,2093
1609,0,28,2000,500,845,0,0,0,0,0,0,0,0,0,0,-101.5,1,0,0,0,101,0,0,1,0,0,0,2093
1610,0,29,2000,500,845,0,0,0,0,0,0,0,0,0,0,-101.5,1,0,0,0,101,0,0,1,0,0,0,2093
1611,0,30,2000,500,845,0,0,0,0,0,0,0,0,0,0,-101.5,1,0,0,0,101,0,0,1,0,0,0,2093
1612,0,31,2000,500,845,0,0,0,0,0,0,0,0,0,0,-101.5,1,0,0,0,101,0,0,1,0,0,0,2093
1613,0,32,2000,500,845,0,0,0,0,0,0,0,0,0,0,-101.5,1,0,0,0,101,0,0,1,0,0,0,2093
1614,0,33,2000,500,845,0,0,0,0,0,0,0,0,0,0,-101.5,1,0,0,0,101,0,0,1,0,0,0,2093
1615,0,34,2000,500,845,0,0,0,0,0,0,0,0,0,0,-101.5,1,0,0,0,101,0,0,1,0,0,0,2093
1616,0,35,2000,500,845,0,0,0,0,0,0,0,0,0,0,-101.5,1,0,0,0,101,0,0,1,0,0,0,2093
1617,0,36,2000,500,845,0,0,0,0,0,0,0,0,0,0,-101.5,1,0,0,0,101,0,0,1,0,0,0,2093
1618,0,37,2000,500,845,0,0,0,0,0,0,0,0,0,0,-101.5,1,0,0,0,101,0,0,1,0,0,0,2093
1619,0,38,2000,500,845,0,0,0,0,0,0,0,0,0,0,-101.5,1,0,0,0,101,0,0,1,0,0,0,2093
1620,0,39,2000,500,845,0,0,0,0,0,0,0,0,0,0,-101.5,1,0,0,0,101,0,0,1,0,0,0,2093
1621,0,40,2000,500,845,0,0,0,0,0,0,0,0,0,0,-101.5,1,0,0,0,101,0,0,1,0,0,0,2093
1622,0,41,2000,500,845,0,0,0,0,0,0,0,0,0,0,-101.5,1,0,0,0,101,0,0,1,0,0,0,2093
1623,0,42,2000,500,845,0,0,0,0,0,0,0,0,0,0,-101.5,1,0,0,0,101,0,0,1,0,0,0,2093
1624,0,43,2000,500,845,0,0,0,0,0,0,0,0,0,0,-101.5,1,0,0,0,101,0,0,1,0,0,0,2093
1625,0,44,2000,500,845,0,0,0,0,0,0,0,0,0,0,-101.5,1,0,0,0,101,0,0,1,0,0,0,2093
1626,0,45,2000,500,845,0,0,0,0,0,0,0,0,0,0,-101.5,1,0,0,0,101,0,0,1,0,0,0,2093
1627,0,46,2000,500,845,0,0,0,0,0,0,0,0,0,0,-101.5,1,0,0,0,101,0,0,1,0,0,0,2093
1628,0,47,2000,500,845,0,0,0,0,0,0,0,0,0,0,-101.5,1,0,0,0,101,0,0,1,0,0,0,2093
1629,0,48,2000,500,845,0,0,0,0,0,0,0,0,0,0,-101.5,1,0,0,0,101,0,0,1,0,0,0,2093
1630,0,49,2000,500,845,0,0,0,0,0,0,0,0,0,0,-101.5,1,0,0,0,101,0,0,1,0,0,0,2093
1631,0,50,2000,500,845,0,0,0,0,0,0,0,0,0,0,-101.5,1,0,0,0,101,0,0,1,0,0,0,2093
1632,0,51,2000,500,845,0,0,0,0,0,0,0,0,0,0,-101.5,1,0,0,0,101,0,0,1,0,0,0,2093
1633,0,52,2000,500,845,0,0,0,0,0,0,0,0,0,0,-101.5,1,0,0,0,101,0,0,1,0,0,0,2093
1634,0,53,2000,500,845,0,0,0,0,0,0,0,0,0,0,-101.5,1,0,0,0,101,0,0,1,0,0,0,2093
1635,0,54,2000,500,845,0,0,0,0,0,0,0,0,0,0,-101.5,1,0,0,0,101,0,0,1,0,0,0,2093
1636,0,55,2000,500,845,0,0,0,0,0,0,0,0,0,0,-101.5,1,0,0,0,101,0,0,1,0,0,0,2093
1637,0,56,2000,500,845,0,0,0,0,0,0,0,0,0,0,-101.5,1,0,0,0,101,0,0,1,0,0,0,2093
1638,0,57,2000,500,845,0,0,0,0,0,0,0,0,0,0,-101.5,1,0,0,0,101,0,0,1,0,0,0,2093
1639,0,58,2000,500,845,0,0,0,0,0,0,0,0,0,0,-101.5,1,0,0,0,101,0,0,1,0,0,0,2093
1640,0,59,2000,500,845,0,0,0,0,0,0,0,0,0,0,-101.5,1,0,0,0,101,0,0,1,0,0,0,2093
1641,0,60,2000,500,845,0,0,0,0,0,0,0,0,0,0,-101.5,1,0,0,0,101,0,0,1,0,0,0,2093
1642,0,61,2000,500,845,0,0,0,0,0,0,0,0,0,0,-101.5,1,0,0,0,101,0,0,1,0,0,0,2093
1643,0,62,2000,500,845,0,0,0,0,0,0,0,0,0,0,-101.5,1,0,0,0,101,0,0,1,0,0,0,2093
1644,0,63,2000,500,845,0,0,0,0,0,0,0,0,0,0,-101.5,1,0,0,0,101,0,0,1,0,0,0,2093
1645,0,64,2000,500,845,0,0,0,0,0,0,0,0,0,0,-101.5,1,0,0,0,101,0,0,1,0,0,0,2093
1646,0,65,2000,500,845,0,0,0,0,0,0,0,0,0,0,-101.5,1,0,0,0,101,0,0,1,0,0,0,2093
1647,0,66,2000,500,845,0,0,0,0,0,0,0,0,0,0,-101.5,1,0,0,0,101,0,0,1,0,0,0,2093
1648,0,67,2000,500,845,0,0,0,0,0,0,0,0,0,0,-101.5,1,0,0,0,101,0,0,1,0,0,0,2093
1649,0,68,2000,500,845,0,0,0,0,0,0,0,0,0,0,-101.5,1,0,0,0,101,0,0,1,0,0,0,2093
1650,0,69,2000,500,845,0,0,0,0,0,0,0,0,0,0,-101.5,1,0,0,0,101,0,0,1,0,0,0,2093
1651,0,70,2000,500,845,0,0,0,0,0,0,0,0,0,0,-101.5,1,0,0,0,101,0,0,1,0,0,0,2093
1652,0,71,2000,500,845,0,0,0,0,0,0,0,0,0,0,-101.5,1,0,0,0,101,0,0,1,0,0,0,2093
1653,0,72,2000,500,845,0,0,0,0,0,0,0,0,0,0,-101.5,1,0,0,0,101,0,0,1,0,0,0,2093
1654,0,73,2000,500,845,0,0,0,0,0,0,0,0,0,0,-101.5,1,0,0,0,101,0,0,1,0,0,0,2093
1655,0,74,2000,500,845,0,0,0,0,0,0,0,0,0,0,-101.5,1,0,0,0,101,0,0,1,0,0,0,2093
1656,0,75,2000,500,845,0,0,0,0,0,0,0,0,0,0,-101.5,1,0,0,0,101,0,0,1,0,0,0,2093
1657,0,76,2000,500,845,0,0,0,0,0,0,0,0,0,0,-101.5,1,0,0,0,101,0,0,1,0,0,0,2093
1658,0,77,2000,500,845,0,0,0,0,0,0,0,0,0,0,-101.5,1,0,0,0,101,0,0,1,0,0,0,2093
1659,0,78,2000,500,845,0,0,0,0,0,0,0,0,0,0,-101.5,1,0,0,0,101,0,0,1,0,0,0,2093
1660,0,79,2000,500,845,0,0,0,0,0,0,0,0,0,0,-101.5,1,0,0,0,101,0,0,1,0,0,0,2093
1661,0,80,2000,500,845,0,0,0,0,0,0,0,0,0,0,-101.5,1,0,0,0,101,0,0,1,0,0,0,2093
1662,0,81,2000,500,845,0,0,0,0,0,0,0,0,0,0,-101.5,1,0,0,0,101,0,0,1,0,0,0,2093
1663,0,82,2000,500,845,0,0,0,0,0,0,0,0,0,0,-101.5,1,0,0,0,101,0,0,1,0,0,0,2093
1664,0,83,2000,500,845,0,0,0,0,0,0,0,0,0,0,-101.5,1,0,0,0,101,0,0,1,0,0,0,2093
1665,0,84,2000,500,845,0,0,0,0,0,0,0,0,0,0,-101.5,1,0,0,0,101,0,0,1,0,0,0,2093
1666,0,85,2000,500,845,0,0,0,0,0,0,0,0,0,0,-101.5,1,0,0,0,101,0,0,1,0,0,0,2093
1667,0,86,2000,500,845,0,0,0,0,0,0,0,0,0,0,-101.5,1,0,0,0,101,0,0,1,0,0,0,2093
1668,0,87,2000,500,845,0,0,0,0,0,0,0,0,0,0,-101.5,1,0,0,0,101,0,0,1,0,0,0,2093
1669,0,88,2000,500,845,0,0,0,0,0,0,0,0,0,0,-101.5,1,0,0,0,101,0,0,1,0,0,0,2093
1670,0,89,2000,500,845,0,0,0,0,0,0,0,0,0,0,-101.5,1,0,0,0,101,0,0,1,0,0,0,2093
1671,0,90,2000,500,845,0,0,0,0,0,0,0,0,0,0,-101.5,1,0,0,0,101,0,0,1,0,0,0,2093
1672,0,91,2000,500,845,0,0,0,0,0,0,0,0,0,0,-101.5,1,0,0,0,101,0,0,1,0,0,0,2093
1673,0,92,2000,500,845,0,0,0,0,0,0,0,0,0,0,-101.5,1,0,0,0,101,0,0,1,0,0,0,2093
1674,0,93,2000,500,845,0,0,0,0,0,0,0,0,0,0,-101.5,1,0,0,0,101,0,0,1,0,0,0,2093
1675,0,94,2000,500,845,0,0,0,0,0,0,0,0,0,0,-101.5,1,0,0,0,101,0,0,1,0,0,0,2093
1676,0,95,2000,500,845,0,0,0,0,0,0,0,0,0,0,-101.5,1,0,0,0,101,0,0,1,0,0,0,2093
1677,0,96,2000,500,845,0,0,0,0,0,0,0,0,0,0,-101.5,1,0,0,0,101,0,0,1,0,0,0,2093
1678,0,97,2000,500,845,0,0,0,0,0,0,0,0,0,0,-101.5,1,0,0,0,101,0,0,1,0,0,0,2093
1679,0,98,2000,500,845,0,0,0,0,0,0,0,0,0,0,-101.5,1,0,0,0,101,0,0,1,0,0,0,2093
1680,0,99,2000,500,845,0,0,0,0,0,0,0,0,0,0,-101.5,1,0,0,0,101,0,0,1,0,0,0,2093
1681,0,100,2000,500,845,0,0,0,0,0,0,0,0,0,0,-101.5,1,0,0,0,101,0,0,1,0,0,0,2093
1682,0,101,2000,500,845,0,0,0,0,0,0,0,0,0,0,-101.5,1,0,0,0,101,0,0,1,0,0,0,2093
1683,0,102,2000,500,845,0,0,0,0,0,0,0,0,0,0,-101.5,1,0,0,0,101,0,0,1,0,0,0,2093
1684,0,103,2000,500,845,0,0,0,0,0,0,0,0,0,0,-101.5,1,0,0,0,101,0,0,1,0,0,0,2093
1685,0,104,2000,500,845,0,0,0,0,0,0,0,0,0,0,-101.5,1,0,0,0,101,0,0,1,0,0,0,2093
1686,0,105,2000,500,845,0,0,0,0,0,0,0,0,0,0,-101.5,1,0,0,0,101,0,0,1,0,0,0,2093
1687,0,106,2000,500,845,0,0,0,0,0,0,0,0,0,0,-101.5,1,0,0,0,101,0,0,1,0,0,0,2093
1688,0,107,2000,500,845,0,0,0,0,0,0,0,0,0,0,-101.5,1,0,0,0,101,0,0,1,0,0,0,2093
1689,0,108,2000,500,845,0,0,0,0,0,0,0,0,0,0,-101.5,1,0,0,0,101,0,0,1,0,0,0,2093
1690,0,109,2000,500,845,0,0,0,0,0,0,0,0,0,0,-101.5,1,0,0,0,101,0,0,1,0,0,0,2093
1691,0,110,2000,500,845,0,0,0,0,0,0,0,0,0,0,-101.5,1,0,0,0,101,0,0,1,0,0,0,2093
1692,0,111,2000,500,845,0,0,0,0,0,0,0,0,0,0,-101.5,1,0,0,0,101,0,0,1,0,0,0,2093
1693,0,112,2000,500,845,0,0,0,0,0,0,0,0,0,0,-101.5,1,0,0,0,101,0,0,1,0,0,0,2093
1694,0,113,2000,500,845,0,0,0,0,0,0,0,0,0,0,-101.5,1,0,0,0,101,0,0,1,0,0,0,2093
1695,0,114,2000,500,845,0,0,0,0,0,0,0,0,0,0,-101.5,1,0,0,0,101,0,0,1,0,0,0,2093
1696,0,115,2000,500,845,0,0,0,0,0,0,0,0,0,0,-101.5,1,0,0,0,101,0,0,1,0,0,0,2093
1697,0,116,2000,500,845,0,0,0,0,0,0,0,0,0,0,-101.5,1,0,0,0,101,0,0,1,0,0,0,2093
1698,0,117,2000,500,845,0,0,0,0,0,0,0,0,0,0,-101.5,1,0,0,0,101,0,0,1,0,0,0,2093
1699,0,118,2000,500,845,0,0,0,0,0,0,0,0,0,0,-101.5,1,0,0,0,101,0,0,1,0,0,0,2093
1700,0,119,2000,500,845,0,0,0,0,0,0,0,0,0,0,-101.5,1,0,0,0,101,0,0,1,0,0,0,2093
1701,0,120,2000,500,845,0,0,0,0,0,0,0,0,0,0,-101.5,1,0,0,0,101,0,0,1,0,0,0,2093
1702,0,121,2000,500,845,0,0,0,0,0,0,0,0,0,0,-101.5,1,0,0,0,101,0,0,1,0,0,0,2093
1703,0,122,2000,500,845,0,0,0,0,0,0,0,0,0,0,-101.5,1,0,0,0,101,0,0,1,0,0,0,2093
1704,0,123,2000,500,845,0,0,0,0,0,0,0,0,0,0,-101.5,1,0,0,0,101,0,0,1,0,0,0,2093
1705,0,124,2000,500,845,0,0,0,0,0,0,0,0,0,0,-101.5,1,0,0,0,101,0,0,1,0,0,0,2093
1706,0,125,2000,500,845,0,0,0,0,0,0,0,0,0,0,-101.5,1,0,0,0,101,0,0,1,0,0,0,2093
1707,0,126,2000,500,845,0,0,0,0,0,0,0,0,0,0,-101.5,1,0,0,0,101,0,0,1,0,0,0,2093
1708,0,127,2000,500,845,0,0,0,0,0,0,0,0,0,0,-101.5,1,0,0,0,101,0,0,1,0,0,0,2093
1709,0,128,2000,500,845,0,0,0,0,0,0,0,0,0,0,-101.5,1,0,0,0,101,0,0,1,0,0,0,2093
1710,0,129,2000,500,845,0,0,0,0,0,0,0,0,0,0,-101.5,1,0,0,0,101,0,0,1,0,0,0,2093
1711,0,130,2000,500,845,0,0,0,0,0,0,0,0,0,0,-101.5,1,0,0,0,101,0,0,1,0,0,0,2093
1712,0,131,2000,500,845,0,0,0,0,0,0,0,0,0,0,-101.5,1,0,0,0,101,0,0,1,0,0,0,2093
1713,0,132,2000,500,845,0,0,0,0,0,0,0,0,0,0,-101.5,1,0,0,0,101,0,0,1,0,0,0,2093
1714,0,133,2000,500,845,0,0,0,0,0,0,0,0,0,0,-101.5,1,0,0,0,101,0,0,1,0,0,0,2093
1715,0,134,2000,500,845,0,0,0,0,0,0,0,0,0,0,-101.5,1,0,0,0,101,0,0,1,0,0,0,2093
1716,0,135,2000,500,845,0,0,0,0,0,0,0,0,0,0,-101.5,1,0,0,0,101,0,0,1,0,0,0,2093
1717,0,136,2000,500,845,0,0,0,0,0,0,0,0,0,0,-101.5,1,0,0,0,101,0,0,1,0,0,0,2093
1718,0,137,2000,500,845,0,0,0,0,0,0,0,0,0,0,-101.5,1,0,0,0,101,0,0,1,0,0,0,2093
1719,0,138,2000,500,845,0,0,0,0,0,0,0,0,0,0,-101.5,1,0,0,0,101,0,0,1,0,0,0,2093
1720,0,139,2000,500,845,0,0,0,0,0,0,0,0,0,0,-101.5,1,0,0,0,101,0,0,1,0,0,0,2093
1721,0,140,2000,500,845,0,0,0,0,0,0,0,0,0,0,-101.5,1,0,0,0,101,0,0,1,0,0,0,2093
1722,0,141,2000,500,845,0,0,0,0,0,0,0,0,0,0,-101.5,1,0,0,0,101,0,0,1,0,0,0,2093
1723,0,142,2000,500,845,0,0,0,0,0,0,0,0,0,0,-101.5,1,0,0,0,101,0,0,1,0,0,0,2093
1724,0,143,2000,500,845,0,0,0,0,0,0,0,0,0,0,-101.5,1,0,0,0,101,0,0,1,0,0,0,2093
1725,0,144,2000,500,845,0,0,0,0,0,0,0,0,0,0,-101.5,1,0,0,0,101,0,0,1,0,0,0,2093
1726,0,145,2000,500,845,0,0,0,0,0,0,0,0,0,0,-101.5,1,0,0,0,101,0,0,1,0,0,0,2093
1727,0,146,2000,500,845,0,0,0,0,0,0,0,0,0,0,-101.5,1,0,0,0,101,0,0,1,0,0,0,2093
1728,0,147,2000,500,845,0,0,0,0,0,0,0,0,0,0,-101.5,1,0,0,0,101,0,0,1,0,0,0,2093
1729,0,148,2000,500,845,0,0,0,0,0,0,0,0,0,0,-101.5,1,0,0,0,101,0,0,1,0,0,0,2093
1730,0,149,2000,500,845,0,0,0,0,0,0,0,0,0,0,-101.5,1,0,0,0,101,0,0,1,0,0,0,2093
1731,0,150,2000,500,845,0,0,0,0,0,0,0,0,0,0,-101.5,1,0,0,0,101,0,0,1,0,0,0,2093
1732,0,151,2000,500,845,0,0,0,0,0,0,0,0,0,0,-101.5,1,0,0,0,101,0,0,1,0,0,0,2093
1733,0,152,2000,500,845,0,0,0,0,0,0,0,0,0,0,-101.5,1,0,0,0,101,0,0,1,0,0,0,2093
1734,0,153,2000,500,845,0,0,0,0,0,0,0,0,0,0,-101.5,1,0,0,0,101,0,0,1,0,0,0,2093
1735,0,154,2000,500,845,0,0,0,0,0,0,0,0,0,0,-101.5,1,0,0,0,101,0,0,1,0,0,0,2093
1736,0,155,2000,500,845,0,0,0,0,0,0,0,0,0,0,-101.5,1,0,0,0,101,0,0,1,0,0,0,2093
1737,0,156,2000,500,845,0,0,0,0,0,0,0,0,0,0,-101.5,1,0,0,0,101,0,0,1,0,0,0,2093
1738,0,157,2000,500,845,0,0,0,0,0,0,0,0,0,0,-101.5,1,0,0,0,101,0,0,1,0,0,0,2093
1739,0,158,2000,500,845,0,0,0,0,0,0,0,0,0,0,-101.5,1,0,0,0,101,0,0,1,0,0,0,2093
1740,0,159,2000,500,845,0,0,0,0,0,0,0,0,0,0,-101.5,1,0,0,0,101,0,0,1,0,0,0,2093
1741,0,160,2000,500,845,0,0,0,0,0,0,0,0,0,0,-101.5,1,0,0,0,101,0,0,1,0,0,0,2093
1742,0,161,2000,500,845,0,0,0,0,0,0,0,0,0,0,-101.5,1,0,0,0,101,0,0,1,0,0,0,2093
1743,0,162,2000,500,845,0,0,0,0,0,0,0,0,0,0,-101.5,1,0,0,0,101,0,0,1,0,0,0,2093
1744,0,163,2000,500,845,0,0,0,0,0,0,0,0,0,0,-101.5,1,0,0,0,101,0,0,1,0,0,0,2093
1745,0,164,2000,500,845,0,0,0,0,0,0,0,0,0,0,-101.5,1,0,0,0,101,0,0,1,0,0,0,2093
1746,0,165,2000,500,845,0,0,0,0,0,0,0,0,0,0,-101.5,1,0,0,0,101,0,0,1,0,0,0,2093
1747,0,166,2000,500,845,0,0,0,0,0,0,0,0,0,0,-101.5,1,0,0,0,101,0,0,1,0,0,0,2093
1748,0,167,2000,500,845,0,0,0,0,0,0,0,0,0,0,-101.5,1,0,0,0,101,0,0,1,0,0,0,2093
1749,0,168,2000,500,845,0,0,0,0,0,0,0,0,0,0,-101.5,1,0,0,0,101,0,0,1,0,0,0,2093
1750,0,169,2000,500,845,0,0,0,0,0,0,0,0,0,0,-101.5,1,0,0,0,101,0,0,1,0,0,0,2093
1751,0,170,2000,500,845,0,0,0,0,0,0,0,0,0,0,-101.5,1,0,0,0,101,0,0,1,0,0,0,2093
1752,0,171,2000,500,845,0,0,0,0,0,0,0,0,0,0,-101.5,1,0,0,0,101,0,0,1,0,0,0,2093
1753,0,172,2000,500,845,0,0,0,0,0,0,0,0,0,0,-101.5,1,0,0,0,101,0,0,1,0,0,0,2093
1754,0,173,2000,500,845,0,0,0,0,0,0,0,0,0,0,-101.5,1,0,0,0,101,0,0,1,0,0,0,2093
1755,0,174,2000,500,845,0,0,0,0,0,0,0,0,0,0,-101.5,1,0,0,0,101,0,0,1,0,0,0,2093
1756,0,175,2000,500,845,0,0,0,0,0,0,0,0,0,0,-101.5,1,0,0,0,101,0,0,1,0,0,0,2093
1757,0,176,2000,500,845,0,0,0,0,0,0,0,0,0,0,-101.5,1,0,0,0,101,0,0,1,0,0,0,2093
1758,0,177,2000,500,845,0,0,0,0,0,0,0,0,0,0,-101.5,1,0,0,0,101,0,0,1,0,0,0,2093
1759,0,178,2000,500,845,0,0,0,0,0,0,0,0,0,0,-101.5,1,0,0,0,101,0,0,1,0,0,0,2093
1760,0,179,2000,500,845,0,0,0,0,0,0,0,0,0,0,-101.5,1,0,0,0,101,0,0,1,0,0,0,2093
1761,0,180,2000,500,845,0,0,0,0,0,0,0,0,0,0,-101.5,1,0,0,0,101,0,0,1,0,0,0,2093
1762,0,181,2000,500,845,0,0,0,0,0,0,0,0,0,0,-101.5,1,0,0,0,101,0,0,1,0,0,0,2093
1763,0,182,2000,500,845,0,0,0,0,0,0,0,0,0,0,-101.5,1,0,0,0,101,0,0,1,0,0,0,2093
1764,0,183,2000,500,845,0,0,0,0,0,0,0,0,0,0,-101.5,1,0,0,0,101,0,0,1,0,0,0,2093
1765,0,184,2000,500,845,0,0,0,0,0,0,0,0,0,0,-101.5,1,0,0,0,101,0,0,1,0,0,0,2093
1766,0,185,2000,500,845,0,0,0,0,0,0,0,0,0,0,-101.5,1,0,0,0,101,0,0,1,0,0,0,2093
1767,0,186,2000,500,845,0,0,0,0,0,0,0,0,0,0,-101.5,1,0,0,0,101,0,0,1,0,0,0,2093
1768,0,187,2000,500,845,0,0,0,0,0,0,0,0,0,0,-101.5,1,0,0,0,101,0,0,1,0,0,0,2093
1769,0,188,2000,500,845,0,0,0,0,0,0,0,0,0,0,-101.5,1,0,0,0,101,0,0,1,0,0,0,2093
1770,0,189,2000,500,845,0,0,0,0,0,0,0,0,0,0,-101.5,1,0,0,0,101,0,0,1,0,0,0,2093
1771,0,190,2000,500,845,0,0,0,0,0,0,0,0,0,0,-101.5,1,0,0,0,101,0,0,1,0,0,0,2093
1772,0,191,2000,500,845,0,0,0,0,0,0,0,0,0,0,-101.5,1,0,0,0,101,0,0,1,0,0,0,2093
1773,0,192,2000,500,845,0,0,0,0,0,0,0,0,0,0,-101.5,1,0,0,0,101,0,0,1,0,0,0,2093
1774,0,193,2000,500,845,0,0,0,0,0,0,0,0,0,0,-101.5,1,0,0,0,101,0,0,1,0,0,0,2093
1775,0,194,2000,500,845,0,0,0,0,0,0,0,0,0,0,-101.5,1,0,0,0,101,0,0,1,0,0,0,2093
1776,0,195,2000,500,845,0,0,0,0,0,0,0,0,0,0,-101.5,1,0,0,0,101,0,0,1,0,0,0,2093
1777,0,196,2000,500,845,0,0,0,0,0,0,0,0,0,0,-101.5,1,0,0,0,101,0,0,1,0,0,0,2093
1778,0,197,2000,500,845,0,0,0,0,0,0,0,0,0,0,-101.5,1,0,0,0,101,0,0,1,0,0,0,2093
1779,0,198,2000,500,845,0,0,0,0,0,0,0,0,0,0,-101.5,1,0,0,0,101,0,0,1,0,0,0,2093
1780,0,199,2000,500,845,0,0,0,0,0,0,0,0,0,0,-101.5,1,0,0,0,101,0,0,1,0,0,0,2093
1781,0,200,2000,500,845,0,0,0,0,0,0,0,0,0,0,-101.5,1,0,0,0,101,0,0,1,0,0,0,2093
1782,0,201,2000,500,845,0,0,0,0,0,0,0,0,0,0,-101.5,1,0,0,0,101,0,0,1,0,0,0,2093
1783,0,202,2000,500,845,0,0,0,0,0,0,0,0,0,0,-101.5,1,0,0,0,101,0,0,1,0,0,0,2093
1784,0,203,2000,500,845,0,0,0,0,0,0,0,0,0,0,-101.5,1,0,0,0,101,0,0,1,0,0,0,2093
1785,0,204,2000,500,845,0,0,0,0,0,0,0,0,0,0,-101.5,1,0,0,0,101,0,0,1,0,0,0,2093
1786,0,205,2000,500,845,0,0,0,0,0,0,0,0,0,0,-101.5,1,0,0,0,101,0,0,1,0,0,0,2093
1787,0,206,2000,500,845,0,0,0,0,0,0,0,0,0,0,-101.5,1,0,0,0,101,0,0,1,0,0,0,2093
1788,0,207,2000,500,845,0,0,0,0,0,0,0,0,0,0,-101.5,1,0,0,0,101,0,0,1,0,0,0,2093
1789,0,208,2000,500,845,0,0,0,0,0,0,0,0,0,0,-101.5,1,0,0,0,101,0,0,1,0,0,0,2093
1790,0,209,2000,500,845,0,0,0,0,0,0,0,0,0,0,-101.5,1,0,0,0,101,0,0,1,0,0,0,2093
1791,0,210,2000,500,845,0,0,0,0,0,0,0,0,0,0,-101.5,1,0,0,0,101,0,0,1,0,0,0,2093
1792,0,211,2000,500,845,0,0,0,0,0,0,0,0,0,0,-101.5,1,0,0,0,101,0,0,1,0,0,0,2093
1793,0,212,2000,500,845,0,0,0,0,0,0,0,0,0,0,-101.5,1,0,0,0,101,0,0,1,0,0,0,2093
1794,0,213,2000,500,845,0,0,0,0,0,0,0,0,0,0,-101.5,1,0,0,0,101,0,0,1,0,0,0,2093
1795,0,214,2000,500,845,0,0,0,0,0,0,0,0,0,0,-101.5,1,0,0,0,101,0,0,1,0,0,0,2093
1796,0,215,2000,500,845,0,0,0,0,0,0,0,0,0,0,-101.5,1,0,0,0,101,0,0,1,0,0,0,2093
1797,0,216,2000,500,845,0,0,0,0,0,0,0,0,0,0,-101.5,1,0,0,0,101,0,0,1,0,0,0,2093
1798,0,217,2000,500,845,0,0,0,0,0,0,0,0,0,0,-101.5,1,0,0,0,101,0,0,1,0,0,0,2093
1799,0,218,2000,500,845,0,0,0,0,0,0,0,0,0,0,-101.5,1,0,0,0,101,0,0,1,0,0,0,2093
1800,0,219,2000,500,845,0,0,0,0,0,0,0,0,0,0,-101.5,1,0,0,0,101,0,0,1,0,0,0,2093
1801,0,220,2000,500,845,0,0,0,0,0,0,0,0,0,0,-101.5,1,0,0,0,101,0,0,1,0,0,0,2093
1802,0,221,2000,500,845,0,0,0,0,0,0,0,0,0,0,-101.5,1,0,0,0,101,0,0,1,0,0,0,2093
1803,0,222,2000,500,845,0,0,0,0,0,0,0,0,0,0,-101.5,1,0,0,0,101,0,0,1,0,0,0,2093
1804,0,223,2000,500,845,0,0,0,0,0,0,0,0,0,0,-101.5,1,0,0,0,101,0,0,1,0,0,0,2093
1805,0,224,2000,500,845,0,0,0,0,0,0,0,0,0,0,-101.5,1,0,0,0,101,0,0,1,0,0,0,2093
1806,0,225,2000,500,845,0,0,0,0,0,0,0,0,0,0,-101.5,1,0,0,0,101,0,0,1,0,0,0,2093
1807,0,226,2000,500,845,0,0,0,0,0,0,0,0,0,0,-101.5,1,0,0,0,101,0,0,1,0,0,0,2093
1808,0,227,2000,500,845,0,0,0,0,0,0,0,0,0,0,-101.5,1,0,0,0,101,0,0,1,0,0,0,2093
1809,0,228,2000,500,845,0,0,0,0,0,0,0,0,0,0,-101.5,1,0,0,0,101,0,0,1,0,0,0,2093
1810,0,1,3000,500,1000,0,0,0,0,0,0,0,0,0,0,-126,1,0,0,0,101,0,0,0,0,0,0,1000
1811,0,2,3000,500,1000,0,0,0,0,0,0,0,0,0,0,-126,1,0,0,0,101,0,0,0,0,0,0,1000
1812,0,3,3000,500,1000,0,0,0,0,0,0,0,0,0,0,-126,1,0,0,0,101,0,0,0,0,0,0,1000
1813,0,4,3000,500,1000,0,0,0,0,0,0,0,0,0,0,-126,1,0,0,0,101,0,0,0,0,0,0,1000
1814,0,5,3000,500,1000,0,0,0,0,0,0,0,0,0,0,-126,1,0,0,0,101,0,0,0,0,0,0,1000
1815,0,6,3000,500,1000,0,0,0,0,0,0,0,0,0,0,-126,1,0,0,0,101,0,0,0,0,0,0,1000
1816,0,7,3000,500,1000,0,0,0,0,0,0,0,0,0,0,-126,1,0,0,0,101,0,0,0,0,0,0,1000
1817,0,8,3000,500,1000,0,0,0,0,0,0,0,0,0,0,-126,1,0,0,0,101,0,0,0,0,0,0,1000
1818,0,9,3000,500,1000,0,0,0,0,0,0,0,0,0,0,-126,1,0,0,0,101,0,0,0,0,0,0,1000
1819,10,1,3000,500,1000,0,0,0,0,0,0,0,0,0,0,-126,1,0,0,0,101,0,0,0,0,0,0,1000
1820,10,2,3000,500,1000,0,0,0,0,0,0,0,0,0,0,-126,1,0,0,0,101,0,0,0,0,0,0,1000
1821,10,3,3000,500,1000,0,0,0,0,0,0,0,0,0,0,-126,1,0,0,0,101,0,0,0,0,0,0,1000
1822,10,4,3000,500,1000,0,0,0,0,0,0,0,0,0,0,-126,1,0,0,0,101,0,0,0,0,0,0,1000
1823,10,5,3000,500,1000,0,0,0,0,0,0,0,0,0,0,-126,1,0,0,0,101,0,0,0,0,0,0,1000
1824,10,6,3000,500,1000,0,0,0,0,0,0,0,0,0,0,-126,1,0,0,0,101,0,0,0,0,0,0,1000
1825,12,1,3000,500,1000,0,0,0,0,0,0,0,0,0,0,-126,1,0,0,0,101,0,0,0,0,0,0,1000
1826,20,1,3000,500,1000,0,0,0,0,0,0,0,0,0,0,-124.5,1,0,0,0,101,0,0,0,0,0,0,1000
1827,20,2,3000,500,1000,0,0,0,0,0,0,0,0,0,0,-123,1,0,0,0,101,0,0,0,0,0,0,1000
1828,10,1,3000,500,1000,0,0,0,0,0,0,0,0,0,0,-123,1,0,0,0,101,0,0,0,0,0,0,1000
1829,10,2,3000,500,1000,0,0,0,0,0,0,0,0,0,0,-123,1,0,0,0,101,0,0,0,0,0,0,1000
1830,10,3,3000,500,1000,0,0,0,0,0,0,0,0,0,0,-123,1,0,0,0,101,0,0,0,0,0,0,1000
1831,10,4,3000,500,1000,0,0,0,0,0,0,0,0,0,0,-123,1,0,0,0,101,0,0,0,0,0,0,1000
1832,10,5,3000,500,1000,0,0,0,0,0,0,0,0,0,0,-123,1,0,0,0,101,0,0,0,0,0,0,1000
1833,10,6,3000,500,1000,0,0,0,0,0,0,0,0,0,0,-123,1,0,0,0,101,0,0,0,0,0,0,1000
1834,10,7,3000,500,1000,0,0,0,0,0,0,0,0,0,0,-123,1,0,0,0,101,0,0,0,0,0,0,1000
1835,10,8,3000,500,1000,0,0,0,0,0,0,0,0,0,0,-123,1,0,0,0,101,0,0,0,0,0,0,1000
1836,10,9,3000,500,1000,0,0,0,0,0,0,0,0,0,0,-123,1,0,0,0,101,0,0,0,0,0,0,1000
1837,3500,1,2000,500,1000,0,0,0,0,0,0,0,0,0,0,-123,1,0,0,0,101,0,0,0,0,0,0,1000
1838,3500,2,2000,500,1000,0,0,0,0,0,0,0,0,0,0,-123,1,0,0,0,101,0,0,0,0,0,0,1000
1839,3500,3,2000,500,1000,0,0,0,0,0,0,0,0,0,0,-123,1,0,0,0,101,0,0,0,0,0,0,1000
1840,3500,4,2000,500,1000,0,0,0,0,0,0,0,0,0,0,-123,1,0,0,0,101,0,0,0,0,0,0,1000
1841,3500,5,2000,500,1000,0,0,0,0,0,0,0,0,0,0,-118.80000305175781,1,0,0,0,101,0,0,0,0,0,0,1000
1842,3500,6,2000,500,1000,0,0,0,0,0,0,0,0,0,0,-114.5999984741211,1,0,0,0,101,0,0,0,0,0,0,1000
1843,3500,7,2000,500,1000,0,0,0,0,0,0,0,0,0,0,-110.4000015258789,1,0,0,0,101,0,0,0,0,0,0,1000
1844,3500,8,2000,500,1000,0,0,0,0,0,0,0,0,0,0,-106.19999694824219,1,0,0,0,101,0,0,0,0,0,0,1000
1845,3500,9,2000,500,1000,0,0,0,0,0,0,0,0,0,0,-103,1,0,0,0,101,0,0,0,0,0,0,1000
1846,3500,9,2000,500,935,0,0,0,0,0,0,0,0,0,0,-103,1,0,0,0,101,0,0,0,0,0,0,1018
1847,3500,9,2000,500,935,0,0,0,0,0,0,0,0,0,0,-103,1,0,0,0,101,0,0,0,0,0,0,1018
1848,3500,9,2000,500,935,0,0,0,0,0,0,0,0,0,0,-103,1,0,0,0,101,0,0,0,0,0,0,1018
1849,3500,9,2000,500,935,0,0,0,0,0,0,0,0,0,0,-103,1,0,0,0,101,0,0,0,0,0,0,1018
1850,3500,9,2000,500,935,0,0,0,0,0,0,0,0,0,0,-103,1,0,0,0,101,0,0,0,0,0,0,1018
1851,3500,9,2000,500,935,0,0,0,0,0,0,0,0,0,0,-103,1,0,0,0,101,0,0,0,0,0,0,1018
1852,3500,10,2000,500,935,0,0,0,0,0,0,0,0,0,0,-100.9000015258789,1,0,0,0,101,0,0,0,0,0,0,1018
1853,3500,11,2000,500,935,0,0,0,0,0,0,0,0,0,0,-98.80000305175781,1,0,0,0,101,0,0,0,0,0,0,1018
1854,3500,12,2000,500,935,0,0,0,0,0,0,0,0,0,0,-96.69999694824219,1,0,0,0,101,0,0,0,0,0,0,1018
1855,3500,13,2000,500,935,0,0,0,0,0,0,0,0,0,0,-94.5999984741211,1,0,0,0,101,0,0,0,0,0,0,1018
1856,3500,14,2000,500,935,0,0,0,0,0,0,0,0,0,0,-93.5,1,0,0,0,101,0,0,0,0,0,0,2018
1857,3500,15,2000,500,935,0,0,0,0,0,0,0,0,0,0,-92.25,1,0,0,0,101,0,0,0,0,0,0,2018
1858,3500,16,2000,500,935,0,0,0,0,0,0,0,0,0,0,-90.87249755859375,1,0,0,0,101,0,0,0,0,0,0,2018
1859,3500,17,2000,500,935,0,0,0,0,0,0,0,0,0,0,-89.38662719726562,1,0,0,0,101,0,0,0,0,0,0,2018
1860,3500,18,2000,500,935,0,0,0,0,0,0,0,0,0,0,-87.80863189697266,1,0,0,0,101,0,0,0,0,0,0,2018
1861,3500,19,2000,500,935,0,0,0,0,0,0,0,0,0,0,-85.70863342285156,1,0,0,0,101,0,0,0,0,0,0,2018
1862,3500,20,2000,500,935,0,0,0,0,0,0,0,0,0,0,-85.70863342285156,1,0,0,0,101,0,0,0,0,0,0,2018
1863,3500,21,2000,500,935,0,0,0,0,0,0,0,0,0,0,-85.70863342285156,1,0,0,0,101,0,0,0,0,0,0,2018
1864,3500,22,2000,500,935,0,0,0,0,0,0,0,0,0,0,-85.70863342285156,1,0,0,0,101,0,0,0,0,0,0,2018
1865,3500,23,2000,500,935,0,0,0,0,0,0,0,0,0,0,-85.70863342285156,1,0,0,0,101,0,0,0,0,0,0,2018
1866,3500,24,2000,500,935,0,0,0,0,0,0,0,0,0,0,-85.70863342285156,1,0,0,0,101,0,0,0,0,0,0,2018
1867,3500,25,2000,500,935,0,0,0,0,0,0,0,0,0,0,-85.70863342285156,1,0,0,0,101,0,0,0,0,0,0,2018
1868,3500,26,2000,500,935,0,0,0,0,0,0,0,0,0,0,-85.70863342285156,1,0,0,0,101,0,0,0,0,0,0,2018
1869,3500,27,2000,500,935,0,0,0,0,0,0,0,0,0,0,-85.70863342285156,1,0,0,0,101,0,0,0,0,0,0,2018
1870,3500,28,2000,500,935,0,0,0,0,0,0,0,0,0,0,-85.70863342285156,1,0,0,0,101,0,0,0,0,0,0,2018
1871,3500,29,2000,500,935,0,0,0,0,0,0,0,0,0,0,-85.70863342285156,1,0,0,0,101,0,0,0,0,0,0,2018
1872,3500,29,2000,500,830,0,0,0,0,0,0,0,0,0,0,-85.70863342285156,1,0,0,0,101,0,0,0,0,0,0,3036
1873,3500,29,2000,500,830,0,0,0,0,0,0,0,0,0,0,-85.70863342285156,1,0,0,0,101,0,0,0,0,0,0,3036
1874,3500,29,2000,500,830,0,0,0,0,0,0,0,0,0,0,-85.70863342285156,1,0,0,0,101,0,0,0,0,0,0,3036
1875,3500,29,2000,500,830,0,0,0,0,0,0,0,0,0,0,-85.70863342285156,1,0,0,0,101,0,0,0,0,0,0,3036
1876,3500,29,2000,500,830,0,0,0,0,0,0,0,0,0,0,-85.70863342285156,1,0,0,0,101,0,0,0,0,0,0,3036
1877,3500,29,2000,500,830,0,0,0,0,0,0,0,0,0,0,-85.70863342285156,1,0,0,0,101,0,0,0,0,0,0,3036
1878,3500,30,2000,500,830,0,0,0,0,0,0,0,0,0,0,-85.70863342285156,1,0,0,0,101,0,0,0,0,0,0,3036
1879,3500,31,2000,500,830,0,0,0,0,0,0,0,0,0,0,-85.70863342285156,1,0,0,0,101,0,0,0,0,0,0,3036
1880,3500,32,2000,500,830,0,0,0,0,0,0,0,0,0,0,-85.70863342285156,1,0,0,0,101,0,0,0,0,0,0,3036
1881,3500,33,2000,500,830,0,0,0,0,0,0,0,0,0,0,-85.70863342285156,1,0,0,0,101,0,0,0,0,0,0,3036
1882,3500,34,2000,500,830,0,0,0,0,0,0,0,0,0,0,-85.70863342285156,1,0,0,0,101,0,0,0,0,0,0,3036
1883,3500,35,2000,500,830,0,0,0,0,0,0,0,0,0,0,-85.70863342285156,1,0,0,0,101,0,0,0,0,0,0,3036
1884,3500,36,2000,500,830,0,0,0,0,0,0,0,0,0,0,-85.70863342285156,1,0,0,0,101,0,0,0,0,0,0,3036
1885,3500,37,2000,500,830,0,0,0,0,0,0,0,0,0,0,-85.70863342285156,1,0,0,0,101,0,0,0,0,0,0,3036
1886,3500,38,2000,500,830,0,0,0,0,0,0,0,0,0,0,-85.70863342285156,1,0,0,0,101,0,0,0,0,0,0,3036
1887,3500,39,2000,500,830,0,0,0,0,0,0,0,0,0,0,-85.70863342285156,1,0,0,0,101,0,0,0,0,0,0,3036
1888,3500,40,2000,500,830,0,0,0,0,0,0,0,0,0,0,-85.70863342285156,1,0,0,0,101,0,0,0,0,0,0,3036
1889,3500,41,2000,500,830,0,0,0,0,0,0,0,0,0,0,-85.70863342285156,1,0,0,0,101,0,0,0,0,0,0,3036
1890,3500,42,2000,500,830,0,0,0,0,0,0,0,0,0,0,-85.70863342285156,1,0,0,0,101,0,0,0,0,0,0,3036
1891,3500,43,2000,500,830,0,0,0,0,0,0,0,0,0,0,-85.70863342285156,1,0,0,0,101,0,0,0,0,0,0,3036
1892,3500,44,2000,500,830,0,0,0,0,0,0,0,0,0,0,-85.70863342285156,1,0,0,0,101,0,0,0,0,0,0,3036
1893,3500,45,2000,500,830,0,0,0,0,0,0,0,0,0,0,-85.70863342285156,1,0,0,0,101,0,0,0,0,0,0,3036
1894,3500,46,2000,500,830,0,0,0,0,0,0,0,0,0,0,-85.70863342285156,1,0,0,0,101,0,0,0,0,0,0,3036
1895,3500,47,2000,500,830,0,0,0,0,0,0,0,0,0,0,-85.70863342285156,1,0,0,0,101,0,0,0,0,0,0,3036
1896,3500,48,2000,500,830,0,0,0,0,0,0,0,0,0,0,-85.70863342285156,1,0,0,0,101,0,0,0,0,0,0,3036
1897,3500,49,2000,500,830,0,0,0,0,0,0,0,0,0,0,-85.70863342285156,1,0,0,0,101,0,0,0,0,0,0,3036
1898,3500,50,2000,500,830,0,0,0,0,0,0,0,0,0,0,-85.70863342285156,1,0,0,0,101,0,0,0,0,0,0,3036
1899,3500,51,2000,500,830,0,0,0,0,0,0,0,0,0,0,-85.70863342285156,1,0,0,0,101,0,0,0,0,0,0,3036
1900,3500,52,2000,500,830,0,0,0,0,0,0,0,0,0,0,-85.70863342285156,1,0,0,0,101,0,0,0,0,0,0,3036
1901,3500,53,2000,500,830,0,0,0,0,0,0,0,0,0,0,-85.70863342285156,1,0,0,0,101,0,0,0,0,0,0,3036
1902,3500,54,2000,500,830,0,0,0,0,0,0,0,0,0,0,-85.70863342285156,1,0,0,0,101,0,0,0,0,0,0,3036
1903,3500,55,2000,500,830,0,0,0,0,0,0,0,0,0,0,-85.70863342285156,1,0,0,0,101,0,0,0,0,0,0,3036
1904,3500,56,2000,500,830,0,0,0,0,0,0,0,0,0,0,-85.70863342285156,1,0,0,0,101,0,0,0,0,0,0,3036
1905,3500,57,2000,500,830,0,0,0,0,0,0,0,0,0,0,-85.70863342285156,1,0,0,0,101,0,0,0,0,0,0,3036
1906,3500,58,2000,500,830,0,0,0,0,0,0,0,0,0,0,-85.70863342285156,1,0,0,0,101,0,0,0,0,0,0,3036
1907,0,1,2000,500,830,0,0,0,0,0,0,0,0,0,0,-85.70863342285156,1,0,0,0,101,0,0,0,0,0,0,3036
1908,0,2,2000,500,830,0,0,0,0,0,0,0,0,0,0,-85.70863342285156,1,0,0,0,101,0,0,0,0,0,0,3036
1909,0,3,2000,500,830,0,0,0,0,0,0,0,0,0,0,-85.70863342285156,1,0,0,0,101,0,0,0,0,0,0,3036
1910,0,4,2000,500,830,0,0,0,0,0,0,0,0,0,0,-85.70863342285156,1,0,0,0,101,0,0,0,0,0,0,3036
1911,0,5,2000,500,830,0,0,0,0,0,0,0,0,0,0,-85.70863342285156,1,0,0,0,101,0,0,0,0,0,0,3036
1912,0,6,2000,500,830,0,0,0,0,0,0,0,0,0,0,-85.70863342285156,1,0,0,0,101,0,0,0,0,0,0,3036
1913,0,7,2000,500,830,0,0,0,0,0,0,0,0,0,0,-85.70863342285156,1,0,0,0,101,0,0,0,0,0,0,3036
1914,0,8,2000,500,830,0,0,0,0,0,0,0,0,0,0,-85.70863342285156,1,0,0,0,101,0,0,0,0,0,0,3036
1915,0,9,2000,500,830,0,0,0,0,0,0,0,0,0,0,-85.70863342285156,1,0,0,0,101,0,0,0,0,0,0,3036
1916,0,10,2000,500,830,0,0,0,0,0,0,0,0,0,0,-85.70863342285156,1,0,0,0,101,0,0,0,0,0,0,3036
1917,0,11,2000,500,830,0,0,0,0,0,0,0,0,0,0,-85.70863342285156,1,0,0,0,101,0,0,0,0,0,0,3036
1918,0,12,2000,500,830,0,0,0,0,0,0,0,0,0,0,-85.70863342285156,1,0,0,0,101,0,0,0,0,0,0,3036
1919,0,13,2000,500,830,0,0,0,0,0,0,0,0,0,0,-85.70863342285156,1,0,0,0,101,0,0,0,0,0,0,3036
1920,0,14,2000,500,830,0,0,0,0,0,0,0,0,0,0,-85.70863342285156,1,0,0,0,101,0,0,0,0,0,0,3036
1921,0,15,2000,500,830,0,0,0,0,0,0,0,0,0,0,-85.70863342285156,1,0,0,0,101,0,0,0,0,0,0,3036
1922,0,16,2000,500,830,0,0,0,0,0,0,0,0,0,0,-85.95863342285156,1,0,0,0,101,0,0,0,0,0,0,3036
1923,0,17,2000,500,830,0,0,0,0,0,0,0,0,0,0,-89.95863342285156,1,0,0,0,101.25,0,0,0,0,0,0,3036
1924,0,18,2000,500,830,0,0,0,0,0,0,0,0,0,0,-93.95863342285156,1,0,0,0,105.25,0,0,0,0,0,0,3036
1925,0,19,2000,500,830,0,0,0,0,0,0,0,0,0,0,-97.95863342285156,1,0,0,0,109.25,0,0,0,0,0,0,3036
1926,0,20,2000,500,830,0,0,0,0,0,0,0,0,0,0,-97.95863342285156,1,0,0,0,113.25,0,0,0,0,0,0,3036
1927,0,21,2000,500,830,0,0,0,0,0,0,0,0,0,0,-97.95863342285156,1,0,0,0,113.25,0,0,0,0,0,0,3036
1928,0,22,2000,500,830,0,0,0,0,0,0,0,0,0,0,-97.95863342285156,1,0,0,0,113.25,0,0,0,0,0,0,3036
1929,0,23,2000,500,830,0,0,0,0,0,0,0,0,0,0,-97.95863342285156,1,0,0,0,113.25,0,0,0,0,0,0,3036
1930,0,24,2000,500,830,0,0,0,0,0,0,0,0,0,0,-97.95863342285156,1,0,0,0,113.25,0,0,0,0,0,0,3036
1931,0,25,2000,500,830,0,0,0,0,0,0,0,0,0,0,-97.95863342285156,1,0,0,0,113.25,0,0,0,0,0,0,3036
1932,0,26,2000,500,830,0,0,0,0,0,0,0,0,0,0,-97.95863342285156,1,0,0,0,113.25,0,0,0,0,0,0,3036
1933,0,27,2000,500,830,0,0,0,0,0,0,0,0,0,0,-97.95863342285156,1,0,0,0,113.25,0,0,0,0,0,0,3036
1934,0,28,2000,500,830,0,0,0,0,0,0,0,0,0,0,-100.95863342285156,1,0,0,0,113.25,0,0,0,0,0,0,3036
1935,0,29,2000,500,830,0,0,0,0,0,0,0,0,0,0,-103.95863342285156,1,0,0,0,116.25,0,0,0,0,0,0,3036
1936,0,30,2000,500,830,0,0,0,0,0,0,0,0,0,0,-106.95863342285156,1,0,0,0,119.25,0,0,0,0,0,0,3036
1937,0,31,2000,500,830,0,0,0,0,0,0,0,0,0,0,-109.95863342285156,1,0,0,0,122.25,0,0,0,0,0,0,3036
1938,0,32,2000,500,830,0,0,0,0,0,0,0,0,0,0,-111.45863342285156,1,0,0,0,125.25,0,0,0,0,0,0,3036
1939,0,33,2000,500,830,0,0,0,0,0,0,0,0,0,0,-112.95863342285156,1,0,0,0,126.75,0,0,0,0,0,0,3036
1940,0,34,2000,500,830,0,0,0,0,0,0,0,0,0,0,-114.45863342285156,1,0,0,0,128.25,0,0,0,0,0,0,3036
1941,0,35,2000,500,830,0,0,0,0,0,0,0,0,0,0,-115.95863342285156,1,0,0,0,129.75,0,0,0,0,0,0,3036
1942,0,36,2000,500,830,0,0,0,0,0,0,0,0,0,0,-117.45863342285156,1,0,0,0,131.25,0,0,0,0,0,0,3036
1943,0,37,2000,500,830,0,0,0,0,0,0,0,0,0,0,-118.95863342285156,1,0,0,0,132.75,0,0,0,0,0,0,3036
1944,0,38,2000,500,830,0,0,0,0,0,0,0,0,0,0,-120.45863342285156,1,0,0,0,134.25,0,0,0,0,0,0,3036
1945,0,39,2000,500,830,0,0,0,0,0,0,0,0,0,0,-121.95863342285156,1,0,0,0,135.75,0,0,0,0,0,0,3036
1946,0,40,2000,500,830,0,0,0,0,0,0,0,0,0,0,-123.45863342285156,1,0,0,0,137.25,0,0,0,0,0,0,3036
1947,0,41,2000,500,830,0,0,0,0,0,0,0,0,0,0,-124.95863342285156,1,0,0,0,138.75,0,0,0,0,0,0,3036
1948,0,42,2000,500,830,0,0,0,0,0,0,0,0,0,0,-126.45863342285156,1,0,0,0,140.25,0,0,0,0,0,0,3036
1949,0,43,2000,500,830,0,0,0,0,0,0,0,0,0,0,-127.95863342285156,1,0,0,0,141.75,0,0,0,0,0,0,3036
1950,0,44,2000,500,830,0,0,0,0,0,0,0,0,0,0,-129.45863342285156,1,0,0,0,143.25,0,0,0,0,0,0,3036
1951,0,45,2000,500,830,0,0,0,0,0,0,0,0,0,0,-130.95863342285156,1,0,0,0,144.75,0,0,0,0,0,0,3036
1952,0,46,2000,500,830,0,0,0,0,0,0,0,0,0,0,-132.45863342285156,1,0,0,0,146.25,0,0,0,0,0,0,3036
1953,0,47,2000,500,830,0,0,0,0,0,0,0,0,0,0,-133.95863342285156,1,0,0,0,147.75,0,0,0,0,0,0,3036
1954,0,48,2000,500,830,0,0,0,0,0,0,0,0,0,0,-135.20863342285156,1,0,0,0,149.25,0,0,0,0,0,0,3036
1955,0,49,2000,500,830,0,0,0,0,0,0,0,0,0,0,-136.45863342285156,1,0,0,0,150.5,0,0,0,0,0,0,3036
1956,0,50,2000,500,830,0,0,0,0,0,0,0,0,0,0,-137.20863342285156,1,0,0,0,151.75,0,0,0,0,0,0,3036
1957,0,51,2000,500,830,0,0,0,0,0,0,0,0,0,0,-137.95863342285156,1,0,0,0,152.5,0,0,0,0,0,0,3036
1958,0,52,2000,500,830,0,0,0,0,0,0,0,0,0,0,-138.70863342285156,1,0,0,0,153.25,0,0,0,0,0,0,3036
1959,0,53,2000,500,830,0,0,0,0,0,0,0,0,0,0,-139.20863342285156,1,0,0,0,154,0,0,0,0,0,0,3036
1960,0,54,2000,500,830,0,0,0,0,0,0,0,0,0,0,-139.70863342285156,1,0,0,0,154.5,0,0,0,0,0,0,3036
1961,0,55,2000,500,830,0,0,0,0,0,0,0,0,0,0,-140.20863342285156,1,0,0,0,155,0,0,0,0,0,0,3036
1962,0,56,2000,500,830,0,0,0,0,0,0,0,0,0,0,-140.45863342285156,1,0,0,0,155.5,0,0,0,0,0,0,3036
1963,0,57,2000,500,830,0,0,0,0,0,0,0,0,0,0,-140.70863342285156,1,0,0,0,155.75,0,0,0,0,0,0,3036
1964,0,58,2000,500,830,0,0,0,0,0,0,0,0,0,0,-140.95863342285156,1,0,0,0,156,0,0,0,0,0,0,3036
1965,0,59,2000,500,830,0,0,0,0,0,0,0,0,0,0,-141.20863342285156,1,0,0,0,156.25,0,0,0,0,0,0,3036
1966,0,60,2000,500,830,0,0,0,0,0,0,0,0,0,0,-141.45863342285156,1,0,0,0,156.5,0,0,0,0,0,0,3036
1967,0,61,2000,500,830,0,0,0,0,0,0,0,0,0,0,-141.70863342285156,1,0,0,0,156.75,0,0,0,0,0,0,3036
1968,0,62,2000,500,830,0,0,0,0,0,0,0,0,0,0,-141.70863342285156,1,0,0,0,157,0,0,0,0,0,0,3036
1969,0,63,2000,500,830,0,0,0,0,0,0,0,0,0,0,-141.95863342285156,1,0,0,0,157,0,0,0,0,0,0,3036
1970,0,64,2000,500,830,0,0,0,0,0,0,0,0,0,0,-141.95863342285156,1,0,0,0,157.25,0,0,0,0,0,0,3036
1971,0,65,2000,500,830,0,0,0,0,0,0,0,0,0,0,-141.95863342285156,1,0,0,0,157.25,0,0,0,0,0,0,3036
1972,0,66,2000,500,830,0,0,0,0,0,0,0,0,0,0,-142.20863342285156,1,0,0,0,157.25,0,0,0,0,0,0,3036
1973,0,67,2000,500,830,0,0,0,0,0,0,0,0,0,0,-142.20863342285156,1,0,0,0,157.5,0,0,0,0,0,0,3036
1974,0,68,2000,500,830,0,0,0,0,0,0,0,0,0,0,-142.20863342285156,1,0,0,0,157.5,0,0,0,0,0,0,3036
1975,0,69,2000,500,830,0,0,0,0,0,0,0,0,0,0,-142.20863342285156,1,0,0,0,157.5,0,0,0,0,0,0,3036
1976,0,70,2000,500,830,0,0,0,0,0,0,0,0,0,0,-142.20863342285156,1,0,0,0,157.5,0,0,0,0,0,0,3036
1977,0,71,2000,500,830,0,0,0,0,0,0,0,0,0,0,-142.20863342285156,1,0,0,0,157.5,0,0,0,0,0,0,3036
1978,0,72,2000,500,830,0,0,0,0,0,0,0,0,0,0,-142.20863342285156,1,0,0,0,157.5,0,0,0,0,0,0,3036
1979,0,73,2000,500,830,0,0,0,0,0,0,0,0,0,0,-142.20863342285156,1,0,0,0,157.5,0,0,0,0,0,0,3036
1980,0,74,2000,500,830,0,0,0,0,0,0,0,0,0,0,-142.20863342285156,1,0,0,0,157.5,0,0,0,0,0,0,3036
1981,0,75,2000,500,830,0,0,0,0,0,0,0,0,0,0,-142.20863342285156,1,0,0,0,157.5,0,0,0,0,0,0,3036
1982,0,76,2000,500,830,0,0,0,0,0,0,0,0,0,0,-142.20863342285156,1,0,0,0,157.5,0,0,0,0,0,0,3036
1983,0,77,2000,500,830,0,0,0,0,0,0,0,0,0,0,-142.20863342285156,1,0,0,0,157.5,0,0,0,0,0,0,3036
1984,0,78,2000,500,830,0,0,0,0,0,0,0,0,0,0,-142.20863342285156,1,0,0,0,157.5,0,0,0,0,0,0,3036
1985,0,79,2000,500,830,0,0,0,0,0,0,0,0,0,0,-142.20863342285156,1,0,0,0,157.5,0,0,0,0,0,0,3036
1986,0,80,2000,500,830,0,0,0,0,0,0,0,0,0,0,-142.20863342285156,1,0,0,0,157.5,0,0,0,0,0,0,3036
1987,0,81,2000,500,830,0,0,0,0,0,0,0,0,0,0,-142.20863342285156,1,0,0,0,157.5,0,0,0,0,0,0,3036
1988,0,82,2000,500,830,0,0,0,0,0,0,0,0,0,0,-142.20863342285156,1,0,0,0,157.5,0,0,0,0,0,0,3036
1989,0,83,2000,500,830,0,0,0,0,0,0,0,0,0,0,-142.20863342285156,1,0,0,0,157.5,0,0,0,0,0,0,3036
1990,0,84,2000,500,830,0,0,0,0,0,0,0,0,0,0,-142.20863342285156,1,0,0,0,157.5,0,0,0,0,0,0,3036
1991,0,85,2000,500,830,0,0,0,0,0,0,0,0,0,0,-142.20863342285156,1,0,0,0,157.5,0,0,0,0,0,0,3036
1992,0,86,2000,500,830,0,0,0,0,0,0,0,0,0,0,-142.20863342285156,1,0,0,0,157.5,0,0,0,0,0,0,3036
1993,0,87,2000,500,830,0,0,0,0,0,0,0,0,0,0,-142.20863342285156,1,0,0,0,157.5,0,0,0,0,0,0,3036
1994,0,88,2000,500,830,0,0,0,0,0,0,0,0,0,0,-142.20863342285156,1,0,0,0,157.5,0,0,0,0,0,0,3036
1995,0,89,2000,500,830,0,0,0,0,0,0,0,0,0,0,-142.20863342285156,1,0,0,0,157.5,0,0,0,0,0,0,3036
1996,0,90,2000,500,830,0,0,0,0,0,0,0,0,0,0,-142.20863342285156,1,0,0,0,157.5,0,0,0,0,0,0,3036
1997,0,91,2000,500,830,0,0,0,0,0,0,0,0,0,0,-142.20863342285156,1,0,0,0,157.5,0,0,0,0,0,0,3036
1998,0,92,2000,500,830,0,0,0,0,0,0,0,0,0,0,-142.20863342285156,1,0,0,0,157.5,0,0,0,0,0,0,3036
1999,0,93,2000,500,830,0,0,0,0,0,0,0,0,0,0,-142.20863342285156,1,0,0,0,157.5,0,0,0,0,0,0,3036
2000,0,94,2000,500,830,0,0,0,0,0,0,0,0,0,0,-142.20863342285156,1,0,0,0,157.5,0,0,0,0,0,0,3036
2001,0,95,2000,500,830,0,0,0,0,0,0,0,0,0,0,-142.20863342285156,1,0,0,0,157.5,0,0,0,0,0,0,3036
2002,0,96,2000,500,830,0,0,0,0,0,0,0,0,0,0,-142.20863342285156,1,0,0,0,157.5,0,0,0,0,0,0,3036
2003,0,97,2000,500,830,0,0,0,0,0,0,0,0,0,0,-142.20863342285156,1,0,0,0,157.5,0,0,0,0,0,0,3036
2004,0,98,2000,500,830,0,0,0,0,0,0,0,0,0,0,-142.20863342285156,1,0,0,0,157.5,0,0,0,0,0,0,3036
2005,0,99,2000,500,830,0,0,0,0,0,0,0,0,0,0,-142.20863342285156,1,0,0,0,157.5,0,0,0,0,0,0,3036
2006,0,100,2000,500,830,0,0,0,0,0,0,0,0,0,0,-142.20863342285156,1,0,0,0,157.5,0,0,0,0,0,0,3036
2007,0,101,2000,500,830,0,0,0,0,0,0,0,0,0,0,-142.20863342285156,1,0,0,0,157.5,0,0,0,0,0,0,3036
2008,0,102,2000,500,830,0,0,0,0,0,0,0,0,0,0,-142.20863342285156,1,0,0,0,157.5,0,0,0,0,0,0,3036
2009,0,103,2000,500,830,0,0,0,0,0,0,0,0,0,0,-142.20863342285156,1,0,0,0,157.5,0,0,0,0,0,0,3036
2010,0,104,2000,500,830,0,0,0,0,0,0,0,0,0,0,-142.20863342285156,1,0,0,0,157.5,0,0,0,0,0,0,3036
2011,0,105,2000,500,830,0,0,0,0,0,0,0,0,0,0,-142.20863342285156,1,0,0,0,157.5,0,0,0,0,0,0,3036
2012,0,106,2000,500,830,0,0,0,0,0,0,0,0,0,0,-142.20863342285156,1,0,0,0,157.5,0,0,0,0,0,0,3036
2013,0,107,2000,500,830,0,0,0,0,0,0,0,0,0,0,-142.20863342285156,1,0,0,0,157.5,0,0,0,0,0,0,3036
2014,0,108,2000,500,830,0,0,0,0,0,0,0,0,0,0,-142.20863342285156,1,0,0,0,157.5,0,0,0,0,0,0,3036
2015,0,109,2000,500,830,0,0,0,0,0,0,0,0,0,0,-142.20863342285156,1,0,0,0,157.5,0,0,0,0,0,0,3036
2016,0,110,2000,500,830,0,0,0,0,0,0,0,0,0,0,-142.20863342285156,1,0,0,0,157.5,0,0,0,0,0,0,3036
2017,0,111,2000,500,830,0,0,0,0,0,0,0,0,0,0,-142.20863342285156,1,0,0,0,157.5,0,0,0,0,0,0,3036
2018,0,112,2000,500,830,0,0,0,0,0,0,0,0,0,0,-142.20863342285156,1,0,0,0,157.5,0,0,0,0,0,0,3036
2019,0,113,2000,500,830,0,0,0,0,0,0,0,0,0,0,-142.20863342285156,1,0,0,0,157.5,0,0,0,0,0,0,3036
2020,0,114,2000,500,830,0,0,0,0,0,0,0,0,0,0,-142.20863342285156,1,0,0,0,157.5,0,0,0,0,0,0,3036
2021,0,115,2000,500,830,0,0,0,0,0,0,0,0,0,0,-142.20863342285156,1,0,0,0,157.5,0,0,0,0,0,0,3036
2022,0,116,2000,500,830,0,0,0,0,0,0,0,0,0,0,-142.20863342285156,1,0,0,0,157.5,0,0,0,0,0,0,3036
2023,0,117,2000,500,830,0,0,0,0,0,0,0,0,0,0,-142.20863342285156,1,0,0,0,157.5,0,0,0,0,0,0,3036
2024,0,118,2000,500,830,0,0,0,0,0,0,0,0,0,0,-142.20863342285156,1,0,0,0,157.5,0,0,0,0,0,0,3036
2025,0,119,2000,500,830,0,0,0,0,0,0,0,0,0,0,-142.20863342285156,1,0,0,0,157.5,0,0,0,0,0,0,3036
2026,0,120,2000,500,830,0,0,0,0,0,0,0,0,0,0,-142.20863342285156,1,0,0,0,157.5,0,0,0,0,0,0,3036
2027,0,121,2000,500,830,0,0,0,0,0,0,0,0,0,0,-142.20863342285156,1,0,0,0,157.5,0,0,0,0,0,0,3036
2028,0,122,2000,500,830,0,0,0,0,0,0,0,0,0,0,-142.20863342285156,1,0,0,0,157.5,0,0,0,0,0,0,3036
2029,0,123,2000,500,830,0,0,0,0,0,0,0,0,0,0,-142.20863342285156,1,0,0,0,157.5,0,0,0,0,0,0,3036
2030,0,124,2000,500,830,0,0,0,0,0,0,0,0,0,0,-142.20863342285156,1,0,0,0,157.5,0,0,0,0,0,0,3036
2031,0,125,2000,500,830,0,0,0,0,0,0,0,0,0,0,-142.20863342285156,1,0,0,0,157.5,0,0,0,0,0,0,3036
2032,0,126,2000,500,830,0,0,0,0,0,0,0,0,0,0,-142.20863342285156,1,0,0,0,157.5,0,0,0,0,0,0,3036
2033,0,127,2000,500,830,0,0,0,0,0,0,0,0,0,0,-142.20863342285156,1,0,0,0,157.5,0,0,0,0,0,0,3036
2034,0,128,2000,500,830,0,0,0,0,0,0,0,0,0,0,-142.20863342285156,1,0,0,0,157.5,0,0,0,0,0,0,3036
2035,0,129,2000,500,830,0,0,0,0,0,0,0,0,0,0,-142.20863342285156,1,0,0,0,157.5,0,0,0,0,0,0,3036
2036,0,130,2000,500,830,0,0,0,0,0,0,0,0,0,0,-142.20863342285156,1,0,0,0,157.5,0,0,0,0,0,0,3036
2037,0,131,2000,500,830,0,0,0,0,0,0,0,0,0,0,-142.20863342285156,1,0,0,0,157.5,0,0,0,0,0,0,3036
2038,0,132,2000,500,830,0,0,0,0,0,0,0,0,0,0,-142.20863342285156,1,0,0,0,157.5,0,0,0,0,0,0,3036
2039,0,133,2000,500,830,0,0,0,0,0,0,0,0,0,0,-142.20863342285156,1,0,0,0,157.5,0,0,0,0,0,0,3036
2040,0,134,2000,500,830,0,0,0,0,0,0,0,0,0,0,-142.20863342285156,1,0,0,0,157.5,0,0,0,0,0,0,3036
2041,0,135,2000,500,830,0,0,0,0,0,0,0,0,0,0,-142.20863342285156,1,0,0,0,157.5,0,0,0,0,0,0,3036
2042,0,136,2000,500,830,0,0,0,0,0,0,0,0,0,0,-142.20863342285156,1,0,0,0,157.5,0,0,0,0,0,0,3036
2043,0,137,2000,500,830,0,0,0,0,0,0,0,0,0,0,-142.20863342285156,1,0,0,0,157.5,0,0,0,0,0,0,3036
2044,0,138,2000,500,830,0,0,0,0,0,0,0,0,0,0,-142.20863342285156,1,0,0,0,157.5,0,0,0,0,0,0,3036
2045,0,139,2000,500,830,0,0,0,0,0,0,0,0,0,0,-142.20863342285156,1,0,0,0,157.5,0,0,0,0,0,0,3036
2046,0,140,2000,500,830,0,0,0,0,0,0,0,0,0,0,-142.20863342285156,1,0,0,0,157.5,0,0,0,0,0,0,3036
2047,0,141,2000,500,830,0,0,0,0,0,0,0,0,0,0,-142.20863342285156,1,0,0,0,157.5,0,0,0,0,0,0,3036
2048,0,142,2000,500,830,0,0,0,0,0,0,0,0,0,0,-142.20863342285156,1,0,0,0,157.5,0,0,0,0,0,0,3036
2049,0,143,2000,500,830,0,0,0,0,0,0,0,0,0,0,-142.20863342285156,1,0,0,0,157.5,0,0,0,0,0,0,3036
2050,0,144,2000,500,830,0,0,0,0,0,0,0,0,0,0,-142.20863342285156,1,0,0,0,157.5,0,0,0,0,0,0,3036
2051,0,145,2000,500,830,0,0,0,0,0,0,0,0,0,0,-142.20863342285156,1,0,0,0,157.5,0,0,0,0,0,0,3036
2052,0,146,2000,500,830,0,0,0,0,0,0,0,0,0,0,-142.20863342285156,1,0,0,0,157.5,0,0,0,0,0,0,3036
2053,0,147,2000,500,830,0,0,0,0,0,0,0,0,0,0,-142.20863342285156,1,0,0,0,157.5,0,0,0,0,0,0,3036
2054,0,148,2000,500,830,0,0,0,0,0,0,0,0,0,0,-142.20863342285156,1,0,0,0,157.5,0,0,0,0,0,0,3036
2055,0,149,2000,500,830,0,0,0,0,0,0,0,0,0,0,-142.20863342285156,1,0,0,0,157.5,0,0,0,0,0,0,3036
2056,0,150,2000,500,830,0,0,0,0,0,0,0,0,0,0,-142.20863342285156,1,0,0,0,157.5,0,0,0,0,0,0,3036
2057,0,151,2000,500,830,0,0,0,0,0,0,0,0,0,0,-142.20863342285156,1,0,0,0,157.5,0,0,0,0,0,0,3036
2058,0,152,2000,500,830,0,0,0,0,0,0,0,0,0,0,-142.20863342285156,1,0,0,0,157.5,0,0,0,0,0,0,3036
2059,0,153,2000,500,830,0,0,0,0,0,0,0,0,0,0,-142.20863342285156,1,0,0,0,157.5,0,0,0,0,0,0,3036
2060,0,154,2000,500,830,0,0,0,0,0,0,0,0,0,0,-142.20863342285156,1,0,0,0,157.5,0,0,0,0,0,0,3036
2061,0,155,2000,500,830,0,0,0,0,0,0,0,0,0,0,-142.20863342285156,1,0,0,0,157.5,0,0,0,0,0,0,3036
2062,0,156,2000,500,830,0,0,0,0,0,0,0,0,0,0,-142.20863342285156,1,0,0,0,157.5,0,0,0,0,0,0,3036
2063,0,157,2000,500,830,0,0,0,0,0,0,0,0,0,0,-142.20863342285156,1,0,0,0,157.5,0,0,0,0,0,0,3036
2064,0,158,2000,500,830,0,0,0,0,0,0,0,0,0,0,-142.20863342285156,1,0,0,0,157.5,0,0,0,0,0,0,3036
2065,0,159,2000,500,830,0,0,0,0,0,0,0,0,0,0,-142.20863342285156,1,0,0,0,157.5,0,0,0,0,0,0,3036
2066,0,160,2000,500,830,0,0,0,0,0,0,0,0,0,0,-142.20863342285156,1,0,0,0,157.5,0,0,0,0,0,0,3036
2067,0,161,2000,500,830,0,0,0,0,0,0,0,0,0,0,-142.20863342285156,1,0,0,0,157.5,0,0,0,0,0,0,3036
2068,0,162,2000,500,830,0,0,0,0,0,0,0,0,0,0,-142.20863342285156,1,0,0,0,157.5,0,0,0,0,0,0,3036
2069,0,163,2000,500,830,0,0,0,0,0,0,0,0,0,0,-142.20863342285156,1,0,0,0,157.5,0,0,0,0,0,0,3036
2070,0,164,2000,500,830,0,0,0,0,0,0,0,0,0,0,-142.20863342285156,1,0,0,0,157.5,0,0,0,0,0,0,3036
2071,0,165,2000,500,830,0,0,0,0,0,0,0,0,0,0,-142.20863342285156,1,0,0,0,157.5,0,0,0,0,0,0,3036
2072,0,166,2000,500,830,0,0,0,0,0,0,0,0,0,0,-142.20863342285156,1,0,0,0,157.5,0,0,0,0,0,0,3036
2073,0,167,2000,500,830,0,0,0,0,0,0,0,0,0,0,-142.20863342285156,1,0,0,0,157.5,0,0,0,0,0,0,3036
2074,0,168,2000,500,830,0,0,0,0,0,0,0,0,0,0,-142.20863342285156,1,0,0,0,157.5,0,0,0,0,0,0,3036
2075,0,169,2000,500,830,0,0,0,0,0,0,0,0,0,0,-142.20863342285156,1,0,0,0,157.5,0,0,0,0,0,0,3036
2076,0,170,2000,500,830,0,0,0,0,0,0,0,0,0,0,-142.20863342285156,1,0,0,0,157.5,0,0,0,0,0,0,3036
2077,0,171,2000,500,830,0,0,0,0,0,0,0,0,0,0,-142.20863342285156,1,0,0,0,157.5,0,0,0,0,0,0,3036
2078,0,172,2000,500,830,0,0,0,0,0,0,0,0,0,0,-142.20863342285156,1,0,0,0,157.5,0,0,0,0,0,0,3036
2079,0,173,2000,500,830,0,0,0,0,0,0,0,0,0,0,-142.20863342285156,1,0,0,0,157.5,0,0,0,0,0,0,3036
2080,0,174,2000,500,830,0,0,0,0,0,0,0,0,0,0,-142.20863342285156,1,0,0,0,157.5,0,0,0,0,0,0,3036
2081,0,175,2000,500,830,0,0,0,0,0,0,0,0,0,0,-142.20863342285156,1,0,0,0,157.5,0,0,0,0,0,0,3036
2082,0,176,2000,500,830,0,0,0,0,0,0,0,0,0,0,-142.20863342285156,1,0,0,0,157.5,0,0,0,0,0,0,3036
2083,0,177,2000,500,830,0,0,0,0,0,0,0,0,0,0,-142.20863342285156,1,0,0,0,157.5,0,0,0,0,0,0,3036
2084,0,178,2000,500,830,0,0,0,0,0,0,0,0,0,0,-142.20863342285156,1,0,0,0,157.5,0,0,0,0,0,0,3036
2085,0,179,2000,500,830,0,0,0,0,0,0,0,0,0,0,-142.20863342285156,1,0,0,0,157.5,0,0,0,0,0,0,3036
2086,0,180,2000,500,830,0,0,0,0,0,0,0,0,0,0,-142.20863342285156,1,0,0,0,157.5,0,0,0,0,0,0,3036
2087,0,181,2000,500,830,0,0,0,0,0,0,0,0,0,0,-142.20863342285156,1,0,0,0,157.5,0,0,0,0,0,0,3036
2088,0,182,2000,500,830,0,0,0,0,0,0,0,0,0,0,-142.20863342285156,1,0,0,0,157.5,0,0,0,0,0,0,3036
2089,0,183,2000,500,830,0,0,0,0,0,0,0,0,0,0,-142.20863342285156,1,0,0,0,157.5,0,0,0,0,0,0,3036
2090,0,184,2000,500,830,0,0,0,0,0,0,0,0,0,0,-142.20863342285156,1,0,0,0,157.5,0,0,0,0,0,0,3036
2091,0,185,2000,500,830,0,0,0,0,0,0,0,0,0,0,-142.20863342285156,1,0,0,0,157.5,0,0,0,0,0,0,3036
2092,0,186,2000,500,830,0,0,0,0,0,0,0,0,0,0,-142.20863342285156,1,0,0,0,157.5,0,0,0,0,0,0,3036
2093,0,187,2000,500,830,0,0,0,0,0,0,0,0,0,0,-142.20863342285156,1,0,0,0,157.5,0,0,0,0,0,0,3036
2094,0,188,2000,500,830,0,0,0,0,0,0,0,0,0,0,-142.20863342285156,1,0,0,0,157.5,0,0,0,0,0,0,3036
2095,0,189,2000,500,830,0,0,0,0,0,0,0,0,0,0,-142.20863342285156,1,0,0,0,157.5,0,0,0,0,0,0,3036
2096,0,190,2000,500,830,0,0,0,0,0,0,0,0,0,0,-142.20863342285156,1,0,0,0,157.5,0,0,0,0,0,0,3036
2097,0,191,2000,500,830,0,0,0,0,0,0,0,0,0,0,-142.20863342285156,1,0,0,0,157.5,0,0,0,0,0,0,3036
2098,0,192,2000,500,830,0,0,0,0,0,0,0,0,0,0,-142.20863342285156,1,0,0,0,157.5,0,0,0,0,0,0,3036
2099,0,193,2000,500,830,0,0,0,0,0,0,0,0,0,0,-142.20863342285156,1,0,0,0,157.5,0,0,0,0,0,0,3036
2100,0,194,2000,500,830,0,0,0,0,0,0,0,0,0,0,-142.20863342285156,1,0,0,0,157.5,0,0,0,0,0,0,3036
2101,0,195,2000,500,830,0,0,0,0,0,0,0,0,0,0,-142.20863342285156,1,0,0,0,157.5,0,0,0,0,0,0,3036
2102,0,196,2000,500,830,0,0,0,0,0,0,0,0,0,0,-142.20863342285156,1,0,0,0,157.5,0,0,0,0,0,0,3036
2103,0,197,2000,500,830,0,0,0,0,0,0,0,0,0,0,-142.20863342285156,1,0,0,0,157.5,0,0,0,0,0,0,3036
2104,0,198,2000,500,830,0,0,0,0,0,0,0,0,0,0,-142.20863342285156,1,0,0,0,157.5,0,0,0,0,0,0,3036
2105,0,199,2000,500,830,0,0,0,0,0,0,0,0,0,0,-142.20863342285156,1,0,0,0,157.5,0,0,0,0,0,0,3036
2106,0,200,2000,500,830,0,0,0,0,0,0,0,0,0,0,-142.20863342285156,1,0,0,0,157.5,0,0,0,0,0,0,3036
2107,0,201,2000,500,830,0,0,0,0,0,0,0,0,0,0,-142.20863342285156,1,0,0,0,157.5,0,0,0,0,0,0,3036
2108,0,202,2000,500,830,0,0,0,0,0,0,0,0,0,0,-142.20863342285156,1,0,0,0,157.5,0,0,0,0,0,0,3036
2109,0,203,2000,500,830,0,0,0,0,0,0,0,0,0,0,-142.20863342285156,1,0,0,0,157.5,0,0,0,0,0,0,3036
2110,0,1,3000,500,1000,500,0,0,0,0,0,0,0,0,0,-145.00003051757812,1,0,0,0,157.5,0,0,0,0,0,0,1000
2111,0,2,3000,500,1000,499,0,0,0,0,0,0,0,0,0,-145.00003051757812,1,0,0,0,157.5,0,0,0,0,0,0,1000
2112,0,3,3000,500,1000,498,0,0,0,0,0,0,0,0,0,-145.00003051757812,1,0,0,0,157.5,0,0,0,0,0,0,1000
2113,0,4,3000,500,1000,497,0,0,0,0,0,0,0,0,0,-145.00003051757812,1,0,0,0,157.5,0,0,0,0,0,0,1000
2114,0,5,3000,500,1000,496,0,0,0,0,0,0,0,0,0,-145.00003051757812,1,0,0,0,157.5,0,0,0,0,0,0,1000
2115,0,6,3000,500,1000,495,0,0,0,0,0,0,0,0,0,-145.00003051757812,1,0,0,0,157.5,0,0,0,0,0,0,1000
2116,0,7,3000,500,1000,494,0,0,0,0,0,0,0,0,0,-145.00003051757812,1,0,0,0,157.5,0,0,0,0,0,0,1000
2117,0,8,3000,500,1000,493,0,0,0,0,0,0,0,0,0,-145.00003051757812,1,0,0,0,157.5,0,0,0,0,0,0,1000
2118,0,9,3000,500,1000,492,0,0,0,0,0,0,0,0,0,-145.00003051757812,1,0,0,0,157.5,0,0,0,0,0,0,1000
2119,10,1,3000,500,1000,491,0,0,0,0,0,0,0,0,0,-145.00003051757812,1,0,0,0,157.5,0,0,0,0,0,0,1000
2120,10,2,3000,500,1000,490,0,0,0,0,0,0,0,0,0,-145.00003051757812,1,0,0,0,157.5,0,0,0,0,0,0,1000
2121,10,3,3000,500,1000,489,0,0,0,0,0,0,0,0,0,-145.00003051757812,1,0,0,0,157.5,0,0,0,0,0,0,1000
2122,10,4,3000,500,1000,488,0,0,0,0,0,0,0,0,0,-145.00003051757812,1,0,0,0,157.5,0,0,0,0,0,0,1000
2123,10,5,3000,500,1000,487,0,0,0,0,0,0,0,0,0,-145.00003051757812,1,0,0,0,157.5,0,0,0,0,0,0,1000
2124,10,6,3000,500,1000,486,0,0,0,0,0,0,0,0,0,-145.00003051757812,1,0,0,0,157.5,0,0,0,0,0,0,1000
2125,12,1,3000,500,1000,485,0,0,0,0,0,0,0,0,0,-145.00003051757812,1,0,0,0,157.5,0,0,0,0,0,0,1000
2126,20,1,3000,500,1000,484,0,0,0,0,0,0,0,0,0,-144.00003051757812,1,0,0,0,157.5,0,0,0,0,0,0,1000
2127,20,2,3000,500,1000,483,0,0,0,0,0,0,0,0,0,-144.00003051757812,1,0,0,0,156.5,0,0,0,0,0,0,1000
2128,10,1,3000,500,1000,482,0,0,0,0,0,0,0,0,0,-144.00003051757812,1,0,0,0,155.5,0,0,0,0,0,0,1000
2129,10,2,3000,500,1000,481,0,0,0,0,0,0,0,0,0,-144.00003051757812,1,0,0,0,155.5,0,0,0,0,0,0,1000
2130,10,3,3000,500,1000,480,0,0,0,0,0,0,0,0,0,-144.00003051757812,1,0,0,0,155.5,0,0,0,0,0,0,1000
2131,10,4,3000,500,1000,479,0,0,0,0,0,0,0,0,0,-144.00003051757812,1,0,0,0,155.5,0,0,0,0,0,0,1000
2132,10,5,3000,500,1000,478,0,0,0,0,0,0,0,0,0,-144.00003051757812,1,0,0,0,155.5,0,0,0,0,0,0,1000
2133,10,6,3000,500,1000,477,0,0,0,0,0,0,0,0,0,-144.00003051757812,1,0,0,0,155.5,0,0,0,0,0,0,1000
2134,4000,1,1000,500,1000,476,0,0,0,0,0,0,0,0,0,-144.00003051757812,1,0,0,0,155.5,0,0,0,0,0,0,1000
2135,4000,2,1000,500,1000,0,0,0,0,0,0,0,0,0,0,-144.00003051757812,1,0,0,0,155.5,0,0,0,0,0,0,1000
2136,4000,3,1000,500,1000,0,0,0,0,0,0,0,0,0,0,-144.00003051757812,1,0,0,0,155.5,0,0,0,0,0,0,1000
2137,4000,4,1000,500,1000,0,0,0,0,0,0,0,0,0,0,-141.75003051757812,1,0,0,0,155.5,0,0,0,0,0,0,1000
2138,4000,5,1000,500,1000,0,0,0,0,0,0,0,0,0,0,-140.00003051757812,1,0,0,0,155.5,0,0,0,0,0,0,1000
2139,4000,6,1000,500,1000,0,0,0,0,0,0,0,0,0,0,-138.25003051757812,1,0,0,0,155.5,0,0,0,0,0,0,1000
2140,4000,7,1000,500,1000,0,0,0,0,0,0,0,0,0,0,-136.50003051757812,1,0,0,0,155.5,0,0,0,0,0,0,1000
2141,4000,8,1000,500,1000,0,0,0,0,0,0,0,0,0,0,-134.75003051757812,1,0,0,0,155.5,0,0,0,0,0,0,1000
2142,4000,9,1000,500,1000,0,0,0,0,0,0,0,0,0,0,-133.00003051757812,1,0,0,0,155.5,0,0,0,0,0,0,1000
2143,4000,10,1000,500,1000,0,0,0,0,0,0,0,0,0,0,-131.25003051757812,1,0,0,0,155.5,0,0,0,0,0,0,1000
2144,4000,11,1000,500,1000,0,0,0,0,0,0,0,0,0,0,-129.50003051757812,1,0,0,0,155.5,0,0,0,0,0,0,1000
2145,4000,12,1000,500,1000,0,0,0,0,0,0,0,0,0,0,-127.75003051757812,1,0,0,0,155.5,0,0,0,0,0,0,1000
2146,4000,13,1000,500,1000,0,0,0,0,0,0,0,0,0,0,-126.00003051757812,1,0,0,0,155.5,0,0,0,0,0,0,1000
2147,4000,14,1000,500,1000,0,0,0,0,0,0,0,0,0,0,-126.00003051757812,1,0,0,0,155.5,0,0,0,0,0,0,1000
2148,4000,15,1000,500,1000,0,0,0,0,0,0,0,0,0,0,-126.00003051757812,1,0,0,0,155.5,0,0,0,0,0,0,1132
2149,4000,16,1000,500,1000,0,0,0,0,0,0,0,0,0,0,-126.00003051757812,1,0,0,0,155.5,0,0,0,0,0,0,1132
2150,4000,17,1000,500,1000,0,0,0,0,0,0,0,0,0,0,-126.00003051757812,1,0,0,0,155.5,0,0,0,0,0,0,1132
2151,4000,18,1000,500,1000,0,0,0,0,0,0,0,0,0,0,-126.00003051757812,1,0,0,0,155.5,0,0,0,0,0,0,1132
2152,4000,19,1000,500,1000,0,0,0,0,0,0,0,0,0,0,-126.00003051757812,1,0,0,0,155.5,0,0,0,0,0,0,1132
2153,4000,20,1000,500,1000,0,0,0,0,0,0,0,0,0,0,-126.00003051757812,1,0,0,0,155.5,0,0,0,0,0,0,1132
2154,4000,21,1000,500,1000,0,0,0,0,0,0,0,0,0,0,-126.00003051757812,1,0,0,0,155.5,0,0,0,0,0,0,1132
2155,4000,22,1000,500,1000,0,0,0,0,0,0,0,0,0,0,-126.00003051757812,1,0,0,0,155.5,0,0,0,0,0,0,1132
2156,4000,23,1000,500,1000,0,0,0,0,0,0,0,0,0,0,-126.00003051757812,1,0,0,0,155.5,0,0,0,0,0,0,1132
2157,4000,24,1000,500,780,0,0,0,0,0,0,0,0,0,0,-126.00003051757812,1,0,0,0,155.5,0,0,0,0,0,0,2132
2158,4000,25,1000,500,780,0,0,0,0,0,0,0,0,0,0,-126.00003051757812,1,0,0,0,155.5,0,0,0,0,0,0,1982
2159,4000,26,1000,500,780,0,0,0,0,0,0,0,0,0,0,-126.00003051757812,1,0,0,0,155.5,0,0,0,0,0,0,1982
2160,4000,27,1000,500,780,0,0,0,0,0,0,0,0,0,0,-126.00003051757812,1,0,0,0,155.5,0,0,0,0,0,0,1982
2161,4000,28,1000,500,780,0,0,0,0,0,0,0,0,0,0,-126.00003051757812,1,0,0,0,155.5,0,0,0,0,0,0,1982
2162,4000,29,1000,500,780,0,0,0,0,0,0,0,0,0,0,-126.00003051757812,1,0,0,0,155.5,0,0,0,0,0,0,1982
2163,4000,30,1000,500,780,0,0,0,0,0,0,0,0,0,0,-126.00003051757812,1,0,0,0,155.5,0,0,0,0,0,0,1982
2164,4000,31,1000,500,780,0,0,0,0,0,0,0,0,0,0,-126.00003051757812,1,0,0,0,155.5,0,0,0,0,0,0,1982
2165,4000,32,1000,500,780,0,0,0,0,0,0,0,0,0,0,-126.00003051757812,1,0,0,0,155.5,0,0,0,0,0,0,1982
2166,4000,33,1000,500,780,0,0,0,0,0,0,0,0,0,0,-126.00003051757812,1,0,0,0,155.5,0,0,0,0,0,0,1982
2167,4000,34,1000,500,780,0,0,0,0,0,0,0,0,0,0,-126.00003051757812,1,0,0,0,155.5,0,0,0,0,0,0,1982
2168,4000,35,1000,500,780,0,0,0,0,0,0,0,0,0,0,-126.00003051757812,1,0,0,0,155.5,0,0,0,0,0,0,1982
2169,4000,36,1000,500,780,0,0,0,0,0,0,0,0,0,0,-126.00003051757812,1,0,0,0,155.5,0,0,0,0,0,0,1982
2170,4000,37,1000,500,780,0,0,0,0,0,0,0,0,0,0,-126.00003051757812,1,0,0,0,155.5,0,0,0,0,0,0,1982
2171,4000,38,1000,500,780,0,0,0,0,0,0,0,0,0,0,-126.00003051757812,1,0,0,0,155.5,0,0,0,0,0,0,1982
2172,4000,39,1000,500,780,0,0,0,0,0,0,0,0,0,0,-126.00003051757812,1,0,0,0,155.5,0,0,0,0,0,0,1982
2173,4000,40,1000,500,780,0,0,0,0,0,0,0,0,0,0,-126.00003051757812,1,0,0,0,155.5,0,0,0,0,0,0,1982
2174,4000,41,1000,500,780,0,0,0,0,0,0,0,0,0,0,-126.00003051757812,1,0,0,0,155.5,0,0,0,0,0,0,1982
2175,4000,42,1000,500,780,0,0,0,0,0,0,0,0,0,0,-126.00003051757812,1,0,0,0,155.5,0,0,0,0,0,0,1982
2176,4000,43,1000,500,780,0,0,0,0,0,0,0,0,0,0,-126.00003051757812,1,0,0,0,155.5,0,0,0,0,0,0,1982
2177,4000,44,1000,500,780,0,0,0,0,0,0,0,0,0,0,-126.00003051757812,1,0,0,0,155.5,0,0,0,0,0,0,1982
2178,4000,45,1000,500,780,0,0,0,0,0,0,0,0,0,0,-126.00003051757812,1,0,0,0,155.5,0,0,0,0,0,0,1982
2179,4000,46,1000,500,780,0,0,0,0,0,0,0,0,0,0,-126.00003051757812,1,0,0,0,155.5,0,0,0,0,0,0,1982
2180,4000,47,1000,500,780,0,0,0,0,0,0,0,0,0,0,-126.00003051757812,1,0,0,0,155.5,0,0,0,0,0,0,1982
2181,4000,48,1000,500,780,0,0,0,0,0,0,0,0,0,0,-126.00003051757812,1,0,0,0,155.5,0,0,0,0,0,0,1982
2182,4000,49,1000,500,780,0,0,0,0,0,0,0,0,0,0,-126.00003051757812,1,0,0,0,155.5,0,0,0,0,0,0,1982
2183,4000,50,1000,500,780,0,0,0,0,0,0,0,0,0,0,-126.00003051757812,1,0,0,0,155.5,0,0,0,0,0,0,1982
2184,4000,51,1000,500,780,0,0,0,0,0,0,0,0,0,0,-126.00003051757812,1,0,0,0,155.5,0,0,0,0,0,0,1982
2185,4000,52,1000,500,780,0,0,0,0,0,0,0,0,0,0,-126.00003051757812,1,0,0,0,155.5,0,0,0,0,0,0,1982
2186,4000,53,1000,500,780,0,0,0,0,0,0,0,0,0,0,-126.00003051757812,1,0,0,0,155.5,0,0,0,0,0,0,1982
2187,4000,54,1000,500,780,0,0,0,0,0,0,0,0,0,0,-126.00003051757812,1,0,0,0,155.5,0,0,0,0,0,0,1982
2188,4000,55,1000,500,780,0,0,0,0,0,0,0,0,0,0,-126.00003051757812,1,0,0,0,155.5,0,0,0,0,0,0,1982
2189,4000,56,1000,500,780,0,0,0,0,0,0,0,0,0,0,-126.00003051757812,1,0,0,0,155.5,0,0,0,0,0,0,1982
2190,4000,57,1000,500,780,0,0,0,0,0,0,0,0,0,0,-126.00003051757812,1,0,0,0,155.5,0,0,0,0,0,0,1982
2191,4000,58,1000,500,780,0,0,0,0,0,0,0,0,0,0,-126.00003051757812,1,0,0,0,155.5,0,0,0,0,0,0,1982
2192,4000,59,1000,500,780,0,0,0,0,0,0,0,0,0,0,-126.00003051757812,1,0,0,0,155.5,0,0,0,0,0,0,1982
2193,4000,60,1000,500,780,0,0,0,0,0,0,0,0,0,0,-126.00003051757812,1,0,0,0,155.5,0,0,0,0,0,0,1982
2194,0,1,1000,500,780,0,0,0,0,0,0,0,0,0,0,-126.00003051757812,1,0,0,0,155.5,0,0,0,0,0,0,1982
2195,0,2,1000,500,780,0,0,0,0,0,0,0,0,0,0,-126.00003051757812,1,0,0,0,155.5,0,0,0,0,0,0,1982
2196,0,3,1000,500,780,0,0,0,0,0,0,0,0,0,0,-126.00003051757812,1,0,0,0,155.5,0,0,0,0,0,0,1982
2197,0,4,1000,500,780,0,0,0,0,0,0,0,0,0,0,-126.00003051757812,1,0,0,0,155.5,0,0,0,0,0,0,1982
2198,0,5,1000,500,780,0,0,0,0,0,0,0,0,0,0,-126.00003051757812,1,0,0,0,155.5,0,0,0,0,0,0,1982
2199,0,6,1000,500,780,0,0,0,0,0,0,0,0,0,0,-126.00003051757812,1,0,0,0,155.5,0,0,0,0,0,0,1982
2200,0,7,1000,500,780,0,0,0,0,0,0,0,0,0,0,-126.00003051757812,1,0,0,0,155.5,0,0,0,0,0,0,1982
2201,0,8,1000,500,780,0,0,0,0,0,0,0,0,0,0,-126.00003051757812,1,0,0,0,155.5,0,0,0,0,0,0,1982
2202,0,9,1000,500,780,0,0,0,0,0,0,0,0,0,0,-126.00003051757812,1,0,0,0,155.5,0,0,0,0,0,0,1982
2203,0,10,1000,500,780,0,0,0,0,0,0,0,0,0,0,-126.00003051757812,1,0,0,0,155.5,0,0,0,0,0,0,1982
2204,0,11,1000,500,780,0,0,0,0,0,0,0,0,0,0,-126.00003051757812,1,0,0,0,155.5,0,0,0,0,0,0,1982
2205,0,12,1000,500,780,0,0,0,0,0,0,0,0,0,0,-126.00003051757812,1,0,0,0,155.5,0,0,0,0,0,0,1982
2206,0,13,1000,500,780,0,0,0,0,0,0,0,0,0,0,-126.00003051757812,1,0,0,0,155.5,0,0,0,0,0,0,1982
2207,0,14,1000,500,780,0,0,0,0,0,0,0,0,0,0,-126.00003051757812,1,0,0,0,155.5,0,0,0,0,0,0,1982
2208,0,15,1000,500,780,0,0,0,0,0,0,0,0,0,0,-126.00003051757812,1,0,0,0,155.5,0,0,0,0,0,0,1982
2209,0,16,1000,500,780,0,0,0,0,0,0,0,0,0,0,-126.00003051757812,1,0,0,0,155.5,0,0,0,0,0,0,1982
2210,0,17,1000,500,780,0,0,0,0,0,0,0,0,0,0,-126.00003051757812,1,0,0,0,155.5,0,0,0,0,0,0,1982
2211,0,18,1000,500,780,0,0,0,0,0,0,0,0,0,0,-126.00003051757812,1,0,0,0,155.5,0,0,0,0,0,0,1982
2212,0,19,1000,500,780,0,0,0,0,0,0,0,0,0,0,-126.00003051757812,1,0,0,0,155.5,0,0,0,0,0,0,1982
2213,0,20,1000,500,780,0,0,0,0,0,0,0,0,0,0,-126.00003051757812,1,0,0,0,155.5,0,0,0,0,0,0,1982
2214,0,21,1000,500,780,0,0,0,0,0,0,0,0,0,0,-126.00003051757812,1,0,0,0,155.5,0,0,0,0,0,0,1982
2215,0,22,1000,500,780,0,0,0,0,0,0,0,0,0,0,-126.00003051757812,1,0,0,0,155.5,0,0,0,0,0,0,1982
2216,0,23,1000,500,780,0,0,0,0,0,0,0,0,0,0,-126.00003051757812,1,0,0,0,155.5,0,0,0,0,0,0,1982
2217,0,24,1000,500,780,0,0,0,0,0,0,0,0,0,0,-126.00003051757812,1,0,0,0,155.5,0,0,0,0,0,0,1982
2218,0,25,1000,500,780,0,0,0,0,0,0,0,0,0,0,-126.00003051757812,1,0,0,0,155.5,0,0,0,0,0,0,1982
2219,0,26,1000,500,780,0,0,0,0,0,0,0,0,0,0,-126.00003051757812,1,0,0,0,155.5,0,0,0,0,0,0,1982
2220,0,27,1000,500,780,0,0,0,0,0,0,0,0,0,0,-126.00003051757812,1,0,0,0,155.5,0,0,0,0,0,0,1982
2221,0,28,1000,500,780,0,0,0,0,0,0,0,0,0,0,-126.00003051757812,1,0,0,0,155.5,0,0,0,0,0,0,1982
2222,0,29,1000,500,780,0,0,0,0,0,0,0,0,0,0,-126.00003051757812,1,0,0,0,155.5,0,0,0,0,0,0,1982
2223,0,30,1000,500,780,0,0,0,0,0,0,0,0,0,0,-126.00003051757812,1,0,0,0,155.5,0,0,0,0,0,0,1982
2224,0,31,1000,500,780,0,0,0,0,0,0,0,0,0,0,-126.00003051757812,1,0,0,0,155.5,0,0,0,0,0,0,1982
2225,0,32,1000,500,780,0,0,0,0,0,0,0,0,0,0,-126.00003051757812,1,0,0,0,155.5,0,0,0,0,0,0,1982
2226,0,33,1000,500,780,0,0,0,0,0,0,0,0,0,0,-126.00003051757812,1,0,0,0,155.5,0,0,0,0,0,0,1982
2227,0,34,1000,500,780,0,0,0,0,0,0,0,0,0,0,-126.00003051757812,1,0,0,0,155.5,0,0,0,0,0,0,1982
2228,0,35,1000,500,780,0,0,0,0,0,0,0,0,0,0,-126.00003051757812,1,0,0,0,155.5,0,0,0,0,0,0,1982
2229,0,36,1000,500,780,0,0,0,0,0,0,0,0,0,0,-126.00003051757812,1,0,0,0,155.5,0,0,0,0,0,0,1982
2230,0,37,1000,500,780,0,0,0,0,0,0,0,0,0,0,-126.00003051757812,1,0,0,0,155.5,0,0,0,0,0,0,1982
2231,0,38,1000,500,780,0,0,0,0,0,0,0,0,0,0,-126.00003051757812,1,0,0,0,155.5,0,0,0,0,0,0,1982
2232,0,39,1000,500,780,0,0,0,0,0,0,0,0,0,0,-126.00003051757812,1,0,0,0,155.5,0,0,0,0,0,0,1982
2233,0,40,1000,500,780,0,0,0,0,0,0,0,0,0,0,-126.00003051757812,1,0,0,0,155.5,0,0,0,0,0,0,1982
2234,0,41,1000,500,780,0,0,0,0,0,0,0,0,0,0,-126.00003051757812,1,0,0,0,155.5,0,0,0,0,0,0,1982
2235,0,42,1000,500,780,0,0,0,0,0,0,0,0,0,0,-126.00003051757812,1,0,0,0,155.5,0,0,0,0,0,0,1982
2236,0,43,1000,500,780,0,0,0,0,0,0,0,0,0,0,-126.00003051757812,1,0,0,0,155.5,0,0,0,0,0,0,1982
2237,0,44,1000,500,780,0,0,0,0,0,0,0,0,0,0,-126.00003051757812,1,0,0,0,155.5,0,0,0,0,0,0,1982
2238,0,45,1000,500,780,0,0,0,0,0,0,0,0,0,0,-126.00003051757812,1,0,0,0,155.5,0,0,0,0,0,0,1982
2239,0,46,1000,500,780,0,0,0,0,0,0,0,0,0,0,-126.00003051757812,1,0,0,0,155.5,0,0,0,0,0,0,1982
2240,0,47,1000,500,780,0,0,0,0,0,0,0,0,0,0,-126.00003051757812,1,0,0,0,155.5,0,0,0,0,0,0,1982
2241,0,48,1000,500,780,0,0,0,0,0,0,0,0,0,0,-126.00003051757812,1,0,0,0,155.5,0,0,0,0,0,0,1982
2242,0,49,1000,500,780,0,0,0,0,0,0,0,0,0,0,-126.00003051757812,1,0,0,0,155.5,0,0,0,0,0,0,1982
2243,0,50,1000,500,780,0,0,0,0,0,0,0,0,0,0,-126.00003051757812,1,0,0,0,155.5,0,0,0,0,0,0,1982
2244,0,51,1000,500,780,0,0,0,0,0,0,0,0,0,0,-126.00003051757812,1,0,0,0,155.5,0,0,0,0,0,0,1982
2245,0,52,1000,500,780,0,0,0,0,0,0,0,0,0,0,-126.00003051757812,1,0,0,0,155.5,0,0,0,0,0,0,1982
2246,0,53,1000,500,780,0,0,0,0,0,0,0,0,0,0,-126.00003051757812,1,0,0,0,155.5,0,0,0,0,0,0,1982
2247,0,54,1000,500,780,0,0,0,0,0,0,0,0,0,0,-126.00003051757812,1,0,0,0,155.5,0,0,0,0,0,0,1982
2248,0,55,1000,500,780,0,0,0,0,0,0,0,0,0,0,-126.00003051757812,1,0,0,0,155.5,0,0,0,0,0,0,1982
2249,0,56,1000,500,780,0,0,0,0,0,0,0,0,0,0,-126.00003051757812,1,0,0,0,155.5,0,0,0,0,0,0,1982
2250,0,57,1000,500,780,0,0,0,0,0,0,0,0,0,0,-126.00003051757812,1,0,0,0,155.5,0,0,0,0,0,0,1982
2251,0,58,1000,500,780,0,0,0,0,0,0,0,0,0,0,-126.00003051757812,1,0,0,0,155.5,0,0,0,0,0,0,1982
2252,0,59,1000,500,780,0,0,0,0,0,0,0,0,0,0,-126.00003051757812,1,0,0,0,155.5,0,0,0,0,0,0,1982
2253,0,60,1000,500,780,0,0,0,0,0,0,0,0,0,0,-126.00003051757812,1,0,0,0,155.5,0,0,0,0,0,0,1982
2254,0,61,1000,500,780,0,0,0,0,0,0,0,0,0,0,-126.00003051757812,1,0,0,0,155.5,0,0,0,0,0,0,1982
2255,0,62,1000,500,780,0,0,0,0,0,0,0,0,0,0,-126.00003051757812,1,0,0,0,155.5,0,0,0,0,0,0,1982
2256,0,63,1000,500,780,0,0,0,0,0,0,0,0,0,0,-126.00003051757812,1,0,0,0,155.5,0,0,0,0,0,0,1982
2257,0,64,1000,500,780,0,0,0,0,0,0,0,0,0,0,-126.00003051757812,1,0,0,0,155.5,0,0,0,0,0,0,1982
2258,0,65,1000,500,780,0,0,0,0,0,0,0,0,0,0,-126.00003051757812,1,0,0,0,155.5,0,0,0,0,0,0,1982
2259,0,66,1000,500,780,0,0,0,0,0,0,0,0,0,0,-126.00003051757812,1,0,0,0,155.5,0,0,0,0,0,0,1982
2260,0,67,1000,500,780,0,0,0,0,0,0,0,0,0,0,-126.00003051757812,1,0,0,0,155.5,0,0,0,0,0,0,1982
2261,0,68,1000,500,780,0,0,0,0,0,0,0,0,0,0,-126.00003051757812,1,0,0,0,155.5,0,0,0,0,0,0,1982
2262,0,69,1000,500,780,0,0,0,0,0,0,0,0,0,0,-126.00003051757812,1,0,0,0,155.5,0,0,0,0,0,0,1982
2263,0,70,1000,500,780,0,0,0,0,0,0,0,0,0,0,-126.00003051757812,1,0,0,0,155.5,0,0,0,0,0,0,1982
2264,0,71,1000,500,780,0,0,0,0,0,0,0,0,0,0,-126.00003051757812,1,0,0,0,155.5,0,0,0,0,0,0,1982
2265,0,72,1000,500,780,0,0,0,0,0,0,0,0,0,0,-126.00003051757812,1,0,0,0,155.5,0,0,0,0,0,0,1982
2266,0,73,1000,500,780,0,0,0,0,0,0,0,0,0,0,-126.00003051757812,1,0,0,0,155.5,0,0,0,0,0,0,1982
2267,0,74,1000,500,780,0,0,0,0,0,0,0,0,0,0,-126.00003051757812,1,0,0,0,155.5,0,0,0,0,0,0,1982
2268,0,75,1000,500,780,0,0,0,0,0,0,0,0,0,0,-126.00003051757812,1,0,0,0,155.5,0,0,0,0,0,0,1982
2269,0,76,1000,500,780,0,0,0,0,0,0,0,0,0,0,-126.00003051757812,1,0,0,0,155.5,0,0,0,0,0,0,1982
2270,0,77,1000,500,780,0,0,0,0,0,0,0,0,0,0,-126.00003051757812,1,0,0,0,155.5,0,0,0,0,0,0,1982
2271,0,78,1000,500,780,0,0,0,0,0,0,0,0,0,0,-126.00003051757812,1,0,0,0,155.5,0,0,0,0,0,0,1982
2272,0,79,1000,500,780,0,0,0,0,0,0,0,0,0,0,-126.00003051757812,1,0,0,0,155.5,0,0,0,0,0,0,1982
2273,0,80,1000,500,780,0,0,0,0,0,0,0,0,0,0,-126.00003051757812,1,0,0,0,155.5,0,0,0,0,0,0,1982
2274,0,81,1000,500,780,0,0,0,0,0,0,0,0,0,0,-126.00003051757812,1,0,0,0,155.5,0,0,0,0,0,0,1982
2275,0,82,1000,500,780,0,0,0,0,0,0,0,0,0,0,-126.00003051757812,1,0,0,0,155.5,0,0,0,0,0,0,1982
2276,0,83,1000,500,780,0,0,0,0,0,0,0,0,0,0,-126.00003051757812,1,0,0,0,155.5,0,0,0,0,0,0,1982
2277,0,84,1000,500,780,0,0,0,0,0,0,0,0,0,0,-126.00003051757812,1,0,0,0,155.5,0,0,0,0,0,0,1982
2278,0,85,1000,500,780,0,0,0,0,0,0,0,0,0,0,-126.00003051757812,1,0,0,0,155.5,0,0,0,0,0,0,1982
2279,0,86,1000,500,780,0,0,0,0,0,0,0,0,0,0,-126.00003051757812,1,0,0,0,155.5,0,0,0,0,0,0,1982
2280,0,87,1000,500,780,0,0,0,0,0,0,0,0,0,0,-126.00003051757812,1,0,0,0,155.5,0,0,0,0,0,0,1982
2281,0,88,1000,500,780,0,0,0,0,0,0,0,0,0,0,-126.00003051757812,1,0,0,0,155.5,0,0,0,0,0,0,1982
2282,0,89,1000,500,780,0,0,0,0,0,0,0,0,0,0,-126.00003051757812,1,0,0,0,155.5,0,0,0,0,0,0,1982
2283,0,90,1000,500,780,0,0,0,0,0,0,0,0,0,0,-126.00003051757812,1,0,0,0,155.5,0,0,0,0,0,0,1982
2284,0,91,1000,500,780,0,0,0,0,0,0,0,0,0,0,-126.00003051757812,1,0,0,0,155.5,0,0,0,0,0,0,1982
2285,0,92,1000,500,780,0,0,0,0,0,0,0,0,0,0,-126.00003051757812,1,0,0,0,155.5,0,0,0,0,0,0,1982
2286,0,93,1000,500,780,0,0,0,0,0,0,0,0,0,0,-126.00003051757812,1,0,0,0,155.5,0,0,0,0,0,0,1982
2287,0,94,1000,500,780,0,0,0,0,0,0,0,0,0,0,-126.00003051757812,1,0,0,0,155.5,0,0,0,0,0,0,1982
2288,0,95,1000,500,780,0,0,0,0,0,0,0,0,0,0,-126.00003051757812,1,0,0,0,155.5,0,0,0,0,0,0,1982
2289,0,96,1000,500,780,0,0,0,0,0,0,0,0,0,0,-126.00003051757812,1,0,0,0,155.5,0,0,0,0,0,0,1982
2290,0,97,1000,500,780,0,0,0,0,0,0,0,0,0,0,-126.00003051757812,1,0,0,0,155.5,0,0,0,0,0,0,1982
2291,0,98,1000,500,780,0,0,0,0,0,0,0,0,0,0,-126.00003051757812,1,0,0,0,155.5,0,0,0,0,0,0,1982
2292,0,99,1000,500,780,0,0,0,0,0,0,0,0,0,0,-126.00003051757812,1,0,0,0,155.5,0,0,0,0,0,0,1982
2293,0,100,1000,500,780,0,0,0,0,0,0,0,0,0,0,-126.00003051757812,1,0,0,0,155.5,0,0,0,0,0,0,1982
2294,0,101,1000,500,780,0,0,0,0,0,0,0,0,0,0,-126.00003051757812,1,0,0,0,155.5,0,0,0,0,0,0,1982
2295,0,102,1000,500,780,0,0,0,0,0,0,0,0,0,0,-126.00003051757812,1,0,0,0,155.5,0,0,0,0,0,0,1982
2296,0,103,1000,500,780,0,0,0,0,0,0,0,0,0,0,-126.00003051757812,1,0,0,0,155.5,0,0,0,0,0,0,1982
2297,0,104,1000,500,780,0,0,0,0,0,0,0,0,0,0,-126.00003051757812,1,0,0,0,155.5,0,0,0,0,0,0,1982
2298,0,105,1000,500,780,0,0,0,0,0,0,0,0,0,0,-126.00003051757812,1,0,0,0,155.5,0,0,0,0,0,0,1982
2299,0,106,1000,500,780,0,0,0,0,0,0,0,0,0,0,-126.00003051757812,1,0,0,0,155.5,0,0,0,0,0,0,1982
2300,0,107,1000,500,780,0,0,0,0,0,0,0,0,0,0,-126.00003051757812,1,0,0,0,155.5,0,0,0,0,0,0,1982
2301,0,108,1000,500,780,0,0,0,0,0,0,0,0,0,0,-126.00003051757812,1,0,0,0,155.5,0,0,0,0,0,0,1982
2302,0,109,1000,500,780,0,0,0,0,0,0,0,0,0,0,-126.00003051757812,1,0,0,0,155.5,0,0,0,0,0,0,1982
2303,0,110,1000,500,780,0,0,0,0,0,0,0,0,0,0,-126.00003051757812,1,0,0,0,155.5,0,0,0,0,0,0,1982
2304,0,111,1000,500,780,0,0,0,0,0,0,0,0,0,0,-126.00003051757812,1,0,0,0,155.5,0,0,0,0,0,0,1982
2305,0,112,1000,500,780,0,0,0,0,0,0,0,0,0,0,-126.00003051757812,1,0,0,0,155.5,0,0,0,0,0,0,1982
2306,0,113,1000,500,780,0,0,0,0,0,0,0,0,0,0,-126.00003051757812,1,0,0,0,155.5,0,0,0,0,0,0,1982
2307,0,114,1000,500,780,0,0,0,0,0,0,0,0,0,0,-126.00003051757812,1,0,0,0,155.5,0,0,0,0,0,0,1982
2308,0,115,1000,500,780,0,0,0,0,0,0,0,0,0,0,-126.00003051757812,1,0,0,0,155.5,0,0,0,0,0,0,1982
2309,0,116,1000,500,780,0,0,0,0,0,0,0,0,0,0,-126.00003051757812,1,0,0,0,155.5,0,0,0,0,0,0,1982
2310,0,117,1000,500,780,0,0,0,0,0,0,0,0,0,0,-126.00003051757812,1,0,0,0,155.5,0,0,0,0,0,0,1982
2311,0,118,1000,500,780,0,0,0,0,0,0,0,0,0,0,-126.00003051757812,1,0,0,0,155.5,0,0,0,0,0,0,1982
2312,0,119,1000,500,780,0,0,0,0,0,0,0,0,0,0,-126.00003051757812,1,0,0,0,155.5,0,0,0,0,0,0,1982
2313,0,120,1000,500,780,0,0,0,0,0,0,0,0,0,0,-126.00003051757812,1,0,0,0,155.5,0,0,0,0,0,0,1982
2314,0,121,1000,500,780,0,0,0,0,0,0,0,0,0,0,-126.00003051757812,1,0,0,0,155.5,0,0,0,0,0,0,1982
2315,0,122,1000,500,780,0,0,0,0,0,0,0,0,0,0,-126.00003051757812,1,0,0,0,155.5,0,0,0,0,0,0,1982
2316,0,123,1000,500,780,0,0,0,0,0,0,0,0,0,0,-126.00003051757812,1,0,0,0,155.5,0,0,0,0,0,0,1982
2317,0,124,1000,500,780,0,0,0,0,0,0,0,0,0,0,-126.00003051757812,1,0,0,0,155.5,0,0,0,0,0,0,1982
2318,0,125,1000,500,780,0,0,0,0,0,0,0,0,0,0,-126.00003051757812,1,0,0,0,155.5,0,0,0,0,0,0,1982
2319,0,126,1000,500,780,0,0,0,0,0,0,0,0,0,0,-126.00003051757812,1,0,0,0,155.5,0,0,0,0,0,0,1982
2320,0,127,1000,500,780,0,0,0,0,0,0,0,0,0,0,-126.00003051757812,1,0,0,0,155.5,0,0,0,0,0,0,1982
2321,0,128,1000,500,780,0,0,0,0,0,0,0,0,0,0,-126.00003051757812,1,0,0,0,155.5,0,0,0,0,0,0,1982
2322,0,129,1000,500,780,0,0,0,0,0,0,0,0,0,0,-126.00003051757812,1,0,0,0,155.5,0,0,0,0,0,0,1982
2323,0,130,1000,500,780,0,0,0,0,0,0,0,0,0,0,-126.00003051757812,1,0,0,0,155.5,0,0,0,0,0,0,1982
2324,0,131,1000,500,780,0,0,0,0,0,0,0,0,0,0,-126.00003051757812,1,0,0,0,155.5,0,0,0,0,0,0,1982
2325,0,132,1000,500,780,0,0,0,0,0,0,0,0,0,0,-126.00003051757812,1,0,0,0,155.5,0,0,0,0,0,0,1982
2326,0,133,1000,500,780,0,0,0,0,0,0,0,0,0,0,-126.00003051757812,1,0,0,0,155.5,0,0,0,0,0,0,1982
2327,0,134,1000,500,780,0,0,0,0,0,0,0,0,0,0,-126.00003051757812,1,0,0,0,155.5,0,0,0,0,0,0,1982
2328,0,135,1000,500,780,0,0,0,0,0,0,0,0,0,0,-126.00003051757812,1,0,0,0,155.5,0,0,0,0,0,0,1982
2329,0,136,1000,500,780,0,0,0,0,0,0,0,0,0,0,-126.00003051757812,1,0,0,0,155.5,0,0,0,0,0,0,1982
2330,0,137,1000,500,780,0,0,0,0,0,0,0,0,0,0,-126.00003051757812,1,0,0,0,155.5,0,0,0,0,0,0,1982
2331,0,138,1000,500,780,0,0,0,0,0,0,0,0,0,0,-126.00003051757812,1,0,0,0,155.5,0,0,0,0,0,0,1982
2332,0,139,1000,500,780,0,0,0,0,0,0,0,0,0,0,-126.00003051757812,1,0,0,0,155.5,0,0,0,0,0,0,1982
2333,0,140,1000,500,780,0,0,0,0,0,0,0,0,0,0,-126.00003051757812,1,0,0,0,155.5,0,0,0,0,0,0,1982
2334,0,141,1000,500,780,0,0,0,0,0,0,0,0,0,0,-126.00003051757812,1,0,0,0,155.5,0,0,0,0,0,0,1982
2335,0,142,1000,500,780,0,0,0,0,0,0,0,0,0,0,-126.00003051757812,1,0,0,0,155.5,0,0,0,0,0,0,1982
2336,0,143,1000,500,780,0,0,0,0,0,0,0,0,0,0,-126.00003051757812,1,0,0,0,155.5,0,0,0,0,0,0,1982
2337,0,144,1000,500,780,0,0,0,0,0,0,0,0,0,0,-126.00003051757812,1,0,0,0,155.5,0,0,0,0,0,0,1982
2338,0,145,1000,500,780,0,0,0,0,0,0,0,0,0,0,-126.00003051757812,1,0,0,0,155.5,0,0,0,0,0,0,1982
2339,0,146,1000,500,780,0,0,0,0,0,0,0,0,0,0,-126.00003051757812,1,0,0,0,155.5,0,0,0,0,0,0,1982
2340,0,147,1000,500,780,0,0,0,0,0,0,0,0,0,0,-126.00003051757812,1,0,0,0,155.5,0,0,0,0,0,0,1982
2341,0,148,1000,500,780,0,0,0,0,0,0,0,0,0,0,-126.00003051757812,1,0,0,0,155.5,0,0,0,0,0,0,1982
2342,0,149,1000,500,780,0,0,0,0,0,0,0,0,0,0,-126.00003051757812,1,0,0,0,155.5,0,0,0,0,0,0,1982
2343,0,150,1000,500,780,0,0,0,0,0,0,0,0,0,0,-126.00003051757812,1,0,0,0,155.5,0,0,0,0,0,0,1982
2344,0,151,1000,500,780,0,0,0,0,0,0,0,0,0,0,-126.00003051757812,1,0,0,0,155.5,0,0,0,0,0,0,1982
2345,0,152,1000,500,780,0,0,0,0,0,0,0,0,0,0,-126.00003051757812,1,0,0,0,155.5,0,0,0,0,0,0,1982
2346,0,153,1000,500,780,0,0,0,0,0,0,0,0,0,0,-126.00003051757812,1,0,0,0,155.5,0,0,0,0,0,0,1982
2347,0,154,1000,500,780,0,0,0,0,0,0,0,0,0,0,-126.00003051757812,1,0,0,0,155.5,0,0,0,0,0,0,1982
2348,0,155,1000,500,780,0,0,0,0,0,0,0,0,0,0,-126.00003051757812,1,0,0,0,155.5,0,0,0,0,0,0,1982
2349,0,156,1000,500,780,0,0,0,0,0,0,0,0,0,0,-126.00003051757812,1,0,0,0,155.5,0,0,0,0,0,0,1982
2350,0,157,1000,500,780,0,0,0,0,0,0,0,0,0,0,-126.00003051757812,1,0,0,0,155.5,0,0,0,0,0,0,1982
2351,0,158,1000,500,780,0,0,0,0,0,0,0,0,0,0,-126.00003051757812,1,0,0,0,155.5,0,0,0,0,0,0,1982
2352,0,159,1000,500,780,0,0,0,0,0,0,0,0,0,0,-126.00003051757812,1,0,0,0,155.5,0,0,0,0,0,0,1982
2353,0,160,1000,500,780,0,0,0,0,0,0,0,0,0,0,-126.00003051757812,1,0,0,0,155.5,0,0,0,0,0,0,1982
2354,0,161,1000,500,780,0,0,0,0,0,0,0,0,0,0,-126.00003051757812,1,0,0,0,155.5,0,0,0,0,0,0,1982
2355,0,162,1000,500,780,0,0,0,0,0,0,0,0,0,0,-126.00003051757812,1,0,0,0,155.5,0,0,0,0,0,0,1982
2356,0,163,1000,500,780,0,0,0,0,0,0,0,0,0,0,-126.00003051757812,1,0,0,0,155.5,0,0,0,0,0,0,1982
2357,0,164,1000,500,780,0,0,0,0,0,0,0,0,0,0,-126.00003051757812,1,0,0,0,155.5,0,0,0,0,0,0,1982
2358,0,165,1000,500,780,0,0,0,0,0,0,0,0,0,0,-126.00003051757812,1,0,0,0,155.5,0,0,0,0,0,0,1982
2359,0,166,1000,500,780,0,0,0,0,0,0,0,0,0,0,-126.00003051757812,1,0,0,0,155.5,0,0,0,0,0,0,1982
2360,0,167,1000,500,780,0,0,0,0,0,0,0,0,0,0,-126.00003051757812,1,0,0,0,155.5,0,0,0,0,0,0,1982
2361,0,168,1000,500,780,0,0,0,0,0,0,0,0,0,0,-126.00003051757812,1,0,0,0,155.5,0,0,0,0,0,0,1982
2362,0,169,1000,500,780,0,0,0,0,0,0,0,0,0,0,-126.00003051757812,1,0,0,0,155.5,0,0,0,0,0,0,1982
2363,0,170,1000,500,780,0,0,0,0,0,0,0,0,0,0,-126.00003051757812,1,0,0,0,155.5,0,0,0,0,0,0,1982
2364,0,171,1000,500,780,0,0,0,0,0,0,0,0,0,0,-126.00003051757812,1,0,0,0,155.5,0,0,0,0,0,0,1982
2365,0,172,1000,500,780,0,0,0,0,0,0,0,0,0,0,-126.00003051757812,1,0,0,0,155.5,0,0,0,0,0,0,1982
2366,0,173,1000,500,780,0,0,0,0,0,0,0,0,0,0,-126.00003051757812,1,0,0,0,155.5,0,0,0,0,0,0,1982
2367,0,174,1000,500,780,0,0,0,0,0,0,0,0,0,0,-126.00003051757812,1,0,0,0,155.5,0,0,0,0,0,0,1982
2368,0,175,1000,500,780,0,0,0,0,0,0,0,0,0,0,-126.00003051757812,1,0,0,0,155.5,0,0,0,0,0,0,1982
2369,0,176,1000,500,780,0,0,0,0,0,0,0,0,0,0,-126.00003051757812,1,0,0,0,155.5,0,0,0,0,0,0,1982
2370,0,177,1000,500,780,0,0,0,0,0,0,0,0,0,0,-126.00003051757812,1,0,0,0,155.5,0,0,0,0,0,0,1982
2371,0,178,1000,500,780,0,0,0,0,0,0,0,0,0,0,-126.00003051757812,1,0,0,0,155.5,0,0,0,0,0,0,1982
2372,0,179,1000,500,780,0,0,0,0,0,0,0,0,0,0,-126.00003051757812,1,0,0,0,155.5,0,0,0,0,0,0,1982
2373,0,180,1000,500,780,0,0,0,0,0,0,0,0,0,0,-126.00003051757812,1,0,0,0,155.5,0,0,0,0,0,0,1982
2374,0,181,1000,500,780,0,0,0,0,0,0,0,0,0,0,-126.00003051757812,1,0,0,0,155.5,0,0,0,0,0,0,1982
2375,0,182,1000,500,780,0,0,0,0,0,0,0,0,0,0,-126.00003051757812,1,0,0,0,155.5,0,0,0,0,0,0,1982
2376,0,183,1000,500,780,0,0,0,0,0,0,0,0,0,0,-126.00003051757812,1,0,0,0,155.5,0,0,0,0,0,0,1982
2377,0,184,1000,500,780,0,0,0,0,0,0,0,0,0,0,-126.00003051757812,1,0,0,0,155.5,0,0,0,0,0,0,1982
2378,0,185,1000,500,780,0,0,0,0,0,0,0,0,0,0,-126.00003051757812,1,0,0,0,155.5,0,0,0,0,0,0,1982
2379,0,186,1000,500,780,0,0,0,0,0,0,0,0,0,0,-126.00003051757812,1,0,0,0,155.5,0,0,0,0,0,0,1982
2380,0,187,1000,500,780,0,0,0,0,0,0,0,0,0,0,-126.00003051757812,1,0,0,0,155.5,0,0,0,0,0,0,1982
2381,0,188,1000,500,780,0,0,0,0,0,0,0,0,0,0,-126.00003051757812,1,0,0,0,155.5,0,0,0,0,0,0,1982
2382,0,189,1000,500,780,0,0,0,0,0,0,0,0,0,0,-126.00003051757812,1,0,0,0,155.5,0,0,0,0,0,0,1982
2383,0,190,1000,500,780,0,0,0,0,0,0,0,0,0,0,-126.00003051757812,1,0,0,0,155.5,0,0,0,0,0,0,1982
2384,0,191,1000,500,780,0,0,0,0,0,0,0,0,0,0,-126.00003051757812,1,0,0,0,155.5,0,0,0,0,0,0,1982
2385,0,192,1000,500,780,0,0,0,0,0,0,0,0,0,0,-126.00003051757812,1,0,0,0,155.5,0,0,0,0,0,0,1982
2386,0,193,1000,500,780,0,0,0,0,0,0,0,0,0,0,-126.00003051757812,1,0,0,0,155.5,0,0,0,0,0,0,1982
2387,0,194,1000,500,780,0,0,0,0,0,0,0,0,0,0,-126.00003051757812,1,0,0,0,155.5,0,0,0,0,0,0,1982
2388,0,195,1000,500,780,0,0,0,0,0,0,0,0,0,0,-126.00003051757812,1,0,0,0,155.5,0,0,0,0,0,0,1982
2389,0,196,1000,500,780,0,0,0,0,0,0,0,0,0,0,-126.00003051757812,1,0,0,0,155.5,0,0,0,0,0,0,1982
2390,0,197,1000,500,780,0,0,0,0,0,0,0,0,0,0,-126.00003051757812,1,0,0,0,155.5,0,0,0,0,0,0,1982
2391,0,198,1000,500,780,0,0,0,0,0,0,0,0,0,0,-126.00003051757812,1,0,0,0,155.5,0,0,0,0,0,0,1982
2392,0,199,1000,500,780,0,0,0,0,0,0,0,0,0,0,-126.00003051757812,1,0,0,0,155.5,0,0,0,0,0,0,1982
2393,0,200,1000,500,780,0,0,0,0,0,0,0,0,0,0,-126.00003051757812,1,0,0,0,155.5,0,0,0,0,0,0,1982
2394,0,201,1000,500,780,0,0,0,0,0,0,0,0,0,0,-126.00003051757812,1,0,0,0,155.5,0,0,0,0,0,0,1982
2395,0,202,1000,500,780,0,0,0,0,0,0,0,0,0,0,-126.00003051757812,1,0,0,0,155.5,0,0,0,0,0,0,1982
2396,0,203,1000,500,780,0,0,0,0,0,0,0,0,0,0,-126.00003051757812,1,0,0,0,155.5,0,0,0,0,0,0,1982
2397,0,204,1000,500,780,0,0,0,0,0,0,0,0,0,0,-126.00003051757812,1,0,0,0,155.5,0,0,0,0,0,0,1982
2398,0,205,1000,500,780,0,0,0,0,0,0,0,0,0,0,-126.00003051757812,1,0,0,0,155.5,0,0,0,0,0,0,1982
2399,0,206,1000,500,780,0,0,0,0,0,0,0,0,0,0,-126.00003051757812,1,0,0,0,155.5,0,0,0,0,0,0,1982
2400,0,207,1000,500,780,0,0,0,0,0,0,0,0,0,0,-126.00003051757812,1,0,0,0,155.5,0,0,0,0,0,0,1982
2401,0,208,1000,500,780,0,0,0,0,0,0,0,0,0,0,-126.00003051757812,1,0,0,0,155.5,0,0,0,0,0,0,1982
2402,0,209,1000,500,780,0,0,0,0,0,0,0,0,0,0,-126.00003051757812,1,0,0,0,155.5,0,0,0,0,0,0,1982
2403,0,210,1000,500,780,0,0,0,0,0,0,0,0,0,0,-126.00003051757812,1,0,0,0,155.5,0,0,0,0,0,0,1982
2404,0,211,1000,500,780,0,0,0,0,0,0,0,0,0,0,-126.00003051757812,1,0,0,0,155.5,0,0,0,0,0,0,1982
2405,0,212,1000,500,780,0,0,0,0,0,0,0,0,0,0,-126.00003051757812,1,0,0,0,155.5,0,0,0,0,0,0,1982
2406,0,213,1000,500,780,0,0,0,0,0,0,0,0,0,0,-126.00003051757812,1,0,0,0,155.5,0,0,0,0,0,0,1982
2407,0,214,1000,500,780,0,0,0,0,0,0,0,0,0,0,-126.00003051757812,1,0,0,0,155.5,0,0,0,0,0,0,1982
2408,0,215,1000,500,780,0,0,0,0,0,0,0,0,0,0,-126.00003051757812,1,0,0,0,155.5,0,0,0,0,0,0,1982
2409,0,216,1000,500,780,0,0,0,0,0,0,0,0,0,0,-126.00003051757812,1,0,0,0,155.5,0,0,0,0,0,0,1982
2410,0,1,3000,500,1000,0,0,0,0,0,0,0,0,0,0,-121.125,-1,0,0,0,155.5,0,0,0,0,0,0,1000
2411,0,2,3000,500,1000,0,0,0,0,0,0,0,0,0,0,-118.03125,-1,0,0,0,155.5,0,0,0,0,0,0,1000
2412,0,3,3000,500,1000,0,0,0,0,0,0,0,0,0,0,-117.2578125,-1,0,0,0,155.5,0,0,0,0,0,0,1000
2413,0,4,3000,500,1000,0,0,0,0,0,0,0,0,0,0,-117.064453125,-1,0,0,0,155.5,0,0,0,0,0,0,1000
2414,0,5,3000,500,1000,0,0,0,0,0,0,0,0,0,0,-117.01611328125,-1,0,0,0,155.5,0,0,0,0,0,0,1000
2415,0,6,3000,500,1000,0,0,0,0,0,0,0,0,0,0,-117.0040283203125,-1,0,0,0,155.5,0,0,0,0,0,0,1000
2416,0,7,3000,500,1000,0,0,0,0,0,0,0,0,0,0,-117.00100708007812,-1,0,0,0,155.5,0,0,0,0,0,0,1000
2417,0,8,3000,500,1000,0,0,0,0,0,0,0,0,0,0,-117.00025177001953,-1,0,0,0,155.5,0,0,0,0,0,0,1000
2418,0,9,3000,500,1000,0,0,0,0,0,0,0,0,0,0,-117.00006103515625,-1,0,0,0,155.5,0,0,0,0,0,0,1000
2419,10,1,3000,500,1000,0,0,0,0,0,0,0,0,0,0,-117.00001525878906,-1,0,0,0,155.5,0,0,0,0,0,0,1000
2420,10,2,3000,500,1000,0,0,0,0,0,0,0,0,0,0,-117,-1,0,0,0,155.5,0,0,0,0,0,0,1000
2421,10,3,3000,500,1000,0,0,0,0,0,0,0,0,0,0,-117,-1,0,0,0,155.5,0,0,0,0,0,0,1000
2422,10,4,3000,500,1000,0,0,0,0,0,0,0,0,0,0,-117,-1,0,0,0,155.5,0,0,0,0,0,0,1000
2423,10,5,3000,500,1000,0,0,0,0,0,0,0,0,0,0,-117,-1,0,0,0,155.5,0,0,0,0,0,0,1000
2424,10,6,3000,500,1000,0,0,0,0,0,0,0,0,0,0,-117,-1,0,0,0,155.5,0,0,0,0,0,0,1000
2425,1000,1,3000,500,1000,0,0,0,0,0,0,0,0,0,0,-117,-1,0,0,0,155.5,0,0,0,0,0,0,1000
2426,1000,2,3000,500,1000,0,0,0,0,0,0,0,0,0,0,-117,-1,0,0,0,155.5,0,0,0,0,0,0,1000
2427,1000,3,3000,500,1000,0,0,0,0,0,0,0,0,0,0,-117.625,-1,0,0,0,155.5,0,0,0,0,0,0,1000
2428,1000,4,3000,500,1000,0,0,0,0,0,0,0,0,0,0,-117.78125,-1,0,0,0,155.5,0,0,0,0,0,0,1000
2429,1000,5,3000,500,1000,0,0,0,0,0,0,0,0,0,0,-117.8203125,-1,0,0,0,155.5,0,0,0,0,0,0,1000
2430,1000,6,3000,500,1000,0,0,0,0,0,0,0,0,0,0,-117.830078125,-1,0,0,0,155.5,0,0,0,0,0,0,1000
2431,1000,7,3000,500,1000,0,0,0,0,0,0,0,0,0,0,-117.83251953125,-1,0,0,0,155.5,0,0,0,0,0,0,1000
2432,1000,8,3000,500,1000,0,0,0,0,0,0,0,0,0,0,-117.8331298828125,-1,0,0,0,155.5,0,0,0,0,0,0,1000
2433,1000,9,3000,500,1000,0,0,0,0,0,0,0,0,0,0,-117.20828247070312,-1,0,0,0,155.5,0,0,0,0,0,0,1000
2434,1000,10,4030,500,922,0,0,0,0,0,0,0,0,0,0,-117.20828247070312,-1,0,0,0,155.5,0,0,1,0,0,0,2046
2435,1000,11,4030,500,922,0,0,0,0,0,0,0,0,0,0,-117.20828247070312,-1,0,0,0,155.5,0,0,1,0,0,0,2046
2436,1000,12,4030,500,922,0,0,0,0,0,0,0,0,0,0,-117.20828247070312,-1,0,0,0,155.5,0,0,1,0,0,0,2046
2437,1000,13,4030,500,922,0,0,0,0,0,0,0,0,0,0,-117.20828247070312,-1,0,0,0,155.5,0,0,1,0,0,0,2046
2438,1000,14,4030,500,922,0,0,0,0,0,0,0,0,0,0,-117.20828247070312,-1,0,0,0,155.5,0,0,1,0,0,0,2046
2439,1000,15,4030,500,922,0,0,0,0,0,0,0,0,0,0,-117.20828247070312,-1,0,0,0,155.5,0,0,1,0,0,0,2046
2440,1000,16,4030,500,922,0,0,0,0,0,0,0,0,0,0,-117.20828247070312,-1,0,0,0,155.5,0,0,1,0,0,0,2046
2441,1000,17,4030,500,922,0,0,0,0,0,0,0,0,0,0,-117.20828247070312,-1,0,0,0,155.5,0,0,1,0,0,0,2046
2442,1000,18,4030,500,922,0,0,0,0,0,0,0,0,0,0,-117.20828247070312,-1,0,0,0,155.5,0,0,1,0,0,0,2046
2443,1000,19,4030,500,922,0,0,0,0,0,0,0,0,0,0,-117.20828247070312,-1,0,0,0,155.5,0,0,1,0,0,0,2046
2444,1000,20,4030,500,922,0,0,0,0,0,0,0,0,0,0,-117.20828247070312,-1,0,0,0,155.5,0,0,1,0,0,0,2046
2445,1000,21,4030,500,922,0,0,0,0,0,0,0,0,0,0,-117.20828247070312,-1,0,0,0,155.5,0,0,1,0,0,0,2046
2446,1000,22,4030,500,922,0,0,0,0,0,0,0,0,0,0,-113.20828247070312,-1,0,0,0,155.5,0,0,1,0,0,0,2046
2447,1000,23,4030,500,922,0,0,0,0,0,0,0,0,0,0,-109.20828247070312,-1,0,0,0,151.5,0,0,1,0,0,0,2046
2448,1000,24,4030,500,922,0,0,0,0,0,0,0,0,0,0,-105.20828247070312,-1,0,0,0,147.5,0,0,1,0,0,0,2046
2449,1000,25,4030,500,922,0,0,0,0,0,0,0,0,0,0,-101.20828247070312,-1,0,0,0,143.5,0,0,1,0,0,0,2046
2450,1000,26,4030,500,922,0,0,0,0,0,0,0,0,0,0,-97.20828247070312,-1,0,0,0,139.5,0,0,1,0,0,0,2046
2451,1000,27,4030,500,922,0,0,0,0,0,0,0,0,0,0,-93.20828247070312,-1,0,0,0,135.5,0,0,1,0,0,0,2046
2452,1000,28,4030,500,922,0,0,0,0,0,0,0,0,0,0,-89.20828247070312,-1,0,0,0,131.5,0,0,1,0,0,0,2046
2453,1000,29,4030,500,922,0,0,0,0,0,0,0,0,0,0,-85.20828247070312,-1,0,0,0,127.5,0,0,1,0,0,0,2046
2454,1000,30,4030,500,922,0,0,0,0,0,0,0,0,0,0,-81.20828247070312,-1,0,0,0,123.5,0,0,1,0,0,0,2046
2455,1000,31,4030,500,922,0,0,0,0,0,0,0,0,0,0,-77.20828247070312,-1,0,0,0,119.5,0,0,1,0,0,0,2046
2456,1000,32,4030,500,922,0,0,0,0,0,0,0,0,0,0,-73.20828247070312,-1,0,0,0,115.5,0,0,1,0,0,0,2046
2457,1000,33,4030,500,922,0,0,0,0,0,0,0,0,0,0,-69.20828247070312,-1,0,0,0,111.5,0,0,1,0,0,0,2046
2458,1000,34,4030,500,922,0,0,0,0,0,0,0,0,0,0,-65.20828247070312,-1,0,0,0,107.5,0,0,1,0,0,0,2046
2459,0,1,4030,500,922,0,0,0,0,0,0,0,0,0,0,-61.208282470703125,-1,0,0,0,103.5,0,0,1,0,0,0,2046
2460,0,2,4030,500,922,0,0,0,0,0,0,0,0,0,0,-57.208282470703125,-1,0,0,0,99.5,0,0,1,0,0,0,2046
2461,0,3,4030,500,922,0,0,0,0,0,0,0,0,0,0,-53.208282470703125,-1,0,0,0,95.5,0,0,1,0,0,0,2046
2462,0,4,4030,500,922,0,0,0,0,0,0,0,0,0,0,-49.208282470703125,-1,0,0,0,91.5,0,0,1,0,0,0,2046
2463,0,5,4030,500,922,0,0,0,0,0,0,0,0,0,0,-45.208282470703125,-1,0,0,0,87.5,0,0,1,0,0,0,2046
2464,0,6,4030,500,922,0,0,0,0,0,0,0,0,0,0,-41.208282470703125,-1,0,0,0,83.5,0,0,1,0,0,0,2046
2465,0,7,4030,500,922,0,0,0,0,0,0,0,0,0,0,-37.208282470703125,-1,0,0,0,79.5,0,0,1,0,0,0,2046
2466,0,8,4030,500,922,0,0,0,0,0,0,0,0,0,0,-33.208282470703125,-1,0,0,0,75.5,0,0,1,0,0,0,2046
2467,0,9,4030,500,922,0,0,0,0,0,0,0,0,0,0,-29.208282470703125,-1,0,0,0,71.5,0,0,1,0,0,0,2046
2468,0,10,4030,500,922,0,0,0,0,0,0,0,0,0,0,-25.208282470703125,-1,0,0,0,67.5,0,0,1,0,0,0,2046
2469,0,11,4030,500,922,0,0,0,0,0,0,0,0,0,0,-21.208282470703125,-1,0,0,0,63.5,0,0,1,0,0,0,2046
2470,0,12,4030,500,922,0,0,0,0,0,0,0,0,0,0,-17.208282470703125,-1,0,0,0,59.5,0,0,1,0,0,0,2046
2471,0,13,4030,500,922,0,0,0,0,0,0,0,0,0,0,-13.208282470703125,-1,0,0,0,55.5,0,0,1,0,0,0,2046
2472,0,14,4030,500,922,0,0,0,0,0,0,0,0,0,0,-9.208282470703125,-1,0,0,0,51.5,0,0,1,0,0,0,2046
2473,0,15,4030,500,922,0,0,0,0,0,0,0,0,0,0,-5.208282470703125,-1,0,0,0,47.5,0,0,1,0,0,0,2046
2474,0,16,4030,500,922,0,0,0,0,0,0,0,0,0,0,-1.208282470703125,-1,0,0,0,43.5,0,0,1,0,0,0,2046
2475,0,17,4030,500,922,0,0,0,0,0,0,0,0,0,0,2.791717529296875,-1,0,0,0,39.5,0,0,1,0,0,0,2046
2476,0,18,4030,500,922,0,0,0,0,0,0,0,0,0,0,2.791717529296875,-1,0,0,0,35.5,0,0,1,0,0,0,2046
2477,0,19,4030,500,922,0,0,0,0,0,0,0,0,0,0,2.791717529296875,-1,0,0,0,35.5,0,0,1,0,0,0,2046
2478,0,20,4030,500,922,0,0,0,0,0,0,0,0,0,0,2.791717529296875,-1,0,0,0,35.5,0,0,1,0,0,0,2046
2479,0,21,4030,500,922,0,0,0,0,0,0,0,0,0,0,2.791717529296875,-1,0,0,0,35.5,0,0,1,0,0,0,2046
2480,0,22,4030,500,922,0,0,0,0,0,0,0,0,0,0,2.791717529296875,-1,0,0,0,35.5,0,0,1,0,0,0,2046
2481,0,23,4030,500,922,0,0,0,0,0,0,0,0,0,0,2.791717529296875,-1,0,0,0,35.5,0,0,1,0,0,0,2046
2482,0,24,4030,500,922,0,0,0,0,0,0,0,0,0,0,2.791717529296875,-1,0,0,0,35.5,0,0,1,0,0,0,2046
2483,0,25,4030,500,922,0,0,0,0,0,0,0,0,0,0,2.791717529296875,-1,0,0,0,35.5,0,0,1,0,0,0,2046
2484,0,26,4030,500,922,0,0,0,0,0,0,0,0,0,0,5.791717529296875,-1,0,0,0,35.5,0,0,1,0,0,0,2046
2485,0,27,4030,500,922,0,0,0,0,0,0,0,0,0,0,8.791717529296875,-1,0,0,0,32.5,0,0,1,0,0,0,2046
2486,0,28,4030,500,922,0,0,0,0,0,0,0,0,0,0,11.791717529296875,-1,0,0,0,29.5,0,0,1,0,0,0,2046
2487,0,29,4030,500,922,0,0,0,0,0,0,0,0,0,0,14.791717529296875,-1,0,0,0,26.5,0,0,1,0,0,0,2046
2488,0,30,4030,500,922,0,0,0,0,0,0,0,0,0,0,17.791717529296875,-1,0,0,0,23.5,0,0,1,0,0,0,2046
2489,0,31,4030,500,922,0,0,0,0,0,0,0,0,0,0,20.791717529296875,-1,0,0,0,20.5,0,0,1,0,0,0,2046
2490,0,32,4030,500,922,0,0,0,0,0,0,0,0,0,0,23.791717529296875,-1,0,0,0,17.5,0,0,1,0,0,0,2046
2491,0,33,4030,500,922,0,0,0,0,0,0,0,0,0,0,26.791717529296875,-1,0,0,0,14.5,0,0,1,0,0,0,2046
2492,0,34,4030,500,922,0,0,0,0,0,0,0,0,0,0,29.791717529296875,-1,0,0,0,11.5,0,0,1,0,0,0,2046
2493,0,35,4030,500,922,0,0,0,0,0,0,0,0,0,0,32.791717529296875,-1,0,0,0,8.5,0,0,1,0,0,0,2046
2494,0,36,4030,500,922,0,0,0,0,0,0,0,0,0,0,35.791717529296875,-1,0,0,0,5.5,0,0,1,0,0,0,2046
2495,0,37,4030,500,922,0,0,0,0,0,0,0,0,0,0,38.791717529296875,-1,0,0,0,2.5,0,0,1,0,0,0,2046
2496,0,38,4030,500,922,0,0,0,0,0,0,0,0,0,0,41.791717529296875,-1,0,0,0,-0.5,0,0,1,0,0,0,2046
2497,0,39,4030,500,922,0,0,0,0,0,0,0,0,0,0,44.791717529296875,-1,0,0,0,-3.5,0,0,1,0,0,0,2046
2498,0,40,4030,500,922,0,0,0,0,0,0,0,0,0,0,47.791717529296875,-1,0,0,0,-6.5,0,0,1,0,0,0,2046
2499,0,41,4030,500,922,0,0,0,0,0,0,0,0,0,0,50.791717529296875,-1,0,0,0,-9.5,0,0,1,0,0,0,2046
2500,0,42,4030,500,922,0,0,0,0,0,0,0,0,0,0,53.791717529296875,-1,0,0,0,-12.5,0,0,1,0,0,0,2046
2501,0,43,4030,500,922,0,0,0,0,0,0,0,0,0,0,56.791717529296875,-1,0,0,0,-15.5,0,0,1,0,0,0,2046
2502,0,44,4030,500,922,0,0,0,0,0,0,0,0,0,0,59.791717529296875,-1,0,0,0,-18.5,0,0,1,0,0,0,2046
2503,0,45,4030,500,922,0,0,0,0,0,0,0,0,0,0,62.791717529296875,-1,0,0,0,-21.5,0,0,1,0,0,0,2046
2504,0,46,4030,500,922,0,0,0,0,0,0,0,0,0,0,65.29171752929688,-1,0,0,0,-24.5,0,0,1,0,0,0,2046
2505,0,47,4030,500,922,0,0,0,0,0,0,0,0,0,0,67.54171752929688,-1,0,0,0,-27,0,0,1,0,0,0,2046
2506,0,48,4030,500,922,0,0,0,0,0,0,0,0,0,0,69.54171752929688,-1,0,0,0,-29.25,0,0,1,0,0,0,2046
2507,0,49,4030,500,922,0,0,0,0,0,0,0,0,0,0,71.04171752929688,-1,0,0,0,-31.25,0,0,1,0,0,0,2046
2508,0,50,4030,500,922,0,0,0,0,0,0,0,0,0,0,72.29171752929688,-1,0,0,0,-32.75,0,0,1,0,0,0,2046
2509,0,51,4030,500,922,0,0,0,0,0,0,0,0,0,0,73.54171752929688,-1,0,0,0,-34,0,0,1,0,0,0,2046
2510,0,52,4030,500,922,0,0,0,0,0,0,0,0,0,0,74.54171752929688,-1,0,0,0,-35.25,0,0,1,0,0,0,2046
2511,0,53,4030,500,922,0,0,0,0,0,0,0,0,0,0,75.29171752929688,-1,0,0,0,-36.25,0,0,1,0,0,0,2046
2512,0,54,4030,500,922,0,0,0,0,0,0,0,0,0,0,76.04171752929688,-1,0,0,0,-37,0,0,1,0,0,0,2046
2513,0,55,4030,500,922,0,0,0,0,0,0,0,0,0,0,76.54171752929688,-1,0,0,0,-37.75,0,0,1,0,0,0,2046
2514,0,56,4030,500,922,0,0,0,0,0,0,0,0,0,0,77.04171752929688,-1,0,0,0,-38.25,0,0,1,0,0,0,2046
2515,0,57,4030,500,922,0,0,0,0,0,0,0,0,0,0,77.54171752929688,-1,0,0,0,-38.75,0,0,1,0,0,0,2046
2516,0,58,4030,500,922,0,0,0,0,0,0,0,0,0,0,78.04171752929688,-1,0,0,0,-39.25,0,0,1,0,0,0,2046
2517,0,59,4030,500,922,0,0,0,0,0,0,0,0,0,0,78.29171752929688,-1,0,0,0,-39.75,0,0,1,0,0,0,2046
2518,0,60,4030,500,922,0,0,0,0,0,0,0,0,0,0,78.54171752929688,-1,0,0,0,-40,0,0,1,0,0,0,2046
2519,0,61,4030,500,922,0,0,0,0,0,0,0,0,0,0,78.79171752929688,-1,0,0,0,-40.25,0,0,1,0,0,0,2046
2520,0,62,4030,500,922,0,0,0,0,0,0,0,0,0,0,79.04171752929688,-1,0,0,0,-40.5,0,0,1,0,0,0,2046
2521,0,63,4030,500,922,0,0,0,0,0,0,0,0,0,0,79.29171752929688,-1,0,0,0,-40.75,0,0,1,0,0,0,2046
2522,0,64,4030,500,922,0,0,0,0,0,0,0,0,0,0,79.54171752929688,-1,0,0,0,-41,0,0,1,0,0,0,2046
2523,0,65,4030,500,922,0,0,0,0,0,0,0,0,0,0,79.79171752929688,-1,0,0,0,-41.25,0,0,1,0,0,0,2046
2524,0,66,4030,500,922,0,0,0,0,0,0,0,0,0,0,80.04171752929688,-1,0,0,0,-41.5,0,0,1,0,0,0,2046
2525,0,67,4030,500,922,0,0,0,0,0,0,0,0,0,0,80.04171752929688,-1,0,0,0,-41.75,0,0,1,0,0,0,2046
2526,0,68,4030,500,922,0,0,0,0,0,0,0,0,0,0,80.04171752929688,-1,0,0,0,-41.75,0,0,1,0,0,0,2046
2527,0,69,4030,500,922,0,0,0,0,0,0,0,0,0,0,80.04171752929688,-1,0,0,0,-41.75,0,0,1,0,0,0,2046
2528,0,70,4030,500,922,0,0,0,0,0,0,0,0,0,0,80.04171752929688,-1,0,0,0,-41.75,0,0,1,0,0,0,2046
2529,0,71,4030,500,922,0,0,0,0,0,0,0,0,0,0,80.04171752929688,-1,0,0,0,-41.75,0,0,1,0,0,0,2046
2530,0,72,4030,500,922,0,0,0,0,0,0,0,0,0,0,80.04171752929688,-1,0,0,0,-41.75,0,0,1,0,0,0,2046
2531,0,73,4030,500,922,0,0,0,0,0,0,0,0,0,0,80.04171752929688,-1,0,0,0,-41.75,0,0,1,0,0,0,2046
2532,0,74,4030,500,922,0,0,0,0,0,0,0,0,0,0,80.04171752929688,-1,0,0,0,-41.75,0,0,1,0,0,0,2046
2533,0,75,4030,500,922,0,0,0,0,0,0,0,0,0,0,80.04171752929688,-1,0,0,0,-41.75,0,0,1,0,0,0,2046
2534,0,76,4030,500,922,0,0,0,0,0,0,0,0,0,0,80.04171752929688,-1,0,0,0,-41.75,0,0,1,0,0,0,2046
2535,0,77,4030,500,922,0,0,0,0,0,0,0,0,0,0,80.04171752929688,-1,0,0,0,-41.75,0,0,1,0,0,0,2046
2536,0,78,4030,500,922,0,0,0,0,0,0,0,0,0,0,80.04171752929688,-1,0,0,0,-41.75,0,0,1,0,0,0,2046
2537,0,79,4030,500,922,0,0,0,0,0,0,0,0,0,0,80.04171752929688,-1,0,0,0,-41.75,0,0,1,0,0,0,2046
2538,0,80,4030,500,922,0,0,0,0,0,0,0,0,0,0,80.04171752929688,-1,0,0,0,-41.75,0,0,1,0,0,0,2046
2539,0,81,4030,500,922,0,0,0,0,0,0,0,0,0,0,80.04171752929688,-1,0,0,0,-41.75,0,0,1,0,0,0,2046
2540,0,82,4030,500,922,0,0,0,0,0,0,0,0,0,0,80.04171752929688,-1,0,0,0,-41.75,0,0,1,0,0,0,2046
2541,0,83,4030,500,922,0,0,0,0,0,0,0,0,0,0,80.04171752929688,-1,0,0,0,-41.75,0,0,1,0,0,0,2046
2542,0,84,4030,500,922,0,0,0,0,0,0,0,0,0,0,80.04171752929688,-1,0,0,0,-41.75,0,0,1,0,0,0,2046
2543,0,85,4030,500,922,0,0,0,0,0,0,0,0,0,0,80.04171752929688,-1,0,0,0,-41.75,0,0,1,0,0,0,2046
2544,0,86,4030,500,922,0,0,0,0,0,0,0,0,0,0,80.04171752929688,-1,0,0,0,-41.75,0,0,1,0,0,0,2046
2545,0,87,4030,500,922,0,0,0,0,0,0,0,0,0,0,80.04171752929688,-1,0,0,0,-41.75,0,0,1,0,0,0,2046
2546,0,88,4030,500,922,0,0,0,0,0,0,0,0,0,0,80.04171752929688,-1,0,0,0,-41.75,0,0,1,0,0,0,2046
2547,0,89,4030,500,922,0,0,0,0,0,0,0,0,0,0,80.04171752929688,-1,0,0,0,-41.75,0,0,1,0,0,0,2046
2548,0,90,4030,500,922,0,0,0,0,0,0,0,0,0,0,80.04171752929688,-1,0,0,0,-41.75,0,0,1,0,0,0,2046
2549,0,91,4030,500,922,0,0,0,0,0,0,0,0,0,0,80.04171752929688,-1,0,0,0,-41.75,0,0,1,0,0,0,2046
2550,0,92,4030,500,922,0,0,0,0,0,0,0,0,0,0,80.04171752929688,-1,0,0,0,-41.75,0,0,1,0,0,0,2046
2551,0,93,4030,500,922,0,0,0,0,0,0,0,0,0,0,80.04171752929688,-1,0,0,0,-41.75,0,0,1,0,0,0,2046
2552,0,94,4030,500,922,0,0,0,0,0,0,0,0,0,0,80.04171752929688,-1,0,0,0,-41.75,0,0,1,0,0,0,2046
2553,0,95,4030,500,922,0,0,0,0,0,0,0,0,0,0,80.04171752929688,-1,0,0,0,-41.75,0,0,1,0,0,0,2046
2554,0,96,4030,500,922,0,0,0,0,0,0,0,0,0,0,80.04171752929688,-1,0,0,0,-41.75,0,0,1,0,0,0,2046
2555,0,97,4030,500,922,0,0,0,0,0,0,0,0,0,0,80.04171752929688,-1,0,0,0,-41.75,0,0,1,0,0,0,2046
2556,0,98,4030,500,922,0,0,0,0,0,0,0,0,0,0,80.04171752929688,-1,0,0,0,-41.75,0,0,1,0,0,0,2046
2557,0,99,4030,500,922,0,0,0,0,0,0,0,0,0,0,80.04171752929688,-1,0,0,0,-41.75,0,0,1,0,0,0,2046
2558,0,100,4030,500,922,0,0,0,0,0,0,0,0,0,0,80.04171752929688,-1,0,0,0,-41.75,0,0,1,0,0,0,2046
2559,0,101,4030,500,922,0,0,0,0,0,0,0,0,0,0,80.04171752929688,-1,0,0,0,-41.75,0,0,1,0,0,0,2046
2560,0,102,4030,500,922,0,0,0,0,0,0,0,0,0,0,80.04171752929688,-1,0,0,0,-41.75,0,0,1,0,0,0,2046
2561,0,103,4030,500,922,0,0,0,0,0,0,0,0,0,0,80.04171752929688,-1,0,0,0,-41.75,0,0,1,0,0,0,2046
2562,0,104,4030,500,922,0,0,0,0,0,0,0,0,0,0,80.04171752929688,-1,0,0,0,-41.75,0,0,1,0,0,0,2046
2563,0,105,4030,500,922,0,0,0,0,0,0,0,0,0,0,80.04171752929688,-1,0,0,0,-41.75,0,0,1,0,0,0,2046
2564,0,106,4030,500,922,0,0,0,0,0,0,0,0,0,0,80.04171752929688,-1,0,0,0,-41.75,0,0,1,0,0,0,2046
2565,0,107,4030,500,922,0,0,0,0,0,0,0,0,0,0,80.04171752929688,-1,0,0,0,-41.75,0,0,1,0,0,0,2046
2566,0,108,4030,500,922,0,0,0,0,0,0,0,0,0,0,80.04171752929688,-1,0,0,0,-41.75,0,0,1,0,0,0,2046
2567,0,109,4030,500,922,0,0,0,0,0,0,0,0,0,0,80.04171752929688,-1,0,0,0,-41.75,0,0,1,0,0,0,2046
2568,0,110,4030,500,922,0,0,0,0,0,0,0,0,0,0,80.04171752929688,-1,0,0,0,-41.75,0,0,1,0,0,0,2046
2569,0,111,4030,500,922,0,0,0,0,0,0,0,0,0,0,80.04171752929688,-1,0,0,0,-41.75,0,0,1,0,0,0,2046
2570,0,112,4030,500,922,0,0,0,0,0,0,0,0,0,0,80.04171752929688,-1,0,0,0,-41.75,0,0,1,0,0,0,2046
2571,0,113,4030,500,922,0,0,0,0,0,0,0,0,0,0,80.04171752929688,-1,0,0,0,-41.75,0,0,1,0,0,0,2046
2572,0,114,4030,500,922,0,0,0,0,0,0,0,0,0,0,80.04171752929688,-1,0,0,0,-41.75,0,0,1,0,0,0,2046
2573,0,115,4030,500,922,0,0,0,0,0,0,0,0,0,0,80.04171752929688,-1,0,0,0,-41.75,0,0,1,0,0,0,2046
2574,0,116,4030,500,922,0,0,0,0,0,0,0,0,0,0,80.04171752929688,-1,0,0,0,-41.75,0,0,1,0,0,0,2046
2575,0,117,4030,500,922,0,0,0,0,0,0,0,0,0,0,80.04171752929688,-1,0,0,0,-41.75,0,0,1,0,0,0,2046
2576,0,118,4030,500,922,0,0,0,0,0,0,0,0,0,0,80.04171752929688,-1,0,0,0,-41.75,0,0,1,0,0,0,2046
2577,0,119,4030,500,922,0,0,0,0,0,0,0,0,0,0,80.04171752929688,-1,0,0,0,-41.75,0,0,1,0,0,0,2046
2578,0,120,4030,500,922,0,0,0,0,0,0,0,0,0,0,80.04171752929688,-1,0,0,0,-41.75,0,0,1,0,0,0,2046
2579,0,121,4030,500,922,0,0,0,0,0,0,0,0,0,0,80.04171752929688,-1,0,0,0,-41.75,0,0,1,0,0,0,2046
2580,0,122,4030,500,922,0,0,0,0,0,0,0,0,0,0,80.04171752929688,-1,0,0,0,-41.75,0,0,1,0,0,0,2046
2581,0,123,4030,500,922,0,0,0,0,0,0,0,0,0,0,80.04171752929688,-1,0,0,0,-41.75,0,0,1,0,0,0,2046
2582,0,124,4030,500,922,0,0,0,0,0,0,0,0,0,0,80.04171752929688,-1,0,0,0,-41.75,0,0,1,0,0,0,2046
2583,0,125,4030,500,922,0,0,0,0,0,0,0,0,0,0,80.04171752929688,-1,0,0,0,-41.75,0,0,1,0,0,0,2046
2584,0,126,4030,500,922,0,0,0,0,0,0,0,0,0,0,80.04171752929688,-1,0,0,0,-41.75,0,0,1,0,0,0,2046
2585,0,127,4030,500,922,0,0,0,0,0,0,0,0,0,0,80.04171752929688,-1,0,0,0,-41.75,0,0,1,0,0,0,2046
2586,0,128,4030,500,922,0,0,0,0,0,0,0,0,0,0,80.04171752929688,-1,0,0,0,-41.75,0,0,1,0,0,0,2046
2587,0,129,4030,500,922,0,0,0,0,0,0,0,0,0,0,80.04171752929688,-1,0,0,0,-41.75,0,0,1,0,0,0,2046
2588,0,130,4030,500,922,0,0,0,0,0,0,0,0,0,0,80.04171752929688,-1,0,0,0,-41.75,0,0,1,0,0,0,2046
2589,0,131,4030,500,922,0,0,0,0,0,0,0,0,0,0,80.04171752929688,-1,0,0,0,-41.75,0,0,1,0,0,0,2046
2590,0,132,4030,500,922,0,0,0,0,0,0,0,0,0,0,80.04171752929688,-1,0,0,0,-41.75,0,0,1,0,0,0,2046
2591,0,133,4030,500,922,0,0,0,0,0,0,0,0,0,0,80.04171752929688,-1,0,0,0,-41.75,0,0,1,0,0,0,2046
2592,0,134,4030,500,922,0,0,0,0,0,0,0,0,0,0,80.04171752929688,-1,0,0,0,-41.75,0,0,1,0,0,0,2046
2593,0,135,4030,500,922,0,0,0,0,0,0,0,0,0,0,80.04171752929688,-1,0,0,0,-41.75,0,0,1,0,0,0,2046
2594,0,136,4030,500,922,0,0,0,0,0,0,0,0,0,0,80.04171752929688,-1,0,0,0,-41.75,0,0,1,0,0,0,2046
2595,0,137,4030,500,922,0,0,0,0,0,0,0,0,0,0,80.04171752929688,-1,0,0,0,-41.75,0,0,1,0,0,0,2046
2596,0,138,4030,500,922,0,0,0,0,0,0,0,0,0,0,80.04171752929688,-1,0,0,0,-41.75,0,0,1,0,0,0,2046
2597,0,139,4030,500,922,0,0,0,0,0,0,0,0,0,0,80.04171752929688,-1,0,0,0,-41.75,0,0,1,0,0,0,2046
2598,0,140,4030,500,922,0,0,0,0,0,0,0,0,0,0,80.04171752929688,-1,0,0,0,-41.75,0,0,1,0,0,0,2046
2599,0,141,4030,500,922,0,0,0,0,0,0,0,0,0,0,80.04171752929688,-1,0,0,0,-41.75,0,0,1,0,0,0,2046
2600,0,142,4030,500,922,0,0,0,0,0,0,0,0,0,0,80.04171752929688,-1,0,0,0,-41.75,0,0,1,0,0,0,2046
2601,0,143,4030,500,922,0,0,0,0,0,0,0,0,0,0,80.04171752929688,-1,0,0,0,-41.75,0,0,1,0,0,0,2046
2602,0,144,4030,500,922,0,0,0,0,0,0,0,0,0,0,80.04171752929688,-1,0,0,0,-41.75,0,0,1,0,0,0,2046
2603,0,145,4030,500,922,0,0,0,0,0,0,0,0,0,0,80.04171752929688,-1,0,0,0,-41.75,0,0,1,0,0,0,2046
2604,0,146,4030,500,922,0,0,0,0,0,0,0,0,0,0,80.04171752929688,-1,0,0,0,-41.75,0,0,1,0,0,0,2046
2605,0,147,4030,500,922,0,0,0,0,0,0,0,0,0,0,80.04171752929688,-1,0,0,0,-41.75,0,0,1,0,0,0,2046
2606,0,148,4030,500,922,0,0,0,0,0,0,0,0,0,0,80.04171752929688,-1,0,0,0,-41.75,0,0,1,0,0,0,2046
2607,0,149,4030,500,922,0,0,0,0,0,0,0,0,0,0,80.04171752929688,-1,0,0,0,-41.75,0,0,1,0,0,0,2046
2608,0,150,4030,500,922,0,0,0,0,0,0,0,0,0,0,80.04171752929688,-1,0,0,0,-41.75,0,0,1,0,0,0,2046
2609,0,151,4030,500,922,0,0,0,0,0,0,0,0,0,0,80.04171752929688,-1,0,0,0,-41.75,0,0,1,0,0,0,2046
2610,0,152,4030,500,922,0,0,0,0,0,0,0,0,0,0,80.04171752929688,-1,0,0,0,-41.75,0,0,1,0,0,0,2046
2611,0,153,4030,500,922,0,0,0,0,0,0,0,0,0,0,80.04171752929688,-1,0,0,0,-41.75,0,0,1,0,0,0,2046
2612,0,154,4030,500,922,0,0,0,0,0,0,0,0,0,0,80.04171752929688,-1,0,0,0,-41.75,0,0,1,0,0,0,2046
2613,0,155,4030,500,922,0,0,0,0,0,0,0,0,0,0,80.04171752929688,-1,0,0,0,-41.75,0,0,1,0,0,0,2046
2614,0,156,4030,500,922,0,0,0,0,0,0,0,0,0,0,80.04171752929688,-1,0,0,0,-41.75,0,0,1,0,0,0,2046
2615,0,157,4030,500,922,0,0,0,0,0,0,0,0,0,0,80.04171752929688,-1,0,0,0,-41.75,0,0,1,0,0,0,2046
2616,0,158,4030,500,922,0,0,0,0,0,0,0,0,0,0,80.04171752929688,-1,0,0,0,-41.75,0,0,1,0,0,0,2046
2617,0,159,4030,500,922,0,0,0,0,0,0,0,0,0,0,80.04171752929688,-1,0,0,0,-41.75,0,0,1,0,0,0,2046
2618,0,160,4030,500,922,0,0,0,0,0,0,0,0,0,0,80.04171752929688,-1,0,0,0,-41.75,0,0,1,0,0,0,2046
2619,0,161,4030,500,922,0,0,0,0,0,0,0,0,0,0,80.04171752929688,-1,0,0,0,-41.75,0,0,1,0,0,0,2046
2620,0,162,4030,500,922,0,0,0,0,0,0,0,0,0,0,80.04171752929688,-1,0,0,0,-41.75,0,0,1,0,0,0,2046
2621,0,163,4030,500,922,0,0,0,0,0,0,0,0,0,0,80.04171752929688,-1,0,0,0,-41.75,0,0,1,0,0,0,2046
2622,0,164,4030,500,922,0,0,0,0,0,0,0,0,0,0,80.04171752929688,-1,0,0,0,-41.75,0,0,1,0,0,0,2046
2623,0,165,4030,500,922,0,0,0,0,0,0,0,0,0,0,80.04171752929688,-1,0,0,0,-41.75,0,0,1,0,0,0,2046
2624,0,166,4030,500,922,0,0,0,0,0,0,0,0,0,0,80.04171752929688,-1,0,0,0,-41.75,0,0,1,0,0,0,2046
2625,0,167,4030,500,922,0,0,0,0,0,0,0,0,0,0,80.04171752929688,-1,0,0,0,-41.75,0,0,1,0,0,0,2046
2626,0,168,4030,500,922,0,0,0,0,0,0,0,0,0,0,80.04171752929688,-1,0,0,0,-41.75,0,0,1,0,0,0,2046
2627,0,169,4030,500,922,0,0,0,0,0,0,0,0,0,0,80.04171752929688,-1,0,0,0,-41.75,0,0,1,0,0,0,2046
2628,0,170,4030,500,922,0,0,0,0,0,0,0,0,0,0,80.04171752929688,-1,0,0,0,-41.75,0,0,1,0,0,0,2046
2629,0,171,4030,500,922,0,0,0,0,0,0,0,0,0,0,80.04171752929688,-1,0,0,0,-41.75,0,0,1,0,0,0,2046
2630,0,172,4030,500,922,0,0,0,0,0,0,0,0,0,0,80.04171752929688,-1,0,0,0,-41.75,0,0,1,0,0,0,2046
2631,0,173,4030,500,922,0,0,0,0,0,0,0,0,0,0,80.04171752929688,-1,0,0,0,-41.75,0,0,1,0,0,0,2046
2632,0,174,4030,500,922,0,0,0,0,0,0,0,0,0,0,80.04171752929688,-1,0,0,0,-41.75,0,0,1,0,0,0,2046
2633,0,175,4030,500,922,0,0,0,0,0,0,0,0,0,0,80.04171752929688,-1,0,0,0,-41.75,0,0,1,0,0,0,2046
2634,0,176,4030,500,922,0,0,0,0,0,0,0,0,0,0,80.04171752929688,-1,0,0,0,-41.75,0,0,1,0,0,0,2046
2635,0,177,4030,500,922,0,0,0,0,0,0,0,0,0,0,80.04171752929688,-1,0,0,0,-41.75,0,0,1,0,0,0,2046
2636,0,178,4030,500,922,0,0,0,0,0,0,0,0,0,0,80.04171752929688,-1,0,0,0,-41.75,0,0,1,0,0,0,2046
2637,0,179,4030,500,922,0,0,0,0,0,0,0,0,0,0,80.04171752929688,-1,0,0,0,-41.75,0,0,1,0,0,0,2046
2638,0,180,4030,500,922,0,0,0,0,0,0,0,0,0,0,80.04171752929688,-1,0,0,0,-41.75,0,0,1,0,0,0,2046
2639,0,181,4030,500,922,0,0,0,0,0,0,0,0,0,0,80.04171752929688,-1,0,0,0,-41.75,0,0,1,0,0,0,2046
2640,0,182,4030,500,922,0,0,0,0,0,0,0,0,0,0,80.04171752929688,-1,0,0,0,-41.75,0,0,1,0,0,0,2046
2641,0,183,4030,500,922,0,0,0,0,0,0,0,0,0,0,80.04171752929688,-1,0,0,0,-41.75,0,0,1,0,0,0,2046
2642,0,184,4030,500,922,0,0,0,0,0,0,0,0,0,0,80.04171752929688,-1,0,0,0,-41.75,0,0,1,0,0,0,2046
2643,0,185,4030,500,922,0,0,0,0,0,0,0,0,0,0,80.04171752929688,-1,0,0,0,-41.75,0,0,1,0,0,0,2046
2644,0,186,4030,500,922,0,0,0,0,0,0,0,0,0,0,80.04171752929688,-1,0,0,0,-41.75,0,0,1,0,0,0,2046
2645,0,187,4030,500,922,0,0,0,0,0,0,0,0,0,0,80.04171752929688,-1,0,0,0,-41.75,0,0,1,0,0,0,2046
2646,0,188,4030,500,922,0,0,0,0,0,0,0,0,0,0,80.04171752929688,-1,0,0,0,-41.75,0,0,1,0,0,0,2046
2647,0,189,4030,500,922,0,0,0,0,0,0,0,0,0,0,80.04171752929688,-1,0,0,0,-41.75,0,0,1,0,0,0,2046
2648,0,190,4030,500,922,0,0,0,0,0,0,0,0,0,0,80.04171752929688,-1,0,0,0,-41.75,0,0,1,0,0,0,2046
2649,0,191,4030,500,922,0,0,0,0,0,0,0,0,0,0,80.04171752929688,-1,0,0,0,-41.75,0,0,1,0,0,0,2046
2650,0,192,4030,500,922,0,0,0,0,0,0,0,0,0,0,80.04171752929688,-1,0,0,0,-41.75,0,0,1,0,0,0,2046
2651,0,193,4030,500,922,0,0,0,0,0,0,0,0,0,0,80.04171752929688,-1,0,0,0,-41.75,0,0,1,0,0,0,2046
2652,0,194,4030,500,922,0,0,0,0,0,0,0,0,0,0,80.04171752929688,-1,0,0,0,-41.75,0,0,1,0,0,0,2046
2653,0,195,4030,500,922,0,0,0,0,0,0,0,0,0,0,80.04171752929688,-1,0,0,0,-41.75,0,0,1,0,0,0,2046
2654,0,196,4030,500,922,0,0,0,0,0,0,0,0,0,0,80.04171752929688,-1,0,0,0,-41.75,0,0,1,0,0,0,2046
2655,0,197,4030,500,922,0,0,0,0,0,0,0,0,0,0,80.04171752929688,-1,0,0,0,-41.75,0,0,1,0,0,0,2046
2656,0,198,4030,500,922,0,0,0,0,0,0,0,0,0,0,80.04171752929688,-1,0,0,0,-41.75,0,0,1,0,0,0,2046
2657,0,199,4030,500,922,0,0,0,0,0,0,0,0,0,0,80.04171752929688,-1,0,0,0,-41.75,0,0,1,0,0,0,2046
2658,0,200,4030,500,922,0,0,0,0,0,0,0,0,0,0,80.04171752929688,-1,0,0,0,-41.75,0,0,1,0,0,0,2046
2659,0,201,4030,500,922,0,0,0,0,0,0,0,0,0,0,80.04171752929688,-1,0,0,0,-41.75,0,0,1,0,0,0,2046
2660,0,202,4030,500,922,0,0,0,0,0,0,0,0,0,0,80.04171752929688,-1,0,0,0,-41.75,0,0,1,0,0,0,2046
2661,0,203,4030,500,922,0,0,0,0,0,0,0,0,0,0,80.04171752929688,-1,0,0,0,-41.75,0,0,1,0,0,0,2046
2662,0,204,4030,500,922,0,0,0,0,0,0,0,0,0,0,80.04171752929688,-1,0,0,0,-41.75,0,0,1,0,0,0,2046
2663,0,205,4030,500,922,0,0,0,0,0,0,0,0,0,0,80.04171752929688,-1,0,0,0,-41.75,0,0,1,0,0,0,2046
2664,0,206,4030,500,922,0,0,0,0,0,0,0,0,0,0,80.04171752929688,-1,0,0,0,-41.75,0,0,1,0,0,0,2046
2665,0,207,4030,500,922,0,0,0,0,0,0,0,0,0,0,80.04171752929688,-1,0,0,0,-41.75,0,0,1,0,0,0,2046
2666,0,208,4030,500,922,0,0,0,0,0,0,0,0,0,0,80.04171752929688,-1,0,0,0,-41.75,0,0,1,0,0,0,2046
2667,0,209,4030,500,922,0,0,0,0,0,0,0,0,0,0,80.04171752929688,-1,0,0,0,-41.75,0,0,1,0,0,0,2046
2668,0,210,4030,500,922,0,0,0,0,0,0,0,0,0,0,80.04171752929688,-1,0,0,0,-41.75,0,0,1,0,0,0,2046
2669,0,211,4030,500,922,0,0,0,0,0,0,0,0,0,0,80.04171752929688,-1,0,0,0,-41.75,0,0,1,0,0,0,2046
2670,0,212,4030,500,922,0,0,0,0,0,0,0,0,0,0,80.04171752929688,-1,0,0,0,-41.75,0,0,1,0,0,0,2046
2671,0,213,4030,500,922,0,0,0,0,0,0,0,0,0,0,80.04171752929688,-1,0,0,0,-41.75,0,0,1,0,0,0,2046
2672,0,214,4030,500,922,0,0,0,0,0,0,0,0,0,0,80.04171752929688,-1,0,0,0,-41.75,0,0,1,0,0,0,2046
2673,0,215,4030,500,922,0,0,0,0,0,0,0,0,0,0,80.04171752929688,-1,0,0,0,-41.75,0,0,1,0,0,0,2046
2674,0,216,4030,500,922,0,0,0,0,0,0,0,0,0,0,80.04171752929688,-1,0,0,0,-41.75,0,0,1,0,0,0,2046
2675,0,217,4030,500,922,0,0,0,0,0,0,0,0,0,0,80.04171752929688,-1,0,0,0,-41.75,0,0,1,0,0,0,2046
2676,0,218,4030,500,922,0,0,0,0,0,0,0,0,0,0,80.04171752929688,-1,0,0,0,-41.75,0,0,1,0,0,0,2046
2677,0,219,4030,500,922,0,0,0,0,0,0,0,0,0,0,80.04171752929688,-1,0,0,0,-41.75,0,0,1,0,0,0,2046
2678,0,220,4030,500,922,0,0,0,0,0,0,0,0,0,0,80.04171752929688,-1,0,0,0,-41.75,0,0,1,0,0,0,2046
2679,0,221,4030,500,922,0,0,0,0,0,0,0,0,0,0,80.04171752929688,-1,0,0,0,-41.75,0,0,1,0,0,0,2046
2680,0,222,4030,500,922,0,0,0,0,0,0,0,0,0,0,80.04171752929688,-1,0,0,0,-41.75,0,0,1,0,0,0,2046
2681,0,223,4030,500,922,0,0,0,0,0,0,0,0,0,0,80.04171752929688,-1,0,0,0,-41.75,0,0,1,0,0,0,2046
2682,0,224,4030,500,922,0,0,0,0,0,0,0,0,0,0,80.04171752929688,-1,0,0,0,-41.75,0,0,1,0,0,0,2046
2683,0,225,4030,500,922,0,0,0,0,0,0,0,0,0,0,80.04171752929688,-1,0,0,0,-41.75,0,0,1,0,0,0,2046
2684,0,226,4030,500,922,0,0,0,0,0,0,0,0,0,0,80.04171752929688,-1,0,0,0,-41.75,0,0,1,0,0,0,2046
2685,0,227,4030,500,922,0,0,0,0,0,0,0,0,0,0,80.04171752929688,-1,0,0,0,-41.75,0,0,1,0,0,0,2046
2686,0,228,4030,500,922,0,0,0,0,0,0,0,0,0,0,80.04171752929688,-1,0,0,0,-41.75,0,0,1,0,0,0,2046
2687,0,229,4030,500,922,0,0,0,0,0,0,0,0,0,0,80.04171752929688,-1,0,0,0,-41.75,0,0,1,0,0,0,2046
2688,0,230,4030,500,922,0,0,0,0,0,0,0,0,0,0,80.04171752929688,-1,0,0,0,-41.75,0,0,1,0,0,0,2046
2689,0,231,4030,500,922,0,0,0,0,0,0,0,0,0,0,80.04171752929688,-1,0,0,0,-41.75,0,0,1,0,0,0,2046
2690,0,232,4030,500,922,0,0,0,0,0,0,0,0,0,0,80.04171752929688,-1,0,0,0,-41.75,0,0,1,0,0,0,2046
2691,0,233,4030,500,922,0,0,0,0,0,0,0,0,0,0,80.04171752929688,-1,0,0,0,-41.75,0,0,1,0,0,0,2046
2692,0,234,4030,500,922,0,0,0,0,0,0,0,0,0,0,80.04171752929688,-1,0,0,0,-41.75,0,0,1,0,0,0,2046
2693,0,235,4030,500,922,0,0,0,0,0,0,0,0,0,0,80.04171752929688,-1,0,0,0,-41.75,0,0,1,0,0,0,2046
2694,0,236,4030,500,922,0,0,0,0,0,0,0,0,0,0,80.04171752929688,-1,0,0,0,-41.75,0,0,1,0,0,0,2046
2695,0,237,4030,500,922,0,0,0,0,0,0,0,0,0,0,80.04171752929688,-1,0,0,0,-41.75,0,0,1,0,0,0,2046
2696,0,238,4030,500,922,0,0,0,0,0,0,0,0,0,0,80.04171752929688,-1,0,0,0,-41.75,0,0,1,0,0,0,2046
2697,0,239,4030,500,922,0,0,0,0,0,0,0,0,0,0,80.04171752929688,-1,0,0,0,-41.75,0,0,1,0,0,0,2046
2698,0,240,4030,500,922,0,0,0,0,0,0,0,0,0,0,80.04171752929688,-1,0,0,0,-41.75,0,0,1,0,0,0,2046
2699,0,241,4030,500,922,0,0,0,0,0,0,0,0,0,0,80.04171752929688,-1,0,0,0,-41.75,0,0,1,0,0,0,2046
2700,0,242,4030,500,922,0,0,0,0,0,0,0,0,0,0,80.04171752929688,-1,0,0,0,-41.75,0,0,1,0,0,0,2046
2701,0,243,4030,500,922,0,0,0,0,0,0,0,0,0,0,80.04171752929688,-1,0,0,0,-41.75,0,0,1,0,0,0,2046
2702,0,244,4030,500,922,0,0,0,0,0,0,0,0,0,0,80.04171752929688,-1,0,0,0,-41.75,0,0,1,0,0,0,2046
2703,0,245,4030,500,922,0,0,0,0,0,0,0,0,0,0,80.04171752929688,-1,0,0,0,-41.75,0,0,1,0,0,0,2046
2704,0,246,4030,500,922,0,0,0,0,0,0,0,0,0,0,80.04171752929688,-1,0,0,0,-41.75,0,0,1,0,0,0,2046
2705,0,247,4030,500,922,0,0,0,0,0,0,0,0,0,0,80.04171752929688,-1,0,0,0,-41.75,0,0,1,0,0,0,2046
2706,0,248,4030,500,922,0,0,0,0,0,0,0,0,0,0,80.04171752929688,-1,0,0,0,-41.75,0,0,1,0,0,0,2046
2707,0,249,4030,500,922,0,0,0,0,0,0,0,0,0,0,80.04171752929688,-1,0,0,0,-41.75,0,0,1,0,0,0,2046
2708,0,250,4030,500,922,0,0,0,0,0,0,0,0,0,0,80.04171752929688,-1,0,0,0,-41.75,0,0,1,0,0,0,2046
2709,0,251,4030,500,922,0,0,0,0,0,0,0,0,0,0,80.04171752929688,-1,0,0,0,-41.75,0,0,1,0,0,0,2046
2710,0,1,3000,500,1000,0,0,0,0,0,0,0,0,0,0,66.75,-1,0,0,0,-41.75,0,0,0,0,0,0,1000
2711,0,2,3000,500,1000,0,0,0,0,0,0,0,0,0,0,66.75,-1,0,0,0,-41.75,0,0,0,0,0,0,1000
2712,0,3,3000,500,1000,0,0,0,0,0,0,0,0,0,0,66.75,-1,0,0,0,-41.75,0,0,0,0,0,0,1000
2713,0,4,3000,500,1000,0,0,0,0,0,0,0,0,0,0,66.75,-1,0,0,0,-41.75,0,0,0,0,0,0,1000
2714,0,5,3000,500,1000,0,0,0,0,0,0,0,0,0,0,66.75,-1,0,0,0,-41.75,0,0,0,0,0,0,1000
2715,0,6,3000,500,1000,0,0,0,0,0,0,0,0,0,0,66.75,-1,0,0,0,-41.75,0,0,0,0,0,0,1000
2716,0,7,3000,500,1000,0,0,0,0,0,0,0,0,0,0,66.75,-1,0,0,0,-41.75,0,0,0,0,0,0,1000
2717,0,8,3000,500,1000,0,0,0,0,0,0,0,0,0,0,66.75,-1,0,0,0,-41.75,0,0,0,0,0,0,1000
2718,0,9,3000,500,1000,0,0,0,0,0,0,0,0,0,0,66.75,-1,0,0,0,-41.75,0,0,0,0,0,0,1000
2719,20,1,3000,500,1000,0,0,0,0,0,0,0,0,0,0,65.25,-1,0,0,0,-41.75,0,0,0,0,0,0,1000
2720,20,2,3000,500,1000,0,0,0,0,0,0,0,0,0,0,63.75,-1,0,0,0,-41.75,0,0,0,0,0,0,1000
2721,20,3,3000,500,1000,0,0,0,0,0,0,0,0,0,0,62.25,-1,0,0,0,-41.75,0,0,0,0,0,0,1000
2722,10,1,3000,500,1000,0,0,0,0,0,0,0,0,0,0,62.25,-1,0,0,0,-41.75,0,0,0,0,0,0,1000
2723,10,2,3000,500,1000,0,0,0,0,0,0,0,0,0,0,62.25,-1,0,0,0,-41.75,0,0,0,0,0,0,1000
2724,10,3,3000,500,1000,0,0,0,0,0,0,0,0,0,0,62.25,-1,0,0,0,-41.75,0,0,0,0,0,0,1000
2725,1010,1,3000,500,1000,0,0,0,0,0,0,0,0,0,0,62.25,-1,0,0,0,-41.75,0,0,0,0,0,0,1000
2726,1010,2,3000,500,1000,0,0,0,0,0,0,0,0,0,0,62.25,-1,0,0,0,-41.75,0,0,0,0,0,0,1000
2727,1010,3,3000,500,1000,0,0,0,0,0,0,0,0,0,0,62.25,-1,0,0,0,-41.75,0,0,0,0,0,0,1000
2728,1010,4,3000,500,1000,0,0,0,0,0,0,0,0,0,0,62.25,-1,0,0,0,-41.75,0,0,0,0,0,0,1000
2729,1010,5,3000,500,1000,0,0,0,0,0,0,0,0,0,0,62.25,-1,0,0,0,-41.75,0,0,0,0,0,0,1000
2730,1010,6,3000,500,1000,0,0,0,0,0,0,0,0,0,0,62.25,-1,0,0,0,-41.75,0,0,0,0,0,0,1000
2731,1010,7,3000,500,1000,0,0,0,0,0,0,0,0,0,0,62.25,-1,0,0,0,-41.75,0,0,0,0,0,0,1000
2732,1010,8,3000,500,1000,0,0,0,0,0,0,0,0,0,0,62.25,-1,0,0,0,-41.75,0,0,0,0,0,0,1000
2733,1010,9,3000,500,1000,0,0,0,0,0,0,0,0,0,0,62.25,-1,0,0,0,-41.75,0,0,0,0,0,0,1000
2734,1010,10,3000,500,1000,0,0,0,0,0,0,0,0,0,0,62.25,-1,0,0,0,-41.75,0,0,0,0,0,0,1000
2735,1010,11,3000,500,1000,0,0,0,0,0,0,0,0,0,0,62.25,-1,0,0,0,-41.75,0,0,0,0,0,0,1000
2736,1010,12,3000,500,1000,0,0,0,0,0,0,0,0,0,0,62.25,-1,0,0,0,-41.75,0,0,0,0,0,0,1000
2737,1010,13,3000,500,1000,0,0,0,0,0,0,0,0,0,0,62.25,-1,0,0,0,-41.75,0,0,0,0,0,0,1000
2738,1010,13,4030,500,927,0,0,0,0,0,0,0,0,0,0,62.25,-1,0,0,0,-41.75,0,0,0,0,0,0,2018
2739,1010,13,4030,500,927,0,0,0,0,0,0,0,0,0,0,62.25,-1,0,0,0,-41.75,0,0,0,0,0,0,2018
2740,1010,13,4030,500,927,0,0,0,0,0,0,0,0,0,0,62.25,-1,0,0,0,-41.75,0,0,0,0,0,0,2018
2741,1010,13,4030,500,927,0,0,0,0,0,0,0,0,0,0,62.25,-1,0,0,0,-41.75,0,0,0,0,0,0,2018
2742,1010,13,4030,500,927,0,0,0,0,0,0,0,0,0,0,62.25,-1,0,0,0,-41.75,0,0,0,0,0,0,2018
2743,1010,13,4030,500,927,0,0,0,0,0,0,0,0,0,0,62.25,-1,0,0,0,-41.75,0,0,0,0,0,0,2018
2744,1010,14,4030,500,927,0,0,0,0,0,0,0,0,0,0,62.25,-1,0,0,0,-41.75,0,0,0,0,0,0,2018
2745,1010,15,4030,500,927,0,0,0,0,0,0,0,0,0,0,62.25,-1,0,0,0,-41.75,0,0,0,0,0,0,2018
2746,1010,16,4030,500,927,0,0,0,0,0,0,0,0,0,0,62.25,-1,0,0,0,-41.75,0,0,0,0,0,0,2018
2747,1010,17,4030,500,927,0,0,0,0,0,0,0,0,0,0,62.25,-1,0,0,0,-41.75,0,0,0,0,0,0,2018
2748,1010,18,4030,500,927,0,0,0,0,0,0,0,0,0,0,62.25,-1,0,0,0,-41.75,0,0,0,0,0,0,2018
2749,1010,19,4030,500,927,0,0,0,0,0,0,0,0,0,0,62.25,-1,0,0,0,-41.75,0,0,0,0,0,0,2018
2750,1010,20,4030,500,927,0,0,0,0,0,0,0,0,0,0,62.25,-1,0,0,0,-41.75,0,0,0,0,0,0,2018
2751,1010,21,4030,500,927,0,0,0,0,0,0,0,0,0,0,62.25,-1,0,0,0,-41.75,0,0,0,0,0,0,2018
2752,1010,22,4030,500,927,0,0,0,0,0,0,0,0,0,0,62.25,-1,0,0,0,-41.75,0,0,0,0,0,0,2018
2753,1010,23,4030,500,927,0,0,0,0,0,0,0,0,0,0,62.25,-1,0,0,0,-41.75,0,0,0,0,0,0,2018
2754,1010,24,4030,500,927,0,0,0,0,0,0,0,0,0,0,62.25,-1,0,0,0,-41.75,0,0,0,0,0,0,2018
2755,1010,25,4030,500,927,0,0,0,0,0,0,0,0,0,0,62.25,-1,0,0,0,-41.75,0,0,0,0,0,0,2018
2756,1010,26,4030,500,927,0,0,0,0,0,0,0,0,0,0,62.25,-1,0,0,0,-41.75,0,0,0,0,0,0,2018
2757,1010,27,4030,500,927,0,0,0,0,0,0,0,0,0,0,63,-1,0,0,0,-41.75,0,0,0,0,0,0,2018
2758,1010,28,4030,500,927,0,0,0,0,0,0,0,0,0,0,64,-1,0,0,0,-41.75,0,0,0,0,0,0,2018
2759,1010,29,4030,500,927,0,0,0,0,0,0,0,0,0,0,65,-1,0,0,0,-41.75,0,0,0,0,0,0,2018
2760,1010,30,4030,500,927,0,0,0,0,0,0,0,0,0,0,66,-1,0,0,0,-41.75,0,0,0,0,0,0,2018
2761,1010,31,4030,500,927,0,0,0,0,0,0,0,0,0,0,67,-1,0,0,0,-41.75,0,0,0,0,0,0,2018
2762,1010,32,4030,500,927,0,0,0,0,0,0,0,0,0,0,68,-1,0,0,0,-41.75,0,0,0,0,0,0,2018
2763,1010,33,4030,500,927,0,0,0,0,0,0,0,0,0,0,69,-1,0,0,0,-41.75,0,0,0,0,0,0,2018
2764,1010,34,4030,500,927,0,0,0,0,0,0,0,0,0,0,70,-1,0,0,0,-41.75,0,0,0,0,0,0,2018
2765,1010,35,4030,500,927,0,0,0,0,0,0,0,0,0,0,71,-1,0,0,0,-41.75,0,0,0,0,0,0,2018
2766,1010,36,4030,500,927,0,0,0,0,0,0,0,0,0,0,72,-1,0,0,0,-41.75,0,0,0,0,0,0,2018
2767,1010,37,4030,500,927,0,0,0,0,0,0,0,0,0,0,73,-1,0,0,0,-41.75,0,0,0,0,0,0,2018
2768,1010,38,4030,500,927,0,0,0,0,0,0,0,0,0,0,74,-1,0,0,0,-41.75,0,0,0,0,0,0,2018
2769,0,1,4030,500,927,0,0,0,0,0,0,0,0,0,0,75,-1,0,0,0,-41.75,0,0,0,0,0,0,2018
2770,0,2,4030,500,927,0,0,0,0,0,0,0,0,0,0,76,-1,0,0,0,-41.75,0,0,0,0,0,0,2018
2771,0,3,4030,500,927,0,0,0,0,0,0,0,0,0,0,77,-1,0,0,0,-41.75,0,0,0,0,0,0,2018
2772,0,4,4030,500,927,0,0,0,0,0,0,0,0,0,0,78,-1,0,0,0,-41.75,0,0,0,0,0,0,2018
2773,0,5,4030,500,927,0,0,0,0,0,0,0,0,0,0,79,-1,0,0,0,-41.75,0,0,0,0,0,0,2018
2774,0,6,4030,500,927,0,0,0,0,0,0,0,0,0,0,80,-1,0,0,0,-41.75,0,0,0,0,0,0,2018
2775,0,7,4030,500,927,0,0,0,0,0,0,0,0,0,0,81,-1,0,0,0,-41.75,0,0,0,0,0,0,2018
2776,0,8,4030,500,927,0,0,0,0,0,0,0,0,0,0,82,-1,0,0,0,-41.75,0,0,0,0,0,0,2018
2777,0,9,4030,500,927,0,0,0,0,0,0,0,0,0,0,83,-1,0,0,0,-41.75,0,0,0,0,0,0,2018
2778,0,10,4030,500,927,0,0,0,0,0,0,0,0,0,0,84,-1,0,0,0,-41.75,0,0,0,0,0,0,2018
2779,0,11,4030,500,927,0,0,0,0,0,0,0,0,0,0,85,-1,0,0,0,-41.75,0,0,0,0,0,0,2018
2780,0,12,4030,500,927,0,0,0,0,0,0,0,0,0,0,86,-1,0,0,0,-41.75,0,0,0,0,0,0,2018
2781,0,13,4030,500,927,0,0,0,0,0,0,0,0,0,0,87,-1,0,0,0,-41.75,0,0,0,0,0,0,2018
2782,0,14,4030,500,927,0,0,0,0,0,0,0,0,0,0,88,-1,0,0,0,-41.75,0,0,0,0,0,0,2018
2783,0,15,4030,500,927,0,0,0,0,0,0,0,0,0,0,89,-1,0,0,0,-41.75,0,0,0,0,0,0,2018
2784,0,16,4030,500,927,0,0,0,0,0,0,0,0,0,0,90,-1,0,0,0,-41.75,0,0,0,0,0,0,2018
2785,0,17,4030,500,927,0,0,0,0,0,0,0,0,0,0,91,-1,0,0,0,-41.75,0,0,0,0,0,0,2018
2786,0,18,4030,500,927,0,0,0,0,0,0,0,0,0,0,92,-1,0,0,0,-41.75,0,0,0,0,0,0,2018
2787,0,19,4030,500,927,0,0,0,0,0,0,0,0,0,0,93,-1,0,0,0,-41.75,0,0,0,0,0,0,2018
2788,0,20,4030,500,927,0,0,0,0,0,0,0,0,0,0,94,-1,0,0,0,-41.75,0,0,0,0,0,0,2018
2789,0,21,4030,500,927,0,0,0,0,0,0,0,0,0,0,95,-1,0,0,0,-41.75,0,0,0,0,0,0,2018
2790,0,22,4030,500,927,0,0,0,0,0,0,0,0,0,0,96,-1,0,0,0,-41.75,0,0,0,0,0,0,2018
2791,0,23,4030,500,927,0,0,0,0,0,0,0,0,0,0,97,-1,0,0,0,-41.75,0,0,0,0,0,0,2018
2792,0,24,4030,500,927,0,0,0,0,0,0,0,0,0,0,98.5,-1,0,0,0,-41.75,0,0,0,0,0,0,2018
2793,0,25,4030,500,927,0,0,0,0,0,0,0,0,0,0,98.5,-1,0,0,0,-41.75,0,0,0,0,0,0,2018
2794,0,26,4030,500,927,0,0,0,0,0,0,0,0,0,0,98.5,-1,0,0,0,-41.75,0,0,0,0,0,0,2018
2795,0,27,4030,500,927,0,0,0,0,0,0,0,0,0,0,98.5,-1,0,0,0,-41.75,0,0,0,0,0,0,2018
2796,0,28,4030,500,927,0,0,0,0,0,0,0,0,0,0,98.5,-1,0,0,0,-41.75,0,0,0,0,0,0,2018
2797,0,29,4030,500,927,0,0,0,0,0,0,0,0,0,0,98.5,-1,0,0,0,-41.75,0,0,0,0,0,0,2018
2798,0,30,4030,500,927,0,0,0,0,0,0,0,0,0,0,98.5,-1,0,0,0,-41.75,0,0,0,0,0,0,2018
2799,0,31,4030,500,927,0,0,0,0,0,0,0,0,0,0,98.5,-1,0,0,0,-41.75,0,0,0,0,0,0,2018
2800,0,32,4030,500,927,0,0,0,0,0,0,0,0,0,0,99.25,-1,0,0,0,-41.75,0,0,0,0,0,0,2018
2801,0,33,4030,500,927,0,0,0,0,0,0,0,0,0,0,100,-1,0,0,0,-41.75,0,0,0,0,0,0,2018
2802,0,34,4030,500,927,0,0,0,0,0,0,0,0,0,0,100.75,-1,0,0,0,-41.75,0,0,0,0,0,0,2018
2803,0,35,4030,500,927,0,0,0,0,0,0,0,0,0,0,101.5,-1,0,0,0,-41.75,0,0,0,0,0,0,2018
2804,0,36,4030,500,927,0,0,0,0,0,0,0,0,0,0,102.25,-1,0,0,0,-41.75,0,0,0,0,0,0,2018
2805,0,37,4030,500,927,0,0,0,0,0,0,0,0,0,0,103,-1,0,0,0,-41.75,0,0,0,0,0,0,2018
2806,0,38,4030,500,927,0,0,0,0,0,0,0,0,0,0,103.75,-1,0,0,0,-41.75,0,0,0,0,0,0,2018
2807,0,39,4030,500,927,0,0,0,0,0,0,0,0,0,0,104.5,-1,0,0,0,-41.75,0,0,0,0,0,0,2018
2808,0,40,4030,500,927,0,0,0,0,0,0,0,0,0,0,105.25,-1,0,0,0,-41.75,0,0,0,0,0,0,2018
2809,0,41,4030,500,927,0,0,0,0,0,0,0,0,0,0,106,-1,0,0,0,-41.75,0,0,0,0,0,0,2018
2810,0,42,4030,500,927,0,0,0,0,0,0,0,0,0,0,106.75,-1,0,0,0,-41.75,0,0,0,0,0,0,2018
2811,0,43,4030,500,927,0,0,0,0,0,0,0,0,0,0,107.5,-1,0,0,0,-41.75,0,0,0,0,0,0,2018
2812,0,44,4030,500,927,0,0,0,0,0,0,0,0,0,0,108.25,-1,0,0,0,-41.75,0,0,0,0,0,0,2018
2813,0,45,4030,500,927,0,0,0,0,0,0,0,0,0,0,109,-1,0,0,0,-41.75,0,0,0,0,0,0,2018
2814,0,46,4030,500,927,0,0,0,0,0,0,0,0,0,0,109.75,-1,0,0,0,-41.75,0,0,0,0,0,0,2018
2815,0,47,4030,500,927,0,0,0,0,0,0,0,0,0,0,110.5,-1,0,0,0,-41.75,0,0,0,0,0,0,2018
2816,0,48,4030,500,927,0,0,0,0,0,0,0,0,0,0,111.25,-1,0,0,0,-41.75,0,0,0,0,0,0,2018
2817,0,49,4030,500,927,0,0,0,0,0,0,0,0,0,0,112,-1,0,0,0,-41.75,0,0,0,0,0,0,2018
2818,0,50,4030,500,927,0,0,0,0,0,0,0,0,0,0,112.75,-1,0,0,0,-41.75,0,0,0,0,0,0,2018
2819,0,51,4030,500,927,0,0,0,0,0,0,0,0,0,0,113.5,-1,0,0,0,-41.75,0,0,0,0,0,0,2018
2820,0,52,4030,500,927,0,0,0,0,0,0,0,0,0,0,114.13749694824219,-1,0,0,0,-41.75,0,0,0,0,0,0,2018
2821,0,53,4030,500,927,0,0,0,0,0,0,0,0,0,0,114.67937469482422,-1,0,0,0,-41.75,0,0,0,0,0,0,2018
2822,0,54,4030,500,927,0,0,0,0,0,0,0,0,0,0,115.13996887207031,-1,0,0,0,-41.75,0,0,0,0,0,0,2018
2823,0,55,4030,500,927,0,0,0,0,0,0,0,0,0,0,115.5314712524414,-1,0,0,0,-41.75,0,0,0,0,0,0,2018
2824,0,56,4030,500,927,0,0,0,0,0,0,0,0,0,0,115.86425018310547,-1,0,0,0,-41.75,0,0,0,0,0,0,2018
2825,0,57,4030,500,927,0,0,0,0,0,0,0,0,0,0,116.14710998535156,-1,0,0,0,-41.75,0,0,0,0,0,0,2018
2826,0,58,4030,500,927,0,0,0,0,0,0,0,0,0,0,116.38754272460938,-1,0,0,0,-41.75,0,0,0,0,0,0,2018
2827,0,59,4030,500,927,0,0,0,0,0,0,0,0,0,0,116.59191131591797,-1,0,0,0,-41.75,0,0,0,0,0,0,2018
2828,0,60,4030,500,927,0,0,0,0,0,0,0,0,0,0,116.765625,-1,0,0,0,-41.75,0,0,0,0,0,0,2018
2829,0,61,4030,500,927,0,0,0,0,0,0,0,0,0,0,116.91328430175781,-1,0,0,0,-41.75,0,0,0,0,0,0,2018
2830,0,62,4030,500,927,0,0,0,0,0,0,0,0,0,0,117.03878784179688,-1,0,0,0,-41.75,0,0,0,0,0,0,2018
2831,0,63,4030,500,927,0,0,0,0,0,0,0,0,0,0,117.14546966552734,-1,0,0,0,-41.75,0,0,0,0,0,0,2018
2832,0,64,4030,500,927,0,0,0,0,0,0,0,0,0,0,117.23614501953125,-1,0,0,0,-41.75,0,0,0,0,0,0,2018
2833,0,65,4030,500,927,0,0,0,0,0,0,0,0,0,0,117.31322479248047,-1,0,0,0,-41.75,0,0,0,0,0,0,2018
2834,0,66,4030,500,927,0,0,0,0,0,0,0,0,0,0,117.37873840332031,-1,0,0,0,-41.75,0,0,0,0,0,0,2018
2835,0,67,4030,500,927,0,0,0,0,0,0,0,0,0,0,117.4344253540039,-1,0,0,0,-41.75,0,0,0,0,0,0,2018
2836,0,68,4030,500,927,0,0,0,0,0,0,0,0,0,0,117.48175811767578,-1,0,0,0,-41.75,0,0,0,0,0,0,2018
2837,0,69,4030,500,927,0,0,0,0,0,0,0,0,0,0,117.5219955444336,-1,0,0,0,-41.75,0,0,0,0,0,0,2018
2838,0,70,4030,500,927,0,0,0,0,0,0,0,0,0,0,117.55619812011719,-1,0,0,0,-41.75,0,0,0,0,0,0,2018
2839,0,71,4030,500,927,0,0,0,0,0,0,0,0,0,0,117.58526611328125,-1,0,0,0,-41.75,0,0,0,0,0,0,2018
2840,0,72,4030,500,927,0,0,0,0,0,0,0,0,0,0,117.58526611328125,-1,0,0,0,-41.75,0,0,0,0,0,0,2018
2841,0,73,4030,500,927,0,0,0,0,0,0,0,0,0,0,117.58526611328125,-1,0,0,0,-41.75,0,0,0,0,0,0,2018
2842,0,74,4030,500,927,0,0,0,0,0,0,0,0,0,0,117.58526611328125,-1,0,0,0,-41.75,0,0,0,0,0,0,2018
2843,0,75,4030,500,927,0,0,0,0,0,0,0,0,0,0,117.58526611328125,-1,0,0,0,-41.75,0,0,0,0,0,0,2018
2844,0,76,4030,500,927,0,0,0,0,0,0,0,0,0,0,117.58526611328125,-1,0,0,0,-41.75,0,0,0,0,0,0,2018
2845,0,77,4030,500,927,0,0,0,0,0,0,0,0,0,0,117.58526611328125,-1,0,0,0,-41.75,0,0,0,0,0,0,2018
2846,0,78,4030,500,927,0,0,0,0,0,0,0,0,0,0,117.58526611328125,-1,0,0,0,-41.75,0,0,0,0,0,0,2018
2847,0,79,4030,500,927,0,0,0,0,0,0,0,0,0,0,117.58526611328125,-1,0,0,0,-41.75,0,0,0,0,0,0,2018
2848,0,80,4030,500,927,0,0,0,0,0,0,0,0,0,0,117.58526611328125,-1,0,0,0,-41.75,0,0,0,0,0,0,2018
2849,0,81,4030,500,927,0,0,0,0,0,0,0,0,0,0,117.58526611328125,-1,0,0,0,-41.75,0,0,0,0,0,0,2018
2850,0,82,4030,500,927,0,0,0,0,0,0,0,0,0,0,117.58526611328125,-1,0,0,0,-41.75,0,0,0,0,0,0,2018
2851,0,83,4030,500,927,0,0,0,0,0,0,0,0,0,0,117.58526611328125,-1,0,0,0,-41.75,0,0,0,0,0,0,2018
2852,0,84,4030,500,927,0,0,0,0,0,0,0,0,0,0,117.58526611328125,-1,0,0,0,-41.75,0,0,0,0,0,0,2018
2853,0,85,4030,500,927,0,0,0,0,0,0,0,0,0,0,117.58526611328125,-1,0,0,0,-41.75,0,0,0,0,0,0,2018
2854,0,86,4030,500,927,0,0,0,0,0,0,0,0,0,0,117.58526611328125,-1,0,0,0,-41.75,0,0,0,0,0,0,2018
2855,0,87,4030,500,927,0,0,0,0,0,0,0,0,0,0,117.58526611328125,-1,0,0,0,-41.75,0,0,0,0,0,0,2018
2856,0,88,4030,500,927,0,0,0,0,0,0,0,0,0,0,117.58526611328125,-1,0,0,0,-41.75,0,0,0,0,0,0,2018
2857,0,89,4030,500,927,0,0,0,0,0,0,0,0,0,0,117.58526611328125,-1,0,0,0,-41.75,0,0,0,0,0,0,2018
2858,0,90,4030,500,927,0,0,0,0,0,0,0,0,0,0,117.58526611328125,-1,0,0,0,-41.75,0,0,0,0,0,0,2018
2859,0,91,4030,500,927,0,0,0,0,0,0,0,0,0,0,117.58526611328125,-1,0,0,0,-41.75,0,0,0,0,0,0,2018
2860,0,92,4030,500,927,0,0,0,0,0,0,0,0,0,0,117.58526611328125,-1,0,0,0,-41.75,0,0,0,0,0,0,2018
2861,0,93,4030,500,927,0,0,0,0,0,0,0,0,0,0,117.58526611328125,-1,0,0,0,-41.75,0,0,0,0,0,0,2018
2862,0,94,4030,500,927,0,0,0,0,0,0,0,0,0,0,117.58526611328125,-1,0,0,0,-41.75,0,0,0,0,0,0,2018
2863,0,95,4030,500,927,0,0,0,0,0,0,0,0,0,0,117.58526611328125,-1,0,0,0,-41.75,0,0,0,0,0,0,2018
2864,0,96,4030,500,927,0,0,0,0,0,0,0,0,0,0,117.58526611328125,-1,0,0,0,-41.75,0,0,0,0,0,0,2018
2865,0,97,4030,500,927,0,0,0,0,0,0,0,0,0,0,117.58526611328125,-1,0,0,0,-41.75,0,0,0,0,0,0,2018
2866,0,98,4030,500,927,0,0,0,0,0,0,0,0,0,0,117.58526611328125,-1,0,0,0,-41.75,0,0,0,0,0,0,2018
2867,0,99,4030,500,927,0,0,0,0,0,0,0,0,0,0,117.58526611328125,-1,0,0,0,-41.75,0,0,0,0,0,0,2018
2868,0,100,4030,500,927,0,0,0,0,0,0,0,0,0,0,117.58526611328125,-1,0,0,0,-41.75,0,0,0,0,0,0,2018
2869,0,101,4030,500,927,0,0,0,0,0,0,0,0,0,0,117.58526611328125,-1,0,0,0,-41.75,0,0,0,0,0,0,2018
2870,0,102,4030,500,927,0,0,0,0,0,0,0,0,0,0,117.58526611328125,-1,0,0,0,-41.75,0,0,0,0,0,0,2018
2871,0,103,4030,500,927,0,0,0,0,0,0,0,0,0,0,117.58526611328125,-1,0,0,0,-41.75,0,0,0,0,0,0,2018
2872,0,104,4030,500,927,0,0,0,0,0,0,0,0,0,0,117.58526611328125,-1,0,0,0,-41.75,0,0,0,0,0,0,2018
2873,0,105,4030,500,927,0,0,0,0,0,0,0,0,0,0,117.58526611328125,-1,0,0,0,-41.75,0,0,0,0,0,0,2018
2874,0,106,4030,500,927,0,0,0,0,0,0,0,0,0,0,117.58526611328125,-1,0,0,0,-41.75,0,0,0,0,0,0,2018
2875,0,107,4030,500,927,0,0,0,0,0,0,0,0,0,0,117.58526611328125,-1,0,0,0,-41.75,0,0,0,0,0,0,2018
2876,0,108,4030,500,927,0,0,0,0,0,0,0,0,0,0,117.58526611328125,-1,0,0,0,-41.75,0,0,0,0,0,0,2018
2877,0,109,4030,500,927,0,0,0,0,0,0,0,0,0,0,117.58526611328125,-1,0,0,0,-41.75,0,0,0,0,0,0,2018
2878,0,110,4030,500,927,0,0,0,0,0,0,0,0,0,0,117.58526611328125,-1,0,0,0,-41.75,0,0,0,0,0,0,2018
2879,0,111,4030,500,927,0,0,0,0,0,0,0,0,0,0,117.58526611328125,-1,0,0,0,-41.75,0,0,0,0,0,0,2018
2880,0,112,4030,500,927,0,0,0,0,0,0,0,0,0,0,117.58526611328125,-1,0,0,0,-41.75,0,0,0,0,0,0,2018
2881,0,113,4030,500,927,0,0,0,0,0,0,0,0,0,0,117.58526611328125,-1,0,0,0,-41.75,0,0,0,0,0,0,2018
2882,0,114,4030,500,927,0,0,0,0,0,0,0,0,0,0,117.58526611328125,-1,0,0,0,-41.75,0,0,0,0,0,0,2018
2883,0,115,4030,500,927,0,0,0,0,0,0,0,0,0,0,117.58526611328125,-1,0,0,0,-41.75,0,0,0,0,0,0,2018
2884,0,116,4030,500,927,0,0,0,0,0,0,0,0,0,0,117.58526611328125,-1,0,0,0,-41.75,0,0,0,0,0,0,2018
2885,0,117,4030,500,927,0,0,0,0,0,0,0,0,0,0,117.58526611328125,-1,0,0,0,-41.75,0,0,0,0,0,0,2018
2886,0,118,4030,500,927,0,0,0,0,0,0,0,0,0,0,117.58526611328125,-1,0,0,0,-41.75,0,0,0,0,0,0,2018
2887,0,119,4030,500,927,0,0,0,0,0,0,0,0,0,0,117.58526611328125,-1,0,0,0,-41.75,0,0,0,0,0,0,2018
2888,0,120,4030,500,927,0,0,0,0,0,0,0,0,0,0,117.58526611328125,-1,0,0,0,-41.75,0,0,0,0,0,0,2018
2889,0,121,4030,500,927,0,0,0,0,0,0,0,0,0,0,117.58526611328125,-1,0,0,0,-41.75,0,0,0,0,0,0,2018
2890,0,122,4030,500,927,0,0,0,0,0,0,0,0,0,0,117.58526611328125,-1,0,0,0,-41.75,0,0,0,0,0,0,2018
2891,0,123,4030,500,927,0,0,0,0,0,0,0,0,0,0,117.58526611328125,-1,0,0,0,-41.75,0,0,0,0,0,0,2018
2892,0,124,4030,500,927,0,0,0,0,0,0,0,0,0,0,117.58526611328125,-1,0,0,0,-41.75,0,0,0,0,0,0,2018
2893,0,125,4030,500,927,0,0,0,0,0,0,0,0,0,0,117.58526611328125,-1,0,0,0,-41.75,0,0,0,0,0,0,2018
2894,0,126,4030,500,927,0,0,0,0,0,0,0,0,0,0,117.58526611328125,-1,0,0,0,-41.75,0,0,0,0,0,0,2018
2895,0,127,4030,500,927,0,0,0,0,0,0,0,0,0,0,117.58526611328125,-1,0,0,0,-41.75,0,0,0,0,0,0,2018
2896,0,128,4030,500,927,0,0,0,0,0,0,0,0,0,0,117.58526611328125,-1,0,0,0,-41.75,0,0,0,0,0,0,2018
2897,0,129,4030,500,927,0,0,0,0,0,0,0,0,0,0,117.58526611328125,-1,0,0,0,-41.75,0,0,0,0,0,0,2018
2898,0,130,4030,500,927,0,0,0,0,0,0,0,0,0,0,117.58526611328125,-1,0,0,0,-41.75,0,0,0,0,0,0,2018
2899,0,131,4030,500,927,0,0,0,0,0,0,0,0,0,0,117.58526611328125,-1,0,0,0,-41.75,0,0,0,0,0,0,2018
2900,0,132,4030,500,927,0,0,0,0,0,0,0,0,0,0,117.58526611328125,-1,0,0,0,-41.75,0,0,0,0,0,0,2018
2901,0,133,4030,500,927,0,0,0,0,0,0,0,0,0,0,117.58526611328125,-1,0,0,0,-41.75,0,0,0,0,0,0,2018
2902,0,134,4030,500,927,0,0,0,0,0,0,0,0,0,0,117.58526611328125,-1,0,0,0,-41.75,0,0,0,0,0,0,2018
2903,0,135,4030,500,927,0,0,0,0,0,0,0,0,0,0,117.58526611328125,-1,0,0,0,-41.75,0,0,0,0,0,0,2018
2904,0,136,4030,500,927,0,0,0,0,0,0,0,0,0,0,117.58526611328125,-1,0,0,0,-41.75,0,0,0,0,0,0,2018
2905,0,137,4030,500,927,0,0,0,0,0,0,0,0,0,0,117.58526611328125,-1,0,0,0,-41.75,0,0,0,0,0,0,2018
2906,0,138,4030,500,927,0,0,0,0,0,0,0,0,0,0,117.58526611328125,-1,0,0,0,-41.75,0,0,0,0,0,0,2018
2907,0,139,4030,500,927,0,0,0,0,0,0,0,0,0,0,117.58526611328125,-1,0,0,0,-41.75,0,0,0,0,0,0,2018
2908,0,140,4030,500,927,0,0,0,0,0,0,0,0,0,0,117.58526611328125,-1,0,0,0,-41.75,0,0,0,0,0,0,2018
2909,0,141,4030,500,927,0,0,0,0,0,0,0,0,0,0,117.58526611328125,-1,0,0,0,-41.75,0,0,0,0,0,0,2018
2910,0,142,4030,500,927,0,0,0,0,0,0,0,0,0,0,117.58526611328125,-1,0,0,0,-41.75,0,0,0,0,0,0,2018
2911,0,143,4030,500,927,0,0,0,0,0,0,0,0,0,0,117.58526611328125,-1,0,0,0,-41.75,0,0,0,0,0,0,2018
2912,0,144,4030,500,927,0,0,0,0,0,0,0,0,0,0,117.58526611328125,-1,0,0,0,-41.75,0,0,0,0,0,0,2018
2913,0,145,4030,500,927,0,0,0,0,0,0,0,0,0,0,117.58526611328125,-1,0,0,0,-41.75,0,0,0,0,0,0,2018
2914,0,146,4030,500,927,0,0,0,0,0,0,0,0,0,0,117.58526611328125,-1,0,0,0,-41.75,0,0,0,0,0,0,2018
2915,0,147,4030,500,927,0,0,0,0,0,0,0,0,0,0,117.58526611328125,-1,0,0,0,-41.75,0,0,0,0,0,0,2018
2916,0,148,4030,500,927,0,0,0,0,0,0,0,0,0,0,117.58526611328125,-1,0,0,0,-41.75,0,0,0,0,0,0,2018
2917,0,149,4030,500,927,0,0,0,0,0,0,0,0,0,0,117.58526611328125,-1,0,0,0,-41.75,0,0,0,0,0,0,2018
2918,0,150,4030,500,927,0,0,0,0,0,0,0,0,0,0,117.58526611328125,-1,0,0,0,-41.75,0,0,0,0,0,0,2018
2919,0,151,4030,500,927,0,0,0,0,0,0,0,0,0,0,117.58526611328125,-1,0,0,0,-41.75,0,0,0,0,0,0,2018
2920,0,152,4030,500,927,0,0,0,0,0,0,0,0,0,0,117.58526611328125,-1,0,0,0,-41.75,0,0,0,0,0,0,2018
2921,0,153,4030,500,927,0,0,0,0,0,0,0,0,0,0,117.58526611328125,-1,0,0,0,-41.75,0,0,0,0,0,0,2018
2922,0,154,4030,500,927,0,0,0,0,0,0,0,0,0,0,117.58526611328125,-1,0,0,0,-41.75,0,0,0,0,0,0,2018
2923,0,155,4030,500,927,0,0,0,0,0,0,0,0,0,0,117.58526611328125,-1,0,0,0,-41.75,0,0,0,0,0,0,2018
2924,0,156,4030,500,927,0,0,0,0,0,0,0,0,0,0,117.58526611328125,-1,0,0,0,-41.75,0,0,0,0,0,0,2018
2925,0,157,4030,500,927,0,0,0,0,0,0,0,0,0,0,117.58526611328125,-1,0,0,0,-41.75,0,0,0,0,0,0,2018
2926,0,158,4030,500,927,0,0,0,0,0,0,0,0,0,0,117.58526611328125,-1,0,0,0,-41.75,0,0,0,0,0,0,2018
2927,0,159,4030,500,927,0,0,0,0,0,0,0,0,0,0,117.58526611328125,-1,0,0,0,-41.75,0,0,0,0,0,0,2018
2928,0,160,4030,500,927,0,0,0,0,0,0,0,0,0,0,117.58526611328125,-1,0,0,0,-41.75,0,0,0,0,0,0,2018
2929,0,161,4030,500,927,0,0,0,0,0,0,0,0,0,0,117.58526611328125,-1,0,0,0,-41.75,0,0,0,0,0,0,2018
2930,0,162,4030,500,927,0,0,0,0,0,0,0,0,0,0,117.58526611328125,-1,0,0,0,-41.75,0,0,0,0,0,0,2018
2931,0,163,4030,500,927,0,0,0,0,0,0,0,0,0,0,117.58526611328125,-1,0,0,0,-41.75,0,0,0,0,0,0,2018
2932,0,164,4030,500,927,0,0,0,0,0,0,0,0,0,0,117.58526611328125,-1,0,0,0,-41.75,0,0,0,0,0,0,2018
2933,0,165,4030,500,927,0,0,0,0,0,0,0,0,0,0,117.58526611328125,-1,0,0,0,-41.75,0,0,0,0,0,0,2018
2934,0,166,4030,500,927,0,0,0,0,0,0,0,0,0,0,117.58526611328125,-1,0,0,0,-41.75,0,0,0,0,0,0,2018
2935,0,167,4030,500,927,0,0,0,0,0,0,0,0,0,0,117.58526611328125,-1,0,0,0,-41.75,0,0,0,0,0,0,2018
2936,0,168,4030,500,927,0,0,0,0,0,0,0,0,0,0,117.58526611328125,-1,0,0,0,-41.75,0,0,0,0,0,0,2018
2937,0,169,4030,500,927,0,0,0,0,0,0,0,0,0,0,117.58526611328125,-1,0,0,0,-41.75,0,0,0,0,0,0,2018
2938,0,170,4030,500,927,0,0,0,0,0,0,0,0,0,0,117.58526611328125,-1,0,0,0,-41.75,0,0,0,0,0,0,2018
2939,0,171,4030,500,927,0,0,0,0,0,0,0,0,0,0,117.58526611328125,-1,0,0,0,-41.75,0,0,0,0,0,0,2018
2940,0,172,4030,500,927,0,0,0,0,0,0,0,0,0,0,117.58526611328125,-1,0,0,0,-41.75,0,0,0,0,0,0,2018
2941,0,173,4030,500,927,0,0,0,0,0,0,0,0,0,0,117.58526611328125,-1,0,0,0,-41.75,0,0,0,0,0,0,2018
2942,0,174,4030,500,927,0,0,0,0,0,0,0,0,0,0,117.58526611328125,-1,0,0,0,-41.75,0,0,0,0,0,0,2018
2943,0,175,4030,500,927,0,0,0,0,0,0,0,0,0,0,117.58526611328125,-1,0,0,0,-41.75,0,0,0,0,0,0,2018
2944,0,176,4030,500,927,0,0,0,0,0,0,0,0,0,0,117.58526611328125,-1,0,0,0,-41.75,0,0,0,0,0,0,2018
2945,0,177,4030,500,927,0,0,0,0,0,0,0,0,0,0,117.58526611328125,-1,0,0,0,-41.75,0,0,0,0,0,0,2018
2946,0,178,4030,500,927,0,0,0,0,0,0,0,0,0,0,117.58526611328125,-1,0,0,0,-41.75,0,0,0,0,0,0,2018
2947,0,179,4030,500,927,0,0,0,0,0,0,0,0,0,0,117.58526611328125,-1,0,0,0,-41.75,0,0,0,0,0,0,2018
2948,0,180,4030,500,927,0,0,0,0,0,0,0,0,0,0,117.58526611328125,-1,0,0,0,-41.75,0,0,0,0,0,0,2018
2949,0,181,4030,500,927,0,0,0,0,0,0,0,0,0,0,117.58526611328125,-1,0,0,0,-41.75,0,0,0,0,0,0,2018
2950,0,182,4030,500,927,0,0,0,0,0,0,0,0,0,0,117.58526611328125,-1,0,0,0,-41.75,0,0,0,0,0,0,2018
2951,0,183,4030,500,927,0,0,0,0,0,0,0,0,0,0,117.58526611328125,-1,0,0,0,-41.75,0,0,0,0,0,0,2018
2952,0,184,4030,500,927,0,0,0,0,0,0,0,0,0,0,117.58526611328125,-1,0,0,0,-41.75,0,0,0,0,0,0,2018
2953,0,185,4030,500,927,0,0,0,0,0,0,0,0,0,0,117.58526611328125,-1,0,0,0,-41.75,0,0,0,0,0,0,2018
2954,0,186,4030,500,927,0,0,0,0,0,0,0,0,0,0,117.58526611328125,-1,0,0,0,-41.75,0,0,0,0,0,0,2018
2955,0,187,4030,500,927,0,0,0,0,0,0,0,0,0,0,117.58526611328125,-1,0,0,0,-41.75,0,0,0,0,0,0,2018
2956,0,188,4030,500,927,0,0,0,0,0,0,0,0,0,0,117.58526611328125,-1,0,0,0,-41.75,0,0,0,0,0,0,2018
2957,0,189,4030,500,927,0,0,0,0,0,0,0,0,0,0,117.58526611328125,-1,0,0,0,-41.75,0,0,0,0,0,0,2018
2958,0,190,4030,500,927,0,0,0,0,0,0,0,0,0,0,117.58526611328125,-1,0,0,0,-41.75,0,0,0,0,0,0,2018
2959,0,191,4030,500,927,0,0,0,0,0,0,0,0,0,0,117.58526611328125,-1,0,0,0,-41.75,0,0,0,0,0,0,2018
2960,0,192,4030,500,927,0,0,0,0,0,0,0,0,0,0,117.58526611328125,-1,0,0,0,-41.75,0,0,0,0,0,0,2018
2961,0,193,4030,500,927,0,0,0,0,0,0,0,0,0,0,117.58526611328125,-1,0,0,0,-41.75,0,0,0,0,0,0,2018
2962,0,194,4030,500,927,0,0,0,0,0,0,0,0,0,0,117.58526611328125,-1,0,0,0,-41.75,0,0,0,0,0,0,2018
2963,0,195,4030,500,927,0,0,0,0,0,0,0,0,0,0,117.58526611328125,-1,0,0,0,-41.75,0,0,0,0,0,0,2018
2964,0,196,4030,500,927,0,0,0,0,0,0,0,0,0,0,117.58526611328125,-1,0,0,0,-41.75,0,0,0,0,0,0,2018
2965,0,197,4030,500,927,0,0,0,0,0,0,0,0,0,0,117.58526611328125,-1,0,0,0,-41.75,0,0,0,0,0,0,2018
2966,0,198,4030,500,927,0,0,0,0,0,0,0,0,0,0,117.58526611328125,-1,0,0,0,-41.75,0,0,0,0,0,0,2018
2967,0,199,4030,500,927,0,0,0,0,0,0,0,0,0,0,117.58526611328125,-1,0,0,0,-41.75,0,0,0,0,0,0,2018
2968,0,200,4030,500,927,0,0,0,0,0,0,0,0,0,0,117.58526611328125,-1,0,0,0,-41.75,0,0,0,0,0,0,2018
2969,0,201,4030,500,927,0,0,0,0,0,0,0,0,0,0,117.58526611328125,-1,0,0,0,-41.75,0,0,0,0,0,0,2018
2970,0,202,4030,500,927,0,0,0,0,0,0,0,0,0,0,117.58526611328125,-1,0,0,0,-41.75,0,0,0,0,0,0,2018
2971,0,203,4030,500,927,0,0,0,0,0,0,0,0,0,0,117.58526611328125,-1,0,0,0,-41.75,0,0,0,0,0,0,2018
2972,0,204,4030,500,927,0,0,0,0,0,0,0,0,0,0,117.58526611328125,-1,0,0,0,-41.75,0,0,0,0,0,0,2018
2973,0,205,4030,500,927,0,0,0,0,0,0,0,0,0,0,117.58526611328125,-1,0,0,0,-41.75,0,0,0,0,0,0,2018
2974,0,206,4030,500,927,0,0,0,0,0,0,0,0,0,0,117.58526611328125,-1,0,0,0,-41.75,0,0,0,0,0,0,2018
2975,0,207,4030,500,927,0,0,0,0,0,0,0,0,0,0,117.58526611328125,-1,0,0,0,-41.75,0,0,0,0,0,0,2018
2976,0,208,4030,500,927,0,0,0,0,0,0,0,0,0,0,117.58526611328125,-1,0,0,0,-41.75,0,0,0,0,0,0,2018
2977,0,209,4030,500,927,0,0,0,0,0,0,0,0,0,0,117.58526611328125,-1,0,0,0,-41.75,0,0,0,0,0,0,2018
2978,0,210,4030,500,927,0,0,0,0,0,0,0,0,0,0,117.58526611328125,-1,0,0,0,-41.75,0,0,0,0,0,0,2018
2979,0,211,4030,500,927,0,0,0,0,0,0,0,0,0,0,117.58526611328125,-1,0,0,0,-41.75,0,0,0,0,0,0,2018
2980,0,212,4030,500,927,0,0,0,0,0,0,0,0,0,0,117.58526611328125,-1,0,0,0,-41.75,0,0,0,0,0,0,2018
2981,0,213,4030,500,927,0,0,0,0,0,0,0,0,0,0,117.58526611328125,-1,0,0,0,-41.75,0,0,0,0,0,0,2018
2982,0,214,4030,500,927,0,0,0,0,0,0,0,0,0,0,117.58526611328125,-1,0,0,0,-41.75,0,0,0,0,0,0,2018
2983,0,215,4030,500,927,0,0,0,0,0,0,0,0,0,0,117.58526611328125,-1,0,0,0,-41.75,0,0,0,0,0,0,2018
2984,0,216,4030,500,927,0,0,0,0,0,0,0,0,0,0,117.58526611328125,-1,0,0,0,-41.75,0,0,0,0,0,0,2018
2985,0,217,4030,500,927,0,0,0,0,0,0,0,0,0,0,117.58526611328125,-1,0,0,0,-41.75,0,0,0,0,0,0,2018
2986,0,218,4030,500,927,0,0,0,0,0,0,0,0,0,0,117.58526611328125,-1,0,0,0,-41.75,0,0,0,0,0,0,2018
2987,0,219,4030,500,927,0,0,0,0,0,0,0,0,0,0,117.58526611328125,-1,0,0,0,-41.75,0,0,0,0,0,0,2018
2988,0,220,4030,500,927,0,0,0,0,0,0,0,0,0,0,117.58526611328125,-1,0,0,0,-41.75,0,0,0,0,0,0,2018
2989,0,221,4030,500,927,0,0,0,0,0,0,0,0,0,0,117.58526611328125,-1,0,0,0,-41.75,0,0,0,0,0,0,2018
2990,0,222,4030,500,927,0,0,0,0,0,0,0,0,0,0,117.58526611328125,-1,0,0,0,-41.75,0,0,0,0,0,0,2018
2991,0,223,4030,500,927,0,0,0,0,0,0,0,0,0,0,117.58526611328125,-1,0,0,0,-41.75,0,0,0,0,0,0,2018
2992,0,224,4030,500,927,0,0,0,0,0,0,0,0,0,0,117.58526611328125,-1,0,0,0,-41.75,0,0,0,0,0,0,2018
2993,0,225,4030,500,927,0,0,0,0,0,0,0,0,0,0,117.58526611328125,-1,0,0,0,-41.75,0,0,0,0,0,0,2018
2994,0,226,4030,500,927,0,0,0,0,0,0,0,0,0,0,117.58526611328125,-1,0,0,0,-41.75,0,0,0,0,0,0,2018
2995,0,227,4030,500,927,0,0,0,0,0,0,0,0,0,0,117.58526611328125,-1,0,0,0,-41.75,0,0,0,0,0,0,2018
2996,0,228,4030,500,927,0,0,0,0,0,0,0,0,0,0,117.58526611328125,-1,0,0,0,-41.75,0,0,0,0,0,0,2018
2997,0,229,4030,500,927,0,0,0,0,0,0,0,0,0,0,117.58526611328125,-1,0,0,0,-41.75,0,0,0,0,0,0,2018
2998,0,230,4030,500,927,0,0,0,0,0,0,0,0,0,0,117.58526611328125,-1,0,0,0,-41.75,0,0,0,0,0,0,2018
2999,0,231,4030,500,927,0,0,0,0,0,0,0,0,0,0,117.58526611328125,-1,0,0,0,-41.75,0,0,0,0,0,0,2018
3000,0,232,4030,500,927,0,0,0,0,0,0,0,0,0,0,117.58526611328125,-1,0,0,0,-41.75,0,0,0,0,0,0,2018
3001,0,233,4030,500,927,0,0,0,0,0,0,0,0,0,0,117.58526611328125,-1,0,0,0,-41.75,0,0,0,0,0,0,2018
3002,0,234,4030,500,927,0,0,0,0,0,0,0,0,0,0,117.58526611328125,-1,0,0,0,-41.75,0,0,0,0,0,0,2018
3003,0,235,4030,500,927,0,0,0,0,0,0,0,0,0,0,117.58526611328125,-1,0,0,0,-41.75,0,0,0,0,0,0,2018
3004,0,236,4030,500,927,0,0,0,0,0,0,0,0,0,0,117.58526611328125,-1,0,0,0,-41.75,0,0,0,0,0,0,2018
3005,0,237,4030,500,927,0,0,0,0,0,0,0,0,0,0,117.58526611328125,-1,0,0,0,-41.75,0,0,0,0,0,0,2018
3006,0,238,4030,500,927,0,0,0,0,0,0,0,0,0,0,117.58526611328125,-1,0,0,0,-41.75,0,0,0,0,0,0,2018
3007,0,239,4030,500,927,0,0,0,0,0,0,0,0,0,0,117.58526611328125,-1,0,0,0,-41.75,0,0,0,0,0,0,2018
3008,0,240,4030,500,927,0,0,0,0,0,0,0,0,0,0,117.58526611328125,-1,0,0,0,-41.75,0,0,0,0,0,0,2018
3009,0,241,4030,500,927,0,0,0,0,0,0,0,0,0,0,117.58526611328125,-1,0,0,0,-41.75,0,0,0,0,0,0,2018
3010,0,1,3000,500,1000,0,0,0,0,0,0,0,0,0,0,66.75,-1,0,0,0,-41.75,0,0,0,0,0,0,1000
3011,0,2,3000,500,1000,0,0,0,0,0,0,0,0,0,0,66.75,-1,0,0,0,-41.75,0,0,0,0,0,0,1000
3012,0,3,3000,500,1000,0,0,0,0,0,0,0,0,0,0,66.75,-1,0,0,0,-41.75,0,0,0,0,0,0,1000
3013,0,4,3000,500,1000,0,0,0,0,0,0,0,0,0,0,66.75,-1,0,0,0,-41.75,0,0,0,0,0,0,1000
3014,0,5,3000,500,1000,0,0,0,0,0,0,0,0,0,0,66.75,-1,0,0,0,-41.75,0,0,0,0,0,0,1000
3015,0,6,3000,500,1000,0,0,0,0,0,0,0,0,0,0,66.75,-1,0,0,0,-41.75,0,0,0,0,0,0,1000
3016,0,7,3000,500,1000,0,0,0,0,0,0,0,0,0,0,66.75,-1,0,0,0,-41.75,0,0,0,0,0,0,1000
3017,0,8,3000,500,1000,0,0,0,0,0,0,0,0,0,0,66.75,-1,0,0,0,-41.75,0,0,0,0,0,0,1000
3018,0,9,3000,500,1000,0,0,0,0,0,0,0,0,0,0,66.75,-1,0,0,0,-41.75,0,0,0,0,0,0,1000
3019,10,1,3000,500,1000,0,0,0,0,0,0,0,0,0,0,66.75,-1,0,0,0,-41.75,0,0,0,0,0,0,1000
3020,10,2,3000,500,1000,0,0,0,0,0,0,0,0,0,0,66.75,-1,0,0,0,-41.75,0,0,0,0,0,0,1000
3021,10,3,3000,500,1000,0,0,0,0,0,0,0,0,0,0,66.75,-1,0,0,0,-41.75,0,0,0,0,0,0,1000
3022,10,4,3000,500,1000,0,0,0,0,0,0,0,0,0,0,66.75,-1,0,0,0,-41.75,0,0,0,0,0,0,1000
3023,10,5,3000,500,1000,0,0,0,0,0,0,0,0,0,0,66.75,-1,0,0,0,-41.75,0,0,0,0,0,0,1000
3024,10,6,3000,500,1000,0,0,0,0,0,0,0,0,0,0,66.75,-1,0,0,0,-41.75,0,0,0,0,0,0,1000
3025,1020,1,3000,500,1000,0,0,0,0,0,0,0,0,0,0,66.75,-1,0,0,0,-41.75,0,0,0,0,0,0,1000
3026,1020,2,3000,500,1000,0,0,0,0,0,0,0,0,0,0,66.75,-1,0,0,0,-41.75,0,0,0,0,0,0,1000
3027,1020,3,3000,500,1000,0,0,0,0,0,0,0,0,0,0,66.75,-1,0,0,0,-41.75,0,0,0,0,0,0,1000
3028,1020,4,3000,500,1000,0,0,0,0,0,0,0,0,0,0,66.75,-1,0,0,0,-41.75,0,0,0,0,0,0,1000
3029,1020,5,3000,500,1000,0,0,0,0,0,0,0,0,0,0,66.75,-1,0,0,0,-41.75,0,0,0,0,0,0,1000
3030,1020,6,3000,500,1000,0,0,0,0,0,0,0,0,0,0,66.75,-1,0,0,0,-41.75,0,0,0,0,0,0,1000
3031,1020,7,3000,500,1000,0,0,0,0,0,0,0,0,0,0,66.75,-1,0,0,0,-41.75,0,0,0,0,0,0,1000
3032,1020,8,3000,500,1000,0,0,0,0,0,0,0,0,0,0,66.75,-1,0,0,0,-41.75,0,0,0,0,0,0,1000
3033,1020,9,3000,500,1000,0,0,0,0,0,0,0,0,0,0,66.75,-1,0,0,0,-41.75,0,0,0,0,0,0,1000
3034,1020,10,3000,500,1000,0,0,0,0,0,0,0,0,0,0,66.75,-1,0,0,0,-41.75,0,0,0,0,0,0,1000
3035,1020,11,3000,500,1000,0,0,0,0,0,0,0,0,0,0,66.75,-1,0,0,0,-41.75,0,0,0,0,0,0,1000
3036,1020,12,3000,500,1000,0,0,0,0,0,0,0,0,0,0,66.75,-1,0,0,0,-41.75,0,0,0,0,0,0,1000
3037,1020,13,3000,500,1000,0,0,0,0,0,0,0,0,0,0,66.75,-1,0,0,0,-41.75,0,0,0,0,0,0,1000
3038,1020,14,3000,500,1000,0,0,0,0,0,0,0,0,0,0,66.75,-1,0,0,0,-41.75,0,0,0,0,0,0,1000
3039,1020,15,3000,500,1000,0,0,0,0,0,0,0,0,0,0,66.75,-1,0,0,0,-41.75,0,0,0,0,0,0,1000
3040,1020,16,3000,500,1000,0,0,0,0,0,0,0,0,0,0,66.75,-1,0,0,0,-41.75,0,0,0,0,0,0,1000
3041,1020,17,3000,500,1000,0,0,0,0,0,0,0,0,0,0,66.75,-1,0,0,0,-41.75,0,0,0,0,0,0,1000
3042,1020,18,3000,500,1000,0,0,0,0,0,0,0,0,0,0,66.75,-1,0,0,0,-41.75,0,0,0,0,0,0,1000
3043,1020,19,3000,500,1000,0,0,0,0,0,0,0,0,0,0,66.75,-1,0,0,0,-41.75,0,0,0,0,0,0,1000
3044,1020,19,4030,500,930,0,0,0,0,0,0,0,0,0,0,66.75,-1,0,0,0,-41.75,0,0,0,0,0,0,2018
3045,1020,19,4030,500,930,0,0,0,0,0,0,0,0,0,0,66.75,-1,0,0,0,-41.75,0,0,0,0,0,0,2018
3046,1020,19,4030,500,930,0,0,0,0,0,0,0,0,0,0,66.75,-1,0,0,0,-41.75,0,0,0,0,0,0,2018
3047,1020,19,4030,500,930,0,0,0,0,0,0,0,0,0,0,66.75,-1,0,0,0,-41.75,0,0,0,0,0,0,2018
3048,1020,19,4030,500,930,0,0,0,0,0,0,0,0,0,0,66.75,-1,0,0,0,-41.75,0,0,0,0,0,0,2018
3049,1020,19,4030,500,930,0,0,0,0,0,0,0,0,0,0,66.75,-1,0,0,0,-41.75,0,0,0,0,0,0,2018
3050,1020,20,4030,500,930,0,0,0,0,0,0,0,0,0,0,66.75,-1,0,0,0,-41.75,0,0,0,0,0,0,2018
3051,1020,21,4030,500,930,0,0,0,0,0,0,0,0,0,0,66.75,-1,0,0,0,-41.75,0,0,0,0,0,0,2018
3052,1020,22,4030,500,930,0,0,0,0,0,0,0,0,0,0,66.75,-1,0,0,0,-41.75,0,0,0,0,0,0,2018
3053,1020,23,4030,500,930,0,0,0,0,0,0,0,0,0,0,66.75,-1,0,0,0,-41.75,0,0,0,0,0,0,2018
3054,1020,24,4030,500,930,0,0,0,0,0,0,0,0,0,0,66.75,-1,0,0,0,-41.75,0,0,0,0,0,0,2018
3055,1020,25,4030,500,930,0,0,0,0,0,0,0,0,0,0,66.75,-1,0,0,0,-41.75,0,0,0,0,0,0,2018
3056,1020,26,4030,500,930,0,0,0,0,0,0,0,0,0,0,66.75,-1,0,0,0,-41.75,0,0,0,0,0,0,2018
3057,1020,27,4030,500,930,0,0,0,0,0,0,0,0,0,0,66.75,-1,0,0,0,-41.75,0,0,0,0,0,0,2018
3058,1020,28,4030,500,930,0,0,0,0,0,0,0,0,0,0,66.75,-1,0,0,0,-41.75,0,0,0,0,0,0,2018
3059,1020,29,4030,500,930,0,0,0,0,0,0,0,0,0,0,66.75,-1,0,0,0,-41.75,0,0,0,0,0,0,2018
3060,1020,30,4030,500,930,0,0,0,0,0,0,0,0,0,0,66.75,-1,0,0,0,-41.75,0,0,0,0,0,0,2018
3061,1020,31,4030,500,930,0,0,0,0,0,0,0,0,0,0,66.75,-1,0,0,0,-41.75,0,0,0,0,0,0,2018
3062,1020,32,4030,500,930,0,0,0,0,0,0,0,0,0,0,66.75,-1,0,0,0,-41.75,0,0,0,0,0,0,2018
3063,1020,33,4030,500,930,0,0,0,0,0,0,0,0,0,0,66.75,-1,0,0,0,-41.75,0,0,0,0,0,0,2018
3064,1020,34,4030,500,930,0,0,0,0,0,0,0,0,0,0,66.75,-1,0,0,0,-41.75,0,0,0,0,0,0,2018
3065,1020,35,4030,500,930,0,0,0,0,0,0,0,0,0,0,66.75,-1,0,0,0,-41.75,0,0,0,0,0,0,2018
3066,1020,36,4030,500,930,0,0,0,0,0,0,0,0,0,0,66.75,-1,0,0,0,-41.75,0,0,0,0,0,0,2018
3067,1020,37,4030,500,930,0,0,0,0,0,0,0,0,0,0,66.75,-1,0,0,0,-41.75,0,0,0,0,0,0,2018
3068,1020,38,4030,500,930,0,0,0,0,0,0,0,0,0,0,66.75,-1,0,0,0,-41.75,0,0,0,0,0,0,2018
3069,1020,39,4030,500,930,0,0,0,0,0,0,0,0,0,0,66.75,-1,0,0,0,-41.75,0,0,0,0,0,0,2018
3070,1020,40,4030,500,930,0,0,0,0,0,0,0,0,0,0,66.75,-1,0,0,0,-41.75,0,0,0,0,0,0,2018
3071,1020,41,4030,500,930,0,0,0,0,0,0,0,0,0,0,66.75,-1,0,0,0,-41.75,0,0,0,0,0,0,2018
3072,1020,42,4030,500,930,0,0,0,0,0,0,0,0,0,0,66.75,-1,0,0,0,-41.75,0,0,0,0,0,0,2018
3073,0,1,4030,500,930,0,0,0,0,0,0,0,0,0,0,66.75,-1,0,0,0,-41.75,0,0,0,0,0,0,2018
3074,0,2,4030,500,930,0,0,0,0,0,0,0,0,0,0,66.75,-1,0,0,0,-41.75,0,0,0,0,0,0,2018
3075,0,3,4030,500,930,0,0,0,0,0,0,0,0,0,0,66.75,-1,0,0,0,-41.75,0,0,0,0,0,0,2018
3076,0,4,4030,500,930,0,0,0,0,0,0,0,0,0,0,66.75,-1,0,0,0,-41.75,0,0,0,0,0,0,2018
3077,0,5,4030,500,930,0,0,0,0,0,0,0,0,0,0,66.75,-1,0,0,0,-41.75,0,0,0,0,0,0,2018
3078,0,6,4030,500,930,0,0,0,0,0,0,0,0,0,0,66.75,-1,0,0,0,-41.75,0,0,0,0,0,0,2018
3079,0,7,4030,500,930,0,0,0,0,0,0,0,0,0,0,66.75,-1,0,0,0,-41.75,0,0,0,0,0,0,2018
3080,0,8,4030,500,930,0,0,0,0,0,0,0,0,0,0,66.75,-1,0,0,0,-41.75,0,0,0,0,0,0,2018
3081,0,9,4030,500,930,0,0,0,0,0,0,0,0,0,0,66.75,-1,0,0,0,-41.75,0,0,0,0,0,0,2018
3082,0,10,4030,500,930,0,0,0,0,0,0,0,0,0,0,66.75,-1,0,0,0,-41.75,0,0,0,0,0,0,2018
3083,0,11,4030,500,930,0,0,0,0,0,0,0,0,0,0,66.75,-1,0,0,0,-41.75,0,0,0,0,0,0,2018
3084,0,12,4030,500,930,0,0,0,0,0,0,0,0,0,0,66.75,-1,0,0,0,-41.75,0,0,0,0,0,0,2018
3085,0,13,4030,500,930,0,0,0,0,0,0,0,0,0,0,66.75,-1,0,0,0,-41.75,0,0,0,0,0,0,2018
3086,0,14,4030,500,930,0,0,0,0,0,0,0,0,0,0,66.75,-1,0,0,0,-41.75,0,0,0,0,0,0,2018
3087,0,15,4030,500,930,0,0,0,0,0,0,0,0,0,0,66.75,-1,0,0,0,-41.75,0,0,0,0,0,0,2018
3088,0,16,4030,500,930,0,0,0,0,0,0,0,0,0,0,66.75,-1,0,0,0,-41.75,0,0,0,0,0,0,2018
3089,0,17,4030,500,930,0,0,0,0,0,0,0,0,0,0,66.75,-1,0,0,0,-41.75,0,0,0,0,0,0,2018
3090,0,18,4030,500,930,0,0,0,0,0,0,0,0,0,0,66.75,-1,0,0,0,-41.75,0,0,0,0,0,0,2018
3091,0,19,4030,500,930,0,0,0,0,0,0,0,0,0,0,66.75,-1,0,0,0,-41.75,0,0,0,0,0,0,2018
3092,0,20,4030,500,930,0,0,0,0,0,0,0,0,0,0,66.75,-1,0,0,0,-41.75,0,0,0,0,0,0,2018
3093,0,21,4030,500,930,0,0,0,0,0,0,0,0,0,0,66.75,-1,0,0,0,-41.75,0,0,0,0,0,0,2018
3094,0,22,4030,500,930,0,0,0,0,0,0,0,0,0,0,66.75,-1,0,0,0,-41.75,0,0,0,0,0,0,2018
3095,0,23,4030,500,930,0,0,0,0,0,0,0,0,0,0,66.75,-1,0,0,0,-41.75,0,0,0,0,0,0,2018
3096,0,24,4030,500,930,0,0,0,0,0,0,0,0,0,0,66.75,-1,0,0,0,-41.75,0,0,0,0,0,0,2018
3097,0,25,4030,500,930,0,0,0,0,0,0,0,0,0,0,66.75,-1,0,0,0,-41.75,0,0,0,0,0,0,2018
3098,0,26,4030,500,930,0,0,0,0,0,0,0,0,0,0,66.75,-1,0,0,0,-41.75,0,0,0,0,0,0,2018
3099,0,27,4030,500,930,0,0,0,0,0,0,0,0,0,0,66.75,-1,0,0,0,-41.75,0,0,0,0,0,0,2018
3100,0,28,4030,500,930,0,0,0,0,0,0,0,0,0,0,66.75,-1,0,0,0,-41.75,0,0,0,0,0,0,2018
3101,0,29,4030,500,930,0,0,0,0,0,0,0,0,0,0,66.75,-1,0,0,0,-41.75,0,0,0,0,0,0,2018
3102,0,30,4030,500,930,0,0,0,0,0,0,0,0,0,0,66.75,-1,0,0,0,-41.75,0,0,0,0,0,0,2018
3103,0,31,4030,500,930,0,0,0,0,0,0,0,0,0,0,66.75,-1,0,0,0,-41.75,0,0,0,0,0,0,2018
3104,0,32,4030,500,930,0,0,0,0,0,0,0,0,0,0,66.75,-1,0,0,0,-41.75,0,0,0,0,0,0,2018
3105,0,33,4030,500,930,0,0,0,0,0,0,0,0,0,0,66.75,-1,0,0,0,-41.75,0,0,0,0,0,0,2018
3106,0,34,4030,500,930,0,0,0,0,0,0,0,0,0,0,66.75,-1,0,0,0,-41.75,0,0,0,0,0,0,2018
3107,0,35,4030,500,930,0,0,0,0,0,0,0,0,0,0,66.75,-1,0,0,0,-41.75,0,0,0,0,0,0,2018
3108,0,36,4030,500,930,0,0,0,0,0,0,0,0,0,0,66.75,-1,0,0,0,-41.75,0,0,0,0,0,0,2018
3109,0,37,4030,500,930,0,0,0,0,0,0,0,0,0,0,66.75,-1,0,0,0,-41.75,0,0,0,0,0,0,2018
3110,0,38,4030,500,930,0,0,0,0,0,0,0,0,0,0,66.75,-1,0,0,0,-41.75,0,0,0,0,0,0,2018
3111,0,39,4030,500,930,0,0,0,0,0,0,0,0,0,0,66.75,-1,0,0,0,-41.75,0,0,0,0,0,0,2018
3112,0,40,4030,500,930,0,0,0,0,0,0,0,0,0,0,66.75,-1,0,0,0,-41.75,0,0,0,0,0,0,2018
3113,0,41,4030,500,930,0,0,0,0,0,0,0,0,0,0,66.75,-1,0,0,0,-41.75,0,0,0,0,0,0,2018
3114,0,42,4030,500,930,0,0,0,0,0,0,0,0,0,0,66.75,-1,0,0,0,-41.75,0,0,0,0,0,0,2018
3115,0,43,4030,500,930,0,0,0,0,0,0,0,0,0,0,66.75,-1,0,0,0,-41.75,0,0,0,0,0,0,2018
3116,0,44,4030,500,930,0,0,0,0,0,0,0,0,0,0,66.75,-1,0,0,0,-41.75,0,0,0,0,0,0,2018
3117,0,45,4030,500,930,0,0,0,0,0,0,0,0,0,0,66.75,-1,0,0,0,-41.75,0,0,0,0,0,0,2018
3118,0,46,4030,500,930,0,0,0,0,0,0,0,0,0,0,66.75,-1,0,0,0,-41.75,0,0,0,0,0,0,2018
3119,0,47,4030,500,930,0,0,0,0,0,0,0,0,0,0,66.75,-1,0,0,0,-41.75,0,0,0,0,0,0,2018
3120,0,48,4030,500,930,0,0,0,0,0,0,0,0,0,0,66.75,-1,0,0,0,-41.75,0,0,0,0,0,0,2018
3121,0,49,4030,500,930,0,0,0,0,0,0,0,0,0,0,66.75,-1,0,0,0,-41.75,0,0,0,0,0,0,2018
3122,0,50,4030,500,930,0,0,0,0,0,0,0,0,0,0,66.75,-1,0,0,0,-41.75,0,0,0,0,0,0,2018
3123,0,51,4030,500,930,0,0,0,0,0,0,0,0,0,0,66.75,-1,0,0,0,-41.75,0,0,0,0,0,0,2018
3124,0,52,4030,500,930,0,0,0,0,0,0,0,0,0,0,66.75,-1,0,0,0,-41.75,0,0,0,0,0,0,2018
3125,0,53,4030,500,930,0,0,0,0,0,0,0,0,0,0,66.75,-1,0,0,0,-41.75,0,0,0,0,0,0,2018
3126,0,54,4030,500,930,0,0,0,0,0,0,0,0,0,0,66.75,-1,0,0,0,-41.75,0,0,0,0,0,0,2018
3127,0,55,4030,500,930,0,0,0,0,0,0,0,0,0,0,66.75,-1,0,0,0,-41.75,0,0,0,0,0,0,2018
3128,0,56,4030,500,930,0,0,0,0,0,0,0,0,0,0,66.75,-1,0,0,0,-41.75,0,0,0,0,0,0,2018
3129,0,57,4030,500,930,0,0,0,0,0,0,0,0,0,0,66.75,-1,0,0,0,-41.75,0,0,0,0,0,0,2018
3130,0,58,4030,500,930,0,0,0,0,0,0,0,0,0,0,66.75,-1,0,0,0,-41.75,0,0,0,0,0,0,2018
3131,0,59,4030,500,930,0,0,0,0,0,0,0,0,0,0,66.75,-1,0,0,0,-41.75,0,0,0,0,0,0,2018
3132,0,60,4030,500,930,0,0,0,0,0,0,0,0,0,0,66.75,-1,0,0,0,-41.75,0,0,0,0,0,0,2018
3133,0,61,4030,500,930,0,0,0,0,0,0,0,0,0,0,66.75,-1,0,0,0,-41.75,0,0,0,0,0,0,2018
3134,0,62,4030,500,930,0,0,0,0,0,0,0,0,0,0,66.75,-1,0,0,0,-41.75,0,0,0,0,0,0,2018
3135,0,63,4030,500,930,0,0,0,0,0,0,0,0,0,0,66.75,-1,0,0,0,-41.75,0,0,0,0,0,0,2018
3136,0,64,4030,500,930,0,0,0,0,0,0,0,0,0,0,66.75,-1,0,0,0,-41.75,0,0,0,0,0,0,2018
3137,0,65,4030,500,930,0,0,0,0,0,0,0,0,0,0,66.75,-1,0,0,0,-41.75,0,0,0,0,0,0,2018
3138,0,66,4030,500,930,0,0,0,0,0,0,0,0,0,0,66.75,-1,0,0,0,-41.75,0,0,0,0,0,0,2018
3139,0,67,4030,500,930,0,0,0,0,0,0,0,0,0,0,66.75,-1,0,0,0,-41.75,0,0,0,0,0,0,2018
3140,0,68,4030,500,930,0,0,0,0,0,0,0,0,0,0,66.75,-1,0,0,0,-41.75,0,0,0,0,0,0,2018
3141,0,69,4030,500,930,0,0,0,0,0,0,0,0,0,0,66.75,-1,0,0,0,-41.75,0,0,0,0,0,0,2018
3142,0,70,4030,500,930,0,0,0,0,0,0,0,0,0,0,66.75,-1,0,0,0,-41.75,0,0,0,0,0,0,2018
3143,0,71,4030,500,930,0,0,0,0,0,0,0,0,0,0,66.75,-1,0,0,0,-41.75,0,0,0,0,0,0,2018
3144,0,72,4030,500,930,0,0,0,0,0,0,0,0,0,0,66.75,-1,0,0,0,-41.75,0,0,0,0,0,0,2018
3145,0,73,4030,500,930,0,0,0,0,0,0,0,0,0,0,66.75,-1,0,0,0,-41.75,0,0,0,0,0,0,2018
3146,0,74,4030,500,930,0,0,0,0,0,0,0,0,0,0,66.75,-1,0,0,0,-41.75,0,0,0,0,0,0,2018
3147,0,75,4030,500,930,0,0,0,0,0,0,0,0,0,0,66.75,-1,0,0,0,-41.75,0,0,0,0,0,0,2018
3148,0,76,4030,500,930,0,0,0,0,0,0,0,0,0,0,66.75,-1,0,0,0,-41.75,0,0,0,0,0,0,2018
3149,0,77,4030,500,930,0,0,0,0,0,0,0,0,0,0,66.75,-1,0,0,0,-41.75,0,0,0,0,0,0,2018
3150,0,78,4030,500,930,0,0,0,0,0,0,0,0,0,0,66.75,-1,0,0,0,-41.75,0,0,0,0,0,0,2018
3151,0,79,4030,500,930,0,0,0,0,0,0,0,0,0,0,66.75,-1,0,0,0,-41.75,0,0,0,0,0,0,2018
3152,0,80,4030,500,930,0,0,0,0,0,0,0,0,0,0,66.75,-1,0,0,0,-41.75,0,0,0,0,0,0,2018
3153,0,81,4030,500,930,0,0,0,0,0,0,0,0,0,0,66.75,-1,0,0,0,-41.75,0,0,0,0,0,0,2018
3154,0,82,4030,500,930,0,0,0,0,0,0,0,0,0,0,66.75,-1,0,0,0,-41.75,0,0,0,0,0,0,2018
3155,0,83,4030,500,930,0,0,0,0,0,0,0,0,0,0,66.75,-1,0,0,0,-41.75,0,0,0,0,0,0,2018
3156,0,84,4030,500,930,0,0,0,0,0,0,0,0,0,0,66.75,-1,0,0,0,-41.75,0,0,0,0,0,0,2018
3157,0,85,4030,500,930,0,0,0,0,0,0,0,0,0,0,66.75,-1,0,0,0,-41.75,0,0,0,0,0,0,2018
3158,0,86,4030,500,930,0,0,0,0,0,0,0,0,0,0,66.75,-1,0,0,0,-41.75,0,0,0,0,0,0,2018
3159,0,87,4030,500,930,0,0,0,0,0,0,0,0,0,0,66.75,-1,0,0,0,-41.75,0,0,0,0,0,0,2018
3160,0,88,4030,500,930,0,0,0,0,0,0,0,0,0,0,66.75,-1,0,0,0,-41.75,0,0,0,0,0,0,2018
3161,0,89,4030,500,930,0,0,0,0,0,0,0,0,0,0,66.75,-1,0,0,0,-41.75,0,0,0,0,0,0,2018
3162,0,90,4030,500,930,0,0,0,0,0,0,0,0,0,0,66.75,-1,0,0,0,-41.75,0,0,0,0,0,0,2018
3163,0,91,4030,500,930,0,0,0,0,0,0,0,0,0,0,66.75,-1,0,0,0,-41.75,0,0,0,0,0,0,2018
3164,0,92,4030,500,930,0,0,0,0,0,0,0,0,0,0,66.75,-1,0,0,0,-41.75,0,0,0,0,0,0,2018
3165,0,93,4030,500,930,0,0,0,0,0,0,0,0,0,0,66.75,-1,0,0,0,-41.75,0,0,0,0,0,0,2018
3166,0,94,4030,500,930,0,0,0,0,0,0,0,0,0,0,66.75,-1,0,0,0,-41.75,0,0,0,0,0,0,2018
3167,0,95,4030,500,930,0,0,0,0,0,0,0,0,0,0,66.75,-1,0,0,0,-41.75,0,0,0,0,0,0,2018
3168,0,96,4030,500,930,0,0,0,0,0,0,0,0,0,0,66.75,-1,0,0,0,-41.75,0,0,0,0,0,0,2018
3169,0,97,4030,500,930,0,0,0,0,0,0,0,0,0,0,66.75,-1,0,0,0,-41.75,0,0,0,0,0,0,2018
3170,0,98,4030,500,930,0,0,0,0,0,0,0,0,0,0,66.75,-1,0,0,0,-41.75,0,0,0,0,0,0,2018
3171,0,99,4030,500,930,0,0,0,0,0,0,0,0,0,0,66.75,-1,0,0,0,-41.75,0,0,0,0,0,0,2018
3172,0,100,4030,500,930,0,0,0,0,0,0,0,0,0,0,66.75,-1,0,0,0,-41.75,0,0,0,0,0,0,2018
3173,0,101,4030,500,930,0,0,0,0,0,0,0,0,0,0,66.75,-1,0,0,0,-41.75,0,0,0,0,0,0,2018
3174,0,102,4030,500,930,0,0,0,0,0,0,0,0,0,0,66.75,-1,0,0,0,-41.75,0,0,0,0,0,0,2018
3175,0,103,4030,500,930,0,0,0,0,0,0,0,0,0,0,66.75,-1,0,0,0,-41.75,0,0,0,0,0,0,2018
3176,0,104,4030,500,930,0,0,0,0,0,0,0,0,0,0,66.75,-1,0,0,0,-41.75,0,0,0,0,0,0,2018
3177,0,105,4030,500,930,0,0,0,0,0,0,0,0,0,0,66.75,-1,0,0,0,-41.75,0,0,0,0,0,0,2018
3178,0,106,4030,500,930,0,0,0,0,0,0,0,0,0,0,66.75,-1,0,0,0,-41.75,0,0,0,0,0,0,2018
3179,0,107,4030,500,930,0,0,0,0,0,0,0,0,0,0,66.75,-1,0,0,0,-41.75,0,0,0,0,0,0,2018
3180,0,108,4030,500,930,0,0,0,0,0,0,0,0,0,0,66.75,-1,0,0,0,-41.75,0,0,0,0,0,0,2018
3181,0,109,4030,500,930,0,0,0,0,0,0,0,0,0,0,66.75,-1,0,0,0,-41.75,0,0,0,0,0,0,2018
3182,0,110,4030,500,930,0,0,0,0,0,0,0,0,0,0,66.75,-1,0,0,0,-41.75,0,0,0,0,0,0,2018
3183,0,111,4030,500,930,0,0,0,0,0,0,0,0,0,0,66.75,-1,0,0,0,-41.75,0,0,0,0,0,0,2018
3184,0,112,4030,500,930,0,0,0,0,0,0,0,0,0,0,66.75,-1,0,0,0,-41.75,0,0,0,0,0,0,2018
3185,0,113,4030,500,930,0,0,0,0,0,0,0,0,0,0,66.75,-1,0,0,0,-41.75,0,0,0,0,0,0,2018
3186,0,114,4030,500,930,0,0,0,0,0,0,0,0,0,0,66.75,-1,0,0,0,-41.75,0,0,0,0,0,0,2018
3187,0,115,4030,500,930,0,0,0,0,0,0,0,0,0,0,66.75,-1,0,0,0,-41.75,0,0,0,0,0,0,2018
3188,0,116,4030,500,930,0,0,0,0,0,0,0,0,0,0,66.75,-1,0,0,0,-41.75,0,0,0,0,0,0,2018
3189,0,117,4030,500,930,0,0,0,0,0,0,0,0,0,0,66.75,-1,0,0,0,-41.75,0,0,0,0,0,0,2018
3190,0,118,4030,500,930,0,0,0,0,0,0,0,0,0,0,66.75,-1,0,0,0,-41.75,0,0,0,0,0,0,2018
3191,0,119,4030,500,930,0,0,0,0,0,0,0,0,0,0,66.75,-1,0,0,0,-41.75,0,0,0,0,0,0,2018
3192,0,120,4030,500,930,0,0,0,0,0,0,0,0,0,0,66.75,-1,0,0,0,-41.75,0,0,0,0,0,0,2018
3193,0,121,4030,500,930,0,0,0,0,0,0,0,0,0,0,66.75,-1,0,0,0,-41.75,0,0,0,0,0,0,2018
3194,0,122,4030,500,930,0,0,0,0,0,0,0,0,0,0,66.75,-1,0,0,0,-41.75,0,0,0,0,0,0,2018
3195,0,123,4030,500,930,0,0,0,0,0,0,0,0,0,0,66.75,-1,0,0,0,-41.75,0,0,0,0,0,0,2018
3196,0,124,4030,500,930,0,0,0,0,0,0,0,0,0,0,66.75,-1,0,0,0,-41.75,0,0,0,0,0,0,2018
3197,0,125,4030,500,930,0,0,0,0,0,0,0,0,0,0,66.75,-1,0,0,0,-41.75,0,0,0,0,0,0,2018
3198,0,126,4030,500,930,0,0,0,0,0,0,0,0,0,0,66.75,-1,0,0,0,-41.75,0,0,0,0,0,0,2018
3199,0,127,4030,500,930,0,0,0,0,0,0,0,0,0,0,66.75,-1,0,0,0,-41.75,0,0,0,0,0,0,2018
3200,0,128,4030,500,930,0,0,0,0,0,0,0,0,0,0,66.75,-1,0,0,0,-41.75,0,0,0,0,0,0,2018
3201,0,129,4030,500,930,0,0,0,0,0,0,0,0,0,0,66.75,-1,0,0,0,-41.75,0,0,0,0,0,0,2018
3202,0,130,4030,500,930,0,0,0,0,0,0,0,0,0,0,66.75,-1,0,0,0,-41.75,0,0,0,0,0,0,2018
3203,0,131,4030,500,930,0,0,0,0,0,0,0,0,0,0,66.75,-1,0,0,0,-41.75,0,0,0,0,0,0,2018
3204,0,132,4030,500,930,0,0,0,0,0,0,0,0,0,0,66.75,-1,0,0,0,-41.75,0,0,0,0,0,0,2018
3205,0,133,4030,500,930,0,0,0,0,0,0,0,0,0,0,66.75,-1,0,0,0,-41.75,0,0,0,0,0,0,2018
3206,0,134,4030,500,930,0,0,0,0,0,0,0,0,0,0,66.75,-1,0,0,0,-41.75,0,0,0,0,0,0,2018
3207,0,135,4030,500,930,0,0,0,0,0,0,0,0,0,0,66.75,-1,0,0,0,-41.75,0,0,0,0,0,0,2018
3208,0,136,4030,500,930,0,0,0,0,0,0,0,0,0,0,66.75,-1,0,0,0,-41.75,0,0,0,0,0,0,2018
3209,0,137,4030,500,930,0,0,0,0,0,0,0,0,0,0,66.75,-1,0,0,0,-41.75,0,0,0,0,0,0,2018
3210,0,138,4030,500,930,0,0,0,0,0,0,0,0,0,0,66.75,-1,0,0,0,-41.75,0,0,0,0,0,0,2018
3211,0,139,4030,500,930,0,0,0,0,0,0,0,0,0,0,66.75,-1,0,0,0,-41.75,0,0,0,0,0,0,2018
3212,0,140,4030,500,930,0,0,0,0,0,0,0,0,0,0,66.75,-1,0,0,0,-41.75,0,0,0,0,0,0,2018
3213,0,141,4030,500,930,0,0,0,0,0,0,0,0,0,0,66.75,-1,0,0,0,-41.75,0,0,0,0,0,0,2018
3214,0,142,4030,500,930,0,0,0,0,0,0,0,0,0,0,66.75,-1,0,0,0,-41.75,0,0,0,0,0,0,2018
3215,0,143,4030,500,930,0,0,0,0,0,0,0,0,0,0,66.75,-1,0,0,0,-41.75,0,0,0,0,0,0,2018
3216,0,144,4030,500,930,0,0,0,0,0,0,0,0,0,0,66.75,-1,0,0,0,-41.75,0,0,0,0,0,0,2018
3217,0,145,4030,500,930,0,0,0,0,0,0,0,0,0,0,66.75,-1,0,0,0,-41.75,0,0,0,0,0,0,2018
3218,0,146,4030,500,930,0,0,0,0,0,0,0,0,0,0,66.75,-1,0,0,0,-41.75,0,0,0,0,0,0,2018
3219,0,147,4030,500,930,0,0,0,0,0,0,0,0,0,0,66.75,-1,0,0,0,-41.75,0,0,0,0,0,0,2018
3220,0,148,4030,500,930,0,0,0,0,0,0,0,0,0,0,66.75,-1,0,0,0,-41.75,0,0,0,0,0,0,2018
3221,0,149,4030,500,930,0,0,0,0,0,0,0,0,0,0,66.75,-1,0,0,0,-41.75,0,0,0,0,0,0,2018
3222,0,150,4030,500,930,0,0,0,0,0,0,0,0,0,0,66.75,-1,0,0,0,-41.75,0,0,0,0,0,0,2018
3223,0,151,4030,500,930,0,0,0,0,0,0,0,0,0,0,66.75,-1,0,0,0,-41.75,0,0,0,0,0,0,2018
3224,0,152,4030,500,930,0,0,0,0,0,0,0,0,0,0,66.75,-1,0,0,0,-41.75,0,0,0,0,0,0,2018
3225,0,153,4030,500,930,0,0,0,0,0,0,0,0,0,0,66.75,-1,0,0,0,-41.75,0,0,0,0,0,0,2018
3226,0,154,4030,500,930,0,0,0,0,0,0,0,0,0,0,66.75,-1,0,0,0,-41.75,0,0,0,0,0,0,2018
3227,0,155,4030,500,930,0,0,0,0,0,0,0,0,0,0,66.75,-1,0,0,0,-41.75,0,0,0,0,0,0,2018
3228,0,156,4030,500,930,0,0,0,0,0,0,0,0,0,0,66.75,-1,0,0,0,-41.75,0,0,0,0,0,0,2018
3229,0,157,4030,500,930,0,0,0,0,0,0,0,0,0,0,66.75,-1,0,0,0,-41.75,0,0,0,0,0,0,2018
3230,0,158,4030,500,930,0,0,0,0,0,0,0,0,0,0,66.75,-1,0,0,0,-41.75,0,0,0,0,0,0,2018
3231,0,159,4030,500,930,0,0,0,0,0,0,0,0,0,0,66.75,-1,0,0,0,-41.75,0,0,0,0,0,0,2018
3232,0,160,4030,500,930,0,0,0,0,0,0,0,0,0,0,66.75,-1,0,0,0,-41.75,0,0,0,0,0,0,2018
3233,0,161,4030,500,930,0,0,0,0,0,0,0,0,0,0,66.75,-1,0,0,0,-41.75,0,0,0,0,0,0,2018
3234,0,162,4030,500,930,0,0,0,0,0,0,0,0,0,0,66.75,-1,0,0,0,-41.75,0,0,0,0,0,0,2018
3235,0,163,4030,500,930,0,0,0,0,0,0,0,0,0,0,66.75,-1,0,0,0,-41.75,0,0,0,0,0,0,2018
3236,0,164,4030,500,930,0,0,0,0,0,0,0,0,0,0,66.75,-1,0,0,0,-41.75,0,0,0,0,0,0,2018
3237,0,165,4030,500,930,0,0,0,0,0,0,0,0,0,0,66.75,-1,0,0,0,-41.75,0,0,0,0,0,0,2018
3238,0,166,4030,500,930,0,0,0,0,0,0,0,0,0,0,66.75,-1,0,0,0,-41.75,0,0,0,0,0,0,2018
3239,0,167,4030,500,930,0,0,0,0,0,0,0,0,0,0,66.75,-1,0,0,0,-41.75,0,0,0,0,0,0,2018
3240,0,168,4030,500,930,0,0,0,0,0,0,0,0,0,0,66.75,-1,0,0,0,-41.75,0,0,0,0,0,0,2018
3241,0,169,4030,500,930,0,0,0,0,0,0,0,0,0,0,66.75,-1,0,0,0,-41.75,0,0,0,0,0,0,2018
3242,0,170,4030,500,930,0,0,0,0,0,0,0,0,0,0,66.75,-1,0,0,0,-41.75,0,0,0,0,0,0,2018
3243,0,171,4030,500,930,0,0,0,0,0,0,0,0,0,0,66.75,-1,0,0,0,-41.75,0,0,0,0,0,0,2018
3244,0,172,4030,500,930,0,0,0,0,0,0,0,0,0,0,66.75,-1,0,0,0,-41.75,0,0,0,0,0,0,2018
3245,0,173,4030,500,930,0,0,0,0,0,0,0,0,0,0,66.75,-1,0,0,0,-41.75,0,0,0,0,0,0,2018
3246,0,174,4030,500,930,0,0,0,0,0,0,0,0,0,0,66.75,-1,0,0,0,-41.75,0,0,0,0,0,0,2018
3247,0,175,4030,500,930,0,0,0,0,0,0,0,0,0,0,66.75,-1,0,0,0,-41.75,0,0,0,0,0,0,2018
3248,0,176,4030,500,930,0,0,0,0,0,0,0,0,0,0,66.75,-1,0,0,0,-41.75,0,0,0,0,0,0,2018
3249,0,177,4030,500,930,0,0,0,0,0,0,0,0,0,0,66.75,-1,0,0,0,-41.75,0,0,0,0,0,0,2018
3250,0,178,4030,500,930,0,0,0,0,0,0,0,0,0,0,66.75,-1,0,0,0,-41.75,0,0,0,0,0,0,2018
3251,0,179,4030,500,930,0,0,0,0,0,0,0,0,0,0,66.75,-1,0,0,0,-41.75,0,0,0,0,0,0,2018
3252,0,180,4030,500,930,0,0,0,0,0,0,0,0,0,0,66.75,-1,0,0,0,-41.75,0,0,0,0,0,0,2018
3253,0,181,4030,500,930,0,0,0,0,0,0,0,0,0,0,66.75,-1,0,0,0,-41.75,0,0,0,0,0,0,2018
3254,0,182,4030,500,930,0,0,0,0,0,0,0,0,0,0,66.75,-1,0,0,0,-41.75,0,0,0,0,0,0,2018
3255,0,183,4030,500,930,0,0,0,0,0,0,0,0,0,0,66.75,-1,0,0,0,-41.75,0,0,0,0,0,0,2018
3256,0,184,4030,500,930,0,0,0,0,0,0,0,0,0,0,66.75,-1,0,0,0,-41.75,0,0,0,0,0,0,2018
3257,0,185,4030,500,930,0,0,0,0,0,0,0,0,0,0,66.75,-1,0,0,0,-41.75,0,0,0,0,0,0,2018
3258,0,186,4030,500,930,0,0,0,0,0,0,0,0,0,0,66.75,-1,0,0,0,-41.75,0,0,0,0,0,0,2018
3259,0,187,4030,500,930,0,0,0,0,0,0,0,0,0,0,66.75,-1,0,0,0,-41.75,0,0,0,0,0,0,2018
3260,0,188,4030,500,930,0,0,0,0,0,0,0,0,0,0,66.75,-1,0,0,0,-41.75,0,0,0,0,0,0,2018
3261,0,189,4030,500,930,0,0,0,0,0,0,0,0,0,0,66.75,-1,0,0,0,-41.75,0,0,0,0,0,0,2018
3262,0,190,4030,500,930,0,0,0,0,0,0,0,0,0,0,66.75,-1,0,0,0,-41.75,0,0,0,0,0,0,2018
3263,0,191,4030,500,930,0,0,0,0,0,0,0,0,0,0,66.75,-1,0,0,0,-41.75,0,0,0,0,0,0,2018
3264,0,192,4030,500,930,0,0,0,0,0,0,0,0,0,0,66.75,-1,0,0,0,-41.75,0,0,0,0,0,0,2018
3265,0,193,4030,500,930,0,0,0,0,0,0,0,0,0,0,66.75,-1,0,0,0,-41.75,0,0,0,0,0,0,2018
3266,0,194,4030,500,930,0,0,0,0,0,0,0,0,0,0,66.75,-1,0,0,0,-41.75,0,0,0,0,0,0,2018
3267,0,195,4030,500,930,0,0,0,0,0,0,0,0,0,0,66.75,-1,0,0,0,-41.75,0,0,0,0,0,0,2018
3268,0,196,4030,500,930,0,0,0,0,0,0,0,0,0,0,66.75,-1,0,0,0,-41.75,0,0,0,0,0,0,2018
3269,0,197,4030,500,930,0,0,0,0,0,0,0,0,0,0,66.75,-1,0,0,0,-41.75,0,0,0,0,0,0,2018
3270,0,198,4030,500,930,0,0,0,0,0,0,0,0,0,0,66.75,-1,0,0,0,-41.75,0,0,0,0,0,0,2018
3271,0,199,4030,500,930,0,0,0,0,0,0,0,0,0,0,66.75,-1,0,0,0,-41.75,0,0,0,0,0,0,2018
3272,0,200,4030,500,930,0,0,0,0,0,0,0,0,0,0,66.75,-1,0,0,0,-41.75,0,0,0,0,0,0,2018
3273,0,201,4030,500,930,0,0,0,0,0,0,0,0,0,0,66.75,-1,0,0,0,-41.75,0,0,0,0,0,0,2018
3274,0,202,4030,500,930,0,0,0,0,0,0,0,0,0,0,66.75,-1,0,0,0,-41.75,0,0,0,0,0,0,2018
3275,0,203,4030,500,930,0,0,0,0,0,0,0,0,0,0,66.75,-1,0,0,0,-41.75,0,0,0,0,0,0,2018
3276,0,204,4030,500,930,0,0,0,0,0,0,0,0,0,0,66.75,-1,0,0,0,-41.75,0,0,0,0,0,0,2018
3277,0,205,4030,500,930,0,0,0,0,0,0,0,0,0,0,66.75,-1,0,0,0,-41.75,0,0,0,0,0,0,2018
3278,0,206,4030,500,930,0,0,0,0,0,0,0,0,0,0,66.75,-1,0,0,0,-41.75,0,0,0,0,0,0,2018
3279,0,207,4030,500,930,0,0,0,0,0,0,0,0,0,0,66.75,-1,0,0,0,-41.75,0,0,0,0,0,0,2018
3280,0,208,4030,500,930,0,0,0,0,0,0,0,0,0,0,66.75,-1,0,0,0,-41.75,0,0,0,0,0,0,2018
3281,0,209,4030,500,930,0,0,0,0,0,0,0,0,0,0,66.75,-1,0,0,0,-41.75,0,0,0,0,0,0,2018
3282,0,210,4030,500,930,0,0,0,0,0,0,0,0,0,0,66.75,-1,0,0,0,-41.75,0,0,0,0,0,0,2018
3283,0,211,4030,500,930,0,0,0,0,0,0,0,0,0,0,66.75,-1,0,0,0,-41.75,0,0,0,0,0,0,2018
3284,0,212,4030,500,930,0,0,0,0,0,0,0,0,0,0,66.75,-1,0,0,0,-41.75,0,0,0,0,0,0,2018
3285,0,213,4030,500,930,0,0,0,0,0,0,0,0,0,0,66.75,-1,0,0,0,-41.75,0,0,0,0,0,0,2018
3286,0,214,4030,500,930,0,0,0,0,0,0,0,0,0,0,66.75,-1,0,0,0,-41.75,0,0,0,0,0,0,2018
3287,0,215,4030,500,930,0,0,0,0,0,0,0,0,0,0,66.75,-1,0,0,0,-41.75,0,0,0,0,0,0,2018
3288,0,216,4030,500,930,0,0,0,0,0,0,0,0,0,0,66.75,-1,0,0,0,-41.75,0,0,0,0,0,0,2018
3289,0,217,4030,500,930,0,0,0,0,0,0,0,0,0,0,66.75,-1,0,0,0,-41.75,0,0,0,0,0,0,2018
3290,0,218,4030,500,930,0,0,0,0,0,0,0,0,0,0,66.75,-1,0,0,0,-41.75,0,0,0,0,0,0,2018
3291,0,219,4030,500,930,0,0,0,0,0,0,0,0,0,0,66.75,-1,0,0,0,-41.75,0,0,0,0,0,0,2018
3292,0,220,4030,500,930,0,0,0,0,0,0,0,0,0,0,66.75,-1,0,0,0,-41.75,0,0,0,0,0,0,2018
3293,0,221,4030,500,930,0,0,0,0,0,0,0,0,0,0,66.75,-1,0,0,0,-41.75,0,0,0,0,0,0,2018
3294,0,222,4030,500,930,0,0,0,0,0,0,0,0,0,0,66.75,-1,0,0,0,-41.75,0,0,0,0,0,0,2018
3295,0,223,4030,500,930,0,0,0,0,0,0,0,0,0,0,66.75,-1,0,0,0,-41.75,0,0,0,0,0,0,2018
3296,0,224,4030,500,930,0,0,0,0,0,0,0,0,0,0,66.75,-1,0,0,0,-41.75,0,0,0,0,0,0,2018
3297,0,225,4030,500,930,0,0,0,0,0,0,0,0,0,0,66.75,-1,0,0,0,-41.75,0,0,0,0,0,0,2018
3298,0,226,4030,500,930,0,0,0,0,0,0,0,0,0,0,66.75,-1,0,0,0,-41.75,0,0,0,0,0,0,2018
3299,0,227,4030,500,930,0,0,0,0,0,0,0,0,0,0,66.75,-1,0,0,0,-41.75,0,0,0,0,0,0,2018
3300,0,228,4030,500,930,0,0,0,0,0,0,0,0,0,0,66.75,-1,0,0,0,-41.75,0,0,0,0,0,0,2018
3301,0,229,4030,500,930,0,0,0,0,0,0,0,0,0,0,66.75,-1,0,0,0,-41.75,0,0,0,0,0,0,2018
3302,0,230,4030,500,930,0,0,0,0,0,0,0,0,0,0,66.75,-1,0,0,0,-41.75,0,0,0,0,0,0,2018
3303,0,231,4030,500,930,0,0,0,0,0,0,0,0,0,0,66.75,-1,0,0,0,-41.75,0,0,0,0,0,0,2018
3304,0,232,4030,500,930,0,0,0,0,0,0,0,0,0,0,66.75,-1,0,0,0,-41.75,0,0,0,0,0,0,2018
3305,0,233,4030,500,930,0,0,0,0,0,0,0,0,0,0,66.75,-1,0,0,0,-41.75,0,0,0,0,0,0,2018
3306,0,234,4030,500,930,0,0,0,0,0,0,0,0,0,0,66.75,-1,0,0,0,-41.75,0,0,0,0,0,0,2018
3307,0,235,4030,500,930,0,0,0,0,0,0,0,0,0,0,66.75,-1,0,0,0,-41.75,0,0,0,0,0,0,2018
3308,0,236,4030,500,930,0,0,0,0,0,0,0,0,0,0,66.75,-1,0,0,0,-41.75,0,0,0,0,0,0,2018
3309,0,237,4030,500,930,0,0,0,0,0,0,0,0,0,0,66.75,-1,0,0,0,-41.75,0,0,0,0,0,0,2018
3310,0,1,3000,500,1000,0,0,0,0,0,0,0,0,0,0,66.75,-1,0,0,0,-41.75,0,0,0,0,0,0,1000
3311,0,2,3000,500,1000,0,0,0,0,0,0,0,0,0,0,66.75,-1,0,0,0,-41.75,0,0,0,0,0,0,1000
3312,0,3,3000,500,1000,0,0,0,0,0,0,0,0,0,0,66.75,-1,0,0,0,-41.75,0,0,0,0,0,0,1000
3313,0,4,3000,500,1000,0,0,0,0,0,0,0,0,0,0,66.75,-1,0,0,0,-41.75,0,0,0,0,0,0,1000
3314,0,5,3000,500,1000,0,0,0,0,0,0,0,0,0,0,66.75,-1,0,0,0,-41.75,0,0,0,0,0,0,1000
3315,0,6,3000,500,1000,0,0,0,0,0,0,0,0,0,0,66.75,-1,0,0,0,-41.75,0,0,0,0,0,0,1000
3316,0,7,3000,500,1000,0,0,0,0,0,0,0,0,0,0,66.75,-1,0,0,0,-41.75,0,0,0,0,0,0,1000
3317,0,8,3000,500,1000,0,0,0,0,0,0,0,0,0,0,66.75,-1,0,0,0,-41.75,0,0,0,0,0,0,1000
3318,0,9,3000,500,1000,0,0,0,0,0,0,0,0,0,0,66.75,-1,0,0,0,-41.75,0,0,0,0,0,0,1000
3319,20,1,3000,500,1000,0,0,0,0,0,0,0,0,0,0,67.94999694824219,-1,0,0,0,-41.75,0,0,0,0,0,0,1000
3320,20,2,3000,500,1000,0,0,0,0,0,0,0,0,0,0,69.1500015258789,-1,0,0,0,-41.75,0,0,0,0,0,0,1000
3321,20,3,3000,500,1000,0,0,0,0,0,0,0,0,0,0,70.35000610351562,-1,0,0,0,-41.75,0,0,0,0,0,0,1000
3322,10,1,3000,500,1000,0,0,0,0,0,0,0,0,0,0,70.35000610351562,-1,0,0,0,-41.75,0,0,0,0,0,0,1000
3323,10,2,3000,500,1000,0,0,0,0,0,0,0,0,0,0,70.35000610351562,-1,0,0,0,-41.75,0,0,0,0,0,0,1000
3324,10,3,3000,500,1000,0,0,0,0,0,0,0,0,0,0,70.35000610351562,-1,0,0,0,-41.75,0,0,0,0,0,0,1000
3325,10,4,3000,500,1000,0,0,0,0,0,0,0,0,0,0,70.35000610351562,-1,0,0,0,-41.75,0,0,0,0,0,0,1000
3326,10,5,3000,500,1000,0,0,0,0,0,0,0,0,0,0,70.35000610351562,-1,0,0,0,-41.75,0,0,0,0,0,0,1000
3327,10,6,3000,500,1000,0,0,0,0,0,0,0,0,0,0,70.35000610351562,-1,0,0,0,-41.75,0,0,0,0,0,0,1000
3328,10,7,3000,500,1000,0,0,0,0,0,0,0,0,0,0,70.35000610351562,-1,0,0,0,-41.75,0,0,0,0,0,0,1000
3329,10,8,3000,500,1000,0,0,0,0,0,0,0,0,0,0,70.35000610351562,-1,0,0,0,-41.75,0,0,0,0,0,0,1000
3330,10,9,3000,500,1000,0,0,0,0,0,0,0,0,0,0,70.35000610351562,-1,0,0,0,-41.75,0,0,0,0,0,0,1000
3331,1030,1,3000,500,1000,0,0,0,0,0,0,0,0,0,0,70.35000610351562,-1,0,0,0,-41.75,0,0,0,0,0,0,1000
3332,1030,2,3000,500,1000,0,0,0,0,0,0,0,0,0,0,70.35000610351562,-1,0,0,0,-41.75,0,0,0,0,0,0,1000
3333,1030,3,3000,500,1000,0,0,0,0,0,0,0,0,0,0,70.35000610351562,-1,0,0,0,-41.75,0,0,0,0,0,0,1000
3334,1030,4,3000,500,1000,0,0,0,0,0,0,0,0,0,0,70.35000610351562,-1,0,0,0,-41.75,0,0,0,0,0,0,1000
3335,1030,5,3000,500,1000,0,0,0,0,0,0,0,0,0,0,70.35000610351562,-1,0,0,0,-41.75,0,0,0,0,0,0,1000
3336,1030,6,3000,500,1000,0,0,0,0,0,0,0,0,0,0,70.35000610351562,-1,0,0,0,-41.75,0,0,0,0,0,0,1000
3337,1030,7,3000,500,1000,0,0,0,0,0,0,0,0,0,0,70.35000610351562,-1,0,0,0,-41.75,0,0,0,0,0,0,1000
3338,1030,8,3000,500,1000,0,0,0,0,0,0,0,0,0,0,70.35000610351562,-1,0,0,0,-41.75,0,0,0,0,0,0,1000
3339,1030,9,3000,500,1000,0,0,0,0,0,0,0,0,0,0,70.35000610351562,-1,0,0,0,-41.75,0,0,0,0,0,0,1000
3340,1030,10,3000,500,1000,0,0,0,0,0,0,0,0,0,0,70.35000610351562,-1,0,0,0,-41.75,0,0,0,0,0,0,1000
3341,1030,11,3000,500,1000,0,0,0,0,0,0,0,0,0,0,70.35000610351562,-1,0,0,0,-41.75,0,0,0,0,0,0,1000
3342,1030,12,3000,500,1000,0,0,0,0,0,0,0,0,0,0,70.35000610351562,-1,0,0,0,-41.75,0,0,0,0,0,0,1000
3343,1030,13,3000,500,1000,0,0,0,0,0,0,0,0,0,0,70.35000610351562,-1,0,0,0,-41.75,0,0,0,0,0,0,1000
3344,1030,14,3000,500,1000,0,0,0,0,0,0,0,0,0,0,70.35000610351562,-1,0,0,0,-41.75,0,0,0,0,0,0,1000
3345,1030,15,3000,500,1000,0,0,0,0,0,0,0,0,0,0,70.35000610351562,-1,0,0,0,-41.75,0,0,0,0,0,0,1000
3346,1030,16,3000,500,1000,0,0,0,0,0,0,0,0,0,0,70.35000610351562,-1,0,0,0,-41.75,0,0,0,0,0,0,1000
3347,1030,17,3000,500,1000,0,0,0,0,0,0,0,0,0,0,70.35000610351562,-1,0,0,0,-41.75,0,0,0,0,0,0,1000
3348,1030,17,4030,500,935,0,0,0,0,0,0,0,0,0,0,70.35000610351562,-1,0,0,0,-41.75,0,0,0,0,0,0,2018
3349,1030,17,4030,500,935,0,0,0,0,0,0,0,0,0,0,70.35000610351562,-1,0,0,0,-41.75,0,0,0,0,0,0,2018
3350,1030,17,4030,500,935,0,0,0,0,0,0,0,0,0,0,70.35000610351562,-1,0,0,0,-41.75,0,0,0,0,0,0,2018
3351,1030,17,4030,500,935,0,0,0,0,0,0,0,0,0,0,70.35000610351562,-1,0,0,0,-41.75,0,0,0,0,0,0,2018
3352,1030,17,4030,500,935,0,0,0,0,0,0,0,0,0,0,70.35000610351562,-1,0,0,0,-41.75,0,0,0,0,0,0,2018
3353,1030,17,4030,500,935,0,0,0,0,0,0,0,0,0,0,70.35000610351562,-1,0,0,0,-41.75,0,0,0,0,0,0,2018
3354,1030,18,4030,500,935,0,0,0,0,0,0,0,0,0,0,70.35000610351562,-1,0,0,0,-41.75,0,0,0,0,0,0,2018
3355,1030,19,4030,500,935,0,0,0,0,0,0,0,0,0,0,70.35000610351562,-1,0,0,0,-41.75,0,0,0,0,0,0,2018
3356,1030,20,4030,500,935,0,0,0,0,0,0,0,0,0,0,70.35000610351562,-1,0,0,0,-41.75,0,0,0,0,0,0,2018
3357,1030,21,4030,500,935,0,0,0,0,0,0,0,0,0,0,70.35000610351562,-1,0,0,0,-41.75,0,0,0,0,0,0,2018
3358,1030,22,4030,500,935,0,0,0,0,0,0,0,0,0,0,70.35000610351562,-1,0,0,0,-41.75,0,0,0,0,0,0,2018
3359,1030,23,4030,500,935,0,0,0,0,0,0,0,0,0,0,70.35000610351562,-1,0,0,0,-41.75,0,0,0,0,0,0,2018
3360,1030,24,4030,500,935,0,0,0,0,0,0,0,0,0,0,70.35000610351562,-1,0,0,0,-41.75,0,0,0,0,0,0,2018
3361,1030,25,4030,500,935,0,0,0,0,0,0,0,0,0,0,70.35000610351562,-1,0,0,0,-41.75,0,0,0,0,0,0,2018
3362,1030,26,4030,500,935,0,0,0,0,0,0,0,0,0,0,70.35000610351562,-1,0,0,0,-41.75,0,0,0,0,0,0,2018
3363,1030,27,4030,500,935,0,0,0,0,0,0,0,0,0,0,70.35000610351562,-1,0,0,0,-41.75,0,0,0,0,0,0,2018
3364,1030,28,4030,500,935,0,0,0,0,0,0,0,0,0,0,70.35000610351562,-1,0,0,0,-41.75,0,0,0,0,0,0,2018
3365,1030,29,4030,500,935,0,0,0,0,0,0,0,0,0,0,70.35000610351562,-1,0,0,0,-41.75,0,0,0,0,0,0,2018
3366,1030,30,4030,500,935,0,0,0,0,0,0,0,0,0,0,70.35000610351562,-1,0,0,0,-41.75,0,0,0,0,0,0,2018
3367,1030,31,4030,500,935,0,0,0,0,0,0,0,0,0,0,70.35000610351562,-1,0,0,0,-41.75,0,0,0,0,0,0,2018
3368,1030,32,4030,500,935,0,0,0,0,0,0,0,0,0,0,70.35000610351562,-1,0,0,0,-41.75,0,0,0,0,0,0,2018
3369,1030,33,4030,500,935,0,0,0,0,0,0,0,0,0,0,70.35000610351562,-1,0,0,0,-41.75,0,0,0,0,0,0,2018
3370,1030,34,4030,500,935,0,0,0,0,0,0,0,0,0,0,70.35000610351562,-1,0,0,0,-41.75,0,0,0,0,0,0,2018
3371,1030,35,4030,500,935,0,0,0,0,0,0,0,0,0,0,70.35000610351562,-1,0,0,0,-41.75,0,0,0,0,0,0,2018
3372,1030,36,4030,500,935,0,0,0,0,0,0,0,0,0,0,70.35000610351562,-1,0,0,0,-41.75,0,0,0,0,0,0,2018
3373,1030,37,4030,500,935,0,0,0,0,0,0,0,0,0,0,70.35000610351562,-1,0,0,0,-41.75,0,0,0,0,0,0,2018
3374,1030,38,4030,500,935,0,0,0,0,0,0,0,0,0,0,70.35000610351562,-1,0,0,0,-41.75,0,0,0,0,0,0,2018
3375,1030,39,4030,500,935,0,0,0,0,0,0,0,0,0,0,70.35000610351562,-1,0,0,0,-41.75,0,0,0,0,0,0,2018
3376,1030,40,4030,500,935,0,0,0,0,0,0,0,0,0,0,70.35000610351562,-1,0,0,0,-41.75,0,0,0,0,0,0,2018
3377,1030,41,4030,500,935,0,0,0,0,0,0,0,0,0,0,70.35000610351562,-1,0,0,0,-41.75,0,0,0,0,0,0,2018
3378,1030,42,4030,500,935,0,0,0,0,0,0,0,0,0,0,70.35000610351562,-1,0,0,0,-41.75,0,0,0,0,0,0,2018
3379,0,1,4030,500,935,0,0,0,0,0,0,0,0,0,0,70.35000610351562,-1,0,0,0,-41.75,0,0,0,0,0,0,2018
3380,0,2,4030,500,935,0,0,0,0,0,0,0,0,0,0,70.35000610351562,-1,0,0,0,-41.75,0,0,0,0,0,0,2018
3381,0,3,4030,500,935,0,0,0,0,0,0,0,0,0,0,70.35000610351562,-1,0,0,0,-41.75,0,0,0,0,0,0,2018
3382,0,4,4030,500,935,0,0,0,0,0,0,0,0,0,0,70.35000610351562,-1,0,0,0,-41.75,0,0,0,0,0,0,2018
3383,0,5,4030,500,935,0,0,0,0,0,0,0,0,0,0,70.35000610351562,-1,0,0,0,-41.75,0,0,0,0,0,0,2018
3384,0,6,4030,500,935,0,0,0,0,0,0,0,0,0,0,70.35000610351562,-1,0,0,0,-41.75,0,0,0,0,0,0,2018
3385,0,7,4030,500,935,0,0,0,0,0,0,0,0,0,0,70.35000610351562,-1,0,0,0,-41.75,0,0,0,0,0,0,2018
3386,0,8,4030,500,935,0,0,0,0,0,0,0,0,0,0,70.35000610351562,-1,0,0,0,-41.75,0,0,0,0,0,0,2018
3387,0,9,4030,500,935,0,0,0,0,0,0,0,0,0,0,70.35000610351562,-1,0,0,0,-41.75,0,0,0,0,0,0,2018
3388,0,10,4030,500,935,0,0,0,0,0,0,0,0,0,0,70.35000610351562,-1,0,0,0,-41.75,0,0,0,0,0,0,2018
3389,0,11,4030,500,935,0,0,0,0,0,0,0,0,0,0,70.35000610351562,-1,0,0,0,-41.75,0,0,0,0,0,0,2018
3390,0,12,4030,500,935,0,0,0,0,0,0,0,0,0,0,70.35000610351562,-1,0,0,0,-41.75,0,0,0,0,0,0,2018
3391,0,13,4030,500,935,0,0,0,0,0,0,0,0,0,0,70.35000610351562,-1,0,0,0,-41.75,0,0,0,0,0,0,2018
3392,0,14,4030,500,935,0,0,0,0,0,0,0,0,0,0,70.35000610351562,-1,0,0,0,-41.75,0,0,0,0,0,0,2018
3393,0,15,4030,500,935,0,0,0,0,0,0,0,0,0,0,70.35000610351562,-1,0,0,0,-41.75,0,0,0,0,0,0,2018
3394,0,16,4030,500,935,0,0,0,0,0,0,0,0,0,0,70.35000610351562,-1,0,0,0,-41.75,0,0,0,0,0,0,2018
3395,0,17,4030,500,935,0,0,0,0,0,0,0,0,0,0,70.35000610351562,-1,0,0,0,-41.75,0,0,0,0,0,0,2018
3396,0,18,4030,500,935,0,0,0,0,0,0,0,0,0,0,70.35000610351562,-1,0,0,0,-41.75,0,0,0,0,0,0,2018
3397,0,19,4030,500,935,0,0,0,0,0,0,0,0,0,0,70.35000610351562,-1,0,0,0,-41.75,0,0,0,0,0,0,2018
3398,0,20,4030,500,935,0,0,0,0,0,0,0,0,0,0,70.35000610351562,-1,0,0,0,-41.75,0,0,0,0,0,0,2018
3399,0,21,4030,500,935,0,0,0,0,0,0,0,0,0,0,70.35000610351562,-1,0,0,0,-41.75,0,0,0,0,0,0,2018
3400,0,22,4030,500,935,0,0,0,0,0,0,0,0,0,0,70.35000610351562,-1,0,0,0,-41.75,0,0,0,0,0,0,2018
3401,0,23,4030,500,935,0,0,0,0,0,0,0,0,0,0,70.35000610351562,-1,0,0,0,-41.75,0,0,0,0,0,0,2018
3402,0,24,4030,500,935,0,0,0,0,0,0,0,0,0,0,70.35000610351562,-1,0,0,0,-41.75,0,0,0,0,0,0,2018
3403,0,25,4030,500,935,0,0,0,0,0,0,0,0,0,0,70.35000610351562,-1,0,0,0,-41.75,0,0,0,0,0,0,2018
3404,0,26,4030,500,935,0,0,0,0,0,0,0,0,0,0,70.35000610351562,-1,0,0,0,-41.75,0,0,0,0,0,0,2018
3405,0,27,4030,500,935,0,0,0,0,0,0,0,0,0,0,70.35000610351562,-1,0,0,0,-41.75,0,0,0,0,0,0,2018
3406,0,28,4030,500,935,0,0,0,0,0,0,0,0,0,0,70.35000610351562,-1,0,0,0,-41.75,0,0,0,0,0,0,2018
3407,0,29,4030,500,935,0,0,0,0,0,0,0,0,0,0,70.35000610351562,-1,0,0,0,-41.75,0,0,0,0,0,0,2018
3408,0,30,4030,500,935,0,0,0,0,0,0,0,0,0,0,70.35000610351562,-1,0,0,0,-41.75,0,0,0,0,0,0,2018
3409,0,31,4030,500,935,0,0,0,0,0,0,0,0,0,0,70.35000610351562,-1,0,0,0,-41.75,0,0,0,0,0,0,2018
3410,0,32,4030,500,935,0,0,0,0,0,0,0,0,0,0,70.60000610351562,-1,0,0,0,-41.75,0,0,0,0,0,0,2018
3411,0,33,4030,500,935,0,0,0,0,0,0,0,0,0,0,70.85000610351562,-1,0,0,0,-42,0,0,0,0,0,0,2018
3412,0,34,4030,500,935,0,0,0,0,0,0,0,0,0,0,71.10000610351562,-1,0,0,0,-42.25,0,0,0,0,0,0,2018
3413,0,35,4030,500,935,0,0,0,0,0,0,0,0,0,0,71.35000610351562,-1,0,0,0,-42.5,0,0,0,0,0,0,2018
3414,0,36,4030,500,935,0,0,0,0,0,0,0,0,0,0,71.60000610351562,-1,0,0,0,-42.75,0,0,0,0,0,0,2018
3415,0,37,4030,500,935,0,0,0,0,0,0,0,0,0,0,71.60000610351562,-1,0,0,0,-43,0,0,0,0,0,0,2018
3416,0,38,4030,500,935,0,0,0,0,0,0,0,0,0,0,71.85000610351562,-1,0,0,0,-43,0,0,0,0,0,0,2018
3417,0,39,4030,500,935,0,0,0,0,0,0,0,0,0,0,71.85000610351562,-1,0,0,0,-43.25,0,0,0,0,0,0,2018
3418,0,40,4030,500,935,0,0,0,0,0,0,0,0,0,0,71.85000610351562,-1,0,0,0,-43.25,0,0,0,0,0,0,2018
3419,0,41,4030,500,935,0,0,0,0,0,0,0,0,0,0,71.85000610351562,-1,0,0,0,-43.25,0,0,0,0,0,0,2018
3420,0,42,4030,500,935,0,0,0,0,0,0,0,0,0,0,71.85000610351562,-1,0,0,0,-43.25,0,0,0,0,0,0,2018
3421,0,43,4030,500,935,0,0,0,0,0,0,0,0,0,0,71.85000610351562,-1,0,0,0,-43.25,0,0,0,0,0,0,2018
3422,0,44,4030,500,935,0,0,0,0,0,0,0,0,0,0,71.85000610351562,-1,0,0,0,-43.25,0,0,0,0,0,0,2018
3423,0,45,4030,500,935,0,0,0,0,0,0,0,0,0,0,71.85000610351562,-1,0,0,0,-43.25,0,0,0,0,0,0,2018
3424,0,46,4030,500,935,0,0,0,0,0,0,0,0,0,0,71.85000610351562,-1,0,0,0,-43.25,0,0,0,0,0,0,2018
3425,0,47,4030,500,935,0,0,0,0,0,0,0,0,0,0,71.85000610351562,-1,0,0,0,-43.25,0,0,0,0,0,0,2018
3426,0,48,4030,500,935,0,0,0,0,0,0,0,0,0,0,71.85000610351562,-1,0,0,0,-43.25,0,0,0,0,0,0,2018
3427,0,49,4030,500,935,0,0,0,0,0,0,0,0,0,0,71.85000610351562,-1,0,0,0,-43.25,0,0,0,0,0,0,2018
3428,0,50,4030,500,935,0,0,0,0,0,0,0,0,0,0,71.85000610351562,-1,0,0,0,-43.25,0,0,0,0,0,0,2018
3429,0,51,4030,500,935,0,0,0,0,0,0,0,0,0,0,71.85000610351562,-1,0,0,0,-43.25,0,0,0,0,0,0,2018
3430,0,52,4030,500,935,0,0,0,0,0,0,0,0,0,0,71.85000610351562,-1,0,0,0,-43.25,0,0,0,0,0,0,2018
3431,0,53,4030,500,935,0,0,0,0,0,0,0,0,0,0,71.85000610351562,-1,0,0,0,-43.25,0,0,0,0,0,0,2018
3432,0,54,4030,500,935,0,0,0,0,0,0,0,0,0,0,71.85000610351562,-1,0,0,0,-43.25,0,0,0,0,0,0,2018
3433,0,55,4030,500,935,0,0,0,0,0,0,0,0,0,0,71.85000610351562,-1,0,0,0,-43.25,0,0,0,0,0,0,2018
3434,0,56,4030,500,935,0,0,0,0,0,0,0,0,0,0,71.85000610351562,-1,0,0,0,-43.25,0,0,0,0,0,0,2018
3435,0,57,4030,500,935,0,0,0,0,0,0,0,0,0,0,71.85000610351562,-1,0,0,0,-43.25,0,0,0,0,0,0,2018
3436,0,58,4030,500,935,0,0,0,0,0,0,0,0,0,0,71.85000610351562,-1,0,0,0,-43.25,0,0,0,0,0,0,2018
3437,0,59,4030,500,935,0,0,0,0,0,0,0,0,0,0,71.85000610351562,-1,0,0,0,-43.25,0,0,0,0,0,0,2018
3438,0,60,4030,500,935,0,0,0,0,0,0,0,0,0,0,71.85000610351562,-1,0,0,0,-43.25,0,0,0,0,0,0,2018
3439,0,61,4030,500,935,0,0,0,0,0,0,0,0,0,0,71.85000610351562,-1,0,0,0,-43.25,0,0,0,0,0,0,2018
3440,0,62,4030,500,935,0,0,0,0,0,0,0,0,0,0,71.85000610351562,-1,0,0,0,-43.25,0,0,0,0,0,0,2018
3441,0,63,4030,500,935,0,0,0,0,0,0,0,0,0,0,71.85000610351562,-1,0,0,0,-43.25,0,0,0,0,0,0,2018
3442,0,64,4030,500,935,0,0,0,0,0,0,0,0,0,0,71.85000610351562,-1,0,0,0,-43.25,0,0,0,0,0,0,2018
3443,0,65,4030,500,935,0,0,0,0,0,0,0,0,0,0,71.85000610351562,-1,0,0,0,-43.25,0,0,0,0,0,0,2018
3444,0,66,4030,500,935,0,0,0,0,0,0,0,0,0,0,71.85000610351562,-1,0,0,0,-43.25,0,0,0,0,0,0,2018
3445,0,67,4030,500,935,0,0,0,0,0,0,0,0,0,0,71.85000610351562,-1,0,0,0,-43.25,0,0,0,0,0,0,2018
3446,0,68,4030,500,935,0,0,0,0,0,0,0,0,0,0,71.85000610351562,-1,0,0,0,-43.25,0,0,0,0,0,0,2018
3447,0,69,4030,500,935,0,0,0,0,0,0,0,0,0,0,71.85000610351562,-1,0,0,0,-43.25,0,0,0,0,0,0,2018
3448,0,70,4030,500,935,0,0,0,0,0,0,0,0,0,0,71.85000610351562,-1,0,0,0,-43.25,0,0,0,0,0,0,2018
3449,0,71,4030,500,935,0,0,0,0,0,0,0,0,0,0,71.85000610351562,-1,0,0,0,-43.25,0,0,0,0,0,0,2018
3450,0,72,4030,500,935,0,0,0,0,0,0,0,0,0,0,71.85000610351562,-1,0,0,0,-43.25,0,0,0,0,0,0,2018
3451,0,73,4030,500,935,0,0,0,0,0,0,0,0,0,0,71.85000610351562,-1,0,0,0,-43.25,0,0,0,0,0,0,2018
3452,0,74,4030,500,935,0,0,0,0,0,0,0,0,0,0,71.85000610351562,-1,0,0,0,-43.25,0,0,0,0,0,0,2018
3453,0,75,4030,500,935,0,0,0,0,0,0,0,0,0,0,71.85000610351562,-1,0,0,0,-43.25,0,0,0,0,0,0,2018
3454,0,76,4030,500,935,0,0,0,0,0,0,0,0,0,0,71.85000610351562,-1,0,0,0,-43.25,0,0,0,0,0,0,2018
3455,0,77,4030,500,935,0,0,0,0,0,0,0,0,0,0,71.85000610351562,-1,0,0,0,-43.25,0,0,0,0,0,0,2018
3456,0,78,4030,500,935,0,0,0,0,0,0,0,0,0,0,71.85000610351562,-1,0,0,0,-43.25,0,0,0,0,0,0,2018
3457,0,79,4030,500,935,0,0,0,0,0,0,0,0,0,0,71.85000610351562,-1,0,0,0,-43.25,0,0,0,0,0,0,2018
3458,0,80,4030,500,935,0,0,0,0,0,0,0,0,0,0,71.85000610351562,-1,0,0,0,-43.25,0,0,0,0,0,0,2018
3459,0,81,4030,500,935,0,0,0,0,0,0,0,0,0,0,71.85000610351562,-1,0,0,0,-43.25,0,0,0,0,0,0,2018
3460,0,82,4030,500,935,0,0,0,0,0,0,0,0,0,0,71.85000610351562,-1,0,0,0,-43.25,0,0,0,0,0,0,2018
3461,0,83,4030,500,935,0,0,0,0,0,0,0,0,0,0,71.85000610351562,-1,0,0,0,-43.25,0,0,0,0,0,0,2018
3462,0,84,4030,500,935,0,0,0,0,0,0,0,0,0,0,71.85000610351562,-1,0,0,0,-43.25,0,0,0,0,0,0,2018
3463,0,85,4030,500,935,0,0,0,0,0,0,0,0,0,0,71.85000610351562,-1,0,0,0,-43.25,0,0,0,0,0,0,2018
3464,0,86,4030,500,935,0,0,0,0,0,0,0,0,0,0,71.85000610351562,-1,0,0,0,-43.25,0,0,0,0,0,0,2018
3465,0,87,4030,500,935,0,0,0,0,0,0,0,0,0,0,71.85000610351562,-1,0,0,0,-43.25,0,0,0,0,0,0,2018
3466,0,88,4030,500,935,0,0,0,0,0,0,0,0,0,0,71.85000610351562,-1,0,0,0,-43.25,0,0,0,0,0,0,2018
3467,0,89,4030,500,935,0,0,0,0,0,0,0,0,0,0,71.85000610351562,-1,0,0,0,-43.25,0,0,0,0,0,0,2018
3468,0,90,4030,500,935,0,0,0,0,0,0,0,0,0,0,71.85000610351562,-1,0,0,0,-43.25,0,0,0,0,0,0,2018
3469,0,91,4030,500,935,0,0,0,0,0,0,0,0,0,0,71.85000610351562,-1,0,0,0,-43.25,0,0,0,0,0,0,2018
3470,0,92,4030,500,935,0,0,0,0,0,0,0,0,0,0,71.85000610351562,-1,0,0,0,-43.25,0,0,0,0,0,0,2018
3471,0,93,4030,500,935,0,0,0,0,0,0,0,0,0,0,71.85000610351562,-1,0,0,0,-43.25,0,0,0,0,0,0,2018
3472,0,94,4030,500,935,0,0,0,0,0,0,0,0,0,0,71.85000610351562,-1,0,0,0,-43.25,0,0,0,0,0,0,2018
3473,0,95,4030,500,935,0,0,0,0,0,0,0,0,0,0,71.85000610351562,-1,0,0,0,-43.25,0,0,0,0,0,0,2018
3474,0,96,4030,500,935,0,0,0,0,0,0,0,0,0,0,71.85000610351562,-1,0,0,0,-43.25,0,0,0,0,0,0,2018
3475,0,97,4030,500,935,0,0,0,0,0,0,0,0,0,0,71.85000610351562,-1,0,0,0,-43.25,0,0,0,0,0,0,2018
3476,0,98,4030,500,935,0,0,0,0,0,0,0,0,0,0,71.85000610351562,-1,0,0,0,-43.25,0,0,0,0,0,0,2018
3477,0,99,4030,500,935,0,0,0,0,0,0,0,0,0,0,71.85000610351562,-1,0,0,0,-43.25,0,0,0,0,0,0,2018
3478,0,100,4030,500,935,0,0,0,0,0,0,0,0,0,0,71.85000610351562,-1,0,0,0,-43.25,0,0,0,0,0,0,2018
3479,0,101,4030,500,935,0,0,0,0,0,0,0,0,0,0,71.85000610351562,-1,0,0,0,-43.25,0,0,0,0,0,0,2018
3480,0,102,4030,500,935,0,0,0,0,0,0,0,0,0,0,71.85000610351562,-1,0,0,0,-43.25,0,0,0,0,0,0,2018
3481,0,103,4030,500,935,0,0,0,0,0,0,0,0,0,0,71.85000610351562,-1,0,0,0,-43.25,0,0,0,0,0,0,2018
3482,0,104,4030,500,935,0,0,0,0,0,0,0,0,0,0,71.85000610351562,-1,0,0,0,-43.25,0,0,0,0,0,0,2018
3483,0,105,4030,500,935,0,0,0,0,0,0,0,0,0,0,71.85000610351562,-1,0,0,0,-43.25,0,0,0,0,0,0,2018
3484,0,106,4030,500,935,0,0,0,0,0,0,0,0,0,0,71.85000610351562,-1,0,0,0,-43.25,0,0,0,0,0,0,2018
3485,0,107,4030,500,935,0,0,0,0,0,0,0,0,0,0,71.85000610351562,-1,0,0,0,-43.25,0,0,0,0,0,0,2018
3486,0,108,4030,500,935,0,0,0,0,0,0,0,0,0,0,71.85000610351562,-1,0,0,0,-43.25,0,0,0,0,0,0,2018
3487,0,109,4030,500,935,0,0,0,0,0,0,0,0,0,0,71.85000610351562,-1,0,0,0,-43.25,0,0,0,0,0,0,2018
3488,0,110,4030,500,935,0,0,0,0,0,0,0,0,0,0,71.85000610351562,-1,0,0,0,-43.25,0,0,0,0,0,0,2018
3489,0,111,4030,500,935,0,0,0,0,0,0,0,0,0,0,71.85000610351562,-1,0,0,0,-43.25,0,0,0,0,0,0,2018
3490,0,112,4030,500,935,0,0,0,0,0,0,0,0,0,0,71.85000610351562,-1,0,0,0,-43.25,0,0,0,0,0,0,2018
3491,0,113,4030,500,935,0,0,0,0,0,0,0,0,0,0,71.85000610351562,-1,0,0,0,-43.25,0,0,0,0,0,0,2018
3492,0,114,4030,500,935,0,0,0,0,0,0,0,0,0,0,71.85000610351562,-1,0,0,0,-43.25,0,0,0,0,0,0,2018
3493,0,115,4030,500,935,0,0,0,0,0,0,0,0,0,0,71.85000610351562,-1,0,0,0,-43.25,0,0,0,0,0,0,2018
3494,0,116,4030,500,935,0,0,0,0,0,0,0,0,0,0,71.85000610351562,-1,0,0,0,-43.25,0,0,0,0,0,0,2018
3495,0,117,4030,500,935,0,0,0,0,0,0,0,0,0,0,71.85000610351562,-1,0,0,0,-43.25,0,0,0,0,0,0,2018
3496,0,118,4030,500,935,0,0,0,0,0,0,0,0,0,0,71.85000610351562,-1,0,0,0,-43.25,0,0,0,0,0,0,2018
3497,0,119,4030,500,935,0,0,0,0,0,0,0,0,0,0,71.85000610351562,-1,0,0,0,-43.25,0,0,0,0,0,0,2018
3498,0,120,4030,500,935,0,0,0,0,0,0,0,0,0,0,71.85000610351562,-1,0,0,0,-43.25,0,0,0,0,0,0,2018
3499,0,121,4030,500,935,0,0,0,0,0,0,0,0,0,0,71.85000610351562,-1,0,0,0,-43.25,0,0,0,0,0,0,2018
3500,0,122,4030,500,935,0,0,0,0,0,0,0,0,0,0,71.85000610351562,-1,0,0,0,-43.25,0,0,0,0,0,0,2018
3501,0,123,4030,500,935,0,0,0,0,0,0,0,0,0,0,71.85000610351562,-1,0,0,0,-43.25,0,0,0,0,0,0,2018
3502,0,124,4030,500,935,0,0,0,0,0,0,0,0,0,0,71.85000610351562,-1,0,0,0,-43.25,0,0,0,0,0,0,2018
3503,0,125,4030,500,935,0,0,0,0,0,0,0,0,0,0,71.85000610351562,-1,0,0,0,-43.25,0,0,0,0,0,0,2018
3504,0,126,4030,500,935,0,0,0,0,0,0,0,0,0,0,71.85000610351562,-1,0,0,0,-43.25,0,0,0,0,0,0,2018
3505,0,127,4030,500,935,0,0,0,0,0,0,0,0,0,0,71.85000610351562,-1,0,0,0,-43.25,0,0,0,0,0,0,2018
3506,0,128,4030,500,935,0,0,0,0,0,0,0,0,0,0,71.85000610351562,-1,0,0,0,-43.25,0,0,0,0,0,0,2018
3507,0,129,4030,500,935,0,0,0,0,0,0,0,0,0,0,71.85000610351562,-1,0,0,0,-43.25,0,0,0,0,0,0,2018
3508,0,130,4030,500,935,0,0,0,0,0,0,0,0,0,0,71.85000610351562,-1,0,0,0,-43.25,0,0,0,0,0,0,2018
3509,0,131,4030,500,935,0,0,0,0,0,0,0,0,0,0,71.85000610351562,-1,0,0,0,-43.25,0,0,0,0,0,0,2018
3510,0,132,4030,500,935,0,0,0,0,0,0,0,0,0,0,71.85000610351562,-1,0,0,0,-43.25,0,0,0,0,0,0,2018
3511,0,133,4030,500,935,0,0,0,0,0,0,0,0,0,0,71.85000610351562,-1,0,0,0,-43.25,0,0,0,0,0,0,2018
3512,0,134,4030,500,935,0,0,0,0,0,0,0,0,0,0,71.85000610351562,-1,0,0,0,-43.25,0,0,0,0,0,0,2018
3513,0,135,4030,500,935,0,0,0,0,0,0,0,0,0,0,71.85000610351562,-1,0,0,0,-43.25,0,0,0,0,0,0,2018
3514,0,136,4030,500,935,0,0,0,0,0,0,0,0,0,0,71.85000610351562,-1,0,0,0,-43.25,0,0,0,0,0,0,2018
3515,0,137,4030,500,935,0,0,0,0,0,0,0,0,0,0,71.85000610351562,-1,0,0,0,-43.25,0,0,0,0,0,0,2018
3516,0,138,4030,500,935,0,0,0,0,0,0,0,0,0,0,71.85000610351562,-1,0,0,0,-43.25,0,0,0,0,0,0,2018
3517,0,139,4030,500,935,0,0,0,0,0,0,0,0,0,0,71.85000610351562,-1,0,0,0,-43.25,0,0,0,0,0,0,2018
3518,0,140,4030,500,935,0,0,0,0,0,0,0,0,0,0,71.85000610351562,-1,0,0,0,-43.25,0,0,0,0,0,0,2018
3519,0,141,4030,500,935,0,0,0,0,0,0,0,0,0,0,71.85000610351562,-1,0,0,0,-43.25,0,0,0,0,0,0,2018
3520,0,142,4030,500,935,0,0,0,0,0,0,0,0,0,0,71.85000610351562,-1,0,0,0,-43.25,0,0,0,0,0,0,2018
3521,0,143,4030,500,935,0,0,0,0,0,0,0,0,0,0,71.85000610351562,-1,0,0,0,-43.25,0,0,0,0,0,0,2018
3522,0,144,4030,500,935,0,0,0,0,0,0,0,0,0,0,71.85000610351562,-1,0,0,0,-43.25,0,0,0,0,0,0,2018
3523,0,145,4030,500,935,0,0,0,0,0,0,0,0,0,0,71.85000610351562,-1,0,0,0,-43.25,0,0,0,0,0,0,2018
3524,0,146,4030,500,935,0,0,0,0,0,0,0,0,0,0,71.85000610351562,-1,0,0,0,-43.25,0,0,0,0,0,0,2018
3525,0,147,4030,500,935,0,0,0,0,0,0,0,0,0,0,71.85000610351562,-1,0,0,0,-43.25,0,0,0,0,0,0,2018
3526,0,148,4030,500,935,0,0,0,0,0,0,0,0,0,0,71.85000610351562,-1,0,0,0,-43.25,0,0,0,0,0,0,2018
3527,0,149,4030,500,935,0,0,0,0,0,0,0,0,0,0,71.85000610351562,-1,0,0,0,-43.25,0,0,0,0,0,0,2018
3528,0,150,4030,500,935,0,0,0,0,0,0,0,0,0,0,71.85000610351562,-1,0,0,0,-43.25,0,0,0,0,0,0,2018
3529,0,151,4030,500,935,0,0,0,0,0,0,0,0,0,0,71.85000610351562,-1,0,0,0,-43.25,0,0,0,0,0,0,2018
3530,0,152,4030,500,935,0,0,0,0,0,0,0,0,0,0,71.85000610351562,-1,0,0,0,-43.25,0,0,0,0,0,0,2018
3531,0,153,4030,500,935,0,0,0,0,0,0,0,0,0,0,71.85000610351562,-1,0,0,0,-43.25,0,0,0,0,0,0,2018
3532,0,154,4030,500,935,0,0,0,0,0,0,0,0,0,0,71.85000610351562,-1,0,0,0,-43.25,0,0,0,0,0,0,2018
3533,0,155,4030,500,935,0,0,0,0,0,0,0,0,0,0,71.85000610351562,-1,0,0,0,-43.25,0,0,0,0,0,0,2018
3534,0,156,4030,500,935,0,0,0,0,0,0,0,0,0,0,71.85000610351562,-1,0,0,0,-43.25,0,0,0,0,0,0,2018
3535,0,157,4030,500,935,0,0,0,0,0,0,0,0,0,0,71.85000610351562,-1,0,0,0,-43.25,0,0,0,0,0,0,2018
3536,0,158,4030,500,935,0,0,0,0,0,0,0,0,0,0,71.85000610351562,-1,0,0,0,-43.25,0,0,0,0,0,0,2018
3537,0,159,4030,500,935,0,0,0,0,0,0,0,0,0,0,71.85000610351562,-1,0,0,0,-43.25,0,0,0,0,0,0,2018
3538,0,160,4030,500,935,0,0,0,0,0,0,0,0,0,0,71.85000610351562,-1,0,0,0,-43.25,0,0,0,0,0,0,2018
3539,0,161,4030,500,935,0,0,0,0,0,0,0,0,0,0,71.85000610351562,-1,0,0,0,-43.25,0,0,0,0,0,0,2018
3540,0,162,4030,500,935,0,0,0,0,0,0,0,0,0,0,71.85000610351562,-1,0,0,0,-43.25,0,0,0,0,0,0,2018
3541,0,163,4030,500,935,0,0,0,0,0,0,0,0,0,0,71.85000610351562,-1,0,0,0,-43.25,0,0,0,0,0,0,2018
3542,0,164,4030,500,935,0,0,0,0,0,0,0,0,0,0,71.85000610351562,-1,0,0,0,-43.25,0,0,0,0,0,0,2018
3543,0,165,4030,500,935,0,0,0,0,0,0,0,0,0,0,71.85000610351562,-1,0,0,0,-43.25,0,0,0,0,0,0,2018
3544,0,166,4030,500,935,0,0,0,0,0,0,0,0,0,0,71.85000610351562,-1,0,0,0,-43.25,0,0,0,0,0,0,2018
3545,0,167,4030,500,935,0,0,0,0,0,0,0,0,0,0,71.85000610351562,-1,0,0,0,-43.25,0,0,0,0,0,0,2018
3546,0,168,4030,500,935,0,0,0,0,0,0,0,0,0,0,71.85000610351562,-1,0,0,0,-43.25,0,0,0,0,0,0,2018
3547,0,169,4030,500,935,0,0,0,0,0,0,0,0,0,0,71.85000610351562,-1,0,0,0,-43.25,0,0,0,0,0,0,2018
3548,0,170,4030,500,935,0,0,0,0,0,0,0,0,0,0,71.85000610351562,-1,0,0,0,-43.25,0,0,0,0,0,0,2018
3549,0,171,4030,500,935,0,0,0,0,0,0,0,0,0,0,71.85000610351562,-1,0,0,0,-43.25,0,0,0,0,0,0,2018
3550,0,172,4030,500,935,0,0,0,0,0,0,0,0,0,0,71.85000610351562,-1,0,0,0,-43.25,0,0,0,0,0,0,2018
3551,0,173,4030,500,935,0,0,0,0,0,0,0,0,0,0,71.85000610351562,-1,0,0,0,-43.25,0,0,0,0,0,0,2018
3552,0,174,4030,500,935,0,0,0,0,0,0,0,0,0,0,71.85000610351562,-1,0,0,0,-43.25,0,0,0,0,0,0,2018
3553,0,175,4030,500,935,0,0,0,0,0,0,0,0,0,0,71.85000610351562,-1,0,0,0,-43.25,0,0,0,0,0,0,2018
3554,0,176,4030,500,935,0,0,0,0,0,0,0,0,0,0,71.85000610351562,-1,0,0,0,-43.25,0,0,0,0,0,0,2018
3555,0,177,4030,500,935,0,0,0,0,0,0,0,0,0,0,71.85000610351562,-1,0,0,0,-43.25,0,0,0,0,0,0,2018
3556,0,178,4030,500,935,0,0,0,0,0,0,0,0,0,0,71.85000610351562,-1,0,0,0,-43.25,0,0,0,0,0,0,2018
3557,0,179,4030,500,935,0,0,0,0,0,0,0,0,0,0,71.85000610351562,-1,0,0,0,-43.25,0,0,0,0,0,0,2018
3558,0,180,4030,500,935,0,0,0,0,0,0,0,0,0,0,71.85000610351562,-1,0,0,0,-43.25,0,0,0,0,0,0,2018
3559,0,181,4030,500,935,0,0,0,0,0,0,0,0,0,0,71.85000610351562,-1,0,0,0,-43.25,0,0,0,0,0,0,2018
3560,0,182,4030,500,935,0,0,0,0,0,0,0,0,0,0,71.85000610351562,-1,0,0,0,-43.25,0,0,0,0,0,0,2018
3561,0,183,4030,500,935,0,0,0,0,0,0,0,0,0,0,71.85000610351562,-1,0,0,0,-43.25,0,0,0,0,0,0,2018
3562,0,184,4030,500,935,0,0,0,0,0,0,0,0,0,0,71.85000610351562,-1,0,0,0,-43.25,0,0,0,0,0,0,2018
3563,0,185,4030,500,935,0,0,0,0,0,0,0,0,0,0,71.85000610351562,-1,0,0,0,-43.25,0,0,0,0,0,0,2018
3564,0,186,4030,500,935,0,0,0,0,0,0,0,0,0,0,71.85000610351562,-1,0,0,0,-43.25,0,0,0,0,0,0,2018
3565,0,187,4030,500,935,0,0,0,0,0,0,0,0,0,0,71.85000610351562,-1,0,0,0,-43.25,0,0,0,0,0,0,2018
3566,0,188,4030,500,935,0,0,0,0,0,0,0,0,0,0,71.85000610351562,-1,0,0,0,-43.25,0,0,0,0,0,0,2018
3567,0,189,4030,500,935,0,0,0,0,0,0,0,0,0,0,71.85000610351562,-1,0,0,0,-43.25,0,0,0,0,0,0,2018
3568,0,190,4030,500,935,0,0,0,0,0,0,0,0,0,0,71.85000610351562,-1,0,0,0,-43.25,0,0,0,0,0,0,2018
3569,0,191,4030,500,935,0,0,0,0,0,0,0,0,0,0,71.85000610351562,-1,0,0,0,-43.25,0,0,0,0,0,0,2018
3570,0,192,4030,500,935,0,0,0,0,0,0,0,0,0,0,71.85000610351562,-1,0,0,0,-43.25,0,0,0,0,0,0,2018
3571,0,193,4030,500,935,0,0,0,0,0,0,0,0,0,0,71.85000610351562,-1,0,0,0,-43.25,0,0,0,0,0,0,2018
3572,0,194,4030,500,935,0,0,0,0,0,0,0,0,0,0,71.85000610351562,-1,0,0,0,-43.25,0,0,0,0,0,0,2018
3573,0,195,4030,500,935,0,0,0,0,0,0,0,0,0,0,71.85000610351562,-1,0,0,0,-43.25,0,0,0,0,0,0,2018
3574,0,196,4030,500,935,0,0,0,0,0,0,0,0,0,0,71.85000610351562,-1,0,0,0,-43.25,0,0,0,0,0,0,2018
3575,0,197,4030,500,935,0,0,0,0,0,0,0,0,0,0,71.85000610351562,-1,0,0,0,-43.25,0,0,0,0,0,0,2018
3576,0,198,4030,500,935,0,0,0,0,0,0,0,0,0,0,71.85000610351562,-1,0,0,0,-43.25,0,0,0,0,0,0,2018
3577,0,199,4030,500,935,0,0,0,0,0,0,0,0,0,0,71.85000610351562,-1,0,0,0,-43.25,0,0,0,0,0,0,2018
3578,0,200,4030,500,935,0,0,0,0,0,0,0,0,0,0,71.85000610351562,-1,0,0,0,-43.25,0,0,0,0,0,0,2018
3579,0,201,4030,500,935,0,0,0,0,0,0,0,0,0,0,71.85000610351562,-1,0,0,0,-43.25,0,0,0,0,0,0,2018
3580,0,202,4030,500,935,0,0,0,0,0,0,0,0,0,0,71.85000610351562,-1,0,0,0,-43.25,0,0,0,0,0,0,2018
3581,0,203,4030,500,935,0,0,0,0,0,0,0,0,0,0,71.85000610351562,-1,0,0,0,-43.25,0,0,0,0,0,0,2018
3582,0,204,4030,500,935,0,0,0,0,0,0,0,0,0,0,71.85000610351562,-1,0,0,0,-43.25,0,0,0,0,0,0,2018
3583,0,205,4030,500,935,0,0,0,0,0,0,0,0,0,0,71.85000610351562,-1,0,0,0,-43.25,0,0,0,0,0,0,2018
3584,0,206,4030,500,935,0,0,0,0,0,0,0,0,0,0,71.85000610351562,-1,0,0,0,-43.25,0,0,0,0,0,0,2018
3585,0,207,4030,500,935,0,0,0,0,0,0,0,0,0,0,71.85000610351562,-1,0,0,0,-43.25,0,0,0,0,0,0,2018
3586,0,208,4030,500,935,0,0,0,0,0,0,0,0,0,0,71.85000610351562,-1,0,0,0,-43.25,0,0,0,0,0,0,2018
3587,0,209,4030,500,935,0,0,0,0,0,0,0,0,0,0,71.85000610351562,-1,0,0,0,-43.25,0,0,0,0,0,0,2018
3588,0,210,4030,500,935,0,0,0,0,0,0,0,0,0,0,71.85000610351562,-1,0,0,0,-43.25,0,0,0,0,0,0,2018
3589,0,211,4030,500,935,0,0,0,0,0,0,0,0,0,0,71.85000610351562,-1,0,0,0,-43.25,0,0,0,0,0,0,2018
3590,0,212,4030,500,935,0,0,0,0,0,0,0,0,0,0,71.85000610351562,-1,0,0,0,-43.25,0,0,0,0,0,0,2018
3591,0,213,4030,500,935,0,0,0,0,0,0,0,0,0,0,71.85000610351562,-1,0,0,0,-43.25,0,0,0,0,0,0,2018
3592,0,214,4030,500,935,0,0,0,0,0,0,0,0,0,0,71.85000610351562,-1,0,0,0,-43.25,0,0,0,0,0,0,2018
3593,0,215,4030,500,935,0,0,0,0,0,0,0,0,0,0,71.85000610351562,-1,0,0,0,-43.25,0,0,0,0,0,0,2018
3594,0,216,4030,500,935,0,0,0,0,0,0,0,0,0,0,71.85000610351562,-1,0,0,0,-43.25,0,0,0,0,0,0,2018
3595,0,217,4030,500,935,0,0,0,0,0,0,0,0,0,0,71.85000610351562,-1,0,0,0,-43.25,0,0,0,0,0,0,2018
3596,0,218,4030,500,935,0,0,0,0,0,0,0,0,0,0,71.85000610351562,-1,0,0,0,-43.25,0,0,0,0,0,0,2018
3597,0,219,4030,500,935,0,0,0,0,0,0,0,0,0,0,71.85000610351562,-1,0,0,0,-43.25,0,0,0,0,0,0,2018
3598,0,220,4030,500,935,0,0,0,0,0,0,0,0,0,0,71.85000610351562,-1,0,0,0,-43.25,0,0,0,0,0,0,2018
3599,0,221,4030,500,935,0,0,0,0,0,0,0,0,0,0,71.85000610351562,-1,0,0,0,-43.25,0,0,0,0,0,0,2018
3600,0,222,4030,500,935,0,0,0,0,0,0,0,0,0,0,71.85000610351562,-1,0,0,0,-43.25,0,0,0,0,0,0,2018
3601,0,223,4030,500,935,0,0,0,0,0,0,0,0,0,0,71.85000610351562,-1,0,0,0,-43.25,0,0,0,0,0,0,2018
3602,0,224,4030,500,935,0,0,0,0,0,0,0,0,0,0,71.85000610351562,-1,0,0,0,-43.25,0,0,0,0,0,0,2018
3603,0,225,4030,500,935,0,0,0,0,0,0,0,0,0,0,71.85000610351562,-1,0,0,0,-43.25,0,0,0,0,0,0,2018
3604,0,226,4030,500,935,0,0,0,0,0,0,0,0,0,0,71.85000610351562,-1,0,0,0,-43.25,0,0,0,0,0,0,2018
3605,0,227,4030,500,935,0,0,0,0,0,0,0,0,0,0,71.85000610351562,-1,0,0,0,-43.25,0,0,0,0,0,0,2018
3606,0,228,4030,500,935,0,0,0,0,0,0,0,0,0,0,71.85000610351562,-1,0,0,0,-43.25,0,0,0,0,0,0,2018
3607,0,229,4030,500,935,0,0,0,0,0,0,0,0,0,0,71.85000610351562,-1,0,0,0,-43.25,0,0,0,0,0,0,2018
3608,0,230,4030,500,935,0,0,0,0,0,0,0,0,0,0,71.85000610351562,-1,0,0,0,-43.25,0,0,0,0,0,0,2018
3609,0,231,4030,500,935,0,0,0,0,0,0,0,0,0,0,71.85000610351562,-1,0,0,0,-43.25,0,0,0,0,0,0,2018
3610,0,1,3000,500,1000,0,0,0,0,0,0,0,0,0,0,68.25,-1,0,0,0,-43.25,0,0,0,0,0,0,1000
3611,0,2,3000,500,1000,0,0,0,0,0,0,0,0,0,0,68.25,-1,0,0,0,-43.25,0,0,0,0,0,0,1000
3612,0,3,3000,500,1000,0,0,0,0,0,0,0,0,0,0,68.25,-1,0,0,0,-43.25,0,0,0,0,0,0,1000
3613,0,4,3000,500,1000,0,0,0,0,0,0,0,0,0,0,68.25,-1,0,0,0,-43.25,0,0,0,0,0,0,1000
3614,0,5,3000,500,1000,0,0,0,0,0,0,0,0,0,0,68.25,-1,0,0,0,-43.25,0,0,0,0,0,0,1000
3615,0,6,3000,500,1000,0,0,0,0,0,0,0,0,0,0,68.25,-1,0,0,0,-43.25,0,0,0,0,0,0,1000
3616,0,7,3000,500,1000,0,0,0,0,0,0,0,0,0,0,68.25,-1,0,0,0,-43.25,0,0,0,0,0,0,1000
3617,0,8,3000,500,1000,0,0,0,0,0,0,0,0,0,0,68.25,-1,0,0,0,-43.25,0,0,0,0,0,0,1000
3618,0,9,3000,500,1000,0,0,0,0,0,0,0,0,0,0,68.25,-1,0,0,0,-43.25,0,0,0,0,0,0,1000
3619,10,1,3000,500,1000,0,0,0,0,0,0,0,0,0,0,68.25,-1,0,0,0,-43.25,0,0,0,0,0,0,1000
3620,10,2,3000,500,1000,0,0,0,0,0,0,0,0,0,0,68.25,-1,0,0,0,-43.25,0,0,0,0,0,0,1000
3621,10,3,3000,500,1000,0,0,0,0,0,0,0,0,0,0,68.25,-1,0,0,0,-43.25,0,0,0,0,0,0,1000
3622,10,4,3000,500,1000,0,0,0,0,0,0,0,0,0,0,68.25,-1,0,0,0,-43.25,0,0,0,0,0,0,1000
3623,10,5,3000,500,1000,0,0,0,0,0,0,0,0,0,0,68.25,-1,0,0,0,-43.25,0,0,0,0,0,0,1000
3624,10,6,3000,500,1000,0,0,0,0,0,0,0,0,0,0,68.25,-1,0,0,0,-43.25,0,0,0,0,0,0,1000
3625,1040,1,3000,500,1000,0,0,240,0,0,0,0,0,0,0,68.25,-1,0,0,0,-43.25,0,0,0,0,0,0,1000
3626,1040,2,3000,500,1000,0,0,239,0,0,0,0,0,0,0,68.25,-1,0,0,0,-43.25,0,0,0,0,0,0,1000
3627,1040,3,3000,500,1000,0,0,238,0,0,0,0,0,0,0,68.25,-1,0,0,0,-43.25,0,0,0,0,0,0,1000
3628,1040,4,3000,500,1000,0,0,237,0,0,0,0,0,0,0,68.25,-1,0,0,0,-43.25,0,0,0,0,0,0,1000
3629,1040,5,3000,500,1000,0,0,236,0,0,0,0,0,0,0,68.25,-1,0,0,0,-43.25,0,0,0,0,0,0,1000
3630,1040,6,3000,500,1000,0,0,235,0,0,0,0,0,0,0,68.25,-1,0,0,0,-43.25,0,0,0,0,0,0,1000
3631,1040,7,3000,500,1000,0,0,234,0,0,0,0,0,0,0,68.25,-1,0,0,0,-43.25,0,0,0,0,0,0,1000
3632,1040,8,3000,500,1000,0,0,233,0,0,0,0,0,0,0,68.25,-1,0,0,0,-43.25,0,0,0,0,0,0,1000
3633,1040,9,3000,500,1000,0,0,232,0,0,0,0,0,0,0,68.25,-1,0,0,0,-43.25,0,0,0,0,0,0,1000
3634,1040,10,3000,500,1000,0,0,231,0,0,0,0,0,0,0,68.25,-1,0,0,0,-43.25,0,0,0,0,0,0,1000
3635,1040,11,3000,500,1000,0,0,230,0,0,0,0,0,0,0,68.25,-1,0,0,0,-43.25,0,0,0,0,0,0,1000
3636,1040,12,3000,500,1000,0,0,229,0,0,0,0,0,0,0,68.25,-1,0,0,0,-43.25,0,0,0,0,0,0,1000
3637,1040,13,3000,500,1000,0,0,228,0,0,0,0,0,0,0,68.25,-1,0,0,0,-43.25,0,0,0,0,0,0,1000
3638,1040,14,3000,500,1000,0,0,227,0,0,0,0,0,0,0,68.25,-1,0,0,0,-43.25,0,0,0,0,0,0,1000
3639,1040,15,3000,500,1000,0,0,226,0,0,0,0,0,0,0,68.25,-1,0,0,0,-43.25,0,0,0,0,0,0,1000
3640,1040,16,3000,500,1000,0,0,225,0,0,0,0,0,0,0,68.25,-1,0,0,0,-43.25,0,0,0,0,0,0,1000
3641,1040,17,3000,500,1000,0,0,224,0,0,0,0,0,0,0,68.25,-1,0,0,0,-43.25,0,0,0,0,0,0,1000
3642,1040,18,3000,500,1000,0,0,223,0,0,0,0,0,0,0,68.25,-1,0,0,0,-43.25,0,0,0,0,0,0,1000
3643,1040,19,3000,500,1000,0,0,222,0,0,0,0,0,0,0,68.25,-1,0,0,0,-43.25,0,0,0,0,0,0,1000
3644,1040,20,3000,500,1000,0,0,221,0,0,0,0,0,0,0,68.25,-1,0,0,0,-43.25,0,0,0,0,0,0,1000
3645,1040,21,3000,500,1000,0,0,220,0,0,0,0,0,0,0,68.25,-1,0,0,0,-43.25,0,0,0,0,0,0,1000
3646,1040,22,3000,500,1000,0,0,219,0,0,0,0,0,0,0,68.25,-1,0,0,0,-43.25,0,0,0,0,0,0,1000
3647,1040,23,3000,500,1000,0,0,218,0,0,0,0,0,0,0,68.25,-1,0,0,0,-43.25,0,0,0,0,0,0,1000
3648,1040,24,3000,500,1000,0,0,217,0,0,0,0,0,0,0,68.25,-1,0,0,0,-43.25,0,0,0,0,0,0,1000
3649,1040,25,3000,500,1000,0,0,216,0,0,0,0,0,0,0,68.25,-1,0,0,0,-43.25,0,0,0,0,0,0,1000
3650,1040,26,3000,500,1000,0,0,215,0,0,0,0,0,0,0,68.25,-1,0,0,0,-43.25,0,0,0,0,0,0,1000
3651,1040,27,3000,500,1000,0,0,214,0,0,0,0,0,0,0,68.25,-1,0,0,0,-43.25,0,0,0,0,0,0,1000
3652,1040,28,3000,500,1000,0,0,213,0,0,0,0,0,0,0,68.25,-1,0,0,0,-43.25,0,0,0,0,0,0,1000
3653,1040,29,3180,500,1000,0,0,212,0,0,0,0,0,0,0,68.25,-1,0,0,0,-43.25,0,0,1,0,0,0,1000
3654,1040,30,3180,500,1000,0,0,211,0,0,0,0,0,0,0,68.25,-1,0,0,0,-43.25,0,0,1,0,0,0,1000
3655,1040,31,3180,500,1000,0,0,210,0,0,0,0,0,0,0,68.25,-1,0,0,0,-43.25,0,0,1,0,0,0,1000
3656,1040,32,3180,500,1000,0,0,209,0,0,0,0,0,0,0,68.25,-1,0,0,0,-43.25,0,0,1,0,0,0,1000
3657,1040,33,3180,500,1000,0,0,208,0,0,0,0,0,0,0,68.25,-1,0,0,0,-43.25,0,0,1,0,0,0,1000
3658,1040,34,3180,500,1000,0,0,207,0,0,0,0,0,0,0,68.25,-1,0,0,0,-43.25,0,0,1,0,0,0,1000
3659,1040,35,3180,500,1000,0,0,206,0,0,0,0,0,0,0,68.25,-1,0,0,0,-43.25,0,0,1,0,0,0,1000
3660,1040,36,3180,500,1000,0,0,205,0,0,0,0,0,0,0,68.25,-1,0,0,0,-43.25,0,0,1,0,0,0,1000
3661,1040,37,3180,500,1000,0,0,204,0,0,0,0,0,0,0,68.25,-1,0,0,0,-43.25,0,0,1,0,0,0,1000
3662,1040,38,3180,500,1000,0,0,203,0,0,0,0,0,0,0,68.25,-1,0,0,0,-43.25,0,0,1,0,0,0,1000
3663,1040,39,3180,500,1000,0,0,202,0,0,0,0,0,0,0,68.25,-1,0,0,0,-43.25,0,0,1,0,0,0,1000
3664,1040,40,3180,500,1000,0,0,201,0,0,0,0,0,0,0,68.25,-1,0,0,0,-43.25,0,0,1,0,0,0,1000
3665,1040,41,3180,500,1000,0,0,200,0,0,0,0,0,0,0,68.25,-1,0,0,0,-43.25,0,0,1,0,0,0,1000
3666,1040,42,3180,500,1000,0,0,199,0,0,0,0,0,0,0,68.25,-1,0,0,0,-43.25,0,0,1,0,0,0,1000
3667,0,1,3180,500,1000,0,0,198,0,0,0,0,0,0,0,68.25,-1,0,0,0,-43.25,0,0,1,0,0,0,1000
3668,0,2,3180,500,1000,0,0,197,0,0,0,0,0,0,0,68.25,-1,0,0,0,-43.25,0,0,1,0,0,0,1000
3669,0,3,3180,500,1000,0,0,196,0,0,0,0,0,0,0,68.25,-1,0,0,0,-43.25,0,0,1,0,0,0,1000
3670,0,4,3180,500,1000,0,0,195,0,0,0,0,0,0,0,68.25,-1,0,0,0,-43.25,0,0,1,0,0,0,1000
3671,0,5,3180,500,1000,0,0,194,0,0,0,0,0,0,0,68.25,-1,0,0,0,-43.25,0,0,1,0,0,0,1000
3672,0,6,3180,500,1000,0,0,193,0,0,0,0,0,0,0,68.25,-1,0,0,0,-43.25,0,0,1,0,0,0,1000
3673,0,7,3180,500,1000,0,0,192,0,0,0,0,0,0,0,68.25,-1,0,0,0,-43.25,0,0,1,0,0,0,1000
3674,0,8,3180,500,1000,0,0,191,0,0,0,0,0,0,0,68.25,-1,0,0,0,-43.25,0,0,1,0,0,0,1000
3675,0,9,3180,500,1000,0,0,190,0,0,0,0,0,0,0,68.25,-1,0,0,0,-43.25,0,0,1,0,0,0,1000
3676,0,10,3180,500,1000,0,0,189,0,0,0,0,0,0,0,68.25,-1,0,0,0,-43.25,0,0,1,0,0,0,1000
3677,0,11,3180,500,1000,0,0,188,0,0,0,0,0,0,0,68.25,-1,0,0,0,-43.25,0,0,1,0,0,0,1000
3678,0,12,3180,500,1000,0,0,187,0,0,0,0,0,0,0,68.25,-1,0,0,0,-43.25,0,0,1,0,0,0,1000
3679,0,13,3180,500,1000,0,0,186,0,0,0,0,0,0,0,68.25,-1,0,0,0,-43.25,0,0,1,0,0,0,1000
3680,0,14,3180,500,1000,0,0,185,0,0,0,0,0,0,0,68.25,-1,0,0,0,-43.25,0,0,1,0,0,0,1000
3681,0,15,3180,500,1000,0,0,184,0,0,0,0,0,0,0,68.25,-1,0,0,0,-43.25,0,0,1,0,0,0,1000
3682,0,16,3180,500,1000,0,0,183,0,0,0,0,0,0,0,68.25,-1,0,0,0,-43.25,0,0,1,0,0,0,1000
3683,0,17,3180,500,1000,0,0,182,0,0,0,0,0,0,0,68.25,-1,0,0,0,-43.25,0,0,1,0,0,0,1000
3684,0,18,3180,500,1000,0,0,181,0,0,0,0,0,0,0,68.25,-1,0,0,0,-43.25,0,0,1,0,0,0,1000
3685,0,19,3180,500,1000,0,0,180,0,0,0,0,0,0,0,68.25,-1,0,0,0,-43.25,0,0,1,0,0,0,1000
3686,0,20,3180,500,1000,0,0,179,0,0,0,0,0,0,0,68.25,-1,0,0,0,-43.25,0,0,1,0,0,0,1000
3687,0,21,3180,500,1000,0,0,178,0,0,0,0,0,0,0,68.25,-1,0,0,0,-43.25,0,0,1,0,0,0,1000
3688,0,22,3180,500,1000,0,0,177,0,0,0,0,0,0,0,68.25,-1,0,0,0,-43.25,0,0,1,0,0,0,1000
3689,0,23,3180,500,1000,0,0,176,0,0,0,0,0,0,0,68.25,-1,0,0,0,-43.25,0,0,1,0,0,0,1000
3690,0,24,3180,500,1000,0,0,175,0,0,0,0,0,0,0,68.25,-1,0,0,0,-43.25,0,0,1,0,0,0,1000
3691,0,25,3180,500,1000,0,0,174,0,0,0,0,0,0,0,68.25,-1,0,0,0,-43.25,0,0,1,0,0,0,1000
3692,0,26,3180,500,1000,0,0,173,0,0,0,0,0,0,0,68.25,-1,0,0,0,-43.25,0,0,1,0,0,0,1000
3693,0,27,3180,500,1000,0,0,172,0,0,0,0,0,0,0,68.25,-1,0,0,0,-43.25,0,0,1,0,0,0,1000
3694,0,28,3180,500,1000,0,0,171,0,0,0,0,0,0,0,68.25,-1,0,0,0,-43.25,0,0,1,0,0,0,1000
3695,0,29,3180,500,1000,0,0,170,0,0,0,0,0,0,0,68.25,-1,0,0,0,-43.25,0,0,1,0,0,0,1000
3696,0,30,3180,500,1000,0,0,169,0,0,0,0,0,0,0,68.25,-1,0,0,0,-43.25,0,0,1,0,0,0,1000
3697,0,31,3180,500,1000,0,0,168,0,0,0,0,0,0,0,68.25,-1,0,0,0,-43.25,0,0,1,0,0,0,1000
3698,0,32,3180,500,1000,0,0,167,0,0,0,0,0,0,0,68.25,-1,0,0,0,-43.25,0,0,1,0,0,0,1000
3699,0,33,3180,500,1000,0,0,166,0,0,0,0,0,0,0,68.25,-1,0,0,0,-43.25,0,0,1,0,0,0,1000
3700,0,34,3180,500,1000,0,0,165,0,0,0,0,0,0,0,68.25,-1,0,0,0,-43.25,0,0,1,0,0,0,1000
3701,0,35,3180,500,1000,0,0,164,0,0,0,0,0,0,0,68.25,-1,0,0,0,-43.25,0,0,1,0,0,0,1000
3702,0,36,3180,500,1000,0,0,163,0,0,0,0,0,0,0,68.25,-1,0,0,0,-43.25,0,0,1,0,0,0,1000
3703,0,37,3180,500,1000,0,0,162,0,0,0,0,0,0,0,68.25,-1,0,0,0,-43.25,0,0,1,0,0,0,1000
3704,0,38,3180,500,1000,0,0,161,0,0,0,0,0,0,0,68.25,-1,0,0,0,-43.25,0,0,1,0,0,0,1000
3705,0,39,3180,500,1000,0,0,160,0,0,0,0,0,0,0,68.25,-1,0,0,0,-43.25,0,0,1,0,0,0,1000
3706,0,40,3180,500,1000,0,0,159,0,0,0,0,0,0,0,68.25,-1,0,0,0,-43.25,0,0,1,0,0,0,1000
3707,0,41,3180,500,1000,0,0,158,0,0,0,0,0,0,0,68.25,-1,0,0,0,-43.25,0,0,1,0,0,0,1000
3708,0,42,3180,500,1000,0,0,157,0,0,0,0,0,0,0,68.25,-1,0,0,0,-43.25,0,0,1,0,0,0,1000
3709,0,43,3180,500,1000,0,0,156,0,0,0,0,0,0,0,68.25,-1,0,0,0,-43.25,0,0,1,0,0,0,1000
3710,0,44,3180,500,1000,0,0,155,0,0,0,0,0,0,0,68.25,-1,0,0,0,-43.25,0,0,1,0,0,0,1000
3711,0,45,3180,500,1000,0,0,154,0,0,0,0,0,0,0,68.25,-1,0,0,0,-43.25,0,0,1,0,0,0,1000
3712,0,46,3180,500,1000,0,0,153,0,0,0,0,0,0,0,68.25,-1,0,0,0,-43.25,0,0,1,0,0,0,1000
3713,0,47,3180,500,1000,0,0,152,0,0,0,0,0,0,0,68.25,-1,0,0,0,-43.25,0,0,1,0,0,0,1000
3714,0,48,3180,500,1000,0,0,151,0,0,0,0,0,0,0,68.25,-1,0,0,0,-43.25,0,0,1,0,0,0,1000
3715,0,49,3180,500,1000,0,0,150,0,0,0,0,0,0,0,68.25,-1,0,0,0,-43.25,0,0,1,0,0,0,1000
3716,0,50,3180,500,1000,0,0,149,0,0,0,0,0,0,0,68.25,-1,0,0,0,-43.25,0,0,1,0,0,0,1000
3717,0,51,3180,500,1000,0,0,148,0,0,0,0,0,0,0,68.25,-1,0,0,0,-43.25,0,0,1,0,0,0,1000
3718,0,52,3180,500,1000,0,0,147,0,0,0,0,0,0,0,68.25,-1,0,0,0,-43.25,0,0,1,0,0,0,1000
3719,0,53,3180,500,1000,0,0,146,0,0,0,0,0,0,0,68.25,-1,0,0,0,-43.25,0,0,1,0,0,0,1000
3720,0,54,3180,500,1000,0,0,145,0,0,0,0,0,0,0,68.25,-1,0,0,0,-43.25,0,0,1,0,0,0,1000
3721,0,55,3180,500,1000,0,0,144,0,0,0,0,0,0,0,68.25,-1,0,0,0,-43.25,0,0,1,0,0,0,1000
3722,0,56,3180,500,1000,0,0,143,0,0,0,0,0,0,0,68.25,-1,0,0,0,-43.25,0,0,1,0,0,0,1000
3723,0,57,3180,500,1000,0,0,142,0,0,0,0,0,0,0,68.25,-1,0,0,0,-43.25,0,0,1,0,0,0,1000
3724,0,58,3180,500,1000,0,0,141,0,0,0,0,0,0,0,68.25,-1,0,0,0,-43.25,0,0,1,0,0,0,1000
3725,0,59,3180,500,1000,0,0,140,0,0,0,0,0,0,0,68.25,-1,0,0,0,-43.25,0,0,1,0,0,0,1000
3726,0,60,3180,500,1000,0,0,139,0,0,0,0,0,0,0,68.25,-1,0,0,0,-43.25,0,0,1,0,0,0,1000
3727,0,61,3180,500,1000,0,0,138,0,0,0,0,0,0,0,68.25,-1,0,0,0,-43.25,0,0,1,0,0,0,1000
3728,0,62,3180,500,1000,0,0,137,0,0,0,0,0,0,0,68.25,-1,0,0,0,-43.25,0,0,1,0,0,0,1000
3729,0,63,3180,500,1000,0,0,136,0,0,0,0,0,0,0,68.25,-1,0,0,0,-43.25,0,0,1,0,0,0,1000
3730,0,64,3180,500,1000,0,0,135,0,0,0,0,0,0,0,68.25,-1,0,0,0,-43.25,0,0,1,0,0,0,1000
3731,0,65,3180,500,1000,0,0,134,0,0,0,0,0,0,0,68.25,-1,0,0,0,-43.25,0,0,1,0,0,0,1000
3732,0,66,3180,500,1000,0,0,133,0,0,0,0,0,0,0,68.25,-1,0,0,0,-43.25,0,0,1,0,0,0,1000
3733,0,67,3180,500,1000,0,0,132,0,0,0,0,0,0,0,68.25,-1,0,0,0,-43.25,0,0,1,0,0,0,1000
3734,0,68,3180,500,1000,0,0,131,0,0,0,0,0,0,0,68.25,-1,0,0,0,-43.25,0,0,1,0,0,0,1000
3735,0,69,3180,500,1000,0,0,130,0,0,0,0,0,0,0,68.25,-1,0,0,0,-43.25,0,0,1,0,0,0,1000
3736,0,70,3180,500,1000,0,0,129,0,0,0,0,0,0,0,68.25,-1,0,0,0,-43.25,0,0,1,0,0,0,1000
3737,0,71,3180,500,1000,0,0,128,0,0,0,0,0,0,0,68.25,-1,0,0,0,-43.25,0,0,1,0,0,0,1000
3738,0,72,3180,500,1000,0,0,127,0,0,0,0,0,0,0,68.25,-1,0,0,0,-43.25,0,0,1,0,0,0,1000
3739,0,73,3180,500,1000,0,0,126,0,0,0,0,0,0,0,68.25,-1,0,0,0,-43.25,0,0,1,0,0,0,1000
3740,0,74,3180,500,1000,0,0,125,0,0,0,0,0,0,0,68.25,-1,0,0,0,-43.25,0,0,1,0,0,0,1000
3741,0,75,3180,500,1000,0,0,124,0,0,0,0,0,0,0,68.25,-1,0,0,0,-43.25,0,0,1,0,0,0,1000
3742,0,76,3180,500,1000,0,0,123,0,0,0,0,0,0,0,68.25,-1,0,0,0,-43.25,0,0,1,0,0,0,1000
3743,0,77,3180,500,1000,0,0,122,0,0,0,0,0,0,0,68.25,-1,0,0,0,-43.25,0,0,1,0,0,0,1000
3744,0,78,3180,500,1000,0,0,121,0,0,0,0,0,0,0,68.25,-1,0,0,0,-43.25,0,0,1,0,0,0,1000
3745,0,79,3180,500,1000,0,0,120,0,0,0,0,0,0,0,68.25,-1,0,0,0,-43.25,0,0,1,0,0,0,1000
3746,0,80,3180,500,1000,0,0,119,0,0,0,0,0,0,0,68.25,-1,0,0,0,-43.25,0,0,1,0,0,0,1000
3747,0,81,3180,500,1000,0,0,118,0,0,0,0,0,0,0,68.25,-1,0,0,0,-43.25,0,0,1,0,0,0,1000
3748,0,82,3180,500,1000,0,0,117,0,0,0,0,0,0,0,68.25,-1,0,0,0,-43.25,0,0,1,0,0,0,1000
3749,0,83,3180,500,1000,0,0,116,0,0,0,0,0,0,0,68.25,-1,0,0,0,-43.25,0,0,1,0,0,0,1000
3750,0,84,3180,500,1000,0,0,115,0,0,0,0,0,0,0,68.25,-1,0,0,0,-43.25,0,0,1,0,0,0,1000
3751,0,85,3180,500,1000,0,0,114,0,0,0,0,0,0,0,68.25,-1,0,0,0,-43.25,0,0,1,0,0,0,1000
3752,0,86,3180,500,1000,0,0,113,0,0,0,0,0,0,0,68.25,-1,0,0,0,-43.25,0,0,1,0,0,0,1000
3753,0,87,3180,500,1000,0,0,112,0,0,0,0,0,0,0,68.25,-1,0,0,0,-43.25,0,0,1,0,0,0,1000
3754,0,88,3180,500,1000,0,0,111,0,0,0,0,0,0,0,68.25,-1,0,0,0,-43.25,0,0,1,0,0,0,1000
3755,0,89,3180,500,1000,0,0,110,0,0,0,0,0,0,0,68.25,-1,0,0,0,-43.25,0,0,1,0,0,0,1000
3756,0,90,3180,500,1000,0,0,109,0,0,0,0,0,0,0,68.25,-1,0,0,0,-43.25,0,0,1,0,0,0,1000
3757,0,91,3180,500,1000,0,0,108,0,0,0,0,0,0,0,68.25,-1,0,0,0,-43.25,0,0,1,0,0,0,1000
3758,0,92,3180,500,1000,0,0,107,0,0,0,0,0,0,0,68.25,-1,0,0,0,-43.25,0,0,1,0,0,0,1000
3759,0,93,3180,500,1000,0,0,106,0,0,0,0,0,0,0,68.25,-1,0,0,0,-43.25,0,0,1,0,0,0,1000
3760,0,94,3180,500,1000,0,0,105,0,0,0,0,0,0,0,68.25,-1,0,0,0,-43.25,0,0,1,0,0,0,1000
3761,0,95,3180,500,1000,0,0,104,0,0,0,0,0,0,0,68.25,-1,0,0,0,-43.25,0,0,1,0,0,0,1000
3762,0,96,3180,500,1000,0,0,103,0,0,0,0,0,0,0,68.25,-1,0,0,0,-43.25,0,0,1,0,0,0,1000
3763,0,97,3180,500,1000,0,0,102,0,0,0,0,0,0,0,68.25,-1,0,0,0,-43.25,0,0,1,0,0,0,1000
3764,0,98,3180,500,1000,0,0,101,0,0,0,0,0,0,0,68.25,-1,0,0,0,-43.25,0,0,1,0,0,0,1000
3765,0,99,3180,500,1000,0,0,100,0,0,0,0,0,0,0,68.25,-1,0,0,0,-43.25,0,0,1,0,0,0,1000
3766,0,100,3180,500,1000,0,0,99,0,0,0,0,0,0,0,68.25,-1,0,0,0,-43.25,0,0,1,0,0,0,1000
3767,0,101,3180,500,1000,0,0,98,0,0,0,0,0,0,0,68.25,-1,0,0,0,-43.25,0,0,1,0,0,0,1000
3768,0,102,3180,500,1000,0,0,97,0,0,0,0,0,0,0,68.25,-1,0,0,0,-43.25,0,0,1,0,0,0,1000
3769,0,103,3180,500,1000,0,0,96,0,0,0,0,0,0,0,68.25,-1,0,0,0,-43.25,0,0,1,0,0,0,1000
3770,0,104,3180,500,1000,0,0,95,0,0,0,0,0,0,0,68.25,-1,0,0,0,-43.25,0,0,1,0,0,0,1000
3771,0,105,3180,500,1000,0,0,94,0,0,0,0,0,0,0,68.25,-1,0,0,0,-43.25,0,0,1,0,0,0,1000
3772,0,106,3180,500,1000,0,0,93,0,0,0,0,0,0,0,68.25,-1,0,0,0,-43.25,0,0,1,0,0,0,1000
3773,0,107,3180,500,1000,0,0,92,0,0,0,0,0,0,0,68.25,-1,0,0,0,-43.25,0,0,1,0,0,0,1000
3774,0,108,3180,500,1000,0,0,91,0,0,0,0,0,0,0,68.25,-1,0,0,0,-43.25,0,0,1,0,0,0,1000
3775,0,109,3180,500,1000,0,0,90,0,0,0,0,0,0,0,68.25,-1,0,0,0,-43.25,0,0,1,0,0,0,1000
3776,0,110,3180,500,1000,0,0,89,0,0,0,0,0,0,0,68.25,-1,0,0,0,-43.25,0,0,1,0,0,0,1000
3777,0,111,3180,500,1000,0,0,88,0,0,0,0,0,0,0,68.25,-1,0,0,0,-43.25,0,0,1,0,0,0,1000
3778,0,112,3180,500,1000,0,0,87,0,0,0,0,0,0,0,68.25,-1,0,0,0,-43.25,0,0,1,0,0,0,1000
3779,0,113,3180,500,1000,0,0,86,0,0,0,0,0,0,0,68.25,-1,0,0,0,-43.25,0,0,1,0,0,0,1000
3780,0,114,3180,500,1000,0,0,85,0,0,0,0,0,0,0,68.25,-1,0,0,0,-43.25,0,0,1,0,0,0,1000
3781,0,115,3180,500,1000,0,0,84,0,0,0,0,0,0,0,68.25,-1,0,0,0,-43.25,0,0,1,0,0,0,1000
3782,0,116,3180,500,1000,0,0,83,0,0,0,0,0,0,0,68.25,-1,0,0,0,-43.25,0,0,1,0,0,0,1000
3783,0,117,3180,500,1000,0,0,82,0,0,0,0,0,0,0,68.25,-1,0,0,0,-43.25,0,0,1,0,0,0,1000
3784,0,118,3180,500,1000,0,0,81,0,0,0,0,0,0,0,68.25,-1,0,0,0,-43.25,0,0,1,0,0,0,1000
3785,0,119,3180,500,1000,0,0,80,0,0,0,0,0,0,0,68.25,-1,0,0,0,-43.25,0,0,1,0,0,0,1000
3786,0,120,3180,500,1000,0,0,79,0,0,0,0,0,0,0,68.25,-1,0,0,0,-43.25,0,0,1,0,0,0,1000
3787,0,121,3180,500,1000,0,0,78,0,0,0,0,0,0,0,68.25,-1,0,0,0,-43.25,0,0,1,0,0,0,1000
3788,0,122,3180,500,1000,0,0,77,0,0,0,0,0,0,0,68.25,-1,0,0,0,-43.25,0,0,1,0,0,0,1000
3789,0,123,3180,500,1000,0,0,76,0,0,0,0,0,0,0,68.25,-1,0,0,0,-43.25,0,0,1,0,0,0,1000
3790,0,124,3180,500,1000,0,0,75,0,0,0,0,0,0,0,68.25,-1,0,0,0,-43.25,0,0,1,0,0,0,1000
3791,0,125,3180,500,1000,0,0,74,0,0,0,0,0,0,0,68.25,-1,0,0,0,-43.25,0,0,1,0,0,0,1000
3792,0,126,3180,500,1000,0,0,73,0,0,0,0,0,0,0,68.25,-1,0,0,0,-43.25,0,0,1,0,0,0,1000
3793,0,127,3180,500,1000,0,0,72,0,0,0,0,0,0,0,68.25,-1,0,0,0,-43.25,0,0,1,0,0,0,1000
3794,0,128,3180,500,1000,0,0,71,0,0,0,0,0,0,0,68.25,-1,0,0,0,-43.25,0,0,1,0,0,0,1000
3795,0,129,3180,500,1000,0,0,70,0,0,0,0,0,0,0,68.25,-1,0,0,0,-43.25,0,0,1,0,0,0,1000
3796,0,130,3180,500,1000,0,0,69,0,0,0,0,0,0,0,68.25,-1,0,0,0,-43.25,0,0,1,0,0,0,1000
3797,0,131,3180,500,1000,0,0,68,0,0,0,0,0,0,0,68.25,-1,0,0,0,-43.25,0,0,1,0,0,0,1000
3798,0,132,3180,500,1000,0,0,67,0,0,0,0,0,0,0,68.25,-1,0,0,0,-43.25,0,0,1,0,0,0,1000
3799,0,133,3180,500,1000,0,0,66,0,0,0,0,0,0,0,68.25,-1,0,0,0,-43.25,0,0,1,0,0,0,1000
3800,0,134,3180,500,1000,0,0,65,0,0,0,0,0,0,0,68.25,-1,0,0,0,-43.25,0,0,1,0,0,0,1000
3801,0,135,3180,500,1000,0,0,64,0,0,0,0,0,0,0,68.25,-1,0,0,0,-43.25,0,0,1,0,0,0,1000
3802,0,136,3180,500,1000,0,0,63,0,0,0,0,0,0,0,68.25,-1,0,0,0,-43.25,0,0,1,0,0,0,1000
3803,0,137,3180,500,1000,0,0,62,0,0,0,0,0,0,0,68.25,-1,0,0,0,-43.25,0,0,1,0,0,0,1000
3804,0,138,3180,500,1000,0,0,61,0,0,0,0,0,0,0,68.25,-1,0,0,0,-43.25,0,0,1,0,0,0,1000
3805,0,139,3180,500,1000,0,0,60,0,0,0,0,0,0,0,68.25,-1,0,0,0,-43.25,0,0,1,0,0,0,1000
3806,0,140,3180,500,1000,0,0,59,0,0,0,0,0,0,0,68.25,-1,0,0,0,-43.25,0,0,1,0,0,0,1000
3807,0,141,3180,500,1000,0,0,58,0,0,0,0,0,0,0,68.25,-1,0,0,0,-43.25,0,0,1,0,0,0,1000
3808,0,142,3180,500,1000,0,0,57,0,0,0,0,0,0,0,68.25,-1,0,0,0,-43.25,0,0,1,0,0,0,1000
3809,0,143,3180,500,1000,0,0,56,0,0,0,0,0,0,0,68.25,-1,0,0,0,-43.25,0,0,1,0,0,0,1000
3810,0,144,3180,500,1000,0,0,55,0,0,0,0,0,0,0,68.25,-1,0,0,0,-43.25,0,0,1,0,0,0,1000
3811,0,145,3180,500,1000,0,0,54,0,0,0,0,0,0,0,68.25,-1,0,0,0,-43.25,0,0,1,0,0,0,1000
3812,0,146,3180,500,1000,0,0,53,0,0,0,0,0,0,0,68.25,-1,0,0,0,-43.25,0,0,1,0,0,0,1000
3813,0,147,3180,500,1000,0,0,52,0,0,0,0,0,0,0,68.25,-1,0,0,0,-43.25,0,0,1,0,0,0,1000
3814,0,148,3180,500,1000,0,0,51,0,0,0,0,0,0,0,68.25,-1,0,0,0,-43.25,0,0,1,0,0,0,1000
3815,0,149,3180,500,1000,0,0,50,0,0,0,0,0,0,0,68.25,-1,0,0,0,-43.25,0,0,1,0,0,0,1000
3816,0,150,3180,500,1000,0,0,49,0,0,0,0,0,0,0,68.25,-1,0,0,0,-43.25,0,0,1,0,0,0,1000
3817,0,151,3180,500,1000,0,0,48,0,0,0,0,0,0,0,68.25,-1,0,0,0,-43.25,0,0,1,0,0,0,1000
3818,0,152,3180,500,1000,0,0,47,0,0,0,0,0,0,0,68.25,-1,0,0,0,-43.25,0,0,1,0,0,0,1000
3819,0,153,3180,500,1000,0,0,46,0,0,0,0,0,0,0,68.25,-1,0,0,0,-43.25,0,0,1,0,0,0,1000
3820,0,154,3180,500,1000,0,0,45,0,0,0,0,0,0,0,68.25,-1,0,0,0,-43.25,0,0,1,0,0,0,1000
3821,0,155,3180,500,1000,0,0,44,0,0,0,0,0,0,0,68.25,-1,0,0,0,-43.25,0,0,1,0,0,0,1000
3822,0,156,3180,500,1000,0,0,43,0,0,0,0,0,0,0,68.25,-1,0,0,0,-43.25,0,0,1,0,0,0,1000
3823,0,157,3180,500,1000,0,0,42,0,0,0,0,0,0,0,68.25,-1,0,0,0,-43.25,0,0,1,0,0,0,1000
3824,0,158,3180,500,1000,0,0,41,0,0,0,0,0,0,0,68.25,-1,0,0,0,-43.25,0,0,1,0,0,0,1000
3825,0,159,3180,500,1000,0,0,40,0,0,0,0,0,0,0,68.25,-1,0,0,0,-43.25,0,0,1,0,0,0,1000
3826,0,160,3180,500,1000,0,0,39,0,0,0,0,0,0,0,68.25,-1,0,0,0,-43.25,0,0,1,0,0,0,1000
3827,0,161,3180,500,1000,0,0,38,0,0,0,0,0,0,0,68.25,-1,0,0,0,-43.25,0,0,1,0,0,0,1000
3828,0,162,3180,500,1000,0,0,37,0,0,0,0,0,0,0,68.25,-1,0,0,0,-43.25,0,0,1,0,0,0,1000
3829,0,163,3180,500,1000,0,0,36,0,0,0,0,0,0,0,68.25,-1,0,0,0,-43.25,0,0,1,0,0,0,1000
3830,0,164,3180,500,1000,0,0,35,0,0,0,0,0,0,0,68.25,-1,0,0,0,-43.25,0,0,1,0,0,0,1000
3831,0,165,3180,500,1000,0,0,34,0,0,0,0,0,0,0,68.25,-1,0,0,0,-43.25,0,0,1,0,0,0,1000
3832,0,166,3180,500,1000,0,0,33,0,0,0,0,0,0,0,68.25,-1,0,0,0,-43.25,0,0,1,0,0,0,1000
3833,0,167,3180,500,1000,0,0,32,0,0,0,0,0,0,0,68.25,-1,0,0,0,-43.25,0,0,1,0,0,0,1000
3834,0,168,3180,500,1000,0,0,31,0,0,0,0,0,0,0,68.25,-1,0,0,0,-43.25,0,0,1,0,0,0,1000
3835,0,169,3180,500,1000,0,0,30,0,0,0,0,0,0,0,68.25,-1,0,0,0,-43.25,0,0,1,0,0,0,1000
3836,0,170,3180,500,1000,0,0,29,0,0,0,0,0,0,0,68.25,-1,0,0,0,-43.25,0,0,1,0,0,0,1000
3837,0,171,3180,500,1000,0,0,28,0,0,0,0,0,0,0,68.25,-1,0,0,0,-43.25,0,0,1,0,0,0,1000
3838,0,172,3180,500,1000,0,0,27,0,0,0,0,0,0,0,68.25,-1,0,0,0,-43.25,0,0,1,0,0,0,1000
3839,0,173,3180,500,1000,0,0,26,0,0,0,0,0,0,0,68.25,-1,0,0,0,-43.25,0,0,1,0,0,0,1000
3840,0,174,3180,500,1000,0,0,25,0,0,0,0,0,0,0,68.25,-1,0,0,0,-43.25,0,0,1,0,0,0,1000
3841,0,175,3180,500,1000,0,0,24,0,0,0,0,0,0,0,68.25,-1,0,0,0,-43.25,0,0,1,0,0,0,1000
3842,0,176,3180,500,1000,0,0,23,0,0,0,0,0,0,0,68.25,-1,0,0,0,-43.25,0,0,1,0,0,0,1000
3843,0,177,3180,500,1000,0,0,22,0,0,0,0,0,0,0,68.25,-1,0,0,0,-43.25,0,0,1,0,0,0,1000
3844,0,178,3180,500,1000,0,0,21,0,0,0,0,0,0,0,68.25,-1,0,0,0,-43.25,0,0,1,0,0,0,1000
3845,0,179,3180,500,1000,0,0,20,0,0,0,0,0,0,0,68.25,-1,0,0,0,-43.25,0,0,1,0,0,0,1000
3846,0,180,3180,500,1000,0,0,19,0,0,0,0,0,0,0,68.25,-1,0,0,0,-43.25,0,0,1,0,0,0,1000
3847,0,181,3180,500,1000,0,0,18,0,0,0,0,0,0,0,68.25,-1,0,0,0,-43.25,0,0,1,0,0,0,1000
3848,0,182,3180,500,1000,0,0,17,0,0,0,0,0,0,0,68.25,-1,0,0,0,-43.25,0,0,1,0,0,0,1000
3849,0,183,3180,500,1000,0,0,16,0,0,0,0,0,0,0,68.25,-1,0,0,0,-43.25,0,0,1,0,0,0,1000
3850,0,184,3180,500,1000,0,0,15,0,0,0,0,0,0,0,68.25,-1,0,0,0,-43.25,0,0,1,0,0,0,1000
3851,0,185,3180,500,1000,0,0,14,0,0,0,0,0,0,0,68.25,-1,0,0,0,-43.25,0,0,1,0,0,0,1000
3852,0,186,3180,500,1000,0,0,13,0,0,0,0,0,0,0,68.25,-1,0,0,0,-43.25,0,0,1,0,0,0,1000
3853,0,187,3180,500,1000,0,0,12,0,0,0,0,0,0,0,68.25,-1,0,0,0,-43.25,0,0,1,0,0,0,1000
3854,0,188,3180,500,1000,0,0,11,0,0,0,0,0,0,0,68.25,-1,0,0,0,-43.25,0,0,1,0,0,0,1000
3855,0,189,3180,500,1000,0,0,10,0,0,0,0,0,0,0,68.25,-1,0,0,0,-43.25,0,0,1,0,0,0,1000
3856,0,190,3180,500,1000,0,0,9,0,0,0,0,0,0,0,68.25,-1,0,0,0,-43.25,0,0,1,0,0,0,1000
3857,0,191,3180,500,1000,0,0,8,0,0,0,0,0,0,0,68.25,-1,0,0,0,-43.25,0,0,1,0,0,0,1000
3858,0,192,3180,500,1000,0,0,7,0,0,0,0,0,0,0,68.25,-1,0,0,0,-43.25,0,0,1,0,0,0,1000
3859,0,193,3180,500,1000,0,0,6,0,0,0,0,0,0,0,68.25,-1,0,0,0,-43.25,0,0,1,0,0,0,1000
3860,0,194,3180,500,1000,0,0,5,0,0,0,0,0,0,0,68.25,-1,0,0,0,-43.25,0,0,1,0,0,0,1000
3861,0,195,3180,500,1000,0,0,4,0,0,0,0,0,0,0,68.25,-1,0,0,0,-43.25,0,0,1,0,0,0,1000
3862,0,196,3180,500,1000,0,0,3,0,0,0,0,0,0,0,68.25,-1,0,0,0,-43.25,0,0,1,0,0,0,1000
3863,0,197,3180,500,1000,0,0,2,0,0,0,0,0,0,0,68.25,-1,0,0,0,-43.25,0,0,1,0,0,0,1000
3864,0,198,3180,500,1000,0,0,1,0,0,0,0,0,0,0,68.25,-1,0,0,0,-43.25,0,0,1,0,0,0,1000
3865,0,199,3180,500,1000,0,0,0,0,0,0,0,0,0,0,68.25,-1,0,0,0,-43.25,0,0,1,0,0,0,1000
3866,0,200,3180,500,1000,0,0,0,0,0,0,0,0,0,0,68.25,-1,0,0,0,-43.25,0,0,1,0,0,0,1000
3867,0,201,3180,500,1000,0,0,0,0,0,0,0,0,0,0,68.25,-1,0,0,0,-43.25,0,0,1,0,0,0,1000
3868,0,202,3180,500,1000,0,0,0,0,0,0,0,0,0,0,68.25,-1,0,0,0,-43.25,0,0,1,0,0,0,1000
3869,0,203,3180,500,1000,0,0,0,0,0,0,0,0,0,0,68.25,-1,0,0,0,-43.25,0,0,1,0,0,0,1000
3870,0,204,3180,500,1000,0,0,0,0,0,0,0,0,0,0,68.25,-1,0,0,0,-43.25,0,0,1,0,0,0,1000
3871,0,205,3180,500,1000,0,0,0,0,0,0,0,0,0,0,68.25,-1,0,0,0,-43.25,0,0,1,0,0,0,1000
3872,0,206,3180,500,1000,0,0,0,0,0,0,0,0,0,0,68.25,-1,0,0,0,-43.25,0,0,1,0,0,0,1000
3873,0,207,3180,500,1000,0,0,0,0,0,0,0,0,0,0,68.25,-1,0,0,0,-43.25,0,0,1,0,0,0,1000
3874,0,208,3180,500,1000,0,0,0,0,0,0,0,0,0,0,68.25,-1,0,0,0,-43.25,0,0,1,0,0,0,1000
3875,0,209,3180,500,1000,0,0,0,0,0,0,0,0,0,0,68.25,-1,0,0,0,-43.25,0,0,1,0,0,0,1000
3876,0,210,3180,500,1000,0,0,0,0,0,0,0,0,0,0,68.25,-1,0,0,0,-43.25,0,0,1,0,0,0,1000
3877,0,211,3180,500,1000,0,0,0,0,0,0,0,0,0,0,68.25,-1,0,0,0,-43.25,0,0,1,0,0,0,1000
3878,0,212,3180,500,1000,0,0,0,0,0,0,0,0,0,0,68.25,-1,0,0,0,-43.25,0,0,1,0,0,0,1000
3879,0,213,3180,500,1000,0,0,0,0,0,0,0,0,0,0,68.25,-1,0,0,0,-43.25,0,0,1,0,0,0,1000
3880,0,214,3180,500,1000,0,0,0,0,0,0,0,0,0,0,68.25,-1,0,0,0,-43.25,0,0,1,0,0,0,1000
3881,0,215,3180,500,1000,0,0,0,0,0,0,0,0,0,0,68.25,-1,0,0,0,-43.25,0,0,1,0,0,0,1000
3882,0,216,3180,500,1000,0,0,0,0,0,0,0,0,0,0,68.25,-1,0,0,0,-43.25,0,0,1,0,0,0,1000
3883,0,217,3180,500,1000,0,0,0,0,0,0,0,0,0,0,68.25,-1,0,0,0,-43.25,0,0,1,0,0,0,1000
3884,0,218,3180,500,1000,0,0,0,0,0,0,0,0,0,0,68.25,-1,0,0,0,-43.25,0,0,1,0,0,0,1000
3885,0,219,3180,500,1000,0,0,0,0,0,0,0,0,0,0,68.25,-1,0,0,0,-43.25,0,0,1,0,0,0,1000
3886,0,220,3180,500,1000,0,0,0,0,0,0,0,0,0,0,68.25,-1,0,0,0,-43.25,0,0,1,0,0,0,1000
3887,0,221,3180,500,1000,0,0,0,0,0,0,0,0,0,0,68.25,-1,0,0,0,-43.25,0,0,1,0,0,0,1000
3888,0,222,3180,500,1000,0,0,0,0,0,0,0,0,0,0,68.25,-1,0,0,0,-43.25,0,0,1,0,0,0,1000
3889,0,223,3180,500,1000,0,0,0,0,0,0,0,0,0,0,68.25,-1,0,0,0,-43.25,0,0,1,0,0,0,1000
3890,0,224,3180,500,1000,0,0,0,0,0,0,0,0,0,0,68.25,-1,0,0,0,-43.25,0,0,1,0,0,0,1000
3891,0,225,3180,500,1000,0,0,0,0,0,0,0,0,0,0,68.25,-1,0,0,0,-43.25,0,0,1,0,0,0,1000
3892,0,226,3180,500,1000,0,0,0,0,0,0,0,0,0,0,68.25,-1,0,0,0,-43.25,0,0,1,0,0,0,1000
3893,0,227,3180,500,1000,0,0,0,0,0,0,0,0,0,0,68.25,-1,0,0,0,-43.25,0,0,1,0,0,0,1000
3894,0,228,3180,500,1000,0,0,0,0,0,0,0,0,0,0,68.25,-1,0,0,0,-43.25,0,0,1,0,0,0,1000
3895,0,229,3180,500,1000,0,0,0,0,0,0,0,0,0,0,68.25,-1,0,0,0,-43.25,0,0,1,0,0,0,1000
3896,0,230,3180,500,1000,0,0,0,0,0,0,0,0,0,0,68.25,-1,0,0,0,-43.25,0,0,1,0,0,0,1000
3897,0,231,3180,500,1000,0,0,0,0,0,0,0,0,0,0,68.25,-1,0,0,0,-43.25,0,0,1,0,0,0,1000
3898,0,232,3180,500,1000,0,0,0,0,0,0,0,0,0,0,68.25,-1,0,0,0,-43.25,0,0,1,0,0,0,1000
3899,0,233,3180,500,1000,0,0,0,0,0,0,0,0,0,0,68.25,-1,0,0,0,-43.25,0,0,1,0,0,0,1000
3900,0,234,3180,500,1000,0,0,0,0,0,0,0,0,0,0,68.25,-1,0,0,0,-43.25,0,0,1,0,0,0,1000
3901,0,235,3180,500,1000,0,0,0,0,0,0,0,0,0,0,68.25,-1,0,0,0,-43.25,0,0,1,0,0,0,1000
3902,0,236,3180,500,1000,0,0,0,0,0,0,0,0,0,0,68.25,-1,0,0,0,-43.25,0,0,1,0,0,0,1000
3903,0,237,3180,500,1000,0,0,0,0,0,0,0,0,0,0,68.25,-1,0,0,0,-43.25,0,0,1,0,0,0,1000
3904,0,238,3180,500,1000,0,0,0,0,0,0,0,0,0,0,68.25,-1,0,0,0,-43.25,0,0,1,0,0,0,1000
3905,0,239,3180,500,1000,0,0,0,0,0,0,0,0,0,0,68.25,-1,0,0,0,-43.25,0,0,1,0,0,0,1000
3906,0,240,3180,500,1000,0,0,0,0,0,0,0,0,0,0,68.25,-1,0,0,0,-43.25,0,0,1,0,0,0,1000
3907,0,241,3180,500,1000,0,0,0,0,0,0,0,0,0,0,68.25,-1,0,0,0,-43.25,0,0,1,0,0,0,1000
3908,0,242,3180,500,1000,0,0,0,0,0,0,0,0,0,0,68.25,-1,0,0,0,-43.25,0,0,1,0,0,0,1000
3909,0,243,3180,500,1000,0,0,0,0,0,0,0,0,0,0,68.25,-1,0,0,0,-43.25,0,0,1,0,0,0,1000
3910,0,1,3000,500,1000,0,0,0,0,0,0,0,0,0,0,68.25,-1,0,0,0,-43.25,0,0,0,0,0,0,1000
3911,0,2,3000,500,1000,0,0,0,0,0,0,0,0,0,0,68.25,-1,0,0,0,-43.25,0,0,0,0,0,0,1000
3912,0,3,3000,500,1000,0,0,0,0,0,0,0,0,0,0,68.25,-1,0,0,0,-43.25,0,0,0,0,0,0,1000
3913,0,4,3000,500,1000,0,0,0,0,0,0,0,0,0,0,68.25,-1,0,0,0,-43.25,0,0,0,0,0,0,1000
3914,0,5,3000,500,1000,0,0,0,0,0,0,0,0,0,0,68.25,-1,0,0,0,-43.25,0,0,0,0,0,0,1000
3915,0,6,3000,500,1000,0,0,0,0,0,0,0,0,0,0,68.25,-1,0,0,0,-43.25,0,0,0,0,0,0,1000
3916,0,7,3000,500,1000,0,0,0,0,0,0,0,0,0,0,68.25,-1,0,0,0,-43.25,0,0,0,0,0,0,1000
3917,0,8,3000,500,1000,0,0,0,0,0,0,0,0,0,0,68.25,-1,0,0,0,-43.25,0,0,0,0,0,0,1000
3918,0,9,3000,500,1000,0,0,0,0,0,0,0,0,0,0,68.25,-1,0,0,0,-43.25,0,0,0,0,0,0,1000
3919,10,1,3000,500,1000,0,0,0,0,0,0,0,0,0,0,68.25,-1,0,0,0,-43.25,0,0,0,0,0,0,1000
3920,10,2,3000,500,1000,0,0,0,0,0,0,0,0,0,0,68.25,-1,0,0,0,-43.25,0,0,0,0,0,0,1000
3921,10,3,3000,500,1000,0,0,0,0,0,0,0,0,0,0,68.25,-1,0,0,0,-43.25,0,0,0,0,0,0,1000
3922,10,4,3000,500,1000,0,0,0,0,0,0,0,0,0,0,68.25,-1,0,0,0,-43.25,0,0,0,0,0,0,1000
3923,10,5,3000,500,1000,0,0,0,0,0,0,0,0,0,0,68.25,-1,0,0,0,-43.25,0,0,0,0,0,0,1000
3924,10,6,3000,500,1000,0,0,0,0,0,0,0,0,0,0,68.25,-1,0,0,0,-43.25,0,0,0,0,0,0,1000
3925,12,1,3000,500,1000,0,0,0,0,0,0,0,0,0,0,68.25,-1,0,0,0,-43.25,0,0,0,0,0,0,1000
3926,20,1,3000,500,1000,0,0,0,0,0,0,0,0,0,0,66.75,-1,0,0,0,-43.25,0,0,0,0,0,0,1000
3927,20,2,3000,500,1000,0,0,0,0,0,0,0,0,0,0,65.25,-1,0,0,0,-43.25,0,0,0,0,0,0,1000
3928,10,1,3000,500,1000,0,0,0,0,0,0,0,0,0,0,65.25,-1,0,0,0,-43.25,0,0,0,0,0,0,1000
3929,10,2,3000,500,1000,0,0,0,0,0,0,0,0,0,0,65.25,-1,0,0,0,-43.25,0,0,0,0,0,0,1000
3930,10,3,3000,500,1000,0,0,0,0,0,0,0,0,0,0,65.25,-1,0,0,0,-43.25,0,0,0,0,0,0,1000
3931,10,4,3000,500,1000,0,0,0,0,0,0,0,0,0,0,65.25,-1,0,0,0,-43.25,0,0,0,0,0,0,1000
3932,10,5,3000,500,1000,0,0,0,0,0,0,0,0,0,0,65.25,-1,0,0,0,-43.25,0,0,0,0,0,0,1000
3933,10,6,3000,500,1000,0,0,0,0,0,0,0,0,0,0,65.25,-1,0,0,0,-43.25,0,0,0,0,0,0,1000
3934,3000,1,2000,500,1000,0,0,0,0,0,0,0,0,0,0,65.25,-1,0,0,0,-43.25,0,0,0,0,0,0,1000
3935,3000,2,2000,500,1000,0,0,0,0,0,0,0,0,0,0,65.25,-1,0,0,0,-43.25,0,0,0,0,0,0,1000
3936,3000,3,2000,500,1000,0,0,0,0,0,0,0,0,0,0,65.25,-1,0,0,0,-43.25,0,0,0,0,0,0,1000
3937,3000,4,2000,500,1000,0,0,0,0,0,0,0,0,0,0,62.25,-1,0,0,0,-43.25,0,0,0,0,0,0,1000
3938,3000,5,2000,500,1000,0,0,0,0,0,0,0,0,0,0,59.25,-1,0,0,0,-43.25,0,0,0,0,0,0,1000
3939,3000,6,2000,500,1000,0,0,0,0,0,0,0,0,0,0,56.25,-1,0,0,0,-43.25,0,0,0,0,0,0,1000
3940,3000,7,2000,500,1000,0,0,0,0,0,0,0,0,0,0,53.25,-1,0,0,0,-43.25,0,0,0,0,0,0,1000
3941,3000,8,2000,500,1000,0,0,0,0,0,0,0,0,0,0,50.25,-1,0,0,0,-43.25,0,0,0,0,0,0,1000
3942,3000,9,2000,500,1000,0,0,0,0,0,0,0,0,0,0,47.25,-1,0,0,0,-43.25,0,0,0,0,0,0,1000
3943,3000,10,2000,500,1000,0,0,0,0,0,0,0,0,0,0,45.25,-1,0,0,0,-43.25,0,0,0,0,0,0,1000
3944,3000,11,2000,500,1000,0,0,0,0,0,0,0,0,0,0,43.75,-1,0,0,0,-43.25,0,0,0,0,0,0,1000
3945,3000,12,2000,500,1000,0,0,0,0,0,0,0,0,0,0,43.75,-1,0,0,0,-43.25,0,0,0,0,0,0,1000
3946,3000,13,2000,500,1000,0,0,0,0,0,0,0,0,0,0,43.75,-1,0,0,0,-43.25,0,0,0,0,0,0,1000
3947,3000,14,2000,500,1000,0,0,0,0,0,0,0,0,0,0,43.75,-1,0,0,0,-43.25,0,0,1,0,0,0,1093
3948,3000,15,2000,500,1000,0,0,0,0,0,0,0,0,0,0,43.75,-1,0,0,0,-43.25,0,0,1,0,0,0,1093
3949,3000,16,2000,500,1000,0,0,0,0,0,0,0,0,0,0,43.75,-1,0,0,0,-43.25,0,0,1,0,0,0,1093
3950,3000,17,2000,500,1000,0,0,0,0,0,0,0,0,0,0,43.75,-1,0,0,0,-43.25,0,0,1,0,0,0,1093
3951,3000,18,2000,500,1000,0,0,0,0,0,0,0,0,0,0,43.75,-1,0,0,0,-43.25,0,0,1,0,0,0,1093
3952,3000,19,2000,500,1000,0,0,0,0,0,0,0,0,0,0,43.75,-1,0,0,0,-43.25,0,0,1,0,0,0,1093
3953,3000,20,2000,500,845,0,0,0,0,0,0,0,0,0,0,43.75,-1,0,0,0,-43.25,0,0,1,0,0,0,2093
3954,3000,21,2000,500,845,0,0,0,0,0,0,0,0,0,0,43.75,-1,0,0,0,-43.25,0,0,1,0,0,0,2093
3955,3000,22,2000,500,845,0,0,0,0,0,0,0,0,0,0,43.75,-1,0,0,0,-43.25,0,0,1,0,0,0,2093
3956,3000,23,2000,500,845,0,0,0,0,0,0,0,0,0,0,43.75,-1,0,0,0,-43.25,0,0,1,0,0,0,2093
3957,3000,24,2000,500,845,0,0,0,0,0,0,0,0,0,0,43.75,-1,0,0,0,-43.25,0,0,1,0,0,0,2093
3958,3000,25,2000,500,845,0,0,0,0,0,0,0,0,0,0,43.75,-1,0,0,0,-43.25,0,0,1,0,0,0,2093
3959,3000,26,2000,500,845,0,0,0,0,0,0,0,0,0,0,43.75,-1,0,0,0,-43.25,0,0,1,0,0,0,2093
3960,3000,27,2000,500,845,0,0,0,0,0,0,0,0,0,0,43.75,-1,0,0,0,-43.25,0,0,1,0,0,0,2093
3961,3000,28,2000,500,845,0,0,0,0,0,0,0,0,0,0,43.75,-1,0,0,0,-43.25,0,0,1,0,0,0,2093
3962,3000,29,2000,500,845,0,0,0,0,0,0,0,0,0,0,43.75,-1,0,0,0,-43.25,0,0,1,0,0,0,2093
3963,3000,30,2000,500,845,0,0,0,0,0,0,0,0,0,0,43.75,-1,0,0,0,-43.25,0,0,1,0,0,0,2093
3964,3000,31,2000,500,845,0,0,0,0,0,0,0,0,0,0,43.75,-1,0,0,0,-43.25,0,0,1,0,0,0,2093
3965,3000,32,2000,500,845,0,0,0,0,0,0,0,0,0,0,43.75,-1,0,0,0,-43.25,0,0,1,0,0,0,2093
3966,3000,33,2000,500,845,0,0,0,0,0,0,0,0,0,0,43.75,-1,0,0,0,-43.25,0,0,1,0,0,0,2093
3967,3000,34,2000,500,845,0,0,0,0,0,0,0,0,0,0,43.75,-1,0,0,0,-43.25,0,0,1,0,0,0,2093
3968,3000,35,2000,500,845,0,0,0,0,0,0,0,0,0,0,43.75,-1,0,0,0,-43.25,0,0,1,0,0,0,2093
3969,3000,36,2000,500,845,0,0,0,0,0,0,0,0,0,0,43.75,-1,0,0,0,-43.25,0,0,1,0,0,0,2093
3970,3000,37,2000,500,845,0,0,0,0,0,0,0,0,0,0,43.75,-1,0,0,0,-43.25,0,0,1,0,0,0,2093
3971,3000,38,2000,500,845,0,0,0,0,0,0,0,0,0,0,43.75,-1,0,0,0,-43.25,0,0,1,0,0,0,2093
3972,3000,39,2000,500,845,0,0,0,0,0,0,0,0,0,0,43.75,-1,0,0,0,-43.25,0,0,1,0,0,0,2093
3973,3000,40,2000,500,845,0,0,0,0,0,0,0,0,0,0,43.75,-1,0,0,0,-43.25,0,0,1,0,0,0,2093
3974,3000,41,2000,500,845,0,0,0,0,0,0,0,0,0,0,43.75,-1,0,0,0,-43.25,0,0,1,0,0,0,2093
3975,3000,42,2000,500,845,0,0,0,0,0,0,0,0,0,0,43.75,-1,0,0,0,-43.25,0,0,1,0,0,0,2093
3976,3000,43,2000,500,845,0,0,0,0,0,0,0,0,0,0,43.75,-1,0,0,0,-43.25,0,0,1,0,0,0,2093
3977,3000,44,2000,500,845,0,0,0,0,0,0,0,0,0,0,43.75,-1,0,0,0,-43.25,0,0,1,0,0,0,2093
3978,3000,45,2000,500,845,0,0,0,0,0,0,0,0,0,0,43.75,-1,0,0,0,-43.25,0,0,1,0,0,0,2093
3979,3000,46,2000,500,845,0,0,0,0,0,0,0,0,0,0,43.75,-1,0,0,0,-43.25,0,0,1,0,0,0,2093
3980,3000,47,2000,500,845,0,0,0,0,0,0,0,0,0,0,43.75,-1,0,0,0,-43.25,0,0,1,0,0,0,2093
3981,3000,48,2000,500,845,0,0,0,0,0,0,0,0,0,0,43.75,-1,0,0,0,-43.25,0,0,1,0,0,0,2093
3982,0,1,2000,500,845,0,0,0,0,0,0,0,0,0,0,43.75,-1,0,0,0,-43.25,0,0,1,0,0,0,2093
3983,0,2,2000,500,845,0,0,0,0,0,0,0,0,0,0,43.75,-1,0,0,0,-43.25,0,0,1,0,0,0,2093
3984,0,3,2000,500,845,0,0,0,0,0,0,0,0,0,0,43.75,-1,0,0,0,-43.25,0,0,1,0,0,0,2093
3985,0,4,2000,500,845,0,0,0,0,0,0,0,0,0,0,43.75,-1,0,0,0,-43.25,0,0,1,0,0,0,2093
3986,0,5,2000,500,845,0,0,0,0,0,0,0,0,0,0,43.75,-1,0,0,0,-43.25,0,0,1,0,0,0,2093
3987,0,6,2000,500,845,0,0,0,0,0,0,0,0,0,0,43.75,-1,0,0,0,-43.25,0,0,1,0,0,0,2093
3988,0,7,2000,500,845,0,0,0,0,0,0,0,0,0,0,43.75,-1,0,0,0,-43.25,0,0,1,0,0,0,2093
3989,0,8,2000,500,845,0,0,0,0,0,0,0,0,0,0,43.75,-1,0,0,0,-43.25,0,0,1,0,0,0,2093
3990,0,9,2000,500,845,0,0,0,0,0,0,0,0,0,0,43.75,-1,0,0,0,-43.25,0,0,1,0,0,0,2093
3991,0,10,2000,500,845,0,0,0,0,0,0,0,0,0,0,43.75,-1,0,0,0,-43.25,0,0,1,0,0,0,2093
3992,0,11,2000,500,845,0,0,0,0,0,0,0,0,0,0,43.75,-1,0,0,0,-43.25,0,0,1,0,0,0,2093
3993,0,12,2000,500,845,0,0,0,0,0,0,0,0,0,0,43.75,-1,0,0,0,-43.25,0,0,1,0,0,0,2093
3994,0,13,2000,500,845,0,0,0,0,0,0,0,0,0,0,43.75,-1,0,0,0,-43.25,0,0,1,0,0,0,2093
3995,0,14,2000,500,845,0,0,0,0,0,0,0,0,0,0,43.75,-1,0,0,0,-43.25,0,0,1,0,0,0,2093
3996,0,15,2000,500,845,0,0,0,0,0,0,0,0,0,0,43.75,-1,0,0,0,-43.25,0,0,1,0,0,0,2093
3997,0,16,2000,500,845,0,0,0,0,0,0,0,0,0,0,43.75,-1,0,0,0,-43.25,0,0,1,0,0,0,2093
3998,0,17,2000,500,845,0,0,0,0,0,0,0,0,0,0,43.75,-1,0,0,0,-43.25,0,0,1,0,0,0,2093
3999,0,18,2000,500,845,0,0,0,0,0,0,0,0,0,0,43.75,-1,0,0,0,-43.25,0,0,1,0,0,0,2093
4000,0,19,2000,500,845,0,0,0,0,0,0,0,0,0,0,43.75,-1,0,0,0,-43.25,0,0,1,0,0,0,2093
4001,0,20,2000,500,845,0,0,0,0,0,0,0,0,0,0,43.75,-1,0,0,0,-43.25,0,0,1,0,0,0,2093
4002,0,21,2000,500,845,0,0,0,0,0,0,0,0,0,0,43.75,-1,0,0,0,-43.25,0,0,1,0,0,0,2093
4003,0,22,2000,500,845,0,0,0,0,0,0,0,0,0,0,43.75,-1,0,0,0,-43.25,0,0,1,0,0,0,2093
4004,0,23,2000,500,845,0,0,0,0,0,0,0,0,0,0,43.75,-1,0,0,0,-43.25,0,0,1,0,0,0,2093
4005,0,24,2000,500,845,0,0,0,0,0,0,0,0,0,0,43.75,-1,0,0,0,-43.25,0,0,1,0,0,0,2093
4006,0,25,2000,500,845,0,0,0,0,0,0,0,0,0,0,43.75,-1,0,0,0,-43.25,0,0,1,0,0,0,2093
4007,0,26,2000,500,845,0,0,0,0,0,0,0,0,0,0,43.75,-1,0,0,0,-43.25,0,0,1,0,0,0,2093
4008,0,27,2000,500,845,0,0,0,0,0,0,0,0,0,0,43.75,-1,0,0,0,-43.25,0,0,1,0,0,0,2093
4009,0,28,2000,500,845,0,0,0,0,0,0,0,0,0,0,43.75,-1,0,0,0,-43.25,0,0,1,0,0,0,2093
4010,0,29,2000,500,845,0,0,0,0,0,0,0,0,0,0,43.75,-1,0,0,0,-43.25,0,0,1,0,0,0,2093
4011,0,30,2000,500,845,0,0,0,0,0,0,0,0,0,0,43.75,-1,0,0,0,-43.25,0,0,1,0,0,0,2093
4012,0,31,2000,500,845,0,0,0,0,0,0,0,0,0,0,43.75,-1,0,0,0,-43.25,0,0,1,0,0,0,2093
4013,0,32,2000,500,845,0,0,0,0,0,0,0,0,0,0,43.75,-1,0,0,0,-43.25,0,0,1,0,0,0,2093
4014,0,33,2000,500,845,0,0,0,0,0,0,0,0,0,0,43.75,-1,0,0,0,-43.25,0,0,1,0,0,0,2093
4015,0,34,2000,500,845,0,0,0,0,0,0,0,0,0,0,43.75,-1,0,0,0,-43.25,0,0,1,0,0,0,2093
4016,0,35,2000,500,845,0,0,0,0,0,0,0,0,0,0,43.75,-1,0,0,0,-43.25,0,0,1,0,0,0,2093
4017,0,36,2000,500,845,0,0,0,0,0,0,0,0,0,0,43.75,-1,0,0,0,-43.25,0,0,1,0,0,0,2093
4018,0,37,2000,500,845,0,0,0,0,0,0,0,0,0,0,43.75,-1,0,0,0,-43.25,0,0,1,0,0,0,2093
4019,0,38,2000,500,845,0,0,0,0,0,0,0,0,0,0,43.75,-1,0,0,0,-43.25,0,0,1,0,0,0,2093
4020,0,39,2000,500,845,0,0,0,0,0,0,0,0,0,0,43.75,-1,0,0,0,-43.25,0,0,1,0,0,0,2093
4021,0,40,2000,500,845,0,0,0,0,0,0,0,0,0,0,43.75,-1,0,0,0,-43.25,0,0,1,0,0,0,2093
4022,0,41,2000,500,845,0,0,0,0,0,0,0,0,0,0,43.75,-1,0,0,0,-43.25,0,0,1,0,0,0,2093
4023,0,42,2000,500,845,0,0,0,0,0,0,0,0,0,0,43.75,-1,0,0,0,-43.25,0,0,1,0,0,0,2093
4024,0,43,2000,500,845,0,0,0,0,0,0,0,0,0,0,43.75,-1,0,0,0,-43.25,0,0,1,0,0,0,2093
4025,0,44,2000,500,845,0,0,0,0,0,0,0,0,0,0,43.75,-1,0,0,0,-43.25,0,0,1,0,0,0,2093
4026,0,45,2000,500,845,0,0,0,0,0,0,0,0,0,0,43.75,-1,0,0,0,-43.25,0,0,1,0,0,0,2093
4027,0,46,2000,500,845,0,0,0,0,0,0,0,0,0,0,43.75,-1,0,0,0,-43.25,0,0,1,0,0,0,2093
4028,0,47,2000,500,845,0,0,0,0,0,0,0,0,0,0,43.75,-1,0,0,0,-43.25,0,0,1,0,0,0,2093
4029,0,48,2000,500,845,0,0,0,0,0,0,0,0,0,0,43.75,-1,0,0,0,-43.25,0,0,1,0,0,0,2093
4030,0,49,2000,500,845,0,0,0,0,0,0,0,0,0,0,43.75,-1,0,0,0,-43.25,0,0,1,0,0,0,2093
4031,0,50,2000,500,845,0,0,0,0,0,0,0,0,0,0,43.75,-1,0,0,0,-43.25,0,0,1,0,0,0,2093
4032,0,51,2000,500,845,0,0,0,0,0,0,0,0,0,0,43.75,-1,0,0,0,-43.25,0,0,1,0,0,0,2093
4033,0,52,2000,500,845,0,0,0,0,0,0,0,0,0,0,43.75,-1,0,0,0,-43.25,0,0,1,0,0,0,2093
4034,0,53,2000,500,845,0,0,0,0,0,0,0,0,0,0,43.75,-1,0,0,0,-43.25,0,0,1,0,0,0,2093
4035,0,54,2000,500,845,0,0,0,0,0,0,0,0,0,0,43.75,-1,0,0,0,-43.25,0,0,1,0,0,0,2093
4036,0,55,2000,500,845,0,0,0,0,0,0,0,0,0,0,43.75,-1,0,0,0,-43.25,0,0,1,0,0,0,2093
4037,0,56,2000,500,845,0,0,0,0,0,0,0,0,0,0,43.75,-1,0,0,0,-43.25,0,0,1,0,0,0,2093
4038,0,57,2000,500,845,0,0,0,0,0,0,0,0,0,0,43.75,-1,0,0,0,-43.25,0,0,1,0,0,0,2093
4039,0,58,2000,500,845,0,0,0,0,0,0,0,0,0,0,43.75,-1,0,0,0,-43.25,0,0,1,0,0,0,2093
4040,0,59,2000,500,845,0,0,0,0,0,0,0,0,0,0,43.75,-1,0,0,0,-43.25,0,0,1,0,0,0,2093
4041,0,60,2000,500,845,0,0,0,0,0,0,0,0,0,0,43.75,-1,0,0,0,-43.25,0,0,1,0,0,0,2093
4042,0,61,2000,500,845,0,0,0,0,0,0,0,0,0,0,43.75,-1,0,0,0,-43.25,0,0,1,0,0,0,2093
4043,0,62,2000,500,845,0,0,0,0,0,0,0,0,0,0,43.75,-1,0,0,0,-43.25,0,0,1,0,0,0,2093
4044,0,63,2000,500,845,0,0,0,0,0,0,0,0,0,0,43.75,-1,0,0,0,-43.25,0,0,1,0,0,0,2093
4045,0,64,2000,500,845,0,0,0,0,0,0,0,0,0,0,43.75,-1,0,0,0,-43.25,0,0,1,0,0,0,2093
4046,0,65,2000,500,845,0,0,0,0,0,0,0,0,0,0,43.75,-1,0,0,0,-43.25,0,0,1,0,0,0,2093
4047,0,66,2000,500,845,0,0,0,0,0,0,0,0,0,0,43.75,-1,0,0,0,-43.25,0,0,1,0,0,0,2093
4048,0,67,2000,500,845,0,0,0,0,0,0,0,0,0,0,43.75,-1,0,0,0,-43.25,0,0,1,0,0,0,2093
4049,0,68,2000,500,845,0,0,0,0,0,0,0,0,0,0,43.75,-1,0,0,0,-43.25,0,0,1,0,0,0,2093
4050,0,69,2000,500,845,0,0,0,0,0,0,0,0,0,0,43.75,-1,0,0,0,-43.25,0,0,1,0,0,0,2093
4051,0,70,2000,500,845,0,0,0,0,0,0,0,0,0,0,43.75,-1,0,0,0,-43.25,0,0,1,0,0,0,2093
4052,0,71,2000,500,845,0,0,0,0,0,0,0,0,0,0,43.75,-1,0,0,0,-43.25,0,0,1,0,0,0,2093
4053,0,72,2000,500,845,0,0,0,0,0,0,0,0,0,0,43.75,-1,0,0,0,-43.25,0,0,1,0,0,0,2093
4054,0,73,2000,500,845,0,0,0,0,0,0,0,0,0,0,43.75,-1,0,0,0,-43.25,0,0,1,0,0,0,2093
4055,0,74,2000,500,845,0,0,0,0,0,0,0,0,0,0,43.75,-1,0,0,0,-43.25,0,0,1,0,0,0,2093
4056,0,75,2000,500,845,0,0,0,0,0,0,0,0,0,0,43.75,-1,0,0,0,-43.25,0,0,1,0,0,0,2093
4057,0,76,2000,500,845,0,0,0,0,0,0,0,0,0,0,43.75,-1,0,0,0,-43.25,0,0,1,0,0,0,2093
4058,0,77,2000,500,845,0,0,0,0,0,0,0,0,0,0,43.75,-1,0,0,0,-43.25,0,0,1,0,0,0,2093
4059,0,78,2000,500,845,0,0,0,0,0,0,0,0,0,0,43.75,-1,0,0,0,-43.25,0,0,1,0,0,0,2093
4060,0,79,2000,500,845,0,0,0,0,0,0,0,0,0,0,43.75,-1,0,0,0,-43.25,0,0,1,0,0,0,2093
4061,0,80,2000,500,845,0,0,0,0,0,0,0,0,0,0,43.75,-1,0,0,0,-43.25,0,0,1,0,0,0,2093
4062,0,81,2000,500,845,0,0,0,0,0,0,0,0,0,0,43.75,-1,0,0,0,-43.25,0,0,1,0,0,0,2093
4063,0,82,2000,500,845,0,0,0,0,0,0,0,0,0,0,43.75,-1,0,0,0,-43.25,0,0,1,0,0,0,2093
4064,0,83,2000,500,845,0,0,0,0,0,0,0,0,0,0,43.75,-1,0,0,0,-43.25,0,0,1,0,0,0,2093
4065,0,84,2000,500,845,0,0,0,0,0,0,0,0,0,0,43.75,-1,0,0,0,-43.25,0,0,1,0,0,0,2093
4066,0,85,2000,500,845,0,0,0,0,0,0,0,0,0,0,43.75,-1,0,0,0,-43.25,0,0,1,0,0,0,2093
4067,0,86,2000,500,845,0,0,0,0,0,0,0,0,0,0,43.75,-1,0,0,0,-43.25,0,0,1,0,0,0,2093
4068,0,87,2000,500,845,0,0,0,0,0,0,0,0,0,0,43.75,-1,0,0,0,-43.25,0,0,1,0,0,0,2093
4069,0,88,2000,500,845,0,0,0,0,0,0,0,0,0,0,43.75,-1,0,0,0,-43.25,0,0,1,0,0,0,2093
4070,0,89,2000,500,845,0,0,0,0,0,0,0,0,0,0,43.75,-1,0,0,0,-43.25,0,0,1,0,0,0,2093
4071,0,90,2000,500,845,0,0,0,0,0,0,0,0,0,0,43.75,-1,0,0,0,-43.25,0,0,1,0,0,0,2093
4072,0,91,2000,500,845,0,0,0,0,0,0,0,0,0,0,43.75,-1,0,0,0,-43.25,0,0,1,0,0,0,2093
4073,0,92,2000,500,845,0,0,0,0,0,0,0,0,0,0,43.75,-1,0,0,0,-43.25,0,0,1,0,0,0,2093
4074,0,93,2000,500,845,0,0,0,0,0,0,0,0,0,0,43.75,-1,0,0,0,-43.25,0,0,1,0,0,0,2093
4075,0,94,2000,500,845,0,0,0,0,0,0,0,0,0,0,43.75,-1,0,0,0,-43.25,0,0,1,0,0,0,2093
4076,0,95,2000,500,845,0,0,0,0,0,0,0,0,0,0,43.75,-1,0,0,0,-43.25,0,0,1,0,0,0,2093
4077,0,96,2000,500,845,0,0,0,0,0,0,0,0,0,0,43.75,-1,0,0,0,-43.25,0,0,1,0,0,0,2093
4078,0,97,2000,500,845,0,0,0,0,0,0,0,0,0,0,43.75,-1,0,0,0,-43.25,0,0,1,0,0,0,2093
4079,0,98,2000,500,845,0,0,0,0,0,0,0,0,0,0,43.75,-1,0,0,0,-43.25,0,0,1,0,0,0,2093
4080,0,99,2000,500,845,0,0,0,0,0,0,0,0,0,0,43.75,-1,0,0,0,-43.25,0,0,1,0,0,0,2093
4081,0,100,2000,500,845,0,0,0,0,0,0,0,0,0,0,43.75,-1,0,0,0,-43.25,0,0,1,0,0,0,2093
4082,0,101,2000,500,845,0,0,0,0,0,0,0,0,0,0,43.75,-1,0,0,0,-43.25,0,0,1,0,0,0,2093
4083,0,102,2000,500,845,0,0,0,0,0,0,0,0,0,0,43.75,-1,0,0,0,-43.25,0,0,1,0,0,0,2093
4084,0,103,2000,500,845,0,0,0,0,0,0,0,0,0,0,43.75,-1,0,0,0,-43.25,0,0,1,0,0,0,2093
4085,0,104,2000,500,845,0,0,0,0,0,0,0,0,0,0,43.75,-1,0,0,0,-43.25,0,0,1,0,0,0,2093
4086,0,105,2000,500,845,0,0,0,0,0,0,0,0,0,0,43.75,-1,0,0,0,-43.25,0,0,1,0,0,0,2093
4087,0,106,2000,500,845,0,0,0,0,0,0,0,0,0,0,43.75,-1,0,0,0,-43.25,0,0,1,0,0,0,2093
4088,0,107,2000,500,845,0,0,0,0,0,0,0,0,0,0,43.75,-1,0,0,0,-43.25,0,0,1,0,0,0,2093
4089,0,108,2000,500,845,0,0,0,0,0,0,0,0,0,0,43.75,-1,0,0,0,-43.25,0,0,1,0,0,0,2093
4090,0,109,2000,500,845,0,0,0,0,0,0,0,0,0,0,43.75,-1,0,0,0,-43.25,0,0,1,0,0,0,2093
4091,0,110,2000,500,845,0,0,0,0,0,0,0,0,0,0,43.75,-1,0,0,0,-43.25,0,0,1,0,0,0,2093
4092,0,111,2000,500,845,0,0,0,0,0,0,0,0,0,0,43.75,-1,0,0,0,-43.25,0,0,1,0,0,0,2093
4093,0,112,2000,500,845,0,0,0,0,0,0,0,0,0,0,43.75,-1,0,0,0,-43.25,0,0,1,0,0,0,2093
4094,0,113,2000,500,845,0,0,0,0,0,0,0,0,0,0,43.75,-1,0,0,0,-43.25,0,0,1,0,0,0,2093
4095,0,114,2000,500,845,0,0,0,0,0,0,0,0,0,0,43.75,-1,0,0,0,-43.25,0,0,1,0,0,0,2093
4096,0,115,2000,500,845,0,0,0,0,0,0,0,0,0,0,43.75,-1,0,0,0,-43.25,0,0,1,0,0,0,2093
4097,0,116,2000,500,845,0,0,0,0,0,0,0,0,0,0,43.75,-1,0,0,0,-43.25,0,0,1,0,0,0,2093
4098,0,117,2000,500,845,0,0,0,0,0,0,0,0,0,0,43.75,-1,0,0,0,-43.25,0,0,1,0,0,0,2093
4099,0,118,2000,500,845,0,0,0,0,0,0,0,0,0,0,43.75,-1,0,0,0,-43.25,0,0,1,0,0,0,2093
4100,0,119,2000,500,845,0,0,0,0,0,0,0,0,0,0,43.75,-1,0,0,0,-43.25,0,0,1,0,0,0,2093
4101,0,120,2000,500,845,0,0,0,0,0,0,0,0,0,0,43.75,-1,0,0,0,-43.25,0,0,1,0,0,0,2093
4102,0,121,2000,500,845,0,0,0,0,0,0,0,0,0,0,43.75,-1,0,0,0,-43.25,0,0,1,0,0,0,2093
4103,0,122,2000,500,845,0,0,0,0,0,0,0,0,0,0,43.75,-1,0,0,0,-43.25,0,0,1,0,0,0,2093
4104,0,123,2000,500,845,0,0,0,0,0,0,0,0,0,0,43.75,-1,0,0,0,-43.25,0,0,1,0,0,0,2093
4105,0,124,2000,500,845,0,0,0,0,0,0,0,0,0,0,43.75,-1,0,0,0,-43.25,0,0,1,0,0,0,2093
4106,0,125,2000,500,845,0,0,0,0,0,0,0,0,0,0,43.75,-1,0,0,0,-43.25,0,0,1,0,0,0,2093
4107,0,126,2000,500,845,0,0,0,0,0,0,0,0,0,0,43.75,-1,0,0,0,-43.25,0,0,1,0,0,0,2093
4108,0,127,2000,500,845,0,0,0,0,0,0,0,0,0,0,43.75,-1,0,0,0,-43.25,0,0,1,0,0,0,2093
4109,0,128,2000,500,845,0,0,0,0,0,0,0,0,0,0,43.75,-1,0,0,0,-43.25,0,0,1,0,0,0,2093
4110,0,129,2000,500,845,0,0,0,0,0,0,0,0,0,0,43.75,-1,0,0,0,-43.25,0,0,1,0,0,0,2093
4111,0,130,2000,500,845,0,0,0,0,0,0,0,0,0,0,43.75,-1,0,0,0,-43.25,0,0,1,0,0,0,2093
4112,0,131,2000,500,845,0,0,0,0,0,0,0,0,0,0,43.75,-1,0,0,0,-43.25,0,0,1,0,0,0,2093
4113,0,132,2000,500,845,0,0,0,0,0,0,0,0,0,0,43.75,-1,0,0,0,-43.25,0,0,1,0,0,0,2093
4114,0,133,2000,500,845,0,0,0,0,0,0,0,0,0,0,43.75,-1,0,0,0,-43.25,0,0,1,0,0,0,2093
4115,0,134,2000,500,845,0,0,0,0,0,0,0,0,0,0,43.75,-1,0,0,0,-43.25,0,0,1,0,0,0,2093
4116,0,135,2000,500,845,0,0,0,0,0,0,0,0,0,0,43.75,-1,0,0,0,-43.25,0,0,1,0,0,0,2093
4117,0,136,2000,500,845,0,0,0,0,0,0,0,0,0,0,43.75,-1,0,0,0,-43.25,0,0,1,0,0,0,2093
4118,0,137,2000,500,845,0,0,0,0,0,0,0,0,0,0,43.75,-1,0,0,0,-43.25,0,0,1,0,0,0,2093
4119,0,138,2000,500,845,0,0,0,0,0,0,0,0,0,0,43.75,-1,0,0,0,-43.25,0,0,1,0,0,0,2093
4120,0,139,2000,500,845,0,0,0,0,0,0,0,0,0,0,43.75,-1,0,0,0,-43.25,0,0,1,0,0,0,2093
4121,0,140,2000,500,845,0,0,0,0,0,0,0,0,0,0,43.75,-1,0,0,0,-43.25,0,0,1,0,0,0,2093
4122,0,141,2000,500,845,0,0,0,0,0,0,0,0,0,0,43.75,-1,0,0,0,-43.25,0,0,1,0,0,0,2093
4123,0,142,2000,500,845,0,0,0,0,0,0,0,0,0,0,43.75,-1,0,0,0,-43.25,0,0,1,0,0,0,2093
4124,0,143,2000,500,845,0,0,0,0,0,0,0,0,0,0,43.75,-1,0,0,0,-43.25,0,0,1,0,0,0,2093
4125,0,144,2000,500,845,0,0,0,0,0,0,0,0,0,0,43.75,-1,0,0,0,-43.25,0,0,1,0,0,0,2093
4126,0,145,2000,500,845,0,0,0,0,0,0,0,0,0,0,43.75,-1,0,0,0,-43.25,0,0,1,0,0,0,2093
4127,0,146,2000,500,845,0,0,0,0,0,0,0,0,0,0,43.75,-1,0,0,0,-43.25,0,0,1,0,0,0,2093
4128,0,147,2000,500,845,0,0,0,0,0,0,0,0,0,0,43.75,-1,0,0,0,-43.25,0,0,1,0,0,0,2093
4129,0,148,2000,500,845,0,0,0,0,0,0,0,0,0,0,43.75,-1,0,0,0,-43.25,0,0,1,0,0,0,2093
4130,0,149,2000,500,845,0,0,0,0,0,0,0,0,0,0,43.75,-1,0,0,0,-43.25,0,0,1,0,0,0,2093
4131,0,150,2000,500,845,0,0,0,0,0,0,0,0,0,0,43.75,-1,0,0,0,-43.25,0,0,1,0,0,0,2093
4132,0,151,2000,500,845,0,0,0,0,0,0,0,0,0,0,43.75,-1,0,0,0,-43.25,0,0,1,0,0,0,2093
4133,0,152,2000,500,845,0,0,0,0,0,0,0,0,0,0,43.75,-1,0,0,0,-43.25,0,0,1,0,0,0,2093
4134,0,153,2000,500,845,0,0,0,0,0,0,0,0,0,0,43.75,-1,0,0,0,-43.25,0,0,1,0,0,0,2093
4135,0,154,2000,500,845,0,0,0,0,0,0,0,0,0,0,43.75,-1,0,0,0,-43.25,0,0,1,0,0,0,2093
4136,0,155,2000,500,845,0,0,0,0,0,0,0,0,0,0,43.75,-1,0,0,0,-43.25,0,0,1,0,0,0,2093
4137,0,156,2000,500,845,0,0,0,0,0,0,0,0,0,0,43.75,-1,0,0,0,-43.25,0,0,1,0,0,0,2093
4138,0,157,2000,500,845,0,0,0,0,0,0,0,0,0,0,43.75,-1,0,0,0,-43.25,0,0,1,0,0,0,2093
4139,0,158,2000,500,845,0,0,0,0,0,0,0,0,0,0,43.75,-1,0,0,0,-43.25,0,0,1,0,0,0,2093
4140,0,159,2000,500,845,0,0,0,0,0,0,0,0,0,0,43.75,-1,0,0,0,-43.25,0,0,1,0,0,0,2093
4141,0,160,2000,500,845,0,0,0,0,0,0,0,0,0,0,43.75,-1,0,0,0,-43.25,0,0,1,0,0,0,2093
4142,0,161,2000,500,845,0,0,0,0,0,0,0,0,0,0,43.75,-1,0,0,0,-43.25,0,0,1,0,0,0,2093
4143,0,162,2000,500,845,0,0,0,0,0,0,0,0,0,0,43.75,-1,0,0,0,-43.25,0,0,1,0,0,0,2093
4144,0,163,2000,500,845,0,0,0,0,0,0,0,0,0,0,43.75,-1,0,0,0,-43.25,0,0,1,0,0,0,2093
4145,0,164,2000,500,845,0,0,0,0,0,0,0,0,0,0,43.75,-1,0,0,0,-43.25,0,0,1,0,0,0,2093
4146,0,165,2000,500,845,0,0,0,0,0,0,0,0,0,0,43.75,-1,0,0,0,-43.25,0,0,1,0,0,0,2093
4147,0,166,2000,500,845,0,0,0,0,0,0,0,0,0,0,43.75,-1,0,0,0,-43.25,0,0,1,0,0,0,2093
4148,0,167,2000,500,845,0,0,0,0,0,0,0,0,0,0,43.75,-1,0,0,0,-43.25,0,0,1,0,0,0,2093
4149,0,168,2000,500,845,0,0,0,0,0,0,0,0,0,0,43.75,-1,0,0,0,-43.25,0,0,1,0,0,0,2093
4150,0,169,2000,500,845,0,0,0,0,0,0,0,0,0,0,43.75,-1,0,0,0,-43.25,0,0,1,0,0,0,2093
4151,0,170,2000,500,845,0,0,0,0,0,0,0,0,0,0,43.75,-1,0,0,0,-43.25,0,0,1,0,0,0,2093
4152,0,171,2000,500,845,0,0,0,0,0,0,0,0,0,0,43.75,-1,0,0,0,-43.25,0,0,1,0,0,0,2093
4153,0,172,2000,500,845,0,0,0,0,0,0,0,0,0,0,43.75,-1,0,0,0,-43.25,0,0,1,0,0,0,2093
4154,0,173,2000,500,845,0,0,0,0,0,0,0,0,0,0,43.75,-1,0,0,0,-43.25,0,0,1,0,0,0,2093
4155,0,174,2000,500,845,0,0,0,0,0,0,0,0,0,0,43.75,-1,0,0,0,-43.25,0,0,1,0,0,0,2093
4156,0,175,2000,500,845,0,0,0,0,0,0,0,0,0,0,43.75,-1,0,0,0,-43.25,0,0,1,0,0,0,2093
4157,0,176,2000,500,845,0,0,0,0,0,0,0,0,0,0,43.75,-1,0,0,0,-43.25,0,0,1,0,0,0,2093
4158,0,177,2000,500,845,0,0,0,0,0,0,0,0,0,0,43.75,-1,0,0,0,-43.25,0,0,1,0,0,0,2093
4159,0,178,2000,500,845,0,0,0,0,0,0,0,0,0,0,43.75,-1,0,0,0,-43.25,0,0,1,0,0,0,2093
4160,0,179,2000,500,845,0,0,0,0,0,0,0,0,0,0,43.75,-1,0,0,0,-43.25,0,0,1,0,0,0,2093
4161,0,180,2000,500,845,0,0,0,0,0,0,0,0,0,0,43.75,-1,0,0,0,-43.25,0,0,1,0,0,0,2093
4162,0,181,2000,500,845,0,0,0,0,0,0,0,0,0,0,43.75,-1,0,0,0,-43.25,0,0,1,0,0,0,2093
4163,0,182,2000,500,845,0,0,0,0,0,0,0,0,0,0,43.75,-1,0,0,0,-43.25,0,0,1,0,0,0,2093
4164,0,183,2000,500,845,0,0,0,0,0,0,0,0,0,0,43.75,-1,0,0,0,-43.25,0,0,1,0,0,0,2093
4165,0,184,2000,500,845,0,0,0,0,0,0,0,0,0,0,43.75,-1,0,0,0,-43.25,0,0,1,0,0,0,2093
4166,0,185,2000,500,845,0,0,0,0,0,0,0,0,0,0,43.75,-1,0,0,0,-43.25,0,0,1,0,0,0,2093
4167,0,186,2000,500,845,0,0,0,0,0,0,0,0,0,0,43.75,-1,0,0,0,-43.25,0,0,1,0,0,0,2093
4168,0,187,2000,500,845,0,0,0,0,0,0,0,0,0,0,43.75,-1,0,0,0,-43.25,0,0,1,0,0,0,2093
4169,0,188,2000,500,845,0,0,0,0,0,0,0,0,0,0,43.75,-1,0,0,0,-43.25,0,0,1,0,0,0,2093
4170,0,189,2000,500,845,0,0,0,0,0,0,0,0,0,0,43.75,-1,0,0,0,-43.25,0,0,1,0,0,0,2093
4171,0,190,2000,500,845,0,0,0,0,0,0,0,0,0,0,43.75,-1,0,0,0,-43.25,0,0,1,0,0,0,2093
4172,0,191,2000,500,845,0,0,0,0,0,0,0,0,0,0,43.75,-1,0,0,0,-43.25,0,0,1,0,0,0,2093
4173,0,192,2000,500,845,0,0,0,0,0,0,0,0,0,0,43.75,-1,0,0,0,-43.25,0,0,1,0,0,0,2093
4174,0,193,2000,500,845,0,0,0,0,0,0,0,0,0,0,43.75,-1,0,0,0,-43.25,0,0,1,0,0,0,2093
4175,0,194,2000,500,845,0,0,0,0,0,0,0,0,0,0,43.75,-1,0,0,0,-43.25,0,0,1,0,0,0,2093
4176,0,195,2000,500,845,0,0,0,0,0,0,0,0,0,0,43.75,-1,0,0,0,-43.25,0,0,1,0,0,0,2093
4177,0,196,2000,500,845,0,0,0,0,0,0,0,0,0,0,43.75,-1,0,0,0,-43.25,0,0,1,0,0,0,2093
4178,0,197,2000,500,845,0,0,0,0,0,0,0,0,0,0,43.75,-1,0,0,0,-43.25,0,0,1,0,0,0,2093
4179,0,198,2000,500,845,0,0,0,0,0,0,0,0,0,0,43.75,-1,0,0,0,-43.25,0,0,1,0,0,0,2093
4180,0,199,2000,500,845,0,0,0,0,0,0,0,0,0,0,43.75,-1,0,0,0,-43.25,0,0,1,0,0,0,2093
4181,0,200,2000,500,845,0,0,0,0,0,0,0,0,0,0,43.75,-1,0,0,0,-43.25,0,0,1,0,0,0,2093
4182,0,201,2000,500,845,0,0,0,0,0,0,0,0,0,0,43.75,-1,0,0,0,-43.25,0,0,1,0,0,0,2093
4183,0,202,2000,500,845,0,0,0,0,0,0,0,0,0,0,43.75,-1,0,0,0,-43.25,0,0,1,0,0,0,2093
4184,0,203,2000,500,845,0,0,0,0,0,0,0,0,0,0,43.75,-1,0,0,0,-43.25,0,0,1,0,0,0,2093
4185,0,204,2000,500,845,0,0,0,0,0,0,0,0,0,0,43.75,-1,0,0,0,-43.25,0,0,1,0,0,0,2093
4186,0,205,2000,500,845,0,0,0,0,0,0,0,0,0,0,43.75,-1,0,0,0,-43.25,0,0,1,0,0,0,2093
4187,0,206,2000,500,845,0,0,0,0,0,0,0,0,0,0,43.75,-1,0,0,0,-43.25,0,0,1,0,0,0,2093
4188,0,207,2000,500,845,0,0,0,0,0,0,0,0,0,0,43.75,-1,0,0,0,-43.25,0,0,1,0,0,0,2093
4189,0,208,2000,500,845,0,0,0,0,0,0,0,0,0,0,43.75,-1,0,0,0,-43.25,0,0,1,0,0,0,2093
4190,0,209,2000,500,845,0,0,0,0,0,0,0,0,0,0,43.75,-1,0,0,0,-43.25,0,0,1,0,0,0,2093
4191,0,210,2000,500,845,0,0,0,0,0,0,0,0,0,0,43.75,-1,0,0,0,-43.25,0,0,1,0,0,0,2093
4192,0,211,2000,500,845,0,0,0,0,0,0,0,0,0,0,43.75,-1,0,0,0,-43.25,0,0,1,0,0,0,2093
4193,0,212,2000,500,845,0,0,0,0,0,0,0,0,0,0,43.75,-1,0,0,0,-43.25,0,0,1,0,0,0,2093
4194,0,213,2000,500,845,0,0,0,0,0,0,0,0,0,0,43.75,-1,0,0,0,-43.25,0,0,1,0,0,0,2093
4195,0,214,2000,500,845,0,0,0,0,0,0,0,0,0,0,43.75,-1,0,0,0,-43.25,0,0,1,0,0,0,2093
4196,0,215,2000,500,845,0,0,0,0,0,0,0,0,0,0,43.75,-1,0,0,0,-43.25,0,0,1,0,0,0,2093
4197,0,216,2000,500,845,0,0,0,0,0,0,0,0,0,0,43.75,-1,0,0,0,-43.25,0,0,1,0,0,0,2093
4198,0,217,2000,500,845,0,0,0,0,0,0,0,0,0,0,43.75,-1,0,0,0,-43.25,0,0,1,0,0,0,2093
4199,0,218,2000,500,845,0,0,0,0,0,0,0,0,0,0,43.75,-1,0,0,0,-43.25,0,0,1,0,0,0,2093
4200,0,219,2000,500,845,0,0,0,0,0,0,0,0,0,0,43.75,-1,0,0,0,-43.25,0,0,1,0,0,0,2093
4201,0,220,2000,500,845,0,0,0,0,0,0,0,0,0,0,43.75,-1,0,0,0,-43.25,0,0,1,0,0,0,2093
4202,0,221,2000,500,845,0,0,0,0,0,0,0,0,0,0,43.75,-1,0,0,0,-43.25,0,0,1,0,0,0,2093
4203,0,222,2000,500,845,0,0,0,0,0,0,0,0,0,0,43.75,-1,0,0,0,-43.25,0,0,1,0,0,0,2093
4204,0,223,2000,500,845,0,0,0,0,0,0,0,0,0,0,43.75,-1,0,0,0,-43.25,0,0,1,0,0,0,2093
4205,0,224,2000,500,845,0,0,0,0,0,0,0,0,0,0,43.75,-1,0,0,0,-43.25,0,0,1,0,0,0,2093
4206,0,225,2000,500,845,0,0,0,0,0,0,0,0,0,0,43.75,-1,0,0,0,-43.25,0,0,1,0,0,0,2093
4207,0,226,2000,500,845,0,0,0,0,0,0,0,0,0,0,43.75,-1,0,0,0,-43.25,0,0,1,0,0,0,2093
4208,0,227,2000,500,845,0,0,0,0,0,0,0,0,0,0,43.75,-1,0,0,0,-43.25,0,0,1,0,0,0,2093
4209,0,228,2000,500,845,0,0,0,0,0,0,0,0,0,0,43.75,-1,0,0,0,-43.25,0,0,1,0,0,0,2093
4210,0,1,3000,500,1000,0,0,0,0,0,0,0,0,0,0,68.25,-1,0,0,0,-43.25,0,0,0,0,0,0,1000
4211,0,2,3000,500,1000,0,0,0,0,0,0,0,0,0,0,68.25,-1,0,0,0,-43.25,0,0,0,0,0,0,1000
4212,0,3,3000,500,1000,0,0,0,0,0,0,0,0,0,0,68.25,-1,0,0,0,-43.25,0,0,0,0,0,0,1000
4213,0,4,3000,500,1000,0,0,0,0,0,0,0,0,0,0,68.25,-1,0,0,0,-43.25,0,0,0,0,0,0,1000
4214,0,5,3000,500,1000,0,0,0,0,0,0,0,0,0,0,68.25,-1,0,0,0,-43.25,0,0,0,0,0,0,1000
4215,0,6,3000,500,1000,0,0,0,0,0,0,0,0,0,0,68.25,-1,0,0,0,-43.25,0,0,0,0,0,0,1000
4216,0,7,3000,500,1000,0,0,0,0,0,0,0,0,0,0,68.25,-1,0,0,0,-43.25,0,0,0,0,0,0,1000
4217,0,8,3000,500,1000,0,0,0,0,0,0,0,0,0,0,68.25,-1,0,0,0,-43.25,0,0,0,0,0,0,1000
4218,0,9,3000,500,1000,0,0,0,0,0,0,0,0,0,0,68.25,-1,0,0,0,-43.25,0,0,0,0,0,0,1000
4219,10,1,3000,500,1000,0,0,0,0,0,0,0,0,0,0,68.25,-1,0,0,0,-43.25,0,0,0,0,0,0,1000
4220,10,2,3000,500,1000,0,0,0,0,0,0,0,0,0,0,68.25,-1,0,0,0,-43.25,0,0,0,0,0,0,1000
4221,10,3,3000,500,1000,0,0,0,0,0,0,0,0,0,0,68.25,-1,0,0,0,-43.25,0,0,0,0,0,0,1000
4222,10,4,3000,500,1000,0,0,0,0,0,0,0,0,0,0,68.25,-1,0,0,0,-43.25,0,0,0,0,0,0,1000
4223,10,5,3000,500,1000,0,0,0,0,0,0,0,0,0,0,68.25,-1,0,0,0,-43.25,0,0,0,0,0,0,1000
4224,10,6,3000,500,1000,0,0,0,0,0,0,0,0,0,0,68.25,-1,0,0,0,-43.25,0,0,0,0,0,0,1000
4225,12,1,3000,500,1000,0,0,0,0,0,0,0,0,0,0,68.25,-1,0,0,0,-43.25,0,0,0,0,0,0,1000
4226,20,1,3000,500,1000,0,0,0,0,0,0,0,0,0,0,66.75,-1,0,0,0,-43.25,0,0,0,0,0,0,1000
4227,20,2,3000,500,1000,0,0,0,0,0,0,0,0,0,0,65.25,-1,0,0,0,-43.25,0,0,0,0,0,0,1000
4228,10,1,3000,500,1000,0,0,0,0,0,0,0,0,0,0,65.25,-1,0,0,0,-43.25,0,0,0,0,0,0,1000
4229,10,2,3000,500,1000,0,0,0,0,0,0,0,0,0,0,65.25,-1,0,0,0,-43.25,0,0,0,0,0,0,1000
4230,10,3,3000,500,1000,0,0,0,0,0,0,0,0,0,0,65.25,-1,0,0,0,-43.25,0,0,0,0,0,0,1000
4231,10,4,3000,500,1000,0,0,0,0,0,0,0,0,0,0,65.25,-1,0,0,0,-43.25,0,0,0,0,0,0,1000
4232,10,5,3000,500,1000,0,0,0,0,0,0,0,0,0,0,65.25,-1,0,0,0,-43.25,0,0,0,0,0,0,1000
4233,10,6,3000,500,1000,0,0,0,0,0,0,0,0,0,0,65.25,-1,0,0,0,-43.25,0,0,0,0,0,0,1000
4234,10,7,3000,500,1000,0,0,0,0,0,0,0,0,0,0,65.25,-1,0,0,0,-43.25,0,0,0,0,0,0,1000
4235,10,8,3000,500,1000,0,0,0,0,0,0,0,0,0,0,65.25,-1,0,0,0,-43.25,0,0,0,0,0,0,1000
4236,10,9,3000,500,1000,0,0,0,0,0,0,0,0,0,0,65.25,-1,0,0,0,-43.25,0,0,0,0,0,0,1000
4237,3500,1,2000,500,1000,0,0,0,0,0,0,0,0,0,0,65.25,-1,0,0,0,-43.25,0,0,0,0,0,0,1000
4238,3500,2,2000,500,1000,0,0,0,0,0,0,0,0,0,0,65.25,-1,0,0,0,-43.25,0,0,0,0,0,0,1000
4239,3500,3,2000,500,1000,0,0,0,0,0,0,0,0,0,0,65.25,-1,0,0,0,-43.25,0,0,0,0,0,0,1000
4240,3500,4,2000,500,1000,0,0,0,0,0,0,0,0,0,0,65.25,-1,0,0,0,-43.25,0,0,0,0,0,0,1000
4241,3500,5,2000,500,1000,0,0,0,0,0,0,0,0,0,0,61.04999923706055,-1,0,0,0,-43.25,0,0,0,0,0,0,1000
4242,3500,6,2000,500,1000,0,0,0,0,0,0,0,0,0,0,56.849998474121094,-1,0,0,0,-43.25,0,0,0,0,0,0,1000
4243,3500,7,2000,500,1000,0,0,0,0,0,0,0,0,0,0,52.650001525878906,-1,0,0,0,-43.25,0,0,0,0,0,0,1000
4244,3500,8,2000,500,1000,0,0,0,0,0,0,0,0,0,0,48.45000076293945,-1,0,0,0,-43.25,0,0,0,0,0,0,1000
4245,3500,9,2000,500,1000,0,0,0,0,0,0,0,0,0,0,45.25,-1,0,0,0,-43.25,0,0,0,0,0,0,1000
4246,3500,9,2000,500,935,0,0,0,0,0,0,0,0,0,0,45.25,-1,0,0,0,-43.25,0,0,0,0,0,0,1018
4247,3500,9,2000,500,935,0,0,0,0,0,0,0,0,0,0,45.25,-1,0,0,0,-43.25,0,0,0,0,0,0,1018
4248,3500,9,2000,500,935,0,0,0,0,0,0,0,0,0,0,45.25,-1,0,0,0,-43.25,0,0,0,0,0,0,1018
4249,3500,9,2000,500,935,0,0,0,0,0,0,0,0,0,0,45.25,-1,0,0,0,-43.25,0,0,0,0,0,0,1018
4250,3500,9,2000,500,935,0,0,0,0,0,0,0,0,0,0,45.25,-1,0,0,0,-43.25,0,0,0,0,0,0,1018
4251,3500,9,2000,500,935,0,0,0,0,0,0,0,0,0,0,45.25,-1,0,0,0,-43.25,0,0,0,0,0,0,1018
4252,3500,10,2000,500,935,0,0,0,0,0,0,0,0,0,0,43.150001525878906,-1,0,0,0,-43.25,0,0,0,0,0,0,1018
4253,3500,11,2000,500,935,0,0,0,0,0,0,0,0,0,0,41.04999923706055,-1,0,0,0,-43.25,0,0,0,0,0,0,1018
4254,3500,12,2000,500,935,0,0,0,0,0,0,0,0,0,0,38.95000076293945,-1,0,0,0,-43.25,0,0,0,0,0,0,1018
4255,3500,13,2000,500,935,0,0,0,0,0,0,0,0,0,0,36.849998474121094,-1,0,0,0,-43.25,0,0,0,0,0,0,1018
4256,3500,14,2000,500,935,0,0,0,0,0,0,0,0,0,0,35.75,-1,0,0,0,-43.25,0,0,0,0,0,0,2018
4257,3500,15,2000,500,935,0,0,0,0,0,0,0,0,0,0,34.5,-1,0,0,0,-43.25,0,0,0,0,0,0,2018
4258,3500,16,2000,500,935,0,0,0,0,0,0,0,0,0,0,33.122501373291016,-1,0,0,0,-43.25,0,0,0,0,0,0,2018
4259,3500,17,2000,500,935,0,0,0,0,0,0,0,0,0,0,31.63662338256836,-1,0,0,0,-43.25,0,0,0,0,0,0,2018
4260,3500,18,2000,500,935,0,0,0,0,0,0,0,0,0,0,30.058631896972656,-1,0,0,0,-43.25,0,0,0,0,0,0,2018
4261,3500,19,2000,500,935,0,0,0,0,0,0,0,0,0,0,27.958633422851562,-1,0,0,0,-43.25,0,0,0,0,0,0,2018
4262,3500,20,2000,500,935,0,0,0,0,0,0,0,0,0,0,27.958633422851562,-1,0,0,0,-43.25,0,0,0,0,0,0,2018
4263,3500,21,2000,500,935,0,0,0,0,0,0,0,0,0,0,27.958633422851562,-1,0,0,0,-43.25,0,0,0,0,0,0,2018
4264,3500,22,2000,500,935,0,0,0,0,0,0,0,0,0,0,27.958633422851562,-1,0,0,0,-43.25,0,0,0,0,0,0,2018
4265,3500,23,2000,500,935,0,0,0,0,0,0,0,0,0,0,27.958633422851562,-1,0,0,0,-43.25,0,0,0,0,0,0,2018
4266,3500,24,2000,500,935,0,0,0,0,0,0,0,0,0,0,27.958633422851562,-1,0,0,0,-43.25,0,0,0,0,0,0,2018
4267,3500,25,2000,500,935,0,0,0,0,0,0,0,0,0,0,27.958633422851562,-1,0,0,0,-43.25,0,0,0,0,0,0,2018
4268,3500,26,2000,500,935,0,0,0,0,0,0,0,0,0,0,27.958633422851562,-1,0,0,0,-43.25,0,0,0,0,0,0,2018
4269,3500,27,2000,500,935,0,0,0,0,0,0,0,0,0,0,27.958633422851562,-1,0,0,0,-43.25,0,0,0,0,0,0,2018
4270,3500,28,2000,500,935,0,0,0,0,0,0,0,0,0,0,27.958633422851562,-1,0,0,0,-43.25,0,0,0,0,0,0,2018
4271,3500,29,2000,500,935,0,0,0,0,0,0,0,0,0,0,27.958633422851562,-1,0,0,0,-43.25,0,0,0,0,0,0,2018
4272,3500,29,2000,500,830,0,0,0,0,0,0,0,0,0,0,27.958633422851562,-1,0,0,0,-43.25,0,0,0,0,0,0,3036
4273,3500,29,2000,500,830,0,0,0,0,0,0,0,0,0,0,27.958633422851562,-1,0,0,0,-43.25,0,0,0,0,0,0,3036
4274,3500,29,2000,500,830,0,0,0,0,0,0,0,0,0,0,27.958633422851562,-1,0,0,0,-43.25,0,0,0,0,0,0,3036
4275,3500,29,2000,500,830,0,0,0,0,0,0,0,0,0,0,27.958633422851562,-1,0,0,0,-43.25,0,0,0,0,0,0,3036
4276,3500,29,2000,500,830,0,0,0,0,0,0,0,0,0,0,27.958633422851562,-1,0,0,0,-43.25,0,0,0,0,0,0,3036
4277,3500,29,2000,500,830,0,0,0,0,0,0,0,0,0,0,27.958633422851562,-1,0,0,0,-43.25,0,0,0,0,0,0,3036
4278,3500,30,2000,500,830,0,0,0,0,0,0,0,0,0,0,27.958633422851562,-1,0,0,0,-43.25,0,0,0,0,0,0,3036
4279,3500,31,2000,500,830,0,0,0,0,0,0,0,0,0,0,27.958633422851562,-1,0,0,0,-43.25,0,0,0,0,0,0,3036
4280,3500,32,2000,500,830,0,0,0,0,0,0,0,0,0,0,27.958633422851562,-1,0,0,0,-43.25,0,0,0,0,0,0,3036
4281,3500,33,2000,500,830,0,0,0,0,0,0,0,0,0,0,27.958633422851562,-1,0,0,0,-43.25,0,0,0,0,0,0,3036
4282,3500,34,2000,500,830,0,0,0,0,0,0,0,0,0,0,27.958633422851562,-1,0,0,0,-43.25,0,0,0,0,0,0,3036
4283,3500,35,2000,500,830,0,0,0,0,0,0,0,0,0,0,27.958633422851562,-1,0,0,0,-43.25,0,0,0,0,0,0,3036
4284,3500,36,2000,500,830,0,0,0,0,0,0,0,0,0,0,27.958633422851562,-1,0,0,0,-43.25,0,0,0,0,0,0,3036
4285,3500,37,2000,500,830,0,0,0,0,0,0,0,0,0,0,27.958633422851562,-1,0,0,0,-43.25,0,0,0,0,0,0,3036
4286,3500,38,2000,500,830,0,0,0,0,0,0,0,0,0,0,27.958633422851562,-1,0,0,0,-43.25,0,0,0,0,0,0,3036
4287,3500,39,2000,500,830,0,0,0,0,0,0,0,0,0,0,27.958633422851562,-1,0,0,0,-43.25,0,0,0,0,0,0,3036
4288,3500,40,2000,500,830,0,0,0,0,0,0,0,0,0,0,27.958633422851562,-1,0,0,0,-43.25,0,0,0,0,0,0,3036
4289,3500,41,2000,500,830,0,0,0,0,0,0,0,0,0,0,27.958633422851562,-1,0,0,0,-43.25,0,0,0,0,0,0,3036
4290,3500,42,2000,500,830,0,0,0,0,0,0,0,0,0,0,27.958633422851562,-1,0,0,0,-43.25,0,0,0,0,0,0,3036
4291,3500,43,2000,500,830,0,0,0,0,0,0,0,0,0,0,27.958633422851562,-1,0,0,0,-43.25,0,0,0,0,0,0,3036
4292,3500,44,2000,500,830,0,0,0,0,0,0,0,0,0,0,27.958633422851562,-1,0,0,0,-43.25,0,0,0,0,0,0,3036
4293,3500,45,2000,500,830,0,0,0,0,0,0,0,0,0,0,27.958633422851562,-1,0,0,0,-43.25,0,0,0,0,0,0,3036
4294,3500,46,2000,500,830,0,0,0,0,0,0,0,0,0,0,27.958633422851562,-1,0,0,0,-43.25,0,0,0,0,0,0,3036
4295,3500,47,2000,500,830,0,0,0,0,0,0,0,0,0,0,27.958633422851562,-1,0,0,0,-43.25,0,0,0,0,0,0,3036
4296,3500,48,2000,500,830,0,0,0,0,0,0,0,0,0,0,27.958633422851562,-1,0,0,0,-43.25,0,0,0,0,0,0,3036
4297,3500,49,2000,500,830,0,0,0,0,0,0,0,0,0,0,27.958633422851562,-1,0,0,0,-43.25,0,0,0,0,0,0,3036
4298,3500,50,2000,500,830,0,0,0,0,0,0,0,0,0,0,27.958633422851562,-1,0,0,0,-43.25,0,0,0,0,0,0,3036
4299,3500,51,2000,500,830,0,0,0,0,0,0,0,0,0,0,27.958633422851562,-1,0,0,0,-43.25,0,0,0,0,0,0,3036
4300,3500,52,2000,500,830,0,0,0,0,0,0,0,0,0,0,27.958633422851562,-1,0,0,0,-43.25,0,0,0,0,0,0,3036
4301,3500,53,2000,500,830,0,0,0,0,0,0,0,0,0,0,27.958633422851562,-1,0,0,0,-43.25,0,0,0,0,0,0,3036
4302,3500,54,2000,500,830,0,0,0,0,0,0,0,0,0,0,27.958633422851562,-1,0,0,0,-43.25,0,0,0,0,0,0,3036
4303,3500,55,2000,500,830,0,0,0,0,0,0,0,0,0,0,27.958633422851562,-1,0,0,0,-43.25,0,0,0,0,0,0,3036
4304,3500,56,2000,500,830,0,0,0,0,0,0,0,0,0,0,27.958633422851562,-1,0,0,0,-43.25,0,0,0,0,0,0,3036
4305,3500,57,2000,500,830,0,0,0,0,0,0,0,0,0,0,27.958633422851562,-1,0,0,0,-43.25,0,0,0,0,0,0,3036
4306,3500,58,2000,500,830,0,0,0,0,0,0,0,0,0,0,27.958633422851562,-1,0,0,0,-43.25,0,0,0,0,0,0,3036
4307,0,1,2000,500,830,0,0,0,0,0,0,0,0,0,0,27.958633422851562,-1,0,0,0,-43.25,0,0,0,0,0,0,3036
4308,0,2,2000,500,830,0,0,0,0,0,0,0,0,0,0,29.958633422851562,-1,0,0,0,-43.25,0,0,0,0,0,0,3036
4309,0,3,2000,500,830,0,0,0,0,0,0,0,0,0,0,33.95863342285156,-1,0,0,0,-45.25,0,0,0,0,0,0,3036
4310,0,4,2000,500,830,0,0,0,0,0,0,0,0,0,0,37.95863342285156,-1,0,0,0,-49.25,0,0,0,0,0,0,3036
4311,0,5,2000,500,830,0,0,0,0,0,0,0,0,0,0,41.95863342285156,-1,0,0,0,-53.25,0,0,0,0,0,0,3036
4312,0,6,2000,500,830,0,0,0,0,0,0,0,0,0,0,45.95863342285156,-1,0,0,0,-57.25,0,0,0,0,0,0,3036
4313,0,7,2000,500,830,0,0,0,0,0,0,0,0,0,0,49.95863342285156,-1,0,0,0,-61.25,0,0,0,0,0,0,3036
4314,0,8,2000,500,830,0,0,0,0,0,0,0,0,0,0,53.95863342285156,-1,0,0,0,-65.25,0,0,0,0,0,0,3036
4315,0,9,2000,500,830,0,0,0,0,0,0,0,0,0,0,57.95863342285156,-1,0,0,0,-69.25,0,0,0,0,0,0,3036
4316,0,10,2000,500,830,0,0,0,0,0,0,0,0,0,0,61.95863342285156,-1,0,0,0,-73.25,0,0,0,0,0,0,3036
4317,0,11,2000,500,830,0,0,0,0,0,0,0,0,0,0,65.95863342285156,-1,0,0,0,-77.25,0,0,0,0,0,0,3036
4318,0,12,2000,500,830,0,0,0,0,0,0,0,0,0,0,69.95863342285156,-1,0,0,0,-81.25,0,0,0,0,0,0,3036
4319,0,13,2000,500,830,0,0,0,0,0,0,0,0,0,0,73.95863342285156,-1,0,0,0,-85.25,0,0,0,0,0,0,3036
4320,0,14,2000,500,830,0,0,0,0,0,0,0,0,0,0,77.95863342285156,-1,0,0,0,-89.25,0,0,0,0,0,0,3036
4321,0,15,2000,500,830,0,0,0,0,0,0,0,0,0,0,81.95863342285156,-1,0,0,0,-93.25,0,0,0,0,0,0,3036
4322,0,16,2000,500,830,0,0,0,0,0,0,0,0,0,0,85.95863342285156,-1,0,0,0,-97.25,0,0,0,0,0,0,3036
4323,0,17,2000,500,830,0,0,0,0,0,0,0,0,0,0,89.95863342285156,-1,0,0,0,-101.25,0,0,0,0,0,0,3036
4324,0,18,2000,500,830,0,0,0,0,0,0,0,0,0,0,93.95863342285156,-1,0,0,0,-105.25,0,0,0,0,0,0,3036
4325,0,19,2000,500,830,0,0,0,0,0,0,0,0,0,0,97.95863342285156,-1,0,0,0,-109.25,0,0,0,0,0,0,3036
4326,0,20,2000,500,830,0,0,0,0,0,0,0,0,0,0,97.95863342285156,-1,0,0,0,-113.25,0,0,0,0,0,0,3036
4327,0,21,2000,500,830,0,0,0,0,0,0,0,0,0,0,97.95863342285156,-1,0,0,0,-113.25,0,0,0,0,0,0,3036
4328,0,22,2000,500,830,0,0,0,0,0,0,0,0,0,0,97.95863342285156,-1,0,0,0,-113.25,0,0,0,0,0,0,3036
4329,0,23,2000,500,830,0,0,0,0,0,0,0,0,0,0,97.95863342285156,-1,0,0,0,-113.25,0,0,0,0,0,0,3036
4330,0,24,2000,500,830,0,0,0,0,0,0,0,0,0,0,97.95863342285156,-1,0,0,0,-113.25,0,0,0,0,0,0,3036
4331,0,25,2000,500,830,0,0,0,0,0,0,0,0,0,0,97.95863342285156,-1,0,0,0,-113.25,0,0,0,0,0,0,3036
4332,0,26,2000,500,830,0,0,0,0,0,0,0,0,0,0,97.95863342285156,-1,0,0,0,-113.25,0,0,0,0,0,0,3036
4333,0,27,2000,500,830,0,0,0,0,0,0,0,0,0,0,97.95863342285156,-1,0,0,0,-113.25,0,0,0,0,0,0,3036
4334,0,28,2000,500,830,0,0,0,0,0,0,0,0,0,0,100.95863342285156,-1,0,0,0,-113.25,0,0,0,0,0,0,3036
4335,0,29,2000,500,830,0,0,0,0,0,0,0,0,0,0,103.95863342285156,-1,0,0,0,-116.25,0,0,0,0,0,0,3036
4336,0,30,2000,500,830,0,0,0,0,0,0,0,0,0,0,106.95863342285156,-1,0,0,0,-119.25,0,0,0,0,0,0,3036
4337,0,31,2000,500,830,0,0,0,0,0,0,0,0,0,0,109.95863342285156,-1,0,0,0,-122.25,0,0,0,0,0,0,3036
4338,0,32,2000,500,830,0,0,0,0,0,0,0,0,0,0,111.45863342285156,-1,0,0,0,-125.25,0,0,0,0,0,0,3036
4339,0,33,2000,500,830,0,0,0,0,0,0,0,0,0,0,112.95863342285156,-1,0,0,0,-126.75,0,0,0,0,0,0,3036
4340,0,34,2000,500,830,0,0,0,0,0,0,0,0,0,0,114.45863342285156,-1,0,0,0,-128.25,0,0,0,0,0,0,3036
4341,0,35,2000,500,830,0,0,0,0,0,0,0,0,0,0,115.95863342285156,-1,0,0,0,-129.75,0,0,0,0,0,0,3036
4342,0,36,2000,500,830,0,0,0,0,0,0,0,0,0,0,117.45863342285156,-1,0,0,0,-131.25,0,0,0,0,0,0,3036
4343,0,37,2000,500,830,0,0,0,0,0,0,0,0,0,0,118.95863342285156,-1,0,0,0,-132.75,0,0,0,0,0,0,3036
4344,0,38,2000,500,830,0,0,0,0,0,0,0,0,0,0,120.45863342285156,-1,0,0,0,-134.25,0,0,0,0,0,0,3036
4345,0,39,2000,500,830,0,0,0,0,0,0,0,0,0,0,121.95863342285156,-1,0,0,0,-135.75,0,0,0,0,0,0,3036
4346,0,40,2000,500,830,0,0,0,0,0,0,0,0,0,0,123.45863342285156,-1,0,0,0,-137.25,0,0,0,0,0,0,3036
4347,0,41,2000,500,830,0,0,0,0,0,0,0,0,0,0,124.95863342285156,-1,0,0,0,-138.75,0,0,0,0,0,0,3036
4348,0,42,2000,500,830,0,0,0,0,0,0,0,0,0,0,126.45863342285156,-1,0,0,0,-140.25,0,0,0,0,0,0,3036
4349,0,43,2000,500,830,0,0,0,0,0,0,0,0,0,0,127.95863342285156,-1,0,0,0,-141.75,0,0,0,0,0,0,3036
4350,0,44,2000,500,830,0,0,0,0,0,0,0,0,0,0,129.45863342285156,-1,0,0,0,-143.25,0,0,0,0,0,0,3036
4351,0,45,2000,500,830,0,0,0,0,0,0,0,0,0,0,130.95863342285156,-1,0,0,0,-144.75,0,0,0,0,0,0,3036
4352,0,46,2000,500,830,0,0,0,0,0,0,0,0,0,0,132.45863342285156,-1,0,0,0,-146.25,0,0,0,0,0,0,3036
4353,0,47,2000,500,830,0,0,0,0,0,0,0,0,0,0,133.95863342285156,-1,0,0,0,-147.75,0,0,0,0,0,0,3036
4354,0,48,2000,500,830,0,0,0,0,0,0,0,0,0,0,135.20863342285156,-1,0,0,0,-149.25,0,0,0,0,0,0,3036
4355,0,49,2000,500,830,0,0,0,0,0,0,0,0,0,0,136.45863342285156,-1,0,0,0,-150.5,0,0,0,0,0,0,3036
4356,0,50,2000,500,830,0,0,0,0,0,0,0,0,0,0,137.20863342285156,-1,0,0,0,-151.75,0,0,0,0,0,0,3036
4357,0,51,2000,500,830,0,0,0,0,0,0,0,0,0,0,137.95863342285156,-1,0,0,0,-152.5,0,0,0,0,0,0,3036
4358,0,52,2000,500,830,0,0,0,0,0,0,0,0,0,0,138.70863342285156,-1,0,0,0,-153.25,0,0,0,0,0,0,3036
4359,0,53,2000,500,830,0,0,0,0,0,0,0,0,0,0,139.20863342285156,-1,0,0,0,-154,0,0,0,0,0,0,3036
4360,0,54,2000,500,830,0,0,0,0,0,0,0,0,0,0,139.70863342285156,-1,0,0,0,-154.5,0,0,0,0,0,0,3036
4361,0,55,2000,500,830,0,0,0,0,0,0,0,0,0,0,140.20863342285156,-1,0,0,0,-155,0,0,0,0,0,0,3036
4362,0,56,2000,500,830,0,0,0,0,0,0,0,0,0,0,140.45863342285156,-1,0,0,0,-155.5,0,0,0,0,0,0,3036
4363,0,57,2000,500,830,0,0,0,0,0,0,0,0,0,0,140.70863342285156,-1,0,0,0,-155.75,0,0,0,0,0,0,3036
4364,0,58,2000,500,830,0,0,0,0,0,0,0,0,0,0,140.95863342285156,-1,0,0,0,-156,0,0,0,0,0,0,3036
4365,0,59,2000,500,830,0,0,0,0,0,0,0,0,0,0,141.20863342285156,-1,0,0,0,-156.25,0,0,0,0,0,0,3036
4366,0,60,2000,500,830,0,0,0,0,0,0,0,0,0,0,141.45863342285156,-1,0,0,0,-156.5,0,0,0,0,0,0,3036
4367,0,61,2000,500,830,0,0,0,0,0,0,0,0,0,0,141.70863342285156,-1,0,0,0,-156.75,0,0,0,0,0,0,3036
4368,0,62,2000,500,830,0,0,0,0,0,0,0,0,0,0,141.70863342285156,-1,0,0,0,-157,0,0,0,0,0,0,3036
4369,0,63,2000,500,830,0,0,0,0,0,0,0,0,0,0,141.95863342285156,-1,0,0,0,-157,0,0,0,0,0,0,3036
4370,0,64,2000,500,830,0,0,0,0,0,0,0,0,0,0,141.95863342285156,-1,0,0,0,-157.25,0,0,0,0,0,0,3036
4371,0,65,2000,500,830,0,0,0,0,0,0,0,0,0,0,141.95863342285156,-1,0,0,0,-157.25,0,0,0,0,0,0,3036
4372,0,66,2000,500,830,0,0,0,0,0,0,0,0,0,0,142.20863342285156,-1,0,0,0,-157.25,0,0,0,0,0,0,3036
4373,0,67,2000,500,830,0,0,0,0,0,0,0,0,0,0,142.20863342285156,-1,0,0,0,-157.5,0,0,0,0,0,0,3036
4374,0,68,2000,500,830,0,0,0,0,0,0,0,0,0,0,142.20863342285156,-1,0,0,0,-157.5,0,0,0,0,0,0,3036
4375,0,69,2000,500,830,0,0,0,0,0,0,0,0,0,0,142.20863342285156,-1,0,0,0,-157.5,0,0,0,0,0,0,3036
4376,0,70,2000,500,830,0,0,0,0,0,0,0,0,0,0,142.20863342285156,-1,0,0,0,-157.5,0,0,0,0,0,0,3036
4377,0,71,2000,500,830,0,0,0,0,0,0,0,0,0,0,142.20863342285156,-1,0,0,0,-157.5,0,0,0,0,0,0,3036
4378,0,72,2000,500,830,0,0,0,0,0,0,0,0,0,0,142.20863342285156,-1,0,0,0,-157.5,0,0,0,0,0,0,3036
4379,0,73,2000,500,830,0,0,0,0,0,0,0,0,0,0,142.20863342285156,-1,0,0,0,-157.5,0,0,0,0,0,0,3036
4380,0,74,2000,500,830,0,0,0,0,0,0,0,0,0,0,142.20863342285156,-1,0,0,0,-157.5,0,0,0,0,0,0,3036
4381,0,75,2000,500,830,0,0,0,0,0,0,0,0,0,0,142.20863342285156,-1,0,0,0,-157.5,0,0,0,0,0,0,3036
4382,0,76,2000,500,830,0,0,0,0,0,0,0,0,0,0,142.20863342285156,-1,0,0,0,-157.5,0,0,0,0,0,0,3036
4383,0,77,2000,500,830,0,0,0,0,0,0,0,0,0,0,142.20863342285156,-1,0,0,0,-157.5,0,0,0,0,0,0,3036
4384,0,78,2000,500,830,0,0,0,0,0,0,0,0,0,0,142.20863342285156,-1,0,0,0,-157.5,0,0,0,0,0,0,3036
4385,0,79,2000,500,830,0,0,0,0,0,0,0,0,0,0,142.20863342285156,-1,0,0,0,-157.5,0,0,0,0,0,0,3036
4386,0,80,2000,500,830,0,0,0,0,0,0,0,0,0,0,142.20863342285156,-1,0,0,0,-157.5,0,0,0,0,0,0,3036
4387,0,81,2000,500,830,0,0,0,0,0,0,0,0,0,0,142.20863342285156,-1,0,0,0,-157.5,0,0,0,0,0,0,3036
4388,0,82,2000,500,830,0,0,0,0,0,0,0,0,0,0,142.20863342285156,-1,0,0,0,-157.5,0,0,0,0,0,0,3036
4389,0,83,2000,500,830,0,0,0,0,0,0,0,0,0,0,142.20863342285156,-1,0,0,0,-157.5,0,0,0,0,0,0,3036
4390,0,84,2000,500,830,0,0,0,0,0,0,0,0,0,0,142.20863342285156,-1,0,0,0,-157.5,0,0,0,0,0,0,3036
4391,0,85,2000,500,830,0,0,0,0,0,0,0,0,0,0,142.20863342285156,-1,0,0,0,-157.5,0,0,0,0,0,0,3036
4392,0,86,2000,500,830,0,0,0,0,0,0,0,0,0,0,142.20863342285156,-1,0,0,0,-157.5,0,0,0,0,0,0,3036
4393,0,87,2000,500,830,0,0,0,0,0,0,0,0,0,0,142.20863342285156,-1,0,0,0,-157.5,0,0,0,0,0,0,3036
4394,0,88,2000,500,830,0,0,0,0,0,0,0,0,0,0,142.20863342285156,-1,0,0,0,-157.5,0,0,0,0,0,0,3036
4395,0,89,2000,500,830,0,0,0,0,0,0,0,0,0,0,142.20863342285156,-1,0,0,0,-157.5,0,0,0,0,0,0,3036
4396,0,90,2000,500,830,0,0,0,0,0,0,0,0,0,0,142.20863342285156,-1,0,0,0,-157.5,0,0,0,0,0,0,3036
4397,0,91,2000,500,830,0,0,0,0,0,0,0,0,0,0,142.20863342285156,-1,0,0,0,-157.5,0,0,0,0,0,0,3036
4398,0,92,2000,500,830,0,0,0,0,0,0,0,0,0,0,142.20863342285156,-1,0,0,0,-157.5,0,0,0,0,0,0,3036
4399,0,93,2000,500,830,0,0,0,0,0,0,0,0,0,0,142.20863342285156,-1,0,0,0,-157.5,0,0,0,0,0,0,3036
4400,0,94,2000,500,830,0,0,0,0,0,0,0,0,0,0,142.20863342285156,-1,0,0,0,-157.5,0,0,0,0,0,0,3036
4401,0,95,2000,500,830,0,0,0,0,0,0,0,0,0,0,142.20863342285156,-1,0,0,0,-157.5,0,0,0,0,0,0,3036
4402,0,96,2000,500,830,0,0,0,0,0,0,0,0,0,0,142.20863342285156,-1,0,0,0,-157.5,0,0,0,0,0,0,3036
4403,0,97,2000,500,830,0,0,0,0,0,0,0,0,0,0,142.20863342285156,-1,0,0,0,-157.5,0,0,0,0,0,0,3036
4404,0,98,2000,500,830,0,0,0,0,0,0,0,0,0,0,142.20863342285156,-1,0,0,0,-157.5,0,0,0,0,0,0,3036
4405,0,99,2000,500,830,0,0,0,0,0,0,0,0,0,0,142.20863342285156,-1,0,0,0,-157.5,0,0,0,0,0,0,3036
4406,0,100,2000,500,830,0,0,0,0,0,0,0,0,0,0,142.20863342285156,-1,0,0,0,-157.5,0,0,0,0,0,0,3036
4407,0,101,2000,500,830,0,0,0,0,0,0,0,0,0,0,142.20863342285156,-1,0,0,0,-157.5,0,0,0,0,0,0,3036
4408,0,102,2000,500,830,0,0,0,0,0,0,0,0,0,0,142.20863342285156,-1,0,0,0,-157.5,0,0,0,0,0,0,3036
4409,0,103,2000,500,830,0,0,0,0,0,0,0,0,0,0,142.20863342285156,-1,0,0,0,-157.5,0,0,0,0,0,0,3036
4410,0,104,2000,500,830,0,0,0,0,0,0,0,0,0,0,142.20863342285156,-1,0,0,0,-157.5,0,0,0,0,0,0,3036
4411,0,105,2000,500,830,0,0,0,0,0,0,0,0,0,0,142.20863342285156,-1,0,0,0,-157.5,0,0,0,0,0,0,3036
4412,0,106,2000,500,830,0,0,0,0,0,0,0,0,0,0,142.20863342285156,-1,0,0,0,-157.5,0,0,0,0,0,0,3036
4413,0,107,2000,500,830,0,0,0,0,0,0,0,0,0,0,142.20863342285156,-1,0,0,0,-157.5,0,0,0,0,0,0,3036
4414,0,108,2000,500,830,0,0,0,0,0,0,0,0,0,0,142.20863342285156,-1,0,0,0,-157.5,0,0,0,0,0,0,3036
4415,0,109,2000,500,830,0,0,0,0,0,0,0,0,0,0,142.20863342285156,-1,0,0,0,-157.5,0,0,0,0,0,0,3036
4416,0,110,2000,500,830,0,0,0,0,0,0,0,0,0,0,142.20863342285156,-1,0,0,0,-157.5,0,0,0,0,0,0,3036
4417,0,111,2000,500,830,0,0,0,0,0,0,0,0,0,0,142.20863342285156,-1,0,0,0,-157.5,0,0,0,0,0,0,3036
4418,0,112,2000,500,830,0,0,0,0,0,0,0,0,0,0,142.20863342285156,-1,0,0,0,-157.5,0,0,0,0,0,0,3036
4419,0,113,2000,500,830,0,0,0,0,0,0,0,0,0,0,142.20863342285156,-1,0,0,0,-157.5,0,0,0,0,0,0,3036
4420,0,114,2000,500,830,0,0,0,0,0,0,0,0,0,0,142.20863342285156,-1,0,0,0,-157.5,0,0,0,0,0,0,3036
4421,0,115,2000,500,830,0,0,0,0,0,0,0,0,0,0,142.20863342285156,-1,0,0,0,-157.5,0,0,0,0,0,0,3036
4422,0,116,2000,500,830,0,0,0,0,0,0,0,0,0,0,142.20863342285156,-1,0,0,0,-157.5,0,0,0,0,0,0,3036
4423,0,117,2000,500,830,0,0,0,0,0,0,0,0,0,0,142.20863342285156,-1,0,0,0,-157.5,0,0,0,0,0,0,3036
4424,0,118,2000,500,830,0,0,0,0,0,0,0,0,0,0,142.20863342285156,-1,0,0,0,-157.5,0,0,0,0,0,0,3036
4425,0,119,2000,500,830,0,0,0,0,0,0,0,0,0,0,142.20863342285156,-1,0,0,0,-157.5,0,0,0,0,0,0,3036
4426,0,120,2000,500,830,0,0,0,0,0,0,0,0,0,0,142.20863342285156,-1,0,0,0,-157.5,0,0,0,0,0,0,3036
4427,0,121,2000,500,830,0,0,0,0,0,0,0,0,0,0,142.20863342285156,-1,0,0,0,-157.5,0,0,0,0,0,0,3036
4428,0,122,2000,500,830,0,0,0,0,0,0,0,0,0,0,142.20863342285156,-1,0,0,0,-157.5,0,0,0,0,0,0,3036
4429,0,123,2000,500,830,0,0,0,0,0,0,0,0,0,0,142.20863342285156,-1,0,0,0,-157.5,0,0,0,0,0,0,3036
4430,0,124,2000,500,830,0,0,0,0,0,0,0,0,0,0,142.20863342285156,-1,0,0,0,-157.5,0,0,0,0,0,0,3036
4431,0,125,2000,500,830,0,0,0,0,0,0,0,0,0,0,142.20863342285156,-1,0,0,0,-157.5,0,0,0,0,0,0,3036
4432,0,126,2000,500,830,0,0,0,0,0,0,0,0,0,0,142.20863342285156,-1,0,0,0,-157.5,0,0,0,0,0,0,3036
4433,0,127,2000,500,830,0,0,0,0,0,0,0,0,0,0,142.20863342285156,-1,0,0,0,-157.5,0,0,0,0,0,0,3036
4434,0,128,2000,500,830,0,0,0,0,0,0,0,0,0,0,142.20863342285156,-1,0,0,0,-157.5,0,0,0,0,0,0,3036
4435,0,129,2000,500,830,0,0,0,0,0,0,0,0,0,0,142.20863342285156,-1,0,0,0,-157.5,0,0,0,0,0,0,3036
4436,0,130,2000,500,830,0,0,0,0,0,0,0,0,0,0,142.20863342285156,-1,0,0,0,-157.5,0,0,0,0,0,0,3036
4437,0,131,2000,500,830,0,0,0,0,0,0,0,0,0,0,142.20863342285156,-1,0,0,0,-157.5,0,0,0,0,0,0,3036
4438,0,132,2000,500,830,0,0,0,0,0,0,0,0,0,0,142.20863342285156,-1,0,0,0,-157.5,0,0,0,0,0,0,3036
4439,0,133,2000,500,830,0,0,0,0,0,0,0,0,0,0,142.20863342285156,-1,0,0,0,-157.5,0,0,0,0,0,0,3036
4440,0,134,2000,500,830,0,0,0,0,0,0,0,0,0,0,142.20863342285156,-1,0,0,0,-157.5,0,0,0,0,0,0,3036
4441,0,135,2000,500,830,0,0,0,0,0,0,0,0,0,0,142.20863342285156,-1,0,0,0,-157.5,0,0,0,0,0,0,3036
4442,0,136,2000,500,830,0,0,0,0,0,0,0,0,0,0,142.20863342285156,-1,0,0,0,-157.5,0,0,0,0,0,0,3036
4443,0,137,2000,500,830,0,0,0,0,0,0,0,0,0,0,142.20863342285156,-1,0,0,0,-157.5,0,0,0,0,0,0,3036
4444,0,138,2000,500,830,0,0,0,0,0,0,0,0,0,0,142.20863342285156,-1,0,0,0,-157.5,0,0,0,0,0,0,3036
4445,0,139,2000,500,830,0,0,0,0,0,0,0,0,0,0,142.20863342285156,-1,0,0,0,-157.5,0,0,0,0,0,0,3036
4446,0,140,2000,500,830,0,0,0,0,0,0,0,0,0,0,142.20863342285156,-1,0,0,0,-157.5,0,0,0,0,0,0,3036
4447,0,141,2000,500,830,0,0,0,0,0,0,0,0,0,0,142.20863342285156,-1,0,0,0,-157.5,0,0,0,0,0,0,3036
4448,0,142,2000,500,830,0,0,0,0,0,0,0,0,0,0,142.20863342285156,-1,0,0,0,-157.5,0,0,0,0,0,0,3036
4449,0,143,2000,500,830,0,0,0,0,0,0,0,0,0,0,142.20863342285156,-1,0,0,0,-157.5,0,0,0,0,0,0,3036
4450,0,144,2000,500,830,0,0,0,0,0,0,0,0,0,0,142.20863342285156,-1,0,0,0,-157.5,0,0,0,0,0,0,3036
4451,0,145,2000,500,830,0,0,0,0,0,0,0,0,0,0,142.20863342285156,-1,0,0,0,-157.5,0,0,0,0,0,0,3036
4452,0,146,2000,500,830,0,0,0,0,0,0,0,0,0,0,142.20863342285156,-1,0,0,0,-157.5,0,0,0,0,0,0,3036
4453,0,147,2000,500,830,0,0,0,0,0,0,0,0,0,0,142.20863342285156,-1,0,0,0,-157.5,0,0,0,0,0,0,3036
4454,0,148,2000,500,830,0,0,0,0,0,0,0,0,0,0,142.20863342285156,-1,0,0,0,-157.5,0,0,0,0,0,0,3036
4455,0,149,2000,500,830,0,0,0,0,0,0,0,0,0,0,142.20863342285156,-1,0,0,0,-157.5,0,0,0,0,0,0,3036
4456,0,150,2000,500,830,0,0,0,0,0,0,0,0,0,0,142.20863342285156,-1,0,0,0,-157.5,0,0,0,0,0,0,3036
4457,0,151,2000,500,830,0,0,0,0,0,0,0,0,0,0,142.20863342285156,-1,0,0,0,-157.5,0,0,0,0,0,0,3036
4458,0,152,2000,500,830,0,0,0,0,0,0,0,0,0,0,142.20863342285156,-1,0,0,0,-157.5,0,0,0,0,0,0,3036
4459,0,153,2000,500,830,0,0,0,0,0,0,0,0,0,0,142.20863342285156,-1,0,0,0,-157.5,0,0,0,0,0,0,3036
4460,0,154,2000,500,830,0,0,0,0,0,0,0,0,0,0,142.20863342285156,-1,0,0,0,-157.5,0,0,0,0,0,0,3036
4461,0,155,2000,500,830,0,0,0,0,0,0,0,0,0,0,142.20863342285156,-1,0,0,0,-157.5,0,0,0,0,0,0,3036
4462,0,156,2000,500,830,0,0,0,0,0,0,0,0,0,0,142.20863342285156,-1,0,0,0,-157.5,0,0,0,0,0,0,3036
4463,0,157,2000,500,830,0,0,0,0,0,0,0,0,0,0,142.20863342285156,-1,0,0,0,-157.5,0,0,0,0,0,0,3036
4464,0,158,2000,500,830,0,0,0,0,0,0,0,0,0,0,142.20863342285156,-1,0,0,0,-157.5,0,0,0,0,0,0,3036
4465,0,159,2000,500,830,0,0,0,0,0,0,0,0,0,0,142.20863342285156,-1,0,0,0,-157.5,0,0,0,0,0,0,3036
4466,0,160,2000,500,830,0,0,0,0,0,0,0,0,0,0,142.20863342285156,-1,0,0,0,-157.5,0,0,0,0,0,0,3036
4467,0,161,2000,500,830,0,0,0,0,0,0,0,0,0,0,142.20863342285156,-1,0,0,0,-157.5,0,0,0,0,0,0,3036
4468,0,162,2000,500,830,0,0,0,0,0,0,0,0,0,0,142.20863342285156,-1,0,0,0,-157.5,0,0,0,0,0,0,3036
4469,0,163,2000,500,830,0,0,0,0,0,0,0,0,0,0,142.20863342285156,-1,0,0,0,-157.5,0,0,0,0,0,0,3036
4470,0,164,2000,500,830,0,0,0,0,0,0,0,0,0,0,142.20863342285156,-1,0,0,0,-157.5,0,0,0,0,0,0,3036
4471,0,165,2000,500,830,0,0,0,0,0,0,0,0,0,0,142.20863342285156,-1,0,0,0,-157.5,0,0,0,0,0,0,3036
4472,0,166,2000,500,830,0,0,0,0,0,0,0,0,0,0,142.20863342285156,-1,0,0,0,-157.5,0,0,0,0,0,0,3036
4473,0,167,2000,500,830,0,0,0,0,0,0,0,0,0,0,142.20863342285156,-1,0,0,0,-157.5,0,0,0,0,0,0,3036
4474,0,168,2000,500,830,0,0,0,0,0,0,0,0,0,0,142.20863342285156,-1,0,0,0,-157.5,0,0,0,0,0,0,3036
4475,0,169,2000,500,830,0,0,0,0,0,0,0,0,0,0,142.20863342285156,-1,0,0,0,-157.5,0,0,0,0,0,0,3036
4476,0,170,2000,500,830,0,0,0,0,0,0,0,0,0,0,142.20863342285156,-1,0,0,0,-157.5,0,0,0,0,0,0,3036
4477,0,171,2000,500,830,0,0,0,0,0,0,0,0,0,0,142.20863342285156,-1,0,0,0,-157.5,0,0,0,0,0,0,3036
4478,0,172,2000,500,830,0,0,0,0,0,0,0,0,0,0,142.20863342285156,-1,0,0,0,-157.5,0,0,0,0,0,0,3036
4479,0,173,2000,500,830,0,0,0,0,0,0,0,0,0,0,142.20863342285156,-1,0,0,0,-157.5,0,0,0,0,0,0,3036
4480,0,174,2000,500,830,0,0,0,0,0,0,0,0,0,0,142.20863342285156,-1,0,0,0,-157.5,0,0,0,0,0,0,3036
4481,0,175,2000,500,830,0,0,0,0,0,0,0,0,0,0,142.20863342285156,-1,0,0,0,-157.5,0,0,0,0,0,0,3036
4482,0,176,2000,500,830,0,0,0,0,0,0,0,0,0,0,142.20863342285156,-1,0,0,0,-157.5,0,0,0,0,0,0,3036
4483,0,177,2000,500,830,0,0,0,0,0,0,0,0,0,0,142.20863342285156,-1,0,0,0,-157.5,0,0,0,0,0,0,3036
4484,0,178,2000,500,830,0,0,0,0,0,0,0,0,0,0,142.20863342285156,-1,0,0,0,-157.5,0,0,0,0,0,0,3036
4485,0,179,2000,500,830,0,0,0,0,0,0,0,0,0,0,142.20863342285156,-1,0,0,0,-157.5,0,0,0,0,0,0,3036
4486,0,180,2000,500,830,0,0,0,0,0,0,0,0,0,0,142.20863342285156,-1,0,0,0,-157.5,0,0,0,0,0,0,3036
4487,0,181,2000,500,830,0,0,0,0,0,0,0,0,0,0,142.20863342285156,-1,0,0,0,-157.5,0,0,0,0,0,0,3036
4488,0,182,2000,500,830,0,0,0,0,0,0,0,0,0,0,142.20863342285156,-1,0,0,0,-157.5,0,0,0,0,0,0,3036
4489,0,183,2000,500,830,0,0,0,0,0,0,0,0,0,0,142.20863342285156,-1,0,0,0,-157.5,0,0,0,0,0,0,3036
4490,0,184,2000,500,830,0,0,0,0,0,0,0,0,0,0,142.20863342285156,-1,0,0,0,-157.5,0,0,0,0,0,0,3036
4491,0,185,2000,500,830,0,0,0,0,0,0,0,0,0,0,142.20863342285156,-1,0,0,0,-157.5,0,0,0,0,0,0,3036
4492,0,186,2000,500,830,0,0,0,0,0,0,0,0,0,0,142.20863342285156,-1,0,0,0,-157.5,0,0,0,0,0,0,3036
4493,0,187,2000,500,830,0,0,0,0,0,0,0,0,0,0,142.20863342285156,-1,0,0,0,-157.5,0,0,0,0,0,0,3036
4494,0,188,2000,500,830,0,0,0,0,0,0,0,0,0,0,142.20863342285156,-1,0,0,0,-157.5,0,0,0,0,0,0,3036
4495,0,189,2000,500,830,0,0,0,0,0,0,0,0,0,0,142.20863342285156,-1,0,0,0,-157.5,0,0,0,0,0,0,3036
4496,0,190,2000,500,830,0,0,0,0,0,0,0,0,0,0,142.20863342285156,-1,0,0,0,-157.5,0,0,0,0,0,0,3036
4497,0,191,2000,500,830,0,0,0,0,0,0,0,0,0,0,142.20863342285156,-1,0,0,0,-157.5,0,0,0,0,0,0,3036
4498,0,192,2000,500,830,0,0,0,0,0,0,0,0,0,0,142.20863342285156,-1,0,0,0,-157.5,0,0,0,0,0,0,3036
4499,0,193,2000,500,830,0,0,0,0,0,0,0,0,0,0,142.20863342285156,-1,0,0,0,-157.5,0,0,0,0,0,0,3036
4500,0,194,2000,500,830,0,0,0,0,0,0,0,0,0,0,142.20863342285156,-1,0,0,0,-157.5,0,0,0,0,0,0,3036
4501,0,195,2000,500,830,0,0,0,0,0,0,0,0,0,0,142.20863342285156,-1,0,0,0,-157.5,0,0,0,0,0,0,3036
4502,0,196,2000,500,830,0,0,0,0,0,0,0,0,0,0,142.20863342285156,-1,0,0,0,-157.5,0,0,0,0,0,0,3036
4503,0,197,2000,500,830,0,0,0,0,0,0,0,0,0,0,142.20863342285156,-1,0,0,0,-157.5,0,0,0,0,0,0,3036
4504,0,198,2000,500,830,0,0,0,0,0,0,0,0,0,0,142.20863342285156,-1,0,0,0,-157.5,0,0,0,0,0,0,3036
4505,0,199,2000,500,830,0,0,0,0,0,0,0,0,0,0,142.20863342285156,-1,0,0,0,-157.5,0,0,0,0,0,0,3036
4506,0,200,2000,500,830,0,0,0,0,0,0,0,0,0,0,142.20863342285156,-1,0,0,0,-157.5,0,0,0,0,0,0,3036
4507,0,201,2000,500,830,0,0,0,0,0,0,0,0,0,0,142.20863342285156,-1,0,0,0,-157.5,0,0,0,0,0,0,3036
4508,0,202,2000,500,830,0,0,0,0,0,0,0,0,0,0,142.20863342285156,-1,0,0,0,-157.5,0,0,0,0,0,0,3036
4509,0,203,2000,500,830,0,0,0,0,0,0,0,0,0,0,142.20863342285156,-1,0,0,0,-157.5,0,0,0,0,0,0,3036
4510,0,1,3000,500,1000,500,0,0,0,0,0,0,0,0,0,145.00003051757812,-1,0,0,0,-157.5,0,0,0,0,0,0,1000
4511,0,2,3000,500,1000,499,0,0,0,0,0,0,0,0,0,145.00003051757812,-1,0,0,0,-157.5,0,0,0,0,0,0,1000
4512,0,3,3000,500,1000,498,0,0,0,0,0,0,0,0,0,145.00003051757812,-1,0,0,0,-157.5,0,0,0,0,0,0,1000
4513,0,4,3000,500,1000,497,0,0,0,0,0,0,0,0,0,145.00003051757812,-1,0,0,0,-157.5,0,0,0,0,0,0,1000
4514,0,5,3000,500,1000,496,0,0,0,0,0,0,0,0,0,145.00003051757812,-1,0,0,0,-157.5,0,0,0,0,0,0,1000
4515,0,6,3000,500,1000,495,0,0,0,0,0,0,0,0,0,145.00003051757812,-1,0,0,0,-157.5,0,0,0,0,0,0,1000
4516,0,7,3000,500,1000,494,0,0,0,0,0,0,0,0,0,145.00003051757812,-1,0,0,0,-157.5,0,0,0,0,0,0,1000
4517,0,8,3000,500,1000,493,0,0,0,0,0,0,0,0,0,145.00003051757812,-1,0,0,0,-157.5,0,0,0,0,0,0,1000
4518,0,9,3000,500,1000,492,0,0,0,0,0,0,0,0,0,145.00003051757812,-1,0,0,0,-157.5,0,0,0,0,0,0,1000
4519,10,1,3000,500,1000,491,0,0,0,0,0,0,0,0,0,145.00003051757812,-1,0,0,0,-157.5,0,0,0,0,0,0,1000
4520,10,2,3000,500,1000,490,0,0,0,0,0,0,0,0,0,145.00003051757812,-1,0,0,0,-157.5,0,0,0,0,0,0,1000
4521,10,3,3000,500,1000,489,0,0,0,0,0,0,0,0,0,145.00003051757812,-1,0,0,0,-157.5,0,0,0,0,0,0,1000
4522,10,4,3000,500,1000,488,0,0,0,0,0,0,0,0,0,145.00003051757812,-1,0,0,0,-157.5,0,0,0,0,0,0,1000
4523,10,5,3000,500,1000,487,0,0,0,0,0,0,0,0,0,145.00003051757812,-1,0,0,0,-157.5,0,0,0,0,0,0,1000
4524,10,6,3000,500,1000,486,0,0,0,0,0,0,0,0,0,145.00003051757812,-1,0,0,0,-157.5,0,0,0,0,0,0,1000
4525,12,1,3000,500,1000,485,0,0,0,0,0,0,0,0,0,145.00003051757812,-1,0,0,0,-157.5,0,0,0,0,0,0,1000
4526,20,1,3000,500,1000,484,0,0,0,0,0,0,0,0,0,144.00003051757812,-1,0,0,0,-157.5,0,0,0,0,0,0,1000
4527,20,2,3000,500,1000,483,0,0,0,0,0,0,0,0,0,144.00003051757812,-1,0,0,0,-156.5,0,0,0,0,0,0,1000
4528,10,1,3000,500,1000,482,0,0,0,0,0,0,0,0,0,144.00003051757812,-1,0,0,0,-155.5,0,0,0,0,0,0,1000
4529,10,2,3000,500,1000,481,0,0,0,0,0,0,0,0,0,144.00003051757812,-1,0,0,0,-155.5,0,0,0,0,0,0,1000
4530,10,3,3000,500,1000,480,0,0,0,0,0,0,0,0,0,144.00003051757812,-1,0,0,0,-155.5,0,0,0,0,0,0,1000
4531,10,4,3000,500,1000,479,0,0,0,0,0,0,0,0,0,144.00003051757812,-1,0,0,0,-155.5,0,0,0,0,0,0,1000
4532,10,5,3000,500,1000,478,0,0,0,0,0,0,0,0,0,144.00003051757812,-1,0,0,0,-155.5,0,0,0,0,0,0,1000
4533,10,6,3000,500,1000,477,0,0,0,0,0,0,0,0,0,144.00003051757812,-1,0,0,0,-155.5,0,0,0,0,0,0,1000
4534,4000,1,1000,500,1000,476,0,0,0,0,0,0,0,0,0,144.00003051757812,-1,0,0,0,-155.5,0,0,0,0,0,0,1000
4535,4000,2,1000,500,1000,0,0,0,0,0,0,0,0,0,0,144.00003051757812,-1,0,0,0,-155.5,0,0,0,0,0,0,1000
4536,4000,3,1000,500,1000,0,0,0,0,0,0,0,0,0,0,144.00003051757812,-1,0,0,0,-155.5,0,0,0,0,0,0,1000
4537,4000,4,1000,500,1000,0,0,0,0,0,0,0,0,0,0,141.75003051757812,-1,0,0,0,-155.5,0,0,0,0,0,0,1000
4538,4000,5,1000,500,1000,0,0,0,0,0,0,0,0,0,0,140.00003051757812,-1,0,0,0,-155.5,0,0,0,0,0,0,1000
4539,4000,6,1000,500,1000,0,0,0,0,0,0,0,0,0,0,138.25003051757812,-1,0,0,0,-155.5,0,0,0,0,0,0,1000
4540,4000,7,1000,500,1000,0,0,0,0,0,0,0,0,0,0,136.50003051757812,-1,0,0,0,-155.5,0,0,0,0,0,0,1000
4541,4000,8,1000,500,1000,0,0,0,0,0,0,0,0,0,0,134.75003051757812,-1,0,0,0,-155.5,0,0,0,0,0,0,1000
4542,4000,9,1000,500,1000,0,0,0,0,0,0,0,0,0,0,133.00003051757812,-1,0,0,0,-155.5,0,0,0,0,0,0,1000
4543,4000,10,1000,500,1000,0,0,0,0,0,0,0,0,0,0,131.25003051757812,-1,0,0,0,-155.5,0,0,0,0,0,0,1000
4544,4000,11,1000,500,1000,0,0,0,0,0,0,0,0,0,0,129.50003051757812,-1,0,0,0,-155.5,0,0,0,0,0,0,1000
4545,4000,12,1000,500,1000,0,0,0,0,0,0,0,0,0,0,127.75003051757812,-1,0,0,0,-155.5,0,0,0,0,0,0,1000
4546,4000,13,1000,500,1000,0,0,0,0,0,0,0,0,0,0,126.00003051757812,-1,0,0,0,-155.5,0,0,0,0,0,0,1000
4547,4000,14,1000,500,1000,0,0,0,0,0,0,0,0,0,0,126.00003051757812,-1,0,0,0,-155.5,0,0,0,0,0,0,1000
4548,4000,15,1000,500,1000,0,0,0,0,0,0,0,0,0,0,126.00003051757812,-1,0,0,0,-155.5,0,0,0,0,0,0,1132
4549,4000,16,1000,500,1000,0,0,0,0,0,0,0,0,0,0,126.00003051757812,-1,0,0,0,-155.5,0,0,0,0,0,0,1132
4550,4000,17,1000,500,1000,0,0,0,0,0,0,0,0,0,0,126.00003051757812,-1,0,0,0,-155.5,0,0,0,0,0,0,1132
4551,4000,18,1000,500,1000,0,0,0,0,0,0,0,0,0,0,126.00003051757812,-1,0,0,0,-155.5,0,0,0,0,0,0,1132
4552,4000,19,1000,500,1000,0,0,0,0,0,0,0,0,0,0,126.00003051757812,-1,0,0,0,-155.5,0,0,0,0,0,0,1132
4553,4000,20,1000,500,1000,0,0,0,0,0,0,0,0,0,0,126.00003051757812,-1,0,0,0,-155.5,0,0,0,0,0,0,1132
4554,4000,21,1000,500,1000,0,0,0,0,0,0,0,0,0,0,126.00003051757812,-1,0,0,0,-155.5,0,0,0,0,0,0,1132
4555,4000,22,1000,500,1000,0,0,0,0,0,0,0,0,0,0,126.00003051757812,-1,0,0,0,-155.5,0,0,0,0,0,0,1132
4556,4000,23,1000,500,1000,0,0,0,0,0,0,0,0,0,0,126.00003051757812,-1,0,0,0,-155.5,0,0,0,0,0,0,1132
4557,4000,24,1000,500,780,0,0,0,0,0,0,0,0,0,0,126.00003051757812,-1,0,0,0,-155.5,0,0,0,0,0,0,2132
4558,4000,25,1000,500,780,0,0,0,0,0,0,0,0,0,0,126.00003051757812,-1,0,0,0,-155.5,0,0,0,0,0,0,1982
4559,4000,26,1000,500,780,0,0,0,0,0,0,0,0,0,0,126.00003051757812,-1,0,0,0,-155.5,0,0,0,0,0,0,1982
4560,4000,27,1000,500,780,0,0,0,0,0,0,0,0,0,0,126.00003051757812,-1,0,0,0,-155.5,0,0,0,0,0,0,1982
4561,4000,28,1000,500,780,0,0,0,0,0,0,0,0,0,0,126.00003051757812,-1,0,0,0,-155.5,0,0,0,0,0,0,1982
4562,4000,29,1000,500,780,0,0,0,0,0,0,0,0,0,0,126.00003051757812,-1,0,0,0,-155.5,0,0,0,0,0,0,1982
4563,4000,30,1000,500,780,0,0,0,0,0,0,0,0,0,0,126.00003051757812,-1,0,0,0,-155.5,0,0,0,0,0,0,1982
4564,4000,31,1000,500,780,0,0,0,0,0,0,0,0,0,0,126.00003051757812,-1,0,0,0,-155.5,0,0,0,0,0,0,1982
4565,4000,32,1000,500,780,0,0,0,0,0,0,0,0,0,0,126.00003051757812,-1,0,0,0,-155.5,0,0,0,0,0,0,1982
4566,4000,33,1000,500,780,0,0,0,0,0,0,0,0,0,0,126.00003051757812,-1,0,0,0,-155.5,0,0,0,0,0,0,1982
4567,4000,34,1000,500,780,0,0,0,0,0,0,0,0,0,0,126.00003051757812,-1,0,0,0,-155.5,0,0,0,0,0,0,1982
4568,4000,35,1000,500,780,0,0,0,0,0,0,0,0,0,0,126.00003051757812,-1,0,0,0,-155.5,0,0,0,0,0,0,1982
4569,4000,36,1000,500,780,0,0,0,0,0,0,0,0,0,0,126.00003051757812,-1,0,0,0,-155.5,0,0,0,0,0,0,1982
4570,4000,37,1000,500,780,0,0,0,0,0,0,0,0,0,0,126.00003051757812,-1,0,0,0,-155.5,0,0,0,0,0,0,1982
4571,4000,38,1000,500,780,0,0,0,0,0,0,0,0,0,0,126.00003051757812,-1,0,0,0,-155.5,0,0,0,0,0,0,1982
4572,4000,39,1000,500,780,0,0,0,0,0,0,0,0,0,0,126.00003051757812,-1,0,0,0,-155.5,0,0,0,0,0,0,1982
4573,4000,40,1000,500,780,0,0,0,0,0,0,0,0,0,0,126.00003051757812,-1,0,0,0,-155.5,0,0,0,0,0,0,1982
4574,4000,41,1000,500,780,0,0,0,0,0,0,0,0,0,0,126.00003051757812,-1,0,0,0,-155.5,0,0,0,0,0,0,1982
4575,4000,42,1000,500,780,0,0,0,0,0,0,0,0,0,0,126.00003051757812,-1,0,0,0,-155.5,0,0,0,0,0,0,1982
4576,4000,43,1000,500,780,0,0,0,0,0,0,0,0,0,0,126.00003051757812,-1,0,0,0,-155.5,0,0,0,0,0,0,1982
4577,4000,44,1000,500,780,0,0,0,0,0,0,0,0,0,0,126.00003051757812,-1,0,0,0,-155.5,0,0,0,0,0,0,1982
4578,4000,45,1000,500,780,0,0,0,0,0,0,0,0,0,0,126.00003051757812,-1,0,0,0,-155.5,0,0,0,0,0,0,1982
4579,4000,46,1000,500,780,0,0,0,0,0,0,0,0,0,0,126.00003051757812,-1,0,0,0,-155.5,0,0,0,0,0,0,1982
4580,4000,47,1000,500,780,0,0,0,0,0,0,0,0,0,0,126.00003051757812,-1,0,0,0,-155.5,0,0,0,0,0,0,1982
4581,4000,48,1000,500,780,0,0,0,0,0,0,0,0,0,0,126.00003051757812,-1,0,0,0,-155.5,0,0,0,0,0,0,1982
4582,4000,49,1000,500,780,0,0,0,0,0,0,0,0,0,0,126.00003051757812,-1,0,0,0,-155.5,0,0,0,0,0,0,1982
4583,4000,50,1000,500,780,0,0,0,0,0,0,0,0,0,0,126.00003051757812,-1,0,0,0,-155.5,0,0,0,0,0,0,1982
4584,4000,51,1000,500,780,0,0,0,0,0,0,0,0,0,0,126.00003051757812,-1,0,0,0,-155.5,0,0,0,0,0,0,1982
4585,4000,52,1000,500,780,0,0,0,0,0,0,0,0,0,0,126.00003051757812,-1,0,0,0,-155.5,0,0,0,0,0,0,1982
4586,4000,53,1000,500,780,0,0,0,0,0,0,0,0,0,0,126.00003051757812,-1,0,0,0,-155.5,0,0,0,0,0,0,1982
4587,4000,54,1000,500,780,0,0,0,0,0,0,0,0,0,0,126.00003051757812,-1,0,0,0,-155.5,0,0,0,0,0,0,1982
4588,4000,55,1000,500,780,0,0,0,0,0,0,0,0,0,0,126.00003051757812,-1,0,0,0,-155.5,0,0,0,0,0,0,1982
4589,4000,56,1000,500,780,0,0,0,0,0,0,0,0,0,0,126.00003051757812,-1,0,0,0,-155.5,0,0,0,0,0,0,1982
4590,4000,57,1000,500,780,0,0,0,0,0,0,0,0,0,0,126.00003051757812,-1,0,0,0,-155.5,0,0,0,0,0,0,1982
4591,4000,58,1000,500,780,0,0,0,0,0,0,0,0,0,0,126.00003051757812,-1,0,0,0,-155.5,0,0,0,0,0,0,1982
4592,4000,59,1000,500,780,0,0,0,0,0,0,0,0,0,0,126.00003051757812,-1,0,0,0,-155.5,0,0,0,0,0,0,1982
4593,4000,60,1000,500,780,0,0,0,0,0,0,0,0,0,0,126.00003051757812,-1,0,0,0,-155.5,0,0,0,0,0,0,1982
4594,0,1,1000,500,780,0,0,0,0,0,0,0,0,0,0,126.00003051757812,-1,0,0,0,-155.5,0,0,0,0,0,0,1982
4595,0,2,1000,500,780,0,0,0,0,0,0,0,0,0,0,126.00003051757812,-1,0,0,0,-155.5,0,0,0,0,0,0,1982
4596,0,3,1000,500,780,0,0,0,0,0,0,0,0,0,0,126.00003051757812,-1,0,0,0,-155.5,0,0,0,0,0,0,1982
4597,0,4,1000,500,780,0,0,0,0,0,0,0,0,0,0,126.00003051757812,-1,0,0,0,-155.5,0,0,0,0,0,0,1982
4598,0,5,1000,500,780,0,0,0,0,0,0,0,0,0,0,126.00003051757812,-1,0,0,0,-155.5,0,0,0,0,0,0,1982
4599,0,6,1000,500,780,0,0,0,0,0,0,0,0,0,0,126.00003051757812,-1,0,0,0,-155.5,0,0,0,0,0,0,1982
4600,0,7,1000,500,780,0,0,0,0,0,0,0,0,0,0,126.00003051757812,-1,0,0,0,-155.5,0,0,0,0,0,0,1982
4601,0,8,1000,500,780,0,0,0,0,0,0,0,0,0,0,126.00003051757812,-1,0,0,0,-155.5,0,0,0,0,0,0,1982
4602,0,9,1000,500,780,0,0,0,0,0,0,0,0,0,0,126.00003051757812,-1,0,0,0,-155.5,0,0,0,0,0,0,1982
4603,0,10,1000,500,780,0,0,0,0,0,0,0,0,0,0,126.00003051757812,-1,0,0,0,-155.5,0,0,0,0,0,0,1982
4604,0,11,1000,500,780,0,0,0,0,0,0,0,0,0,0,126.00003051757812,-1,0,0,0,-155.5,0,0,0,0,0,0,1982
4605,0,12,1000,500,780,0,0,0,0,0,0,0,0,0,0,126.00003051757812,-1,0,0,0,-155.5,0,0,0,0,0,0,1982
4606,0,13,1000,500,780,0,0,0,0,0,0,0,0,0,0,126.00003051757812,-1,0,0,0,-155.5,0,0,0,0,0,0,1982
4607,0,14,1000,500,780,0,0,0,0,0,0,0,0,0,0,126.00003051757812,-1,0,0,0,-155.5,0,0,0,0,0,0,1982
4608,0,15,1000,500,780,0,0,0,0,0,0,0,0,0,0,126.00003051757812,-1,0,0,0,-155.5,0,0,0,0,0,0,1982
4609,0,16,1000,500,780,0,0,0,0,0,0,0,0,0,0,126.00003051757812,-1,0,0,0,-155.5,0,0,0,0,0,0,1982
4610,0,17,1000,500,780,0,0,0,0,0,0,0,0,0,0,126.00003051757812,-1,0,0,0,-155.5,0,0,0,0,0,0,1982
4611,0,18,1000,500,780,0,0,0,0,0,0,0,0,0,0,126.00003051757812,-1,0,0,0,-155.5,0,0,0,0,0,0,1982
4612,0,19,1000,500,780,0,0,0,0,0,0,0,0,0,0,126.00003051757812,-1,0,0,0,-155.5,0,0,0,0,0,0,1982
4613,0,20,1000,500,780,0,0,0,0,0,0,0,0,0,0,126.00003051757812,-1,0,0,0,-155.5,0,0,0,0,0,0,1982
4614,0,21,1000,500,780,0,0,0,0,0,0,0,0,0,0,126.00003051757812,-1,0,0,0,-155.5,0,0,0,0,0,0,1982
4615,0,22,1000,500,780,0,0,0,0,0,0,0,0,0,0,126.00003051757812,-1,0,0,0,-155.5,0,0,0,0,0,0,1982
4616,0,23,1000,500,780,0,0,0,0,0,0,0,0,0,0,126.00003051757812,-1,0,0,0,-155.5,0,0,0,0,0,0,1982
4617,0,24,1000,500,780,0,0,0,0,0,0,0,0,0,0,126.00003051757812,-1,0,0,0,-155.5,0,0,0,0,0,0,1982
4618,0,25,1000,500,780,0,0,0,0,0,0,0,0,0,0,126.00003051757812,-1,0,0,0,-155.5,0,0,0,0,0,0,1982
4619,0,26,1000,500,780,0,0,0,0,0,0,0,0,0,0,126.00003051757812,-1,0,0,0,-155.5,0,0,0,0,0,0,1982
4620,0,27,1000,500,780,0,0,0,0,0,0,0,0,0,0,126.00003051757812,-1,0,0,0,-155.5,0,0,0,0,0,0,1982
4621,0,28,1000,500,780,0,0,0,0,0,0,0,0,0,0,126.00003051757812,-1,0,0,0,-155.5,0,0,0,0,0,0,1982
4622,0,29,1000,500,780,0,0,0,0,0,0,0,0,0,0,126.00003051757812,-1,0,0,0,-155.5,0,0,0,0,0,0,1982
4623,0,30,1000,500,780,0,0,0,0,0,0,0,0,0,0,126.00003051757812,-1,0,0,0,-155.5,0,0,0,0,0,0,1982
4624,0,31,1000,500,780,0,0,0,0,0,0,0,0,0,0,126.00003051757812,-1,0,0,0,-155.5,0,0,0,0,0,0,1982
4625,0,32,1000,500,780,0,0,0,0,0,0,0,0,0,0,126.00003051757812,-1,0,0,0,-155.5,0,0,0,0,0,0,1982
4626,0,33,1000,500,780,0,0,0,0,0,0,0,0,0,0,126.00003051757812,-1,0,0,0,-155.5,0,0,0,0,0,0,1982
4627,0,34,1000,500,780,0,0,0,0,0,0,0,0,0,0,126.00003051757812,-1,0,0,0,-155.5,0,0,0,0,0,0,1982
4628,0,35,1000,500,780,0,0,0,0,0,0,0,0,0,0,126.00003051757812,-1,0,0,0,-155.5,0,0,0,0,0,0,1982
4629,0,36,1000,500,780,0,0,0,0,0,0,0,0,0,0,126.00003051757812,-1,0,0,0,-155.5,0,0,0,0,0,0,1982
4630,0,37,1000,500,780,0,0,0,0,0,0,0,0,0,0,126.00003051757812,-1,0,0,0,-155.5,0,0,0,0,0,0,1982
4631,0,38,1000,500,780,0,0,0,0,0,0,0,0,0,0,126.00003051757812,-1,0,0,0,-155.5,0,0,0,0,0,0,1982
4632,0,39,1000,500,780,0,0,0,0,0,0,0,0,0,0,126.00003051757812,-1,0,0,0,-155.5,0,0,0,0,0,0,1982
4633,0,40,1000,500,780,0,0,0,0,0,0,0,0,0,0,126.00003051757812,-1,0,0,0,-155.5,0,0,0,0,0,0,1982
4634,0,41,1000,500,780,0,0,0,0,0,0,0,0,0,0,126.00003051757812,-1,0,0,0,-155.5,0,0,0,0,0,0,1982
4635,0,42,1000,500,780,0,0,0,0,0,0,0,0,0,0,126.00003051757812,-1,0,0,0,-155.5,0,0,0,0,0,0,1982
4636,0,43,1000,500,780,0,0,0,0,0,0,0,0,0,0,126.00003051757812,-1,0,0,0,-155.5,0,0,0,0,0,0,1982
4637,0,44,1000,500,780,0,0,0,0,0,0,0,0,0,0,126.00003051757812,-1,0,0,0,-155.5,0,0,0,0,0,0,1982
4638,0,45,1000,500,780,0,0,0,0,0,0,0,0,0,0,126.00003051757812,-1,0,0,0,-155.5,0,0,0,0,0,0,1982
4639,0,46,1000,500,780,0,0,0,0,0,0,0,0,0,0,126.00003051757812,-1,0,0,0,-155.5,0,0,0,0,0,0,1982
4640,0,47,1000,500,780,0,0,0,0,0,0,0,0,0,0,126.00003051757812,-1,0,0,0,-155.5,0,0,0,0,0,0,1982
4641,0,48,1000,500,780,0,0,0,0,0,0,0,0,0,0,126.00003051757812,-1,0,0,0,-155.5,0,0,0,0,0,0,1982
4642,0,49,1000,500,780,0,0,0,0,0,0,0,0,0,0,126.00003051757812,-1,0,0,0,-155.5,0,0,0,0,0,0,1982
4643,0,50,1000,500,780,0,0,0,0,0,0,0,0,0,0,126.00003051757812,-1,0,0,0,-155.5,0,0,0,0,0,0,1982
4644,0,51,1000,500,780,0,0,0,0,0,0,0,0,0,0,126.00003051757812,-1,0,0,0,-155.5,0,0,0,0,0,0,1982
4645,0,52,1000,500,780,0,0,0,0,0,0,0,0,0,0,126.00003051757812,-1,0,0,0,-155.5,0,0,0,0,0,0,1982
4646,0,53,1000,500,780,0,0,0,0,0,0,0,0,0,0,126.00003051757812,-1,0,0,0,-155.5,0,0,0,0,0,0,1982
4647,0,54,1000,500,780,0,0,0,0,0,0,0,0,0,0,126.00003051757812,-1,0,0,0,-155.5,0,0,0,0,0,0,1982
4648,0,55,1000,500,780,0,0,0,0,0,0,0,0,0,0,126.00003051757812,-1,0,0,0,-155.5,0,0,0,0,0,0,1982
4649,0,56,1000,500,780,0,0,0,0,0,0,0,0,0,0,126.00003051757812,-1,0,0,0,-155.5,0,0,0,0,0,0,1982
4650,0,57,1000,500,780,0,0,0,0,0,0,0,0,0,0,126.00003051757812,-1,0,0,0,-155.5,0,0,0,0,0,0,1982
4651,0,58,1000,500,780,0,0,0,0,0,0,0,0,0,0,126.00003051757812,-1,0,0,0,-155.5,0,0,0,0,0,0,1982
4652,0,59,1000,500,780,0,0,0,0,0,0,0,0,0,0,126.00003051757812,-1,0,0,0,-155.5,0,0,0,0,0,0,1982
4653,0,60,1000,500,780,0,0,0,0,0,0,0,0,0,0,126.00003051757812,-1,0,0,0,-155.5,0,0,0,0,0,0,1982
4654,0,61,1000,500,780,0,0,0,0,0,0,0,0,0,0,126.00003051757812,-1,0,0,0,-155.5,0,0,0,0,0,0,1982
4655,0,62,1000,500,780,0,0,0,0,0,0,0,0,0,0,126.00003051757812,-1,0,0,0,-155.5,0,0,0,0,0,0,1982
4656,0,63,1000,500,780,0,0,0,0,0,0,0,0,0,0,126.00003051757812,-1,0,0,0,-155.5,0,0,0,0,0,0,1982
4657,0,64,1000,500,780,0,0,0,0,0,0,0,0,0,0,126.00003051757812,-1,0,0,0,-155.5,0,0,0,0,0,0,1982
4658,0,65,1000,500,780,0,0,0,0,0,0,0,0,0,0,126.00003051757812,-1,0,0,0,-155.5,0,0,0,0,0,0,1982
4659,0,66,1000,500,780,0,0,0,0,0,0,0,0,0,0,126.00003051757812,-1,0,0,0,-155.5,0,0,0,0,0,0,1982
4660,0,67,1000,500,780,0,0,0,0,0,0,0,0,0,0,126.00003051757812,-1,0,0,0,-155.5,0,0,0,0,0,0,1982
4661,0,68,1000,500,780,0,0,0,0,0,0,0,0,0,0,126.00003051757812,-1,0,0,0,-155.5,0,0,0,0,0,0,1982
4662,0,69,1000,500,780,0,0,0,0,0,0,0,0,0,0,126.00003051757812,-1,0,0,0,-155.5,0,0,0,0,0,0,1982
4663,0,70,1000,500,780,0,0,0,0,0,0,0,0,0,0,126.00003051757812,-1,0,0,0,-155.5,0,0,0,0,0,0,1982
4664,0,71,1000,500,780,0,0,0,0,0,0,0,0,0,0,126.00003051757812,-1,0,0,0,-155.5,0,0,0,0,0,0,1982
4665,0,72,1000,500,780,0,0,0,0,0,0,0,0,0,0,126.00003051757812,-1,0,0,0,-155.5,0,0,0,0,0,0,1982
4666,0,73,1000,500,780,0,0,0,0,0,0,0,0,0,0,126.00003051757812,-1,0,0,0,-155.5,0,0,0,0,0,0,1982
4667,0,74,1000,500,780,0,0,0,0,0,0,0,0,0,0,126.00003051757812,-1,0,0,0,-155.5,0,0,0,0,0,0,1982
4668,0,75,1000,500,780,0,0,0,0,0,0,0,0,0,0,126.00003051757812,-1,0,0,0,-155.5,0,0,0,0,0,0,1982
4669,0,76,1000,500,780,0,0,0,0,0,0,0,0,0,0,126.00003051757812,-1,0,0,0,-155.5,0,0,0,0,0,0,1982
4670,0,77,1000,500,780,0,0,0,0,0,0,0,0,0,0,126.00003051757812,-1,0,0,0,-155.5,0,0,0,0,0,0,1982
4671,0,78,1000,500,780,0,0,0,0,0,0,0,0,0,0,126.00003051757812,-1,0,0,0,-155.5,0,0,0,0,0,0,1982
4672,0,79,1000,500,780,0,0,0,0,0,0,0,0,0,0,126.00003051757812,-1,0,0,0,-155.5,0,0,0,0,0,0,1982
4673,0,80,1000,500,780,0,0,0,0,0,0,0,0,0,0,126.00003051757812,-1,0,0,0,-155.5,0,0,0,0,0,0,1982
4674,0,81,1000,500,780,0,0,0,0,0,0,0,0,0,0,126.00003051757812,-1,0,0,0,-155.5,0,0,0,0,0,0,1982
4675,0,82,1000,500,780,0,0,0,0,0,0,0,0,0,0,126.00003051757812,-1,0,0,0,-155.5,0,0,0,0,0,0,1982
4676,0,83,1000,500,780,0,0,0,0,0,0,0,0,0,0,126.00003051757812,-1,0,0,0,-155.5,0,0,0,0,0,0,1982
4677,0,84,1000,500,780,0,0,0,0,0,0,0,0,0,0,126.00003051757812,-1,0,0,0,-155.5,0,0,0,0,0,0,1982
4678,0,85,1000,500,780,0,0,0,0,0,0,0,0,0,0,126.00003051757812,-1,0,0,0,-155.5,0,0,0,0,0,0,1982
4679,0,86,1000,500,780,0,0,0,0,0,0,0,0,0,0,126.00003051757812,-1,0,0,0,-155.5,0,0,0,0,0,0,1982
4680,0,87,1000,500,780,0,0,0,0,0,0,0,0,0,0,126.00003051757812,-1,0,0,0,-155.5,0,0,0,0,0,0,1982
4681,0,88,1000,500,780,0,0,0,0,0,0,0,0,0,0,126.00003051757812,-1,0,0,0,-155.5,0,0,0,0,0,0,1982
4682,0,89,1000,500,780,0,0,0,0,0,0,0,0,0,0,126.00003051757812,-1,0,0,0,-155.5,0,0,0,0,0,0,1982
4683,0,90,1000,500,780,0,0,0,0,0,0,0,0,0,0,126.00003051757812,-1,0,0,0,-155.5,0,0,0,0,0,0,1982
4684,0,91,1000,500,780,0,0,0,0,0,0,0,0,0,0,126.00003051757812,-1,0,0,0,-155.5,0,0,0,0,0,0,1982
4685,0,92,1000,500,780,0,0,0,0,0,0,0,0,0,0,126.00003051757812,-1,0,0,0,-155.5,0,0,0,0,0,0,1982
4686,0,93,1000,500,780,0,0,0,0,0,0,0,0,0,0,126.00003051757812,-1,0,0,0,-155.5,0,0,0,0,0,0,1982
4687,0,94,1000,500,780,0,0,0,0,0,0,0,0,0,0,126.00003051757812,-1,0,0,0,-155.5,0,0,0,0,0,0,1982
4688,0,95,1000,500,780,0,0,0,0,0,0,0,0,0,0,126.00003051757812,-1,0,0,0,-155.5,0,0,0,0,0,0,1982
4689,0,96,1000,500,780,0,0,0,0,0,0,0,0,0,0,126.00003051757812,-1,0,0,0,-155.5,0,0,0,0,0,0,1982
4690,0,97,1000,500,780,0,0,0,0,0,0,0,0,0,0,126.00003051757812,-1,0,0,0,-155.5,0,0,0,0,0,0,1982
4691,0,98,1000,500,780,0,0,0,0,0,0,0,0,0,0,126.00003051757812,-1,0,0,0,-155.5,0,0,0,0,0,0,1982
4692,0,99,1000,500,780,0,0,0,0,0,0,0,0,0,0,126.00003051757812,-1,0,0,0,-155.5,0,0,0,0,0,0,1982
4693,0,100,1000,500,780,0,0,0,0,0,0,0,0,0,0,126.00003051757812,-1,0,0,0,-155.5,0,0,0,0,0,0,1982
4694,0,101,1000,500,780,0,0,0,0,0,0,0,0,0,0,126.00003051757812,-1,0,0,0,-155.5,0,0,0,0,0,0,1982
4695,0,102,1000,500,780,0,0,0,0,0,0,0,0,0,0,126.00003051757812,-1,0,0,0,-155.5,0,0,0,0,0,0,1982
4696,0,103,1000,500,780,0,0,0,0,0,0,0,0,0,0,126.00003051757812,-1,0,0,0,-155.5,0,0,0,0,0,0,1982
4697,0,104,1000,500,780,0,0,0,0,0,0,0,0,0,0,126.00003051757812,-1,0,0,0,-155.5,0,0,0,0,0,0,1982
4698,0,105,1000,500,780,0,0,0,0,0,0,0,0,0,0,126.00003051757812,-1,0,0,0,-155.5,0,0,0,0,0,0,1982
4699,0,106,1000,500,780,0,0,0,0,0,0,0,0,0,0,126.00003051757812,-1,0,0,0,-155.5,0,0,0,0,0,0,1982
4700,0,107,1000,500,780,0,0,0,0,0,0,0,0,0,0,126.00003051757812,-1,0,0,0,-155.5,0,0,0,0,0,0,1982
4701,0,108,1000,500,780,0,0,0,0,0,0,0,0,0,0,126.00003051757812,-1,0,0,0,-155.5,0,0,0,0,0,0,1982
4702,0,109,1000,500,780,0,0,0,0,0,0,0,0,0,0,126.00003051757812,-1,0,0,0,-155.5,0,0,0,0,0,0,1982
4703,0,110,1000,500,780,0,0,0,0,0,0,0,0,0,0,126.00003051757812,-1,0,0,0,-155.5,0,0,0,0,0,0,1982
4704,0,111,1000,500,780,0,0,0,0,0,0,0,0,0,0,126.00003051757812,-1,0,0,0,-155.5,0,0,0,0,0,0,1982
4705,0,112,1000,500,780,0,0,0,0,0,0,0,0,0,0,126.00003051757812,-1,0,0,0,-155.5,0,0,0,0,0,0,1982
4706,0,113,1000,500,780,0,0,0,0,0,0,0,0,0,0,126.00003051757812,-1,0,0,0,-155.5,0,0,0,0,0,0,1982
4707,0,114,1000,500,780,0,0,0,0,0,0,0,0,0,0,126.00003051757812,-1,0,0,0,-155.5,0,0,0,0,0,0,1982
4708,0,115,1000,500,780,0,0,0,0,0,0,0,0,0,0,126.00003051757812,-1,0,0,0,-155.5,0,0,0,0,0,0,1982
4709,0,116,1000,500,780,0,0,0,0,0,0,0,0,0,0,126.00003051757812,-1,0,0,0,-155.5,0,0,0,0,0,0,1982
4710,0,117,1000,500,780,0,0,0,0,0,0,0,0,0,0,126.00003051757812,-1,0,0,0,-155.5,0,0,0,0,0,0,1982
4711,0,118,1000,500,780,0,0,0,0,0,0,0,0,0,0,126.00003051757812,-1,0,0,0,-155.5,0,0,0,0,0,0,1982
4712,0,119,1000,500,780,0,0,0,0,0,0,0,0,0,0,126.00003051757812,-1,0,0,0,-155.5,0,0,0,0,0,0,1982
4713,0,120,1000,500,780,0,0,0,0,0,0,0,0,0,0,126.00003051757812,-1,0,0,0,-155.5,0,0,0,0,0,0,1982
4714,0,121,1000,500,780,0,0,0,0,0,0,0,0,0,0,126.00003051757812,-1,0,0,0,-155.5,0,0,0,0,0,0,1982
4715,0,122,1000,500,780,0,0,0,0,0,0,0,0,0,0,126.00003051757812,-1,0,0,0,-155.5,0,0,0,0,0,0,1982
4716,0,123,1000,500,780,0,0,0,0,0,0,0,0,0,0,126.00003051757812,-1,0,0,0,-155.5,0,0,0,0,0,0,1982
4717,0,124,1000,500,780,0,0,0,0,0,0,0,0,0,0,126.00003051757812,-1,0,0,0,-155.5,0,0,0,0,0,0,1982
4718,0,125,1000,500,780,0,0,0,0,0,0,0,0,0,0,126.00003051757812,-1,0,0,0,-155.5,0,0,0,0,0,0,1982
4719,0,126,1000,500,780,0,0,0,0,0,0,0,0,0,0,126.00003051757812,-1,0,0,0,-155.5,0,0,0,0,0,0,1982
4720,0,127,1000,500,780,0,0,0,0,0,0,0,0,0,0,126.00003051757812,-1,0,0,0,-155.5,0,0,0,0,0,0,1982
4721,0,128,1000,500,780,0,0,0,0,0,0,0,0,0,0,126.00003051757812,-1,0,0,0,-155.5,0,0,0,0,0,0,1982
4722,0,129,1000,500,780,0,0,0,0,0,0,0,0,0,0,126.00003051757812,-1,0,0,0,-155.5,0,0,0,0,0,0,1982
4723,0,130,1000,500,780,0,0,0,0,0,0,0,0,0,0,126.00003051757812,-1,0,0,0,-155.5,0,0,0,0,0,0,1982
4724,0,131,1000,500,780,0,0,0,0,0,0,0,0,0,0,126.00003051757812,-1,0,0,0,-155.5,0,0,0,0,0,0,1982
4725,0,132,1000,500,780,0,0,0,0,0,0,0,0,0,0,126.00003051757812,-1,0,0,0,-155.5,0,0,0,0,0,0,1982
4726,0,133,1000,500,780,0,0,0,0,0,0,0,0,0,0,126.00003051757812,-1,0,0,0,-155.5,0,0,0,0,0,0,1982
4727,0,134,1000,500,780,0,0,0,0,0,0,0,0,0,0,126.00003051757812,-1,0,0,0,-155.5,0,0,0,0,0,0,1982
4728,0,135,1000,500,780,0,0,0,0,0,0,0,0,0,0,126.00003051757812,-1,0,0,0,-155.5,0,0,0,0,0,0,1982
4729,0,136,1000,500,780,0,0,0,0,0,0,0,0,0,0,126.00003051757812,-1,0,0,0,-155.5,0,0,0,0,0,0,1982
4730,0,137,1000,500,780,0,0,0,0,0,0,0,0,0,0,126.00003051757812,-1,0,0,0,-155.5,0,0,0,0,0,0,1982
4731,0,138,1000,500,780,0,0,0,0,0,0,0,0,0,0,126.00003051757812,-1,0,0,0,-155.5,0,0,0,0,0,0,1982
4732,0,139,1000,500,780,0,0,0,0,0,0,0,0,0,0,126.00003051757812,-1,0,0,0,-155.5,0,0,0,0,0,0,1982
4733,0,140,1000,500,780,0,0,0,0,0,0,0,0,0,0,126.00003051757812,-1,0,0,0,-155.5,0,0,0,0,0,0,1982
4734,0,141,1000,500,780,0,0,0,0,0,0,0,0,0,0,126.00003051757812,-1,0,0,0,-155.5,0,0,0,0,0,0,1982
4735,0,142,1000,500,780,0,0,0,0,0,0,0,0,0,0,126.00003051757812,-1,0,0,0,-155.5,0,0,0,0,0,0,1982
4736,0,143,1000,500,780,0,0,0,0,0,0,0,0,0,0,126.00003051757812,-1,0,0,0,-155.5,0,0,0,0,0,0,1982
4737,0,144,1000,500,780,0,0,0,0,0,0,0,0,0,0,126.00003051757812,-1,0,0,0,-155.5,0,0,0,0,0,0,1982
4738,0,145,1000,500,780,0,0,0,0,0,0,0,0,0,0,126.00003051757812,-1,0,0,0,-155.5,0,0,0,0,0,0,1982
4739,0,146,1000,500,780,0,0,0,0,0,0,0,0,0,0,126.00003051757812,-1,0,0,0,-155.5,0,0,0,0,0,0,1982
4740,0,147,1000,500,780,0,0,0,0,0,0,0,0,0,0,126.00003051757812,-1,0,0,0,-155.5,0,0,0,0,0,0,1982
4741,0,148,1000,500,780,0,0,0,0,0,0,0,0,0,0,126.00003051757812,-1,0,0,0,-155.5,0,0,0,0,0,0,1982
4742,0,149,1000,500,780,0,0,0,0,0,0,0,0,0,0,126.00003051757812,-1,0,0,0,-155.5,0,0,0,0,0,0,1982
4743,0,150,1000,500,780,0,0,0,0,0,0,0,0,0,0,126.00003051757812,-1,0,0,0,-155.5,0,0,0,0,0,0,1982
4744,0,151,1000,500,780,0,0,0,0,0,0,0,0,0,0,126.00003051757812,-1,0,0,0,-155.5,0,0,0,0,0,0,1982
4745,0,152,1000,500,780,0,0,0,0,0,0,0,0,0,0,126.00003051757812,-1,0,0,0,-155.5,0,0,0,0,0,0,1982
4746,0,153,1000,500,780,0,0,0,0,0,0,0,0,0,0,126.00003051757812,-1,0,0,0,-155.5,0,0,0,0,0,0,1982
4747,0,154,1000,500,780,0,0,0,0,0,0,0,0,0,0,126.00003051757812,-1,0,0,0,-155.5,0,0,0,0,0,0,1982
4748,0,155,1000,500,780,0,0,0,0,0,0,0,0,0,0,126.00003051757812,-1,0,0,0,-155.5,0,0,0,0,0,0,1982
4749,0,156,1000,500,780,0,0,0,0,0,0,0,0,0,0,126.00003051757812,-1,0,0,0,-155.5,0,0,0,0,0,0,1982
4750,0,157,1000,500,780,0,0,0,0,0,0,0,0,0,0,126.00003051757812,-1,0,0,0,-155.5,0,0,0,0,0,0,1982
4751,0,158,1000,500,780,0,0,0,0,0,0,0,0,0,0,126.00003051757812,-1,0,0,0,-155.5,0,0,0,0,0,0,1982
4752,0,159,1000,500,780,0,0,0,0,0,0,0,0,0,0,126.00003051757812,-1,0,0,0,-155.5,0,0,0,0,0,0,1982
4753,0,160,1000,500,780,0,0,0,0,0,0,0,0,0,0,126.00003051757812,-1,0,0,0,-155.5,0,0,0,0,0,0,1982
4754,0,161,1000,500,780,0,0,0,0,0,0,0,0,0,0,126.00003051757812,-1,0,0,0,-155.5,0,0,0,0,0,0,1982
4755,0,162,1000,500,780,0,0,0,0,0,0,0,0,0,0,126.00003051757812,-1,0,0,0,-155.5,0,0,0,0,0,0,1982
4756,0,163,1000,500,780,0,0,0,0,0,0,0,0,0,0,126.00003051757812,-1,0,0,0,-155.5,0,0,0,0,0,0,1982
4757,0,164,1000,500,780,0,0,0,0,0,0,0,0,0,0,126.00003051757812,-1,0,0,0,-155.5,0,0,0,0,0,0,1982
4758,0,165,1000,500,780,0,0,0,0,0,0,0,0,0,0,126.00003051757812,-1,0,0,0,-155.5,0,0,0,0,0,0,1982
4759,0,166,1000,500,780,0,0,0,0,0,0,0,0,0,0,126.00003051757812,-1,0,0,0,-155.5,0,0,0,0,0,0,1982
4760,0,167,1000,500,780,0,0,0,0,0,0,0,0,0,0,126.00003051757812,-1,0,0,0,-155.5,0,0,0,0,0,0,1982
4761,0,168,1000,500,780,0,0,0,0,0,0,0,0,0,0,126.00003051757812,-1,0,0,0,-155.5,0,0,0,0,0,0,1982
4762,0,169,1000,500,780,0,0,0,0,0,0,0,0,0,0,126.00003051757812,-1,0,0,0,-155.5,0,0,0,0,0,0,1982
4763,0,170,1000,500,780,0,0,0,0,0,0,0,0,0,0,126.00003051757812,-1,0,0,0,-155.5,0,0,0,0,0,0,1982
4764,0,171,1000,500,780,0,0,0,0,0,0,0,0,0,0,126.00003051757812,-1,0,0,0,-155.5,0,0,0,0,0,0,1982
4765,0,172,1000,500,780,0,0,0,0,0,0,0,0,0,0,126.00003051757812,-1,0,0,0,-155.5,0,0,0,0,0,0,1982
4766,0,173,1000,500,780,0,0,0,0,0,0,0,0,0,0,126.00003051757812,-1,0,0,0,-155.5,0,0,0,0,0,0,1982
4767,0,174,1000,500,780,0,0,0,0,0,0,0,0,0,0,126.00003051757812,-1,0,0,0,-155.5,0,0,0,0,0,0,1982
4768,0,175,1000,500,780,0,0,0,0,0,0,0,0,0,0,126.00003051757812,-1,0,0,0,-155.5,0,0,0,0,0,0,1982
4769,0,176,1000,500,780,0,0,0,0,0,0,0,0,0,0,126.00003051757812,-1,0,0,0,-155.5,0,0,0,0,0,0,1982
4770,0,177,1000,500,780,0,0,0,0,0,0,0,0,0,0,126.00003051757812,-1,0,0,0,-155.5,0,0,0,0,0,0,1982
4771,0,178,1000,500,780,0,0,0,0,0,0,0,0,0,0,126.00003051757812,-1,0,0,0,-155.5,0,0,0,0,0,0,1982
4772,0,179,1000,500,780,0,0,0,0,0,0,0,0,0,0,126.00003051757812,-1,0,0,0,-155.5,0,0,0,0,0,0,1982
4773,0,180,1000,500,780,0,0,0,0,0,0,0,0,0,0,126.00003051757812,-1,0,0,0,-155.5,0,0,0,0,0,0,1982
4774,0,181,1000,500,780,0,0,0,0,0,0,0,0,0,0,126.00003051757812,-1,0,0,0,-155.5,0,0,0,0,0,0,1982
4775,0,182,1000,500,780,0,0,0,0,0,0,0,0,0,0,126.00003051757812,-1,0,0,0,-155.5,0,0,0,0,0,0,1982
4776,0,183,1000,500,780,0,0,0,0,0,0,0,0,0,0,126.00003051757812,-1,0,0,0,-155.5,0,0,0,0,0,0,1982
4777,0,184,1000,500,780,0,0,0,0,0,0,0,0,0,0,126.00003051757812,-1,0,0,0,-155.5,0,0,0,0,0,0,1982
4778,0,185,1000,500,780,0,0,0,0,0,0,0,0,0,0,126.00003051757812,-1,0,0,0,-155.5,0,0,0,0,0,0,1982
4779,0,186,1000,500,780,0,0,0,0,0,0,0,0,0,0,126.00003051757812,-1,0,0,0,-155.5,0,0,0,0,0,0,1982
4780,0,187,1000,500,780,0,0,0,0,0,0,0,0,0,0,126.00003051757812,-1,0,0,0,-155.5,0,0,0,0,0,0,1982
4781,0,188,1000,500,780,0,0,0,0,0,0,0,0,0,0,126.00003051757812,-1,0,0,0,-155.5,0,0,0,0,0,0,1982
4782,0,189,1000,500,780,0,0,0,0,0,0,0,0,0,0,126.00003051757812,-1,0,0,0,-155.5,0,0,0,0,0,0,1982
4783,0,190,1000,500,780,0,0,0,0,0,0,0,0,0,0,126.00003051757812,-1,0,0,0,-155.5,0,0,0,0,0,0,1982
4784,0,191,1000,500,780,0,0,0,0,0,0,0,0,0,0,126.00003051757812,-1,0,0,0,-155.5,0,0,0,0,0,0,1982
4785,0,192,1000,500,780,0,0,0,0,0,0,0,0,0,0,126.00003051757812,-1,0,0,0,-155.5,0,0,0,0,0,0,1982
4786,0,193,1000,500,780,0,0,0,0,0,0,0,0,0,0,126.00003051757812,-1,0,0,0,-155.5,0,0,0,0,0,0,1982
4787,0,194,1000,500,780,0,0,0,0,0,0,0,0,0,0,126.00003051757812,-1,0,0,0,-155.5,0,0,0,0,0,0,1982
4788,0,195,1000,500,780,0,0,0,0,0,0,0,0,0,0,126.00003051757812,-1,0,0,0,-155.5,0,0,0,0,0,0,1982
4789,0,196,1000,500,780,0,0,0,0,0,0,0,0,0,0,126.00003051757812,-1,0,0,0,-155.5,0,0,0,0,0,0,1982
4790,0,197,1000,500,780,0,0,0,0,0,0,0,0,0,0,126.00003051757812,-1,0,0,0,-155.5,0,0,0,0,0,0,1982
4791,0,198,1000,500,780,0,0,0,0,0,0,0,0,0,0,126.00003051757812,-1,0,0,0,-155.5,0,0,0,0,0,0,1982
4792,0,199,1000,500,780,0,0,0,0,0,0,0,0,0,0,126.00003051757812,-1,0,0,0,-155.5,0,0,0,0,0,0,1982
4793,0,200,1000,500,780,0,0,0,0,0,0,0,0,0,0,126.00003051757812,-1,0,0,0,-155.5,0,0,0,0,0,0,1982
4794,0,201,1000,500,780,0,0,0,0,0,0,0,0,0,0,126.00003051757812,-1,0,0,0,-155.5,0,0,0,0,0,0,1982
4795,0,202,1000,500,780,0,0,0,0,0,0,0,0,0,0,126.00003051757812,-1,0,0,0,-155.5,0,0,0,0,0,0,1982
4796,0,203,1000,500,780,0,0,0,0,0,0,0,0,0,0,126.00003051757812,-1,0,0,0,-155.5,0,0,0,0,0,0,1982
4797,0,204,1000,500,780,0,0,0,0,0,0,0,0,0,0,126.00003051757812,-1,0,0,0,-155.5,0,0,0,0,0,0,1982
4798,0,205,1000,500,780,0,0,0,0,0,0,0,0,0,0,126.00003051757812,-1,0,0,0,-155.5,0,0,0,0,0,0,1982
4799,0,206,1000,500,780,0,0,0,0,0,0,0,0,0,0,126.00003051757812,-1,0,0,0,-155.5,0,0,0,0,0,0,1982
4800,0,207,1000,500,780,0,0,0,0,0,0,0,0,0,0,126.00003051757812,-1,0,0,0,-155.5,0,0,0,0,0,0,1982
4801,0,208,1000,500,780,0,0,0,0,0,0,0,0,0,0,126.00003051757812,-1,0,0,0,-155.5,0,0,0,0,0,0,1982
4802,0,209,1000,500,780,0,0,0,0,0,0,0,0,0,0,126.00003051757812,-1,0,0,0,-155.5,0,0,0,0,0,0,1982
4803,0,210,1000,500,780,0,0,0,0,0,0,0,0,0,0,126.00003051757812,-1,0,0,0,-155.5,0,0,0,0,0,0,1982
4804,0,211,1000,500,780,0,0,0,0,0,0,0,0,0,0,126.00003051757812,-1,0,0,0,-155.5,0,0,0,0,0,0,1982
4805,0,212,1000,500,780,0,0,0,0,0,0,0,0,0,0,126.00003051757812,-1,0,0,0,-155.5,0,0,0,0,0,0,1982
4806,0,213,1000,500,780,0,0,0,0,0,0,0,0,0,0,126.00003051757812,-1,0,0,0,-155.5,0,0,0,0,0,0,1982
4807,0,214,1000,500,780,0,0,0,0,0,0,0,0,0,0,126.00003051757812,-1,0,0,0,-155.5,0,0,0,0,0,0,1982
4808,0,215,1000,500,780,0,0,0,0,0,0,0,0,0,0,126.00003051757812,-1,0,0,0,-155.5,0,0,0,0,0,0,1982
4809,0,216,1000,500,780,0,0,0,0,0,0,0,0,0,0,126.00003051757812,-1,0,0,0,-155.5,0,0,0,0,0,0,1982
4810,0,1,3000,500,1000,0,0,240,0,0,0,0,0,0,0,121.125,1,0,0,0,-155.5,0,0,0,0,0,0,1000
4811,0,2,3000,500,1000,0,0,239,0,0,0,0,0,0,0,118.03125,1,0,0,0,-155.5,0,0,0,0,0,0,1000
4812,0,3,3000,500,1000,0,0,238,0,0,0,0,0,0,0,117.2578125,1,0,0,0,-155.5,0,0,0,0,0,0,1000
4813,0,4,3000,500,1000,0,0,237,0,0,0,0,0,0,0,117.064453125,1,0,0,0,-155.5,0,0,0,0,0,0,1000
4814,0,5,3000,500,1000,0,0,236,0,0,0,0,0,0,0,117.01611328125,1,0,0,0,-155.5,0,0,0,0,0,0,1000
4815,0,6,3000,500,1000,0,0,235,0,0,0,0,0,0,0,117.0040283203125,1,0,0,0,-155.5,0,0,0,0,0,0,1000
4816,0,7,3000,500,1000,0,0,234,0,0,0,0,0,0,0,117.00100708007812,1,0,0,0,-155.5,0,0,0,0,0,0,1000
4817,0,8,3000,500,1000,0,0,233,0,0,0,0,0,0,0,117.00025177001953,1,0,0,0,-155.5,0,0,0,0,0,0,1000
4818,0,9,3000,500,1000,0,0,232,0,0,0,0,0,0,0,117.00006103515625,1,0,0,0,-155.5,0,0,0,0,0,0,1000
4819,10,1,3000,500,1000,0,0,231,0,0,0,0,0,0,0,117.00001525878906,1,0,0,0,-155.5,0,0,0,0,0,0,1000
4820,10,2,3000,500,1000,0,0,230,0,0,0,0,0,0,0,117,1,0,0,0,-155.5,0,0,0,0,0,0,1000
4821,10,3,3000,500,1000,0,0,229,0,0,0,0,0,0,0,117,1,0,0,0,-155.5,0,0,0,0,0,0,1000
4822,10,4,3000,500,1000,0,0,228,0,0,0,0,0,0,0,117,1,0,0,0,-155.5,0,0,0,0,0,0,1000
4823,10,5,3000,500,1000,0,0,227,0,0,0,0,0,0,0,117,1,0,0,0,-155.5,0,0,0,0,0,0,1000
4824,10,6,3000,500,1000,0,0,226,0,0,0,0,0,0,0,117,1,0,0,0,-155.5,0,0,0,0,0,0,1000
4825,430,1,3012,500,1000,0,0,225,0,0,0,0,0,0,0,117,1,0,0,0,-155.5,0,0,0,0,0,0,1000
4826,430,2,3012,500,1000,0,0,224,0,0,0,0,0,0,0,117,1,0,0,0,-155.5,0,0,0,0,0,0,1000
4827,430,3,3012,500,1000,0,0,223,0,0,0,0,0,0,0,117,1,0,0,0,-155.5,0,0,0,0,0,0,1000
4828,430,4,3012,500,1000,0,0,222,0,0,0,0,0,0,0,117,1,0,0,0,-155.5,0,0,0,0,0,0,1000
4829,430,5,3012,500,1000,0,0,221,0,0,0,0,0,0,0,117,1,0,0,0,-155.5,0,0,0,0,0,0,1000
4830,430,6,3012,500,1000,0,0,220,0,0,0,0,0,0,0,117,1,0,0,0,-155.5,0,0,0,0,0,0,1000
4831,430,7,3012,500,1000,0,0,219,0,0,0,0,0,0,0,117,1,0,0,0,-155.5,0,0,0,0,0,0,1000
4832,430,8,3012,500,1000,0,0,218,0,0,0,0,0,0,0,117,1,0,0,0,-155.5,0,0,0,0,0,0,1000
4833,430,8,4031,500,972,0,0,217,0,0,0,0,0,0,0,117,1,0,0,0,-155.5,0,0,0,0,0,0,2016
4834,430,8,4031,500,972,0,0,216,0,0,0,0,0,0,0,117,1,0,0,0,-155.5,0,0,0,0,0,0,2016
4835,430,8,4031,500,972,0,0,215,0,0,0,0,0,0,0,117,1,0,0,0,-155.5,0,0,0,0,0,0,2016
4836,430,8,4031,500,972,0,0,214,0,0,0,0,0,0,0,117,1,0,0,0,-155.5,0,0,0,0,0,0,2016
4837,430,8,4031,500,972,0,0,213,0,0,0,0,0,0,0,117,1,0,0,0,-155.5,0,0,0,0,0,0,2016
4838,430,8,4031,500,972,0,0,212,0,0,0,0,0,0,0,117,1,0,0,0,-155.5,0,0,0,0,0,0,2016
4839,430,9,4031,500,972,0,0,211,0,0,0,0,0,0,0,112.83999633789062,1,0,0,0,-155.5,0,0,0,0,0,0,2016
4840,430,10,4031,500,972,0,0,210,0,0,0,0,0,0,0,107.1780014038086,1,0,0,0,-155.5,0,0,0,0,0,0,2016
4841,430,11,4031,500,972,0,0,209,0,0,0,0,0,0,0,104.9280014038086,1,0,0,0,-152.75,0,0,0,0,0,0,2016
4842,430,12,4031,500,972,0,0,208,0,0,0,0,0,0,0,101.5011215209961,1,0,0,0,-150.5,0,0,0,0,0,0,2016
4843,430,13,4031,500,972,0,0,207,0,0,0,0,0,0,0,99.7511215209961,1,0,0,0,-148.5,0,0,0,0,0,0,2016
4844,430,14,4031,500,972,0,0,206,0,0,0,0,0,0,0,98.2511215209961,1,0,0,0,-146.75,0,0,0,0,0,0,2016
4845,430,15,4031,500,972,0,0,205,0,0,0,0,0,0,0,97.0011215209961,1,0,0,0,-145.25,0,0,0,0,0,0,2016
4846,430,16,4031,500,972,0,0,204,0,0,0,0,0,0,0,96.0011215209961,1,0,0,0,-144,0,0,0,0,0,0,2016
4847,430,17,4031,500,972,0,0,203,0,0,0,0,0,0,0,96.0011215209961,1,0,0,0,-143,0,0,0,0,0,0,2016
4848,430,18,4031,500,972,0,0,202,0,0,0,0,0,0,0,96.0011215209961,1,0,0,0,-143,0,0,0,0,0,0,2016
4849,11,1,4031,500,972,0,0,201,0,0,0,0,0,0,0,96.0011215209961,1,0,0,0,-143,0,0,0,0,0,0,2016
4850,12,1,4031,500,972,0,0,200,0,0,0,0,0,0,0,96.0011215209961,1,0,0,0,-143,0,0,0,0,0,0,2016
4851,12,2,4031,500,972,0,0,199,0,0,0,0,0,0,0,96.0011215209961,1,0,0,0,-143,0,0,0,0,0,0,2016
4852,12,3,4031,500,972,0,0,198,0,0,0,0,0,0,0,96.0011215209961,1,0,0,0,-143,0,0,0,0,0,0,2016
4853,12,4,4031,500,972,0,0,197,0,0,0,0,0,0,0,96.0011215209961,1,0,0,0,-143,0,0,0,0,0,0,2016
4854,12,5,4031,500,972,0,0,196,0,0,0,0,0,0,0,96.0011215209961,1,0,0,0,-143,0,0,0,0,0,0,2016
4855,12,6,4031,500,972,0,0,195,0,0,0,0,0,0,0,96.0011215209961,1,0,0,0,-143,0,0,0,0,0,0,2016
4856,12,7,4031,500,972,0,0,194,0,0,0,0,0,0,0,96.0011215209961,1,0,0,0,-143,0,0,0,0,0,0,2016
4857,12,8,4031,500,972,0,0,193,0,0,0,0,0,0,0,96.0011215209961,1,0,0,0,-143,0,0,0,0,0,0,2016
4858,12,9,4031,500,972,0,0,192,0,0,0,0,0,0,0,96.0011215209961,1,0,0,0,-143,0,0,0,0,0,0,2016
4859,0,1,4031,500,972,0,0,191,0,0,0,0,0,0,0,96.0011215209961,1,0,0,0,-143,0,0,0,0,0,0,2016
4860,0,2,4031,500,972,0,0,190,0,0,0,0,0,0,0,96.0011215209961,1,0,0,0,-143,0,0,0,0,0,0,2016
4861,0,3,4031,500,972,0,0,189,0,0,0,0,0,0,0,96.0011215209961,1,0,0,0,-143,0,0,0,0,0,0,2016
4862,0,4,4031,500,972,0,0,188,0,0,0,0,0,0,0,96.0011215209961,1,0,0,0,-143,0,0,0,0,0,0,2016
4863,0,5,4031,500,972,0,0,187,0,0,0,0,0,0,0,96.0011215209961,1,0,0,0,-143,0,0,0,0,0,0,2016
4864,0,6,4031,500,972,0,0,186,0,0,0,0,0,0,0,96.0011215209961,1,0,0,0,-143,0,0,0,0,0,0,2016
4865,0,7,4031,500,972,0,0,185,0,0,0,0,0,0,0,96.0011215209961,1,0,0,0,-143,0,0,0,0,0,0,2016
4866,0,8,4031,500,972,0,0,184,0,0,0,0,0,0,0,96.0011215209961,1,0,0,0,-143,0,0,0,0,0,0,2016
4867,0,9,4031,500,972,0,0,183,0,0,0,0,0,0,0,96.0011215209961,1,0,0,0,-143,0,0,0,0,0,0,2016
4868,0,10,4031,500,972,0,0,182,0,0,0,0,0,0,0,96.0011215209961,1,0,0,0,-143,0,0,0,0,0,0,2016
4869,0,11,4031,500,972,0,0,181,0,0,0,0,0,0,0,96.0011215209961,1,0,0,0,-143,0,0,0,0,0,0,2016
4870,0,12,4031,500,972,0,0,180,0,0,0,0,0,0,0,96.0011215209961,1,0,0,0,-143,0,0,0,0,0,0,2016
4871,0,13,4031,500,972,0,0,179,0,0,0,0,0,0,0,96.0011215209961,1,0,0,0,-143,0,0,0,0,0,0,2016
4872,0,14,4031,500,972,0,0,178,0,0,0,0,0,0,0,96.0011215209961,1,0,0,0,-143,0,0,0,0,0,0,2016
4873,0,15,4031,500,972,0,0,177,0,0,0,0,0,0,0,96.0011215209961,1,0,0,0,-143,0,0,0,0,0,0,2016
4874,0,16,4031,500,972,0,0,176,0,0,0,0,0,0,0,96.0011215209961,1,0,0,0,-143,0,0,0,0,0,0,2016
4875,0,17,4031,500,972,0,0,175,0,0,0,0,0,0,0,96.0011215209961,1,0,0,0,-143,0,0,0,0,0,0,2016
4876,0,18,4031,500,972,0,0,174,0,0,0,0,0,0,0,96.0011215209961,1,0,0,0,-143,0,0,0,0,0,0,2016
4877,0,19,4031,500,972,0,0,173,0,0,0,0,0,0,0,96.0011215209961,1,0,0,0,-143,0,0,0,0,0,0,2016
4878,0,20,4031,500,972,0,0,172,0,0,0,0,0,0,0,96.0011215209961,1,0,0,0,-143,0,0,0,0,0,0,2016
4879,0,21,4031,500,972,0,0,171,0,0,0,0,0,0,0,96.0011215209961,1,0,0,0,-143,0,0,0,0,0,0,2016
4880,0,22,4031,500,972,0,0,170,0,0,0,0,0,0,0,96.0011215209961,1,0,0,0,-143,0,0,0,0,0,0,2016
4881,0,23,4031,500,972,0,0,169,0,0,0,0,0,0,0,96.0011215209961,1,0,0,0,-143,0,0,0,0,0,0,2016
4882,0,24,4031,500,972,0,0,168,0,0,0,0,0,0,0,96.0011215209961,1,0,0,0,-143,0,0,0,0,0,0,2016
4883,0,25,4031,500,972,0,0,167,0,0,0,0,0,0,0,96.0011215209961,1,0,0,0,-143,0,0,0,0,0,0,2016
4884,0,26,4031,500,972,0,0,166,0,0,0,0,0,0,0,96.0011215209961,1,0,0,0,-143,0,0,0,0,0,0,2016
4885,0,27,4031,500,972,0,0,165,0,0,0,0,0,0,0,96.0011215209961,1,0,0,0,-143,0,0,0,0,0,0,2016
4886,0,28,4031,500,972,0,0,164,0,0,0,0,0,0,0,96.0011215209961,1,0,0,0,-143,0,0,0,0,0,0,2016
4887,0,29,4031,500,972,0,0,163,0,0,0,0,0,0,0,96.0011215209961,1,0,0,0,-143,0,0,0,0,0,0,2016
4888,0,30,4031,500,972,0,0,162,0,0,0,0,0,0,0,96.0011215209961,1,0,0,0,-143,0,0,0,0,0,0,2016
4889,0,31,4031,500,972,0,0,161,0,0,0,0,0,0,0,96.0011215209961,1,0,0,0,-143,0,0,0,0,0,0,2016
4890,0,32,4031,500,972,0,0,160,0,0,0,0,0,0,0,96.0011215209961,1,0,0,0,-143,0,0,0,0,0,0,2016
4891,0,33,4031,500,972,0,0,159,0,0,0,0,0,0,0,96.0011215209961,1,0,0,0,-143,0,0,0,0,0,0,2016
4892,0,34,4031,500,972,0,0,158,0,0,0,0,0,0,0,96.0011215209961,1,0,0,0,-143,0,0,0,0,0,0,2016
4893,0,35,4031,500,972,0,0,157,0,0,0,0,0,0,0,96.0011215209961,1,0,0,0,-143,0,0,0,0,0,0,2016
4894,0,36,4031,500,972,0,0,156,0,0,0,0,0,0,0,96.0011215209961,1,0,0,0,-143,0,0,0,0,0,0,2016
4895,0,37,4031,500,972,0,0,155,0,0,0,0,0,0,0,96.0011215209961,1,0,0,0,-143,0,0,0,0,0,0,2016
4896,0,38,4031,500,972,0,0,154,0,0,0,0,0,0,0,96.0011215209961,1,0,0,0,-143,0,0,0,0,0,0,2016
4897,0,39,4031,500,972,0,0,153,0,0,0,0,0,0,0,96.0011215209961,1,0,0,0,-143,0,0,0,0,0,0,2016
4898,0,40,4031,500,972,0,0,152,0,0,0,0,0,0,0,96.0011215209961,1,0,0,0,-143,0,0,0,0,0,0,2016
4899,0,41,4031,500,972,0,0,151,0,0,0,0,0,0,0,96.0011215209961,1,0,0,0,-143,0,0,0,0,0,0,2016
4900,0,42,4031,500,972,0,0,150,0,0,0,0,0,0,0,96.0011215209961,1,0,0,0,-143,0,0,0,0,0,0,2016
4901,0,43,4031,500,972,0,0,149,0,0,0,0,0,0,0,96.0011215209961,1,0,0,0,-143,0,0,0,0,0,0,2016
4902,0,44,4031,500,972,0,0,148,0,0,0,0,0,0,0,96.0011215209961,1,0,0,0,-143,0,0,0,0,0,0,2016
4903,0,45,4031,500,972,0,0,147,0,0,0,0,0,0,0,96.0011215209961,1,0,0,0,-143,0,0,0,0,0,0,2016
4904,0,46,4031,500,972,0,0,146,0,0,0,0,0,0,0,96.0011215209961,1,0,0,0,-143,0,0,0,0,0,0,2016
4905,0,47,4031,500,972,0,0,145,0,0,0,0,0,0,0,96.0011215209961,1,0,0,0,-143,0,0,0,0,0,0,2016
4906,0,48,4031,500,972,0,0,144,0,0,0,0,0,0,0,96.0011215209961,1,0,0,0,-143,0,0,0,0,0,0,2016
4907,0,49,4031,500,972,0,0,143,0,0,0,0,0,0,0,96.0011215209961,1,0,0,0,-143,0,0,0,0,0,0,2016
4908,0,50,4031,500,972,0,0,142,0,0,0,0,0,0,0,96.0011215209961,1,0,0,0,-143,0,0,0,0,0,0,2016
4909,0,51,4031,500,972,0,0,141,0,0,0,0,0,0,0,96.0011215209961,1,0,0,0,-143,0,0,0,0,0,0,2016
4910,0,52,4031,500,972,0,0,140,0,0,0,0,0,0,0,96.0011215209961,1,0,0,0,-143,0,0,0,0,0,0,2016
4911,0,53,4031,500,972,0,0,139,0,0,0,0,0,0,0,96.0011215209961,1,0,0,0,-143,0,0,0,0,0,0,2016
4912,0,54,4031,500,972,0,0,138,0,0,0,0,0,0,0,96.0011215209961,1,0,0,0,-143,0,0,0,0,0,0,2016
4913,0,55,4031,500,972,0,0,137,0,0,0,0,0,0,0,96.0011215209961,1,0,0,0,-143,0,0,0,0,0,0,2016
4914,0,56,4031,500,972,0,0,136,0,0,0,0,0,0,0,96.0011215209961,1,0,0,0,-143,0,0,0,0,0,0,2016
4915,0,57,4031,500,972,0,0,135,0,0,0,0,0,0,0,96.0011215209961,1,0,0,0,-143,0,0,0,0,0,0,2016
4916,0,58,4031,500,972,0,0,134,0,0,0,0,0,0,0,96.0011215209961,1,0,0,0,-143,0,0,0,0,0,0,2016
4917,0,59,4031,500,972,0,0,133,0,0,0,0,0,0,0,96.0011215209961,1,0,0,0,-143,0,0,0,0,0,0,2016
4918,0,60,4031,500,972,0,0,132,0,0,0,0,0,0,0,96.0011215209961,1,0,0,0,-143,0,0,0,0,0,0,2016
4919,0,61,4031,500,972,0,0,131,0,0,0,0,0,0,0,96.0011215209961,1,0,0,0,-143,0,0,0,0,0,0,2016
4920,0,62,4031,500,972,0,0,130,0,0,0,0,0,0,0,96.0011215209961,1,0,0,0,-143,0,0,0,0,0,0,2016
4921,0,63,4031,500,972,0,0,129,0,0,0,0,0,0,0,96.0011215209961,1,0,0,0,-143,0,0,0,0,0,0,2016
4922,0,64,4031,500,972,0,0,128,0,0,0,0,0,0,0,96.0011215209961,1,0,0,0,-143,0,0,0,0,0,0,2016
4923,0,65,4031,500,972,0,0,127,0,0,0,0,0,0,0,96.0011215209961,1,0,0,0,-143,0,0,0,0,0,0,2016
4924,0,66,4031,500,972,0,0,126,0,0,0,0,0,0,0,96.0011215209961,1,0,0,0,-143,0,0,0,0,0,0,2016
4925,0,67,4031,500,972,0,0,125,0,0,0,0,0,0,0,96.0011215209961,1,0,0,0,-143,0,0,0,0,0,0,2016
4926,0,68,4031,500,972,0,0,124,0,0,0,0,0,0,0,96.0011215209961,1,0,0,0,-143,0,0,0,0,0,0,2016
4927,0,69,4031,500,972,0,0,123,0,0,0,0,0,0,0,96.0011215209961,1,0,0,0,-143,0,0,0,0,0,0,2016
4928,0,70,4031,500,972,0,0,122,0,0,0,0,0,0,0,96.0011215209961,1,0,0,0,-143,0,0,0,0,0,0,2016
4929,0,71,4031,500,972,0,0,121,0,0,0,0,0,0,0,96.0011215209961,1,0,0,0,-143,0,0,0,0,0,0,2016
4930,0,72,4031,500,972,0,0,120,0,0,0,0,0,0,0,96.0011215209961,1,0,0,0,-143,0,0,0,0,0,0,2016
4931,0,73,4031,500,972,0,0,119,0,0,0,0,0,0,0,96.0011215209961,1,0,0,0,-143,0,0,0,0,0,0,2016
4932,0,74,4031,500,972,0,0,118,0,0,0,0,0,0,0,96.0011215209961,1,0,0,0,-143,0,0,0,0,0,0,2016
4933,0,75,4031,500,972,0,0,117,0,0,0,0,0,0,0,96.0011215209961,1,0,0,0,-143,0,0,0,0,0,0,2016
4934,0,76,4031,500,972,0,0,116,0,0,0,0,0,0,0,96.0011215209961,1,0,0,0,-143,0,0,0,0,0,0,2016
4935,0,77,4031,500,972,0,0,115,0,0,0,0,0,0,0,96.0011215209961,1,0,0,0,-143,0,0,0,0,0,0,2016
4936,0,78,4031,500,972,0,0,114,0,0,0,0,0,0,0,96.0011215209961,1,0,0,0,-143,0,0,0,0,0,0,2016
4937,0,79,4031,500,972,0,0,113,0,0,0,0,0,0,0,96.0011215209961,1,0,0,0,-143,0,0,0,0,0,0,2016
4938,0,80,4031,500,972,0,0,112,0,0,0,0,0,0,0,96.0011215209961,1,0,0,0,-143,0,0,0,0,0,0,2016
4939,0,81,4031,500,972,0,0,111,0,0,0,0,0,0,0,96.0011215209961,1,0,0,0,-143,0,0,0,0,0,0,2016
4940,0,82,4031,500,972,0,0,110,0,0,0,0,0,0,0,96.0011215209961,1,0,0,0,-143,0,0,0,0,0,0,2016
4941,0,83,4031,500,972,0,0,109,0,0,0,0,0,0,0,96.0011215209961,1,0,0,0,-143,0,0,0,0,0,0,2016
4942,0,84,4031,500,972,0,0,108,0,0,0,0,0,0,0,96.0011215209961,1,0,0,0,-143,0,0,0,0,0,0,2016
4943,0,85,4031,500,972,0,0,107,0,0,0,0,0,0,0,96.0011215209961,1,0,0,0,-143,0,0,0,0,0,0,2016
4944,0,86,4031,500,972,0,0,106,0,0,0,0,0,0,0,96.0011215209961,1,0,0,0,-143,0,0,0,0,0,0,2016
4945,0,87,4031,500,972,0,0,105,0,0,0,0,0,0,0,96.0011215209961,1,0,0,0,-143,0,0,0,0,0,0,2016
4946,0,88,4031,500,972,0,0,104,0,0,0,0,0,0,0,96.0011215209961,1,0,0,0,-143,0,0,0,0,0,0,2016
4947,0,89,4031,500,972,0,0,103,0,0,0,0,0,0,0,96.0011215209961,1,0,0,0,-143,0,0,0,0,0,0,2016
4948,0,90,4031,500,972,0,0,102,0,0,0,0,0,0,0,96.0011215209961,1,0,0,0,-143,0,0,0,0,0,0,2016
4949,0,91,4031,500,972,0,0,101,0,0,0,0,0,0,0,96.0011215209961,1,0,0,0,-143,0,0,0,0,0,0,2016
4950,0,92,4031,500,972,0,0,100,0,0,0,0,0,0,0,96.0011215209961,1,0,0,0,-143,0,0,0,0,0,0,2016
4951,0,93,4031,500,972,0,0,99,0,0,0,0,0,0,0,96.0011215209961,1,0,0,0,-143,0,0,0,0,0,0,2016
4952,0,94,4031,500,972,0,0,98,0,0,0,0,0,0,0,96.0011215209961,1,0,0,0,-143,0,0,0,0,0,0,2016
4953,0,95,4031,500,972,0,0,97,0,0,0,0,0,0,0,96.0011215209961,1,0,0,0,-143,0,0,0,0,0,0,2016
4954,0,96,4031,500,972,0,0,96,0,0,0,0,0,0,0,96.0011215209961,1,0,0,0,-143,0,0,0,0,0,0,2016
4955,0,97,4031,500,972,0,0,95,0,0,0,0,0,0,0,96.0011215209961,1,0,0,0,-143,0,0,0,0,0,0,2016
4956,0,98,4031,500,972,0,0,94,0,0,0,0,0,0,0,96.0011215209961,1,0,0,0,-143,0,0,0,0,0,0,2016
4957,0,99,4031,500,972,0,0,93,0,0,0,0,0,0,0,96.0011215209961,1,0,0,0,-143,0,0,0,0,0,0,2016
4958,0,100,4031,500,972,0,0,92,0,0,0,0,0,0,0,96.0011215209961,1,0,0,0,-143,0,0,0,0,0,0,2016
4959,0,101,4031,500,972,0,0,91,0,0,0,0,0,0,0,96.0011215209961,1,0,0,0,-143,0,0,0,0,0,0,2016
4960,0,102,4031,500,972,0,0,90,0,0,0,0,0,0,0,96.0011215209961,1,0,0,0,-143,0,0,0,0,0,0,2016
4961,0,103,4031,500,972,0,0,89,0,0,0,0,0,0,0,96.0011215209961,1,0,0,0,-143,0,0,0,0,0,0,2016
4962,0,104,4031,500,972,0,0,88,0,0,0,0,0,0,0,96.0011215209961,1,0,0,0,-143,0,0,0,0,0,0,2016
4963,0,105,4031,500,972,0,0,87,0,0,0,0,0,0,0,96.0011215209961,1,0,0,0,-143,0,0,0,0,0,0,2016
4964,0,106,4031,500,972,0,0,86,0,0,0,0,0,0,0,96.0011215209961,1,0,0,0,-143,0,0,0,0,0,0,2016
4965,0,107,4031,500,972,0,0,85,0,0,0,0,0,0,0,96.0011215209961,1,0,0,0,-143,0,0,0,0,0,0,2016
4966,0,108,4031,500,972,0,0,84,0,0,0,0,0,0,0,96.0011215209961,1,0,0,0,-143,0,0,0,0,0,0,2016
4967,0,109,4031,500,972,0,0,83,0,0,0,0,0,0,0,96.0011215209961,1,0,0,0,-143,0,0,0,0,0,0,2016
4968,0,110,4031,500,972,0,0,82,0,0,0,0,0,0,0,96.0011215209961,1,0,0,0,-143,0,0,0,0,0,0,2016
4969,0,111,4031,500,972,0,0,81,0,0,0,0,0,0,0,96.0011215209961,1,0,0,0,-143,0,0,0,0,0,0,2016
4970,0,112,4031,500,972,0,0,80,0,0,0,0,0,0,0,96.0011215209961,1,0,0,0,-143,0,0,0,0,0,0,2016
4971,0,113,4031,500,972,0,0,79,0,0,0,0,0,0,0,96.0011215209961,1,0,0,0,-143,0,0,0,0,0,0,2016
4972,0,114,4031,500,972,0,0,78,0,0,0,0,0,0,0,96.0011215209961,1,0,0,0,-143,0,0,0,0,0,0,2016
4973,0,115,4031,500,972,0,0,77,0,0,0,0,0,0,0,96.0011215209961,1,0,0,0,-143,0,0,0,0,0,0,2016
4974,0,116,4031,500,972,0,0,76,0,0,0,0,0,0,0,96.0011215209961,1,0,0,0,-143,0,0,0,0,0,0,2016
4975,0,117,4031,500,972,0,0,75,0,0,0,0,0,0,0,96.0011215209961,1,0,0,0,-143,0,0,0,0,0,0,2016
4976,0,118,4031,500,972,0,0,74,0,0,0,0,0,0,0,96.0011215209961,1,0,0,0,-143,0,0,0,0,0,0,2016
4977,0,119,4031,500,972,0,0,73,0,0,0,0,0,0,0,96.0011215209961,1,0,0,0,-143,0,0,0,0,0,0,2016
4978,0,120,4031,500,972,0,0,72,0,0,0,0,0,0,0,96.0011215209961,1,0,0,0,-143,0,0,0,0,0,0,2016
4979,0,121,4031,500,972,0,0,71,0,0,0,0,0,0,0,96.0011215209961,1,0,0,0,-143,0,0,0,0,0,0,2016
4980,0,122,4031,500,972,0,0,70,0,0,0,0,0,0,0,96.0011215209961,1,0,0,0,-143,0,0,0,0,0,0,2016
4981,0,123,4031,500,972,0,0,69,0,0,0,0,0,0,0,96.0011215209961,1,0,0,0,-143,0,0,0,0,0,0,2016
4982,0,124,4031,500,972,0,0,68,0,0,0,0,0,0,0,96.0011215209961,1,0,0,0,-143,0,0,0,0,0,0,2016
4983,0,125,4031,500,972,0,0,67,0,0,0,0,0,0,0,96.0011215209961,1,0,0,0,-143,0,0,0,0,0,0,2016
4984,0,126,4031,500,972,0,0,66,0,0,0,0,0,0,0,96.0011215209961,1,0,0,0,-143,0,0,0,0,0,0,2016
4985,0,127,4031,500,972,0,0,65,0,0,0,0,0,0,0,96.0011215209961,1,0,0,0,-143,0,0,0,0,0,0,2016
4986,0,128,4031,500,972,0,0,64,0,0,0,0,0,0,0,96.0011215209961,1,0,0,0,-143,0,0,0,0,0,0,2016
4987,0,129,4031,500,972,0,0,63,0,0,0,0,0,0,0,96.0011215209961,1,0,0,0,-143,0,0,0,0,0,0,2016
4988,0,130,4031,500,972,0,0,62,0,0,0,0,0,0,0,96.0011215209961,1,0,0,0,-143,0,0,0,0,0,0,2016
4989,0,131,4031,500,972,0,0,61,0,0,0,0,0,0,0,96.0011215209961,1,0,0,0,-143,0,0,0,0,0,0,2016
4990,0,132,4031,500,972,0,0,60,0,0,0,0,0,0,0,96.0011215209961,1,0,0,0,-143,0,0,0,0,0,0,2016
4991,0,133,4031,500,972,0,0,59,0,0,0,0,0,0,0,96.0011215209961,1,0,0,0,-143,0,0,0,0,0,0,2016
4992,0,134,4031,500,972,0,0,58,0,0,0,0,0,0,0,96.0011215209961,1,0,0,0,-143,0,0,0,0,0,0,2016
4993,0,135,4031,500,972,0,0,57,0,0,0,0,0,0,0,96.0011215209961,1,0,0,0,-143,0,0,0,0,0,0,2016
4994,0,136,4031,500,972,0,0,56,0,0,0,0,0,0,0,96.0011215209961,1,0,0,0,-143,0,0,0,0,0,0,2016
4995,0,137,4031,500,972,0,0,55,0,0,0,0,0,0,0,96.0011215209961,1,0,0,0,-143,0,0,0,0,0,0,2016
4996,0,138,4031,500,972,0,0,54,0,0,0,0,0,0,0,96.0011215209961,1,0,0,0,-143,0,0,0,0,0,0,2016
4997,0,139,4031,500,972,0,0,53,0,0,0,0,0,0,0,96.0011215209961,1,0,0,0,-143,0,0,0,0,0,0,2016
4998,0,140,4031,500,972,0,0,52,0,0,0,0,0,0,0,96.0011215209961,1,0,0,0,-143,0,0,0,0,0,0,2016
4999,0,141,4031,500,972,0,0,51,0,0,0,0,0,0,0,96.0011215209961,1,0,0,0,-143,0,0,0,0,0,0,2016
5000,0,142,4031,500,972,0,0,50,0,0,0,0,0,0,0,96.0011215209961,1,0,0,0,-143,0,0,0,0,0,0,2016
5001,0,143,4031,500,972,0,0,49,0,0,0,0,0,0,0,96.0011215209961,1,0,0,0,-143,0,0,0,0,0,0,2016
5002,0,144,4031,500,972,0,0,48,0,0,0,0,0,0,0,96.0011215209961,1,0,0,0,-143,0,0,0,0,0,0,2016
5003,0,145,4031,500,972,0,0,47,0,0,0,0,0,0,0,96.0011215209961,1,0,0,0,-143,0,0,0,0,0,0,2016
5004,0,146,4031,500,972,0,0,46,0,0,0,0,0,0,0,96.0011215209961,1,0,0,0,-143,0,0,0,0,0,0,2016
5005,0,147,4031,500,972,0,0,45,0,0,0,0,0,0,0,96.0011215209961,1,0,0,0,-143,0,0,0,0,0,0,2016
5006,0,148,4031,500,972,0,0,44,0,0,0,0,0,0,0,96.0011215209961,1,0,0,0,-143,0,0,0,0,0,0,2016
5007,0,149,4031,500,972,0,0,43,0,0,0,0,0,0,0,96.0011215209961,1,0,0,0,-143,0,0,0,0,0,0,2016
5008,0,150,4031,500,972,0,0,42,0,0,0,0,0,0,0,96.0011215209961,1,0,0,0,-143,0,0,0,0,0,0,2016
5009,0,151,4031,500,972,0,0,41,0,0,0,0,0,0,0,96.0011215209961,1,0,0,0,-143,0,0,0,0,0,0,2016
5010,0,152,4031,500,972,0,0,40,0,0,0,0,0,0,0,96.0011215209961,1,0,0,0,-143,0,0,0,0,0,0,2016
5011,0,153,4031,500,972,0,0,39,0,0,0,0,0,0,0,96.0011215209961,1,0,0,0,-143,0,0,0,0,0,0,2016
5012,0,154,4031,500,972,0,0,38,0,0,0,0,0,0,0,96.0011215209961,1,0,0,0,-143,0,0,0,0,0,0,2016
5013,0,155,4031,500,972,0,0,37,0,0,0,0,0,0,0,96.0011215209961,1,0,0,0,-143,0,0,0,0,0,0,2016
5014,0,156,4031,500,972,0,0,36,0,0,0,0,0,0,0,96.0011215209961,1,0,0,0,-143,0,0,0,0,0,0,2016
5015,0,157,4031,500,972,0,0,35,0,0,0,0,0,0,0,96.0011215209961,1,0,0,0,-143,0,0,0,0,0,0,2016
5016,0,158,4031,500,972,0,0,34,0,0,0,0,0,0,0,96.0011215209961,1,0,0,0,-143,0,0,0,0,0,0,2016
5017,0,159,4031,500,972,0,0,33,0,0,0,0,0,0,0,96.0011215209961,1,0,0,0,-143,0,0,0,0,0,0,2016
5018,0,160,4031,500,972,0,0,32,0,0,0,0,0,0,0,96.0011215209961,1,0,0,0,-143,0,0,0,0,0,0,2016
5019,0,161,4031,500,972,0,0,31,0,0,0,0,0,0,0,96.0011215209961,1,0,0,0,-143,0,0,0,0,0,0,2016
5020,0,162,4031,500,972,0,0,30,0,0,0,0,0,0,0,96.0011215209961,1,0,0,0,-143,0,0,0,0,0,0,2016
5021,0,163,4031,500,972,0,0,29,0,0,0,0,0,0,0,96.0011215209961,1,0,0,0,-143,0,0,0,0,0,0,2016
5022,0,164,4031,500,972,0,0,28,0,0,0,0,0,0,0,96.0011215209961,1,0,0,0,-143,0,0,0,0,0,0,2016
5023,0,165,4031,500,972,0,0,27,0,0,0,0,0,0,0,96.0011215209961,1,0,0,0,-143,0,0,0,0,0,0,2016
5024,0,166,4031,500,972,0,0,26,0,0,0,0,0,0,0,96.0011215209961,1,0,0,0,-143,0,0,0,0,0,0,2016
5025,0,167,4031,500,972,0,0,25,0,0,0,0,0,0,0,96.0011215209961,1,0,0,0,-143,0,0,0,0,0,0,2016
5026,0,168,4031,500,972,0,0,24,0,0,0,0,0,0,0,96.0011215209961,1,0,0,0,-143,0,0,0,0,0,0,2016
5027,0,169,4031,500,972,0,0,23,0,0,0,0,0,0,0,96.0011215209961,1,0,0,0,-143,0,0,0,0,0,0,2016
5028,0,170,4031,500,972,0,0,22,0,0,0,0,0,0,0,96.0011215209961,1,0,0,0,-143,0,0,0,0,0,0,2016
5029,0,171,4031,500,972,0,0,21,0,0,0,0,0,0,0,96.0011215209961,1,0,0,0,-143,0,0,0,0,0,0,2016
5030,0,172,4031,500,972,0,0,20,0,0,0,0,0,0,0,96.0011215209961,1,0,0,0,-143,0,0,0,0,0,0,2016
5031,0,173,4031,500,972,0,0,19,0,0,0,0,0,0,0,96.0011215209961,1,0,0,0,-143,0,0,0,0,0,0,2016
5032,0,174,4031,500,972,0,0,18,0,0,0,0,0,0,0,96.0011215209961,1,0,0,0,-143,0,0,0,0,0,0,2016
5033,0,175,4031,500,972,0,0,17,0,0,0,0,0,0,0,96.0011215209961,1,0,0,0,-143,0,0,0,0,0,0,2016
5034,0,176,4031,500,972,0,0,16,0,0,0,0,0,0,0,96.0011215209961,1,0,0,0,-143,0,0,0,0,0,0,2016
5035,0,177,4031,500,972,0,0,15,0,0,0,0,0,0,0,96.0011215209961,1,0,0,0,-143,0,0,0,0,0,0,2016
5036,0,178,4031,500,972,0,0,14,0,0,0,0,0,0,0,96.0011215209961,1,0,0,0,-143,0,0,0,0,0,0,2016
5037,0,179,4031,500,972,0,0,13,0,0,0,0,0,0,0,96.0011215209961,1,0,0,0,-143,0,0,0,0,0,0,2016
5038,0,180,4031,500,972,0,0,12,0,0,0,0,0,0,0,96.0011215209961,1,0,0,0,-143,0,0,0,0,0,0,2016
5039,0,181,4031,500,972,0,0,11,0,0,0,0,0,0,0,96.0011215209961,1,0,0,0,-143,0,0,0,0,0,0,2016
5040,0,182,4031,500,972,0,0,10,0,0,0,0,0,0,0,96.0011215209961,1,0,0,0,-143,0,0,0,0,0,0,2016
5041,0,183,4031,500,972,0,0,9,0,0,0,0,0,0,0,96.0011215209961,1,0,0,0,-143,0,0,0,0,0,0,2016
5042,0,184,4031,500,972,0,0,8,0,0,0,0,0,0,0,96.0011215209961,1,0,0,0,-143,0,0,0,0,0,0,2016
5043,0,185,4031,500,972,0,0,7,0,0,0,0,0,0,0,96.0011215209961,1,0,0,0,-143,0,0,0,0,0,0,2016
5044,0,186,4031,500,972,0,0,6,0,0,0,0,0,0,0,96.0011215209961,1,0,0,0,-143,0,0,0,0,0,0,2016
5045,0,187,4031,500,972,0,0,5,0,0,0,0,0,0,0,96.0011215209961,1,0,0,0,-143,0,0,0,0,0,0,2016
5046,0,188,4031,500,972,0,0,4,0,0,0,0,0,0,0,96.0011215209961,1,0,0,0,-143,0,0,0,0,0,0,2016
5047,0,189,4031,500,972,0,0,3,0,0,0,0,0,0,0,96.0011215209961,1,0,0,0,-143,0,0,0,0,0,0,2016
5048,0,190,4031,500,972,0,0,2,0,0,0,0,0,0,0,96.0011215209961,1,0,0,0,-143,0,0,0,0,0,0,2016
5049,0,191,4031,500,972,0,0,1,0,0,0,0,0,0,0,96.0011215209961,1,0,0,0,-143,0,0,0,0,0,0,2016
5050,0,192,4031,500,972,0,0,0,0,0,0,0,0,0,0,96.0011215209961,1,0,0,0,-143,0,0,0,0,0,0,2016
5051,0,193,4031,500,972,0,0,0,0,0,0,0,0,0,0,96.0011215209961,1,0,0,0,-143,0,0,0,0,0,0,2016
5052,0,194,4031,500,972,0,0,0,0,0,0,0,0,0,0,96.0011215209961,1,0,0,0,-143,0,0,0,0,0,0,2016
5053,0,195,4031,500,972,0,0,0,0,0,0,0,0,0,0,96.0011215209961,1,0,0,0,-143,0,0,0,0,0,0,2016
5054,0,196,4031,500,972,0,0,0,0,0,0,0,0,0,0,96.0011215209961,1,0,0,0,-143,0,0,0,0,0,0,2016
5055,0,197,4031,500,972,0,0,0,0,0,0,0,0,0,0,96.0011215209961,1,0,0,0,-143,0,0,0,0,0,0,2016
5056,0,198,4031,500,972,0,0,0,0,0,0,0,0,0,0,96.0011215209961,1,0,0,0,-143,0,0,0,0,0,0,2016
5057,0,199,4031,500,972,0,0,0,0,0,0,0,0,0,0,96.0011215209961,1,0,0,0,-143,0,0,0,0,0,0,2016
5058,0,200,4031,500,972,0,0,0,0,0,0,0,0,0,0,96.0011215209961,1,0,0,0,-143,0,0,0,0,0,0,2016
5059,0,201,4031,500,972,0,0,0,0,0,0,0,0,0,0,96.0011215209961,1,0,0,0,-143,0,0,0,0,0,0,2016
5060,0,202,4031,500,972,0,0,0,0,0,0,0,0,0,0,96.0011215209961,1,0,0,0,-143,0,0,0,0,0,0,2016
5061,0,203,4031,500,972,0,0,0,0,0,0,0,0,0,0,96.0011215209961,1,0,0,0,-143,0,0,0,0,0,0,2016
5062,0,204,4031,500,972,0,0,0,0,0,0,0,0,0,0,96.0011215209961,1,0,0,0,-143,0,0,0,0,0,0,2016
5063,0,205,4031,500,972,0,0,0,0,0,0,0,0,0,0,96.0011215209961,1,0,0,0,-143,0,0,0,0,0,0,2016
5064,0,206,4031,500,972,0,0,0,0,0,0,0,0,0,0,96.0011215209961,1,0,0,0,-143,0,0,0,0,0,0,2016
5065,0,207,4031,500,972,0,0,0,0,0,0,0,0,0,0,96.0011215209961,1,0,0,0,-143,0,0,0,0,0,0,2016
5066,0,208,4031,500,972,0,0,0,0,0,0,0,0,0,0,96.0011215209961,1,0,0,0,-143,0,0,0,0,0,0,2016
5067,0,209,4031,500,972,0,0,0,0,0,0,0,0,0,0,96.0011215209961,1,0,0,0,-143,0,0,0,0,0,0,2016
5068,0,210,4031,500,972,0,0,0,0,0,0,0,0,0,0,96.0011215209961,1,0,0,0,-143,0,0,0,0,0,0,2016
5069,0,211,4031,500,972,0,0,0,0,0,0,0,0,0,0,96.0011215209961,1,0,0,0,-143,0,0,0,0,0,0,2016
5070,0,212,4031,500,972,0,0,0,0,0,0,0,0,0,0,96.0011215209961,1,0,0,0,-143,0,0,0,0,0,0,2016
5071,0,213,4031,500,972,0,0,0,0,0,0,0,0,0,0,96.0011215209961,1,0,0,0,-143,0,0,0,0,0,0,2016
5072,0,214,4031,500,972,0,0,0,0,0,0,0,0,0,0,96.0011215209961,1,0,0,0,-143,0,0,0,0,0,0,2016
5073,0,215,4031,500,972,0,0,0,0,0,0,0,0,0,0,96.0011215209961,1,0,0,0,-143,0,0,0,0,0,0,2016
5074,0,216,4031,500,972,0,0,0,0,0,0,0,0,0,0,96.0011215209961,1,0,0,0,-143,0,0,0,0,0,0,2016
5075,0,217,4031,500,972,0,0,0,0,0,0,0,0,0,0,96.0011215209961,1,0,0,0,-143,0,0,0,0,0,0,2016
5076,0,218,4031,500,972,0,0,0,0,0,0,0,0,0,0,96.0011215209961,1,0,0,0,-143,0,0,0,0,0,0,2016
5077,0,219,4031,500,972,0,0,0,0,0,0,0,0,0,0,96.0011215209961,1,0,0,0,-143,0,0,0,0,0,0,2016
5078,0,220,4031,500,972,0,0,0,0,0,0,0,0,0,0,96.0011215209961,1,0,0,0,-143,0,0,0,0,0,0,2016
5079,0,221,4031,500,972,0,0,0,0,0,0,0,0,0,0,96.0011215209961,1,0,0,0,-143,0,0,0,0,0,0,2016
5080,0,222,4031,500,972,0,0,0,0,0,0,0,0,0,0,96.0011215209961,1,0,0,0,-143,0,0,0,0,0,0,2016
5081,0,223,4031,500,972,0,0,0,0,0,0,0,0,0,0,96.0011215209961,1,0,0,0,-143,0,0,0,0,0,0,2016
5082,0,224,4031,500,972,0,0,0,0,0,0,0,0,0,0,96.0011215209961,1,0,0,0,-143,0,0,0,0,0,0,2016
5083,0,225,4031,500,972,0,0,0,0,0,0,0,0,0,0,96.0011215209961,1,0,0,0,-143,0,0,0,0,0,0,2016
5084,0,226,4031,500,972,0,0,0,0,0,0,0,0,0,0,96.0011215209961,1,0,0,0,-143,0,0,0,0,0,0,2016
5085,0,227,4031,500,972,0,0,0,0,0,0,0,0,0,0,96.0011215209961,1,0,0,0,-143,0,0,0,0,0,0,2016
5086,0,228,4031,500,972,0,0,0,0,0,0,0,0,0,0,96.0011215209961,1,0,0,0,-143,0,0,0,0,0,0,2016
5087,0,229,4031,500,972,0,0,0,0,0,0,0,0,0,0,96.0011215209961,1,0,0,0,-143,0,0,0,0,0,0,2016
5088,0,230,4031,500,972,0,0,0,0,0,0,0,0,0,0,96.0011215209961,1,0,0,0,-143,0,0,0,0,0,0,2016
5089,0,231,4031,500,972,0,0,0,0,0,0,0,0,0,0,96.0011215209961,1,0,0,0,-143,0,0,0,0,0,0,2016
5090,0,232,4031,500,972,0,0,0,0,0,0,0,0,0,0,96.0011215209961,1,0,0,0,-143,0,0,0,0,0,0,2016
5091,0,233,4031,500,972,0,0,0,0,0,0,0,0,0,0,96.0011215209961,1,0,0,0,-143,0,0,0,0,0,0,2016
5092,0,234,4031,500,972,0,0,0,0,0,0,0,0,0,0,96.0011215209961,1,0,0,0,-143,0,0,0,0,0,0,2016
5093,0,235,4031,500,972,0,0,0,0,0,0,0,0,0,0,96.0011215209961,1,0,0,0,-143,0,0,0,0,0,0,2016
5094,0,236,4031,500,972,0,0,0,0,0,0,0,0,0,0,96.0011215209961,1,0,0,0,-143,0,0,0,0,0,0,2016
5095,0,237,4031,500,972,0,0,0,0,0,0,0,0,0,0,96.0011215209961,1,0,0,0,-143,0,0,0,0,0,0,2016
5096,0,238,4031,500,972,0,0,0,0,0,0,0,0,0,0,96.0011215209961,1,0,0,0,-143,0,0,0,0,0,0,2016
5097,0,239,4031,500,972,0,0,0,0,0,0,0,0,0,0,96.0011215209961,1,0,0,0,-143,0,0,0,0,0,0,2016
5098,0,240,4031,500,972,0,0,0,0,0,0,0,0,0,0,96.0011215209961,1,0,0,0,-143,0,0,0,0,0,0,2016
5099,0,241,4031,500,972,0,0,0,0,0,0,0,0,0,0,96.0011215209961,1,0,0,0,-143,0,0,0,0,0,0,2016
5100,0,242,4031,500,972,0,0,0,0,0,0,0,0,0,0,96.0011215209961,1,0,0,0,-143,0,0,0,0,0,0,2016
5101,0,243,4031,500,972,0,0,0,0,0,0,0,0,0,0,96.0011215209961,1,0,0,0,-143,0,0,0,0,0,0,2016
5102,0,244,4031,500,972,0,0,0,0,0,0,0,0,0,0,96.0011215209961,1,0,0,0,-143,0,0,0,0,0,0,2016
5103,0,245,4031,500,972,0,0,0,0,0,0,0,0,0,0,96.0011215209961,1,0,0,0,-143,0,0,0,0,0,0,2016
5104,0,246,4031,500,972,0,0,0,0,0,0,0,0,0,0,96.0011215209961,1,0,0,0,-143,0,0,0,0,0,0,2016
5105,0,247,4031,500,972,0,0,0,0,0,0,0,0,0,0,96.0011215209961,1,0,0,0,-143,0,0,0,0,0,0,2016
5106,0,248,4031,500,972,0,0,0,0,0,0,0,0,0,0,96.0011215209961,1,0,0,0,-143,0,0,0,0,0,0,2016
5107,0,249,4031,500,972,0,0,0,0,0,0,0,0,0,0,96.0011215209961,1,0,0,0,-143,0,0,0,0,0,0,2016
5108,0,250,4031,500,972,0,0,0,0,0,0,0,0,0,0,96.0011215209961,1,0,0,0,-143,0,0,0,0,0,0,2016
5109,0,251,4031,500,972,0,0,0,0,0,0,0,0,0,0,96.0011215209961,1,0,0,0,-143,0,0,0,0,0,0,2016
5110,0,1,0,500,1000,0,0,0,0,0,0,0,0,0,0,117.25,1,0,0,0,-143,0,0,0,0,0,0,1000
5111,0,2,0,500,1000,0,0,0,0,0,0,0,0,0,0,117.0625,1,0,0,0,-143,0,0,0,0,0,0,1000
5112,0,3,0,500,1000,0,0,0,0,0,0,0,0,0,0,117.015625,1,0,0,0,-143,0,0,0,0,0,0,1000
5113,0,4,0,500,1000,0,0,0,0,0,0,0,0,0,0,117.00390625,1,0,0,0,-143,0,0,0,0,0,0,1000
5114,0,5,0,500,1000,0,0,0,0,0,0,0,0,0,0,117.0009765625,1,0,0,0,-143,0,0,0,0,0,0,1000
5115,0,6,0,500,1000,0,0,0,0,0,0,0,0,0,0,117.000244140625,1,0,0,0,-143,0,0,0,0,0,0,1000
5116,0,7,0,500,1000,0,0,0,0,0,0,0,0,0,0,117.00006103515625,1,0,0,0,-143,0,0,0,0,0,0,1000
5117,0,8,0,500,1000,0,0,0,0,0,0,0,0,0,0,117.00001525878906,1,0,0,0,-143,0,0,0,0,0,0,1000
5118,0,9,0,500,1000,0,0,0,0,0,0,0,0,0,0,117,1,0,0,0,-143,0,0,0,0,0,0,1000
5119,10,1,0,500,1000,0,0,0,0,0,0,0,0,0,0,117,1,0,0,0,-143,0,0,0,0,0,0,1000
5120,10,2,0,500,1000,0,0,0,0,0,0,0,0,0,0,117,1,0,0,0,-143,0,0,0,0,0,0,1000
5121,10,3,0,500,1000,0,0,0,0,0,0,0,0,0,0,117,1,0,0,0,-143,0,0,0,0,0,0,1000
5122,10,4,0,500,1000,0,0,0,0,0,0,0,0,0,0,117,1,0,0,0,-143,0,0,0,0,0,0,1000
5123,10,5,0,500,1000,0,0,0,0,0,0,0,0,0,0,117,1,0,0,0,-143,0,0,0,0,0,0,1000
5124,10,6,0,500,1000,0,0,0,0,0,0,0,0,0,0,117,1,0,0,0,-143,0,0,0,0,0,0,1000
5125,1040,1,0,500,1000,0,0,240,0,0,0,0,0,0,0,117,1,0,0,0,-143,0,0,0,0,0,0,1000
5126,1040,2,0,500,1000,0,0,239,0,0,0,0,0,0,0,117,1,0,0,0,-143,0,0,0,0,0,0,1000
5127,1040,3,0,500,1000,0,0,238,0,0,0,0,0,0,0,117,1,0,0,0,-143,0,0,0,0,0,0,1000
5128,1040,4,0,500,1000,0,0,237,0,0,0,0,0,0,0,117,1,0,0,0,-143,0,0,0,0,0,0,1000
5129,1040,5,0,500,1000,0,0,236,0,0,0,0,0,0,0,117,1,0,0,0,-143,0,0,0,0,0,0,1000
5130,1040,6,0,500,1000,0,0,235,0,0,0,0,0,0,0,117,1,0,0,0,-143,0,0,0,0,0,0,1000
5131,1040,7,0,500,1000,0,0,234,0,0,0,0,0,0,0,117,1,0,0,0,-143,0,0,0,0,0,0,1000
5132,1040,8,0,500,1000,0,0,233,0,0,0,0,0,0,0,117,1,0,0,0,-143,0,0,0,0,0,0,1000
5133,1040,9,0,500,1000,0,0,232,0,0,0,0,0,0,0,117,1,0,0,0,-143,0,0,0,0,0,0,1000
5134,1040,10,0,500,1000,0,0,231,0,0,0,0,0,0,0,117,1,0,0,0,-143,0,0,0,0,0,0,1000
5135,1040,11,0,500,1000,0,0,230,0,0,0,0,0,0,0,117,1,0,0,0,-143,0,0,0,0,0,0,1000
5136,1040,12,0,500,1000,0,0,229,0,0,0,0,0,0,0,117,1,0,0,0,-143,0,0,0,0,0,0,1000
5137,1040,13,0,500,1000,0,0,228,0,0,0,0,0,0,0,117,1,0,0,0,-143,0,0,0,0,0,0,1000
5138,1040,14,0,500,1000,0,0,227,0,0,0,0,0,0,0,117,1,0,0,0,-143,0,0,0,0,0,0,1000
5139,1040,15,0,500,1000,0,0,226,0,0,0,0,0,0,0,117,1,0,0,0,-143,0,0,0,0,0,0,1000
5140,1040,16,0,500,1000,0,0,225,0,0,0,0,0,0,0,117,1,0,0,0,-143,0,0,0,0,0,0,1000
5141,1040,17,0,500,1000,0,0,224,0,0,0,0,0,0,0,117,1,0,0,0,-143,0,0,0,0,0,0,1000
5142,1040,18,0,500,1000,0,0,223,0,0,0,0,0,0,0,117,1,0,0,0,-143,0,0,0,0,0,0,1000
5143,1040,19,0,500,1000,0,0,222,0,0,0,0,0,0,0,117,1,0,0,0,-143,0,0,0,0,0,0,1000
5144,1040,20,0,500,1000,0,0,221,0,0,0,0,0,0,0,117,1,0,0,0,-143,0,0,0,0,0,0,1000
5145,1040,21,0,500,1000,0,0,220,0,0,0,0,0,0,0,117,1,0,0,0,-143,0,0,0,0,0,0,1000
5146,1040,22,0,500,1000,0,0,219,0,0,0,0,0,0,0,117,1,0,0,0,-143,0,0,0,0,0,0,1000
5147,1040,23,0,500,1000,0,0,218,0,0,0,0,0,0,0,117,1,0,0,0,-143,0,0,0,0,0,0,1000
5148,1040,24,0,500,1000,0,0,217,0,0,0,0,0,0,0,117,1,0,0,0,-143,0,0,0,0,0,0,1000
5149,1040,25,0,500,1000,0,0,216,0,0,0,0,0,0,0,117,1,0,0,0,-143,0,0,0,0,0,0,1000
5150,1040,26,0,500,1000,0,0,215,0,0,0,0,0,0,0,117,1,0,0,0,-143,0,0,0,0,0,0,1000
5151,1040,27,0,500,1000,0,0,214,0,0,0,0,0,0,0,117,1,0,0,0,-143,0,0,0,0,0,0,1000
5152,1040,28,0,500,1000,0,0,213,0,0,0,0,0,0,0,117,1,0,0,0,-143,0,0,0,0,0,0,1000
5153,1040,29,180,500,1000,0,0,212,0,0,0,0,0,0,0,117,1,0,0,0,-143,0,0,1,0,0,0,1000
5154,1040,30,180,500,1000,0,0,211,0,0,0,0,0,0,0,117,1,0,0,0,-143,0,0,1,0,0,0,1000
5155,1040,31,180,500,1000,0,0,210,0,0,0,0,0,0,0,117,1,0,0,0,-143,0,0,1,0,0,0,1000
5156,1040,32,180,500,1000,0,0,209,0,0,0,0,0,0,0,117,1,0,0,0,-143,0,0,1,0,0,0,1000
5157,1040,33,180,500,1000,0,0,208,0,0,0,0,0,0,0,117,1,0,0,0,-143,0,0,1,0,0,0,1000
5158,1040,34,180,500,1000,0,0,207,0,0,0,0,0,0,0,117,1,0,0,0,-143,0,0,1,0,0,0,1000
5159,1040,35,180,500,1000,0,0,206,0,0,0,0,0,0,0,117,1,0,0,0,-143,0,0,1,0,0,0,1000
5160,1040,36,180,500,1000,0,0,205,0,0,0,0,0,0,0,117,1,0,0,0,-143,0,0,1,0,0,0,1000
5161,1040,37,180,500,1000,0,0,204,0,0,0,0,0,0,0,117,1,0,0,0,-143,0,0,1,0,0,0,1000
5162,1040,38,180,500,1000,0,0,203,0,0,0,0,0,0,0,117,1,0,0,0,-143,0,0,1,0,0,0,1000
5163,1040,39,180,500,1000,0,0,202,0,0,0,0,0,0,0,117,1,0,0,0,-143,0,0,1,0,0,0,1000
5164,1040,40,180,500,1000,0,0,201,0,0,0,0,0,0,0,117,1,0,0,0,-143,0,0,1,0,0,0,1000
5165,1040,41,180,500,1000,0,0,200,0,0,0,0,0,0,0,117,1,0,0,0,-143,0,0,1,0,0,0,1000
5166,1040,42,180,500,1000,0,0,199,0,0,0,0,0,0,0,117,1,0,0,0,-143,0,0,1,0,0,0,1000
5167,0,1,180,500,1000,0,0,198,0,0,0,0,0,0,0,117,1,0,0,0,-143,0,0,1,0,0,0,1000
5168,0,2,180,500,1000,0,0,197,0,0,0,0,0,0,0,117,1,0,0,0,-143,0,0,1,0,0,0,1000
5169,0,3,180,500,1000,0,0,196,0,0,0,0,0,0,0,117,1,0,0,0,-143,0,0,1,0,0,0,1000
5170,0,4,180,500,1000,0,0,195,0,0,0,0,0,0,0,117,1,0,0,0,-143,0,0,1,0,0,0,1000
5171,0,5,180,500,1000,0,0,194,0,0,0,0,0,0,0,117,1,0,0,0,-143,0,0,1,0,0,0,1000
5172,0,6,180,500,1000,0,0,193,0,0,0,0,0,0,0,117,1,0,0,0,-143,0,0,1,0,0,0,1000
5173,0,7,180,500,1000,0,0,192,0,0,0,0,0,0,0,117,1,0,0,0,-143,0,0,1,0,0,0,1000
5174,0,8,180,500,1000,0,0,191,0,0,0,0,0,0,0,117,1,0,0,0,-143,0,0,1,0,0,0,1000
5175,0,9,180,500,1000,0,0,190,0,0,0,0,0,0,0,117,1,0,0,0,-143,0,0,1,0,0,0,1000
5176,0,10,180,500,1000,0,0,189,0,0,0,0,0,0,0,117,1,0,0,0,-143,0,0,1,0,0,0,1000
5177,0,11,180,500,1000,0,0,188,0,0,0,0,0,0,0,117,1,0,0,0,-143,0,0,1,0,0,0,1000
5178,0,12,180,500,1000,0,0,187,0,0,0,0,0,0,0,117,1,0,0,0,-143,0,0,1,0,0,0,1000
5179,0,13,180,500,1000,0,0,186,0,0,0,0,0,0,0,117,1,0,0,0,-143,0,0,1,0,0,0,1000
5180,0,14,180,500,1000,0,0,185,0,0,0,0,0,0,0,117,1,0,0,0,-143,0,0,1,0,0,0,1000
5181,0,15,180,500,1000,0,0,184,0,0,0,0,0,0,0,117,1,0,0,0,-143,0,0,1,0,0,0,1000
5182,0,16,180,500,1000,0,0,183,0,0,0,0,0,0,0,117,1,0,0,0,-143,0,0,1,0,0,0,1000
5183,0,17,180,500,1000,0,0,182,0,0,0,0,0,0,0,117,1,0,0,0,-143,0,0,1,0,0,0,1000
5184,0,18,180,500,1000,0,0,181,0,0,0,0,0,0,0,117,1,0,0,0,-143,0,0,1,0,0,0,1000
5185,0,19,180,500,1000,0,0,180,0,0,0,0,0,0,0,117,1,0,0,0,-143,0,0,1,0,0,0,1000
5186,0,20,180,500,1000,0,0,179,0,0,0,0,0,0,0,117,1,0,0,0,-143,0,0,1,0,0,0,1000
5187,0,21,180,500,1000,0,0,178,0,0,0,0,0,0,0,117,1,0,0,0,-143,0,0,1,0,0,0,1000
5188,0,22,180,500,1000,0,0,177,0,0,0,0,0,0,0,117,1,0,0,0,-143,0,0,1,0,0,0,1000
5189,0,23,180,500,1000,0,0,176,0,0,0,0,0,0,0,117,1,0,0,0,-143,0,0,1,0,0,0,1000
5190,0,24,180,500,1000,0,0,175,0,0,0,0,0,0,0,117,1,0,0,0,-143,0,0,1,0,0,0,1000
5191,0,25,180,500,1000,0,0,174,0,0,0,0,0,0,0,117,1,0,0,0,-143,0,0,1,0,0,0,1000
5192,0,26,180,500,1000,0,0,173,0,0,0,0,0,0,0,117,1,0,0,0,-143,0,0,1,0,0,0,1000
5193,0,27,180,500,1000,0,0,172,0,0,0,0,0,0,0,117,1,0,0,0,-143,0,0,1,0,0,0,1000
5194,0,28,180,500,1000,0,0,171,0,0,0,0,0,0,0,117,1,0,0,0,-143,0,0,1,0,0,0,1000
5195,0,29,180,500,1000,0,0,170,0,0,0,0,0,0,0,117,1,0,0,0,-143,0,0,1,0,0,0,1000
5196,0,30,180,500,1000,0,0,169,0,0,0,0,0,0,0,117,1,0,0,0,-143,0,0,1,0,0,0,1000
5197,0,31,180,500,1000,0,0,168,0,0,0,0,0,0,0,117,1,0,0,0,-143,0,0,1,0,0,0,1000
5198,0,32,180,500,1000,0,0,167,0,0,0,0,0,0,0,117,1,0,0,0,-143,0,0,1,0,0,0,1000
5199,0,33,180,500,1000,0,0,166,0,0,0,0,0,0,0,117,1,0,0,0,-143,0,0,1,0,0,0,1000
5200,0,34,180,500,1000,0,0,165,0,0,0,0,0,0,0,117,1,0,0,0,-143,0,0,1,0,0,0,1000
5201,0,35,180,500,1000,0,0,164,0,0,0,0,0,0,0,117,1,0,0,0,-143,0,0,1,0,0,0,1000
5202,0,36,180,500,1000,0,0,163,0,0,0,0,0,0,0,117,1,0,0,0,-143,0,0,1,0,0,0,1000
5203,0,37,180,500,1000,0,0,162,0,0,0,0,0,0,0,117,1,0,0,0,-143,0,0,1,0,0,0,1000
5204,0,38,180,500,1000,0,0,161,0,0,0,0,0,0,0,117,1,0,0,0,-143,0,0,1,0,0,0,1000
5205,0,39,180,500,1000,0,0,160,0,0,0,0,0,0,0,117,1,0,0,0,-143,0,0,1,0,0,0,1000
5206,0,40,180,500,1000,0,0,159,0,0,0,0,0,0,0,117,1,0,0,0,-143,0,0,1,0,0,0,1000
5207,0,41,180,500,1000,0,0,158,0,0,0,0,0,0,0,117,1,0,0,0,-143,0,0,1,0,0,0,1000
5208,0,42,180,500,1000,0,0,157,0,0,0,0,0,0,0,117,1,0,0,0,-143,0,0,1,0,0,0,1000
5209,0,43,180,500,1000,0,0,156,0,0,0,0,0,0,0,117,1,0,0,0,-143,0,0,1,0,0,0,1000
5210,0,44,180,500,1000,0,0,155,0,0,0,0,0,0,0,117,1,0,0,0,-143,0,0,1,0,0,0,1000
5211,0,45,180,500,1000,0,0,154,0,0,0,0,0,0,0,117,1,0,0,0,-143,0,0,1,0,0,0,1000
5212,0,46,180,500,1000,0,0,153,0,0,0,0,0,0,0,117,1,0,0,0,-143,0,0,1,0,0,0,1000
5213,0,47,180,500,1000,0,0,152,0,0,0,0,0,0,0,117,1,0,0,0,-143,0,0,1,0,0,0,1000
5214,0,48,180,500,1000,0,0,151,0,0,0,0,0,0,0,117,1,0,0,0,-143,0,0,1,0,0,0,1000
5215,0,49,180,500,1000,0,0,150,0,0,0,0,0,0,0,117,1,0,0,0,-143,0,0,1,0,0,0,1000
5216,0,50,180,500,1000,0,0,149,0,0,0,0,0,0,0,117,1,0,0,0,-143,0,0,1,0,0,0,1000
5217,0,51,180,500,1000,0,0,148,0,0,0,0,0,0,0,117,1,0,0,0,-143,0,0,1,0,0,0,1000
5218,0,52,180,500,1000,0,0,147,0,0,0,0,0,0,0,117,1,0,0,0,-143,0,0,1,0,0,0,1000
5219,0,53,180,500,1000,0,0,146,0,0,0,0,0,0,0,117,1,0,0,0,-143,0,0,1,0,0,0,1000
5220,0,54,180,500,1000,0,0,145,0,0,0,0,0,0,0,117,1,0,0,0,-143,0,0,1,0,0,0,1000
5221,0,55,180,500,1000,0,0,144,0,0,0,0,0,0,0,117,1,0,0,0,-143,0,0,1,0,0,0,1000
5222,0,56,180,500,1000,0,0,143,0,0,0,0,0,0,0,117,1,0,0,0,-143,0,0,1,0,0,0,1000
5223,0,57,180,500,1000,0,0,142,0,0,0,0,0,0,0,117,1,0,0,0,-143,0,0,1,0,0,0,1000
5224,0,58,180,500,1000,0,0,141,0,0,0,0,0,0,0,117,1,0,0,0,-143,0,0,1,0,0,0,1000
5225,0,59,180,500,1000,0,0,140,0,0,0,0,0,0,0,117,1,0,0,0,-143,0,0,1,0,0,0,1000
5226,0,60,180,500,1000,0,0,139,0,0,0,0,0,0,0,117,1,0,0,0,-143,0,0,1,0,0,0,1000
5227,0,61,180,500,1000,0,0,138,0,0,0,0,0,0,0,117,1,0,0,0,-143,0,0,1,0,0,0,1000
5228,0,62,180,500,1000,0,0,137,0,0,0,0,0,0,0,117,1,0,0,0,-143,0,0,1,0,0,0,1000
5229,0,63,180,500,1000,0,0,136,0,0,0,0,0,0,0,117,1,0,0,0,-143,0,0,1,0,0,0,1000
5230,0,64,180,500,1000,0,0,135,0,0,0,0,0,0,0,117,1,0,0,0,-143,0,0,1,0,0,0,1000
5231,0,65,180,500,1000,0,0,134,0,0,0,0,0,0,0,117,1,0,0,0,-143,0,0,1,0,0,0,1000
5232,0,66,180,500,1000,0,0,133,0,0,0,0,0,0,0,117,1,0,0,0,-143,0,0,1,0,0,0,1000
5233,0,67,180,500,1000,0,0,132,0,0,0,0,0,0,0,117,1,0,0,0,-143,0,0,1,0,0,0,1000
5234,0,68,180,500,1000,0,0,131,0,0,0,0,0,0,0,117,1,0,0,0,-143,0,0,1,0,0,0,1000
5235,0,69,180,500,1000,0,0,130,0,0,0,0,0,0,0,117,1,0,0,0,-143,0,0,1,0,0,0,1000
5236,0,70,180,500,1000,0,0,129,0,0,0,0,0,0,0,117,1,0,0,0,-143,0,0,1,0,0,0,1000
5237,0,71,180,500,1000,0,0,128,0,0,0,0,0,0,0,117,1,0,0,0,-143,0,0,1,0,0,0,1000
5238,0,72,180,500,1000,0,0,127,0,0,0,0,0,0,0,117,1,0,0,0,-143,0,0,1,0,0,0,1000
5239,0,73,180,500,1000,0,0,126,0,0,0,0,0,0,0,117,1,0,0,0,-143,0,0,1,0,0,0,1000
5240,0,74,180,500,1000,0,0,125,0,0,0,0,0,0,0,117,1,0,0,0,-143,0,0,1,0,0,0,1000
5241,0,75,180,500,1000,0,0,124,0,0,0,0,0,0,0,117,1,0,0,0,-143,0,0,1,0,0,0,1000
5242,0,76,180,500,1000,0,0,123,0,0,0,0,0,0,0,117,1,0,0,0,-143,0,0,1,0,0,0,1000
5243,0,77,180,500,1000,0,0,122,0,0,0,0,0,0,0,117,1,0,0,0,-143,0,0,1,0,0,0,1000
5244,0,78,180,500,1000,0,0,121,0,0,0,0,0,0,0,117,1,0,0,0,-143,0,0,1,0,0,0,1000
5245,0,79,180,500,1000,0,0,120,0,0,0,0,0,0,0,117,1,0,0,0,-143,0,0,1,0,0,0,1000
5246,0,80,180,500,1000,0,0,119,0,0,0,0,0,0,0,117,1,0,0,0,-143,0,0,1,0,0,0,1000
5247,0,81,180,500,1000,0,0,118,0,0,0,0,0,0,0,117,1,0,0,0,-143,0,0,1,0,0,0,1000
5248,0,82,180,500,1000,0,0,117,0,0,0,0,0,0,0,117,1,0,0,0,-143,0,0,1,0,0,0,1000
5249,0,83,180,500,1000,0,0,116,0,0,0,0,0,0,0,117,1,0,0,0,-143,0,0,1,0,0,0,1000
5250,0,84,180,500,1000,0,0,115,0,0,0,0,0,0,0,117,1,0,0,0,-143,0,0,1,0,0,0,1000
5251,0,85,180,500,1000,0,0,114,0,0,0,0,0,0,0,117,1,0,0,0,-143,0,0,1,0,0,0,1000
5252,0,86,180,500,1000,0,0,113,0,0,0,0,0,0,0,117,1,0,0,0,-143,0,0,1,0,0,0,1000
5253,0,87,180,500,1000,0,0,112,0,0,0,0,0,0,0,117,1,0,0,0,-143,0,0,1,0,0,0,1000
5254,0,88,180,500,1000,0,0,111,0,0,0,0,0,0,0,117,1,0,0,0,-143,0,0,1,0,0,0,1000
5255,0,89,180,500,1000,0,0,110,0,0,0,0,0,0,0,117,1,0,0,0,-143,0,0,1,0,0,0,1000
5256,0,90,180,500,1000,0,0,109,0,0,0,0,0,0,0,117,1,0,0,0,-143,0,0,1,0,0,0,1000
5257,0,91,180,500,1000,0,0,108,0,0,0,0,0,0,0,117,1,0,0,0,-143,0,0,1,0,0,0,1000
5258,0,92,180,500,1000,0,0,107,0,0,0,0,0,0,0,117,1,0,0,0,-143,0,0,1,0,0,0,1000
5259,0,93,180,500,1000,0,0,106,0,0,0,0,0,0,0,117,1,0,0,0,-143,0,0,1,0,0,0,1000
5260,0,94,180,500,1000,0,0,105,0,0,0,0,0,0,0,117,1,0,0,0,-143,0,0,1,0,0,0,1000
5261,0,95,180,500,1000,0,0,104,0,0,0,0,0,0,0,117,1,0,0,0,-143,0,0,1,0,0,0,1000
5262,0,96,180,500,1000,0,0,103,0,0,0,0,0,0,0,117,1,0,0,0,-143,0,0,1,0,0,0,1000
5263,0,97,180,500,1000,0,0,102,0,0,0,0,0,0,0,117,1,0,0,0,-143,0,0,1,0,0,0,1000
5264,0,98,180,500,1000,0,0,101,0,0,0,0,0,0,0,117,1,0,0,0,-143,0,0,1,0,0,0,1000
5265,0,99,180,500,1000,0,0,100,0,0,0,0,0,0,0,117,1,0,0,0,-143,0,0,1,0,0,0,1000
5266,0,100,180,500,1000,0,0,99,0,0,0,0,0,0,0,117,1,0,0,0,-143,0,0,1,0,0,0,1000
5267,0,101,180,500,1000,0,0,98,0,0,0,0,0,0,0,117,1,0,0,0,-143,0,0,1,0,0,0,1000
5268,0,102,180,500,1000,0,0,97,0,0,0,0,0,0,0,117,1,0,0,0,-143,0,0,1,0,0,0,1000
5269,0,103,180,500,1000,0,0,96,0,0,0,0,0,0,0,117,1,0,0,0,-143,0,0,1,0,0,0,1000
5270,0,104,180,500,1000,0,0,95,0,0,0,0,0,0,0,117,1,0,0,0,-143,0,0,1,0,0,0,1000
5271,0,105,180,500,1000,0,0,94,0,0,0,0,0,0,0,117,1,0,0,0,-143,0,0,1,0,0,0,1000
5272,0,106,180,500,1000,0,0,93,0,0,0,0,0,0,0,117,1,0,0,0,-143,0,0,1,0,0,0,1000
5273,0,107,180,500,1000,0,0,92,0,0,0,0,0,0,0,117,1,0,0,0,-143,0,0,1,0,0,0,1000
5274,0,108,180,500,1000,0,0,91,0,0,0,0,0,0,0,117,1,0,0,0,-143,0,0,1,0,0,0,1000
5275,0,109,180,500,1000,0,0,90,0,0,0,0,0,0,0,117,1,0,0,0,-143,0,0,1,0,0,0,1000
5276,0,110,180,500,1000,0,0,89,0,0,0,0,0,0,0,117,1,0,0,0,-143,0,0,1,0,0,0,1000
5277,0,111,180,500,1000,0,0,88,0,0,0,0,0,0,0,117,1,0,0,0,-143,0,0,1,0,0,0,1000
5278,0,112,180,500,1000,0,0,87,0,0,0,0,0,0,0,117,1,0,0,0,-143,0,0,1,0,0,0,1000
5279,0,113,180,500,1000,0,0,86,0,0,0,0,0,0,0,117,1,0,0,0,-143,0,0,1,0,0,0,1000
5280,0,114,180,500,1000,0,0,85,0,0,0,0,0,0,0,117,1,0,0,0,-143,0,0,1,0,0,0,1000
5281,0,115,180,500,1000,0,0,84,0,0,0,0,0,0,0,117,1,0,0,0,-143,0,0,1,0,0,0,1000
5282,0,116,180,500,1000,0,0,83,0,0,0,0,0,0,0,117,1,0,0,0,-143,0,0,1,0,0,0,1000
5283,0,117,180,500,1000,0,0,82,0,0,0,0,0,0,0,117,1,0,0,0,-143,0,0,1,0,0,0,1000
5284,0,118,180,500,1000,0,0,81,0,0,0,0,0,0,0,117,1,0,0,0,-143,0,0,1,0,0,0,1000
5285,0,119,180,500,1000,0,0,80,0,0,0,0,0,0,0,117,1,0,0,0,-143,0,0,1,0,0,0,1000
5286,0,120,180,500,1000,0,0,79,0,0,0,0,0,0,0,117,1,0,0,0,-143,0,0,1,0,0,0,1000
5287,0,121,180,500,1000,0,0,78,0,0,0,0,0,0,0,117,1,0,0,0,-143,0,0,1,0,0,0,1000
5288,0,122,180,500,1000,0,0,77,0,0,0,0,0,0,0,117,1,0,0,0,-143,0,0,1,0,0,0,1000
5289,0,123,180,500,1000,0,0,76,0,0,0,0,0,0,0,117,1,0,0,0,-143,0,0,1,0,0,0,1000
5290,0,124,180,500,1000,0,0,75,0,0,0,0,0,0,0,117,1,0,0,0,-143,0,0,1,0,0,0,1000
5291,0,125,180,500,1000,0,0,74,0,0,0,0,0,0,0,117,1,0,0,0,-143,0,0,1,0,0,0,1000
5292,0,126,180,500,1000,0,0,73,0,0,0,0,0,0,0,117,1,0,0,0,-143,0,0,1,0,0,0,1000
5293,0,127,180,500,1000,0,0,72,0,0,0,0,0,0,0,117,1,0,0,0,-143,0,0,1,0,0,0,1000
5294,0,128,180,500,1000,0,0,71,0,0,0,0,0,0,0,117,1,0,0,0,-143,0,0,1,0,0,0,1000
5295,0,129,180,500,1000,0,0,70,0,0,0,0,0,0,0,117,1,0,0,0,-143,0,0,1,0,0,0,1000
5296,0,130,180,500,1000,0,0,69,0,0,0,0,0,0,0,117,1,0,0,0,-143,0,0,1,0,0,0,1000
5297,0,131,180,500,1000,0,0,68,0,0,0,0,0,0,0,117,1,0,0,0,-143,0,0,1,0,0,0,1000
5298,0,132,180,500,1000,0,0,67,0,0,0,0,0,0,0,117,1,0,0,0,-143,0,0,1,0,0,0,1000
5299,0,133,180,500,1000,0,0,66,0,0,0,0,0,0,0,117,1,0,0,0,-143,0,0,1,0,0,0,1000
5300,0,134,180,500,1000,0,0,65,0,0,0,0,0,0,0,117,1,0,0,0,-143,0,0,1,0,0,0,1000
5301,0,135,180,500,1000,0,0,64,0,0,0,0,0,0,0,117,1,0,0,0,-143,0,0,1,0,0,0,1000
5302,0,136,180,500,1000,0,0,63,0,0,0,0,0,0,0,117,1,0,0,0,-143,0,0,1,0,0,0,1000
5303,0,137,180,500,1000,0,0,62,0,0,0,0,0,0,0,117,1,0,0,0,-143,0,0,1,0,0,0,1000
5304,0,138,180,500,1000,0,0,61,0,0,0,0,0,0,0,117,1,0,0,0,-143,0,0,1,0,0,0,1000
5305,0,139,180,500,1000,0,0,60,0,0,0,0,0,0,0,117,1,0,0,0,-143,0,0,1,0,0,0,1000
5306,0,140,180,500,1000,0,0,59,0,0,0,0,0,0,0,117,1,0,0,0,-143,0,0,1,0,0,0,1000
5307,0,141,180,500,1000,0,0,58,0,0,0,0,0,0,0,117,1,0,0,0,-143,0,0,1,0,0,0,1000
5308,0,142,180,500,1000,0,0,57,0,0,0,0,0,0,0,117,1,0,0,0,-143,0,0,1,0,0,0,1000
5309,0,143,180,500,1000,0,0,56,0,0,0,0,0,0,0,117,1,0,0,0,-143,0,0,1,0,0,0,1000
5310,0,144,180,500,1000,0,0,55,0,0,0,0,0,0,0,117,1,0,0,0,-143,0,0,1,0,0,0,1000
5311,0,145,180,500,1000,0,0,54,0,0,0,0,0,0,0,117,1,0,0,0,-143,0,0,1,0,0,0,1000
5312,0,146,180,500,1000,0,0,53,0,0,0,0,0,0,0,117,1,0,0,0,-143,0,0,1,0,0,0,1000
5313,0,147,180,500,1000,0,0,52,0,0,0,0,0,0,0,117,1,0,0,0,-143,0,0,1,0,0,0,1000
5314,0,148,180,500,1000,0,0,51,0,0,0,0,0,0,0,117,1,0,0,0,-143,0,0,1,0,0,0,1000
5315,0,149,180,500,1000,0,0,50,0,0,0,0,0,0,0,117,1,0,0,0,-143,0,0,1,0,0,0,1000
5316,0,150,180,500,1000,0,0,49,0,0,0,0,0,0,0,117,1,0,0,0,-143,0,0,1,0,0,0,1000
5317,0,151,180,500,1000,0,0,48,0,0,0,0,0,0,0,117,1,0,0,0,-143,0,0,1,0,0,0,1000
5318,0,152,180,500,1000,0,0,47,0,0,0,0,0,0,0,117,1,0,0,0,-143,0,0,1,0,0,0,1000
5319,0,153,180,500,1000,0,0,46,0,0,0,0,0,0,0,117,1,0,0,0,-143,0,0,1,0,0,0,1000
5320,0,154,180,500,1000,0,0,45,0,0,0,0,0,0,0,117,1,0,0,0,-143,0,0,1,0,0,0,1000
5321,0,155,180,500,1000,0,0,44,0,0,0,0,0,0,0,117,1,0,0,0,-143,0,0,1,0,0,0,1000
5322,0,156,180,500,1000,0,0,43,0,0,0,0,0,0,0,117,1,0,0,0,-143,0,0,1,0,0,0,1000
5323,0,157,180,500,1000,0,0,42,0,0,0,0,0,0,0,117,1,0,0,0,-143,0,0,1,0,0,0,1000
5324,0,158,180,500,1000,0,0,41,0,0,0,0,0,0,0,117,1,0,0,0,-143,0,0,1,0,0,0,1000
5325,0,159,180,500,1000,0,0,40,0,0,0,0,0,0,0,117,1,0,0,0,-143,0,0,1,0,0,0,1000
5326,0,160,180,500,1000,0,0,39,0,0,0,0,0,0,0,117,1,0,0,0,-143,0,0,1,0,0,0,1000
5327,0,161,180,500,1000,0,0,38,0,0,0,0,0,0,0,117,1,0,0,0,-143,0,0,1,0,0,0,1000
5328,0,162,180,500,1000,0,0,37,0,0,0,0,0,0,0,117,1,0,0,0,-143,0,0,1,0,0,0,1000
5329,0,163,180,500,1000,0,0,36,0,0,0,0,0,0,0,117,1,0,0,0,-143,0,0,1,0,0,0,1000
5330,0,164,180,500,1000,0,0,35,0,0,0,0,0,0,0,117,1,0,0,0,-143,0,0,1,0,0,0,1000
5331,0,165,180,500,1000,0,0,34,0,0,0,0,0,0,0,117,1,0,0,0,-143,0,0,1,0,0,0,1000
5332,0,166,180,500,1000,0,0,33,0,0,0,0,0,0,0,117,1,0,0,0,-143,0,0,1,0,0,0,1000
5333,0,167,180,500,1000,0,0,32,0,0,0,0,0,0,0,117,1,0,0,0,-143,0,0,1,0,0,0,1000
5334,0,168,180,500,1000,0,0,31,0,0,0,0,0,0,0,117,1,0,0,0,-143,0,0,1,0,0,0,1000
5335,0,169,180,500,1000,0,0,30,0,0,0,0,0,0,0,117,1,0,0,0,-143,0,0,1,0,0,0,1000
5336,0,170,180,500,1000,0,0,29,0,0,0,0,0,0,0,117,1,0,0,0,-143,0,0,1,0,0,0,1000
5337,0,171,180,500,1000,0,0,28,0,0,0,0,0,0,0,117,1,0,0,0,-143,0,0,1,0,0,0,1000
5338,0,172,180,500,1000,0,0,27,0,0,0,0,0,0,0,117,1,0,0,0,-143,0,0,1,0,0,0,1000
5339,0,173,180,500,1000,0,0,26,0,0,0,0,0,0,0,117,1,0,0,0,-143,0,0,1,0,0,0,1000
5340,0,174,180,500,1000,0,0,25,0,0,0,0,0,0,0,117,1,0,0,0,-143,0,0,1,0,0,0,1000
5341,0,175,180,500,1000,0,0,24,0,0,0,0,0,0,0,117,1,0,0,0,-143,0,0,1,0,0,0,1000
5342,0,176,180,500,1000,0,0,23,0,0,0,0,0,0,0,117,1,0,0,0,-143,0,0,1,0,0,0,1000
5343,0,177,180,500,1000,0,0,22,0,0,0,0,0,0,0,117,1,0,0,0,-143,0,0,1,0,0,0,1000
5344,0,178,180,500,1000,0,0,21,0,0,0,0,0,0,0,117,1,0,0,0,-143,0,0,1,0,0,0,1000
5345,0,179,180,500,1000,0,0,20,0,0,0,0,0,0,0,117,1,0,0,0,-143,0,0,1,0,0,0,1000
5346,0,180,180,500,1000,0,0,19,0,0,0,0,0,0,0,117,1,0,0,0,-143,0,0,1,0,0,0,1000
5347,0,181,180,500,1000,0,0,18,0,0,0,0,0,0,0,117,1,0,0,0,-143,0,0,1,0,0,0,1000
5348,0,182,180,500,1000,0,0,17,0,0,0,0,0,0,0,117,1,0,0,0,-143,0,0,1,0,0,0,1000
5349,0,183,180,500,1000,0,0,16,0,0,0,0,0,0,0,117,1,0,0,0,-143,0,0,1,0,0,0,1000
5350,0,184,180,500,1000,0,0,15,0,0,0,0,0,0,0,117,1,0,0,0,-143,0,0,1,0,0,0,1000
5351,0,185,180,500,1000,0,0,14,0,0,0,0,0,0,0,117,1,0,0,0,-143,0,0,1,0,0,0,1000
5352,0,186,180,500,1000,0,0,13,0,0,0,0,0,0,0,117,1,0,0,0,-143,0,0,1,0,0,0,1000
5353,0,187,180,500,1000,0,0,12,0,0,0,0,0,0,0,117,1,0,0,0,-143,0,0,1,0,0,0,1000
5354,0,188,180,500,1000,0,0,11,0,0,0,0,0,0,0,117,1,0,0,0,-143,0,0,1,0,0,0,1000
5355,0,189,180,500,1000,0,0,10,0,0,0,0,0,0,0,117,1,0,0,0,-143,0,0,1,0,0,0,1000
5356,0,190,180,500,1000,0,0,9,0,0,0,0,0,0,0,117,1,0,0,0,-143,0,0,1,0,0,0,1000
5357,0,191,180,500,1000,0,0,8,0,0,0,0,0,0,0,117,1,0,0,0,-143,0,0,1,0,0,0,1000
5358,0,192,180,500,1000,0,0,7,0,0,0,0,0,0,0,117,1,0,0,0,-143,0,0,1,0,0,0,1000
5359,0,193,180,500,1000,0,0,6,0,0,0,0,0,0,0,117,1,0,0,0,-143,0,0,1,0,0,0,1000
5360,0,194,180,500,1000,0,0,5,0,0,0,0,0,0,0,117,1,0,0,0,-143,0,0,1,0,0,0,1000
5361,0,195,180,500,1000,0,0,4,0,0,0,0,0,0,0,117,1,0,0,0,-143,0,0,1,0,0,0,1000
5362,0,196,180,500,1000,0,0,3,0,0,0,0,0,0,0,117,1,0,0,0,-143,0,0,1,0,0,0,1000
5363,0,197,180,500,1000,0,0,2,0,0,0,0,0,0,0,117,1,0,0,0,-143,0,0,1,0,0,0,1000
5364,0,198,180,500,1000,0,0,1,0,0,0,0,0,0,0,117,1,0,0,0,-143,0,0,1,0,0,0,1000
5365,0,199,180,500,1000,0,0,0,0,0,0,0,0,0,0,117,1,0,0,0,-143,0,0,1,0,0,0,1000
5366,0,200,180,500,1000,0,0,0,0,0,0,0,0,0,0,117,1,0,0,0,-143,0,0,1,0,0,0,1000
5367,0,201,180,500,1000,0,0,0,0,0,0,0,0,0,0,117,1,0,0,0,-143,0,0,1,0,0,0,1000
5368,0,202,180,500,1000,0,0,0,0,0,0,0,0,0,0,117,1,0,0,0,-143,0,0,1,0,0,0,1000
5369,0,203,180,500,1000,0,0,0,0,0,0,0,0,0,0,117,1,0,0,0,-143,0,0,1,0,0,0,1000
5370,0,204,180,500,1000,0,0,0,0,0,0,0,0,0,0,117,1,0,0,0,-143,0,0,1,0,0,0,1000
5371,0,205,180,500,1000,0,0,0,0,0,0,0,0,0,0,117,1,0,0,0,-143,0,0,1,0,0,0,1000
5372,0,206,180,500,1000,0,0,0,0,0,0,0,0,0,0,117,1,0,0,0,-143,0,0,1,0,0,0,1000
5373,0,207,180,500,1000,0,0,0,0,0,0,0,0,0,0,117,1,0,0,0,-143,0,0,1,0,0,0,1000
5374,0,208,180,500,1000,0,0,0,0,0,0,0,0,0,0,117,1,0,0,0,-143,0,0,1,0,0,0,1000
5375,0,209,180,500,1000,0,0,0,0,0,0,0,0,0,0,117,1,0,0,0,-143,0,0,1,0,0,0,1000
5376,0,210,180,500,1000,0,0,0,0,0,0,0,0,0,0,117,1,0,0,0,-143,0,0,1,0,0,0,1000
5377,0,211,180,500,1000,0,0,0,0,0,0,0,0,0,0,117,1,0,0,0,-143,0,0,1,0,0,0,1000
5378,0,212,180,500,1000,0,0,0,0,0,0,0,0,0,0,117,1,0,0,0,-143,0,0,1,0,0,0,1000
5379,0,213,180,500,1000,0,0,0,0,0,0,0,0,0,0,117,1,0,0,0,-143,0,0,1,0,0,0,1000
5380,0,214,180,500,1000,0,0,0,0,0,0,0,0,0,0,117,1,0,0,0,-143,0,0,1,0,0,0,1000
5381,0,215,180,500,1000,0,0,0,0,0,0,0,0,0,0,117,1,0,0,0,-143,0,0,1,0,0,0,1000
5382,0,216,180,500,1000,0,0,0,0,0,0,0,0,0,0,117,1,0,0,0,-143,0,0,1,0,0,0,1000
5383,0,217,180,500,1000,0,0,0,0,0,0,0,0,0,0,117,1,0,0,0,-143,0,0,1,0,0,0,1000
5384,0,218,180,500,1000,0,0,0,0,0,0,0,0,0,0,117,1,0,0,0,-143,0,0,1,0,0,0,1000
5385,0,219,180,500,1000,0,0,0,0,0,0,0,0,0,0,117,1,0,0,0,-143,0,0,1,0,0,0,1000
5386,0,220,180,500,1000,0,0,0,0,0,0,0,0,0,0,117,1,0,0,0,-143,0,0,1,0,0,0,1000
5387,0,221,180,500,1000,0,0,0,0,0,0,0,0,0,0,117,1,0,0,0,-143,0,0,1,0,0,0,1000
5388,0,222,180,500,1000,0,0,0,0,0,0,0,0,0,0,117,1,0,0,0,-143,0,0,1,0,0,0,1000
5389,0,223,180,500,1000,0,0,0,0,0,0,0,0,0,0,117,1,0,0,0,-143,0,0,1,0,0,0,1000
5390,0,224,180,500,1000,0,0,0,0,0,0,0,0,0,0,117,1,0,0,0,-143,0,0,1,0,0,0,1000
5391,0,225,180,500,1000,0,0,0,0,0,0,0,0,0,0,117,1,0,0,0,-143,0,0,1,0,0,0,1000
5392,0,226,180,500,1000,0,0,0,0,0,0,0,0,0,0,117,1,0,0,0,-143,0,0,1,0,0,0,1000
5393,0,227,180,500,1000,0,0,0,0,0,0,0,0,0,0,117,1,0,0,0,-143,0,0,1,0,0,0,1000
5394,0,228,180,500,1000,0,0,0,0,0,0,0,0,0,0,117,1,0,0,0,-143,0,0,1,0,0,0,1000
5395,0,229,180,500,1000,0,0,0,0,0,0,0,0,0,0,117,1,0,0,0,-143,0,0,1,0,0,0,1000
5396,0,230,180,500,1000,0,0,0,0,0,0,0,0,0,0,117,1,0,0,0,-143,0,0,1,0,0,0,1000
5397,0,231,180,500,1000,0,0,0,0,0,0,0,0,0,0,117,1,0,0,0,-143,0,0,1,0,0,0,1000
5398,0,232,180,500,1000,0,0,0,0,0,0,0,0,0,0,117,1,0,0,0,-143,0,0,1,0,0,0,1000
5399,0,233,180,500,1000,0,0,0,0,0,0,0,0,0,0,117,1,0,0,0,-143,0,0,1,0,0,0,1000
5400,0,234,180,500,1000,0,0,0,0,0,0,0,0,0,0,117,1,0,0,0,-143,0,0,1,0,0,0,1000
5401,0,235,180,500,1000,0,0,0,0,0,0,0,0,0,0,117,1,0,0,0,-143,0,0,1,0,0,0,1000
5402,0,236,180,500,1000,0,0,0,0,0,0,0,0,0,0,117,1,0,0,0,-143,0,0,1,0,0,0,1000
5403,0,237,180,500,1000,0,0,0,0,0,0,0,0,0,0,117,1,0,0,0,-143,0,0,1,0,0,0,1000
5404,0,238,180,500,1000,0,0,0,0,0,0,0,0,0,0,117,1,0,0,0,-143,0,0,1,0,0,0,1000
5405,0,239,180,500,1000,0,0,0,0,0,0,0,0,0,0,117,1,0,0,0,-143,0,0,1,0,0,0,1000
5406,0,240,180,500,1000,0,0,0,0,0,0,0,0,0,0,117,1,0,0,0,-143,0,0,1,0,0,0,1000
5407,0,241,180,500,1000,0,0,0,0,0,0,0,0,0,0,117,1,0,0,0,-143,0,0,1,0,0,0,1000
5408,0,242,180,500,1000,0,0,0,0,0,0,0,0,0,0,117,1,0,0,0,-143,0,0,1,0,0,0,1000
5409,0,243,180,500,1000,0,0,0,0,0,0,0,0,0,0,117,1,0,0,0,-143,0,0,1,0,0,0,1000
5410,0,1,3000,500,1000,0,240,0,0,0,0,0,0,0,0,117.25,1,0,0,0,-143,0,0,0,0,0,0,1000
5411,0,2,3000,500,1000,0,239,0,0,0,0,0,0,0,0,117.0625,1,0,0,0,-143,0,0,0,0,0,0,1000
5412,0,3,3000,500,1000,0,238,0,0,0,0,0,0,0,0,117.015625,1,0,0,0,-143,0,0,0,0,0,0,1000
5413,0,4,3000,500,1000,0,237,0,0,0,0,0,0,0,0,117.00390625,1,0,0,0,-143,0,0,0,0,0,0,1000
5414,0,5,3000,500,1000,0,236,0,0,0,0,0,0,0,0,117.0009765625,1,0,0,0,-143,0,0,0,0,0,0,1000
5415,0,6,3000,500,1000,0,235,0,0,0,0,0,0,0,0,117.000244140625,1,0,0,0,-143,0,0,0,0,0,0,1000
5416,0,7,3000,500,1000,0,234,0,0,0,0,0,0,0,0,117.00006103515625,1,0,0,0,-143,0,0,0,0,0,0,1000
5417,0,8,3000,500,1000,0,233,0,0,0,0,0,0,0,0,117.00001525878906,1,0,0,0,-143,0,0,0,0,0,0,1000
5418,0,9,3000,500,1000,0,232,0,0,0,0,0,0,0,0,117,1,0,0,0,-143,0,0,0,0,0,0,1000
5419,10,1,3000,500,1000,0,231,0,0,0,0,0,0,0,0,117,1,0,0,0,-143,0,0,0,0,0,0,1000
5420,10,2,3000,500,1000,0,230,0,0,0,0,0,0,0,0,117,1,0,0,0,-143,0,0,0,0,0,0,1000
5421,10,3,3000,500,1000,0,229,0,0,0,0,0,0,0,0,117,1,0,0,0,-143,0,0,0,0,0,0,1000
5422,10,4,3000,500,1000,0,228,0,0,0,0,0,0,0,0,117,1,0,0,0,-143,0,0,0,0,0,0,1000
5423,10,5,3000,500,1000,0,227,0,0,0,0,0,0,0,0,117,1,0,0,0,-143,0,0,0,0,0,0,1000
5424,10,6,3000,500,1000,0,226,0,0,0,0,0,0,0,0,117,1,0,0,0,-143,0,0,0,0,0,0,1000
5425,1000,1,3000,500,1000,0,225,0,0,0,0,0,0,0,0,117,1,0,0,0,-143,0,0,0,0,0,0,1000
5426,1000,2,3000,500,1000,0,224,0,0,0,0,0,0,0,0,117,1,0,0,0,-143,0,0,0,0,0,0,1000
5427,1000,3,3000,500,1000,0,223,0,0,0,0,0,0,0,0,117.625,1,0,0,0,-143,0,0,0,0,0,0,1000
5428,1000,4,3000,500,1000,0,222,0,0,0,0,0,0,0,0,117.78125,1,0,0,0,-143,0,0,0,0,0,0,1000
5429,1000,5,3000,500,1000,0,221,0,0,0,0,0,0,0,0,117.8203125,1,0,0,0,-143,0,0,0,0,0,0,1000
5430,1000,6,3000,500,1000,0,220,0,0,0,0,0,0,0,0,117.830078125,1,0,0,0,-143,0,0,0,0,0,0,1000
5431,1000,7,3000,500,1000,0,219,0,0,0,0,0,0,0,0,117.83251953125,1,0,0,0,-143,0,0,0,0,0,0,1000
5432,1000,8,3000,500,1000,0,218,0,0,0,0,0,0,0,0,117.8331298828125,1,0,0,0,-143,0,0,0,0,0,0,1000
5433,1000,9,3000,500,1000,0,217,0,0,0,0,0,0,0,0,117.20828247070312,1,0,0,0,-143,0,0,0,0,0,0,1000
5434,1000,10,4030,500,922,0,216,0,0,0,0,0,0,0,0,117.20828247070312,1,0,0,0,-143,0,0,1,0,0,0,2046
5435,1000,11,4030,500,922,0,215,0,0,0,0,0,0,0,0,117.20828247070312,1,0,0,0,-143,0,0,1,0,0,0,2046
5436,1000,12,4030,500,922,0,214,0,0,0,0,0,0,0,0,117.20828247070312,1,0,0,0,-143,0,0,1,0,0,0,2046
5437,1000,13,4030,500,922,0,213,0,0,0,0,0,0,0,0,117.20828247070312,1,0,0,0,-143,0,0,1,0,0,0,2046
5438,1000,14,4030,500,922,0,212,0,0,0,0,0,0,0,0,117.20828247070312,1,0,0,0,-143,0,0,1,0,0,0,2046
5439,1000,15,4030,500,922,0,211,0,0,0,0,0,0,0,0,117.20828247070312,1,0,0,0,-143,0,0,1,0,0,0,2046
5440,1000,16,4030,500,922,0,210,0,0,0,0,0,0,0,0,117.20828247070312,1,0,0,0,-143,0,0,1,0,0,0,2046
5441,1000,17,4030,500,922,0,209,0,0,0,0,0,0,0,0,117.20828247070312,1,0,0,0,-143,0,0,1,0,0,0,2046
5442,1000,18,4030,500,922,0,208,0,0,0,0,0,0,0,0,117.20828247070312,1,0,0,0,-143,0,0,1,0,0,0,2046
5443,1000,19,4030,500,922,0,207,0,0,0,0,0,0,0,0,117.20828247070312,1,0,0,0,-143,0,0,1,0,0,0,2046
5444,1000,20,4030,500,922,0,206,0,0,0,0,0,0,0,0,117.20828247070312,1,0,0,0,-143,0,0,1,0,0,0,2046
5445,1000,21,4030,500,922,0,205,0,0,0,0,0,0,0,0,117.20828247070312,1,0,0,0,-143,0,0,1,0,0,0,2046
5446,1000,22,4030,500,922,0,204,0,0,0,0,0,0,0,0,113.20828247070312,1,0,0,0,-143,0,0,1,0,0,0,2046
5447,1000,23,4030,500,922,0,203,0,0,0,0,0,0,0,0,109.20828247070312,1,0,0,0,-139,0,0,1,0,0,0,2046
5448,1000,24,4030,500,922,0,202,0,0,0,0,0,0,0,0,105.20828247070312,1,0,0,0,-135,0,0,1,0,0,0,2046
5449,1000,25,4030,500,922,0,201,0,0,0,0,0,0,0,0,101.20828247070312,1,0,0,0,-131,0,0,1,0,0,0,2046
5450,1000,26,4030,500,922,0,200,0,0,0,0,0,0,0,0,97.20828247070312,1,0,0,0,-127,0,0,1,0,0,0,2046
5451,1000,27,4030,500,922,0,199,0,0,0,0,0,0,0,0,93.20828247070312,1,0,0,0,-123,0,0,1,0,0,0,2046
5452,1000,28,4030,500,922,0,198,0,0,0,0,0,0,0,0,89.20828247070312,1,0,0,0,-119,0,0,1,0,0,0,2046
5453,1000,29,4030,500,922,0,197,0,0,0,0,0,0,0,0,85.20828247070312,1,0,0,0,-115,0,0,1,0,0,0,2046
5454,1000,30,4030,500,922,0,196,0,0,0,0,0,0,0,0,81.20828247070312,1,0,0,0,-111,0,0,1,0,0,0,2046
5455,1000,31,4030,500,922,0,195,0,0,0,0,0,0,0,0,77.20828247070312,1,0,0,0,-107,0,0,1,0,0,0,2046
5456,1000,32,4030,500,922,0,194,0,0,0,0,0,0,0,0,73.20828247070312,1,0,0,0,-103,0,0,1,0,0,0,2046
5457,1000,33,4030,500,922,0,193,0,0,0,0,0,0,0,0,69.20828247070312,1,0,0,0,-99,0,0,1,0,0,0,2046
5458,1000,34,4030,500,922,0,192,0,0,0,0,0,0,0,0,65.20828247070312,1,0,0,0,-95,0,0,1,0,0,0,2046
5459,0,1,4030,500,922,0,191,0,0,0,0,0,0,0,0,61.208282470703125,1,0,0,0,-91,0,0,1,0,0,0,2046
5460,0,2,4030,500,922,0,190,0,0,0,0,0,0,0,0,57.208282470703125,1,0,0,0,-87,0,0,1,0,0,0,2046
5461,0,3,4030,500,922,0,189,0,0,0,0,0,0,0,0,53.208282470703125,1,0,0,0,-83,0,0,1,0,0,0,2046
5462,0,4,4030,500,922,0,188,0,0,0,0,0,0,0,0,49.208282470703125,1,0,0,0,-79,0,0,1,0,0,0,2046
5463,0,5,4030,500,922,0,187,0,0,0,0,0,0,0,0,45.208282470703125,1,0,0,0,-75,0,0,1,0,0,0,2046
5464,0,6,4030,500,922,0,186,0,0,0,0,0,0,0,0,41.208282470703125,1,0,0,0,-71,0,0,1,0,0,0,2046
5465,0,7,4030,500,922,0,185,0,0,0,0,0,0,0,0,37.208282470703125,1,0,0,0,-67,0,0,1,0,0,0,2046
5466,0,8,4030,500,922,0,184,0,0,0,0,0,0,0,0,33.208282470703125,1,0,0,0,-63,0,0,1,0,0,0,2046
5467,0,9,4030,500,922,0,183,0,0,0,0,0,0,0,0,29.208282470703125,1,0,0,0,-59,0,0,1,0,0,0,2046
5468,0,10,4030,500,922,0,182,0,0,0,0,0,0,0,0,25.208282470703125,1,0,0,0,-55,0,0,1,0,0,0,2046
5469,0,11,4030,500,922,0,181,0,0,0,0,0,0,0,0,21.208282470703125,1,0,0,0,-51,0,0,1,0,0,0,2046
5470,0,12,4030,500,922,0,180,0,0,0,0,0,0,0,0,17.208282470703125,1,0,0,0,-47,0,0,1,0,0,0,2046
5471,0,13,4030,500,922,0,179,0,0,0,0,0,0,0,0,13.208282470703125,1,0,0,0,-43,0,0,1,0,0,0,2046
5472,0,14,4030,500,922,0,178,0,0,0,0,0,0,0,0,9.208282470703125,1,0,0,0,-39,0,0,1,0,0,0,2046
5473,0,15,4030,500,922,0,177,0,0,0,0,0,0,0,0,5.208282470703125,1,0,0,0,-35,0,0,1,0,0,0,2046
5474,0,16,4030,500,922,0,176,0,0,0,0,0,0,0,0,1.208282470703125,1,0,0,0,-31,0,0,1,0,0,0,2046
5475,0,17,4030,500,922,0,175,0,0,0,0,0,0,0,0,-2.791717529296875,1,0,0,0,-27,0,0,1,0,0,0,2046
5476,0,18,4030,500,922,0,174,0,0,0,0,0,0,0,0,-2.791717529296875,1,0,0,0,-23,0,0,1,0,0,0,2046
5477,0,19,4030,500,922,0,173,0,0,0,0,0,0,0,0,-2.791717529296875,1,0,0,0,-23,0,0,1,0,0,0,2046
5478,0,20,4030,500,922,0,172,0,0,0,0,0,0,0,0,-2.791717529296875,1,0,0,0,-23,0,0,1,0,0,0,2046
5479,0,21,4030,500,922,0,171,0,0,0,0,0,0,0,0,-2.791717529296875,1,0,0,0,-23,0,0,1,0,0,0,2046
5480,0,22,4030,500,922,0,170,0,0,0,0,0,0,0,0,-2.791717529296875,1,0,0,0,-23,0,0,1,0,0,0,2046
5481,0,23,4030,500,922,0,169,0,0,0,0,0,0,0,0,-2.791717529296875,1,0,0,0,-23,0,0,1,0,0,0,2046
5482,0,24,4030,500,922,0,168,0,0,0,0,0,0,0,0,-2.791717529296875,1,0,0,0,-23,0,0,1,0,0,0,2046
5483,0,25,4030,500,922,0,167,0,0,0,0,0,0,0,0,-2.791717529296875,1,0,0,0,-23,0,0,1,0,0,0,2046
5484,0,26,4030,500,922,0,166,0,0,0,0,0,0,0,0,-5.791717529296875,1,0,0,0,-23,0,0,1,0,0,0,2046
5485,0,27,4030,500,922,0,165,0,0,0,0,0,0,0,0,-8.791717529296875,1,0,0,0,-20,0,0,1,0,0,0,2046
5486,0,28,4030,500,922,0,164,0,0,0,0,0,0,0,0,-11.791717529296875,1,0,0,0,-17,0,0,1,0,0,0,2046
5487,0,29,4030,500,922,0,163,0,0,0,0,0,0,0,0,-14.791717529296875,1,0,0,0,-14,0,0,1,0,0,0,2046
5488,0,30,4030,500,922,0,162,0,0,0,0,0,0,0,0,-17.791717529296875,1,0,0,0,-11,0,0,1,0,0,0,2046
5489,0,31,4030,500,922,0,161,0,0,0,0,0,0,0,0,-20.791717529296875,1,0,0,0,-8,0,0,1,0,0,0,2046
5490,0,32,4030,500,922,0,160,0,0,0,0,0,0,0,0,-23.791717529296875,1,0,0,0,-5,0,0,1,0,0,0,2046
5491,0,33,4030,500,922,0,159,0,0,0,0,0,0,0,0,-26.791717529296875,1,0,0,0,-2,0,0,1,0,0,0,2046
5492,0,34,4030,500,922,0,158,0,0,0,0,0,0,0,0,-29.791717529296875,1,0,0,0,1,0,0,1,0,0,0,2046
5493,0,35,4030,500,922,0,157,0,0,0,0,0,0,0,0,-32.791717529296875,1,0,0,0,4,0,0,1,0,0,0,2046
5494,0,36,4030,500,922,0,156,0,0,0,0,0,0,0,0,-35.791717529296875,1,0,0,0,7,0,0,1,0,0,0,2046
5495,0,37,4030,500,922,0,155,0,0,0,0,0,0,0,0,-38.791717529296875,1,0,0,0,10,0,0,1,0,0,0,2046
5496,0,38,4030,500,922,0,154,0,0,0,0,0,0,0,0,-41.791717529296875,1,0,0,0,13,0,0,1,0,0,0,2046
5497,0,39,4030,500,922,0,153,0,0,0,0,0,0,0,0,-44.791717529296875,1,0,0,0,16,0,0,1,0,0,0,2046
5498,0,40,4030,500,922,0,152,0,0,0,0,0,0,0,0,-47.791717529296875,1,0,0,0,19,0,0,1,0,0,0,2046
5499,0,41,4030,500,922,0,151,0,0,0,0,0,0,0,0,-50.791717529296875,1,0,0,0,22,0,0,1,0,0,0,2046
5500,0,42,4030,500,922,0,150,0,0,0,0,0,0,0,0,-53.791717529296875,1,0,0,0,25,0,0,1,0,0,0,2046
5501,0,43,4030,500,922,0,149,0,0,0,0,0,0,0,0,-56.791717529296875,1,0,0,0,28,0,0,1,0,0,0,2046
5502,0,44,4030,500,922,0,148,0,0,0,0,0,0,0,0,-59.791717529296875,1,0,0,0,31,0,0,1,0,0,0,2046
5503,0,45,4030,500,922,0,147,0,0,0,0,0,0,0,0,-62.791717529296875,1,0,0,0,34,0,0,1,0,0,0,2046
5504,0,46,4030,500,922,0,146,0,0,0,0,0,0,0,0,-65.29171752929688,1,0,0,0,37,0,0,1,0,0,0,2046
5505,0,47,4030,500,922,0,145,0,0,0,0,0,0,0,0,-67.54171752929688,1,0,0,0,39.5,0,0,1,0,0,0,2046
5506,0,48,4030,500,922,0,144,0,0,0,0,0,0,0,0,-69.54171752929688,1,0,0,0,41.75,0,0,1,0,0,0,2046
5507,0,49,4030,500,922,0,143,0,0,0,0,0,0,0,0,-71.04171752929688,1,0,0,0,43.75,0,0,1,0,0,0,2046
5508,0,50,4030,500,922,0,142,0,0,0,0,0,0,0,0,-72.29171752929688,1,0,0,0,45.25,0,0,1,0,0,0,2046
5509,0,51,4030,500,922,0,141,0,0,0,0,0,0,0,0,-73.54171752929688,1,0,0,0,46.5,0,0,1,0,0,0,2046
5510,0,52,4030,500,922,0,140,0,0,0,0,0,0,0,0,-74.54171752929688,1,0,0,0,47.75,0,0,1,0,0,0,2046
5511,0,53,4030,500,922,0,139,0,0,0,0,0,0,0,0,-75.29171752929688,1,0,0,0,48.75,0,0,1,0,0,0,2046
5512,0,54,4030,500,922,0,138,0,0,0,0,0,0,0,0,-76.04171752929688,1,0,0,0,49.5,0,0,1,0,0,0,2046
5513,0,55,4030,500,922,0,137,0,0,0,0,0,0,0,0,-76.54171752929688,1,0,0,0,50.25,0,0,1,0,0,0,2046
5514,0,56,4030,500,922,0,136,0,0,0,0,0,0,0,0,-77.04171752929688,1,0,0,0,50.75,0,0,1,0,0,0,2046
5515,0,57,4030,500,922,0,135,0,0,0,0,0,0,0,0,-77.54171752929688,1,0,0,0,51.25,0,0,1,0,0,0,2046
5516,0,58,4030,500,922,0,134,0,0,0,0,0,0,0,0,-78.04171752929688,1,0,0,0,51.75,0,0,1,0,0,0,2046
5517,0,59,4030,500,922,0,133,0,0,0,0,0,0,0,0,-78.29171752929688,1,0,0,0,52.25,0,0,1,0,0,0,2046
5518,0,60,4030,500,922,0,132,0,0,0,0,0,0,0,0,-78.54171752929688,1,0,0,0,52.5,0,0,1,0,0,0,2046
5519,0,61,4030,500,922,0,131,0,0,0,0,0,0,0,0,-78.79171752929688,1,0,0,0,52.75,0,0,1,0,0,0,2046
5520,0,62,4030,500,922,0,130,0,0,0,0,0,0,0,0,-79.04171752929688,1,0,0,0,53,0,0,1,0,0,0,2046
5521,0,63,4030,500,922,0,129,0,0,0,0,0,0,0,0,-79.29171752929688,1,0,0,0,53.25,0,0,1,0,0,0,2046
5522,0,64,4030,500,922,0,128,0,0,0,0,0,0,0,0,-79.54171752929688,1,0,0,0,53.5,0,0,1,0,0,0,2046
5523,0,65,4030,500,922,0,127,0,0,0,0,0,0,0,0,-79.79171752929688,1,0,0,0,53.75,0,0,1,0,0,0,2046
5524,0,66,4030,500,922,0,126,0,0,0,0,0,0,0,0,-80.04171752929688,1,0,0,0,54,0,0,1,0,0,0,2046
5525,0,67,4030,500,922,0,125,0,0,0,0,0,0,0,0,-80.04171752929688,1,0,0,0,54.25,0,0,1,0,0,0,2046
5526,0,68,4030,500,922,0,124,0,0,0,0,0,0,0,0,-80.04171752929688,1,0,0,0,54.25,0,0,1,0,0,0,2046
5527,0,69,4030,500,922,0,123,0,0,0,0,0,0,0,0,-80.04171752929688,1,0,0,0,54.25,0,0,1,0,0,0,2046
5528,0,70,4030,500,922,0,122,0,0,0,0,0,0,0,0,-80.04171752929688,1,0,0,0,54.25,0,0,1,0,0,0,2046
5529,0,71,4030,500,922,0,121,0,0,0,0,0,0,0,0,-80.04171752929688,1,0,0,0,54.25,0,0,1,0,0,0,2046
5530,0,72,4030,500,922,0,120,0,0,0,0,0,0,0,0,-80.04171752929688,1,0,0,0,54.25,0,0,1,0,0,0,2046
5531,0,73,4030,500,922,0,119,0,0,0,0,0,0,0,0,-80.04171752929688,1,0,0,0,54.25,0,0,1,0,0,0,2046
5532,0,74,4030,500,922,0,118,0,0,0,0,0,0,0,0,-80.04171752929688,1,0,0,0,54.25,0,0,1,0,0,0,2046
5533,0,75,4030,500,922,0,117,0,0,0,0,0,0,0,0,-80.04171752929688,1,0,0,0,54.25,0,0,1,0,0,0,2046
5534,0,76,4030,500,922,0,116,0,0,0,0,0,0,0,0,-80.04171752929688,1,0,0,0,54.25,0,0,1,0,0,0,2046
5535,0,77,4030,500,922,0,115,0,0,0,0,0,0,0,0,-80.04171752929688,1,0,0,0,54.25,0,0,1,0,0,0,2046
5536,0,78,4030,500,922,0,114,0,0,0,0,0,0,0,0,-80.04171752929688,1,0,0,0,54.25,0,0,1,0,0,0,2046
5537,0,79,4030,500,922,0,113,0,0,0,0,0,0,0,0,-80.04171752929688,1,0,0,0,54.25,0,0,1,0,0,0,2046
5538,0,80,4030,500,922,0,112,0,0,0,0,0,0,0,0,-80.04171752929688,1,0,0,0,54.25,0,0,1,0,0,0,2046
5539,0,81,4030,500,922,0,111,0,0,0,0,0,0,0,0,-80.04171752929688,1,0,0,0,54.25,0,0,1,0,0,0,2046
5540,0,82,4030,500,922,0,110,0,0,0,0,0,0,0,0,-80.04171752929688,1,0,0,0,54.25,0,0,1,0,0,0,2046
5541,0,83,4030,500,922,0,109,0,0,0,0,0,0,0,0,-80.04171752929688,1,0,0,0,54.25,0,0,1,0,0,0,2046
5542,0,84,4030,500,922,0,108,0,0,0,0,0,0,0,0,-80.04171752929688,1,0,0,0,54.25,0,0,1,0,0,0,2046
5543,0,85,4030,500,922,0,107,0,0,0,0,0,0,0,0,-80.04171752929688,1,0,0,0,54.25,0,0,1,0,0,0,2046
5544,0,86,4030,500,922,0,106,0,0,0,0,0,0,0,0,-80.04171752929688,1,0,0,0,54.25,0,0,1,0,0,0,2046
5545,0,87,4030,500,922,0,105,0,0,0,0,0,0,0,0,-80.04171752929688,1,0,0,0,54.25,0,0,1,0,0,0,2046
5546,0,88,4030,500,922,0,104,0,0,0,0,0,0,0,0,-80.04171752929688,1,0,0,0,54.25,0,0,1,0,0,0,2046
5547,0,89,4030,500,922,0,103,0,0,0,0,0,0,0,0,-80.04171752929688,1,0,0,0,54.25,0,0,1,0,0,0,2046
5548,0,90,4030,500,922,0,102,0,0,0,0,0,0,0,0,-80.04171752929688,1,0,0,0,54.25,0,0,1,0,0,0,2046
5549,0,91,4030,500,922,0,101,0,0,0,0,0,0,0,0,-80.04171752929688,1,0,0,0,54.25,0,0,1,0,0,0,2046
5550,0,92,4030,500,922,0,100,0,0,0,0,0,0,0,0,-80.04171752929688,1,0,0,0,54.25,0,0,1,0,0,0,2046
5551,0,93,4030,500,922,0,99,0,0,0,0,0,0,0,0,-80.04171752929688,1,0,0,0,54.25,0,0,1,0,0,0,2046
5552,0,94,4030,500,922,0,98,0,0,0,0,0,0,0,0,-80.04171752929688,1,0,0,0,54.25,0,0,1,0,0,0,2046
5553,0,95,4030,500,922,0,97,0,0,0,0,0,0,0,0,-80.04171752929688,1,0,0,0,54.25,0,0,1,0,0,0,2046
5554,0,96,4030,500,922,0,96,0,0,0,0,0,0,0,0,-80.04171752929688,1,0,0,0,54.25,0,0,1,0,0,0,2046
5555,0,97,4030,500,922,0,95,0,0,0,0,0,0,0,0,-80.04171752929688,1,0,0,0,54.25,0,0,1,0,0,0,2046
5556,0,98,4030,500,922,0,94,0,0,0,0,0,0,0,0,-80.04171752929688,1,0,0,0,54.25,0,0,1,0,0,0,2046
5557,0,99,4030,500,922,0,93,0,0,0,0,0,0,0,0,-80.04171752929688,1,0,0,0,54.25,0,0,1,0,0,0,2046
5558,0,100,4030,500,922,0,92,0,0,0,0,0,0,0,0,-80.04171752929688,1,0,0,0,54.25,0,0,1,0,0,0,2046
5559,0,101,4030,500,922,0,91,0,0,0,0,0,0,0,0,-80.04171752929688,1,0,0,0,54.25,0,0,1,0,0,0,2046
5560,0,102,4030,500,922,0,90,0,0,0,0,0,0,0,0,-80.04171752929688,1,0,0,0,54.25,0,0,1,0,0,0,2046
5561,0,103,4030,500,922,0,89,0,0,0,0,0,0,0,0,-80.04171752929688,1,0,0,0,54.25,0,0,1,0,0,0,2046
5562,0,104,4030,500,922,0,88,0,0,0,0,0,0,0,0,-80.04171752929688,1,0,0,0,54.25,0,0,1,0,0,0,2046
5563,0,105,4030,500,922,0,87,0,0,0,0,0,0,0,0,-80.04171752929688,1,0,0,0,54.25,0,0,1,0,0,0,2046
5564,0,106,4030,500,922,0,86,0,0,0,0,0,0,0,0,-80.04171752929688,1,0,0,0,54.25,0,0,1,0,0,0,2046
5565,0,107,4030,500,922,0,85,0,0,0,0,0,0,0,0,-80.04171752929688,1,0,0,0,54.25,0,0,1,0,0,0,2046
5566,0,108,4030,500,922,0,84,0,0,0,0,0,0,0,0,-80.04171752929688,1,0,0,0,54.25,0,0,1,0,0,0,2046
5567,0,109,4030,500,922,0,83,0,0,0,0,0,0,0,0,-80.04171752929688,1,0,0,0,54.25,0,0,1,0,0,0,2046
5568,0,110,4030,500,922,0,82,0,0,0,0,0,0,0,0,-80.04171752929688,1,0,0,0,54.25,0,0,1,0,0,0,2046
5569,0,111,4030,500,922,0,81,0,0,0,0,0,0,0,0,-80.04171752929688,1,0,0,0,54.25,0,0,1,0,0,0,2046
5570,0,112,4030,500,922,0,80,0,0,0,0,0,0,0,0,-80.04171752929688,1,0,0,0,54.25,0,0,1,0,0,0,2046
5571,0,113,4030,500,922,0,79,0,0,0,0,0,0,0,0,-80.04171752929688,1,0,0,0,54.25,0,0,1,0,0,0,2046
5572,0,114,4030,500,922,0,78,0,0,0,0,0,0,0,0,-80.04171752929688,1,0,0,0,54.25,0,0,1,0,0,0,2046
5573,0,115,4030,500,922,0,77,0,0,0,0,0,0,0,0,-80.04171752929688,1,0,0,0,54.25,0,0,1,0,0,0,2046
5574,0,116,4030,500,922,0,76,0,0,0,0,0,0,0,0,-80.04171752929688,1,0,0,0,54.25,0,0,1,0,0,0,2046
5575,0,117,4030,500,922,0,75,0,0,0,0,0,0,0,0,-80.04171752929688,1,0,0,0,54.25,0,0,1,0,0,0,2046
5576,0,118,4030,500,922,0,74,0,0,0,0,0,0,0,0,-80.04171752929688,1,0,0,0,54.25,0,0,1,0,0,0,2046
5577,0,119,4030,500,922,0,73,0,0,0,0,0,0,0,0,-80.04171752929688,1,0,0,0,54.25,0,0,1,0,0,0,2046
5578,0,120,4030,500,922,0,72,0,0,0,0,0,0,0,0,-80.04171752929688,1,0,0,0,54.25,0,0,1,0,0,0,2046
5579,0,121,4030,500,922,0,71,0,0,0,0,0,0,0,0,-80.04171752929688,1,0,0,0,54.25,0,0,1,0,0,0,2046
5580,0,122,4030,500,922,0,70,0,0,0,0,0,0,0,0,-80.04171752929688,1,0,0,0,54.25,0,0,1,0,0,0,2046
5581,0,123,4030,500,922,0,69,0,0,0,0,0,0,0,0,-80.04171752929688,1,0,0,0,54.25,0,0,1,0,0,0,2046
5582,0,124,4030,500,922,0,68,0,0,0,0,0,0,0,0,-80.04171752929688,1,0,0,0,54.25,0,0,1,0,0,0,2046
5583,0,125,4030,500,922,0,67,0,0,0,0,0,0,0,0,-80.04171752929688,1,0,0,0,54.25,0,0,1,0,0,0,2046
5584,0,126,4030,500,922,0,66,0,0,0,0,0,0,0,0,-80.04171752929688,1,0,0,0,54.25,0,0,1,0,0,0,2046
5585,0,127,4030,500,922,0,65,0,0,0,0,0,0,0,0,-80.04171752929688,1,0,0,0,54.25,0,0,1,0,0,0,2046
5586,0,128,4030,500,922,0,64,0,0,0,0,0,0,0,0,-80.04171752929688,1,0,0,0,54.25,0,0,1,0,0,0,2046
5587,0,129,4030,500,922,0,63,0,0,0,0,0,0,0,0,-80.04171752929688,1,0,0,0,54.25,0,0,1,0,0,0,2046
5588,0,130,4030,500,922,0,62,0,0,0,0,0,0,0,0,-80.04171752929688,1,0,0,0,54.25,0,0,1,0,0,0,2046
5589,0,131,4030,500,922,0,61,0,0,0,0,0,0,0,0,-80.04171752929688,1,0,0,0,54.25,0,0,1,0,0,0,2046
5590,0,132,4030,500,922,0,60,0,0,0,0,0,0,0,0,-80.04171752929688,1,0,0,0,54.25,0,0,1,0,0,0,2046
5591,0,133,4030,500,922,0,59,0,0,0,0,0,0,0,0,-80.04171752929688,1,0,0,0,54.25,0,0,1,0,0,0,2046
5592,0,134,4030,500,922,0,58,0,0,0,0,0,0,0,0,-80.04171752929688,1,0,0,0,54.25,0,0,1,0,0,0,2046
5593,0,135,4030,500,922,0,57,0,0,0,0,0,0,0,0,-80.04171752929688,1,0,0,0,54.25,0,0,1,0,0,0,2046
5594,0,136,4030,500,922,0,56,0,0,0,0,0,0,0,0,-80.04171752929688,1,0,0,0,54.25,0,0,1,0,0,0,2046
5595,0,137,4030,500,922,0,55,0,0,0,0,0,0,0,0,-80.04171752929688,1,0,0,0,54.25,0,0,1,0,0,0,2046
5596,0,138,4030,500,922,0,54,0,0,0,0,0,0,0,0,-80.04171752929688,1,0,0,0,54.25,0,0,1,0,0,0,2046
5597,0,139,4030,500,922,0,53,0,0,0,0,0,0,0,0,-80.04171752929688,1,0,0,0,54.25,0,0,1,0,0,0,2046
5598,0,140,4030,500,922,0,52,0,0,0,0,0,0,0,0,-80.04171752929688,1,0,0,0,54.25,0,0,1,0,0,0,2046
5599,0,141,4030,500,922,0,51,0,0,0,0,0,0,0,0,-80.04171752929688,1,0,0,0,54.25,0,0,1,0,0,0,2046
5600,0,142,4030,500,922,0,50,0,0,0,0,0,0,0,0,-80.04171752929688,1,0,0,0,54.25,0,0,1,0,0,0,2046
5601,0,143,4030,500,922,0,49,0,0,0,0,0,0,0,0,-80.04171752929688,1,0,0,0,54.25,0,0,1,0,0,0,2046
5602,0,144,4030,500,922,0,48,0,0,0,0,0,0,0,0,-80.04171752929688,1,0,0,0,54.25,0,0,1,0,0,0,2046
5603,0,145,4030,500,922,0,47,0,0,0,0,0,0,0,0,-80.04171752929688,1,0,0,0,54.25,0,0,1,0,0,0,2046
5604,0,146,4030,500,922,0,46,0,0,0,0,0,0,0,0,-80.04171752929688,1,0,0,0,54.25,0,0,1,0,0,0,2046
5605,0,147,4030,500,922,0,45,0,0,0,0,0,0,0,0,-80.04171752929688,1,0,0,0,54.25,0,0,1,0,0,0,2046
5606,0,148,4030,500,922,0,44,0,0,0,0,0,0,0,0,-80.04171752929688,1,0,0,0,54.25,0,0,1,0,0,0,2046
5607,0,149,4030,500,922,0,43,0,0,0,0,0,0,0,0,-80.04171752929688,1,0,0,0,54.25,0,0,1,0,0,0,2046
5608,0,150,4030,500,922,0,42,0,0,0,0,0,0,0,0,-80.04171752929688,1,0,0,0,54.25,0,0,1,0,0,0,2046
5609,0,151,4030,500,922,0,41,0,0,0,0,0,0,0,0,-80.04171752929688,1,0,0,0,54.25,0,0,1,0,0,0,2046
5610,0,152,4030,500,922,0,40,0,0,0,0,0,0,0,0,-80.04171752929688,1,0,0,0,54.25,0,0,1,0,0,0,2046
5611,0,153,4030,500,922,0,39,0,0,0,0,0,0,0,0,-80.04171752929688,1,0,0,0,54.25,0,0,1,0,0,0,2046
5612,0,154,4030,500,922,0,38,0,0,0,0,0,0,0,0,-80.04171752929688,1,0,0,0,54.25,0,0,1,0,0,0,2046
5613,0,155,4030,500,922,0,37,0,0,0,0,0,0,0,0,-80.04171752929688,1,0,0,0,54.25,0,0,1,0,0,0,2046
5614,0,156,4030,500,922,0,36,0,0,0,0,0,0,0,0,-80.04171752929688,1,0,0,0,54.25,0,0,1,0,0,0,2046
5615,0,157,4030,500,922,0,35,0,0,0,0,0,0,0,0,-80.04171752929688,1,0,0,0,54.25,0,0,1,0,0,0,2046
5616,0,158,4030,500,922,0,34,0,0,0,0,0,0,0,0,-80.04171752929688,1,0,0,0,54.25,0,0,1,0,0,0,2046
5617,0,159,4030,500,922,0,33,0,0,0,0,0,0,0,0,-80.04171752929688,1,0,0,0,54.25,0,0,1,0,0,0,2046
5618,0,160,4030,500,922,0,32,0,0,0,0,0,0,0,0,-80.04171752929688,1,0,0,0,54.25,0,0,1,0,0,0,2046
5619,0,161,4030,500,922,0,31,0,0,0,0,0,0,0,0,-80.04171752929688,1,0,0,0,54.25,0,0,1,0,0,0,2046
5620,0,162,4030,500,922,0,30,0,0,0,0,0,0,0,0,-80.04171752929688,1,0,0,0,54.25,0,0,1,0,0,0,2046
5621,0,163,4030,500,922,0,29,0,0,0,0,0,0,0,0,-80.04171752929688,1,0,0,0,54.25,0,0,1,0,0,0,2046
5622,0,164,4030,500,922,0,28,0,0,0,0,0,0,0,0,-80.04171752929688,1,0,0,0,54.25,0,0,1,0,0,0,2046
5623,0,165,4030,500,922,0,27,0,0,0,0,0,0,0,0,-80.04171752929688,1,0,0,0,54.25,0,0,1,0,0,0,2046
5624,0,166,4030,500,922,0,26,0,0,0,0,0,0,0,0,-80.04171752929688,1,0,0,0,54.25,0,0,1,0,0,0,2046
5625,0,167,4030,500,922,0,25,0,0,0,0,0,0,0,0,-80.04171752929688,1,0,0,0,54.25,0,0,1,0,0,0,2046
5626,0,168,4030,500,922,0,24,0,0,0,0,0,0,0,0,-80.04171752929688,1,0,0,0,54.25,0,0,1,0,0,0,2046
5627,0,169,4030,500,922,0,23,0,0,0,0,0,0,0,0,-80.04171752929688,1,0,0,0,54.25,0,0,1,0,0,0,2046
5628,0,170,4030,500,922,0,22,0,0,0,0,0,0,0,0,-80.04171752929688,1,0,0,0,54.25,0,0,1,0,0,0,2046
5629,0,171,4030,500,922,0,21,0,0,0,0,0,0,0,0,-80.04171752929688,1,0,0,0,54.25,0,0,1,0,0,0,2046
5630,0,172,4030,500,922,0,20,0,0,0,0,0,0,0,0,-80.04171752929688,1,0,0,0,54.25,0,0,1,0,0,0,2046
5631,0,173,4030,500,922,0,19,0,0,0,0,0,0,0,0,-80.04171752929688,1,0,0,0,54.25,0,0,1,0,0,0,2046
5632,0,174,4030,500,922,0,18,0,0,0,0,0,0,0,0,-80.04171752929688,1,0,0,0,54.25,0,0,1,0,0,0,2046
5633,0,175,4030,500,922,0,17,0,0,0,0,0,0,0,0,-80.04171752929688,1,0,0,0,54.25,0,0,1,0,0,0,2046
5634,0,176,4030,500,922,0,16,0,0,0,0,0,0,0,0,-80.04171752929688,1,0,0,0,54.25,0,0,1,0,0,0,2046
5635,0,177,4030,500,922,0,15,0,0,0,0,0,0,0,0,-80.04171752929688,1,0,0,0,54.25,0,0,1,0,0,0,2046
5636,0,178,4030,500,922,0,14,0,0,0,0,0,0,0,0,-80.04171752929688,1,0,0,0,54.25,0,0,1,0,0,0,2046
5637,0,179,4030,500,922,0,13,0,0,0,0,0,0,0,0,-80.04171752929688,1,0,0,0,54.25,0,0,1,0,0,0,2046
5638,0,180,4030,500,922,0,12,0,0,0,0,0,0,0,0,-80.04171752929688,1,0,0,0,54.25,0,0,1,0,0,0,2046
5639,0,181,4030,500,922,0,11,0,0,0,0,0,0,0,0,-80.04171752929688,1,0,0,0,54.25,0,0,1,0,0,0,2046
5640,0,182,4030,500,922,0,10,0,0,0,0,0,0,0,0,-80.04171752929688,1,0,0,0,54.25,0,0,1,0,0,0,2046
5641,0,183,4030,500,922,0,9,0,0,0,0,0,0,0,0,-80.04171752929688,1,0,0,0,54.25,0,0,1,0,0,0,2046
5642,0,184,4030,500,922,0,8,0,0,0,0,0,0,0,0,-80.04171752929688,1,0,0,0,54.25,0,0,1,0,0,0,2046
5643,0,185,4030,500,922,0,7,0,0,0,0,0,0,0,0,-80.04171752929688,1,0,0,0,54.25,0,0,1,0,0,0,2046
5644,0,186,4030,500,922,0,6,0,0,0,0,0,0,0,0,-80.04171752929688,1,0,0,0,54.25,0,0,1,0,0,0,2046
5645,0,187,4030,500,922,0,5,0,0,0,0,0,0,0,0,-80.04171752929688,1,0,0,0,54.25,0,0,1,0,0,0,2046
5646,0,188,4030,500,922,0,4,0,0,0,0,0,0,0,0,-80.04171752929688,1,0,0,0,54.25,0,0,1,0,0,0,2046
5647,0,189,4030,500,922,0,3,0,0,0,0,0,0,0,0,-80.04171752929688,1,0,0,0,54.25,0,0,1,0,0,0,2046
5648,0,190,4030,500,922,0,2,0,0,0,0,0,0,0,0,-80.04171752929688,1,0,0,0,54.25,0,0,1,0,0,0,2046
5649,0,191,4030,500,922,0,1,0,0,0,0,0,0,0,0,-80.04171752929688,1,0,0,0,54.25,0,0,1,0,0,0,2046
5650,0,192,4030,500,922,0,0,0,0,0,0,0,0,0,0,-80.04171752929688,1,0,0,0,54.25,0,0,1,0,0,0,2046
5651,0,193,4030,500,922,0,0,0,0,0,0,0,0,0,0,-80.04171752929688,1,0,0,0,54.25,0,0,1,0,0,0,2046
5652,0,194,4030,500,922,0,0,0,0,0,0,0,0,0,0,-80.04171752929688,1,0,0,0,54.25,0,0,1,0,0,0,2046
5653,0,195,4030,500,922,0,0,0,0,0,0,0,0,0,0,-80.04171752929688,1,0,0,0,54.25,0,0,1,0,0,0,2046
5654,0,196,4030,500,922,0,0,0,0,0,0,0,0,0,0,-80.04171752929688,1,0,0,0,54.25,0,0,1,0,0,0,2046
5655,0,197,4030,500,922,0,0,0,0,0,0,0,0,0,0,-80.04171752929688,1,0,0,0,54.25,0,0,1,0,0,0,2046
5656,0,198,4030,500,922,0,0,0,0,0,0,0,0,0,0,-80.04171752929688,1,0,0,0,54.25,0,0,1,0,0,0,2046
5657,0,199,4030,500,922,0,0,0,0,0,0,0,0,0,0,-80.04171752929688,1,0,0,0,54.25,0,0,1,0,0,0,2046
5658,0,200,4030,500,922,0,0,0,0,0,0,0,0,0,0,-80.04171752929688,1,0,0,0,54.25,0,0,1,0,0,0,2046
5659,0,201,4030,500,922,0,0,0,0,0,0,0,0,0,0,-80.04171752929688,1,0,0,0,54.25,0,0,1,0,0,0,2046
5660,0,202,4030,500,922,0,0,0,0,0,0,0,0,0,0,-80.04171752929688,1,0,0,0,54.25,0,0,1,0,0,0,2046
5661,0,203,4030,500,922,0,0,0,0,0,0,0,0,0,0,-80.04171752929688,1,0,0,0,54.25,0,0,1,0,0,0,2046
5662,0,204,4030,500,922,0,0,0,0,0,0,0,0,0,0,-80.04171752929688,1,0,0,0,54.25,0,0,1,0,0,0,2046
5663,0,205,4030,500,922,0,0,0,0,0,0,0,0,0,0,-80.04171752929688,1,0,0,0,54.25,0,0,1,0,0,0,2046
5664,0,206,4030,500,922,0,0,0,0,0,0,0,0,0,0,-80.04171752929688,1,0,0,0,54.25,0,0,1,0,0,0,2046
5665,0,207,4030,500,922,0,0,0,0,0,0,0,0,0,0,-80.04171752929688,1,0,0,0,54.25,0,0,1,0,0,0,2046
5666,0,208,4030,500,922,0,0,0,0,0,0,0,0,0,0,-80.04171752929688,1,0,0,0,54.25,0,0,1,0,0,0,2046
5667,0,209,4030,500,922,0,0,0,0,0,0,0,0,0,0,-80.04171752929688,1,0,0,0,54.25,0,0,1,0,0,0,2046
5668,0,210,4030,500,922,0,0,0,0,0,0,0,0,0,0,-80.04171752929688,1,0,0,0,54.25,0,0,1,0,0,0,2046
5669,0,211,4030,500,922,0,0,0,0,0,0,0,0,0,0,-80.04171752929688,1,0,0,0,54.25,0,0,1,0,0,0,2046
5670,0,212,4030,500,922,0,0,0,0,0,0,0,0,0,0,-80.04171752929688,1,0,0,0,54.25,0,0,1,0,0,0,2046
5671,0,213,4030,500,922,0,0,0,0,0,0,0,0,0,0,-80.04171752929688,1,0,0,0,54.25,0,0,1,0,0,0,2046
5672,0,214,4030,500,922,0,0,0,0,0,0,0,0,0,0,-80.04171752929688,1,0,0,0,54.25,0,0,1,0,0,0,2046
5673,0,215,4030,500,922,0,0,0,0,0,0,0,0,0,0,-80.04171752929688,1,0,0,0,54.25,0,0,1,0,0,0,2046
5674,0,216,4030,500,922,0,0,0,0,0,0,0,0,0,0,-80.04171752929688,1,0,0,0,54.25,0,0,1,0,0,0,2046
5675,0,217,4030,500,922,0,0,0,0,0,0,0,0,0,0,-80.04171752929688,1,0,0,0,54.25,0,0,1,0,0,0,2046
5676,0,218,4030,500,922,0,0,0,0,0,0,0,0,0,0,-80.04171752929688,1,0,0,0,54.25,0,0,1,0,0,0,2046
5677,0,219,4030,500,922,0,0,0,0,0,0,0,0,0,0,-80.04171752929688,1,0,0,0,54.25,0,0,1,0,0,0,2046
5678,0,220,4030,500,922,0,0,0,0,0,0,0,0,0,0,-80.04171752929688,1,0,0,0,54.25,0,0,1,0,0,0,2046
5679,0,221,4030,500,922,0,0,0,0,0,0,0,0,0,0,-80.04171752929688,1,0,0,0,54.25,0,0,1,0,0,0,2046
5680,0,222,4030,500,922,0,0,0,0,0,0,0,0,0,0,-80.04171752929688,1,0,0,0,54.25,0,0,1,0,0,0,2046
5681,0,223,4030,500,922,0,0,0,0,0,0,0,0,0,0,-80.04171752929688,1,0,0,0,54.25,0,0,1,0,0,0,2046
5682,0,224,4030,500,922,0,0,0,0,0,0,0,0,0,0,-80.04171752929688,1,0,0,0,54.25,0,0,1,0,0,0,2046
5683,0,225,4030,500,922,0,0,0,0,0,0,0,0,0,0,-80.04171752929688,1,0,0,0,54.25,0,0,1,0,0,0,2046
5684,0,226,4030,500,922,0,0,0,0,0,0,0,0,0,0,-80.04171752929688,1,0,0,0,54.25,0,0,1,0,0,0,2046
5685,0,227,4030,500,922,0,0,0,0,0,0,0,0,0,0,-80.04171752929688,1,0,0,0,54.25,0,0,1,0,0,0,2046
5686,0,228,4030,500,922,0,0,0,0,0,0,0,0,0,0,-80.04171752929688,1,0,0,0,54.25,0,0,1,0,0,0,2046
5687,0,229,4030,500,922,0,0,0,0,0,0,0,0,0,0,-80.04171752929688,1,0,0,0,54.25,0,0,1,0,0,0,2046
5688,0,230,4030,500,922,0,0,0,0,0,0,0,0,0,0,-80.04171752929688,1,0,0,0,54.25,0,0,1,0,0,0,2046
5689,0,231,4030,500,922,0,0,0,0,0,0,0,0,0,0,-80.04171752929688,1,0,0,0,54.25,0,0,1,0,0,0,2046
5690,0,232,4030,500,922,0,0,0,0,0,0,0,0,0,0,-80.04171752929688,1,0,0,0,54.25,0,0,1,0,0,0,2046
5691,0,233,4030,500,922,0,0,0,0,0,0,0,0,0,0,-80.04171752929688,1,0,0,0,54.25,0,0,1,0,0,0,2046
5692,0,234,4030,500,922,0,0,0,0,0,0,0,0,0,0,-80.04171752929688,1,0,0,0,54.25,0,0,1,0,0,0,2046
5693,0,235,4030,500,922,0,0,0,0,0,0,0,0,0,0,-80.04171752929688,1,0,0,0,54.25,0,0,1,0,0,0,2046
5694,0,236,4030,500,922,0,0,0,0,0,0,0,0,0,0,-80.04171752929688,1,0,0,0,54.25,0,0,1,0,0,0,2046
5695,0,237,4030,500,922,0,0,0,0,0,0,0,0,0,0,-80.04171752929688,1,0,0,0,54.25,0,0,1,0,0,0,2046
5696,0,238,4030,500,922,0,0,0,0,0,0,0,0,0,0,-80.04171752929688,1,0,0,0,54.25,0,0,1,0,0,0,2046
5697,0,239,4030,500,922,0,0,0,0,0,0,0,0,0,0,-80.04171752929688,1,0,0,0,54.25,0,0,1,0,0,0,2046
5698,0,240,4030,500,922,0,0,0,0,0,0,0,0,0,0,-80.04171752929688,1,0,0,0,54.25,0,0,1,0,0,0,2046
5699,0,241,4030,500,922,0,0,0,0,0,0,0,0,0,0,-80.04171752929688,1,0,0,0,54.25,0,0,1,0,0,0,2046
5700,0,242,4030,500,922,0,0,0,0,0,0,0,0,0,0,-80.04171752929688,1,0,0,0,54.25,0,0,1,0,0,0,2046
5701,0,243,4030,500,922,0,0,0,0,0,0,0,0,0,0,-80.04171752929688,1,0,0,0,54.25,0,0,1,0,0,0,2046
5702,0,244,4030,500,922,0,0,0,0,0,0,0,0,0,0,-80.04171752929688,1,0,0,0,54.25,0,0,1,0,0,0,2046
5703,0,245,4030,500,922,0,0,0,0,0,0,0,0,0,0,-80.04171752929688,1,0,0,0,54.25,0,0,1,0,0,0,2046
5704,0,246,4030,500,922,0,0,0,0,0,0,0,0,0,0,-80.04171752929688,1,0,0,0,54.25,0,0,1,0,0,0,2046
5705,0,247,4030,500,922,0,0,0,0,0,0,0,0,0,0,-80.04171752929688,1,0,0,0,54.25,0,0,1,0,0,0,2046
5706,0,248,4030,500,922,0,0,0,0,0,0,0,0,0,0,-80.04171752929688,1,0,0,0,54.25,0,0,1,0,0,0,2046
5707,0,249,4030,500,922,0,0,0,0,0,0,0,0,0,0,-80.04171752929688,1,0,0,0,54.25,0,0,1,0,0,0,2046
5708,0,250,4030,500,922,0,0,0,0,0,0,0,0,0,0,-80.04171752929688,1,0,0,0,54.25,0,0,1,0,0,0,2046
5709,0,251,4030,500,922,0,0,0,0,0,0,0,0,0,0,-80.04171752929688,1,0,0,0,54.25,0,0,1,0,0,0,2046
5710,0,1,3000,500,1000,0,0,0,0,0,0,0,0,0,0,-145.00022888183594,1,0,0,0,54.25,0,0,0,0,0,0,1000
5711,0,2,3000,500,1000,0,0,0,0,0,0,0,0,0,0,-145.00021362304688,1,0,0,0,54.25,0,0,0,0,0,0,1000
5712,0,3,3000,500,1000,0,0,0,0,0,0,0,0,0,0,-145.0001983642578,1,0,0,0,54.25,0,0,0,0,0,0,1000
5713,0,4,3000,500,1000,0,0,0,0,0,0,0,0,0,0,-145.00018310546875,1,0,0,0,54.25,0,0,0,0,0,0,1000
5714,0,5,3000,500,1000,0,0,0,0,0,0,0,0,0,0,-145.0001678466797,1,0,0,0,54.25,0,0,0,0,0,0,1000
5715,0,6,3000,500,1000,0,0,0,0,0,0,0,0,0,0,-145.00015258789062,1,0,0,0,54.25,0,0,0,0,0,0,1000
5716,0,7,3000,500,1000,0,0,0,0,0,0,0,0,0,0,-145.00013732910156,1,0,0,0,54.25,0,0,0,0,0,0,1000
5717,0,8,3000,500,1000,0,0,0,0,0,0,0,0,0,0,-145.0001220703125,1,0,0,0,54.25,0,0,0,0,0,0,1000
5718,0,9,3000,500,1000,0,0,0,0,0,0,0,0,0,0,-145.00010681152344,1,0,0,0,54.25,0,0,0,0,0,0,1000
5719,10,1,3000,500,1000,0,0,0,0,0,0,0,0,0,0,-145.00009155273438,1,0,0,0,54.25,0,0,0,0,0,0,1000
5720,10,2,3000,500,1000,0,0,0,0,0,0,0,0,0,0,-145.0000762939453,1,0,0,0,54.25,0,0,0,0,0,0,1000
5721,10,3,3000,500,1000,0,0,0,0,0,0,0,0,0,0,-145.00006103515625,1,0,0,0,54.25,0,0,0,0,0,0,1000
5722,10,4,3000,500,1000,0,0,0,0,0,0,0,0,0,0,-145.0000457763672,1,0,0,0,54.25,0,0,0,0,0,0,1000
5723,10,5,3000,500,1000,0,0,0,0,0,0,0,0,0,0,-145.00003051757812,1,0,0,0,54.25,0,0,0,0,0,0,1000
5724,10,6,3000,500,1000,0,0,0,0,0,0,0,0,0,0,-145.00001525878906,1,0,0,0,54.25,0,0,0,0,0,0,1000
5725,1000,1,3000,500,1000,0,0,0,0,0,0,0,0,0,0,-145,1,0,0,0,54.25,0,0,0,0,0,0,1000
5726,1000,2,3000,500,1000,0,0,0,0,0,0,0,0,0,0,-145,1,0,0,0,54.25,0,0,0,0,0,0,1000
5727,1000,3,3000,500,1000,0,0,0,0,0,0,0,0,0,0,-142.5,1,0,0,0,54.25,0,0,0,0,0,0,1000
5728,1000,4,3000,500,1000,0,0,0,0,0,0,0,0,0,0,-140,1,0,0,0,54.25,0,0,0,0,0,0,1000
5729,1000,5,3000,500,1000,0,0,0,0,0,0,0,0,0,0,-137.5,1,0,0,0,54.25,0,0,0,0,0,0,1000
5730,1000,6,3000,500,1000,0,0,0,0,0,0,0,0,0,0,-135,1,0,0,0,54.25,0,0,0,0,0,0,1000
5731,1000,7,3000,500,1000,0,0,0,0,0,0,0,0,0,0,-132.5,1,0,0,0,54.25,0,0,0,0,0,0,1000
5732,1000,8,3000,500,1000,0,0,0,0,0,0,0,0,0,0,-130,1,0,0,0,54.25,0,0,0,0,0,0,1000
5733,1000,9,3000,500,1000,0,0,0,0,0,0,0,0,0,0,-130,1,0,0,0,54.25,0,0,0,0,0,0,1000
5734,1000,10,3000,500,1000,0,0,0,0,0,0,0,0,0,0,-130,1,0,0,0,54.25,0,0,0,0,0,0,1000
5735,1000,11,3000,500,1000,0,0,0,0,0,0,0,0,0,0,-130,1,0,0,0,54.25,0,0,0,0,0,0,1000
5736,1000,12,3000,500,1000,0,0,0,0,0,0,0,0,0,0,-130,1,0,0,0,54.25,0,0,0,0,0,0,1000
5737,1000,13,3000,500,1000,0,0,0,0,0,0,0,0,0,0,-130,1,0,0,0,54.25,0,0,0,0,0,0,1000
5738,1000,14,3000,500,1000,0,0,0,0,0,0,0,0,0,0,-130,1,0,0,0,54.25,0,0,0,0,0,0,1000
5739,1000,15,3000,500,1000,0,0,0,0,0,0,0,0,0,0,-130,1,0,0,0,54.25,0,0,0,0,0,0,1000
5740,1000,16,3000,500,1000,0,0,0,0,0,0,0,0,0,0,-130,1,0,0,0,54.25,0,0,0,0,0,0,1000
5741,1000,17,3000,500,1000,0,0,0,0,0,0,0,0,0,0,-130,1,0,0,0,54.25,0,0,0,0,0,0,1000
5742,1000,18,3000,500,1000,0,0,0,0,0,0,0,0,0,0,-130,1,0,0,0,54.25,0,0,0,0,0,0,1000
5743,1000,19,3000,500,1000,0,0,0,0,0,0,0,0,0,0,-130,1,0,0,0,54.25,0,0,0,0,0,0,1000
5744,1000,20,3000,500,1000,0,0,0,0,0,0,0,0,0,0,-130,1,0,0,0,54.25,0,0,0,0,0,0,1000
5745,1000,21,3000,500,1000,0,0,0,0,0,0,0,0,0,0,-130,1,0,0,0,54.25,0,0,0,0,0,0,1000
5746,1000,22,3000,500,1000,0,0,0,0,0,0,0,0,0,0,-130,1,0,0,0,54.25,0,0,0,0,0,0,1000
5747,1000,23,3000,500,1000,0,0,0,0,0,0,0,0,0,0,-130,1,0,0,0,54.25,0,0,0,0,0,0,1000
5748,1000,24,3000,500,1000,0,0,0,0,0,0,0,0,0,0,-130,1,0,0,0,54.25,0,0,0,0,0,0,1000
5749,1000,25,3000,500,1000,0,0,0,0,0,0,0,0,0,0,-130,1,0,0,0,54.25,0,0,0,0,0,0,1000
5750,1000,26,3000,500,1000,0,0,0,0,0,0,0,0,0,0,-130,1,0,0,0,54.25,0,0,0,0,0,0,1000
5751,1000,27,3000,500,1000,0,0,0,0,0,0,0,0,0,0,-130,1,0,0,0,54.25,0,0,0,0,0,0,1000
5752,1000,28,3000,500,1000,0,0,0,0,0,0,0,0,0,0,-130,1,0,0,0,54.25,0,0,0,0,0,0,1000
5753,1000,29,3000,500,1000,0,0,0,0,0,0,0,0,0,0,-130,1,0,0,0,54.25,0,0,0,0,0,0,1000
5754,1000,30,3000,500,1000,0,0,0,0,0,0,0,0,0,0,-130,1,0,0,0,54.25,0,0,0,0,0,0,1000
5755,1000,31,3000,500,1000,0,0,0,0,0,0,0,0,0,0,-130,1,0,0,0,54.25,0,0,0,0,0,0,1000
5756,1000,32,3000,500,1000,0,0,0,0,0,0,0,0,0,0,-130,1,0,0,0,54.25,0,0,0,0,0,0,1000
5757,1000,33,3000,500,1000,0,0,0,0,0,0,0,0,0,0,-130,1,0,0,0,54.25,0,0,0,0,0,0,1000
5758,1000,34,3000,500,1000,0,0,0,0,0,0,0,0,0,0,-130,1,0,0,0,54.25,0,0,0,0,0,0,1000
5759,0,1,3000,500,1000,0,0,0,0,0,0,0,0,0,0,-130,1,0,0,0,54.25,0,0,0,0,0,0,1000
5760,0,2,3000,500,1000,0,0,0,0,0,0,0,0,0,0,-130,1,0,0,0,54.25,0,0,0,0,0,0,1000
5761,0,3,3000,500,1000,0,0,0,0,0,0,0,0,0,0,-130,1,0,0,0,54.25,0,0,0,0,0,0,1000
5762,0,4,3000,500,1000,0,0,0,0,0,0,0,0,0,0,-130,1,0,0,0,54.25,0,0,0,0,0,0,1000
5763,0,5,3000,500,1000,0,0,0,0,0,0,0,0,0,0,-130,1,0,0,0,54.25,0,0,0,0,0,0,1000
5764,0,6,3000,500,1000,0,0,0,0,0,0,0,0,0,0,-130,1,0,0,0,54.25,0,0,0,0,0,0,1000
5765,0,7,3000,500,1000,0,0,0,0,0,0,0,0,0,0,-130,1,0,0,0,54.25,0,0,0,0,0,0,1000
5766,0,8,3000,500,1000,0,0,0,0,0,0,0,0,0,0,-130,1,0,0,0,54.25,0,0,0,0,0,0,1000
5767,0,9,3000,500,1000,0,0,0,0,0,0,0,0,0,0,-130,1,0,0,0,54.25,0,0,0,0,0,0,1000
5768,0,10,3000,500,1000,0,0,0,0,0,0,0,0,0,0,-130,1,0,0,0,54.25,0,0,0,0,0,0,1000
5769,0,11,3000,500,1000,0,0,0,0,0,0,0,0,0,0,-130,1,0,0,0,54.25,0,0,0,0,0,0,1000
5770,0,12,3000,500,1000,0,0,0,0,0,0,0,0,0,0,-130,1,0,0,0,54.25,0,0,0,0,0,0,1000
5771,0,13,3000,500,1000,0,0,0,0,0,0,0,0,0,0,-130,1,0,0,0,54.25,0,0,0,0,0,0,1000
5772,0,14,3000,500,1000,0,0,0,0,0,0,0,0,0,0,-130,1,0,0,0,54.25,0,0,0,0,0,0,1000
5773,0,15,3000,500,1000,0,0,0,0,0,0,0,0,0,0,-130,1,0,0,0,54.25,0,0,0,0,0,0,1000
5774,0,16,3000,500,1000,0,0,0,0,0,0,0,0,0,0,-130,1,0,0,0,54.25,0,0,0,0,0,0,1000
5775,0,17,3000,500,1000,0,0,0,0,0,0,0,0,0,0,-130,1,0,0,0,54.25,0,0,0,0,0,0,1000
5776,0,18,3000,500,1000,0,0,0,0,0,0,0,0,0,0,-130,1,0,0,0,54.25,0,0,0,0,0,0,1000
5777,0,19,3000,500,1000,0,0,0,0,0,0,0,0,0,0,-130,1,0,0,0,54.25,0,0,0,0,0,0,1000
5778,0,20,3000,500,1000,0,0,0,0,0,0,0,0,0,0,-130,1,0,0,0,54.25,0,0,0,0,0,0,1000
5779,0,21,3000,500,1000,0,0,0,0,0,0,0,0,0,0,-130,1,0,0,0,54.25,0,0,0,0,0,0,1000
5780,0,22,3000,500,1000,0,0,0,0,0,0,0,0,0,0,-130,1,0,0,0,54.25,0,0,0,0,0,0,1000
5781,0,23,3000,500,1000,0,0,0,0,0,0,0,0,0,0,-130,1,0,0,0,54.25,0,0,0,0,0,0,1000
5782,0,24,3000,500,1000,0,0,0,0,0,0,0,0,0,0,-130,1,0,0,0,54.25,0,0,0,0,0,0,1000
5783,0,25,3000,500,1000,0,0,0,0,0,0,0,0,0,0,-130,1,0,0,0,54.25,0,0,0,0,0,0,1000
5784,0,26,3000,500,1000,0,0,0,0,0,0,0,0,0,0,-130,1,0,0,0,54.25,0,0,0,0,0,0,1000
5785,0,27,3000,500,1000,0,0,0,0,0,0,0,0,0,0,-130,1,0,0,0,54.25,0,0,0,0,0,0,1000
5786,0,28,3000,500,1000,0,0,0,0,0,0,0,0,0,0,-130,1,0,0,0,54.25,0,0,0,0,0,0,1000
5787,0,29,3000,500,1000,0,0,0,0,0,0,0,0,0,0,-130,1,0,0,0,54.25,0,0,0,0,0,0,1000
5788,0,30,3000,500,1000,0,0,0,0,0,0,0,0,0,0,-130,1,0,0,0,54.25,0,0,0,0,0,0,1000
5789,0,31,3000,500,1000,0,0,0,0,0,0,0,0,0,0,-130,1,0,0,0,54.25,0,0,0,0,0,0,1000
5790,0,32,3000,500,1000,0,0,0,0,0,0,0,0,0,0,-130,1,0,0,0,54.25,0,0,0,0,0,0,1000
5791,0,33,3000,500,1000,0,0,0,0,0,0,0,0,0,0,-130,1,0,0,0,54.25,0,0,0,0,0,0,1000
5792,0,34,3000,500,1000,0,0,0,0,0,0,0,0,0,0,-130,1,0,0,0,54.25,0,0,0,0,0,0,1000
5793,0,35,3000,500,1000,0,0,0,0,0,0,0,0,0,0,-130,1,0,0,0,54.25,0,0,0,0,0,0,1000
5794,0,36,3000,500,1000,0,0,0,0,0,0,0,0,0,0,-130,1,0,0,0,54.25,0,0,0,0,0,0,1000
5795,0,37,3000,500,1000,0,0,0,0,0,0,0,0,0,0,-130,1,0,0,0,54.25,0,0,0,0,0,0,1000
5796,0,38,3000,500,1000,0,0,0,0,0,0,0,0,0,0,-130,1,0,0,0,54.25,0,0,0,0,0,0,1000
5797,0,39,3000,500,1000,0,0,0,0,0,0,0,0,0,0,-130,1,0,0,0,54.25,0,0,0,0,0,0,1000
5798,0,40,3000,500,1000,0,0,0,0,0,0,0,0,0,0,-130,1,0,0,0,54.25,0,0,0,0,0,0,1000
5799,0,41,3000,500,1000,0,0,0,0,0,0,0,0,0,0,-130,1,0,0,0,54.25,0,0,0,0,0,0,1000
5800,0,42,3000,500,1000,0,0,0,0,0,0,0,0,0,0,-130,1,0,0,0,54.25,0,0,0,0,0,0,1000
5801,0,43,3000,500,1000,0,0,0,0,0,0,0,0,0,0,-130,1,0,0,0,54.25,0,0,0,0,0,0,1000
5802,0,44,3000,500,1000,0,0,0,0,0,0,0,0,0,0,-130,1,0,0,0,54.25,0,0,0,0,0,0,1000
5803,0,45,3000,500,1000,0,0,0,0,0,0,0,0,0,0,-130,1,0,0,0,54.25,0,0,0,0,0,0,1000
5804,0,46,3000,500,1000,0,0,0,0,0,0,0,0,0,0,-130,1,0,0,0,54.25,0,0,0,0,0,0,1000
5805,0,47,3000,500,1000,0,0,0,0,0,0,0,0,0,0,-130,1,0,0,0,54.25,0,0,0,0,0,0,1000
5806,0,48,3000,500,1000,0,0,0,0,0,0,0,0,0,0,-130,1,0,0,0,54.25,0,0,0,0,0,0,1000
5807,0,49,3000,500,1000,0,0,0,0,0,0,0,0,0,0,-130,1,0,0,0,54.25,0,0,0,0,0,0,1000
5808,0,50,3000,500,1000,0,0,0,0,0,0,0,0,0,0,-130,1,0,0,0,54.25,0,0,0,0,0,0,1000
5809,0,51,3000,500,1000,0,0,0,0,0,0,0,0,0,0,-130,1,0,0,0,54.25,0,0,0,0,0,0,1000
5810,0,52,3000,500,1000,0,0,0,0,0,0,0,0,0,0,-130,1,0,0,0,54.25,0,0,0,0,0,0,1000
5811,0,53,3000,500,1000,0,0,0,0,0,0,0,0,0,0,-130,1,0,0,0,54.25,0,0,0,0,0,0,1000
5812,0,54,3000,500,1000,0,0,0,0,0,0,0,0,0,0,-130,1,0,0,0,54.25,0,0,0,0,0,0,1000
5813,0,55,3000,500,1000,0,0,0,0,0,0,0,0,0,0,-130,1,0,0,0,54.25,0,0,0,0,0,0,1000
5814,0,56,3000,500,1000,0,0,0,0,0,0,0,0,0,0,-130,1,0,0,0,54.25,0,0,0,0,0,0,1000
5815,0,57,3000,500,1000,0,0,0,0,0,0,0,0,0,0,-130,1,0,0,0,54.25,0,0,0,0,0,0,1000
5816,0,58,3000,500,1000,0,0,0,0,0,0,0,0,0,0,-130,1,0,0,0,54.25,0,0,0,0,0,0,1000
5817,0,59,3000,500,1000,0,0,0,0,0,0,0,0,0,0,-130,1,0,0,0,54.25,0,0,0,0,0,0,1000
5818,0,60,3000,500,1000,0,0,0,0,0,0,0,0,0,0,-130,1,0,0,0,54.25,0,0,0,0,0,0,1000
5819,0,61,3000,500,1000,0,0,0,0,0,0,0,0,0,0,-130,1,0,0,0,54.25,0,0,0,0,0,0,1000
5820,0,62,3000,500,1000,0,0,0,0,0,0,0,0,0,0,-130,1,0,0,0,54.25,0,0,0,0,0,0,1000
5821,0,63,3000,500,1000,0,0,0,0,0,0,0,0,0,0,-130,1,0,0,0,54.25,0,0,0,0,0,0,1000
5822,0,64,3000,500,1000,0,0,0,0,0,0,0,0,0,0,-130,1,0,0,0,54.25,0,0,0,0,0,0,1000
5823,0,65,3000,500,1000,0,0,0,0,0,0,0,0,0,0,-130,1,0,0,0,54.25,0,0,0,0,0,0,1000
5824,0,66,3000,500,1000,0,0,0,0,0,0,0,0,0,0,-130,1,0,0,0,54.25,0,0,0,0,0,0,1000
5825,0,67,3000,500,1000,0,0,0,0,0,0,0,0,0,0,-130,1,0,0,0,54.25,0,0,0,0,0,0,1000
5826,0,68,3000,500,1000,0,0,0,0,0,0,0,0,0,0,-130,1,0,0,0,54.25,0,0,0,0,0,0,1000
5827,0,69,3000,500,1000,0,0,0,0,0,0,0,0,0,0,-130,1,0,0,0,54.25,0,0,0,0,0,0,1000
5828,0,70,3000,500,1000,0,0,0,0,0,0,0,0,0,0,-130,1,0,0,0,54.25,0,0,0,0,0,0,1000
5829,0,71,3000,500,1000,0,0,0,0,0,0,0,0,0,0,-130,1,0,0,0,54.25,0,0,0,0,0,0,1000
5830,0,72,3000,500,1000,0,0,0,0,0,0,0,0,0,0,-130,1,0,0,0,54.25,0,0,0,0,0,0,1000
5831,0,73,3000,500,1000,0,0,0,0,0,0,0,0,0,0,-130,1,0,0,0,54.25,0,0,0,0,0,0,1000
5832,0,74,3000,500,1000,0,0,0,0,0,0,0,0,0,0,-130,1,0,0,0,54.25,0,0,0,0,0,0,1000
5833,0,75,3000,500,1000,0,0,0,0,0,0,0,0,0,0,-130,1,0,0,0,54.25,0,0,0,0,0,0,1000
5834,0,76,3000,500,1000,0,0,0,0,0,0,0,0,0,0,-130,1,0,0,0,54.25,0,0,0,0,0,0,1000
5835,0,77,3000,500,1000,0,0,0,0,0,0,0,0,0,0,-130,1,0,0,0,54.25,0,0,0,0,0,0,1000
5836,0,78,3000,500,1000,0,0,0,0,0,0,0,0,0,0,-130,1,0,0,0,54.25,0,0,0,0,0,0,1000
5837,0,79,3000,500,1000,0,0,0,0,0,0,0,0,0,0,-130,1,0,0,0,54.25,0,0,0,0,0,0,1000
5838,0,80,3000,500,1000,0,0,0,0,0,0,0,0,0,0,-130,1,0,0,0,54.25,0,0,0,0,0,0,1000
5839,0,81,3000,500,1000,0,0,0,0,0,0,0,0,0,0,-130,1,0,0,0,54.25,0,0,0,0,0,0,1000
5840,0,82,3000,500,1000,0,0,0,0,0,0,0,0,0,0,-130,1,0,0,0,54.25,0,0,0,0,0,0,1000
5841,0,83,3000,500,1000,0,0,0,0,0,0,0,0,0,0,-130,1,0,0,0,54.25,0,0,0,0,0,0,1000
5842,0,84,3000,500,1000,0,0,0,0,0,0,0,0,0,0,-130,1,0,0,0,54.25,0,0,0,0,0,0,1000
5843,0,85,3000,500,1000,0,0,0,0,0,0,0,0,0,0,-130,1,0,0,0,54.25,0,0,0,0,0,0,1000
5844,0,86,3000,500,1000,0,0,0,0,0,0,0,0,0,0,-130,1,0,0,0,54.25,0,0,0,0,0,0,1000
5845,0,87,3000,500,1000,0,0,0,0,0,0,0,0,0,0,-130,1,0,0,0,54.25,0,0,0,0,0,0,1000
5846,0,88,3000,500,1000,0,0,0,0,0,0,0,0,0,0,-130,1,0,0,0,54.25,0,0,0,0,0,0,1000
5847,0,89,3000,500,1000,0,0,0,0,0,0,0,0,0,0,-130,1,0,0,0,54.25,0,0,0,0,0,0,1000
5848,0,90,3000,500,1000,0,0,0,0,0,0,0,0,0,0,-130,1,0,0,0,54.25,0,0,0,0,0,0,1000
5849,0,91,3000,500,1000,0,0,0,0,0,0,0,0,0,0,-130,1,0,0,0,54.25,0,0,0,0,0,0,1000
5850,0,92,3000,500,1000,0,0,0,0,0,0,0,0,0,0,-130,1,0,0,0,54.25,0,0,0,0,0,0,1000
5851,0,93,3000,500,1000,0,0,0,0,0,0,0,0,0,0,-130,1,0,0,0,54.25,0,0,0,0,0,0,1000
5852,0,94,3000,500,1000,0,0,0,0,0,0,0,0,0,0,-130,1,0,0,0,54.25,0,0,0,0,0,0,1000
5853,0,95,3000,500,1000,0,0,0,0,0,0,0,0,0,0,-130,1,0,0,0,54.25,0,0,0,0,0,0,1000
5854,0,96,3000,500,1000,0,0,0,0,0,0,0,0,0,0,-130,1,0,0,0,54.25,0,0,0,0,0,0,1000
5855,0,97,3000,500,1000,0,0,0,0,0,0,0,0,0,0,-130,1,0,0,0,54.25,0,0,0,0,0,0,1000
5856,0,98,3000,500,1000,0,0,0,0,0,0,0,0,0,0,-130,1,0,0,0,54.25,0,0,0,0,0,0,1000
5857,0,99,3000,500,1000,0,0,0,0,0,0,0,0,0,0,-130,1,0,0,0,54.25,0,0,0,0,0,0,1000
5858,0,100,3000,500,1000,0,0,0,0,0,0,0,0,0,0,-130,1,0,0,0,54.25,0,0,0,0,0,0,1000
5859,0,101,3000,500,1000,0,0,0,0,0,0,0,0,0,0,-130,1,0,0,0,54.25,0,0,0,0,0,0,1000
5860,0,102,3000,500,1000,0,0,0,0,0,0,0,0,0,0,-130,1,0,0,0,54.25,0,0,0,0,0,0,1000
5861,0,103,3000,500,1000,0,0,0,0,0,0,0,0,0,0,-130,1,0,0,0,54.25,0,0,0,0,0,0,1000
5862,0,104,3000,500,1000,0,0,0,0,0,0,0,0,0,0,-130,1,0,0,0,54.25,0,0,0,0,0,0,1000
5863,0,105,3000,500,1000,0,0,0,0,0,0,0,0,0,0,-130,1,0,0,0,54.25,0,0,0,0,0,0,1000
5864,0,106,3000,500,1000,0,0,0,0,0,0,0,0,0,0,-130,1,0,0,0,54.25,0,0,0,0,0,0,1000
5865,0,107,3000,500,1000,0,0,0,0,0,0,0,0,0,0,-130,1,0,0,0,54.25,0,0,0,0,0,0,1000
5866,0,108,3000,500,1000,0,0,0,0,0,0,0,0,0,0,-130,1,0,0,0,54.25,0,0,0,0,0,0,1000
5867,0,109,3000,500,1000,0,0,0,0,0,0,0,0,0,0,-130,1,0,0,0,54.25,0,0,0,0,0,0,1000
5868,0,110,3000,500,1000,0,0,0,0,0,0,0,0,0,0,-130,1,0,0,0,54.25,0,0,0,0,0,0,1000
5869,0,111,3000,500,1000,0,0,0,0,0,0,0,0,0,0,-130,1,0,0,0,54.25,0,0,0,0,0,0,1000
5870,0,112,3000,500,1000,0,0,0,0,0,0,0,0,0,0,-130,1,0,0,0,54.25,0,0,0,0,0,0,1000
5871,0,113,3000,500,1000,0,0,0,0,0,0,0,0,0,0,-130,1,0,0,0,54.25,0,0,0,0,0,0,1000
5872,0,114,3000,500,1000,0,0,0,0,0,0,0,0,0,0,-130,1,0,0,0,54.25,0,0,0,0,0,0,1000
5873,0,115,3000,500,1000,0,0,0,0,0,0,0,0,0,0,-130,1,0,0,0,54.25,0,0,0,0,0,0,1000
5874,0,116,3000,500,1000,0,0,0,0,0,0,0,0,0,0,-130,1,0,0,0,54.25,0,0,0,0,0,0,1000
5875,0,117,3000,500,1000,0,0,0,0,0,0,0,0,0,0,-130,1,0,0,0,54.25,0,0,0,0,0,0,1000
5876,0,118,3000,500,1000,0,0,0,0,0,0,0,0,0,0,-130,1,0,0,0,54.25,0,0,0,0,0,0,1000
5877,0,119,3000,500,1000,0,0,0,0,0,0,0,0,0,0,-130,1,0,0,0,54.25,0,0,0,0,0,0,1000
5878,0,120,3000,500,1000,0,0,0,0,0,0,0,0,0,0,-130,1,0,0,0,54.25,0,0,0,0,0,0,1000
5879,0,121,3000,500,1000,0,0,0,0,0,0,0,0,0,0,-130,1,0,0,0,54.25,0,0,0,0,0,0,1000
5880,0,122,3000,500,1000,0,0,0,0,0,0,0,0,0,0,-130,1,0,0,0,54.25,0,0,0,0,0,0,1000
5881,0,123,3000,500,1000,0,0,0,0,0,0,0,0,0,0,-130,1,0,0,0,54.25,0,0,0,0,0,0,1000
5882,0,124,3000,500,1000,0,0,0,0,0,0,0,0,0,0,-130,1,0,0,0,54.25,0,0,0,0,0,0,1000
5883,0,125,3000,500,1000,0,0,0,0,0,0,0,0,0,0,-130,1,0,0,0,54.25,0,0,0,0,0,0,1000
5884,0,126,3000,500,1000,0,0,0,0,0,0,0,0,0,0,-130,1,0,0,0,54.25,0,0,0,0,0,0,1000
5885,0,127,3000,500,1000,0,0,0,0,0,0,0,0,0,0,-130,1,0,0,0,54.25,0,0,0,0,0,0,1000
5886,0,128,3000,500,1000,0,0,0,0,0,0,0,0,0,0,-130,1,0,0,0,54.25,0,0,0,0,0,0,1000
5887,0,129,3000,500,1000,0,0,0,0,0,0,0,0,0,0,-130,1,0,0,0,54.25,0,0,0,0,0,0,1000
5888,0,130,3000,500,1000,0,0,0,0,0,0,0,0,0,0,-130,1,0,0,0,54.25,0,0,0,0,0,0,1000
5889,0,131,3000,500,1000,0,0,0,0,0,0,0,0,0,0,-130,1,0,0,0,54.25,0,0,0,0,0,0,1000
5890,0,132,3000,500,1000,0,0,0,0,0,0,0,0,0,0,-130,1,0,0,0,54.25,0,0,0,0,0,0,1000
5891,0,133,3000,500,1000,0,0,0,0,0,0,0,0,0,0,-130,1,0,0,0,54.25,0,0,0,0,0,0,1000
5892,0,134,3000,500,1000,0,0,0,0,0,0,0,0,0,0,-130,1,0,0,0,54.25,0,0,0,0,0,0,1000
5893,0,135,3000,500,1000,0,0,0,0,0,0,0,0,0,0,-130,1,0,0,0,54.25,0,0,0,0,0,0,1000
5894,0,136,3000,500,1000,0,0,0,0,0,0,0,0,0,0,-130,1,0,0,0,54.25,0,0,0,0,0,0,1000
5895,0,137,3000,500,1000,0,0,0,0,0,0,0,0,0,0,-130,1,0,0,0,54.25,0,0,0,0,0,0,1000
5896,0,138,3000,500,1000,0,0,0,0,0,0,0,0,0,0,-130,1,0,0,0,54.25,0,0,0,0,0,0,1000
5897,0,139,3000,500,1000,0,0,0,0,0,0,0,0,0,0,-130,1,0,0,0,54.25,0,0,0,0,0,0,1000
5898,0,140,3000,500,1000,0,0,0,0,0,0,0,0,0,0,-130,1,0,0,0,54.25,0,0,0,0,0,0,1000
5899,0,141,3000,500,1000,0,0,0,0,0,0,0,0,0,0,-130,1,0,0,0,54.25,0,0,0,0,0,0,1000
5900,0,142,3000,500,1000,0,0,0,0,0,0,0,0,0,0,-130,1,0,0,0,54.25,0,0,0,0,0,0,1000
5901,0,143,3000,500,1000,0,0,0,0,0,0,0,0,0,0,-130,1,0,0,0,54.25,0,0,0,0,0,0,1000
5902,0,144,3000,500,1000,0,0,0,0,0,0,0,0,0,0,-130,1,0,0,0,54.25,0,0,0,0,0,0,1000
5903,0,145,3000,500,1000,0,0,0,0,0,0,0,0,0,0,-130,1,0,0,0,54.25,0,0,0,0,0,0,1000
5904,0,146,3000,500,1000,0,0,0,0,0,0,0,0,0,0,-130,1,0,0,0,54.25,0,0,0,0,0,0,1000
5905,0,147,3000,500,1000,0,0,0,0,0,0,0,0,0,0,-130,1,0,0,0,54.25,0,0,0,0,0,0,1000
5906,0,148,3000,500,1000,0,0,0,0,0,0,0,0,0,0,-130,1,0,0,0,54.25,0,0,0,0,0,0,1000
5907,0,149,3000,500,1000,0,0,0,0,0,0,0,0,0,0,-130,1,0,0,0,54.25,0,0,0,0,0,0,1000
5908,0,150,3000,500,1000,0,0,0,0,0,0,0,0,0,0,-130,1,0,0,0,54.25,0,0,0,0,0,0,1000
5909,0,151,3000,500,1000,0,0,0,0,0,0,0,0,0,0,-130,1,0,0,0,54.25,0,0,0,0,0,0,1000
5910,0,152,3000,500,1000,0,0,0,0,0,0,0,0,0,0,-130,1,0,0,0,54.25,0,0,0,0,0,0,1000
5911,0,153,3000,500,1000,0,0,0,0,0,0,0,0,0,0,-130,1,0,0,0,54.25,0,0,0,0,0,0,1000
5912,0,154,3000,500,1000,0,0,0,0,0,0,0,0,0,0,-130,1,0,0,0,54.25,0,0,0,0,0,0,1000
5913,0,155,3000,500,1000,0,0,0,0,0,0,0,0,0,0,-130,1,0,0,0,54.25,0,0,0,0,0,0,1000
5914,0,156,3000,500,1000,0,0,0,0,0,0,0,0,0,0,-130,1,0,0,0,54.25,0,0,0,0,0,0,1000
5915,0,157,3000,500,1000,0,0,0,0,0,0,0,0,0,0,-130,1,0,0,0,54.25,0,0,0,0,0,0,1000
5916,0,158,3000,500,1000,0,0,0,0,0,0,0,0,0,0,-130,1,0,0,0,54.25,0,0,0,0,0,0,1000
5917,0,159,3000,500,1000,0,0,0,0,0,0,0,0,0,0,-130,1,0,0,0,54.25,0,0,0,0,0,0,1000
5918,0,160,3000,500,1000,0,0,0,0,0,0,0,0,0,0,-130,1,0,0,0,54.25,0,0,0,0,0,0,1000
5919,0,161,3000,500,1000,0,0,0,0,0,0,0,0,0,0,-130,1,0,0,0,54.25,0,0,0,0,0,0,1000
5920,0,162,3000,500,1000,0,0,0,0,0,0,0,0,0,0,-130,1,0,0,0,54.25,0,0,0,0,0,0,1000
5921,0,163,3000,500,1000,0,0,0,0,0,0,0,0,0,0,-130,1,0,0,0,54.25,0,0,0,0,0,0,1000
5922,0,164,3000,500,1000,0,0,0,0,0,0,0,0,0,0,-130,1,0,0,0,54.25,0,0,0,0,0,0,1000
5923,0,165,3000,500,1000,0,0,0,0,0,0,0,0,0,0,-130,1,0,0,0,54.25,0,0,0,0,0,0,1000
5924,0,166,3000,500,1000,0,0,0,0,0,0,0,0,0,0,-130,1,0,0,0,54.25,0,0,0,0,0,0,1000
5925,0,167,3000,500,1000,0,0,0,0,0,0,0,0,0,0,-130,1,0,0,0,54.25,0,0,0,0,0,0,1000
5926,0,168,3000,500,1000,0,0,0,0,0,0,0,0,0,0,-130,1,0,0,0,54.25,0,0,0,0,0,0,1000
5927,0,169,3000,500,1000,0,0,0,0,0,0,0,0,0,0,-130,1,0,0,0,54.25,0,0,0,0,0,0,1000
5928,0,170,3000,500,1000,0,0,0,0,0,0,0,0,0,0,-130,1,0,0,0,54.25,0,0,0,0,0,0,1000
5929,0,171,3000,500,1000,0,0,0,0,0,0,0,0,0,0,-130,1,0,0,0,54.25,0,0,0,0,0,0,1000
5930,0,172,3000,500,1000,0,0,0,0,0,0,0,0,0,0,-130,1,0,0,0,54.25,0,0,0,0,0,0,1000
5931,0,173,3000,500,1000,0,0,0,0,0,0,0,0,0,0,-130,1,0,0,0,54.25,0,0,0,0,0,0,1000
5932,0,174,3000,500,1000,0,0,0,0,0,0,0,0,0,0,-130,1,0,0,0,54.25,0,0,0,0,0,0,1000
5933,0,175,3000,500,1000,0,0,0,0,0,0,0,0,0,0,-130,1,0,0,0,54.25,0,0,0,0,0,0,1000
5934,0,176,3000,500,1000,0,0,0,0,0,0,0,0,0,0,-130,1,0,0,0,54.25,0,0,0,0,0,0,1000
5935,0,177,3000,500,1000,0,0,0,0,0,0,0,0,0,0,-130,1,0,0,0,54.25,0,0,0,0,0,0,1000
5936,0,178,3000,500,1000,0,0,0,0,0,0,0,0,0,0,-130,1,0,0,0,54.25,0,0,0,0,0,0,1000
5937,0,179,3000,500,1000,0,0,0,0,0,0,0,0,0,0,-130,1,0,0,0,54.25,0,0,0,0,0,0,1000
5938,0,180,3000,500,1000,0,0,0,0,0,0,0,0,0,0,-130,1,0,0,0,54.25,0,0,0,0,0,0,1000
5939,0,181,3000,500,1000,0,0,0,0,0,0,0,0,0,0,-130,1,0,0,0,54.25,0,0,0,0,0,0,1000
5940,0,182,3000,500,1000,0,0,0,0,0,0,0,0,0,0,-130,1,0,0,0,54.25,0,0,0,0,0,0,1000
5941,0,183,3000,500,1000,0,0,0,0,0,0,0,0,0,0,-130,1,0,0,0,54.25,0,0,0,0,0,0,1000
5942,0,184,3000,500,1000,0,0,0,0,0,0,0,0,0,0,-130,1,0,0,0,54.25,0,0,0,0,0,0,1000
5943,0,185,3000,500,1000,0,0,0,0,0,0,0,0,0,0,-130,1,0,0,0,54.25,0,0,0,0,0,0,1000
5944,0,186,3000,500,1000,0,0,0,0,0,0,0,0,0,0,-130,1,0,0,0,54.25,0,0,0,0,0,0,1000
5945,0,187,3000,500,1000,0,0,0,0,0,0,0,0,0,0,-130,1,0,0,0,54.25,0,0,0,0,0,0,1000
5946,0,188,3000,500,1000,0,0,0,0,0,0,0,0,0,0,-130,1,0,0,0,54.25,0,0,0,0,0,0,1000
5947,0,189,3000,500,1000,0,0,0,0,0,0,0,0,0,0,-130,1,0,0,0,54.25,0,0,0,0,0,0,1000
5948,0,190,3000,500,1000,0,0,0,0,0,0,0,0,0,0,-130,1,0,0,0,54.25,0,0,0,0,0,0,1000
5949,0,191,3000,500,1000,0,0,0,0,0,0,0,0,0,0,-130,1,0,0,0,54.25,0,0,0,0,0,0,1000
5950,0,192,3000,500,1000,0,0,0,0,0,0,0,0,0,0,-130,1,0,0,0,54.25,0,0,0,0,0,0,1000
5951,0,193,3000,500,1000,0,0,0,0,0,0,0,0,0,0,-130,1,0,0,0,54.25,0,0,0,0,0,0,1000
5952,0,194,3000,500,1000,0,0,0,0,0,0,0,0,0,0,-130,1,0,0,0,54.25,0,0,0,0,0,0,1000
5953,0,195,3000,500,1000,0,0,0,0,0,0,0,0,0,0,-130,1,0,0,0,54.25,0,0,0,0,0,0,1000
5954,0,196,3000,500,1000,0,0,0,0,0,0,0,0,0,0,-130,1,0,0,0,54.25,0,0,0,0,0,0,1000
5955,0,197,3000,500,1000,0,0,0,0,0,0,0,0,0,0,-130,1,0,0,0,54.25,0,0,0,0,0,0,1000
5956,0,198,3000,500,1000,0,0,0,0,0,0,0,0,0,0,-130,1,0,0,0,54.25,0,0,0,0,0,0,1000
5957,0,199,3000,500,1000,0,0,0,0,0,0,0,0,0,0,-130,1,0,0,0,54.25,0,0,0,0,0,0,1000
5958,0,200,3000,500,1000,0,0,0,0,0,0,0,0,0,0,-130,1,0,0,0,54.25,0,0,0,0,0,0,1000
5959,0,201,3000,500,1000,0,0,0,0,0,0,0,0,0,0,-130,1,0,0,0,54.25,0,0,0,0,0,0,1000
5960,0,202,3000,500,1000,0,0,0,0,0,0,0,0,0,0,-130,1,0,0,0,54.25,0,0,0,0,0,0,1000
5961,0,203,3000,500,1000,0,0,0,0,0,0,0,0,0,0,-130,1,0,0,0,54.25,0,0,0,0,0,0,1000
5962,0,204,3000,500,1000,0,0,0,0,0,0,0,0,0,0,-130,1,0,0,0,54.25,0,0,0,0,0,0,1000
5963,0,205,3000,500,1000,0,0,0,0,0,0,0,0,0,0,-130,1,0,0,0,54.25,0,0,0,0,0,0,1000
5964,0,206,3000,500,1000,0,0,0,0,0,0,0,0,0,0,-130,1,0,0,0,54.25,0,0,0,0,0,0,1000
5965,0,207,3000,500,1000,0,0,0,0,0,0,0,0,0,0,-130,1,0,0,0,54.25,0,0,0,0,0,0,1000
5966,0,208,3000,500,1000,0,0,0,0,0,0,0,0,0,0,-130,1,0,0,0,54.25,0,0,0,0,0,0,1000
5967,0,209,3000,500,1000,0,0,0,0,0,0,0,0,0,0,-130,1,0,0,0,54.25,0,0,0,0,0,0,1000
5968,0,210,3000,500,1000,0,0,0,0,0,0,0,0,0,0,-130,1,0,0,0,54.25,0,0,0,0,0,0,1000
5969,0,211,3000,500,1000,0,0,0,0,0,0,0,0,0,0,-130,1,0,0,0,54.25,0,0,0,0,0,0,1000
5970,0,212,3000,500,1000,0,0,0,0,0,0,0,0,0,0,-130,1,0,0,0,54.25,0,0,0,0,0,0,1000
5971,0,213,3000,500,1000,0,0,0,0,0,0,0,0,0,0,-130,1,0,0,0,54.25,0,0,0,0,0,0,1000
5972,0,214,3000,500,1000,0,0,0,0,0,0,0,0,0,0,-130,1,0,0,0,54.25,0,0,0,0,0,0,1000
5973,0,215,3000,500,1000,0,0,0,0,0,0,0,0,0,0,-130,1,0,0,0,54.25,0,0,0,0,0,0,1000
5974,0,216,3000,500,1000,0,0,0,0,0,0,0,0,0,0,-130,1,0,0,0,54.25,0,0,0,0,0,0,1000
5975,0,217,3000,500,1000,0,0,0,0,0,0,0,0,0,0,-130,1,0,0,0,54.25,0,0,0,0,0,0,1000
5976,0,218,3000,500,1000,0,0,0,0,0,0,0,0,0,0,-130,1,0,0,0,54.25,0,0,0,0,0,0,1000
5977,0,219,3000,500,1000,0,0,0,0,0,0,0,0,0,0,-130,1,0,0,0,54.25,0,0,0,0,0,0,1000
5978,0,220,3000,500,1000,0,0,0,0,0,0,0,0,0,0,-130,1,0,0,0,54.25,0,0,0,0,0,0,1000
5979,0,221,3000,500,1000,0,0,0,0,0,0,0,0,0,0,-130,1,0,0,0,54.25,0,0,0,0,0,0,1000
5980,0,222,3000,500,1000,0,0,0,0,0,0,0,0,0,0,-130,1,0,0,0,54.25,0,0,0,0,0,0,1000
5981,0,223,3000,500,1000,0,0,0,0,0,0,0,0,0,0,-130,1,0,0,0,54.25,0,0,0,0,0,0,1000
5982,0,224,3000,500,1000,0,0,0,0,0,0,0,0,0,0,-130,1,0,0,0,54.25,0,0,0,0,0,0,1000
5983,0,225,3000,500,1000,0,0,0,0,0,0,0,0,0,0,-130,1,0,0,0,54.25,0,0,0,0,0,0,1000
5984,0,226,3000,500,1000,0,0,0,0,0,0,0,0,0,0,-130,1,0,0,0,54.25,0,0,0,0,0,0,1000
5985,0,227,3000,500,1000,0,0,0,0,0,0,0,0,0,0,-130,1,0,0,0,54.25,0,0,0,0,0,0,1000
5986,0,228,3000,500,1000,0,0,0,0,0,0,0,0,0,0,-130,1,0,0,0,54.25,0,0,0,0,0,0,1000
5987,0,229,3000,500,1000,0,0,0,0,0,0,0,0,0,0,-130,1,0,0,0,54.25,0,0,0,0,0,0,1000
5988,0,230,3000,500,1000,0,0,0,0,0,0,0,0,0,0,-130,1,0,0,0,54.25,0,0,0,0,0,0,1000
5989,0,231,3000,500,1000,0,0,0,0,0,0,0,0,0,0,-130,1,0,0,0,54.25,0,0,0,0,0,0,1000
5990,0,232,3000,500,1000,0,0,0,0,0,0,0,0,0,0,-130,1,0,0,0,54.25,0,0,0,0,0,0,1000
5991,0,233,3000,500,1000,0,0,0,0,0,0,0,0,0,0,-130,1,0,0,0,54.25,0,0,0,0,0,0,1000
5992,0,234,3000,500,1000,0,0,0,0,0,0,0,0,0,0,-130,1,0,0,0,54.25,0,0,0,0,0,0,1000
5993,0,235,3000,500,1000,0,0,0,0,0,0,0,0,0,0,-130,1,0,0,0,54.25,0,0,0,0,0,0,1000
5994,0,236,3000,500,1000,0,0,0,0,0,0,0,0,0,0,-130,1,0,0,0,54.25,0,0,0,0,0,0,1000
5995,0,237,3000,500,1000,0,0,0,0,0,0,0,0,0,0,-130,1,0,0,0,54.25,0,0,0,0,0,0,1000
5996,0,238,3000,500,1000,0,0,0,0,0,0,0,0,0,0,-130,1,0,0,0,54.25,0,0,0,0,0,0,1000
5997,0,239,3000,500,1000,0,0,0,0,0,0,0,0,0,0,-130,1,0,0,0,54.25,0,0,0,0,0,0,1000
5998,0,240,3000,500,1000,0,0,0,0,0,0,0,0,0,0,-130,1,0,0,0,54.25,0,0,0,0,0,0,1000
5999,0,241,3000,500,1000,0,0,0,0,0,0,0,0,0,0,-130,1,0,0,0,54.25,0,0,0,0,0,0,1000
6000,0,242,3000,500,1000,0,0,0,0,0,0,0,0,0,0,-130,1,0,0,0,54.25,0,0,0,0,0,0,1000
6001,0,243,3000,500,1000,0,0,0,0,0,0,0,0,0,0,-130,1,0,0,0,54.25,0,0,0,0,0,0,1000
6002,0,244,3000,500,1000,0,0,0,0,0,0,0,0,0,0,-130,1,0,0,0,54.25,0,0,0,0,0,0,1000
6003,0,245,3000,500,1000,0,0,0,0,0,0,0,0,0,0,-130,1,0,0,0,54.25,0,0,0,0,0,0,1000
6004,0,246,3000,500,1000,0,0,0,0,0,0,0,0,0,0,-130,1,0,0,0,54.25,0,0,0,0,0,0,1000
6005,0,247,3000,500,1000,0,0,0,0,0,0,0,0,0,0,-130,1,0,0,0,54.25,0,0,0,0,0,0,1000
6006,0,248,3000,500,1000,0,0,0,0,0,0,0,0,0,0,-130,1,0,0,0,54.25,0,0,0,0,0,0,1000
6007,0,249,3000,500,1000,0,0,0,0,0,0,0,0,0,0,-130,1,0,0,0,54.25,0,0,0,0,0,0,1000
6008,0,250,3000,500,1000,0,0,0,0,0,0,0,0,0,0,-130,1,0,0,0,54.25,0,0,0,0,0,0,1000
6009,0,251,3000,500,1000,0,0,0,0,0,0,0,0,0,0,-130,1,0,0,0,54.25,0,0,0,0,0,0,1000
6010,0,1,3000,500,1000,0,0,0,0,0,0,0,0,0,0,-134.25,1,0,0,0,54.25,0,0,0,0,0,0,1000
6011,0,2,3000,500,1000,0,0,0,0,0,0,0,0,0,0,-134.25,1,0,0,0,54.25,0,0,0,0,0,0,1000
6012,0,3,3000,500,1000,0,0,0,0,0,0,0,0,0,0,-134.25,1,0,0,0,54.25,0,0,0,0,0,0,1000
6013,0,4,3000,500,1000,0,0,0,0,0,0,0,0,0,0,-134.25,1,0,0,0,54.25,0,0,0,0,0,0,1000
6014,0,5,3000,500,1000,0,0,0,0,0,0,0,0,0,0,-134.25,1,0,0,0,54.25,0,0,0,0,0,0,1000
6015,0,6,3000,500,1000,0,0,0,0,0,0,0,0,0,0,-134.25,1,0,0,0,54.25,0,0,0,0,0,0,1000
6016,0,7,3000,500,1000,0,0,0,0,0,0,0,0,0,0,-134.25,1,0,0,0,54.25,0,0,0,0,0,0,1000
6017,0,8,3000,500,1000,0,0,0,0,0,0,0,0,0,0,-134.25,1,0,0,0,54.25,0,0,0,0,0,0,1000
6018,0,9,3000,500,1000,0,0,0,0,0,0,0,0,0,0,-134.25,1,0,0,0,54.25,0,0,0,0,0,0,1000
6019,10,1,3000,500,1000,0,0,0,0,0,0,0,0,0,0,-134.25,1,0,0,0,54.25,0,0,0,0,0,0,1000
6020,10,2,3000,500,1000,0,0,0,0,0,0,0,0,0,0,-134.25,1,0,0,0,54.25,0,0,0,0,0,0,1000
6021,10,3,3000,500,1000,0,0,0,0,0,0,0,0,0,0,-134.25,1,0,0,0,54.25,0,0,0,0,0,0,1000
6022,10,4,3000,500,1000,0,0,0,0,0,0,0,0,0,0,-134.25,1,0,0,0,54.25,0,0,0,0,0,0,1000
6023,10,5,3000,500,1000,0,0,0,0,0,0,0,0,0,0,-134.25,1,0,0,0,54.25,0,0,0,0,0,0,1000
6024,10,6,3000,500,1000,0,0,0,0,0,0,0,0,0,0,-134.25,1,0,0,0,54.25,0,0,0,0,0,0,1000
6025,1020,1,3000,500,1000,0,0,0,0,0,0,0,0,0,0,-134.25,1,0,0,0,54.25,0,0,0,0,0,0,1000
6026,1020,2,3000,500,1000,0,0,0,0,0,0,0,0,0,0,-134.25,1,0,0,0,54.25,0,0,0,0,0,0,1000
6027,1020,3,3000,500,1000,0,0,0,0,0,0,0,0,0,0,-134.25,1,0,0,0,54.25,0,0,0,0,0,0,1000
6028,1020,4,3000,500,1000,0,0,0,0,0,0,0,0,0,0,-134.25,1,0,0,0,54.25,0,0,0,0,0,0,1000
6029,1020,5,3000,500,1000,0,0,0,0,0,0,0,0,0,0,-134.25,1,0,0,0,54.25,0,0,0,0,0,0,1000
6030,1020,6,3000,500,1000,0,0,0,0,0,0,0,0,0,0,-134.25,1,0,0,0,54.25,0,0,0,0,0,0,1000
6031,1020,7,3000,500,1000,0,0,0,0,0,0,0,0,0,0,-134.25,1,0,0,0,54.25,0,0,0,0,0,0,1000
6032,1020,8,3000,500,1000,0,0,0,0,0,0,0,0,0,0,-134.25,1,0,0,0,54.25,0,0,0,0,0,0,1000
6033,1020,9,3000,500,1000,0,0,0,0,0,0,0,0,0,0,-134.25,1,0,0,0,54.25,0,0,0,0,0,0,1000
6034,1020,10,3000,500,1000,0,0,0,0,0,0,0,0,0,0,-134.25,1,0,0,0,54.25,0,0,0,0,0,0,1000
6035,1020,11,3000,500,1000,0,0,0,0,0,0,0,0,0,0,-134.25,1,0,0,0,54.25,0,0,0,0,0,0,1000
6036,1020,12,3000,500,1000,0,0,0,0,0,0,0,0,0,0,-134.25,1,0,0,0,54.25,0,0,0,0,0,0,1000
6037,1020,13,3000,500,1000,0,0,0,0,0,0,0,0,0,0,-134.25,1,0,0,0,54.25,0,0,0,0,0,0,1000
6038,1020,14,3000,500,1000,0,0,0,0,0,0,0,0,0,0,-134.25,1,0,0,0,54.25,0,0,0,0,0,0,1000
6039,1020,15,3000,500,1000,0,0,0,0,0,0,0,0,0,0,-134.25,1,0,0,0,54.25,0,0,0,0,0,0,1000
6040,1020,16,3000,500,1000,0,0,0,0,0,0,0,0,0,0,-134.25,1,0,0,0,54.25,0,0,0,0,0,0,1000
6041,1020,17,3000,500,1000,0,0,0,0,0,0,0,0,0,0,-134.25,1,0,0,0,54.25,0,0,0,0,0,0,1000
6042,1020,18,3000,500,1000,0,0,0,0,0,0,0,0,0,0,-134.25,1,0,0,0,54.25,0,0,0,0,0,0,1000
6043,1020,19,3000,500,1000,0,0,0,0,0,0,0,0,0,0,-134.25,1,0,0,0,54.25,0,0,0,0,0,0,1000
6044,1020,20,3000,500,1000,0,0,0,0,0,0,0,0,0,0,-134.25,1,0,0,0,54.25,0,0,0,0,0,0,1000
6045,1020,21,3000,500,1000,0,0,0,0,0,0,0,0,0,0,-134.25,1,0,0,0,54.25,0,0,0,0,0,0,1000
6046,1020,22,3000,500,1000,0,0,0,0,0,0,0,0,0,0,-134.25,1,0,0,0,54.25,0,0,0,0,0,0,1000
6047,1020,23,3000,500,1000,0,0,0,0,0,0,0,0,0,0,-134.25,1,0,0,0,54.25,0,0,0,0,0,0,1000
6048,1020,24,3000,500,1000,0,0,0,0,0,0,0,0,0,0,-134.25,1,0,0,0,54.25,0,0,0,0,0,0,1000
6049,1020,25,3000,500,1000,0,0,0,0,0,0,0,0,0,0,-134.25,1,0,0,0,54.25,0,0,0,0,0,0,1000
6050,1020,26,3000,500,1000,0,0,0,0,0,0,0,0,0,0,-134.25,1,0,0,0,54.25,0,0,0,0,0,0,1000
6051,1020,27,3000,500,1000,0,0,0,0,0,0,0,0,0,0,-134.25,1,0,0,0,54.25,0,0,0,0,0,0,1000
6052,1020,28,3000,500,1000,0,0,0,0,0,0,0,0,0,0,-134.25,1,0,0,0,54.25,0,0,0,0,0,0,1000
6053,1020,29,3000,500,1000,0,0,0,0,0,0,0,0,0,0,-134.25,1,0,0,0,54.25,0,0,0,0,0,0,1000
6054,1020,30,3000,500,1000,0,0,0,0,0,0,0,0,0,0,-134.25,1,0,0,0,54.25,0,0,0,0,0,0,1000
6055,1020,31,3000,500,1000,0,0,0,0,0,0,0,0,0,0,-134.25,1,0,0,0,54.25,0,0,0,0,0,0,1000
6056,1020,32,3000,500,1000,0,0,0,0,0,0,0,0,0,0,-134.25,1,0,0,0,54.25,0,0,0,0,0,0,1000
6057,1020,33,3000,500,1000,0,0,0,0,0,0,0,0,0,0,-134.25,1,0,0,0,54.25,0,0,0,0,0,0,1000
6058,1020,34,3000,500,1000,0,0,0,0,0,0,0,0,0,0,-134.25,1,0,0,0,54.25,0,0,0,0,0,0,1000
6059,1020,35,3000,500,1000,0,0,0,0,0,0,0,0,0,0,-134.25,1,0,0,0,54.25,0,0,0,0,0,0,1000
6060,1020,36,3000,500,1000,0,0,0,0,0,0,0,0,0,0,-134.25,1,0,0,0,54.25,0,0,0,0,0,0,1000
6061,1020,37,3000,500,1000,0,0,0,0,0,0,0,0,0,0,-134.25,1,0,0,0,54.25,0,0,0,0,0,0,1000
6062,1020,38,3000,500,1000,0,0,0,0,0,0,0,0,0,0,-134.25,1,0,0,0,54.25,0,0,0,0,0,0,1000
6063,1020,39,3000,500,1000,0,0,0,0,0,0,0,0,0,0,-134.25,1,0,0,0,54.25,0,0,0,0,0,0,1000
6064,1020,40,3000,500,1000,0,0,0,0,0,0,0,0,0,0,-134.25,1,0,0,0,54.25,0,0,0,0,0,0,1000
6065,1020,41,3000,500,1000,0,0,0,0,0,0,0,0,0,0,-134.25,1,0,0,0,54.25,0,0,0,0,0,0,1000
6066,1020,42,3000,500,1000,0,0,0,0,0,0,0,0,0,0,-134.25,1,0,0,0,54.25,0,0,0,0,0,0,1000
6067,0,1,3000,500,1000,0,0,0,0,0,0,0,0,0,0,-134.25,1,0,0,0,54.25,0,0,0,0,0,0,1000
6068,0,2,3000,500,1000,0,0,0,0,0,0,0,0,0,0,-134.25,1,0,0,0,54.25,0,0,0,0,0,0,1000
6069,0,3,3000,500,1000,0,0,0,0,0,0,0,0,0,0,-134.25,1,0,0,0,54.25,0,0,0,0,0,0,1000
6070,0,4,3000,500,1000,0,0,0,0,0,0,0,0,0,0,-134.25,1,0,0,0,54.25,0,0,0,0,0,0,1000
6071,0,5,3000,500,1000,0,0,0,0,0,0,0,0,0,0,-134.25,1,0,0,0,54.25,0,0,0,0,0,0,1000
6072,0,6,3000,500,1000,0,0,0,0,0,0,0,0,0,0,-134.25,1,0,0,0,54.25,0,0,0,0,0,0,1000
6073,0,7,3000,500,1000,0,0,0,0,0,0,0,0,0,0,-134.25,1,0,0,0,54.25,0,0,0,0,0,0,1000
6074,0,8,3000,500,1000,0,0,0,0,0,0,0,0,0,0,-134.25,1,0,0,0,54.25,0,0,0,0,0,0,1000
6075,0,9,3000,500,1000,0,0,0,0,0,0,0,0,0,0,-134.25,1,0,0,0,54.25,0,0,0,0,0,0,1000
6076,0,10,3000,500,1000,0,0,0,0,0,0,0,0,0,0,-134.25,1,0,0,0,54.25,0,0,0,0,0,0,1000
6077,0,11,3000,500,1000,0,0,0,0,0,0,0,0,0,0,-134.25,1,0,0,0,54.25,0,0,0,0,0,0,1000
6078,0,12,3000,500,1000,0,0,0,0,0,0,0,0,0,0,-134.25,1,0,0,0,54.25,0,0,0,0,0,0,1000
6079,0,13,3000,500,1000,0,0,0,0,0,0,0,0,0,0,-134.25,1,0,0,0,54.25,0,0,0,0,0,0,1000
6080,0,14,3000,500,1000,0,0,0,0,0,0,0,0,0,0,-134.25,1,0,0,0,54.25,0,0,0,0,0,0,1000
6081,0,15,3000,500,1000,0,0,0,0,0,0,0,0,0,0,-134.25,1,0,0,0,54.25,0,0,0,0,0,0,1000
6082,0,16,3000,500,1000,0,0,0,0,0,0,0,0,0,0,-134.25,1,0,0,0,54.25,0,0,0,0,0,0,1000
6083,0,17,3000,500,1000,0,0,0,0,0,0,0,0,0,0,-134.25,1,0,0,0,54.25,0,0,0,0,0,0,1000
6084,0,18,3000,500,1000,0,0,0,0,0,0,0,0,0,0,-134.25,1,0,0,0,54.25,0,0,0,0,0,0,1000
6085,0,19,3000,500,1000,0,0,0,0,0,0,0,0,0,0,-134.25,1,0,0,0,54.25,0,0,0,0,0,0,1000
6086,0,20,3000,500,1000,0,0,0,0,0,0,0,0,0,0,-134.25,1,0,0,0,54.25,0,0,0,0,0,0,1000
6087,0,21,3000,500,1000,0,0,0,0,0,0,0,0,0,0,-134.25,1,0,0,0,54.25,0,0,0,0,0,0,1000
6088,0,22,3000,500,1000,0,0,0,0,0,0,0,0,0,0,-134.25,1,0,0,0,54.25,0,0,0,0,0,0,1000
6089,0,23,3000,500,1000,0,0,0,0,0,0,0,0,0,0,-134.25,1,0,0,0,54.25,0,0,0,0,0,0,1000
6090,0,24,3000,500,1000,0,0,0,0,0,0,0,0,0,0,-134.25,1,0,0,0,54.25,0,0,0,0,0,0,1000
6091,0,25,3000,500,1000,0,0,0,0,0,0,0,0,0,0,-134.25,1,0,0,0,54.25,0,0,0,0,0,0,1000
6092,0,26,3000,500,1000,0,0,0,0,0,0,0,0,0,0,-134.25,1,0,0,0,54.25,0,0,0,0,0,0,1000
6093,0,27,3000,500,1000,0,0,0,0,0,0,0,0,0,0,-134.25,1,0,0,0,54.25,0,0,0,0,0,0,1000
6094,0,28,3000,500,1000,0,0,0,0,0,0,0,0,0,0,-134.25,1,0,0,0,54.25,0,0,0,0,0,0,1000
6095,0,29,3000,500,1000,0,0,0,0,0,0,0,0,0,0,-134.25,1,0,0,0,54.25,0,0,0,0,0,0,1000
6096,0,30,3000,500,1000,0,0,0,0,0,0,0,0,0,0,-134.25,1,0,0,0,54.25,0,0,0,0,0,0,1000
6097,0,31,3000,500,1000,0,0,0,0,0,0,0,0,0,0,-134.25,1,0,0,0,54.25,0,0,0,0,0,0,1000
6098,0,32,3000,500,1000,0,0,0,0,0,0,0,0,0,0,-134.25,1,0,0,0,54.25,0,0,0,0,0,0,1000
6099,0,33,3000,500,1000,0,0,0,0,0,0,0,0,0,0,-134.25,1,0,0,0,54.25,0,0,0,0,0,0,1000
6100,0,34,3000,500,1000,0,0,0,0,0,0,0,0,0,0,-134.25,1,0,0,0,54.25,0,0,0,0,0,0,1000
6101,0,35,3000,500,1000,0,0,0,0,0,0,0,0,0,0,-134.25,1,0,0,0,54.25,0,0,0,0,0,0,1000
6102,0,36,3000,500,1000,0,0,0,0,0,0,0,0,0,0,-134.25,1,0,0,0,54.25,0,0,0,0,0,0,1000
6103,0,37,3000,500,1000,0,0,0,0,0,0,0,0,0,0,-134.25,1,0,0,0,54.25,0,0,0,0,0,0,1000
6104,0,38,3000,500,1000,0,0,0,0,0,0,0,0,0,0,-134.25,1,0,0,0,54.25,0,0,0,0,0,0,1000
6105,0,39,3000,500,1000,0,0,0,0,0,0,0,0,0,0,-134.25,1,0,0,0,54.25,0,0,0,0,0,0,1000
6106,0,40,3000,500,1000,0,0,0,0,0,0,0,0,0,0,-134.25,1,0,0,0,54.25,0,0,0,0,0,0,1000
6107,0,41,3000,500,1000,0,0,0,0,0,0,0,0,0,0,-134.25,1,0,0,0,54.25,0,0,0,0,0,0,1000
6108,0,42,3000,500,1000,0,0,0,0,0,0,0,0,0,0,-134.25,1,0,0,0,54.25,0,0,0,0,0,0,1000
6109,0,43,3000,500,1000,0,0,0,0,0,0,0,0,0,0,-134.25,1,0,0,0,54.25,0,0,0,0,0,0,1000
6110,0,44,3000,500,1000,0,0,0,0,0,0,0,0,0,0,-134.25,1,0,0,0,54.25,0,0,0,0,0,0,1000
6111,0,45,3000,500,1000,0,0,0,0,0,0,0,0,0,0,-134.25,1,0,0,0,54.25,0,0,0,0,0,0,1000
6112,0,46,3000,500,1000,0,0,0,0,0,0,0,0,0,0,-134.25,1,0,0,0,54.25,0,0,0,0,0,0,1000
6113,0,47,3000,500,1000,0,0,0,0,0,0,0,0,0,0,-134.25,1,0,0,0,54.25,0,0,0,0,0,0,1000
6114,0,48,3000,500,1000,0,0,0,0,0,0,0,0,0,0,-134.25,1,0,0,0,54.25,0,0,0,0,0,0,1000
6115,0,49,3000,500,1000,0,0,0,0,0,0,0,0,0,0,-134.25,1,0,0,0,54.25,0,0,0,0,0,0,1000
6116,0,50,3000,500,1000,0,0,0,0,0,0,0,0,0,0,-134.25,1,0,0,0,54.25,0,0,0,0,0,0,1000
6117,0,51,3000,500,1000,0,0,0,0,0,0,0,0,0,0,-134.25,1,0,0,0,54.25,0,0,0,0,0,0,1000
6118,0,52,3000,500,1000,0,0,0,0,0,0,0,0,0,0,-134.25,1,0,0,0,54.25,0,0,0,0,0,0,1000
6119,0,53,3000,500,1000,0,0,0,0,0,0,0,0,0,0,-134.25,1,0,0,0,54.25,0,0,0,0,0,0,1000
6120,0,54,3000,500,1000,0,0,0,0,0,0,0,0,0,0,-134.25,1,0,0,0,54.25,0,0,0,0,0,0,1000
6121,0,55,3000,500,1000,0,0,0,0,0,0,0,0,0,0,-134.25,1,0,0,0,54.25,0,0,0,0,0,0,1000
6122,0,56,3000,500,1000,0,0,0,0,0,0,0,0,0,0,-134.25,1,0,0,0,54.25,0,0,0,0,0,0,1000
6123,0,57,3000,500,1000,0,0,0,0,0,0,0,0,0,0,-134.25,1,0,0,0,54.25,0,0,0,0,0,0,1000
6124,0,58,3000,500,1000,0,0,0,0,0,0,0,0,0,0,-134.25,1,0,0,0,54.25,0,0,0,0,0,0,1000
6125,0,59,3000,500,1000,0,0,0,0,0,0,0,0,0,0,-134.25,1,0,0,0,54.25,0,0,0,0,0,0,1000
6126,0,60,3000,500,1000,0,0,0,0,0,0,0,0,0,0,-134.25,1,0,0,0,54.25,0,0,0,0,0,0,1000
6127,0,61,3000,500,1000,0,0,0,0,0,0,0,0,0,0,-134.25,1,0,0,0,54.25,0,0,0,0,0,0,1000
6128,0,62,3000,500,1000,0,0,0,0,0,0,0,0,0,0,-134.25,1,0,0,0,54.25,0,0,0,0,0,0,1000
6129,0,63,3000,500,1000,0,0,0,0,0,0,0,0,0,0,-134.25,1,0,0,0,54.25,0,0,0,0,0,0,1000
6130,0,64,3000,500,1000,0,0,0,0,0,0,0,0,0,0,-134.25,1,0,0,0,54.25,0,0,0,0,0,0,1000
6131,0,65,3000,500,1000,0,0,0,0,0,0,0,0,0,0,-134.25,1,0,0,0,54.25,0,0,0,0,0,0,1000
6132,0,66,3000,500,1000,0,0,0,0,0,0,0,0,0,0,-134.25,1,0,0,0,54.25,0,0,0,0,0,0,1000
6133,0,67,3000,500,1000,0,0,0,0,0,0,0,0,0,0,-134.25,1,0,0,0,54.25,0,0,0,0,0,0,1000
6134,0,68,3000,500,1000,0,0,0,0,0,0,0,0,0,0,-134.25,1,0,0,0,54.25,0,0,0,0,0,0,1000
6135,0,69,3000,500,1000,0,0,0,0,0,0,0,0,0,0,-134.25,1,0,0,0,54.25,0,0,0,0,0,0,1000
6136,0,70,3000,500,1000,0,0,0,0,0,0,0,0,0,0,-134.25,1,0,0,0,54.25,0,0,0,0,0,0,1000
6137,0,71,3000,500,1000,0,0,0,0,0,0,0,0,0,0,-134.25,1,0,0,0,54.25,0,0,0,0,0,0,1000
6138,0,72,3000,500,1000,0,0,0,0,0,0,0,0,0,0,-134.25,1,0,0,0,54.25,0,0,0,0,0,0,1000
6139,0,73,3000,500,1000,0,0,0,0,0,0,0,0,0,0,-134.25,1,0,0,0,54.25,0,0,0,0,0,0,1000
6140,0,74,3000,500,1000,0,0,0,0,0,0,0,0,0,0,-134.25,1,0,0,0,54.25,0,0,0,0,0,0,1000
6141,0,75,3000,500,1000,0,0,0,0,0,0,0,0,0,0,-134.25,1,0,0,0,54.25,0,0,0,0,0,0,1000
6142,0,76,3000,500,1000,0,0,0,0,0,0,0,0,0,0,-134.25,1,0,0,0,54.25,0,0,0,0,0,0,1000
6143,0,77,3000,500,1000,0,0,0,0,0,0,0,0,0,0,-134.25,1,0,0,0,54.25,0,0,0,0,0,0,1000
6144,0,78,3000,500,1000,0,0,0,0,0,0,0,0,0,0,-134.25,1,0,0,0,54.25,0,0,0,0,0,0,1000
6145,0,79,3000,500,1000,0,0,0,0,0,0,0,0,0,0,-134.25,1,0,0,0,54.25,0,0,0,0,0,0,1000
6146,0,80,3000,500,1000,0,0,0,0,0,0,0,0,0,0,-134.25,1,0,0,0,54.25,0,0,0,0,0,0,1000
6147,0,81,3000,500,1000,0,0,0,0,0,0,0,0,0,0,-134.25,1,0,0,0,54.25,0,0,0,0,0,0,1000
6148,0,82,3000,500,1000,0,0,0,0,0,0,0,0,0,0,-134.25,1,0,0,0,54.25,0,0,0,0,0,0,1000
6149,0,83,3000,500,1000,0,0,0,0,0,0,0,0,0,0,-134.25,1,0,0,0,54.25,0,0,0,0,0,0,1000
6150,0,84,3000,500,1000,0,0,0,0,0,0,0,0,0,0,-134.25,1,0,0,0,54.25,0,0,0,0,0,0,1000
6151,0,85,3000,500,1000,0,0,0,0,0,0,0,0,0,0,-134.25,1,0,0,0,54.25,0,0,0,0,0,0,1000
6152,0,86,3000,500,1000,0,0,0,0,0,0,0,0,0,0,-134.25,1,0,0,0,54.25,0,0,0,0,0,0,1000
6153,0,87,3000,500,1000,0,0,0,0,0,0,0,0,0,0,-134.25,1,0,0,0,54.25,0,0,0,0,0,0,1000
6154,0,88,3000,500,1000,0,0,0,0,0,0,0,0,0,0,-134.25,1,0,0,0,54.25,0,0,0,0,0,0,1000
6155,0,89,3000,500,1000,0,0,0,0,0,0,0,0,0,0,-134.25,1,0,0,0,54.25,0,0,0,0,0,0,1000
6156,0,90,3000,500,1000,0,0,0,0,0,0,0,0,0,0,-134.25,1,0,0,0,54.25,0,0,0,0,0,0,1000
6157,0,91,3000,500,1000,0,0,0,0,0,0,0,0,0,0,-134.25,1,0,0,0,54.25,0,0,0,0,0,0,1000
6158,0,92,3000,500,1000,0,0,0,0,0,0,0,0,0,0,-134.25,1,0,0,0,54.25,0,0,0,0,0,0,1000
6159,0,93,3000,500,1000,0,0,0,0,0,0,0,0,0,0,-134.25,1,0,0,0,54.25,0,0,0,0,0,0,1000
6160,0,94,3000,500,1000,0,0,0,0,0,0,0,0,0,0,-134.25,1,0,0,0,54.25,0,0,0,0,0,0,1000
6161,0,95,3000,500,1000,0,0,0,0,0,0,0,0,0,0,-134.25,1,0,0,0,54.25,0,0,0,0,0,0,1000
6162,0,96,3000,500,1000,0,0,0,0,0,0,0,0,0,0,-134.25,1,0,0,0,54.25,0,0,0,0,0,0,1000
6163,0,97,3000,500,1000,0,0,0,0,0,0,0,0,0,0,-134.25,1,0,0,0,54.25,0,0,0,0,0,0,1000
6164,0,98,3000,500,1000,0,0,0,0,0,0,0,0,0,0,-134.25,1,0,0,0,54.25,0,0,0,0,0,0,1000
6165,0,99,3000,500,1000,0,0,0,0,0,0,0,0,0,0,-134.25,1,0,0,0,54.25,0,0,0,0,0,0,1000
6166,0,100,3000,500,1000,0,0,0,0,0,0,0,0,0,0,-134.25,1,0,0,0,54.25,0,0,0,0,0,0,1000
6167,0,101,3000,500,1000,0,0,0,0,0,0,0,0,0,0,-134.25,1,0,0,0,54.25,0,0,0,0,0,0,1000
6168,0,102,3000,500,1000,0,0,0,0,0,0,0,0,0,0,-134.25,1,0,0,0,54.25,0,0,0,0,0,0,1000
6169,0,103,3000,500,1000,0,0,0,0,0,0,0,0,0,0,-134.25,1,0,0,0,54.25,0,0,0,0,0,0,1000
6170,0,104,3000,500,1000,0,0,0,0,0,0,0,0,0,0,-134.25,1,0,0,0,54.25,0,0,0,0,0,0,1000
6171,0,105,3000,500,1000,0,0,0,0,0,0,0,0,0,0,-134.25,1,0,0,0,54.25,0,0,0,0,0,0,1000
6172,0,106,3000,500,1000,0,0,0,0,0,0,0,0,0,0,-134.25,1,0,0,0,54.25,0,0,0,0,0,0,1000
6173,0,107,3000,500,1000,0,0,0,0,0,0,0,0,0,0,-134.25,1,0,0,0,54.25,0,0,0,0,0,0,1000
6174,0,108,3000,500,1000,0,0,0,0,0,0,0,0,0,0,-134.25,1,0,0,0,54.25,0,0,0,0,0,0,1000
6175,0,109,3000,500,1000,0,0,0,0,0,0,0,0,0,0,-134.25,1,0,0,0,54.25,0,0,0,0,0,0,1000
6176,0,110,3000,500,1000,0,0,0,0,0,0,0,0,0,0,-134.25,1,0,0,0,54.25,0,0,0,0,0,0,1000
6177,0,111,3000,500,1000,0,0,0,0,0,0,0,0,0,0,-134.25,1,0,0,0,54.25,0,0,0,0,0,0,1000
6178,0,112,3000,500,1000,0,0,0,0,0,0,0,0,0,0,-134.25,1,0,0,0,54.25,0,0,0,0,0,0,1000
6179,0,113,3000,500,1000,0,0,0,0,0,0,0,0,0,0,-134.25,1,0,0,0,54.25,0,0,0,0,0,0,1000
6180,0,114,3000,500,1000,0,0,0,0,0,0,0,0,0,0,-134.25,1,0,0,0,54.25,0,0,0,0,0,0,1000
6181,0,115,3000,500,1000,0,0,0,0,0,0,0,0,0,0,-134.25,1,0,0,0,54.25,0,0,0,0,0,0,1000
6182,0,116,3000,500,1000,0,0,0,0,0,0,0,0,0,0,-134.25,1,0,0,0,54.25,0,0,0,0,0,0,1000
6183,0,117,3000,500,1000,0,0,0,0,0,0,0,0,0,0,-134.25,1,0,0,0,54.25,0,0,0,0,0,0,1000
6184,0,118,3000,500,1000,0,0,0,0,0,0,0,0,0,0,-134.25,1,0,0,0,54.25,0,0,0,0,0,0,1000
6185,0,119,3000,500,1000,0,0,0,0,0,0,0,0,0,0,-134.25,1,0,0,0,54.25,0,0,0,0,0,0,1000
6186,0,120,3000,500,1000,0,0,0,0,0,0,0,0,0,0,-134.25,1,0,0,0,54.25,0,0,0,0,0,0,1000
6187,0,121,3000,500,1000,0,0,0,0,0,0,0,0,0,0,-134.25,1,0,0,0,54.25,0,0,0,0,0,0,1000
6188,0,122,3000,500,1000,0,0,0,0,0,0,0,0,0,0,-134.25,1,0,0,0,54.25,0,0,0,0,0,0,1000
6189,0,123,3000,500,1000,0,0,0,0,0,0,0,0,0,0,-134.25,1,0,0,0,54.25,0,0,0,0,0,0,1000
6190,0,124,3000,500,1000,0,0,0,0,0,0,0,0,0,0,-134.25,1,0,0,0,54.25,0,0,0,0,0,0,1000
6191,0,125,3000,500,1000,0,0,0,0,0,0,0,0,0,0,-134.25,1,0,0,0,54.25,0,0,0,0,0,0,1000
6192,0,126,3000,500,1000,0,0,0,0,0,0,0,0,0,0,-134.25,1,0,0,0,54.25,0,0,0,0,0,0,1000
6193,0,127,3000,500,1000,0,0,0,0,0,0,0,0,0,0,-134.25,1,0,0,0,54.25,0,0,0,0,0,0,1000
6194,0,128,3000,500,1000,0,0,0,0,0,0,0,0,0,0,-134.25,1,0,0,0,54.25,0,0,0,0,0,0,1000
6195,0,129,3000,500,1000,0,0,0,0,0,0,0,0,0,0,-134.25,1,0,0,0,54.25,0,0,0,0,0,0,1000
6196,0,130,3000,500,1000,0,0,0,0,0,0,0,0,0,0,-134.25,1,0,0,0,54.25,0,0,0,0,0,0,1000
6197,0,131,3000,500,1000,0,0,0,0,0,0,0,0,0,0,-134.25,1,0,0,0,54.25,0,0,0,0,0,0,1000
6198,0,132,3000,500,1000,0,0,0,0,0,0,0,0,0,0,-134.25,1,0,0,0,54.25,0,0,0,0,0,0,1000
6199,0,133,3000,500,1000,0,0,0,0,0,0,0,0,0,0,-134.25,1,0,0,0,54.25,0,0,0,0,0,0,1000
6200,0,134,3000,500,1000,0,0,0,0,0,0,0,0,0,0,-134.25,1,0,0,0,54.25,0,0,0,0,0,0,1000
6201,0,135,3000,500,1000,0,0,0,0,0,0,0,0,0,0,-134.25,1,0,0,0,54.25,0,0,0,0,0,0,1000
6202,0,136,3000,500,1000,0,0,0,0,0,0,0,0,0,0,-134.25,1,0,0,0,54.25,0,0,0,0,0,0,1000
6203,0,137,3000,500,1000,0,0,0,0,0,0,0,0,0,0,-134.25,1,0,0,0,54.25,0,0,0,0,0,0,1000
6204,0,138,3000,500,1000,0,0,0,0,0,0,0,0,0,0,-134.25,1,0,0,0,54.25,0,0,0,0,0,0,1000
6205,0,139,3000,500,1000,0,0,0,0,0,0,0,0,0,0,-134.25,1,0,0,0,54.25,0,0,0,0,0,0,1000
6206,0,140,3000,500,1000,0,0,0,0,0,0,0,0,0,0,-134.25,1,0,0,0,54.25,0,0,0,0,0,0,1000
6207,0,141,3000,500,1000,0,0,0,0,0,0,0,0,0,0,-134.25,1,0,0,0,54.25,0,0,0,0,0,0,1000
6208,0,142,3000,500,1000,0,0,0,0,0,0,0,0,0,0,-134.25,1,0,0,0,54.25,0,0,0,0,0,0,1000
6209,0,143,3000,500,1000,0,0,0,0,0,0,0,0,0,0,-134.25,1,0,0,0,54.25,0,0,0,0,0,0,1000
6210,0,144,3000,500,1000,0,0,0,0,0,0,0,0,0,0,-134.25,1,0,0,0,54.25,0,0,0,0,0,0,1000
6211,0,145,3000,500,1000,0,0,0,0,0,0,0,0,0,0,-134.25,1,0,0,0,54.25,0,0,0,0,0,0,1000
6212,0,146,3000,500,1000,0,0,0,0,0,0,0,0,0,0,-134.25,1,0,0,0,54.25,0,0,0,0,0,0,1000
6213,0,147,3000,500,1000,0,0,0,0,0,0,0,0,0,0,-134.25,1,0,0,0,54.25,0,0,0,0,0,0,1000
6214,0,148,3000,500,1000,0,0,0,0,0,0,0,0,0,0,-134.25,1,0,0,0,54.25,0,0,0,0,0,0,1000
6215,0,149,3000,500,1000,0,0,0,0,0,0,0,0,0,0,-134.25,1,0,0,0,54.25,0,0,0,0,0,0,1000
6216,0,150,3000,500,1000,0,0,0,0,0,0,0,0,0,0,-134.25,1,0,0,0,54.25,0,0,0,0,0,0,1000
6217,0,151,3000,500,1000,0,0,0,0,0,0,0,0,0,0,-134.25,1,0,0,0,54.25,0,0,0,0,0,0,1000
6218,0,152,3000,500,1000,0,0,0,0,0,0,0,0,0,0,-134.25,1,0,0,0,54.25,0,0,0,0,0,0,1000
6219,0,153,3000,500,1000,0,0,0,0,0,0,0,0,0,0,-134.25,1,0,0,0,54.25,0,0,0,0,0,0,1000
6220,0,154,3000,500,1000,0,0,0,0,0,0,0,0,0,0,-134.25,1,0,0,0,54.25,0,0,0,0,0,0,1000
6221,0,155,3000,500,1000,0,0,0,0,0,0,0,0,0,0,-134.25,1,0,0,0,54.25,0,0,0,0,0,0,1000
6222,0,156,3000,500,1000,0,0,0,0,0,0,0,0,0,0,-134.25,1,0,0,0,54.25,0,0,0,0,0,0,1000
6223,0,157,3000,500,1000,0,0,0,0,0,0,0,0,0,0,-134.25,1,0,0,0,54.25,0,0,0,0,0,0,1000
6224,0,158,3000,500,1000,0,0,0,0,0,0,0,0,0,0,-134.25,1,0,0,0,54.25,0,0,0,0,0,0,1000
6225,0,159,3000,500,1000,0,0,0,0,0,0,0,0,0,0,-134.25,1,0,0,0,54.25,0,0,0,0,0,0,1000
6226,0,160,3000,500,1000,0,0,0,0,0,0,0,0,0,0,-134.25,1,0,0,0,54.25,0,0,0,0,0,0,1000
6227,0,161,3000,500,1000,0,0,0,0,0,0,0,0,0,0,-134.25,1,0,0,0,54.25,0,0,0,0,0,0,1000
6228,0,162,3000,500,1000,0,0,0,0,0,0,0,0,0,0,-134.25,1,0,0,0,54.25,0,0,0,0,0,0,1000
6229,0,163,3000,500,1000,0,0,0,0,0,0,0,0,0,0,-134.25,1,0,0,0,54.25,0,0,0,0,0,0,1000
6230,0,164,3000,500,1000,0,0,0,0,0,0,0,0,0,0,-134.25,1,0,0,0,54.25,0,0,0,0,0,0,1000
6231,0,165,3000,500,1000,0,0,0,0,0,0,0,0,0,0,-134.25,1,0,0,0,54.25,0,0,0,0,0,0,1000
6232,0,166,3000,500,1000,0,0,0,0,0,0,0,0,0,0,-134.25,1,0,0,0,54.25,0,0,0,0,0,0,1000
6233,0,167,3000,500,1000,0,0,0,0,0,0,0,0,0,0,-134.25,1,0,0,0,54.25,0,0,0,0,0,0,1000
6234,0,168,3000,500,1000,0,0,0,0,0,0,0,0,0,0,-134.25,1,0,0,0,54.25,0,0,0,0,0,0,1000
6235,0,169,3000,500,1000,0,0,0,0,0,0,0,0,0,0,-134.25,1,0,0,0,54.25,0,0,0,0,0,0,1000
6236,0,170,3000,500,1000,0,0,0,0,0,0,0,0,0,0,-134.25,1,0,0,0,54.25,0,0,0,0,0,0,1000
6237,0,171,3000,500,1000,0,0,0,0,0,0,0,0,0,0,-134.25,1,0,0,0,54.25,0,0,0,0,0,0,1000
6238,0,172,3000,500,1000,0,0,0,0,0,0,0,0,0,0,-134.25,1,0,0,0,54.25,0,0,0,0,0,0,1000
6239,0,173,3000,500,1000,0,0,0,0,0,0,0,0,0,0,-134.25,1,0,0,0,54.25,0,0,0,0,0,0,1000
6240,0,174,3000,500,1000,0,0,0,0,0,0,0,0,0,0,-134.25,1,0,0,0,54.25,0,0,0,0,0,0,1000
6241,0,175,3000,500,1000,0,0,0,0,0,0,0,0,0,0,-134.25,1,0,0,0,54.25,0,0,0,0,0,0,1000
6242,0,176,3000,500,1000,0,0,0,0,0,0,0,0,0,0,-134.25,1,0,0,0,54.25,0,0,0,0,0,0,1000
6243,0,177,3000,500,1000,0,0,0,0,0,0,0,0,0,0,-134.25,1,0,0,0,54.25,0,0,0,0,0,0,1000
6244,0,178,3000,500,1000,0,0,0,0,0,0,0,0,0,0,-134.25,1,0,0,0,54.25,0,0,0,0,0,0,1000
6245,0,179,3000,500,1000,0,0,0,0,0,0,0,0,0,0,-134.25,1,0,0,0,54.25,0,0,0,0,0,0,1000
6246,0,180,3000,500,1000,0,0,0,0,0,0,0,0,0,0,-134.25,1,0,0,0,54.25,0,0,0,0,0,0,1000
6247,0,181,3000,500,1000,0,0,0,0,0,0,0,0,0,0,-134.25,1,0,0,0,54.25,0,0,0,0,0,0,1000
6248,0,182,3000,500,1000,0,0,0,0,0,0,0,0,0,0,-134.25,1,0,0,0,54.25,0,0,0,0,0,0,1000
6249,0,183,3000,500,1000,0,0,0,0,0,0,0,0,0,0,-134.25,1,0,0,0,54.25,0,0,0,0,0,0,1000
6250,0,184,3000,500,1000,0,0,0,0,0,0,0,0,0,0,-134.25,1,0,0,0,54.25,0,0,0,0,0,0,1000
6251,0,185,3000,500,1000,0,0,0,0,0,0,0,0,0,0,-134.25,1,0,0,0,54.25,0,0,0,0,0,0,1000
6252,0,186,3000,500,1000,0,0,0,0,0,0,0,0,0,0,-134.25,1,0,0,0,54.25,0,0,0,0,0,0,1000
6253,0,187,3000,500,1000,0,0,0,0,0,0,0,0,0,0,-134.25,1,0,0,0,54.25,0,0,0,0,0,0,1000
6254,0,188,3000,500,1000,0,0,0,0,0,0,0,0,0,0,-134.25,1,0,0,0,54.25,0,0,0,0,0,0,1000
6255,0,189,3000,500,1000,0,0,0,0,0,0,0,0,0,0,-134.25,1,0,0,0,54.25,0,0,0,0,0,0,1000
6256,0,190,3000,500,1000,0,0,0,0,0,0,0,0,0,0,-134.25,1,0,0,0,54.25,0,0,0,0,0,0,1000
6257,0,191,3000,500,1000,0,0,0,0,0,0,0,0,0,0,-134.25,1,0,0,0,54.25,0,0,0,0,0,0,1000
6258,0,192,3000,500,1000,0,0,0,0,0,0,0,0,0,0,-134.25,1,0,0,0,54.25,0,0,0,0,0,0,1000
6259,0,193,3000,500,1000,0,0,0,0,0,0,0,0,0,0,-134.25,1,0,0,0,54.25,0,0,0,0,0,0,1000
6260,0,194,3000,500,1000,0,0,0,0,0,0,0,0,0,0,-134.25,1,0,0,0,54.25,0,0,0,0,0,0,1000
6261,0,195,3000,500,1000,0,0,0,0,0,0,0,0,0,0,-134.25,1,0,0,0,54.25,0,0,0,0,0,0,1000
6262,0,196,3000,500,1000,0,0,0,0,0,0,0,0,0,0,-134.25,1,0,0,0,54.25,0,0,0,0,0,0,1000
6263,0,197,3000,500,1000,0,0,0,0,0,0,0,0,0,0,-134.25,1,0,0,0,54.25,0,0,0,0,0,0,1000
6264,0,198,3000,500,1000,0,0,0,0,0,0,0,0,0,0,-134.25,1,0,0,0,54.25,0,0,0,0,0,0,1000
6265,0,199,3000,500,1000,0,0,0,0,0,0,0,0,0,0,-134.25,1,0,0,0,54.25,0,0,0,0,0,0,1000
6266,0,200,3000,500,1000,0,0,0,0,0,0,0,0,0,0,-134.25,1,0,0,0,54.25,0,0,0,0,0,0,1000
6267,0,201,3000,500,1000,0,0,0,0,0,0,0,0,0,0,-134.25,1,0,0,0,54.25,0,0,0,0,0,0,1000
6268,0,202,3000,500,1000,0,0,0,0,0,0,0,0,0,0,-134.25,1,0,0,0,54.25,0,0,0,0,0,0,1000
6269,0,203,3000,500,1000,0,0,0,0,0,0,0,0,0,0,-134.25,1,0,0,0,54.25,0,0,0,0,0,0,1000
6270,0,204,3000,500,1000,0,0,0,0,0,0,0,0,0,0,-134.25,1,0,0,0,54.25,0,0,0,0,0,0,1000
6271,0,205,3000,500,1000,0,0,0,0,0,0,0,0,0,0,-134.25,1,0,0,0,54.25,0,0,0,0,0,0,1000
6272,0,206,3000,500,1000,0,0,0,0,0,0,0,0,0,0,-134.25,1,0,0,0,54.25,0,0,0,0,0,0,1000
6273,0,207,3000,500,1000,0,0,0,0,0,0,0,0,0,0,-134.25,1,0,0,0,54.25,0,0,0,0,0,0,1000
6274,0,208,3000,500,1000,0,0,0,0,0,0,0,0,0,0,-134.25,1,0,0,0,54.25,0,0,0,0,0,0,1000
6275,0,209,3000,500,1000,0,0,0,0,0,0,0,0,0,0,-134.25,1,0,0,0,54.25,0,0,0,0,0,0,1000
6276,0,210,3000,500,1000,0,0,0,0,0,0,0,0,0,0,-134.25,1,0,0,0,54.25,0,0,0,0,0,0,1000
6277,0,211,3000,500,1000,0,0,0,0,0,0,0,0,0,0,-134.25,1,0,0,0,54.25,0,0,0,0,0,0,1000
6278,0,212,3000,500,1000,0,0,0,0,0,0,0,0,0,0,-134.25,1,0,0,0,54.25,0,0,0,0,0,0,1000
6279,0,213,3000,500,1000,0,0,0,0,0,0,0,0,0,0,-134.25,1,0,0,0,54.25,0,0,0,0,0,0,1000
6280,0,214,3000,500,1000,0,0,0,0,0,0,0,0,0,0,-134.25,1,0,0,0,54.25,0,0,0,0,0,0,1000
6281,0,215,3000,500,1000,0,0,0,0,0,0,0,0,0,0,-134.25,1,0,0,0,54.25,0,0,0,0,0,0,1000
6282,0,216,3000,500,1000,0,0,0,0,0,0,0,0,0,0,-134.25,1,0,0,0,54.25,0,0,0,0,0,0,1000
6283,0,217,3000,500,1000,0,0,0,0,0,0,0,0,0,0,-134.25,1,0,0,0,54.25,0,0,0,0,0,0,1000
6284,0,218,3000,500,1000,0,0,0,0,0,0,0,0,0,0,-134.25,1,0,0,0,54.25,0,0,0,0,0,0,1000
6285,0,219,3000,500,1000,0,0,0,0,0,0,0,0,0,0,-134.25,1,0,0,0,54.25,0,0,0,0,0,0,1000
6286,0,220,3000,500,1000,0,0,0,0,0,0,0,0,0,0,-134.25,1,0,0,0,54.25,0,0,0,0,0,0,1000
6287,0,221,3000,500,1000,0,0,0,0,0,0,0,0,0,0,-134.25,1,0,0,0,54.25,0,0,0,0,0,0,1000
6288,0,222,3000,500,1000,0,0,0,0,0,0,0,0,0,0,-134.25,1,0,0,0,54.25,0,0,0,0,0,0,1000
6289,0,223,3000,500,1000,0,0,0,0,0,0,0,0,0,0,-134.25,1,0,0,0,54.25,0,0,0,0,0,0,1000
6290,0,224,3000,500,1000,0,0,0,0,0,0,0,0,0,0,-134.25,1,0,0,0,54.25,0,0,0,0,0,0,1000
6291,0,225,3000,500,1000,0,0,0,0,0,0,0,0,0,0,-134.25,1,0,0,0,54.25,0,0,0,0,0,0,1000
6292,0,226,3000,500,1000,0,0,0,0,0,0,0,0,0,0,-134.25,1,0,0,0,54.25,0,0,0,0,0,0,1000
6293,0,227,3000,500,1000,0,0,0,0,0,0,0,0,0,0,-134.25,1,0,0,0,54.25,0,0,0,0,0,0,1000
6294,0,228,3000,500,1000,0,0,0,0,0,0,0,0,0,0,-134.25,1,0,0,0,54.25,0,0,0,0,0,0,1000
6295,0,229,3000,500,1000,0,0,0,0,0,0,0,0,0,0,-134.25,1,0,0,0,54.25,0,0,0,0,0,0,1000
6296,0,230,3000,500,1000,0,0,0,0,0,0,0,0,0,0,-134.25,1,0,0,0,54.25,0,0,0,0,0,0,1000
6297,0,231,3000,500,1000,0,0,0,0,0,0,0,0,0,0,-134.25,1,0,0,0,54.25,0,0,0,0,0,0,1000
6298,0,232,3000,500,1000,0,0,0,0,0,0,0,0,0,0,-134.25,1,0,0,0,54.25,0,0,0,0,0,0,1000
6299,0,233,3000,500,1000,0,0,0,0,0,0,0,0,0,0,-134.25,1,0,0,0,54.25,0,0,0,0,0,0,1000
6300,0,234,3000,500,1000,0,0,0,0,0,0,0,0,0,0,-134.25,1,0,0,0,54.25,0,0,0,0,0,0,1000
6301,0,235,3000,500,1000,0,0,0,0,0,0,0,0,0,0,-134.25,1,0,0,0,54.25,0,0,0,0,0,0,1000
6302,0,236,3000,500,1000,0,0,0,0,0,0,0,0,0,0,-134.25,1,0,0,0,54.25,0,0,0,0,0,0,1000
6303,0,237,3000,500,1000,0,0,0,0,0,0,0,0,0,0,-134.25,1,0,0,0,54.25,0,0,0,0,0,0,1000
6304,0,238,3000,500,1000,0,0,0,0,0,0,0,0,0,0,-134.25,1,0,0,0,54.25,0,0,0,0,0,0,1000
6305,0,239,3000,500,1000,0,0,0,0,0,0,0,0,0,0,-134.25,1,0,0,0,54.25,0,0,0,0,0,0,1000
6306,0,240,3000,500,1000,0,0,0,0,0,0,0,0,0,0,-134.25,1,0,0,0,54.25,0,0,0,0,0,0,1000
6307,0,241,3000,500,1000,0,0,0,0,0,0,0,0,0,0,-134.25,1,0,0,0,54.25,0,0,0,0,0,0,1000
6308,0,242,3000,500,1000,0,0,0,0,0,0,0,0,0,0,-134.25,1,0,0,0,54.25,0,0,0,0,0,0,1000
6309,0,243,3000,500,1000,0,0,0,0,0,0,0,0,0,0,-134.25,1,0,0,0,54.25,0,0,0,0,0,0,1000
6310,0,1,3000,500,1000,0,0,0,0,0,0,0,0,0,0,-145,1,0,0,0,54.25,0,0,0,0,0,0,1000
6311,0,2,3000,500,1000,0,0,0,0,0,0,0,0,0,0,-299,1,0,0,0,54.25,0,0,0,0,0,0,1000
6312,0,3,3000,500,1000,0,0,0,0,0,0,0,0,0,0,-298.75,1,0,0,0,54,0,0,0,0,0,0,1000
6313,0,4,3000,500,1000,0,0,0,0,0,0,0,0,0,0,-298.5,1,0,0,0,53.75,0,0,0,0,0,0,1000
6314,0,5,3000,500,1000,0,0,0,0,0,0,0,0,0,0,-298.25,1,0,0,0,53.5,0,0,0,0,0,0,1000
6315,0,6,3000,500,1000,0,0,0,0,0,0,0,0,0,0,-298,1,0,0,0,53.25,0,0,0,0,0,0,1000
6316,0,7,3000,500,1000,0,0,0,0,0,0,0,0,0,0,-297.75,1,0,0,0,53,0,0,0,0,0,0,1000
6317,0,8,3000,500,1000,0,0,0,0,0,0,0,0,0,0,-297.5,1,0,0,0,52.75,0,0,0,0,0,0,1000
6318,0,9,3000,500,1000,0,0,0,0,0,0,0,0,0,0,-297.25,1,0,0,0,52.5,0,0,0,0,0,0,1000
6319,0,10,3000,500,1000,0,0,0,0,0,0,0,0,0,0,-297,1,0,0,0,52.25,0,0,0,0,0,0,1000
6320,0,11,3000,500,1000,0,0,0,0,0,0,0,0,0,0,-296.75,1,0,0,0,52,0,0,0,0,0,0,1000
6321,0,12,3000,500,1000,0,0,0,0,0,0,0,0,0,0,-296.5,1,0,0,0,51.75,0,0,0,0,0,0,1000
6322,0,13,3000,500,1000,0,0,0,0,0,0,0,0,0,0,-296.25,1,0,0,0,51.5,0,0,0,0,0,0,1000
6323,0,14,3000,500,1000,0,0,0,0,0,0,0,0,0,0,-296,1,0,0,0,51.25,0,0,0,0,0,0,1000
6324,0,15,3000,500,1000,0,0,0,0,0,0,0,0,0,0,-295.75,1,0,0,0,51,0,0,0,0,0,0,1000
6325,0,16,3000,500,1000,0,0,0,0,0,0,0,0,0,0,-295.5,1,0,0,0,50.75,0,0,0,0,0,0,1000
6326,0,17,3000,500,1000,0,0,0,0,0,0,0,0,0,0,-295.25,1,0,0,0,50.5,0,0,0,0,0,0,1000
6327,0,18,3000,500,1000,0,0,0,0,0,0,0,0,0,0,-295,1,0,0,0,50.25,0,0,0,0,0,0,1000
6328,0,19,3000,500,1000,0,0,0,0,0,0,0,0,0,0,-294.75,1,0,0,0,50,0,0,0,0,0,0,1000
6329,0,20,3000,500,1000,0,0,0,0,0,0,0,0,0,0,-294.5,1,0,0,0,49.75,0,0,0,0,0,0,1000
6330,0,21,3000,500,1000,0,0,0,0,0,0,0,0,0,0,-294.25,1,0,0,0,49.5,0,0,0,0,0,0,1000
6331,0,22,3000,500,1000,0,0,0,0,0,0,0,0,0,0,-294,1,0,0,0,49.25,0,0,0,0,0,0,1000
6332,0,23,3000,500,1000,0,0,0,0,0,0,0,0,0,0,-293.75,1,0,0,0,49,0,0,0,0,0,0,1000
6333,0,24,3000,500,1000,0,0,0,0,0,0,0,0,0,0,-293.5,1,0,0,0,48.75,0,0,0,0,0,0,1000
6334,0,25,3000,500,1000,0,0,0,0,0,0,0,0,0,0,-293.25,1,0,0,0,48.5,0,0,0,0,0,0,1000
6335,0,26,3000,500,1000,0,0,0,0,0,0,0,0,0,0,-293,1,0,0,0,48.25,0,0,0,0,0,0,1000
6336,0,27,3000,500,1000,0,0,0,0,0,0,0,0,0,0,-292.75,1,0,0,0,48,0,0,0,0,0,0,1000
6337,0,28,3000,500,1000,0,0,0,0,0,0,0,0,0,0,-292.5,1,0,0,0,47.75,0,0,0,0,0,0,1000
6338,0,29,3000,500,1000,0,0,0,0,0,0,0,0,0,0,-292.25,1,0,0,0,47.5,0,0,0,0,0,0,1000
6339,0,30,3000,500,1000,0,0,0,0,0,0,0,0,0,0,-292,1,0,0,0,47.25,0,0,0,0,0,0,1000
6340,0,31,3000,500,1000,0,0,0,0,0,0,0,0,0,0,-291.75,1,0,0,0,47,0,0,0,0,0,0,1000
6341,0,32,3000,500,1000,0,0,0,0,0,0,0,0,0,0,-291.5,1,0,0,0,46.75,0,0,0,0,0,0,1000
6342,0,33,3000,500,1000,0,0,0,0,0,0,0,0,0,0,-291.25,1,0,0,0,46.5,0,0,0,0,0,0,1000
6343,0,34,3000,500,1000,0,0,0,0,0,0,0,0,0,0,-291,1,0,0,0,46.25,0,0,0,0,0,0,1000
6344,0,35,3000,500,1000,0,0,0,0,0,0,0,0,0,0,-290.75,1,0,0,0,46,0,0,0,0,0,0,1000
6345,0,36,3000,500,1000,0,0,0,0,0,0,0,0,0,0,-290.5,1,0,0,0,45.75,0,0,0,0,0,0,1000
6346,0,37,3000,500,1000,0,0,0,0,0,0,0,0,0,0,-290.25,1,0,0,0,45.5,0,0,0,0,0,0,1000
6347,0,38,3000,500,1000,0,0,0,0,0,0,0,0,0,0,-290,1,0,0,0,45.25,0,0,0,0,0,0,1000
6348,0,39,3000,500,1000,0,0,0,0,0,0,0,0,0,0,-289.75,1,0,0,0,45,0,0,0,0,0,0,1000
6349,0,40,3000,500,1000,0,0,0,0,0,0,0,0,0,0,-289.5,1,0,0,0,44.75,0,0,0,0,0,0,1000
6350,0,41,3000,500,1000,0,0,0,0,0,0,0,0,0,0,-289.25,1,0,0,0,44.5,0,0,0,0,0,0,1000
6351,0,42,3000,500,1000,0,0,0,0,0,0,0,0,0,0,-289,1,0,0,0,44.25,0,0,0,0,0,0,1000
6352,0,43,3000,500,1000,0,0,0,0,0,0,0,0,0,0,-288.75,1,0,0,0,44,0,0,0,0,0,0,1000
6353,0,44,3000,500,1000,0,0,0,0,0,0,0,0,0,0,-288.5,1,0,0,0,43.75,0,0,0,0,0,0,1000
6354,0,45,3000,500,1000,0,0,0,0,0,0,0,0,0,0,-288.25,1,0,0,0,43.5,0,0,0,0,0,0,1000
6355,0,46,3000,500,1000,0,0,0,0,0,0,0,0,0,0,-288,1,0,0,0,43.25,0,0,0,0,0,0,1000
6356,0,47,3000,500,1000,0,0,0,0,0,0,0,0,0,0,-287.75,1,0,0,0,43,0,0,0,0,0,0,1000
6357,0,48,3000,500,1000,0,0,0,0,0,0,0,0,0,0,-287.5,1,0,0,0,42.75,0,0,0,0,0,0,1000
6358,0,49,3000,500,1000,0,0,0,0,0,0,0,0,0,0,-287.25,1,0,0,0,42.5,0,0,0,0,0,0,1000
6359,0,50,3000,500,1000,0,0,0,0,0,0,0,0,0,0,-287,1,0,0,0,42.25,0,0,0,0,0,0,1000
6360,0,51,3000,500,1000,0,0,0,0,0,0,0,0,0,0,-286.75,1,0,0,0,42,0,0,0,0,0,0,1000
6361,0,52,3000,500,1000,0,0,0,0,0,0,0,0,0,0,-286.5,1,0,0,0,41.75,0,0,0,0,0,0,1000
6362,0,53,3000,500,1000,0,0,0,0,0,0,0,0,0,0,-286.25,1,0,0,0,41.5,0,0,0,0,0,0,1000
6363,0,54,3000,500,1000,0,0,0,0,0,0,0,0,0,0,-286,1,0,0,0,41.25,0,0,0,0,0,0,1000
6364,0,55,3000,500,1000,0,0,0,0,0,0,0,0,0,0,-285.75,1,0,0,0,41,0,0,0,0,0,0,1000
6365,0,56,3000,500,1000,0,0,0,0,0,0,0,0,0,0,-285.5,1,0,0,0,40.75,0,0,0,0,0,0,1000
6366,0,57,3000,500,1000,0,0,0,0,0,0,0,0,0,0,-285.25,1,0,0,0,40.5,0,0,0,0,0,0,1000
6367,0,58,3000,500,1000,0,0,0,0,0,0,0,0,0,0,-285,1,0,0,0,40.25,0,0,0,0,0,0,1000
6368,0,59,3000,500,1000,0,0,0,0,0,0,0,0,0,0,-284.75,1,0,0,0,40,0,0,0,0,0,0,1000
6369,0,60,3000,500,1000,0,0,0,0,0,0,0,0,0,0,-284.5,1,0,0,0,39.75,0,0,0,0,0,0,1000
6370,0,61,3000,500,1000,0,0,0,0,0,0,0,0,0,0,-284.25,1,0,0,0,39.5,0,0,0,0,0,0,1000
6371,0,62,3000,500,1000,0,0,0,0,0,0,0,0,0,0,-284,1,0,0,0,39.25,0,0,0,0,0,0,1000
6372,0,63,3000,500,1000,0,0,0,0,0,0,0,0,0,0,-283.75,1,0,0,0,39,0,0,0,0,0,0,1000
6373,0,64,3000,500,1000,0,0,0,0,0,0,0,0,0,0,-283.5,1,0,0,0,38.75,0,0,0,0,0,0,1000
6374,0,65,3000,500,1000,0,0,0,0,0,0,0,0,0,0,-283.25,1,0,0,0,38.5,0,0,0,0,0,0,1000
6375,0,66,3000,500,1000,0,0,0,0,0,0,0,0,0,0,-283,1,0,0,0,38.25,0,0,0,0,0,0,1000
6376,0,67,3000,500,1000,0,0,0,0,0,0,0,0,0,0,-282.75,1,0,0,0,38,0,0,0,0,0,0,1000
6377,0,68,3000,500,1000,0,0,0,0,0,0,0,0,0,0,-282.5,1,0,0,0,37.75,0,0,0,0,0,0,1000
6378,0,69,3000,500,1000,0,0,0,0,0,0,0,0,0,0,-282.25,1,0,0,0,37.5,0,0,0,0,0,0,1000
6379,0,70,3000,500,1000,0,0,0,0,0,0,0,0,0,0,-282,1,0,0,0,37.25,0,0,0,0,0,0,1000
6380,0,71,3000,500,1000,0,0,0,0,0,0,0,0,0,0,-281.75,1,0,0,0,37,0,0,0,0,0,0,1000
6381,0,72,3000,500,1000,0,0,0,0,0,0,0,0,0,0,-281.5,1,0,0,0,36.75,0,0,0,0,0,0,1000
6382,0,73,3000,500,1000,0,0,0,0,0,0,0,0,0,0,-281.25,1,0,0,0,36.5,0,0,0,0,0,0,1000
6383,0,74,3000,500,1000,0,0,0,0,0,0,0,0,0,0,-281,1,0,0,0,36.25,0,0,0,0,0,0,1000
6384,0,75,3000,500,1000,0,0,0,0,0,0,0,0,0,0,-280.75,1,0,0,0,36,0,0,0,0,0,0,1000
6385,0,76,3000,500,1000,0,0,0,0,0,0,0,0,0,0,-280.5,1,0,0,0,35.75,0,0,0,0,0,0,1000
6386,0,77,3000,500,1000,0,0,0,0,0,0,0,0,0,0,-280.25,1,0,0,0,35.5,0,0,0,0,0,0,1000
6387,0,78,3000,500,1000,0,0,0,0,0,0,0,0,0,0,-280,1,0,0,0,35.25,0,0,0,0,0,0,1000
6388,0,79,3000,500,1000,0,0,0,0,0,0,0,0,0,0,-279.75,1,0,0,0,35,0,0,0,0,0,0,1000
6389,0,80,3000,500,1000,0,0,0,0,0,0,0,0,0,0,-279.5,1,0,0,0,34.75,0,0,0,0,0,0,1000
6390,0,81,3000,500,1000,0,0,0,0,0,0,0,0,0,0,-279.25,1,0,0,0,34.5,0,0,0,0,0,0,1000
6391,0,82,3000,500,1000,0,0,0,0,0,0,0,0,0,0,-279,1,0,0,0,34.25,0,0,0,0,0,0,1000
6392,0,83,3000,500,1000,0,0,0,0,0,0,0,0,0,0,-278.75,1,0,0,0,34,0,0,0,0,0,0,1000
6393,0,84,3000,500,1000,0,0,0,0,0,0,0,0,0,0,-278.5,1,0,0,0,33.75,0,0,0,0,0,0,1000
6394,0,85,3000,500,1000,0,0,0,0,0,0,0,0,0,0,-278.25,1,0,0,0,33.5,0,0,0,0,0,0,1000
6395,0,86,3000,500,1000,0,0,0,0,0,0,0,0,0,0,-278,1,0,0,0,33.25,0,0,0,0,0,0,1000
6396,0,87,3000,500,1000,0,0,0,0,0,0,0,0,0,0,-277.75,1,0,0,0,33,0,0,0,0,0,0,1000
6397,0,88,3000,500,1000,0,0,0,0,0,0,0,0,0,0,-277.5,1,0,0,0,32.75,0,0,0,0,0,0,1000
6398,0,89,3000,500,1000,0,0,0,0,0,0,0,0,0,0,-277.25,1,0,0,0,32.5,0,0,0,0,0,0,1000
6399,0,90,3000,500,1000,0,0,0,0,0,0,0,0,0,0,-277,1,0,0,0,32.25,0,0,0,0,0,0,1000
6400,0,91,3000,500,1000,0,0,0,0,0,0,0,0,0,0,-276.75,1,0,0,0,32,0,0,0,0,0,0,1000
6401,0,92,3000,500,1000,0,0,0,0,0,0,0,0,0,0,-276.5,1,0,0,0,31.75,0,0,0,0,0,0,1000
6402,0,93,3000,500,1000,0,0,0,0,0,0,0,0,0,0,-276.25,1,0,0,0,31.5,0,0,0,0,0,0,1000
6403,0,94,3000,500,1000,0,0,0,0,0,0,0,0,0,0,-276,1,0,0,0,31.25,0,0,0,0,0,0,1000
6404,0,95,3000,500,1000,0,0,0,0,0,0,0,0,0,0,-275.75,1,0,0,0,31,0,0,0,0,0,0,1000
6405,0,96,3000,500,1000,0,0,0,0,0,0,0,0,0,0,-275.5,1,0,0,0,30.75,0,0,0,0,0,0,1000
6406,0,97,3000,500,1000,0,0,0,0,0,0,0,0,0,0,-275.25,1,0,0,0,30.5,0,0,0,0,0,0,1000
6407,0,98,3000,500,1000,0,0,0,0,0,0,0,0,0,0,-275,1,0,0,0,30.25,0,0,0,0,0,0,1000
6408,0,99,3000,500,1000,0,0,0,0,0,0,0,0,0,0,-274.75,1,0,0,0,30,0,0,0,0,0,0,1000
6409,0,100,3000,500,1000,0,0,0,0,0,0,0,0,0,0,-274.5,1,0,0,0,29.75,0,0,0,0,0,0,1000
6410,0,101,3000,500,1000,0,0,0,0,0,0,0,0,0,0,-274.25,1,0,0,0,29.5,0,0,0,0,0,0,1000
6411,0,102,3000,500,1000,0,0,0,0,0,0,0,0,0,0,-274,1,0,0,0,29.25,0,0,0,0,0,0,1000
6412,0,103,3000,500,1000,0,0,0,0,0,0,0,0,0,0,-273.75,1,0,0,0,29,0,0,0,0,0,0,1000
6413,0,104,3000,500,1000,0,0,0,0,0,0,0,0,0,0,-273.5,1,0,0,0,28.75,0,0,0,0,0,0,1000
6414,0,105,3000,500,1000,0,0,0,0,0,0,0,0,0,0,-273.25,1,0,0,0,28.5,0,0,0,0,0,0,1000
6415,0,106,3000,500,1000,0,0,0,0,0,0,0,0,0,0,-273,1,0,0,0,28.25,0,0,0,0,0,0,1000
6416,0,107,3000,500,1000,0,0,0,0,0,0,0,0,0,0,-272.75,1,0,0,0,28,0,0,0,0,0,0,1000
6417,0,108,3000,500,1000,0,0,0,0,0,0,0,0,0,0,-272.5,1,0,0,0,27.75,0,0,0,0,0,0,1000
6418,0,109,3000,500,1000,0,0,0,0,0,0,0,0,0,0,-272.25,1,0,0,0,27.5,0,0,0,0,0,0,1000
6419,0,110,3000,500,1000,0,0,0,0,0,0,0,0,0,0,-272,1,0,0,0,27.25,0,0,0,0,0,0,1000
6420,0,111,3000,500,1000,0,0,0,0,0,0,0,0,0,0,-271.75,1,0,0,0,27,0,0,0,0,0,0,1000
6421,0,112,3000,500,1000,0,0,0,0,0,0,0,0,0,0,-271.5,1,0,0,0,26.75,0,0,0,0,0,0,1000
6422,0,113,3000,500,1000,0,0,0,0,0,0,0,0,0,0,-271.25,1,0,0,0,26.5,0,0,0,0,0,0,1000
6423,0,114,3000,500,1000,0,0,0,0,0,0,0,0,0,0,-271,1,0,0,0,26.25,0,0,0,0,0,0,1000
6424,0,115,3000,500,1000,0,0,0,0,0,0,0,0,0,0,-270.75,1,0,0,0,26,0,0,0,0,0,0,1000
6425,0,116,3000,500,1000,0,0,0,0,0,0,0,0,0,0,-270.5,1,0,0,0,25.75,0,0,0,0,0,0,1000
6426,0,117,3000,500,1000,0,0,0,0,0,0,0,0,0,0,-270.25,1,0,0,0,25.5,0,0,0,0,0,0,1000
6427,0,118,3000,500,1000,0,0,0,0,0,0,0,0,0,0,-270,1,0,0,0,25.25,0,0,0,0,0,0,1000
6428,0,119,3000,500,1000,0,0,0,0,0,0,0,0,0,0,-269.75,1,0,0,0,25,0,0,0,0,0,0,1000
6429,0,120,3000,500,1000,0,0,0,0,0,0,0,0,0,0,-269.5,1,0,0,0,24.75,0,0,0,0,0,0,1000
6430,0,121,3000,500,1000,0,0,0,0,0,0,0,0,0,0,-269.25,1,0,0,0,24.5,0,0,0,0,0,0,1000
6431,0,122,3000,500,1000,0,0,0,0,0,0,0,0,0,0,-269,1,0,0,0,24.25,0,0,0,0,0,0,1000
6432,0,123,3000,500,1000,0,0,0,0,0,0,0,0,0,0,-268.75,1,0,0,0,24,0,0,0,0,0,0,1000
6433,0,124,3000,500,1000,0,0,0,0,0,0,0,0,0,0,-268.5,1,0,0,0,23.75,0,0,0,0,0,0,1000
6434,0,125,3000,500,1000,0,0,0,0,0,0,0,0,0,0,-268.25,1,0,0,0,23.5,0,0,0,0,0,0,1000
6435,0,126,3000,500,1000,0,0,0,0,0,0,0,0,0,0,-268,1,0,0,0,23.25,0,0,0,0,0,0,1000
6436,0,127,3000,500,1000,0,0,0,0,0,0,0,0,0,0,-267.75,1,0,0,0,23,0,0,0,0,0,0,1000
6437,0,128,3000,500,1000,0,0,0,0,0,0,0,0,0,0,-267.5,1,0,0,0,22.75,0,0,0,0,0,0,1000
6438,0,129,3000,500,1000,0,0,0,0,0,0,0,0,0,0,-267.25,1,0,0,0,22.5,0,0,0,0,0,0,1000
6439,0,130,3000,500,1000,0,0,0,0,0,0,0,0,0,0,-267,1,0,0,0,22.25,0,0,0,0,0,0,1000
6440,0,131,3000,500,1000,0,0,0,0,0,0,0,0,0,0,-266.75,1,0,0,0,22,0,0,0,0,0,0,1000
6441,0,132,3000,500,1000,0,0,0,0,0,0,0,0,0,0,-266.5,1,0,0,0,21.75,0,0,0,0,0,0,1000
6442,0,133,3000,500,1000,0,0,0,0,0,0,0,0,0,0,-266.25,1,0,0,0,21.5,0,0,0,0,0,0,1000
6443,0,134,3000,500,1000,0,0,0,0,0,0,0,0,0,0,-266,1,0,0,0,21.25,0,0,0,0,0,0,1000
6444,0,135,3000,500,1000,0,0,0,0,0,0,0,0,0,0,-265.75,1,0,0,0,21,0,0,0,0,0,0,1000
6445,0,136,3000,500,1000,0,0,0,0,0,0,0,0,0,0,-265.5,1,0,0,0,20.75,0,0,0,0,0,0,1000
6446,0,137,3000,500,1000,0,0,0,0,0,0,0,0,0,0,-265.25,1,0,0,0,20.5,0,0,0,0,0,0,1000
6447,0,138,3000,500,1000,0,0,0,0,0,0,0,0,0,0,-265,1,0,0,0,20.25,0,0,0,0,0,0,1000
6448,0,139,3000,500,1000,0,0,0,0,0,0,0,0,0,0,-264.75,1,0,0,0,20,0,0,0,0,0,0,1000
6449,0,140,3000,500,1000,0,0,0,0,0,0,0,0,0,0,-264.5,1,0,0,0,19.75,0,0,0,0,0,0,1000
6450,0,141,3000,500,1000,0,0,0,0,0,0,0,0,0,0,-264.25,1,0,0,0,19.5,0,0,0,0,0,0,1000
6451,0,142,3000,500,1000,0,0,0,0,0,0,0,0,0,0,-264,1,0,0,0,19.25,0,0,0,0,0,0,1000
6452,0,143,3000,500,1000,0,0,0,0,0,0,0,0,0,0,-263.75,1,0,0,0,19,0,0,0,0,0,0,1000
6453,0,144,3000,500,1000,0,0,0,0,0,0,0,0,0,0,-263.5,1,0,0,0,18.75,0,0,0,0,0,0,1000
6454,0,145,3000,500,1000,0,0,0,0,0,0,0,0,0,0,-263.25,1,0,0,0,18.5,0,0,0,0,0,0,1000
6455,0,146,3000,500,1000,0,0,0,0,0,0,0,0,0,0,-263,1,0,0,0,18.25,0,0,0,0,0,0,1000
6456,0,147,3000,500,1000,0,0,0,0,0,0,0,0,0,0,-262.75,1,0,0,0,18,0,0,0,0,0,0,1000
6457,0,148,3000,500,1000,0,0,0,0,0,0,0,0,0,0,-262.5,1,0,0,0,17.75,0,0,0,0,0,0,1000
6458,0,149,3000,500,1000,0,0,0,0,0,0,0,0,0,0,-262.25,1,0,0,0,17.5,0,0,0,0,0,0,1000
6459,0,150,3000,500,1000,0,0,0,0,0,0,0,0,0,0,-262,1,0,0,0,17.25,0,0,0,0,0,0,1000
6460,0,151,3000,500,1000,0,0,0,0,0,0,0,0,0,0,-261.75,1,0,0,0,17,0,0,0,0,0,0,1000
6461,0,152,3000,500,1000,0,0,0,0,0,0,0,0,0,0,-261.5,1,0,0,0,16.75,0,0,0,0,0,0,1000
6462,0,153,3000,500,1000,0,0,0,0,0,0,0,0,0,0,-261.25,1,0,0,0,16.5,0,0,0,0,0,0,1000
6463,0,154,3000,500,1000,0,0,0,0,0,0,0,0,0,0,-261,1,0,0,0,16.25,0,0,0,0,0,0,1000
6464,0,155,3000,500,1000,0,0,0,0,0,0,0,0,0,0,-260.75,1,0,0,0,16,0,0,0,0,0,0,1000
6465,0,156,3000,500,1000,0,0,0,0,0,0,0,0,0,0,-260.5,1,0,0,0,15.75,0,0,0,0,0,0,1000
6466,0,157,3000,500,1000,0,0,0,0,0,0,0,0,0,0,-260.25,1,0,0,0,15.5,0,0,0,0,0,0,1000
6467,0,158,3000,500,1000,0,0,0,0,0,0,0,0,0,0,-260,1,0,0,0,15.25,0,0,0,0,0,0,1000
6468,0,159,3000,500,1000,0,0,0,0,0,0,0,0,0,0,-259.75,1,0,0,0,15,0,0,0,0,0,0,1000
6469,0,160,3000,500,1000,0,0,0,0,0,0,0,0,0,0,-259.5,1,0,0,0,14.75,0,0,0,0,0,0,1000
6470,0,161,3000,500,1000,0,0,0,0,0,0,0,0,0,0,-259.25,1,0,0,0,14.5,0,0,0,0,0,0,1000
6471,0,162,3000,500,1000,0,0,0,0,0,0,0,0,0,0,-259,1,0,0,0,14.25,0,0,0,0,0,0,1000
6472,0,163,3000,500,1000,0,0,0,0,0,0,0,0,0,0,-258.75,1,0,0,0,14,0,0,0,0,0,0,1000
6473,0,164,3000,500,1000,0,0,0,0,0,0,0,0,0,0,-258.5,1,0,0,0,13.75,0,0,0,0,0,0,1000
6474,0,165,3000,500,1000,0,0,0,0,0,0,0,0,0,0,-258.25,1,0,0,0,13.5,0,0,0,0,0,0,1000
6475,0,166,3000,500,1000,0,0,0,0,0,0,0,0,0,0,-258,1,0,0,0,13.25,0,0,0,0,0,0,1000
6476,0,167,3000,500,1000,0,0,0,0,0,0,0,0,0,0,-257.75,1,0,0,0,13,0,0,0,0,0,0,1000
6477,0,168,3000,500,1000,0,0,0,0,0,0,0,0,0,0,-257.5,1,0,0,0,12.75,0,0,0,0,0,0,1000
6478,0,169,3000,500,1000,0,0,0,0,0,0,0,0,0,0,-257.25,1,0,0,0,12.5,0,0,0,0,0,0,1000
6479,0,170,3000,500,1000,0,0,0,0,0,0,0,0,0,0,-257,1,0,0,0,12.25,0,0,0,0,0,0,1000
6480,0,171,3000,500,1000,0,0,0,0,0,0,0,0,0,0,-256.75,1,0,0,0,12,0,0,0,0,0,0,1000
6481,0,172,3000,500,1000,0,0,0,0,0,0,0,0,0,0,-256.5,1,0,0,0,11.75,0,0,0,0,0,0,1000
6482,0,173,3000,500,1000,0,0,0,0,0,0,0,0,0,0,-256.25,1,0,0,0,11.5,0,0,0,0,0,0,1000
6483,0,174,3000,500,1000,0,0,0,0,0,0,0,0,0,0,-256,1,0,0,0,11.25,0,0,0,0,0,0,1000
6484,0,175,3000,500,1000,0,0,0,0,0,0,0,0,0,0,-255.75,1,0,0,0,11,0,0,0,0,0,0,1000
6485,0,176,3000,500,1000,0,0,0,0,0,0,0,0,0,0,-255.5,1,0,0,0,10.75,0,0,0,0,0,0,1000
6486,0,177,3000,500,1000,0,0,0,0,0,0,0,0,0,0,-255.25,1,0,0,0,10.5,0,0,0,0,0,0,1000
6487,0,178,3000,500,1000,0,0,0,0,0,0,0,0,0,0,-255,1,0,0,0,10.25,0,0,0,0,0,0,1000
6488,0,179,3000,500,1000,0,0,0,0,0,0,0,0,0,0,-254.75,1,0,0,0,10,0,0,0,0,0,0,1000
6489,0,180,3000,500,1000,0,0,0,0,0,0,0,0,0,0,-254.5,1,0,0,0,9.75,0,0,0,0,0,0,1000
6490,0,181,3000,500,1000,0,0,0,0,0,0,0,0,0,0,-254.25,1,0,0,0,9.5,0,0,0,0,0,0,1000
6491,0,182,3000,500,1000,0,0,0,0,0,0,0,0,0,0,-254,1,0,0,0,9.25,0,0,0,0,0,0,1000
6492,0,183,3000,500,1000,0,0,0,0,0,0,0,0,0,0,-253.75,1,0,0,0,9,0,0,0,0,0,0,1000
6493,0,184,3000,500,1000,0,0,0,0,0,0,0,0,0,0,-253.5,1,0,0,0,8.75,0,0,0,0,0,0,1000
6494,0,185,3000,500,1000,0,0,0,0,0,0,0,0,0,0,-253.25,1,0,0,0,8.5,0,0,0,0,0,0,1000
6495,0,186,3000,500,1000,0,0,0,0,0,0,0,0,0,0,-253,1,0,0,0,8.25,0,0,0,0,0,0,1000
6496,0,187,3000,500,1000,0,0,0,0,0,0,0,0,0,0,-252.75,1,0,0,0,8,0,0,0,0,0,0,1000
6497,0,188,3000,500,1000,0,0,0,0,0,0,0,0,0,0,-252.5,1,0,0,0,7.75,0,0,0,0,0,0,1000
6498,0,189,3000,500,1000,0,0,0,0,0,0,0,0,0,0,-252.25,1,0,0,0,7.5,0,0,0,0,0,0,1000
6499,0,190,3000,500,1000,0,0,0,0,0,0,0,0,0,0,-252,1,0,0,0,7.25,0,0,0,0,0,0,1000
6500,0,191,3000,500,1000,0,0,0,0,0,0,0,0,0,0,-251.75,1,0,0,0,7,0,0,0,0,0,0,1000
6501,0,192,3000,500,1000,0,0,0,0,0,0,0,0,0,0,-251.5,1,0,0,0,6.75,0,0,0,0,0,0,1000
6502,0,193,3000,500,1000,0,0,0,0,0,0,0,0,0,0,-251.25,1,0,0,0,6.5,0,0,0,0,0,0,1000
6503,0,194,3000,500,1000,0,0,0,0,0,0,0,0,0,0,-251,1,0,0,0,6.25,0,0,0,0,0,0,1000
6504,0,195,3000,500,1000,0,0,0,0,0,0,0,0,0,0,-250.75,1,0,0,0,6,0,0,0,0,0,0,1000
6505,0,196,3000,500,1000,0,0,0,0,0,0,0,0,0,0,-250.5,1,0,0,0,5.75,0,0,0,0,0,0,1000
6506,0,197,3000,500,1000,0,0,0,0,0,0,0,0,0,0,-250.25,1,0,0,0,5.5,0,0,0,0,0,0,1000
6507,0,198,3000,500,1000,0,0,0,0,0,0,0,0,0,0,-250,1,0,0,0,5.25,0,0,0,0,0,0,1000
6508,0,199,3000,500,1000,0,0,0,0,0,0,0,0,0,0,-249.75,1,0,0,0,5,0,0,0,0,0,0,1000
6509,0,200,3000,500,1000,0,0,0,0,0,0,0,0,0,0,-249.5,1,0,0,0,4.75,0,0,0,0,0,0,1000
6510,0,201,3000,500,1000,0,0,0,0,0,0,0,0,0,0,-249.25,1,0,0,0,4.5,0,0,0,0,0,0,1000
6511,0,202,3000,500,1000,0,0,0,0,0,0,0,0,0,0,-249,1,0,0,0,4.25,0,0,0,0,0,0,1000
6512,0,203,3000,500,1000,0,0,0,0,0,0,0,0,0,0,-248.75,1,0,0,0,4,0,0,0,0,0,0,1000
6513,0,204,3000,500,1000,0,0,0,0,0,0,0,0,0,0,-248.5,1,0,0,0,3.75,0,0,0,0,0,0,1000
6514,0,205,3000,500,1000,0,0,0,0,0,0,0,0,0,0,-248.25,1,0,0,0,3.5,0,0,0,0,0,0,1000
6515,0,206,3000,500,1000,0,0,0,0,0,0,0,0,0,0,-248,1,0,0,0,3.25,0,0,0,0,0,0,1000
6516,0,207,3000,500,1000,0,0,0,0,0,0,0,0,0,0,-247.75,1,0,0,0,3,0,0,0,0,0,0,1000
6517,0,208,3000,500,1000,0,0,0,0,0,0,0,0,0,0,-247.5,1,0,0,0,2.75,0,0,0,0,0,0,1000
6518,0,209,3000,500,1000,0,0,0,0,0,0,0,0,0,0,-247.25,1,0,0,0,2.5,0,0,0,0,0,0,1000
6519,0,210,3000,500,1000,0,0,0,0,0,0,0,0,0,0,-247,1,0,0,0,2.25,0,0,0,0,0,0,1000
6520,0,211,3000,500,1000,0,0,0,0,0,0,0,0,0,0,-246.75,1,0,0,0,2,0,0,0,0,0,0,1000
6521,0,212,3000,500,1000,0,0,0,0,0,0,0,0,0,0,-246.5,1,0,0,0,1.75,0,0,0,0,0,0,1000
6522,0,213,3000,500,1000,0,0,0,0,0,0,0,0,0,0,-246.25,1,0,0,0,1.5,0,0,0,0,0,0,1000
6523,0,214,3000,500,1000,0,0,0,0,0,0,0,0,0,0,-246,1,0,0,0,1.25,0,0,0,0,0,0,1000
6524,0,215,3000,500,1000,0,0,0,0,0,0,0,0,0,0,-245.75,1,0,0,0,1,0,0,0,0,0,0,1000
6525,0,216,3000,500,1000,0,0,0,0,0,0,0,0,0,0,-245.5,1,0,0,0,0.75,0,0,0,0,0,0,1000
6526,0,217,3000,500,1000,0,0,0,0,0,0,0,0,0,0,-245.25,1,0,0,0,0.5,0,0,0,0,0,0,1000
6527,0,218,3000,500,1000,0,0,0,0,0,0,0,0,0,0,-245,1,0,0,0,0.25,0,0,0,0,0,0,1000
6528,0,219,3000,500,1000,0,0,0,0,0,0,0,0,0,0,-244.75,1,0,0,0,0,0,0,0,0,0,0,1000
6529,0,220,3000,500,1000,0,0,0,0,0,0,0,0,0,0,-244.5,1,0,0,0,-0.25,0,0,0,0,0,0,1000
6530,0,221,3000,500,1000,0,0,0,0,0,0,0,0,0,0,-244.25,1,0,0,0,-0.5,0,0,0,0,0,0,1000
6531,0,222,3000,500,1000,0,0,0,0,0,0,0,0,0,0,-244,1,0,0,0,-0.75,0,0,0,0,0,0,1000
6532,0,223,3000,500,1000,0,0,0,0,0,0,0,0,0,0,-243.75,1,0,0,0,-1,0,0,0,0,0,0,1000
6533,0,224,3000,500,1000,0,0,0,0,0,0,0,0,0,0,-243.5,1,0,0,0,-1.25,0,0,0,0,0,0,1000
6534,0,225,3000,500,1000,0,0,0,0,0,0,0,0,0,0,-243.25,1,0,0,0,-1.5,0,0,0,0,0,0,1000
6535,0,226,3000,500,1000,0,0,0,0,0,0,0,0,0,0,-243,1,0,0,0,-1.75,0,0,0,0,0,0,1000
6536,0,227,3000,500,1000,0,0,0,0,0,0,0,0,0,0,-242.75,1,0,0,0,-2,0,0,0,0,0,0,1000
6537,0,228,3000,500,1000,0,0,0,0,0,0,0,0,0,0,-242.5,1,0,0,0,-2.25,0,0,0,0,0,0,1000
6538,0,229,3000,500,1000,0,0,0,0,0,0,0,0,0,0,-242.25,1,0,0,0,-2.5,0,0,0,0,0,0,1000
6539,0,230,3000,500,1000,0,0,0,0,0,0,0,0,0,0,-242,1,0,0,0,-2.75,0,0,0,0,0,0,1000
6540,0,231,3000,500,1000,0,0,0,0,0,0,0,0,0,0,-241.75,1,0,0,0,-3,0,0,0,0,0,0,1000
6541,0,232,3000,500,1000,0,0,0,0,0,0,0,0,0,0,-241.5,1,0,0,0,-3.25,0,0,0,0,0,0,1000
6542,0,233,3000,500,1000,0,0,0,0,0,0,0,0,0,0,-241.25,1,0,0,0,-3.5,0,0,0,0,0,0,1000
6543,0,234,3000,500,1000,0,0,0,0,0,0,0,0,0,0,-241,1,0,0,0,-3.75,0,0,0,0,0,0,1000
6544,0,235,3000,500,1000,0,0,0,0,0,0,0,0,0,0,-240.75,1,0,0,0,-4,0,0,0,0,0,0,1000
6545,0,236,3000,500,1000,0,0,0,0,0,0,0,0,0,0,-240.5,1,0,0,0,-4.25,0,0,0,0,0,0,1000
6546,0,237,3000,500,1000,0,0,0,0,0,0,0,0,0,0,-240.25,1,0,0,0,-4.5,0,0,0,0,0,0,1000
6547,0,238,3000,500,1000,0,0,0,0,0,0,0,0,0,0,-240,1,0,0,0,-4.75,0,0,0,0,0,0,1000
6548,0,239,3000,500,1000,0,0,0,0,0,0,0,0,0,0,-239.75,1,0,0,0,-5,0,0,0,0,0,0,1000
6549,0,240,3000,500,1000,0,0,0,0,0,0,0,0,0,0,-239.5,1,0,0,0,-5.25,0,0,0,0,0,0,1000
6550,0,241,3000,500,1000,0,0,0,0,0,0,0,0,0,0,-239.25,1,0,0,0,-5.5,0,0,0,0,0,0,1000
6551,0,242,3000,500,1000,0,0,0,0,0,0,0,0,0,0,-239,1,0,0,0,-5.75,0,0,0,0,0,0,1000
6552,0,243,3000,500,1000,0,0,0,0,0,0,0,0,0,0,-238.75,1,0,0,0,-6,0,0,0,0,0,0,1000
6553,0,244,3000,500,1000,0,0,0,0,0,0,0,0,0,0,-238.5,1,0,0,0,-6.25,0,0,0,0,0,0,1000
6554,0,245,3000,500,1000,0,0,0,0,0,0,0,0,0,0,-238.25,1,0,0,0,-6.5,0,0,0,0,0,0,1000
6555,0,246,3000,500,1000,0,0,0,0,0,0,0,0,0,0,-238,1,0,0,0,-6.75,0,0,0,0,0,0,1000
6556,0,247,3000,500,1000,0,0,0,0,0,0,0,0,0,0,-237.75,1,0,0,0,-7,0,0,0,0,0,0,1000
6557,0,248,3000,500,1000,0,0,0,0,0,0,0,0,0,0,-237.5,1,0,0,0,-7.25,0,0,0,0,0,0,1000
6558,0,249,3000,500,1000,0,0,0,0,0,0,0,0,0,0,-237.25,1,0,0,0,-7.5,0,0,0,0,0,0,1000
6559,0,250,3000,500,1000,0,0,0,0,0,0,0,0,0,0,-237,1,0,0,0,-7.75,0,0,0,0,0,0,1000
6560,0,251,3000,500,1000,0,0,0,0,0,0,0,0,0,0,-236.75,1,0,0,0,-8,0,0,0,0,0,0,1000
6561,0,252,3000,500,1000,0,0,0,0,0,0,0,0,0,0,-236.5,1,0,0,0,-8.25,0,0,0,0,0,0,1000
6562,0,253,3000,500,1000,0,0,0,0,0,0,0,0,0,0,-236.25,1,0,0,0,-8.5,0,0,0,0,0,0,1000
6563,0,254,3000,500,1000,0,0,0,0,0,0,0,0,0,0,-236,1,0,0,0,-8.75,0,0,0,0,0,0,1000
6564,0,255,3000,500,1000,0,0,0,0,0,0,0,0,0,0,-235.75,1,0,0,0,-9,0,0,0,0,0,0,1000
6565,0,256,3000,500,1000,0,0,0,0,0,0,0,0,0,0,-235.5,1,0,0,0,-9.25,0,0,0,0,0,0,1000
6566,0,257,3000,500,1000,0,0,0,0,0,0,0,0,0,0,-235.25,1,0,0,0,-9.5,0,0,0,0,0,0,1000
6567,0,258,3000,500,1000,0,0,0,0,0,0,0,0,0,0,-235,1,0,0,0,-9.75,0,0,0,0,0,0,1000
6568,0,259,3000,500,1000,0,0,0,0,0,0,0,0,0,0,-234.75,1,0,0,0,-10,0,0,0,0,0,0,1000
6569,0,260,3000,500,1000,0,0,0,0,0,0,0,0,0,0,-234.5,1,0,0,0,-10.25,0,0,0,0,0,0,1000
6570,0,261,3000,500,1000,0,0,0,0,0,0,0,0,0,0,-234.25,1,0,0,0,-10.5,0,0,0,0,0,0,1000
6571,0,262,3000,500,1000,0,0,0,0,0,0,0,0,0,0,-234,1,0,0,0,-10.75,0,0,0,0,0,0,1000
6572,0,263,3000,500,1000,0,0,0,0,0,0,0,0,0,0,-233.75,1,0,0,0,-11,0,0,0,0,0,0,1000
6573,0,264,3000,500,1000,0,0,0,0,0,0,0,0,0,0,-233.5,1,0,0,0,-11.25,0,0,0,0,0,0,1000
6574,0,265,3000,500,1000,0,0,0,0,0,0,0,0,0,0,-233.25,1,0,0,0,-11.5,0,0,0,0,0,0,1000
6575,0,266,3000,500,1000,0,0,0,0,0,0,0,0,0,0,-233,1,0,0,0,-11.75,0,0,0,0,0,0,1000
6576,0,267,3000,500,1000,0,0,0,0,0,0,0,0,0,0,-232.75,1,0,0,0,-12,0,0,0,0,0,0,1000
6577,0,268,3000,500,1000,0,0,0,0,0,0,0,0,0,0,-232.5,1,0,0,0,-12.25,0,0,0,0,0,0,1000
6578,0,269,3000,500,1000,0,0,0,0,0,0,0,0,0,0,-232.25,1,0,0,0,-12.5,0,0,0,0,0,0,1000
6579,0,270,3000,500,1000,0,0,0,0,0,0,0,0,0,0,-232,1,0,0,0,-12.75,0,0,0,0,0,0,1000
6580,0,271,3000,500,1000,0,0,0,0,0,0,0,0,0,0,-231.75,1,0,0,0,-13,0,0,0,0,0,0,1000
6581,0,272,3000,500,1000,0,0,0,0,0,0,0,0,0,0,-231.5,1,0,0,0,-13.25,0,0,0,0,0,0,1000
6582,0,273,3000,500,1000,0,0,0,0,0,0,0,0,0,0,-231.25,1,0,0,0,-13.5,0,0,0,0,0,0,1000
6583,0,274,3000,500,1000,0,0,0,0,0,0,0,0,0,0,-231,1,0,0,0,-13.75,0,0,0,0,0,0,1000
6584,0,275,3000,500,1000,0,0,0,0,0,0,0,0,0,0,-230.75,1,0,0,0,-14,0,0,0,0,0,0,1000
6585,0,276,3000,500,1000,0,0,0,0,0,0,0,0,0,0,-230.5,1,0,0,0,-14.25,0,0,0,0,0,0,1000
6586,0,277,3000,500,1000,0,0,0,0,0,0,0,0,0,0,-230.25,1,0,0,0,-14.5,0,0,0,0,0,0,1000
6587,0,278,3000,500,1000,0,0,0,0,0,0,0,0,0,0,-230,1,0,0,0,-14.75,0,0,0,0,0,0,1000
6588,0,279,3000,500,1000,0,0,0,0,0,0,0,0,0,0,-229.75,1,0,0,0,-15,0,0,0,0,0,0,1000
6589,0,280,3000,500,1000,0,0,0,0,0,0,0,0,0,0,-229.5,1,0,0,0,-15.25,0,0,0,0,0,0,1000
6590,0,281,3000,500,1000,0,0,0,0,0,0,0,0,0,0,-229.25,1,0,0,0,-15.5,0,0,0,0,0,0,1000
6591,0,282,3000,500,1000,0,0,0,0,0,0,0,0,0,0,-229,1,0,0,0,-15.75,0,0,0,0,0,0,1000
6592,0,283,3000,500,1000,0,0,0,0,0,0,0,0,0,0,-228.75,1,0,0,0,-16,0,0,0,0,0,0,1000
6593,0,284,3000,500,1000,0,0,0,0,0,0,0,0,0,0,-228.5,1,0,0,0,-16.25,0,0,0,0,0,0,1000
6594,0,285,3000,500,1000,0,0,0,0,0,0,0,0,0,0,-228.25,1,0,0,0,-16.5,0,0,0,0,0,0,1000
6595,0,286,3000,500,1000,0,0,0,0,0,0,0,0,0,0,-228,1,0,0,0,-16.75,0,0,0,0,0,0,1000
6596,0,287,3000,500,1000,0,0,0,0,0,0,0,0,0,0,-227.75,1,0,0,0,-17,0,0,0,0,0,0,1000
6597,0,288,3000,500,1000,0,0,0,0,0,0,0,0,0,0,-227.5,1,0,0,0,-17.25,0,0,0,0,0,0,1000
6598,0,289,3000,500,1000,0,0,0,0,0,0,0,0,0,0,-227.25,1,0,0,0,-17.5,0,0,0,0,0,0,1000
6599,0,290,3000,500,1000,0,0,0,0,0,0,0,0,0,0,-227,1,0,0,0,-17.75,0,0,0,0,0,0,1000
6600,0,291,3000,500,1000,0,0,0,0,0,0,0,0,0,0,-226.75,1,0,0,0,-18,0,0,0,0,0,0,1000
6601,0,292,3000,500,1000,0,0,0,0,0,0,0,0,0,0,-226.5,1,0,0,0,-18.25,0,0,0,0,0,0,1000
6602,0,293,3000,500,1000,0,0,0,0,0,0,0,0,0,0,-226.25,1,0,0,0,-18.5,0,0,0,0,0,0,1000
6603,0,294,3000,500,1000,0,0,0,0,0,0,0,0,0,0,-226,1,0,0,0,-18.75,0,0,0,0,0,0,1000
6604,0,295,3000,500,1000,0,0,0,0,0,0,0,0,0,0,-225.75,1,0,0,0,-19,0,0,0,0,0,0,1000
6605,0,296,3000,500,1000,0,0,0,0,0,0,0,0,0,0,-225.5,1,0,0,0,-19.25,0,0,0,0,0,0,1000
6606,0,297,3000,500,1000,0,0,0,0,0,0,0,0,0,0,-225.25,1,0,0,0,-19.5,0,0,0,0,0,0,1000
6607,0,298,3000,500,1000,0,0,0,0,0,0,0,0,0,0,-225,1,0,0,0,-19.75,0,0,0,0,0,0,1000
6608,0,299,3000,500,1000,0,0,0,0,0,0,0,0,0,0,-224.75,1,0,0,0,-20,0,0,0,0,0,0,1000
6609,0,300,3000,500,1000,0,0,0,0,0,0,0,0,0,0,-145,1,0,0,0,-20.25,0,0,0,0,0,0,1000
6610,0,1,3000,500,1000,0,0,0,0,0,0,0,0,0,0,124.75,-1,0,0,0,-20.25,0,0,0,0,0,0,1000
6611,0,2,3000,500,1000,0,0,0,0,0,0,0,0,0,0,265,1,0,0,0,-20.25,0,0,0,0,0,0,1000
6612,0,3,3000,500,1000,0,0,0,0,0,0,0,0,0,0,264.75,-1,0,0,0,-20,0,0,0,0,0,0,1000
6613,0,4,3000,500,1000,0,0,0,0,0,0,0,0,0,0,264.5,-1,0,0,0,-19.75,0,0,0,0,0,0,1000
6614,0,5,3000,500,1000,0,0,0,0,0,0,0,0,0,0,264.25,-1,0,0,0,-19.5,0,0,0,0,0,0,1000
6615,0,6,3000,500,1000,0,0,0,0,0,0,0,0,0,0,264,-1,0,0,0,-19.25,0,0,0,0,0,0,1000
6616,0,7,3000,500,1000,0,0,0,0,0,0,0,0,0,0,263.75,-1,0,0,0,-19,0,0,0,0,0,0,1000
6617,0,8,3000,500,1000,0,0,0,0,0,0,0,0,0,0,263.5,-1,0,0,0,-18.75,0,0,0,0,0,0,1000
6618,0,9,3000,500,1000,0,0,0,0,0,0,0,0,0,0,263.25,-1,0,0,0,-18.5,0,0,0,0,0,0,1000
6619,0,10,3000,500,1000,0,0,0,0,0,0,0,0,0,0,263,-1,0,0,0,-18.25,0,0,0,0,0,0,1000
6620,0,11,3000,500,1000,0,0,0,0,0,0,0,0,0,0,262.75,-1,0,0,0,-18,0,0,0,0,0,0,1000
6621,0,12,3000,500,1000,0,0,0,0,0,0,0,0,0,0,262.5,-1,0,0,0,-17.75,0,0,0,0,0,0,1000
6622,0,13,3000,500,1000,0,0,0,0,0,0,0,0,0,0,262.25,-1,0,0,0,-17.5,0,0,0,0,0,0,1000
6623,0,14,3000,500,1000,0,0,0,0,0,0,0,0,0,0,262,-1,0,0,0,-17.25,0,0,0,0,0,0,1000
6624,0,15,3000,500,1000,0,0,0,0,0,0,0,0,0,0,261.75,-1,0,0,0,-17,0,0,0,0,0,0,1000
6625,0,16,3000,500,1000,0,0,0,0,0,0,0,0,0,0,261.5,-1,0,0,0,-16.75,0,0,0,0,0,0,1000
6626,0,17,3000,500,1000,0,0,0,0,0,0,0,0,0,0,261.25,-1,0,0,0,-16.5,0,0,0,0,0,0,1000
6627,0,18,3000,500,1000,0,0,0,0,0,0,0,0,0,0,261,-1,0,0,0,-16.25,0,0,0,0,0,0,1000
6628,0,19,3000,500,1000,0,0,0,0,0,0,0,0,0,0,260.75,-1,0,0,0,-16,0,0,0,0,0,0,1000
6629,0,20,3000,500,1000,0,0,0,0,0,0,0,0,0,0,260.5,-1,0,0,0,-15.75,0,0,0,0,0,0,1000
6630,0,21,3000,500,1000,0,0,0,0,0,0,0,0,0,0,260.25,-1,0,0,0,-15.5,0,0,0,0,0,0,1000
6631,0,22,3000,500,1000,0,0,0,0,0,0,0,0,0,0,260,-1,0,0,0,-15.25,0,0,0,0,0,0,1000
6632,0,23,3000,500,1000,0,0,0,0,0,0,0,0,0,0,259.75,-1,0,0,0,-15,0,0,0,0,0,0,1000
6633,0,24,3000,500,1000,0,0,0,0,0,0,0,0,0,0,259.5,-1,0,0,0,-14.75,0,0,0,0,0,0,1000
6634,0,25,3000,500,1000,0,0,0,0,0,0,0,0,0,0,259.25,-1,0,0,0,-14.5,0,0,0,0,0,0,1000
6635,0,26,3000,500,1000,0,0,0,0,0,0,0,0,0,0,259,-1,0,0,0,-14.25,0,0,0,0,0,0,1000
6636,0,27,3000,500,1000,0,0,0,0,0,0,0,0,0,0,258.75,-1,0,0,0,-14,0,0,0,0,0,0,1000
6637,0,28,3000,500,1000,0,0,0,0,0,0,0,0,0,0,258.5,-1,0,0,0,-13.75,0,0,0,0,0,0,1000
6638,0,29,3000,500,1000,0,0,0,0,0,0,0,0,0,0,258.25,-1,0,0,0,-13.5,0,0,0,0,0,0,1000
6639,0,30,3000,500,1000,0,0,0,0,0,0,0,0,0,0,258,-1,0,0,0,-13.25,0,0,0,0,0,0,1000
6640,0,31,3000,500,1000,0,0,0,0,0,0,0,0,0,0,257.75,-1,0,0,0,-13,0,0,0,0,0,0,1000
6641,0,32,3000,500,1000,0,0,0,0,0,0,0,0,0,0,257.5,-1,0,0,0,-12.75,0,0,0,0,0,0,1000
6642,0,33,3000,500,1000,0,0,0,0,0,0,0,0,0,0,257.25,-1,0,0,0,-12.5,0,0,0,0,0,0,1000
6643,0,34,3000,500,1000,0,0,0,0,0,0,0,0,0,0,257,-1,0,0,0,-12.25,0,0,0,0,0,0,1000
6644,0,35,3000,500,1000,0,0,0,0,0,0,0,0,0,0,256.75,-1,0,0,0,-12,0,0,0,0,0,0,1000
6645,0,36,3000,500,1000,0,0,0,0,0,0,0,0,0,0,256.5,-1,0,0,0,-11.75,0,0,0,0,0,0,1000
6646,0,37,3000,500,1000,0,0,0,0,0,0,0,0,0,0,256.25,-1,0,0,0,-11.5,0,0,0,0,0,0,1000
6647,0,38,3000,500,1000,0,0,0,0,0,0,0,0,0,0,256,-1,0,0,0,-11.25,0,0,0,0,0,0,1000
6648,0,39,3000,500,1000,0,0,0,0,0,0,0,0,0,0,255.75,-1,0,0,0,-11,0,0,0,0,0,0,1000
6649,0,40,3000,500,1000,0,0,0,0,0,0,0,0,0,0,255.5,-1,0,0,0,-10.75,0,0,0,0,0,0,1000
6650,0,41,3000,500,1000,0,0,0,0,0,0,0,0,0,0,255.25,-1,0,0,0,-10.5,0,0,0,0,0,0,1000
6651,0,42,3000,500,1000,0,0,0,0,0,0,0,0,0,0,255,-1,0,0,0,-10.25,0,0,0,0,0,0,1000
6652,0,43,3000,500,1000,0,0,0,0,0,0,0,0,0,0,254.75,-1,0,0,0,-10,0,0,0,0,0,0,1000
6653,0,44,3000,500,1000,0,0,0,0,0,0,0,0,0,0,254.5,-1,0,0,0,-9.75,0,0,0,0,0,0,1000
6654,0,45,3000,500,1000,0,0,0,0,0,0,0,0,0,0,254.25,-1,0,0,0,-9.5,0,0,0,0,0,0,1000
6655,0,46,3000,500,1000,0,0,0,0,0,0,0,0,0,0,254,-1,0,0,0,-9.25,0,0,0,0,0,0,1000
6656,0,47,3000,500,1000,0,0,0,0,0,0,0,0,0,0,253.75,-1,0,0,0,-9,0,0,0,0,0,0,1000
6657,0,48,3000,500,1000,0,0,0,0,0,0,0,0,0,0,253.5,-1,0,0,0,-8.75,0,0,0,0,0,0,1000
6658,0,49,3000,500,1000,0,0,0,0,0,0,0,0,0,0,253.25,-1,0,0,0,-8.5,0,0,0,0,0,0,1000
6659,0,50,3000,500,1000,0,0,0,0,0,0,0,0,0,0,253,-1,0,0,0,-8.25,0,0,0,0,0,0,1000
6660,0,51,3000,500,1000,0,0,0,0,0,0,0,0,0,0,252.75,-1,0,0,0,-8,0,0,0,0,0,0,1000
6661,0,52,3000,500,1000,0,0,0,0,0,0,0,0,0,0,252.5,-1,0,0,0,-7.75,0,0,0,0,0,0,1000
6662,0,53,3000,500,1000,0,0,0,0,0,0,0,0,0,0,252.25,-1,0,0,0,-7.5,0,0,0,0,0,0,1000
6663,0,54,3000,500,1000,0,0,0,0,0,0,0,0,0,0,252,-1,0,0,0,-7.25,0,0,0,0,0,0,1000
6664,0,55,3000,500,1000,0,0,0,0,0,0,0,0,0,0,251.75,-1,0,0,0,-7,0,0,0,0,0,0,1000
6665,0,56,3000,500,1000,0,0,0,0,0,0,0,0,0,0,251.5,-1,0,0,0,-6.75,0,0,0,0,0,0,1000
6666,0,57,3000,500,1000,0,0,0,0,0,0,0,0,0,0,251.25,-1,0,0,0,-6.5,0,0,0,0,0,0,1000
6667,0,58,3000,500,1000,0,0,0,0,0,0,0,0,0,0,251,-1,0,0,0,-6.25,0,0,0,0,0,0,1000
6668,0,59,3000,500,1000,0,0,0,0,0,0,0,0,0,0,250.75,-1,0,0,0,-6,0,0,0,0,0,0,1000
6669,0,60,3000,500,1000,0,0,0,0,0,0,0,0,0,0,250.5,-1,0,0,0,-5.75,0,0,0,0,0,0,1000
6670,0,61,3000,500,1000,0,0,0,0,0,0,0,0,0,0,250.25,-1,0,0,0,-5.5,0,0,0,0,0,0,1000
6671,0,62,3000,500,1000,0,0,0,0,0,0,0,0,0,0,250,-1,0,0,0,-5.25,0,0,0,0,0,0,1000
6672,0,63,3000,500,1000,0,0,0,0,0,0,0,0,0,0,249.75,-1,0,0,0,-5,0,0,0,0,0,0,1000
6673,0,64,3000,500,1000,0,0,0,0,0,0,0,0,0,0,249.5,-1,0,0,0,-4.75,0,0,0,0,0,0,1000
6674,0,65,3000,500,1000,0,0,0,0,0,0,0,0,0,0,249.25,-1,0,0,0,-4.5,0,0,0,0,0,0,1000
6675,0,66,3000,500,1000,0,0,0,0,0,0,0,0,0,0,249,-1,0,0,0,-4.25,0,0,0,0,0,0,1000
6676,0,67,3000,500,1000,0,0,0,0,0,0,0,0,0,0,248.75,-1,0,0,0,-4,0,0,0,0,0,0,1000
6677,0,68,3000,500,1000,0,0,0,0,0,0,0,0,0,0,248.5,-1,0,0,0,-3.75,0,0,0,0,0,0,1000
6678,0,69,3000,500,1000,0,0,0,0,0,0,0,0,0,0,248.25,-1,0,0,0,-3.5,0,0,0,0,0,0,1000
6679,0,70,3000,500,1000,0,0,0,0,0,0,0,0,0,0,248,-1,0,0,0,-3.25,0,0,0,0,0,0,1000
6680,0,71,3000,500,1000,0,0,0,0,0,0,0,0,0,0,247.75,-1,0,0,0,-3,0,0,0,0,0,0,1000
6681,0,72,3000,500,1000,0,0,0,0,0,0,0,0,0,0,247.5,-1,0,0,0,-2.75,0,0,0,0,0,0,1000
6682,0,73,3000,500,1000,0,0,0,0,0,0,0,0,0,0,247.25,-1,0,0,0,-2.5,0,0,0,0,0,0,1000
6683,0,74,3000,500,1000,0,0,0,0,0,0,0,0,0,0,247,-1,0,0,0,-2.25,0,0,0,0,0,0,1000
6684,0,75,3000,500,1000,0,0,0,0,0,0,0,0,0,0,246.75,-1,0,0,0,-2,0,0,0,0,0,0,1000
6685,0,76,3000,500,1000,0,0,0,0,0,0,0,0,0,0,246.5,-1,0,0,0,-1.75,0,0,0,0,0,0,1000
6686,0,77,3000,500,1000,0,0,0,0,0,0,0,0,0,0,246.25,-1,0,0,0,-1.5,0,0,0,0,0,0,1000
6687,0,78,3000,500,1000,0,0,0,0,0,0,0,0,0,0,246,-1,0,0,0,-1.25,0,0,0,0,0,0,1000
6688,0,79,3000,500,1000,0,0,0,0,0,0,0,0,0,0,245.75,-1,0,0,0,-1,0,0,0,0,0,0,1000
6689,0,80,3000,500,1000,0,0,0,0,0,0,0,0,0,0,245.5,-1,0,0,0,-0.75,0,0,0,0,0,0,1000
6690,0,81,3000,500,1000,0,0,0,0,0,0,0,0,0,0,245.25,-1,0,0,0,-0.5,0,0,0,0,0,0,1000
6691,0,82,3000,500,1000,0,0,0,0,0,0,0,0,0,0,245,-1,0,0,0,-0.25,0,0,0,0,0,0,1000
6692,0,83,3000,500,1000,0,0,0,0,0,0,0,0,0,0,244.75,-1,0,0,0,0,0,0,0,0,0,0,1000
6693,0,84,3000,500,1000,0,0,0,0,0,0,0,0,0,0,244.5,-1,0,0,0,0.25,0,0,0,0,0,0,1000
6694,0,85,3000,500,1000,0,0,0,0,0,0,0,0,0,0,244.25,-1,0,0,0,0.5,0,0,0,0,0,0,1000
6695,0,86,3000,500,1000,0,0,0,0,0,0,0,0,0,0,244,-1,0,0,0,0.75,0,0,0,0,0,0,1000
6696,0,87,3000,500,1000,0,0,0,0,0,0,0,0,0,0,243.75,-1,0,0,0,1,0,0,0,0,0,0,1000
6697,0,88,3000,500,1000,0,0,0,0,0,0,0,0,0,0,243.5,-1,0,0,0,1.25,0,0,0,0,0,0,1000
6698,0,89,3000,500,1000,0,0,0,0,0,0,0,0,0,0,243.25,-1,0,0,0,1.5,0,0,0,0,0,0,1000
6699,0,90,3000,500,1000,0,0,0,0,0,0,0,0,0,0,243,-1,0,0,0,1.75,0,0,0,0,0,0,1000
6700,0,91,3000,500,1000,0,0,0,0,0,0,0,0,0,0,242.75,-1,0,0,0,2,0,0,0,0,0,0,1000
6701,0,92,3000,500,1000,0,0,0,0,0,0,0,0,0,0,242.5,-1,0,0,0,2.25,0,0,0,0,0,0,1000
6702,0,93,3000,500,1000,0,0,0,0,0,0,0,0,0,0,242.25,-1,0,0,0,2.5,0,0,0,0,0,0,1000
6703,0,94,3000,500,1000,0,0,0,0,0,0,0,0,0,0,242,-1,0,0,0,2.75,0,0,0,0,0,0,1000
6704,0,95,3000,500,1000,0,0,0,0,0,0,0,0,0,0,241.75,-1,0,0,0,3,0,0,0,0,0,0,1000
6705,0,96,3000,500,1000,0,0,0,0,0,0,0,0,0,0,241.5,-1,0,0,0,3.25,0,0,0,0,0,0,1000
6706,0,97,3000,500,1000,0,0,0,0,0,0,0,0,0,0,241.25,-1,0,0,0,3.5,0,0,0,0,0,0,1000
6707,0,98,3000,500,1000,0,0,0,0,0,0,0,0,0,0,241,-1,0,0,0,3.75,0,0,0,0,0,0,1000
6708,0,99,3000,500,1000,0,0,0,0,0,0,0,0,0,0,240.75,-1,0,0,0,4,0,0,0,0,0,0,1000
6709,0,100,3000,500,1000,0,0,0,0,0,0,0,0,0,0,240.5,-1,0,0,0,4.25,0,0,0,0,0,0,1000
6710,0,101,3000,500,1000,0,0,0,0,0,0,0,0,0,0,240.25,-1,0,0,0,4.5,0,0,0,0,0,0,1000
6711,0,102,3000,500,1000,0,0,0,0,0,0,0,0,0,0,240,-1,0,0,0,4.75,0,0,0,0,0,0,1000
6712,0,103,3000,500,1000,0,0,0,0,0,0,0,0,0,0,239.75,-1,0,0,0,5,0,0,0,0,0,0,1000
6713,0,104,3000,500,1000,0,0,0,0,0,0,0,0,0,0,239.5,-1,0,0,0,5.25,0,0,0,0,0,0,1000
6714,0,105,3000,500,1000,0,0,0,0,0,0,0,0,0,0,239.25,-1,0,0,0,5.5,0,0,0,0,0,0,1000
6715,0,106,3000,500,1000,0,0,0,0,0,0,0,0,0,0,239,-1,0,0,0,5.75,0,0,0,0,0,0,1000
6716,0,107,3000,500,1000,0,0,0,0,0,0,0,0,0,0,238.75,-1,0,0,0,6,0,0,0,0,0,0,1000
6717,0,108,3000,500,1000,0,0,0,0,0,0,0,0,0,0,238.5,-1,0,0,0,6.25,0,0,0,0,0,0,1000
6718,0,109,3000,500,1000,0,0,0,0,0,0,0,0,0,0,238.25,-1,0,0,0,6.5,0,0,0,0,0,0,1000
6719,0,110,3000,500,1000,0,0,0,0,0,0,0,0,0,0,238,-1,0,0,0,6.75,0,0,0,0,0,0,1000
6720,0,111,3000,500,1000,0,0,0,0,0,0,0,0,0,0,237.75,-1,0,0,0,7,0,0,0,0,0,0,1000
6721,0,112,3000,500,1000,0,0,0,0,0,0,0,0,0,0,237.5,-1,0,0,0,7.25,0,0,0,0,0,0,1000
6722,0,113,3000,500,1000,0,0,0,0,0,0,0,0,0,0,237.25,-1,0,0,0,7.5,0,0,0,0,0,0,1000
6723,0,114,3000,500,1000,0,0,0,0,0,0,0,0,0,0,237,-1,0,0,0,7.75,0,0,0,0,0,0,1000
6724,0,115,3000,500,1000,0,0,0,0,0,0,0,0,0,0,236.75,-1,0,0,0,8,0,0,0,0,0,0,1000
6725,0,116,3000,500,1000,0,0,0,0,0,0,0,0,0,0,236.5,-1,0,0,0,8.25,0,0,0,0,0,0,1000
6726,0,117,3000,500,1000,0,0,0,0,0,0,0,0,0,0,236.25,-1,0,0,0,8.5,0,0,0,0,0,0,1000
6727,0,118,3000,500,1000,0,0,0,0,0,0,0,0,0,0,236,-1,0,0,0,8.75,0,0,0,0,0,0,1000
6728,0,119,3000,500,1000,0,0,0,0,0,0,0,0,0,0,235.75,-1,0,0,0,9,0,0,0,0,0,0,1000
6729,0,120,3000,500,1000,0,0,0,0,0,0,0,0,0,0,235.5,-1,0,0,0,9.25,0,0,0,0,0,0,1000
6730,0,121,3000,500,1000,0,0,0,0,0,0,0,0,0,0,235.25,-1,0,0,0,9.5,0,0,0,0,0,0,1000
6731,0,122,3000,500,1000,0,0,0,0,0,0,0,0,0,0,235,-1,0,0,0,9.75,0,0,0,0,0,0,1000
6732,0,123,3000,500,1000,0,0,0,0,0,0,0,0,0,0,234.75,-1,0,0,0,10,0,0,0,0,0,0,1000
6733,0,124,3000,500,1000,0,0,0,0,0,0,0,0,0,0,234.5,-1,0,0,0,10.25,0,0,0,0,0,0,1000
6734,0,125,3000,500,1000,0,0,0,0,0,0,0,0,0,0,234.25,-1,0,0,0,10.5,0,0,0,0,0,0,1000
6735,0,126,3000,500,1000,0,0,0,0,0,0,0,0,0,0,234,-1,0,0,0,10.75,0,0,0,0,0,0,1000
6736,0,127,3000,500,1000,0,0,0,0,0,0,0,0,0,0,233.75,-1,0,0,0,11,0,0,0,0,0,0,1000
6737,0,128,3000,500,1000,0,0,0,0,0,0,0,0,0,0,233.5,-1,0,0,0,11.25,0,0,0,0,0,0,1000
6738,0,129,3000,500,1000,0,0,0,0,0,0,0,0,0,0,233.25,-1,0,0,0,11.5,0,0,0,0,0,0,1000
6739,0,130,3000,500,1000,0,0,0,0,0,0,0,0,0,0,233,-1,0,0,0,11.75,0,0,0,0,0,0,1000
6740,0,131,3000,500,1000,0,0,0,0,0,0,0,0,0,0,232.75,-1,0,0,0,12,0,0,0,0,0,0,1000
6741,0,132,3000,500,1000,0,0,0,0,0,0,0,0,0,0,232.5,-1,0,0,0,12.25,0,0,0,0,0,0,1000
6742,0,133,3000,500,1000,0,0,0,0,0,0,0,0,0,0,232.25,-1,0,0,0,12.5,0,0,0,0,0,0,1000
6743,0,134,3000,500,1000,0,0,0,0,0,0,0,0,0,0,232,-1,0,0,0,12.75,0,0,0,0,0,0,1000
6744,0,135,3000,500,1000,0,0,0,0,0,0,0,0,0,0,231.75,-1,0,0,0,13,0,0,0,0,0,0,1000
6745,0,136,3000,500,1000,0,0,0,0,0,0,0,0,0,0,231.5,-1,0,0,0,13.25,0,0,0,0,0,0,1000
6746,0,137,3000,500,1000,0,0,0,0,0,0,0,0,0,0,231.25,-1,0,0,0,13.5,0,0,0,0,0,0,1000
6747,0,138,3000,500,1000,0,0,0,0,0,0,0,0,0,0,231,-1,0,0,0,13.75,0,0,0,0,0,0,1000
6748,0,139,3000,500,1000,0,0,0,0,0,0,0,0,0,0,230.75,-1,0,0,0,14,0,0,0,0,0,0,1000
6749,0,140,3000,500,1000,0,0,0,0,0,0,0,0,0,0,230.5,-1,0,0,0,14.25,0,0,0,0,0,0,1000
6750,0,141,3000,500,1000,0,0,0,0,0,0,0,0,0,0,230.25,-1,0,0,0,14.5,0,0,0,0,0,0,1000
6751,0,142,3000,500,1000,0,0,0,0,0,0,0,0,0,0,230,-1,0,0,0,14.75,0,0,0,0,0,0,1000
6752,0,143,3000,500,1000,0,0,0,0,0,0,0,0,0,0,229.75,-1,0,0,0,15,0,0,0,0,0,0,1000
6753,0,144,3000,500,1000,0,0,0,0,0,0,0,0,0,0,229.5,-1,0,0,0,15.25,0,0,0,0,0,0,1000
6754,0,145,3000,500,1000,0,0,0,0,0,0,0,0,0,0,229.25,-1,0,0,0,15.5,0,0,0,0,0,0,1000
6755,0,146,3000,500,1000,0,0,0,0,0,0,0,0,0,0,229,-1,0,0,0,15.75,0,0,0,0,0,0,1000
6756,0,147,3000,500,1000,0,0,0,0,0,0,0,0,0,0,228.75,-1,0,0,0,16,0,0,0,0,0,0,1000
6757,0,148,3000,500,1000,0,0,0,0,0,0,0,0,0,0,228.5,-1,0,0,0,16.25,0,0,0,0,0,0,1000
6758,0,149,3000,500,1000,0,0,0,0,0,0,0,0,0,0,228.25,-1,0,0,0,16.5,0,0,0,0,0,0,1000
6759,0,150,3000,500,1000,0,0,0,0,0,0,0,0,0,0,228,-1,0,0,0,16.75,0,0,0,0,0,0,1000
6760,0,151,3000,500,1000,0,0,0,0,0,0,0,0,0,0,227.75,-1,0,0,0,17,0,0,0,0,0,0,1000
6761,0,152,3000,500,1000,0,0,0,0,0,0,0,0,0,0,227.5,-1,0,0,0,17.25,0,0,0,0,0,0,1000
6762,0,153,3000,500,1000,0,0,0,0,0,0,0,0,0,0,227.25,-1,0,0,0,17.5,0,0,0,0,0,0,1000
6763,0,154,3000,500,1000,0,0,0,0,0,0,0,0,0,0,227,-1,0,0,0,17.75,0,0,0,0,0,0,1000
6764,0,155,3000,500,1000,0,0,0,0,0,0,0,0,0,0,226.75,-1,0,0,0,18,0,0,0,0,0,0,1000
6765,0,156,3000,500,1000,0,0,0,0,0,0,0,0,0,0,226.5,-1,0,0,0,18.25,0,0,0,0,0,0,1000
6766,0,157,3000,500,1000,0,0,0,0,0,0,0,0,0,0,226.25,-1,0,0,0,18.5,0,0,0,0,0,0,1000
6767,0,158,3000,500,1000,0,0,0,0,0,0,0,0,0,0,226,-1,0,0,0,18.75,0,0,0,0,0,0,1000
6768,0,159,3000,500,1000,0,0,0,0,0,0,0,0,0,0,225.75,-1,0,0,0,19,0,0,0,0,0,0,1000
6769,0,160,3000,500,1000,0,0,0,0,0,0,0,0,0,0,225.5,-1,0,0,0,19.25,0,0,0,0,0,0,1000
6770,0,161,3000,500,1000,0,0,0,0,0,0,0,0,0,0,225.25,-1,0,0,0,19.5,0,0,0,0,0,0,1000
6771,0,162,3000,500,1000,0,0,0,0,0,0,0,0,0,0,225,-1,0,0,0,19.75,0,0,0,0,0,0,1000
6772,0,163,3000,500,1000,0,0,0,0,0,0,0,0,0,0,224.75,-1,0,0,0,20,0,0,0,0,0,0,1000
6773,0,164,3000,500,1000,0,0,0,0,0,0,0,0,0,0,224.5,-1,0,0,0,20.25,0,0,0,0,0,0,1000
6774,0,165,3000,500,1000,0,0,0,0,0,0,0,0,0,0,224.25,-1,0,0,0,20.5,0,0,0,0,0,0,1000
6775,0,166,3000,500,1000,0,0,0,0,0,0,0,0,0,0,224,-1,0,0,0,20.75,0,0,0,0,0,0,1000
6776,0,167,3000,500,1000,0,0,0,0,0,0,0,0,0,0,223.75,-1,0,0,0,21,0,0,0,0,0,0,1000
6777,0,168,3000,500,1000,0,0,0,0,0,0,0,0,0,0,223.5,-1,0,0,0,21.25,0,0,0,0,0,0,1000
6778,0,169,3000,500,1000,0,0,0,0,0,0,0,0,0,0,223.25,-1,0,0,0,21.5,0,0,0,0,0,0,1000
6779,0,170,3000,500,1000,0,0,0,0,0,0,0,0,0,0,223,-1,0,0,0,21.75,0,0,0,0,0,0,1000
6780,0,171,3000,500,1000,0,0,0,0,0,0,0,0,0,0,222.75,-1,0,0,0,22,0,0,0,0,0,0,1000
6781,0,172,3000,500,1000,0,0,0,0,0,0,0,0,0,0,222.5,-1,0,0,0,22.25,0,0,0,0,0,0,1000
6782,0,173,3000,500,1000,0,0,0,0,0,0,0,0,0,0,222.25,-1,0,0,0,22.5,0,0,0,0,0,0,1000
6783,0,174,3000,500,1000,0,0,0,0,0,0,0,0,0,0,222,-1,0,0,0,22.75,0,0,0,0,0,0,1000
6784,0,175,3000,500,1000,0,0,0,0,0,0,0,0,0,0,221.75,-1,0,0,0,23,0,0,0,0,0,0,1000
6785,0,176,3000,500,1000,0,0,0,0,0,0,0,0,0,0,221.5,-1,0,0,0,23.25,0,0,0,0,0,0,1000
6786,0,177,3000,500,1000,0,0,0,0,0,0,0,0,0,0,221.25,-1,0,0,0,23.5,0,0,0,0,0,0,1000
6787,0,178,3000,500,1000,0,0,0,0,0,0,0,0,0,0,221,-1,0,0,0,23.75,0,0,0,0,0,0,1000
6788,0,179,3000,500,1000,0,0,0,0,0,0,0,0,0,0,220.75,-1,0,0,0,24,0,0,0,0,0,0,1000
6789,0,180,3000,500,1000,0,0,0,0,0,0,0,0,0,0,220.5,-1,0,0,0,24.25,0,0,0,0,0,0,1000
6790,0,181,3000,500,1000,0,0,0,0,0,0,0,0,0,0,220.25,-1,0,0,0,24.5,0,0,0,0,0,0,1000
6791,0,182,3000,500,1000,0,0,0,0,0,0,0,0,0,0,220,-1,0,0,0,24.75,0,0,0,0,0,0,1000
6792,0,183,3000,500,1000,0,0,0,0,0,0,0,0,0,0,219.75,-1,0,0,0,25,0,0,0,0,0,0,1000
6793,0,184,3000,500,1000,0,0,0,0,0,0,0,0,0,0,219.5,-1,0,0,0,25.25,0,0,0,0,0,0,1000
6794,0,185,3000,500,1000,0,0,0,0,0,0,0,0,0,0,219.25,-1,0,0,0,25.5,0,0,0,0,0,0,1000
6795,0,186,3000,500,1000,0,0,0,0,0,0,0,0,0,0,219,-1,0,0,0,25.75,0,0,0,0,0,0,1000
6796,0,187,3000,500,1000,0,0,0,0,0,0,0,0,0,0,218.75,-1,0,0,0,26,0,0,0,0,0,0,1000
6797,0,188,3000,500,1000,0,0,0,0,0,0,0,0,0,0,218.5,-1,0,0,0,26.25,0,0,0,0,0,0,1000
6798,0,189,3000,500,1000,0,0,0,0,0,0,0,0,0,0,218.25,-1,0,0,0,26.5,0,0,0,0,0,0,1000
6799,0,190,3000,500,1000,0,0,0,0,0,0,0,0,0,0,218,-1,0,0,0,26.75,0,0,0,0,0,0,1000
6800,0,191,3000,500,1000,0,0,0,0,0,0,0,0,0,0,217.75,-1,0,0,0,27,0,0,0,0,0,0,1000
6801,0,192,3000,500,1000,0,0,0,0,0,0,0,0,0,0,217.5,-1,0,0,0,27.25,0,0,0,0,0,0,1000
6802,0,193,3000,500,1000,0,0,0,0,0,0,0,0,0,0,217.25,-1,0,0,0,27.5,0,0,0,0,0,0,1000
6803,0,194,3000,500,1000,0,0,0,0,0,0,0,0,0,0,217,-1,0,0,0,27.75,0,0,0,0,0,0,1000
6804,0,195,3000,500,1000,0,0,0,0,0,0,0,0,0,0,216.75,-1,0,0,0,28,0,0,0,0,0,0,1000
6805,0,196,3000,500,1000,0,0,0,0,0,0,0,0,0,0,216.5,-1,0,0,0,28.25,0,0,0,0,0,0,1000
6806,0,197,3000,500,1000,0,0,0,0,0,0,0,0,0,0,216.25,-1,0,0,0,28.5,0,0,0,0,0,0,1000
6807,0,198,3000,500,1000,0,0,0,0,0,0,0,0,0,0,216,-1,0,0,0,28.75,0,0,0,0,0,0,1000
6808,0,199,3000,500,1000,0,0,0,0,0,0,0,0,0,0,215.75,-1,0,0,0,29,0,0,0,0,0,0,1000
6809,0,200,3000,500,1000,0,0,0,0,0,0,0,0,0,0,215.5,-1,0,0,0,29.25,0,0,0,0,0,0,1000
6810,0,201,3000,500,1000,0,0,0,0,0,0,0,0,0,0,215.25,-1,0,0,0,29.5,0,0,0,0,0,0,1000
6811,0,202,3000,500,1000,0,0,0,0,0,0,0,0,0,0,215,-1,0,0,0,29.75,0,0,0,0,0,0,1000
6812,0,203,3000,500,1000,0,0,0,0,0,0,0,0,0,0,214.75,-1,0,0,0,30,0,0,0,0,0,0,1000
6813,0,204,3000,500,1000,0,0,0,0,0,0,0,0,0,0,214.5,-1,0,0,0,30.25,0,0,0,0,0,0,1000
6814,0,205,3000,500,1000,0,0,0,0,0,0,0,0,0,0,214.25,-1,0,0,0,30.5,0,0,0,0,0,0,1000
6815,0,206,3000,500,1000,0,0,0,0,0,0,0,0,0,0,214,-1,0,0,0,30.75,0,0,0,0,0,0,1000
6816,0,207,3000,500,1000,0,0,0,0,0,0,0,0,0,0,213.75,-1,0,0,0,31,0,0,0,0,0,0,1000
6817,0,208,3000,500,1000,0,0,0,0,0,0,0,0,0,0,213.5,-1,0,0,0,31.25,0,0,0,0,0,0,1000
6818,0,209,3000,500,1000,0,0,0,0,0,0,0,0,0,0,213.25,-1,0,0,0,31.5,0,0,0,0,0,0,1000
6819,0,210,3000,500,1000,0,0,0,0,0,0,0,0,0,0,213,-1,0,0,0,31.75,0,0,0,0,0,0,1000
6820,0,211,3000,500,1000,0,0,0,0,0,0,0,0,0,0,212.75,-1,0,0,0,32,0,0,0,0,0,0,1000
6821,0,212,3000,500,1000,0,0,0,0,0,0,0,0,0,0,212.5,-1,0,0,0,32.25,0,0,0,0,0,0,1000
6822,0,213,3000,500,1000,0,0,0,0,0,0,0,0,0,0,212.25,-1,0,0,0,32.5,0,0,0,0,0,0,1000
6823,0,214,3000,500,1000,0,0,0,0,0,0,0,0,0,0,212,-1,0,0,0,32.75,0,0,0,0,0,0,1000
6824,0,215,3000,500,1000,0,0,0,0,0,0,0,0,0,0,211.75,-1,0,0,0,33,0,0,0,0,0,0,1000
6825,0,216,3000,500,1000,0,0,0,0,0,0,0,0,0,0,211.5,-1,0,0,0,33.25,0,0,0,0,0,0,1000
6826,0,217,3000,500,1000,0,0,0,0,0,0,0,0,0,0,211.25,-1,0,0,0,33.5,0,0,0,0,0,0,1000
6827,0,218,3000,500,1000,0,0,0,0,0,0,0,0,0,0,211,-1,0,0,0,33.75,0,0,0,0,0,0,1000
6828,0,219,3000,500,1000,0,0,0,0,0,0,0,0,0,0,210.75,-1,0,0,0,34,0,0,0,0,0,0,1000
6829,0,220,3000,500,1000,0,0,0,0,0,0,0,0,0,0,210.5,-1,0,0,0,34.25,0,0,0,0,0,0,1000
6830,0,221,3000,500,1000,0,0,0,0,0,0,0,0,0,0,210.25,-1,0,0,0,34.5,0,0,0,0,0,0,1000
6831,0,222,3000,500,1000,0,0,0,0,0,0,0,0,0,0,210,-1,0,0,0,34.75,0,0,0,0,0,0,1000
6832,0,223,3000,500,1000,0,0,0,0,0,0,0,0,0,0,209.75,-1,0,0,0,35,0,0,0,0,0,0,1000
6833,0,224,3000,500,1000,0,0,0,0,0,0,0,0,0,0,209.5,-1,0,0,0,35.25,0,0,0,0,0,0,1000
6834,0,225,3000,500,1000,0,0,0,0,0,0,0,0,0,0,209.25,-1,0,0,0,35.5,0,0,0,0,0,0,1000
6835,0,226,3000,500,1000,0,0,0,0,0,0,0,0,0,0,209,-1,0,0,0,35.75,0,0,0,0,0,0,1000
6836,0,227,3000,500,1000,0,0,0,0,0,0,0,0,0,0,208.75,-1,0,0,0,36,0,0,0,0,0,0,1000
6837,0,228,3000,500,1000,0,0,0,0,0,0,0,0,0,0,208.5,-1,0,0,0,36.25,0,0,0,0,0,0,1000
6838,0,229,3000,500,1000,0,0,0,0,0,0,0,0,0,0,208.25,-1,0,0,0,36.5,0,0,0,0,0,0,1000
6839,0,230,3000,500,1000,0,0,0,0,0,0,0,0,0,0,208,-1,0,0,0,36.75,0,0,0,0,0,0,1000
6840,0,231,3000,500,1000,0,0,0,0,0,0,0,0,0,0,207.75,-1,0,0,0,37,0,0,0,0,0,0,1000
6841,0,232,3000,500,1000,0,0,0,0,0,0,0,0,0,0,207.5,-1,0,0,0,37.25,0,0,0,0,0,0,1000
6842,0,233,3000,500,1000,0,0,0,0,0,0,0,0,0,0,207.25,-1,0,0,0,37.5,0,0,0,0,0,0,1000
6843,0,234,3000,500,1000,0,0,0,0,0,0,0,0,0,0,207,-1,0,0,0,37.75,0,0,0,0,0,0,1000
6844,0,235,3000,500,1000,0,0,0,0,0,0,0,0,0,0,206.75,-1,0,0,0,38,0,0,0,0,0,0,1000
6845,0,236,3000,500,1000,0,0,0,0,0,0,0,0,0,0,206.5,-1,0,0,0,38.25,0,0,0,0,0,0,1000
6846,0,237,3000,500,1000,0,0,0,0,0,0,0,0,0,0,206.25,-1,0,0,0,38.5,0,0,0,0,0,0,1000
6847,0,238,3000,500,1000,0,0,0,0,0,0,0,0,0,0,206,-1,0,0,0,38.75,0,0,0,0,0,0,1000
6848,0,239,3000,500,1000,0,0,0,0,0,0,0,0,0,0,205.75,-1,0,0,0,39,0,0,0,0,0,0,1000
6849,0,240,3000,500,1000,0,0,0,0,0,0,0,0,0,0,205.5,-1,0,0,0,39.25,0,0,0,0,0,0,1000
6850,0,241,3000,500,1000,0,0,0,0,0,0,0,0,0,0,205.25,-1,0,0,0,39.5,0,0,0,0,0,0,1000
6851,0,242,3000,500,1000,0,0,0,0,0,0,0,0,0,0,205,-1,0,0,0,39.75,0,0,0,0,0,0,1000
6852,0,243,3000,500,1000,0,0,0,0,0,0,0,0,0,0,204.75,-1,0,0,0,40,0,0,0,0,0,0,1000
6853,0,244,3000,500,1000,0,0,0,0,0,0,0,0,0,0,204.5,-1,0,0,0,40.25,0,0,0,0,0,0,1000
6854,0,245,3000,500,1000,0,0,0,0,0,0,0,0,0,0,204.25,-1,0,0,0,40.5,0,0,0,0,0,0,1000
6855,0,246,3000,500,1000,0,0,0,0,0,0,0,0,0,0,204,-1,0,0,0,40.75,0,0,0,0,0,0,1000
6856,0,247,3000,500,1000,0,0,0,0,0,0,0,0,0,0,203.75,-1,0,0,0,41,0,0,0,0,0,0,1000
6857,0,248,3000,500,1000,0,0,0,0,0,0,0,0,0,0,203.5,-1,0,0,0,41.25,0,0,0,0,0,0,1000
6858,0,249,3000,500,1000,0,0,0,0,0,0,0,0,0,0,203.25,-1,0,0,0,41.5,0,0,0,0,0,0,1000
6859,0,250,3000,500,1000,0,0,0,0,0,0,0,0,0,0,203,-1,0,0,0,41.75,0,0,0,0,0,0,1000
6860,0,251,3000,500,1000,0,0,0,0,0,0,0,0,0,0,202.75,-1,0,0,0,42,0,0,0,0,0,0,1000
6861,0,252,3000,500,1000,0,0,0,0,0,0,0,0,0,0,202.5,-1,0,0,0,42.25,0,0,0,0,0,0,1000
6862,0,253,3000,500,1000,0,0,0,0,0,0,0,0,0,0,202.25,-1,0,0,0,42.5,0,0,0,0,0,0,1000
6863,0,254,3000,500,1000,0,0,0,0,0,0,0,0,0,0,202,-1,0,0,0,42.75,0,0,0,0,0,0,1000
6864,0,255,3000,500,1000,0,0,0,0,0,0,0,0,0,0,201.75,-1,0,0,0,43,0,0,0,0,0,0,1000
6865,0,256,3000,500,1000,0,0,0,0,0,0,0,0,0,0,201.5,-1,0,0,0,43.25,0,0,0,0,0,0,1000
6866,0,257,3000,500,1000,0,0,0,0,0,0,0,0,0,0,201.25,-1,0,0,0,43.5,0,0,0,0,0,0,1000
6867,0,258,3000,500,1000,0,0,0,0,0,0,0,0,0,0,201,-1,0,0,0,43.75,0,0,0,0,0,0,1000
6868,0,259,3000,500,1000,0,0,0,0,0,0,0,0,0,0,200.75,-1,0,0,0,44,0,0,0,0,0,0,1000
6869,0,260,3000,500,1000,0,0,0,0,0,0,0,0,0,0,200.5,-1,0,0,0,44.25,0,0,0,0,0,0,1000
6870,0,261,3000,500,1000,0,0,0,0,0,0,0,0,0,0,200.25,-1,0,0,0,44.5,0,0,0,0,0,0,1000
6871,0,262,3000,500,1000,0,0,0,0,0,0,0,0,0,0,200,-1,0,0,0,44.75,0,0,0,0,0,0,1000
6872,0,263,3000,500,1000,0,0,0,0,0,0,0,0,0,0,199.75,-1,0,0,0,45,0,0,0,0,0,0,1000
6873,0,264,3000,500,1000,0,0,0,0,0,0,0,0,0,0,199.5,-1,0,0,0,45.25,0,0,0,0,0,0,1000
6874,0,265,3000,500,1000,0,0,0,0,0,0,0,0,0,0,199.25,-1,0,0,0,45.5,0,0,0,0,0,0,1000
6875,0,266,3000,500,1000,0,0,0,0,0,0,0,0,0,0,199,-1,0,0,0,45.75,0,0,0,0,0,0,1000
6876,0,267,3000,500,1000,0,0,0,0,0,0,0,0,0,0,198.75,-1,0,0,0,46,0,0,0,0,0,0,1000
6877,0,268,3000,500,1000,0,0,0,0,0,0,0,0,0,0,198.5,-1,0,0,0,46.25,0,0,0,0,0,0,1000
6878,0,269,3000,500,1000,0,0,0,0,0,0,0,0,0,0,198.25,-1,0,0,0,46.5,0,0,0,0,0,0,1000
6879,0,270,3000,500,1000,0,0,0,0,0,0,0,0,0,0,198,-1,0,0,0,46.75,0,0,0,0,0,0,1000
6880,0,271,3000,500,1000,0,0,0,0,0,0,0,0,0,0,197.75,-1,0,0,0,47,0,0,0,0,0,0,1000
6881,0,272,3000,500,1000,0,0,0,0,0,0,0,0,0,0,197.5,-1,0,0,0,47.25,0,0,0,0,0,0,1000
6882,0,273,3000,500,1000,0,0,0,0,0,0,0,0,0,0,197.25,-1,0,0,0,47.5,0,0,0,0,0,0,1000
6883,0,274,3000,500,1000,0,0,0,0,0,0,0,0,0,0,197,-1,0,0,0,47.75,0,0,0,0,0,0,1000
6884,0,275,3000,500,1000,0,0,0,0,0,0,0,0,0,0,196.75,-1,0,0,0,48,0,0,0,0,0,0,1000
6885,0,276,3000,500,1000,0,0,0,0,0,0,0,0,0,0,196.5,-1,0,0,0,48.25,0,0,0,0,0,0,1000
6886,0,277,3000,500,1000,0,0,0,0,0,0,0,0,0,0,196.25,-1,0,0,0,48.5,0,0,0,0,0,0,1000
6887,0,278,3000,500,1000,0,0,0,0,0,0,0,0,0,0,196,-1,0,0,0,48.75,0,0,0,0,0,0,1000
6888,0,279,3000,500,1000,0,0,0,0,0,0,0,0,0,0,195.75,-1,0,0,0,49,0,0,0,0,0,0,1000
6889,0,280,3000,500,1000,0,0,0,0,0,0,0,0,0,0,195.5,-1,0,0,0,49.25,0,0,0,0,0,0,1000
6890,0,281,3000,500,1000,0,0,0,0,0,0,0,0,0,0,195.25,-1,0,0,0,49.5,0,0,0,0,0,0,1000
6891,0,282,3000,500,1000,0,0,0,0,0,0,0,0,0,0,195,-1,0,0,0,49.75,0,0,0,0,0,0,1000
6892,0,283,3000,500,1000,0,0,0,0,0,0,0,0,0,0,194.75,-1,0,0,0,50,0,0,0,0,0,0,1000
6893,0,284,3000,500,1000,0,0,0,0,0,0,0,0,0,0,194.5,-1,0,0,0,50.25,0,0,0,0,0,0,1000
6894,0,285,3000,500,1000,0,0,0,0,0,0,0,0,0,0,194.25,-1,0,0,0,50.5,0,0,0,0,0,0,1000
6895,0,286,3000,500,1000,0,0,0,0,0,0,0,0,0,0,194,-1,0,0,0,50.75,0,0,0,0,0,0,1000
6896,0,287,3000,500,1000,0,0,0,0,0,0,0,0,0,0,193.75,-1,0,0,0,51,0,0,0,0,0,0,1000
6897,0,288,3000,500,1000,0,0,0,0,0,0,0,0,0,0,193.5,-1,0,0,0,51.25,0,0,0,0,0,0,1000
6898,0,289,3000,500,1000,0,0,0,0,0,0,0,0,0,0,193.25,-1,0,0,0,51.5,0,0,0,0,0,0,1000
6899,0,290,3000,500,1000,0,0,0,0,0,0,0,0,0,0,193,-1,0,0,0,51.75,0,0,0,0,0,0,1000
6900,0,291,3000,500,1000,0,0,0,0,0,0,0,0,0,0,192.75,-1,0,0,0,52,0,0,0,0,0,0,1000
6901,0,292,3000,500,1000,0,0,0,0,0,0,0,0,0,0,192.5,-1,0,0,0,52.25,0,0,0,0,0,0,1000
6902,0,293,3000,500,1000,0,0,0,0,0,0,0,0,0,0,192.25,-1,0,0,0,52.5,0,0,0,0,0,0,1000
6903,0,294,3000,500,1000,0,0,0,0,0,0,0,0,0,0,192,-1,0,0,0,52.75,0,0,0,0,0,0,1000
6904,0,295,3000,500,1000,0,0,0,0,0,0,0,0,0,0,191.75,-1,0,0,0,53,0,0,0,0,0,0,1000
6905,0,296,3000,500,1000,0,0,0,0,0,0,0,0,0,0,191.5,-1,0,0,0,53.25,0,0,0,0,0,0,1000
6906,0,297,3000,500,1000,0,0,0,0,0,0,0,0,0,0,191.25,-1,0,0,0,53.5,0,0,0,0,0,0,1000
6907,0,298,3000,500,1000,0,0,0,0,0,0,0,0,0,0,191.25,-1,0,0,0,53.75,0,0,0,0,0,0,1000
6908,0,299,3000,500,1000,0,0,0,0,0,0,0,0,0,0,191.25,-1,0,0,0,53.75,0,0,0,0,0,0,1000
6909,0,300,3000,500,1000,0,0,0,0,0,0,0,0,0,0,145.00108337402344,-1,0,0,0,53.75,0,0,0,0,0,0,1000
6910,0,1,3000,500,1000,0,240,0,0,0,0,0,0,0,0,-78.75,1,0,0,0,53.75,0,0,0,0,0,0,1000
6911,0,2,3000,500,1000,0,239,0,0,0,0,0,0,0,0,-78.75,1,0,0,0,53.75,0,0,0,0,0,0,1000
6912,0,3,3000,500,1000,0,238,0,0,0,0,0,0,0,0,-78.75,1,0,0,0,53.75,0,0,0,0,0,0,1000
6913,0,4,3000,500,1000,0,237,0,0,0,0,0,0,0,0,-78.75,1,0,0,0,53.75,0,0,0,0,0,0,1000
6914,0,5,3000,500,1000,0,236,0,0,0,0,0,0,0,0,-78.75,1,0,0,0,53.75,0,0,0,0,0,0,1000
6915,0,6,3000,500,1000,0,235,0,0,0,0,0,0,0,0,-78.75,1,0,0,0,53.75,0,0,0,0,0,0,1000
6916,0,7,3000,500,1000,0,234,0,0,0,0,0,0,0,0,-78.75,1,0,0,0,53.75,0,0,0,0,0,0,1000
6917,0,8,3000,500,1000,0,233,0,0,0,0,0,0,0,0,-78.75,1,0,0,0,53.75,0,0,0,0,0,0,1000
6918,0,9,3000,500,1000,0,232,0,0,0,0,0,0,0,0,-78.75,1,0,0,0,53.75,0,0,0,0,0,0,1000
6919,10,1,3000,500,1000,0,231,0,0,0,0,0,0,0,0,-78.75,1,0,0,0,53.75,0,0,0,0,0,0,1000
6920,10,2,3000,500,1000,0,230,0,0,0,0,0,0,0,0,-78.75,1,0,0,0,53.75,0,0,0,0,0,0,1000
6921,10,3,3000,500,1000,0,229,0,0,0,0,0,0,0,0,-78.75,1,0,0,0,53.75,0,0,0,0,0,0,1000
6922,10,4,3000,500,1000,0,228,0,0,0,0,0,0,0,0,-78.75,1,0,0,0,53.75,0,0,0,0,0,0,1000
6923,10,5,3000,500,1000,0,227,0,0,0,0,0,0,0,0,-78.75,1,0,0,0,53.75,0,0,0,0,0,0,1000
6924,10,6,3000,500,1000,0,226,0,0,0,0,0,0,0,0,-78.75,1,0,0,0,53.75,0,0,0,0,0,0,1000
6925,12,1,3000,500,1000,0,225,0,0,0,0,0,0,0,0,-78.75,1,0,0,0,53.75,0,0,0,0,0,0,1000
6926,20,1,3000,500,1000,0,224,0,0,0,0,0,0,0,0,-77.25,1,0,0,0,53.75,0,0,0,0,0,0,1000
6927,20,2,3000,500,1000,0,223,0,0,0,0,0,0,0,0,-75.75,1,0,0,0,53.75,0,0,0,0,0,0,1000
6928,10,1,3000,500,1000,0,222,0,0,0,0,0,0,0,0,-75.75,1,0,0,0,53.75,0,0,0,0,0,0,1000
6929,10,2,3000,500,1000,0,221,0,0,0,0,0,0,0,0,-75.75,1,0,0,0,53.75,0,0,0,0,0,0,1000
6930,10,3,3000,500,1000,0,220,0,0,0,0,0,0,0,0,-75.75,1,0,0,0,53.75,0,0,0,0,0,0,1000
6931,10,4,3000,500,1000,0,219,0,0,0,0,0,0,0,0,-75.75,1,0,0,0,53.75,0,0,0,0,0,0,1000
6932,10,5,3000,500,1000,0,218,0,0,0,0,0,0,0,0,-75.75,1,0,0,0,53.75,0,0,0,0,0,0,1000
6933,10,6,3000,500,1000,0,217,0,0,0,0,0,0,0,0,-75.75,1,0,0,0,53.75,0,0,0,0,0,0,1000
6934,10,7,3000,500,1000,0,216,0,0,0,0,0,0,0,0,-75.75,1,0,0,0,53.75,0,0,0,0,0,0,1000
6935,10,8,3000,500,1000,0,215,0,0,0,0,0,0,0,0,-75.75,1,0,0,0,53.75,0,0,0,0,0,0,1000
6936,10,9,3000,500,1000,0,214,0,0,0,0,0,0,0,0,-75.75,1,0,0,0,53.75,0,0,0,0,0,0,1000
6937,3500,1,2000,500,1000,0,213,0,0,0,0,0,0,0,0,-75.75,1,0,0,0,53.75,0,0,0,0,0,0,1000
6938,3500,2,2000,500,1000,0,212,0,0,0,0,0,0,0,0,-75.75,1,0,0,0,53.75,0,0,0,0,0,0,1000
6939,3500,3,2000,500,1000,0,211,0,0,0,0,0,0,0,0,-75.75,1,0,0,0,53.75,0,0,0,0,0,0,1000
6940,3500,4,2000,500,1000,0,210,0,0,0,0,0,0,0,0,-75.75,1,0,0,0,53.75,0,0,0,0,0,0,1000
6941,3500,5,2000,500,1000,0,209,0,0,0,0,0,0,0,0,-71.55000305175781,1,0,0,0,53.75,0,0,0,0,0,0,1000
6942,3500,6,2000,500,1000,0,208,0,0,0,0,0,0,0,0,-67.3499984741211,1,0,0,0,53.75,0,0,0,0,0,0,1000
6943,3500,7,2000,500,1000,0,207,0,0,0,0,0,0,0,0,-63.150001525878906,1,0,0,0,53.75,0,0,0,0,0,0,1000
6944,3500,8,2000,500,1000,0,206,0,0,0,0,0,0,0,0,-58.95000076293945,1,0,0,0,53.75,0,0,0,0,0,0,1000
6945,3500,9,2000,500,1000,0,205,0,0,0,0,0,0,0,0,-55.75,1,0,0,0,53.75,0,0,0,0,0,0,1000
6946,3500,9,2000,500,935,0,204,0,0,0,0,0,0,0,0,-55.75,1,0,0,0,53.75,0,0,0,0,0,0,1018
6947,3500,9,2000,500,935,0,203,0,0,0,0,0,0,0,0,-55.75,1,0,0,0,53.75,0,0,0,0,0,0,1018
6948,3500,9,2000,500,935,0,202,0,0,0,0,0,0,0,0,-55.75,1,0,0,0,53.75,0,0,0,0,0,0,1018
6949,3500,9,2000,500,935,0,201,0,0,0,0,0,0,0,0,-55.75,1,0,0,0,53.75,0,0,0,0,0,0,1018
6950,3500,9,2000,500,935,0,200,0,0,0,0,0,0,0,0,-55.75,1,0,0,0,53.75,0,0,0,0,0,0,1018
6951,3500,9,2000,500,935,0,199,0,0,0,0,0,0,0,0,-55.75,1,0,0,0,53.75,0,0,0,0,0,0,1018
6952,3500,10,2000,500,935,0,198,0,0,0,0,0,0,0,0,-53.650001525878906,1,0,0,0,53.75,0,0,0,0,0,0,1018
6953,3500,11,2000,500,935,0,197,0,0,0,0,0,0,0,0,-51.54999923706055,1,0,0,0,53.75,0,0,0,0,0,0,1018
6954,3500,12,2000,500,935,0,196,0,0,0,0,0,0,0,0,-49.45000076293945,1,0,0,0,53.75,0,0,0,0,0,0,1018
6955,3500,13,2000,500,935,0,195,0,0,0,0,0,0,0,0,-47.349998474121094,1,0,0,0,53.75,0,0,0,0,0,0,1018
6956,3500,14,2000,500,935,0,194,0,0,0,0,0,0,0,0,-46.25,1,0,0,0,53.75,0,0,0,0,0,0,2018
6957,3500,15,2000,500,935,0,193,0,0,0,0,0,0,0,0,-45,1,0,0,0,53.75,0,0,0,0,0,0,2018
6958,3500,16,2000,500,935,0,192,0,0,0,0,0,0,0,0,-43.622501373291016,1,0,0,0,53.75,0,0,0,0,0,0,2018
6959,3500,17,2000,500,935,0,191,0,0,0,0,0,0,0,0,-42.13662338256836,1,0,0,0,53.75,0,0,0,0,0,0,2018
6960,3500,18,2000,500,935,0,190,0,0,0,0,0,0,0,0,-40.558631896972656,1,0,0,0,53.75,0,0,0,0,0,0,2018
6961,3500,19,2000,500,935,0,189,0,0,0,0,0,0,0,0,-38.45863342285156,1,0,0,0,53.75,0,0,0,0,0,0,2018
6962,3500,20,2000,500,935,0,188,0,0,0,0,0,0,0,0,-38.45863342285156,1,0,0,0,53.75,0,0,0,0,0,0,2018
6963,3500,21,2000,500,935,0,187,0,0,0,0,0,0,0,0,-38.45863342285156,1,0,0,0,53.75,0,0,0,0,0,0,2018
6964,3500,22,2000,500,935,0,186,0,0,0,0,0,0,0,0,-38.45863342285156,1,0,0,0,53.75,0,0,0,0,0,0,2018
6965,3500,23,2000,500,935,0,185,0,0,0,0,0,0,0,0,-38.45863342285156,1,0,0,0,53.75,0,0,0,0,0,0,2018
6966,3500,24,2000,500,935,0,184,0,0,0,0,0,0,0,0,-38.45863342285156,1,0,0,0,53.75,0,0,0,0,0,0,2018
6967,3500,25,2000,500,935,0,183,0,0,0,0,0,0,0,0,-38.45863342285156,1,0,0,0,53.75,0,0,0,0,0,0,2018
6968,3500,26,2000,500,935,0,182,0,0,0,0,0,0,0,0,-38.45863342285156,1,0,0,0,53.75,0,0,0,0,0,0,2018
6969,3500,27,2000,500,935,0,181,0,0,0,0,0,0,0,0,-38.45863342285156,1,0,0,0,53.75,0,0,0,0,0,0,2018
6970,3500,28,2000,500,935,0,180,0,0,0,0,0,0,0,0,-38.45863342285156,1,0,0,0,53.75,0,0,0,0,0,0,2018
6971,3500,29,2000,500,935,0,179,0,0,0,0,0,0,0,0,-38.45863342285156,1,0,0,0,53.75,0,0,0,0,0,0,2018
6972,3500,29,2000,500,830,0,178,0,0,0,0,0,0,0,0,-38.45863342285156,1,0,0,0,53.75,0,0,0,0,0,0,3036
6973,3500,29,2000,500,830,0,177,0,0,0,0,0,0,0,0,-38.45863342285156,1,0,0,0,53.75,0,0,0,0,0,0,3036
6974,3500,29,2000,500,830,0,176,0,0,0,0,0,0,0,0,-38.45863342285156,1,0,0,0,53.75,0,0,0,0,0,0,3036
6975,3500,29,2000,500,830,0,175,0,0,0,0,0,0,0,0,-38.45863342285156,1,0,0,0,53.75,0,0,0,0,0,0,3036
6976,3500,29,2000,500,830,0,174,0,0,0,0,0,0,0,0,-38.45863342285156,1,0,0,0,53.75,0,0,0,0,0,0,3036
6977,3500,29,2000,500,830,0,173,0,0,0,0,0,0,0,0,-38.45863342285156,1,0,0,0,53.75,0,0,0,0,0,0,3036
6978,3500,30,2000,500,830,0,172,0,0,0,0,0,0,0,0,-38.45863342285156,1,0,0,0,53.75,0,0,0,0,0,0,3036
6979,3500,31,2000,500,830,0,171,0,0,0,0,0,0,0,0,-38.45863342285156,1,0,0,0,53.75,0,0,0,0,0,0,3036
6980,3500,32,2000,500,830,0,170,0,0,0,0,0,0,0,0,-38.45863342285156,1,0,0,0,53.75,0,0,0,0,0,0,3036
6981,3500,33,2000,500,830,0,169,0,0,0,0,0,0,0,0,-38.45863342285156,1,0,0,0,53.75,0,0,0,0,0,0,3036
6982,3500,34,2000,500,830,0,168,0,0,0,0,0,0,0,0,-38.45863342285156,1,0,0,0,53.75,0,0,0,0,0,0,3036
6983,3500,35,2000,500,830,0,167,0,0,0,0,0,0,0,0,-38.45863342285156,1,0,0,0,53.75,0,0,0,0,0,0,3036
6984,3500,36,2000,500,830,0,166,0,0,0,0,0,0,0,0,-38.45863342285156,1,0,0,0,53.75,0,0,0,0,0,0,3036
6985,3500,37,2000,500,830,0,165,0,0,0,0,0,0,0,0,-38.45863342285156,1,0,0,0,53.75,0,0,0,0,0,0,3036
6986,3500,38,2000,500,830,0,164,0,0,0,0,0,0,0,0,-38.45863342285156,1,0,0,0,53.75,0,0,0,0,0,0,3036
6987,3500,39,2000,500,830,0,163,0,0,0,0,0,0,0,0,-38.45863342285156,1,0,0,0,53.75,0,0,0,0,0,0,3036
6988,3500,40,2000,500,830,0,162,0,0,0,0,0,0,0,0,-38.45863342285156,1,0,0,0,53.75,0,0,0,0,0,0,3036
6989,3500,41,2000,500,830,0,161,0,0,0,0,0,0,0,0,-38.45863342285156,1,0,0,0,53.75,0,0,0,0,0,0,3036
6990,3500,42,2000,500,830,0,160,0,0,0,0,0,0,0,0,-38.45863342285156,1,0,0,0,53.75,0,0,0,0,0,0,3036
6991,3500,43,2000,500,830,0,159,0,0,0,0,0,0,0,0,-38.45863342285156,1,0,0,0,53.75,0,0,0,0,0,0,3036
6992,3500,44,2000,500,830,0,158,0,0,0,0,0,0,0,0,-38.45863342285156,1,0,0,0,53.75,0,0,0,0,0,0,3036
6993,3500,45,2000,500,830,0,157,0,0,0,0,0,0,0,0,-38.45863342285156,1,0,0,0,53.75,0,0,0,0,0,0,3036
6994,3500,46,2000,500,830,0,156,0,0,0,0,0,0,0,0,-38.45863342285156,1,0,0,0,53.75,0,0,0,0,0,0,3036
6995,3500,47,2000,500,830,0,155,0,0,0,0,0,0,0,0,-38.45863342285156,1,0,0,0,53.75,0,0,0,0,0,0,3036
6996,3500,48,2000,500,830,0,154,0,0,0,0,0,0,0,0,-38.45863342285156,1,0,0,0,53.75,0,0,0,0,0,0,3036
6997,3500,49,2000,500,830,0,153,0,0,0,0,0,0,0,0,-38.45863342285156,1,0,0,0,53.75,0,0,0,0,0,0,3036
6998,3500,50,2000,500,830,0,152,0,0,0,0,0,0,0,0,-38.45863342285156,1,0,0,0,53.75,0,0,0,0,0,0,3036
6999,3500,51,2000,500,830,0,151,0,0,0,0,0,0,0,0,-38.45863342285156,1,0,0,0,53.75,0,0,0,0,0,0,3036
7000,3500,52,2000,500,830,0,150,0,0,0,0,0,0,0,0,-38.45863342285156,1,0,0,0,53.75,0,0,0,0,0,0,3036
7001,3500,53,2000,500,830,0,149,0,0,0,0,0,0,0,0,-38.45863342285156,1,0,0,0,53.75,0,0,0,0,0,0,3036
7002,3500,54,2000,500,830,0,148,0,0,0,0,0,0,0,0,-38.45863342285156,1,0,0,0,53.75,0,0,0,0,0,0,3036
7003,3500,55,2000,500,830,0,147,0,0,0,0,0,0,0,0,-38.45863342285156,1,0,0,0,53.75,0,0,0,0,0,0,3036
7004,3500,56,2000,500,830,0,146,0,0,0,0,0,0,0,0,-38.45863342285156,1,0,0,0,53.75,0,0,0,0,0,0,3036
7005,3500,57,2000,500,830,0,145,0,0,0,0,0,0,0,0,-38.45863342285156,1,0,0,0,53.75,0,0,0,0,0,0,3036
7006,3500,58,2000,500,830,0,144,0,0,0,0,0,0,0,0,-38.45863342285156,1,0,0,0,53.75,0,0,0,0,0,0,3036
7007,0,1,2000,500,830,0,143,0,0,0,0,0,0,0,0,-38.45863342285156,1,0,0,0,53.75,0,0,0,0,0,0,3036
7008,0,2,2000,500,830,0,142,0,0,0,0,0,0,0,0,-38.45863342285156,1,0,0,0,53.75,0,0,0,0,0,0,3036
7009,0,3,2000,500,830,0,141,0,0,0,0,0,0,0,0,-38.45863342285156,1,0,0,0,53.75,0,0,0,0,0,0,3036
7010,0,4,2000,500,830,0,140,0,0,0,0,0,0,0,0,-38.45863342285156,1,0,0,0,53.75,0,0,0,0,0,0,3036
7011,0,5,2000,500,830,0,139,0,0,0,0,0,0,0,0,-41.95863342285156,1,0,0,0,53.75,0,0,0,0,0,0,3036
7012,0,6,2000,500,830,0,138,0,0,0,0,0,0,0,0,-45.95863342285156,1,0,0,0,57.25,0,0,0,0,0,0,3036
7013,0,7,2000,500,830,0,137,0,0,0,0,0,0,0,0,-49.95863342285156,1,0,0,0,61.25,0,0,0,0,0,0,3036
7014,0,8,2000,500,830,0,136,0,0,0,0,0,0,0,0,-53.95863342285156,1,0,0,0,65.25,0,0,0,0,0,0,3036
7015,0,9,2000,500,830,0,135,0,0,0,0,0,0,0,0,-57.95863342285156,1,0,0,0,69.25,0,0,0,0,0,0,3036
7016,0,10,2000,500,830,0,134,0,0,0,0,0,0,0,0,-61.95863342285156,1,0,0,0,73.25,0,0,0,0,0,0,3036
7017,0,11,2000,500,830,0,133,0,0,0,0,0,0,0,0,-65.95863342285156,1,0,0,0,77.25,0,0,0,0,0,0,3036
7018,0,12,2000,500,830,0,132,0,0,0,0,0,0,0,0,-69.95863342285156,1,0,0,0,81.25,0,0,0,0,0,0,3036
7019,0,13,2000,500,830,0,131,0,0,0,0,0,0,0,0,-73.95863342285156,1,0,0,0,85.25,0,0,0,0,0,0,3036
7020,0,14,2000,500,830,0,130,0,0,0,0,0,0,0,0,-77.95863342285156,1,0,0,0,89.25,0,0,0,0,0,0,3036
7021,0,15,2000,500,830,0,129,0,0,0,0,0,0,0,0,-81.95863342285156,1,0,0,0,93.25,0,0,0,0,0,0,3036
7022,0,16,2000,500,830,0,128,0,0,0,0,0,0,0,0,-85.95863342285156,1,0,0,0,97.25,0,0,0,0,0,0,3036
7023,0,17,2000,500,830,0,127,0,0,0,0,0,0,0,0,-89.95863342285156,1,0,0,0,101.25,0,0,0,0,0,0,3036
7024,0,18,2000,500,830,0,126,0,0,0,0,0,0,0,0,-93.95863342285156,1,0,0,0,105.25,0,0,0,0,0,0,3036
7025,0,19,2000,500,830,0,125,0,0,0,0,0,0,0,0,-97.95863342285156,1,0,0,0,109.25,0,0,0,0,0,0,3036
7026,0,20,2000,500,830,0,124,0,0,0,0,0,0,0,0,-97.95863342285156,1,0,0,0,113.25,0,0,0,0,0,0,3036
7027,0,21,2000,500,830,0,123,0,0,0,0,0,0,0,0,-97.95863342285156,1,0,0,0,113.25,0,0,0,0,0,0,3036
7028,0,22,2000,500,830,0,122,0,0,0,0,0,0,0,0,-97.95863342285156,1,0,0,0,113.25,0,0,0,0,0,0,3036
7029,0,23,2000,500,830,0,121,0,0,0,0,0,0,0,0,-97.95863342285156,1,0,0,0,113.25,0,0,0,0,0,0,3036
7030,0,24,2000,500,830,0,120,0,0,0,0,0,0,0,0,-97.95863342285156,1,0,0,0,113.25,0,0,0,0,0,0,3036
7031,0,25,2000,500,830,0,119,0,0,0,0,0,0,0,0,-97.95863342285156,1,0,0,0,113.25,0,0,0,0,0,0,3036
7032,0,26,2000,500,830,0,118,0,0,0,0,0,0,0,0,-97.95863342285156,1,0,0,0,113.25,0,0,0,0,0,0,3036
7033,0,27,2000,500,830,0,117,0,0,0,0,0,0,0,0,-97.95863342285156,1,0,0,0,113.25,0,0,0,0,0,0,3036
7034,0,28,2000,500,830,0,116,0,0,0,0,0,0,0,0,-100.95863342285156,1,0,0,0,113.25,0,0,0,0,0,0,3036
7035,0,29,2000,500,830,0,115,0,0,0,0,0,0,0,0,-103.95863342285156,1,0,0,0,116.25,0,0,0,0,0,0,3036
7036,0,30,2000,500,830,0,114,0,0,0,0,0,0,0,0,-106.95863342285156,1,0,0,0,119.25,0,0,0,0,0,0,3036
7037,0,31,2000,500,830,0,113,0,0,0,0,0,0,0,0,-109.95863342285156,1,0,0,0,122.25,0,0,0,0,0,0,3036
7038,0,32,2000,500,830,0,112,0,0,0,0,0,0,0,0,-111.45863342285156,1,0,0,0,125.25,0,0,0,0,0,0,3036
7039,0,33,2000,500,830,0,111,0,0,0,0,0,0,0,0,-112.95863342285156,1,0,0,0,126.75,0,0,0,0,0,0,3036
7040,0,34,2000,500,830,0,110,0,0,0,0,0,0,0,0,-114.45863342285156,1,0,0,0,128.25,0,0,0,0,0,0,3036
7041,0,35,2000,500,830,0,109,0,0,0,0,0,0,0,0,-115.95863342285156,1,0,0,0,129.75,0,0,0,0,0,0,3036
7042,0,36,2000,500,830,0,108,0,0,0,0,0,0,0,0,-117.45863342285156,1,0,0,0,131.25,0,0,0,0,0,0,3036
7043,0,37,2000,500,830,0,107,0,0,0,0,0,0,0,0,-118.95863342285156,1,0,0,0,132.75,0,0,0,0,0,0,3036
7044,0,38,2000,500,830,0,106,0,0,0,0,0,0,0,0,-120.45863342285156,1,0,0,0,134.25,0,0,0,0,0,0,3036
7045,0,39,2000,500,830,0,105,0,0,0,0,0,0,0,0,-121.95863342285156,1,0,0,0,135.75,0,0,0,0,0,0,3036
7046,0,40,2000,500,830,0,104,0,0,0,0,0,0,0,0,-123.45863342285156,1,0,0,0,137.25,0,0,0,0,0,0,3036
7047,0,41,2000,500,830,0,103,0,0,0,0,0,0,0,0,-124.95863342285156,1,0,0,0,138.75,0,0,0,0,0,0,3036
7048,0,42,2000,500,830,0,102,0,0,0,0,0,0,0,0,-126.45863342285156,1,0,0,0,140.25,0,0,0,0,0,0,3036
7049,0,43,2000,500,830,0,101,0,0,0,0,0,0,0,0,-127.95863342285156,1,0,0,0,141.75,0,0,0,0,0,0,3036
7050,0,44,2000,500,830,0,100,0,0,0,0,0,0,0,0,-129.45863342285156,1,0,0,0,143.25,0,0,0,0,0,0,3036
7051,0,45,2000,500,830,0,99,0,0,0,0,0,0,0,0,-130.95863342285156,1,0,0,0,144.75,0,0,0,0,0,0,3036
7052,0,46,2000,500,830,0,98,0,0,0,0,0,0,0,0,-132.45863342285156,1,0,0,0,146.25,0,0,0,0,0,0,3036
7053,0,47,2000,500,830,0,97,0,0,0,0,0,0,0,0,-133.95863342285156,1,0,0,0,147.75,0,0,0,0,0,0,3036
7054,0,48,2000,500,830,0,96,0,0,0,0,0,0,0,0,-135.20863342285156,1,0,0,0,149.25,0,0,0,0,0,0,3036
7055,0,49,2000,500,830,0,95,0,0,0,0,0,0,0,0,-136.45863342285156,1,0,0,0,150.5,0,0,0,0,0,0,3036
7056,0,50,2000,500,830,0,94,0,0,0,0,0,0,0,0,-137.20863342285156,1,0,0,0,151.75,0,0,0,0,0,0,3036
7057,0,51,2000,500,830,0,93,0,0,0,0,0,0,0,0,-137.95863342285156,1,0,0,0,152.5,0,0,0,0,0,0,3036
7058,0,52,2000,500,830,0,92,0,0,0,0,0,0,0,0,-138.70863342285156,1,0,0,0,153.25,0,0,0,0,0,0,3036
7059,0,53,2000,500,830,0,91,0,0,0,0,0,0,0,0,-139.20863342285156,1,0,0,0,154,0,0,0,0,0,0,3036
7060,0,54,2000,500,830,0,90,0,0,0,0,0,0,0,0,-139.70863342285156,1,0,0,0,154.5,0,0,0,0,0,0,3036
7061,0,55,2000,500,830,0,89,0,0,0,0,0,0,0,0,-140.20863342285156,1,0,0,0,155,0,0,0,0,0,0,3036
7062,0,56,2000,500,830,0,88,0,0,0,0,0,0,0,0,-140.45863342285156,1,0,0,0,155.5,0,0,0,0,0,0,3036
7063,0,57,2000,500,830,0,87,0,0,0,0,0,0,0,0,-140.70863342285156,1,0,0,0,155.75,0,0,0,0,0,0,3036
7064,0,58,2000,500,830,0,86,0,0,0,0,0,0,0,0,-140.95863342285156,1,0,0,0,156,0,0,0,0,0,0,3036
7065,0,59,2000,500,830,0,85,0,0,0,0,0,0,0,0,-141.20863342285156,1,0,0,0,156.25,0,0,0,0,0,0,3036
7066,0,60,2000,500,830,0,84,0,0,0,0,0,0,0,0,-141.45863342285156,1,0,0,0,156.5,0,0,0,0,0,0,3036
7067,0,61,2000,500,830,0,83,0,0,0,0,0,0,0,0,-141.70863342285156,1,0,0,0,156.75,0,0,0,0,0,0,3036
7068,0,62,2000,500,830,0,82,0,0,0,0,0,0,0,0,-141.70863342285156,1,0,0,0,157,0,0,0,0,0,0,3036
7069,0,63,2000,500,830,0,81,0,0,0,0,0,0,0,0,-141.95863342285156,1,0,0,0,157,0,0,0,0,0,0,3036
7070,0,64,2000,500,830,0,80,0,0,0,0,0,0,0,0,-141.95863342285156,1,0,0,0,157.25,0,0,0,0,0,0,3036
7071,0,65,2000,500,830,0,79,0,0,0,0,0,0,0,0,-141.95863342285156,1,0,0,0,157.25,0,0,0,0,0,0,3036
7072,0,66,2000,500,830,0,78,0,0,0,0,0,0,0,0,-142.20863342285156,1,0,0,0,157.25,0,0,0,0,0,0,3036
7073,0,67,2000,500,830,0,77,0,0,0,0,0,0,0,0,-142.20863342285156,1,0,0,0,157.5,0,0,0,0,0,0,3036
7074,0,68,2000,500,830,0,76,0,0,0,0,0,0,0,0,-142.20863342285156,1,0,0,0,157.5,0,0,0,0,0,0,3036
7075,0,69,2000,500,830,0,75,0,0,0,0,0,0,0,0,-142.20863342285156,1,0,0,0,157.5,0,0,0,0,0,0,3036
7076,0,70,2000,500,830,0,74,0,0,0,0,0,0,0,0,-142.20863342285156,1,0,0,0,157.5,0,0,0,0,0,0,3036
7077,0,71,2000,500,830,0,73,0,0,0,0,0,0,0,0,-142.20863342285156,1,0,0,0,157.5,0,0,0,0,0,0,3036
7078,0,72,2000,500,830,0,72,0,0,0,0,0,0,0,0,-142.20863342285156,1,0,0,0,157.5,0,0,0,0,0,0,3036
7079,0,73,2000,500,830,0,71,0,0,0,0,0,0,0,0,-142.20863342285156,1,0,0,0,157.5,0,0,0,0,0,0,3036
7080,0,74,2000,500,830,0,70,0,0,0,0,0,0,0,0,-142.20863342285156,1,0,0,0,157.5,0,0,0,0,0,0,3036
7081,0,75,2000,500,830,0,69,0,0,0,0,0,0,0,0,-142.20863342285156,1,0,0,0,157.5,0,0,0,0,0,0,3036
7082,0,76,2000,500,830,0,68,0,0,0,0,0,0,0,0,-142.20863342285156,1,0,0,0,157.5,0,0,0,0,0,0,3036
7083,0,77,2000,500,830,0,67,0,0,0,0,0,0,0,0,-142.20863342285156,1,0,0,0,157.5,0,0,0,0,0,0,3036
7084,0,78,2000,500,830,0,66,0,0,0,0,0,0,0,0,-142.20863342285156,1,0,0,0,157.5,0,0,0,0,0,0,3036
7085,0,79,2000,500,830,0,65,0,0,0,0,0,0,0,0,-142.20863342285156,1,0,0,0,157.5,0,0,0,0,0,0,3036
7086,0,80,2000,500,830,0,64,0,0,0,0,0,0,0,0,-142.20863342285156,1,0,0,0,157.5,0,0,0,0,0,0,3036
7087,0,81,2000,500,830,0,63,0,0,0,0,0,0,0,0,-142.20863342285156,1,0,0,0,157.5,0,0,0,0,0,0,3036
7088,0,82,2000,500,830,0,62,0,0,0,0,0,0,0,0,-142.20863342285156,1,0,0,0,157.5,0,0,0,0,0,0,3036
7089,0,83,2000,500,830,0,61,0,0,0,0,0,0,0,0,-142.20863342285156,1,0,0,0,157.5,0,0,0,0,0,0,3036
7090,0,84,2000,500,830,0,60,0,0,0,0,0,0,0,0,-142.20863342285156,1,0,0,0,157.5,0,0,0,0,0,0,3036
7091,0,85,2000,500,830,0,59,0,0,0,0,0,0,0,0,-142.20863342285156,1,0,0,0,157.5,0,0,0,0,0,0,3036
7092,0,86,2000,500,830,0,58,0,0,0,0,0,0,0,0,-142.20863342285156,1,0,0,0,157.5,0,0,0,0,0,0,3036
7093,0,87,2000,500,830,0,57,0,0,0,0,0,0,0,0,-142.20863342285156,1,0,0,0,157.5,0,0,0,0,0,0,3036
7094,0,88,2000,500,830,0,56,0,0,0,0,0,0,0,0,-142.20863342285156,1,0,0,0,157.5,0,0,0,0,0,0,3036
7095,0,89,2000,500,830,0,55,0,0,0,0,0,0,0,0,-142.20863342285156,1,0,0,0,157.5,0,0,0,0,0,0,3036
7096,0,90,2000,500,830,0,54,0,0,0,0,0,0,0,0,-142.20863342285156,1,0,0,0,157.5,0,0,0,0,0,0,3036
7097,0,91,2000,500,830,0,53,0,0,0,0,0,0,0,0,-142.20863342285156,1,0,0,0,157.5,0,0,0,0,0,0,3036
7098,0,92,2000,500,830,0,52,0,0,0,0,0,0,0,0,-142.20863342285156,1,0,0,0,157.5,0,0,0,0,0,0,3036
7099,0,93,2000,500,830,0,51,0,0,0,0,0,0,0,0,-142.20863342285156,1,0,0,0,157.5,0,0,0,0,0,0,3036
7100,0,94,2000,500,830,0,50,0,0,0,0,0,0,0,0,-142.20863342285156,1,0,0,0,157.5,0,0,0,0,0,0,3036
7101,0,95,2000,500,830,0,49,0,0,0,0,0,0,0,0,-142.20863342285156,1,0,0,0,157.5,0,0,0,0,0,0,3036
7102,0,96,2000,500,830,0,48,0,0,0,0,0,0,0,0,-142.20863342285156,1,0,0,0,157.5,0,0,0,0,0,0,3036
7103,0,97,2000,500,830,0,47,0,0,0,0,0,0,0,0,-142.20863342285156,1,0,0,0,157.5,0,0,0,0,0,0,3036
7104,0,98,2000,500,830,0,46,0,0,0,0,0,0,0,0,-142.20863342285156,1,0,0,0,157.5,0,0,0,0,0,0,3036
7105,0,99,2000,500,830,0,45,0,0,0,0,0,0,0,0,-142.20863342285156,1,0,0,0,157.5,0,0,0,0,0,0,3036
7106,0,100,2000,500,830,0,44,0,0,0,0,0,0,0,0,-142.20863342285156,1,0,0,0,157.5,0,0,0,0,0,0,3036
7107,0,101,2000,500,830,0,43,0,0,0,0,0,0,0,0,-142.20863342285156,1,0,0,0,157.5,0,0,0,0,0,0,3036
7108,0,102,2000,500,830,0,42,0,0,0,0,0,0,0,0,-142.20863342285156,1,0,0,0,157.5,0,0,0,0,0,0,3036
7109,0,103,2000,500,830,0,41,0,0,0,0,0,0,0,0,-142.20863342285156,1,0,0,0,157.5,0,0,0,0,0,0,3036
7110,0,104,2000,500,830,0,40,0,0,0,0,0,0,0,0,-142.20863342285156,1,0,0,0,157.5,0,0,0,0,0,0,3036
7111,0,105,2000,500,830,0,39,0,0,0,0,0,0,0,0,-142.20863342285156,1,0,0,0,157.5,0,0,0,0,0,0,3036
7112,0,106,2000,500,830,0,38,0,0,0,0,0,0,0,0,-142.20863342285156,1,0,0,0,157.5,0,0,0,0,0,0,3036
7113,0,107,2000,500,830,0,37,0,0,0,0,0,0,0,0,-142.20863342285156,1,0,0,0,157.5,0,0,0,0,0,0,3036
7114,0,108,2000,500,830,0,36,0,0,0,0,0,0,0,0,-142.20863342285156,1,0,0,0,157.5,0,0,0,0,0,0,3036
7115,0,109,2000,500,830,0,35,0,0,0,0,0,0,0,0,-142.20863342285156,1,0,0,0,157.5,0,0,0,0,0,0,3036
7116,0,110,2000,500,830,0,34,0,0,0,0,0,0,0,0,-142.20863342285156,1,0,0,0,157.5,0,0,0,0,0,0,3036
7117,0,111,2000,500,830,0,33,0,0,0,0,0,0,0,0,-142.20863342285156,1,0,0,0,157.5,0,0,0,0,0,0,3036
7118,0,112,2000,500,830,0,32,0,0,0,0,0,0,0,0,-142.20863342285156,1,0,0,0,157.5,0,0,0,0,0,0,3036
7119,0,113,2000,500,830,0,31,0,0,0,0,0,0,0,0,-142.20863342285156,1,0,0,0,157.5,0,0,0,0,0,0,3036
7120,0,114,2000,500,830,0,30,0,0,0,0,0,0,0,0,-142.20863342285156,1,0,0,0,157.5,0,0,0,0,0,0,3036
7121,0,115,2000,500,830,0,29,0,0,0,0,0,0,0,0,-142.20863342285156,1,0,0,0,157.5,0,0,0,0,0,0,3036
7122,0,116,2000,500,830,0,28,0,0,0,0,0,0,0,0,-142.20863342285156,1,0,0,0,157.5,0,0,0,0,0,0,3036
7123,0,117,2000,500,830,0,27,0,0,0,0,0,0,0,0,-142.20863342285156,1,0,0,0,157.5,0,0,0,0,0,0,3036
7124,0,118,2000,500,830,0,26,0,0,0,0,0,0,0,0,-142.20863342285156,1,0,0,0,157.5,0,0,0,0,0,0,3036
7125,0,119,2000,500,830,0,25,0,0,0,0,0,0,0,0,-142.20863342285156,1,0,0,0,157.5,0,0,0,0,0,0,3036
7126,0,120,2000,500,830,0,24,0,0,0,0,0,0,0,0,-142.20863342285156,1,0,0,0,157.5,0,0,0,0,0,0,3036
7127,0,121,2000,500,830,0,23,0,0,0,0,0,0,0,0,-142.20863342285156,1,0,0,0,157.5,0,0,0,0,0,0,3036
7128,0,122,2000,500,830,0,22,0,0,0,0,0,0,0,0,-142.20863342285156,1,0,0,0,157.5,0,0,0,0,0,0,3036
7129,0,123,2000,500,830,0,21,0,0,0,0,0,0,0,0,-142.20863342285156,1,0,0,0,157.5,0,0,0,0,0,0,3036
7130,0,124,2000,500,830,0,20,0,0,0,0,0,0,0,0,-142.20863342285156,1,0,0,0,157.5,0,0,0,0,0,0,3036
7131,0,125,2000,500,830,0,19,0,0,0,0,0,0,0,0,-142.20863342285156,1,0,0,0,157.5,0,0,0,0,0,0,3036
7132,0,126,2000,500,830,0,18,0,0,0,0,0,0,0,0,-142.20863342285156,1,0,0,0,157.5,0,0,0,0,0,0,3036
7133,0,127,2000,500,830,0,17,0,0,0,0,0,0,0,0,-142.20863342285156,1,0,0,0,157.5,0,0,0,0,0,0,3036
7134,0,128,2000,500,830,0,16,0,0,0,0,0,0,0,0,-142.20863342285156,1,0,0,0,157.5,0,0,0,0,0,0,3036
7135,0,129,2000,500,830,0,15,0,0,0,0,0,0,0,0,-142.20863342285156,1,0,0,0,157.5,0,0,0,0,0,0,3036
7136,0,130,2000,500,830,0,14,0,0,0,0,0,0,0,0,-142.20863342285156,1,0,0,0,157.5,0,0,0,0,0,0,3036
7137,0,131,2000,500,830,0,13,0,0,0,0,0,0,0,0,-142.20863342285156,1,0,0,0,157.5,0,0,0,0,0,0,3036
7138,0,132,2000,500,830,0,12,0,0,0,0,0,0,0,0,-142.20863342285156,1,0,0,0,157.5,0,0,0,0,0,0,3036
7139,0,133,2000,500,830,0,11,0,0,0,0,0,0,0,0,-142.20863342285156,1,0,0,0,157.5,0,0,0,0,0,0,3036
7140,0,134,2000,500,830,0,10,0,0,0,0,0,0,0,0,-142.20863342285156,1,0,0,0,157.5,0,0,0,0,0,0,3036
7141,0,135,2000,500,830,0,9,0,0,0,0,0,0,0,0,-142.20863342285156,1,0,0,0,157.5,0,0,0,0,0,0,3036
7142,0,136,2000,500,830,0,8,0,0,0,0,0,0,0,0,-142.20863342285156,1,0,0,0,157.5,0,0,0,0,0,0,3036
7143,0,137,2000,500,830,0,7,0,0,0,0,0,0,0,0,-142.20863342285156,1,0,0,0,157.5,0,0,0,0,0,0,3036
7144,0,138,2000,500,830,0,6,0,0,0,0,0,0,0,0,-142.20863342285156,1,0,0,0,157.5,0,0,0,0,0,0,3036
7145,0,139,2000,500,830,0,5,0,0,0,0,0,0,0,0,-142.20863342285156,1,0,0,0,157.5,0,0,0,0,0,0,3036
7146,0,140,2000,500,830,0,4,0,0,0,0,0,0,0,0,-142.20863342285156,1,0,0,0,157.5,0,0,0,0,0,0,3036
7147,0,141,2000,500,830,0,3,0,0,0,0,0,0,0,0,-142.20863342285156,1,0,0,0,157.5,0,0,0,0,0,0,3036
7148,0,142,2000,500,830,0,2,0,0,0,0,0,0,0,0,-142.20863342285156,1,0,0,0,157.5,0,0,0,0,0,0,3036
7149,0,143,2000,500,830,0,1,0,0,0,0,0,0,0,0,-142.20863342285156,1,0,0,0,157.5,0,0,0,0,0,0,3036
7150,0,144,2000,500,830,0,0,0,0,0,0,0,0,0,0,-142.20863342285156,1,0,0,0,157.5,0,0,0,0,0,0,3036
7151,0,145,2000,500,830,0,0,0,0,0,0,0,0,0,0,-142.20863342285156,1,0,0,0,157.5,0,0,0,0,0,0,3036
7152,0,146,2000,500,830,0,0,0,0,0,0,0,0,0,0,-142.20863342285156,1,0,0,0,157.5,0,0,0,0,0,0,3036
7153,0,147,2000,500,830,0,0,0,0,0,0,0,0,0,0,-142.20863342285156,1,0,0,0,157.5,0,0,0,0,0,0,3036
7154,0,148,2000,500,830,0,0,0,0,0,0,0,0,0,0,-142.20863342285156,1,0,0,0,157.5,0,0,0,0,0,0,3036
7155,0,149,2000,500,830,0,0,0,0,0,0,0,0,0,0,-142.20863342285156,1,0,0,0,157.5,0,0,0,0,0,0,3036
7156,0,150,2000,500,830,0,0,0,0,0,0,0,0,0,0,-142.20863342285156,1,0,0,0,157.5,0,0,0,0,0,0,3036
7157,0,151,2000,500,830,0,0,0,0,0,0,0,0,0,0,-142.20863342285156,1,0,0,0,157.5,0,0,0,0,0,0,3036
7158,0,152,2000,500,830,0,0,0,0,0,0,0,0,0,0,-142.20863342285156,1,0,0,0,157.5,0,0,0,0,0,0,3036
7159,0,153,2000,500,830,0,0,0,0,0,0,0,0,0,0,-142.20863342285156,1,0,0,0,157.5,0,0,0,0,0,0,3036
7160,0,154,2000,500,830,0,0,0,0,0,0,0,0,0,0,-142.20863342285156,1,0,0,0,157.5,0,0,0,0,0,0,3036
7161,0,155,2000,500,830,0,0,0,0,0,0,0,0,0,0,-142.20863342285156,1,0,0,0,157.5,0,0,0,0,0,0,3036
7162,0,156,2000,500,830,0,0,0,0,0,0,0,0,0,0,-142.20863342285156,1,0,0,0,157.5,0,0,0,0,0,0,3036
7163,0,157,2000,500,830,0,0,0,0,0,0,0,0,0,0,-142.20863342285156,1,0,0,0,157.5,0,0,0,0,0,0,3036
7164,0,158,2000,500,830,0,0,0,0,0,0,0,0,0,0,-142.20863342285156,1,0,0,0,157.5,0,0,0,0,0,0,3036
7165,0,159,2000,500,830,0,0,0,0,0,0,0,0,0,0,-142.20863342285156,1,0,0,0,157.5,0,0,0,0,0,0,3036
7166,0,160,2000,500,830,0,0,0,0,0,0,0,0,0,0,-142.20863342285156,1,0,0,0,157.5,0,0,0,0,0,0,3036
7167,0,161,2000,500,830,0,0,0,0,0,0,0,0,0,0,-142.20863342285156,1,0,0,0,157.5,0,0,0,0,0,0,3036
7168,0,162,2000,500,830,0,0,0,0,0,0,0,0,0,0,-142.20863342285156,1,0,0,0,157.5,0,0,0,0,0,0,3036
7169,0,163,2000,500,830,0,0,0,0,0,0,0,0,0,0,-142.20863342285156,1,0,0,0,157.5,0,0,0,0,0,0,3036
7170,0,164,2000,500,830,0,0,0,0,0,0,0,0,0,0,-142.20863342285156,1,0,0,0,157.5,0,0,0,0,0,0,3036
7171,0,165,2000,500,830,0,0,0,0,0,0,0,0,0,0,-142.20863342285156,1,0,0,0,157.5,0,0,0,0,0,0,3036
7172,0,166,2000,500,830,0,0,0,0,0,0,0,0,0,0,-142.20863342285156,1,0,0,0,157.5,0,0,0,0,0,0,3036
7173,0,167,2000,500,830,0,0,0,0,0,0,0,0,0,0,-142.20863342285156,1,0,0,0,157.5,0,0,0,0,0,0,3036
7174,0,168,2000,500,830,0,0,0,0,0,0,0,0,0,0,-142.20863342285156,1,0,0,0,157.5,0,0,0,0,0,0,3036
7175,0,169,2000,500,830,0,0,0,0,0,0,0,0,0,0,-142.20863342285156,1,0,0,0,157.5,0,0,0,0,0,0,3036
7176,0,170,2000,500,830,0,0,0,0,0,0,0,0,0,0,-142.20863342285156,1,0,0,0,157.5,0,0,0,0,0,0,3036
7177,0,171,2000,500,830,0,0,0,0,0,0,0,0,0,0,-142.20863342285156,1,0,0,0,157.5,0,0,0,0,0,0,3036
7178,0,172,2000,500,830,0,0,0,0,0,0,0,0,0,0,-142.20863342285156,1,0,0,0,157.5,0,0,0,0,0,0,3036
7179,0,173,2000,500,830,0,0,0,0,0,0,0,0,0,0,-142.20863342285156,1,0,0,0,157.5,0,0,0,0,0,0,3036
7180,0,174,2000,500,830,0,0,0,0,0,0,0,0,0,0,-142.20863342285156,1,0,0,0,157.5,0,0,0,0,0,0,3036
7181,0,175,2000,500,830,0,0,0,0,0,0,0,0,0,0,-142.20863342285156,1,0,0,0,157.5,0,0,0,0,0,0,3036
7182,0,176,2000,500,830,0,0,0,0,0,0,0,0,0,0,-142.20863342285156,1,0,0,0,157.5,0,0,0,0,0,0,3036
7183,0,177,2000,500,830,0,0,0,0,0,0,0,0,0,0,-142.20863342285156,1,0,0,0,157.5,0,0,0,0,0,0,3036
7184,0,178,2000,500,830,0,0,0,0,0,0,0,0,0,0,-142.20863342285156,1,0,0,0,157.5,0,0,0,0,0,0,3036
7185,0,179,2000,500,830,0,0,0,0,0,0,0,0,0,0,-142.20863342285156,1,0,0,0,157.5,0,0,0,0,0,0,3036
7186,0,180,2000,500,830,0,0,0,0,0,0,0,0,0,0,-142.20863342285156,1,0,0,0,157.5,0,0,0,0,0,0,3036
7187,0,181,2000,500,830,0,0,0,0,0,0,0,0,0,0,-142.20863342285156,1,0,0,0,157.5,0,0,0,0,0,0,3036
7188,0,182,2000,500,830,0,0,0,0,0,0,0,0,0,0,-142.20863342285156,1,0,0,0,157.5,0,0,0,0,0,0,3036
7189,0,183,2000,500,830,0,0,0,0,0,0,0,0,0,0,-142.20863342285156,1,0,0,0,157.5,0,0,0,0,0,0,3036
7190,0,184,2000,500,830,0,0,0,0,0,0,0,0,0,0,-142.20863342285156,1,0,0,0,157.5,0,0,0,0,0,0,3036
7191,0,185,2000,500,830,0,0,0,0,0,0,0,0,0,0,-142.20863342285156,1,0,0,0,157.5,0,0,0,0,0,0,3036
7192,0,186,2000,500,830,0,0,0,0,0,0,0,0,0,0,-142.20863342285156,1,0,0,0,157.5,0,0,0,0,0,0,3036
7193,0,187,2000,500,830,0,0,0,0,0,0,0,0,0,0,-142.20863342285156,1,0,0,0,157.5,0,0,0,0,0,0,3036
7194,0,188,2000,500,830,0,0,0,0,0,0,0,0,0,0,-142.20863342285156,1,0,0,0,157.5,0,0,0,0,0,0,3036
7195,0,189,2000,500,830,0,0,0,0,0,0,0,0,0,0,-142.20863342285156,1,0,0,0,157.5,0,0,0,0,0,0,3036
7196,0,190,2000,500,830,0,0,0,0,0,0,0,0,0,0,-142.20863342285156,1,0,0,0,157.5,0,0,0,0,0,0,3036
7197,0,191,2000,500,830,0,0,0,0,0,0,0,0,0,0,-142.20863342285156,1,0,0,0,157.5,0,0,0,0,0,0,3036
7198,0,192,2000,500,830,0,0,0,0,0,0,0,0,0,0,-142.20863342285156,1,0,0,0,157.5,0,0,0,0,0,0,3036
7199,0,193,2000,500,830,0,0,0,0,0,0,0,0,0,0,-142.20863342285156,1,0,0,0,157.5,0,0,0,0,0,0,3036
7200,0,194,2000,500,830,0,0,0,0,0,0,0,0,0,0,-142.20863342285156,1,0,0,0,157.5,0,0,0,0,0,0,3036
7201,0,195,2000,500,830,0,0,0,0,0,0,0,0,0,0,-142.20863342285156,1,0,0,0,157.5,0,0,0,0,0,0,3036
7202,0,196,2000,500,830,0,0,0,0,0,0,0,0,0,0,-142.20863342285156,1,0,0,0,157.5,0,0,0,0,0,0,3036
7203,0,197,2000,500,830,0,0,0,0,0,0,0,0,0,0,-142.20863342285156,1,0,0,0,157.5,0,0,0,0,0,0,3036
7204,0,198,2000,500,830,0,0,0,0,0,0,0,0,0,0,-142.20863342285156,1,0,0,0,157.5,0,0,0,0,0,0,3036
7205,0,199,2000,500,830,0,0,0,0,0,0,0,0,0,0,-142.20863342285156,1,0,0,0,157.5,0,0,0,0,0,0,3036
7206,0,200,2000,500,830,0,0,0,0,0,0,0,0,0,0,-142.20863342285156,1,0,0,0,157.5,0,0,0,0,0,0,3036
7207,0,201,2000,500,830,0,0,0,0,0,0,0,0,0,0,-142.20863342285156,1,0,0,0,157.5,0,0,0,0,0,0,3036
7208,0,202,2000,500,830,0,0,0,0,0,0,0,0,0,0,-142.20863342285156,1,0,0,0,157.5,0,0,0,0,0,0,3036
7209,0,203,2000,500,830,0,0,0,0,0,0,0,0,0,0,-142.20863342285156,1,0,0,0,157.5,0,0,0,0,0,0,3036
7210,0,1,3000,500,1000,0,0,0,0,0,0,0,0,0,0,-145.00003051757812,1,0,0,0,157.5,0,0,3,0,0,0,1000
7211,0,2,3000,500,1000,0,0,0,0,0,0,0,0,0,0,-145.00003051757812,1,0,0,0,157.5,0,0,3,0,0,0,1000
7212,0,3,3000,500,1000,0,0,0,0,0,0,0,0,0,0,-145.00003051757812,1,0,0,0,157.5,0,0,3,0,0,0,1000
7213,0,4,3000,500,1000,0,0,0,0,0,0,0,0,0,0,-145.00003051757812,1,0,0,0,157.5,0,0,3,0,0,0,1000
7214,0,5,3000,500,1000,0,0,0,0,0,0,0,0,0,0,-145.00003051757812,1,0,0,0,157.5,0,0,3,0,0,0,1000
7215,0,6,3000,500,1000,0,0,0,0,0,0,0,0,0,0,-145.00003051757812,1,0,0,0,157.5,0,0,3,0,0,0,1000
7216,0,7,3000,500,1000,0,0,0,0,0,0,0,0,0,0,-145.00003051757812,1,0,0,0,157.5,0,0,3,0,0,0,1000
7217,0,8,3000,500,1000,0,0,0,0,0,0,0,0,0,0,-145.00003051757812,1,0,0,0,157.5,0,0,3,0,0,0,1000
7218,0,9,3000,500,1000,0,0,0,0,0,0,0,0,0,0,-145.00003051757812,1,0,0,0,157.5,0,0,3,0,0,0,1000
7219,20,1,3000,500,1000,0,0,0,0,0,0,0,0,0,0,-144.00003051757812,1,0,0,0,157.5,0,0,3,0,0,0,1000
7220,20,2,3000,500,1000,0,0,0,0,0,0,0,0,0,0,-144.00003051757812,1,0,0,0,156.5,0,0,3,0,0,0,1000
7221,20,3,3000,500,1000,0,0,0,0,0,0,0,0,0,0,-144.00003051757812,1,0,0,0,155.5,0,0,3,0,0,0,1000
7222,10,1,3000,500,1000,0,0,0,0,0,0,0,0,0,0,-144.00003051757812,1,0,0,0,154.5,0,0,3,0,0,0,1000
7223,10,2,3000,500,1000,0,0,0,0,0,0,0,0,0,0,-144.00003051757812,1,0,0,0,154.5,0,0,3,0,0,0,1000
7224,10,3,3000,500,1000,0,0,0,0,0,0,0,0,0,0,-144.00003051757812,1,0,0,0,154.5,0,0,3,0,0,0,1000
7225,10,4,3000,500,1000,0,0,0,0,0,0,0,0,0,0,-144.00003051757812,1,0,0,0,154.5,0,0,3,0,0,0,1000
7226,10,5,3000,500,1000,0,0,0,0,0,0,0,0,0,0,-144.00003051757812,1,0,0,0,154.5,0,0,3,0,0,0,1000
7227,10,6,3000,500,1000,0,0,0,0,0,0,0,0,0,0,-144.00003051757812,1,0,0,0,154.5,0,0,3,0,0,0,1000
7228,10,7,3000,500,1000,0,0,0,0,0,0,0,0,0,0,-144.00003051757812,1,0,0,0,154.5,0,0,3,0,0,0,1000
7229,10,8,3000,500,1000,0,0,0,0,0,0,0,0,0,0,-144.00003051757812,1,0,0,0,154.5,0,0,3,0,0,0,1000
7230,10,9,3000,500,1000,0,0,0,0,0,0,0,0,0,0,-144.00003051757812,1,0,0,0,154.5,0,0,3,0,0,0,1000
7231,1030,1,3000,500,1000,0,0,0,0,0,0,0,0,0,0,-144.00003051757812,1,0,0,0,154.5,0,0,0,3,0,0,1000
7232,1030,2,3000,500,1000,0,0,0,0,0,0,0,0,0,0,-144.00003051757812,1,0,0,0,154.5,0,0,0,3,0,0,1000
7233,1030,3,3000,500,1000,0,0,0,0,0,0,0,0,0,0,-144.00003051757812,1,0,0,0,154.5,0,0,0,3,0,0,1000
7234,1030,4,3000,500,1000,0,0,0,0,0,0,0,0,0,0,-144.00003051757812,1,0,0,0,154.5,0,0,0,3,0,0,1000
7235,1030,5,3000,500,1000,0,0,0,0,0,0,0,0,0,0,-144.00003051757812,1,0,0,0,154.5,0,0,0,3,0,0,1000
7236,1030,6,3000,500,1000,0,0,0,0,0,0,0,0,0,0,-144.00003051757812,1,0,0,0,154.5,0,0,0,3,0,0,1000
7237,1030,7,3000,500,1000,0,0,0,0,0,0,0,0,0,0,-144.00003051757812,1,0,0,0,154.5,0,0,0,3,0,0,1000
7238,1030,8,3000,500,1000,0,0,0,0,0,0,0,0,0,0,-144.00003051757812,1,0,0,0,154.5,0,0,0,3,0,0,1000
7239,1030,9,3000,500,1000,0,0,0,0,0,0,0,0,0,0,-144.00003051757812,1,0,0,0,154.5,0,0,0,3,0,0,1000
7240,1030,10,3000,500,1000,0,0,0,0,0,0,0,0,0,0,-144.00003051757812,1,0,0,0,154.5,0,0,0,3,0,0,1000
7241,1030,11,3000,500,1000,0,0,0,0,0,0,0,0,0,0,-144.00003051757812,1,0,0,0,154.5,0,0,0,3,0,0,1000
7242,1030,12,3000,500,1000,0,0,0,0,0,0,0,0,0,0,-144.00003051757812,1,0,0,0,154.5,0,0,0,3,0,0,1000
7243,1030,13,3000,500,1000,0,0,0,0,0,0,0,0,0,0,-144.00003051757812,1,0,0,0,154.5,0,0,0,3,0,0,1000
7244,1030,14,3000,500,1000,0,0,0,0,0,0,0,0,0,0,-144.00003051757812,1,0,0,0,154.5,0,0,0,3,0,0,1000
7245,1030,15,3000,500,1000,0,0,0,0,0,0,0,0,0,0,-144.00003051757812,1,0,0,0,154.5,0,0,0,3,0,0,1000
7246,1030,16,3000,500,1000,0,0,0,0,0,0,0,0,0,0,-144.00003051757812,1,0,0,0,154.5,0,0,0,3,0,0,1000
7247,1030,17,3000,500,1000,0,0,0,0,0,0,0,0,0,0,-144.00003051757812,1,0,0,0,154.5,0,0,0,3,0,0,1000
7248,1030,17,4030,500,893,0,0,0,0,0,0,0,0,0,0,-144.00003051757812,1,0,0,0,154.5,0,0,0,3,0,0,2018
7249,1030,17,4030,500,893,0,0,0,0,0,0,0,0,0,0,-144.00003051757812,1,0,0,0,154.5,0,0,0,3,0,0,2018
7250,1030,17,4030,500,893,0,0,0,0,0,0,0,0,0,0,-144.00003051757812,1,0,0,0,154.5,0,0,0,3,0,0,2018
7251,1030,17,4030,500,893,0,0,0,0,0,0,0,0,0,0,-144.00003051757812,1,0,0,0,154.5,0,0,0,3,0,0,2018
7252,1030,17,4030,500,893,0,0,0,0,0,0,0,0,0,0,-144.00003051757812,1,0,0,0,154.5,0,0,0,3,0,0,2018
7253,1030,17,4030,500,893,0,0,0,0,0,0,0,0,0,0,-144.00003051757812,1,0,0,0,154.5,0,0,0,3,0,0,2018
7254,1030,18,4030,500,893,0,0,0,0,0,0,0,0,0,0,-144.00003051757812,1,0,0,0,154.5,0,0,0,3,0,0,2018
7255,1030,19,4030,500,893,0,0,0,0,0,0,0,0,0,0,-144.00003051757812,1,0,0,0,154.5,0,0,0,3,0,0,2018
7256,1030,20,4030,500,893,0,0,0,0,0,0,0,0,0,0,-144.00003051757812,1,0,0,0,154.5,0,0,0,3,0,0,2018
7257,1030,21,4030,500,893,0,0,0,0,0,0,0,0,0,0,-144.00003051757812,1,0,0,0,154.5,0,0,0,3,0,0,2018
7258,1030,22,4030,500,893,0,0,0,0,0,0,0,0,0,0,-144.00003051757812,1,0,0,0,154.5,0,0,0,3,0,0,2018
7259,1030,23,4030,500,893,0,0,0,0,0,0,0,0,0,0,-144.00003051757812,1,0,0,0,154.5,0,0,0,3,0,0,2018
7260,1030,24,4030,500,893,0,0,0,0,0,0,0,0,0,0,-144.00003051757812,1,0,0,0,154.5,0,0,0,3,0,0,2018
7261,1030,25,4030,500,893,0,0,0,0,0,0,0,0,0,0,-144.00003051757812,1,0,0,0,154.5,0,0,0,3,0,0,2018
7262,1030,26,4030,500,893,0,0,0,0,0,0,0,0,0,0,-144.00003051757812,1,0,0,0,154.5,0,0,0,3,0,0,2018
7263,1030,27,4030,500,893,0,0,0,0,0,0,0,0,0,0,-144.00003051757812,1,0,0,0,154.5,0,0,0,3,0,0,2018
7264,1030,28,4030,500,893,0,0,0,0,0,0,0,0,0,0,-144.00003051757812,1,0,0,0,154.5,0,0,0,3,0,0,2018
7265,1030,29,4030,500,893,0,0,0,0,0,0,0,0,0,0,-144.00003051757812,1,0,0,0,154.5,0,0,0,3,0,0,2018
7266,1030,30,4030,500,893,0,0,0,0,0,0,0,0,0,0,-144.00003051757812,1,0,0,0,154.5,0,0,0,3,0,0,2018
7267,1030,31,4030,500,893,0,0,0,0,0,0,0,0,0,0,-144.00003051757812,1,0,0,0,154.5,0,0,0,3,0,0,2018
7268,1030,32,4030,500,893,0,0,0,0,0,0,0,0,0,0,-144.00003051757812,1,0,0,0,154.5,0,0,0,3,0,0,2018
7269,1030,33,4030,500,893,0,0,0,0,0,0,0,0,0,0,-144.00003051757812,1,0,0,0,154.5,0,0,0,3,0,0,2018
7270,1030,34,4030,500,893,0,0,0,0,0,0,0,0,0,0,-144.00003051757812,1,0,0,0,154.5,0,0,0,3,0,0,2018
7271,1030,35,4030,500,893,0,0,0,0,0,0,0,0,0,0,-144.00003051757812,1,0,0,0,154.5,0,0,0,3,0,0,2018
7272,1030,36,4030,500,893,0,0,0,0,0,0,0,0,0,0,-144.00003051757812,1,0,0,0,154.5,0,0,0,3,0,0,2018
7273,1030,37,4030,500,893,0,0,0,0,0,0,0,0,0,0,-144.00003051757812,1,0,0,0,154.5,0,0,0,3,0,0,2018
7274,1030,38,4030,500,893,0,0,0,0,0,0,0,0,0,0,-144.00003051757812,1,0,0,0,154.5,0,0,0,3,0,0,2018
7275,1030,39,4030,500,893,0,0,0,0,0,0,0,0,0,0,-144.00003051757812,1,0,0,0,154.5,0,0,0,3,0,0,2018
7276,1030,40,4030,500,893,0,0,0,0,0,0,0,0,0,0,-144.00003051757812,1,0,0,0,154.5,0,0,0,3,0,0,2018
7277,1030,41,4030,500,893,0,0,0,0,0,0,0,0,0,0,-144.00003051757812,1,0,0,0,154.5,0,0,0,3,0,0,2018
7278,1030,42,4030,500,893,0,0,0,0,0,0,0,0,0,0,-144.00003051757812,1,0,0,0,154.5,0,0,0,3,0,0,2018
7279,0,1,4030,500,893,0,0,0,0,0,0,0,0,0,0,-144.00003051757812,1,0,0,0,154.5,0,0,0,3,0,0,2018
7280,0,2,4030,500,893,0,0,0,0,0,0,0,0,0,0,-144.00003051757812,1,0,0,0,154.5,0,0,0,3,0,0,2018
7281,0,3,4030,500,893,0,0,0,0,0,0,0,0,0,0,-144.00003051757812,1,0,0,0,154.5,0,0,0,3,0,0,2018
7282,0,4,4030,500,893,0,0,0,0,0,0,0,0,0,0,-144.00003051757812,1,0,0,0,154.5,0,0,0,3,0,0,2018
7283,0,5,4030,500,893,0,0,0,0,0,0,0,0,0,0,-144.00003051757812,1,0,0,0,154.5,0,0,0,3,0,0,2018
7284,0,6,4030,500,893,0,0,0,0,0,0,0,0,0,0,-144.00003051757812,1,0,0,0,154.5,0,0,0,3,0,0,2018
7285,0,7,4030,500,893,0,0,0,0,0,0,0,0,0,0,-144.00003051757812,1,0,0,0,154.5,0,0,0,3,0,0,2018
7286,0,8,4030,500,893,0,0,0,0,0,0,0,0,0,0,-144.00003051757812,1,0,0,0,154.5,0,0,0,3,0,0,2018
7287,0,9,4030,500,893,0,0,0,0,0,0,0,0,0,0,-144.00003051757812,1,0,0,0,154.5,0,0,0,3,0,0,2018
7288,0,10,4030,500,893,0,0,0,0,0,0,0,0,0,0,-144.00003051757812,1,0,0,0,154.5,0,0,0,3,0,0,2018
7289,0,11,4030,500,893,0,0,0,0,0,0,0,0,0,0,-144.00003051757812,1,0,0,0,154.5,0,0,0,3,0,0,2018
7290,0,12,4030,500,893,0,0,0,0,0,0,0,0,0,0,-144.00003051757812,1,0,0,0,154.5,0,0,0,3,0,0,2018
7291,0,13,4030,500,893,0,0,0,0,0,0,0,0,0,0,-144.00003051757812,1,0,0,0,154.5,0,0,0,3,0,0,2018
7292,0,14,4030,500,893,0,0,0,0,0,0,0,0,0,0,-144.00003051757812,1,0,0,0,154.5,0,0,0,3,0,0,2018
7293,0,15,4030,500,893,0,0,0,0,0,0,0,0,0,0,-144.00003051757812,1,0,0,0,154.5,0,0,0,3,0,0,2018
7294,0,16,4030,500,893,0,0,0,0,0,0,0,0,0,0,-144.00003051757812,1,0,0,0,154.5,0,0,0,3,0,0,2018
7295,0,17,4030,500,893,0,0,0,0,0,0,0,0,0,0,-144.00003051757812,1,0,0,0,154.5,0,0,0,3,0,0,2018
7296,0,18,4030,500,893,0,0,0,0,0,0,0,0,0,0,-144.00003051757812,1,0,0,0,154.5,0,0,0,3,0,0,2018
7297,0,19,4030,500,893,0,0,0,0,0,0,0,0,0,0,-144.00003051757812,1,0,0,0,154.5,0,0,0,3,0,0,2018
7298,0,20,4030,500,893,0,0,0,0,0,0,0,0,0,0,-144.00003051757812,1,0,0,0,154.5,0,0,0,3,0,0,2018
7299,0,21,4030,500,893,0,0,0,0,0,0,0,0,0,0,-144.00003051757812,1,0,0,0,154.5,0,0,0,3,0,0,2018
7300,0,22,4030,500,893,0,0,0,0,0,0,0,0,0,0,-144.00003051757812,1,0,0,0,154.5,0,0,0,3,0,0,2018
7301,0,23,4030,500,893,0,0,0,0,0,0,0,0,0,0,-144.00003051757812,1,0,0,0,154.5,0,0,0,3,0,0,2018
7302,0,24,4030,500,893,0,0,0,0,0,0,0,0,0,0,-144.00003051757812,1,0,0,0,154.5,0,0,0,3,0,0,2018
7303,0,25,4030,500,893,0,0,0,0,0,0,0,0,0,0,-144.00003051757812,1,0,0,0,154.5,0,0,0,3,0,0,2018
7304,0,26,4030,500,893,0,0,0,0,0,0,0,0,0,0,-144.00003051757812,1,0,0,0,154.5,0,0,0,3,0,0,2018
7305,0,27,4030,500,893,0,0,0,0,0,0,0,0,0,0,-144.00003051757812,1,0,0,0,154.5,0,0,0,3,0,0,2018
7306,0,28,4030,500,893,0,0,0,0,0,0,0,0,0,0,-144.00003051757812,1,0,0,0,154.5,0,0,0,3,0,0,2018
7307,0,29,4030,500,893,0,0,0,0,0,0,0,0,0,0,-144.00003051757812,1,0,0,0,154.5,0,0,0,3,0,0,2018
7308,0,30,4030,500,893,0,0,0,0,0,0,0,0,0,0,-144.00003051757812,1,0,0,0,154.5,0,0,0,3,0,0,2018
7309,0,31,4030,500,893,0,0,0,0,0,0,0,0,0,0,-144.00003051757812,1,0,0,0,154.5,0,0,0,3,0,0,2018
7310,0,32,4030,500,893,0,0,0,0,0,0,0,0,0,0,-144.00003051757812,1,0,0,0,154.5,0,0,0,3,0,0,2018
7311,0,33,4030,500,893,0,0,0,0,0,0,0,0,0,0,-144.00003051757812,1,0,0,0,154.5,0,0,0,3,0,0,2018
7312,0,34,4030,500,893,0,0,0,0,0,0,0,0,0,0,-144.00003051757812,1,0,0,0,154.5,0,0,0,3,0,0,2018
7313,0,35,4030,500,893,0,0,0,0,0,0,0,0,0,0,-144.00003051757812,1,0,0,0,154.5,0,0,0,3,0,0,2018
7314,0,36,4030,500,893,0,0,0,0,0,0,0,0,0,0,-144.00003051757812,1,0,0,0,154.5,0,0,0,3,0,0,2018
7315,0,37,4030,500,893,0,0,0,0,0,0,0,0,0,0,-144.00003051757812,1,0,0,0,154.5,0,0,0,3,0,0,2018
7316,0,38,4030,500,893,0,0,0,0,0,0,0,0,0,0,-144.00003051757812,1,0,0,0,154.5,0,0,0,3,0,0,2018
7317,0,39,4030,500,893,0,0,0,0,0,0,0,0,0,0,-144.00003051757812,1,0,0,0,154.5,0,0,0,3,0,0,2018
7318,0,40,4030,500,893,0,0,0,0,0,0,0,0,0,0,-144.00003051757812,1,0,0,0,154.5,0,0,0,3,0,0,2018
7319,0,41,4030,500,893,0,0,0,0,0,0,0,0,0,0,-144.00003051757812,1,0,0,0,154.5,0,0,0,3,0,0,2018
7320,0,42,4030,500,893,0,0,0,0,0,0,0,0,0,0,-144.00003051757812,1,0,0,0,154.5,0,0,0,3,0,0,2018
7321,0,43,4030,500,893,0,0,0,0,0,0,0,0,0,0,-144.00003051757812,1,0,0,0,154.5,0,0,0,3,0,0,2018
7322,0,44,4030,500,893,0,0,0,0,0,0,0,0,0,0,-144.00003051757812,1,0,0,0,154.5,0,0,0,3,0,0,2018
7323,0,45,4030,500,893,0,0,0,0,0,0,0,0,0,0,-144.00003051757812,1,0,0,0,154.5,0,0,0,3,0,0,2018
7324,0,46,4030,500,893,0,0,0,0,0,0,0,0,0,0,-144.00003051757812,1,0,0,0,154.5,0,0,0,3,0,0,2018
7325,0,47,4030,500,893,0,0,0,0,0,0,0,0,0,0,-144.00003051757812,1,0,0,0,154.5,0,0,0,3,0,0,2018
7326,0,48,4030,500,893,0,0,0,0,0,0,0,0,0,0,-144.00003051757812,1,0,0,0,154.5,0,0,0,3,0,0,2018
7327,0,49,4030,500,893,0,0,0,0,0,0,0,0,0,0,-144.00003051757812,1,0,0,0,154.5,0,0,0,3,0,0,2018
7328,0,50,4030,500,893,0,0,0,0,0,0,0,0,0,0,-144.00003051757812,1,0,0,0,154.5,0,0,0,3,0,0,2018
7329,0,51,4030,500,893,0,0,0,0,0,0,0,0,0,0,-144.00003051757812,1,0,0,0,154.5,0,0,0,3,0,0,2018
7330,0,52,4030,500,893,0,0,0,0,0,0,0,0,0,0,-144.00003051757812,1,0,0,0,154.5,0,0,0,3,0,0,2018
7331,0,53,4030,500,893,0,0,0,0,0,0,0,0,0,0,-144.00003051757812,1,0,0,0,154.5,0,0,0,3,0,0,2018
7332,0,54,4030,500,893,0,0,0,0,0,0,0,0,0,0,-144.00003051757812,1,0,0,0,154.5,0,0,0,3,0,0,2018
7333,0,55,4030,500,893,0,0,0,0,0,0,0,0,0,0,-144.00003051757812,1,0,0,0,154.5,0,0,0,3,0,0,2018
7334,0,56,4030,500,893,0,0,0,0,0,0,0,0,0,0,-144.00003051757812,1,0,0,0,154.5,0,0,0,3,0,0,2018
7335,0,57,4030,500,893,0,0,0,0,0,0,0,0,0,0,-144.00003051757812,1,0,0,0,154.5,0,0,0,3,0,0,2018
7336,0,58,4030,500,893,0,0,0,0,0,0,0,0,0,0,-144.00003051757812,1,0,0,0,154.5,0,0,0,3,0,0,2018
7337,0,59,4030,500,893,0,0,0,0,0,0,0,0,0,0,-144.00003051757812,1,0,0,0,154.5,0,0,0,3,0,0,2018
7338,0,60,4030,500,893,0,0,0,0,0,0,0,0,0,0,-144.00003051757812,1,0,0,0,154.5,0,0,0,3,0,0,2018
7339,0,61,4030,500,893,0,0,0,0,0,0,0,0,0,0,-144.00003051757812,1,0,0,0,154.5,0,0,0,3,0,0,2018
7340,0,62,4030,500,893,0,0,0,0,0,0,0,0,0,0,-144.00003051757812,1,0,0,0,154.5,0,0,0,3,0,0,2018
7341,0,63,4030,500,893,0,0,0,0,0,0,0,0,0,0,-144.00003051757812,1,0,0,0,154.5,0,0,0,3,0,0,2018
7342,0,64,4030,500,893,0,0,0,0,0,0,0,0,0,0,-144.00003051757812,1,0,0,0,154.5,0,0,0,3,0,0,2018
7343,0,65,4030,500,893,0,0,0,0,0,0,0,0,0,0,-144.00003051757812,1,0,0,0,154.5,0,0,0,3,0,0,2018
7344,0,66,4030,500,893,0,0,0,0,0,0,0,0,0,0,-144.00003051757812,1,0,0,0,154.5,0,0,0,3,0,0,2018
7345,0,67,4030,500,893,0,0,0,0,0,0,0,0,0,0,-144.00003051757812,1,0,0,0,154.5,0,0,0,3,0,0,2018
7346,0,68,4030,500,893,0,0,0,0,0,0,0,0,0,0,-144.00003051757812,1,0,0,0,154.5,0,0,0,3,0,0,2018
7347,0,69,4030,500,893,0,0,0,0,0,0,0,0,0,0,-144.00003051757812,1,0,0,0,154.5,0,0,0,3,0,0,2018
7348,0,70,4030,500,893,0,0,0,0,0,0,0,0,0,0,-144.00003051757812,1,0,0,0,154.5,0,0,0,3,0,0,2018
7349,0,71,4030,500,893,0,0,0,0,0,0,0,0,0,0,-144.00003051757812,1,0,0,0,154.5,0,0,0,3,0,0,2018
7350,0,72,4030,500,893,0,0,0,0,0,0,0,0,0,0,-144.00003051757812,1,0,0,0,154.5,0,0,0,3,0,0,2018
7351,0,73,4030,500,893,0,0,0,0,0,0,0,0,0,0,-144.00003051757812,1,0,0,0,154.5,0,0,0,3,0,0,2018
7352,0,74,4030,500,893,0,0,0,0,0,0,0,0,0,0,-144.00003051757812,1,0,0,0,154.5,0,0,0,3,0,0,2018
7353,0,75,4030,500,893,0,0,0,0,0,0,0,0,0,0,-144.00003051757812,1,0,0,0,154.5,0,0,0,3,0,0,2018
7354,0,76,4030,500,893,0,0,0,0,0,0,0,0,0,0,-144.00003051757812,1,0,0,0,154.5,0,0,0,3,0,0,2018
7355,0,77,4030,500,893,0,0,0,0,0,0,0,0,0,0,-144.00003051757812,1,0,0,0,154.5,0,0,0,3,0,0,2018
7356,0,78,4030,500,893,0,0,0,0,0,0,0,0,0,0,-144.00003051757812,1,0,0,0,154.5,0,0,0,3,0,0,2018
7357,0,79,4030,500,893,0,0,0,0,0,0,0,0,0,0,-144.00003051757812,1,0,0,0,154.5,0,0,0,3,0,0,2018
7358,0,80,4030,500,893,0,0,0,0,0,0,0,0,0,0,-144.00003051757812,1,0,0,0,154.5,0,0,0,3,0,0,2018
7359,0,81,4030,500,893,0,0,0,0,0,0,0,0,0,0,-144.00003051757812,1,0,0,0,154.5,0,0,0,3,0,0,2018
7360,0,82,4030,500,893,0,0,0,0,0,0,0,0,0,0,-144.00003051757812,1,0,0,0,154.5,0,0,0,3,0,0,2018
7361,0,83,4030,500,893,0,0,0,0,0,0,0,0,0,0,-144.00003051757812,1,0,0,0,154.5,0,0,0,3,0,0,2018
7362,0,84,4030,500,893,0,0,0,0,0,0,0,0,0,0,-144.00003051757812,1,0,0,0,154.5,0,0,0,3,0,0,2018
7363,0,85,4030,500,893,0,0,0,0,0,0,0,0,0,0,-144.00003051757812,1,0,0,0,154.5,0,0,0,3,0,0,2018
7364,0,86,4030,500,893,0,0,0,0,0,0,0,0,0,0,-144.00003051757812,1,0,0,0,154.5,0,0,0,3,0,0,2018
7365,0,87,4030,500,893,0,0,0,0,0,0,0,0,0,0,-144.00003051757812,1,0,0,0,154.5,0,0,0,3,0,0,2018
7366,0,88,4030,500,893,0,0,0,0,0,0,0,0,0,0,-144.00003051757812,1,0,0,0,154.5,0,0,0,3,0,0,2018
7367,0,89,4030,500,893,0,0,0,0,0,0,0,0,0,0,-144.00003051757812,1,0,0,0,154.5,0,0,0,3,0,0,2018
7368,0,90,4030,500,893,0,0,0,0,0,0,0,0,0,0,-144.00003051757812,1,0,0,0,154.5,0,0,0,3,0,0,2018
7369,0,91,4030,500,893,0,0,0,0,0,0,0,0,0,0,-144.00003051757812,1,0,0,0,154.5,0,0,0,3,0,0,2018
7370,0,92,4030,500,893,0,0,0,0,0,0,0,0,0,0,-144.00003051757812,1,0,0,0,154.5,0,0,0,3,0,0,2018
7371,0,93,4030,500,893,0,0,0,0,0,0,0,0,0,0,-144.00003051757812,1,0,0,0,154.5,0,0,0,3,0,0,2018
7372,0,94,4030,500,893,0,0,0,0,0,0,0,0,0,0,-144.00003051757812,1,0,0,0,154.5,0,0,0,3,0,0,2018
7373,0,95,4030,500,893,0,0,0,0,0,0,0,0,0,0,-144.00003051757812,1,0,0,0,154.5,0,0,0,3,0,0,2018
7374,0,96,4030,500,893,0,0,0,0,0,0,0,0,0,0,-144.00003051757812,1,0,0,0,154.5,0,0,0,3,0,0,2018
7375,0,97,4030,500,893,0,0,0,0,0,0,0,0,0,0,-144.00003051757812,1,0,0,0,154.5,0,0,0,3,0,0,2018
7376,0,98,4030,500,893,0,0,0,0,0,0,0,0,0,0,-144.00003051757812,1,0,0,0,154.5,0,0,0,3,0,0,2018
7377,0,99,4030,500,893,0,0,0,0,0,0,0,0,0,0,-144.00003051757812,1,0,0,0,154.5,0,0,0,3,0,0,2018
7378,0,100,4030,500,893,0,0,0,0,0,0,0,0,0,0,-144.00003051757812,1,0,0,0,154.5,0,0,0,3,0,0,2018
7379,0,101,4030,500,893,0,0,0,0,0,0,0,0,0,0,-144.00003051757812,1,0,0,0,154.5,0,0,0,3,0,0,2018
7380,0,102,4030,500,893,0,0,0,0,0,0,0,0,0,0,-144.00003051757812,1,0,0,0,154.5,0,0,0,3,0,0,2018
7381,0,103,4030,500,893,0,0,0,0,0,0,0,0,0,0,-144.00003051757812,1,0,0,0,154.5,0,0,0,3,0,0,2018
7382,0,104,4030,500,893,0,0,0,0,0,0,0,0,0,0,-144.00003051757812,1,0,0,0,154.5,0,0,0,3,0,0,2018
7383,0,105,4030,500,893,0,0,0,0,0,0,0,0,0,0,-144.00003051757812,1,0,0,0,154.5,0,0,0,3,0,0,2018
7384,0,106,4030,500,893,0,0,0,0,0,0,0,0,0,0,-144.00003051757812,1,0,0,0,154.5,0,0,0,3,0,0,2018
7385,0,107,4030,500,893,0,0,0,0,0,0,0,0,0,0,-144.00003051757812,1,0,0,0,154.5,0,0,0,3,0,0,2018
7386,0,108,4030,500,893,0,0,0,0,0,0,0,0,0,0,-144.00003051757812,1,0,0,0,154.5,0,0,0,3,0,0,2018
7387,0,109,4030,500,893,0,0,0,0,0,0,0,0,0,0,-144.00003051757812,1,0,0,0,154.5,0,0,0,3,0,0,2018
7388,0,110,4030,500,893,0,0,0,0,0,0,0,0,0,0,-144.00003051757812,1,0,0,0,154.5,0,0,0,3,0,0,2018
7389,0,111,4030,500,893,0,0,0,0,0,0,0,0,0,0,-144.00003051757812,1,0,0,0,154.5,0,0,0,3,0,0,2018
7390,0,112,4030,500,893,0,0,0,0,0,0,0,0,0,0,-144.00003051757812,1,0,0,0,154.5,0,0,0,3,0,0,2018
7391,0,113,4030,500,893,0,0,0,0,0,0,0,0,0,0,-144.00003051757812,1,0,0,0,154.5,0,0,0,3,0,0,2018
7392,0,114,4030,500,893,0,0,0,0,0,0,0,0,0,0,-144.00003051757812,1,0,0,0,154.5,0,0,0,3,0,0,2018
7393,0,115,4030,500,893,0,0,0,0,0,0,0,0,0,0,-144.00003051757812,1,0,0,0,154.5,0,0,0,3,0,0,2018
7394,0,116,4030,500,893,0,0,0,0,0,0,0,0,0,0,-144.00003051757812,1,0,0,0,154.5,0,0,0,3,0,0,2018
7395,0,117,4030,500,893,0,0,0,0,0,0,0,0,0,0,-144.00003051757812,1,0,0,0,154.5,0,0,0,3,0,0,2018
7396,0,118,4030,500,893,0,0,0,0,0,0,0,0,0,0,-144.00003051757812,1,0,0,0,154.5,0,0,0,3,0,0,2018
7397,0,119,4030,500,893,0,0,0,0,0,0,0,0,0,0,-144.00003051757812,1,0,0,0,154.5,0,0,0,3,0,0,2018
7398,0,120,4030,500,893,0,0,0,0,0,0,0,0,0,0,-144.00003051757812,1,0,0,0,154.5,0,0,0,3,0,0,2018
7399,0,121,4030,500,893,0,0,0,0,0,0,0,0,0,0,-144.00003051757812,1,0,0,0,154.5,0,0,0,3,0,0,2018
7400,0,122,4030,500,893,0,0,0,0,0,0,0,0,0,0,-144.00003051757812,1,0,0,0,154.5,0,0,0,3,0,0,2018
7401,0,123,4030,500,893,0,0,0,0,0,0,0,0,0,0,-144.00003051757812,1,0,0,0,154.5,0,0,0,3,0,0,2018
7402,0,124,4030,500,893,0,0,0,0,0,0,0,0,0,0,-144.00003051757812,1,0,0,0,154.5,0,0,0,3,0,0,2018
7403,0,125,4030,500,893,0,0,0,0,0,0,0,0,0,0,-144.00003051757812,1,0,0,0,154.5,0,0,0,3,0,0,2018
7404,0,126,4030,500,893,0,0,0,0,0,0,0,0,0,0,-144.00003051757812,1,0,0,0,154.5,0,0,0,3,0,0,2018
7405,0,127,4030,500,893,0,0,0,0,0,0,0,0,0,0,-144.00003051757812,1,0,0,0,154.5,0,0,0,3,0,0,2018
7406,0,128,4030,500,893,0,0,0,0,0,0,0,0,0,0,-144.00003051757812,1,0,0,0,154.5,0,0,0,3,0,0,2018
7407,0,129,4030,500,893,0,0,0,0,0,0,0,0,0,0,-144.00003051757812,1,0,0,0,154.5,0,0,0,3,0,0,2018
7408,0,130,4030,500,893,0,0,0,0,0,0,0,0,0,0,-144.00003051757812,1,0,0,0,154.5,0,0,0,3,0,0,2018
7409,0,131,4030,500,893,0,0,0,0,0,0,0,0,0,0,-144.00003051757812,1,0,0,0,154.5,0,0,0,3,0,0,2018
7410,0,132,4030,500,893,0,0,0,0,0,0,0,0,0,0,-144.00003051757812,1,0,0,0,154.5,0,0,0,3,0,0,2018
7411,0,133,4030,500,893,0,0,0,0,0,0,0,0,0,0,-144.00003051757812,1,0,0,0,154.5,0,0,0,3,0,0,2018
7412,0,134,4030,500,893,0,0,0,0,0,0,0,0,0,0,-144.00003051757812,1,0,0,0,154.5,0,0,0,3,0,0,2018
7413,0,135,4030,500,893,0,0,0,0,0,0,0,0,0,0,-144.00003051757812,1,0,0,0,154.5,0,0,0,3,0,0,2018
7414,0,136,4030,500,893,0,0,0,0,0,0,0,0,0,0,-144.00003051757812,1,0,0,0,154.5,0,0,0,3,0,0,2018
7415,0,137,4030,500,893,0,0,0,0,0,0,0,0,0,0,-144.00003051757812,1,0,0,0,154.5,0,0,0,3,0,0,2018
7416,0,138,4030,500,893,0,0,0,0,0,0,0,0,0,0,-144.00003051757812,1,0,0,0,154.5,0,0,0,3,0,0,2018
7417,0,139,4030,500,893,0,0,0,0,0,0,0,0,0,0,-144.00003051757812,1,0,0,0,154.5,0,0,0,3,0,0,2018
7418,0,140,4030,500,893,0,0,0,0,0,0,0,0,0,0,-144.00003051757812,1,0,0,0,154.5,0,0,0,3,0,0,2018
7419,0,141,4030,500,893,0,0,0,0,0,0,0,0,0,0,-144.00003051757812,1,0,0,0,154.5,0,0,0,3,0,0,2018
7420,0,142,4030,500,893,0,0,0,0,0,0,0,0,0,0,-144.00003051757812,1,0,0,0,154.5,0,0,0,3,0,0,2018
7421,0,143,4030,500,893,0,0,0,0,0,0,0,0,0,0,-144.00003051757812,1,0,0,0,154.5,0,0,0,3,0,0,2018
7422,0,144,4030,500,893,0,0,0,0,0,0,0,0,0,0,-144.00003051757812,1,0,0,0,154.5,0,0,0,3,0,0,2018
7423,0,145,4030,500,893,0,0,0,0,0,0,0,0,0,0,-144.00003051757812,1,0,0,0,154.5,0,0,0,3,0,0,2018
7424,0,146,4030,500,893,0,0,0,0,0,0,0,0,0,0,-144.00003051757812,1,0,0,0,154.5,0,0,0,3,0,0,2018
7425,0,147,4030,500,893,0,0,0,0,0,0,0,0,0,0,-144.00003051757812,1,0,0,0,154.5,0,0,0,3,0,0,2018
7426,0,148,4030,500,893,0,0,0,0,0,0,0,0,0,0,-144.00003051757812,1,0,0,0,154.5,0,0,0,3,0,0,2018
7427,0,149,4030,500,893,0,0,0,0,0,0,0,0,0,0,-144.00003051757812,1,0,0,0,154.5,0,0,0,3,0,0,2018
7428,0,150,4030,500,893,0,0,0,0,0,0,0,0,0,0,-144.00003051757812,1,0,0,0,154.5,0,0,0,3,0,0,2018
7429,0,151,4030,500,893,0,0,0,0,0,0,0,0,0,0,-144.00003051757812,1,0,0,0,154.5,0,0,0,3,0,0,2018
7430,0,152,4030,500,893,0,0,0,0,0,0,0,0,0,0,-144.00003051757812,1,0,0,0,154.5,0,0,0,3,0,0,2018
7431,0,153,4030,500,893,0,0,0,0,0,0,0,0,0,0,-144.00003051757812,1,0,0,0,154.5,0,0,0,3,0,0,2018
7432,0,154,4030,500,893,0,0,0,0,0,0,0,0,0,0,-144.00003051757812,1,0,0,0,154.5,0,0,0,3,0,0,2018
7433,0,155,4030,500,893,0,0,0,0,0,0,0,0,0,0,-144.00003051757812,1,0,0,0,154.5,0,0,0,3,0,0,2018
7434,0,156,4030,500,893,0,0,0,0,0,0,0,0,0,0,-144.00003051757812,1,0,0,0,154.5,0,0,0,3,0,0,2018
7435,0,157,4030,500,893,0,0,0,0,0,0,0,0,0,0,-144.00003051757812,1,0,0,0,154.5,0,0,0,3,0,0,2018
7436,0,158,4030,500,893,0,0,0,0,0,0,0,0,0,0,-144.00003051757812,1,0,0,0,154.5,0,0,0,3,0,0,2018
7437,0,159,4030,500,893,0,0,0,0,0,0,0,0,0,0,-144.00003051757812,1,0,0,0,154.5,0,0,0,3,0,0,2018
7438,0,160,4030,500,893,0,0,0,0,0,0,0,0,0,0,-144.00003051757812,1,0,0,0,154.5,0,0,0,3,0,0,2018
7439,0,161,4030,500,893,0,0,0,0,0,0,0,0,0,0,-144.00003051757812,1,0,0,0,154.5,0,0,0,3,0,0,2018
7440,0,162,4030,500,893,0,0,0,0,0,0,0,0,0,0,-144.00003051757812,1,0,0,0,154.5,0,0,0,3,0,0,2018
7441,0,163,4030,500,893,0,0,0,0,0,0,0,0,0,0,-144.00003051757812,1,0,0,0,154.5,0,0,0,3,0,0,2018
7442,0,164,4030,500,893,0,0,0,0,0,0,0,0,0,0,-144.00003051757812,1,0,0,0,154.5,0,0,0,3,0,0,2018
7443,0,165,4030,500,893,0,0,0,0,0,0,0,0,0,0,-144.00003051757812,1,0,0,0,154.5,0,0,0,3,0,0,2018
7444,0,166,4030,500,893,0,0,0,0,0,0,0,0,0,0,-144.00003051757812,1,0,0,0,154.5,0,0,0,3,0,0,2018
7445,0,167,4030,500,893,0,0,0,0,0,0,0,0,0,0,-144.00003051757812,1,0,0,0,154.5,0,0,0,3,0,0,2018
7446,0,168,4030,500,893,0,0,0,0,0,0,0,0,0,0,-144.00003051757812,1,0,0,0,154.5,0,0,0,3,0,0,2018
7447,0,169,4030,500,893,0,0,0,0,0,0,0,0,0,0,-144.00003051757812,1,0,0,0,154.5,0,0,0,3,0,0,2018
7448,0,170,4030,500,893,0,0,0,0,0,0,0,0,0,0,-144.00003051757812,1,0,0,0,154.5,0,0,0,3,0,0,2018
7449,0,171,4030,500,893,0,0,0,0,0,0,0,0,0,0,-144.00003051757812,1,0,0,0,154.5,0,0,0,3,0,0,2018
7450,0,172,4030,500,893,0,0,0,0,0,0,0,0,0,0,-144.00003051757812,1,0,0,0,154.5,0,0,0,3,0,0,2018
7451,0,173,4030,500,893,0,0,0,0,0,0,0,0,0,0,-144.00003051757812,1,0,0,0,154.5,0,0,0,3,0,0,2018
7452,0,174,4030,500,893,0,0,0,0,0,0,0,0,0,0,-144.00003051757812,1,0,0,0,154.5,0,0,0,3,0,0,2018
7453,0,175,4030,500,893,0,0,0,0,0,0,0,0,0,0,-144.00003051757812,1,0,0,0,154.5,0,0,0,3,0,0,2018
7454,0,176,4030,500,893,0,0,0,0,0,0,0,0,0,0,-144.00003051757812,1,0,0,0,154.5,0,0,0,3,0,0,2018
7455,0,177,4030,500,893,0,0,0,0,0,0,0,0,0,0,-144.00003051757812,1,0,0,0,154.5,0,0,0,3,0,0,2018
7456,0,178,4030,500,893,0,0,0,0,0,0,0,0,0,0,-144.00003051757812,1,0,0,0,154.5,0,0,0,3,0,0,2018
7457,0,179,4030,500,893,0,0,0,0,0,0,0,0,0,0,-144.00003051757812,1,0,0,0,154.5,0,0,0,3,0,0,2018
7458,0,180,4030,500,893,0,0,0,0,0,0,0,0,0,0,-144.00003051757812,1,0,0,0,154.5,0,0,0,3,0,0,2018
7459,0,181,4030,500,893,0,0,0,0,0,0,0,0,0,0,-144.00003051757812,1,0,0,0,154.5,0,0,0,3,0,0,2018
7460,0,182,4030,500,893,0,0,0,0,0,0,0,0,0,0,-144.00003051757812,1,0,0,0,154.5,0,0,0,3,0,0,2018
7461,0,183,4030,500,893,0,0,0,0,0,0,0,0,0,0,-144.00003051757812,1,0,0,0,154.5,0,0,0,3,0,0,2018
7462,0,184,4030,500,893,0,0,0,0,0,0,0,0,0,0,-144.00003051757812,1,0,0,0,154.5,0,0,0,3,0,0,2018
7463,0,185,4030,500,893,0,0,0,0,0,0,0,0,0,0,-144.00003051757812,1,0,0,0,154.5,0,0,0,3,0,0,2018
7464,0,186,4030,500,893,0,0,0,0,0,0,0,0,0,0,-144.00003051757812,1,0,0,0,154.5,0,0,0,3,0,0,2018
7465,0,187,4030,500,893,0,0,0,0,0,0,0,0,0,0,-144.00003051757812,1,0,0,0,154.5,0,0,0,3,0,0,2018
7466,0,188,4030,500,893,0,0,0,0,0,0,0,0,0,0,-144.00003051757812,1,0,0,0,154.5,0,0,0,3,0,0,2018
7467,0,189,4030,500,893,0,0,0,0,0,0,0,0,0,0,-144.00003051757812,1,0,0,0,154.5,0,0,0,3,0,0,2018
7468,0,190,4030,500,893,0,0,0,0,0,0,0,0,0,0,-144.00003051757812,1,0,0,0,154.5,0,0,0,3,0,0,2018
7469,0,191,4030,500,893,0,0,0,0,0,0,0,0,0,0,-144.00003051757812,1,0,0,0,154.5,0,0,0,3,0,0,2018
7470,0,192,4030,500,893,0,0,0,0,0,0,0,0,0,0,-144.00003051757812,1,0,0,0,154.5,0,0,0,3,0,0,2018
7471,0,193,4030,500,893,0,0,0,0,0,0,0,0,0,0,-144.00003051757812,1,0,0,0,154.5,0,0,0,3,0,0,2018
7472,0,194,4030,500,893,0,0,0,0,0,0,0,0,0,0,-144.00003051757812,1,0,0,0,154.5,0,0,0,3,0,0,2018
7473,0,195,4030,500,893,0,0,0,0,0,0,0,0,0,0,-144.00003051757812,1,0,0,0,154.5,0,0,0,3,0,0,2018
7474,0,196,4030,500,893,0,0,0,0,0,0,0,0,0,0,-144.00003051757812,1,0,0,0,154.5,0,0,0,3,0,0,2018
7475,0,197,4030,500,893,0,0,0,0,0,0,0,0,0,0,-144.00003051757812,1,0,0,0,154.5,0,0,0,3,0,0,2018
7476,0,198,4030,500,893,0,0,0,0,0,0,0,0,0,0,-144.00003051757812,1,0,0,0,154.5,0,0,0,3,0,0,2018
7477,0,199,4030,500,893,0,0,0,0,0,0,0,0,0,0,-144.00003051757812,1,0,0,0,154.5,0,0,0,3,0,0,2018
7478,0,200,4030,500,893,0,0,0,0,0,0,0,0,0,0,-144.00003051757812,1,0,0,0,154.5,0,0,0,3,0,0,2018
7479,0,201,4030,500,893,0,0,0,0,0,0,0,0,0,0,-144.00003051757812,1,0,0,0,154.5,0,0,0,3,0,0,2018
7480,0,202,4030,500,893,0,0,0,0,0,0,0,0,0,0,-144.00003051757812,1,0,0,0,154.5,0,0,0,3,0,0,2018
7481,0,203,4030,500,893,0,0,0,0,0,0,0,0,0,0,-144.00003051757812,1,0,0,0,154.5,0,0,0,3,0,0,2018
7482,0,204,4030,500,893,0,0,0,0,0,0,0,0,0,0,-144.00003051757812,1,0,0,0,154.5,0,0,0,3,0,0,2018
7483,0,205,4030,500,893,0,0,0,0,0,0,0,0,0,0,-144.00003051757812,1,0,0,0,154.5,0,0,0,3,0,0,2018
7484,0,206,4030,500,893,0,0,0,0,0,0,0,0,0,0,-144.00003051757812,1,0,0,0,154.5,0,0,0,3,0,0,2018
7485,0,207,4030,500,893,0,0,0,0,0,0,0,0,0,0,-144.00003051757812,1,0,0,0,154.5,0,0,0,3,0,0,2018
7486,0,208,4030,500,893,0,0,0,0,0,0,0,0,0,0,-144.00003051757812,1,0,0,0,154.5,0,0,0,3,0,0,2018
7487,0,209,4030,500,893,0,0,0,0,0,0,0,0,0,0,-144.00003051757812,1,0,0,0,154.5,0,0,0,3,0,0,2018
7488,0,210,4030,500,893,0,0,0,0,0,0,0,0,0,0,-144.00003051757812,1,0,0,0,154.5,0,0,0,3,0,0,2018
7489,0,211,4030,500,893,0,0,0,0,0,0,0,0,0,0,-144.00003051757812,1,0,0,0,154.5,0,0,0,3,0,0,2018
7490,0,212,4030,500,893,0,0,0,0,0,0,0,0,0,0,-144.00003051757812,1,0,0,0,154.5,0,0,0,3,0,0,2018
7491,0,213,4030,500,893,0,0,0,0,0,0,0,0,0,0,-144.00003051757812,1,0,0,0,154.5,0,0,0,3,0,0,2018
7492,0,214,4030,500,893,0,0,0,0,0,0,0,0,0,0,-144.00003051757812,1,0,0,0,154.5,0,0,0,3,0,0,2018
7493,0,215,4030,500,893,0,0,0,0,0,0,0,0,0,0,-144.00003051757812,1,0,0,0,154.5,0,0,0,3,0,0,2018
7494,0,216,4030,500,893,0,0,0,0,0,0,0,0,0,0,-144.00003051757812,1,0,0,0,154.5,0,0,0,3,0,0,2018
7495,0,217,4030,500,893,0,0,0,0,0,0,0,0,0,0,-144.00003051757812,1,0,0,0,154.5,0,0,0,3,0,0,2018
7496,0,218,4030,500,893,0,0,0,0,0,0,0,0,0,0,-144.00003051757812,1,0,0,0,154.5,0,0,0,3,0,0,2018
7497,0,219,4030,500,893,0,0,0,0,0,0,0,0,0,0,-144.00003051757812,1,0,0,0,154.5,0,0,0,3,0,0,2018
7498,0,220,4030,500,893,0,0,0,0,0,0,0,0,0,0,-144.00003051757812,1,0,0,0,154.5,0,0,0,3,0,0,2018
7499,0,221,4030,500,893,0,0,0,0,0,0,0,0,0,0,-144.00003051757812,1,0,0,0,154.5,0,0,0,3,0,0,2018
7500,0,222,4030,500,893,0,0,0,0,0,0,0,0,0,0,-144.00003051757812,1,0,0,0,154.5,0,0,0,3,0,0,2018
7501,0,223,4030,500,893,0,0,0,0,0,0,0,0,0,0,-144.00003051757812,1,0,0,0,154.5,0,0,0,3,0,0,2018
7502,0,224,4030,500,893,0,0,0,0,0,0,0,0,0,0,-144.00003051757812,1,0,0,0,154.5,0,0,0,3,0,0,2018
7503,0,225,4030,500,893,0,0,0,0,0,0,0,0,0,0,-144.00003051757812,1,0,0,0,154.5,0,0,0,3,0,0,2018
7504,0,226,4030,500,893,0,0,0,0,0,0,0,0,0,0,-144.00003051757812,1,0,0,0,154.5,0,0,0,3,0,0,2018
7505,0,227,4030,500,893,0,0,0,0,0,0,0,0,0,0,-144.00003051757812,1,0,0,0,154.5,0,0,0,3,0,0,2018
7506,0,228,4030,500,893,0,0,0,0,0,0,0,0,0,0,-144.00003051757812,1,0,0,0,154.5,0,0,0,3,0,0,2018
7507,0,229,4030,500,893,0,0,0,0,0,0,0,0,0,0,-144.00003051757812,1,0,0,0,154.5,0,0,0,3,0,0,2018
7508,0,230,4030,500,893,0,0,0,0,0,0,0,0,0,0,-144.00003051757812,1,0,0,0,154.5,0,0,0,3,0,0,2018
7509,0,231,4030,500,893,0,0,0,0,0,0,0,0,0,0,-144.00003051757812,1,0,0,0,154.5,0,0,0,3,0,0,2018
7510,0,1,3000,500,1000,0,0,0,0,0,0,0,0,0,0,-145.00003051757812,1,0,0,0,154.5,0,0,3,0,0,0,1000
7511,0,2,3000,500,1000,0,0,0,0,0,0,0,0,0,0,-145.00003051757812,1,0,0,0,154.5,0,0,3,0,0,0,1000
7512,0,3,3000,500,1000,0,0,0,0,0,0,0,0,0,0,-145.00003051757812,1,0,0,0,154.5,0,0,3,0,0,0,1000
7513,0,4,3000,500,1000,0,0,0,0,0,0,0,0,0,0,-145.00003051757812,1,0,0,0,154.5,0,0,3,0,0,0,1000
7514,0,5,3000,500,1000,0,0,0,0,0,0,0,0,0,0,-145.00003051757812,1,0,0,0,154.5,0,0,3,0,0,0,1000
7515,0,6,3000,500,1000,0,0,0,0,0,0,0,0,0,0,-145.00003051757812,1,0,0,0,154.5,0,0,3,0,0,0,1000
7516,0,7,3000,500,1000,0,0,0,0,0,0,0,0,0,0,-145.00003051757812,1,0,0,0,154.5,0,0,3,0,0,0,1000
7517,0,8,3000,500,1000,0,0,0,0,0,0,0,0,0,0,-145.00003051757812,1,0,0,0,154.5,0,0,3,0,0,0,1000
7518,0,9,3000,500,1000,0,0,0,0,0,0,0,0,0,0,-145.00003051757812,1,0,0,0,154.5,0,0,3,0,0,0,1000
7519,10,1,3000,500,1000,0,0,0,0,0,0,0,0,0,0,-145.00003051757812,1,0,0,0,154.5,0,0,3,0,0,0,1000
7520,10,2,3000,500,1000,0,0,0,0,0,0,0,0,0,0,-145.00003051757812,1,0,0,0,154.5,0,0,3,0,0,0,1000
7521,10,3,3000,500,1000,0,0,0,0,0,0,0,0,0,0,-145.00003051757812,1,0,0,0,154.5,0,0,3,0,0,0,1000
7522,10,4,3000,500,1000,0,0,0,0,0,0,0,0,0,0,-145.00003051757812,1,0,0,0,154.5,0,0,3,0,0,0,1000
7523,10,5,3000,500,1000,0,0,0,0,0,0,0,0,0,0,-145.00003051757812,1,0,0,0,154.5,0,0,3,0,0,0,1000
7524,10,6,3000,500,1000,0,0,0,0,0,0,0,0,0,0,-145.00003051757812,1,0,0,0,154.5,0,0,3,0,0,0,1000
7525,1040,1,3000,500,1000,0,0,240,0,0,0,0,0,0,0,-145.00003051757812,1,0,0,0,154.5,0,0,3,0,0,0,1000
7526,1040,2,3000,500,1000,0,0,239,0,0,0,0,0,0,0,-145.00003051757812,1,0,0,0,154.5,0,0,3,0,0,0,1000
7527,1040,3,3000,500,1000,0,0,238,0,0,0,0,0,0,0,-145.00003051757812,1,0,0,0,154.5,0,0,3,0,0,0,1000
7528,1040,4,3000,500,1000,0,0,237,0,0,0,0,0,0,0,-145.00003051757812,1,0,0,0,154.5,0,0,3,0,0,0,1000
7529,1040,5,3000,500,1000,0,0,236,0,0,0,0,0,0,0,-145.00003051757812,1,0,0,0,154.5,0,0,3,0,0,0,1000
7530,1040,6,3000,500,1000,0,0,235,0,0,0,0,0,0,0,-145.00003051757812,1,0,0,0,154.5,0,0,3,0,0,0,1000
7531,1040,7,3000,500,1000,0,0,234,0,0,0,0,0,0,0,-145.00003051757812,1,0,0,0,154.5,0,0,3,0,0,0,1000
7532,1040,8,3000,500,1000,0,0,233,0,0,0,0,0,0,0,-145.00003051757812,1,0,0,0,154.5,0,0,3,0,0,0,1000
7533,1040,9,3000,500,1000,0,0,232,0,0,0,0,0,0,0,-145.00003051757812,1,0,0,0,154.5,0,0,3,0,0,0,1000
7534,1040,10,3000,500,1000,0,0,231,0,0,0,0,0,0,0,-145.00003051757812,1,0,0,0,154.5,0,0,3,0,0,0,1000
7535,1040,11,3000,500,1000,0,0,230,0,0,0,0,0,0,0,-145.00003051757812,1,0,0,0,154.5,0,0,3,0,0,0,1000
7536,1040,12,3000,500,1000,0,0,229,0,0,0,0,0,0,0,-145.00003051757812,1,0,0,0,154.5,0,0,3,0,0,0,1000
7537,1040,13,3000,500,1000,0,0,228,0,0,0,0,0,0,0,-145.00003051757812,1,0,0,0,154.5,0,0,3,0,0,0,1000
7538,1040,14,3000,500,1000,0,0,227,0,0,0,0,0,0,0,-145.00003051757812,1,0,0,0,154.5,0,0,3,0,0,0,1000
7539,1040,15,3000,500,1000,0,0,226,0,0,0,0,0,0,0,-145.00003051757812,1,0,0,0,154.5,0,0,3,0,0,0,1000
7540,1040,16,3000,500,1000,0,0,225,0,0,0,0,0,0,0,-145.00003051757812,1,0,0,0,154.5,0,0,3,0,0,0,1000
7541,1040,17,3000,500,1000,0,0,224,0,0,0,0,0,0,0,-145.00003051757812,1,0,0,0,154.5,0,0,3,0,0,0,1000
7542,1040,18,3000,500,1000,0,0,223,0,0,0,0,0,0,0,-145.00003051757812,1,0,0,0,154.5,0,0,3,0,0,0,1000
7543,1040,19,3000,500,1000,0,0,222,0,0,0,0,0,0,0,-145.00003051757812,1,0,0,0,154.5,0,0,3,0,0,0,1000
7544,1040,20,3000,500,1000,0,0,221,0,0,0,0,0,0,0,-145.00003051757812,1,0,0,0,154.5,0,0,3,0,0,0,1000
7545,1040,21,3000,500,1000,0,0,220,0,0,0,0,0,0,0,-145.00003051757812,1,0,0,0,154.5,0,0,3,0,0,0,1000
7546,1040,22,3000,500,1000,0,0,219,0,0,0,0,0,0,0,-145.00003051757812,1,0,0,0,154.5,0,0,3,0,0,0,1000
7547,1040,23,3000,500,1000,0,0,218,0,0,0,0,0,0,0,-145.00003051757812,1,0,0,0,154.5,0,0,3,0,0,0,1000
7548,1040,24,3000,500,1000,0,0,217,0,0,0,0,0,0,0,-145.00003051757812,1,0,0,0,154.5,0,0,3,0,0,0,1000
7549,1040,25,3000,500,1000,0,0,216,0,0,0,0,0,0,0,-145.00003051757812,1,0,0,0,154.5,0,0,3,0,0,0,1000
7550,1040,26,3000,500,1000,0,0,215,0,0,0,0,0,0,0,-145.00003051757812,1,0,0,0,154.5,0,0,3,0,0,0,1000
7551,1040,27,3000,500,1000,0,0,214,0,0,0,0,0,0,0,-145.00003051757812,1,0,0,0,154.5,0,0,3,0,0,0,1000
7552,1040,28,3000,500,1000,0,0,213,0,0,0,0,0,0,0,-145.00003051757812,1,0,0,0,154.5,0,0,3,0,0,0,1000
7553,1040,29,3180,500,1000,0,0,212,0,0,0,0,0,0,0,-145.00003051757812,1,0,0,0,154.5,0,0,3,0,0,0,1000
7554,1040,30,3180,500,1000,0,0,211,0,0,0,0,0,0,0,-145.00003051757812,1,0,0,0,154.5,0,0,3,0,0,0,1000
7555,1040,31,3180,500,1000,0,0,210,0,0,0,0,0,0,0,-145.00003051757812,1,0,0,0,154.5,0,0,3,0,0,0,1000
7556,1040,32,3180,500,1000,0,0,209,0,0,0,0,0,0,0,-145.00003051757812,1,0,0,0,154.5,0,0,3,0,0,0,1000
7557,1040,33,3180,500,1000,0,0,208,0,0,0,0,0,0,0,-145.00003051757812,1,0,0,0,154.5,0,0,3,0,0,0,1000
7558,1040,34,3180,500,1000,0,0,207,0,0,0,0,0,0,0,-145.00003051757812,1,0,0,0,154.5,0,0,3,0,0,0,1000
7559,1040,35,3180,500,1000,0,0,206,0,0,0,0,0,0,0,-145.00003051757812,1,0,0,0,154.5,0,0,3,0,0,0,1000
7560,1040,36,3180,500,1000,0,0,205,0,0,0,0,0,0,0,-145.00003051757812,1,0,0,0,154.5,0,0,3,0,0,0,1000
7561,1040,37,3180,500,1000,0,0,204,0,0,0,0,0,0,0,-145.00003051757812,1,0,0,0,154.5,0,0,3,0,0,0,1000
7562,1040,38,3180,500,1000,0,0,203,0,0,0,0,0,0,0,-145.00003051757812,1,0,0,0,154.5,0,0,3,0,0,0,1000
7563,1040,39,3180,500,1000,0,0,202,0,0,0,0,0,0,0,-145.00003051757812,1,0,0,0,154.5,0,0,3,0,0,0,1000
7564,1040,40,3180,500,1000,0,0,201,0,0,0,0,0,0,0,-145.00003051757812,1,0,0,0,154.5,0,0,3,0,0,0,1000
7565,1040,41,3180,500,1000,0,0,200,0,0,0,0,0,0,0,-145.00003051757812,1,0,0,0,154.5,0,0,3,0,0,0,1000
7566,1040,42,3180,500,1000,0,0,199,0,0,0,0,0,0,0,-145.00003051757812,1,0,0,0,154.5,0,0,3,0,0,0,1000
7567,0,1,3180,500,1000,0,0,198,0,0,0,0,0,0,0,-145.00003051757812,1,0,0,0,154.5,0,0,3,0,0,0,1000
7568,0,2,3180,500,1000,0,0,197,0,0,0,0,0,0,0,-145.00003051757812,1,0,0,0,154.5,0,0,3,0,0,0,1000
7569,0,3,3180,500,1000,0,0,196,0,0,0,0,0,0,0,-145.00003051757812,1,0,0,0,154.5,0,0,3,0,0,0,1000
7570,0,4,3180,500,1000,0,0,195,0,0,0,0,0,0,0,-145.00003051757812,1,0,0,0,154.5,0,0,3,0,0,0,1000
7571,0,5,3180,500,1000,0,0,194,0,0,0,0,0,0,0,-145.00003051757812,1,0,0,0,154.5,0,0,3,0,0,0,1000
7572,0,6,3180,500,1000,0,0,193,0,0,0,0,0,0,0,-145.00003051757812,1,0,0,0,154.5,0,0,3,0,0,0,1000
7573,0,7,3180,500,1000,0,0,192,0,0,0,0,0,0,0,-145.00003051757812,1,0,0,0,154.5,0,0,3,0,0,0,1000
7574,0,8,3180,500,1000,0,0,191,0,0,0,0,0,0,0,-145.00003051757812,1,0,0,0,154.5,0,0,3,0,0,0,1000
7575,0,9,3180,500,1000,0,0,190,0,0,0,0,0,0,0,-145.00003051757812,1,0,0,0,154.5,0,0,3,0,0,0,1000
7576,0,10,3180,500,1000,0,0,189,0,0,0,0,0,0,0,-145.00003051757812,1,0,0,0,154.5,0,0,3,0,0,0,1000
7577,0,11,3180,500,1000,0,0,188,0,0,0,0,0,0,0,-145.00003051757812,1,0,0,0,154.5,0,0,3,0,0,0,1000
7578,0,12,3180,500,1000,0,0,187,0,0,0,0,0,0,0,-145.00003051757812,1,0,0,0,154.5,0,0,3,0,0,0,1000
7579,0,13,3180,500,1000,0,0,186,0,0,0,0,0,0,0,-145.00003051757812,1,0,0,0,154.5,0,0,3,0,0,0,1000
7580,0,14,3180,500,1000,0,0,185,0,0,0,0,0,0,0,-145.00003051757812,1,0,0,0,154.5,0,0,3,0,0,0,1000
7581,0,15,3180,500,1000,0,0,184,0,0,0,0,0,0,0,-145.00003051757812,1,0,0,0,154.5,0,0,3,0,0,0,1000
7582,0,16,3180,500,1000,0,0,183,0,0,0,0,0,0,0,-145.00003051757812,1,0,0,0,154.5,0,0,3,0,0,0,1000
7583,0,17,3180,500,1000,0,0,182,0,0,0,0,0,0,0,-145.00003051757812,1,0,0,0,154.5,0,0,3,0,0,0,1000
7584,0,18,3180,500,1000,0,0,181,0,0,0,0,0,0,0,-145.00003051757812,1,0,0,0,154.5,0,0,3,0,0,0,1000
7585,0,19,3180,500,1000,0,0,180,0,0,0,0,0,0,0,-145.00003051757812,1,0,0,0,154.5,0,0,3,0,0,0,1000
7586,0,20,3180,500,1000,0,0,179,0,0,0,0,0,0,0,-145.00003051757812,1,0,0,0,154.5,0,0,3,0,0,0,1000
7587,0,21,3180,500,1000,0,0,178,0,0,0,0,0,0,0,-145.00003051757812,1,0,0,0,154.5,0,0,3,0,0,0,1000
7588,0,22,3180,500,1000,0,0,177,0,0,0,0,0,0,0,-145.00003051757812,1,0,0,0,154.5,0,0,3,0,0,0,1000
7589,0,23,3180,500,1000,0,0,176,0,0,0,0,0,0,0,-145.00003051757812,1,0,0,0,154.5,0,0,3,0,0,0,1000
7590,0,24,3180,500,1000,0,0,175,0,0,0,0,0,0,0,-145.00003051757812,1,0,0,0,154.5,0,0,3,0,0,0,1000
7591,0,25,3180,500,1000,0,0,174,0,0,0,0,0,0,0,-145.00003051757812,1,0,0,0,154.5,0,0,3,0,0,0,1000
7592,0,26,3180,500,1000,0,0,173,0,0,0,0,0,0,0,-145.00003051757812,1,0,0,0,154.5,0,0,3,0,0,0,1000
7593,0,27,3180,500,1000,0,0,172,0,0,0,0,0,0,0,-145.00003051757812,1,0,0,0,154.5,0,0,3,0,0,0,1000
7594,0,28,3180,500,1000,0,0,171,0,0,0,0,0,0,0,-145.00003051757812,1,0,0,0,154.5,0,0,3,0,0,0,1000
7595,0,29,3180,500,1000,0,0,170,0,0,0,0,0,0,0,-145.00003051757812,1,0,0,0,154.5,0,0,3,0,0,0,1000
7596,0,30,3180,500,1000,0,0,169,0,0,0,0,0,0,0,-145.00003051757812,1,0,0,0,154.5,0,0,3,0,0,0,1000
7597,0,31,3180,500,1000,0,0,168,0,0,0,0,0,0,0,-145.00003051757812,1,0,0,0,154.5,0,0,3,0,0,0,1000
7598,0,32,3180,500,1000,0,0,167,0,0,0,0,0,0,0,-145.00003051757812,1,0,0,0,154.5,0,0,3,0,0,0,1000
7599,0,33,3180,500,1000,0,0,166,0,0,0,0,0,0,0,-145.00003051757812,1,0,0,0,154.5,0,0,3,0,0,0,1000
7600,0,34,3180,500,1000,0,0,165,0,0,0,0,0,0,0,-145.00003051757812,1,0,0,0,154.5,0,0,3,0,0,0,1000
7601,0,35,3180,500,1000,0,0,164,0,0,0,0,0,0,0,-145.00003051757812,1,0,0,0,154.5,0,0,3,0,0,0,1000
7602,0,36,3180,500,1000,0,0,163,0,0,0,0,0,0,0,-145.00003051757812,1,0,0,0,154.5,0,0,3,0,0,0,1000
7603,0,37,3180,500,1000,0,0,162,0,0,0,0,0,0,0,-145.00003051757812,1,0,0,0,154.5,0,0,3,0,0,0,1000
7604,0,38,3180,500,1000,0,0,161,0,0,0,0,0,0,0,-145.00003051757812,1,0,0,0,154.5,0,0,3,0,0,0,1000
7605,0,39,3180,500,1000,0,0,160,0,0,0,0,0,0,0,-145.00003051757812,1,0,0,0,154.5,0,0,3,0,0,0,1000
7606,0,40,3180,500,1000,0,0,159,0,0,0,0,0,0,0,-145.00003051757812,1,0,0,0,154.5,0,0,3,0,0,0,1000
7607,0,41,3180,500,1000,0,0,158,0,0,0,0,0,0,0,-145.00003051757812,1,0,0,0,154.5,0,0,3,0,0,0,1000
7608,0,42,3180,500,1000,0,0,157,0,0,0,0,0,0,0,-145.00003051757812,1,0,0,0,154.5,0,0,3,0,0,0,1000
7609,0,43,3180,500,1000,0,0,156,0,0,0,0,0,0,0,-145.00003051757812,1,0,0,0,154.5,0,0,3,0,0,0,1000
7610,0,44,3180,500,1000,0,0,155,0,0,0,0,0,0,0,-145.00003051757812,1,0,0,0,154.5,0,0,3,0,0,0,1000
7611,0,45,3180,500,1000,0,0,154,0,0,0,0,0,0,0,-145.00003051757812,1,0,0,0,154.5,0,0,3,0,0,0,1000
7612,0,46,3180,500,1000,0,0,153,0,0,0,0,0,0,0,-145.00003051757812,1,0,0,0,154.5,0,0,3,0,0,0,1000
7613,0,47,3180,500,1000,0,0,152,0,0,0,0,0,0,0,-145.00003051757812,1,0,0,0,154.5,0,0,3,0,0,0,1000
7614,0,48,3180,500,1000,0,0,151,0,0,0,0,0,0,0,-145.00003051757812,1,0,0,0,154.5,0,0,3,0,0,0,1000
7615,0,49,3180,500,1000,0,0,150,0,0,0,0,0,0,0,-145.00003051757812,1,0,0,0,154.5,0,0,3,0,0,0,1000
7616,0,50,3180,500,1000,0,0,149,0,0,0,0,0,0,0,-145.00003051757812,1,0,0,0,154.5,0,0,3,0,0,0,1000
7617,0,51,3180,500,1000,0,0,148,0,0,0,0,0,0,0,-145.00003051757812,1,0,0,0,154.5,0,0,3,0,0,0,1000
7618,0,52,3180,500,1000,0,0,147,0,0,0,0,0,0,0,-145.00003051757812,1,0,0,0,154.5,0,0,3,0,0,0,1000
7619,0,53,3180,500,1000,0,0,146,0,0,0,0,0,0,0,-145.00003051757812,1,0,0,0,154.5,0,0,3,0,0,0,1000
7620,0,54,3180,500,1000,0,0,145,0,0,0,0,0,0,0,-145.00003051757812,1,0,0,0,154.5,0,0,3,0,0,0,1000
7621,0,55,3180,500,1000,0,0,144,0,0,0,0,0,0,0,-145.00003051757812,1,0,0,0,154.5,0,0,3,0,0,0,1000
7622,0,56,3180,500,1000,0,0,143,0,0,0,0,0,0,0,-145.00003051757812,1,0,0,0,154.5,0,0,3,0,0,0,1000
7623,0,57,3180,500,1000,0,0,142,0,0,0,0,0,0,0,-145.00003051757812,1,0,0,0,154.5,0,0,3,0,0,0,1000
7624,0,58,3180,500,1000,0,0,141,0,0,0,0,0,0,0,-145.00003051757812,1,0,0,0,154.5,0,0,3,0,0,0,1000
7625,0,59,3180,500,1000,0,0,140,0,0,0,0,0,0,0,-145.00003051757812,1,0,0,0,154.5,0,0,3,0,0,0,1000
7626,0,60,3180,500,1000,0,0,139,0,0,0,0,0,0,0,-145.00003051757812,1,0,0,0,154.5,0,0,3,0,0,0,1000
7627,0,61,3180,500,1000,0,0,138,0,0,0,0,0,0,0,-145.00003051757812,1,0,0,0,154.5,0,0,3,0,0,0,1000
7628,0,62,3180,500,1000,0,0,137,0,0,0,0,0,0,0,-145.00003051757812,1,0,0,0,154.5,0,0,3,0,0,0,1000
7629,0,63,3180,500,1000,0,0,136,0,0,0,0,0,0,0,-145.00003051757812,1,0,0,0,154.5,0,0,3,0,0,0,1000
7630,0,64,3180,500,1000,0,0,135,0,0,0,0,0,0,0,-145.00003051757812,1,0,0,0,154.5,0,0,3,0,0,0,1000
7631,0,65,3180,500,1000,0,0,134,0,0,0,0,0,0,0,-145.00003051757812,1,0,0,0,154.5,0,0,3,0,0,0,1000
7632,0,66,3180,500,1000,0,0,133,0,0,0,0,0,0,0,-145.00003051757812,1,0,0,0,154.5,0,0,3,0,0,0,1000
7633,0,67,3180,500,1000,0,0,132,0,0,0,0,0,0,0,-145.00003051757812,1,0,0,0,154.5,0,0,3,0,0,0,1000
7634,0,68,3180,500,1000,0,0,131,0,0,0,0,0,0,0,-145.00003051757812,1,0,0,0,154.5,0,0,3,0,0,0,1000
7635,0,69,3180,500,1000,0,0,130,0,0,0,0,0,0,0,-145.00003051757812,1,0,0,0,154.5,0,0,3,0,0,0,1000
7636,0,70,3180,500,1000,0,0,129,0,0,0,0,0,0,0,-145.00003051757812,1,0,0,0,154.5,0,0,3,0,0,0,1000
7637,0,71,3180,500,1000,0,0,128,0,0,0,0,0,0,0,-145.00003051757812,1,0,0,0,154.5,0,0,3,0,0,0,1000
7638,0,72,3180,500,1000,0,0,127,0,0,0,0,0,0,0,-145.00003051757812,1,0,0,0,154.5,0,0,3,0,0,0,1000
7639,0,73,3180,500,1000,0,0,126,0,0,0,0,0,0,0,-145.00003051757812,1,0,0,0,154.5,0,0,3,0,0,0,1000
7640,0,74,3180,500,1000,0,0,125,0,0,0,0,0,0,0,-145.00003051757812,1,0,0,0,154.5,0,0,3,0,0,0,1000
7641,0,75,3180,500,1000,0,0,124,0,0,0,0,0,0,0,-145.00003051757812,1,0,0,0,154.5,0,0,3,0,0,0,1000
7642,0,76,3180,500,1000,0,0,123,0,0,0,0,0,0,0,-145.00003051757812,1,0,0,0,154.5,0,0,3,0,0,0,1000
7643,0,77,3180,500,1000,0,0,122,0,0,0,0,0,0,0,-145.00003051757812,1,0,0,0,154.5,0,0,3,0,0,0,1000
7644,0,78,3180,500,1000,0,0,121,0,0,0,0,0,0,0,-145.00003051757812,1,0,0,0,154.5,0,0,3,0,0,0,1000
7645,0,79,3180,500,1000,0,0,120,0,0,0,0,0,0,0,-145.00003051757812,1,0,0,0,154.5,0,0,3,0,0,0,1000
7646,0,80,3180,500,1000,0,0,119,0,0,0,0,0,0,0,-145.00003051757812,1,0,0,0,154.5,0,0,3,0,0,0,1000
7647,0,81,3180,500,1000,0,0,118,0,0,0,0,0,0,0,-145.00003051757812,1,0,0,0,154.5,0,0,3,0,0,0,1000
7648,0,82,3180,500,1000,0,0,117,0,0,0,0,0,0,0,-145.00003051757812,1,0,0,0,154.5,0,0,3,0,0,0,1000
7649,0,83,3180,500,1000,0,0,116,0,0,0,0,0,0,0,-145.00003051757812,1,0,0,0,154.5,0,0,3,0,0,0,1000
7650,0,84,3180,500,1000,0,0,115,0,0,0,0,0,0,0,-145.00003051757812,1,0,0,0,154.5,0,0,3,0,0,0,1000
7651,0,85,3180,500,1000,0,0,114,0,0,0,0,0,0,0,-145.00003051757812,1,0,0,0,154.5,0,0,3,0,0,0,1000
7652,0,86,3180,500,1000,0,0,113,0,0,0,0,0,0,0,-145.00003051757812,1,0,0,0,154.5,0,0,3,0,0,0,1000
7653,0,87,3180,500,1000,0,0,112,0,0,0,0,0,0,0,-145.00003051757812,1,0,0,0,154.5,0,0,3,0,0,0,1000
7654,0,88,3180,500,1000,0,0,111,0,0,0,0,0,0,0,-145.00003051757812,1,0,0,0,154.5,0,0,3,0,0,0,1000
7655,0,89,3180,500,1000,0,0,110,0,0,0,0,0,0,0,-145.00003051757812,1,0,0,0,154.5,0,0,3,0,0,0,1000
7656,0,90,3180,500,1000,0,0,109,0,0,0,0,0,0,0,-145.00003051757812,1,0,0,0,154.5,0,0,3,0,0,0,1000
7657,0,91,3180,500,1000,0,0,108,0,0,0,0,0,0,0,-145.00003051757812,1,0,0,0,154.5,0,0,3,0,0,0,1000
7658,0,92,3180,500,1000,0,0,107,0,0,0,0,0,0,0,-145.00003051757812,1,0,0,0,154.5,0,0,3,0,0,0,1000
7659,0,93,3180,500,1000,0,0,106,0,0,0,0,0,0,0,-145.00003051757812,1,0,0,0,154.5,0,0,3,0,0,0,1000
7660,0,94,3180,500,1000,0,0,105,0,0,0,0,0,0,0,-145.00003051757812,1,0,0,0,154.5,0,0,3,0,0,0,1000
7661,0,95,3180,500,1000,0,0,104,0,0,0,0,0,0,0,-145.00003051757812,1,0,0,0,154.5,0,0,3,0,0,0,1000
7662,0,96,3180,500,1000,0,0,103,0,0,0,0,0,0,0,-145.00003051757812,1,0,0,0,154.5,0,0,3,0,0,0,1000
7663,0,97,3180,500,1000,0,0,102,0,0,0,0,0,0,0,-145.00003051757812,1,0,0,0,154.5,0,0,3,0,0,0,1000
7664,0,98,3180,500,1000,0,0,101,0,0,0,0,0,0,0,-145.00003051757812,1,0,0,0,154.5,0,0,3,0,0,0,1000
7665,0,99,3180,500,1000,0,0,100,0,0,0,0,0,0,0,-145.00003051757812,1,0,0,0,154.5,0,0,3,0,0,0,1000
7666,0,100,3180,500,1000,0,0,99,0,0,0,0,0,0,0,-145.00003051757812,1,0,0,0,154.5,0,0,3,0,0,0,1000
7667,0,101,3180,500,1000,0,0,98,0,0,0,0,0,0,0,-145.00003051757812,1,0,0,0,154.5,0,0,3,0,0,0,1000
7668,0,102,3180,500,1000,0,0,97,0,0,0,0,0,0,0,-145.00003051757812,1,0,0,0,154.5,0,0,3,0,0,0,1000
7669,0,103,3180,500,1000,0,0,96,0,0,0,0,0,0,0,-145.00003051757812,1,0,0,0,154.5,0,0,3,0,0,0,1000
7670,0,104,3180,500,1000,0,0,95,0,0,0,0,0,0,0,-145.00003051757812,1,0,0,0,154.5,0,0,3,0,0,0,1000
7671,0,105,3180,500,1000,0,0,94,0,0,0,0,0,0,0,-145.00003051757812,1,0,0,0,154.5,0,0,3,0,0,0,1000
7672,0,106,3180,500,1000,0,0,93,0,0,0,0,0,0,0,-145.00003051757812,1,0,0,0,154.5,0,0,3,0,0,0,1000
7673,0,107,3180,500,1000,0,0,92,0,0,0,0,0,0,0,-145.00003051757812,1,0,0,0,154.5,0,0,3,0,0,0,1000
7674,0,108,3180,500,1000,0,0,91,0,0,0,0,0,0,0,-145.00003051757812,1,0,0,0,154.5,0,0,3,0,0,0,1000
7675,0,109,3180,500,1000,0,0,90,0,0,0,0,0,0,0,-145.00003051757812,1,0,0,0,154.5,0,0,3,0,0,0,1000
7676,0,110,3180,500,1000,0,0,89,0,0,0,0,0,0,0,-145.00003051757812,1,0,0,0,154.5,0,0,3,0,0,0,1000
7677,0,111,3180,500,1000,0,0,88,0,0,0,0,0,0,0,-145.00003051757812,1,0,0,0,154.5,0,0,3,0,0,0,1000
7678,0,112,3180,500,1000,0,0,87,0,0,0,0,0,0,0,-145.00003051757812,1,0,0,0,154.5,0,0,3,0,0,0,1000
7679,0,113,3180,500,1000,0,0,86,0,0,0,0,0,0,0,-145.00003051757812,1,0,0,0,154.5,0,0,3,0,0,0,1000
7680,0,114,3180,500,1000,0,0,85,0,0,0,0,0,0,0,-145.00003051757812,1,0,0,0,154.5,0,0,3,0,0,0,1000
7681,0,115,3180,500,1000,0,0,84,0,0,0,0,0,0,0,-145.00003051757812,1,0,0,0,154.5,0,0,3,0,0,0,1000
7682,0,116,3180,500,1000,0,0,83,0,0,0,0,0,0,0,-145.00003051757812,1,0,0,0,154.5,0,0,3,0,0,0,1000
7683,0,117,3180,500,1000,0,0,82,0,0,0,0,0,0,0,-145.00003051757812,1,0,0,0,154.5,0,0,3,0,0,0,1000
7684,0,118,3180,500,1000,0,0,81,0,0,0,0,0,0,0,-145.00003051757812,1,0,0,0,154.5,0,0,3,0,0,0,1000
7685,0,119,3180,500,1000,0,0,80,0,0,0,0,0,0,0,-145.00003051757812,1,0,0,0,154.5,0,0,3,0,0,0,1000
7686,0,120,3180,500,1000,0,0,79,0,0,0,0,0,0,0,-145.00003051757812,1,0,0,0,154.5,0,0,3,0,0,0,1000
7687,0,121,3180,500,1000,0,0,78,0,0,0,0,0,0,0,-145.00003051757812,1,0,0,0,154.5,0,0,3,0,0,0,1000
7688,0,122,3180,500,1000,0,0,77,0,0,0,0,0,0,0,-145.00003051757812,1,0,0,0,154.5,0,0,3,0,0,0,1000
7689,0,123,3180,500,1000,0,0,76,0,0,0,0,0,0,0,-145.00003051757812,1,0,0,0,154.5,0,0,3,0,0,0,1000
7690,0,124,3180,500,1000,0,0,75,0,0,0,0,0,0,0,-145.00003051757812,1,0,0,0,154.5,0,0,3,0,0,0,1000
7691,0,125,3180,500,1000,0,0,74,0,0,0,0,0,0,0,-145.00003051757812,1,0,0,0,154.5,0,0,3,0,0,0,1000
7692,0,126,3180,500,1000,0,0,73,0,0,0,0,0,0,0,-145.00003051757812,1,0,0,0,154.5,0,0,3,0,0,0,1000
7693,0,127,3180,500,1000,0,0,72,0,0,0,0,0,0,0,-145.00003051757812,1,0,0,0,154.5,0,0,3,0,0,0,1000
7694,0,128,3180,500,1000,0,0,71,0,0,0,0,0,0,0,-145.00003051757812,1,0,0,0,154.5,0,0,3,0,0,0,1000
7695,0,129,3180,500,1000,0,0,70,0,0,0,0,0,0,0,-145.00003051757812,1,0,0,0,154.5,0,0,3,0,0,0,1000
7696,0,130,3180,500,1000,0,0,69,0,0,0,0,0,0,0,-145.00003051757812,1,0,0,0,154.5,0,0,3,0,0,0,1000
7697,0,131,3180,500,1000,0,0,68,0,0,0,0,0,0,0,-145.00003051757812,1,0,0,0,154.5,0,0,3,0,0,0,1000
7698,0,132,3180,500,1000,0,0,67,0,0,0,0,0,0,0,-145.00003051757812,1,0,0,0,154.5,0,0,3,0,0,0,1000
7699,0,133,3180,500,1000,0,0,66,0,0,0,0,0,0,0,-145.00003051757812,1,0,0,0,154.5,0,0,3,0,0,0,1000
7700,0,134,3180,500,1000,0,0,65,0,0,0,0,0,0,0,-145.00003051757812,1,0,0,0,154.5,0,0,3,0,0,0,1000
7701,0,135,3180,500,1000,0,0,64,0,0,0,0,0,0,0,-145.00003051757812,1,0,0,0,154.5,0,0,3,0,0,0,1000
7702,0,136,3180,500,1000,0,0,63,0,0,0,0,0,0,0,-145.00003051757812,1,0,0,0,154.5,0,0,3,0,0,0,1000
7703,0,137,3180,500,1000,0,0,62,0,0,0,0,0,0,0,-145.00003051757812,1,0,0,0,154.5,0,0,3,0,0,0,1000
7704,0,138,3180,500,1000,0,0,61,0,0,0,0,0,0,0,-145.00003051757812,1,0,0,0,154.5,0,0,3,0,0,0,1000
7705,0,139,3180,500,1000,0,0,60,0,0,0,0,0,0,0,-145.00003051757812,1,0,0,0,154.5,0,0,3,0,0,0,1000
7706,0,140,3180,500,1000,0,0,59,0,0,0,0,0,0,0,-145.00003051757812,1,0,0,0,154.5,0,0,3,0,0,0,1000
7707,0,141,3180,500,1000,0,0,58,0,0,0,0,0,0,0,-145.00003051757812,1,0,0,0,154.5,0,0,3,0,0,0,1000
7708,0,142,3180,500,1000,0,0,57,0,0,0,0,0,0,0,-145.00003051757812,1,0,0,0,154.5,0,0,3,0,0,0,1000
7709,0,143,3180,500,1000,0,0,56,0,0,0,0,0,0,0,-145.00003051757812,1,0,0,0,154.5,0,0,3,0,0,0,1000
7710,0,144,3180,500,1000,0,0,55,0,0,0,0,0,0,0,-145.00003051757812,1,0,0,0,154.5,0,0,3,0,0,0,1000
7711,0,145,3180,500,1000,0,0,54,0,0,0,0,0,0,0,-145.00003051757812,1,0,0,0,154.5,0,0,3,0,0,0,1000
7712,0,146,3180,500,1000,0,0,53,0,0,0,0,0,0,0,-145.00003051757812,1,0,0,0,154.5,0,0,3,0,0,0,1000
7713,0,147,3180,500,1000,0,0,52,0,0,0,0,0,0,0,-145.00003051757812,1,0,0,0,154.5,0,0,3,0,0,0,1000
7714,0,148,3180,500,1000,0,0,51,0,0,0,0,0,0,0,-145.00003051757812,1,0,0,0,154.5,0,0,3,0,0,0,1000
7715,0,149,3180,500,1000,0,0,50,0,0,0,0,0,0,0,-145.00003051757812,1,0,0,0,154.5,0,0,3,0,0,0,1000
7716,0,150,3180,500,1000,0,0,49,0,0,0,0,0,0,0,-145.00003051757812,1,0,0,0,154.5,0,0,3,0,0,0,1000
7717,0,151,3180,500,1000,0,0,48,0,0,0,0,0,0,0,-145.00003051757812,1,0,0,0,154.5,0,0,3,0,0,0,1000
7718,0,152,3180,500,1000,0,0,47,0,0,0,0,0,0,0,-145.00003051757812,1,0,0,0,154.5,0,0,3,0,0,0,1000
7719,0,153,3180,500,1000,0,0,46,0,0,0,0,0,0,0,-145.00003051757812,1,0,0,0,154.5,0,0,3,0,0,0,1000
7720,0,154,3180,500,1000,0,0,45,0,0,0,0,0,0,0,-145.00003051757812,1,0,0,0,154.5,0,0,3,0,0,0,1000
7721,0,155,3180,500,1000,0,0,44,0,0,0,0,0,0,0,-145.00003051757812,1,0,0,0,154.5,0,0,3,0,0,0,1000
7722,0,156,3180,500,1000,0,0,43,0,0,0,0,0,0,0,-145.00003051757812,1,0,0,0,154.5,0,0,3,0,0,0,1000
7723,0,157,3180,500,1000,0,0,42,0,0,0,0,0,0,0,-145.00003051757812,1,0,0,0,154.5,0,0,3,0,0,0,1000
7724,0,158,3180,500,1000,0,0,41,0,0,0,0,0,0,0,-145.00003051757812,1,0,0,0,154.5,0,0,3,0,0,0,1000
7725,0,159,3180,500,1000,0,0,40,0,0,0,0,0,0,0,-145.00003051757812,1,0,0,0,154.5,0,0,3,0,0,0,1000
7726,0,160,3180,500,1000,0,0,39,0,0,0,0,0,0,0,-145.00003051757812,1,0,0,0,154.5,0,0,3,0,0,0,1000
7727,0,161,3180,500,1000,0,0,38,0,0,0,0,0,0,0,-145.00003051757812,1,0,0,0,154.5,0,0,3,0,0,0,1000
7728,0,162,3180,500,1000,0,0,37,0,0,0,0,0,0,0,-145.00003051757812,1,0,0,0,154.5,0,0,3,0,0,0,1000
7729,0,163,3180,500,1000,0,0,36,0,0,0,0,0,0,0,-145.00003051757812,1,0,0,0,154.5,0,0,3,0,0,0,1000
7730,0,164,3180,500,1000,0,0,35,0,0,0,0,0,0,0,-145.00003051757812,1,0,0,0,154.5,0,0,3,0,0,0,1000
7731,0,165,3180,500,1000,0,0,34,0,0,0,0,0,0,0,-145.00003051757812,1,0,0,0,154.5,0,0,3,0,0,0,1000
7732,0,166,3180,500,1000,0,0,33,0,0,0,0,0,0,0,-145.00003051757812,1,0,0,0,154.5,0,0,3,0,0,0,1000
7733,0,167,3180,500,1000,0,0,32,0,0,0,0,0,0,0,-145.00003051757812,1,0,0,0,154.5,0,0,3,0,0,0,1000
7734,0,168,3180,500,1000,0,0,31,0,0,0,0,0,0,0,-145.00003051757812,1,0,0,0,154.5,0,0,3,0,0,0,1000
7735,0,169,3180,500,1000,0,0,30,0,0,0,0,0,0,0,-145.00003051757812,1,0,0,0,154.5,0,0,3,0,0,0,1000
7736,0,170,3180,500,1000,0,0,29,0,0,0,0,0,0,0,-145.00003051757812,1,0,0,0,154.5,0,0,3,0,0,0,1000
7737,0,171,3180,500,1000,0,0,28,0,0,0,0,0,0,0,-145.00003051757812,1,0,0,0,154.5,0,0,3,0,0,0,1000
7738,0,172,3180,500,1000,0,0,27,0,0,0,0,0,0,0,-145.00003051757812,1,0,0,0,154.5,0,0,3,0,0,0,1000
7739,0,173,3180,500,1000,0,0,26,0,0,0,0,0,0,0,-145.00003051757812,1,0,0,0,154.5,0,0,3,0,0,0,1000
7740,0,174,3180,500,1000,0,0,25,0,0,0,0,0,0,0,-145.00003051757812,1,0,0,0,154.5,0,0,3,0,0,0,1000
7741,0,175,3180,500,1000,0,0,24,0,0,0,0,0,0,0,-145.00003051757812,1,0,0,0,154.5,0,0,3,0,0,0,1000
7742,0,176,3180,500,1000,0,0,23,0,0,0,0,0,0,0,-145.00003051757812,1,0,0,0,154.5,0,0,3,0,0,0,1000
7743,0,177,3180,500,1000,0,0,22,0,0,0,0,0,0,0,-145.00003051757812,1,0,0,0,154.5,0,0,3,0,0,0,1000
7744,0,178,3180,500,1000,0,0,21,0,0,0,0,0,0,0,-145.00003051757812,1,0,0,0,154.5,0,0,3,0,0,0,1000
7745,0,179,3180,500,1000,0,0,20,0,0,0,0,0,0,0,-145.00003051757812,1,0,0,0,154.5,0,0,3,0,0,0,1000
7746,0,180,3180,500,1000,0,0,19,0,0,0,0,0,0,0,-145.00003051757812,1,0,0,0,154.5,0,0,3,0,0,0,1000
7747,0,181,3180,500,1000,0,0,18,0,0,0,0,0,0,0,-145.00003051757812,1,0,0,0,154.5,0,0,3,0,0,0,1000
7748,0,182,3180,500,1000,0,0,17,0,0,0,0,0,0,0,-145.00003051757812,1,0,0,0,154.5,0,0,3,0,0,0,1000
7749,0,183,3180,500,1000,0,0,16,0,0,0,0,0,0,0,-145.00003051757812,1,0,0,0,154.5,0,0,3,0,0,0,1000
7750,0,184,3180,500,1000,0,0,15,0,0,0,0,0,0,0,-145.00003051757812,1,0,0,0,154.5,0,0,3,0,0,0,1000
7751,0,185,3180,500,1000,0,0,14,0,0,0,0,0,0,0,-145.00003051757812,1,0,0,0,154.5,0,0,3,0,0,0,1000
7752,0,186,3180,500,1000,0,0,13,0,0,0,0,0,0,0,-145.00003051757812,1,0,0,0,154.5,0,0,3,0,0,0,1000
7753,0,187,3180,500,1000,0,0,12,0,0,0,0,0,0,0,-145.00003051757812,1,0,0,0,154.5,0,0,3,0,0,0,1000
7754,0,188,3180,500,1000,0,0,11,0,0,0,0,0,0,0,-145.00003051757812,1,0,0,0,154.5,0,0,3,0,0,0,1000
7755,0,189,3180,500,1000,0,0,10,0,0,0,0,0,0,0,-145.00003051757812,1,0,0,0,154.5,0,0,3,0,0,0,1000
7756,0,190,3180,500,1000,0,0,9,0,0,0,0,0,0,0,-145.00003051757812,1,0,0,0,154.5,0,0,3,0,0,0,1000
7757,0,191,3180,500,1000,0,0,8,0,0,0,0,0,0,0,-145.00003051757812,1,0,0,0,154.5,0,0,3,0,0,0,1000
7758,0,192,3180,500,1000,0,0,7,0,0,0,0,0,0,0,-145.00003051757812,1,0,0,0,154.5,0,0,3,0,0,0,1000
7759,0,193,3180,500,1000,0,0,6,0,0,0,0,0,0,0,-145.00003051757812,1,0,0,0,154.5,0,0,3,0,0,0,1000
7760,0,194,3180,500,1000,0,0,5,0,0,0,0,0,0,0,-145.00003051757812,1,0,0,0,154.5,0,0,3,0,0,0,1000
7761,0,195,3180,500,1000,0,0,4,0,0,0,0,0,0,0,-145.00003051757812,1,0,0,0,154.5,0,0,3,0,0,0,1000
7762,0,196,3180,500,1000,0,0,3,0,0,0,0,0,0,0,-145.00003051757812,1,0,0,0,154.5,0,0,3,0,0,0,1000
7763,0,197,3180,500,1000,0,0,2,0,0,0,0,0,0,0,-145.00003051757812,1,0,0,0,154.5,0,0,3,0,0,0,1000
7764,0,198,3180,500,1000,0,0,1,0,0,0,0,0,0,0,-145.00003051757812,1,0,0,0,154.5,0,0,3,0,0,0,1000
7765,0,199,3180,500,1000,0,0,0,0,0,0,0,0,0,0,-145.00003051757812,1,0,0,0,154.5,0,0,3,0,0,0,1000
7766,0,200,3180,500,1000,0,0,0,0,0,0,0,0,0,0,-145.00003051757812,1,0,0,0,154.5,0,0,3,0,0,0,1000
7767,0,201,3180,500,1000,0,0,0,0,0,0,0,0,0,0,-145.00003051757812,1,0,0,0,154.5,0,0,3,0,0,0,1000
7768,0,202,3180,500,1000,0,0,0,0,0,0,0,0,0,0,-145.00003051757812,1,0,0,0,154.5,0,0,3,0,0,0,1000
7769,0,203,3180,500,1000,0,0,0,0,0,0,0,0,0,0,-145.00003051757812,1,0,0,0,154.5,0,0,3,0,0,0,1000
7770,0,204,3180,500,1000,0,0,0,0,0,0,0,0,0,0,-145.00003051757812,1,0,0,0,154.5,0,0,3,0,0,0,1000
7771,0,205,3180,500,1000,0,0,0,0,0,0,0,0,0,0,-145.00003051757812,1,0,0,0,154.5,0,0,3,0,0,0,1000
7772,0,206,3180,500,1000,0,0,0,0,0,0,0,0,0,0,-145.00003051757812,1,0,0,0,154.5,0,0,3,0,0,0,1000
7773,0,207,3180,500,1000,0,0,0,0,0,0,0,0,0,0,-145.00003051757812,1,0,0,0,154.5,0,0,3,0,0,0,1000
7774,0,208,3180,500,1000,0,0,0,0,0,0,0,0,0,0,-145.00003051757812,1,0,0,0,154.5,0,0,3,0,0,0,1000
7775,0,209,3180,500,1000,0,0,0,0,0,0,0,0,0,0,-145.00003051757812,1,0,0,0,154.5,0,0,3,0,0,0,1000
7776,0,210,3180,500,1000,0,0,0,0,0,0,0,0,0,0,-145.00003051757812,1,0,0,0,154.5,0,0,3,0,0,0,1000
7777,0,211,3180,500,1000,0,0,0,0,0,0,0,0,0,0,-145.00003051757812,1,0,0,0,154.5,0,0,3,0,0,0,1000
7778,0,212,3180,500,1000,0,0,0,0,0,0,0,0,0,0,-145.00003051757812,1,0,0,0,154.5,0,0,3,0,0,0,1000
7779,0,213,3180,500,1000,0,0,0,0,0,0,0,0,0,0,-145.00003051757812,1,0,0,0,154.5,0,0,3,0,0,0,1000
7780,0,214,3180,500,1000,0,0,0,0,0,0,0,0,0,0,-145.00003051757812,1,0,0,0,154.5,0,0,3,0,0,0,1000
7781,0,215,3180,500,1000,0,0,0,0,0,0,0,0,0,0,-145.00003051757812,1,0,0,0,154.5,0,0,3,0,0,0,1000
7782,0,216,3180,500,1000,0,0,0,0,0,0,0,0,0,0,-145.00003051757812,1,0,0,0,154.5,0,0,3,0,0,0,1000
7783,0,217,3180,500,1000,0,0,0,0,0,0,0,0,0,0,-145.00003051757812,1,0,0,0,154.5,0,0,3,0,0,0,1000
7784,0,218,3180,500,1000,0,0,0,0,0,0,0,0,0,0,-145.00003051757812,1,0,0,0,154.5,0,0,3,0,0,0,1000
7785,0,219,3180,500,1000,0,0,0,0,0,0,0,0,0,0,-145.00003051757812,1,0,0,0,154.5,0,0,3,0,0,0,1000
7786,0,220,3180,500,1000,0,0,0,0,0,0,0,0,0,0,-145.00003051757812,1,0,0,0,154.5,0,0,3,0,0,0,1000
7787,0,221,3180,500,1000,0,0,0,0,0,0,0,0,0,0,-145.00003051757812,1,0,0,0,154.5,0,0,3,0,0,0,1000
7788,0,222,3180,500,1000,0,0,0,0,0,0,0,0,0,0,-145.00003051757812,1,0,0,0,154.5,0,0,3,0,0,0,1000
7789,0,223,3180,500,1000,0,0,0,0,0,0,0,0,0,0,-145.00003051757812,1,0,0,0,154.5,0,0,3,0,0,0,1000
7790,0,224,3180,500,1000,0,0,0,0,0,0,0,0,0,0,-145.00003051757812,1,0,0,0,154.5,0,0,3,0,0,0,1000
7791,0,225,3180,500,1000,0,0,0,0,0,0,0,0,0,0,-145.00003051757812,1,0,0,0,154.5,0,0,3,0,0,0,1000
7792,0,226,3180,500,1000,0,0,0,0,0,0,0,0,0,0,-145.00003051757812,1,0,0,0,154.5,0,0,3,0,0,0,1000
7793,0,227,3180,500,1000,0,0,0,0,0,0,0,0,0,0,-145.00003051757812,1,0,0,0,154.5,0,0,3,0,0,0,1000
7794,0,228,3180,500,1000,0,0,0,0,0,0,0,0,0,0,-145.00003051757812,1,0,0,0,154.5,0,0,3,0,0,0,1000
7795,0,229,3180,500,1000,0,0,0,0,0,0,0,0,0,0,-145.00003051757812,1,0,0,0,154.5,0,0,3,0,0,0,1000
7796,0,230,3180,500,1000,0,0,0,0,0,0,0,0,0,0,-145.00003051757812,1,0,0,0,154.5,0,0,3,0,0,0,1000
7797,0,231,3180,500,1000,0,0,0,0,0,0,0,0,0,0,-145.00003051757812,1,0,0,0,154.5,0,0,3,0,0,0,1000
7798,0,232,3180,500,1000,0,0,0,0,0,0,0,0,0,0,-145.00003051757812,1,0,0,0,154.5,0,0,3,0,0,0,1000
7799,0,233,3180,500,1000,0,0,0,0,0,0,0,0,0,0,-145.00003051757812,1,0,0,0,154.5,0,0,3,0,0,0,1000
7800,0,234,3180,500,1000,0,0,0,0,0,0,0,0,0,0,-145.00003051757812,1,0,0,0,154.5,0,0,3,0,0,0,1000
7801,0,235,3180,500,1000,0,0,0,0,0,0,0,0,0,0,-145.00003051757812,1,0,0,0,154.5,0,0,3,0,0,0,1000
7802,0,236,3180,500,1000,0,0,0,0,0,0,0,0,0,0,-145.00003051757812,1,0,0,0,154.5,0,0,3,0,0,0,1000
7803,0,237,3180,500,1000,0,0,0,0,0,0,0,0,0,0,-145.00003051757812,1,0,0,0,154.5,0,0,3,0,0,0,1000
7804,0,238,3180,500,1000,0,0,0,0,0,0,0,0,0,0,-145.00003051757812,1,0,0,0,154.5,0,0,3,0,0,0,1000
7805,0,239,3180,500,1000,0,0,0,0,0,0,0,0,0,0,-145.00003051757812,1,0,0,0,154.5,0,0,3,0,0,0,1000
7806,0,240,3180,500,1000,0,0,0,0,0,0,0,0,0,0,-145.00003051757812,1,0,0,0,154.5,0,0,3,0,0,0,1000
7807,0,241,3180,500,1000,0,0,0,0,0,0,0,0,0,0,-145.00003051757812,1,0,0,0,154.5,0,0,3,0,0,0,1000
7808,0,242,3180,500,1000,0,0,0,0,0,0,0,0,0,0,-145.00003051757812,1,0,0,0,154.5,0,0,3,0,0,0,1000
7809,0,243,3180,500,1000,0,0,0,0,0,0,0,0,0,0,-145.00003051757812,1,0,0,0,154.5,0,0,3,0,0,0,1000
7810,0,1,3000,500,1000,500,0,0,0,0,0,0,0,0,0,-145.00003051757812,1,0,0,0,154.5,0,0,3,0,0,0,1000
7811,0,2,3000,500,1000,499,0,0,0,0,0,0,0,0,0,-145.00003051757812,1,0,0,0,154.5,0,0,3,0,0,0,1000
7812,0,3,3000,500,1000,498,0,0,0,0,0,0,0,0,0,-145.00003051757812,1,0,0,0,154.5,0,0,3,0,0,0,1000
7813,0,4,3000,500,1000,497,0,0,0,0,0,0,0,0,0,-145.00003051757812,1,0,0,0,154.5,0,0,3,0,0,0,1000
7814,0,5,3000,500,1000,496,0,0,0,0,0,0,0,0,0,-145.00003051757812,1,0,0,0,154.5,0,0,3,0,0,0,1000
7815,0,6,3000,500,1000,495,0,0,0,0,0,0,0,0,0,-145.00003051757812,1,0,0,0,154.5,0,0,3,0,0,0,1000
7816,0,7,3000,500,1000,494,0,0,0,0,0,0,0,0,0,-145.00003051757812,1,0,0,0,154.5,0,0,3,0,0,0,1000
7817,0,8,3000,500,1000,493,0,0,0,0,0,0,0,0,0,-145.00003051757812,1,0,0,0,154.5,0,0,3,0,0,0,1000
7818,0,9,3000,500,1000,492,0,0,0,0,0,0,0,0,0,-145.00003051757812,1,0,0,0,154.5,0,0,3,0,0,0,1000
7819,10,1,3000,500,1000,491,0,0,0,0,0,0,0,0,0,-145.00003051757812,1,0,0,0,154.5,0,0,3,0,0,0,1000
7820,10,2,3000,500,1000,490,0,0,0,0,0,0,0,0,0,-145.00003051757812,1,0,0,0,154.5,0,0,3,0,0,0,1000
7821,10,3,3000,500,1000,489,0,0,0,0,0,0,0,0,0,-145.00003051757812,1,0,0,0,154.5,0,0,3,0,0,0,1000
7822,10,4,3000,500,1000,488,0,0,0,0,0,0,0,0,0,-145.00003051757812,1,0,0,0,154.5,0,0,3,0,0,0,1000
7823,10,5,3000,500,1000,487,0,0,0,0,0,0,0,0,0,-145.00003051757812,1,0,0,0,154.5,0,0,3,0,0,0,1000
7824,10,6,3000,500,1000,486,0,0,0,0,0,0,0,0,0,-145.00003051757812,1,0,0,0,154.5,0,0,3,0,0,0,1000
7825,12,1,3000,500,1000,485,0,0,0,0,0,0,0,0,0,-145.00003051757812,1,0,0,0,154.5,0,0,3,0,0,0,1000
7826,20,1,3000,500,1000,484,0,0,0,0,0,0,0,0,0,-144.00003051757812,1,0,0,0,154.5,0,0,3,0,0,0,1000
7827,20,2,3000,500,1000,483,0,0,0,0,0,0,0,0,0,-144.00003051757812,1,0,0,0,153.5,0,0,3,0,0,0,1000
7828,10,1,3000,500,1000,482,0,0,0,0,0,0,0,0,0,-144.00003051757812,1,0,0,0,152.5,0,0,3,0,0,0,1000
7829,10,2,3000,500,1000,481,0,0,0,0,0,0,0,0,0,-144.00003051757812,1,0,0,0,152.5,0,0,3,0,0,0,1000
7830,10,3,3000,500,1000,480,0,0,0,0,0,0,0,0,0,-144.00003051757812,1,0,0,0,152.5,0,0,3,0,0,0,1000
7831,10,4,3000,500,1000,479,0,0,0,0,0,0,0,0,0,-144.00003051757812,1,0,0,0,152.5,0,0,3,0,0,0,1000
7832,10,5,3000,500,1000,478,0,0,0,0,0,0,0,0,0,-144.00003051757812,1,0,0,0,152.5,0,0,3,0,0,0,1000
7833,10,6,3000,500,1000,477,0,0,0,0,0,0,0,0,0,-144.00003051757812,1,0,0,0,152.5,0,0,3,0,0,0,1000
7834,4000,1,1000,500,1000,476,0,0,0,0,0,0,0,0,0,-144.00003051757812,1,0,0,0,152.5,0,0,0,3,0,0,1000
7835,4000,2,1000,500,1000,0,0,0,0,0,0,0,0,0,0,-144.00003051757812,1,0,0,0,152.5,0,0,0,3,0,0,1000
7836,4000,3,1000,500,1000,0,0,0,0,0,0,0,0,0,0,-144.00003051757812,1,0,0,0,152.5,0,0,0,3,0,0,1000
7837,4000,4,1000,500,1000,0,0,0,0,0,0,0,0,0,0,-141.75003051757812,1,0,0,0,152.5,0,0,0,3,0,0,1000
7838,4000,5,1000,500,1000,0,0,0,0,0,0,0,0,0,0,-140.00003051757812,1,0,0,0,152.5,0,0,0,3,0,0,1000
7839,4000,6,1000,500,1000,0,0,0,0,0,0,0,0,0,0,-138.25003051757812,1,0,0,0,152.5,0,0,0,3,0,0,1000
7840,4000,7,1000,500,1000,0,0,0,0,0,0,0,0,0,0,-136.50003051757812,1,0,0,0,152.5,0,0,0,3,0,0,1000
7841,4000,8,1000,500,1000,0,0,0,0,0,0,0,0,0,0,-134.75003051757812,1,0,0,0,152.5,0,0,0,3,0,0,1000
7842,4000,9,1000,500,1000,0,0,0,0,0,0,0,0,0,0,-133.00003051757812,1,0,0,0,152.5,0,0,0,3,0,0,1000
7843,4000,10,1000,500,1000,0,0,0,0,0,0,0,0,0,0,-131.25003051757812,1,0,0,0,152.5,0,0,0,3,0,0,1000
7844,4000,11,1000,500,1000,0,0,0,0,0,0,0,0,0,0,-129.50003051757812,1,0,0,0,152.5,0,0,0,3,0,0,1000
7845,4000,12,1000,500,1000,0,0,0,0,0,0,0,0,0,0,-127.75003051757812,1,0,0,0,152.5,0,0,0,3,0,0,1000
7846,4000,13,1000,500,1000,0,0,0,0,0,0,0,0,0,0,-126.00003051757812,1,0,0,0,152.5,0,0,0,3,0,0,1000
7847,4000,14,1000,500,1000,0,0,0,0,0,0,0,0,0,0,-126.00003051757812,1,0,0,0,152.5,0,0,0,3,0,0,1000
7848,4000,15,1000,500,1000,0,0,0,0,0,0,0,0,0,0,-126.00003051757812,1,0,0,0,152.5,0,0,0,3,0,0,1159
7849,4000,16,1000,500,1000,0,0,0,0,0,0,0,0,0,0,-126.00003051757812,1,0,0,0,152.5,0,0,0,3,0,0,1159
7850,4000,17,1000,500,1000,0,0,0,0,0,0,0,0,0,0,-126.00003051757812,1,0,0,0,152.5,0,0,0,3,0,0,1159
7851,4000,18,1000,500,1000,0,0,0,0,0,0,0,0,0,0,-126.00003051757812,1,0,0,0,152.5,0,0,0,3,0,0,1159
7852,4000,19,1000,500,1000,0,0,0,0,0,0,0,0,0,0,-126.00003051757812,1,0,0,0,152.5,0,0,0,3,0,0,1159
7853,4000,20,1000,500,1000,0,0,0,0,0,0,0,0,0,0,-126.00003051757812,1,0,0,0,152.5,0,0,0,3,0,0,1159
7854,4000,21,1000,500,1000,0,0,0,0,0,0,0,0,0,0,-126.00003051757812,1,0,0,0,152.5,0,0,0,3,0,0,1159
7855,4000,22,1000,500,1000,0,0,0,0,0,0,0,0,0,0,-126.00003051757812,1,0,0,0,152.5,0,0,0,3,0,0,1159
7856,4000,23,1000,500,1000,0,0,0,0,0,0,0,0,0,0,-126.00003051757812,1,0,0,0,152.5,0,0,0,3,0,0,1159
7857,4000,24,1000,500,735,0,0,0,0,0,0,0,0,0,0,-126.00003051757812,1,0,0,0,152.5,0,0,0,3,0,0,2159
7858,4000,25,1000,500,735,0,0,0,0,0,0,0,0,0,0,-126.00003051757812,1,0,0,0,152.5,0,0,0,3,0,0,1859
7859,4000,26,1000,500,735,0,0,0,0,0,0,0,0,0,0,-126.00003051757812,1,0,0,0,152.5,0,0,0,3,0,0,1859
7860,4000,27,1000,500,735,0,0,0,0,0,0,0,0,0,0,-126.00003051757812,1,0,0,0,152.5,0,0,0,3,0,0,1859
7861,4000,28,1000,500,735,0,0,0,0,0,0,0,0,0,0,-126.00003051757812,1,0,0,0,152.5,0,0,0,3,0,0,1859
7862,4000,29,1000,500,735,0,0,0,0,0,0,0,0,0,0,-126.00003051757812,1,0,0,0,152.5,0,0,0,3,0,0,1859
7863,4000,30,1000,500,735,0,0,0,0,0,0,0,0,0,0,-126.00003051757812,1,0,0,0,152.5,0,0,0,3,0,0,1859
7864,4000,31,1000,500,735,0,0,0,0,0,0,0,0,0,0,-126.00003051757812,1,0,0,0,152.5,0,0,0,3,0,0,1859
7865,4000,32,1000,500,735,0,0,0,0,0,0,0,0,0,0,-126.00003051757812,1,0,0,0,152.5,0,0,0,3,0,0,1859
7866,4000,33,1000,500,735,0,0,0,0,0,0,0,0,0,0,-126.00003051757812,1,0,0,0,152.5,0,0,0,3,0,0,1859
7867,4000,34,1000,500,735,0,0,0,0,0,0,0,0,0,0,-126.00003051757812,1,0,0,0,152.5,0,0,0,3,0,0,1859
7868,4000,35,1000,500,735,0,0,0,0,0,0,0,0,0,0,-126.00003051757812,1,0,0,0,152.5,0,0,0,3,0,0,1859
7869,4000,36,1000,500,735,0,0,0,0,0,0,0,0,0,0,-126.00003051757812,1,0,0,0,152.5,0,0,0,3,0,0,1859
7870,4000,37,1000,500,735,0,0,0,0,0,0,0,0,0,0,-126.00003051757812,1,0,0,0,152.5,0,0,0,3,0,0,1859
7871,4000,38,1000,500,735,0,0,0,0,0,0,0,0,0,0,-126.00003051757812,1,0,0,0,152.5,0,0,0,3,0,0,1859
7872,4000,39,1000,500,735,0,0,0,0,0,0,0,0,0,0,-126.00003051757812,1,0,0,0,152.5,0,0,0,3,0,0,1859
7873,4000,40,1000,500,735,0,0,0,0,0,0,0,0,0,0,-126.00003051757812,1,0,0,0,152.5,0,0,0,3,0,0,1859
7874,4000,41,1000,500,735,0,0,0,0,0,0,0,0,0,0,-126.00003051757812,1,0,0,0,152.5,0,0,0,3,0,0,1859
7875,4000,42,1000,500,735,0,0,0,0,0,0,0,0,0,0,-126.00003051757812,1,0,0,0,152.5,0,0,0,3,0,0,1859
7876,4000,43,1000,500,735,0,0,0,0,0,0,0,0,0,0,-126.00003051757812,1,0,0,0,152.5,0,0,0,3,0,0,1859
7877,4000,44,1000,500,735,0,0,0,0,0,0,0,0,0,0,-126.00003051757812,1,0,0,0,152.5,0,0,0,3,0,0,1859
7878,4000,45,1000,500,735,0,0,0,0,0,0,0,0,0,0,-126.00003051757812,1,0,0,0,152.5,0,0,0,3,0,0,1859
7879,4000,46,1000,500,735,0,0,0,0,0,0,0,0,0,0,-126.00003051757812,1,0,0,0,152.5,0,0,0,3,0,0,1859
7880,4000,47,1000,500,735,0,0,0,0,0,0,0,0,0,0,-126.00003051757812,1,0,0,0,152.5,0,0,0,3,0,0,1859
7881,4000,48,1000,500,735,0,0,0,0,0,0,0,0,0,0,-126.00003051757812,1,0,0,0,152.5,0,0,0,3,0,0,1859
7882,4000,49,1000,500,735,0,0,0,0,0,0,0,0,0,0,-126.00003051757812,1,0,0,0,152.5,0,0,0,3,0,0,1859
7883,4000,50,1000,500,735,0,0,0,0,0,0,0,0,0,0,-126.00003051757812,1,0,0,0,152.5,0,0,0,3,0,0,1859
7884,4000,51,1000,500,735,0,0,0,0,0,0,0,0,0,0,-126.00003051757812,1,0,0,0,152.5,0,0,0,3,0,0,1859
7885,4000,52,1000,500,735,0,0,0,0,0,0,0,0,0,0,-126.00003051757812,1,0,0,0,152.5,0,0,0,3,0,0,1859
7886,4000,53,1000,500,735,0,0,0,0,0,0,0,0,0,0,-126.00003051757812,1,0,0,0,152.5,0,0,0,3,0,0,1859
7887,4000,54,1000,500,735,0,0,0,0,0,0,0,0,0,0,-126.00003051757812,1,0,0,0,152.5,0,0,0,3,0,0,1859
7888,4000,55,1000,500,735,0,0,0,0,0,0,0,0,0,0,-126.00003051757812,1,0,0,0,152.5,0,0,0,3,0,0,1859
7889,4000,56,1000,500,735,0,0,0,0,0,0,0,0,0,0,-126.00003051757812,1,0,0,0,152.5,0,0,0,3,0,0,1859
7890,4000,57,1000,500,735,0,0,0,0,0,0,0,0,0,0,-126.00003051757812,1,0,0,0,152.5,0,0,0,3,0,0,1859
7891,4000,58,1000,500,735,0,0,0,0,0,0,0,0,0,0,-126.00003051757812,1,0,0,0,152.5,0,0,0,3,0,0,1859
7892,4000,59,1000,500,735,0,0,0,0,0,0,0,0,0,0,-126.00003051757812,1,0,0,0,152.5,0,0,0,3,0,0,1859
7893,4000,60,1000,500,735,0,0,0,0,0,0,0,0,0,0,-126.00003051757812,1,0,0,0,152.5,0,0,0,3,0,0,1859
7894,0,1,1000,500,735,0,0,0,0,0,0,0,0,0,0,-126.00003051757812,1,0,0,0,152.5,0,0,0,3,0,0,1859
7895,0,2,1000,500,735,0,0,0,0,0,0,0,0,0,0,-126.00003051757812,1,0,0,0,152.5,0,0,0,3,0,0,1859
7896,0,3,1000,500,735,0,0,0,0,0,0,0,0,0,0,-126.00003051757812,1,0,0,0,152.5,0,0,0,3,0,0,1859
7897,0,4,1000,500,735,0,0,0,0,0,0,0,0,0,0,-126.00003051757812,1,0,0,0,152.5,0,0,0,3,0,0,1859
7898,0,5,1000,500,735,0,0,0,0,0,0,0,0,0,0,-126.00003051757812,1,0,0,0,152.5,0,0,0,3,0,0,1859
7899,0,6,1000,500,735,0,0,0,0,0,0,0,0,0,0,-126.00003051757812,1,0,0,0,152.5,0,0,0,3,0,0,1859
7900,0,7,1000,500,735,0,0,0,0,0,0,0,0,0,0,-126.00003051757812,1,0,0,0,152.5,0,0,0,3,0,0,1859
7901,0,8,1000,500,735,0,0,0,0,0,0,0,0,0,0,-126.00003051757812,1,0,0,0,152.5,0,0,0,3,0,0,1859
7902,0,9,1000,500,735,0,0,0,0,0,0,0,0,0,0,-126.00003051757812,1,0,0,0,152.5,0,0,0,3,0,0,1859
7903,0,10,1000,500,735,0,0,0,0,0,0,0,0,0,0,-126.00003051757812,1,0,0,0,152.5,0,0,0,3,0,0,1859
7904,0,11,1000,500,735,0,0,0,0,0,0,0,0,0,0,-126.00003051757812,1,0,0,0,152.5,0,0,0,3,0,0,1859
7905,0,12,1000,500,735,0,0,0,0,0,0,0,0,0,0,-126.00003051757812,1,0,0,0,152.5,0,0,0,3,0,0,1859
7906,0,13,1000,500,735,0,0,0,0,0,0,0,0,0,0,-126.00003051757812,1,0,0,0,152.5,0,0,0,3,0,0,1859
7907,0,14,1000,500,735,0,0,0,0,0,0,0,0,0,0,-126.00003051757812,1,0,0,0,152.5,0,0,0,3,0,0,1859
7908,0,15,1000,500,735,0,0,0,0,0,0,0,0,0,0,-126.00003051757812,1,0,0,0,152.5,0,0,0,3,0,0,1859
7909,0,16,1000,500,735,0,0,0,0,0,0,0,0,0,0,-126.00003051757812,1,0,0,0,152.5,0,0,0,3,0,0,1859
7910,0,17,1000,500,735,0,0,0,0,0,0,0,0,0,0,-126.00003051757812,1,0,0,0,152.5,0,0,0,3,0,0,1859
7911,0,18,1000,500,735,0,0,0,0,0,0,0,0,0,0,-126.00003051757812,1,0,0,0,152.5,0,0,0,3,0,0,1859
7912,0,19,1000,500,735,0,0,0,0,0,0,0,0,0,0,-126.00003051757812,1,0,0,0,152.5,0,0,0,3,0,0,1859
7913,0,20,1000,500,735,0,0,0,0,0,0,0,0,0,0,-126.00003051757812,1,0,0,0,152.5,0,0,0,3,0,0,1859
7914,0,21,1000,500,735,0,0,0,0,0,0,0,0,0,0,-126.00003051757812,1,0,0,0,152.5,0,0,0,3,0,0,1859
7915,0,22,1000,500,735,0,0,0,0,0,0,0,0,0,0,-126.00003051757812,1,0,0,0,152.5,0,0,0,3,0,0,1859
7916,0,23,1000,500,735,0,0,0,0,0,0,0,0,0,0,-126.00003051757812,1,0,0,0,152.5,0,0,0,3,0,0,1859
7917,0,24,1000,500,735,0,0,0,0,0,0,0,0,0,0,-126.00003051757812,1,0,0,0,152.5,0,0,0,3,0,0,1859
7918,0,25,1000,500,735,0,0,0,0,0,0,0,0,0,0,-126.00003051757812,1,0,0,0,152.5,0,0,0,3,0,0,1859
7919,0,26,1000,500,735,0,0,0,0,0,0,0,0,0,0,-126.00003051757812,1,0,0,0,152.5,0,0,0,3,0,0,1859
7920,0,27,1000,500,735,0,0,0,0,0,0,0,0,0,0,-126.00003051757812,1,0,0,0,152.5,0,0,0,3,0,0,1859
7921,0,28,1000,500,735,0,0,0,0,0,0,0,0,0,0,-126.00003051757812,1,0,0,0,152.5,0,0,0,3,0,0,1859
7922,0,29,1000,500,735,0,0,0,0,0,0,0,0,0,0,-126.00003051757812,1,0,0,0,152.5,0,0,0,3,0,0,1859
7923,0,30,1000,500,735,0,0,0,0,0,0,0,0,0,0,-126.00003051757812,1,0,0,0,152.5,0,0,0,3,0,0,1859
7924,0,31,1000,500,735,0,0,0,0,0,0,0,0,0,0,-126.00003051757812,1,0,0,0,152.5,0,0,0,3,0,0,1859
7925,0,32,1000,500,735,0,0,0,0,0,0,0,0,0,0,-126.00003051757812,1,0,0,0,152.5,0,0,0,3,0,0,1859
7926,0,33,1000,500,735,0,0,0,0,0,0,0,0,0,0,-126.00003051757812,1,0,0,0,152.5,0,0,0,3,0,0,1859
7927,0,34,1000,500,735,0,0,0,0,0,0,0,0,0,0,-126.00003051757812,1,0,0,0,152.5,0,0,0,3,0,0,1859
7928,0,35,1000,500,735,0,0,0,0,0,0,0,0,0,0,-126.00003051757812,1,0,0,0,152.5,0,0,0,3,0,0,1859
7929,0,36,1000,500,735,0,0,0,0,0,0,0,0,0,0,-126.00003051757812,1,0,0,0,152.5,0,0,0,3,0,0,1859
7930,0,37,1000,500,735,0,0,0,0,0,0,0,0,0,0,-126.00003051757812,1,0,0,0,152.5,0,0,0,3,0,0,1859
7931,0,38,1000,500,735,0,0,0,0,0,0,0,0,0,0,-126.00003051757812,1,0,0,0,152.5,0,0,0,3,0,0,1859
7932,0,39,1000,500,735,0,0,0,0,0,0,0,0,0,0,-126.00003051757812,1,0,0,0,152.5,0,0,0,3,0,0,1859
7933,0,40,1000,500,735,0,0,0,0,0,0,0,0,0,0,-126.00003051757812,1,0,0,0,152.5,0,0,0,3,0,0,1859
7934,0,41,1000,500,735,0,0,0,0,0,0,0,0,0,0,-126.00003051757812,1,0,0,0,152.5,0,0,0,3,0,0,1859
7935,0,42,1000,500,735,0,0,0,0,0,0,0,0,0,0,-126.00003051757812,1,0,0,0,152.5,0,0,0,3,0,0,1859
7936,0,43,1000,500,735,0,0,0,0,0,0,0,0,0,0,-126.00003051757812,1,0,0,0,152.5,0,0,0,3,0,0,1859
7937,0,44,1000,500,735,0,0,0,0,0,0,0,0,0,0,-126.00003051757812,1,0,0,0,152.5,0,0,0,3,0,0,1859
7938,0,45,1000,500,735,0,0,0,0,0,0,0,0,0,0,-126.00003051757812,1,0,0,0,152.5,0,0,0,3,0,0,1859
7939,0,46,1000,500,735,0,0,0,0,0,0,0,0,0,0,-126.00003051757812,1,0,0,0,152.5,0,0,0,3,0,0,1859
7940,0,47,1000,500,735,0,0,0,0,0,0,0,0,0,0,-126.00003051757812,1,0,0,0,152.5,0,0,0,3,0,0,1859
7941,0,48,1000,500,735,0,0,0,0,0,0,0,0,0,0,-126.00003051757812,1,0,0,0,152.5,0,0,0,3,0,0,1859
7942,0,49,1000,500,735,0,0,0,0,0,0,0,0,0,0,-126.00003051757812,1,0,0,0,152.5,0,0,0,3,0,0,1859
7943,0,50,1000,500,735,0,0,0,0,0,0,0,0,0,0,-126.00003051757812,1,0,0,0,152.5,0,0,0,3,0,0,1859
7944,0,51,1000,500,735,0,0,0,0,0,0,0,0,0,0,-126.00003051757812,1,0,0,0,152.5,0,0,0,3,0,0,1859
7945,0,52,1000,500,735,0,0,0,0,0,0,0,0,0,0,-126.00003051757812,1,0,0,0,152.5,0,0,0,3,0,0,1859
7946,0,53,1000,500,735,0,0,0,0,0,0,0,0,0,0,-126.00003051757812,1,0,0,0,152.5,0,0,0,3,0,0,1859
7947,0,54,1000,500,735,0,0,0,0,0,0,0,0,0,0,-126.00003051757812,1,0,0,0,152.5,0,0,0,3,0,0,1859
7948,0,55,1000,500,735,0,0,0,0,0,0,0,0,0,0,-126.00003051757812,1,0,0,0,152.5,0,0,0,3,0,0,1859
7949,0,56,1000,500,735,0,0,0,0,0,0,0,0,0,0,-126.00003051757812,1,0,0,0,152.5,0,0,0,3,0,0,1859
7950,0,57,1000,500,735,0,0,0,0,0,0,0,0,0,0,-126.00003051757812,1,0,0,0,152.5,0,0,0,3,0,0,1859
7951,0,58,1000,500,735,0,0,0,0,0,0,0,0,0,0,-126.00003051757812,1,0,0,0,152.5,0,0,0,3,0,0,1859
7952,0,59,1000,500,735,0,0,0,0,0,0,0,0,0,0,-126.00003051757812,1,0,0,0,152.5,0,0,0,3,0,0,1859
7953,0,60,1000,500,735,0,0,0,0,0,0,0,0,0,0,-126.00003051757812,1,0,0,0,152.5,0,0,0,3,0,0,1859
7954,0,61,1000,500,735,0,0,0,0,0,0,0,0,0,0,-126.00003051757812,1,0,0,0,152.5,0,0,0,3,0,0,1859
7955,0,62,1000,500,735,0,0,0,0,0,0,0,0,0,0,-126.00003051757812,1,0,0,0,152.5,0,0,0,3,0,0,1859
7956,0,63,1000,500,735,0,0,0,0,0,0,0,0,0,0,-126.00003051757812,1,0,0,0,152.5,0,0,0,3,0,0,1859
7957,0,64,1000,500,735,0,0,0,0,0,0,0,0,0,0,-126.00003051757812,1,0,0,0,152.5,0,0,0,3,0,0,1859
7958,0,65,1000,500,735,0,0,0,0,0,0,0,0,0,0,-126.00003051757812,1,0,0,0,152.5,0,0,0,3,0,0,1859
7959,0,66,1000,500,735,0,0,0,0,0,0,0,0,0,0,-126.00003051757812,1,0,0,0,152.5,0,0,0,3,0,0,1859
7960,0,67,1000,500,735,0,0,0,0,0,0,0,0,0,0,-126.00003051757812,1,0,0,0,152.5,0,0,0,3,0,0,1859
7961,0,68,1000,500,735,0,0,0,0,0,0,0,0,0,0,-126.00003051757812,1,0,0,0,152.5,0,0,0,3,0,0,1859
7962,0,69,1000,500,735,0,0,0,0,0,0,0,0,0,0,-126.00003051757812,1,0,0,0,152.5,0,0,0,3,0,0,1859
7963,0,70,1000,500,735,0,0,0,0,0,0,0,0,0,0,-126.00003051757812,1,0,0,0,152.5,0,0,0,3,0,0,1859
7964,0,71,1000,500,735,0,0,0,0,0,0,0,0,0,0,-126.00003051757812,1,0,0,0,152.5,0,0,0,3,0,0,1859
7965,0,72,1000,500,735,0,0,0,0,0,0,0,0,0,0,-126.00003051757812,1,0,0,0,152.5,0,0,0,3,0,0,1859
7966,0,73,1000,500,735,0,0,0,0,0,0,0,0,0,0,-126.00003051757812,1,0,0,0,152.5,0,0,0,3,0,0,1859
7967,0,74,1000,500,735,0,0,0,0,0,0,0,0,0,0,-126.00003051757812,1,0,0,0,152.5,0,0,0,3,0,0,1859
7968,0,75,1000,500,735,0,0,0,0,0,0,0,0,0,0,-126.00003051757812,1,0,0,0,152.5,0,0,0,3,0,0,1859
7969,0,76,1000,500,735,0,0,0,0,0,0,0,0,0,0,-126.00003051757812,1,0,0,0,152.5,0,0,0,3,0,0,1859
7970,0,77,1000,500,735,0,0,0,0,0,0,0,0,0,0,-126.00003051757812,1,0,0,0,152.5,0,0,0,3,0,0,1859
7971,0,78,1000,500,735,0,0,0,0,0,0,0,0,0,0,-126.00003051757812,1,0,0,0,152.5,0,0,0,3,0,0,1859
7972,0,79,1000,500,735,0,0,0,0,0,0,0,0,0,0,-126.00003051757812,1,0,0,0,152.5,0,0,0,3,0,0,1859
7973,0,80,1000,500,735,0,0,0,0,0,0,0,0,0,0,-126.00003051757812,1,0,0,0,152.5,0,0,0,3,0,0,1859
7974,0,81,1000,500,735,0,0,0,0,0,0,0,0,0,0,-126.00003051757812,1,0,0,0,152.5,0,0,0,3,0,0,1859
7975,0,82,1000,500,735,0,0,0,0,0,0,0,0,0,0,-126.00003051757812,1,0,0,0,152.5,0,0,0,3,0,0,1859
7976,0,83,1000,500,735,0,0,0,0,0,0,0,0,0,0,-126.00003051757812,1,0,0,0,152.5,0,0,0,3,0,0,1859
7977,0,84,1000,500,735,0,0,0,0,0,0,0,0,0,0,-126.00003051757812,1,0,0,0,152.5,0,0,0,3,0,0,1859
7978,0,85,1000,500,735,0,0,0,0,0,0,0,0,0,0,-126.00003051757812,1,0,0,0,152.5,0,0,0,3,0,0,1859
7979,0,86,1000,500,735,0,0,0,0,0,0,0,0,0,0,-126.00003051757812,1,0,0,0,152.5,0,0,0,3,0,0,1859
7980,0,87,1000,500,735,0,0,0,0,0,0,0,0,0,0,-126.00003051757812,1,0,0,0,152.5,0,0,0,3,0,0,1859
7981,0,88,1000,500,735,0,0,0,0,0,0,0,0,0,0,-126.00003051757812,1,0,0,0,152.5,0,0,0,3,0,0,1859
7982,0,89,1000,500,735,0,0,0,0,0,0,0,0,0,0,-126.00003051757812,1,0,0,0,152.5,0,0,0,3,0,0,1859
7983,0,90,1000,500,735,0,0,0,0,0,0,0,0,0,0,-126.00003051757812,1,0,0,0,152.5,0,0,0,3,0,0,1859
7984,0,91,1000,500,735,0,0,0,0,0,0,0,0,0,0,-126.00003051757812,1,0,0,0,152.5,0,0,0,3,0,0,1859
7985,0,92,1000,500,735,0,0,0,0,0,0,0,0,0,0,-126.00003051757812,1,0,0,0,152.5,0,0,0,3,0,0,1859
7986,0,93,1000,500,735,0,0,0,0,0,0,0,0,0,0,-126.00003051757812,1,0,0,0,152.5,0,0,0,3,0,0,1859
7987,0,94,1000,500,735,0,0,0,0,0,0,0,0,0,0,-126.00003051757812,1,0,0,0,152.5,0,0,0,3,0,0,1859
7988,0,95,1000,500,735,0,0,0,0,0,0,0,0,0,0,-126.00003051757812,1,0,0,0,152.5,0,0,0,3,0,0,1859
7989,0,96,1000,500,735,0,0,0,0,0,0,0,0,0,0,-126.00003051757812,1,0,0,0,152.5,0,0,0,3,0,0,1859
7990,0,97,1000,500,735,0,0,0,0,0,0,0,0,0,0,-126.00003051757812,1,0,0,0,152.5,0,0,0,3,0,0,1859
7991,0,98,1000,500,735,0,0,0,0,0,0,0,0,0,0,-126.00003051757812,1,0,0,0,152.5,0,0,0,3,0,0,1859
7992,0,99,1000,500,735,0,0,0,0,0,0,0,0,0,0,-126.00003051757812,1,0,0,0,152.5,0,0,0,3,0,0,1859
7993,0,100,1000,500,735,0,0,0,0,0,0,0,0,0,0,-126.00003051757812,1,0,0,0,152.5,0,0,0,3,0,0,1859
7994,0,101,1000,500,735,0,0,0,0,0,0,0,0,0,0,-126.00003051757812,1,0,0,0,152.5,0,0,0,3,0,0,1859
7995,0,102,1000,500,735,0,0,0,0,0,0,0,0,0,0,-126.00003051757812,1,0,0,0,152.5,0,0,0,3,0,0,1859
7996,0,103,1000,500,735,0,0,0,0,0,0,0,0,0,0,-126.00003051757812,1,0,0,0,152.5,0,0,0,3,0,0,1859
7997,0,104,1000,500,735,0,0,0,0,0,0,0,0,0,0,-126.00003051757812,1,0,0,0,152.5,0,0,0,3,0,0,1859
7998,0,105,1000,500,735,0,0,0,0,0,0,0,0,0,0,-126.00003051757812,1,0,0,0,152.5,0,0,0,3,0,0,1859
7999,0,106,1000,500,735,0,0,0,0,0,0,0,0,0,0,-126.00003051757812,1,0,0,0,152.5,0,0,0,3,0,0,1859
8000,0,107,1000,500,735,0,0,0,0,0,0,0,0,0,0,-126.00003051757812,1,0,0,0,152.5,0,0,0,3,0,0,1859
8001,0,108,1000,500,735,0,0,0,0,0,0,0,0,0,0,-126.00003051757812,1,0,0,0,152.5,0,0,0,3,0,0,1859
8002,0,109,1000,500,735,0,0,0,0,0,0,0,0,0,0,-126.00003051757812,1,0,0,0,152.5,0,0,0,3,0,0,1859
8003,0,110,1000,500,735,0,0,0,0,0,0,0,0,0,0,-126.00003051757812,1,0,0,0,152.5,0,0,0,3,0,0,1859
8004,0,111,1000,500,735,0,0,0,0,0,0,0,0,0,0,-126.00003051757812,1,0,0,0,152.5,0,0,0,3,0,0,1859
8005,0,112,1000,500,735,0,0,0,0,0,0,0,0,0,0,-126.00003051757812,1,0,0,0,152.5,0,0,0,3,0,0,1859
8006,0,113,1000,500,735,0,0,0,0,0,0,0,0,0,0,-126.00003051757812,1,0,0,0,152.5,0,0,0,3,0,0,1859
8007,0,114,1000,500,735,0,0,0,0,0,0,0,0,0,0,-126.00003051757812,1,0,0,0,152.5,0,0,0,3,0,0,1859
8008,0,115,1000,500,735,0,0,0,0,0,0,0,0,0,0,-126.00003051757812,1,0,0,0,152.5,0,0,0,3,0,0,1859
8009,0,116,1000,500,735,0,0,0,0,0,0,0,0,0,0,-126.00003051757812,1,0,0,0,152.5,0,0,0,3,0,0,1859
8010,0,117,1000,500,735,0,0,0,0,0,0,0,0,0,0,-126.00003051757812,1,0,0,0,152.5,0,0,0,3,0,0,1859
8011,0,118,1000,500,735,0,0,0,0,0,0,0,0,0,0,-126.00003051757812,1,0,0,0,152.5,0,0,0,3,0,0,1859
8012,0,119,1000,500,735,0,0,0,0,0,0,0,0,0,0,-126.00003051757812,1,0,0,0,152.5,0,0,0,3,0,0,1859
8013,0,120,1000,500,735,0,0,0,0,0,0,0,0,0,0,-126.00003051757812,1,0,0,0,152.5,0,0,0,3,0,0,1859
8014,0,121,1000,500,735,0,0,0,0,0,0,0,0,0,0,-126.00003051757812,1,0,0,0,152.5,0,0,0,3,0,0,1859
8015,0,122,1000,500,735,0,0,0,0,0,0,0,0,0,0,-126.00003051757812,1,0,0,0,152.5,0,0,0,3,0,0,1859
8016,0,123,1000,500,735,0,0,0,0,0,0,0,0,0,0,-126.00003051757812,1,0,0,0,152.5,0,0,0,3,0,0,1859
8017,0,124,1000,500,735,0,0,0,0,0,0,0,0,0,0,-126.00003051757812,1,0,0,0,152.5,0,0,0,3,0,0,1859
8018,0,125,1000,500,735,0,0,0,0,0,0,0,0,0,0,-126.00003051757812,1,0,0,0,152.5,0,0,0,3,0,0,1859
8019,0,126,1000,500,735,0,0,0,0,0,0,0,0,0,0,-126.00003051757812,1,0,0,0,152.5,0,0,0,3,0,0,1859
8020,0,127,1000,500,735,0,0,0,0,0,0,0,0,0,0,-126.00003051757812,1,0,0,0,152.5,0,0,0,3,0,0,1859
8021,0,128,1000,500,735,0,0,0,0,0,0,0,0,0,0,-126.00003051757812,1,0,0,0,152.5,0,0,0,3,0,0,1859
8022,0,129,1000,500,735,0,0,0,0,0,0,0,0,0,0,-126.00003051757812,1,0,0,0,152.5,0,0,0,3,0,0,1859
8023,0,130,1000,500,735,0,0,0,0,0,0,0,0,0,0,-126.00003051757812,1,0,0,0,152.5,0,0,0,3,0,0,1859
8024,0,131,1000,500,735,0,0,0,0,0,0,0,0,0,0,-126.00003051757812,1,0,0,0,152.5,0,0,0,3,0,0,1859
8025,0,132,1000,500,735,0,0,0,0,0,0,0,0,0,0,-126.00003051757812,1,0,0,0,152.5,0,0,0,3,0,0,1859
8026,0,133,1000,500,735,0,0,0,0,0,0,0,0,0,0,-126.00003051757812,1,0,0,0,152.5,0,0,0,3,0,0,1859
8027,0,134,1000,500,735,0,0,0,0,0,0,0,0,0,0,-126.00003051757812,1,0,0,0,152.5,0,0,0,3,0,0,1859
8028,0,135,1000,500,735,0,0,0,0,0,0,0,0,0,0,-126.00003051757812,1,0,0,0,152.5,0,0,0,3,0,0,1859
8029,0,136,1000,500,735,0,0,0,0,0,0,0,0,0,0,-126.00003051757812,1,0,0,0,152.5,0,0,0,3,0,0,1859
8030,0,137,1000,500,735,0,0,0,0,0,0,0,0,0,0,-126.00003051757812,1,0,0,0,152.5,0,0,0,3,0,0,1859
8031,0,138,1000,500,735,0,0,0,0,0,0,0,0,0,0,-126.00003051757812,1,0,0,0,152.5,0,0,0,3,0,0,1859
8032,0,139,1000,500,735,0,0,0,0,0,0,0,0,0,0,-126.00003051757812,1,0,0,0,152.5,0,0,0,3,0,0,1859
8033,0,140,1000,500,735,0,0,0,0,0,0,0,0,0,0,-126.00003051757812,1,0,0,0,152.5,0,0,0,3,0,0,1859
8034,0,141,1000,500,735,0,0,0,0,0,0,0,0,0,0,-126.00003051757812,1,0,0,0,152.5,0,0,0,3,0,0,1859
8035,0,142,1000,500,735,0,0,0,0,0,0,0,0,0,0,-126.00003051757812,1,0,0,0,152.5,0,0,0,3,0,0,1859
8036,0,143,1000,500,735,0,0,0,0,0,0,0,0,0,0,-126.00003051757812,1,0,0,0,152.5,0,0,0,3,0,0,1859
8037,0,144,1000,500,735,0,0,0,0,0,0,0,0,0,0,-126.00003051757812,1,0,0,0,152.5,0,0,0,3,0,0,1859
8038,0,145,1000,500,735,0,0,0,0,0,0,0,0,0,0,-126.00003051757812,1,0,0,0,152.5,0,0,0,3,0,0,1859
8039,0,146,1000,500,735,0,0,0,0,0,0,0,0,0,0,-126.00003051757812,1,0,0,0,152.5,0,0,0,3,0,0,1859
8040,0,147,1000,500,735,0,0,0,0,0,0,0,0,0,0,-126.00003051757812,1,0,0,0,152.5,0,0,0,3,0,0,1859
8041,0,148,1000,500,735,0,0,0,0,0,0,0,0,0,0,-126.00003051757812,1,0,0,0,152.5,0,0,0,3,0,0,1859
8042,0,149,1000,500,735,0,0,0,0,0,0,0,0,0,0,-126.00003051757812,1,0,0,0,152.5,0,0,0,3,0,0,1859
8043,0,150,1000,500,735,0,0,0,0,0,0,0,0,0,0,-126.00003051757812,1,0,0,0,152.5,0,0,0,3,0,0,1859
8044,0,151,1000,500,735,0,0,0,0,0,0,0,0,0,0,-126.00003051757812,1,0,0,0,152.5,0,0,0,3,0,0,1859
8045,0,152,1000,500,735,0,0,0,0,0,0,0,0,0,0,-126.00003051757812,1,0,0,0,152.5,0,0,0,3,0,0,1859
8046,0,153,1000,500,735,0,0,0,0,0,0,0,0,0,0,-126.00003051757812,1,0,0,0,152.5,0,0,0,3,0,0,1859
8047,0,154,1000,500,735,0,0,0,0,0,0,0,0,0,0,-126.00003051757812,1,0,0,0,152.5,0,0,0,3,0,0,1859
8048,0,155,1000,500,735,0,0,0,0,0,0,0,0,0,0,-126.00003051757812,1,0,0,0,152.5,0,0,0,3,0,0,1859
8049,0,156,1000,500,735,0,0,0,0,0,0,0,0,0,0,-126.00003051757812,1,0,0,0,152.5,0,0,0,3,0,0,1859
8050,0,157,1000,500,735,0,0,0,0,0,0,0,0,0,0,-126.00003051757812,1,0,0,0,152.5,0,0,0,3,0,0,1859
8051,0,158,1000,500,735,0,0,0,0,0,0,0,0,0,0,-126.00003051757812,1,0,0,0,152.5,0,0,0,3,0,0,1859
8052,0,159,1000,500,735,0,0,0,0,0,0,0,0,0,0,-126.00003051757812,1,0,0,0,152.5,0,0,0,3,0,0,1859
8053,0,160,1000,500,735,0,0,0,0,0,0,0,0,0,0,-126.00003051757812,1,0,0,0,152.5,0,0,0,3,0,0,1859
8054,0,161,1000,500,735,0,0,0,0,0,0,0,0,0,0,-126.00003051757812,1,0,0,0,152.5,0,0,0,3,0,0,1859
8055,0,162,1000,500,735,0,0,0,0,0,0,0,0,0,0,-126.00003051757812,1,0,0,0,152.5,0,0,0,3,0,0,1859
8056,0,163,1000,500,735,0,0,0,0,0,0,0,0,0,0,-126.00003051757812,1,0,0,0,152.5,0,0,0,3,0,0,1859
8057,0,164,1000,500,735,0,0,0,0,0,0,0,0,0,0,-126.00003051757812,1,0,0,0,152.5,0,0,0,3,0,0,1859
8058,0,165,1000,500,735,0,0,0,0,0,0,0,0,0,0,-126.00003051757812,1,0,0,0,152.5,0,0,0,3,0,0,1859
8059,0,166,1000,500,735,0,0,0,0,0,0,0,0,0,0,-126.00003051757812,1,0,0,0,152.5,0,0,0,3,0,0,1859
8060,0,167,1000,500,735,0,0,0,0,0,0,0,0,0,0,-126.00003051757812,1,0,0,0,152.5,0,0,0,3,0,0,1859
8061,0,168,1000,500,735,0,0,0,0,0,0,0,0,0,0,-126.00003051757812,1,0,0,0,152.5,0,0,0,3,0,0,1859
8062,0,169,1000,500,735,0,0,0,0,0,0,0,0,0,0,-126.00003051757812,1,0,0,0,152.5,0,0,0,3,0,0,1859
8063,0,170,1000,500,735,0,0,0,0,0,0,0,0,0,0,-126.00003051757812,1,0,0,0,152.5,0,0,0,3,0,0,1859
8064,0,171,1000,500,735,0,0,0,0,0,0,0,0,0,0,-126.00003051757812,1,0,0,0,152.5,0,0,0,3,0,0,1859
8065,0,172,1000,500,735,0,0,0,0,0,0,0,0,0,0,-126.00003051757812,1,0,0,0,152.5,0,0,0,3,0,0,1859
8066,0,173,1000,500,735,0,0,0,0,0,0,0,0,0,0,-126.00003051757812,1,0,0,0,152.5,0,0,0,3,0,0,1859
8067,0,174,1000,500,735,0,0,0,0,0,0,0,0,0,0,-126.00003051757812,1,0,0,0,152.5,0,0,0,3,0,0,1859
8068,0,175,1000,500,735,0,0,0,0,0,0,0,0,0,0,-126.00003051757812,1,0,0,0,152.5,0,0,0,3,0,0,1859
8069,0,176,1000,500,735,0,0,0,0,0,0,0,0,0,0,-126.00003051757812,1,0,0,0,152.5,0,0,0,3,0,0,1859
8070,0,177,1000,500,735,0,0,0,0,0,0,0,0,0,0,-126.00003051757812,1,0,0,0,152.5,0,0,0,3,0,0,1859
8071,0,178,1000,500,735,0,0,0,0,0,0,0,0,0,0,-126.00003051757812,1,0,0,0,152.5,0,0,0,3,0,0,1859
8072,0,179,1000,500,735,0,0,0,0,0,0,0,0,0,0,-126.00003051757812,1,0,0,0,152.5,0,0,0,3,0,0,1859
8073,0,180,1000,500,735,0,0,0,0,0,0,0,0,0,0,-126.00003051757812,1,0,0,0,152.5,0,0,0,3,0,0,1859
8074,0,181,1000,500,735,0,0,0,0,0,0,0,0,0,0,-126.00003051757812,1,0,0,0,152.5,0,0,0,3,0,0,1859
8075,0,182,1000,500,735,0,0,0,0,0,0,0,0,0,0,-126.00003051757812,1,0,0,0,152.5,0,0,0,3,0,0,1859
8076,0,183,1000,500,735,0,0,0,0,0,0,0,0,0,0,-126.00003051757812,1,0,0,0,152.5,0,0,0,3,0,0,1859
8077,0,184,1000,500,735,0,0,0,0,0,0,0,0,0,0,-126.00003051757812,1,0,0,0,152.5,0,0,0,3,0,0,1859
8078,0,185,1000,500,735,0,0,0,0,0,0,0,0,0,0,-126.00003051757812,1,0,0,0,152.5,0,0,0,3,0,0,1859
8079,0,186,1000,500,735,0,0,0,0,0,0,0,0,0,0,-126.00003051757812,1,0,0,0,152.5,0,0,0,3,0,0,1859
8080,0,187,1000,500,735,0,0,0,0,0,0,0,0,0,0,-126.00003051757812,1,0,0,0,152.5,0,0,0,3,0,0,1859
8081,0,188,1000,500,735,0,0,0,0,0,0,0,0,0,0,-126.00003051757812,1,0,0,0,152.5,0,0,0,3,0,0,1859
8082,0,189,1000,500,735,0,0,0,0,0,0,0,0,0,0,-126.00003051757812,1,0,0,0,152.5,0,0,0,3,0,0,1859
8083,0,190,1000,500,735,0,0,0,0,0,0,0,0,0,0,-126.00003051757812,1,0,0,0,152.5,0,0,0,3,0,0,1859
8084,0,191,1000,500,735,0,0,0,0,0,0,0,0,0,0,-126.00003051757812,1,0,0,0,152.5,0,0,0,3,0,0,1859
8085,0,192,1000,500,735,0,0,0,0,0,0,0,0,0,0,-126.00003051757812,1,0,0,0,152.5,0,0,0,3,0,0,1859
8086,0,193,1000,500,735,0,0,0,0,0,0,0,0,0,0,-126.00003051757812,1,0,0,0,152.5,0,0,0,3,0,0,1859
8087,0,194,1000,500,735,0,0,0,0,0,0,0,0,0,0,-126.00003051757812,1,0,0,0,152.5,0,0,0,3,0,0,1859
8088,0,195,1000,500,735,0,0,0,0,0,0,0,0,0,0,-126.00003051757812,1,0,0,0,152.5,0,0,0,3,0,0,1859
8089,0,196,1000,500,735,0,0,0,0,0,0,0,0,0,0,-126.00003051757812,1,0,0,0,152.5,0,0,0,3,0,0,1859
8090,0,197,1000,500,735,0,0,0,0,0,0,0,0,0,0,-126.00003051757812,1,0,0,0,152.5,0,0,0,3,0,0,1859
8091,0,198,1000,500,735,0,0,0,0,0,0,0,0,0,0,-126.00003051757812,1,0,0,0,152.5,0,0,0,3,0,0,1859
8092,0,199,1000,500,735,0,0,0,0,0,0,0,0,0,0,-126.00003051757812,1,0,0,0,152.5,0,0,0,3,0,0,1859
8093,0,200,1000,500,735,0,0,0,0,0,0,0,0,0,0,-126.00003051757812,1,0,0,0,152.5,0,0,0,3,0,0,1859
8094,0,201,1000,500,735,0,0,0,0,0,0,0,0,0,0,-126.00003051757812,1,0,0,0,152.5,0,0,0,3,0,0,1859
8095,0,202,1000,500,735,0,0,0,0,0,0,0,0,0,0,-126.00003051757812,1,0,0,0,152.5,0,0,0,3,0,0,1859
8096,0,203,1000,500,735,0,0,0,0,0,0,0,0,0,0,-126.00003051757812,1,0,0,0,152.5,0,0,0,3,0,0,1859
8097,0,204,1000,500,735,0,0,0,0,0,0,0,0,0,0,-126.00003051757812,1,0,0,0,152.5,0,0,0,3,0,0,1859
8098,0,205,1000,500,735,0,0,0,0,0,0,0,0,0,0,-126.00003051757812,1,0,0,0,152.5,0,0,0,3,0,0,1859
8099,0,206,1000,500,735,0,0,0,0,0,0,0,0,0,0,-126.00003051757812,1,0,0,0,152.5,0,0,0,3,0,0,1859
8100,0,207,1000,500,735,0,0,0,0,0,0,0,0,0,0,-126.00003051757812,1,0,0,0,152.5,0,0,0,3,0,0,1859
8101,0,208,1000,500,735,0,0,0,0,0,0,0,0,0,0,-126.00003051757812,1,0,0,0,152.5,0,0,0,3,0,0,1859
8102,0,209,1000,500,735,0,0,0,0,0,0,0,0,0,0,-126.00003051757812,1,0,0,0,152.5,0,0,0,3,0,0,1859
8103,0,210,1000,500,735,0,0,0,0,0,0,0,0,0,0,-126.00003051757812,1,0,0,0,152.5,0,0,0,3,0,0,1859
8104,0,211,1000,500,735,0,0,0,0,0,0,0,0,0,0,-126.00003051757812,1,0,0,0,152.5,0,0,0,3,0,0,1859
8105,0,212,1000,500,735,0,0,0,0,0,0,0,0,0,0,-126.00003051757812,1,0,0,0,152.5,0,0,0,3,0,0,1859
8106,0,213,1000,500,735,0,0,0,0,0,0,0,0,0,0,-126.00003051757812,1,0,0,0,152.5,0,0,0,3,0,0,1859
8107,0,214,1000,500,735,0,0,0,0,0,0,0,0,0,0,-126.00003051757812,1,0,0,0,152.5,0,0,0,3,0,0,1859
8108,0,215,1000,500,735,0,0,0,0,0,0,0,0,0,0,-126.00003051757812,1,0,0,0,152.5,0,0,0,3,0,0,1859
8109,0,216,1000,500,735,0,0,0,0,0,0,0,0,0,0,-126.00003051757812,1,0,0,0,152.5,0,0,0,3,0,0,1859
8110,0,1,3000,500,1000,0,0,0,0,0,0,0,0,0,0,-145,1,0,0,0,152.5,0,0,0,0,0,0,1000
8111,0,2,3000,500,1000,0,0,0,0,0,0,0,0,0,0,-145,1,0,0,0,152.5,0,0,0,0,0,0,1000
8112,0,3,3000,500,1000,0,0,0,0,0,0,0,0,0,0,-145,1,0,0,0,152.5,0,0,0,0,0,0,1000
8113,0,4,3000,500,1000,0,0,0,0,0,0,0,0,0,0,-145,1,0,0,0,152.5,0,0,0,0,0,0,1000
8114,0,5,3000,500,1000,0,0,0,0,0,0,0,0,0,0,-145,1,0,0,0,152.5,0,0,0,0,0,0,1000
8115,0,6,3000,500,1000,0,0,0,0,0,0,0,0,0,0,-145,1,0,0,0,152.5,0,0,0,0,0,0,1000
8116,0,7,3000,500,1000,0,0,0,0,0,0,0,0,0,0,-145,1,0,0,0,152.5,0,0,0,0,0,0,1000
8117,0,8,3000,500,1000,0,0,0,0,0,0,0,0,0,0,-145,1,0,0,0,152.5,0,0,0,0,0,0,1000
8118,0,9,3000,500,1000,0,0,0,0,0,0,0,0,0,0,-145,1,0,0,0,152.5,0,0,0,0,0,0,1000
8119,0,10,3000,500,1000,0,0,0,0,0,0,0,0,0,0,-145,1,0,0,0,152.5,0,0,0,0,0,0,1000
8120,0,11,3000,500,1000,0,0,0,0,0,0,0,0,0,0,-145,1,0,0,0,152.5,0,0,0,0,0,0,1000
8121,0,12,3000,500,1000,0,0,0,0,0,0,0,0,0,0,-145,1,0,0,0,152.5,0,0,0,0,0,0,1000
8122,0,13,3000,500,1000,0,0,0,0,0,0,0,0,0,0,-145,1,0,0,0,152.5,0,0,0,0,0,0,1000
8123,0,14,3000,500,1000,0,0,0,0,0,0,0,0,0,0,-145,1,0,0,0,152.5,0,0,0,0,0,0,1000
8124,0,15,3000,500,1000,0,0,0,0,0,0,0,0,0,0,-145,1,0,0,0,152.5,0,0,0,0,0,0,1000
8125,0,16,3000,500,1000,0,0,0,0,0,0,0,0,0,0,-145,1,0,0,0,152.5,0,0,0,0,0,0,1000
8126,0,17,3000,500,1000,0,0,0,0,0,0,0,0,0,0,-145,1,0,0,0,152.5,0,0,0,0,0,0,1000
8127,0,18,3000,500,1000,0,0,0,0,0,0,0,0,0,0,-145,1,0,0,0,152.5,0,0,0,0,0,0,1000
8128,0,19,3000,500,1000,0,0,0,0,0,0,0,0,0,0,-145,1,0,0,0,152.5,0,0,0,0,0,0,1000
8129,0,20,3000,500,1000,0,0,0,0,0,0,0,0,0,0,-145,1,0,0,0,152.5,0,0,0,0,0,0,1000
8130,0,21,3000,500,1000,0,0,0,0,0,0,0,0,0,0,-145,1,0,0,0,152.5,0,0,0,0,0,0,1000
8131,0,22,3000,500,1000,0,0,0,0,0,0,0,0,0,0,-145,1,0,0,0,152.5,0,0,0,0,0,0,1000
8132,0,23,3000,500,1000,0,0,0,0,0,0,0,0,0,0,-145,1,0,0,0,152.5,0,0,0,0,0,0,1000
8133,0,24,3000,500,1000,0,0,0,0,0,0,0,0,0,0,-145,1,0,0,0,152.5,0,0,0,0,0,0,1000
8134,0,25,3000,500,1000,0,0,0,0,0,0,0,0,0,0,-145,1,0,0,0,152.5,0,0,0,0,0,0,1000
8135,0,26,3000,500,1000,0,0,0,0,0,0,0,0,0,0,-145,1,0,0,0,152.5,0,0,0,0,0,0,1000
8136,0,27,3000,500,1000,0,0,0,0,0,0,0,0,0,0,-145,1,0,0,0,152.5,0,0,0,0,0,0,1000
8137,0,28,3000,500,1000,0,0,0,0,0,0,0,0,0,0,-145,1,0,0,0,152.5,0,0,0,0,0,0,1000
8138,0,29,3000,500,1000,0,0,0,0,0,0,0,0,0,0,-145,1,0,0,0,152.5,0,0,0,0,0,0,1000
8139,0,30,3000,500,1000,0,0,0,0,0,0,0,0,0,0,-145,1,0,0,0,152.5,0,0,0,0,0,0,1000
8140,0,31,3000,500,1000,0,0,0,0,0,0,0,0,0,0,-145,1,0,0,0,152.5,0,0,0,0,0,0,1000
8141,0,32,3000,500,1000,0,0,0,0,0,0,0,0,0,0,-145,1,0,0,0,152.5,0,0,0,0,0,0,1000
8142,0,33,3000,500,1000,0,0,0,0,0,0,0,0,0,0,-145,1,0,0,0,152.5,0,0,0,0,0,0,1000
8143,0,34,3000,500,1000,0,0,0,0,0,0,0,0,0,0,-145,1,0,0,0,152.5,0,0,0,0,0,0,1000
8144,0,35,3000,500,1000,0,0,0,0,0,0,0,0,0,0,-145,1,0,0,0,152.5,0,0,0,0,0,0,1000
8145,0,36,3000,500,1000,0,0,0,0,0,0,0,0,0,0,-145,1,0,0,0,152.5,0,0,0,0,0,0,1000
8146,0,37,3000,500,1000,0,0,0,0,0,0,0,0,0,0,-145,1,0,0,0,152.5,0,0,0,0,0,0,1000
8147,0,38,3000,500,1000,0,0,0,0,0,0,0,0,0,0,-145,1,0,0,0,152.5,0,0,0,0,0,0,1000
8148,0,39,3000,500,1000,0,0,0,0,0,0,0,0,0,0,-145,1,0,0,0,152.5,0,0,0,0,0,0,1000
8149,0,40,3000,500,1000,0,0,0,0,0,0,0,0,0,0,-145,1,0,0,0,152.5,0,0,0,0,0,0,1000
8150,0,41,3000,500,1000,0,0,0,0,0,0,0,0,0,0,-145,1,0,0,0,152.5,0,0,0,0,0,0,1000
8151,0,42,3000,500,1000,0,0,0,0,0,0,0,0,0,0,-145,1,0,0,0,152.5,0,0,0,0,0,0,1000
8152,0,43,3000,500,1000,0,0,0,0,0,0,0,0,0,0,-145,1,0,0,0,152.5,0,0,0,0,0,0,1000
8153,0,44,3000,500,1000,0,0,0,0,0,0,0,0,0,0,-145,1,0,0,0,152.5,0,0,0,0,0,0,1000
8154,0,45,3000,500,1000,0,0,0,0,0,0,0,0,0,0,-145,1,0,0,0,152.5,0,0,0,0,0,0,1000
8155,0,46,3000,500,1000,0,0,0,0,0,0,0,0,0,0,-145,1,0,0,0,152.5,0,0,0,0,0,0,1000
8156,0,47,3000,500,1000,0,0,0,0,0,0,0,0,0,0,-145,1,0,0,0,152.5,0,0,0,0,0,0,1000
8157,0,48,3000,500,1000,0,0,0,0,0,0,0,0,0,0,-145,1,0,0,0,152.5,0,0,0,0,0,0,1000
8158,0,49,3000,500,1000,0,0,0,0,0,0,0,0,0,0,-145,1,0,0,0,152.5,0,0,0,0,0,0,1000
8159,0,50,3000,500,1000,0,0,0,0,0,0,0,0,0,0,-145,1,0,0,0,152.5,0,0,0,0,0,0,1000
8160,0,51,3000,500,1000,0,0,0,0,0,0,0,0,0,0,-145,1,0,0,0,152.5,0,0,0,0,0,0,1000
8161,0,52,3000,500,1000,0,0,0,0,0,0,0,0,0,0,-145,1,0,0,0,152.5,0,0,0,0,0,0,1000
8162,0,53,3000,500,1000,0,0,0,0,0,0,0,0,0,0,-145,1,0,0,0,152.5,0,0,0,0,0,0,1000
8163,0,54,3000,500,1000,0,0,0,0,0,0,0,0,0,0,-145,1,0,0,0,152.5,0,0,0,0,0,0,1000
8164,0,55,3000,500,1000,0,0,0,0,0,0,0,0,0,0,-145,1,0,0,0,152.5,0,0,0,0,0,0,1000
8165,0,56,3000,500,1000,0,0,0,0,0,0,0,0,0,0,-145,1,0,0,0,152.5,0,0,0,0,0,0,1000
8166,0,57,3000,500,1000,0,0,0,0,0,0,0,0,0,0,-145,1,0,0,0,152.5,0,0,0,0,0,0,1000
8167,0,58,3000,500,1000,0,0,0,0,0,0,0,0,0,0,-145,1,0,0,0,152.5,0,0,0,0,0,0,1000
8168,0,59,3000,500,1000,0,0,0,0,0,0,0,0,0,0,-145,1,0,0,0,152.5,0,0,0,0,0,0,1000
8169,0,60,3000,500,1000,0,0,0,0,0,0,0,0,0,0,-145,1,0,0,0,152.5,0,0,0,0,0,0,1000
8170,0,61,3000,500,1000,0,0,0,0,0,0,0,0,0,0,-145,1,0,0,0,152.5,0,0,0,0,0,0,1000
8171,0,62,3000,500,1000,0,0,0,0,0,0,0,0,0,0,-145,1,0,0,0,152.5,0,0,0,0,0,0,1000
8172,0,63,3000,500,1000,0,0,0,0,0,0,0,0,0,0,-145,1,0,0,0,152.5,0,0,0,0,0,0,1000
8173,0,64,3000,500,1000,0,0,0,0,0,0,0,0,0,0,-145,1,0,0,0,152.5,0,0,0,0,0,0,1000
8174,0,65,3000,500,1000,0,0,0,0,0,0,0,0,0,0,-145,1,0,0,0,152.5,0,0,0,0,0,0,1000
8175,0,66,3000,500,1000,0,0,0,0,0,0,0,0,0,0,-145,1,0,0,0,152.5,0,0,0,0,0,0,1000
8176,0,67,3000,500,1000,0,0,0,0,0,0,0,0,0,0,-145,1,0,0,0,152.5,0,0,0,0,0,0,1000
8177,0,68,3000,500,1000,0,0,0,0,0,0,0,0,0,0,-145,1,0,0,0,152.5,0,0,0,0,0,0,1000
8178,0,69,3000,500,1000,0,0,0,0,0,0,0,0,0,0,-145,1,0,0,0,152.5,0,0,0,0,0,0,1000
8179,0,70,3000,500,1000,0,0,0,0,0,0,0,0,0,0,-145,1,0,0,0,152.5,0,0,0,0,0,0,1000
8180,0,71,3000,500,1000,0,0,0,0,0,0,0,0,0,0,-145,1,0,0,0,152.5,0,0,0,0,0,0,1000
8181,0,72,3000,500,1000,0,0,0,0,0,0,0,0,0,0,-145,1,0,0,0,152.5,0,0,0,0,0,0,1000
8182,0,73,3000,500,1000,0,0,0,0,0,0,0,0,0,0,-145,1,0,0,0,152.5,0,0,0,0,0,0,1000
8183,0,74,3000,500,1000,0,0,0,0,0,0,0,0,0,0,-145,1,0,0,0,152.5,0,0,0,0,0,0,1000
8184,0,75,3000,500,1000,0,0,0,0,0,0,0,0,0,0,-145,1,0,0,0,152.5,0,0,0,0,0,0,1000
8185,0,76,3000,500,1000,0,0,0,0,0,0,0,0,0,0,-145,1,0,0,0,152.5,0,0,0,0,0,0,1000
8186,0,77,3000,500,1000,0,0,0,0,0,0,0,0,0,0,-145,1,0,0,0,152.5,0,0,0,0,0,0,1000
8187,0,78,3000,500,1000,0,0,0,0,0,0,0,0,0,0,-145,1,0,0,0,152.5,0,0,0,0,0,0,1000
8188,0,79,3000,500,1000,0,0,0,0,0,0,0,0,0,0,-145,1,0,0,0,152.5,0,0,0,0,0,0,1000
8189,0,80,3000,500,1000,0,0,0,0,0,0,0,0,0,0,-145,1,0,0,0,152.5,0,0,0,0,0,0,1000
8190,0,81,3000,500,1000,0,0,0,0,0,0,0,0,0,0,-145,1,0,0,0,152.5,0,0,0,0,0,0,1000
8191,0,82,3000,500,1000,0,0,0,0,0,0,0,0,0,0,-145,1,0,0,0,152.5,0,0,0,0,0,0,1000
8192,0,83,3000,500,1000,0,0,0,0,0,0,0,0,0,0,-145,1,0,0,0,152.5,0,0,0,0,0,0,1000
8193,0,84,3000,500,1000,0,0,0,0,0,0,0,0,0,0,-145,1,0,0,0,152.5,0,0,0,0,0,0,1000
8194,0,85,3000,500,1000,0,0,0,0,0,0,0,0,0,0,-145,1,0,0,0,152.5,0,0,0,0,0,0,1000
8195,0,86,3000,500,1000,0,0,0,0,0,0,0,0,0,0,-145,1,0,0,0,152.5,0,0,0,0,0,0,1000
8196,0,87,3000,500,1000,0,0,0,0,0,0,0,0,0,0,-145,1,0,0,0,152.5,0,0,0,0,0,0,1000
8197,0,88,3000,500,1000,0,0,0,0,0,0,0,0,0,0,-145,1,0,0,0,152.5,0,0,0,0,0,0,1000
8198,0,89,3000,500,1000,0,0,0,0,0,0,0,0,0,0,-145,1,0,0,0,152.5,0,0,0,0,0,0,1000
8199,0,90,3000,500,1000,0,0,0,0,0,0,0,0,0,0,-145,1,0,0,0,152.5,0,0,0,0,0,0,1000
8200,0,91,3000,500,1000,0,0,0,0,0,0,0,0,0,0,-145,1,0,0,0,152.5,0,0,0,0,0,0,1000
8201,0,92,3000,500,1000,0,0,0,0,0,0,0,0,0,0,-145,1,0,0,0,152.5,0,0,0,0,0,0,1000
8202,0,93,3000,500,1000,0,0,0,0,0,0,0,0,0,0,-145,1,0,0,0,152.5,0,0,0,0,0,0,1000
8203,0,94,3000,500,1000,0,0,0,0,0,0,0,0,0,0,-145,1,0,0,0,152.5,0,0,0,0,0,0,1000
8204,0,95,3000,500,1000,0,0,0,0,0,0,0,0,0,0,-145,1,0,0,0,152.5,0,0,0,0,0,0,1000
8205,0,96,3000,500,1000,0,0,0,0,0,0,0,0,0,0,-145,1,0,0,0,152.5,0,0,0,0,0,0,1000
8206,0,97,3000,500,1000,0,0,0,0,0,0,0,0,0,0,-145,1,0,0,0,152.5,0,0,0,0,0,0,1000
8207,0,98,3000,500,1000,0,0,0,0,0,0,0,0,0,0,-145,1,0,0,0,152.5,0,0,0,0,0,0,1000
8208,0,99,3000,500,1000,0,0,0,0,0,0,0,0,0,0,-145,1,0,0,0,152.5,0,0,0,0,0,0,1000
8209,0,100,3000,500,1000,0,0,0,0,0,0,0,0,0,0,-145,1,0,0,0,152.5,0,0,0,0,0,0,1000
8210,0,101,3000,500,1000,0,0,0,0,0,0,0,0,0,0,-145,1,0,0,0,152.5,0,0,0,0,0,0,1000
8211,0,102,3000,500,1000,0,0,0,0,0,0,0,0,0,0,-145,1,0,0,0,152.5,0,0,0,0,0,0,1000
8212,0,103,3000,500,1000,0,0,0,0,0,0,0,0,0,0,-145,1,0,0,0,152.5,0,0,0,0,0,0,1000
8213,0,104,3000,500,1000,0,0,0,0,0,0,0,0,0,0,-145,1,0,0,0,152.5,0,0,0,0,0,0,1000
8214,0,105,3000,500,1000,0,0,0,0,0,0,0,0,0,0,-145,1,0,0,0,152.5,0,0,0,0,0,0,1000
8215,0,106,3000,500,1000,0,0,0,0,0,0,0,0,0,0,-145,1,0,0,0,152.5,0,0,0,0,0,0,1000
8216,0,107,3000,500,1000,0,0,0,0,0,0,0,0,0,0,-145,1,0,0,0,152.5,0,0,0,0,0,0,1000
8217,0,108,3000,500,1000,0,0,0,0,0,0,0,0,0,0,-145,1,0,0,0,152.5,0,0,0,0,0,0,1000
8218,0,109,3000,500,1000,0,0,0,0,0,0,0,0,0,0,-145,1,0,0,0,152.5,0,0,0,0,0,0,1000
8219,0,110,3000,500,1000,0,0,0,0,0,0,0,0,0,0,-145,1,0,0,0,152.5,0,0,0,0,0,0,1000
8220,0,111,3000,500,1000,0,0,0,0,0,0,0,0,0,0,-145,1,0,0,0,152.5,0,0,0,0,0,0,1000
8221,0,112,3000,500,1000,0,0,0,0,0,0,0,0,0,0,-145,1,0,0,0,152.5,0,0,0,0,0,0,1000
8222,0,113,3000,500,1000,0,0,0,0,0,0,0,0,0,0,-145,1,0,0,0,152.5,0,0,0,0,0,0,1000
8223,0,114,3000,500,1000,0,0,0,0,0,0,0,0,0,0,-145,1,0,0,0,152.5,0,0,0,0,0,0,1000
8224,0,115,3000,500,1000,0,0,0,0,0,0,0,0,0,0,-145,1,0,0,0,152.5,0,0,0,0,0,0,1000
8225,0,116,3000,500,1000,0,0,0,0,0,0,0,0,0,0,-145,1,0,0,0,152.5,0,0,0,0,0,0,1000
8226,0,117,3000,500,1000,0,0,0,0,0,0,0,0,0,0,-145,1,0,0,0,152.5,0,0,0,0,0,0,1000
8227,0,118,3000,500,1000,0,0,0,0,0,0,0,0,0,0,-145,1,0,0,0,152.5,0,0,0,0,0,0,1000
8228,0,119,3000,500,1000,0,0,0,0,0,0,0,0,0,0,-145,1,0,0,0,152.5,0,0,0,0,0,0,1000
8229,0,120,3000,500,1000,0,0,0,0,0,0,0,0,0,0,-145,1,0,0,0,152.5,0,0,0,0,0,0,1000
8230,0,121,3000,500,1000,0,0,0,0,0,0,0,0,0,0,-145,1,0,0,0,152.5,0,0,0,0,0,0,1000
8231,0,122,3000,500,1000,0,0,0,0,0,0,0,0,0,0,-145,1,0,0,0,152.5,0,0,0,0,0,0,1000
8232,0,123,3000,500,1000,0,0,0,0,0,0,0,0,0,0,-145,1,0,0,0,152.5,0,0,0,0,0,0,1000
8233,0,124,3000,500,1000,0,0,0,0,0,0,0,0,0,0,-145,1,0,0,0,152.5,0,0,0,0,0,0,1000
8234,0,125,3000,500,1000,0,0,0,0,0,0,0,0,0,0,-145,1,0,0,0,152.5,0,0,0,0,0,0,1000
8235,0,126,3000,500,1000,0,0,0,0,0,0,0,0,0,0,-145,1,0,0,0,152.5,0,0,0,0,0,0,1000
8236,0,127,3000,500,1000,0,0,0,0,0,0,0,0,0,0,-145,1,0,0,0,152.5,0,0,0,0,0,0,1000
8237,0,128,3000,500,1000,0,0,0,0,0,0,0,0,0,0,-145,1,0,0,0,152.5,0,0,0,0,0,0,1000
8238,0,129,3000,500,1000,0,0,0,0,0,0,0,0,0,0,-145,1,0,0,0,152.5,0,0,0,0,0,0,1000
8239,0,130,3000,500,1000,0,0,0,0,0,0,0,0,0,0,-145,1,0,0,0,152.5,0,0,0,0,0,0,1000
8240,0,131,3000,500,1000,0,0,0,0,0,0,0,0,0,0,-145,1,0,0,0,152.5,0,0,0,0,0,0,1000
8241,0,132,3000,500,1000,0,0,0,0,0,0,0,0,0,0,-145,1,0,0,0,152.5,0,0,0,0,0,0,1000
8242,0,133,3000,500,1000,0,0,0,0,0,0,0,0,0,0,-145,1,0,0,0,152.5,0,0,0,0,0,0,1000
8243,0,134,3000,500,1000,0,0,0,0,0,0,0,0,0,0,-145,1,0,0,0,152.5,0,0,0,0,0,0,1000
8244,0,135,3000,500,1000,0,0,0,0,0,0,0,0,0,0,-145,1,0,0,0,152.5,0,0,0,0,0,0,1000
8245,0,136,3000,500,1000,0,0,0,0,0,0,0,0,0,0,-145,1,0,0,0,152.5,0,0,0,0,0,0,1000
8246,0,137,3000,500,1000,0,0,0,0,0,0,0,0,0,0,-145,1,0,0,0,152.5,0,0,0,0,0,0,1000
8247,0,138,3000,500,1000,0,0,0,0,0,0,0,0,0,0,-145,1,0,0,0,152.5,0,0,0,0,0,0,1000
8248,0,139,3000,500,1000,0,0,0,0,0,0,0,0,0,0,-145,1,0,0,0,152.5,0,0,0,0,0,0,1000
8249,0,140,3000,500,1000,0,0,0,0,0,0,0,0,0,0,-145,1,0,0,0,152.5,0,0,0,0,0,0,1000
8250,0,141,3000,500,1000,0,0,0,0,0,0,0,0,0,0,-145,1,0,0,0,152.5,0,0,0,0,0,0,1000
8251,0,142,3000,500,1000,0,0,0,0,0,0,0,0,0,0,-145,1,0,0,0,152.5,0,0,0,0,0,0,1000
8252,0,143,3000,500,1000,0,0,0,0,0,0,0,0,0,0,-145,1,0,0,0,152.5,0,0,0,0,0,0,1000
8253,0,144,3000,500,1000,0,0,0,0,0,0,0,0,0,0,-145,1,0,0,0,152.5,0,0,0,0,0,0,1000
8254,0,145,3000,500,1000,0,0,0,0,0,0,0,0,0,0,-145,1,0,0,0,152.5,0,0,0,0,0,0,1000
8255,0,146,3000,500,1000,0,0,0,0,0,0,0,0,0,0,-145,1,0,0,0,152.5,0,0,0,0,0,0,1000
8256,0,147,3000,500,1000,0,0,0,0,0,0,0,0,0,0,-145,1,0,0,0,152.5,0,0,0,0,0,0,1000
8257,0,148,3000,500,1000,0,0,0,0,0,0,0,0,0,0,-145,1,0,0,0,152.5,0,0,0,0,0,0,1000
8258,0,149,3000,500,1000,0,0,0,0,0,0,0,0,0,0,-145,1,0,0,0,152.5,0,0,0,0,0,0,1000
8259,0,150,3000,500,1000,0,0,0,0,0,0,0,0,0,0,-145,1,0,0,0,152.5,0,0,0,0,0,0,1000
8260,0,151,3000,500,1000,0,0,0,0,0,0,0,0,0,0,-145,1,0,0,0,152.5,0,0,0,0,0,0,1000
8261,0,152,3000,500,1000,0,0,0,0,0,0,0,0,0,0,-145,1,0,0,0,152.5,0,0,0,0,0,0,1000
8262,0,153,3000,500,1000,0,0,0,0,0,0,0,0,0,0,-145,1,0,0,0,152.5,0,0,0,0,0,0,1000
8263,0,154,3000,500,1000,0,0,0,0,0,0,0,0,0,0,-145,1,0,0,0,152.5,0,0,0,0,0,0,1000
8264,0,155,3000,500,1000,0,0,0,0,0,0,0,0,0,0,-145,1,0,0,0,152.5,0,0,0,0,0,0,1000
8265,0,156,3000,500,1000,0,0,0,0,0,0,0,0,0,0,-145,1,0,0,0,152.5,0,0,0,0,0,0,1000
8266,0,157,3000,500,1000,0,0,0,0,0,0,0,0,0,0,-145,1,0,0,0,152.5,0,0,0,0,0,0,1000
8267,0,158,3000,500,1000,0,0,0,0,0,0,0,0,0,0,-145,1,0,0,0,152.5,0,0,0,0,0,0,1000
8268,0,159,3000,500,1000,0,0,0,0,0,0,0,0,0,0,-145,1,0,0,0,152.5,0,0,0,0,0,0,1000
8269,0,160,3000,500,1000,0,0,0,0,0,0,0,0,0,0,-145,1,0,0,0,152.5,0,0,0,0,0,0,1000
8270,0,161,3000,500,1000,0,0,0,0,0,0,0,0,0,0,-145,1,0,0,0,152.5,0,0,0,0,0,0,1000
8271,0,162,3000,500,1000,0,0,0,0,0,0,0,0,0,0,-145,1,0,0,0,152.5,0,0,0,0,0,0,1000
8272,0,163,3000,500,1000,0,0,0,0,0,0,0,0,0,0,-145,1,0,0,0,152.5,0,0,0,0,0,0,1000
8273,0,164,3000,500,1000,0,0,0,0,0,0,0,0,0,0,-145,1,0,0,0,152.5,0,0,0,0,0,0,1000
8274,0,165,3000,500,1000,0,0,0,0,0,0,0,0,0,0,-145,1,0,0,0,152.5,0,0,0,0,0,0,1000
8275,0,166,3000,500,1000,0,0,0,0,0,0,0,0,0,0,-145,1,0,0,0,152.5,0,0,0,0,0,0,1000
8276,0,167,3000,500,1000,0,0,0,0,0,0,0,0,0,0,-145,1,0,0,0,152.5,0,0,0,0,0,0,1000
8277,0,168,3000,500,1000,0,0,0,0,0,0,0,0,0,0,-145,1,0,0,0,152.5,0,0,0,0,0,0,1000
8278,0,169,3000,500,1000,0,0,0,0,0,0,0,0,0,0,-145,1,0,0,0,152.5,0,0,0,0,0,0,1000
8279,0,170,3000,500,1000,0,0,0,0,0,0,0,0,0,0,-145,1,0,0,0,152.5,0,0,0,0,0,0,1000
8280,0,171,3000,500,1000,0,0,0,0,0,0,0,0,0,0,-145,1,0,0,0,152.5,0,0,0,0,0,0,1000
8281,0,172,3000,500,1000,0,0,0,0,0,0,0,0,0,0,-145,1,0,0,0,152.5,0,0,0,0,0,0,1000
8282,0,173,3000,500,1000,0,0,0,0,0,0,0,0,0,0,-145,1,0,0,0,152.5,0,0,0,0,0,0,1000
8283,0,174,3000,500,1000,0,0,0,0,0,0,0,0,0,0,-145,1,0,0,0,152.5,0,0,0,0,0,0,1000
8284,0,175,3000,500,1000,0,0,0,0,0,0,0,0,0,0,-145,1,0,0,0,152.5,0,0,0,0,0,0,1000
8285,0,176,3000,500,1000,0,0,0,0,0,0,0,0,0,0,-145,1,0,0,0,152.5,0,0,0,0,0,0,1000
8286,0,177,3000,500,1000,0,0,0,0,0,0,0,0,0,0,-145,1,0,0,0,152.5,0,0,0,0,0,0,1000
8287,0,178,3000,500,1000,0,0,0,0,0,0,0,0,0,0,-145,1,0,0,0,152.5,0,0,0,0,0,0,1000
8288,0,179,3000,500,1000,0,0,0,0,0,0,0,0,0,0,-145,1,0,0,0,152.5,0,0,0,0,0,0,1000
8289,0,180,3000,500,1000,0,0,0,0,0,0,0,0,0,0,-145,1,0,0,0,152.5,0,0,0,0,0,0,1000
8290,0,181,3000,500,1000,0,0,0,0,0,0,0,0,0,0,-145,1,0,0,0,152.5,0,0,0,0,0,0,1000
8291,0,182,3000,500,1000,0,0,0,0,0,0,0,0,0,0,-145,1,0,0,0,152.5,0,0,0,0,0,0,1000
8292,0,183,3000,500,1000,0,0,0,0,0,0,0,0,0,0,-145,1,0,0,0,152.5,0,0,0,0,0,0,1000
8293,0,184,3000,500,1000,0,0,0,0,0,0,0,0,0,0,-145,1,0,0,0,152.5,0,0,0,0,0,0,1000
8294,0,185,3000,500,1000,0,0,0,0,0,0,0,0,0,0,-145,1,0,0,0,152.5,0,0,0,0,0,0,1000
8295,0,186,3000,500,1000,0,0,0,0,0,0,0,0,0,0,-145,1,0,0,0,152.5,0,0,0,0,0,0,1000
8296,0,187,3000,500,1000,0,0,0,0,0,0,0,0,0,0,-145,1,0,0,0,152.5,0,0,0,0,0,0,1000
8297,0,188,3000,500,1000,0,0,0,0,0,0,0,0,0,0,-145,1,0,0,0,152.5,0,0,0,0,0,0,1000
8298,0,189,3000,500,1000,0,0,0,0,0,0,0,0,0,0,-145,1,0,0,0,152.5,0,0,0,0,0,0,1000
8299,0,190,3000,500,1000,0,0,0,0,0,0,0,0,0,0,-145,1,0,0,0,152.5,0,0,0,0,0,0,1000
8300,0,191,3000,500,1000,0,0,0,0,0,0,0,0,0,0,-145,1,0,0,0,152.5,0,0,0,0,0,0,1000
8301,0,192,3000,500,1000,0,0,0,0,0,0,0,0,0,0,-145,1,0,0,0,152.5,0,0,0,0,0,0,1000
8302,0,193,3000,500,1000,0,0,0,0,0,0,0,0,0,0,-145,1,0,0,0,152.5,0,0,0,0,0,0,1000
8303,0,194,3000,500,1000,0,0,0,0,0,0,0,0,0,0,-145,1,0,0,0,152.5,0,0,0,0,0,0,1000
8304,0,195,3000,500,1000,0,0,0,0,0,0,0,0,0,0,-145,1,0,0,0,152.5,0,0,0,0,0,0,1000
8305,0,196,3000,500,1000,0,0,0,0,0,0,0,0,0,0,-145,1,0,0,0,152.5,0,0,0,0,0,0,1000
8306,0,197,3000,500,1000,0,0,0,0,0,0,0,0,0,0,-145,1,0,0,0,152.5,0,0,0,0,0,0,1000
8307,0,198,3000,500,1000,0,0,0,0,0,0,0,0,0,0,-145,1,0,0,0,152.5,0,0,0,0,0,0,1000
8308,0,199,3000,500,1000,0,0,0,0,0,0,0,0,0,0,-145,1,0,0,0,152.5,0,0,0,0,0,0,1000
8309,0,200,3000,500,1000,0,0,0,0,0,0,0,0,0,0,-145,1,0,0,0,152.5,0,0,0,0,0,0,1000
8310,0,201,3000,500,1000,0,0,0,0,0,0,0,0,0,0,-145,1,0,0,0,152.5,0,0,0,0,0,0,1000
8311,0,202,3000,500,1000,0,0,0,0,0,0,0,0,0,0,-145,1,0,0,0,152.5,0,0,0,0,0,0,1000
8312,0,203,3000,500,1000,0,0,0,0,0,0,0,0,0,0,-145,1,0,0,0,152.5,0,0,0,0,0,0,1000
8313,0,204,3000,500,1000,0,0,0,0,0,0,0,0,0,0,-145,1,0,0,0,152.5,0,0,0,0,0,0,1000
8314,0,205,3000,500,1000,0,0,0,0,0,0,0,0,0,0,-145,1,0,0,0,152.5,0,0,0,0,0,0,1000
8315,0,206,3000,500,1000,0,0,0,0,0,0,0,0,0,0,-145,1,0,0,0,152.5,0,0,0,0,0,0,1000
8316,0,207,3000,500,1000,0,0,0,0,0,0,0,0,0,0,-145,1,0,0,0,152.5,0,0,0,0,0,0,1000
8317,0,208,3000,500,1000,0,0,0,0,0,0,0,0,0,0,-145,1,0,0,0,152.5,0,0,0,0,0,0,1000
8318,0,209,3000,500,1000,0,0,0,0,0,0,0,0,0,0,-145,1,0,0,0,152.5,0,0,0,0,0,0,1000
8319,0,210,3000,500,1000,0,0,0,0,0,0,0,0,0,0,-145,1,0,0,0,152.5,0,0,0,0,0,0,1000
8320,0,211,3000,500,1000,0,0,0,0,0,0,0,0,0,0,-145,1,0,0,0,152.5,0,0,0,0,0,0,1000
8321,0,212,3000,500,1000,0,0,0,0,0,0,0,0,0,0,-145,1,0,0,0,152.5,0,0,0,0,0,0,1000
8322,0,213,3000,500,1000,0,0,0,0,0,0,0,0,0,0,-145,1,0,0,0,152.5,0,0,0,0,0,0,1000
8323,0,214,3000,500,1000,0,0,0,0,0,0,0,0,0,0,-145,1,0,0,0,152.5,0,0,0,0,0,0,1000
8324,0,215,3000,500,1000,0,0,0,0,0,0,0,0,0,0,-145,1,0,0,0,152.5,0,0,0,0,0,0,1000
8325,0,216,3000,500,1000,0,0,0,0,0,0,0,0,0,0,-145,1,0,0,0,152.5,0,0,0,0,0,0,1000
8326,0,217,3000,500,1000,0,0,0,0,0,0,0,0,0,0,-145,1,0,0,0,152.5,0,0,0,0,0,0,1000
8327,0,218,3000,500,1000,0,0,0,0,0,0,0,0,0,0,-145,1,0,0,0,152.5,0,0,0,0,0,0,1000
8328,0,219,3000,500,1000,0,0,0,0,0,0,0,0,0,0,-145,1,0,0,0,152.5,0,0,0,0,0,0,1000
8329,0,220,3000,500,1000,0,0,0,0,0,0,0,0,0,0,-145,1,0,0,0,152.5,0,0,0,0,0,0,1000
8330,0,221,3000,500,1000,0,0,0,0,0,0,0,0,0,0,-145,1,0,0,0,152.5,0,0,0,0,0,0,1000
8331,0,222,3000,500,1000,0,0,0,0,0,0,0,0,0,0,-145,1,0,0,0,152.5,0,0,0,0,0,0,1000
8332,0,223,3000,500,1000,0,0,0,0,0,0,0,0,0,0,-145,1,0,0,0,152.5,0,0,0,0,0,0,1000
8333,0,224,3000,500,1000,0,0,0,0,0,0,0,0,0,0,-145,1,0,0,0,152.5,0,0,0,0,0,0,1000
8334,0,225,3000,500,1000,0,0,0,0,0,0,0,0,0,0,-145,1,0,0,0,152.5,0,0,0,0,0,0,1000
8335,0,226,3000,500,1000,0,0,0,0,0,0,0,0,0,0,-145,1,0,0,0,152.5,0,0,0,0,0,0,1000
8336,0,227,3000,500,1000,0,0,0,0,0,0,0,0,0,0,-145,1,0,0,0,152.5,0,0,0,0,0,0,1000
8337,0,228,3000,500,1000,0,0,0,0,0,0,0,0,0,0,-145,1,0,0,0,152.5,0,0,0,0,0,0,1000
8338,0,229,3000,500,1000,0,0,0,0,0,0,0,0,0,0,-145,1,0,0,0,152.5,0,0,0,0,0,0,1000
8339,0,230,3000,500,1000,0,0,0,0,0,0,0,0,0,0,-145,1,0,0,0,152.5,0,0,0,0,0,0,1000
8340,0,231,3000,500,1000,0,0,0,0,0,0,0,0,0,0,-145,1,0,0,0,152.5,0,0,0,0,0,0,1000
8341,0,232,3000,500,1000,0,0,0,0,0,0,0,0,0,0,-145,1,0,0,0,152.5,0,0,0,0,0,0,1000
8342,0,233,3000,500,1000,0,0,0,0,0,0,0,0,0,0,-145,1,0,0,0,152.5,0,0,0,0,0,0,1000
8343,0,234,3000,500,1000,0,0,0,0,0,0,0,0,0,0,-145,1,0,0,0,152.5,0,0,0,0,0,0,1000
8344,0,235,3000,500,1000,0,0,0,0,0,0,0,0,0,0,-145,1,0,0,0,152.5,0,0,0,0,0,0,1000
8345,0,236,3000,500,1000,0,0,0,0,0,0,0,0,0,0,-145,1,0,0,0,152.5,0,0,0,0,0,0,1000
8346,0,237,3000,500,1000,0,0,0,0,0,0,0,0,0,0,-145,1,0,0,0,152.5,0,0,0,0,0,0,1000
8347,0,238,3000,500,1000,0,0,0,0,0,0,0,0,0,0,-145,1,0,0,0,152.5,0,0,0,0,0,0,1000
8348,0,239,3000,500,1000,0,0,0,0,0,0,0,0,0,0,-145,1,0,0,0,152.5,0,0,0,0,0,0,1000
8349,0,240,3000,500,1000,0,0,0,0,0,0,0,0,0,0,-145,1,0,0,0,152.5,0,0,0,0,0,0,1000
8350,0,241,3000,500,1000,0,0,0,0,0,0,0,0,0,0,-145,1,0,0,0,152.5,0,0,0,0,0,0,1000
8351,0,242,3000,500,1000,0,0,0,0,0,0,0,0,0,0,-145,1,0,0,0,152.5,0,0,0,0,0,0,1000
8352,0,243,3000,500,1000,0,0,0,0,0,0,0,0,0,0,-145,1,0,0,0,152.5,0,0,0,0,0,0,1000
8353,0,244,3000,500,1000,0,0,0,0,0,0,0,0,0,0,-145,1,0,0,0,152.5,0,0,0,0,0,0,1000
8354,0,245,3000,500,1000,0,0,0,0,0,0,0,0,0,0,-145,1,0,0,0,152.5,0,0,0,0,0,0,1000
8355,0,246,3000,500,1000,0,0,0,0,0,0,0,0,0,0,-145,1,0,0,0,152.5,0,0,0,0,0,0,1000
8356,0,247,3000,500,1000,0,0,0,0,0,0,0,0,0,0,-145,1,0,0,0,152.5,0,0,0,0,0,0,1000
8357,0,248,3000,500,1000,0,0,0,0,0,0,0,0,0,0,-145,1,0,0,0,152.5,0,0,0,0,0,0,1000
8358,0,249,3000,500,1000,0,0,0,0,0,0,0,0,0,0,-145,1,0,0,0,152.5,0,0,0,0,0,0,1000
8359,0,250,3000,500,1000,0,0,0,0,0,0,0,0,0,0,-145,1,0,0,0,152.5,0,0,0,0,0,0,1000
8360,0,251,3000,500,1000,0,0,0,0,0,0,0,0,0,0,-145,1,0,0,0,152.5,0,0,0,0,0,0,1000
8361,0,252,3000,500,1000,0,0,0,0,0,0,0,0,0,0,-145,1,0,0,0,152.5,0,0,0,0,0,0,1000
8362,0,253,3000,500,1000,0,0,0,0,0,0,0,0,0,0,-145,1,0,0,0,152.5,0,0,0,0,0,0,1000
8363,0,254,3000,500,1000,0,0,0,0,0,0,0,0,0,0,-145,1,0,0,0,152.5,0,0,0,0,0,0,1000
8364,0,255,3000,500,1000,0,0,0,0,0,0,0,0,0,0,-145,1,0,0,0,152.5,0,0,0,0,0,0,1000
8365,0,256,3000,500,1000,0,0,0,0,0,0,0,0,0,0,-145,1,0,0,0,152.5,0,0,0,0,0,0,1000
8366,0,257,3000,500,1000,0,0,0,0,0,0,0,0,0,0,-145,1,0,0,0,152.5,0,0,0,0,0,0,1000
8367,0,258,3000,500,1000,0,0,0,0,0,0,0,0,0,0,-145,1,0,0,0,152.5,0,0,0,0,0,0,1000
8368,0,259,3000,500,1000,0,0,0,0,0,0,0,0,0,0,-145,1,0,0,0,152.5,0,0,0,0,0,0,1000
8369,0,260,3000,500,1000,0,0,0,0,0,0,0,0,0,0,-145,1,0,0,0,152.5,0,0,0,0,0,0,1000
8370,0,261,3000,500,1000,0,0,0,0,0,0,0,0,0,0,-145,1,0,0,0,152.5,0,0,0,0,0,0,1000
8371,0,262,3000,500,1000,0,0,0,0,0,0,0,0,0,0,-145,1,0,0,0,152.5,0,0,0,0,0,0,1000
8372,0,263,3000,500,1000,0,0,0,0,0,0,0,0,0,0,-145,1,0,0,0,152.5,0,0,0,0,0,0,1000
8373,0,264,3000,500,1000,0,0,0,0,0,0,0,0,0,0,-145,1,0,0,0,152.5,0,0,0,0,0,0,1000
8374,0,265,3000,500,1000,0,0,0,0,0,0,0,0,0,0,-145,1,0,0,0,152.5,0,0,0,0,0,0,1000
8375,0,266,3000,500,1000,0,0,0,0,0,0,0,0,0,0,-145,1,0,0,0,152.5,0,0,0,0,0,0,1000
8376,0,267,3000,500,1000,0,0,0,0,0,0,0,0,0,0,-145,1,0,0,0,152.5,0,0,0,0,0,0,1000
8377,0,268,3000,500,1000,0,0,0,0,0,0,0,0,0,0,-145,1,0,0,0,152.5,0,0,0,0,0,0,1000
8378,0,269,3000,500,1000,0,0,0,0,0,0,0,0,0,0,-145,1,0,0,0,152.5,0,0,0,0,0,0,1000
8379,0,270,3000,500,1000,0,0,0,0,0,0,0,0,0,0,-145,1,0,0,0,152.5,0,0,0,0,0,0,1000
8380,0,271,3000,500,1000,0,0,0,0,0,0,0,0,0,0,-145,1,0,0,0,152.5,0,0,0,0,0,0,1000
8381,0,272,3000,500,1000,0,0,0,0,0,0,0,0,0,0,-145,1,0,0,0,152.5,0,0,0,0,0,0,1000
8382,0,273,3000,500,1000,0,0,0,0,0,0,0,0,0,0,-145,1,0,0,0,152.5,0,0,0,0,0,0,1000
8383,0,274,3000,500,1000,0,0,0,0,0,0,0,0,0,0,-145,1,0,0,0,152.5,0,0,0,0,0,0,1000
8384,0,275,3000,500,1000,0,0,0,0,0,0,0,0,0,0,-145,1,0,0,0,152.5,0,0,0,0,0,0,1000
8385,0,276,3000,500,1000,0,0,0,0,0,0,0,0,0,0,-145,1,0,0,0,152.5,0,0,0,0,0,0,1000
8386,0,277,3000,500,1000,0,0,0,0,0,0,0,0,0,0,-145,1,0,0,0,152.5,0,0,0,0,0,0,1000
8387,0,278,3000,500,1000,0,0,0,0,0,0,0,0,0,0,-145,1,0,0,0,152.5,0,0,0,0,0,0,1000
8388,0,279,3000,500,1000,0,0,0,0,0,0,0,0,0,0,-145,1,0,0,0,152.5,0,0,0,0,0,0,1000
8389,0,280,3000,500,1000,0,0,0,0,0,0,0,0,0,0,-145,1,0,0,0,152.5,0,0,0,0,0,0,1000
8390,0,281,3000,500,1000,0,0,0,0,0,0,0,0,0,0,-145,1,0,0,0,152.5,0,0,0,0,0,0,1000
8391,0,282,3000,500,1000,0,0,0,0,0,0,0,0,0,0,-145,1,0,0,0,152.5,0,0,0,0,0,0,1000
8392,0,283,3000,500,1000,0,0,0,0,0,0,0,0,0,0,-145,1,0,0,0,152.5,0,0,0,0,0,0,1000
8393,0,284,3000,500,1000,0,0,0,0,0,0,0,0,0,0,-145,1,0,0,0,152.5,0,0,0,0,0,0,1000
8394,0,285,3000,500,1000,0,0,0,0,0,0,0,0,0,0,-145,1,0,0,0,152.5,0,0,0,0,0,0,1000
8395,0,286,3000,500,1000,0,0,0,0,0,0,0,0,0,0,-145,1,0,0,0,152.5,0,0,0,0,0,0,1000
8396,0,287,3000,500,1000,0,0,0,0,0,0,0,0,0,0,-145,1,0,0,0,152.5,0,0,0,0,0,0,1000
8397,0,288,3000,500,1000,0,0,0,0,0,0,0,0,0,0,-145,1,0,0,0,152.5,0,0,0,0,0,0,1000
8398,0,289,3000,500,1000,0,0,0,0,0,0,0,0,0,0,-145,1,0,0,0,152.5,0,0,0,0,0,0,1000
8399,0,290,3000,500,1000,0,0,0,0,0,0,0,0,0,0,-145,1,0,0,0,152.5,0,0,0,0,0,0,1000
8400,0,291,3000,500,1000,0,0,0,0,0,0,0,0,0,0,-145,1,0,0,0,152.5,0,0,0,0,0,0,1000
8401,0,292,3000,500,1000,0,0,0,0,0,0,0,0,0,0,-145,1,0,0,0,152.5,0,0,0,0,0,0,1000
8402,0,293,3000,500,1000,0,0,0,0,0,0,0,0,0,0,-145,1,0,0,0,152.5,0,0,0,0,0,0,1000
8403,0,294,3000,500,1000,0,0,0,0,0,0,0,0,0,0,-145,1,0,0,0,152.5,0,0,0,0,0,0,1000
8404,0,295,3000,500,1000,0,0,0,0,0,0,0,0,0,0,-145,1,0,0,0,152.5,0,0,0,0,0,0,1000
8405,0,296,3000,500,1000,0,0,0,0,0,0,0,0,0,0,-145,1,0,0,0,152.5,0,0,0,0,0,0,1000
8406,0,297,3000,500,1000,0,0,0,0,0,0,0,0,0,0,-145,1,0,0,0,152.5,0,0,0,0,0,0,1000
8407,0,298,3000,500,1000,0,0,0,0,0,0,0,0,0,0,-145,1,0,0,0,152.5,0,0,0,0,0,0,1000
8408,0,299,3000,500,1000,0,0,0,0,0,0,0,0,0,0,-145,1,0,0,0,152.5,0,0,0,0,0,0,1000
8409,0,300,3000,500,1000,0,0,0,0,0,0,0,0,0,0,-145,1,0,0,0,152.5,0,0,0,0,0,0,1000
8410,0,1,3000,500,1000,0,0,0,0,0,0,0,0,0,0,-145,1,0,0,0,152.5,0,0,0,0,0,0,1000
8411,0,2,3000,500,1000,0,0,0,0,0,0,0,0,0,0,-145,1,0,0,0,152.5,0,0,0,0,0,0,1000
8412,0,3,3000,500,1000,0,0,0,0,0,0,0,0,0,0,-145,1,0,0,0,152.5,0,0,0,0,0,0,1000
8413,0,4,3000,500,1000,0,0,0,0,0,0,0,0,0,0,-145,1,0,0,0,152.5,0,0,0,0,0,0,1000
8414,0,5,3000,500,1000,0,0,0,0,0,0,0,0,0,0,-145,1,0,0,0,152.5,0,0,0,0,0,0,1000
8415,0,6,3000,500,1000,0,0,0,0,0,0,0,0,0,0,-145,1,0,0,0,152.5,0,0,0,0,0,0,1000
8416,0,7,3000,500,1000,0,0,0,0,0,0,0,0,0,0,-145,1,0,0,0,152.5,0,0,0,0,0,0,1000
8417,0,8,3000,500,1000,0,0,0,0,0,0,0,0,0,0,-145,1,0,0,0,152.5,0,0,0,0,0,0,1000
8418,0,9,3000,500,1000,0,0,0,0,0,0,0,0,0,0,-145,1,0,0,0,152.5,0,0,0,0,0,0,1000
8419,0,10,3000,500,1000,0,0,0,0,0,0,0,0,0,0,-145,1,0,0,0,152.5,0,0,0,0,0,0,1000
8420,0,11,3000,500,1000,0,0,0,0,0,0,0,0,0,0,-145,1,0,0,0,152.5,0,0,0,0,0,0,1000
8421,0,12,3000,500,1000,0,0,0,0,0,0,0,0,0,0,-145,1,0,0,0,152.5,0,0,0,0,0,0,1000
8422,0,13,3000,500,1000,0,0,0,0,0,0,0,0,0,0,-145,1,0,0,0,152.5,0,0,0,0,0,0,1000
8423,0,14,3000,500,1000,0,0,0,0,0,0,0,0,0,0,-145,1,0,0,0,152.5,0,0,0,0,0,0,1000
8424,0,15,3000,500,1000,0,0,0,0,0,0,0,0,0,0,-145,1,0,0,0,152.5,0,0,0,0,0,0,1000
8425,0,16,3000,500,1000,0,0,0,0,0,0,0,0,0,0,-145,1,0,0,0,152.5,0,0,0,0,0,0,1000
8426,0,17,3000,500,1000,0,0,0,0,0,0,0,0,0,0,-145,1,0,0,0,152.5,0,0,0,0,0,0,1000
8427,0,18,3000,500,1000,0,0,0,0,0,0,0,0,0,0,-145,1,0,0,0,152.5,0,0,0,0,0,0,1000
8428,0,19,3000,500,1000,0,0,0,0,0,0,0,0,0,0,-145,1,0,0,0,152.5,0,0,0,0,0,0,1000
8429,0,20,3000,500,1000,0,0,0,0,0,0,0,0,0,0,-145,1,0,0,0,152.5,0,0,0,0,0,0,1000
8430,0,21,3000,500,1000,0,0,0,0,0,0,0,0,0,0,-145,1,0,0,0,152.5,0,0,0,0,0,0,1000
8431,0,22,3000,500,1000,0,0,0,0,0,0,0,0,0,0,-145,1,0,0,0,152.5,0,0,0,0,0,0,1000
8432,0,23,3000,500,1000,0,0,0,0,0,0,0,0,0,0,-145,1,0,0,0,152.5,0,0,0,0,0,0,1000
8433,0,24,3000,500,1000,0,0,0,0,0,0,0,0,0,0,-145,1,0,0,0,152.5,0,0,0,0,0,0,1000
8434,0,25,3000,500,1000,0,0,0,0,0,0,0,0,0,0,-145,1,0,0,0,152.5,0,0,0,0,0,0,1000
8435,0,26,3000,500,1000,0,0,0,0,0,0,0,0,0,0,-145,1,0,0,0,152.5,0,0,0,0,0,0,1000
8436,0,27,3000,500,1000,0,0,0,0,0,0,0,0,0,0,-145,1,0,0,0,152.5,0,0,0,0,0,0,1000
8437,0,28,3000,500,1000,0,0,0,0,0,0,0,0,0,0,-145,1,0,0,0,152.5,0,0,0,0,0,0,1000
8438,0,29,3000,500,1000,0,0,0,0,0,0,0,0,0,0,-145,1,0,0,0,152.5,0,0,0,0,0,0,1000
8439,0,30,3000,500,1000,0,0,0,0,0,0,0,0,0,0,-145,1,0,0,0,152.5,0,0,0,0,0,0,1000
8440,0,31,3000,500,1000,0,0,0,0,0,0,0,0,0,0,-145,1,0,0,0,152.5,0,0,0,0,0,0,1000
8441,0,32,3000,500,1000,0,0,0,0,0,0,0,0,0,0,-145,1,0,0,0,152.5,0,0,0,0,0,0,1000
8442,0,33,3000,500,1000,0,0,0,0,0,0,0,0,0,0,-145,1,0,0,0,152.5,0,0,0,0,0,0,1000
8443,0,34,3000,500,1000,0,0,0,0,0,0,0,0,0,0,-145,1,0,0,0,152.5,0,0,0,0,0,0,1000
8444,0,35,3000,500,1000,0,0,0,0,0,0,0,0,0,0,-145,1,0,0,0,152.5,0,0,0,0,0,0,1000
8445,0,36,3000,500,1000,0,0,0,0,0,0,0,0,0,0,-145,1,0,0,0,152.5,0,0,0,0,0,0,1000
8446,0,37,3000,500,1000,0,0,0,0,0,0,0,0,0,0,-145,1,0,0,0,152.5,0,0,0,0,0,0,1000
8447,0,38,3000,500,1000,0,0,0,0,0,0,0,0,0,0,-145,1,0,0,0,152.5,0,0,0,0,0,0,1000
8448,0,39,3000,500,1000,0,0,0,0,0,0,0,0,0,0,-145,1,0,0,0,152.5,0,0,0,0,0,0,1000
8449,0,40,3000,500,1000,0,0,0,0,0,0,0,0,0,0,-145,1,0,0,0,152.5,0,0,0,0,0,0,1000
8450,0,41,3000,500,1000,0,0,0,0,0,0,0,0,0,0,-145,1,0,0,0,152.5,0,0,0,0,0,0,1000
8451,0,42,3000,500,1000,0,0,0,0,0,0,0,0,0,0,-145,1,0,0,0,152.5,0,0,0,0,0,0,1000
8452,0,43,3000,500,1000,0,0,0,0,0,0,0,0,0,0,-145,1,0,0,0,152.5,0,0,0,0,0,0,1000
8453,0,44,3000,500,1000,0,0,0,0,0,0,0,0,0,0,-145,1,0,0,0,152.5,0,0,0,0,0,0,1000
8454,0,45,3000,500,1000,0,0,0,0,0,0,0,0,0,0,-145,1,0,0,0,152.5,0,0,0,0,0,0,1000
8455,0,46,3000,500,1000,0,0,0,0,0,0,0,0,0,0,-145,1,0,0,0,152.5,0,0,0,0,0,0,1000
8456,0,47,3000,500,1000,0,0,0,0,0,0,0,0,0,0,-145,1,0,0,0,152.5,0,0,0,0,0,0,1000
8457,0,48,3000,500,1000,0,0,0,0,0,0,0,0,0,0,-145,1,0,0,0,152.5,0,0,0,0,0,0,1000
8458,0,49,3000,500,1000,0,0,0,0,0,0,0,0,0,0,-145,1,0,0,0,152.5,0,0,0,0,0,0,1000
8459,0,50,3000,500,1000,0,0,0,0,0,0,0,0,0,0,-145,1,0,0,0,152.5,0,0,0,0,0,0,1000
8460,0,51,3000,500,1000,0,0,0,0,0,0,0,0,0,0,-145,1,0,0,0,152.5,0,0,0,0,0,0,1000
8461,0,52,3000,500,1000,0,0,0,0,0,0,0,0,0,0,-145,1,0,0,0,152.5,0,0,0,0,0,0,1000
8462,0,53,3000,500,1000,0,0,0,0,0,0,0,0,0,0,-145,1,0,0,0,152.5,0,0,0,0,0,0,1000
8463,0,54,3000,500,1000,0,0,0,0,0,0,0,0,0,0,-145,1,0,0,0,152.5,0,0,0,0,0,0,1000
8464,0,55,3000,500,1000,0,0,0,0,0,0,0,0,0,0,-145,1,0,0,0,152.5,0,0,0,0,0,0,1000
8465,0,56,3000,500,1000,0,0,0,0,0,0,0,0,0,0,-145,1,0,0,0,152.5,0,0,0,0,0,0,1000
8466,0,57,3000,500,1000,0,0,0,0,0,0,0,0,0,0,-145,1,0,0,0,152.5,0,0,0,0,0,0,1000
8467,0,58,3000,500,1000,0,0,0,0,0,0,0,0,0,0,-145,1,0,0,0,152.5,0,0,0,0,0,0,1000
8468,0,59,3000,500,1000,0,0,0,0,0,0,0,0,0,0,-145,1,0,0,0,152.5,0,0,0,0,0,0,1000
8469,0,60,3000,500,1000,0,0,0,0,0,0,0,0,0,0,-145,1,0,0,0,152.5,0,0,0,0,0,0,1000
8470,0,61,3000,500,1000,0,0,0,0,0,0,0,0,0,0,-145,1,0,0,0,152.5,0,0,0,0,0,0,1000
8471,0,62,3000,500,1000,0,0,0,0,0,0,0,0,0,0,-145,1,0,0,0,152.5,0,0,0,0,0,0,1000
8472,0,63,3000,500,1000,0,0,0,0,0,0,0,0,0,0,-145,1,0,0,0,152.5,0,0,0,0,0,0,1000
8473,0,64,3000,500,1000,0,0,0,0,0,0,0,0,0,0,-145,1,0,0,0,152.5,0,0,0,0,0,0,1000
8474,0,65,3000,500,1000,0,0,0,0,0,0,0,0,0,0,-145,1,0,0,0,152.5,0,0,0,0,0,0,1000
8475,0,66,3000,500,1000,0,0,0,0,0,0,0,0,0,0,-145,1,0,0,0,152.5,0,0,0,0,0,0,1000
8476,0,67,3000,500,1000,0,0,0,0,0,0,0,0,0,0,-145,1,0,0,0,152.5,0,0,0,0,0,0,1000
8477,0,68,3000,500,1000,0,0,0,0,0,0,0,0,0,0,-145,1,0,0,0,152.5,0,0,0,0,0,0,1000
8478,0,69,3000,500,1000,0,0,0,0,0,0,0,0,0,0,-145,1,0,0,0,152.5,0,0,0,0,0,0,1000
8479,0,70,3000,500,1000,0,0,0,0,0,0,0,0,0,0,-145,1,0,0,0,152.5,0,0,0,0,0,0,1000
8480,0,71,3000,500,1000,0,0,0,0,0,0,0,0,0,0,-145,1,0,0,0,152.5,0,0,0,0,0,0,1000
8481,0,72,3000,500,1000,0,0,0,0,0,0,0,0,0,0,-145,1,0,0,0,152.5,0,0,0,0,0,0,1000
8482,0,73,3000,500,1000,0,0,0,0,0,0,0,0,0,0,-145,1,0,0,0,152.5,0,0,0,0,0,0,1000
8483,0,74,3000,500,1000,0,0,0,0,0,0,0,0,0,0,-145,1,0,0,0,152.5,0,0,0,0,0,0,1000
8484,0,75,3000,500,1000,0,0,0,0,0,0,0,0,0,0,-145,1,0,0,0,152.5,0,0,0,0,0,0,1000
8485,0,76,3000,500,1000,0,0,0,0,0,0,0,0,0,0,-145,1,0,0,0,152.5,0,0,0,0,0,0,1000
8486,0,77,3000,500,1000,0,0,0,0,0,0,0,0,0,0,-145,1,0,0,0,152.5,0,0,0,0,0,0,1000
8487,0,78,3000,500,1000,0,0,0,0,0,0,0,0,0,0,-145,1,0,0,0,152.5,0,0,0,0,0,0,1000
8488,0,79,3000,500,1000,0,0,0,0,0,0,0,0,0,0,-145,1,0,0,0,152.5,0,0,0,0,0,0,1000
8489,0,80,3000,500,1000,0,0,0,0,0,0,0,0,0,0,-145,1,0,0,0,152.5,0,0,0,0,0,0,1000
8490,0,81,3000,500,1000,0,0,0,0,0,0,0,0,0,0,-145,1,0,0,0,152.5,0,0,0,0,0,0,1000
8491,0,82,3000,500,1000,0,0,0,0,0,0,0,0,0,0,-145,1,0,0,0,152.5,0,0,0,0,0,0,1000
8492,0,83,3000,500,1000,0,0,0,0,0,0,0,0,0,0,-145,1,0,0,0,152.5,0,0,0,0,0,0,1000
8493,0,84,3000,500,1000,0,0,0,0,0,0,0,0,0,0,-145,1,0,0,0,152.5,0,0,0,0,0,0,1000
8494,0,85,3000,500,1000,0,0,0,0,0,0,0,0,0,0,-145,1,0,0,0,152.5,0,0,0,0,0,0,1000
8495,0,86,3000,500,1000,0,0,0,0,0,0,0,0,0,0,-145,1,0,0,0,152.5,0,0,0,0,0,0,1000
8496,0,87,3000,500,1000,0,0,0,0,0,0,0,0,0,0,-145,1,0,0,0,152.5,0,0,0,0,0,0,1000
8497,0,88,3000,500,1000,0,0,0,0,0,0,0,0,0,0,-145,1,0,0,0,152.5,0,0,0,0,0,0,1000
8498,0,89,3000,500,1000,0,0,0,0,0,0,0,0,0,0,-145,1,0,0,0,152.5,0,0,0,0,0,0,1000
8499,0,90,3000,500,1000,0,0,0,0,0,0,0,0,0,0,-145,1,0,0,0,152.5,0,0,0,0,0,0,1000
8500,0,91,3000,500,1000,0,0,0,0,0,0,0,0,0,0,-145,1,0,0,0,152.5,0,0,0,0,0,0,1000
8501,0,92,3000,500,1000,0,0,0,0,0,0,0,0,0,0,-145,1,0,0,0,152.5,0,0,0,0,0,0,1000
8502,0,93,3000,500,1000,0,0,0,0,0,0,0,0,0,0,-145,1,0,0,0,152.5,0,0,0,0,0,0,1000
8503,0,94,3000,500,1000,0,0,0,0,0,0,0,0,0,0,-145,1,0,0,0,152.5,0,0,0,0,0,0,1000
8504,0,95,3000,500,1000,0,0,0,0,0,0,0,0,0,0,-145,1,0,0,0,152.5,0,0,0,0,0,0,1000
8505,0,96,3000,500,1000,0,0,0,0,0,0,0,0,0,0,-145,1,0,0,0,152.5,0,0,0,0,0,0,1000
8506,0,97,3000,500,1000,0,0,0,0,0,0,0,0,0,0,-145,1,0,0,0,152.5,0,0,0,0,0,0,1000
8507,0,98,3000,500,1000,0,0,0,0,0,0,0,0,0,0,-145,1,0,0,0,152.5,0,0,0,0,0,0,1000
8508,0,99,3000,500,1000,0,0,0,0,0,0,0,0,0,0,-145,1,0,0,0,152.5,0,0,0,0,0,0,1000
8509,0,100,3000,500,1000,0,0,0,0,0,0,0,0,0,0,-145,1,0,0,0,152.5,0,0,0,0,0,0,1000
8510,0,101,3000,500,1000,0,0,0,0,0,0,0,0,0,0,-145,1,0,0,0,152.5,0,0,0,0,0,0,1000
8511,0,102,3000,500,1000,0,0,0,0,0,0,0,0,0,0,-145,1,0,0,0,152.5,0,0,0,0,0,0,1000
8512,0,103,3000,500,1000,0,0,0,0,0,0,0,0,0,0,-145,1,0,0,0,152.5,0,0,0,0,0,0,1000
8513,0,104,3000,500,1000,0,0,0,0,0,0,0,0,0,0,-145,1,0,0,0,152.5,0,0,0,0,0,0,1000
8514,0,105,3000,500,1000,0,0,0,0,0,0,0,0,0,0,-145,1,0,0,0,152.5,0,0,0,0,0,0,1000
8515,0,106,3000,500,1000,0,0,0,0,0,0,0,0,0,0,-145,1,0,0,0,152.5,0,0,0,0,0,0,1000
8516,0,107,3000,500,1000,0,0,0,0,0,0,0,0,0,0,-145,1,0,0,0,152.5,0,0,0,0,0,0,1000
8517,0,108,3000,500,1000,0,0,0,0,0,0,0,0,0,0,-145,1,0,0,0,152.5,0,0,0,0,0,0,1000
8518,0,109,3000,500,1000,0,0,0,0,0,0,0,0,0,0,-145,1,0,0,0,152.5,0,0,0,0,0,0,1000
8519,0,110,3000,500,1000,0,0,0,0,0,0,0,0,0,0,-145,1,0,0,0,152.5,0,0,0,0,0,0,1000
8520,0,111,3000,500,1000,0,0,0,0,0,0,0,0,0,0,-145,1,0,0,0,152.5,0,0,0,0,0,0,1000
8521,0,112,3000,500,1000,0,0,0,0,0,0,0,0,0,0,-145,1,0,0,0,152.5,0,0,0,0,0,0,1000
8522,0,113,3000,500,1000,0,0,0,0,0,0,0,0,0,0,-145,1,0,0,0,152.5,0,0,0,0,0,0,1000
8523,0,114,3000,500,1000,0,0,0,0,0,0,0,0,0,0,-145,1,0,0,0,152.5,0,0,0,0,0,0,1000
8524,0,115,3000,500,1000,0,0,0,0,0,0,0,0,0,0,-145,1,0,0,0,152.5,0,0,0,0,0,0,1000
8525,0,116,3000,500,1000,0,0,0,0,0,0,0,0,0,0,-145,1,0,0,0,152.5,0,0,0,0,0,0,1000
8526,0,117,3000,500,1000,0,0,0,0,0,0,0,0,0,0,-145,1,0,0,0,152.5,0,0,0,0,0,0,1000
8527,0,118,3000,500,1000,0,0,0,0,0,0,0,0,0,0,-145,1,0,0,0,152.5,0,0,0,0,0,0,1000
8528,0,119,3000,500,1000,0,0,0,0,0,0,0,0,0,0,-145,1,0,0,0,152.5,0,0,0,0,0,0,1000
8529,0,120,3000,500,1000,0,0,0,0,0,0,0,0,0,0,-145,1,0,0,0,152.5,0,0,0,0,0,0,1000
8530,0,121,3000,500,1000,0,0,0,0,0,0,0,0,0,0,-145,1,0,0,0,152.5,0,0,0,0,0,0,1000
8531,0,122,3000,500,1000,0,0,0,0,0,0,0,0,0,0,-145,1,0,0,0,152.5,0,0,0,0,0,0,1000
8532,0,123,3000,500,1000,0,0,0,0,0,0,0,0,0,0,-145,1,0,0,0,152.5,0,0,0,0,0,0,1000
8533,0,124,3000,500,1000,0,0,0,0,0,0,0,0,0,0,-145,1,0,0,0,152.5,0,0,0,0,0,0,1000
8534,0,125,3000,500,1000,0,0,0,0,0,0,0,0,0,0,-145,1,0,0,0,152.5,0,0,0,0,0,0,1000
8535,0,126,3000,500,1000,0,0,0,0,0,0,0,0,0,0,-145,1,0,0,0,152.5,0,0,0,0,0,0,1000
8536,0,127,3000,500,1000,0,0,0,0,0,0,0,0,0,0,-145,1,0,0,0,152.5,0,0,0,0,0,0,1000
8537,0,128,3000,500,1000,0,0,0,0,0,0,0,0,0,0,-145,1,0,0,0,152.5,0,0,0,0,0,0,1000
8538,0,129,3000,500,1000,0,0,0,0,0,0,0,0,0,0,-145,1,0,0,0,152.5,0,0,0,0,0,0,1000
8539,0,130,3000,500,1000,0,0,0,0,0,0,0,0,0,0,-145,1,0,0,0,152.5,0,0,0,0,0,0,1000
8540,0,131,3000,500,1000,0,0,0,0,0,0,0,0,0,0,-145,1,0,0,0,152.5,0,0,0,0,0,0,1000
8541,0,132,3000,500,1000,0,0,0,0,0,0,0,0,0,0,-145,1,0,0,0,152.5,0,0,0,0,0,0,1000
8542,0,133,3000,500,1000,0,0,0,0,0,0,0,0,0,0,-145,1,0,0,0,152.5,0,0,0,0,0,0,1000
8543,0,134,3000,500,1000,0,0,0,0,0,0,0,0,0,0,-145,1,0,0,0,152.5,0,0,0,0,0,0,1000
8544,0,135,3000,500,1000,0,0,0,0,0,0,0,0,0,0,-145,1,0,0,0,152.5,0,0,0,0,0,0,1000
8545,0,136,3000,500,1000,0,0,0,0,0,0,0,0,0,0,-145,1,0,0,0,152.5,0,0,0,0,0,0,1000
8546,0,137,3000,500,1000,0,0,0,0,0,0,0,0,0,0,-145,1,0,0,0,152.5,0,0,0,0,0,0,1000
8547,0,138,3000,500,1000,0,0,0,0,0,0,0,0,0,0,-145,1,0,0,0,152.5,0,0,0,0,0,0,1000
8548,0,139,3000,500,1000,0,0,0,0,0,0,0,0,0,0,-145,1,0,0,0,152.5,0,0,0,0,0,0,1000
8549,0,140,3000,500,1000,0,0,0,0,0,0,0,0,0,0,-145,1,0,0,0,152.5,0,0,0,0,0,0,1000
8550,0,141,3000,500,1000,0,0,0,0,0,0,0,0,0,0,-145,1,0,0,0,152.5,0,0,0,0,0,0,1000
8551,0,142,3000,500,1000,0,0,0,0,0,0,0,0,0,0,-145,1,0,0,0,152.5,0,0,0,0,0,0,1000
8552,0,143,3000,500,1000,0,0,0,0,0,0,0,0,0,0,-145,1,0,0,0,152.5,0,0,0,0,0,0,1000
8553,0,144,3000,500,1000,0,0,0,0,0,0,0,0,0,0,-145,1,0,0,0,152.5,0,0,0,0,0,0,1000
8554,0,145,3000,500,1000,0,0,0,0,0,0,0,0,0,0,-145,1,0,0,0,152.5,0,0,0,0,0,0,1000
8555,0,146,3000,500,1000,0,0,0,0,0,0,0,0,0,0,-145,1,0,0,0,152.5,0,0,0,0,0,0,1000
8556,0,147,3000,500,1000,0,0,0,0,0,0,0,0,0,0,-145,1,0,0,0,152.5,0,0,0,0,0,0,1000
8557,0,148,3000,500,1000,0,0,0,0,0,0,0,0,0,0,-145,1,0,0,0,152.5,0,0,0,0,0,0,1000
8558,0,149,3000,500,1000,0,0,0,0,0,0,0,0,0,0,-145,1,0,0,0,152.5,0,0,0,0,0,0,1000
8559,0,150,3000,500,1000,0,0,0,0,0,0,0,0,0,0,-145,1,0,0,0,152.5,0,0,0,0,0,0,1000
8560,0,151,3000,500,1000,0,0,0,0,0,0,0,0,0,0,-145,1,0,0,0,152.5,0,0,0,0,0,0,1000
8561,0,152,3000,500,1000,0,0,0,0,0,0,0,0,0,0,-145,1,0,0,0,152.5,0,0,0,0,0,0,1000
8562,0,153,3000,500,1000,0,0,0,0,0,0,0,0,0,0,-145,1,0,0,0,152.5,0,0,0,0,0,0,1000
8563,0,154,3000,500,1000,0,0,0,0,0,0,0,0,0,0,-145,1,0,0,0,152.5,0,0,0,0,0,0,1000
8564,0,155,3000,500,1000,0,0,0,0,0,0,0,0,0,0,-145,1,0,0,0,152.5,0,0,0,0,0,0,1000
8565,0,156,3000,500,1000,0,0,0,0,0,0,0,0,0,0,-145,1,0,0,0,152.5,0,0,0,0,0,0,1000
8566,0,157,3000,500,1000,0,0,0,0,0,0,0,0,0,0,-145,1,0,0,0,152.5,0,0,0,0,0,0,1000
8567,0,158,3000,500,1000,0,0,0,0,0,0,0,0,0,0,-145,1,0,0,0,152.5,0,0,0,0,0,0,1000
8568,0,159,3000,500,1000,0,0,0,0,0,0,0,0,0,0,-145,1,0,0,0,152.5,0,0,0,0,0,0,1000
8569,0,160,3000,500,1000,0,0,0,0,0,0,0,0,0,0,-145,1,0,0,0,152.5,0,0,0,0,0,0,1000
8570,0,161,3000,500,1000,0,0,0,0,0,0,0,0,0,0,-145,1,0,0,0,152.5,0,0,0,0,0,0,1000
8571,0,162,3000,500,1000,0,0,0,0,0,0,0,0,0,0,-145,1,0,0,0,152.5,0,0,0,0,0,0,1000
8572,0,163,3000,500,1000,0,0,0,0,0,0,0,0,0,0,-145,1,0,0,0,152.5,0,0,0,0,0,0,1000
8573,0,164,3000,500,1000,0,0,0,0,0,0,0,0,0,0,-145,1,0,0,0,152.5,0,0,0,0,0,0,1000
8574,0,165,3000,500,1000,0,0,0,0,0,0,0,0,0,0,-145,1,0,0,0,152.5,0,0,0,0,0,0,1000
8575,0,166,3000,500,1000,0,0,0,0,0,0,0,0,0,0,-145,1,0,0,0,152.5,0,0,0,0,0,0,1000
8576,0,167,3000,500,1000,0,0,0,0,0,0,0,0,0,0,-145,1,0,0,0,152.5,0,0,0,0,0,0,1000
8577,0,168,3000,500,1000,0,0,0,0,0,0,0,0,0,0,-145,1,0,0,0,152.5,0,0,0,0,0,0,1000
8578,0,169,3000,500,1000,0,0,0,0,0,0,0,0,0,0,-145,1,0,0,0,152.5,0,0,0,0,0,0,1000
8579,0,170,3000,500,1000,0,0,0,0,0,0,0,0,0,0,-145,1,0,0,0,152.5,0,0,0,0,0,0,1000
8580,0,171,3000,500,1000,0,0,0,0,0,0,0,0,0,0,-145,1,0,0,0,152.5,0,0,0,0,0,0,1000
8581,0,172,3000,500,1000,0,0,0,0,0,0,0,0,0,0,-145,1,0,0,0,152.5,0,0,0,0,0,0,1000
8582,0,173,3000,500,1000,0,0,0,0,0,0,0,0,0,0,-145,1,0,0,0,152.5,0,0,0,0,0,0,1000
8583,0,174,3000,500,1000,0,0,0,0,0,0,0,0,0,0,-145,1,0,0,0,152.5,0,0,0,0,0,0,1000
8584,0,175,3000,500,1000,0,0,0,0,0,0,0,0,0,0,-145,1,0,0,0,152.5,0,0,0,0,0,0,1000
8585,0,176,3000,500,1000,0,0,0,0,0,0,0,0,0,0,-145,1,0,0,0,152.5,0,0,0,0,0,0,1000
8586,0,177,3000,500,1000,0,0,0,0,0,0,0,0,0,0,-145,1,0,0,0,152.5,0,0,0,0,0,0,1000
8587,0,178,3000,500,1000,0,0,0,0,0,0,0,0,0,0,-145,1,0,0,0,152.5,0,0,0,0,0,0,1000
8588,0,179,3000,500,1000,0,0,0,0,0,0,0,0,0,0,-145,1,0,0,0,152.5,0,0,0,0,0,0,1000
8589,0,180,3000,500,1000,0,0,0,0,0,0,0,0,0,0,-145,1,0,0,0,152.5,0,0,0,0,0,0,1000
8590,0,181,3000,500,1000,0,0,0,0,0,0,0,0,0,0,-145,1,0,0,0,152.5,0,0,0,0,0,0,1000
8591,0,182,3000,500,1000,0,0,0,0,0,0,0,0,0,0,-145,1,0,0,0,152.5,0,0,0,0,0,0,1000
8592,0,183,3000,500,1000,0,0,0,0,0,0,0,0,0,0,-145,1,0,0,0,152.5,0,0,0,0,0,0,1000
8593,0,184,3000,500,1000,0,0,0,0,0,0,0,0,0,0,-145,1,0,0,0,152.5,0,0,0,0,0,0,1000
8594,0,185,3000,500,1000,0,0,0,0,0,0,0,0,0,0,-145,1,0,0,0,152.5,0,0,0,0,0,0,1000
8595,0,186,3000,500,1000,0,0,0,0,0,0,0,0,0,0,-145,1,0,0,0,152.5,0,0,0,0,0,0,1000
8596,0,187,3000,500,1000,0,0,0,0,0,0,0,0,0,0,-145,1,0,0,0,152.5,0,0,0,0,0,0,1000
8597,0,188,3000,500,1000,0,0,0,0,0,0,0,0,0,0,-145,1,0,0,0,152.5,0,0,0,0,0,0,1000
8598,0,189,3000,500,1000,0,0,0,0,0,0,0,0,0,0,-145,1,0,0,0,152.5,0,0,0,0,0,0,1000
8599,0,190,3000,500,1000,0,0,0,0,0,0,0,0,0,0,-145,1,0,0,0,152.5,0,0,0,0,0,0,1000
8600,0,191,3000,500,1000,0,0,0,0,0,0,0,0,0,0,-145,1,0,0,0,152.5,0,0,0,0,0,0,1000
8601,0,192,3000,500,1000,0,0,0,0,0,0,0,0,0,0,-145,1,0,0,0,152.5,0,0,0,0,0,0,1000
8602,0,193,3000,500,1000,0,0,0,0,0,0,0,0,0,0,-145,1,0,0,0,152.5,0,0,0,0,0,0,1000
8603,0,194,3000,500,1000,0,0,0,0,0,0,0,0,0,0,-145,1,0,0,0,152.5,0,0,0,0,0,0,1000
8604,0,195,3000,500,1000,0,0,0,0,0,0,0,0,0,0,-145,1,0,0,0,152.5,0,0,0,0,0,0,1000
8605,0,196,3000,500,1000,0,0,0,0,0,0,0,0,0,0,-145,1,0,0,0,152.5,0,0,0,0,0,0,1000
8606,0,197,3000,500,1000,0,0,0,0,0,0,0,0,0,0,-145,1,0,0,0,152.5,0,0,0,0,0,0,1000
8607,0,198,3000,500,1000,0,0,0,0,0,0,0,0,0,0,-145,1,0,0,0,152.5,0,0,0,0,0,0,1000
8608,0,199,3000,500,1000,0,0,0,0,0,0,0,0,0,0,-145,1,0,0,0,152.5,0,0,0,0,0,0,1000
8609,0,200,3000,500,1000,0,0,0,0,0,0,0,0,0,0,-145,1,0,0,0,152.5,0,0,0,0,0,0,1000
8610,0,201,3000,500,1000,0,0,0,0,0,0,0,0,0,0,-145,1,0,0,0,152.5,0,0,0,0,0,0,1000
8611,0,202,3000,500,1000,0,0,0,0,0,0,0,0,0,0,-145,1,0,0,0,152.5,0,0,0,0,0,0,1000
8612,0,203,3000,500,1000,0,0,0,0,0,0,0,0,0,0,-145,1,0,0,0,152.5,0,0,0,0,0,0,1000
8613,0,204,3000,500,1000,0,0,0,0,0,0,0,0,0,0,-145,1,0,0,0,152.5,0,0,0,0,0,0,1000
8614,0,205,3000,500,1000,0,0,0,0,0,0,0,0,0,0,-145,1,0,0,0,152.5,0,0,0,0,0,0,1000
8615,0,206,3000,500,1000,0,0,0,0,0,0,0,0,0,0,-145,1,0,0,0,152.5,0,0,0,0,0,0,1000
8616,0,207,3000,500,1000,0,0,0,0,0,0,0,0,0,0,-145,1,0,0,0,152.5,0,0,0,0,0,0,1000
8617,0,208,3000,500,1000,0,0,0,0,0,0,0,0,0,0,-145,1,0,0,0,152.5,0,0,0,0,0,0,1000
8618,0,209,3000,500,1000,0,0,0,0,0,0,0,0,0,0,-145,1,0,0,0,152.5,0,0,0,0,0,0,1000
8619,0,210,3000,500,1000,0,0,0,0,0,0,0,0,0,0,-145,1,0,0,0,152.5,0,0,0,0,0,0,1000
8620,0,211,3000,500,1000,0,0,0,0,0,0,0,0,0,0,-145,1,0,0,0,152.5,0,0,0,0,0,0,1000
8621,0,212,3000,500,1000,0,0,0,0,0,0,0,0,0,0,-145,1,0,0,0,152.5,0,0,0,0,0,0,1000
8622,0,213,3000,500,1000,0,0,0,0,0,0,0,0,0,0,-145,1,0,0,0,152.5,0,0,0,0,0,0,1000
8623,0,214,3000,500,1000,0,0,0,0,0,0,0,0,0,0,-145,1,0,0,0,152.5,0,0,0,0,0,0,1000
8624,0,215,3000,500,1000,0,0,0,0,0,0,0,0,0,0,-145,1,0,0,0,152.5,0,0,0,0,0,0,1000
8625,0,216,3000,500,1000,0,0,0,0,0,0,0,0,0,0,-145,1,0,0,0,152.5,0,0,0,0,0,0,1000
8626,0,217,3000,500,1000,0,0,0,0,0,0,0,0,0,0,-145,1,0,0,0,152.5,0,0,0,0,0,0,1000
8627,0,218,3000,500,1000,0,0,0,0,0,0,0,0,0,0,-145,1,0,0,0,152.5,0,0,0,0,0,0,1000
8628,0,219,3000,500,1000,0,0,0,0,0,0,0,0,0,0,-145,1,0,0,0,152.5,0,0,0,0,0,0,1000
8629,0,220,3000,500,1000,0,0,0,0,0,0,0,0,0,0,-145,1,0,0,0,152.5,0,0,0,0,0,0,1000
8630,0,221,3000,500,1000,0,0,0,0,0,0,0,0,0,0,-145,1,0,0,0,152.5,0,0,0,0,0,0,1000
8631,0,222,3000,500,1000,0,0,0,0,0,0,0,0,0,0,-145,1,0,0,0,152.5,0,0,0,0,0,0,1000
8632,0,223,3000,500,1000,0,0,0,0,0,0,0,0,0,0,-145,1,0,0,0,152.5,0,0,0,0,0,0,1000
8633,0,224,3000,500,1000,0,0,0,0,0,0,0,0,0,0,-145,1,0,0,0,152.5,0,0,0,0,0,0,1000
8634,0,225,3000,500,1000,0,0,0,0,0,0,0,0,0,0,-145,1,0,0,0,152.5,0,0,0,0,0,0,1000
8635,0,226,3000,500,1000,0,0,0,0,0,0,0,0,0,0,-145,1,0,0,0,152.5,0,0,0,0,0,0,1000
8636,0,227,3000,500,1000,0,0,0,0,0,0,0,0,0,0,-145,1,0,0,0,152.5,0,0,0,0,0,0,1000
8637,0,228,3000,500,1000,0,0,0,0,0,0,0,0,0,0,-145,1,0,0,0,152.5,0,0,0,0,0,0,1000
8638,0,229,3000,500,1000,0,0,0,0,0,0,0,0,0,0,-145,1,0,0,0,152.5,0,0,0,0,0,0,1000
8639,0,230,3000,500,1000,0,0,0,0,0,0,0,0,0,0,-145,1,0,0,0,152.5,0,0,0,0,0,0,1000
8640,0,231,3000,500,1000,0,0,0,0,0,0,0,0,0,0,-145,1,0,0,0,152.5,0,0,0,0,0,0,1000
8641,0,232,3000,500,1000,0,0,0,0,0,0,0,0,0,0,-145,1,0,0,0,152.5,0,0,0,0,0,0,1000
8642,0,233,3000,500,1000,0,0,0,0,0,0,0,0,0,0,-145,1,0,0,0,152.5,0,0,0,0,0,0,1000
8643,0,234,3000,500,1000,0,0,0,0,0,0,0,0,0,0,-145,1,0,0,0,152.5,0,0,0,0,0,0,1000
8644,0,235,3000,500,1000,0,0,0,0,0,0,0,0,0,0,-145,1,0,0,0,152.5,0,0,0,0,0,0,1000
8645,0,236,3000,500,1000,0,0,0,0,0,0,0,0,0,0,-145,1,0,0,0,152.5,0,0,0,0,0,0,1000
8646,0,237,3000,500,1000,0,0,0,0,0,0,0,0,0,0,-145,1,0,0,0,152.5,0,0,0,0,0,0,1000
8647,0,238,3000,500,1000,0,0,0,0,0,0,0,0,0,0,-145,1,0,0,0,152.5,0,0,0,0,0,0,1000
8648,0,239,3000,500,1000,0,0,0,0,0,0,0,0,0,0,-145,1,0,0,0,152.5,0,0,0,0,0,0,1000
8649,0,240,3000,500,1000,0,0,0,0,0,0,0,0,0,0,-145,1,0,0,0,152.5,0,0,0,0,0,0,1000
8650,0,241,3000,500,1000,0,0,0,0,0,0,0,0,0,0,-145,1,0,0,0,152.5,0,0,0,0,0,0,1000
8651,0,242,3000,500,1000,0,0,0,0,0,0,0,0,0,0,-145,1,0,0,0,152.5,0,0,0,0,0,0,1000
8652,0,243,3000,500,1000,0,0,0,0,0,0,0,0,0,0,-145,1,0,0,0,152.5,0,0,0,0,0,0,1000
8653,0,244,3000,500,1000,0,0,0,0,0,0,0,0,0,0,-145,1,0,0,0,152.5,0,0,0,0,0,0,1000
8654,0,245,3000,500,1000,0,0,0,0,0,0,0,0,0,0,-145,1,0,0,0,152.5,0,0,0,0,0,0,1000
8655,0,246,3000,500,1000,0,0,0,0,0,0,0,0,0,0,-145,1,0,0,0,152.5,0,0,0,0,0,0,1000
8656,0,247,3000,500,1000,0,0,0,0,0,0,0,0,0,0,-145,1,0,0,0,152.5,0,0,0,0,0,0,1000
8657,0,248,3000,500,1000,0,0,0,0,0,0,0,0,0,0,-145,1,0,0,0,152.5,0,0,0,0,0,0,1000
8658,0,249,3000,500,1000,0,0,0,0,0,0,0,0,0,0,-145,1,0,0,0,152.5,0,0,0,0,0,0,1000
8659,0,250,3000,500,1000,0,0,0,0,0,0,0,0,0,0,-145,1,0,0,0,152.5,0,0,0,0,0,0,1000
8660,0,251,3000,500,1000,0,0,0,0,0,0,0,0,0,0,-145,1,0,0,0,152.5,0,0,0,0,0,0,1000
8661,0,252,3000,500,1000,0,0,0,0,0,0,0,0,0,0,-145,1,0,0,0,152.5,0,0,0,0,0,0,1000
8662,0,253,3000,500,1000,0,0,0,0,0,0,0,0,0,0,-145,1,0,0,0,152.5,0,0,0,0,0,0,1000
8663,0,254,3000,500,1000,0,0,0,0,0,0,0,0,0,0,-145,1,0,0,0,152.5,0,0,0,0,0,0,1000
8664,0,255,3000,500,1000,0,0,0,0,0,0,0,0,0,0,-145,1,0,0,0,152.5,0,0,0,0,0,0,1000
8665,0,256,3000,500,1000,0,0,0,0,0,0,0,0,0,0,-145,1,0,0,0,152.5,0,0,0,0,0,0,1000
8666,0,257,3000,500,1000,0,0,0,0,0,0,0,0,0,0,-145,1,0,0,0,152.5,0,0,0,0,0,0,1000
8667,0,258,3000,500,1000,0,0,0,0,0,0,0,0,0,0,-145,1,0,0,0,152.5,0,0,0,0,0,0,1000
8668,0,259,3000,500,1000,0,0,0,0,0,0,0,0,0,0,-145,1,0,0,0,152.5,0,0,0,0,0,0,1000
8669,0,260,3000,500,1000,0,0,0,0,0,0,0,0,0,0,-145,1,0,0,0,152.5,0,0,0,0,0,0,1000
8670,0,261,3000,500,1000,0,0,0,0,0,0,0,0,0,0,-145,1,0,0,0,152.5,0,0,0,0,0,0,1000
8671,0,262,3000,500,1000,0,0,0,0,0,0,0,0,0,0,-145,1,0,0,0,152.5,0,0,0,0,0,0,1000
8672,0,263,3000,500,1000,0,0,0,0,0,0,0,0,0,0,-145,1,0,0,0,152.5,0,0,0,0,0,0,1000
8673,0,264,3000,500,1000,0,0,0,0,0,0,0,0,0,0,-145,1,0,0,0,152.5,0,0,0,0,0,0,1000
8674,0,265,3000,500,1000,0,0,0,0,0,0,0,0,0,0,-145,1,0,0,0,152.5,0,0,0,0,0,0,1000
8675,0,266,3000,500,1000,0,0,0,0,0,0,0,0,0,0,-145,1,0,0,0,152.5,0,0,0,0,0,0,1000
8676,0,267,3000,500,1000,0,0,0,0,0,0,0,0,0,0,-145,1,0,0,0,152.5,0,0,0,0,0,0,1000
8677,0,268,3000,500,1000,0,0,0,0,0,0,0,0,0,0,-145,1,0,0,0,152.5,0,0,0,0,0,0,1000
8678,0,269,3000,500,1000,0,0,0,0,0,0,0,0,0,0,-145,1,0,0,0,152.5,0,0,0,0,0,0,1000
8679,0,270,3000,500,1000,0,0,0,0,0,0,0,0,0,0,-145,1,0,0,0,152.5,0,0,0,0,0,0,1000
8680,0,271,3000,500,1000,0,0,0,0,0,0,0,0,0,0,-145,1,0,0,0,152.5,0,0,0,0,0,0,1000
8681,0,272,3000,500,1000,0,0,0,0,0,0,0,0,0,0,-145,1,0,0,0,152.5,0,0,0,0,0,0,1000
8682,0,273,3000,500,1000,0,0,0,0,0,0,0,0,0,0,-145,1,0,0,0,152.5,0,0,0,0,0,0,1000
8683,0,274,3000,500,1000,0,0,0,0,0,0,0,0,0,0,-145,1,0,0,0,152.5,0,0,0,0,0,0,1000
8684,0,275,3000,500,1000,0,0,0,0,0,0,0,0,0,0,-145,1,0,0,0,152.5,0,0,0,0,0,0,1000
8685,0,276,3000,500,1000,0,0,0,0,0,0,0,0,0,0,-145,1,0,0,0,152.5,0,0,0,0,0,0,1000
8686,0,277,3000,500,1000,0,0,0,0,0,0,0,0,0,0,-145,1,0,0,0,152.5,0,0,0,0,0,0,1000
8687,0,278,3000,500,1000,0,0,0,0,0,0,0,0,0,0,-145,1,0,0,0,152.5,0,0,0,0,0,0,1000
8688,0,279,3000,500,1000,0,0,0,0,0,0,0,0,0,0,-145,1,0,0,0,152.5,0,0,0,0,0,0,1000
8689,0,280,3000,500,1000,0,0,0,0,0,0,0,0,0,0,-145,1,0,0,0,152.5,0,0,0,0,0,0,1000
8690,0,281,3000,500,1000,0,0,0,0,0,0,0,0,0,0,-145,1,0,0,0,152.5,0,0,0,0,0,0,1000
8691,0,282,3000,500,1000,0,0,0,0,0,0,0,0,0,0,-145,1,0,0,0,152.5,0,0,0,0,0,0,1000
8692,0,283,3000,500,1000,0,0,0,0,0,0,0,0,0,0,-145,1,0,0,0,152.5,0,0,0,0,0,0,1000
8693,0,284,3000,500,1000,0,0,0,0,0,0,0,0,0,0,-145,1,0,0,0,152.5,0,0,0,0,0,0,1000
8694,0,285,3000,500,1000,0,0,0,0,0,0,0,0,0,0,-145,1,0,0,0,152.5,0,0,0,0,0,0,1000
8695,0,286,3000,500,1000,0,0,0,0,0,0,0,0,0,0,-145,1,0,0,0,152.5,0,0,0,0,0,0,1000
8696,0,287,3000,500,1000,0,0,0,0,0,0,0,0,0,0,-145,1,0,0,0,152.5,0,0,0,0,0,0,1000
8697,0,288,3000,500,1000,0,0,0,0,0,0,0,0,0,0,-145,1,0,0,0,152.5,0,0,0,0,0,0,1000
8698,0,289,3000,500,1000,0,0,0,0,0,0,0,0,0,0,-145,1,0,0,0,152.5,0,0,0,0,0,0,1000
8699,0,290,3000,500,1000,0,0,0,0,0,0,0,0,0,0,-145,1,0,0,0,152.5,0,0,0,0,0,0,1000
8700,0,291,3000,500,1000,0,0,0,0,0,0,0,0,0,0,-145,1,0,0,0,152.5,0,0,0,0,0,0,1000
8701,0,292,3000,500,1000,0,0,0,0,0,0,0,0,0,0,-145,1,0,0,0,152.5,0,0,0,0,0,0,1000
8702,0,293,3000,500,1000,0,0,0,0,0,0,0,0,0,0,-145,1,0,0,0,152.5,0,0,0,0,0,0,1000
8703,0,294,3000,500,1000,0,0,0,0,0,0,0,0,0,0,-145,1,0,0,0,152.5,0,0,0,0,0,0,1000
8704,0,295,3000,500,1000,0,0,0,0,0,0,0,0,0,0,-145,1,0,0,0,152.5,0,0,0,0,0,0,1000
8705,0,296,3000,500,1000,0,0,0,0,0,0,0,0,0,0,-145,1,0,0,0,152.5,0,0,0,0,0,0,1000
8706,0,297,3000,500,1000,0,0,0,0,0,0,0,0,0,0,-145,1,0,0,0,152.5,0,0,0,0,0,0,1000
8707,0,298,3000,500,1000,0,0,0,0,0,0,0,0,0,0,-145,1,0,0,0,152.5,0,0,0,0,0,0,1000
8708,0,299,3000,500,1000,0,0,0,0,0,0,0,0,0,0,-145,1,0,0,0,152.5,0,0,0,0,0,0,1000
8709,0,300,3000,500,1000,0,0,0,0,0,0,0,0,0,0,-145,1,0,0,0,152.5,0,0,0,0,0,0,1000
8710,0,1,3000,500,1000,0,40,0,0,0,0,0,0,0,0,-145,1,0,0,0,152.5,0,0,3,0,0,0,1000
8711,0,2,3000,500,1000,0,39,0,0,0,0,0,0,0,0,-145,1,0,0,0,152.5,0,0,3,0,0,0,1000
8712,0,3,3000,500,1000,0,38,0,0,0,0,0,0,0,0,-145,1,0,0,0,152.5,0,0,3,0,0,0,1000
8713,0,4,3000,500,1000,0,37,0,0,0,0,0,0,0,0,-145,1,0,0,0,152.5,0,0,3,0,0,0,1000
8714,0,5,3000,500,1000,0,36,0,0,0,0,0,0,0,0,-145,1,0,0,0,152.5,0,0,3,0,0,0,1000
8715,0,6,3000,500,1000,0,35,0,0,0,0,0,0,0,0,-145,1,0,0,0,152.5,0,0,3,0,0,0,1000
8716,0,7,3000,500,1000,0,34,0,0,0,0,0,0,0,0,-145,1,0,0,0,152.5,0,0,3,0,0,0,1000
8717,0,8,3000,500,1000,0,33,0,0,0,0,0,0,0,0,-145,1,0,0,0,152.5,0,0,3,0,0,0,1000
8718,0,9,3000,500,1000,0,32,0,0,0,0,0,0,0,0,-145,1,0,0,0,152.5,0,0,3,0,0,0,1000
8719,0,10,3000,500,1000,0,31,0,0,0,0,0,0,0,0,-145,1,0,0,0,152.5,0,0,3,0,0,0,1000
8720,0,11,3000,500,1000,0,30,0,0,0,0,0,0,0,0,-145,1,0,0,0,152.5,0,0,3,0,0,0,1000
8721,0,12,3000,500,1000,0,29,0,0,0,0,0,0,0,0,-145,1,0,0,0,152.5,0,0,3,0,0,0,1000
8722,0,13,3000,500,1000,0,28,0,0,0,0,0,0,0,0,-145,1,0,0,0,152.5,0,0,3,0,0,0,1000
8723,0,14,3000,500,1000,0,27,0,0,0,0,0,0,0,0,-145,1,0,0,0,152.5,0,0,3,0,0,0,1000
8724,0,15,3000,500,1000,0,26,0,0,0,0,0,0,0,0,-145,1,0,0,0,152.5,0,0,3,0,0,0,1000
8725,0,16,3000,500,1000,0,25,0,0,0,0,0,0,0,0,-145,1,0,0,0,152.5,0,0,3,0,0,0,1000
8726,0,17,3000,500,1000,0,24,0,0,0,0,0,0,0,0,-145,1,0,0,0,152.5,0,0,3,0,0,0,1000
8727,0,18,3000,500,1000,0,23,0,0,0,0,0,0,0,0,-145,1,0,0,0,152.5,0,0,3,0,0,0,1000
8728,0,19,3000,500,1000,0,22,0,0,0,0,0,0,0,0,-145,1,0,0,0,152.5,0,0,3,0,0,0,1000
8729,0,20,3000,500,1000,0,21,0,0,0,0,0,0,0,0,-145,1,0,0,0,152.5,0,0,3,0,0,0,1000
8730,0,21,3000,500,1000,0,20,0,0,0,0,0,0,0,0,-145,1,0,0,0,152.5,0,0,3,0,0,0,1000
8731,0,22,3000,500,1000,0,19,0,0,0,0,0,0,0,0,-145,1,0,0,0,152.5,0,0,3,0,0,0,1000
8732,0,23,3000,500,1000,0,18,0,0,0,0,0,0,0,0,-145,1,0,0,0,152.5,0,0,3,0,0,0,1000
8733,0,24,3000,500,1000,0,17,0,0,0,0,0,0,0,0,-145,1,0,0,0,152.5,0,0,3,0,0,0,1000
8734,0,25,3000,500,1000,0,16,0,0,0,0,0,0,0,0,-145,1,0,0,0,152.5,0,0,3,0,0,0,1000
8735,0,26,3000,500,1000,0,15,0,0,0,0,0,0,0,0,-145,1,0,0,0,152.5,0,0,3,0,0,0,1000
8736,0,27,3000,500,1000,0,14,0,0,0,0,0,0,0,0,-145,1,0,0,0,152.5,0,0,3,0,0,0,1000
8737,0,28,3000,500,1000,0,13,0,0,0,0,0,0,0,0,-145,1,0,0,0,152.5,0,0,3,0,0,0,1000
8738,0,29,3000,500,1000,0,12,0,0,0,0,0,0,0,0,-145,1,0,0,0,152.5,0,0,3,0,0,0,1000
8739,0,30,3000,500,1000,0,11,0,0,0,0,0,0,0,0,-145,1,0,0,0,152.5,0,0,3,0,0,0,1000
8740,0,31,3000,500,1000,0,10,0,0,0,0,0,0,0,0,-145,1,0,0,0,152.5,0,0,3,0,0,0,1000
8741,0,32,3000,500,1000,0,9,0,0,0,0,0,0,0,0,-145,1,0,0,0,152.5,0,0,3,0,0,0,1000
8742,0,33,3000,500,1000,0,8,0,0,0,0,0,0,0,0,-145,1,0,0,0,152.5,0,0,3,0,0,0,1000
8743,0,34,3000,500,1000,0,7,0,0,0,0,0,0,0,0,-145,1,0,0,0,152.5,0,0,3,0,0,0,1000
8744,0,35,3000,500,1000,0,6,0,0,0,0,0,0,0,0,-145,1,0,0,0,152.5,0,0,3,0,0,0,1000
8745,0,36,3000,500,1000,0,5,0,0,0,0,0,0,0,0,-145,1,0,0,0,152.5,0,0,3,0,0,0,1000
8746,0,37,3000,500,1000,0,4,0,0,0,0,0,0,0,0,-145,1,0,0,0,152.5,0,0,3,0,0,0,1000
8747,0,38,3000,500,1000,0,3,0,0,0,0,0,0,0,0,-145,1,0,0,0,152.5,0,0,3,0,0,0,1000
8748,0,39,3000,500,1000,0,2,0,0,0,0,0,0,0,0,-145,1,0,0,0,152.5,0,0,3,0,0,0,1000
8749,0,40,3000,500,1000,0,1,0,0,0,0,0,0,0,0,-145,1,0,0,0,152.5,0,0,3,0,0,0,1000
8750,0,41,3000,500,1000,0,0,0,0,0,0,0,0,0,0,-145,1,0,0,0,152.5,0,0,3,0,0,0,1000
8751,0,42,3000,500,1000,0,0,0,0,0,0,0,0,0,0,-145,1,0,0,0,152.5,0,0,3,0,0,0,1000
8752,0,43,3000,500,1000,0,0,0,0,0,0,0,0,0,0,-145,1,0,0,0,152.5,0,0,3,0,0,0,1000
8753,0,44,3000,500,1000,0,0,0,0,0,0,0,0,0,0,-145,1,0,0,0,152.5,0,0,3,0,0,0,1000
8754,0,45,3000,500,1000,0,0,0,0,0,0,0,0,0,0,-145,1,0,0,0,152.5,0,0,3,0,0,0,1000
8755,0,46,3000,500,1000,0,0,0,0,0,0,0,0,0,0,-145,1,0,0,0,152.5,0,0,3,0,0,0,1000
8756,0,47,3000,500,1000,0,0,0,0,0,0,0,0,0,0,-145,1,0,0,0,152.5,0,0,3,0,0,0,1000
8757,0,48,3000,500,1000,0,0,0,0,0,0,0,0,0,0,-145,1,0,0,0,152.5,0,0,3,0,0,0,1000
8758,0,49,3000,500,1000,0,0,0,0,0,0,0,0,0,0,-145,1,0,0,0,152.5,0,0,3,0,0,0,1000
8759,0,50,3000,500,1000,0,0,0,0,0,0,0,0,0,0,-145,1,0,0,0,152.5,0,0,3,0,0,0,1000
8760,0,51,3000,500,1000,0,0,0,0,0,0,0,0,0,0,-145,1,0,0,0,152.5,0,0,3,0,0,0,1000
8761,0,52,3000,500,1000,0,0,0,0,0,0,0,0,0,0,-145,1,0,0,0,152.5,0,0,3,0,0,0,1000
8762,0,53,3000,500,1000,0,0,0,0,0,0,0,0,0,0,-145,1,0,0,0,152.5,0,0,3,0,0,0,1000
8763,0,54,3000,500,1000,0,0,0,0,0,0,0,0,0,0,-145,1,0,0,0,152.5,0,0,3,0,0,0,1000
8764,0,55,3000,500,1000,0,0,0,0,0,0,0,0,0,0,-145,1,0,0,0,152.5,0,0,3,0,0,0,1000
8765,0,56,3000,500,1000,0,0,0,0,0,0,0,0,0,0,-145,1,0,0,0,152.5,0,0,3,0,0,0,1000
8766,0,57,3000,500,1000,0,0,0,0,0,0,0,0,0,0,-145,1,0,0,0,152.5,0,0,3,0,0,0,1000
8767,0,58,3000,500,1000,0,0,0,0,0,0,0,0,0,0,-145,1,0,0,0,152.5,0,0,3,0,0,0,1000
8768,0,59,3000,500,1000,0,0,0,0,0,0,0,0,0,0,-145,1,0,0,0,152.5,0,0,3,0,0,0,1000
8769,0,60,3000,500,1000,0,0,0,0,0,0,0,0,0,0,-145,1,0,0,0,152.5,0,0,3,0,0,0,1000
8770,0,61,3000,500,1000,0,0,0,0,0,0,0,0,0,0,-145,1,0,0,0,152.5,0,0,3,0,0,0,1000
8771,0,62,3000,500,1000,0,0,0,0,0,0,0,0,0,0,-145,1,0,0,0,152.5,0,0,3,0,0,0,1000
8772,0,63,3000,500,1000,0,0,0,0,0,0,0,0,0,0,-145,1,0,0,0,152.5,0,0,3,0,0,0,1000
8773,0,64,3000,500,1000,0,0,0,0,0,0,0,0,0,0,-145,1,0,0,0,152.5,0,0,3,0,0,0,1000
8774,0,65,3000,500,1000,0,0,0,0,0,0,0,0,0,0,-145,1,0,0,0,152.5,0,0,3,0,0,0,1000
8775,0,66,3000,500,1000,0,0,0,0,0,0,0,0,0,0,-145,1,0,0,0,152.5,0,0,3,0,0,0,1000
8776,0,67,3000,500,1000,0,0,0,0,0,0,0,0,0,0,-145,1,0,0,0,152.5,0,0,3,0,0,0,1000
8777,0,68,3000,500,1000,0,0,0,0,0,0,0,0,0,0,-145,1,0,0,0,152.5,0,0,3,0,0,0,1000
8778,0,69,3000,500,1000,0,0,0,0,0,0,0,0,0,0,-145,1,0,0,0,152.5,0,0,3,0,0,0,1000
8779,0,70,3000,500,1000,0,0,0,0,0,0,0,0,0,0,-145,1,0,0,0,152.5,0,0,3,0,0,0,1000
8780,0,71,3000,500,1000,0,0,0,0,0,0,0,0,0,0,-145,1,0,0,0,152.5,0,0,3,0,0,0,1000
8781,0,72,3000,500,1000,0,0,0,0,0,0,0,0,0,0,-145,1,0,0,0,152.5,0,0,3,0,0,0,1000
8782,0,73,3000,500,1000,0,0,0,0,0,0,0,0,0,0,-145,1,0,0,0,152.5,0,0,3,0,0,0,1000
8783,0,74,3000,500,1000,0,0,0,0,0,0,0,0,0,0,-145,1,0,0,0,152.5,0,0,3,0,0,0,1000
8784,0,75,3000,500,1000,0,0,0,0,0,0,0,0,0,0,-145,1,0,0,0,152.5,0,0,3,0,0,0,1000
8785,0,76,3000,500,1000,0,0,0,0,0,0,0,0,0,0,-145,1,0,0,0,152.5,0,0,3,0,0,0,1000
8786,0,77,3000,500,1000,0,0,0,0,0,0,0,0,0,0,-145,1,0,0,0,152.5,0,0,3,0,0,0,1000
8787,0,78,3000,500,1000,0,0,0,0,0,0,0,0,0,0,-145,1,0,0,0,152.5,0,0,3,0,0,0,1000
8788,0,79,3000,500,1000,0,0,0,0,0,0,0,0,0,0,-145,1,0,0,0,152.5,0,0,3,0,0,0,1000
8789,0,80,3000,500,1000,0,0,0,0,0,0,0,0,0,0,-145,1,0,0,0,152.5,0,0,3,0,0,0,1000
8790,0,81,3000,500,1000,0,0,0,0,0,0,0,0,0,0,-145,1,0,0,0,152.5,0,0,3,0,0,0,1000
8791,0,82,3000,500,1000,0,0,0,0,0,0,0,0,0,0,-145,1,0,0,0,152.5,0,0,3,0,0,0,1000
8792,0,83,3000,500,1000,0,0,0,0,0,0,0,0,0,0,-145,1,0,0,0,152.5,0,0,3,0,0,0,1000
8793,0,84,3000,500,1000,0,0,0,0,0,0,0,0,0,0,-145,1,0,0,0,152.5,0,0,3,0,0,0,1000
8794,0,85,3000,500,1000,0,0,0,0,0,0,0,0,0,0,-145,1,0,0,0,152.5,0,0,3,0,0,0,1000
8795,0,86,3000,500,1000,0,0,0,0,0,0,0,0,0,0,-145,1,0,0,0,152.5,0,0,3,0,0,0,1000
8796,0,87,3000,500,1000,0,0,0,0,0,0,0,0,0,0,-145,1,0,0,0,152.5,0,0,3,0,0,0,1000
8797,0,88,3000,500,1000,0,0,0,0,0,0,0,0,0,0,-145,1,0,0,0,152.5,0,0,3,0,0,0,1000
8798,0,89,3000,500,1000,0,0,0,0,0,0,0,0,0,0,-145,1,0,0,0,152.5,0,0,3,0,0,0,1000
8799,0,90,3000,500,1000,0,0,0,0,0,0,0,0,0,0,-145,1,0,0,0,152.5,0,0,3,0,0,0,1000
8800,0,91,3000,500,1000,0,0,0,0,0,0,0,0,0,0,-145,1,0,0,0,152.5,0,0,3,0,0,0,1000
8801,0,92,3000,500,1000,0,0,0,0,0,0,0,0,0,0,-145,1,0,0,0,152.5,0,0,3,0,0,0,1000
8802,0,93,3000,500,1000,0,0,0,0,0,0,0,0,0,0,-145,1,0,0,0,152.5,0,0,3,0,0,0,1000
8803,0,94,3000,500,1000,0,0,0,0,0,0,0,0,0,0,-145,1,0,0,0,152.5,0,0,3,0,0,0,1000
8804,0,95,3000,500,1000,0,0,0,0,0,0,0,0,0,0,-145,1,0,0,0,152.5,0,0,3,0,0,0,1000
8805,0,96,3000,500,1000,0,0,0,0,0,0,0,0,0,0,-145,1,0,0,0,152.5,0,0,3,0,0,0,1000
8806,0,97,3000,500,1000,0,0,0,0,0,0,0,0,0,0,-145,1,0,0,0,152.5,0,0,3,0,0,0,1000
8807,0,98,3000,500,1000,0,0,0,0,0,0,0,0,0,0,-145,1,0,0,0,152.5,0,0,3,0,0,0,1000
8808,0,99,3000,500,1000,0,0,0,0,0,0,0,0,0,0,-145,1,0,0,0,152.5,0,0,3,0,0,0,1000
8809,0,100,3000,500,1000,0,0,0,0,0,0,0,0,0,0,-145,1,0,0,0,152.5,0,0,3,0,0,0,1000
8810,0,101,3000,500,1000,0,0,0,0,0,0,0,0,0,0,-145,1,0,0,0,152.5,0,0,3,0,0,0,1000
8811,0,102,3000,500,1000,0,0,0,0,0,0,0,0,0,0,-145,1,0,0,0,152.5,0,0,3,0,0,0,1000
8812,0,103,3000,500,1000,0,0,0,0,0,0,0,0,0,0,-145,1,0,0,0,152.5,0,0,3,0,0,0,1000
8813,0,104,3000,500,1000,0,0,0,0,0,0,0,0,0,0,-145,1,0,0,0,152.5,0,0,3,0,0,0,1000
8814,0,105,3000,500,1000,0,0,0,0,0,0,0,0,0,0,-145,1,0,0,0,152.5,0,0,3,0,0,0,1000
8815,0,106,3000,500,1000,0,0,0,0,0,0,0,0,0,0,-145,1,0,0,0,152.5,0,0,3,0,0,0,1000
8816,0,107,3000,500,1000,0,0,0,0,0,0,0,0,0,0,-145,1,0,0,0,152.5,0,0,3,0,0,0,1000
8817,0,108,3000,500,1000,0,0,0,0,0,0,0,0,0,0,-145,1,0,0,0,152.5,0,0,3,0,0,0,1000
8818,0,109,3000,500,1000,0,0,0,0,0,0,0,0,0,0,-145,1,0,0,0,152.5,0,0,3,0,0,0,1000
8819,0,110,3000,500,1000,0,0,0,0,0,0,0,0,0,0,-145,1,0,0,0,152.5,0,0,3,0,0,0,1000
8820,0,111,3000,500,1000,0,0,0,0,0,0,0,0,0,0,-145,1,0,0,0,152.5,0,0,3,0,0,0,1000
8821,0,112,3000,500,1000,0,0,0,0,0,0,0,0,0,0,-145,1,0,0,0,152.5,0,0,3,0,0,0,1000
8822,0,113,3000,500,1000,0,0,0,0,0,0,0,0,0,0,-145,1,0,0,0,152.5,0,0,3,0,0,0,1000
8823,0,114,3000,500,1000,0,0,0,0,0,0,0,0,0,0,-145,1,0,0,0,152.5,0,0,3,0,0,0,1000
8824,0,115,3000,500,1000,0,0,0,0,0,0,0,0,0,0,-145,1,0,0,0,152.5,0,0,3,0,0,0,1000
8825,0,116,3000,500,1000,0,0,0,0,0,0,0,0,0,0,-145,1,0,0,0,152.5,0,0,3,0,0,0,1000
8826,0,117,3000,500,1000,0,0,0,0,0,0,0,0,0,0,-145,1,0,0,0,152.5,0,0,3,0,0,0,1000
8827,0,118,3000,500,1000,0,0,0,0,0,0,0,0,0,0,-145,1,0,0,0,152.5,0,0,3,0,0,0,1000
8828,0,119,3000,500,1000,0,0,0,0,0,0,0,0,0,0,-145,1,0,0,0,152.5,0,0,3,0,0,0,1000
8829,0,120,3000,500,1000,0,0,0,0,0,0,0,0,0,0,-145,1,0,0,0,152.5,0,0,3,0,0,0,1000
8830,0,121,3000,500,1000,0,0,0,0,0,0,0,0,0,0,-145,1,0,0,0,152.5,0,0,3,0,0,0,1000
8831,0,122,3000,500,1000,0,0,0,0,0,0,0,0,0,0,-145,1,0,0,0,152.5,0,0,3,0,0,0,1000
8832,0,123,3000,500,1000,0,0,0,0,0,0,0,0,0,0,-145,1,0,0,0,152.5,0,0,3,0,0,0,1000
8833,0,124,3000,500,1000,0,0,0,0,0,0,0,0,0,0,-145,1,0,0,0,152.5,0,0,3,0,0,0,1000
8834,0,125,3000,500,1000,0,0,0,0,0,0,0,0,0,0,-145,1,0,0,0,152.5,0,0,3,0,0,0,1000
8835,0,126,3000,500,1000,0,0,0,0,0,0,0,0,0,0,-145,1,0,0,0,152.5,0,0,3,0,0,0,1000
8836,0,127,3000,500,1000,0,0,0,0,0,0,0,0,0,0,-145,1,0,0,0,152.5,0,0,3,0,0,0,1000
8837,0,128,3000,500,1000,0,0,0,0,0,0,0,0,0,0,-145,1,0,0,0,152.5,0,0,3,0,0,0,1000
8838,0,129,3000,500,1000,0,0,0,0,0,0,0,0,0,0,-145,1,0,0,0,152.5,0,0,3,0,0,0,1000
8839,0,130,3000,500,1000,0,0,0,0,0,0,0,0,0,0,-145,1,0,0,0,152.5,0,0,3,0,0,0,1000
8840,0,131,3000,500,1000,0,0,0,0,0,0,0,0,0,0,-145,1,0,0,0,152.5,0,0,3,0,0,0,1000
8841,0,132,3000,500,1000,0,0,0,0,0,0,0,0,0,0,-145,1,0,0,0,152.5,0,0,3,0,0,0,1000
8842,0,133,3000,500,1000,0,0,0,0,0,0,0,0,0,0,-145,1,0,0,0,152.5,0,0,3,0,0,0,1000
8843,0,134,3000,500,1000,0,0,0,0,0,0,0,0,0,0,-145,1,0,0,0,152.5,0,0,3,0,0,0,1000
8844,0,135,3000,500,1000,0,0,0,0,0,0,0,0,0,0,-145,1,0,0,0,152.5,0,0,3,0,0,0,1000
8845,0,136,3000,500,1000,0,0,0,0,0,0,0,0,0,0,-145,1,0,0,0,152.5,0,0,3,0,0,0,1000
8846,0,137,3000,500,1000,0,0,0,0,0,0,0,0,0,0,-145,1,0,0,0,152.5,0,0,3,0,0,0,1000
8847,0,138,3000,500,1000,0,0,0,0,0,0,0,0,0,0,-145,1,0,0,0,152.5,0,0,3,0,0,0,1000
8848,0,139,3000,500,1000,0,0,0,0,0,0,0,0,0,0,-145,1,0,0,0,152.5,0,0,3,0,0,0,1000
8849,0,140,3000,500,1000,0,0,0,0,0,0,0,0,0,0,-145,1,0,0,0,152.5,0,0,3,0,0,0,1000
8850,0,141,3000,500,1000,0,0,0,0,0,0,0,0,0,0,-145,1,0,0,0,152.5,0,0,3,0,0,0,1000
8851,0,142,3000,500,1000,0,0,0,0,0,0,0,0,0,0,-145,1,0,0,0,152.5,0,0,3,0,0,0,1000
8852,0,143,3000,500,1000,0,0,0,0,0,0,0,0,0,0,-145,1,0,0,0,152.5,0,0,3,0,0,0,1000
8853,0,144,3000,500,1000,0,0,0,0,0,0,0,0,0,0,-145,1,0,0,0,152.5,0,0,3,0,0,0,1000
8854,0,145,3000,500,1000,0,0,0,0,0,0,0,0,0,0,-145,1,0,0,0,152.5,0,0,3,0,0,0,1000
8855,0,146,3000,500,1000,0,0,0,0,0,0,0,0,0,0,-145,1,0,0,0,152.5,0,0,3,0,0,0,1000
8856,0,147,3000,500,1000,0,0,0,0,0,0,0,0,0,0,-145,1,0,0,0,152.5,0,0,3,0,0,0,1000
8857,0,148,3000,500,1000,0,0,0,0,0,0,0,0,0,0,-145,1,0,0,0,152.5,0,0,3,0,0,0,1000
8858,0,149,3000,500,1000,0,0,0,0,0,0,0,0,0,0,-145,1,0,0,0,152.5,0,0,3,0,0,0,1000
8859,0,150,3000,500,1000,0,0,0,0,0,0,0,0,0,0,-145,1,0,0,0,152.5,0,0,3,0,0,0,1000
8860,0,151,3000,500,1000,0,0,0,0,0,0,0,0,0,0,-145,1,0,0,0,152.5,0,0,3,0,0,0,1000
8861,0,152,3000,500,1000,0,0,0,0,0,0,0,0,0,0,-145,1,0,0,0,152.5,0,0,3,0,0,0,1000
8862,0,153,3000,500,1000,0,0,0,0,0,0,0,0,0,0,-145,1,0,0,0,152.5,0,0,3,0,0,0,1000
8863,0,154,3000,500,1000,0,0,0,0,0,0,0,0,0,0,-145,1,0,0,0,152.5,0,0,3,0,0,0,1000
8864,0,155,3000,500,1000,0,0,0,0,0,0,0,0,0,0,-145,1,0,0,0,152.5,0,0,3,0,0,0,1000
8865,0,156,3000,500,1000,0,0,0,0,0,0,0,0,0,0,-145,1,0,0,0,152.5,0,0,3,0,0,0,1000
8866,0,157,3000,500,1000,0,0,0,0,0,0,0,0,0,0,-145,1,0,0,0,152.5,0,0,3,0,0,0,1000
8867,0,158,3000,500,1000,0,0,0,0,0,0,0,0,0,0,-145,1,0,0,0,152.5,0,0,3,0,0,0,1000
8868,0,159,3000,500,1000,0,0,0,0,0,0,0,0,0,0,-145,1,0,0,0,152.5,0,0,3,0,0,0,1000
8869,0,160,3000,500,1000,0,0,0,0,0,0,0,0,0,0,-145,1,0,0,0,152.5,0,0,3,0,0,0,1000
8870,0,161,3000,500,1000,0,0,0,0,0,0,0,0,0,0,-145,1,0,0,0,152.5,0,0,3,0,0,0,1000
8871,0,162,3000,500,1000,0,0,0,0,0,0,0,0,0,0,-145,1,0,0,0,152.5,0,0,3,0,0,0,1000
8872,0,163,3000,500,1000,0,0,0,0,0,0,0,0,0,0,-145,1,0,0,0,152.5,0,0,3,0,0,0,1000
8873,0,164,3000,500,1000,0,0,0,0,0,0,0,0,0,0,-145,1,0,0,0,152.5,0,0,3,0,0,0,1000
8874,0,165,3000,500,1000,0,0,0,0,0,0,0,0,0,0,-145,1,0,0,0,152.5,0,0,3,0,0,0,1000
8875,0,166,3000,500,1000,0,0,0,0,0,0,0,0,0,0,-145,1,0,0,0,152.5,0,0,3,0,0,0,1000
8876,0,167,3000,500,1000,0,0,0,0,0,0,0,0,0,0,-145,1,0,0,0,152.5,0,0,3,0,0,0,1000
8877,0,168,3000,500,1000,0,0,0,0,0,0,0,0,0,0,-145,1,0,0,0,152.5,0,0,3,0,0,0,1000
8878,0,169,3000,500,1000,0,0,0,0,0,0,0,0,0,0,-145,1,0,0,0,152.5,0,0,3,0,0,0,1000
8879,0,170,3000,500,1000,0,0,0,0,0,0,0,0,0,0,-145,1,0,0,0,152.5,0,0,3,0,0,0,1000
8880,0,171,3000,500,1000,0,0,0,0,0,0,0,0,0,0,-145,1,0,0,0,152.5,0,0,3,0,0,0,1000
8881,0,172,3000,500,1000,0,0,0,0,0,0,0,0,0,0,-145,1,0,0,0,152.5,0,0,3,0,0,0,1000
8882,0,173,3000,500,1000,0,0,0,0,0,0,0,0,0,0,-145,1,0,0,0,152.5,0,0,3,0,0,0,1000
8883,0,174,3000,500,1000,0,0,0,0,0,0,0,0,0,0,-145,1,0,0,0,152.5,0,0,3,0,0,0,1000
8884,0,175,3000,500,1000,0,0,0,0,0,0,0,0,0,0,-145,1,0,0,0,152.5,0,0,3,0,0,0,1000
8885,0,176,3000,500,1000,0,0,0,0,0,0,0,0,0,0,-145,1,0,0,0,152.5,0,0,3,0,0,0,1000
8886,0,177,3000,500,1000,0,0,0,0,0,0,0,0,0,0,-145,1,0,0,0,152.5,0,0,3,0,0,0,1000
8887,0,178,3000,500,1000,0,0,0,0,0,0,0,0,0,0,-145,1,0,0,0,152.5,0,0,3,0,0,0,1000
8888,0,179,3000,500,1000,0,0,0,0,0,0,0,0,0,0,-145,1,0,0,0,152.5,0,0,3,0,0,0,1000
8889,0,180,3000,500,1000,0,0,0,0,0,0,0,0,0,0,-145,1,0,0,0,152.5,0,0,3,0,0,0,1000
8890,0,181,3000,500,1000,0,0,0,0,0,0,0,0,0,0,-145,1,0,0,0,152.5,0,0,3,0,0,0,1000
8891,0,182,3000,500,1000,0,0,0,0,0,0,0,0,0,0,-145,1,0,0,0,152.5,0,0,3,0,0,0,1000
8892,0,183,3000,500,1000,0,0,0,0,0,0,0,0,0,0,-145,1,0,0,0,152.5,0,0,3,0,0,0,1000
8893,0,184,3000,500,1000,0,0,0,0,0,0,0,0,0,0,-145,1,0,0,0,152.5,0,0,3,0,0,0,1000
8894,0,185,3000,500,1000,0,0,0,0,0,0,0,0,0,0,-145,1,0,0,0,152.5,0,0,3,0,0,0,1000
8895,0,186,3000,500,1000,0,0,0,0,0,0,0,0,0,0,-145,1,0,0,0,152.5,0,0,3,0,0,0,1000
8896,0,187,3000,500,1000,0,0,0,0,0,0,0,0,0,0,-145,1,0,0,0,152.5,0,0,3,0,0,0,1000
8897,0,188,3000,500,1000,0,0,0,0,0,0,0,0,0,0,-145,1,0,0,0,152.5,0,0,3,0,0,0,1000
8898,0,189,3000,500,1000,0,0,0,0,0,0,0,0,0,0,-145,1,0,0,0,152.5,0,0,3,0,0,0,1000
8899,0,190,3000,500,1000,0,0,0,0,0,0,0,0,0,0,-145,1,0,0,0,152.5,0,0,3,0,0,0,1000
8900,0,191,3000,500,1000,0,0,0,0,0,0,0,0,0,0,-145,1,0,0,0,152.5,0,0,3,0,0,0,1000
8901,0,192,3000,500,1000,0,0,0,0,0,0,0,0,0,0,-145,1,0,0,0,152.5,0,0,3,0,0,0,1000
8902,0,193,3000,500,1000,0,0,0,0,0,0,0,0,0,0,-145,1,0,0,0,152.5,0,0,3,0,0,0,1000
8903,0,194,3000,500,1000,0,0,0,0,0,0,0,0,0,0,-145,1,0,0,0,152.5,0,0,3,0,0,0,1000
8904,0,195,3000,500,1000,0,0,0,0,0,0,0,0,0,0,-145,1,0,0,0,152.5,0,0,3,0,0,0,1000
8905,0,196,3000,500,1000,0,0,0,0,0,0,0,0,0,0,-145,1,0,0,0,152.5,0,0,3,0,0,0,1000
8906,0,197,3000,500,1000,0,0,0,0,0,0,0,0,0,0,-145,1,0,0,0,152.5,0,0,3,0,0,0,1000
8907,0,198,3000,500,1000,0,0,0,0,0,0,0,0,0,0,-145,1,0,0,0,152.5,0,0,3,0,0,0,1000
8908,0,199,3000,500,1000,0,0,0,0,0,0,0,0,0,0,-145,1,0,0,0,152.5,0,0,3,0,0,0,1000
8909,0,200,3000,500,1000,0,0,0,0,0,0,0,0,0,0,-145,1,0,0,0,152.5,0,0,3,0,0,0,1000
8910,0,201,3000,500,1000,0,0,0,0,0,0,0,0,0,0,-145,1,0,0,0,152.5,0,0,3,0,0,0,1000
8911,0,202,3000,500,1000,0,0,0,0,0,0,0,0,0,0,-145,1,0,0,0,152.5,0,0,3,0,0,0,1000
8912,0,203,3000,500,1000,0,0,0,0,0,0,0,0,0,0,-145,1,0,0,0,152.5,0,0,3,0,0,0,1000
8913,0,204,3000,500,1000,0,0,0,0,0,0,0,0,0,0,-145,1,0,0,0,152.5,0,0,3,0,0,0,1000
8914,0,205,3000,500,1000,0,0,0,0,0,0,0,0,0,0,-145,1,0,0,0,152.5,0,0,3,0,0,0,1000
8915,0,206,3000,500,1000,0,0,0,0,0,0,0,0,0,0,-145,1,0,0,0,152.5,0,0,3,0,0,0,1000
8916,0,207,3000,500,1000,0,0,0,0,0,0,0,0,0,0,-145,1,0,0,0,152.5,0,0,3,0,0,0,1000
8917,0,208,3000,500,1000,0,0,0,0,0,0,0,0,0,0,-145,1,0,0,0,152.5,0,0,3,0,0,0,1000
8918,0,209,3000,500,1000,0,0,0,0,0,0,0,0,0,0,-145,1,0,0,0,152.5,0,0,3,0,0,0,1000
8919,0,210,3000,500,1000,0,0,0,0,0,0,0,0,0,0,-145,1,0,0,0,152.5,0,0,3,0,0,0,1000
8920,0,211,3000,500,1000,0,0,0,0,0,0,0,0,0,0,-145,1,0,0,0,152.5,0,0,3,0,0,0,1000
8921,0,212,3000,500,1000,0,0,0,0,0,0,0,0,0,0,-145,1,0,0,0,152.5,0,0,3,0,0,0,1000
8922,0,213,3000,500,1000,0,0,0,0,0,0,0,0,0,0,-145,1,0,0,0,152.5,0,0,3,0,0,0,1000
8923,0,214,3000,500,1000,0,0,0,0,0,0,0,0,0,0,-145,1,0,0,0,152.5,0,0,3,0,0,0,1000
8924,0,215,3000,500,1000,0,0,0,0,0,0,0,0,0,0,-145,1,0,0,0,152.5,0,0,3,0,0,0,1000
8925,0,216,3000,500,1000,0,0,0,0,0,0,0,0,0,0,-145,1,0,0,0,152.5,0,0,3,0,0,0,1000
8926,0,217,3000,500,1000,0,0,0,0,0,0,0,0,0,0,-145,1,0,0,0,152.5,0,0,3,0,0,0,1000
8927,0,218,3000,500,1000,0,0,0,0,0,0,0,0,0,0,-145,1,0,0,0,152.5,0,0,3,0,0,0,1000
8928,0,219,3000,500,1000,0,0,0,0,0,0,0,0,0,0,-145,1,0,0,0,152.5,0,0,3,0,0,0,1000
8929,0,220,3000,500,1000,0,0,0,0,0,0,0,0,0,0,-145,1,0,0,0,152.5,0,0,3,0,0,0,1000
8930,0,221,3000,500,1000,0,0,0,0,0,0,0,0,0,0,-145,1,0,0,0,152.5,0,0,3,0,0,0,1000
8931,0,222,3000,500,1000,0,0,0,0,0,0,0,0,0,0,-145,1,0,0,0,152.5,0,0,3,0,0,0,1000
8932,0,223,3000,500,1000,0,0,0,0,0,0,0,0,0,0,-145,1,0,0,0,152.5,0,0,3,0,0,0,1000
8933,0,224,3000,500,1000,0,0,0,0,0,0,0,0,0,0,-145,1,0,0,0,152.5,0,0,3,0,0,0,1000
8934,0,225,3000,500,1000,0,0,0,0,0,0,0,0,0,0,-145,1,0,0,0,152.5,0,0,3,0,0,0,1000
8935,0,226,3000,500,1000,0,0,0,0,0,0,0,0,0,0,-145,1,0,0,0,152.5,0,0,3,0,0,0,1000
8936,0,227,3000,500,1000,0,0,0,0,0,0,0,0,0,0,-145,1,0,0,0,152.5,0,0,3,0,0,0,1000
8937,0,228,3000,500,1000,0,0,0,0,0,0,0,0,0,0,-145,1,0,0,0,152.5,0,0,3,0,0,0,1000
8938,0,229,3000,500,1000,0,0,0,0,0,0,0,0,0,0,-145,1,0,0,0,152.5,0,0,3,0,0,0,1000
8939,0,230,3000,500,1000,0,0,0,0,0,0,0,0,0,0,-145,1,0,0,0,152.5,0,0,3,0,0,0,1000
8940,0,231,3000,500,1000,0,0,0,0,0,0,0,0,0,0,-145,1,0,0,0,152.5,0,0,3,0,0,0,1000
8941,0,232,3000,500,1000,0,0,0,0,0,0,0,0,0,0,-145,1,0,0,0,152.5,0,0,3,0,0,0,1000
8942,0,233,3000,500,1000,0,0,0,0,0,0,0,0,0,0,-145,1,0,0,0,152.5,0,0,3,0,0,0,1000
8943,0,234,3000,500,1000,0,0,0,0,0,0,0,0,0,0,-145,1,0,0,0,152.5,0,0,3,0,0,0,1000
8944,0,235,3000,500,1000,0,0,0,0,0,0,0,0,0,0,-145,1,0,0,0,152.5,0,0,3,0,0,0,1000
8945,0,236,3000,500,1000,0,0,0,0,0,0,0,0,0,0,-145,1,0,0,0,152.5,0,0,3,0,0,0,1000
8946,0,237,3000,500,1000,0,0,0,0,0,0,0,0,0,0,-145,1,0,0,0,152.5,0,0,3,0,0,0,1000
8947,0,238,3000,500,1000,0,0,0,0,0,0,0,0,0,0,-145,1,0,0,0,152.5,0,0,3,0,0,0,1000
8948,0,239,3000,500,1000,0,0,0,0,0,0,0,0,0,0,-145,1,0,0,0,152.5,0,0,3,0,0,0,1000
8949,0,240,3000,500,1000,0,0,0,0,0,0,0,0,0,0,-145,1,0,0,0,152.5,0,0,3,0,0,0,1000
8950,0,241,3000,500,1000,0,0,0,0,0,0,0,0,0,0,-145,1,0,0,0,152.5,0,0,3,0,0,0,1000
8951,0,242,3000,500,1000,0,0,0,0,0,0,0,0,0,0,-145,1,0,0,0,152.5,0,0,3,0,0,0,1000
8952,0,243,3000,500,1000,0,0,0,0,0,0,0,0,0,0,-145,1,0,0,0,152.5,0,0,3,0,0,0,1000
8953,0,244,3000,500,1000,0,0,0,0,0,0,0,0,0,0,-145,1,0,0,0,152.5,0,0,3,0,0,0,1000
8954,0,245,3000,500,1000,0,0,0,0,0,0,0,0,0,0,-145,1,0,0,0,152.5,0,0,3,0,0,0,1000
8955,0,246,3000,500,1000,0,0,0,0,0,0,0,0,0,0,-145,1,0,0,0,152.5,0,0,3,0,0,0,1000
8956,0,247,3000,500,1000,0,0,0,0,0,0,0,0,0,0,-145,1,0,0,0,152.5,0,0,3,0,0,0,1000
8957,0,248,3000,500,1000,0,0,0,0,0,0,0,0,0,0,-145,1,0,0,0,152.5,0,0,3,0,0,0,1000
8958,0,249,3000,500,1000,0,0,0,0,0,0,0,0,0,0,-145,1,0,0,0,152.5,0,0,3,0,0,0,1000
8959,0,250,3000,500,1000,0,0,0,0,0,0,0,0,0,0,-145,1,0,0,0,152.5,0,0,3,0,0,0,1000
8960,0,251,3000,500,1000,0,0,0,0,0,0,0,0,0,0,-145,1,0,0,0,152.5,0,0,3,0,0,0,1000
8961,0,252,3000,500,1000,0,0,0,0,0,0,0,0,0,0,-145,1,0,0,0,152.5,0,0,3,0,0,0,1000
8962,0,253,3000,500,1000,0,0,0,0,0,0,0,0,0,0,-145,1,0,0,0,152.5,0,0,3,0,0,0,1000
8963,0,254,3000,500,1000,0,0,0,0,0,0,0,0,0,0,-145,1,0,0,0,152.5,0,0,3,0,0,0,1000
8964,0,255,3000,500,1000,0,0,0,0,0,0,0,0,0,0,-145,1,0,0,0,152.5,0,0,3,0,0,0,1000
8965,0,256,3000,500,1000,0,0,0,0,0,0,0,0,0,0,-145,1,0,0,0,152.5,0,0,3,0,0,0,1000
8966,0,257,3000,500,1000,0,0,0,0,0,0,0,0,0,0,-145,1,0,0,0,152.5,0,0,3,0,0,0,1000
8967,0,258,3000,500,1000,0,0,0,0,0,0,0,0,0,0,-145,1,0,0,0,152.5,0,0,3,0,0,0,1000
8968,0,259,3000,500,1000,0,0,0,0,0,0,0,0,0,0,-145,1,0,0,0,152.5,0,0,3,0,0,0,1000
8969,0,260,3000,500,1000,0,0,0,0,0,0,0,0,0,0,-145,1,0,0,0,152.5,0,0,3,0,0,0,1000
8970,0,261,3000,500,1000,0,0,0,0,0,0,0,0,0,0,-145,1,0,0,0,152.5,0,0,3,0,0,0,1000
8971,0,262,3000,500,1000,0,0,0,0,0,0,0,0,0,0,-145,1,0,0,0,152.5,0,0,3,0,0,0,1000
8972,0,263,3000,500,1000,0,0,0,0,0,0,0,0,0,0,-145,1,0,0,0,152.5,0,0,3,0,0,0,1000
8973,0,264,3000,500,1000,0,0,0,0,0,0,0,0,0,0,-145,1,0,0,0,152.5,0,0,3,0,0,0,1000
8974,0,265,3000,500,1000,0,0,0,0,0,0,0,0,0,0,-145,1,0,0,0,152.5,0,0,3,0,0,0,1000
8975,0,266,3000,500,1000,0,0,0,0,0,0,0,0,0,0,-145,1,0,0,0,152.5,0,0,3,0,0,0,1000
8976,0,267,3000,500,1000,0,0,0,0,0,0,0,0,0,0,-145,1,0,0,0,152.5,0,0,3,0,0,0,1000
8977,0,268,3000,500,1000,0,0,0,0,0,0,0,0,0,0,-145,1,0,0,0,152.5,0,0,3,0,0,0,1000
8978,0,269,3000,500,1000,0,0,0,0,0,0,0,0,0,0,-145,1,0,0,0,152.5,0,0,3,0,0,0,1000
8979,0,270,3000,500,1000,0,0,0,0,0,0,0,0,0,0,-145,1,0,0,0,152.5,0,0,3,0,0,0,1000
8980,0,271,3000,500,1000,0,0,0,0,0,0,0,0,0,0,-145,1,0,0,0,152.5,0,0,3,0,0,0,1000
8981,0,272,3000,500,1000,0,0,0,0,0,0,0,0,0,0,-145,1,0,0,0,152.5,0,0,3,0,0,0,1000
8982,0,273,3000,500,1000,0,0,0,0,0,0,0,0,0,0,-145,1,0,0,0,152.5,0,0,3,0,0,0,1000
8983,0,274,3000,500,1000,0,0,0,0,0,0,0,0,0,0,-145,1,0,0,0,152.5,0,0,3,0,0,0,1000
8984,0,275,3000,500,1000,0,0,0,0,0,0,0,0,0,0,-145,1,0,0,0,152.5,0,0,3,0,0,0,1000
8985,0,276,3000,500,1000,0,0,0,0,0,0,0,0,0,0,-145,1,0,0,0,152.5,0,0,3,0,0,0,1000
8986,0,277,3000,500,1000,0,0,0,0,0,0,0,0,0,0,-145,1,0,0,0,152.5,0,0,3,0,0,0,1000
8987,0,278,3000,500,1000,0,0,0,0,0,0,0,0,0,0,-145,1,0,0,0,152.5,0,0,3,0,0,0,1000
8988,0,279,3000,500,1000,0,0,0,0,0,0,0,0,0,0,-145,1,0,0,0,152.5,0,0,3,0,0,0,1000
8989,0,280,3000,500,1000,0,0,0,0,0,0,0,0,0,0,-145,1,0,0,0,152.5,0,0,3,0,0,0,1000
8990,0,281,3000,500,1000,0,0,0,0,0,0,0,0,0,0,-145,1,0,0,0,152.5,0,0,3,0,0,0,1000
8991,0,282,3000,500,1000,0,0,0,0,0,0,0,0,0,0,-145,1,0,0,0,152.5,0,0,3,0,0,0,1000
8992,0,283,3000,500,1000,0,0,0,0,0,0,0,0,0,0,-145,1,0,0,0,152.5,0,0,3,0,0,0,1000
8993,0,284,3000,500,1000,0,0,0,0,0,0,0,0,0,0,-145,1,0,0,0,152.5,0,0,3,0,0,0,1000
8994,0,285,3000,500,1000,0,0,0,0,0,0,0,0,0,0,-145,1,0,0,0,152.5,0,0,3,0,0,0,1000
8995,0,286,3000,500,1000,0,0,0,0,0,0,0,0,0,0,-145,1,0,0,0,152.5,0,0,3,0,0,0,1000
8996,0,287,3000,500,1000,0,0,0,0,0,0,0,0,0,0,-145,1,0,0,0,152.5,0,0,3,0,0,0,1000
8997,0,288,3000,500,1000,0,0,0,0,0,0,0,0,0,0,-145,1,0,0,0,152.5,0,0,3,0,0,0,1000
8998,0,289,3000,500,1000,0,0,0,0,0,0,0,0,0,0,-145,1,0,0,0,152.5,0,0,3,0,0,0,1000
8999,0,290,3000,500,1000,0,0,0,0,0,0,0,0,0,0,-145,1,0,0,0,152.5,0,0,3,0,0,0,1000
9000,0,291,3000,500,1000,0,0,0,0,0,0,0,0,0,0,-145,1,0,0,0,152.5,0,0,3,0,0,0,1000
